version,match_id,list_date,competition,match,selected_team,selected_side,line,water,grade,score,result_state,result,pnl_1u,result_source,settlement_status,decision_id,run_id,model_id,quote_at,last_confirmed_at,kickoff_at,hours_from_last_refresh_to_kickoff,is_morning_baseline,is_latest_valid_prematch,real_money
V4_SHADOW,3089263,2026-09-17,阿塞甲,西马尔 vs 古萨尔,,,,,,1-4,-1,,,D:\codex\v3_legacy\outputs\football_odds_trader\raw\titan007\20260918\20260918_074935_titan007_odds_snapshot.csv,MISSING_V4_SIDE_LINE_WATER_OR_TEAM,4255e20851600ca9196e,RUN_20260917_171030,v4-market-dirichlet-20260913,2026-09-17T17:10:30+08:00,2026-09-17T17:10:30+08:00,2026-09-17T20:30:00+08:00,3.325,False,False,False
V4_SHADOW,3089264,2026-09-17,马来A1联,达曼沙拿联 vs USM FC,达曼沙拿联,giving,-0.75,0.74,N,1-0,-1,HW,0.37,D:\codex\v3_legacy\outputs\football_odds_trader\raw\titan007\20260918\20260918_074935_titan007_odds_snapshot.csv,SETTLED,eb096b2ce369e84d245c,RUN_20260917_203052,v4-market-dirichlet-20260913,2026-09-17T20:30:52+08:00,2026-09-17T20:30:52+08:00,2026-09-17T20:45:00+08:00,0.236,False,True,False
V4_SHADOW,3090275,2026-09-17,世女杯U20,法国女足U20<font color=#880000>(中)</font> vs 加拿大女足U20,加拿大女足U20,receiving,0.25,0.89,N,1-3,-1,W,0.89,D:\codex\v3_legacy\outputs\football_odds_trader\raw\titan007\20260918\20260918_074935_titan007_odds_snapshot.csv,SETTLED,8e67d9b4091bf4371596,RUN_20260917_203052,v4-market-dirichlet-20260913,2026-09-17T20:30:52+08:00,2026-09-17T20:30:52+08:00,2026-09-17T21:00:00+08:00,0.486,False,True,False
V4_SHADOW,3091062,2026-09-17,世女杯U20,英格兰女足U20<font color=#880000>(中)</font> vs 尼日利亚女足U20,尼日利亚女足U20,receiving,0.75,0.87,N,0-3,-1,W,0.87,D:\codex\v3_legacy\outputs\football_odds_trader\raw\titan007\20260918\20260918_074935_titan007_odds_snapshot.csv,SETTLED,f948b7b071f212cbf7e2,RUN_20260917_203052,v4-market-dirichlet-20260913,2026-09-17T20:30:52+08:00,2026-09-17T20:30:52+08:00,2026-09-17T21:00:00+08:00,0.486,False,True,False
V4_SHADOW,3091609,2026-09-17,挪青杯,维京U19 vs 布兰U19,,,,,,1-1,-1,,,D:\codex\v3_legacy\outputs\football_odds_trader\raw\titan007\20260918\20260918_074935_titan007_odds_snapshot.csv,MISSING_V4_SIDE_LINE_WATER_OR_TEAM,eeb5e58134971a2b0fab,RUN_20260917_203052,v4-market-dirichlet-20260913,2026-09-17T20:30:52+08:00,2026-09-17T20:30:52+08:00,2026-09-17T21:00:00+08:00,0.486,False,False,False
V4_SHADOW,2933151,2026-09-17,乌兹超,纳曼干新春 vs 萨马尔罕迪纳摩,纳曼干新春,giving,-1.25,0.78,N,3-2,-1,HL,-0.5,D:\codex\v3_legacy\outputs\football_odds_trader\raw\titan007\20260918\20260918_074935_titan007_odds_snapshot.csv,SETTLED,47a59977c486a8aadfa8,RUN_20260917_203052,v4-market-dirichlet-20260913,2026-09-17T20:30:52+08:00,2026-09-17T20:30:52+08:00,2026-09-17T21:00:00+08:00,0.486,False,True,False
V4_SHADOW,3089697,2026-09-17,南运男足,阿根廷U19 vs 巴拉圭U19,,,,,,1-2,-1,,,D:\codex\v3_legacy\outputs\football_odds_trader\raw\titan007\20260918\20260918_074935_titan007_odds_snapshot.csv,MISSING_V4_SIDE_LINE_WATER_OR_TEAM,17b87682507d71f90a8a,RUN_20260917_203052,v4-market-dirichlet-20260913,2026-09-17T20:30:52+08:00,2026-09-17T20:30:52+08:00,2026-09-17T21:00:00+08:00,0.486,False,False,False
V4_SHADOW,3089659,2026-09-17,非青杯外,吉布提U20 vs 苏丹U20,,,,,,0-3,-1,,,D:\codex\v3_legacy\outputs\football_odds_trader\raw\titan007\20260918\20260918_074935_titan007_odds_snapshot.csv,MISSING_V4_SIDE_LINE_WATER_OR_TEAM,aaddccac91df0c323f7f,RUN_20260917_203052,v4-market-dirichlet-20260913,2026-09-17T20:30:52+08:00,2026-09-17T20:30:52+08:00,2026-09-17T21:00:00+08:00,0.486,False,False,False
V4_SHADOW,3091957,2026-09-17,卢旺达联,穆库尔 vs 卢旺达警察,,,,,,0-1,-1,,,D:\codex\v3_legacy\outputs\football_odds_trader\raw\titan007\20260918\20260918_074935_titan007_odds_snapshot.csv,MISSING_V4_SIDE_LINE_WATER_OR_TEAM,e2313c656971dbab8fcf,RUN_20260917_203052,v4-market-dirichlet-20260913,2026-09-17T20:30:52+08:00,2026-09-17T20:30:52+08:00,2026-09-17T21:00:00+08:00,0.486,False,False,False
V4_SHADOW,3091767,2026-09-17,布隆迪超,维塔罗 vs 艾格诺尔马卡巴,,,,,,3-2,-1,,,D:\codex\v3_legacy\outputs\football_odds_trader\raw\titan007\20260918\20260918_074935_titan007_odds_snapshot.csv,MISSING_V4_SIDE_LINE_WATER_OR_TEAM,7f24dcbe8ff88b81cf84,RUN_20260917_203052,v4-market-dirichlet-20260913,2026-09-17T20:30:52+08:00,2026-09-17T20:30:52+08:00,2026-09-17T21:00:00+08:00,0.486,False,False,False
V4_SHADOW,2952365,2026-09-17,塔吉克联,瓦赫什博赫塔尔 vs 塔吉克冶铝厂,,,,,,0-1,-1,,,D:\codex\v3_legacy\outputs\football_odds_trader\raw\titan007\20260918\20260918_074935_titan007_odds_snapshot.csv,MISSING_V4_SIDE_LINE_WATER_OR_TEAM,6853da3ba63dd00fb0ec,RUN_20260917_203052,v4-market-dirichlet-20260913,2026-09-17T20:30:52+08:00,2026-09-17T20:30:52+08:00,2026-09-17T21:00:00+08:00,0.486,False,False,False
V4_SHADOW,3091764,2026-09-17,格鲁丙,萨布塔罗提比利锡B队 vs WIT格鲁吉亚,,,,,,3-0,-1,,,D:\codex\v3_legacy\outputs\football_odds_trader\raw\titan007\20260918\20260918_074935_titan007_odds_snapshot.csv,MISSING_V4_SIDE_LINE_WATER_OR_TEAM,46546f5f216efa3764c3,RUN_20260917_171030,v4-market-dirichlet-20260913,2026-09-17T17:10:30+08:00,2026-09-17T17:10:30+08:00,2026-09-17T20:00:00+08:00,2.825,False,False,False
V4_SHADOW,3091952,2026-09-17,巴西南锦,潘塔纳尔U20 vs 马竞U20俱乐部,,,,,,8-0,-1,,,D:\codex\v3_legacy\outputs\football_odds_trader\raw\titan007\20260918\20260918_074935_titan007_odds_snapshot.csv,MISSING_V4_SIDE_LINE_WATER_OR_TEAM,ed2e64a1d6facf11a40f,RUN_20260917_203052,v4-market-dirichlet-20260913,2026-09-17T20:30:52+08:00,2026-09-17T20:30:52+08:00,2026-09-17T21:00:00+08:00,0.486,False,False,False
V4_SHADOW,3091954,2026-09-17,桑给超,卡维治斯 vs JKU FC,,,,,,1-1,-1,,,D:\codex\v3_legacy\outputs\football_odds_trader\raw\titan007\20260918\20260918_074935_titan007_odds_snapshot.csv,MISSING_V4_SIDE_LINE_WATER_OR_TEAM,ab4eda061a0603a79247,RUN_20260917_203052,v4-market-dirichlet-20260913,2026-09-17T20:30:52+08:00,2026-09-17T20:30:52+08:00,2026-09-17T21:00:00+08:00,0.486,False,False,False
V4_SHADOW,3091635,2026-09-17,伊拉甲,佩什梅加 vs 贾诺布,,,,,,1-0,-1,,,D:\codex\v3_legacy\outputs\football_odds_trader\raw\titan007\20260918\20260918_074935_titan007_odds_snapshot.csv,MISSING_V4_SIDE_LINE_WATER_OR_TEAM,4ff6b1a81d587cbb8c21,RUN_20260917_203052,v4-market-dirichlet-20260913,2026-09-17T20:30:52+08:00,2026-09-17T20:30:52+08:00,2026-09-17T21:00:00+08:00,0.486,False,False,False
V4_SHADOW,3091708,2026-09-17,伊拉甲,马萨菲 vs 纳弗祖鲁,,,,,,0-1,-1,,,D:\codex\v3_legacy\outputs\football_odds_trader\raw\titan007\20260918\20260918_074935_titan007_odds_snapshot.csv,MISSING_V4_SIDE_LINE_WATER_OR_TEAM,a59b76fbbee6ced1ac4d,RUN_20260917_203052,v4-market-dirichlet-20260913,2026-09-17T20:30:52+08:00,2026-09-17T20:30:52+08:00,2026-09-17T21:00:00+08:00,0.486,False,False,False
V4_SHADOW,3091711,2026-09-17,伊拉甲,阿尔胡森SC vs 巴格达,,,,,,2-0,-1,,,D:\codex\v3_legacy\outputs\football_odds_trader\raw\titan007\20260918\20260918_074935_titan007_odds_snapshot.csv,MISSING_V4_SIDE_LINE_WATER_OR_TEAM,b261db404400623774a1,RUN_20260917_203052,v4-market-dirichlet-20260913,2026-09-17T20:30:52+08:00,2026-09-17T20:30:52+08:00,2026-09-17T21:00:00+08:00,0.486,False,False,False
V4_SHADOW,3012304,2026-09-17,俄超,奥伦堡加索维克 vs 克拉斯诺达尔,奥伦堡加索维克,receiving,0.75,1.06,C,0-0,-1,W,1.06,D:\codex\v3_legacy\outputs\football_odds_trader\raw\titan007\20260918\20260918_074935_titan007_odds_snapshot.csv,SETTLED,38d220d6001180d65c84,RUN_20260917_203052,v4-market-dirichlet-20260913,2026-09-17T20:30:52+08:00,2026-09-17T20:30:52+08:00,2026-09-17T21:15:00+08:00,0.736,False,True,False
V4_SHADOW,3074092,2026-09-17,希腊杯,卡拉玛达 vs 拉里萨,卡拉玛达,giving,-0.5,0.87,N,1-1,-1,L,-1.0,D:\codex\v3_legacy\outputs\football_odds_trader\raw\titan007\20260918\20260918_074935_titan007_odds_snapshot.csv,SETTLED,74493a4fb8b7eaf62ab9,RUN_20260917_203052,v4-market-dirichlet-20260913,2026-09-17T20:30:52+08:00,2026-09-17T20:30:52+08:00,2026-09-17T21:30:00+08:00,0.986,False,True,False
V4_SHADOW,3089251,2026-09-17,埃及甲,El达克尔野 vs 特萨纳体育,El达克尔野,receiving,0.25,0.78,N,1-2,-1,L,-1.0,D:\codex\v3_legacy\outputs\football_odds_trader\raw\titan007\20260918\20260918_074935_titan007_odds_snapshot.csv,SETTLED,213696aa3e69325eefd0,RUN_20260917_203052,v4-market-dirichlet-20260913,2026-09-17T20:30:52+08:00,2026-09-17T20:30:52+08:00,2026-09-17T21:30:00+08:00,0.986,False,True,False
V4_SHADOW,3089252,2026-09-17,埃及甲,伊斯梅利 vs 哈伊赫多,,,,,,0-2,-1,,,D:\codex\v3_legacy\outputs\football_odds_trader\raw\titan007\20260918\20260918_074935_titan007_odds_snapshot.csv,MISSING_V4_SIDE_LINE_WATER_OR_TEAM,5b89b5d3a4c8845fd9a3,RUN_20260917_203052,v4-market-dirichlet-20260913,2026-09-17T20:30:52+08:00,2026-09-17T20:30:52+08:00,2026-09-17T21:30:00+08:00,0.986,False,False,False
V4_SHADOW,3089253,2026-09-17,埃及甲,曼苏拉 vs 开罗FC,曼苏拉,giving,-0.5,0.95,N,1-1,-1,L,-1.0,D:\codex\v3_legacy\outputs\football_odds_trader\raw\titan007\20260918\20260918_074935_titan007_odds_snapshot.csv,SETTLED,e8c56a750b770addb32c,RUN_20260917_203052,v4-market-dirichlet-20260913,2026-09-17T20:30:52+08:00,2026-09-17T20:30:52+08:00,2026-09-17T21:30:00+08:00,0.986,False,True,False
V4_SHADOW,3089254,2026-09-17,埃及甲,坦塔 vs 开罗纳萨,,,,,,1-0,-1,,,D:\codex\v3_legacy\outputs\football_odds_trader\raw\titan007\20260918\20260918_074935_titan007_odds_snapshot.csv,MISSING_V4_SIDE_LINE_WATER_OR_TEAM,5b703abd2a49209c51ce,RUN_20260917_203052,v4-market-dirichlet-20260913,2026-09-17T20:30:52+08:00,2026-09-17T20:30:52+08:00,2026-09-17T21:30:00+08:00,0.986,False,False,False
V4_SHADOW,3091381,2026-09-17,阿联U21,沙巴柏杜拜U21 vs 詹辛拉U21,,,,,,3-0,-1,,,D:\codex\v3_legacy\outputs\football_odds_trader\raw\titan007\20260918\20260918_074935_titan007_odds_snapshot.csv,MISSING_V4_SIDE_LINE_WATER_OR_TEAM,99b0430688db6c4d885c,RUN_20260917_203052,v4-market-dirichlet-20260913,2026-09-17T20:30:52+08:00,2026-09-17T20:30:52+08:00,2026-09-17T21:30:00+08:00,0.986,False,False,False
V4_SHADOW,3091382,2026-09-17,阿联U21,瓦斯尔迪拜U21 vs 阿拉比乌姆U21,,,,,,5-0,-1,,,D:\codex\v3_legacy\outputs\football_odds_trader\raw\titan007\20260918\20260918_074935_titan007_odds_snapshot.csv,MISSING_V4_SIDE_LINE_WATER_OR_TEAM,db6d331ed23e3b7a01e5,RUN_20260917_203052,v4-market-dirichlet-20260913,2026-09-17T20:30:52+08:00,2026-09-17T20:30:52+08:00,2026-09-17T21:30:00+08:00,0.986,False,False,False
V4_SHADOW,3091383,2026-09-17,阿联U21,阿尔富吉拉U21 vs 酋长U21,,,,,,1-1,-1,,,D:\codex\v3_legacy\outputs\football_odds_trader\raw\titan007\20260918\20260918_074935_titan007_odds_snapshot.csv,MISSING_V4_SIDE_LINE_WATER_OR_TEAM,39982b067e9da9a58e1a,RUN_20260917_203052,v4-market-dirichlet-20260913,2026-09-17T20:30:52+08:00,2026-09-17T20:30:52+08:00,2026-09-17T21:30:00+08:00,0.986,False,False,False
V4_SHADOW,3091454,2026-09-17,阿联U21,马迪纳特FC U21 vs 泰德U21,,,,,,0-14,-1,,,D:\codex\v3_legacy\outputs\football_odds_trader\raw\titan007\20260918\20260918_074935_titan007_odds_snapshot.csv,MISSING_V4_SIDE_LINE_WATER_OR_TEAM,ce676e4905fb272fab72,RUN_20260917_203052,v4-market-dirichlet-20260913,2026-09-17T20:30:52+08:00,2026-09-17T20:30:52+08:00,2026-09-17T21:30:00+08:00,0.986,False,False,False
V4_SHADOW,3091380,2026-09-17,阿联U21,般尼亚斯U21 vs 沙哈马U21,,,,,,4-0,-1,,,D:\codex\v3_legacy\outputs\football_odds_trader\raw\titan007\20260918\20260918_074935_titan007_odds_snapshot.csv,MISSING_V4_SIDE_LINE_WATER_OR_TEAM,84a8f36a9fb3602b8147,RUN_20260917_203052,v4-market-dirichlet-20260913,2026-09-17T20:30:52+08:00,2026-09-17T20:30:52+08:00,2026-09-17T21:35:00+08:00,1.069,False,False,False
V4_SHADOW,3021993,2026-09-17,俄甲,伊凡诺沃 vs 伏尔加格勒,伊凡诺沃,receiving,0.5,0.84,N,0-2,-1,L,-1.0,D:\codex\v3_legacy\outputs\football_odds_trader\raw\titan007\20260918\20260918_074935_titan007_odds_snapshot.csv,SETTLED,37d1ac9d242f47a62d10,RUN_20260917_203052,v4-market-dirichlet-20260913,2026-09-17T20:30:52+08:00,2026-09-17T20:30:52+08:00,2026-09-17T22:00:00+08:00,1.486,False,True,False
V4_SHADOW,2953377,2026-09-17,哈萨克超,阿斯塔纳 vs 阿拉木图凯拉特,,,,,,1-0,-1,,,D:\codex\v3_legacy\outputs\football_odds_trader\raw\titan007\20260918\20260918_074935_titan007_odds_snapshot.csv,MISSING_V4_SIDE_LINE_WATER_OR_TEAM,60077ecc6d92eb221913,RUN_20260917_203052,v4-market-dirichlet-20260913,2026-09-17T20:30:52+08:00,2026-09-17T20:30:52+08:00,2026-09-17T22:00:00+08:00,1.486,False,False,False
V4_SHADOW,2953380,2026-09-17,哈萨克超,杜堡尔 vs 叶利迈塞米,叶利迈塞米,receiving,0.25,0.86,N,0-2,-1,W,0.86,D:\codex\v3_legacy\outputs\football_odds_trader\raw\titan007\20260918\20260918_074935_titan007_odds_snapshot.csv,SETTLED,af96684425f959f9d4cd,RUN_20260917_203052,v4-market-dirichlet-20260913,2026-09-17T20:30:52+08:00,2026-09-17T20:30:52+08:00,2026-09-17T22:00:00+08:00,1.486,False,True,False
V4_SHADOW,3050256,2026-09-17,塞尔甲,格拉菲卡贝尔格莱德 vs 博尔1919,,neutral,,,,3-0,-1,,,D:\codex\v3_legacy\outputs\football_odds_trader\raw\titan007\20260918\20260918_074935_titan007_odds_snapshot.csv,MISSING_V4_SIDE_LINE_WATER_OR_TEAM,8da332fb219a92eeb1d0,RUN_20260917_203052,v4-market-dirichlet-20260913,2026-09-17T20:30:52+08:00,2026-09-17T20:30:52+08:00,2026-09-17T22:00:00+08:00,1.486,False,False,False
V4_SHADOW,3091724,2026-09-17,塞尔女甲,ZFK TSC女足 vs 斯巴达苏波迪查女足,,,,,,1-0,-1,,,D:\codex\v3_legacy\outputs\football_odds_trader\raw\titan007\20260918\20260918_074935_titan007_odds_snapshot.csv,MISSING_V4_SIDE_LINE_WATER_OR_TEAM,2a11e501db56abcabc97,RUN_20260917_203052,v4-market-dirichlet-20260913,2026-09-17T20:30:52+08:00,2026-09-17T20:30:52+08:00,2026-09-17T22:00:00+08:00,1.486,False,False,False
V4_SHADOW,3091781,2026-09-17,阿后备,拉马德里后备队 vs 南埃斯特雷拉后备队,,,,,,1-3,-1,,,D:\codex\v3_legacy\outputs\football_odds_trader\raw\titan007\20260918\20260918_074935_titan007_odds_snapshot.csv,MISSING_V4_SIDE_LINE_WATER_OR_TEAM,e3c73c63ba002288f44e,RUN_20260917_203052,v4-market-dirichlet-20260913,2026-09-17T20:30:52+08:00,2026-09-17T20:30:52+08:00,2026-09-17T22:00:00+08:00,1.486,False,False,False
V4_SHADOW,3091782,2026-09-17,阿后备,拉费雷尔后备队 vs 多科苏德体育会后备队,,,,,,1-2,-1,,,D:\codex\v3_legacy\outputs\football_odds_trader\raw\titan007\20260918\20260918_074935_titan007_odds_snapshot.csv,MISSING_V4_SIDE_LINE_WATER_OR_TEAM,d92570c09879b93c3b25,RUN_20260917_203052,v4-market-dirichlet-20260913,2026-09-17T20:30:52+08:00,2026-09-17T20:30:52+08:00,2026-09-17T22:00:00+08:00,1.486,False,False,False
V4_SHADOW,3091546,2026-09-17,吉尔超联,FK藻比什凯克 vs FK卡拉巴尔塔,,,,,,0-0,-1,,,D:\codex\v3_legacy\outputs\football_odds_trader\raw\titan007\20260918\20260918_074935_titan007_odds_snapshot.csv,MISSING_V4_SIDE_LINE_WATER_OR_TEAM,7b7c8691b4ffa4a3caaf,RUN_20260917_203052,v4-market-dirichlet-20260913,2026-09-17T20:30:52+08:00,2026-09-17T20:30:52+08:00,2026-09-17T22:00:00+08:00,1.486,False,False,False
V4_SHADOW,3091452,2026-09-17,国际友谊,乌兹别克女足U17 vs 吉尔吉斯坦女足U17,,,,,,0-0,-1,,,D:\codex\v3_legacy\outputs\football_odds_trader\raw\titan007\20260918\20260918_074935_titan007_odds_snapshot.csv,MISSING_V4_SIDE_LINE_WATER_OR_TEAM,a04bf06e65dd4a0710f5,RUN_20260917_203052,v4-market-dirichlet-20260913,2026-09-17T20:30:52+08:00,2026-09-17T20:30:52+08:00,2026-09-17T22:00:00+08:00,1.486,False,False,False
V4_SHADOW,3074482,2026-09-17,乌干超,人民国防军 vs 马鲁,,,,,,1-0,-1,,,D:\codex\v3_legacy\outputs\football_odds_trader\raw\titan007\20260918\20260918_074935_titan007_odds_snapshot.csv,MISSING_V4_SIDE_LINE_WATER_OR_TEAM,095882cde9f28d305834,RUN_20260917_203052,v4-market-dirichlet-20260913,2026-09-17T20:30:52+08:00,2026-09-17T20:30:52+08:00,2026-09-17T21:00:00+08:00,0.486,False,False,False
V4_SHADOW,3091790,2026-09-17,阿后备,波多黎各努埃沃后备队 vs 鲁祖尼后备队,,,,,,0-2,-1,,,D:\codex\v3_legacy\outputs\football_odds_trader\raw\titan007\20260918\20260918_074935_titan007_odds_snapshot.csv,MISSING_V4_SIDE_LINE_WATER_OR_TEAM,7bb26f04841bc6b1610b,RUN_20260917_203052,v4-market-dirichlet-20260913,2026-09-17T20:30:52+08:00,2026-09-17T20:30:52+08:00,2026-09-17T22:00:00+08:00,1.486,False,False,False
V4_SHADOW,3091565,2026-09-17,黑山U19,布杜康斯特U19 vs 彼德罗瓦茨U19,,,,,,6-0,-1,,,D:\codex\v3_legacy\outputs\football_odds_trader\raw\titan007\20260918\20260918_074935_titan007_odds_snapshot.csv,MISSING_V4_SIDE_LINE_WATER_OR_TEAM,0afb5887c169983b3d95,RUN_20260917_203052,v4-market-dirichlet-20260913,2026-09-17T20:30:52+08:00,2026-09-17T20:30:52+08:00,2026-09-17T22:00:00+08:00,1.486,False,False,False
V4_SHADOW,3006188,2026-09-17,黑山乙,吉斯科普 vs 泽塔,吉斯科普,giving,-0.25,0.83,N,3-3,-1,HL,-0.5,D:\codex\v3_legacy\outputs\football_odds_trader\raw\titan007\20260918\20260918_074935_titan007_odds_snapshot.csv,SETTLED,40b9215d06580006e24c,RUN_20260917_222746,v4-market-dirichlet-20260913,2026-09-17T22:27:46+08:00,2026-09-17T22:27:46+08:00,2026-09-17T22:30:00+08:00,0.037,False,True,False
V4_SHADOW,3091582,2026-09-17,北马女联,斯特鲁加女足 vs 比托拉女足,,,,,,0-1,-1,,,D:\codex\v3_legacy\outputs\football_odds_trader\raw\titan007\20260918\20260918_074935_titan007_odds_snapshot.csv,MISSING_V4_SIDE_LINE_WATER_OR_TEAM,a845a96b1ad6f43f3a70,RUN_20260917_222746,v4-market-dirichlet-20260913,2026-09-17T22:27:46+08:00,2026-09-17T22:27:46+08:00,2026-09-17T22:30:00+08:00,0.037,False,False,False
V4_SHADOW,3074089,2026-09-17,希腊杯,AEK雅典 vs 潘塞莱科斯,AEK雅典,giving,-2.75,0.89,B,8-1,-1,W,0.89,D:\codex\v3_legacy\outputs\football_odds_trader\raw\titan007\20260918\20260918_074935_titan007_odds_snapshot.csv,SETTLED,22127640bb8bb1603c30,RUN_20260917_222746,v4-market-dirichlet-20260913,2026-09-17T22:27:46+08:00,2026-09-17T22:27:46+08:00,2026-09-17T22:45:00+08:00,0.287,False,True,False
V4_SHADOW,2953376,2026-09-17,哈萨克超,阿迪拿奥 vs 奥达巴斯,阿迪拿奥,receiving,1.0,1.05,C,0-3,-1,L,-1.0,D:\codex\v3_legacy\outputs\football_odds_trader\raw\titan007\20260918\20260918_074935_titan007_odds_snapshot.csv,SETTLED,7a0508d5f9bf35956957,RUN_20260917_222746,v4-market-dirichlet-20260913,2026-09-17T22:27:46+08:00,2026-09-17T22:27:46+08:00,2026-09-17T23:00:00+08:00,0.537,False,True,False
V4_SHADOW,3091610,2026-09-17,挪青杯,斯塔贝克U19 vs 利勒斯特罗姆U19,,,,,,2-1,-1,,,D:\codex\v3_legacy\outputs\football_odds_trader\raw\titan007\20260918\20260918_074935_titan007_odds_snapshot.csv,MISSING_V4_SIDE_LINE_WATER_OR_TEAM,1912a4ceb224297b1eaa,RUN_20260917_222746,v4-market-dirichlet-20260913,2026-09-17T22:27:46+08:00,2026-09-17T22:27:46+08:00,2026-09-17T23:00:00+08:00,0.537,False,False,False
V4_SHADOW,3074933,2026-09-17,以乙南,辛桑特拉维夫 vs 夏普尔霍,辛桑特拉维夫,giving,-0.5,0.9,N,3-1,-1,W,0.9,D:\codex\v3_legacy\outputs\football_odds_trader\raw\titan007\20260918\20260918_074935_titan007_odds_snapshot.csv,SETTLED,a62dafdaf41e1ace5cc9,RUN_20260917_222746,v4-market-dirichlet-20260913,2026-09-17T22:27:46+08:00,2026-09-17T22:27:46+08:00,2026-09-17T23:00:00+08:00,0.537,False,True,False
V4_SHADOW,3081601,2026-09-17,尼日超,埃努古流浪者 vs 纳莎拉瓦,埃努古流浪者,giving,-0.75,0.79,N,,3,,,D:\codex\v3_legacy\outputs\football_odds_trader\raw\titan007\20260918\20260918_155806_titan007_odds_snapshot.csv,NOT_FINAL_STATE_3,da10e8edc4834043909e,RUN_20260917_222746,v4-market-dirichlet-20260913,2026-09-17T22:27:46+08:00,2026-09-17T22:27:46+08:00,2026-09-17T23:00:00+08:00,0.537,False,True,False
V4_SHADOW,2966264,2026-09-17,俄乙B西,沃洛格达迪纳摩 vs 莫斯科斯巴达B队,,,,,,0-0,-1,,,D:\codex\v3_legacy\outputs\football_odds_trader\raw\titan007\20260918\20260918_074935_titan007_odds_snapshot.csv,MISSING_V4_SIDE_LINE_WATER_OR_TEAM,733bd0a514238965adaa,RUN_20260917_222746,v4-market-dirichlet-20260913,2026-09-17T22:27:46+08:00,2026-09-17T22:27:46+08:00,2026-09-17T23:00:00+08:00,0.537,False,False,False
V4_SHADOW,3091549,2026-09-17,芬K联,图伦泰斯图 vs HPS B队,,,,,,2-3,-1,,,D:\codex\v3_legacy\outputs\football_odds_trader\raw\titan007\20260918\20260918_074935_titan007_odds_snapshot.csv,MISSING_V4_SIDE_LINE_WATER_OR_TEAM,e767a8fbf524311fd08f,RUN_20260917_222746,v4-market-dirichlet-20260913,2026-09-17T22:27:46+08:00,2026-09-17T22:27:46+08:00,2026-09-17T23:00:00+08:00,0.537,False,False,False
V4_SHADOW,3091556,2026-09-17,芬K联,尼卡勒比 vs LBK,,,,,,2-1,-1,,,D:\codex\v3_legacy\outputs\football_odds_trader\raw\titan007\20260918\20260918_074935_titan007_odds_snapshot.csv,MISSING_V4_SIDE_LINE_WATER_OR_TEAM,ef4dbfa67534407757f4,RUN_20260917_222746,v4-market-dirichlet-20260913,2026-09-17T22:27:46+08:00,2026-09-17T22:27:46+08:00,2026-09-17T23:00:00+08:00,0.537,False,False,False
V4_SHADOW,3091783,2026-09-17,阿后备,梅洛小阿根廷后备队 vs 卡米尼罗斯后备队,,,,,,1-1,-1,,,D:\codex\v3_legacy\outputs\football_odds_trader\raw\titan007\20260918\20260918_074935_titan007_odds_snapshot.csv,MISSING_V4_SIDE_LINE_WATER_OR_TEAM,02d0775dc898916e4e99,RUN_20260917_222746,v4-market-dirichlet-20260913,2026-09-17T22:27:46+08:00,2026-09-17T22:27:46+08:00,2026-09-17T23:00:00+08:00,0.537,False,False,False
V4_SHADOW,3091784,2026-09-17,阿后备,阿特兰大竞技后备队 vs 卡塞罗斯学生队后备队,,,,,,1-1,-1,,,D:\codex\v3_legacy\outputs\football_odds_trader\raw\titan007\20260918\20260918_074935_titan007_odds_snapshot.csv,MISSING_V4_SIDE_LINE_WATER_OR_TEAM,e632d9e10ac47633678e,RUN_20260917_222746,v4-market-dirichlet-20260913,2026-09-17T22:27:46+08:00,2026-09-17T22:27:46+08:00,2026-09-17T23:00:00+08:00,0.537,False,False,False
V4_SHADOW,3091760,2026-09-17,格鲁丙,戈尼奥 vs 第比利斯2025,,,,,,1-0,-1,,,D:\codex\v3_legacy\outputs\football_odds_trader\raw\titan007\20260918\20260918_074935_titan007_odds_snapshot.csv,MISSING_V4_SIDE_LINE_WATER_OR_TEAM,636d95246bad024e5429,RUN_20260917_222746,v4-market-dirichlet-20260913,2026-09-17T22:27:46+08:00,2026-09-17T22:27:46+08:00,2026-09-17T23:00:00+08:00,0.537,False,False,False
V4_SHADOW,3091640,2026-09-17,伊拉甲,艾纳加弗 vs 阿尔法赫德,,,,,,1-0,-1,,,D:\codex\v3_legacy\outputs\football_odds_trader\raw\titan007\20260918\20260918_074935_titan007_odds_snapshot.csv,MISSING_V4_SIDE_LINE_WATER_OR_TEAM,7dcf62b0eed73ad9447b,RUN_20260917_222746,v4-market-dirichlet-20260913,2026-09-17T22:27:46+08:00,2026-09-17T22:27:46+08:00,2026-09-17T23:00:00+08:00,0.537,False,False,False
V4_SHADOW,3012299,2026-09-17,俄超,阿克伦陶里亚蒂 vs 格罗兹尼特里克,阿克伦陶里亚蒂,receiving,0.25,0.82,N,2-0,-1,W,0.82,D:\codex\v3_legacy\outputs\football_odds_trader\raw\titan007\20260918\20260918_074935_titan007_odds_snapshot.csv,SETTLED,4174406f9e1147655e2b,RUN_20260917_222746,v4-market-dirichlet-20260913,2026-09-17T22:27:46+08:00,2026-09-17T22:27:46+08:00,2026-09-17T23:30:00+08:00,1.037,False,True,False
V4_SHADOW,3012302,2026-09-17,俄超,罗斯托夫 vs 莫斯科迪纳摩,罗斯托夫,receiving,0.25,1.06,C,0-3,-1,L,-1.0,D:\codex\v3_legacy\outputs\football_odds_trader\raw\titan007\20260918\20260918_074935_titan007_odds_snapshot.csv,SETTLED,09ad90d3d226d1fdd109,RUN_20260917_222746,v4-market-dirichlet-20260913,2026-09-17T22:27:46+08:00,2026-09-17T22:27:46+08:00,2026-09-17T23:30:00+08:00,1.037,False,True,False
V4_SHADOW,2966497,2026-09-17,俄乙B中,奥耶尔 vs 舒姆布拉特萨兰斯克,,,,,,0-2,-1,,,D:\codex\v3_legacy\outputs\football_odds_trader\raw\titan007\20260918\20260918_074935_titan007_odds_snapshot.csv,MISSING_V4_SIDE_LINE_WATER_OR_TEAM,2f59415f92cdcd7f3f83,RUN_20260917_222746,v4-market-dirichlet-20260913,2026-09-17T22:27:46+08:00,2026-09-17T22:27:46+08:00,2026-09-17T23:30:00+08:00,1.037,False,False,False
V4_SHADOW,3071908,2026-09-17,伊拉联,卡克 vs 纳夫特米桑,,,,,,3-2,-1,,,D:\codex\v3_legacy\outputs\football_odds_trader\raw\titan007\20260918\20260918_074935_titan007_odds_snapshot.csv,MISSING_V4_SIDE_LINE_WATER_OR_TEAM,56bc796b04192a9f595b,RUN_20260917_222746,v4-market-dirichlet-20260913,2026-09-17T22:27:46+08:00,2026-09-17T22:27:46+08:00,2026-09-17T23:45:00+08:00,1.287,False,False,False
V4_SHADOW,3091638,2026-09-17,芬K联,米普 vs KJP,,,,,,2-2,-1,,,D:\codex\v3_legacy\outputs\football_odds_trader\raw\titan007\20260918\20260918_074935_titan007_odds_snapshot.csv,MISSING_V4_SIDE_LINE_WATER_OR_TEAM,55032597373771bc6031,RUN_20260917_222746,v4-market-dirichlet-20260913,2026-09-17T22:27:46+08:00,2026-09-17T22:27:46+08:00,2026-09-17T23:45:00+08:00,1.287,False,False,False
V4_SHADOW,2913953,2026-09-17,挪女超,罗森博格女足 vs 斯塔贝克女足,罗森博格女足,giving,-1.25,0.87,N,4-2,-1,W,0.87,D:\codex\v3_legacy\outputs\football_odds_trader\raw\titan007\20260918\20260918_074935_titan007_odds_snapshot.csv,SETTLED,bf81cb0118570b302058,RUN_20260917_222746,v4-market-dirichlet-20260913,2026-09-17T22:27:46+08:00,2026-09-17T22:27:46+08:00,2026-09-18T00:00:00+08:00,1.537,False,True,False
V4_SHADOW,2913954,2026-09-17,挪女超,瓦勒伦加女足 vs 侯治森华特女足,侯治森华特女足,receiving,2.0,0.97,N,2-1,-1,W,0.97,D:\codex\v3_legacy\outputs\football_odds_trader\raw\titan007\20260918\20260918_074935_titan007_odds_snapshot.csv,SETTLED,5bb6564dfb8315cf4584,RUN_20260917_222746,v4-market-dirichlet-20260913,2026-09-17T22:27:46+08:00,2026-09-17T22:27:46+08:00,2026-09-18T00:00:00+08:00,1.537,False,True,False
V4_SHADOW,3084248,2026-09-17,挪威杯,斯吉德 vs 瓦勒伦加,斯吉德,receiving,1.75,0.97,N,1-4,-1,L,-1.0,D:\codex\v3_legacy\outputs\football_odds_trader\raw\titan007\20260918\20260918_074935_titan007_odds_snapshot.csv,SETTLED,93cb98d7a2a837af4563,RUN_20260917_222746,v4-market-dirichlet-20260913,2026-09-17T22:27:46+08:00,2026-09-17T22:27:46+08:00,2026-09-18T00:00:00+08:00,1.537,False,True,False
V4_SHADOW,3021990,2026-09-17,俄甲,下诺夫哥罗德 vs 列宁格勒达,列宁格勒达,receiving,1.25,0.92,N,6-0,-1,L,-1.0,D:\codex\v3_legacy\outputs\football_odds_trader\raw\titan007\20260918\20260918_074935_titan007_odds_snapshot.csv,SETTLED,57af926acf8b1f104108,RUN_20260917_222746,v4-market-dirichlet-20260913,2026-09-17T22:27:46+08:00,2026-09-17T22:27:46+08:00,2026-09-18T00:00:00+08:00,1.537,False,True,False
V4_SHADOW,3021994,2026-09-17,俄甲,莫斯科鱼雷 vs 韦莱斯,韦莱斯,receiving,0.75,0.84,N,1-1,-1,W,0.84,D:\codex\v3_legacy\outputs\football_odds_trader\raw\titan007\20260918\20260918_074935_titan007_odds_snapshot.csv,SETTLED,2cdc315cc4d4681ac5db,RUN_20260917_222746,v4-market-dirichlet-20260913,2026-09-17T22:27:46+08:00,2026-09-17T22:27:46+08:00,2026-09-18T00:00:00+08:00,1.537,False,True,False
V4_SHADOW,3084318,2026-09-17,土杯,奥特士邦 vs 托鲁尔市青年,,,,,,10-0,-1,,,D:\codex\v3_legacy\outputs\football_odds_trader\raw\titan007\20260918\20260918_074935_titan007_odds_snapshot.csv,MISSING_V4_SIDE_LINE_WATER_OR_TEAM,533a9354be51da53eb96,RUN_20260917_222746,v4-market-dirichlet-20260913,2026-09-17T22:27:46+08:00,2026-09-17T22:27:46+08:00,2026-09-18T00:00:00+08:00,1.537,False,False,False
V4_SHADOW,3091585,2026-09-17,非青U17,利比里亚U17 vs 冈比亚U17,,,,,,1-2,-1,,,D:\codex\v3_legacy\outputs\football_odds_trader\raw\titan007\20260918\20260918_074935_titan007_odds_snapshot.csv,MISSING_V4_SIDE_LINE_WATER_OR_TEAM,d1a7c9dc00faf53aab39,RUN_20260917_222746,v4-market-dirichlet-20260913,2026-09-17T22:27:46+08:00,2026-09-17T22:27:46+08:00,2026-09-18T00:00:00+08:00,1.537,False,False,False
V4_SHADOW,3085757,2026-09-17,约超联,多格拉<font color=#880000>(中)</font> vs 艾沙尔特,多格拉<font color=#880000>(中)</font>,receiving,0.25,1.05,C,2-0,-1,W,1.05,D:\codex\v3_legacy\outputs\football_odds_trader\raw\titan007\20260918\20260918_074935_titan007_odds_snapshot.csv,SETTLED,45a567dd22451128891b,RUN_20260917_222746,v4-market-dirichlet-20260913,2026-09-17T22:27:46+08:00,2026-09-17T22:27:46+08:00,2026-09-18T00:00:00+08:00,1.537,False,True,False
V4_SHADOW,2931376,2026-09-17,爱沙甲,塔林利瓦迪亚 vs 潭美卡,,,,,,6-0,-1,,,D:\codex\v3_legacy\outputs\football_odds_trader\raw\titan007\20260918\20260918_074935_titan007_odds_snapshot.csv,MISSING_V4_SIDE_LINE_WATER_OR_TEAM,b4fa4397f72b2b8eee5e,RUN_20260917_222746,v4-market-dirichlet-20260913,2026-09-17T22:27:46+08:00,2026-09-17T22:27:46+08:00,2026-09-18T00:00:00+08:00,1.537,False,False,False
V4_SHADOW,2924099,2026-09-17,格鲁甲,伊比利亚1999 vs 哥里迪拉,哥里迪拉,receiving,0.25,0.87,N,2-1,-1,L,-1.0,D:\codex\v3_legacy\outputs\football_odds_trader\raw\titan007\20260918\20260918_074935_titan007_odds_snapshot.csv,SETTLED,9dd3df6d8882c0d80eba,RUN_20260917_222746,v4-market-dirichlet-20260913,2026-09-17T22:27:46+08:00,2026-09-17T22:27:46+08:00,2026-09-18T00:00:00+08:00,1.537,False,True,False
V4_SHADOW,3001827,2026-09-17,以甲,特拉维夫叶胡达 vs 赫兹立亚马卡比,赫兹立亚马卡比,receiving,1.0,1.05,C,1-1,-1,W,1.05,D:\codex\v3_legacy\outputs\football_odds_trader\raw\titan007\20260918\20260918_074935_titan007_odds_snapshot.csv,SETTLED,fb8756170d48f9941e30,RUN_20260917_222746,v4-market-dirichlet-20260913,2026-09-17T22:27:46+08:00,2026-09-17T22:27:46+08:00,2026-09-18T00:00:00+08:00,1.537,False,True,False
V4_SHADOW,3001828,2026-09-17,以甲,阿富拉夏普尔 vs 夏雷姆,,,,,,3-3,-1,,,D:\codex\v3_legacy\outputs\football_odds_trader\raw\titan007\20260918\20260918_074935_titan007_odds_snapshot.csv,MISSING_V4_SIDE_LINE_WATER_OR_TEAM,e4e769e70d60c3ce5657,RUN_20260917_222746,v4-market-dirichlet-20260913,2026-09-17T22:27:46+08:00,2026-09-17T22:27:46+08:00,2026-09-18T00:00:00+08:00,1.537,False,False,False
V4_SHADOW,3001829,2026-09-17,以甲,拉那那夏普尔 vs 凯尔耶特,凯尔耶特,receiving,0.5,0.81,N,0-1,-1,W,0.81,D:\codex\v3_legacy\outputs\football_odds_trader\raw\titan007\20260918\20260918_074935_titan007_odds_snapshot.csv,SETTLED,482dfdd42e213afcd64d,RUN_20260917_222746,v4-market-dirichlet-20260913,2026-09-17T22:27:46+08:00,2026-09-17T22:27:46+08:00,2026-09-18T00:00:00+08:00,1.537,False,True,False
V4_SHADOW,3001830,2026-09-17,以甲,奇亚亚蒙SC vs 莫迪恩,莫迪恩,receiving,0.75,0.83,N,3-2,-1,HL,-0.5,D:\codex\v3_legacy\outputs\football_odds_trader\raw\titan007\20260918\20260918_074935_titan007_odds_snapshot.csv,SETTLED,0b83b78a6eecb08badd9,RUN_20260917_222746,v4-market-dirichlet-20260913,2026-09-17T22:27:46+08:00,2026-09-17T22:27:46+08:00,2026-09-18T00:00:00+08:00,1.537,False,True,False
V4_SHADOW,3001831,2026-09-17,以甲,卡比利奥马卡比 vs 麦卡比,麦卡比,giving,-0.75,0.95,N,0-2,-1,W,0.95,D:\codex\v3_legacy\outputs\football_odds_trader\raw\titan007\20260918\20260918_074935_titan007_odds_snapshot.csv,SETTLED,e20f195f6f22a3f8a885,RUN_20260917_222746,v4-market-dirichlet-20260913,2026-09-17T22:27:46+08:00,2026-09-17T22:27:46+08:00,2026-09-18T00:00:00+08:00,1.537,False,True,False
V4_SHADOW,3001832,2026-09-17,以甲,阿基纳扎力 vs 阿卡夏普尔,阿基纳扎力,giving,-1.0,0.72,N,1-0,-1,P,0.0,D:\codex\v3_legacy\outputs\football_odds_trader\raw\titan007\20260918\20260918_074935_titan007_odds_snapshot.csv,SETTLED,7cadc69fa4a8fbbf4c54,RUN_20260917_222746,v4-market-dirichlet-20260913,2026-09-17T22:27:46+08:00,2026-09-17T22:27:46+08:00,2026-09-18T00:00:00+08:00,1.537,False,True,False
V4_SHADOW,3001833,2026-09-17,以甲,卡法尔卡瑟姆 vs 法萨巴夏普尔,,,,,,4-2,-1,,,D:\codex\v3_legacy\outputs\football_odds_trader\raw\titan007\20260918\20260918_074935_titan007_odds_snapshot.csv,MISSING_V4_SIDE_LINE_WATER_OR_TEAM,0a186d0870bcc00461be,RUN_20260917_222746,v4-market-dirichlet-20260913,2026-09-17T22:27:46+08:00,2026-09-17T22:27:46+08:00,2026-09-18T00:00:00+08:00,1.537,False,False,False
V4_SHADOW,3001834,2026-09-17,以甲,阿舒多 vs 里雄莱锡安夏普尔,里雄莱锡安夏普尔,receiving,0.5,0.94,N,3-2,-1,L,-1.0,D:\codex\v3_legacy\outputs\football_odds_trader\raw\titan007\20260918\20260918_074935_titan007_odds_snapshot.csv,SETTLED,e9ed3e1e80b278989c37,RUN_20260917_222746,v4-market-dirichlet-20260913,2026-09-17T22:27:46+08:00,2026-09-17T22:27:46+08:00,2026-09-18T00:00:00+08:00,1.537,False,True,False
V4_SHADOW,2941109,2026-09-17,爱沙乙,维米斯 vs 威克伊勒特,,,,,,0-2,-1,,,D:\codex\v3_legacy\outputs\football_odds_trader\raw\titan007\20260918\20260918_074935_titan007_odds_snapshot.csv,MISSING_V4_SIDE_LINE_WATER_OR_TEAM,090c3c24eec3874501c7,RUN_20260917_222746,v4-market-dirichlet-20260913,2026-09-17T22:27:46+08:00,2026-09-17T22:27:46+08:00,2026-09-18T00:00:00+08:00,1.537,False,False,False
V4_SHADOW,3050257,2026-09-17,塞尔甲,洛兹尼察 vs 嘉沃伊万基卡,,neutral,,,,2-2,-1,,,D:\codex\v3_legacy\outputs\football_odds_trader\raw\titan007\20260918\20260918_074935_titan007_odds_snapshot.csv,MISSING_V4_SIDE_LINE_WATER_OR_TEAM,087f7a75ad83c1dee4c5,RUN_20260917_222746,v4-market-dirichlet-20260913,2026-09-17T22:27:46+08:00,2026-09-17T22:27:46+08:00,2026-09-18T00:00:00+08:00,1.537,False,False,False
V4_SHADOW,3086054,2026-09-17,约旦甲,艾沙赫 vs 艾尔利,,,,,,0-0,-1,,,D:\codex\v3_legacy\outputs\football_odds_trader\raw\titan007\20260918\20260918_074935_titan007_odds_snapshot.csv,MISSING_V4_SIDE_LINE_WATER_OR_TEAM,04d514cad3736a24c105,RUN_20260917_222746,v4-market-dirichlet-20260913,2026-09-17T22:27:46+08:00,2026-09-17T22:27:46+08:00,2026-09-18T00:00:00+08:00,1.537,False,False,False
V4_SHADOW,3086055,2026-09-17,约旦甲,哈伊阿米尔哈桑 vs 沙汉,,,,,,0-0,-1,,,D:\codex\v3_legacy\outputs\football_odds_trader\raw\titan007\20260918\20260918_074935_titan007_odds_snapshot.csv,MISSING_V4_SIDE_LINE_WATER_OR_TEAM,5e273188838c0b7f766f,RUN_20260917_222746,v4-market-dirichlet-20260913,2026-09-17T22:27:46+08:00,2026-09-17T22:27:46+08:00,2026-09-18T00:00:00+08:00,1.537,False,False,False
V4_SHADOW,3089662,2026-09-17,非青杯外,布隆迪U20 vs 肯尼亚U20,布隆迪U20,receiving,1.0,0.56,N,2-0,-1,W,0.56,D:\codex\v3_legacy\outputs\football_odds_trader\raw\titan007\20260918\20260918_074935_titan007_odds_snapshot.csv,SETTLED,85398e7e3b222004d052,RUN_20260917_222746,v4-market-dirichlet-20260913,2026-09-17T22:27:46+08:00,2026-09-17T22:27:46+08:00,2026-09-18T00:00:00+08:00,1.537,False,True,False
V4_SHADOW,3091557,2026-09-17,芬K联,迪安学院 vs 吉拉FC,,,,,,4-2,-1,,,D:\codex\v3_legacy\outputs\football_odds_trader\raw\titan007\20260918\20260918_074935_titan007_odds_snapshot.csv,MISSING_V4_SIDE_LINE_WATER_OR_TEAM,8c5db9bc86621d0c9154,RUN_20260917_222746,v4-market-dirichlet-20260913,2026-09-17T22:27:46+08:00,2026-09-17T22:27:46+08:00,2026-09-18T00:00:00+08:00,1.537,False,False,False
V4_SHADOW,3091791,2026-09-17,阿后备,巴拉圭竞技后备队 vs 西班牙语体育会后备队,,,,,,3-0,-1,,,D:\codex\v3_legacy\outputs\football_odds_trader\raw\titan007\20260918\20260918_074935_titan007_odds_snapshot.csv,MISSING_V4_SIDE_LINE_WATER_OR_TEAM,d00b72e21d18d8f35c49,RUN_20260917_222746,v4-market-dirichlet-20260913,2026-09-17T22:27:46+08:00,2026-09-17T22:27:46+08:00,2026-09-18T00:00:00+08:00,1.537,False,False,False
V4_SHADOW,3055854,2026-09-17,芬女超降,PK-35万塔女足 vs 帕罗柯尔霍女足,,,,,,6-0,-1,,,D:\codex\v3_legacy\outputs\football_odds_trader\raw\titan007\20260918\20260918_074935_titan007_odds_snapshot.csv,MISSING_V4_SIDE_LINE_WATER_OR_TEAM,f0904d8eab88abc72964,RUN_20260917_222746,v4-market-dirichlet-20260913,2026-09-17T22:27:46+08:00,2026-09-17T22:27:46+08:00,2026-09-18T00:00:00+08:00,1.537,False,False,False
V4_SHADOW,2967890,2026-09-17,挪丙,斯托尔桑 vs 德杰夫1919,,,,,,3-4,-1,,,D:\codex\v3_legacy\outputs\football_odds_trader\raw\titan007\20260918\20260918_074935_titan007_odds_snapshot.csv,MISSING_V4_SIDE_LINE_WATER_OR_TEAM,52041df4cd7e68f60669,RUN_20260917_222746,v4-market-dirichlet-20260913,2026-09-17T22:27:46+08:00,2026-09-17T22:27:46+08:00,2026-09-18T00:00:00+08:00,1.537,False,False,False
V4_SHADOW,3091727,2026-09-17,沙地女联,NEOM女足 vs 阿尔乌拉女足,,,,,,0-4,-1,,,D:\codex\v3_legacy\outputs\football_odds_trader\raw\titan007\20260918\20260918_074935_titan007_odds_snapshot.csv,MISSING_V4_SIDE_LINE_WATER_OR_TEAM,f42dc2de30287b70dd09,RUN_20260917_222746,v4-market-dirichlet-20260913,2026-09-17T22:27:46+08:00,2026-09-17T22:27:46+08:00,2026-09-18T00:00:00+08:00,1.537,False,False,False
V4_SHADOW,3091547,2026-09-17,芬女甲,VJS万塔女足 vs 诺基女足,,,,,,2-0,-1,,,D:\codex\v3_legacy\outputs\football_odds_trader\raw\titan007\20260918\20260918_074935_titan007_odds_snapshot.csv,MISSING_V4_SIDE_LINE_WATER_OR_TEAM,62f3ad09cf71d83b9958,RUN_20260917_222746,v4-market-dirichlet-20260913,2026-09-17T22:27:46+08:00,2026-09-17T22:27:46+08:00,2026-09-18T00:15:00+08:00,1.787,False,False,False
V4_SHADOW,3091707,2026-09-17,以丙,希罗米 vs 彼达迪华,,,,,,2-3,-1,,,D:\codex\v3_legacy\outputs\football_odds_trader\raw\titan007\20260918\20260918_074935_titan007_odds_snapshot.csv,MISSING_V4_SIDE_LINE_WATER_OR_TEAM,7fcb0e343edf90c063ca,RUN_20260917_222746,v4-market-dirichlet-20260913,2026-09-17T22:27:46+08:00,2026-09-17T22:27:46+08:00,2026-09-18T00:15:00+08:00,1.787,False,False,False
V4_SHADOW,3091063,2026-09-17,世女杯U20,朝鲜女足U20<font color=#880000>(中)</font> vs 日本女足U20,日本女足U20,receiving,0.75,1.02,C,2-0,-1,L,-1.0,D:\codex\v3_legacy\outputs\football_odds_trader\raw\titan007\20260918\20260918_074935_titan007_odds_snapshot.csv,SETTLED,26978c1e0c78c060c600,RUN_20260917_222746,v4-market-dirichlet-20260913,2026-09-17T22:27:46+08:00,2026-09-17T22:27:46+08:00,2026-09-18T00:30:00+08:00,2.037,False,True,False
V4_SHADOW,3091064,2026-09-17,世女杯U20,波兰女足U20 vs 哥伦比亚女足U20,哥伦比亚女足U20,receiving,0.25,0.82,N,0-1,-1,W,0.82,D:\codex\v3_legacy\outputs\football_odds_trader\raw\titan007\20260918\20260918_074935_titan007_odds_snapshot.csv,SETTLED,5b50da35be9ac7395960,RUN_20260917_222746,v4-market-dirichlet-20260913,2026-09-17T22:27:46+08:00,2026-09-17T22:27:46+08:00,2026-09-18T00:30:00+08:00,2.037,False,True,False
V4_SHADOW,3050541,2026-09-17,意丙,阿尔比诺勒菲 vs 阿济纳诺基安波,阿济纳诺基安波,receiving,0.25,0.79,N,1-2,-1,W,0.79,D:\codex\v3_legacy\outputs\football_odds_trader\raw\titan007\20260918\20260918_074935_titan007_odds_snapshot.csv,SETTLED,d2b580238a1a8183d493,RUN_20260917_222746,v4-market-dirichlet-20260913,2026-09-17T22:27:46+08:00,2026-09-17T22:27:46+08:00,2026-09-18T00:30:00+08:00,2.037,False,True,False
V4_SHADOW,3050544,2026-09-17,意丙,奇塔代拉 vs 祖云达斯U23,奇塔代拉,giving,-0.75,0.82,N,2-0,-1,W,0.82,D:\codex\v3_legacy\outputs\football_odds_trader\raw\titan007\20260918\20260918_074935_titan007_odds_snapshot.csv,SETTLED,ae28eacedc37ee9b3e65,RUN_20260917_222746,v4-market-dirichlet-20260913,2026-09-17T22:27:46+08:00,2026-09-17T22:27:46+08:00,2026-09-18T00:30:00+08:00,2.037,False,True,False
V4_SHADOW,3050545,2026-09-17,意丙,加尔维纳 vs 莱科,莱科,receiving,0.25,0.75,N,1-3,-1,W,0.75,D:\codex\v3_legacy\outputs\football_odds_trader\raw\titan007\20260918\20260918_074935_titan007_odds_snapshot.csv,SETTLED,cb9ac7a01b10c3c8264a,RUN_20260917_222746,v4-market-dirichlet-20260913,2026-09-17T22:27:46+08:00,2026-09-17T22:27:46+08:00,2026-09-18T00:30:00+08:00,2.037,False,True,False
V4_SHADOW,3050547,2026-09-17,意丙,隆美辛尼 vs 诺瓦拉,,,,,,0-0,-1,,,D:\codex\v3_legacy\outputs\football_odds_trader\raw\titan007\20260918\20260918_074935_titan007_odds_snapshot.csv,MISSING_V4_SIDE_LINE_WATER_OR_TEAM,8abca1ba563c43215011,RUN_20260917_222746,v4-market-dirichlet-20260913,2026-09-17T22:27:46+08:00,2026-09-17T22:27:46+08:00,2026-09-18T00:30:00+08:00,2.037,False,False,False
V4_SHADOW,3050548,2026-09-17,意丙,帕格特斯 vs US弗格尔,,,,,,0-0,-1,,,D:\codex\v3_legacy\outputs\football_odds_trader\raw\titan007\20260918\20260918_074935_titan007_odds_snapshot.csv,MISSING_V4_SIDE_LINE_WATER_OR_TEAM,4c078538bf6e0e491b48,RUN_20260917_222746,v4-market-dirichlet-20260913,2026-09-17T22:27:46+08:00,2026-09-17T22:27:46+08:00,2026-09-18T00:30:00+08:00,2.037,False,False,False
V4_SHADOW,3050549,2026-09-17,意丙,韦尔切利 vs 阿尔希欧蕾,,,,,,2-2,-1,,,D:\codex\v3_legacy\outputs\football_odds_trader\raw\titan007\20260918\20260918_074935_titan007_odds_snapshot.csv,MISSING_V4_SIDE_LINE_WATER_OR_TEAM,4cb9773766ac5dd23afc,RUN_20260917_222746,v4-market-dirichlet-20260913,2026-09-17T22:27:46+08:00,2026-09-17T22:27:46+08:00,2026-09-18T00:30:00+08:00,2.037,False,False,False
V4_SHADOW,3074930,2026-09-17,以乙南,萨巴1928 vs 哈迪拉,,,,,,0-1,-1,,,D:\codex\v3_legacy\outputs\football_odds_trader\raw\titan007\20260918\20260918_074935_titan007_odds_snapshot.csv,MISSING_V4_SIDE_LINE_WATER_OR_TEAM,87d64901f944f42837ce,RUN_20260917_222746,v4-market-dirichlet-20260913,2026-09-17T22:27:46+08:00,2026-09-17T22:27:46+08:00,2026-09-18T00:30:00+08:00,2.037,False,False,False
V4_SHADOW,3091729,2026-09-17,卢旺达联,罗阳体育 vs 松里泽,,,,,,1-1,-1,,,D:\codex\v3_legacy\outputs\football_odds_trader\raw\titan007\20260918\20260918_074935_titan007_odds_snapshot.csv,MISSING_V4_SIDE_LINE_WATER_OR_TEAM,b9761a5b4e5da1e0da33,RUN_20260917_222746,v4-market-dirichlet-20260913,2026-09-17T22:27:46+08:00,2026-09-17T22:27:46+08:00,2026-09-18T00:30:00+08:00,2.037,False,False,False
V4_SHADOW,3073772,2026-09-17,欧罗巴杯,OFI克里特 vs 霍芬海姆,霍芬海姆,giving,-1.5,0.86,C,2-0,-1,L,-1.0,D:\codex\v3_legacy\outputs\football_odds_trader\raw\titan007\20260918\20260918_074935_titan007_odds_snapshot.csv,SETTLED,b42295bbad33d39e3446,RUN_20260917_222746,v4-market-dirichlet-20260913,2026-09-17T22:27:46+08:00,2026-09-17T22:27:46+08:00,2026-09-18T00:45:00+08:00,2.287,False,True,False
V4_SHADOW,3075284,2026-09-17,欧罗巴杯,索非亚列夫斯基 vs 萨尔茨堡,索非亚列夫斯基,receiving,0.25,1.07,C,0-1,-1,L,-1.0,D:\codex\v3_legacy\outputs\football_odds_trader\raw\titan007\20260918\20260918_074935_titan007_odds_snapshot.csv,SETTLED,e8975c933fdb478eebbf,RUN_20260917_222746,v4-market-dirichlet-20260913,2026-09-17T22:27:46+08:00,2026-09-17T22:27:46+08:00,2026-09-18T00:45:00+08:00,2.287,False,True,False
V4_SHADOW,3013694,2026-09-17,西甲,皇家贝蒂斯 vs 赫塔菲,皇家贝蒂斯,giving,-1.0,0.94,N,1-0,-1,P,0.0,D:\codex\v3_legacy\outputs\football_odds_trader\raw\titan007\20260918\20260918_074935_titan007_odds_snapshot.csv,SETTLED,aa61abef9afdd04c8e71,RUN_20260917_222746,v4-market-dirichlet-20260913,2026-09-17T22:27:46+08:00,2026-09-17T22:27:46+08:00,2026-09-18T01:00:00+08:00,2.537,False,True,False
V4_SHADOW,2919900,2026-09-17,瑞典乙南,艾斯基斯迈 vs 特瓦克斯,,neutral,,,,4-2,-1,,,D:\codex\v3_legacy\outputs\football_odds_trader\raw\titan007\20260918\20260918_074935_titan007_odds_snapshot.csv,MISSING_V4_SIDE_LINE_WATER_OR_TEAM,94e0d2fe980c041115e4,RUN_20260917_222746,v4-market-dirichlet-20260913,2026-09-17T22:27:46+08:00,2026-09-17T22:27:46+08:00,2026-09-18T01:00:00+08:00,2.537,False,False,False
V4_SHADOW,2919903,2026-09-17,瑞典乙南,克里斯堤斯塔 vs BK奥林匹克,BK奥林匹克,giving,-0.25,0.86,N,0-1,-1,W,0.86,D:\codex\v3_legacy\outputs\football_odds_trader\raw\titan007\20260918\20260918_074935_titan007_odds_snapshot.csv,SETTLED,f61e5fda52ad55bb753f,RUN_20260917_222746,v4-market-dirichlet-20260913,2026-09-17T22:27:46+08:00,2026-09-17T22:27:46+08:00,2026-09-18T01:00:00+08:00,2.537,False,True,False
V4_SHADOW,2919905,2026-09-17,瑞典乙南,罗森加德 vs 特雷勒堡,,,,,,3-4,-1,,,D:\codex\v3_legacy\outputs\football_odds_trader\raw\titan007\20260918\20260918_074935_titan007_odds_snapshot.csv,MISSING_V4_SIDE_LINE_WATER_OR_TEAM,c166349b63e8c925946f,RUN_20260917_222746,v4-market-dirichlet-20260913,2026-09-17T22:27:46+08:00,2026-09-17T22:27:46+08:00,2026-09-18T01:00:00+08:00,2.537,False,False,False
V4_SHADOW,2919906,2026-09-17,瑞典乙南,斯柯维德 vs 特罗尔海坦,特罗尔海坦,giving,-0.25,0.81,N,1-3,-1,W,0.81,D:\codex\v3_legacy\outputs\football_odds_trader\raw\titan007\20260918\20260918_074935_titan007_odds_snapshot.csv,SETTLED,a2e202b663b8fc7855de,RUN_20260917_222746,v4-market-dirichlet-20260913,2026-09-17T22:27:46+08:00,2026-09-17T22:27:46+08:00,2026-09-18T01:00:00+08:00,2.537,False,True,False
V4_SHADOW,2920146,2026-09-17,瑞典乙北,斯德哥尔摩国际 vs 斯托克松德,,neutral,,,,5-2,-1,,,D:\codex\v3_legacy\outputs\football_odds_trader\raw\titan007\20260918\20260918_074935_titan007_odds_snapshot.csv,MISSING_V4_SIDE_LINE_WATER_OR_TEAM,506663e891873e7c578c,RUN_20260917_222746,v4-market-dirichlet-20260913,2026-09-17T22:27:46+08:00,2026-09-17T22:27:46+08:00,2026-09-18T01:00:00+08:00,2.537,False,False,False
V4_SHADOW,2920147,2026-09-17,瑞典乙北,维萨隆德 vs 哈马比TFF,维萨隆德,receiving,0.75,0.88,N,0-0,-1,W,0.88,D:\codex\v3_legacy\outputs\football_odds_trader\raw\titan007\20260918\20260918_074935_titan007_odds_snapshot.csv,SETTLED,58f0d65e9d1ee5bcdfad,RUN_20260917_222746,v4-market-dirichlet-20260913,2026-09-17T22:27:46+08:00,2026-09-17T22:27:46+08:00,2026-09-18T01:00:00+08:00,2.537,False,True,False
V4_SHADOW,3056751,2026-09-17,阿尔甲,比斯克拉 vs 贝鲁扎达,比斯克拉,receiving,0.5,1.04,C,0-1,-1,L,-1.0,D:\codex\v3_legacy\outputs\football_odds_trader\raw\titan007\20260918\20260918_074935_titan007_odds_snapshot.csv,SETTLED,e740872b4f5c4fd4fda3,RUN_20260917_222746,v4-market-dirichlet-20260913,2026-09-17T22:27:46+08:00,2026-09-17T22:27:46+08:00,2026-09-18T01:00:00+08:00,2.537,False,True,False
V4_SHADOW,3086056,2026-09-17,约旦甲,阿喀巴 vs 安曼FC,,,,,,3-5,-1,,,D:\codex\v3_legacy\outputs\football_odds_trader\raw\titan007\20260918\20260918_074935_titan007_odds_snapshot.csv,MISSING_V4_SIDE_LINE_WATER_OR_TEAM,c89b090c7a0b08c1935b,RUN_20260917_222746,v4-market-dirichlet-20260913,2026-09-17T22:27:46+08:00,2026-09-17T22:27:46+08:00,2026-09-18T01:00:00+08:00,2.537,False,False,False
V4_SHADOW,3089698,2026-09-17,南运男足,乌拉圭U19 vs 委内瑞拉U19,,,,,,0-1,-1,,,D:\codex\v3_legacy\outputs\football_odds_trader\raw\titan007\20260918\20260918_074935_titan007_odds_snapshot.csv,MISSING_V4_SIDE_LINE_WATER_OR_TEAM,f75a8ed3a0ab6879eab8,RUN_20260917_222746,v4-market-dirichlet-20260913,2026-09-17T22:27:46+08:00,2026-09-17T22:27:46+08:00,2026-09-18T01:00:00+08:00,2.537,False,False,False
V4_SHADOW,3091560,2026-09-17,芬K联,PPJ罗霍拉赫蒂 vs 勒帕,,,,,,4-3,-1,,,D:\codex\v3_legacy\outputs\football_odds_trader\raw\titan007\20260918\20260918_074935_titan007_odds_snapshot.csv,MISSING_V4_SIDE_LINE_WATER_OR_TEAM,c0d215728a674d3f130f,RUN_20260917_222746,v4-market-dirichlet-20260913,2026-09-17T22:27:46+08:00,2026-09-17T22:27:46+08:00,2026-09-18T01:00:00+08:00,2.537,False,False,False
V4_SHADOW,3091726,2026-09-17,阿后备,卡拉普莱后备队 vs 贝拉萨特吉后备队,,,,,,4-0,-1,,,D:\codex\v3_legacy\outputs\football_odds_trader\raw\titan007\20260918\20260918_074935_titan007_odds_snapshot.csv,MISSING_V4_SIDE_LINE_WATER_OR_TEAM,b7b96cc3cee16aa26ec2,RUN_20260917_222746,v4-market-dirichlet-20260913,2026-09-17T22:27:46+08:00,2026-09-17T22:27:46+08:00,2026-09-18T01:00:00+08:00,2.537,False,False,False
V4_SHADOW,3091785,2026-09-17,阿后备,菲尼斯竞技后备队 vs 加州阿特拉斯后备队,,,,,,0-3,-1,,,D:\codex\v3_legacy\outputs\football_odds_trader\raw\titan007\20260918\20260918_074935_titan007_odds_snapshot.csv,MISSING_V4_SIDE_LINE_WATER_OR_TEAM,9901c7db7166f826643e,RUN_20260917_222746,v4-market-dirichlet-20260913,2026-09-17T22:27:46+08:00,2026-09-17T22:27:46+08:00,2026-09-18T01:00:00+08:00,2.537,False,False,False
V4_SHADOW,3091789,2026-09-17,阿后备,乌尔奎萨后备队 vs 祖文图德尤尼达后备队,,,,,,6-1,-1,,,D:\codex\v3_legacy\outputs\football_odds_trader\raw\titan007\20260918\20260918_074935_titan007_odds_snapshot.csv,MISSING_V4_SIDE_LINE_WATER_OR_TEAM,09a85077f27ba157ceb9,RUN_20260917_222746,v4-market-dirichlet-20260913,2026-09-17T22:27:46+08:00,2026-09-17T22:27:46+08:00,2026-09-18T01:00:00+08:00,2.537,False,False,False
V4_SHADOW,3074483,2026-09-17,乌干超,艾斯帕勒斯 vs 基塔拉体育,,,,,,1-1,-1,,,D:\codex\v3_legacy\outputs\football_odds_trader\raw\titan007\20260918\20260918_074935_titan007_odds_snapshot.csv,MISSING_V4_SIDE_LINE_WATER_OR_TEAM,b8966f8d22cfdc41e2a1,RUN_20260917_222746,v4-market-dirichlet-20260913,2026-09-17T22:27:46+08:00,2026-09-17T22:27:46+08:00,2026-09-18T01:00:00+08:00,2.537,False,False,False
V4_SHADOW,3091558,2026-09-17,芬K联,胡吉 vs 爱斯柏,,,,,,2-0,-1,,,D:\codex\v3_legacy\outputs\football_odds_trader\raw\titan007\20260918\20260918_074935_titan007_odds_snapshot.csv,MISSING_V4_SIDE_LINE_WATER_OR_TEAM,c0d78ca65ea24555e079,RUN_20260917_222746,v4-market-dirichlet-20260913,2026-09-17T22:27:46+08:00,2026-09-17T22:27:46+08:00,2026-09-18T01:15:00+08:00,2.787,False,False,False
V4_SHADOW,2920140,2026-09-17,瑞典乙北,阿西里斯卡 vs 埃斯基尔斯蒂纳,,,,,,2-5,-1,,,D:\codex\v3_legacy\outputs\football_odds_trader\raw\titan007\20260918\20260918_074935_titan007_odds_snapshot.csv,MISSING_V4_SIDE_LINE_WATER_OR_TEAM,91393e4a4f537a1366dd,RUN_20260917_222746,v4-market-dirichlet-20260913,2026-09-17T22:27:46+08:00,2026-09-17T22:27:46+08:00,2026-09-18T01:30:00+08:00,3.037,False,False,False
V4_SHADOW,2920142,2026-09-17,瑞典乙北,贾法拉 vs 卡尔堡斯,,neutral,,,,5-0,-1,,,D:\codex\v3_legacy\outputs\football_odds_trader\raw\titan007\20260918\20260918_074935_titan007_odds_snapshot.csv,MISSING_V4_SIDE_LINE_WATER_OR_TEAM,e9e3ffdf0b5a6f69535a,RUN_20260917_222746,v4-market-dirichlet-20260913,2026-09-17T22:27:46+08:00,2026-09-17T22:27:46+08:00,2026-09-18T01:30:00+08:00,3.037,False,False,False
V4_SHADOW,3041180,2026-09-17,南非超,奥兰多海盗 vs 德班城,德班城,receiving,1.25,0.97,N,2-0,-1,L,-1.0,D:\codex\v3_legacy\outputs\football_odds_trader\raw\titan007\20260918\20260918_074935_titan007_odds_snapshot.csv,SETTLED,17c68ffc8cf8326f373f,RUN_20260917_222746,v4-market-dirichlet-20260913,2026-09-17T22:27:46+08:00,2026-09-17T22:27:46+08:00,2026-09-18T01:30:00+08:00,3.037,False,True,False
V4_SHADOW,3074934,2026-09-17,以乙南,泽里提拉 vs 迪莫纳体育,,,,,,0-1,-1,,,D:\codex\v3_legacy\outputs\football_odds_trader\raw\titan007\20260918\20260918_074935_titan007_odds_snapshot.csv,MISSING_V4_SIDE_LINE_WATER_OR_TEAM,00619e195dce530121ba,RUN_20260917_222746,v4-market-dirichlet-20260913,2026-09-17T22:27:46+08:00,2026-09-17T22:27:46+08:00,2026-09-18T01:30:00+08:00,3.037,False,False,False
V4_SHADOW,3091717,2026-09-17,斯亚女联,ZNK克里姆女足 vs ZNK谢柯杰女足,,,,,,8-0,-1,,,D:\codex\v3_legacy\outputs\football_odds_trader\raw\titan007\20260918\20260918_074935_titan007_odds_snapshot.csv,MISSING_V4_SIDE_LINE_WATER_OR_TEAM,0b267aec82cd55cc02d0,RUN_20260917_222746,v4-market-dirichlet-20260913,2026-09-17T22:27:46+08:00,2026-09-17T22:27:46+08:00,2026-09-18T01:30:00+08:00,3.037,False,False,False
V4_SHADOW,3012301,2026-09-17,俄超,马哈奇卡拉 vs 莫斯科中央陆军,马哈奇卡拉,receiving,0.25,0.95,N,1-3,-1,L,-1.0,D:\codex\v3_legacy\outputs\football_odds_trader\raw\titan007\20260918\20260918_074935_titan007_odds_snapshot.csv,SETTLED,7bb127cd42cafd678458,RUN_20260917_222746,v4-market-dirichlet-20260913,2026-09-17T22:27:46+08:00,2026-09-17T22:27:46+08:00,2026-09-18T01:45:00+08:00,3.287,False,True,False
V4_SHADOW,2998932,2026-09-17,塞尔超,泽伦斯尼卡潘切沃 vs 贝尔格莱德红星,贝尔格莱德红星,giving,-1.0,0.79,N,1-2,-1,P,0.0,D:\codex\v3_legacy\outputs\football_odds_trader\raw\titan007\20260918\20260918_074935_titan007_odds_snapshot.csv,SETTLED,601879ed2acb48fa9de3,RUN_20260917_222746,v4-market-dirichlet-20260913,2026-09-17T22:27:46+08:00,2026-09-17T22:27:46+08:00,2026-09-18T02:00:00+08:00,3.537,False,True,False
V4_SHADOW,3074926,2026-09-17,以乙南,马哈尼耶侯达 vs 斯德罗,,,,,,0-1,-1,,,D:\codex\v3_legacy\outputs\football_odds_trader\raw\titan007\20260918\20260918_074935_titan007_odds_snapshot.csv,MISSING_V4_SIDE_LINE_WATER_OR_TEAM,fae92418489ec513e026,RUN_20260917_222746,v4-market-dirichlet-20260913,2026-09-17T22:27:46+08:00,2026-09-17T22:27:46+08:00,2026-09-18T02:00:00+08:00,3.537,False,False,False
V4_SHADOW,3089255,2026-09-17,德戊,贡森海姆 vs 肖特缅恩斯,,,,,,0-0,-1,,,D:\codex\v3_legacy\outputs\football_odds_trader\raw\titan007\20260918\20260918_074935_titan007_odds_snapshot.csv,MISSING_V4_SIDE_LINE_WATER_OR_TEAM,b3199fcc2db38078ea4b,RUN_20260917_222746,v4-market-dirichlet-20260913,2026-09-17T22:27:46+08:00,2026-09-17T22:27:46+08:00,2026-09-18T02:00:00+08:00,3.537,False,False,False
V4_SHADOW,3071915,2026-09-17,伊拉联,扎瓦拉 vs 阿尔加拉夫,,,,,,2-0,-1,,,D:\codex\v3_legacy\outputs\football_odds_trader\raw\titan007\20260918\20260918_074935_titan007_odds_snapshot.csv,MISSING_V4_SIDE_LINE_WATER_OR_TEAM,0433150c11e79fecd34c,RUN_20260917_222746,v4-market-dirichlet-20260913,2026-09-17T22:27:46+08:00,2026-09-17T22:27:46+08:00,2026-09-18T02:00:00+08:00,3.537,False,False,False
V4_SHADOW,3089256,2026-09-17,阿后备,巴拉卡斯中央后备队 vs 科尔多瓦学院后备队,,,,,,3-1,-1,,,D:\codex\v3_legacy\outputs\football_odds_trader\raw\titan007\20260918\20260918_074935_titan007_odds_snapshot.csv,MISSING_V4_SIDE_LINE_WATER_OR_TEAM,6e0466b265ebcd9423ee,RUN_20260917_222746,v4-market-dirichlet-20260913,2026-09-17T22:27:46+08:00,2026-09-17T22:27:46+08:00,2026-09-18T02:00:00+08:00,3.537,False,False,False
V4_SHADOW,3089257,2026-09-17,阿后备,贝尔格拉诺后备队 vs 利斯特雷后备队,贝尔格拉诺后备队,giving,-0.5,0.85,N,2-1,-1,W,0.85,D:\codex\v3_legacy\outputs\football_odds_trader\raw\titan007\20260918\20260918_074935_titan007_odds_snapshot.csv,SETTLED,22fbfffac373343feddd,RUN_20260917_222746,v4-market-dirichlet-20260913,2026-09-17T22:27:46+08:00,2026-09-17T22:27:46+08:00,2026-09-18T02:00:00+08:00,3.537,False,True,False
V4_SHADOW,3089258,2026-09-17,阿后备,里奥夸尔托后备队 vs 拉普拉塔大学生后备队,里奥夸尔托后备队,receiving,0.25,0.74,N,1-0,-1,W,0.74,D:\codex\v3_legacy\outputs\football_odds_trader\raw\titan007\20260918\20260918_074935_titan007_odds_snapshot.csv,SETTLED,6f0b69c65ff66dce1c7e,RUN_20260917_222746,v4-market-dirichlet-20260913,2026-09-17T22:27:46+08:00,2026-09-17T22:27:46+08:00,2026-09-18T02:00:00+08:00,3.537,False,True,False
V4_SHADOW,3089259,2026-09-17,阿后备,戈多伊克鲁斯后备队 vs 班菲尔德后备队,班菲尔德后备队,receiving,0.25,0.92,N,3-0,-1,L,-1.0,D:\codex\v3_legacy\outputs\football_odds_trader\raw\titan007\20260918\20260918_074935_titan007_odds_snapshot.csv,SETTLED,c5a4f5e27d2590904aa1,RUN_20260917_222746,v4-market-dirichlet-20260913,2026-09-17T22:27:46+08:00,2026-09-17T22:27:46+08:00,2026-09-18T02:00:00+08:00,3.537,False,True,False
V4_SHADOW,3089260,2026-09-17,阿后备,纽维尔后备队 vs 圣胡安圣马丁后备队,圣胡安圣马丁后备队,receiving,1.5,0.7,N,4-0,-1,L,-1.0,D:\codex\v3_legacy\outputs\football_odds_trader\raw\titan007\20260918\20260918_074935_titan007_odds_snapshot.csv,SETTLED,9460a4012597f49eb6de,RUN_20260917_222746,v4-market-dirichlet-20260913,2026-09-17T22:27:46+08:00,2026-09-17T22:27:46+08:00,2026-09-18T02:00:00+08:00,3.537,False,True,False
V4_SHADOW,3091688,2026-09-17,阿后备,弗朗德里亚后备队 vs 基尔梅斯阿根廷后备队,,,,,,1-3,-1,,,D:\codex\v3_legacy\outputs\football_odds_trader\raw\titan007\20260918\20260918_074935_titan007_odds_snapshot.csv,MISSING_V4_SIDE_LINE_WATER_OR_TEAM,2d2f14550a8bdcfbe9b9,RUN_20260917_222746,v4-market-dirichlet-20260913,2026-09-17T22:27:46+08:00,2026-09-17T22:27:46+08:00,2026-09-18T02:00:00+08:00,3.537,False,False,False
V4_SHADOW,3091728,2026-09-17,阿后备,阿马格罗后备队 vs 萨尔塔迈特竞技后备队,,,,,,0-1,-1,,,D:\codex\v3_legacy\outputs\football_odds_trader\raw\titan007\20260918\20260918_074935_titan007_odds_snapshot.csv,MISSING_V4_SIDE_LINE_WATER_OR_TEAM,c8773eedf0b99ab15b17,RUN_20260917_222746,v4-market-dirichlet-20260913,2026-09-17T22:27:46+08:00,2026-09-17T22:27:46+08:00,2026-09-18T02:00:00+08:00,3.537,False,False,False
V4_SHADOW,3071677,2026-09-17,厄瓜乙,CD独立青年 vs 竞技足球会,,neutral,,,,1-1,-1,,,D:\codex\v3_legacy\outputs\football_odds_trader\raw\titan007\20260918\20260918_074935_titan007_odds_snapshot.csv,MISSING_V4_SIDE_LINE_WATER_OR_TEAM,8179f4ab09477b426487,RUN_20260917_222746,v4-market-dirichlet-20260913,2026-09-17T22:27:46+08:00,2026-09-17T22:27:46+08:00,2026-09-18T02:00:00+08:00,3.537,False,False,False
V4_SHADOW,3091951,2026-09-17,巴伊乙,斯巴达 FC vs 塞拉诺PB,,,,,,1-1,-1,,,D:\codex\v3_legacy\outputs\football_odds_trader\raw\titan007\20260918\20260918_074935_titan007_odds_snapshot.csv,MISSING_V4_SIDE_LINE_WATER_OR_TEAM,6f98731cc6032533931a,RUN_20260917_222746,v4-market-dirichlet-20260913,2026-09-17T22:27:46+08:00,2026-09-17T22:27:46+08:00,2026-09-18T02:00:00+08:00,3.537,False,False,False
V4_SHADOW,3091756,2026-09-17,挪威U19,乌拉恩U19 vs 哈斯勒姆U19,,,,,,1-3,-1,,,D:\codex\v3_legacy\outputs\football_odds_trader\raw\titan007\20260918\20260918_074935_titan007_odds_snapshot.csv,MISSING_V4_SIDE_LINE_WATER_OR_TEAM,ffd4c3baa62df347140e,RUN_20260917_222746,v4-market-dirichlet-20260913,2026-09-17T22:27:46+08:00,2026-09-17T22:27:46+08:00,2026-09-18T02:15:00+08:00,3.787,False,False,False
V4_SHADOW,3091757,2026-09-17,挪威U19,弗洛U19 vs 卡芬姆U19,,,,,,1-3,-1,,,D:\codex\v3_legacy\outputs\football_odds_trader\raw\titan007\20260918\20260918_074935_titan007_odds_snapshot.csv,MISSING_V4_SIDE_LINE_WATER_OR_TEAM,19f0f426992b79e59f82,RUN_20260917_222746,v4-market-dirichlet-20260913,2026-09-17T22:27:46+08:00,2026-09-17T22:27:46+08:00,2026-09-18T02:15:00+08:00,3.787,False,False,False
V4_SHADOW,3091758,2026-09-17,挪威U19,基沙U19 vs 瑞迪U19,,,,,,0-3,-1,,,D:\codex\v3_legacy\outputs\football_odds_trader\raw\titan007\20260918\20260918_074935_titan007_odds_snapshot.csv,MISSING_V4_SIDE_LINE_WATER_OR_TEAM,fd5104db7e64c946adfd,RUN_20260917_222746,v4-market-dirichlet-20260913,2026-09-17T22:27:46+08:00,2026-09-17T22:27:46+08:00,2026-09-18T02:15:00+08:00,3.787,False,False,False
V4_SHADOW,3091761,2026-09-17,挪威U19,诺斯特兰德U19 vs 巴洛姆U19,,,,,,2-3,-1,,,D:\codex\v3_legacy\outputs\football_odds_trader\raw\titan007\20260918\20260918_074935_titan007_odds_snapshot.csv,MISSING_V4_SIDE_LINE_WATER_OR_TEAM,5638245be5ccb95043a9,RUN_20260917_222746,v4-market-dirichlet-20260913,2026-09-17T22:27:46+08:00,2026-09-17T22:27:46+08:00,2026-09-18T02:15:00+08:00,3.787,False,False,False
V4_SHADOW,3091762,2026-09-17,挪威U19,利勒哈默尔U19 vs 斯科德斯莫U19,,,,,,4-2,-1,,,D:\codex\v3_legacy\outputs\football_odds_trader\raw\titan007\20260918\20260918_074935_titan007_odds_snapshot.csv,MISSING_V4_SIDE_LINE_WATER_OR_TEAM,dfc3e9c95e4fcd853e17,RUN_20260917_222746,v4-market-dirichlet-20260913,2026-09-17T22:27:46+08:00,2026-09-17T22:27:46+08:00,2026-09-18T02:15:00+08:00,3.787,False,False,False
V4_SHADOW,3091763,2026-09-17,挪威U19,格杰勒拉森U19 vs 利勒斯特伦 U19,,,,,,5-2,-1,,,D:\codex\v3_legacy\outputs\football_odds_trader\raw\titan007\20260918\20260918_074935_titan007_odds_snapshot.csv,MISSING_V4_SIDE_LINE_WATER_OR_TEAM,f8a6e6ca17efac65e67c,RUN_20260917_222746,v4-market-dirichlet-20260913,2026-09-17T22:27:46+08:00,2026-09-17T22:27:46+08:00,2026-09-18T02:15:00+08:00,3.787,False,False,False
V4_SHADOW,3091765,2026-09-17,挪威U19,艾斯可U19 vs 斯吉德U19,,,,,,3-3,-1,,,D:\codex\v3_legacy\outputs\football_odds_trader\raw\titan007\20260918\20260918_074935_titan007_odds_snapshot.csv,MISSING_V4_SIDE_LINE_WATER_OR_TEAM,68532d644027f2b90466,RUN_20260917_222746,v4-market-dirichlet-20260913,2026-09-17T22:27:46+08:00,2026-09-17T22:27:46+08:00,2026-09-18T02:15:00+08:00,3.787,False,False,False
V4_SHADOW,3091766,2026-09-17,挪威U19,普林特杰洛U19 vs 克里斯蒂安尼亚U19,,,,,,7-2,-1,,,D:\codex\v3_legacy\outputs\football_odds_trader\raw\titan007\20260918\20260918_074935_titan007_odds_snapshot.csv,MISSING_V4_SIDE_LINE_WATER_OR_TEAM,3ce3a056ff585636d3d1,RUN_20260917_222746,v4-market-dirichlet-20260913,2026-09-17T22:27:46+08:00,2026-09-17T22:27:46+08:00,2026-09-18T02:15:00+08:00,3.787,False,False,False
V4_SHADOW,3091953,2026-09-17,挪威U19,萨斯伯格U19 vs 瓦尔德雷斯U19,,,,,,,-14,,,D:\codex\v3_legacy\outputs\football_odds_trader\raw\titan007\20260918\20260918_074935_titan007_odds_snapshot.csv,NOT_FINAL_STATE_-14,54f55127f85c7cc995bc,RUN_20260917_222746,v4-market-dirichlet-20260913,2026-09-17T22:27:46+08:00,2026-09-17T22:27:46+08:00,2026-09-18T02:15:00+08:00,3.787,False,False,False
V4_SHADOW,3072972,2026-09-17,英联杯,曼彻斯特城 vs 诺维奇,曼彻斯特城,giving,-2.75,1.02,B,5-0,-1,W,1.02,D:\codex\v3_legacy\outputs\football_odds_trader\raw\titan007\20260918\20260918_074935_titan007_odds_snapshot.csv,SETTLED,85209f75bd23a1876fd0,RUN_20260917_222746,v4-market-dirichlet-20260913,2026-09-17T22:27:46+08:00,2026-09-17T22:27:46+08:00,2026-09-18T02:30:00+08:00,4.037,False,True,False
V4_SHADOW,3071652,2026-09-17,乌拉杯,西班牙中心 vs 奥瑞多拉巴斯,奥瑞多拉巴斯,receiving,0.75,0.72,N,1-1,-1,W,0.72,D:\codex\v3_legacy\outputs\football_odds_trader\raw\titan007\20260918\20260918_074935_titan007_odds_snapshot.csv,SETTLED,78a8ee37801a6747a777,RUN_20260917_222746,v4-market-dirichlet-20260913,2026-09-17T22:27:46+08:00,2026-09-17T22:27:46+08:00,2026-09-18T02:30:00+08:00,4.037,False,True,False
V4_SHADOW,3071653,2026-09-17,乌拉杯,尤文提度 vs 蒙特维多竞技,,,,,,3-0,-1,,,D:\codex\v3_legacy\outputs\football_odds_trader\raw\titan007\20260918\20260918_074935_titan007_odds_snapshot.csv,MISSING_V4_SIDE_LINE_WATER_OR_TEAM,5db54aaa03cf1e203d7e,RUN_20260917_222746,v4-market-dirichlet-20260913,2026-09-17T22:27:46+08:00,2026-09-17T22:27:46+08:00,2026-09-18T02:30:00+08:00,4.037,False,False,False
V4_SHADOW,3091955,2026-09-17,英女足总,拉夫伯勒闪电女足 vs 切斯特菲尔德女足,,,,,,2-2,-1,,,D:\codex\v3_legacy\outputs\football_odds_trader\raw\titan007\20260918\20260918_074935_titan007_odds_snapshot.csv,MISSING_V4_SIDE_LINE_WATER_OR_TEAM,82776953e774b086caab,RUN_20260917_222746,v4-market-dirichlet-20260913,2026-09-17T22:27:46+08:00,2026-09-17T22:27:46+08:00,2026-09-18T02:45:00+08:00,4.287,False,False,False
V4_SHADOW,3020000,2026-09-17,法丙,巴斯蒂亚 vs 戛纳,,,,,,1-1,-1,,,D:\codex\v3_legacy\outputs\football_odds_trader\raw\titan007\20260918\20260918_074935_titan007_odds_snapshot.csv,MISSING_V4_SIDE_LINE_WATER_OR_TEAM,35e8cc86979cecb6679a,RUN_20260917_222746,v4-market-dirichlet-20260913,2026-09-17T22:27:46+08:00,2026-09-17T22:27:46+08:00,2026-09-18T02:45:00+08:00,4.287,False,False,False
V4_SHADOW,3091684,2026-09-17,爱尔高联,圣莫查塔斯 vs 凯尔特巡路者,凯尔特巡路者,receiving,0.5,0.76,N,3-1,-1,L,-1.0,D:\codex\v3_legacy\outputs\football_odds_trader\raw\titan007\20260918\20260918_074935_titan007_odds_snapshot.csv,SETTLED,52033274f439fcb3a77d,RUN_20260917_222746,v4-market-dirichlet-20260913,2026-09-17T22:27:46+08:00,2026-09-17T22:27:46+08:00,2026-09-18T02:45:00+08:00,4.287,False,True,False
V4_SHADOW,3087858,2026-09-17,智利丁,阿瓜拉 vs 卡夫雷罗,,,,,,,,,,,NOT_FINAL_STATE_UNKNOWN,4af9f990c30fbc27508d,RUN_20260917_222746,v4-market-dirichlet-20260913,2026-09-17T22:27:46+08:00,2026-09-17T22:27:46+08:00,2026-09-18T02:55:00+08:00,4.454,False,False,False
V4_SHADOW,3073732,2026-09-17,欧罗巴杯,尤文图斯 vs 奈梅亨,尤文图斯,giving,-2.25,1.04,C,5-0,-1,W,1.04,D:\codex\v3_legacy\outputs\football_odds_trader\raw\titan007\20260918\20260918_074935_titan007_odds_snapshot.csv,SETTLED,cc6af86942aacb4b64b5,RUN_20260917_222746,v4-market-dirichlet-20260913,2026-09-17T22:27:46+08:00,2026-09-17T22:27:46+08:00,2026-09-18T03:00:00+08:00,4.537,False,True,False
V4_SHADOW,3073735,2026-09-17,欧罗巴杯,凯尔特人 vs 费伦茨瓦罗斯,,neutral,,,,1-3,-1,,,D:\codex\v3_legacy\outputs\football_odds_trader\raw\titan007\20260918\20260918_074935_titan007_odds_snapshot.csv,MISSING_V4_SIDE_LINE_WATER_OR_TEAM,c224857be0d62b5a4d60,RUN_20260917_222746,v4-market-dirichlet-20260913,2026-09-17T22:27:46+08:00,2026-09-17T22:27:46+08:00,2026-09-18T03:00:00+08:00,4.537,False,False,False
V4_SHADOW,3073736,2026-09-17,欧罗巴杯,比尔森胜利 vs 圣吉罗斯,,,,,,0-3,-1,,,D:\codex\v3_legacy\outputs\football_odds_trader\raw\titan007\20260918\20260918_074935_titan007_odds_snapshot.csv,MISSING_V4_SIDE_LINE_WATER_OR_TEAM,efbb84f254332533ac87,RUN_20260917_222746,v4-market-dirichlet-20260913,2026-09-17T22:27:46+08:00,2026-09-17T22:27:46+08:00,2026-09-18T03:00:00+08:00,4.537,False,False,False
V4_SHADOW,3073759,2026-09-17,欧罗巴杯,水晶宫 vs 波兹南莱赫,水晶宫,giving,-1.5,0.95,C,4-0,-1,W,0.95,D:\codex\v3_legacy\outputs\football_odds_trader\raw\titan007\20260918\20260918_074935_titan007_odds_snapshot.csv,SETTLED,79f9b9da05ed498dc226,RUN_20260917_222746,v4-market-dirichlet-20260913,2026-09-17T22:27:46+08:00,2026-09-17T22:27:46+08:00,2026-09-18T03:00:00+08:00,4.537,False,True,False
V4_SHADOW,3073781,2026-09-17,欧罗巴杯,利勒斯特罗姆 vs 杜连斯,利勒斯特罗姆,giving,-0.75,0.8,N,1-2,-1,L,-1.0,D:\codex\v3_legacy\outputs\football_odds_trader\raw\titan007\20260918\20260918_074935_titan007_odds_snapshot.csv,SETTLED,ce68be37e125781da3ca,RUN_20260917_222746,v4-market-dirichlet-20260913,2026-09-17T22:27:46+08:00,2026-09-17T22:27:46+08:00,2026-09-18T03:00:00+08:00,4.537,False,True,False
V4_SHADOW,3073794,2026-09-17,欧罗巴杯,皇家社会 vs 伯恩茅斯,伯恩茅斯,giving,-0.25,1.0,N,1-2,-1,W,1.0,D:\codex\v3_legacy\outputs\football_odds_trader\raw\titan007\20260918\20260918_074935_titan007_odds_snapshot.csv,SETTLED,a7965aefeb4567f5234d,RUN_20260917_222746,v4-market-dirichlet-20260913,2026-09-17T22:27:46+08:00,2026-09-17T22:27:46+08:00,2026-09-18T03:00:00+08:00,4.537,False,True,False
V4_SHADOW,3073803,2026-09-17,欧罗巴杯,贝西克塔斯 vs 马赛,贝西克塔斯,giving,-0.75,0.98,N,4-1,-1,W,0.98,D:\codex\v3_legacy\outputs\football_odds_trader\raw\titan007\20260918\20260918_074935_titan007_odds_snapshot.csv,SETTLED,189f62a22cf8a216e4a5,RUN_20260917_222746,v4-market-dirichlet-20260913,2026-09-17T22:27:46+08:00,2026-09-17T22:27:46+08:00,2026-09-18T03:00:00+08:00,4.537,False,True,False
V4_SHADOW,3007103,2026-09-17,英甲,AFC温布尔登 vs 米尔顿凯恩斯,AFC温布尔登,receiving,0.25,0.89,N,0-0,-1,HW,0.445,D:\codex\v3_legacy\outputs\football_odds_trader\raw\titan007\20260918\20260918_074935_titan007_odds_snapshot.csv,SETTLED,e56cf42351ff7aa79a82,RUN_20260917_222746,v4-market-dirichlet-20260913,2026-09-17T22:27:46+08:00,2026-09-17T22:27:46+08:00,2026-09-18T03:00:00+08:00,4.537,False,True,False
V4_SHADOW,3050542,2026-09-17,意丙,布雷西亚 vs 特雷维索,布雷西亚,giving,-0.75,0.75,N,2-2,-1,L,-1.0,D:\codex\v3_legacy\outputs\football_odds_trader\raw\titan007\20260918\20260918_074935_titan007_odds_snapshot.csv,SETTLED,c933d219d9c4c583bbf4,RUN_20260917_222746,v4-market-dirichlet-20260913,2026-09-17T22:27:46+08:00,2026-09-17T22:27:46+08:00,2026-09-18T03:00:00+08:00,4.537,False,True,False
V4_SHADOW,3050543,2026-09-17,意丙,卡尔皮 vs 奥斯皮塔莱托,奥斯皮塔莱托,giving,-0.25,0.95,N,2-2,-1,HL,-0.5,D:\codex\v3_legacy\outputs\football_odds_trader\raw\titan007\20260918\20260918_074935_titan007_odds_snapshot.csv,SETTLED,bd1a1493cca3bcd9ef4a,RUN_20260917_222746,v4-market-dirichlet-20260913,2026-09-17T22:27:46+08:00,2026-09-17T22:27:46+08:00,2026-09-18T03:00:00+08:00,4.537,False,True,False
V4_SHADOW,3050546,2026-09-17,意丙,吉安纳 vs 特伦托,吉安纳,receiving,0.25,1.0,C,2-2,-1,HW,0.5,D:\codex\v3_legacy\outputs\football_odds_trader\raw\titan007\20260918\20260918_074935_titan007_odds_snapshot.csv,SETTLED,2f6c1bdf53121b741725,RUN_20260917_222746,v4-market-dirichlet-20260913,2026-09-17T22:27:46+08:00,2026-09-17T22:27:46+08:00,2026-09-18T03:00:00+08:00,4.537,False,True,False
V4_SHADOW,3050550,2026-09-17,意丙,AC雷纳特 vs 多洛米蒂贝卢诺,多洛米蒂贝卢诺,receiving,0.25,0.98,N,0-0,-1,HW,0.49,D:\codex\v3_legacy\outputs\football_odds_trader\raw\titan007\20260918\20260918_074935_titan007_odds_snapshot.csv,SETTLED,2e95144ca81036b11883,RUN_20260917_222746,v4-market-dirichlet-20260913,2026-09-17T22:27:46+08:00,2026-09-17T22:27:46+08:00,2026-09-18T03:00:00+08:00,4.537,False,True,False
V4_SHADOW,3091586,2026-09-17,非青U17,塞内加尔U17 vs 几内亚U17,,,,,,3-0,-1,,,D:\codex\v3_legacy\outputs\football_odds_trader\raw\titan007\20260918\20260918_074935_titan007_odds_snapshot.csv,MISSING_V4_SIDE_LINE_WATER_OR_TEAM,de482db3f79ebcb96094,RUN_20260917_222746,v4-market-dirichlet-20260913,2026-09-17T22:27:46+08:00,2026-09-17T22:27:46+08:00,2026-09-18T03:00:00+08:00,4.537,False,False,False
V4_SHADOW,3056757,2026-09-17,阿尔甲,谭茅芩特 vs 卡比利亚,谭茅芩特,receiving,0.25,1.06,C,1-0,-1,W,1.06,D:\codex\v3_legacy\outputs\football_odds_trader\raw\titan007\20260918\20260918_074935_titan007_odds_snapshot.csv,SETTLED,8d826c1d59abb1d28aae,RUN_20260917_222746,v4-market-dirichlet-20260913,2026-09-17T22:27:46+08:00,2026-09-17T22:27:46+08:00,2026-09-18T03:00:00+08:00,4.537,False,True,False
V4_SHADOW,3087863,2026-09-17,智利丁,马尔雷考古 vs 富图罗,,,,,,,,,,,NOT_FINAL_STATE_UNKNOWN,8b4abf485b0d722eb65b,RUN_20260917_222746,v4-market-dirichlet-20260913,2026-09-17T22:27:46+08:00,2026-09-17T22:27:46+08:00,2026-09-18T03:00:00+08:00,4.537,False,False,False
V4_SHADOW,3087864,2026-09-17,智利丁,劳塔罗布因 vs 上普恩特,,,,,,,,,,,NOT_FINAL_STATE_UNKNOWN,134b23a8bf8df10ab4ca,RUN_20260917_222746,v4-market-dirichlet-20260913,2026-09-17T22:27:46+08:00,2026-09-17T22:27:46+08:00,2026-09-18T03:00:00+08:00,4.537,False,False,False
V4_SHADOW,3087865,2026-09-17,智利丁,金特罗 vs CD兰卡瓜苏尔,,,,,,,,,,,NOT_FINAL_STATE_UNKNOWN,fe4b3d5e5ad6bb256315,RUN_20260917_222746,v4-market-dirichlet-20260913,2026-09-17T22:27:46+08:00,2026-09-17T22:27:46+08:00,2026-09-18T03:00:00+08:00,4.537,False,False,False
V4_SHADOW,3087866,2026-09-17,智利丁,罗德林多罗马 vs 拿华塔尔卡瓦诺,,,,,,,,,,,NOT_FINAL_STATE_UNKNOWN,d17a283eed032183bf32,RUN_20260917_222746,v4-market-dirichlet-20260913,2026-09-17T22:27:46+08:00,2026-09-17T22:27:46+08:00,2026-09-18T03:00:00+08:00,4.537,False,False,False
V4_SHADOW,3087867,2026-09-17,智利丁,CD东方竞技 vs CD康士提图松联,,,,,,,,,,,NOT_FINAL_STATE_UNKNOWN,c7cd0c63339ad3e6c056,RUN_20260917_222746,v4-market-dirichlet-20260913,2026-09-17T22:27:46+08:00,2026-09-17T22:27:46+08:00,2026-09-18T03:00:00+08:00,4.537,False,False,False
V4_SHADOW,3087868,2026-09-17,智利丁,帝国联 vs 赤马巴瑞,,,,,,,,,,,NOT_FINAL_STATE_UNKNOWN,738857fcbe3242415cb2,RUN_20260917_222746,v4-market-dirichlet-20260913,2026-09-17T22:27:46+08:00,2026-09-17T22:27:46+08:00,2026-09-18T03:00:00+08:00,4.537,False,False,False
V4_SHADOW,3089775,2026-09-17,冰女超冠,贝雷达比历克女足 vs 尼哈德维克格连戴域克女足,,,,,,4-1,-1,,,D:\codex\v3_legacy\outputs\football_odds_trader\raw\titan007\20260918\20260918_074935_titan007_odds_snapshot.csv,MISSING_V4_SIDE_LINE_WATER_OR_TEAM,5f25cd929d275e136675,RUN_20260917_222746,v4-market-dirichlet-20260913,2026-09-17T22:27:46+08:00,2026-09-17T22:27:46+08:00,2026-09-18T03:15:00+08:00,4.787,False,False,False
V4_SHADOW,3013699,2026-09-17,西甲,马拉加 vs 比利亚雷亚尔,马拉加,receiving,0.5,0.94,N,1-3,-1,L,-1.0,D:\codex\v3_legacy\outputs\football_odds_trader\raw\titan007\20260918\20260918_074935_titan007_odds_snapshot.csv,SETTLED,0720c57c7fcf53fb49bb,RUN_20260917_222746,v4-market-dirichlet-20260913,2026-09-17T22:27:46+08:00,2026-09-17T22:27:46+08:00,2026-09-18T03:30:00+08:00,5.037,False,True,False
V4_SHADOW,3071678,2026-09-17,厄瓜乙,库尼布洛FC vs 十月九,,neutral,,,,1-0,-1,,,D:\codex\v3_legacy\outputs\football_odds_trader\raw\titan007\20260918\20260918_074935_titan007_odds_snapshot.csv,MISSING_V4_SIDE_LINE_WATER_OR_TEAM,7673cb5f65acb68c98e7,RUN_20260917_222746,v4-market-dirichlet-20260913,2026-09-17T22:27:46+08:00,2026-09-17T22:27:46+08:00,2026-09-18T04:15:00+08:00,5.787,False,False,False
V4_SHADOW,3071707,2026-09-17,厄瓜乙降,七月二十二队 vs 坎巴亚金融,,neutral,,,,1-7,-1,,,D:\codex\v3_legacy\outputs\football_odds_trader\raw\titan007\20260918\20260918_074935_titan007_odds_snapshot.csv,MISSING_V4_SIDE_LINE_WATER_OR_TEAM,7b078fa7dd92901832fd,RUN_20260917_222746,v4-market-dirichlet-20260913,2026-09-17T22:27:46+08:00,2026-09-17T22:27:46+08:00,2026-09-18T04:30:00+08:00,6.037,False,False,False
V4_SHADOW,3091787,2026-09-17,萨尔甲,洛沃斯查丘瓦帕 vs BP学院,,,,,,2-1,-1,,,D:\codex\v3_legacy\outputs\football_odds_trader\raw\titan007\20260918\20260918_074935_titan007_odds_snapshot.csv,MISSING_V4_SIDE_LINE_WATER_OR_TEAM,5cf38c210f7b8bf595cb,RUN_20260917_222746,v4-market-dirichlet-20260913,2026-09-17T22:27:46+08:00,2026-09-17T22:27:46+08:00,2026-09-18T05:00:00+08:00,6.537,False,False,False
V4_SHADOW,3091788,2026-09-17,萨尔甲,文塞多尔 vs CD德拉贡,,,,,,1-1,-1,,,D:\codex\v3_legacy\outputs\football_odds_trader\raw\titan007\20260918\20260918_074935_titan007_odds_snapshot.csv,MISSING_V4_SIDE_LINE_WATER_OR_TEAM,e1d10a217718c6d557f3,RUN_20260917_222746,v4-market-dirichlet-20260913,2026-09-17T22:27:46+08:00,2026-09-17T22:27:46+08:00,2026-09-18T05:00:00+08:00,6.537,False,False,False
V4_SHADOW,3059141,2026-09-17,玻利甲,皇家托马亚波 vs 奥利恩特,,,,,,,3,,,D:\codex\v3_legacy\outputs\football_odds_trader\raw\titan007\20260918\20260918_074935_titan007_odds_snapshot.csv,NOT_FINAL_STATE_3,b201a92d6231d896eaaa,RUN_20260917_222746,v4-market-dirichlet-20260913,2026-09-17T22:27:46+08:00,2026-09-17T22:27:46+08:00,2026-09-18T06:00:00+08:00,7.537,False,False,False
V4_SHADOW,3089120,2026-09-17,阿后备,小保加后备队 vs 拉斐拉竞技后备队,拉斐拉竞技后备队,receiving,1.75,0.93,N,,3,,,D:\codex\v3_legacy\outputs\football_odds_trader\raw\titan007\20260918\20260918_074935_titan007_odds_snapshot.csv,NOT_FINAL_STATE_3,e4f61ab9c7d329c07e20,RUN_20260917_222746,v4-market-dirichlet-20260913,2026-09-17T22:27:46+08:00,2026-09-17T22:27:46+08:00,2026-09-18T06:00:00+08:00,7.537,False,True,False
V4_SHADOW,3091958,2026-09-17,乌拉业余杯,杜拉兹 vs 拉科鲁尼亚科洛尼亚,,,,,,,3,,,D:\codex\v3_legacy\outputs\football_odds_trader\raw\titan007\20260918\20260918_074935_titan007_odds_snapshot.csv,NOT_FINAL_STATE_3,0fc02585cb8afd8187e8,RUN_20260917_222746,v4-market-dirichlet-20260913,2026-09-17T22:27:46+08:00,2026-09-17T22:27:46+08:00,2026-09-18T06:00:00+08:00,7.537,False,False,False
V4_SHADOW,3049969,2026-09-17,加勒比杯,锡瓦奥 vs 波特莫尔联,,,,,,,1,,,D:\codex\v3_legacy\outputs\football_odds_trader\raw\titan007\20260918\20260918_074935_titan007_odds_snapshot.csv,NOT_FINAL_STATE_1,63a1c2ef573294c0d0b7,RUN_20260917_222746,v4-market-dirichlet-20260913,2026-09-17T22:27:46+08:00,2026-09-17T22:27:46+08:00,2026-09-18T07:00:00+08:00,8.537,False,False,False
V4_SHADOW,3063266,2026-09-17,加勒比杯,普莱森特法山 vs 卡瓦立尔,,,,,,,1,,,D:\codex\v3_legacy\outputs\football_odds_trader\raw\titan007\20260918\20260918_074935_titan007_odds_snapshot.csv,NOT_FINAL_STATE_1,bcad6d1ebd25e3e6bf70,RUN_20260917_222746,v4-market-dirichlet-20260913,2026-09-17T22:27:46+08:00,2026-09-17T22:27:46+08:00,2026-09-18T07:00:00+08:00,8.537,False,False,False
V4_SHADOW,3091528,2026-09-17,哥伦女甲,圣塔菲女足 vs 百万富翁女足,,,,,,2-2,-1,,,D:\codex\v3_legacy\outputs\football_odds_trader\raw\titan007\20260918\20260918_155806_titan007_odds_snapshot.csv,MISSING_V4_SIDE_LINE_WATER_OR_TEAM,99e2db60f02340beef50,RUN_20260917_222746,v4-market-dirichlet-20260913,2026-09-17T22:27:46+08:00,2026-09-17T22:27:46+08:00,2026-09-18T08:00:00+08:00,9.537,False,False,False
V4_SHADOW,3091685,2026-09-17,萨尔甲,松索纳特国民FC vs CD埃尔罗巴,,,,,,0-1,-1,,,D:\codex\v3_legacy\outputs\football_odds_trader\raw\titan007\20260918\20260918_155806_titan007_odds_snapshot.csv,MISSING_V4_SIDE_LINE_WATER_OR_TEAM,c427e4f763bfefa6f23b,RUN_20260917_222746,v4-market-dirichlet-20260913,2026-09-17T22:27:46+08:00,2026-09-17T22:27:46+08:00,2026-09-18T08:00:00+08:00,9.537,False,False,False
V4_SHADOW,3071708,2026-09-17,厄瓜乙降,圣多明各体育 vs 国家报队,,neutral,,,,1-0,-1,,,D:\codex\v3_legacy\outputs\football_odds_trader\raw\titan007\20260918\20260918_155806_titan007_odds_snapshot.csv,MISSING_V4_SIDE_LINE_WATER_OR_TEAM,49802fbb469ec4194201,RUN_20260917_222746,v4-market-dirichlet-20260913,2026-09-17T22:27:46+08:00,2026-09-17T22:27:46+08:00,2026-09-18T08:00:00+08:00,9.537,False,False,False
V4_SHADOW,3073018,2026-09-17,解放者杯,弗拉门戈 vs 山谷独立,弗拉门戈,giving,-1.5,0.94,C,1-1,-1,L,-1.0,D:\codex\v3_legacy\outputs\football_odds_trader\raw\titan007\20260918\20260918_155806_titan007_odds_snapshot.csv,SETTLED,98e190a1e54e3fa91aee,RUN_20260917_222746,v4-market-dirichlet-20260913,2026-09-17T22:27:46+08:00,2026-09-17T22:27:46+08:00,2026-09-18T08:30:00+08:00,10.037,False,True,False
V4_SHADOW,3072985,2026-09-17,南美杯,图尔克 vs 西恩夏诺,西恩夏诺,receiving,1.0,0.98,C,3-0,-1,L,-1.0,D:\codex\v3_legacy\outputs\football_odds_trader\raw\titan007\20260918\20260918_155806_titan007_odds_snapshot.csv,SETTLED,9debab76942c516c5b18,RUN_20260917_222746,v4-market-dirichlet-20260913,2026-09-17T22:27:46+08:00,2026-09-17T22:27:46+08:00,2026-09-18T08:30:00+08:00,10.037,False,True,False
V4_SHADOW,3059142,2026-09-17,玻利甲,玻利瓦尔 vs 圣荷西德奥罗,,,,,,4-2,-1,,,D:\codex\v3_legacy\outputs\football_odds_trader\raw\titan007\20260918\20260918_155806_titan007_odds_snapshot.csv,MISSING_V4_SIDE_LINE_WATER_OR_TEAM,d33fb3c0fea5537c849a,RUN_20260917_222746,v4-market-dirichlet-20260913,2026-09-17T22:27:46+08:00,2026-09-17T22:27:46+08:00,2026-09-18T08:30:00+08:00,10.037,False,False,False
V4_SHADOW,3085192,2026-09-17,中美俱杯,阿拉胡埃伦斯 vs CD马拉松,CD马拉松,receiving,0.5,0.95,N,3-1,-1,L,-1.0,D:\codex\v3_legacy\outputs\football_odds_trader\raw\titan007\20260918\20260918_155806_titan007_odds_snapshot.csv,SETTLED,adfb45c9e7c931be9805,RUN_20260917_222746,v4-market-dirichlet-20260913,2026-09-17T22:27:46+08:00,2026-09-17T22:27:46+08:00,2026-09-18T08:30:00+08:00,10.037,False,True,False
V4_SHADOW,3024451,2026-09-17,墨西甲春,杜兰戈 vs 海德尔格,杜兰戈,giving,-0.5,0.77,N,2-0,-1,W,0.77,D:\codex\v3_legacy\outputs\football_odds_trader\raw\titan007\20260918\20260918_155806_titan007_odds_snapshot.csv,SETTLED,0028faf45f83e45dde30,RUN_20260917_222746,v4-market-dirichlet-20260913,2026-09-17T22:27:46+08:00,2026-09-17T22:27:46+08:00,2026-09-18T09:00:00+08:00,10.537,False,True,False
V4_SHADOW,3091703,2026-09-17,巴马全联,阿卡德锦标 vs 佐利奴,,,,,,0-3,-1,,,D:\codex\v3_legacy\outputs\football_odds_trader\raw\titan007\20260918\20260918_155806_titan007_odds_snapshot.csv,MISSING_V4_SIDE_LINE_WATER_OR_TEAM,f95c2a34da54e5644ce3,RUN_20260917_222746,v4-market-dirichlet-20260913,2026-09-17T22:27:46+08:00,2026-09-17T22:27:46+08:00,2026-09-18T09:00:00+08:00,10.537,False,False,False
V4_SHADOW,3089765,2026-09-17,首相杯,巴布亚新几内亚 vs 瓦努阿图,瓦努阿图,receiving,0.25,1.01,C,2-1,-1,L,-1.0,D:\codex\v3_legacy\outputs\football_odds_trader\raw\titan007\20260918\20260918_155806_titan007_odds_snapshot.csv,SETTLED,f9d98cf16961b5dcece7,RUN_20260917_222746,v4-market-dirichlet-20260913,2026-09-17T22:27:46+08:00,2026-09-17T22:27:46+08:00,2026-09-18T10:00:00+08:00,11.537,False,True,False
V4_SHADOW,3085191,2026-09-17,中美俱杯,FC阿里安沙 vs 摩塔瓜,,,,,,0-0,-1,,,D:\codex\v3_legacy\outputs\football_odds_trader\raw\titan007\20260918\20260918_074935_titan007_odds_snapshot.csv,MISSING_V4_SIDE_LINE_WATER_OR_TEAM,38db8ea627463976dd6c,RUN_20260917_070607,v4-market-dirichlet-20260913,2026-09-17T07:06:07+08:00,2026-09-17T07:06:07+08:00,2026-09-17T11:15:00+08:00,4.148,False,False,False
V4_SHADOW,3091587,2026-09-17,国际友谊,所罗门群岛女足 vs 瓦努阿图女足,,,,,,1-1,-1,,,D:\codex\v3_legacy\outputs\football_odds_trader\raw\titan007\20260918\20260918_074935_titan007_odds_snapshot.csv,MISSING_V4_SIDE_LINE_WATER_OR_TEAM,e01b80da480049b6baa7,RUN_20260917_070607,v4-market-dirichlet-20260913,2026-09-17T07:06:07+08:00,2026-09-17T07:06:07+08:00,2026-09-17T12:00:00+08:00,4.898,False,False,False
V4_SHADOW,3088014,2026-09-17,亚运女足,乌兹别克斯坦女足(中) vs 中国女足,乌兹别克斯坦女足(中),receiving,3.25,0.67,N,1-1,-1,W,0.67,D:\codex\v3_legacy\outputs\football_odds_trader\raw\titan007\20260918\20260918_074935_titan007_odds_snapshot.csv,SETTLED,1ce5b0877a5b162658c2,RUN_20260917_070607,v4-market-dirichlet-20260913,2026-09-17T07:06:07+08:00,2026-09-17T07:06:07+08:00,2026-09-17T13:00:00+08:00,5.898,False,True,False
V4_SHADOW,3091456,2026-09-17,大洋女U16,库克群岛女足U16 vs 汤加女足U16,,,,,,3-2,-1,,,D:\codex\v3_legacy\outputs\football_odds_trader\raw\titan007\20260918\20260918_074935_titan007_odds_snapshot.csv,MISSING_V4_SIDE_LINE_WATER_OR_TEAM,20d85bf390e348fabf46,RUN_20260917_070607,v4-market-dirichlet-20260913,2026-09-17T07:06:07+08:00,2026-09-17T07:06:07+08:00,2026-09-17T13:00:00+08:00,5.898,False,False,False
V4_SHADOW,3091642,2026-09-17,印班超,星联队 vs ASC中心FC,,,,,,3-2,-1,,,D:\codex\v3_legacy\outputs\football_odds_trader\raw\titan007\20260918\20260918_074935_titan007_odds_snapshot.csv,MISSING_V4_SIDE_LINE_WATER_OR_TEAM,65fb9856481aada5cff4,RUN_20260917_070607,v4-market-dirichlet-20260913,2026-09-17T07:06:07+08:00,2026-09-17T07:06:07+08:00,2026-09-17T13:30:00+08:00,6.398,False,False,False
V4_SHADOW,3088002,2026-09-17,亚运女足,泰国女足(中) vs 中国台湾女足,中国台湾女足,giving,-0.5,0.62,N,0-1,-1,W,0.62,D:\codex\v3_legacy\outputs\football_odds_trader\raw\titan007\20260918\20260918_074935_titan007_odds_snapshot.csv,SETTLED,f2ed86804daff68b19f1,RUN_20260917_070607,v4-market-dirichlet-20260913,2026-09-17T07:06:07+08:00,2026-09-17T07:06:07+08:00,2026-09-17T15:00:00+08:00,7.898,False,True,False
V4_SHADOW,3088008,2026-09-17,亚运女足,孟加拉国女足(中) vs 韩国女足,,,,,,0-6,-1,,,D:\codex\v3_legacy\outputs\football_odds_trader\raw\titan007\20260918\20260918_074935_titan007_odds_snapshot.csv,MISSING_V4_SIDE_LINE_WATER_OR_TEAM,bf14341061f95415eb44,RUN_20260917_070607,v4-market-dirichlet-20260913,2026-09-17T07:06:07+08:00,2026-09-17T07:06:07+08:00,2026-09-17T15:00:00+08:00,7.898,False,False,False
V4_SHADOW,3091588,2026-09-17,国际友谊,斐济女足 vs 巴布亚新几内亚女足,,,,,,0-4,-1,,,D:\codex\v3_legacy\outputs\football_odds_trader\raw\titan007\20260918\20260918_074935_titan007_odds_snapshot.csv,MISSING_V4_SIDE_LINE_WATER_OR_TEAM,78b4026e7de852406cc8,RUN_20260917_070607,v4-market-dirichlet-20260913,2026-09-17T07:06:07+08:00,2026-09-17T07:06:07+08:00,2026-09-17T15:00:00+08:00,7.898,False,False,False
V4_SHADOW,3091721,2026-09-17,中青U13,广州英华思力U13 vs 恒大足校U13,,,,,,1-1,-1,,,D:\codex\v3_legacy\outputs\football_odds_trader\raw\titan007\20260918\20260918_074935_titan007_odds_snapshot.csv,MISSING_V4_SIDE_LINE_WATER_OR_TEAM,6e673f0ca245db37835b,RUN_20260917_070607,v4-market-dirichlet-20260913,2026-09-17T07:06:07+08:00,2026-09-17T07:06:07+08:00,2026-09-17T15:00:00+08:00,7.898,False,False,False
V4_SHADOW,3091722,2026-09-17,中青U13,北京国安U13 vs 上海申花U13,,,,,,1-3,-1,,,D:\codex\v3_legacy\outputs\football_odds_trader\raw\titan007\20260918\20260918_074935_titan007_odds_snapshot.csv,MISSING_V4_SIDE_LINE_WATER_OR_TEAM,4c85fb2ef0e01b463b91,RUN_20260917_070607,v4-market-dirichlet-20260913,2026-09-17T07:06:07+08:00,2026-09-17T07:06:07+08:00,2026-09-17T15:00:00+08:00,7.898,False,False,False
V4_SHADOW,3091967,2026-09-17,中青U15,广东铭途U15 vs 恒大足校U15,,,,,,2-1,-1,,,D:\codex\v3_legacy\outputs\football_odds_trader\raw\titan007\20260918\20260918_074935_titan007_odds_snapshot.csv,MISSING_V4_SIDE_LINE_WATER_OR_TEAM,d568ec832257fa6c2e00,RUN_20260917_171030,v4-market-dirichlet-20260913,2026-09-17T17:10:30+08:00,2026-09-17T17:10:30+08:00,2026-09-17T15:00:00+08:00,-2.175,False,False,False
V4_SHADOW,3091968,2026-09-17,中青U15,福建超体U15 vs 上海海港U15,,,,,,0-0,-1,,,D:\codex\v3_legacy\outputs\football_odds_trader\raw\titan007\20260918\20260918_074935_titan007_odds_snapshot.csv,MISSING_V4_SIDE_LINE_WATER_OR_TEAM,344b71cdc2c46d171e85,RUN_20260917_171030,v4-market-dirichlet-20260913,2026-09-17T17:10:30+08:00,2026-09-17T17:10:30+08:00,2026-09-17T15:00:00+08:00,-2.175,False,False,False
V4_SHADOW,3091969,2026-09-17,中青U15,武汉三镇U15 vs 北京三高U15,,,,,,1-1,-1,,,D:\codex\v3_legacy\outputs\football_odds_trader\raw\titan007\20260918\20260918_074935_titan007_odds_snapshot.csv,MISSING_V4_SIDE_LINE_WATER_OR_TEAM,a725c57cba379a8e5360,RUN_20260917_171030,v4-market-dirichlet-20260913,2026-09-17T17:10:30+08:00,2026-09-17T17:10:30+08:00,2026-09-17T15:00:00+08:00,-2.175,False,False,False
V4_SHADOW,3091970,2026-09-17,中青U15,长沙麓山阳光U15 vs 山东泰山U15,,,,,,0-2,-1,,,D:\codex\v3_legacy\outputs\football_odds_trader\raw\titan007\20260918\20260918_074935_titan007_odds_snapshot.csv,MISSING_V4_SIDE_LINE_WATER_OR_TEAM,c6dc35c7e37e8f68c481,RUN_20260917_171030,v4-market-dirichlet-20260913,2026-09-17T17:10:30+08:00,2026-09-17T17:10:30+08:00,2026-09-17T15:00:00+08:00,-2.175,False,False,False
V4_SHADOW,3091687,2026-09-17,印班超,叛军FC vs 麦格,,,,,,1-2,-1,,,D:\codex\v3_legacy\outputs\football_odds_trader\raw\titan007\20260918\20260918_074935_titan007_odds_snapshot.csv,MISSING_V4_SIDE_LINE_WATER_OR_TEAM,4d8c34049d1d1e1a9559,RUN_20260917_070607,v4-market-dirichlet-20260913,2026-09-17T07:06:07+08:00,2026-09-17T07:06:07+08:00,2026-09-17T16:00:00+08:00,8.898,False,False,False
V4_SHADOW,3091455,2026-09-17,大洋女U16,所罗门群岛女足U16 vs 萨摩亚女足U16,,,,,,0-2,-1,,,D:\codex\v3_legacy\outputs\football_odds_trader\raw\titan007\20260918\20260918_074935_titan007_odds_snapshot.csv,MISSING_V4_SIDE_LINE_WATER_OR_TEAM,dab5dc4c39c8faebe9c2,RUN_20260917_070607,v4-market-dirichlet-20260913,2026-09-17T07:06:07+08:00,2026-09-17T07:06:07+08:00,2026-09-17T16:00:00+08:00,8.898,False,False,False
V4_SHADOW,3091950,2026-09-17,泰U21,查英特U21 vs 芭堤雅联队U21,,,,,,5-0,-1,,,D:\codex\v3_legacy\outputs\football_odds_trader\raw\titan007\20260918\20260918_074935_titan007_odds_snapshot.csv,MISSING_V4_SIDE_LINE_WATER_OR_TEAM,efd9874096e51cd501a1,RUN_20260917_171030,v4-market-dirichlet-20260913,2026-09-17T17:10:30+08:00,2026-09-17T17:10:30+08:00,2026-09-17T16:30:00+08:00,-0.675,False,False,False
V4_SHADOW,3091768,2026-09-17,马统杯,登嘉楼U20 vs 森比兰U20,,,,,,2-0,-1,,,D:\codex\v3_legacy\outputs\football_odds_trader\raw\titan007\20260918\20260918_074935_titan007_odds_snapshot.csv,MISSING_V4_SIDE_LINE_WATER_OR_TEAM,d04e5732a4aefcf6883b,RUN_20260917_171030,v4-market-dirichlet-20260913,2026-09-17T17:10:30+08:00,2026-09-17T17:10:30+08:00,2026-09-17T16:45:00+08:00,-0.425,False,False,False
V4_SHADOW,3091772,2026-09-17,马统杯,雪兰莪U20 vs 触控电子U20,,,,,,2-0,-1,,,D:\codex\v3_legacy\outputs\football_odds_trader\raw\titan007\20260918\20260918_074935_titan007_odds_snapshot.csv,MISSING_V4_SIDE_LINE_WATER_OR_TEAM,50423d0ae9985c9809c2,RUN_20260917_171030,v4-market-dirichlet-20260913,2026-09-17T17:10:30+08:00,2026-09-17T17:10:30+08:00,2026-09-17T16:45:00+08:00,-0.425,False,False,False
V4_SHADOW,3091583,2026-09-17,缅甸U20,仰光联U20 vs 米瓦迪U20,,,,,,3-1,-1,,,D:\codex\v3_legacy\outputs\football_odds_trader\raw\titan007\20260918\20260918_074935_titan007_odds_snapshot.csv,MISSING_V4_SIDE_LINE_WATER_OR_TEAM,988a79df1c7ff7a9fb0f,RUN_20260917_070607,v4-market-dirichlet-20260913,2026-09-17T07:06:07+08:00,2026-09-17T07:06:07+08:00,2026-09-17T17:00:00+08:00,9.898,False,False,False
V4_SHADOW,3091584,2026-09-17,缅甸U20,大港星联U20 vs 汉达瓦底联U20,,,,,,1-1,-1,,,D:\codex\v3_legacy\outputs\football_odds_trader\raw\titan007\20260918\20260918_074935_titan007_odds_snapshot.csv,MISSING_V4_SIDE_LINE_WATER_OR_TEAM,9536d9f2fb28672bfaaf,RUN_20260917_070607,v4-market-dirichlet-20260913,2026-09-17T07:06:07+08:00,2026-09-17T07:06:07+08:00,2026-09-17T17:00:00+08:00,9.898,False,False,False
V4_SHADOW,3089265,2026-09-17,国际友谊,意大利U16 vs 西班牙U16,,,,,,1-5,-1,,,D:\codex\v3_legacy\outputs\football_odds_trader\raw\titan007\20260918\20260918_074935_titan007_odds_snapshot.csv,MISSING_V4_SIDE_LINE_WATER_OR_TEAM,b0e8814b0684e925968a,RUN_20260917_070607,v4-market-dirichlet-20260913,2026-09-17T07:06:07+08:00,2026-09-17T07:06:07+08:00,2026-09-17T17:00:00+08:00,9.898,False,False,False
V4_SHADOW,3091579,2026-09-17,国际友谊,意大利女足U17 vs 匈牙利女足U17,,,,,,2-2,-1,,,D:\codex\v3_legacy\outputs\football_odds_trader\raw\titan007\20260918\20260918_074935_titan007_odds_snapshot.csv,MISSING_V4_SIDE_LINE_WATER_OR_TEAM,b5d321933c60b1628580,RUN_20260917_070607,v4-market-dirichlet-20260913,2026-09-17T07:06:07+08:00,2026-09-17T07:06:07+08:00,2026-09-17T17:00:00+08:00,9.898,False,False,False
V4_SHADOW,3091580,2026-09-17,国际友谊,法国U16 vs 爱尔兰U16,,,,,,2-1,-1,,,D:\codex\v3_legacy\outputs\football_odds_trader\raw\titan007\20260918\20260918_074935_titan007_odds_snapshot.csv,MISSING_V4_SIDE_LINE_WATER_OR_TEAM,a39b840ab93875e7207d,RUN_20260917_070607,v4-market-dirichlet-20260913,2026-09-17T07:06:07+08:00,2026-09-17T07:06:07+08:00,2026-09-17T17:00:00+08:00,9.898,False,False,False
V4_SHADOW,3091776,2026-09-17,印西隆联,南基维伊拉特 vs 兰达杰联,,,,,,1-2,-1,,,D:\codex\v3_legacy\outputs\football_odds_trader\raw\titan007\20260918\20260918_074935_titan007_odds_snapshot.csv,MISSING_V4_SIDE_LINE_WATER_OR_TEAM,862e4c04585ff728ab18,RUN_20260917_171030,v4-market-dirichlet-20260913,2026-09-17T17:10:30+08:00,2026-09-17T17:10:30+08:00,2026-09-17T17:30:00+08:00,0.325,False,False,False
V4_SHADOW,3089266,2026-09-17,国际友谊,匈牙利U16 vs 斯洛文尼亚U16,,,,,,3-2,-1,,,D:\codex\v3_legacy\outputs\football_odds_trader\raw\titan007\20260918\20260918_074935_titan007_odds_snapshot.csv,MISSING_V4_SIDE_LINE_WATER_OR_TEAM,eeeb205617032831922c,RUN_20260917_171030,v4-market-dirichlet-20260913,2026-09-17T17:10:30+08:00,2026-09-17T17:10:30+08:00,2026-09-17T17:30:00+08:00,0.325,False,False,False
V4_SHADOW,3069046,2026-09-17,亚冠联2,阿德莱德联 vs 和富大埔,和富大埔,receiving,1.75,0.99,N,3-0,-1,L,-1.0,D:\codex\v3_legacy\outputs\football_odds_trader\raw\titan007\20260918\20260918_074935_titan007_odds_snapshot.csv,SETTLED,cbceb264f2acbaca732c,RUN_20260917_171030,v4-market-dirichlet-20260913,2026-09-17T17:10:30+08:00,2026-09-17T17:10:30+08:00,2026-09-17T18:00:00+08:00,0.825,False,True,False
V4_SHADOW,3069047,2026-09-17,亚冠联2,狮城水手 vs 巴吞联,巴吞联,receiving,0.5,0.89,N,1-1,-1,W,0.89,D:\codex\v3_legacy\outputs\football_odds_trader\raw\titan007\20260918\20260918_074935_titan007_odds_snapshot.csv,SETTLED,8468ed85aa71a98cc00a,RUN_20260917_171030,v4-market-dirichlet-20260913,2026-09-17T17:10:30+08:00,2026-09-17T17:10:30+08:00,2026-09-17T18:00:00+08:00,0.825,False,True,False
V4_SHADOW,3069058,2026-09-17,亚冠联2,町田泽维亚 vs 柴桢,町田泽维亚,giving,-3.0,0.93,C,2-0,-1,L,-1.0,D:\codex\v3_legacy\outputs\football_odds_trader\raw\titan007\20260918\20260918_074935_titan007_odds_snapshot.csv,SETTLED,27a096fb4438ac1d2c50,RUN_20260917_171030,v4-market-dirichlet-20260913,2026-09-17T17:10:30+08:00,2026-09-17T17:10:30+08:00,2026-09-17T18:00:00+08:00,0.825,False,True,False
V4_SHADOW,3088015,2026-09-17,亚运女足,中国香港女足<font color=#880000>(中)</font> vs 菲律宾女足,中国香港女足<font color=#880000>(中)</font>,receiving,1.5,0.82,N,0-2,-1,L,-1.0,D:\codex\v3_legacy\outputs\football_odds_trader\raw\titan007\20260918\20260918_074935_titan007_odds_snapshot.csv,SETTLED,1e420eaaeb21d78216da,RUN_20260917_171030,v4-market-dirichlet-20260913,2026-09-17T17:10:30+08:00,2026-09-17T17:10:30+08:00,2026-09-17T18:00:00+08:00,0.825,False,True,False
V4_SHADOW,3089656,2026-09-17,非青杯外,卢旺达U20 vs 埃塞俄比亚U20,埃塞俄比亚U20,receiving,0.25,0.74,N,0-0,-1,HW,0.37,D:\codex\v3_legacy\outputs\football_odds_trader\raw\titan007\20260918\20260918_074935_titan007_odds_snapshot.csv,SETTLED,4e26ea30baa18b2c72b6,RUN_20260917_171030,v4-market-dirichlet-20260913,2026-09-17T17:10:30+08:00,2026-09-17T17:10:30+08:00,2026-09-17T19:00:00+08:00,1.825,False,True,False
V4_SHADOW,3091581,2026-09-17,国际友谊,立陶宛U16 vs 保加利亚U16,,,,,,2-3,-1,,,D:\codex\v3_legacy\outputs\football_odds_trader\raw\titan007\20260918\20260918_074935_titan007_odds_snapshot.csv,MISSING_V4_SIDE_LINE_WATER_OR_TEAM,8ec48e80eb55b644e054,RUN_20260917_171030,v4-market-dirichlet-20260913,2026-09-17T17:10:30+08:00,2026-09-17T17:10:30+08:00,2026-09-17T18:00:00+08:00,0.825,False,False,False
V4_SHADOW,3091725,2026-09-17,泰U21,廊莫那浦府U21 vs 港口FC U21,,,,,,6-0,-1,,,D:\codex\v3_legacy\outputs\football_odds_trader\raw\titan007\20260918\20260918_074935_titan007_odds_snapshot.csv,MISSING_V4_SIDE_LINE_WATER_OR_TEAM,cfa66d1b408ab20e4446,RUN_20260917_171030,v4-market-dirichlet-20260913,2026-09-17T17:10:30+08:00,2026-09-17T17:10:30+08:00,2026-09-17T18:00:00+08:00,0.825,False,False,False
V4_SHADOW,3088003,2026-09-17,亚运女足,越南女足<font color=#880000>(中)</font> vs 日本女足,日本女足,giving,-5.0,0.78,N,0-8,-1,W,0.78,D:\codex\v3_legacy\outputs\football_odds_trader\raw\titan007\20260918\20260918_074935_titan007_odds_snapshot.csv,SETTLED,0dc9618948eaa5848fb3,RUN_20260917_171030,v4-market-dirichlet-20260913,2026-09-17T17:10:30+08:00,2026-09-17T17:10:30+08:00,2026-09-17T18:30:00+08:00,1.325,False,True,False
V4_SHADOW,3088009,2026-09-17,亚运女足,缅甸女足<font color=#880000>(中)</font> vs 朝鲜女足,缅甸女足<font color=#880000>(中)</font>,receiving,6.0,1.06,N,0-8,-1,L,-1.0,D:\codex\v3_legacy\outputs\football_odds_trader\raw\titan007\20260918\20260918_074935_titan007_odds_snapshot.csv,SETTLED,2e1d961bcd82785385d4,RUN_20260917_171030,v4-market-dirichlet-20260913,2026-09-17T17:10:30+08:00,2026-09-17T17:10:30+08:00,2026-09-17T18:30:00+08:00,1.325,False,True,False
V4_SHADOW,3091774,2026-09-17,印班超,SC班加罗尔 vs 班加罗尔城,,,,,,0-0,-1,,,D:\codex\v3_legacy\outputs\football_odds_trader\raw\titan007\20260918\20260918_074935_titan007_odds_snapshot.csv,MISSING_V4_SIDE_LINE_WATER_OR_TEAM,6a6a42aef8c6b9e4df4d,RUN_20260917_171030,v4-market-dirichlet-20260913,2026-09-17T17:10:30+08:00,2026-09-17T17:10:30+08:00,2026-09-17T18:30:00+08:00,1.325,False,False,False
V4_SHADOW,3091608,2026-09-17,挪青杯,萨尔普斯堡U19 vs 奥特格宁兰U19,,,,,,3-6,-1,,,D:\codex\v3_legacy\outputs\football_odds_trader\raw\titan007\20260918\20260918_074935_titan007_odds_snapshot.csv,MISSING_V4_SIDE_LINE_WATER_OR_TEAM,2982a5ada5cb4e20a8ca,RUN_20260917_171030,v4-market-dirichlet-20260913,2026-09-17T17:10:30+08:00,2026-09-17T17:10:30+08:00,2026-09-17T19:00:00+08:00,1.825,False,False,False
V4_SHADOW,3047493,2026-09-17,泰甲,赤大布瑞 vs 泰国农业FC,赤大布瑞,giving,-0.5,0.56,N,2-0,-1,W,0.56,D:\codex\v3_legacy\outputs\football_odds_trader\raw\titan007\20260918\20260918_074935_titan007_odds_snapshot.csv,SETTLED,303ef384b99c3331aa54,RUN_20260917_171030,v4-market-dirichlet-20260913,2026-09-17T17:10:30+08:00,2026-09-17T17:10:30+08:00,2026-09-17T19:00:00+08:00,1.825,False,True,False
V4_SHADOW,2965034,2026-09-17,哈萨克甲,奥杜斯基克 vs 贾伊克,,,,,,0-0,-1,,,D:\codex\v3_legacy\outputs\football_odds_trader\raw\titan007\20260918\20260918_074935_titan007_odds_snapshot.csv,MISSING_V4_SIDE_LINE_WATER_OR_TEAM,549e01728e8c9501f9ff,RUN_20260917_171030,v4-market-dirichlet-20260913,2026-09-17T17:10:30+08:00,2026-09-17T17:10:30+08:00,2026-09-17T19:00:00+08:00,1.825,False,False,False
V4_SHADOW,2965035,2026-09-17,哈萨克甲,FK阿雷斯 vs 阿克托比B队,,,,,,4-1,-1,,,D:\codex\v3_legacy\outputs\football_odds_trader\raw\titan007\20260918\20260918_074935_titan007_odds_snapshot.csv,MISSING_V4_SIDE_LINE_WATER_OR_TEAM,53eaebc79d5f63b1b7a6,RUN_20260917_171030,v4-market-dirichlet-20260913,2026-09-17T17:10:30+08:00,2026-09-17T17:10:30+08:00,2026-09-17T19:00:00+08:00,1.825,False,False,False
V4_SHADOW,2965038,2026-09-17,哈萨克甲,沙克特 vs 塔拉兹,,,,,,0-0,-1,,,D:\codex\v3_legacy\outputs\football_odds_trader\raw\titan007\20260918\20260918_074935_titan007_odds_snapshot.csv,MISSING_V4_SIDE_LINE_WATER_OR_TEAM,e86b8262109f313601c8,RUN_20260917_171030,v4-market-dirichlet-20260913,2026-09-17T17:10:30+08:00,2026-09-17T17:10:30+08:00,2026-09-17T19:00:00+08:00,1.825,False,False,False
V4_SHADOW,3091451,2026-09-17,国际友谊,塔吉克斯坦女足U17 vs 伊朗女足U17,,,,,,0-4,-1,,,D:\codex\v3_legacy\outputs\football_odds_trader\raw\titan007\20260918\20260918_074935_titan007_odds_snapshot.csv,MISSING_V4_SIDE_LINE_WATER_OR_TEAM,0430c8023b426f9e3d00,RUN_20260917_171030,v4-market-dirichlet-20260913,2026-09-17T17:10:30+08:00,2026-09-17T17:10:30+08:00,2026-09-17T19:00:00+08:00,1.825,False,False,False
V4_SHADOW,3084307,2026-09-17,土杯,耶尼阿马斯亚 vs 坎基里古库,,,,,,10-0,-1,,,D:\codex\v3_legacy\outputs\football_odds_trader\raw\titan007\20260918\20260918_074935_titan007_odds_snapshot.csv,MISSING_V4_SIDE_LINE_WATER_OR_TEAM,7d454c12a8a4f34731fd,RUN_20260917_171030,v4-market-dirichlet-20260913,2026-09-17T17:10:30+08:00,2026-09-17T17:10:30+08:00,2026-09-17T19:30:00+08:00,2.325,False,False,False
V4_SHADOW,3047494,2026-09-17,泰甲,曼黎府联队 vs 帕府联合,,,,,,2-0,-1,,,D:\codex\v3_legacy\outputs\football_odds_trader\raw\titan007\20260918\20260918_074935_titan007_odds_snapshot.csv,MISSING_V4_SIDE_LINE_WATER_OR_TEAM,5f799a2fadb60c934df3,RUN_20260917_171030,v4-market-dirichlet-20260913,2026-09-17T17:10:30+08:00,2026-09-17T17:10:30+08:00,2026-09-17T20:00:00+08:00,2.825,False,False,False
V4_SHADOW,2966500,2026-09-17,俄乙B中,洛特伏尔加格勒B队 vs 沃尔纳诺夫哥罗德,,,,,,0-2,-1,,,D:\codex\v3_legacy\outputs\football_odds_trader\raw\titan007\20260918\20260918_074935_titan007_odds_snapshot.csv,MISSING_V4_SIDE_LINE_WATER_OR_TEAM,561dcd94274a080ca458,RUN_20260917_171030,v4-market-dirichlet-20260913,2026-09-17T17:10:30+08:00,2026-09-17T17:10:30+08:00,2026-09-17T20:00:00+08:00,2.825,False,False,False
V4_SHADOW,3091595,2026-09-17,格鲁丙,古利亚兰奇胡提 vs 第比利斯迪纳摩B队,,,,,,2-0,-1,,,D:\codex\v3_legacy\outputs\football_odds_trader\raw\titan007\20260918\20260918_074935_titan007_odds_snapshot.csv,MISSING_V4_SIDE_LINE_WATER_OR_TEAM,dea3804d06aab4d95789,RUN_20260917_171030,v4-market-dirichlet-20260913,2026-09-17T17:10:30+08:00,2026-09-17T17:10:30+08:00,2026-09-17T20:00:00+08:00,2.825,False,False,False
V4_SHADOW,3091759,2026-09-17,格鲁丙,马格维特2006 vs 戈尔达巴尼,,,,,,3-0,-1,,,D:\codex\v3_legacy\outputs\football_odds_trader\raw\titan007\20260918\20260918_074935_titan007_odds_snapshot.csv,MISSING_V4_SIDE_LINE_WATER_OR_TEAM,be7bfc3530c93c0b078e,RUN_20260917_171030,v4-market-dirichlet-20260913,2026-09-17T17:10:30+08:00,2026-09-17T17:10:30+08:00,2026-09-17T20:00:00+08:00,2.825,False,False,False
V4_SHADOW,3089267,2026-09-17,国际友谊,摩尔多瓦U16 vs 塞浦路斯U16,,,,,,2-1,-1,,,D:\codex\v3_legacy\outputs\football_odds_trader\raw\titan007\20260918\20260918_074935_titan007_odds_snapshot.csv,MISSING_V4_SIDE_LINE_WATER_OR_TEAM,223fe16d3c5c879d3dd5,RUN_20260917_171030,v4-market-dirichlet-20260913,2026-09-17T17:10:30+08:00,2026-09-17T17:10:30+08:00,2026-09-17T20:00:00+08:00,2.825,False,False,False
V4_SHADOW,3091614,2026-09-17,格鲁丙,伊比利亚队2010 vs 梅拉尼第比利斯,,,,,,2-2,-1,,,D:\codex\v3_legacy\outputs\football_odds_trader\raw\titan007\20260918\20260918_074935_titan007_odds_snapshot.csv,MISSING_V4_SIDE_LINE_WATER_OR_TEAM,f55f0443e5d083d5a9b4,RUN_20260917_171030,v4-market-dirichlet-20260913,2026-09-17T17:10:30+08:00,2026-09-17T17:10:30+08:00,2026-09-17T20:00:00+08:00,2.825,False,False,False
V4_SHADOW,3069059,2026-09-17,亚冠联2,上海申花 vs 淡滨尼流浪者,淡滨尼流浪者,receiving,1.5,0.85,N,2-1,-1,W,0.85,D:\codex\v3_legacy\outputs\football_odds_trader\raw\titan007\20260918\20260918_074935_titan007_odds_snapshot.csv,SETTLED,dcaf98fc589d2d5805a6,RUN_20260917_171030,v4-market-dirichlet-20260913,2026-09-17T17:10:30+08:00,2026-09-17T17:10:30+08:00,2026-09-17T20:15:00+08:00,3.075,False,True,False
V4_SHADOW,3069070,2026-09-17,亚冠联2,杰志 vs 江原FC,杰志,giving,-0.25,1.0,N,0-0,-1,HL,-0.5,D:\codex\v3_legacy\outputs\football_odds_trader\raw\titan007\20260918\20260918_074935_titan007_odds_snapshot.csv,SETTLED,0e20adf6d387589eefe9,RUN_20260917_171030,v4-market-dirichlet-20260913,2026-09-17T17:10:30+08:00,2026-09-17T17:10:30+08:00,2026-09-17T20:15:00+08:00,3.075,False,True,False
V4_SHADOW,3069071,2026-09-17,亚冠联2,金边FC vs 古晋足协,,,,,,2-1,-1,,,D:\codex\v3_legacy\outputs\football_odds_trader\raw\titan007\20260918\20260918_074935_titan007_odds_snapshot.csv,MISSING_V4_SIDE_LINE_WATER_OR_TEAM,fbd0c46c67c75c15bf43,RUN_20260917_171030,v4-market-dirichlet-20260913,2026-09-17T17:10:30+08:00,2026-09-17T17:10:30+08:00,2026-09-17T20:15:00+08:00,3.075,False,False,False
V4_SHADOW,3089261,2026-09-17,阿塞甲,巴库体育FK vs 萨巴伊,,,,,,0-1,-1,,,D:\codex\v3_legacy\outputs\football_odds_trader\raw\titan007\20260918\20260918_074935_titan007_odds_snapshot.csv,MISSING_V4_SIDE_LINE_WATER_OR_TEAM,de1826619d191632ded9,RUN_20260917_171030,v4-market-dirichlet-20260913,2026-09-17T17:10:30+08:00,2026-09-17T17:10:30+08:00,2026-09-17T20:30:00+08:00,3.325,False,False,False
V4_SHADOW,3089262,2026-09-17,阿塞甲,埃涅尔格提克 vs 希伯来FK,,,,,,0-3,-1,,,D:\codex\v3_legacy\outputs\football_odds_trader\raw\titan007\20260918\20260918_074935_titan007_odds_snapshot.csv,MISSING_V4_SIDE_LINE_WATER_OR_TEAM,e0a09aa21fc71d58b757,RUN_20260917_171030,v4-market-dirichlet-20260913,2026-09-17T17:10:30+08:00,2026-09-17T17:10:30+08:00,2026-09-17T20:30:00+08:00,3.325,False,False,False
V4_SHADOW,3089269,2026-09-17,加尔联,莫恩巴甘II vs 莫哈末丹,,,,,,,,,,,NOT_FINAL_STATE_UNKNOWN,3d0bd5e1e3229ba2407a,RUN_20260917_171030,v4-market-dirichlet-20260913,2026-09-17T17:10:30+08:00,2026-09-17T17:10:30+08:00,2026-09-17T17:30:00+08:00,0.325,False,False,False
V4_SHADOW,3091956,2026-09-17,卢旺达联,加索基 vs 大猩猩FC,,,,,,,-14,,,D:\codex\v3_legacy\outputs\football_odds_trader\raw\titan007\20260918\20260918_074935_titan007_odds_snapshot.csv,NOT_FINAL_STATE_-14,056c1e2dc4d114c055aa,RUN_20260917_203052,v4-market-dirichlet-20260913,2026-09-17T20:30:52+08:00,2026-09-17T20:30:52+08:00,2026-09-17T21:00:00+08:00,0.486,False,False,False
V4_SHADOW,3091559,2026-09-17,黑山U19,尼卡斯克U19 vs 伊斯克拉丹尼U19,,,,,,2-2,-1,,,D:\codex\v3_legacy\outputs\football_odds_trader\raw\titan007\20260918\20260918_074935_titan007_odds_snapshot.csv,MISSING_V4_SIDE_LINE_WATER_OR_TEAM,90b65491d18b956562ee,RUN_20260917_203052,v4-market-dirichlet-20260913,2026-09-17T20:30:52+08:00,2026-09-17T20:30:52+08:00,2026-09-17T21:00:00+08:00,0.486,False,False,False
V4_SHADOW,3091596,2026-09-17,格鲁丙,第比利斯火车头 vs 格鲁吉亚奥比,,,,,,2-0,-1,,,D:\codex\v3_legacy\outputs\football_odds_trader\raw\titan007\20260918\20260918_074935_titan007_odds_snapshot.csv,MISSING_V4_SIDE_LINE_WATER_OR_TEAM,989f895246fc558d4d17,RUN_20260917_070607,v4-market-dirichlet-20260913,2026-09-17T07:06:07+08:00,2026-09-17T07:06:07+08:00,2026-09-17T17:00:00+08:00,9.898,False,False,False
V4_SHADOW,3058788,2026-09-17,布隆迪超,国际之星 vs 恩戈齐使者,,,,,,,,,,,NOT_FINAL_STATE_UNKNOWN,fc1219fb594f00f6f139,RUN_20260917_203052,v4-market-dirichlet-20260913,2026-09-17T20:30:52+08:00,2026-09-17T20:30:52+08:00,2026-09-17T21:00:00+08:00,0.486,False,False,False
V4_SHADOW,3089268,2026-09-17,国际友谊,苏格兰女足U17 vs 德国女足U17,,,,,,1-1,-1,,,D:\codex\v3_legacy\outputs\football_odds_trader\raw\titan007\20260918\20260918_074935_titan007_odds_snapshot.csv,MISSING_V4_SIDE_LINE_WATER_OR_TEAM,5b67ab97bdd4bbc6f2ac,RUN_20260917_203052,v4-market-dirichlet-20260913,2026-09-17T20:30:52+08:00,2026-09-17T20:30:52+08:00,2026-09-17T21:00:00+08:00,0.486,False,False,False
V4_SHADOW,3089250,2026-09-17,埃及甲,达雅洛特 vs 霍尔比,,,,,,,0,,,D:\codex\v3_legacy\outputs\football_odds_trader\raw\titan007\20260918\20260918_155806_titan007_odds_snapshot.csv,NOT_FINAL_STATE_0,2527811ba1e8cb131c9c,RUN_20260917_203052,v4-market-dirichlet-20260913,2026-09-17T20:30:52+08:00,2026-09-17T20:30:52+08:00,2026-09-17T21:30:00+08:00,0.986,False,False,False
V4_SHADOW,3091453,2026-09-17,阿联U21,迪拜环城U21 vs 沙瑞加U21,,,,,,,,,,,NOT_FINAL_STATE_UNKNOWN,7c5d0499c1e1d1e6f299,RUN_20260917_203052,v4-market-dirichlet-20260913,2026-09-17T20:30:52+08:00,2026-09-17T20:30:52+08:00,2026-09-17T21:30:00+08:00,0.986,False,False,False
V4_SHADOW,3086039,2026-09-17,以女甲,凯尔耶特女足 vs 布尔尼坦亚女足,,,,,,,,,,,NOT_FINAL_STATE_UNKNOWN,5caac4df7c6a26fda3bf,RUN_20260917_070607,v4-market-dirichlet-20260913,2026-09-17T07:06:07+08:00,2026-09-17T07:06:07+08:00,2026-09-17T00:40:00+08:00,-6.435,False,False,False
V4_SHADOW,2966494,2026-09-17,俄乙B中,FK雷阿萨 vs 拉明斯科土星,,,,,,2-2,-1,,,D:\codex\v3_legacy\outputs\football_odds_trader\raw\titan007\20260918\20260918_074935_titan007_odds_snapshot.csv,MISSING_V4_SIDE_LINE_WATER_OR_TEAM,9558a67da17b7c7c3dc4,RUN_20260917_222746,v4-market-dirichlet-20260913,2026-09-17T22:27:46+08:00,2026-09-17T22:27:46+08:00,2026-09-18T00:00:00+08:00,1.537,False,False,False
V4_SHADOW,3046994,2026-09-17,沙特联,艾卜哈 vs 费萨里哈曼,,,,,,,,,,,NOT_FINAL_STATE_UNKNOWN,e689866a87277b3fd186,RUN_20260917_222746,v4-market-dirichlet-20260913,2026-09-17T22:27:46+08:00,2026-09-17T22:27:46+08:00,2026-09-18T02:00:00+08:00,3.537,False,False,False
V4_SHADOW,3046995,2026-09-17,沙特联,达曼协作 vs 塞哈特海湾,,,,,,,,,,,NOT_FINAL_STATE_UNKNOWN,8038ec8b8638b7c3fa52,RUN_20260917_222746,v4-market-dirichlet-20260913,2026-09-17T22:27:46+08:00,2026-09-17T22:27:46+08:00,2026-09-18T02:00:00+08:00,3.537,False,False,False
V4_SHADOW,3046996,2026-09-17,沙特联,哈萨征服 vs 吉达国民,,,,,,,,,,,NOT_FINAL_STATE_UNKNOWN,f519a12bc0a470928243,RUN_20260917_222746,v4-market-dirichlet-20260913,2026-09-17T22:27:46+08:00,2026-09-17T22:27:46+08:00,2026-09-18T02:00:00+08:00,3.537,False,False,False
V4_SHADOW,3046997,2026-09-17,沙特联,费哈 vs 利雅得体育,,,,,,,,,,,NOT_FINAL_STATE_UNKNOWN,b25edeb3e2c036cd55f4,RUN_20260917_222746,v4-market-dirichlet-20260913,2026-09-17T22:27:46+08:00,2026-09-17T22:27:46+08:00,2026-09-18T02:00:00+08:00,3.537,False,False,False
V4_SHADOW,3046998,2026-09-17,沙特联,哈森姆 vs 新未来城体育,,,,,,,,,,,NOT_FINAL_STATE_UNKNOWN,599bfff9c45f58cb1d59,RUN_20260917_222746,v4-market-dirichlet-20260913,2026-09-17T22:27:46+08:00,2026-09-17T22:27:46+08:00,2026-09-18T02:00:00+08:00,3.537,False,False,False
V4_SHADOW,3046999,2026-09-17,沙特联,利雅得新月 vs 吉达联合,,,,,,,,,,,NOT_FINAL_STATE_UNKNOWN,ef68f43c7ddb4225160a,RUN_20260917_222746,v4-market-dirichlet-20260913,2026-09-17T22:27:46+08:00,2026-09-17T22:27:46+08:00,2026-09-18T02:00:00+08:00,3.537,False,False,False
V4_SHADOW,3047000,2026-09-17,沙特联,拉斯永恒 vs 卡达西亚,,,,,,,,,,,NOT_FINAL_STATE_UNKNOWN,95332011f96c4d713287,RUN_20260917_222746,v4-market-dirichlet-20260913,2026-09-17T22:27:46+08:00,2026-09-17T22:27:46+08:00,2026-09-18T02:00:00+08:00,3.537,False,False,False
V4_SHADOW,3047001,2026-09-17,沙特联,利雅得胜利 vs 迪雷禾,,,,,,,,,,,NOT_FINAL_STATE_UNKNOWN,0106c5483fbf527abca6,RUN_20260917_222746,v4-market-dirichlet-20260913,2026-09-17T22:27:46+08:00,2026-09-17T22:27:46+08:00,2026-09-18T02:00:00+08:00,3.537,False,False,False
V4_SHADOW,3047002,2026-09-17,沙特联,利雅得青年人 vs 布赖代合作,,,,,,,,,,,NOT_FINAL_STATE_UNKNOWN,ec9e9d7f7b5255f4a219,RUN_20260917_222746,v4-market-dirichlet-20260913,2026-09-17T22:27:46+08:00,2026-09-17T22:27:46+08:00,2026-09-18T02:00:00+08:00,3.537,False,False,False
V4_SHADOW,3091777,2026-09-17,也统杯,哈德瑞马特 vs 史兰姆,,,,,,1-0,-1,,,D:\codex\v3_legacy\outputs\football_odds_trader\raw\titan007\20260918\20260918_074935_titan007_odds_snapshot.csv,MISSING_V4_SIDE_LINE_WATER_OR_TEAM,b3298791eecfa2dd125d,RUN_20260917_203052,v4-market-dirichlet-20260913,2026-09-17T20:30:52+08:00,2026-09-17T20:30:52+08:00,2026-09-17T21:00:00+08:00,0.486,False,False,False
V4_SHADOW,3085611,2026-09-17,黎足总,阿尔阿希德 vs 沙巴柏沙希,,,,,,,,,,,NOT_FINAL_STATE_UNKNOWN,21f70aa9f72f35ed0aa0,RUN_20260917_203052,v4-market-dirichlet-20260913,2026-09-17T20:30:52+08:00,2026-09-17T20:30:52+08:00,2026-09-17T21:00:00+08:00,0.486,False,False,False
V4_SHADOW,3085612,2026-09-17,黎足总,阿巴西 vs 阿科哈黎,,,,,,,,,,,NOT_FINAL_STATE_UNKNOWN,1f72a29cff81719399ad,RUN_20260917_203052,v4-market-dirichlet-20260913,2026-09-17T20:30:52+08:00,2026-09-17T20:30:52+08:00,2026-09-17T21:00:00+08:00,0.486,False,False,False
V4_SHADOW,3049664,2026-09-18,亚运男足,菲律宾U23(中) vs 越南U23,菲律宾U23(中),receiving,1.75,0.87,N,,3,,,D:\codex\v3_legacy\outputs\football_odds_trader\raw\titan007\20260918\20260918_155806_titan007_odds_snapshot.csv,NOT_FINAL_STATE_3,9f818cd9f26a80319a75,RUN_20260918_074935,v4-market-dirichlet-20260913,2026-09-18T07:49:35+08:00,2026-09-18T07:49:35+08:00,2026-09-18T14:30:00+08:00,6.674,False,True,False
V4_SHADOW,3089766,2026-09-18,首相杯,斐济 vs 所罗门群岛,,neutral,,,,,1,,,D:\codex\v3_legacy\outputs\football_odds_trader\raw\titan007\20260918\20260918_155806_titan007_odds_snapshot.csv,NOT_FINAL_STATE_1,452cd365e171ee375283,RUN_20260918_074935,v4-market-dirichlet-20260913,2026-09-18T07:49:35+08:00,2026-09-18T07:49:35+08:00,2026-09-18T15:00:00+08:00,7.174,False,False,False
V4_SHADOW,3087668,2026-09-18,中乙降A,长春喜都 vs 广东铭途,,,,,,,0,,,D:\codex\v3_legacy\outputs\football_odds_trader\raw\titan007\20260918\20260918_155806_titan007_odds_snapshot.csv,NOT_FINAL_STATE_0,e97f8a7772de7190b4af,RUN_20260918_074935,v4-market-dirichlet-20260913,2026-09-18T07:49:35+08:00,2026-09-18T07:49:35+08:00,2026-09-18T16:00:00+08:00,8.174,False,False,False
V4_SHADOW,3087669,2026-09-18,中乙降A,兰州陇原竞技 vs 温州职业,,,,,,,0,,,D:\codex\v3_legacy\outputs\football_odds_trader\raw\titan007\20260918\20260918_155806_titan007_odds_snapshot.csv,NOT_FINAL_STATE_0,49246cbbc73528e94eb2,RUN_20260918_074935,v4-market-dirichlet-20260913,2026-09-18T07:49:35+08:00,2026-09-18T07:49:35+08:00,2026-09-18T16:00:00+08:00,8.174,False,False,False
V4_SHADOW,3092107,2026-09-18,以丙,MS内塔尼亚 vs 佐菲海法,,,,,,,0,,,D:\codex\v3_legacy\outputs\football_odds_trader\raw\titan007\20260918\20260918_155806_titan007_odds_snapshot.csv,NOT_FINAL_STATE_0,77804e267e7c8ff1c790,RUN_20260918_155805,v4-market-dirichlet-20260913,2026-09-18T15:58:06+08:00,2026-09-18T15:58:06+08:00,2026-09-18T16:00:00+08:00,0.032,False,False,False
V4_SHADOW,3092021,2026-09-18,印班超,皇家班加鲁鲁 vs 班加鲁鲁B队,,,,,,,0,,,D:\codex\v3_legacy\outputs\football_odds_trader\raw\titan007\20260918\20260918_155806_titan007_odds_snapshot.csv,NOT_FINAL_STATE_0,df0e0723e98babdd122c,RUN_20260918_074935,v4-market-dirichlet-20260913,2026-09-18T07:49:35+08:00,2026-09-18T07:49:35+08:00,2026-09-18T16:00:00+08:00,8.174,False,False,False
V4_SHADOW,2952586,2026-09-18,俄青联,乌拉尔青年队 vs 马哈奇卡拉青年队,,,,,,,0,,,D:\codex\v3_legacy\outputs\football_odds_trader\raw\titan007\20260918\20260918_155806_titan007_odds_snapshot.csv,NOT_FINAL_STATE_0,d0cb287f6668e732d0c5,RUN_20260918_074935,v4-market-dirichlet-20260913,2026-09-18T07:49:35+08:00,2026-09-18T07:49:35+08:00,2026-09-18T16:00:00+08:00,8.174,False,False,False
V4_SHADOW,3062840,2026-09-18,印尼超,马兰 vs 佩斯克,马兰,giving,-0.5,0.89,N,,0,,,D:\codex\v3_legacy\outputs\football_odds_trader\raw\titan007\20260918\20260918_155806_titan007_odds_snapshot.csv,NOT_FINAL_STATE_0,5d3ff3e3d66fd0b1e789,RUN_20260918_155805,v4-market-dirichlet-20260913,2026-09-18T15:58:06+08:00,2026-09-18T15:58:06+08:00,2026-09-18T16:30:00+08:00,0.532,False,True,False
V4_SHADOW,3086170,2026-09-18,印尼甲,查亚普拉 vs 北干巴鲁龙卷风,查亚普拉,giving,-0.25,0.88,N,,0,,,D:\codex\v3_legacy\outputs\football_odds_trader\raw\titan007\20260918\20260918_155806_titan007_odds_snapshot.csv,NOT_FINAL_STATE_0,9d9c2aa5c2778c7bd235,RUN_20260918_155805,v4-market-dirichlet-20260913,2026-09-18T15:58:06+08:00,2026-09-18T15:58:06+08:00,2026-09-18T16:30:00+08:00,0.532,False,True,False
V4_SHADOW,3092150,2026-09-18,泰乙东北,苏拉纳里黑猫 vs 乌邦克鲁亚纳帕特,,,,,,,0,,,D:\codex\v3_legacy\outputs\football_odds_trader\raw\titan007\20260918\20260918_155806_titan007_odds_snapshot.csv,NOT_FINAL_STATE_0,78149c613f64d11ad878,RUN_20260918_155805,v4-market-dirichlet-20260913,2026-09-18T15:58:06+08:00,2026-09-18T15:58:06+08:00,2026-09-18T16:30:00+08:00,0.532,False,False,False
V4_SHADOW,3091741,2026-09-18,阿尔U20,ES塞提夫U20 vs CB米拉U20,,,,,,,0,,,D:\codex\v3_legacy\outputs\football_odds_trader\raw\titan007\20260918\20260918_155806_titan007_odds_snapshot.csv,NOT_FINAL_STATE_0,68205748fe37c5fe13a1,RUN_20260918_155805,v4-market-dirichlet-20260913,2026-09-18T15:58:06+08:00,2026-09-18T15:58:06+08:00,2026-09-18T16:30:00+08:00,0.532,False,False,False
V4_SHADOW,3091769,2026-09-18,阿尔U20,NRB贝尼乌尔本U20 vs NRB电报U20,,,,,,,0,,,D:\codex\v3_legacy\outputs\football_odds_trader\raw\titan007\20260918\20260918_155806_titan007_odds_snapshot.csv,NOT_FINAL_STATE_0,6d35865cd4af568ce507,RUN_20260918_155805,v4-market-dirichlet-20260913,2026-09-18T15:58:06+08:00,2026-09-18T15:58:06+08:00,2026-09-18T16:30:00+08:00,0.532,False,False,False
V4_SHADOW,3091770,2026-09-18,阿尔U20,AS库鲁布U20 vs US超亚U20,,,,,,,0,,,D:\codex\v3_legacy\outputs\football_odds_trader\raw\titan007\20260918\20260918_155806_titan007_odds_snapshot.csv,NOT_FINAL_STATE_0,5b8e3cb97b509583b60b,RUN_20260918_155805,v4-market-dirichlet-20260913,2026-09-18T15:58:06+08:00,2026-09-18T15:58:06+08:00,2026-09-18T16:30:00+08:00,0.532,False,False,False
V4_SHADOW,3074626,2026-09-18,以乙北,伊若尼内瑟 vs 蒂亚雷,,,,,,,0,,,D:\codex\v3_legacy\outputs\football_odds_trader\raw\titan007\20260918\20260918_155806_titan007_odds_snapshot.csv,NOT_FINAL_STATE_0,80e803729b848f2abf49,RUN_20260918_155805,v4-market-dirichlet-20260913,2026-09-18T15:58:06+08:00,2026-09-18T15:58:06+08:00,2026-09-18T16:50:00+08:00,0.865,False,False,False
V4_SHADOW,3074929,2026-09-18,以乙南,雷霍沃特夏普尔 vs 哈萨隆,,,,,,,0,,,D:\codex\v3_legacy\outputs\football_odds_trader\raw\titan007\20260918\20260918_155806_titan007_odds_snapshot.csv,NOT_FINAL_STATE_0,92afcb4b060655657ace,RUN_20260918_155805,v4-market-dirichlet-20260913,2026-09-18T15:58:06+08:00,2026-09-18T15:58:06+08:00,2026-09-18T16:50:00+08:00,0.865,False,False,False
V4_SHADOW,3074932,2026-09-18,以乙南,阿古达 vs MS耶路撒冷,,,,,,,0,,,D:\codex\v3_legacy\outputs\football_odds_trader\raw\titan007\20260918\20260918_155806_titan007_odds_snapshot.csv,NOT_FINAL_STATE_0,5fd533e8f2819e0df7a2,RUN_20260918_155805,v4-market-dirichlet-20260913,2026-09-18T15:58:06+08:00,2026-09-18T15:58:06+08:00,2026-09-18T16:55:00+08:00,0.948,False,False,False
V4_SHADOW,3087700,2026-09-18,中乙降B,武汉三镇B队 vs 南通海门珂缔缘,,,,,,,0,,,D:\codex\v3_legacy\outputs\football_odds_trader\raw\titan007\20260918\20260918_155806_titan007_odds_snapshot.csv,NOT_FINAL_STATE_0,e62bd66dd32519795099,RUN_20260918_155805,v4-market-dirichlet-20260913,2026-09-18T15:58:06+08:00,2026-09-18T15:58:06+08:00,2026-09-18T17:00:00+08:00,1.032,False,False,False
V4_SHADOW,3091792,2026-09-18,孟加拉联,孟加拉国警察 vs 苒玛塔伽尼,,,,,,,0,,,D:\codex\v3_legacy\outputs\football_odds_trader\raw\titan007\20260918\20260918_155806_titan007_odds_snapshot.csv,NOT_FINAL_STATE_0,1e7711fbc445fa223c18,RUN_20260918_155805,v4-market-dirichlet-20260913,2026-09-18T15:58:06+08:00,2026-09-18T15:58:06+08:00,2026-09-18T17:00:00+08:00,1.032,False,False,False
V4_SHADOW,3091793,2026-09-18,孟加拉联,兄弟联盟 vs MSPCC城市,,,,,,,0,,,D:\codex\v3_legacy\outputs\football_odds_trader\raw\titan007\20260918\20260918_155806_titan007_odds_snapshot.csv,NOT_FINAL_STATE_0,324cc7d0e7627244b8dd,RUN_20260918_155805,v4-market-dirichlet-20260913,2026-09-18T15:58:06+08:00,2026-09-18T15:58:06+08:00,2026-09-18T17:00:00+08:00,1.032,False,False,False
V4_SHADOW,3091794,2026-09-18,孟加拉联,法基拉普尔年轻人 vs 达卡流浪者,,,,,,,0,,,D:\codex\v3_legacy\outputs\football_odds_trader\raw\titan007\20260918\20260918_155806_titan007_odds_snapshot.csv,NOT_FINAL_STATE_0,2f40c6556527415e5f2f,RUN_20260918_155805,v4-market-dirichlet-20260913,2026-09-18T15:58:06+08:00,2026-09-18T15:58:06+08:00,2026-09-18T17:00:00+08:00,1.032,False,False,False
V4_SHADOW,3091795,2026-09-18,孟加拉联,福提斯 vs 乔塔格拉姆城,,,,,,,0,,,D:\codex\v3_legacy\outputs\football_odds_trader\raw\titan007\20260918\20260918_155806_titan007_odds_snapshot.csv,NOT_FINAL_STATE_0,8e1ff863513f243f4606,RUN_20260918_155805,v4-market-dirichlet-20260913,2026-09-18T15:58:06+08:00,2026-09-18T15:58:06+08:00,2026-09-18T17:00:00+08:00,1.032,False,False,False
V4_SHADOW,3091796,2026-09-18,孟加拉联,PWD体育 vs 阿巴哈尼,,,,,,,0,,,D:\codex\v3_legacy\outputs\football_odds_trader\raw\titan007\20260918\20260918_155806_titan007_odds_snapshot.csv,NOT_FINAL_STATE_0,de37aac318d9c7479085,RUN_20260918_155805,v4-market-dirichlet-20260913,2026-09-18T15:58:06+08:00,2026-09-18T15:58:06+08:00,2026-09-18T17:00:00+08:00,1.032,False,False,False
V4_SHADOW,3092129,2026-09-18,缅甸U20,伊斯佩U20 vs 实皆联U20,,,,,,,0,,,D:\codex\v3_legacy\outputs\football_odds_trader\raw\titan007\20260918\20260918_155806_titan007_odds_snapshot.csv,NOT_FINAL_STATE_0,8063d4b9117037764a08,RUN_20260918_155805,v4-market-dirichlet-20260913,2026-09-18T15:58:06+08:00,2026-09-18T15:58:06+08:00,2026-09-18T17:00:00+08:00,1.032,False,False,False
V4_SHADOW,3092130,2026-09-18,缅甸U20,掸联U20 vs 治尼兰德U20,,,,,,,0,,,D:\codex\v3_legacy\outputs\football_odds_trader\raw\titan007\20260918\20260918_155806_titan007_odds_snapshot.csv,NOT_FINAL_STATE_0,d0212591c107da777a72,RUN_20260918_155805,v4-market-dirichlet-20260913,2026-09-18T15:58:06+08:00,2026-09-18T15:58:06+08:00,2026-09-18T17:00:00+08:00,1.032,False,False,False
V4_SHADOW,3092131,2026-09-18,缅甸U20,蒂察尔阿尔曼U20 vs 亚大那保U20,,,,,,,0,,,D:\codex\v3_legacy\outputs\football_odds_trader\raw\titan007\20260918\20260918_155806_titan007_odds_snapshot.csv,NOT_FINAL_STATE_0,fba57b3ad75f745a2d6c,RUN_20260918_155805,v4-market-dirichlet-20260913,2026-09-18T15:58:06+08:00,2026-09-18T15:58:06+08:00,2026-09-18T17:00:00+08:00,1.032,False,False,False
V4_SHADOW,3091771,2026-09-18,阿尔U20,MO比捷亚U20 vs 比罗达特U20,,,,,,,0,,,D:\codex\v3_legacy\outputs\football_odds_trader\raw\titan007\20260918\20260918_155806_titan007_odds_snapshot.csv,NOT_FINAL_STATE_0,383840ffbf2338414089,RUN_20260918_155805,v4-market-dirichlet-20260913,2026-09-18T15:58:06+08:00,2026-09-18T15:58:06+08:00,2026-09-18T17:00:00+08:00,1.032,False,False,False
V4_SHADOW,3091773,2026-09-18,阿尔U20,USM康士坦丁U20 vs 比斯克拉U20,,,,,,,0,,,D:\codex\v3_legacy\outputs\football_odds_trader\raw\titan007\20260918\20260918_155806_titan007_odds_snapshot.csv,NOT_FINAL_STATE_0,ad920b7048c01d3574f1,RUN_20260918_155805,v4-market-dirichlet-20260913,2026-09-18T15:58:06+08:00,2026-09-18T15:58:06+08:00,2026-09-18T17:00:00+08:00,1.032,False,False,False
V4_SHADOW,3091775,2026-09-18,阿尔U20,USM阿尔及尔U20 vs 卡拜里U20,,,,,,,0,,,D:\codex\v3_legacy\outputs\football_odds_trader\raw\titan007\20260918\20260918_155806_titan007_odds_snapshot.csv,NOT_FINAL_STATE_0,082bf64c7fc94b17de36,RUN_20260918_155805,v4-market-dirichlet-20260913,2026-09-18T15:58:06+08:00,2026-09-18T15:58:06+08:00,2026-09-18T17:00:00+08:00,1.032,False,False,False
V4_SHADOW,3074780,2026-09-18,以乙北,塔姆拉 vs 提拉特卡尔迈勒,,,,,,,0,,,D:\codex\v3_legacy\outputs\football_odds_trader\raw\titan007\20260918\20260918_155806_titan007_odds_snapshot.csv,NOT_FINAL_STATE_0,2eb537ff2759c7fd8756,RUN_20260918_155805,v4-market-dirichlet-20260913,2026-09-18T15:58:06+08:00,2026-09-18T15:58:06+08:00,2026-09-18T17:30:00+08:00,1.532,False,False,False
V4_SHADOW,3091985,2026-09-18,印西隆联,莱特科尔SC vs 索默SC,,,,,,,0,,,D:\codex\v3_legacy\outputs\football_odds_trader\raw\titan007\20260918\20260918_155806_titan007_odds_snapshot.csv,NOT_FINAL_STATE_0,666d3472dc8525e18838,RUN_20260918_155805,v4-market-dirichlet-20260913,2026-09-18T15:58:06+08:00,2026-09-18T15:58:06+08:00,2026-09-18T17:30:00+08:00,1.532,False,False,False
V4_SHADOW,3091977,2026-09-18,印米佐超,丁塔尔FC vs 艾藻尔,,,,,,,0,,,D:\codex\v3_legacy\outputs\football_odds_trader\raw\titan007\20260918\20260918_155806_titan007_odds_snapshot.csv,NOT_FINAL_STATE_0,3e4adf5762e439a18457,RUN_20260918_155805,v4-market-dirichlet-20260913,2026-09-18T15:58:06+08:00,2026-09-18T15:58:06+08:00,2026-09-18T17:30:00+08:00,1.532,False,False,False
V4_SHADOW,2951653,2026-09-18,中甲,延边龙鼎 vs 广东广州豹,广东广州豹,giving,-0.25,0.79,N,,0,,,D:\codex\v3_legacy\outputs\football_odds_trader\raw\titan007\20260918\20260918_155806_titan007_odds_snapshot.csv,NOT_FINAL_STATE_0,36be5b412b1ddf87d7ea,RUN_20260918_155805,v4-market-dirichlet-20260913,2026-09-18T15:58:06+08:00,2026-09-18T15:58:06+08:00,2026-09-18T18:00:00+08:00,2.032,False,True,False
V4_SHADOW,3049663,2026-09-18,亚运男足,科威特U23<font color=#880000>(中)</font> vs 乌兹别克斯坦U23,乌兹别克斯坦U23,giving,-2.5,0.94,N,,0,,,D:\codex\v3_legacy\outputs\football_odds_trader\raw\titan007\20260918\20260918_155806_titan007_odds_snapshot.csv,NOT_FINAL_STATE_0,46d57d51621e46bbf67c,RUN_20260918_155805,v4-market-dirichlet-20260913,2026-09-18T15:58:06+08:00,2026-09-18T15:58:06+08:00,2026-09-18T18:00:00+08:00,2.032,False,True,False
V4_SHADOW,3012515,2026-09-18,乌克超,查诺莫斯 vs 奥博隆,,neutral,,,,,0,,,D:\codex\v3_legacy\outputs\football_odds_trader\raw\titan007\20260918\20260918_155806_titan007_odds_snapshot.csv,NOT_FINAL_STATE_0,0702777877a6afc7eb6b,RUN_20260918_155805,v4-market-dirichlet-20260913,2026-09-18T15:58:06+08:00,2026-09-18T15:58:06+08:00,2026-09-18T18:00:00+08:00,2.032,False,False,False
V4_SHADOW,3001185,2026-09-18,日职丙,熊本深红 vs 松本山雅,松本山雅,receiving,0.25,0.79,N,,0,,,D:\codex\v3_legacy\outputs\football_odds_trader\raw\titan007\20260918\20260918_155806_titan007_odds_snapshot.csv,NOT_FINAL_STATE_0,06e7382f5ff2302d912e,RUN_20260918_155805,v4-market-dirichlet-20260913,2026-09-18T15:58:06+08:00,2026-09-18T15:58:06+08:00,2026-09-18T18:00:00+08:00,2.032,False,True,False
V4_SHADOW,3001188,2026-09-18,日职丙,大阪俱乐部 vs 福岛FC,福岛FC,receiving,0.75,0.81,N,,0,,,D:\codex\v3_legacy\outputs\football_odds_trader\raw\titan007\20260918\20260918_155806_titan007_odds_snapshot.csv,NOT_FINAL_STATE_0,985250c4ab839cd7992d,RUN_20260918_155805,v4-market-dirichlet-20260913,2026-09-18T15:58:06+08:00,2026-09-18T15:58:06+08:00,2026-09-18T18:00:00+08:00,2.032,False,True,False
V4_SHADOW,2965036,2026-09-18,哈萨克甲,艾斯坦拿B队 vs 伊基巴斯图特,,,,,,,0,,,D:\codex\v3_legacy\outputs\football_odds_trader\raw\titan007\20260918\20260918_155806_titan007_odds_snapshot.csv,NOT_FINAL_STATE_0,ca41ba073d59a1c5943d,RUN_20260918_155805,v4-market-dirichlet-20260913,2026-09-18T15:58:06+08:00,2026-09-18T15:58:06+08:00,2026-09-18T18:00:00+08:00,2.032,False,False,False
V4_SHADOW,2965037,2026-09-18,哈萨克甲,汗腾格里 vs 卡拉特B队,,,,,,,0,,,D:\codex\v3_legacy\outputs\football_odds_trader\raw\titan007\20260918\20260918_155806_titan007_odds_snapshot.csv,NOT_FINAL_STATE_0,238eb32f137a61d78f2d,RUN_20260918_155805,v4-market-dirichlet-20260913,2026-09-18T15:58:06+08:00,2026-09-18T15:58:06+08:00,2026-09-18T18:00:00+08:00,2.032,False,False,False
V4_SHADOW,3089637,2026-09-18,非青杯外,毛里求斯U20 vs 纳米比亚U20,毛里求斯U20,receiving,1.0,0.92,C,,0,,,D:\codex\v3_legacy\outputs\football_odds_trader\raw\titan007\20260918\20260918_155806_titan007_odds_snapshot.csv,NOT_FINAL_STATE_0,aacbff917c79a17dbcc2,RUN_20260918_155805,v4-market-dirichlet-20260913,2026-09-18T15:58:06+08:00,2026-09-18T15:58:06+08:00,2026-09-18T18:00:00+08:00,2.032,False,True,False
V4_SHADOW,3089816,2026-09-18,波兰丙,卢宾扎格勒比B队 vs 卡琳娜古宾,卡琳娜古宾,receiving,1.25,0.8,N,,0,,,D:\codex\v3_legacy\outputs\football_odds_trader\raw\titan007\20260918\20260918_155806_titan007_odds_snapshot.csv,NOT_FINAL_STATE_0,1beaf78a519a3819013b,RUN_20260918_155805,v4-market-dirichlet-20260913,2026-09-18T15:58:06+08:00,2026-09-18T15:58:06+08:00,2026-09-18T18:00:00+08:00,2.032,False,True,False
V4_SHADOW,3044273,2026-09-18,乌克乙,卡尔本切尔卡瑟 vs 亚历山德里亚B队,,,,,,,0,,,D:\codex\v3_legacy\outputs\football_odds_trader\raw\titan007\20260918\20260918_155806_titan007_odds_snapshot.csv,NOT_FINAL_STATE_0,0d5c6273f0ca3aed711d,RUN_20260918_155805,v4-market-dirichlet-20260913,2026-09-18T15:58:06+08:00,2026-09-18T15:58:06+08:00,2026-09-18T18:00:00+08:00,2.032,False,False,False
V4_SHADOW,3091589,2026-09-18,国际友谊,北爱尔兰U16 vs 芬兰U16,,,,,,,0,,,D:\codex\v3_legacy\outputs\football_odds_trader\raw\titan007\20260918\20260918_155806_titan007_odds_snapshot.csv,NOT_FINAL_STATE_0,b81144628074bbd3ae41,RUN_20260918_155805,v4-market-dirichlet-20260913,2026-09-18T15:58:06+08:00,2026-09-18T15:58:06+08:00,2026-09-18T18:00:00+08:00,2.032,False,False,False
V4_SHADOW,3092106,2026-09-18,以丙,FC卡巴比尔 vs 悠纳,,neutral,,,,,0,,,D:\codex\v3_legacy\outputs\football_odds_trader\raw\titan007\20260918\20260918_155806_titan007_odds_snapshot.csv,NOT_FINAL_STATE_0,4339ef308ad2c03fa83f,RUN_20260918_155805,v4-market-dirichlet-20260913,2026-09-18T15:58:06+08:00,2026-09-18T15:58:06+08:00,2026-09-18T18:15:00+08:00,2.282,False,False,False
V4_SHADOW,3049668,2026-09-18,亚运男足,沙特阿拉伯U23<font color=#880000>(中)</font> vs 卡塔尔U23,卡塔尔U23,receiving,1.0,0.87,C,,0,,,D:\codex\v3_legacy\outputs\football_odds_trader\raw\titan007\20260918\20260918_155806_titan007_odds_snapshot.csv,NOT_FINAL_STATE_0,e8ee97507d185dc0c82b,RUN_20260918_155805,v4-market-dirichlet-20260913,2026-09-18T15:58:06+08:00,2026-09-18T15:58:06+08:00,2026-09-18T18:30:00+08:00,2.532,False,True,False
V4_SHADOW,3074927,2026-09-18,以乙南,SC阿什杜德马卡比 vs 拜特西蒙,,neutral,,,,,0,,,D:\codex\v3_legacy\outputs\football_odds_trader\raw\titan007\20260918\20260918_155806_titan007_odds_snapshot.csv,NOT_FINAL_STATE_0,a4a1677d70beaf38ac2e,RUN_20260918_155805,v4-market-dirichlet-20260913,2026-09-18T15:58:06+08:00,2026-09-18T15:58:06+08:00,2026-09-18T18:30:00+08:00,2.532,False,False,False
V4_SHADOW,3092126,2026-09-18,印班超,卡纳塔克邦 vs 班加罗尔梦联,,,,,,,0,,,D:\codex\v3_legacy\outputs\football_odds_trader\raw\titan007\20260918\20260918_155806_titan007_odds_snapshot.csv,NOT_FINAL_STATE_0,980ca5764b86b80cb50e,RUN_20260918_155805,v4-market-dirichlet-20260913,2026-09-18T15:58:06+08:00,2026-09-18T15:58:06+08:00,2026-09-18T18:30:00+08:00,2.532,False,False,False
V4_SHADOW,3074931,2026-09-18,以乙南,亚夫涅英 vs 荷兹利亚夏普尔,,,,,,,0,,,D:\codex\v3_legacy\outputs\football_odds_trader\raw\titan007\20260918\20260918_155806_titan007_odds_snapshot.csv,NOT_FINAL_STATE_0,0911984dea0aa52f0e3d,RUN_20260918_155805,v4-market-dirichlet-20260913,2026-09-18T15:58:06+08:00,2026-09-18T15:58:06+08:00,2026-09-18T18:35:00+08:00,2.615,False,False,False
V4_SHADOW,2951654,2026-09-18,中甲,大连鲲城 vs 宁波职业足球俱乐部,宁波职业足球俱乐部,receiving,0.5,0.93,N,,0,,,D:\codex\v3_legacy\outputs\football_odds_trader\raw\titan007\20260918\20260918_155806_titan007_odds_snapshot.csv,NOT_FINAL_STATE_0,5f68ee20186d2201f6a2,RUN_20260918_155805,v4-market-dirichlet-20260913,2026-09-18T15:58:06+08:00,2026-09-18T15:58:06+08:00,2026-09-18T19:00:00+08:00,3.032,False,True,False
V4_SHADOW,2953379,2026-09-18,哈萨克超,奥肯咸特普斯 vs 热尼斯,热尼斯,receiving,0.25,0.75,N,,0,,,D:\codex\v3_legacy\outputs\football_odds_trader\raw\titan007\20260918\20260918_155806_titan007_odds_snapshot.csv,NOT_FINAL_STATE_0,519af55cd2eb7775d6b2,RUN_20260918_155805,v4-market-dirichlet-20260913,2026-09-18T15:58:06+08:00,2026-09-18T15:58:06+08:00,2026-09-18T19:00:00+08:00,3.032,False,True,False
V4_SHADOW,3074928,2026-09-18,以乙南,玛拉基亚 vs 艾佐尔夏普尔,,,,,,,0,,,D:\codex\v3_legacy\outputs\football_odds_trader\raw\titan007\20260918\20260918_155806_titan007_odds_snapshot.csv,NOT_FINAL_STATE_0,0bca5bd849411938617f,RUN_20260918_155805,v4-market-dirichlet-20260913,2026-09-18T15:58:06+08:00,2026-09-18T15:58:06+08:00,2026-09-18T19:00:00+08:00,3.032,False,False,False
V4_SHADOW,3075376,2026-09-18,越南杯,归仁联 vs 胡志明市足球俱乐部,,neutral,,,,,0,,,D:\codex\v3_legacy\outputs\football_odds_trader\raw\titan007\20260918\20260918_155806_titan007_odds_snapshot.csv,NOT_FINAL_STATE_0,a853f7db88e346b4e465,RUN_20260918_155805,v4-market-dirichlet-20260913,2026-09-18T15:58:06+08:00,2026-09-18T15:58:06+08:00,2026-09-18T19:00:00+08:00,3.032,False,False,False
V4_SHADOW,3074622,2026-09-18,以乙北,夏普尔布内慕斯慕斯 vs 贝塔纳哈里亚,,,,,,,0,,,D:\codex\v3_legacy\outputs\football_odds_trader\raw\titan007\20260918\20260918_155806_titan007_odds_snapshot.csv,NOT_FINAL_STATE_0,a5fcd693157e2ee5b3df,RUN_20260918_155805,v4-market-dirichlet-20260913,2026-09-18T15:58:06+08:00,2026-09-18T15:58:06+08:00,2026-09-18T19:25:00+08:00,3.448,False,False,False
V4_SHADOW,2951655,2026-09-18,中甲,南通支云 vs 广西恒宸,广西恒宸,receiving,0.5,1.01,C,,0,,,D:\codex\v3_legacy\outputs\football_odds_trader\raw\titan007\20260918\20260918_155806_titan007_odds_snapshot.csv,NOT_FINAL_STATE_0,969787d538d3a20e0558,RUN_20260918_155805,v4-market-dirichlet-20260913,2026-09-18T15:58:06+08:00,2026-09-18T15:58:06+08:00,2026-09-18T19:30:00+08:00,3.532,False,True,False
V4_SHADOW,3087139,2026-09-18,中乙,江西庐山 vs 山东泰山金钢山队,,,,,,,0,,,D:\codex\v3_legacy\outputs\football_odds_trader\raw\titan007\20260918\20260918_155806_titan007_odds_snapshot.csv,NOT_FINAL_STATE_0,8fb26911d5d5eba5919b,RUN_20260918_155805,v4-market-dirichlet-20260913,2026-09-18T15:58:06+08:00,2026-09-18T15:58:06+08:00,2026-09-18T19:30:00+08:00,3.532,False,False,False
V4_SHADOW,3047387,2026-09-18,新加坡联,裕廊 vs 后港联,,,,,,,0,,,D:\codex\v3_legacy\outputs\football_odds_trader\raw\titan007\20260918\20260918_155806_titan007_odds_snapshot.csv,NOT_FINAL_STATE_0,15ac6fd19390d6c4ebd3,RUN_20260918_155805,v4-market-dirichlet-20260913,2026-09-18T15:58:06+08:00,2026-09-18T15:58:06+08:00,2026-09-18T19:30:00+08:00,3.532,False,False,False
V4_SHADOW,3092076,2026-09-18,乌兹职联,塔什干火车头B队 vs 纳曼甘FA,,,,,,,0,,,D:\codex\v3_legacy\outputs\football_odds_trader\raw\titan007\20260918\20260918_155806_titan007_odds_snapshot.csv,NOT_FINAL_STATE_0,3f7679091b7d08595dda,RUN_20260918_155805,v4-market-dirichlet-20260913,2026-09-18T15:58:06+08:00,2026-09-18T15:58:06+08:00,2026-09-18T19:30:00+08:00,3.532,False,False,False
V4_SHADOW,2944778,2026-09-18,中超,浙江俱乐部绿城 vs 武汉三镇,浙江俱乐部绿城,giving,-0.5,0.85,N,,0,,,D:\codex\v3_legacy\outputs\football_odds_trader\raw\titan007\20260918\20260918_155806_titan007_odds_snapshot.csv,NOT_FINAL_STATE_0,ae9c9859f689c047ef85,RUN_20260918_155805,v4-market-dirichlet-20260913,2026-09-18T15:58:06+08:00,2026-09-18T15:58:06+08:00,2026-09-18T19:35:00+08:00,3.615,False,True,False
V4_SHADOW,2953375,2026-09-18,哈萨克超,阿勒泰瑟美 vs 伊特什,伊特什,receiving,0.25,0.77,N,,0,,,D:\codex\v3_legacy\outputs\football_odds_trader\raw\titan007\20260918\20260918_155806_titan007_odds_snapshot.csv,NOT_FINAL_STATE_0,2b608a519d362a4cd2a6,RUN_20260918_155805,v4-market-dirichlet-20260913,2026-09-18T15:58:06+08:00,2026-09-18T15:58:06+08:00,2026-09-18T20:00:00+08:00,4.032,False,True,False
V4_SHADOW,2953381,2026-09-18,哈萨克超,斯咸迪苏 vs 卡斯比阿克套,卡斯比阿克套,receiving,0.25,0.8,N,,0,,,D:\codex\v3_legacy\outputs\football_odds_trader\raw\titan007\20260918\20260918_155806_titan007_odds_snapshot.csv,NOT_FINAL_STATE_0,a070857ab7007bb62b32,RUN_20260918_155805,v4-market-dirichlet-20260913,2026-09-18T15:58:06+08:00,2026-09-18T15:58:06+08:00,2026-09-18T20:00:00+08:00,4.032,False,True,False
V4_SHADOW,3037117,2026-09-18,泰超,阿尤塔亚联 vs 乌泰他尼,阿尤塔亚联,giving,-0.25,1.02,C,,0,,,D:\codex\v3_legacy\outputs\football_odds_trader\raw\titan007\20260918\20260918_155806_titan007_odds_snapshot.csv,NOT_FINAL_STATE_0,f96432f1412358f12f42,RUN_20260918_155805,v4-market-dirichlet-20260913,2026-09-18T15:58:06+08:00,2026-09-18T15:58:06+08:00,2026-09-18T20:00:00+08:00,4.032,False,True,False
V4_SHADOW,3062841,2026-09-18,印尼超,马都拉联 vs 永亚卡达,永亚卡达,receiving,0.25,0.9,N,,0,,,D:\codex\v3_legacy\outputs\football_odds_trader\raw\titan007\20260918\20260918_155806_titan007_odds_snapshot.csv,NOT_FINAL_STATE_0,46772e38c38e1cf7ad6c,RUN_20260918_155805,v4-market-dirichlet-20260913,2026-09-18T15:58:06+08:00,2026-09-18T15:58:06+08:00,2026-09-18T20:00:00+08:00,4.032,False,True,False
V4_SHADOW,3074628,2026-09-18,以乙北,马卡比艾哈迈德 vs 米格代尔哈曼,,,,,,,0,,,D:\codex\v3_legacy\outputs\football_odds_trader\raw\titan007\20260918\20260918_155806_titan007_odds_snapshot.csv,NOT_FINAL_STATE_0,cb37401b3b91ea1be828,RUN_20260918_155805,v4-market-dirichlet-20260913,2026-09-18T15:58:06+08:00,2026-09-18T15:58:06+08:00,2026-09-18T20:00:00+08:00,4.032,False,False,False
V4_SHADOW,3087892,2026-09-18,匈U19,基斯华达U19 vs 汉维特U19,,,,,,,0,,,D:\codex\v3_legacy\outputs\football_odds_trader\raw\titan007\20260918\20260918_155806_titan007_odds_snapshot.csv,NOT_FINAL_STATE_0,45a46338027ee6e0d326,RUN_20260918_155805,v4-market-dirichlet-20260913,2026-09-18T15:58:06+08:00,2026-09-18T15:58:06+08:00,2026-09-18T20:00:00+08:00,4.032,False,False,False
V4_SHADOW,3086171,2026-09-18,印尼甲,普特拉锡纳 vs 佩斯卡德,普特拉锡纳,giving,-0.75,0.6,N,,0,,,D:\codex\v3_legacy\outputs\football_odds_trader\raw\titan007\20260918\20260918_155806_titan007_odds_snapshot.csv,NOT_FINAL_STATE_0,ad1a387d5f56b5a291ac,RUN_20260918_155805,v4-market-dirichlet-20260913,2026-09-18T15:58:06+08:00,2026-09-18T15:58:06+08:00,2026-09-18T20:00:00+08:00,4.032,False,True,False
V4_SHADOW,3065793,2026-09-18,英U21,伯明翰U21 vs 阿森纳U21,,neutral,,,,,0,,,D:\codex\v3_legacy\outputs\football_odds_trader\raw\titan007\20260918\20260918_155806_titan007_odds_snapshot.csv,NOT_FINAL_STATE_0,99c63a7d7d5233fbde63,RUN_20260918_155805,v4-market-dirichlet-20260913,2026-09-18T15:58:06+08:00,2026-09-18T15:58:06+08:00,2026-09-18T20:00:00+08:00,4.032,False,False,False
V4_SHADOW,3089834,2026-09-18,不丹廷联,运输联足球俱乐部 vs RTC,,,,,,,0,,,D:\codex\v3_legacy\outputs\football_odds_trader\raw\titan007\20260918\20260918_155806_titan007_odds_snapshot.csv,NOT_FINAL_STATE_0,981484befee45c100991,RUN_20260918_155805,v4-market-dirichlet-20260913,2026-09-18T15:58:06+08:00,2026-09-18T15:58:06+08:00,2026-09-18T20:00:00+08:00,4.032,False,False,False
V4_SHADOW,3092119,2026-09-18,罗丙,CS蒂米甚 vs 佩斯卡,,,,,,,0,,,D:\codex\v3_legacy\outputs\football_odds_trader\raw\titan007\20260918\20260918_155806_titan007_odds_snapshot.csv,NOT_FINAL_STATE_0,fdee3dde1867b388dda6,RUN_20260918_155805,v4-market-dirichlet-20260913,2026-09-18T15:58:06+08:00,2026-09-18T15:58:06+08:00,2026-09-18T20:00:00+08:00,4.032,False,False,False
V4_SHADOW,3089839,2026-09-18,阿塞甲,卡拉巴格汉肯迪 vs 莫克,,,,,,,0,,,D:\codex\v3_legacy\outputs\football_odds_trader\raw\titan007\20260918\20260918_155806_titan007_odds_snapshot.csv,NOT_FINAL_STATE_0,ea33936ad520622c0d30,RUN_20260918_155805,v4-market-dirichlet-20260913,2026-09-18T15:58:06+08:00,2026-09-18T15:58:06+08:00,2026-09-18T20:00:00+08:00,4.032,False,False,False
V4_SHADOW,3059191,2026-09-18,英乙U21,弗利特伍德U21 vs 斯旺西U21,弗利特伍德U21,receiving,0.75,0.93,N,,0,,,D:\codex\v3_legacy\outputs\football_odds_trader\raw\titan007\20260918\20260918_155806_titan007_odds_snapshot.csv,NOT_FINAL_STATE_0,2678b62e11fcb9895da2,RUN_20260918_155805,v4-market-dirichlet-20260913,2026-09-18T15:58:06+08:00,2026-09-18T15:58:06+08:00,2026-09-18T20:00:00+08:00,4.032,False,True,False
V4_SHADOW,3091668,2026-09-18,白俄女超,斯莫根女足 vs ABFF女足U19,,,,,,,0,,,D:\codex\v3_legacy\outputs\football_odds_trader\raw\titan007\20260918\20260918_155806_titan007_odds_snapshot.csv,NOT_FINAL_STATE_0,20a41309cf2b7c2198dc,RUN_20260918_155805,v4-market-dirichlet-20260913,2026-09-18T15:58:06+08:00,2026-09-18T15:58:06+08:00,2026-09-18T20:00:00+08:00,4.032,False,False,False
V4_SHADOW,2952581,2026-09-18,俄青联,莫斯科中央陆军青年队 vs 法克尔青年队,法克尔青年队,receiving,2.25,1.05,N,,0,,,D:\codex\v3_legacy\outputs\football_odds_trader\raw\titan007\20260918\20260918_155806_titan007_odds_snapshot.csv,NOT_FINAL_STATE_0,67931a4af40a0ee38878,RUN_20260918_155805,v4-market-dirichlet-20260913,2026-09-18T15:58:06+08:00,2026-09-18T15:58:06+08:00,2026-09-18T20:00:00+08:00,4.032,False,True,False
V4_SHADOW,2952583,2026-09-18,俄青联,科诺普廖夫青年队 vs 喀山鲁宾青年队,喀山鲁宾青年队,receiving,1.75,0.77,N,,0,,,D:\codex\v3_legacy\outputs\football_odds_trader\raw\titan007\20260918\20260918_155806_titan007_odds_snapshot.csv,NOT_FINAL_STATE_0,8aab8418ab51cb871e23,RUN_20260918_155805,v4-market-dirichlet-20260913,2026-09-18T15:58:06+08:00,2026-09-18T15:58:06+08:00,2026-09-18T20:00:00+08:00,4.032,False,True,False
V4_SHADOW,3012521,2026-09-18,乌克超,普莱西亚 vs 克里夫巴斯,克里夫巴斯,receiving,1.5,1.03,N,,0,,,D:\codex\v3_legacy\outputs\football_odds_trader\raw\titan007\20260918\20260918_155806_titan007_odds_snapshot.csv,NOT_FINAL_STATE_0,0b3f26998b8583e5ba74,RUN_20260918_155805,v4-market-dirichlet-20260913,2026-09-18T15:58:06+08:00,2026-09-18T15:58:06+08:00,2026-09-18T20:30:00+08:00,4.532,False,True,False
V4_SHADOW,3074623,2026-09-18,以乙北,伊胡德格布内 vs 莫敦提拉体育,,,,,,,0,,,D:\codex\v3_legacy\outputs\football_odds_trader\raw\titan007\20260918\20260918_155806_titan007_odds_snapshot.csv,NOT_FINAL_STATE_0,76b010b9a1c5b0671b80,RUN_20260918_155805,v4-market-dirichlet-20260913,2026-09-18T15:58:06+08:00,2026-09-18T15:58:06+08:00,2026-09-18T20:30:00+08:00,4.532,False,False,False
V4_SHADOW,3091979,2026-09-18,以丙,海法齐里 vs 雅科夫,,,,,,,0,,,D:\codex\v3_legacy\outputs\football_odds_trader\raw\titan007\20260918\20260918_155806_titan007_odds_snapshot.csv,NOT_FINAL_STATE_0,1ea6460101c5b414fcd5,RUN_20260918_155805,v4-market-dirichlet-20260913,2026-09-18T15:58:06+08:00,2026-09-18T15:58:06+08:00,2026-09-18T20:30:00+08:00,4.532,False,False,False
V4_SHADOW,3001611,2026-09-18,以超,特拉维夫夏普尔 vs 迪克瓦夏普尔,迪克瓦夏普尔,receiving,1.25,0.91,N,,0,,,D:\codex\v3_legacy\outputs\football_odds_trader\raw\titan007\20260918\20260918_155806_titan007_odds_snapshot.csv,NOT_FINAL_STATE_0,fb35d5ae4c970a5aa2ca,RUN_20260918_155805,v4-market-dirichlet-20260913,2026-09-18T15:58:06+08:00,2026-09-18T15:58:06+08:00,2026-09-18T20:45:00+08:00,4.782,False,True,False
V4_SHADOW,3092136,2026-09-18,马来A1联,雪兰莪U23 vs 马来西亚大学,,,,,,,0,,,D:\codex\v3_legacy\outputs\football_odds_trader\raw\titan007\20260918\20260918_155806_titan007_odds_snapshot.csv,NOT_FINAL_STATE_0,d718ffdf42f989d892b8,RUN_20260918_155805,v4-market-dirichlet-20260913,2026-09-18T15:58:06+08:00,2026-09-18T15:58:06+08:00,2026-09-18T20:45:00+08:00,4.782,False,False,False
V4_SHADOW,3030156,2026-09-18,土甲,班迪马士邦 vs 尤姆尼耶士邦,尤姆尼耶士邦,receiving,0.5,1.13,C,,0,,,D:\codex\v3_legacy\outputs\football_odds_trader\raw\titan007\20260918\20260918_155806_titan007_odds_snapshot.csv,NOT_FINAL_STATE_0,0b3f9918fb116c6d0293,RUN_20260918_155805,v4-market-dirichlet-20260913,2026-09-18T15:58:06+08:00,2026-09-18T15:58:06+08:00,2026-09-18T21:00:00+08:00,5.032,False,True,False
V4_SHADOW,3017518,2026-09-18,意青联,白化莱夫青年队 vs 切辛纳青年队,,,,,,,0,,,D:\codex\v3_legacy\outputs\football_odds_trader\raw\titan007\20260918\20260918_155806_titan007_odds_snapshot.csv,NOT_FINAL_STATE_0,077dd2b6b7e24bde18f7,RUN_20260918_155805,v4-market-dirichlet-20260913,2026-09-18T15:58:06+08:00,2026-09-18T15:58:06+08:00,2026-09-18T21:00:00+08:00,5.032,False,False,False
V4_SHADOW,3091524,2026-09-18,土U19联,卡斯帕萨U19 vs 干亚斯堡U19,,,,,,,0,,,D:\codex\v3_legacy\outputs\football_odds_trader\raw\titan007\20260918\20260918_155806_titan007_odds_snapshot.csv,NOT_FINAL_STATE_0,130e714e5032a417aaa2,RUN_20260918_155805,v4-market-dirichlet-20260913,2026-09-18T15:58:06+08:00,2026-09-18T15:58:06+08:00,2026-09-18T21:00:00+08:00,5.032,False,False,False
V4_SHADOW,3066285,2026-09-18,南非甲,海布里 vs 戈摩拉联,,,,,,,0,,,D:\codex\v3_legacy\outputs\football_odds_trader\raw\titan007\20260918\20260918_155806_titan007_odds_snapshot.csv,NOT_FINAL_STATE_0,e2e1783cf2f5b51efbed,RUN_20260918_155805,v4-market-dirichlet-20260913,2026-09-18T15:58:06+08:00,2026-09-18T15:58:06+08:00,2026-09-18T21:00:00+08:00,5.032,False,False,False
V4_SHADOW,3066286,2026-09-18,南非甲,卡斯里克之星 vs 文达,文达,receiving,0.5,0.85,N,,0,,,D:\codex\v3_legacy\outputs\football_odds_trader\raw\titan007\20260918\20260918_155806_titan007_odds_snapshot.csv,NOT_FINAL_STATE_0,02951a26a69f32953dae,RUN_20260918_155805,v4-market-dirichlet-20260913,2026-09-18T15:58:06+08:00,2026-09-18T15:58:06+08:00,2026-09-18T21:00:00+08:00,5.032,False,True,False
V4_SHADOW,3022966,2026-09-18,摩尔乙,斯塔利 vs 森布鲁B队,,,,,,,0,,,D:\codex\v3_legacy\outputs\football_odds_trader\raw\titan007\20260918\20260918_155806_titan007_odds_snapshot.csv,NOT_FINAL_STATE_0,e251a9c4b864938f1798,RUN_20260918_155805,v4-market-dirichlet-20260913,2026-09-18T15:58:06+08:00,2026-09-18T15:58:06+08:00,2026-09-18T21:00:00+08:00,5.032,False,False,False
V4_SHADOW,3022968,2026-09-18,摩尔乙,加高兹亚 vs FCM温格内,,,,,,,0,,,D:\codex\v3_legacy\outputs\football_odds_trader\raw\titan007\20260918\20260918_155806_titan007_odds_snapshot.csv,NOT_FINAL_STATE_0,c9130a0ffc6e080088f6,RUN_20260918_155805,v4-market-dirichlet-20260913,2026-09-18T15:58:06+08:00,2026-09-18T15:58:06+08:00,2026-09-18T21:00:00+08:00,5.032,False,False,False
V4_SHADOW,3023013,2026-09-18,摩尔乙,斯特乌切尼 vs 维多利巴尔达尔,,,,,,,0,,,D:\codex\v3_legacy\outputs\football_odds_trader\raw\titan007\20260918\20260918_155806_titan007_odds_snapshot.csv,NOT_FINAL_STATE_0,b2c55a31ea59f0111af5,RUN_20260918_155805,v4-market-dirichlet-20260913,2026-09-18T15:58:06+08:00,2026-09-18T15:58:06+08:00,2026-09-18T21:00:00+08:00,5.032,False,False,False
V4_SHADOW,2969789,2026-09-18,白俄甲,高美尔B队 vs 明斯克迪纳摩后备队,,,,,,,0,,,D:\codex\v3_legacy\outputs\football_odds_trader\raw\titan007\20260918\20260918_155806_titan007_odds_snapshot.csv,NOT_FINAL_STATE_0,be169dcf150d37518586,RUN_20260918_155805,v4-market-dirichlet-20260913,2026-09-18T15:58:06+08:00,2026-09-18T15:58:06+08:00,2026-09-18T21:00:00+08:00,5.032,False,False,False
V4_SHADOW,3089693,2026-09-18,南运男足,哥伦比亚U19 vs 巴拿马U19,,,,,,,0,,,D:\codex\v3_legacy\outputs\football_odds_trader\raw\titan007\20260918\20260918_155806_titan007_odds_snapshot.csv,NOT_FINAL_STATE_0,3bce4589457c1f7902e5,RUN_20260918_155805,v4-market-dirichlet-20260913,2026-09-18T15:58:06+08:00,2026-09-18T15:58:06+08:00,2026-09-18T21:00:00+08:00,5.032,False,False,False
V4_SHADOW,3089649,2026-09-18,非青杯外,赞比亚U20 vs 马拉维U20,,neutral,,,,,0,,,D:\codex\v3_legacy\outputs\football_odds_trader\raw\titan007\20260918\20260918_155806_titan007_odds_snapshot.csv,NOT_FINAL_STATE_0,9a5530b40c890cfc138c,RUN_20260918_155805,v4-market-dirichlet-20260913,2026-09-18T15:58:06+08:00,2026-09-18T15:58:06+08:00,2026-09-18T21:00:00+08:00,5.032,False,False,False
V4_SHADOW,3092143,2026-09-18,巴青联,PE美洲虎U20 vs 美国PE青年队,,,,,,,0,,,D:\codex\v3_legacy\outputs\football_odds_trader\raw\titan007\20260918\20260918_155806_titan007_odds_snapshot.csv,NOT_FINAL_STATE_0,71bd8069da90873e50d3,RUN_20260918_155805,v4-market-dirichlet-20260913,2026-09-18T15:58:06+08:00,2026-09-18T15:58:06+08:00,2026-09-18T21:00:00+08:00,5.032,False,False,False
V4_SHADOW,3091786,2026-09-18,桑给超,姆温贝马昆比城 vs 米兰德戈,,,,,,,0,,,D:\codex\v3_legacy\outputs\football_odds_trader\raw\titan007\20260918\20260918_155806_titan007_odds_snapshot.csv,NOT_FINAL_STATE_0,adc69731db1d4fe9e28b,RUN_20260918_155805,v4-market-dirichlet-20260913,2026-09-18T15:58:06+08:00,2026-09-18T15:58:06+08:00,2026-09-18T21:00:00+08:00,5.032,False,False,False
V4_SHADOW,3089706,2026-09-18,南美女运,委内瑞拉女足U17 vs 智利女足U20,,,,,,,0,,,D:\codex\v3_legacy\outputs\football_odds_trader\raw\titan007\20260918\20260918_155806_titan007_odds_snapshot.csv,NOT_FINAL_STATE_0,4610417aac3e3c2ed189,RUN_20260918_155805,v4-market-dirichlet-20260913,2026-09-18T15:58:06+08:00,2026-09-18T15:58:06+08:00,2026-09-18T21:00:00+08:00,5.032,False,False,False
V4_SHADOW,2952585,2026-09-18,俄青联,莫斯科罗迪纳青年队 vs 诺夫哥罗德青年队,诺夫哥罗德青年队,receiving,2.0,0.88,N,,0,,,D:\codex\v3_legacy\outputs\football_odds_trader\raw\titan007\20260918\20260918_155806_titan007_odds_snapshot.csv,NOT_FINAL_STATE_0,84842f2f6dc8214f2f81,RUN_20260918_155805,v4-market-dirichlet-20260913,2026-09-18T15:58:06+08:00,2026-09-18T15:58:06+08:00,2026-09-18T21:00:00+08:00,5.032,False,True,False
V4_SHADOW,2948603,2026-09-18,白俄超,伯希纳博布鲁伊斯克 vs 明斯克,伯希纳博布鲁伊斯克,receiving,0.5,0.94,N,,0,,,D:\codex\v3_legacy\outputs\football_odds_trader\raw\titan007\20260918\20260918_155806_titan007_odds_snapshot.csv,NOT_FINAL_STATE_0,359d9fea38e7c7914dc5,RUN_20260918_155805,v4-market-dirichlet-20260913,2026-09-18T15:58:06+08:00,2026-09-18T15:58:06+08:00,2026-09-18T21:30:00+08:00,5.532,False,True,False
V4_SHADOW,3041559,2026-09-18,阿塞超,卡巴拉 vs 内弗特奇,卡巴拉,receiving,1.0,0.98,C,,0,,,D:\codex\v3_legacy\outputs\football_odds_trader\raw\titan007\20260918\20260918_155806_titan007_odds_snapshot.csv,NOT_FINAL_STATE_0,89f62e2c8cbedbd01c5b,RUN_20260918_155805,v4-market-dirichlet-20260913,2026-09-18T15:58:06+08:00,2026-09-18T15:58:06+08:00,2026-09-18T21:30:00+08:00,5.532,False,True,False
V4_SHADOW,3089827,2026-09-18,埃及甲,斯卡哈迪德 vs 埃及电信,斯卡哈迪德,receiving,0.25,0.66,N,,0,,,D:\codex\v3_legacy\outputs\football_odds_trader\raw\titan007\20260918\20260918_155806_titan007_odds_snapshot.csv,NOT_FINAL_STATE_0,44aee2c1ca9f4b8d177c,RUN_20260918_155805,v4-market-dirichlet-20260913,2026-09-18T15:58:06+08:00,2026-09-18T15:58:06+08:00,2026-09-18T21:30:00+08:00,5.532,False,True,False
V4_SHADOW,3089828,2026-09-18,埃及甲,巴拉蒂耶 vs 卡巴阿斯玛利,巴拉蒂耶,receiving,0.25,0.73,N,,0,,,D:\codex\v3_legacy\outputs\football_odds_trader\raw\titan007\20260918\20260918_155806_titan007_odds_snapshot.csv,NOT_FINAL_STATE_0,155179cc9bfeb6903e74,RUN_20260918_155805,v4-market-dirichlet-20260913,2026-09-18T15:58:06+08:00,2026-09-18T15:58:06+08:00,2026-09-18T21:30:00+08:00,5.532,False,True,False
V4_SHADOW,3089829,2026-09-18,埃及甲,拉维耶纳 vs 马萨尔FC,拉维耶纳,receiving,0.25,1.19,B,,0,,,D:\codex\v3_legacy\outputs\football_odds_trader\raw\titan007\20260918\20260918_155806_titan007_odds_snapshot.csv,NOT_FINAL_STATE_0,1d9740796ab8d8cd271e,RUN_20260918_155805,v4-market-dirichlet-20260913,2026-09-18T15:58:06+08:00,2026-09-18T15:58:06+08:00,2026-09-18T21:30:00+08:00,5.532,False,True,False
V4_SHADOW,3089830,2026-09-18,埃及甲,普斯SC vs 玛列亚特,,,,,,,0,,,D:\codex\v3_legacy\outputs\football_odds_trader\raw\titan007\20260918\20260918_155806_titan007_odds_snapshot.csv,NOT_FINAL_STATE_0,556145bb34b266029c4b,RUN_20260918_155805,v4-market-dirichlet-20260913,2026-09-18T15:58:06+08:00,2026-09-18T15:58:06+08:00,2026-09-18T21:30:00+08:00,5.532,False,False,False
V4_SHADOW,3089846,2026-09-18,埃及甲,佩哈亚克 vs 三角洲联,三角洲联,receiving,0.75,1.05,C,,0,,,D:\codex\v3_legacy\outputs\football_odds_trader\raw\titan007\20260918\20260918_155806_titan007_odds_snapshot.csv,NOT_FINAL_STATE_0,560e6fd8b9a10ef2de69,RUN_20260918_155805,v4-market-dirichlet-20260913,2026-09-18T15:58:06+08:00,2026-09-18T15:58:06+08:00,2026-09-18T21:30:00+08:00,5.532,False,True,False
V4_SHADOW,3092133,2026-09-18,印米佐超,西钱马里FC vs 兰塔尔文格,,,,,,,0,,,D:\codex\v3_legacy\outputs\football_odds_trader\raw\titan007\20260918\20260918_155806_titan007_odds_snapshot.csv,NOT_FINAL_STATE_0,8858b6641f84d7185bb1,RUN_20260918_155805,v4-market-dirichlet-20260913,2026-09-18T15:58:06+08:00,2026-09-18T15:58:06+08:00,2026-09-18T21:30:00+08:00,5.532,False,False,False
V4_SHADOW,3092036,2026-09-18,阿联U19,艾查捷拉U19 vs 纳萨U19,,,,,,,0,,,D:\codex\v3_legacy\outputs\football_odds_trader\raw\titan007\20260918\20260918_155806_titan007_odds_snapshot.csv,NOT_FINAL_STATE_0,7c39fd76349998a5718a,RUN_20260918_155805,v4-market-dirichlet-20260913,2026-09-18T15:58:06+08:00,2026-09-18T15:58:06+08:00,2026-09-18T21:35:00+08:00,5.615,False,False,False
V4_SHADOW,3092132,2026-09-18,阿联U19,沙迦U19 vs 阿尔艾因U19,,,,,,,0,,,D:\codex\v3_legacy\outputs\football_odds_trader\raw\titan007\20260918\20260918_155806_titan007_odds_snapshot.csv,NOT_FINAL_STATE_0,ff09ad959a59cf25811a,RUN_20260918_155805,v4-market-dirichlet-20260913,2026-09-18T15:58:06+08:00,2026-09-18T15:58:06+08:00,2026-09-18T21:35:00+08:00,5.615,False,False,False
V4_SHADOW,3021988,2026-09-18,俄甲,切里宾斯克 vs 乌法,乌法,receiving,0.25,1.05,C,,0,,,D:\codex\v3_legacy\outputs\football_odds_trader\raw\titan007\20260918\20260918_155806_titan007_odds_snapshot.csv,NOT_FINAL_STATE_0,93f6acb29769a788de58,RUN_20260918_155805,v4-market-dirichlet-20260913,2026-09-18T15:58:06+08:00,2026-09-18T15:58:06+08:00,2026-09-18T22:00:00+08:00,6.032,False,True,False
V4_SHADOW,3021992,2026-09-18,俄甲,索契 vs SKA哈巴罗夫斯克,SKA哈巴罗夫斯克,receiving,1.25,0.88,N,,0,,,D:\codex\v3_legacy\outputs\football_odds_trader\raw\titan007\20260918\20260918_155806_titan007_odds_snapshot.csv,NOT_FINAL_STATE_0,83eba0355e0aba31cd55,RUN_20260918_155805,v4-market-dirichlet-20260913,2026-09-18T15:58:06+08:00,2026-09-18T15:58:06+08:00,2026-09-18T22:00:00+08:00,6.032,False,True,False
V4_SHADOW,3021995,2026-09-18,俄甲,乌里扬诺夫斯克伏尔加 vs 科斯特罗马斯巴达,,,,,,,0,,,D:\codex\v3_legacy\outputs\football_odds_trader\raw\titan007\20260918\20260918_155806_titan007_odds_snapshot.csv,NOT_FINAL_STATE_0,16f3e982dddc1aee42e5,RUN_20260918_155805,v4-market-dirichlet-20260913,2026-09-18T15:58:06+08:00,2026-09-18T15:58:06+08:00,2026-09-18T22:00:00+08:00,6.032,False,False,False
V4_SHADOW,3035911,2026-09-18,波兰乙,索克尔克勒泽威 vs 威亚斯威德尼克,,,,,,,0,,,D:\codex\v3_legacy\outputs\football_odds_trader\raw\titan007\20260918\20260918_155806_titan007_odds_snapshot.csv,NOT_FINAL_STATE_0,4fbf62eaa2c34d7c28c4,RUN_20260918_155805,v4-market-dirichlet-20260913,2026-09-18T15:58:06+08:00,2026-09-18T15:58:06+08:00,2026-09-18T22:00:00+08:00,6.032,False,False,False
V4_SHADOW,2998368,2026-09-18,北马其甲,斯肯迪亚 vs 贝斯基米,,,,,,,0,,,D:\codex\v3_legacy\outputs\football_odds_trader\raw\titan007\20260918\20260918_155806_titan007_odds_snapshot.csv,NOT_FINAL_STATE_0,28a7548640e17a22e3a2,RUN_20260918_155805,v4-market-dirichlet-20260913,2026-09-18T15:58:06+08:00,2026-09-18T15:58:06+08:00,2026-09-18T22:00:00+08:00,6.032,False,False,False
V4_SHADOW,2998369,2026-09-18,北马其甲,施历斯 vs 蒂克韦什,,,,,,,0,,,D:\codex\v3_legacy\outputs\football_odds_trader\raw\titan007\20260918\20260918_155806_titan007_odds_snapshot.csv,NOT_FINAL_STATE_0,5700331cdf44500c1636,RUN_20260918_155805,v4-market-dirichlet-20260913,2026-09-18T15:58:06+08:00,2026-09-18T15:58:06+08:00,2026-09-18T22:00:00+08:00,6.032,False,False,False
V4_SHADOW,2953378,2026-09-18,哈萨克超,克孜勒扎尔 vs 卡萨尔,卡萨尔,receiving,0.25,1.0,C,,0,,,D:\codex\v3_legacy\outputs\football_odds_trader\raw\titan007\20260918\20260918_155806_titan007_odds_snapshot.csv,NOT_FINAL_STATE_0,1eb82dc226132c2f86cb,RUN_20260918_155805,v4-market-dirichlet-20260913,2026-09-18T15:58:06+08:00,2026-09-18T15:58:06+08:00,2026-09-18T22:00:00+08:00,6.032,False,True,False
V4_SHADOW,3024551,2026-09-18,阿美超,卡潘宝山 vs 乌拉尔图,卡潘宝山,receiving,0.5,0.88,N,,0,,,D:\codex\v3_legacy\outputs\football_odds_trader\raw\titan007\20260918\20260918_155806_titan007_odds_snapshot.csv,NOT_FINAL_STATE_0,dbe61baaba78a9f2c513,RUN_20260918_155805,v4-market-dirichlet-20260913,2026-09-18T15:58:06+08:00,2026-09-18T15:58:06+08:00,2026-09-18T22:00:00+08:00,6.032,False,True,False
V4_SHADOW,3092082,2026-09-18,球会友谊,非洲年轻人 vs 圣格鲁吉,,,,,,,0,,,D:\codex\v3_legacy\outputs\football_odds_trader\raw\titan007\20260918\20260918_155806_titan007_odds_snapshot.csv,NOT_FINAL_STATE_0,e704563cce5d0c320694,RUN_20260918_155805,v4-market-dirichlet-20260913,2026-09-18T15:58:06+08:00,2026-09-18T15:58:06+08:00,2026-09-18T22:00:00+08:00,6.032,False,False,False
V4_SHADOW,2965040,2026-09-18,哈萨克甲,图兰突厥斯坦 vs 叶利迈塞米B队,,,,,,,0,,,D:\codex\v3_legacy\outputs\football_odds_trader\raw\titan007\20260918\20260918_155806_titan007_odds_snapshot.csv,NOT_FINAL_STATE_0,3fa6026481b6e4e430b2,RUN_20260918_155805,v4-market-dirichlet-20260913,2026-09-18T15:58:06+08:00,2026-09-18T15:58:06+08:00,2026-09-18T22:00:00+08:00,6.032,False,False,False
V4_SHADOW,3089812,2026-09-18,波兰丙,罗姆查 vs 维亚扎布基,,neutral,,,,,0,,,D:\codex\v3_legacy\outputs\football_odds_trader\raw\titan007\20260918\20260918_155806_titan007_odds_snapshot.csv,NOT_FINAL_STATE_0,673219ae5cadf4ef0d08,RUN_20260918_155805,v4-market-dirichlet-20260913,2026-09-18T15:58:06+08:00,2026-09-18T15:58:06+08:00,2026-09-18T22:00:00+08:00,6.032,False,False,False
V4_SHADOW,3089814,2026-09-18,波兰丙,包尔科维切 vs 索斯诺维克,,,,,,,0,,,D:\codex\v3_legacy\outputs\football_odds_trader\raw\titan007\20260918\20260918_155806_titan007_odds_snapshot.csv,NOT_FINAL_STATE_0,02142fbf176e8eaa63fd,RUN_20260918_155805,v4-market-dirichlet-20260913,2026-09-18T15:58:06+08:00,2026-09-18T15:58:06+08:00,2026-09-18T22:00:00+08:00,6.032,False,False,False
V4_SHADOW,3091733,2026-09-18,阿女甲,纽维尔老男孩女足 vs 甘拿斯亚女足,,,,,,,0,,,D:\codex\v3_legacy\outputs\football_odds_trader\raw\titan007\20260918\20260918_155806_titan007_odds_snapshot.csv,NOT_FINAL_STATE_0,c517651a443eb433b9ee,RUN_20260918_155805,v4-market-dirichlet-20260913,2026-09-18T15:58:06+08:00,2026-09-18T15:58:06+08:00,2026-09-18T22:00:00+08:00,6.032,False,False,False
V4_SHADOW,3091749,2026-09-18,捷丁,赫卢克 vs SFK霍莱绍夫,,,,,,,0,,,D:\codex\v3_legacy\outputs\football_odds_trader\raw\titan007\20260918\20260918_155806_titan007_odds_snapshot.csv,NOT_FINAL_STATE_0,c87455deb3e7f674aeb2,RUN_20260918_155805,v4-market-dirichlet-20260913,2026-09-18T15:58:06+08:00,2026-09-18T15:58:06+08:00,2026-09-18T22:00:00+08:00,6.032,False,False,False
V4_SHADOW,3068141,2026-09-18,克亚乙,扎达拉洛维 vs 瑟格斯塔,,neutral,,,,,0,,,D:\codex\v3_legacy\outputs\football_odds_trader\raw\titan007\20260918\20260918_155806_titan007_odds_snapshot.csv,NOT_FINAL_STATE_0,87df6d23d530b88fbe37,RUN_20260918_155805,v4-market-dirichlet-20260913,2026-09-18T15:58:06+08:00,2026-09-18T15:58:06+08:00,2026-09-18T22:00:00+08:00,6.032,False,False,False
V4_SHADOW,3092039,2026-09-18,罗丙,布莱乔 vs 瑟拉特,,,,,,,0,,,D:\codex\v3_legacy\outputs\football_odds_trader\raw\titan007\20260918\20260918_155806_titan007_odds_snapshot.csv,NOT_FINAL_STATE_0,15e4990008149056c787,RUN_20260918_155805,v4-market-dirichlet-20260913,2026-09-18T15:58:06+08:00,2026-09-18T15:58:06+08:00,2026-09-18T22:00:00+08:00,6.032,False,False,False
V4_SHADOW,3092040,2026-09-18,罗丙,维托鲁卢克 vs CS学术研究,,,,,,,0,,,D:\codex\v3_legacy\outputs\football_odds_trader\raw\titan007\20260918\20260918_155806_titan007_odds_snapshot.csv,NOT_FINAL_STATE_0,fc6551ab09123b7156f3,RUN_20260918_155805,v4-market-dirichlet-20260913,2026-09-18T15:58:06+08:00,2026-09-18T15:58:06+08:00,2026-09-18T22:00:00+08:00,6.032,False,False,False
V4_SHADOW,3092041,2026-09-18,罗丙,科尔贝安卡未来 vs 佩特罗鲁贝尔卡,,,,,,,0,,,D:\codex\v3_legacy\outputs\football_odds_trader\raw\titan007\20260918\20260918_155806_titan007_odds_snapshot.csv,NOT_FINAL_STATE_0,c728ecf7f90ef61f99c1,RUN_20260918_155805,v4-market-dirichlet-20260913,2026-09-18T15:58:06+08:00,2026-09-18T15:58:06+08:00,2026-09-18T22:00:00+08:00,6.032,False,False,False
V4_SHADOW,3092045,2026-09-18,罗丙,亚历山德里 vs 敦拿利久尔久,,,,,,,0,,,D:\codex\v3_legacy\outputs\football_odds_trader\raw\titan007\20260918\20260918_155806_titan007_odds_snapshot.csv,NOT_FINAL_STATE_0,d6868d5825c26a5925f7,RUN_20260918_155805,v4-market-dirichlet-20260913,2026-09-18T15:58:06+08:00,2026-09-18T15:58:06+08:00,2026-09-18T22:00:00+08:00,6.032,False,False,False
V4_SHADOW,3092109,2026-09-18,罗丙,ACS 西尔布拉吉 vs 维托鲁尔阿拉德,,,,,,,0,,,D:\codex\v3_legacy\outputs\football_odds_trader\raw\titan007\20260918\20260918_155806_titan007_odds_snapshot.csv,NOT_FINAL_STATE_0,bd8993a448f738f3a582,RUN_20260918_155805,v4-market-dirichlet-20260913,2026-09-18T15:58:06+08:00,2026-09-18T15:58:06+08:00,2026-09-18T22:00:00+08:00,6.032,False,False,False
V4_SHADOW,3092110,2026-09-18,罗丙,尤尼里亚巴斯科夫 vs ACS巴尔斯,,,,,,,0,,,D:\codex\v3_legacy\outputs\football_odds_trader\raw\titan007\20260918\20260918_155806_titan007_odds_snapshot.csv,NOT_FINAL_STATE_0,6b608b02cb667e0a993e,RUN_20260918_155805,v4-market-dirichlet-20260913,2026-09-18T15:58:06+08:00,2026-09-18T15:58:06+08:00,2026-09-18T22:00:00+08:00,6.032,False,False,False
V4_SHADOW,3092113,2026-09-18,罗丙,古吉尔 vs 艾巴尤利亚,,,,,,,0,,,D:\codex\v3_legacy\outputs\football_odds_trader\raw\titan007\20260918\20260918_155806_titan007_odds_snapshot.csv,NOT_FINAL_STATE_0,cbdc1d5cd36ff74a1348,RUN_20260918_155805,v4-market-dirichlet-20260913,2026-09-18T15:58:06+08:00,2026-09-18T15:58:06+08:00,2026-09-18T22:00:00+08:00,6.032,False,False,False
V4_SHADOW,3092114,2026-09-18,罗丙,阿尔巴尤利亚大学 vs 切塔泰迪瓦,,,,,,,0,,,D:\codex\v3_legacy\outputs\football_odds_trader\raw\titan007\20260918\20260918_155806_titan007_odds_snapshot.csv,NOT_FINAL_STATE_0,c99b744596f0b17054e8,RUN_20260918_155805,v4-market-dirichlet-20260913,2026-09-18T15:58:06+08:00,2026-09-18T15:58:06+08:00,2026-09-18T22:00:00+08:00,6.032,False,False,False
V4_SHADOW,3092116,2026-09-18,罗丙,ACS谢普希B队 vs ACSKT巴索夫,,,,,,,0,,,D:\codex\v3_legacy\outputs\football_odds_trader\raw\titan007\20260918\20260918_155806_titan007_odds_snapshot.csv,NOT_FINAL_STATE_0,a303969304e8a2581fcd,RUN_20260918_155805,v4-market-dirichlet-20260913,2026-09-18T15:58:06+08:00,2026-09-18T15:58:06+08:00,2026-09-18T22:00:00+08:00,6.032,False,False,False
V4_SHADOW,3092128,2026-09-18,罗丙,克林塞尼 vs 阿希竞技场,,,,,,,0,,,D:\codex\v3_legacy\outputs\football_odds_trader\raw\titan007\20260918\20260918_155806_titan007_odds_snapshot.csv,NOT_FINAL_STATE_0,e7bbd8386a43b38829e2,RUN_20260918_155805,v4-market-dirichlet-20260913,2026-09-18T15:58:06+08:00,2026-09-18T15:58:06+08:00,2026-09-18T22:00:00+08:00,6.032,False,False,False
V4_SHADOW,3092134,2026-09-18,罗丙,吉田达 vs 尼拉博戈廷,,,,,,,0,,,D:\codex\v3_legacy\outputs\football_odds_trader\raw\titan007\20260918\20260918_155806_titan007_odds_snapshot.csv,NOT_FINAL_STATE_0,9482eb4c9b6dfe97bc9f,RUN_20260918_155805,v4-market-dirichlet-20260913,2026-09-18T15:58:06+08:00,2026-09-18T15:58:06+08:00,2026-09-18T22:00:00+08:00,6.032,False,False,False
V4_SHADOW,3091705,2026-09-18,克亚丙,卢斯高 vs 杜哥塞洛,,,,,,,0,,,D:\codex\v3_legacy\outputs\football_odds_trader\raw\titan007\20260918\20260918_155806_titan007_odds_snapshot.csv,NOT_FINAL_STATE_0,db2c0cc56a1e7ef8a7f1,RUN_20260918_155805,v4-market-dirichlet-20260913,2026-09-18T15:58:06+08:00,2026-09-18T15:58:06+08:00,2026-09-18T22:00:00+08:00,6.032,False,False,False
V4_SHADOW,3092025,2026-09-18,巴马全联,阿马多尔后备队 vs 巴拿马城FC,,,,,,,0,,,D:\codex\v3_legacy\outputs\football_odds_trader\raw\titan007\20260918\20260918_155806_titan007_odds_snapshot.csv,NOT_FINAL_STATE_0,acb3b3e60dd21bfafe9d,RUN_20260918_155805,v4-market-dirichlet-20260913,2026-09-18T15:58:06+08:00,2026-09-18T15:58:06+08:00,2026-09-18T22:00:00+08:00,6.032,False,False,False
V4_SHADOW,2952580,2026-09-18,俄青联,莫斯科切尔塔诺沃青年队 vs 莫斯科迪纳摩青年队,,,,,,,0,,,D:\codex\v3_legacy\outputs\football_odds_trader\raw\titan007\20260918\20260918_155806_titan007_odds_snapshot.csv,NOT_FINAL_STATE_0,e570d90c9c48bef291b3,RUN_20260918_155805,v4-market-dirichlet-20260913,2026-09-18T15:58:06+08:00,2026-09-18T15:58:06+08:00,2026-09-18T22:00:00+08:00,6.032,False,False,False
V4_SHADOW,2952582,2026-09-18,俄青联,罗斯杜夫青年队 vs 阿尔玛兹安泰青年队,,neutral,,,,,0,,,D:\codex\v3_legacy\outputs\football_odds_trader\raw\titan007\20260918\20260918_155806_titan007_odds_snapshot.csv,NOT_FINAL_STATE_0,237c3373b2e9c183a15a,RUN_20260918_155805,v4-market-dirichlet-20260913,2026-09-18T15:58:06+08:00,2026-09-18T15:58:06+08:00,2026-09-18T22:00:00+08:00,6.032,False,False,False
V4_SHADOW,2952584,2026-09-18,俄青联,克拉斯诺达尔青年队 vs 莫斯科火车头青年队,,neutral,,,,,0,,,D:\codex\v3_legacy\outputs\football_odds_trader\raw\titan007\20260918\20260918_155806_titan007_odds_snapshot.csv,NOT_FINAL_STATE_0,6897075a825c49be5da9,RUN_20260918_155805,v4-market-dirichlet-20260913,2026-09-18T15:58:06+08:00,2026-09-18T15:58:06+08:00,2026-09-18T22:00:00+08:00,6.032,False,False,False
V4_SHADOW,2952587,2026-09-18,俄青联,圣彼德斯堡青年队 vs 莫斯科斯巴达青年队,莫斯科斯巴达青年队,receiving,1.25,1.11,C,,0,,,D:\codex\v3_legacy\outputs\football_odds_trader\raw\titan007\20260918\20260918_155806_titan007_odds_snapshot.csv,NOT_FINAL_STATE_0,6684a3b6ba9075c51431,RUN_20260918_155805,v4-market-dirichlet-20260913,2026-09-18T15:58:06+08:00,2026-09-18T15:58:06+08:00,2026-09-18T22:00:00+08:00,6.032,False,True,False
V4_SHADOW,3035909,2026-09-18,波兰乙,别尔斯科 vs 斯威特什切青,斯威特什切青,receiving,0.75,0.7,N,,0,,,D:\codex\v3_legacy\outputs\football_odds_trader\raw\titan007\20260918\20260918_155806_titan007_odds_snapshot.csv,NOT_FINAL_STATE_0,329ac60b323a59286802,RUN_20260918_155805,v4-market-dirichlet-20260913,2026-09-18T15:58:06+08:00,2026-09-18T15:58:06+08:00,2026-09-18T22:30:00+08:00,6.532,False,True,False
V4_SHADOW,3031202,2026-09-18,立陶乙,考纳斯 vs FK特兰西B队,FK特兰西B队,receiving,1.25,1.05,C,,0,,,D:\codex\v3_legacy\outputs\football_odds_trader\raw\titan007\20260918\20260918_155806_titan007_odds_snapshot.csv,NOT_FINAL_STATE_0,590a4b9677787dc727b0,RUN_20260918_155805,v4-market-dirichlet-20260913,2026-09-18T15:58:06+08:00,2026-09-18T15:58:06+08:00,2026-09-18T22:30:00+08:00,6.532,False,True,False
V4_SHADOW,2941112,2026-09-18,爱沙乙,卡勒威 vs 科罗拉二队,,,,,,,0,,,D:\codex\v3_legacy\outputs\football_odds_trader\raw\titan007\20260918\20260918_155806_titan007_odds_snapshot.csv,NOT_FINAL_STATE_0,275207840e742fa7dd11,RUN_20260918_155805,v4-market-dirichlet-20260913,2026-09-18T15:58:06+08:00,2026-09-18T15:58:06+08:00,2026-09-18T22:30:00+08:00,6.532,False,False,False
V4_SHADOW,3092033,2026-09-18,斯亚U19,佩利根U19 vs 慕拉U19,,,,,,,0,,,D:\codex\v3_legacy\outputs\football_odds_trader\raw\titan007\20260918\20260918_155806_titan007_odds_snapshot.csv,NOT_FINAL_STATE_0,94ea4e32001484d74838,RUN_20260918_155805,v4-market-dirichlet-20260913,2026-09-18T15:58:06+08:00,2026-09-18T15:58:06+08:00,2026-09-18T22:30:00+08:00,6.532,False,False,False
V4_SHADOW,3092122,2026-09-18,斯亚U19,奥林比查U19 vs 贝尔廷齐U19,,,,,,,0,,,D:\codex\v3_legacy\outputs\football_odds_trader\raw\titan007\20260918\20260918_155806_titan007_odds_snapshot.csv,NOT_FINAL_STATE_0,5f32b8858c83497cbc92,RUN_20260918_155805,v4-market-dirichlet-20260913,2026-09-18T15:58:06+08:00,2026-09-18T15:58:06+08:00,2026-09-18T22:30:00+08:00,6.532,False,False,False
V4_SHADOW,3092124,2026-09-18,斯亚U19,拉多米尔杰U19 vs NK布拉沃U19,,,,,,,0,,,D:\codex\v3_legacy\outputs\football_odds_trader\raw\titan007\20260918\20260918_155806_titan007_odds_snapshot.csv,NOT_FINAL_STATE_0,7b7298e1eea3dd098a1d,RUN_20260918_155805,v4-market-dirichlet-20260913,2026-09-18T15:58:06+08:00,2026-09-18T15:58:06+08:00,2026-09-18T22:30:00+08:00,6.532,False,False,False
V4_SHADOW,3090317,2026-09-18,波兰丙,佐维耶茨基 vs 斯维特,,,,,,,0,,,D:\codex\v3_legacy\outputs\football_odds_trader\raw\titan007\20260918\20260918_155806_titan007_odds_snapshot.csv,NOT_FINAL_STATE_0,5ba3c2cb6508ffbaaf71,RUN_20260918_155805,v4-market-dirichlet-20260913,2026-09-18T15:58:06+08:00,2026-09-18T15:58:06+08:00,2026-09-18T22:30:00+08:00,6.532,False,False,False
V4_SHADOW,3068143,2026-09-18,克亚乙,雷迪塞瓦特 vs 希巴利亚,希巴利亚,receiving,0.5,0.79,N,,0,,,D:\codex\v3_legacy\outputs\football_odds_trader\raw\titan007\20260918\20260918_155806_titan007_odds_snapshot.csv,NOT_FINAL_STATE_0,1368b3877b41b938a106,RUN_20260918_155805,v4-market-dirichlet-20260913,2026-09-18T15:58:06+08:00,2026-09-18T15:58:06+08:00,2026-09-18T22:30:00+08:00,6.532,False,True,False
V4_SHADOW,3092115,2026-09-18,北马女联,2014斯科普里女足 vs ZFK伊斯塔女足,,,,,,,0,,,D:\codex\v3_legacy\outputs\football_odds_trader\raw\titan007\20260918\20260918_155806_titan007_odds_snapshot.csv,NOT_FINAL_STATE_0,bdc250113199aa716f01,RUN_20260918_155805,v4-market-dirichlet-20260913,2026-09-18T15:58:06+08:00,2026-09-18T15:58:06+08:00,2026-09-18T22:30:00+08:00,6.532,False,False,False
V4_SHADOW,3092020,2026-09-18,克亚丙,NK托米斯拉夫塞尔纳 vs 普莱泰尔尼察,,,,,,,0,,,D:\codex\v3_legacy\outputs\football_odds_trader\raw\titan007\20260918\20260918_155806_titan007_odds_snapshot.csv,NOT_FINAL_STATE_0,7eeddc6ad056dd2c1e41,RUN_20260918_155805,v4-market-dirichlet-20260913,2026-09-18T15:58:06+08:00,2026-09-18T15:58:06+08:00,2026-09-18T22:30:00+08:00,6.532,False,False,False
V4_SHADOW,3032920,2026-09-18,阿联酋甲,阿巴塔 vs 哈利亚,哈利亚,receiving,0.5,0.89,N,,0,,,D:\codex\v3_legacy\outputs\football_odds_trader\raw\titan007\20260918\20260918_155806_titan007_odds_snapshot.csv,NOT_FINAL_STATE_0,60ba1d33dcee9007a59c,RUN_20260918_155805,v4-market-dirichlet-20260913,2026-09-18T15:58:06+08:00,2026-09-18T15:58:06+08:00,2026-09-18T22:40:00+08:00,6.698,False,True,False
V4_SHADOW,3032921,2026-09-18,阿联酋甲,阿尔富伊拉 vs 迪巴,阿尔富伊拉,receiving,0.25,1.06,C,,0,,,D:\codex\v3_legacy\outputs\football_odds_trader\raw\titan007\20260918\20260918_155806_titan007_odds_snapshot.csv,NOT_FINAL_STATE_0,f4135b09f67a181d2ec4,RUN_20260918_155805,v4-market-dirichlet-20260913,2026-09-18T15:58:06+08:00,2026-09-18T15:58:06+08:00,2026-09-18T22:40:00+08:00,6.698,False,True,False
V4_SHADOW,3032922,2026-09-18,阿联酋甲,奥鲁巴 vs 酋长,酋长,receiving,0.5,0.78,N,,0,,,D:\codex\v3_legacy\outputs\football_odds_trader\raw\titan007\20260918\20260918_155806_titan007_odds_snapshot.csv,NOT_FINAL_STATE_0,99280518dd28d51df884,RUN_20260918_155805,v4-market-dirichlet-20260913,2026-09-18T15:58:06+08:00,2026-09-18T15:58:06+08:00,2026-09-18T22:40:00+08:00,6.698,False,True,False
V4_SHADOW,3032923,2026-09-18,阿联酋甲,富查伊拉 vs 阿联酋伊蒂法格,阿联酋伊蒂法格,receiving,1.0,0.94,C,,0,,,D:\codex\v3_legacy\outputs\football_odds_trader\raw\titan007\20260918\20260918_155806_titan007_odds_snapshot.csv,NOT_FINAL_STATE_0,93d7c9f7a13b5a1afbd7,RUN_20260918_155805,v4-market-dirichlet-20260913,2026-09-18T15:58:06+08:00,2026-09-18T15:58:06+08:00,2026-09-18T22:40:00+08:00,6.698,False,True,False
V4_SHADOW,3032924,2026-09-18,阿联酋甲,城市俱乐部 vs 阿拉比欧姆古温,城市俱乐部,receiving,1.0,1.01,C,,0,,,D:\codex\v3_legacy\outputs\football_odds_trader\raw\titan007\20260918\20260918_155806_titan007_odds_snapshot.csv,NOT_FINAL_STATE_0,dbc9bfb912008c779bb4,RUN_20260918_155805,v4-market-dirichlet-20260913,2026-09-18T15:58:06+08:00,2026-09-18T15:58:06+08:00,2026-09-18T22:40:00+08:00,6.698,False,True,False
V4_SHADOW,3032925,2026-09-18,阿联酋甲,海湾联 vs 阿尔咸拉,阿尔咸拉,receiving,0.5,0.74,N,,0,,,D:\codex\v3_legacy\outputs\football_odds_trader\raw\titan007\20260918\20260918_155806_titan007_odds_snapshot.csv,NOT_FINAL_STATE_0,5c839f544e3aae4076b7,RUN_20260918_155805,v4-market-dirichlet-20260913,2026-09-18T15:58:06+08:00,2026-09-18T15:58:06+08:00,2026-09-18T22:40:00+08:00,6.698,False,True,False
V4_SHADOW,3032926,2026-09-18,阿联酋甲,迪拜365 FC vs 福特维尔图斯,福特维尔图斯,receiving,0.5,0.65,N,,0,,,D:\codex\v3_legacy\outputs\football_odds_trader\raw\titan007\20260918\20260918_155806_titan007_odds_snapshot.csv,NOT_FINAL_STATE_0,06ad48dfbb11364b6534,RUN_20260918_155805,v4-market-dirichlet-20260913,2026-09-18T15:58:06+08:00,2026-09-18T15:58:06+08:00,2026-09-18T22:40:00+08:00,6.698,False,True,False
V4_SHADOW,3091753,2026-09-18,捷丁,梅泽里西 vs SK斯托纳瓦,,,,,,,0,,,D:\codex\v3_legacy\outputs\football_odds_trader\raw\titan007\20260918\20260918_155806_titan007_odds_snapshot.csv,NOT_FINAL_STATE_0,539d1409bec19072ddef,RUN_20260918_155805,v4-market-dirichlet-20260913,2026-09-18T15:58:06+08:00,2026-09-18T15:58:06+08:00,2026-09-18T22:45:00+08:00,6.782,False,False,False
V4_SHADOW,3085234,2026-09-18,芬超降,拉赫蒂 vs 雅罗,雅罗,receiving,1.0,0.85,C,,0,,,D:\codex\v3_legacy\outputs\football_odds_trader\raw\titan007\20260918\20260918_155806_titan007_odds_snapshot.csv,NOT_FINAL_STATE_0,1ce3cc05770407131bf0,RUN_20260918_155805,v4-market-dirichlet-20260913,2026-09-18T15:58:06+08:00,2026-09-18T15:58:06+08:00,2026-09-18T23:00:00+08:00,7.032,False,True,False
V4_SHADOW,3085235,2026-09-18,芬超降,塞伊奈约基 vs 玛丽港,玛丽港,receiving,0.75,0.84,N,,0,,,D:\codex\v3_legacy\outputs\football_odds_trader\raw\titan007\20260918\20260918_155806_titan007_odds_snapshot.csv,NOT_FINAL_STATE_0,db174b57788e08749166,RUN_20260918_155805,v4-market-dirichlet-20260913,2026-09-18T15:58:06+08:00,2026-09-18T15:58:06+08:00,2026-09-18T23:00:00+08:00,7.032,False,True,False
V4_SHADOW,3010433,2026-09-18,罗甲,阿拉德联队 vs 圣格奥尔基塞普西,圣格奥尔基塞普西,receiving,0.5,0.94,N,,0,,,D:\codex\v3_legacy\outputs\football_odds_trader\raw\titan007\20260918\20260918_155806_titan007_odds_snapshot.csv,NOT_FINAL_STATE_0,1d351687e7afb8c9346c,RUN_20260918_155805,v4-market-dirichlet-20260913,2026-09-18T15:58:06+08:00,2026-09-18T15:58:06+08:00,2026-09-18T23:00:00+08:00,7.032,False,True,False
V4_SHADOW,3021989,2026-09-18,俄甲,下卡姆斯克石油 vs 乌拉尔,下卡姆斯克石油,receiving,0.75,0.93,N,,0,,,D:\codex\v3_legacy\outputs\football_odds_trader\raw\titan007\20260918\20260918_155806_titan007_odds_snapshot.csv,NOT_FINAL_STATE_0,67a5c92f7a113aaa1474,RUN_20260918_155805,v4-market-dirichlet-20260913,2026-09-18T15:58:06+08:00,2026-09-18T15:58:06+08:00,2026-09-18T23:00:00+08:00,7.032,False,True,False
V4_SHADOW,3056754,2026-09-18,阿尔甲,汉舍莱 vs 阿科诺,阿科诺,receiving,0.25,1.02,C,,0,,,D:\codex\v3_legacy\outputs\football_odds_trader\raw\titan007\20260918\20260918_155806_titan007_odds_snapshot.csv,NOT_FINAL_STATE_0,6afa82301ff52feb5782,RUN_20260918_155805,v4-market-dirichlet-20260913,2026-09-18T15:58:06+08:00,2026-09-18T15:58:06+08:00,2026-09-18T23:00:00+08:00,7.032,False,True,False
V4_SHADOW,3085758,2026-09-18,约超联,阿拉毕 vs 亚吉拉安曼,,neutral,,,,,0,,,D:\codex\v3_legacy\outputs\football_odds_trader\raw\titan007\20260918\20260918_155806_titan007_odds_snapshot.csv,NOT_FINAL_STATE_0,ac92df8d7adc25414f36,RUN_20260918_155805,v4-market-dirichlet-20260913,2026-09-18T15:58:06+08:00,2026-09-18T15:58:06+08:00,2026-09-18T23:00:00+08:00,7.032,False,False,False
V4_SHADOW,2953374,2026-09-18,哈萨克超,阿克托比 vs 乌利塔哲兹卡兹甘,乌利塔哲兹卡兹甘,receiving,0.75,1.12,C,,0,,,D:\codex\v3_legacy\outputs\football_odds_trader\raw\titan007\20260918\20260918_155806_titan007_odds_snapshot.csv,NOT_FINAL_STATE_0,47abf66dcc79555d32d3,RUN_20260918_155805,v4-market-dirichlet-20260913,2026-09-18T15:58:06+08:00,2026-09-18T15:58:06+08:00,2026-09-18T23:00:00+08:00,7.032,False,True,False
V4_SHADOW,3091754,2026-09-18,芬K联,ACF vs 卡亚普,,,,,,,0,,,D:\codex\v3_legacy\outputs\football_odds_trader\raw\titan007\20260918\20260918_155806_titan007_odds_snapshot.csv,NOT_FINAL_STATE_0,6071f6fd9f13157832a7,RUN_20260918_155805,v4-market-dirichlet-20260913,2026-09-18T15:58:06+08:00,2026-09-18T15:58:06+08:00,2026-09-18T23:00:00+08:00,7.032,False,False,False
V4_SHADOW,3091706,2026-09-18,捷丁,科马罗夫 vs 康尼斯,,,,,,,0,,,D:\codex\v3_legacy\outputs\football_odds_trader\raw\titan007\20260918\20260918_155806_titan007_odds_snapshot.csv,NOT_FINAL_STATE_0,f5ab22429a7d4c8e7d9c,RUN_20260918_155805,v4-market-dirichlet-20260913,2026-09-18T15:58:06+08:00,2026-09-18T15:58:06+08:00,2026-09-18T23:00:00+08:00,7.032,False,False,False
V4_SHADOW,3091974,2026-09-18,加纳联,恩苏奥蓬忠诚FC vs 未来之星FC,,,,,,,0,,,D:\codex\v3_legacy\outputs\football_odds_trader\raw\titan007\20260918\20260918_155806_titan007_odds_snapshot.csv,NOT_FINAL_STATE_0,f6f8998679645c6930d4,RUN_20260918_155805,v4-market-dirichlet-20260913,2026-09-18T15:58:06+08:00,2026-09-18T15:58:06+08:00,2026-09-18T23:00:00+08:00,7.032,False,False,False
V4_SHADOW,3052638,2026-09-18,德青联,特雷斯登U19 vs 莱比锡红牛U19,,,,,,,0,,,D:\codex\v3_legacy\outputs\football_odds_trader\raw\titan007\20260918\20260918_155806_titan007_odds_snapshot.csv,NOT_FINAL_STATE_0,1963620406c213c940cc,RUN_20260918_155805,v4-market-dirichlet-20260913,2026-09-18T15:58:06+08:00,2026-09-18T15:58:06+08:00,2026-09-18T23:00:00+08:00,7.032,False,False,False
V4_SHADOW,3089824,2026-09-18,墨西U21,华雷斯U21 vs 堤格雷斯UANL U21,,,,,,,0,,,D:\codex\v3_legacy\outputs\football_odds_trader\raw\titan007\20260918\20260918_155806_titan007_odds_snapshot.csv,NOT_FINAL_STATE_0,9565bc085b06005e3fc9,RUN_20260918_155805,v4-market-dirichlet-20260913,2026-09-18T15:58:06+08:00,2026-09-18T15:58:06+08:00,2026-09-18T23:00:00+08:00,7.032,False,False,False
V4_SHADOW,3089825,2026-09-18,墨西U21,普埃布拉U21 vs 亚特兰特U21,,,,,,,0,,,D:\codex\v3_legacy\outputs\football_odds_trader\raw\titan007\20260918\20260918_155806_titan007_odds_snapshot.csv,NOT_FINAL_STATE_0,cff509eebc63f86a3eef,RUN_20260918_155805,v4-market-dirichlet-20260913,2026-09-18T15:58:06+08:00,2026-09-18T15:58:06+08:00,2026-09-18T23:00:00+08:00,7.032,False,False,False
V4_SHADOW,3091984,2026-09-18,奥丁,UFV塔尔加 vs 纽马克特,,,,,,,0,,,D:\codex\v3_legacy\outputs\football_odds_trader\raw\titan007\20260918\20260918_155806_titan007_odds_snapshot.csv,NOT_FINAL_STATE_0,8dcc86380904ab02907e,RUN_20260918_155805,v4-market-dirichlet-20260913,2026-09-18T15:58:06+08:00,2026-09-18T15:58:06+08:00,2026-09-18T23:15:00+08:00,7.282,False,False,False
V4_SHADOW,2921937,2026-09-18,芬甲,哈卡 vs 克鲁比04,克鲁比04,receiving,1.0,1.09,C,,0,,,D:\codex\v3_legacy\outputs\football_odds_trader\raw\titan007\20260918\20260918_155806_titan007_odds_snapshot.csv,NOT_FINAL_STATE_0,e576a4020ae1fac75570,RUN_20260918_155805,v4-market-dirichlet-20260913,2026-09-18T15:58:06+08:00,2026-09-18T15:58:06+08:00,2026-09-18T23:30:00+08:00,7.532,False,True,False
V4_SHADOW,2921938,2026-09-18,芬甲,查普斯 vs EIF埃克纳斯,EIF埃克纳斯,giving,-0.25,1.07,C,,0,,,D:\codex\v3_legacy\outputs\football_odds_trader\raw\titan007\20260918\20260918_155806_titan007_odds_snapshot.csv,NOT_FINAL_STATE_0,3dc2cad24060a4b6386a,RUN_20260918_155805,v4-market-dirichlet-20260913,2026-09-18T15:58:06+08:00,2026-09-18T15:58:06+08:00,2026-09-18T23:30:00+08:00,7.532,False,True,False
V4_SHADOW,3074306,2026-09-18,芬乙B降,格力夫克 vs 穆莎,穆莎,receiving,1.25,0.88,N,,0,,,D:\codex\v3_legacy\outputs\football_odds_trader\raw\titan007\20260918\20260918_155806_titan007_odds_snapshot.csv,NOT_FINAL_STATE_0,8e63c55a11becdfdbd31,RUN_20260918_155805,v4-market-dirichlet-20260913,2026-09-18T15:58:06+08:00,2026-09-18T15:58:06+08:00,2026-09-18T23:30:00+08:00,7.532,False,True,False
V4_SHADOW,3086346,2026-09-18,芬乙D降,KPV科高拉 vs 古比斯青年队,KPV科高拉,receiving,0.25,0.96,N,,0,,,D:\codex\v3_legacy\outputs\football_odds_trader\raw\titan007\20260918\20260918_155806_titan007_odds_snapshot.csv,NOT_FINAL_STATE_0,7c4d977da99d25258baf,RUN_20260918_155805,v4-market-dirichlet-20260913,2026-09-18T15:58:06+08:00,2026-09-18T15:58:06+08:00,2026-09-18T23:30:00+08:00,7.532,False,True,False
V4_SHADOW,3021991,2026-09-18,俄甲,辛历克 vs 卡马斯,卡马斯,receiving,0.5,0.71,N,,0,,,D:\codex\v3_legacy\outputs\football_odds_trader\raw\titan007\20260918\20260918_155806_titan007_odds_snapshot.csv,NOT_FINAL_STATE_0,15e21ebfb6f894812520,RUN_20260918_155805,v4-market-dirichlet-20260913,2026-09-18T15:58:06+08:00,2026-09-18T15:58:06+08:00,2026-09-18T23:30:00+08:00,7.532,False,True,False
V4_SHADOW,3091742,2026-09-18,芬K联,帕卡 vs 库穆IPS,,,,,,,0,,,D:\codex\v3_legacy\outputs\football_odds_trader\raw\titan007\20260918\20260918_155806_titan007_odds_snapshot.csv,NOT_FINAL_STATE_0,e80906862d6396d55b61,RUN_20260918_155805,v4-market-dirichlet-20260913,2026-09-18T15:58:06+08:00,2026-09-18T15:58:06+08:00,2026-09-18T23:30:00+08:00,7.532,False,False,False
V4_SHADOW,3041561,2026-09-18,阿塞超,卡拉巴克 vs FK萨法,FK萨法,receiving,2.25,0.99,N,,0,,,D:\codex\v3_legacy\outputs\football_odds_trader\raw\titan007\20260918\20260918_155806_titan007_odds_snapshot.csv,NOT_FINAL_STATE_0,133fb819fabc61e97ee6,RUN_20260918_155805,v4-market-dirichlet-20260913,2026-09-18T15:58:06+08:00,2026-09-18T15:58:06+08:00,2026-09-18T23:45:00+08:00,7.782,False,True,False
V4_SHADOW,3071911,2026-09-18,伊拉联,摩苏尔足球俱乐部 vs 纳弗特,,,,,,,0,,,D:\codex\v3_legacy\outputs\football_odds_trader\raw\titan007\20260918\20260918_155806_titan007_odds_snapshot.csv,NOT_FINAL_STATE_0,68832dff95b7639515ef,RUN_20260918_155805,v4-market-dirichlet-20260913,2026-09-18T15:58:06+08:00,2026-09-18T15:58:06+08:00,2026-09-18T23:45:00+08:00,7.782,False,False,False
V4_SHADOW,3071917,2026-09-18,伊拉联,卡帕拉 vs 阿比尔,,,,,,,0,,,D:\codex\v3_legacy\outputs\football_odds_trader\raw\titan007\20260918\20260918_155806_titan007_odds_snapshot.csv,NOT_FINAL_STATE_0,36b32715cbbc3c78807c,RUN_20260918_155805,v4-market-dirichlet-20260913,2026-09-18T15:58:06+08:00,2026-09-18T15:58:06+08:00,2026-09-18T23:45:00+08:00,7.782,False,False,False
V4_SHADOW,3048494,2026-09-18,沙地甲,阿尔泰 vs 布凯里耶,布凯里耶,receiving,0.5,0.78,N,,0,,,D:\codex\v3_legacy\outputs\football_odds_trader\raw\titan007\20260918\20260918_155806_titan007_odds_snapshot.csv,NOT_FINAL_STATE_0,ca6d27c784b2d47d5b1b,RUN_20260918_155805,v4-market-dirichlet-20260913,2026-09-18T15:58:06+08:00,2026-09-18T15:58:06+08:00,2026-09-18T23:50:00+08:00,7.865,False,True,False
V4_SHADOW,3085207,2026-09-18,芬超冠,奥卢 vs 图尔库国际,图尔库国际,giving,-0.5,0.95,N,,0,,,D:\codex\v3_legacy\outputs\football_odds_trader\raw\titan007\20260918\20260918_155806_titan007_odds_snapshot.csv,NOT_FINAL_STATE_0,8589a6251f372822d87e,RUN_20260918_155805,v4-market-dirichlet-20260913,2026-09-18T15:58:06+08:00,2026-09-18T15:58:06+08:00,2026-09-19T00:00:00+08:00,8.032,False,True,False
V4_SHADOW,3085208,2026-09-18,芬超冠,格尼斯坦 vs 赫尔辛基,赫尔辛基,giving,-0.75,0.94,N,,0,,,D:\codex\v3_legacy\outputs\football_odds_trader\raw\titan007\20260918\20260918_155806_titan007_odds_snapshot.csv,NOT_FINAL_STATE_0,b0f1b87e27b6b40992f9,RUN_20260918_155805,v4-market-dirichlet-20260913,2026-09-18T15:58:06+08:00,2026-09-18T15:58:06+08:00,2026-09-19T00:00:00+08:00,8.032,False,True,False
V4_SHADOW,3003158,2026-09-18,波兰超,维德祖罗兹 vs KS莫摩斯,KS莫摩斯,receiving,0.5,0.98,N,,0,,,D:\codex\v3_legacy\outputs\football_odds_trader\raw\titan007\20260918\20260918_155806_titan007_odds_snapshot.csv,NOT_FINAL_STATE_0,0b2d92f37d80ec778cbc,RUN_20260918_155805,v4-market-dirichlet-20260913,2026-09-18T15:58:06+08:00,2026-09-18T15:58:06+08:00,2026-09-19T00:00:00+08:00,8.032,False,True,False
V4_SHADOW,3004998,2026-09-18,波兰甲,瓦塔波兹南 vs 涅波沃米采,涅波沃米采,receiving,0.25,0.94,N,,0,,,D:\codex\v3_legacy\outputs\football_odds_trader\raw\titan007\20260918\20260918_155806_titan007_odds_snapshot.csv,NOT_FINAL_STATE_0,7f88341e52cdfb883831,RUN_20260918_155805,v4-market-dirichlet-20260913,2026-09-18T15:58:06+08:00,2026-09-18T15:58:06+08:00,2026-09-19T00:00:00+08:00,8.032,False,True,False
V4_SHADOW,3035916,2026-09-18,波兰乙,萨维斯沙 vs 莱茨纳,,,,,,,0,,,D:\codex\v3_legacy\outputs\football_odds_trader\raw\titan007\20260918\20260918_155806_titan007_odds_snapshot.csv,NOT_FINAL_STATE_0,7801dc7c21d6bef5f804,RUN_20260918_155805,v4-market-dirichlet-20260913,2026-09-18T15:58:06+08:00,2026-09-18T15:58:06+08:00,2026-09-19T00:00:00+08:00,8.032,False,False,False
V4_SHADOW,3040124,2026-09-18,捷乙,卡尔维纳 vs 哈纳卡,哈纳卡,receiving,1.5,1.01,N,,0,,,D:\codex\v3_legacy\outputs\football_odds_trader\raw\titan007\20260918\20260918_155806_titan007_odds_snapshot.csv,NOT_FINAL_STATE_0,914460f951293b9d5801,RUN_20260918_155805,v4-market-dirichlet-20260913,2026-09-18T15:58:06+08:00,2026-09-18T15:58:06+08:00,2026-09-19T00:00:00+08:00,8.032,False,True,False
V4_SHADOW,3040125,2026-09-18,捷乙,伊赫拉瓦 vs 布拉格斯拉维亚B队,布拉格斯拉维亚B队,receiving,0.5,0.85,N,,0,,,D:\codex\v3_legacy\outputs\football_odds_trader\raw\titan007\20260918\20260918_155806_titan007_odds_snapshot.csv,NOT_FINAL_STATE_0,8120f60e06196b4a04fd,RUN_20260918_155805,v4-market-dirichlet-20260913,2026-09-18T15:58:06+08:00,2026-09-18T15:58:06+08:00,2026-09-19T00:00:00+08:00,8.032,False,True,False
V4_SHADOW,3040126,2026-09-18,捷乙,普罗斯捷约夫 vs 杜库拉,普罗斯捷约夫,receiving,0.5,0.77,N,,0,,,D:\codex\v3_legacy\outputs\football_odds_trader\raw\titan007\20260918\20260918_155806_titan007_odds_snapshot.csv,NOT_FINAL_STATE_0,b4a5e859f7b305d7e85a,RUN_20260918_155805,v4-market-dirichlet-20260913,2026-09-18T15:58:06+08:00,2026-09-18T15:58:06+08:00,2026-09-19T00:00:00+08:00,8.032,False,True,False
V4_SHADOW,3040131,2026-09-18,捷乙,奥帕瓦 vs 切斯卡阿森纳,切斯卡阿森纳,receiving,0.75,0.81,N,,0,,,D:\codex\v3_legacy\outputs\football_odds_trader\raw\titan007\20260918\20260918_155806_titan007_odds_snapshot.csv,NOT_FINAL_STATE_0,5871fe74eb323a89fb75,RUN_20260918_155805,v4-market-dirichlet-20260913,2026-09-18T15:58:06+08:00,2026-09-18T15:58:06+08:00,2026-09-19T00:00:00+08:00,8.032,False,True,False
V4_SHADOW,3043207,2026-09-18,捷丙,赫拉尼斯 vs 斯洛瓦科B队,,,,,,,0,,,D:\codex\v3_legacy\outputs\football_odds_trader\raw\titan007\20260918\20260918_155806_titan007_odds_snapshot.csv,NOT_FINAL_STATE_0,dfcd8e2e6d0261d41846,RUN_20260918_155805,v4-market-dirichlet-20260913,2026-09-18T15:58:06+08:00,2026-09-18T15:58:06+08:00,2026-09-19T00:00:00+08:00,8.032,False,False,False
V4_SHADOW,3037913,2026-09-18,斯伐甲,塔特拉 vs 莫拉斯,,,,,,,0,,,D:\codex\v3_legacy\outputs\football_odds_trader\raw\titan007\20260918\20260918_155806_titan007_odds_snapshot.csv,NOT_FINAL_STATE_0,8cfe16a077220af9804f,RUN_20260918_155805,v4-market-dirichlet-20260913,2026-09-18T15:58:06+08:00,2026-09-18T15:58:06+08:00,2026-09-19T00:00:00+08:00,8.032,False,False,False
V4_SHADOW,2948607,2026-09-18,白俄超,迪尼普罗加切夫 vs 阿森纳捷尔任斯克,阿森纳捷尔任斯克,receiving,2.0,1.19,N,,0,,,D:\codex\v3_legacy\outputs\football_odds_trader\raw\titan007\20260918\20260918_155806_titan007_odds_snapshot.csv,NOT_FINAL_STATE_0,3044f86b62f2da60d7fd,RUN_20260918_155805,v4-market-dirichlet-20260913,2026-09-18T15:58:06+08:00,2026-09-18T15:58:06+08:00,2026-09-19T00:00:00+08:00,8.032,False,True,False
V4_SHADOW,2931449,2026-09-18,爱沙甲,哈留足球学院 vs 库雷撒勒,库雷撒勒,receiving,0.25,0.98,N,,0,,,D:\codex\v3_legacy\outputs\football_odds_trader\raw\titan007\20260918\20260918_155806_titan007_odds_snapshot.csv,NOT_FINAL_STATE_0,d21f9fd74f28f2f4ec4b,RUN_20260918_155805,v4-market-dirichlet-20260913,2026-09-18T15:58:06+08:00,2026-09-18T15:58:06+08:00,2026-09-19T00:00:00+08:00,8.032,False,True,False
V4_SHADOW,3024552,2026-09-18,阿美超,诺亚FC vs 万卡仁沙万,万卡仁沙万,receiving,3.0,0.83,N,,0,,,D:\codex\v3_legacy\outputs\football_odds_trader\raw\titan007\20260918\20260918_155806_titan007_odds_snapshot.csv,NOT_FINAL_STATE_0,20cd41424b3a36696754,RUN_20260918_155805,v4-market-dirichlet-20260913,2026-09-18T15:58:06+08:00,2026-09-18T15:58:06+08:00,2026-09-19T00:00:00+08:00,8.032,False,True,False
V4_SHADOW,3087658,2026-09-18,马耳甲,FC圣帕特里克 vs 拜基卡拉,FC圣帕特里克,receiving,0.75,0.79,N,,0,,,D:\codex\v3_legacy\outputs\football_odds_trader\raw\titan007\20260918\20260918_155806_titan007_odds_snapshot.csv,NOT_FINAL_STATE_0,8640e25c638f5f5c7059,RUN_20260918_155805,v4-market-dirichlet-20260913,2026-09-18T15:58:06+08:00,2026-09-18T15:58:06+08:00,2026-09-19T00:00:00+08:00,8.032,False,True,False
V4_SHADOW,3031203,2026-09-18,立陶乙,黑格曼利图恩B队 vs DFK戴拿瓦,,,,,,,0,,,D:\codex\v3_legacy\outputs\football_odds_trader\raw\titan007\20260918\20260918_155806_titan007_odds_snapshot.csv,NOT_FINAL_STATE_0,b81deb9b24485dbda6ed,RUN_20260918_155805,v4-market-dirichlet-20260913,2026-09-18T15:58:06+08:00,2026-09-18T15:58:06+08:00,2026-09-19T00:00:00+08:00,8.032,False,False,False
V4_SHADOW,3031204,2026-09-18,立陶乙,莱塔维 vs 托拉斯,,,,,,,0,,,D:\codex\v3_legacy\outputs\football_odds_trader\raw\titan007\20260918\20260918_155806_titan007_odds_snapshot.csv,NOT_FINAL_STATE_0,f68ee55322d3da68953b,RUN_20260918_155805,v4-market-dirichlet-20260913,2026-09-18T15:58:06+08:00,2026-09-18T15:58:06+08:00,2026-09-19T00:00:00+08:00,8.032,False,False,False
V4_SHADOW,3054921,2026-09-18,塞浦乙,伊拉克利斯耶罗拉 vs 亚吉纳帕,,,,,,,0,,,D:\codex\v3_legacy\outputs\football_odds_trader\raw\titan007\20260918\20260918_155806_titan007_odds_snapshot.csv,NOT_FINAL_STATE_0,377ede8624b340813554,RUN_20260918_155805,v4-market-dirichlet-20260913,2026-09-18T15:58:06+08:00,2026-09-18T15:58:06+08:00,2026-09-19T00:00:00+08:00,8.032,False,False,False
V4_SHADOW,3054922,2026-09-18,塞浦乙,斯巴达克斯基提 vs MEAP尼素奥,,,,,,,0,,,D:\codex\v3_legacy\outputs\football_odds_trader\raw\titan007\20260918\20260918_155806_titan007_odds_snapshot.csv,NOT_FINAL_STATE_0,079117b25a085d1f08e7,RUN_20260918_155805,v4-market-dirichlet-20260913,2026-09-18T15:58:06+08:00,2026-09-18T15:58:06+08:00,2026-09-19T00:00:00+08:00,8.032,False,False,False
V4_SHADOW,3086057,2026-09-18,约旦甲,伊哈连姆沙 vs 雅莫科,,,,,,,0,,,D:\codex\v3_legacy\outputs\football_odds_trader\raw\titan007\20260918\20260918_155806_titan007_odds_snapshot.csv,NOT_FINAL_STATE_0,a233c3d41e3e5c23d14d,RUN_20260918_155805,v4-market-dirichlet-20260913,2026-09-18T15:58:06+08:00,2026-09-18T15:58:06+08:00,2026-09-19T00:00:00+08:00,8.032,False,False,False
V4_SHADOW,3086058,2026-09-18,约旦甲,杰拉什俱乐部 vs 萨赫勒霍兰,,,,,,,0,,,D:\codex\v3_legacy\outputs\football_odds_trader\raw\titan007\20260918\20260918_155806_titan007_odds_snapshot.csv,NOT_FINAL_STATE_0,123714a5637e25a70d3e,RUN_20260918_155805,v4-market-dirichlet-20260913,2026-09-18T15:58:06+08:00,2026-09-18T15:58:06+08:00,2026-09-19T00:00:00+08:00,8.032,False,False,False
V4_SHADOW,3086059,2026-09-18,约旦甲,马恩 vs 哈舒梅亚,,,,,,,0,,,D:\codex\v3_legacy\outputs\football_odds_trader\raw\titan007\20260918\20260918_155806_titan007_odds_snapshot.csv,NOT_FINAL_STATE_0,17ad3b5f1690929f77ce,RUN_20260918_155805,v4-market-dirichlet-20260913,2026-09-18T15:58:06+08:00,2026-09-18T15:58:06+08:00,2026-09-19T00:00:00+08:00,8.032,False,False,False
V4_SHADOW,2954809,2026-09-18,爱沙丙,帕尔努瓦夫鲁B队 vs 塔林军团,,,,,,,0,,,D:\codex\v3_legacy\outputs\football_odds_trader\raw\titan007\20260918\20260918_155806_titan007_odds_snapshot.csv,NOT_FINAL_STATE_0,95dc8cdee58e88b17a12,RUN_20260918_155805,v4-market-dirichlet-20260913,2026-09-18T15:58:06+08:00,2026-09-18T15:58:06+08:00,2026-09-19T00:00:00+08:00,8.032,False,False,False
V4_SHADOW,3092127,2026-09-18,斯亚U19,特里格拉夫U19 vs NK布雷齐斯U19,,,,,,,0,,,D:\codex\v3_legacy\outputs\football_odds_trader\raw\titan007\20260918\20260918_155806_titan007_odds_snapshot.csv,NOT_FINAL_STATE_0,f53cf7465f52df6baad6,RUN_20260918_155805,v4-market-dirichlet-20260913,2026-09-18T15:58:06+08:00,2026-09-18T15:58:06+08:00,2026-09-19T00:00:00+08:00,8.032,False,False,False
V4_SHADOW,3089638,2026-09-18,非青杯外,莫桑比克U20 vs 塞舌尔U20,,neutral,,,,,0,,,D:\codex\v3_legacy\outputs\football_odds_trader\raw\titan007\20260918\20260918_155806_titan007_odds_snapshot.csv,NOT_FINAL_STATE_0,b0389b7c12512e75c08c,RUN_20260918_155805,v4-market-dirichlet-20260913,2026-09-18T15:58:06+08:00,2026-09-18T15:58:06+08:00,2026-09-19T00:00:00+08:00,8.032,False,False,False
V4_SHADOW,3091750,2026-09-18,芬K联,JJK/2 vs 彗星,,,,,,,0,,,D:\codex\v3_legacy\outputs\football_odds_trader\raw\titan007\20260918\20260918_155806_titan007_odds_snapshot.csv,NOT_FINAL_STATE_0,a98963507b09cc559db4,RUN_20260918_155805,v4-market-dirichlet-20260913,2026-09-18T15:58:06+08:00,2026-09-18T15:58:06+08:00,2026-09-19T00:00:00+08:00,8.032,False,False,False
V4_SHADOW,3091751,2026-09-18,芬K联,皮帕斯 vs 吉提,,,,,,,0,,,D:\codex\v3_legacy\outputs\football_odds_trader\raw\titan007\20260918\20260918_155806_titan007_odds_snapshot.csv,NOT_FINAL_STATE_0,79d910b05dc6d1e1b3c8,RUN_20260918_155805,v4-market-dirichlet-20260913,2026-09-18T15:58:06+08:00,2026-09-18T15:58:06+08:00,2026-09-19T00:00:00+08:00,8.032,False,False,False
V4_SHADOW,3089835,2026-09-18,芬女甲,赫尔辛基B队女足 vs TPS土尔库女足,,,,,,,0,,,D:\codex\v3_legacy\outputs\football_odds_trader\raw\titan007\20260918\20260918_155806_titan007_odds_snapshot.csv,NOT_FINAL_STATE_0,6d486033c1734afacc72,RUN_20260918_155805,v4-market-dirichlet-20260913,2026-09-18T15:58:06+08:00,2026-09-18T15:58:06+08:00,2026-09-19T00:00:00+08:00,8.032,False,False,False
V4_SHADOW,3091752,2026-09-18,捷丁,赫鲁钦 vs 普斯塔,,,,,,,0,,,D:\codex\v3_legacy\outputs\football_odds_trader\raw\titan007\20260918\20260918_155806_titan007_odds_snapshot.csv,NOT_FINAL_STATE_0,19f9c960a2c94eb1779f,RUN_20260918_155805,v4-market-dirichlet-20260913,2026-09-18T15:58:06+08:00,2026-09-18T15:58:06+08:00,2026-09-19T00:00:00+08:00,8.032,False,False,False
V4_SHADOW,3091980,2026-09-18,约女联,安曼女足 vs 大主教女足,,,,,,,0,,,D:\codex\v3_legacy\outputs\football_odds_trader\raw\titan007\20260918\20260918_155806_titan007_odds_snapshot.csv,NOT_FINAL_STATE_0,f6c10d155377a57b7996,RUN_20260918_155805,v4-market-dirichlet-20260913,2026-09-18T15:58:06+08:00,2026-09-18T15:58:06+08:00,2026-09-19T00:00:00+08:00,8.032,False,False,False
V4_SHADOW,3022843,2026-09-18,奥女甲,格拉茨女足 vs 维也纳快速女足,,,,,,,0,,,D:\codex\v3_legacy\outputs\football_odds_trader\raw\titan007\20260918\20260918_155806_titan007_odds_snapshot.csv,NOT_FINAL_STATE_0,e1767069369542607be1,RUN_20260918_155805,v4-market-dirichlet-20260913,2026-09-18T15:58:06+08:00,2026-09-18T15:58:06+08:00,2026-09-19T00:00:00+08:00,8.032,False,False,False
V4_SHADOW,3048495,2026-09-18,沙地甲,吉达里比亚 vs 阿尔萨克尔,,,,,,,0,,,D:\codex\v3_legacy\outputs\football_odds_trader\raw\titan007\20260918\20260918_155806_titan007_odds_snapshot.csv,NOT_FINAL_STATE_0,c491f5255b85fa6e9129,RUN_20260918_155805,v4-market-dirichlet-20260913,2026-09-18T15:58:06+08:00,2026-09-18T15:58:06+08:00,2026-09-19T00:05:00+08:00,8.115,False,False,False
V4_SHADOW,3087168,2026-09-18,马耳乙,圣安德鲁斯卢索尔 vs 圣鲁西亚,,,,,,,0,,,D:\codex\v3_legacy\outputs\football_odds_trader\raw\titan007\20260918\20260918_155806_titan007_odds_snapshot.csv,NOT_FINAL_STATE_0,e5ad2576926428f2d5f4,RUN_20260918_155805,v4-market-dirichlet-20260913,2026-09-18T15:58:06+08:00,2026-09-18T15:58:06+08:00,2026-09-19T00:15:00+08:00,8.282,False,False,False
V4_SHADOW,3019139,2026-09-18,德乙,菲尔特 vs 马格德堡,马格德堡,giving,-0.25,1.02,C,,0,,,D:\codex\v3_legacy\outputs\football_odds_trader\raw\titan007\20260918\20260918_155806_titan007_odds_snapshot.csv,NOT_FINAL_STATE_0,e758dde39aa94e837903,RUN_20260918_155805,v4-market-dirichlet-20260913,2026-09-18T15:58:06+08:00,2026-09-18T15:58:06+08:00,2026-09-19T00:30:00+08:00,8.532,False,True,False
V4_SHADOW,3019145,2026-09-18,德乙,沃尔夫斯堡 vs 达姆施塔特,达姆施塔特,receiving,1.0,1.07,C,,0,,,D:\codex\v3_legacy\outputs\football_odds_trader\raw\titan007\20260918\20260918_155806_titan007_odds_snapshot.csv,NOT_FINAL_STATE_0,cc70f106664898494767,RUN_20260918_155805,v4-market-dirichlet-20260913,2026-09-18T15:58:06+08:00,2026-09-18T15:58:06+08:00,2026-09-19T00:30:00+08:00,8.532,False,True,False
V4_SHADOW,3017908,2026-09-18,奥乙,弗洛里茨多夫 vs 列弗宁,弗洛里茨多夫,giving,-0.25,1.03,C,,0,,,D:\codex\v3_legacy\outputs\football_odds_trader\raw\titan007\20260918\20260918_155806_titan007_odds_snapshot.csv,NOT_FINAL_STATE_0,4a52d5373da3c5095b69,RUN_20260918_155805,v4-market-dirichlet-20260913,2026-09-18T15:58:06+08:00,2026-09-18T15:58:06+08:00,2026-09-19T00:30:00+08:00,8.532,False,True,False
V4_SHADOW,3017909,2026-09-18,奥乙,WSC赫塔威尔斯 vs 第一维也纳,第一维也纳,giving,-0.75,1.0,N,,0,,,D:\codex\v3_legacy\outputs\football_odds_trader\raw\titan007\20260918\20260918_155806_titan007_odds_snapshot.csv,NOT_FINAL_STATE_0,d178a50b2d2a7530fe30,RUN_20260918_155805,v4-market-dirichlet-20260913,2026-09-18T15:58:06+08:00,2026-09-18T15:58:06+08:00,2026-09-19T00:30:00+08:00,8.532,False,True,False
V4_SHADOW,3017910,2026-09-18,奥乙,卡芬堡 vs 阿姆斯特顿,阿姆斯特顿,giving,-1.0,1.06,N,,0,,,D:\codex\v3_legacy\outputs\football_odds_trader\raw\titan007\20260918\20260918_155806_titan007_odds_snapshot.csv,NOT_FINAL_STATE_0,fc70538f042e1f081b22,RUN_20260918_155805,v4-market-dirichlet-20260913,2026-09-18T15:58:06+08:00,2026-09-18T15:58:06+08:00,2026-09-19T00:30:00+08:00,8.532,False,True,False
V4_SHADOW,3032804,2026-09-18,阿尔巴超,维拉斯尼亚 vs 图塔杜雷斯,,,,,,,0,,,D:\codex\v3_legacy\outputs\football_odds_trader\raw\titan007\20260918\20260918_155806_titan007_odds_snapshot.csv,NOT_FINAL_STATE_0,039fee1b38138a34ca8c,RUN_20260918_155805,v4-market-dirichlet-20260913,2026-09-18T15:58:06+08:00,2026-09-18T15:58:06+08:00,2026-09-19T00:30:00+08:00,8.532,False,False,False
V4_SHADOW,3089807,2026-09-18,斯伐丙,SFM森纳克 vs 杜纳斯卡,,,,,,,0,,,D:\codex\v3_legacy\outputs\football_odds_trader\raw\titan007\20260918\20260918_155806_titan007_odds_snapshot.csv,NOT_FINAL_STATE_0,8e7a39f527fe830aeb40,RUN_20260918_155805,v4-market-dirichlet-20260913,2026-09-18T15:58:06+08:00,2026-09-18T15:58:06+08:00,2026-09-19T00:30:00+08:00,8.532,False,False,False
V4_SHADOW,3089818,2026-09-18,德戊,瑞尼肯多弗 vs 克洛斯特费尔德,,,,,,,0,,,D:\codex\v3_legacy\outputs\football_odds_trader\raw\titan007\20260918\20260918_155806_titan007_odds_snapshot.csv,NOT_FINAL_STATE_0,712819dedd1403152594,RUN_20260918_155805,v4-market-dirichlet-20260913,2026-09-18T15:58:06+08:00,2026-09-18T15:58:06+08:00,2026-09-19T00:30:00+08:00,8.532,False,False,False
V4_SHADOW,3089820,2026-09-18,德戊,FC法兰克福 vs 穆瑟维茨,,,,,,,0,,,D:\codex\v3_legacy\outputs\football_odds_trader\raw\titan007\20260918\20260918_155806_titan007_odds_snapshot.csv,NOT_FINAL_STATE_0,db71baee3f8337727849,RUN_20260918_155805,v4-market-dirichlet-20260913,2026-09-18T15:58:06+08:00,2026-09-18T15:58:06+08:00,2026-09-19T00:30:00+08:00,8.532,False,False,False
V4_SHADOW,3089776,2026-09-18,冰女超冠,哈夫纳夫约杜尔女足 vs 加尔扎拜尔星女足,,,,,,,0,,,D:\codex\v3_legacy\outputs\football_odds_trader\raw\titan007\20260918\20260918_155806_titan007_odds_snapshot.csv,NOT_FINAL_STATE_0,1b094773f828fbf3eb7e,RUN_20260918_155805,v4-market-dirichlet-20260913,2026-09-18T15:58:06+08:00,2026-09-18T15:58:06+08:00,2026-09-19T00:30:00+08:00,8.532,False,False,False
V4_SHADOW,3092158,2026-09-18,布法联,索拿贝尔 vs 美爵提FC,,,,,,,0,,,D:\codex\v3_legacy\outputs\football_odds_trader\raw\titan007\20260918\20260918_155806_titan007_odds_snapshot.csv,NOT_FINAL_STATE_0,998e1fc0996f0bc32138,RUN_20260918_155805,v4-market-dirichlet-20260913,2026-09-18T15:58:06+08:00,2026-09-18T15:58:06+08:00,2026-09-19T00:30:00+08:00,8.532,False,False,False
V4_SHADOW,3034789,2026-09-18,德女联,霍芬海姆女足 vs 沃尔夫斯堡女足,,,,,,,0,,,D:\codex\v3_legacy\outputs\football_odds_trader\raw\titan007\20260918\20260918_155806_titan007_odds_snapshot.csv,NOT_FINAL_STATE_0,924206741585db94d3fd,RUN_20260918_155805,v4-market-dirichlet-20260913,2026-09-18T15:58:06+08:00,2026-09-18T15:58:06+08:00,2026-09-19T00:30:00+08:00,8.532,False,False,False
V4_SHADOW,3034790,2026-09-18,德女联,美因茨女足 vs 法兰克福女足,,,,,,,0,,,D:\codex\v3_legacy\outputs\football_odds_trader\raw\titan007\20260918\20260918_155806_titan007_odds_snapshot.csv,NOT_FINAL_STATE_0,42ed045e7803f68a8da1,RUN_20260918_155805,v4-market-dirichlet-20260913,2026-09-18T15:58:06+08:00,2026-09-18T15:58:06+08:00,2026-09-19T00:30:00+08:00,8.532,False,False,False
V4_SHADOW,3022305,2026-09-18,奥丙西,多恩比纳 vs FC劳特拉赫,,,,,,,0,,,D:\codex\v3_legacy\outputs\football_odds_trader\raw\titan007\20260918\20260918_155806_titan007_odds_snapshot.csv,NOT_FINAL_STATE_0,d744ba31d947d5ae3333,RUN_20260918_155805,v4-market-dirichlet-20260913,2026-09-18T15:58:06+08:00,2026-09-18T15:58:06+08:00,2026-09-19T00:30:00+08:00,8.532,False,False,False
V4_SHADOW,2912902,2026-09-18,挪超,萨普斯堡 vs KFUM奥斯陆,KFUM奥斯陆,receiving,1.0,0.86,C,,0,,,D:\codex\v3_legacy\outputs\football_odds_trader\raw\titan007\20260918\20260918_155806_titan007_odds_snapshot.csv,NOT_FINAL_STATE_0,dbf495d74cd4ff9fc8c4,RUN_20260918_155805,v4-market-dirichlet-20260913,2026-09-18T15:58:06+08:00,2026-09-18T15:58:06+08:00,2026-09-19T01:00:00+08:00,9.032,False,True,False
V4_SHADOW,3026739,2026-09-18,土超,卡斯帕萨 vs 科尼亚体育,科尼亚体育,receiving,0.25,0.79,N,,0,,,D:\codex\v3_legacy\outputs\football_odds_trader\raw\titan007\20260918\20260918_155806_titan007_odds_snapshot.csv,NOT_FINAL_STATE_0,41c783bd20c1d102ee73,RUN_20260918_155805,v4-market-dirichlet-20260913,2026-09-18T15:58:06+08:00,2026-09-18T15:58:06+08:00,2026-09-19T01:00:00+08:00,9.032,False,True,False
V4_SHADOW,3026062,2026-09-18,德丙,SC维尔 vs 维尔茨堡踢球者,,neutral,,,,,0,,,D:\codex\v3_legacy\outputs\football_odds_trader\raw\titan007\20260918\20260918_155806_titan007_odds_snapshot.csv,NOT_FINAL_STATE_0,766b2200e1bb44fa225f,RUN_20260918_155805,v4-market-dirichlet-20260913,2026-09-18T15:58:06+08:00,2026-09-18T15:58:06+08:00,2026-09-19T01:00:00+08:00,9.032,False,False,False
V4_SHADOW,3026471,2026-09-18,德地区东北,茨维考FC vs 哈雷斯彻,,neutral,,,,,0,,,D:\codex\v3_legacy\outputs\football_odds_trader\raw\titan007\20260918\20260918_155806_titan007_odds_snapshot.csv,NOT_FINAL_STATE_0,869f203ed1a286065d04,RUN_20260918_155805,v4-market-dirichlet-20260913,2026-09-18T15:58:06+08:00,2026-09-18T15:58:06+08:00,2026-09-19T01:00:00+08:00,9.032,False,False,False
V4_SHADOW,3027175,2026-09-18,德地区巴,奥布斯塔特 vs 拜仁慕尼黑青年队,,,,,,,0,,,D:\codex\v3_legacy\outputs\football_odds_trader\raw\titan007\20260918\20260918_155806_titan007_odds_snapshot.csv,NOT_FINAL_STATE_0,ac0aef6e3ed64178d542,RUN_20260918_155805,v4-market-dirichlet-20260913,2026-09-18T15:58:06+08:00,2026-09-18T15:58:06+08:00,2026-09-19T01:00:00+08:00,9.032,False,False,False
V4_SHADOW,3027177,2026-09-18,德地区巴,布赫巴赫 vs 舒云霍特,,,,,,,0,,,D:\codex\v3_legacy\outputs\football_odds_trader\raw\titan007\20260918\20260918_155806_titan007_odds_snapshot.csv,NOT_FINAL_STATE_0,70610e8d9d659b7468dc,RUN_20260918_155805,v4-market-dirichlet-20260913,2026-09-18T15:58:06+08:00,2026-09-18T15:58:06+08:00,2026-09-19T01:00:00+08:00,9.032,False,False,False
V4_SHADOW,3031544,2026-09-18,德地区南,特里尔 vs 奥芬巴查,,,,,,,0,,,D:\codex\v3_legacy\outputs\football_odds_trader\raw\titan007\20260918\20260918_155806_titan007_odds_snapshot.csv,NOT_FINAL_STATE_0,c68ce3329870f7a95835,RUN_20260918_155805,v4-market-dirichlet-20260913,2026-09-18T15:58:06+08:00,2026-09-18T15:58:06+08:00,2026-09-19T01:00:00+08:00,9.032,False,False,False
V4_SHADOW,3031546,2026-09-18,德地区南,FSV法兰克福 vs 史特加踢球者,,,,,,,0,,,D:\codex\v3_legacy\outputs\football_odds_trader\raw\titan007\20260918\20260918_155806_titan007_odds_snapshot.csv,NOT_FINAL_STATE_0,57d6eca95900d708fbc4,RUN_20260918_155805,v4-market-dirichlet-20260913,2026-09-18T15:58:06+08:00,2026-09-18T15:58:06+08:00,2026-09-19T01:00:00+08:00,9.032,False,False,False
V4_SHADOW,3038987,2026-09-18,法丁,格兰维尔 vs 圣马洛,,,,,,,0,,,D:\codex\v3_legacy\outputs\football_odds_trader\raw\titan007\20260918\20260918_155806_titan007_odds_snapshot.csv,NOT_FINAL_STATE_0,7efc3ab71880f677ef84,RUN_20260918_155805,v4-market-dirichlet-20260913,2026-09-18T15:58:06+08:00,2026-09-18T15:58:06+08:00,2026-09-19T01:00:00+08:00,9.032,False,False,False
V4_SHADOW,2914703,2026-09-18,瑞典甲,法尔肯堡 vs 奥斯特桑斯,奥斯特桑斯,receiving,0.25,0.85,N,,0,,,D:\codex\v3_legacy\outputs\football_odds_trader\raw\titan007\20260918\20260918_155806_titan007_odds_snapshot.csv,NOT_FINAL_STATE_0,0195625c93bb5c727925,RUN_20260918_155805,v4-market-dirichlet-20260913,2026-09-18T15:58:06+08:00,2026-09-18T15:58:06+08:00,2026-09-19T01:00:00+08:00,9.032,False,True,False
V4_SHADOW,2998250,2026-09-18,丹麦超,利恩比 vs 锡尔克堡,锡尔克堡,receiving,0.5,0.91,N,,0,,,D:\codex\v3_legacy\outputs\football_odds_trader\raw\titan007\20260918\20260918_155806_titan007_odds_snapshot.csv,NOT_FINAL_STATE_0,c90786e8c9b2e3af70d0,RUN_20260918_155805,v4-market-dirichlet-20260913,2026-09-18T15:58:06+08:00,2026-09-18T15:58:06+08:00,2026-09-19T01:00:00+08:00,9.032,False,True,False
V4_SHADOW,2998121,2026-09-18,丹麦甲,科灵 vs 希勒罗德,科灵,giving,-0.75,1.04,C,,0,,,D:\codex\v3_legacy\outputs\football_odds_trader\raw\titan007\20260918\20260918_155806_titan007_odds_snapshot.csv,NOT_FINAL_STATE_0,d3d470ee9b851c3e5590,RUN_20260918_155805,v4-market-dirichlet-20260913,2026-09-18T15:58:06+08:00,2026-09-18T15:58:06+08:00,2026-09-19T01:00:00+08:00,9.032,False,True,False
V4_SHADOW,3020888,2026-09-18,丹麦乙,阿玛盖尔 vs 纳斯特维德,,,,,,,0,,,D:\codex\v3_legacy\outputs\football_odds_trader\raw\titan007\20260918\20260918_155806_titan007_odds_snapshot.csv,NOT_FINAL_STATE_0,90834156abe941ee8e50,RUN_20260918_155805,v4-market-dirichlet-20260913,2026-09-18T15:58:06+08:00,2026-09-18T15:58:06+08:00,2026-09-19T01:00:00+08:00,9.032,False,False,False
V4_SHADOW,3020889,2026-09-18,丹麦乙,尼克宾 vs 海勒鲁普,,,,,,,0,,,D:\codex\v3_legacy\outputs\football_odds_trader\raw\titan007\20260918\20260918_155806_titan007_odds_snapshot.csv,NOT_FINAL_STATE_0,ea04edacff40b6fea2ce,RUN_20260918_155805,v4-market-dirichlet-20260913,2026-09-18T15:58:06+08:00,2026-09-18T15:58:06+08:00,2026-09-19T01:00:00+08:00,9.032,False,False,False
V4_SHADOW,3020890,2026-09-18,丹麦乙,罗斯基德 vs 法特列斯堡,,,,,,,0,,,D:\codex\v3_legacy\outputs\football_odds_trader\raw\titan007\20260918\20260918_155806_titan007_odds_snapshot.csv,NOT_FINAL_STATE_0,b1e10caadfbc2b065c06,RUN_20260918_155805,v4-market-dirichlet-20260913,2026-09-18T15:58:06+08:00,2026-09-18T15:58:06+08:00,2026-09-19T01:00:00+08:00,9.032,False,False,False
V4_SHADOW,3020891,2026-09-18,丹麦乙,斯基夫 vs B93哥本哈根,,,,,,,0,,,D:\codex\v3_legacy\outputs\football_odds_trader\raw\titan007\20260918\20260918_155806_titan007_odds_snapshot.csv,NOT_FINAL_STATE_0,7848dcd22ed04e83a60e,RUN_20260918_155805,v4-market-dirichlet-20260913,2026-09-18T15:58:06+08:00,2026-09-18T15:58:06+08:00,2026-09-19T01:00:00+08:00,9.032,False,False,False
V4_SHADOW,3044399,2026-09-18,塞浦甲,奥摩尼亚迈欧 vs AEK拉纳卡,AEK拉纳卡,giving,-1.25,1.02,C,,0,,,D:\codex\v3_legacy\outputs\football_odds_trader\raw\titan007\20260918\20260918_155806_titan007_odds_snapshot.csv,NOT_FINAL_STATE_0,b1bcbd06c6acacad6b9b,RUN_20260918_155805,v4-market-dirichlet-20260913,2026-09-18T15:58:06+08:00,2026-09-18T15:58:06+08:00,2026-09-19T01:00:00+08:00,9.032,False,True,False
V4_SHADOW,3044401,2026-09-18,塞浦甲,帕福斯 vs AEL利马索尔,AEL利马索尔,receiving,1.25,0.95,N,,0,,,D:\codex\v3_legacy\outputs\football_odds_trader\raw\titan007\20260918\20260918_155806_titan007_odds_snapshot.csv,NOT_FINAL_STATE_0,671c104b84107ac90aa0,RUN_20260918_155805,v4-market-dirichlet-20260913,2026-09-18T15:58:06+08:00,2026-09-18T15:58:06+08:00,2026-09-19T01:00:00+08:00,9.032,False,True,False
V4_SHADOW,3030162,2026-09-18,土甲,慕拉斯堡 vs 厄德尔,,neutral,,,,,0,,,D:\codex\v3_legacy\outputs\football_odds_trader\raw\titan007\20260918\20260918_155806_titan007_odds_snapshot.csv,NOT_FINAL_STATE_0,b0efb5c45913a2f5fdec,RUN_20260918_155805,v4-market-dirichlet-20260913,2026-09-18T15:58:06+08:00,2026-09-18T15:58:06+08:00,2026-09-19T01:00:00+08:00,9.032,False,False,False
V4_SHADOW,2998490,2026-09-18,保甲,索非亚斯拉维亚 vs 索非亚1948中央陆军,索非亚斯拉维亚,receiving,0.5,0.99,C,,0,,,D:\codex\v3_legacy\outputs\football_odds_trader\raw\titan007\20260918\20260918_155806_titan007_odds_snapshot.csv,NOT_FINAL_STATE_0,cd92fddb198d1f2b32b6,RUN_20260918_155805,v4-market-dirichlet-20260913,2026-09-18T15:58:06+08:00,2026-09-18T15:58:06+08:00,2026-09-19T01:00:00+08:00,9.032,False,True,False
V4_SHADOW,3004503,2026-09-18,黑山甲,波德戈里察未来 vs OFK彼德罗瓦茨,,,,,,,0,,,D:\codex\v3_legacy\outputs\football_odds_trader\raw\titan007\20260918\20260918_155806_titan007_odds_snapshot.csv,NOT_FINAL_STATE_0,507f076b62a819657f99,RUN_20260918_155805,v4-market-dirichlet-20260913,2026-09-18T15:58:06+08:00,2026-09-18T15:58:06+08:00,2026-09-19T01:00:00+08:00,9.032,False,False,False
V4_SHADOW,3021020,2026-09-18,丹麦丙,霍尔贝克 vs 灵斯泰德,,,,,,,0,,,D:\codex\v3_legacy\outputs\football_odds_trader\raw\titan007\20260918\20260918_155806_titan007_odds_snapshot.csv,NOT_FINAL_STATE_0,d96d4a67189caede6948,RUN_20260918_155805,v4-market-dirichlet-20260913,2026-09-18T15:58:06+08:00,2026-09-18T15:58:06+08:00,2026-09-19T01:00:00+08:00,9.032,False,False,False
V4_SHADOW,2926986,2026-09-18,瑞典丙VG,波尔赞 vs 兰维特IS,,,,,,,0,,,D:\codex\v3_legacy\outputs\football_odds_trader\raw\titan007\20260918\20260918_155806_titan007_odds_snapshot.csv,NOT_FINAL_STATE_0,c8c3fc4230676bf8b749,RUN_20260918_155805,v4-market-dirichlet-20260913,2026-09-18T15:58:06+08:00,2026-09-18T15:58:06+08:00,2026-09-19T01:00:00+08:00,9.032,False,False,False
V4_SHADOW,2926991,2026-09-18,瑞典丙VG,拖斯兰达 vs 林多米,,,,,,,0,,,D:\codex\v3_legacy\outputs\football_odds_trader\raw\titan007\20260918\20260918_155806_titan007_odds_snapshot.csv,NOT_FINAL_STATE_0,61d721d0fb77e5892763,RUN_20260918_155805,v4-market-dirichlet-20260913,2026-09-18T15:58:06+08:00,2026-09-18T15:58:06+08:00,2026-09-19T01:00:00+08:00,9.032,False,False,False
V4_SHADOW,2927169,2026-09-18,瑞典丙SG,斯塔凡斯托普联 vs 奥斯特伦,,,,,,,0,,,D:\codex\v3_legacy\outputs\football_odds_trader\raw\titan007\20260918\20260918_155806_titan007_odds_snapshot.csv,NOT_FINAL_STATE_0,46331f7c87016ec325cd,RUN_20260918_155805,v4-market-dirichlet-20260913,2026-09-18T15:58:06+08:00,2026-09-18T15:58:06+08:00,2026-09-19T01:00:00+08:00,9.032,False,False,False
V4_SHADOW,2927172,2026-09-18,瑞典丙SG,利拉托格 vs 利勒罗,,,,,,,0,,,D:\codex\v3_legacy\outputs\football_odds_trader\raw\titan007\20260918\20260918_155806_titan007_odds_snapshot.csv,NOT_FINAL_STATE_0,11ead9c6ca95003640a6,RUN_20260918_155805,v4-market-dirichlet-20260913,2026-09-18T15:58:06+08:00,2026-09-18T15:58:06+08:00,2026-09-19T01:00:00+08:00,9.032,False,False,False
V4_SHADOW,2927353,2026-09-18,瑞典丙NG,胡斯华纳 vs IFK斯克维德,,,,,,,0,,,D:\codex\v3_legacy\outputs\football_odds_trader\raw\titan007\20260918\20260918_155806_titan007_odds_snapshot.csv,NOT_FINAL_STATE_0,2829f007c5f6310118b4,RUN_20260918_155805,v4-market-dirichlet-20260913,2026-09-18T15:58:06+08:00,2026-09-18T15:58:06+08:00,2026-09-19T01:00:00+08:00,9.032,False,False,False
V4_SHADOW,2911374,2026-09-18,瑞典女超,马模女足 vs 佐加顿斯女足,,,,,,,0,,,D:\codex\v3_legacy\outputs\football_odds_trader\raw\titan007\20260918\20260918_155806_titan007_odds_snapshot.csv,NOT_FINAL_STATE_0,fb35f31d46850816c584,RUN_20260918_155805,v4-market-dirichlet-20260913,2026-09-18T15:58:06+08:00,2026-09-18T15:58:06+08:00,2026-09-19T01:00:00+08:00,9.032,False,False,False
V4_SHADOW,2917125,2026-09-18,瑞典女甲,宁高平女足 vs 胡思瓦娜女足,,,,,,,0,,,D:\codex\v3_legacy\outputs\football_odds_trader\raw\titan007\20260918\20260918_155806_titan007_odds_snapshot.csv,NOT_FINAL_STATE_0,9d0d5a041468b69307c2,RUN_20260918_155805,v4-market-dirichlet-20260913,2026-09-18T15:58:06+08:00,2026-09-18T15:58:06+08:00,2026-09-19T01:00:00+08:00,9.032,False,False,False
V4_SHADOW,3025657,2026-09-18,法女甲,勒阿弗尔女足 vs 里昂女足,,,,,,,0,,,D:\codex\v3_legacy\outputs\football_odds_trader\raw\titan007\20260918\20260918_155806_titan007_odds_snapshot.csv,NOT_FINAL_STATE_0,2160beb06ace31b8db2a,RUN_20260918_155805,v4-market-dirichlet-20260913,2026-09-18T15:58:06+08:00,2026-09-18T15:58:06+08:00,2026-09-19T01:00:00+08:00,9.032,False,False,False
V4_SHADOW,3025661,2026-09-18,法女甲,斯特拉斯堡女足 vs 巴黎FC女足,,,,,,,0,,,D:\codex\v3_legacy\outputs\football_odds_trader\raw\titan007\20260918\20260918_155806_titan007_odds_snapshot.csv,NOT_FINAL_STATE_0,5e79e0befce544f3e9b7,RUN_20260918_155805,v4-market-dirichlet-20260913,2026-09-18T15:58:06+08:00,2026-09-18T15:58:06+08:00,2026-09-19T01:00:00+08:00,9.032,False,False,False
V4_SHADOW,3089799,2026-09-18,德戊,ASV查姆 vs 纽德罗森菲尔德,,,,,,,0,,,D:\codex\v3_legacy\outputs\football_odds_trader\raw\titan007\20260918\20260918_155806_titan007_odds_snapshot.csv,NOT_FINAL_STATE_0,0f1fab3fcb6ebffda08b,RUN_20260918_155805,v4-market-dirichlet-20260913,2026-09-18T15:58:06+08:00,2026-09-18T15:58:06+08:00,2026-09-19T01:00:00+08:00,9.032,False,False,False
V4_SHADOW,3089801,2026-09-18,德戊,TSV科恩 vs 阿莎芬堡,,,,,,,0,,,D:\codex\v3_legacy\outputs\football_odds_trader\raw\titan007\20260918\20260918_155806_titan007_odds_snapshot.csv,NOT_FINAL_STATE_0,9b3dc60b27895209610b,RUN_20260918_155805,v4-market-dirichlet-20260913,2026-09-18T15:58:06+08:00,2026-09-18T15:58:06+08:00,2026-09-19T01:00:00+08:00,9.032,False,False,False
V4_SHADOW,3089802,2026-09-18,德戊,威登 vs DJK盖本巴赫,,,,,,,0,,,D:\codex\v3_legacy\outputs\football_odds_trader\raw\titan007\20260918\20260918_155806_titan007_odds_snapshot.csv,NOT_FINAL_STATE_0,0f2a2fba3edb89e18dce,RUN_20260918_155805,v4-market-dirichlet-20260913,2026-09-18T15:58:06+08:00,2026-09-18T15:58:06+08:00,2026-09-19T01:00:00+08:00,9.032,False,False,False
V4_SHADOW,3089803,2026-09-18,德戊,格罗斯巴多夫 vs 班贝格,,,,,,,0,,,D:\codex\v3_legacy\outputs\football_odds_trader\raw\titan007\20260918\20260918_155806_titan007_odds_snapshot.csv,NOT_FINAL_STATE_0,0861aaf4fe45758bcb05,RUN_20260918_155805,v4-market-dirichlet-20260913,2026-09-18T15:58:06+08:00,2026-09-18T15:58:06+08:00,2026-09-19T01:00:00+08:00,9.032,False,False,False
V4_SHADOW,3089804,2026-09-18,德戊,黑木斯德腾 vs 贡德尔芬根,,,,,,,0,,,D:\codex\v3_legacy\outputs\football_odds_trader\raw\titan007\20260918\20260918_155806_titan007_odds_snapshot.csv,NOT_FINAL_STATE_0,31ff2309d6afaf7f4360,RUN_20260918_155805,v4-market-dirichlet-20260913,2026-09-18T15:58:06+08:00,2026-09-18T15:58:06+08:00,2026-09-19T01:00:00+08:00,9.032,False,False,False
V4_SHADOW,3089805,2026-09-18,德戊,慕尼黑1860II队 vs SV埃尔巴赫,,,,,,,0,,,D:\codex\v3_legacy\outputs\football_odds_trader\raw\titan007\20260918\20260918_155806_titan007_odds_snapshot.csv,NOT_FINAL_STATE_0,c126dee52f72c93af77a,RUN_20260918_155805,v4-market-dirichlet-20260913,2026-09-18T15:58:06+08:00,2026-09-18T15:58:06+08:00,2026-09-19T01:00:00+08:00,9.032,False,False,False
V4_SHADOW,3089808,2026-09-18,德戊,比尔斯特茨瓦克 vs FC祖德,,,,,,,0,,,D:\codex\v3_legacy\outputs\football_odds_trader\raw\titan007\20260918\20260918_155806_titan007_odds_snapshot.csv,NOT_FINAL_STATE_0,4baa61618fb49b8326a6,RUN_20260918_155805,v4-market-dirichlet-20260913,2026-09-18T15:58:06+08:00,2026-09-18T15:58:06+08:00,2026-09-19T01:00:00+08:00,9.032,False,False,False
V4_SHADOW,3089822,2026-09-18,德戊,威灵根 vs 辛根,,,,,,,0,,,D:\codex\v3_legacy\outputs\football_odds_trader\raw\titan007\20260918\20260918_155806_titan007_odds_snapshot.csv,NOT_FINAL_STATE_0,77d7c9b4fbb11654efa7,RUN_20260918_155805,v4-market-dirichlet-20260913,2026-09-18T15:58:06+08:00,2026-09-18T15:58:06+08:00,2026-09-19T01:00:00+08:00,9.032,False,False,False
V4_SHADOW,3089823,2026-09-18,德戊,诺汀根 vs 雷特林根年轻人,,,,,,,0,,,D:\codex\v3_legacy\outputs\football_odds_trader\raw\titan007\20260918\20260918_155806_titan007_odds_snapshot.csv,NOT_FINAL_STATE_0,b0c65e110b5252eb7bcf,RUN_20260918_155805,v4-market-dirichlet-20260913,2026-09-18T15:58:06+08:00,2026-09-18T15:58:06+08:00,2026-09-19T01:00:00+08:00,9.032,False,False,False
V4_SHADOW,3092123,2026-09-18,斯亚U19,贾德兰德卡尼U19 vs 马里博尔U19,,,,,,,0,,,D:\codex\v3_legacy\outputs\football_odds_trader\raw\titan007\20260918\20260918_155806_titan007_odds_snapshot.csv,NOT_FINAL_STATE_0,b14314f24797a8e3b873,RUN_20260918_155805,v4-market-dirichlet-20260913,2026-09-18T15:58:06+08:00,2026-09-18T15:58:06+08:00,2026-09-19T01:00:00+08:00,9.032,False,False,False
V4_SHADOW,3089694,2026-09-18,南运男足,智利U19 vs 秘鲁U19,,,,,,,0,,,D:\codex\v3_legacy\outputs\football_odds_trader\raw\titan007\20260918\20260918_155806_titan007_odds_snapshot.csv,NOT_FINAL_STATE_0,df0eb63237efdf1abe9b,RUN_20260918_155805,v4-market-dirichlet-20260913,2026-09-18T15:58:06+08:00,2026-09-18T15:58:06+08:00,2026-09-19T01:00:00+08:00,9.032,False,False,False
V4_SHADOW,3091973,2026-09-18,奥丁,USV格纳斯 vs SV威尔登,,,,,,,0,,,D:\codex\v3_legacy\outputs\football_odds_trader\raw\titan007\20260918\20260918_155806_titan007_odds_snapshot.csv,NOT_FINAL_STATE_0,ccc426a79e3f926f8c57,RUN_20260918_155805,v4-market-dirichlet-20260913,2026-09-18T15:58:06+08:00,2026-09-18T15:58:06+08:00,2026-09-19T01:00:00+08:00,9.032,False,False,False
V4_SHADOW,3092057,2026-09-18,奥丁,SV帕茨里 vs 京德堡,,,,,,,0,,,D:\codex\v3_legacy\outputs\football_odds_trader\raw\titan007\20260918\20260918_155806_titan007_odds_snapshot.csv,NOT_FINAL_STATE_0,92c096604f40517627f3,RUN_20260918_155805,v4-market-dirichlet-20260913,2026-09-18T15:58:06+08:00,2026-09-18T15:58:06+08:00,2026-09-19T01:00:00+08:00,9.032,False,False,False
V4_SHADOW,3089815,2026-09-18,波兰丙,尼萨波隆尼亚 vs 琴斯托霍瓦B队,,,,,,,0,,,D:\codex\v3_legacy\outputs\football_odds_trader\raw\titan007\20260918\20260918_155806_titan007_odds_snapshot.csv,NOT_FINAL_STATE_0,d927ff4d60c7409c7025,RUN_20260918_155805,v4-market-dirichlet-20260913,2026-09-18T15:58:06+08:00,2026-09-18T15:58:06+08:00,2026-09-19T01:00:00+08:00,9.032,False,False,False
V4_SHADOW,3092026,2026-09-18,波兰丙,萨达兰 vs 维埃尔基,,,,,,,0,,,D:\codex\v3_legacy\outputs\football_odds_trader\raw\titan007\20260918\20260918_155806_titan007_odds_snapshot.csv,NOT_FINAL_STATE_0,368a983bd94728495b58,RUN_20260918_155805,v4-market-dirichlet-20260913,2026-09-18T15:58:06+08:00,2026-09-18T15:58:06+08:00,2026-09-19T01:00:00+08:00,9.032,False,False,False
V4_SHADOW,3092050,2026-09-18,波兰丙,格拉尼卡凯特津恩 vs 纳基奥尔茨坦,,,,,,,0,,,D:\codex\v3_legacy\outputs\football_odds_trader\raw\titan007\20260918\20260918_155806_titan007_odds_snapshot.csv,NOT_FINAL_STATE_0,9efbd75a317f731b5e01,RUN_20260918_155805,v4-market-dirichlet-20260913,2026-09-18T15:58:06+08:00,2026-09-18T15:58:06+08:00,2026-09-19T01:00:00+08:00,9.032,False,False,False
V4_SHADOW,3091730,2026-09-18,捷丁,赫鲁波卡伏尔塔维 vs 米勒夫斯科,,,,,,,0,,,D:\codex\v3_legacy\outputs\football_odds_trader\raw\titan007\20260918\20260918_155806_titan007_odds_snapshot.csv,NOT_FINAL_STATE_0,8bfc1648ae5422b7cea6,RUN_20260918_155805,v4-market-dirichlet-20260913,2026-09-18T15:58:06+08:00,2026-09-18T15:58:06+08:00,2026-09-19T01:00:00+08:00,9.032,False,False,False
V4_SHADOW,3091755,2026-09-18,捷丁,卡罗维瓦利 vs 索科洛夫,,,,,,,0,,,D:\codex\v3_legacy\outputs\football_odds_trader\raw\titan007\20260918\20260918_155806_titan007_odds_snapshot.csv,NOT_FINAL_STATE_0,87dc3b4baeaf7748b756,RUN_20260918_155805,v4-market-dirichlet-20260913,2026-09-18T15:58:06+08:00,2026-09-18T15:58:06+08:00,2026-09-19T01:00:00+08:00,9.032,False,False,False
V4_SHADOW,3092140,2026-09-18,墨西丙,扎卡特卡斯B队 vs 圣安娜德尔孔德,,,,,,,0,,,D:\codex\v3_legacy\outputs\football_odds_trader\raw\titan007\20260918\20260918_155806_titan007_odds_snapshot.csv,NOT_FINAL_STATE_0,10003a7639b49fb08b71,RUN_20260918_155805,v4-market-dirichlet-20260913,2026-09-18T15:58:06+08:00,2026-09-18T15:58:06+08:00,2026-09-19T01:00:00+08:00,9.032,False,False,False
V4_SHADOW,3092144,2026-09-18,墨西丙,阿兹特卡斯AMF vs 大洋洲足球俱乐部,,,,,,,0,,,D:\codex\v3_legacy\outputs\football_odds_trader\raw\titan007\20260918\20260918_155806_titan007_odds_snapshot.csv,NOT_FINAL_STATE_0,f06ad9ceeb7ede73bb07,RUN_20260918_155805,v4-market-dirichlet-20260913,2026-09-18T15:58:06+08:00,2026-09-18T15:58:06+08:00,2026-09-19T01:00:00+08:00,9.032,False,False,False
V4_SHADOW,3092118,2026-09-18,罗丙,CSM塔尔古久 vs 罗贝塔图尔努塞韦林,,,,,,,0,,,D:\codex\v3_legacy\outputs\football_odds_trader\raw\titan007\20260918\20260918_155806_titan007_odds_snapshot.csv,NOT_FINAL_STATE_0,7048385121488b6deb46,RUN_20260918_155805,v4-market-dirichlet-20260913,2026-09-18T15:58:06+08:00,2026-09-18T15:58:06+08:00,2026-09-19T01:00:00+08:00,9.032,False,False,False
V4_SHADOW,3091689,2026-09-18,科索沃超,KF格尼拉内 vs 普里斯堤纳,,,,,,,0,,,D:\codex\v3_legacy\outputs\football_odds_trader\raw\titan007\20260918\20260918_155806_titan007_odds_snapshot.csv,NOT_FINAL_STATE_0,fa2430edf3517858c9b9,RUN_20260918_155805,v4-market-dirichlet-20260913,2026-09-18T15:58:06+08:00,2026-09-18T15:58:06+08:00,2026-09-19T01:00:00+08:00,9.032,False,False,False
V4_SHADOW,3089707,2026-09-18,南美女运,乌拉圭女足U20 vs 巴拉圭女足U20,,,,,,,0,,,D:\codex\v3_legacy\outputs\football_odds_trader\raw\titan007\20260918\20260918_155806_titan007_odds_snapshot.csv,NOT_FINAL_STATE_0,7d4ce60d39109a07ace0,RUN_20260918_155805,v4-market-dirichlet-20260913,2026-09-18T15:58:06+08:00,2026-09-18T15:58:06+08:00,2026-09-19T01:00:00+08:00,9.032,False,False,False
V4_SHADOW,3052953,2026-09-18,瑞女超,塞尔维特女足 vs 苏黎世女足,,,,,,,0,,,D:\codex\v3_legacy\outputs\football_odds_trader\raw\titan007\20260918\20260918_155806_titan007_odds_snapshot.csv,NOT_FINAL_STATE_0,622a853820e14dfd6a6b,RUN_20260918_155805,v4-market-dirichlet-20260913,2026-09-18T15:58:06+08:00,2026-09-18T15:58:06+08:00,2026-09-19T01:00:00+08:00,9.032,False,False,False
V4_SHADOW,3020327,2026-09-18,奥丙东,罗格尼兹 vs SV霍恩,,,,,,,0,,,D:\codex\v3_legacy\outputs\football_odds_trader\raw\titan007\20260918\20260918_155806_titan007_odds_snapshot.csv,NOT_FINAL_STATE_0,3be1f59a49c713bda4c6,RUN_20260918_155805,v4-market-dirichlet-20260913,2026-09-18T15:58:06+08:00,2026-09-18T15:58:06+08:00,2026-09-19T01:00:00+08:00,9.032,False,False,False
V4_SHADOW,3022539,2026-09-18,奥丙南,阿勒黑里根 vs 拉夫尼茨,,,,,,,0,,,D:\codex\v3_legacy\outputs\football_odds_trader\raw\titan007\20260918\20260918_155806_titan007_odds_snapshot.csv,NOT_FINAL_STATE_0,e4ecbeb2d80d804a10ba,RUN_20260918_155805,v4-market-dirichlet-20260913,2026-09-18T15:58:06+08:00,2026-09-18T15:58:06+08:00,2026-09-19T01:00:00+08:00,9.032,False,False,False
V4_SHADOW,3022540,2026-09-18,奥丙南,杜斯兰堡 vs 卡尔斯多夫,,,,,,,0,,,D:\codex\v3_legacy\outputs\football_odds_trader\raw\titan007\20260918\20260918_155806_titan007_odds_snapshot.csv,NOT_FINAL_STATE_0,10b472adf6a9fe11230e,RUN_20260918_155805,v4-market-dirichlet-20260913,2026-09-18T15:58:06+08:00,2026-09-18T15:58:06+08:00,2026-09-19T01:00:00+08:00,9.032,False,False,False
V4_SHADOW,3022541,2026-09-18,奥丙南,维兹 vs 格来斯多夫,,,,,,,0,,,D:\codex\v3_legacy\outputs\football_odds_trader\raw\titan007\20260918\20260918_155806_titan007_odds_snapshot.csv,NOT_FINAL_STATE_0,e2bc79dbcb525f8a0d75,RUN_20260918_155805,v4-market-dirichlet-20260913,2026-09-18T15:58:06+08:00,2026-09-18T15:58:06+08:00,2026-09-19T01:00:00+08:00,9.032,False,False,False
V4_SHADOW,3022543,2026-09-18,奥丙南,克马克特 vs 特赖巴赫,,,,,,,0,,,D:\codex\v3_legacy\outputs\football_odds_trader\raw\titan007\20260918\20260918_155806_titan007_odds_snapshot.csv,NOT_FINAL_STATE_0,33b0e0f7aaf12eeb1859,RUN_20260918_155805,v4-market-dirichlet-20260913,2026-09-18T15:58:06+08:00,2026-09-18T15:58:06+08:00,2026-09-19T01:00:00+08:00,9.032,False,False,False
V4_SHADOW,3022655,2026-09-18,奥丙北,瓦勒恩 vs 古尔腾,,,,,,,0,,,D:\codex\v3_legacy\outputs\football_odds_trader\raw\titan007\20260918\20260918_155806_titan007_odds_snapshot.csv,NOT_FINAL_STATE_0,d1a9b512d4eb1d79b6e4,RUN_20260918_155805,v4-market-dirichlet-20260913,2026-09-18T15:58:06+08:00,2026-09-18T15:58:06+08:00,2026-09-19T01:00:00+08:00,9.032,False,False,False
V4_SHADOW,3022659,2026-09-18,奥丙北,席克臣 vs 格鲁瑙,,,,,,,0,,,D:\codex\v3_legacy\outputs\football_odds_trader\raw\titan007\20260918\20260918_155806_titan007_odds_snapshot.csv,NOT_FINAL_STATE_0,242a531eda006cc16a32,RUN_20260918_155805,v4-market-dirichlet-20260913,2026-09-18T15:58:06+08:00,2026-09-18T15:58:06+08:00,2026-09-19T01:00:00+08:00,9.032,False,False,False
V4_SHADOW,3022765,2026-09-18,奥丙北,前进斯太尔 vs 迪塔切,,,,,,,0,,,D:\codex\v3_legacy\outputs\football_odds_trader\raw\titan007\20260918\20260918_155806_titan007_odds_snapshot.csv,NOT_FINAL_STATE_0,852aa6804301ddb35f21,RUN_20260918_155805,v4-market-dirichlet-20260913,2026-09-18T15:58:06+08:00,2026-09-18T15:58:06+08:00,2026-09-19T01:00:00+08:00,9.032,False,False,False
V4_SHADOW,3020330,2026-09-18,奥丙东,法沃利特奈尔 vs 克林斯马,,,,,,,0,,,D:\codex\v3_legacy\outputs\football_odds_trader\raw\titan007\20260918\20260918_155806_titan007_odds_snapshot.csv,NOT_FINAL_STATE_0,3111748da6a4877d0c46,RUN_20260918_155805,v4-market-dirichlet-20260913,2026-09-18T15:58:06+08:00,2026-09-18T15:58:06+08:00,2026-09-19T01:10:00+08:00,9.198,False,False,False
V4_SHADOW,3010641,2026-09-18,奥甲,维也纳快速 vs WSG蒂罗尔,维也纳快速,giving,-1.5,1.06,B,,0,,,D:\codex\v3_legacy\outputs\football_odds_trader\raw\titan007\20260918\20260918_155806_titan007_odds_snapshot.csv,NOT_FINAL_STATE_0,13e476399100a50bb35f,RUN_20260918_155805,v4-market-dirichlet-20260913,2026-09-18T15:58:06+08:00,2026-09-18T15:58:06+08:00,2026-09-19T01:30:00+08:00,9.532,False,True,False
V4_SHADOW,3011408,2026-09-18,匈甲,普斯卡什学院 vs 汉维特,汉维特,receiving,0.25,0.89,N,,0,,,D:\codex\v3_legacy\outputs\football_odds_trader\raw\titan007\20260918\20260918_155806_titan007_odds_snapshot.csv,NOT_FINAL_STATE_0,b915daf878996fe667fd,RUN_20260918_155805,v4-market-dirichlet-20260913,2026-09-18T15:58:06+08:00,2026-09-18T15:58:06+08:00,2026-09-19T01:30:00+08:00,9.532,False,True,False
V4_SHADOW,3043682,2026-09-18,德地区西,罗迪豪森 vs 加特斯洛,罗迪豪森,receiving,0.5,0.77,N,,0,,,D:\codex\v3_legacy\outputs\football_odds_trader\raw\titan007\20260918\20260918_155806_titan007_odds_snapshot.csv,NOT_FINAL_STATE_0,4e0f521e44ffe017b507,RUN_20260918_155805,v4-market-dirichlet-20260913,2026-09-18T15:58:06+08:00,2026-09-18T15:58:06+08:00,2026-09-19T01:30:00+08:00,9.532,False,True,False
V4_SHADOW,3043684,2026-09-18,德地区西,希根 vs 华登舒特,,,,,,,0,,,D:\codex\v3_legacy\outputs\football_odds_trader\raw\titan007\20260918\20260918_155806_titan007_odds_snapshot.csv,NOT_FINAL_STATE_0,21da4bf279403f85969d,RUN_20260918_155805,v4-market-dirichlet-20260913,2026-09-18T15:58:06+08:00,2026-09-18T15:58:06+08:00,2026-09-19T01:30:00+08:00,9.532,False,False,False
V4_SHADOW,3038746,2026-09-18,法丁,基迪尔 vs 查迪利,,,,,,,0,,,D:\codex\v3_legacy\outputs\football_odds_trader\raw\titan007\20260918\20260918_155806_titan007_odds_snapshot.csv,NOT_FINAL_STATE_0,44251a1f1820a0a68bda,RUN_20260918_155805,v4-market-dirichlet-20260913,2026-09-18T15:58:06+08:00,2026-09-18T15:58:06+08:00,2026-09-19T01:30:00+08:00,9.532,False,False,False
V4_SHADOW,3038984,2026-09-18,法丁,安高曼 vs 巴奥尼,,,,,,,0,,,D:\codex\v3_legacy\outputs\football_odds_trader\raw\titan007\20260918\20260918_155806_titan007_odds_snapshot.csv,NOT_FINAL_STATE_0,9611f20e16fce6880a2c,RUN_20260918_155805,v4-market-dirichlet-20260913,2026-09-18T15:58:06+08:00,2026-09-18T15:58:06+08:00,2026-09-19T01:30:00+08:00,9.532,False,False,False
V4_SHADOW,3000945,2026-09-18,瑞士甲,克里恩斯 vs 卡鲁日星,,,,,,,0,,,D:\codex\v3_legacy\outputs\football_odds_trader\raw\titan007\20260918\20260918_155806_titan007_odds_snapshot.csv,NOT_FINAL_STATE_0,a247a6f56571aacca970,RUN_20260918_155805,v4-market-dirichlet-20260913,2026-09-18T15:58:06+08:00,2026-09-18T15:58:06+08:00,2026-09-19T01:30:00+08:00,9.532,False,False,False
V4_SHADOW,3000946,2026-09-18,瑞士甲,韦尔 vs 尼奈斯,尼奈斯,receiving,0.75,1.28,B,,0,,,D:\codex\v3_legacy\outputs\football_odds_trader\raw\titan007\20260918\20260918_155806_titan007_odds_snapshot.csv,NOT_FINAL_STATE_0,7d5c9563c8fa3bafd423,RUN_20260918_155805,v4-market-dirichlet-20260913,2026-09-18T15:58:06+08:00,2026-09-18T15:58:06+08:00,2026-09-19T01:30:00+08:00,9.532,False,True,False
V4_SHADOW,3000947,2026-09-18,瑞士甲,纳沙泰尔 vs 瑞普斯威尔,,neutral,,,,,0,,,D:\codex\v3_legacy\outputs\football_odds_trader\raw\titan007\20260918\20260918_155806_titan007_odds_snapshot.csv,NOT_FINAL_STATE_0,d2a2f2638e40206942f6,RUN_20260918_155805,v4-market-dirichlet-20260913,2026-09-18T15:58:06+08:00,2026-09-18T15:58:06+08:00,2026-09-19T01:30:00+08:00,9.532,False,False,False
V4_SHADOW,3085759,2026-09-18,约超联,安曼团结 vs 连姆沙,连姆沙,receiving,1.0,0.9,C,,0,,,D:\codex\v3_legacy\outputs\football_odds_trader\raw\titan007\20260918\20260918_155806_titan007_odds_snapshot.csv,NOT_FINAL_STATE_0,e1494fa9059dd33f4e69,RUN_20260918_155805,v4-market-dirichlet-20260913,2026-09-18T15:58:06+08:00,2026-09-18T15:58:06+08:00,2026-09-19T01:30:00+08:00,9.532,False,True,False
V4_SHADOW,2922082,2026-09-18,法罗甲,B36托尔斯港 vs NSI鲁纳维克,,,,,,,0,,,D:\codex\v3_legacy\outputs\football_odds_trader\raw\titan007\20260918\20260918_155806_titan007_odds_snapshot.csv,NOT_FINAL_STATE_0,1142688e0340c087f02f,RUN_20260918_155805,v4-market-dirichlet-20260913,2026-09-18T15:58:06+08:00,2026-09-18T15:58:06+08:00,2026-09-19T01:30:00+08:00,9.532,False,False,False
V4_SHADOW,2922083,2026-09-18,法罗甲,克拉克斯维克 vs 史卡拉,,,,,,,0,,,D:\codex\v3_legacy\outputs\football_odds_trader\raw\titan007\20260918\20260918_155806_titan007_odds_snapshot.csv,NOT_FINAL_STATE_0,9b05de7e09aaff9a10b2,RUN_20260918_155805,v4-market-dirichlet-20260913,2026-09-18T15:58:06+08:00,2026-09-18T15:58:06+08:00,2026-09-19T01:30:00+08:00,9.532,False,False,False
V4_SHADOW,2927352,2026-09-18,瑞典丙NG,赫雷斯塔兹 vs 库姆拉,,,,,,,0,,,D:\codex\v3_legacy\outputs\football_odds_trader\raw\titan007\20260918\20260918_155806_titan007_odds_snapshot.csv,NOT_FINAL_STATE_0,694fd18695e0fa7df919,RUN_20260918_155805,v4-market-dirichlet-20260913,2026-09-18T15:58:06+08:00,2026-09-18T15:58:06+08:00,2026-09-19T01:30:00+08:00,9.532,False,False,False
V4_SHADOW,3088400,2026-09-18,西室内足,帕鲁罗室内足球队 vs 卡特加斯能量室内足球队,,,,,,,0,,,D:\codex\v3_legacy\outputs\football_odds_trader\raw\titan007\20260918\20260918_155806_titan007_odds_snapshot.csv,NOT_FINAL_STATE_0,64a979caeb3750fcc18b,RUN_20260918_155805,v4-market-dirichlet-20260913,2026-09-18T15:58:06+08:00,2026-09-18T15:58:06+08:00,2026-09-19T01:30:00+08:00,9.532,False,False,False
V4_SHADOW,3078365,2026-09-18,西丁,比尼萨冷 vs 普拉格斯卡尔维亚,,,,,,,0,,,D:\codex\v3_legacy\outputs\football_odds_trader\raw\titan007\20260918\20260918_155806_titan007_odds_snapshot.csv,NOT_FINAL_STATE_0,0d3b8ace603495039199,RUN_20260918_155805,v4-market-dirichlet-20260913,2026-09-18T15:58:06+08:00,2026-09-18T15:58:06+08:00,2026-09-19T01:30:00+08:00,9.532,False,False,False
V4_SHADOW,3079600,2026-09-18,西丁,阿甘西洛 vs 卡拉贺拿,,,,,,,0,,,D:\codex\v3_legacy\outputs\football_odds_trader\raw\titan007\20260918\20260918_155806_titan007_odds_snapshot.csv,NOT_FINAL_STATE_0,86cc254e852f3eb6117a,RUN_20260918_155805,v4-market-dirichlet-20260913,2026-09-18T15:58:06+08:00,2026-09-18T15:58:06+08:00,2026-09-19T01:30:00+08:00,9.532,False,False,False
V4_SHADOW,3079608,2026-09-18,西丁,雅古 vs 埃布罗河,,,,,,,0,,,D:\codex\v3_legacy\outputs\football_odds_trader\raw\titan007\20260918\20260918_155806_titan007_odds_snapshot.csv,NOT_FINAL_STATE_0,06d6f9001b948eabc470,RUN_20260918_155805,v4-market-dirichlet-20260913,2026-09-18T15:58:06+08:00,2026-09-18T15:58:06+08:00,2026-09-19T01:30:00+08:00,9.532,False,False,False
V4_SHADOW,3089806,2026-09-18,德戊,施瓦伊格 vs 罗森海姆1860,,,,,,,0,,,D:\codex\v3_legacy\outputs\football_odds_trader\raw\titan007\20260918\20260918_155806_titan007_odds_snapshot.csv,NOT_FINAL_STATE_0,9e40b8024a74d167c25f,RUN_20260918_155805,v4-market-dirichlet-20260913,2026-09-18T15:58:06+08:00,2026-09-18T15:58:06+08:00,2026-09-19T01:30:00+08:00,9.532,False,False,False
V4_SHADOW,3089809,2026-09-18,德戊,图拉哈克舍德 vs 布赫霍尔茨,,,,,,,0,,,D:\codex\v3_legacy\outputs\football_odds_trader\raw\titan007\20260918\20260918_155806_titan007_odds_snapshot.csv,NOT_FINAL_STATE_0,ad298ed0adc4fb506bf0,RUN_20260918_155805,v4-market-dirichlet-20260913,2026-09-18T15:58:06+08:00,2026-09-18T15:58:06+08:00,2026-09-19T01:30:00+08:00,9.532,False,False,False
V4_SHADOW,3089810,2026-09-18,德戊,汉堡维多利亚 vs VfL平讷贝格,,,,,,,0,,,D:\codex\v3_legacy\outputs\football_odds_trader\raw\titan007\20260918\20260918_155806_titan007_odds_snapshot.csv,NOT_FINAL_STATE_0,e4768d65478a844224ad,RUN_20260918_155805,v4-market-dirichlet-20260913,2026-09-18T15:58:06+08:00,2026-09-18T15:58:06+08:00,2026-09-19T01:30:00+08:00,9.532,False,False,False
V4_SHADOW,3089819,2026-09-18,德戊,什未林梅克伦堡 vs 安高维斯马,,,,,,,0,,,D:\codex\v3_legacy\outputs\football_odds_trader\raw\titan007\20260918\20260918_155806_titan007_odds_snapshot.csv,NOT_FINAL_STATE_0,ea6136f421477a3b4c5b,RUN_20260918_155805,v4-market-dirichlet-20260913,2026-09-18T15:58:06+08:00,2026-09-18T15:58:06+08:00,2026-09-19T01:30:00+08:00,9.532,False,False,False
V4_SHADOW,3089821,2026-09-18,德戊,哈努尔SC 1960 vs 沃尔多夫,,,,,,,0,,,D:\codex\v3_legacy\outputs\football_odds_trader\raw\titan007\20260918\20260918_155806_titan007_odds_snapshot.csv,NOT_FINAL_STATE_0,a1f6d609c6334ccfe2e0,RUN_20260918_155805,v4-market-dirichlet-20260913,2026-09-18T15:58:06+08:00,2026-09-18T15:58:06+08:00,2026-09-19T01:30:00+08:00,9.532,False,False,False
V4_SHADOW,3089826,2026-09-18,德戊,SV索尼克斯 vs 条顿尼亚通尼斯,,,,,,,0,,,D:\codex\v3_legacy\outputs\football_odds_trader\raw\titan007\20260918\20260918_155806_titan007_odds_snapshot.csv,NOT_FINAL_STATE_0,3c1da306dad54410a4c4,RUN_20260918_155805,v4-market-dirichlet-20260913,2026-09-18T15:58:06+08:00,2026-09-18T15:58:06+08:00,2026-09-19T01:30:00+08:00,9.532,False,False,False
V4_SHADOW,3089831,2026-09-18,德戊,阿维韦勒 vs 斯科布伦茨,,,,,,,0,,,D:\codex\v3_legacy\outputs\football_odds_trader\raw\titan007\20260918\20260918_155806_titan007_odds_snapshot.csv,NOT_FINAL_STATE_0,c5f6e8f92df1e67a9c4c,RUN_20260918_155805,v4-market-dirichlet-20260913,2026-09-18T15:58:06+08:00,2026-09-18T15:58:06+08:00,2026-09-19T01:30:00+08:00,9.532,False,False,False
V4_SHADOW,3089832,2026-09-18,德戊,奥布兰德 vs KSV瓦坦体育不莱梅,,,,,,,0,,,D:\codex\v3_legacy\outputs\football_odds_trader\raw\titan007\20260918\20260918_155806_titan007_odds_snapshot.csv,NOT_FINAL_STATE_0,2742b41952b81c05729c,RUN_20260918_155805,v4-market-dirichlet-20260913,2026-09-18T15:58:06+08:00,2026-09-18T15:58:06+08:00,2026-09-19T01:30:00+08:00,9.532,False,False,False
V4_SHADOW,3089833,2026-09-18,德戊,勒赫尔 vs ESC葛特斯,,,,,,,0,,,D:\codex\v3_legacy\outputs\football_odds_trader\raw\titan007\20260918\20260918_155806_titan007_odds_snapshot.csv,NOT_FINAL_STATE_0,c02e1b96d8154a555b7b,RUN_20260918_155805,v4-market-dirichlet-20260913,2026-09-18T15:58:06+08:00,2026-09-18T15:58:06+08:00,2026-09-19T01:30:00+08:00,9.532,False,False,False
V4_SHADOW,3092149,2026-09-18,奥丁,莫拉松科恩堡 vs 艾特米拿青年队,,,,,,,0,,,D:\codex\v3_legacy\outputs\football_odds_trader\raw\titan007\20260918\20260918_155806_titan007_odds_snapshot.csv,NOT_FINAL_STATE_0,b8a96e85f81143e04577,RUN_20260918_155805,v4-market-dirichlet-20260913,2026-09-18T15:58:06+08:00,2026-09-18T15:58:06+08:00,2026-09-19T01:30:00+08:00,9.532,False,False,False
V4_SHADOW,3092156,2026-09-18,奥丁,朗根鲁可 vs 阿姆斯特顿II队,,,,,,,0,,,D:\codex\v3_legacy\outputs\football_odds_trader\raw\titan007\20260918\20260918_155806_titan007_odds_snapshot.csv,NOT_FINAL_STATE_0,0fad43d59fc9315f099f,RUN_20260918_155805,v4-market-dirichlet-20260913,2026-09-18T15:58:06+08:00,2026-09-18T15:58:06+08:00,2026-09-19T01:30:00+08:00,9.532,False,False,False
V4_SHADOW,3092059,2026-09-18,波兰丙,保德比斯基B队 vs 普隆尼亚拉兹卡,,,,,,,0,,,D:\codex\v3_legacy\outputs\football_odds_trader\raw\titan007\20260918\20260918_155806_titan007_odds_snapshot.csv,NOT_FINAL_STATE_0,6547e4b344ee67a79f75,RUN_20260918_155805,v4-market-dirichlet-20260913,2026-09-18T15:58:06+08:00,2026-09-18T15:58:06+08:00,2026-09-19T01:30:00+08:00,9.532,False,False,False
V4_SHADOW,3091735,2026-09-18,阿女甲,竞技俱乐部女足 vs 班菲尔德女足,,,,,,,0,,,D:\codex\v3_legacy\outputs\football_odds_trader\raw\titan007\20260918\20260918_155806_titan007_odds_snapshot.csv,NOT_FINAL_STATE_0,79b9e9abd58ef571eb47,RUN_20260918_155805,v4-market-dirichlet-20260913,2026-09-18T15:58:06+08:00,2026-09-18T15:58:06+08:00,2026-09-19T01:30:00+08:00,9.532,False,False,False
V4_SHADOW,3092087,2026-09-18,丹麦丁,瓦谭斯波 vs 霍布罗IKB队,,,,,,,0,,,D:\codex\v3_legacy\outputs\football_odds_trader\raw\titan007\20260918\20260918_155806_titan007_odds_snapshot.csv,NOT_FINAL_STATE_0,0984a61ae46bda70c340,RUN_20260918_155805,v4-market-dirichlet-20260913,2026-09-18T15:58:06+08:00,2026-09-18T15:58:06+08:00,2026-09-19T01:30:00+08:00,9.532,False,False,False
V4_SHADOW,3089836,2026-09-18,葡女锦,里奥阿维女足 vs 本菲卡女足,,,,,,,0,,,D:\codex\v3_legacy\outputs\football_odds_trader\raw\titan007\20260918\20260918_155806_titan007_odds_snapshot.csv,NOT_FINAL_STATE_0,b802f86ea6ddbc671f7a,RUN_20260918_155805,v4-market-dirichlet-20260913,2026-09-18T15:58:06+08:00,2026-09-18T15:58:06+08:00,2026-09-19T01:30:00+08:00,9.532,False,False,False
V4_SHADOW,3089837,2026-09-18,葡女锦,葡萄牙体育女足 vs 马里迪莫女足,,,,,,,0,,,D:\codex\v3_legacy\outputs\football_odds_trader\raw\titan007\20260918\20260918_155806_titan007_odds_snapshot.csv,NOT_FINAL_STATE_0,e571eeb79ca6f8718429,RUN_20260918_155805,v4-market-dirichlet-20260913,2026-09-18T15:58:06+08:00,2026-09-18T15:58:06+08:00,2026-09-19T01:30:00+08:00,9.532,False,False,False
V4_SHADOW,3020328,2026-09-18,奥丙东,特赖斯基兴 vs 曼斯多夫,,,,,,,0,,,D:\codex\v3_legacy\outputs\football_odds_trader\raw\titan007\20260918\20260918_155806_titan007_odds_snapshot.csv,NOT_FINAL_STATE_0,ce745995c8419bc63b6f,RUN_20260918_155805,v4-market-dirichlet-20260913,2026-09-18T15:58:06+08:00,2026-09-18T15:58:06+08:00,2026-09-19T01:30:00+08:00,9.532,False,False,False
V4_SHADOW,3020331,2026-09-18,奥丙东,奥伯华特 vs 帕多夫,,,,,,,0,,,D:\codex\v3_legacy\outputs\football_odds_trader\raw\titan007\20260918\20260918_155806_titan007_odds_snapshot.csv,NOT_FINAL_STATE_0,1e90b88416b9d6b351ac,RUN_20260918_155805,v4-market-dirichlet-20260913,2026-09-18T15:58:06+08:00,2026-09-18T15:58:06+08:00,2026-09-19T01:30:00+08:00,9.532,False,False,False
V4_SHADOW,3020332,2026-09-18,奥丙东,维也纳SC vs 雷欧贝多夫,,,,,,,0,,,D:\codex\v3_legacy\outputs\football_odds_trader\raw\titan007\20260918\20260918_155806_titan007_odds_snapshot.csv,NOT_FINAL_STATE_0,4f3b1cd28a793aa864b8,RUN_20260918_155805,v4-market-dirichlet-20260913,2026-09-18T15:58:06+08:00,2026-09-18T15:58:06+08:00,2026-09-19T01:30:00+08:00,9.532,False,False,False
V4_SHADOW,3020334,2026-09-18,奥丙东,马特斯堡 vs SV多瑙,,,,,,,0,,,D:\codex\v3_legacy\outputs\football_odds_trader\raw\titan007\20260918\20260918_155806_titan007_odds_snapshot.csv,NOT_FINAL_STATE_0,7313c3986c41135fceb0,RUN_20260918_155805,v4-market-dirichlet-20260913,2026-09-18T15:58:06+08:00,2026-09-18T15:58:06+08:00,2026-09-19T01:30:00+08:00,9.532,False,False,False
V4_SHADOW,3022657,2026-09-18,奥丙北,库赫尔 vs OTSU哈莱恩,,,,,,,0,,,D:\codex\v3_legacy\outputs\football_odds_trader\raw\titan007\20260918\20260918_155806_titan007_odds_snapshot.csv,NOT_FINAL_STATE_0,3d1ee657f23ec7790fc7,RUN_20260918_155805,v4-market-dirichlet-20260913,2026-09-18T15:58:06+08:00,2026-09-18T15:58:06+08:00,2026-09-19T01:30:00+08:00,9.532,False,False,False
V4_SHADOW,3092060,2026-09-18,沙地女联,吉达阿赫利女足 vs 希拉尔女足,,,,,,,0,,,D:\codex\v3_legacy\outputs\football_odds_trader\raw\titan007\20260918\20260918_155806_titan007_odds_snapshot.csv,NOT_FINAL_STATE_0,703e70fd4faebdf039ef,RUN_20260918_155805,v4-market-dirichlet-20260913,2026-09-18T15:58:06+08:00,2026-09-18T15:58:06+08:00,2026-09-19T01:30:00+08:00,9.532,False,False,False
V4_SHADOW,3092046,2026-09-18,墨西U19,华雷斯 U19 vs 泰格雷斯U19,,,,,,,0,,,D:\codex\v3_legacy\outputs\football_odds_trader\raw\titan007\20260918\20260918_155806_titan007_odds_snapshot.csv,NOT_FINAL_STATE_0,4d0ef797d4ee7386cab3,RUN_20260918_155805,v4-market-dirichlet-20260913,2026-09-18T15:58:06+08:00,2026-09-18T15:58:06+08:00,2026-09-19T01:30:00+08:00,9.532,False,False,False
V4_SHADOW,3092047,2026-09-18,墨西U19,普埃布拉U19 vs 阿特兰特U19,,,,,,,0,,,D:\codex\v3_legacy\outputs\football_odds_trader\raw\titan007\20260918\20260918_155806_titan007_odds_snapshot.csv,NOT_FINAL_STATE_0,b0ee19f85bad9bf2b3e3,RUN_20260918_155805,v4-market-dirichlet-20260913,2026-09-18T15:58:06+08:00,2026-09-18T15:58:06+08:00,2026-09-19T01:30:00+08:00,9.532,False,False,False
V4_SHADOW,2996154,2026-09-18,荷甲,格罗宁根 vs 兹沃勒,格罗宁根,giving,-1.0,0.82,N,,0,,,D:\codex\v3_legacy\outputs\football_odds_trader\raw\titan007\20260918\20260918_155806_titan007_odds_snapshot.csv,NOT_FINAL_STATE_0,6d830ccef0f7a9d18db0,RUN_20260918_155805,v4-market-dirichlet-20260913,2026-09-18T15:58:06+08:00,2026-09-18T15:58:06+08:00,2026-09-19T02:00:00+08:00,10.032,False,True,False
V4_SHADOW,2997726,2026-09-18,法乙,阿纳西 vs 第戎,第戎,receiving,0.25,1.01,C,,0,,,D:\codex\v3_legacy\outputs\football_odds_trader\raw\titan007\20260918\20260918_155806_titan007_odds_snapshot.csv,NOT_FINAL_STATE_0,8811412ed4129119b573,RUN_20260918_155805,v4-market-dirichlet-20260913,2026-09-18T15:58:06+08:00,2026-09-18T15:58:06+08:00,2026-09-19T02:00:00+08:00,10.032,False,True,False
V4_SHADOW,2997728,2026-09-18,法乙,格勒诺布尔 vs 克莱蒙,克莱蒙,receiving,0.25,0.8,N,,0,,,D:\codex\v3_legacy\outputs\football_odds_trader\raw\titan007\20260918\20260918_155806_titan007_odds_snapshot.csv,NOT_FINAL_STATE_0,1cc56663f301c135229a,RUN_20260918_155805,v4-market-dirichlet-20260913,2026-09-18T15:58:06+08:00,2026-09-18T15:58:06+08:00,2026-09-19T02:00:00+08:00,10.032,False,True,False
V4_SHADOW,2997730,2026-09-18,法乙,拉瓦勒 vs 索肖,拉瓦勒,giving,-0.25,1.03,C,,0,,,D:\codex\v3_legacy\outputs\football_odds_trader\raw\titan007\20260918\20260918_155806_titan007_odds_snapshot.csv,NOT_FINAL_STATE_0,03559dd53961345f9268,RUN_20260918_155805,v4-market-dirichlet-20260913,2026-09-18T15:58:06+08:00,2026-09-18T15:58:06+08:00,2026-09-19T02:00:00+08:00,10.032,False,True,False
V4_SHADOW,2997732,2026-09-18,法乙,波城 vs USL敦刻尔克,USL敦刻尔克,receiving,0.25,0.86,N,,0,,,D:\codex\v3_legacy\outputs\football_odds_trader\raw\titan007\20260918\20260918_155806_titan007_odds_snapshot.csv,NOT_FINAL_STATE_0,47cdb9ccf2fa9845444a,RUN_20260918_155805,v4-market-dirichlet-20260913,2026-09-18T15:58:06+08:00,2026-09-18T15:58:06+08:00,2026-09-19T02:00:00+08:00,10.032,False,True,False
V4_SHADOW,2997733,2026-09-18,法乙,兰斯 vs 蒙彼利埃,蒙彼利埃,receiving,0.5,0.83,N,,0,,,D:\codex\v3_legacy\outputs\football_odds_trader\raw\titan007\20260918\20260918_155806_titan007_odds_snapshot.csv,NOT_FINAL_STATE_0,d8198d0707e6a1798303,RUN_20260918_155805,v4-market-dirichlet-20260913,2026-09-18T15:58:06+08:00,2026-09-18T15:58:06+08:00,2026-09-19T02:00:00+08:00,10.032,False,True,False
V4_SHADOW,2997734,2026-09-18,法乙,罗德兹 vs 南锡,南锡,receiving,0.25,0.76,N,,0,,,D:\codex\v3_legacy\outputs\football_odds_trader\raw\titan007\20260918\20260918_155806_titan007_odds_snapshot.csv,NOT_FINAL_STATE_0,125070e41c070f754e68,RUN_20260918_155805,v4-market-dirichlet-20260913,2026-09-18T15:58:06+08:00,2026-09-18T15:58:06+08:00,2026-09-19T02:00:00+08:00,10.032,False,True,False
V4_SHADOW,3010428,2026-09-18,罗甲,布加勒斯特快速 vs 阿格斯,阿格斯,receiving,0.75,1.11,C,,0,,,D:\codex\v3_legacy\outputs\football_odds_trader\raw\titan007\20260918\20260918_155806_titan007_odds_snapshot.csv,NOT_FINAL_STATE_0,4fed898a9025ef7eff54,RUN_20260918_155805,v4-market-dirichlet-20260913,2026-09-18T15:58:06+08:00,2026-09-18T15:58:06+08:00,2026-09-19T02:00:00+08:00,10.032,False,True,False
V4_SHADOW,2996464,2026-09-18,荷乙,阿尔梅勒城 vs 赫拉克勒斯,赫拉克勒斯,giving,-0.5,1.03,C,,0,,,D:\codex\v3_legacy\outputs\football_odds_trader\raw\titan007\20260918\20260918_155806_titan007_odds_snapshot.csv,NOT_FINAL_STATE_0,d4a09d77f7c46d308833,RUN_20260918_155805,v4-market-dirichlet-20260913,2026-09-18T15:58:06+08:00,2026-09-18T15:58:06+08:00,2026-09-19T02:00:00+08:00,10.032,False,True,False
V4_SHADOW,2996465,2026-09-18,荷乙,邓伯什 vs 赫尔蒙德,赫尔蒙德,receiving,0.5,1.02,C,,0,,,D:\codex\v3_legacy\outputs\football_odds_trader\raw\titan007\20260918\20260918_155806_titan007_odds_snapshot.csv,NOT_FINAL_STATE_0,b3b709c649481fd53372,RUN_20260918_155805,v4-market-dirichlet-20260913,2026-09-18T15:58:06+08:00,2026-09-18T15:58:06+08:00,2026-09-19T02:00:00+08:00,10.032,False,True,False
V4_SHADOW,2996466,2026-09-18,荷乙,FC埃因霍温 vs 埃门,埃门,giving,-0.75,1.02,N,,0,,,D:\codex\v3_legacy\outputs\football_odds_trader\raw\titan007\20260918\20260918_155806_titan007_odds_snapshot.csv,NOT_FINAL_STATE_0,4273f8ee71677047a0b6,RUN_20260918_155805,v4-market-dirichlet-20260913,2026-09-18T15:58:06+08:00,2026-09-18T15:58:06+08:00,2026-09-19T02:00:00+08:00,10.032,False,True,False
V4_SHADOW,2996467,2026-09-18,荷乙,阿贾克斯青年队 vs 罗达JC,罗达JC,giving,-0.5,0.98,N,,0,,,D:\codex\v3_legacy\outputs\football_odds_trader\raw\titan007\20260918\20260918_155806_titan007_odds_snapshot.csv,NOT_FINAL_STATE_0,d0abe91524159db6adae,RUN_20260918_155805,v4-market-dirichlet-20260913,2026-09-18T15:58:06+08:00,2026-09-18T15:58:06+08:00,2026-09-19T02:00:00+08:00,10.032,False,True,False
V4_SHADOW,2996468,2026-09-18,荷乙,阿尔克马尔青年队 vs 福伦丹,阿尔克马尔青年队,receiving,0.25,0.88,N,,0,,,D:\codex\v3_legacy\outputs\football_odds_trader\raw\titan007\20260918\20260918_155806_titan007_odds_snapshot.csv,NOT_FINAL_STATE_0,097011d4cbd53c8ab568,RUN_20260918_155805,v4-market-dirichlet-20260913,2026-09-18T15:58:06+08:00,2026-09-18T15:58:06+08:00,2026-09-19T02:00:00+08:00,10.032,False,True,False
V4_SHADOW,2996469,2026-09-18,荷乙,乌德勒支青年队 vs 芬洛,,,,,,,0,,,D:\codex\v3_legacy\outputs\football_odds_trader\raw\titan007\20260918\20260918_155806_titan007_odds_snapshot.csv,NOT_FINAL_STATE_0,6db3fa3e0bc1d3371896,RUN_20260918_155805,v4-market-dirichlet-20260913,2026-09-18T15:58:06+08:00,2026-09-18T15:58:06+08:00,2026-09-19T02:00:00+08:00,10.032,False,False,False
V4_SHADOW,2996470,2026-09-18,荷乙,奥斯 vs 多德勒支,,,,,,,0,,,D:\codex\v3_legacy\outputs\football_odds_trader\raw\titan007\20260918\20260918_155806_titan007_odds_snapshot.csv,NOT_FINAL_STATE_0,b5126b2fa88fa8453178,RUN_20260918_155805,v4-market-dirichlet-20260913,2026-09-18T15:58:06+08:00,2026-09-18T15:58:06+08:00,2026-09-19T02:00:00+08:00,10.032,False,False,False
V4_SHADOW,2996471,2026-09-18,荷乙,瓦尔韦克 vs 马斯特里赫特,瓦尔韦克,giving,-0.75,0.9,N,,0,,,D:\codex\v3_legacy\outputs\football_odds_trader\raw\titan007\20260918\20260918_155806_titan007_odds_snapshot.csv,NOT_FINAL_STATE_0,11db8598347abd961d75,RUN_20260918_155805,v4-market-dirichlet-20260913,2026-09-18T15:58:06+08:00,2026-09-18T15:58:06+08:00,2026-09-19T02:00:00+08:00,10.032,False,True,False
V4_SHADOW,3005392,2026-09-18,比乙,布鲁日B队 vs 根特B队,布鲁日B队,giving,-0.5,1.07,C,,0,,,D:\codex\v3_legacy\outputs\football_odds_trader\raw\titan007\20260918\20260918_155806_titan007_odds_snapshot.csv,NOT_FINAL_STATE_0,0374733005062c8005be,RUN_20260918_155805,v4-market-dirichlet-20260913,2026-09-18T15:58:06+08:00,2026-09-18T15:58:06+08:00,2026-09-19T02:00:00+08:00,10.032,False,True,False
V4_SHADOW,3005393,2026-09-18,比乙,法兰波垒斯 vs 安德莱赫特B队,安德莱赫特B队,receiving,0.5,0.9,N,,0,,,D:\codex\v3_legacy\outputs\football_odds_trader\raw\titan007\20260918\20260918_155806_titan007_odds_snapshot.csv,NOT_FINAL_STATE_0,a0af7cf764dd9ef00ef7,RUN_20260918_155805,v4-market-dirichlet-20260913,2026-09-18T15:58:06+08:00,2026-09-18T15:58:06+08:00,2026-09-19T02:00:00+08:00,10.032,False,True,False
V4_SHADOW,3056755,2026-09-18,阿尔甲,MC阿尔及尔 vs MB卢斯特,MB卢斯特,receiving,1.25,0.92,N,,0,,,D:\codex\v3_legacy\outputs\football_odds_trader\raw\titan007\20260918\20260918_155806_titan007_odds_snapshot.csv,NOT_FINAL_STATE_0,69bd7b277bf160525196,RUN_20260918_155805,v4-market-dirichlet-20260913,2026-09-18T15:58:06+08:00,2026-09-18T15:58:06+08:00,2026-09-19T02:00:00+08:00,10.032,False,True,False
V4_SHADOW,2997530,2026-09-18,克亚甲,鲁达士 vs 比路朴,鲁达士,receiving,0.5,0.77,N,,0,,,D:\codex\v3_legacy\outputs\football_odds_trader\raw\titan007\20260918\20260918_155806_titan007_odds_snapshot.csv,NOT_FINAL_STATE_0,16eb1999b5cf1d98269b,RUN_20260918_155805,v4-market-dirichlet-20260913,2026-09-18T15:58:06+08:00,2026-09-18T15:58:06+08:00,2026-09-19T02:00:00+08:00,10.032,False,True,False
V4_SHADOW,3027032,2026-09-18,波斯甲,泽列兹尼察 vs NK些里克,,,,,,,0,,,D:\codex\v3_legacy\outputs\football_odds_trader\raw\titan007\20260918\20260918_155806_titan007_odds_snapshot.csv,NOT_FINAL_STATE_0,937cbf91c6e738ebfcec,RUN_20260918_155805,v4-market-dirichlet-20260913,2026-09-18T15:58:06+08:00,2026-09-18T15:58:06+08:00,2026-09-19T02:00:00+08:00,10.032,False,False,False
V4_SHADOW,3051961,2026-09-18,英总女超,曼彻斯特城女足 vs 利物浦女足,利物浦女足,receiving,1.5,0.92,N,,0,,,D:\codex\v3_legacy\outputs\football_odds_trader\raw\titan007\20260918\20260918_155806_titan007_odds_snapshot.csv,NOT_FINAL_STATE_0,01bc8c2d30b023b391b2,RUN_20260918_155805,v4-market-dirichlet-20260913,2026-09-18T15:58:06+08:00,2026-09-18T15:58:06+08:00,2026-09-19T02:00:00+08:00,10.032,False,True,False
V4_SHADOW,2934805,2026-09-18,阿乙曼特秋,BsAs交流会 vs 联合防卫队,联合防卫队,receiving,0.5,0.8,N,,0,,,D:\codex\v3_legacy\outputs\football_odds_trader\raw\titan007\20260918\20260918_155806_titan007_odds_snapshot.csv,NOT_FINAL_STATE_0,f486d744b0e2da7b07d7,RUN_20260918_155805,v4-market-dirichlet-20260913,2026-09-18T15:58:06+08:00,2026-09-18T15:58:06+08:00,2026-09-19T02:00:00+08:00,10.032,False,True,False
V4_SHADOW,3078988,2026-09-18,西丁,瓦尔特 vs 奥艾,,,,,,,0,,,D:\codex\v3_legacy\outputs\football_odds_trader\raw\titan007\20260918\20260918_155806_titan007_odds_snapshot.csv,NOT_FINAL_STATE_0,e982b2dbd57497e7a742,RUN_20260918_155805,v4-market-dirichlet-20260913,2026-09-18T15:58:06+08:00,2026-09-18T15:58:06+08:00,2026-09-19T02:00:00+08:00,10.032,False,False,False
V4_SHADOW,3079605,2026-09-18,西丁,奥恩沙 vs 卡萨拉雷纳,,,,,,,0,,,D:\codex\v3_legacy\outputs\football_odds_trader\raw\titan007\20260918\20260918_155806_titan007_odds_snapshot.csv,NOT_FINAL_STATE_0,bf29da7cdc212801d3fb,RUN_20260918_155805,v4-market-dirichlet-20260913,2026-09-18T15:58:06+08:00,2026-09-18T15:58:06+08:00,2026-09-19T02:00:00+08:00,10.032,False,False,False
V4_SHADOW,3069757,2026-09-18,比U21,华斯兰比华伦U21 vs 法郎波兰斯U21,,,,,,,0,,,D:\codex\v3_legacy\outputs\football_odds_trader\raw\titan007\20260918\20260918_155806_titan007_odds_snapshot.csv,NOT_FINAL_STATE_0,c77f25c301a5548cf69b,RUN_20260918_155805,v4-market-dirichlet-20260913,2026-09-18T15:58:06+08:00,2026-09-18T15:58:06+08:00,2026-09-19T02:00:00+08:00,10.032,False,False,False
V4_SHADOW,3069758,2026-09-18,比U21,莫伦贝克U21 vs 韦斯达路U21,,,,,,,0,,,D:\codex\v3_legacy\outputs\football_odds_trader\raw\titan007\20260918\20260918_155806_titan007_odds_snapshot.csv,NOT_FINAL_STATE_0,9b0fb6b1919b0ff98a04,RUN_20260918_155805,v4-market-dirichlet-20260913,2026-09-18T15:58:06+08:00,2026-09-18T15:58:06+08:00,2026-09-19T02:00:00+08:00,10.032,False,False,False
V4_SHADOW,3069759,2026-09-18,比U21,RFC色森U21 vs 比斯查U21,,,,,,,0,,,D:\codex\v3_legacy\outputs\football_odds_trader\raw\titan007\20260918\20260918_155806_titan007_odds_snapshot.csv,NOT_FINAL_STATE_0,2b5adcf6aafca4e93301,RUN_20260918_155805,v4-market-dirichlet-20260913,2026-09-18T15:58:06+08:00,2026-09-18T15:58:06+08:00,2026-09-19T02:00:00+08:00,10.032,False,False,False
V4_SHADOW,3089811,2026-09-18,德戊,诺德施泰特B队 vs ETSV汉堡,,,,,,,0,,,D:\codex\v3_legacy\outputs\football_odds_trader\raw\titan007\20260918\20260918_155806_titan007_odds_snapshot.csv,NOT_FINAL_STATE_0,f897eaefd6df8590b2e5,RUN_20260918_155805,v4-market-dirichlet-20260913,2026-09-18T15:58:06+08:00,2026-09-18T15:58:06+08:00,2026-09-19T02:00:00+08:00,10.032,False,False,False
V4_SHADOW,3089777,2026-09-18,冰女超冠,韦斯特曼纳埃亚尔女足 vs 图罗杜尔女足,,,,,,,0,,,D:\codex\v3_legacy\outputs\football_odds_trader\raw\titan007\20260918\20260918_155806_titan007_odds_snapshot.csv,NOT_FINAL_STATE_0,e2ed8cc2d6e6ce0944ba,RUN_20260918_155805,v4-market-dirichlet-20260913,2026-09-18T15:58:06+08:00,2026-09-18T15:58:06+08:00,2026-09-19T02:00:00+08:00,10.032,False,False,False
V4_SHADOW,3089790,2026-09-18,冰女超降,弗拉姆女足 vs 维京古尔女足,,,,,,,0,,,D:\codex\v3_legacy\outputs\football_odds_trader\raw\titan007\20260918\20260918_155806_titan007_odds_snapshot.csv,NOT_FINAL_STATE_0,b0a74e8caa2f052bc848,RUN_20260918_155805,v4-market-dirichlet-20260913,2026-09-18T15:58:06+08:00,2026-09-18T15:58:06+08:00,2026-09-19T02:00:00+08:00,10.032,False,False,False
V4_SHADOW,3071910,2026-09-18,伊拉联,阿尔米纳 vs 杜赫克,,,,,,,0,,,D:\codex\v3_legacy\outputs\football_odds_trader\raw\titan007\20260918\20260918_155806_titan007_odds_snapshot.csv,NOT_FINAL_STATE_0,2c3adef4aa63821e95aa,RUN_20260918_155805,v4-market-dirichlet-20260913,2026-09-18T15:58:06+08:00,2026-09-18T15:58:06+08:00,2026-09-19T02:00:00+08:00,10.032,False,False,False
V4_SHADOW,3071914,2026-09-18,伊拉联,塔拉巴 vs 阿尔乔兰SC,,,,,,,0,,,D:\codex\v3_legacy\outputs\football_odds_trader\raw\titan007\20260918\20260918_155806_titan007_odds_snapshot.csv,NOT_FINAL_STATE_0,6618e003c9dc25dded5b,RUN_20260918_155805,v4-market-dirichlet-20260913,2026-09-18T15:58:06+08:00,2026-09-18T15:58:06+08:00,2026-09-19T02:00:00+08:00,10.032,False,False,False
V4_SHADOW,3065794,2026-09-18,英U21,阿斯顿维拉U21 vs 米杜士堡U21,,neutral,,,,,0,,,D:\codex\v3_legacy\outputs\football_odds_trader\raw\titan007\20260918\20260918_155806_titan007_odds_snapshot.csv,NOT_FINAL_STATE_0,906300c3ab96179a45a4,RUN_20260918_155805,v4-market-dirichlet-20260913,2026-09-18T15:58:06+08:00,2026-09-18T15:58:06+08:00,2026-09-19T02:00:00+08:00,10.032,False,False,False
V4_SHADOW,3065795,2026-09-18,英U21,般尼U21 vs 打比郡U21,,neutral,,,,,0,,,D:\codex\v3_legacy\outputs\football_odds_trader\raw\titan007\20260918\20260918_155806_titan007_odds_snapshot.csv,NOT_FINAL_STATE_0,6865da80c704af219742,RUN_20260918_155805,v4-market-dirichlet-20260913,2026-09-18T15:58:06+08:00,2026-09-18T15:58:06+08:00,2026-09-19T02:00:00+08:00,10.032,False,False,False
V4_SHADOW,3065797,2026-09-18,英U21,莱切斯特城U21 vs 西汉姆U21,,neutral,,,,,0,,,D:\codex\v3_legacy\outputs\football_odds_trader\raw\titan007\20260918\20260918_155806_titan007_odds_snapshot.csv,NOT_FINAL_STATE_0,2a16b6d91b21fc8c40ab,RUN_20260918_155805,v4-market-dirichlet-20260913,2026-09-18T15:58:06+08:00,2026-09-18T15:58:06+08:00,2026-09-19T02:00:00+08:00,10.032,False,False,False
V4_SHADOW,3065798,2026-09-18,英U21,曼彻斯特联U21 vs 布伦特福德U21,布伦特福德U21,receiving,1.25,0.88,N,,0,,,D:\codex\v3_legacy\outputs\football_odds_trader\raw\titan007\20260918\20260918_155806_titan007_odds_snapshot.csv,NOT_FINAL_STATE_0,17f8b426e4a3b2d224db,RUN_20260918_155805,v4-market-dirichlet-20260913,2026-09-18T15:58:06+08:00,2026-09-18T15:58:06+08:00,2026-09-19T02:00:00+08:00,10.032,False,True,False
V4_SHADOW,3065799,2026-09-18,英U21,桑德兰U21 vs 诺域治U21,,neutral,,,,,0,,,D:\codex\v3_legacy\outputs\football_odds_trader\raw\titan007\20260918\20260918_155806_titan007_odds_snapshot.csv,NOT_FINAL_STATE_0,82d8a17ee76fc9569053,RUN_20260918_155805,v4-market-dirichlet-20260913,2026-09-18T15:58:06+08:00,2026-09-18T15:58:06+08:00,2026-09-19T02:00:00+08:00,10.032,False,False,False
V4_SHADOW,3065800,2026-09-18,英U21,西布朗U21 vs 诺丁汉森林U21,,neutral,,,,,0,,,D:\codex\v3_legacy\outputs\football_odds_trader\raw\titan007\20260918\20260918_155806_titan007_odds_snapshot.csv,NOT_FINAL_STATE_0,a5ca578efc5c9a58d961,RUN_20260918_155805,v4-market-dirichlet-20260913,2026-09-18T15:58:06+08:00,2026-09-18T15:58:06+08:00,2026-09-19T02:00:00+08:00,10.032,False,False,False
V4_SHADOW,3065801,2026-09-18,英U21,狼队U21 vs 修咸顿U21,,neutral,,,,,0,,,D:\codex\v3_legacy\outputs\football_odds_trader\raw\titan007\20260918\20260918_155806_titan007_odds_snapshot.csv,NOT_FINAL_STATE_0,4eba064854f22b3e4d3c,RUN_20260918_155805,v4-market-dirichlet-20260913,2026-09-18T15:58:06+08:00,2026-09-18T15:58:06+08:00,2026-09-19T02:00:00+08:00,10.032,False,False,False
V4_SHADOW,3089349,2026-09-18,卢森杯,SC埃尔 vs 卡那斯,,,,,,,0,,,D:\codex\v3_legacy\outputs\football_odds_trader\raw\titan007\20260918\20260918_155806_titan007_odds_snapshot.csv,NOT_FINAL_STATE_0,3a340565da53715110e0,RUN_20260918_155805,v4-market-dirichlet-20260913,2026-09-18T15:58:06+08:00,2026-09-18T15:58:06+08:00,2026-09-19T02:00:00+08:00,10.032,False,False,False
V4_SHADOW,3092056,2026-09-18,奥丁,纽锡德尔 vs 奥普伦多尔夫,,,,,,,0,,,D:\codex\v3_legacy\outputs\football_odds_trader\raw\titan007\20260918\20260918_155806_titan007_odds_snapshot.csv,NOT_FINAL_STATE_0,790438f00ace83b272c1,RUN_20260918_155805,v4-market-dirichlet-20260913,2026-09-18T15:58:06+08:00,2026-09-18T15:58:06+08:00,2026-09-19T02:00:00+08:00,10.032,False,False,False
V4_SHADOW,3089813,2026-09-18,波兰丙,奥德拉比托姆 vs 巴里奇苏洛,,,,,,,0,,,D:\codex\v3_legacy\outputs\football_odds_trader\raw\titan007\20260918\20260918_155806_titan007_odds_snapshot.csv,NOT_FINAL_STATE_0,a2bc5150710b80aff170,RUN_20260918_155805,v4-market-dirichlet-20260913,2026-09-18T15:58:06+08:00,2026-09-18T15:58:06+08:00,2026-09-19T02:00:00+08:00,10.032,False,False,False
V4_SHADOW,3092108,2026-09-18,波兰丙,苏勒约维克 vs 奥斯卡普日苏查,,,,,,,0,,,D:\codex\v3_legacy\outputs\football_odds_trader\raw\titan007\20260918\20260918_155806_titan007_odds_snapshot.csv,NOT_FINAL_STATE_0,76ca968fa9b0a99b8110,RUN_20260918_155805,v4-market-dirichlet-20260913,2026-09-18T15:58:06+08:00,2026-09-18T15:58:06+08:00,2026-09-19T02:00:00+08:00,10.032,False,False,False
V4_SHADOW,3091731,2026-09-18,阿女甲,费罗卡利尔女足 vs 飓风队女足,,,,,,,0,,,D:\codex\v3_legacy\outputs\football_odds_trader\raw\titan007\20260918\20260918_155806_titan007_odds_snapshot.csv,NOT_FINAL_STATE_0,3ad8577306da61d76076,RUN_20260918_155805,v4-market-dirichlet-20260913,2026-09-18T15:58:06+08:00,2026-09-18T15:58:06+08:00,2026-09-19T02:00:00+08:00,10.032,False,False,False
V4_SHADOW,3053911,2026-09-18,瑞士丙2,史克奇 vs FC黑星,,,,,,,0,,,D:\codex\v3_legacy\outputs\football_odds_trader\raw\titan007\20260918\20260918_155806_titan007_odds_snapshot.csv,NOT_FINAL_STATE_0,81608a4c8f36de1d881c,RUN_20260918_155805,v4-market-dirichlet-20260913,2026-09-18T15:58:06+08:00,2026-09-18T15:58:06+08:00,2026-09-19T02:00:00+08:00,10.032,False,False,False
V4_SHADOW,3092075,2026-09-18,巴圣青联,哥梅里卡西亚铁特青年队 vs 佩纳博伦斯青年队,,,,,,,0,,,D:\codex\v3_legacy\outputs\football_odds_trader\raw\titan007\20260918\20260918_155806_titan007_odds_snapshot.csv,NOT_FINAL_STATE_0,ed6aeff438d138bcc972,RUN_20260918_155805,v4-market-dirichlet-20260913,2026-09-18T15:58:06+08:00,2026-09-18T15:58:06+08:00,2026-09-19T02:00:00+08:00,10.032,False,False,False
V4_SHADOW,3092077,2026-09-18,巴圣青联,皮拉西卡巴青年队 vs 斯菲拉青年队,,,,,,,0,,,D:\codex\v3_legacy\outputs\football_odds_trader\raw\titan007\20260918\20260918_155806_titan007_odds_snapshot.csv,NOT_FINAL_STATE_0,1524bf6cc1e2c9e65f8e,RUN_20260918_155805,v4-market-dirichlet-20260913,2026-09-18T15:58:06+08:00,2026-09-18T15:58:06+08:00,2026-09-19T02:00:00+08:00,10.032,False,False,False
V4_SHADOW,3092079,2026-09-18,巴圣青联,法林明高SP青年队 vs 费罗维亚里亚青年队,,,,,,,0,,,D:\codex\v3_legacy\outputs\football_odds_trader\raw\titan007\20260918\20260918_155806_titan007_odds_snapshot.csv,NOT_FINAL_STATE_0,3c64d31aa9c78cf9db37,RUN_20260918_155805,v4-market-dirichlet-20260913,2026-09-18T15:58:06+08:00,2026-09-18T15:58:06+08:00,2026-09-19T02:00:00+08:00,10.032,False,False,False
V4_SHADOW,3092080,2026-09-18,巴圣青联,苏萨诺青年队 vs 瓜拉尼青年队,,,,,,,0,,,D:\codex\v3_legacy\outputs\football_odds_trader\raw\titan007\20260918\20260918_155806_titan007_odds_snapshot.csv,NOT_FINAL_STATE_0,0b3bde3198af412c939b,RUN_20260918_155805,v4-market-dirichlet-20260913,2026-09-18T15:58:06+08:00,2026-09-18T15:58:06+08:00,2026-09-19T02:00:00+08:00,10.032,False,False,False
V4_SHADOW,3092084,2026-09-18,巴圣青联,庞特普雷塔青年队 vs 葡萄牙人青年队,,,,,,,0,,,D:\codex\v3_legacy\outputs\football_odds_trader\raw\titan007\20260918\20260918_155806_titan007_odds_snapshot.csv,NOT_FINAL_STATE_0,14f2ff3f056d26b5ee0a,RUN_20260918_155805,v4-market-dirichlet-20260913,2026-09-18T15:58:06+08:00,2026-09-18T15:58:06+08:00,2026-09-19T02:00:00+08:00,10.032,False,False,False
V4_SHADOW,3092135,2026-09-18,巴圣青联,皇家足球青年队 vs 陶巴特青年队,,,,,,,0,,,D:\codex\v3_legacy\outputs\football_odds_trader\raw\titan007\20260918\20260918_155806_titan007_odds_snapshot.csv,NOT_FINAL_STATE_0,3ac75c4c62a36096fff1,RUN_20260918_155805,v4-market-dirichlet-20260913,2026-09-18T15:58:06+08:00,2026-09-18T15:58:06+08:00,2026-09-19T02:00:00+08:00,10.032,False,False,False
V4_SHADOW,3059192,2026-09-18,英乙U21,卡迪夫城U21 vs 彼得堡联U21,,neutral,,,,,0,,,D:\codex\v3_legacy\outputs\football_odds_trader\raw\titan007\20260918\20260918_155806_titan007_odds_snapshot.csv,NOT_FINAL_STATE_0,198fd8802f51e5047ed2,RUN_20260918_155805,v4-market-dirichlet-20260913,2026-09-18T15:58:06+08:00,2026-09-18T15:58:06+08:00,2026-09-19T02:00:00+08:00,10.032,False,False,False
V4_SHADOW,3057177,2026-09-18,西女超,阿拉维斯女足 vs 巴塞罗那女足,,,,,,,0,,,D:\codex\v3_legacy\outputs\football_odds_trader\raw\titan007\20260918\20260918_155806_titan007_odds_snapshot.csv,NOT_FINAL_STATE_0,cda2011074aa2a2acb71,RUN_20260918_155805,v4-market-dirichlet-20260913,2026-09-18T15:58:06+08:00,2026-09-18T15:58:06+08:00,2026-09-19T02:00:00+08:00,10.032,False,False,False
V4_SHADOW,3052956,2026-09-18,瑞女超,琉森女足 vs 伊韦尔东女足,,,,,,,0,,,D:\codex\v3_legacy\outputs\football_odds_trader\raw\titan007\20260918\20260918_155806_titan007_odds_snapshot.csv,NOT_FINAL_STATE_0,bdbea64240f558d4df7b,RUN_20260918_155805,v4-market-dirichlet-20260913,2026-09-18T15:58:06+08:00,2026-09-18T15:58:06+08:00,2026-09-19T02:00:00+08:00,10.032,False,False,False
V4_SHADOW,3092049,2026-09-18,秘女联,梅尔加女足 vs 卡洛斯曼努奇女足,,,,,,,0,,,D:\codex\v3_legacy\outputs\football_odds_trader\raw\titan007\20260918\20260918_155806_titan007_odds_snapshot.csv,NOT_FINAL_STATE_0,6699662fd565a01c90ec,RUN_20260918_155805,v4-market-dirichlet-20260913,2026-09-18T15:58:06+08:00,2026-09-18T15:58:06+08:00,2026-09-19T02:00:00+08:00,10.032,False,False,False
V4_SHADOW,3092062,2026-09-18,巴拉丙,奥杜巴雷 vs 亚特兰蒂斯SC,,,,,,,0,,,D:\codex\v3_legacy\outputs\football_odds_trader\raw\titan007\20260918\20260918_155806_titan007_odds_snapshot.csv,NOT_FINAL_STATE_0,f0425fa76eff1f243772,RUN_20260918_155805,v4-market-dirichlet-20260913,2026-09-18T15:58:06+08:00,2026-09-18T15:58:06+08:00,2026-09-19T02:00:00+08:00,10.032,False,False,False
V4_SHADOW,3092088,2026-09-18,阿根业余锦,美达路基科 vs 埃塞伊萨,,,,,,,0,,,D:\codex\v3_legacy\outputs\football_odds_trader\raw\titan007\20260918\20260918_155806_titan007_odds_snapshot.csv,NOT_FINAL_STATE_0,d2ceadd914af2f9b41ab,RUN_20260918_155805,v4-market-dirichlet-20260913,2026-09-18T15:58:06+08:00,2026-09-18T15:58:06+08:00,2026-09-19T02:00:00+08:00,10.032,False,False,False
V4_SHADOW,3000948,2026-09-18,瑞士甲,温特图尔 vs 阿劳,阿劳,receiving,0.25,1.02,C,,0,,,D:\codex\v3_legacy\outputs\football_odds_trader\raw\titan007\20260918\20260918_155806_titan007_odds_snapshot.csv,NOT_FINAL_STATE_0,570952ca8848c403a2a6,RUN_20260918_155805,v4-market-dirichlet-20260913,2026-09-18T15:58:06+08:00,2026-09-18T15:58:06+08:00,2026-09-19T02:15:00+08:00,10.282,False,True,False
V4_SHADOW,3091748,2026-09-18,芬兰U21,查普斯U21 vs TPV U21,,,,,,,0,,,D:\codex\v3_legacy\outputs\football_odds_trader\raw\titan007\20260918\20260918_155806_titan007_odds_snapshot.csv,NOT_FINAL_STATE_0,21456aa7c97672468126,RUN_20260918_155805,v4-market-dirichlet-20260913,2026-09-18T15:58:06+08:00,2026-09-18T15:58:06+08:00,2026-09-19T02:15:00+08:00,10.282,False,False,False
V4_SHADOW,3018814,2026-09-18,德甲,拜仁慕尼黑 vs 柏林联合,拜仁慕尼黑,giving,-3.75,1.01,A,,0,,,D:\codex\v3_legacy\outputs\football_odds_trader\raw\titan007\20260918\20260918_155806_titan007_odds_snapshot.csv,NOT_FINAL_STATE_0,0881840cff0a4be5229b,RUN_20260918_155805,v4-market-dirichlet-20260913,2026-09-18T15:58:06+08:00,2026-09-18T15:58:06+08:00,2026-09-19T02:30:00+08:00,10.532,False,True,False
V4_SHADOW,3040749,2026-09-18,意乙,史泰比亚 vs 切塞纳,切塞纳,receiving,0.25,0.92,N,,0,,,D:\codex\v3_legacy\outputs\football_odds_trader\raw\titan007\20260918\20260918_155806_titan007_odds_snapshot.csv,NOT_FINAL_STATE_0,b3b6aa46b2964f1e18c1,RUN_20260918_155805,v4-market-dirichlet-20260913,2026-09-18T15:58:06+08:00,2026-09-18T15:58:06+08:00,2026-09-19T02:30:00+08:00,10.532,False,True,False
V4_SHADOW,3014077,2026-09-18,西乙,阿尔巴塞特 vs 科尔多瓦,阿尔巴塞特,giving,-0.25,1.12,C,,0,,,D:\codex\v3_legacy\outputs\football_odds_trader\raw\titan007\20260918\20260918_155806_titan007_odds_snapshot.csv,NOT_FINAL_STATE_0,7afe154fe2be2e578842,RUN_20260918_155805,v4-market-dirichlet-20260913,2026-09-18T15:58:06+08:00,2026-09-18T15:58:06+08:00,2026-09-19T02:30:00+08:00,10.532,False,True,False
V4_SHADOW,3002265,2026-09-18,苏冠,女王公园 vs 艾尔联,女王公园,receiving,0.25,0.88,N,,0,,,D:\codex\v3_legacy\outputs\football_odds_trader\raw\titan007\20260918\20260918_155806_titan007_odds_snapshot.csv,NOT_FINAL_STATE_0,e083ebafe8b2222d3ac1,RUN_20260918_155805,v4-market-dirichlet-20260913,2026-09-18T15:58:06+08:00,2026-09-18T15:58:06+08:00,2026-09-19T02:30:00+08:00,10.532,False,True,False
V4_SHADOW,3017907,2026-09-18,奥乙,BW林茨 vs 阿德米拉,BW林茨,giving,-1.25,1.05,C,,0,,,D:\codex\v3_legacy\outputs\football_odds_trader\raw\titan007\20260918\20260918_155806_titan007_odds_snapshot.csv,NOT_FINAL_STATE_0,f24bbefd81c5aac9acc5,RUN_20260918_155805,v4-market-dirichlet-20260913,2026-09-18T15:58:06+08:00,2026-09-18T15:58:06+08:00,2026-09-19T02:30:00+08:00,10.532,False,True,False
V4_SHADOW,3003159,2026-09-18,波兰超,克拉科夫 vs 史拉斯科,史拉斯科,receiving,0.75,1.11,C,,0,,,D:\codex\v3_legacy\outputs\football_odds_trader\raw\titan007\20260918\20260918_155806_titan007_odds_snapshot.csv,NOT_FINAL_STATE_0,c7096f97c0821ab53d94,RUN_20260918_155805,v4-market-dirichlet-20260913,2026-09-18T15:58:06+08:00,2026-09-18T15:58:06+08:00,2026-09-19T02:30:00+08:00,10.532,False,True,False
V4_SHADOW,3092120,2026-09-18,威杯,斯旺西大学 vs 特雷托马斯蓝鸟,,,,,,,0,,,D:\codex\v3_legacy\outputs\football_odds_trader\raw\titan007\20260918\20260918_155806_titan007_odds_snapshot.csv,NOT_FINAL_STATE_0,a36a6c9f86d8a8f1b5d1,RUN_20260918_155805,v4-market-dirichlet-20260913,2026-09-18T15:58:06+08:00,2026-09-18T15:58:06+08:00,2026-09-19T02:30:00+08:00,10.532,False,False,False
V4_SHADOW,3087659,2026-09-18,马耳甲,哈姆伦斯巴达 vs 马沙斯洛克,,neutral,,,,,0,,,D:\codex\v3_legacy\outputs\football_odds_trader\raw\titan007\20260918\20260918_155806_titan007_odds_snapshot.csv,NOT_FINAL_STATE_0,2dc718710e7cb0727da1,RUN_20260918_155805,v4-market-dirichlet-20260913,2026-09-18T15:58:06+08:00,2026-09-18T15:58:06+08:00,2026-09-19T02:30:00+08:00,10.532,False,False,False
V4_SHADOW,3052141,2026-09-18,英女冠,狼队女足 vs 般尼女足,,,,,,,0,,,D:\codex\v3_legacy\outputs\football_odds_trader\raw\titan007\20260918\20260918_155806_titan007_odds_snapshot.csv,NOT_FINAL_STATE_0,1ae75c700f4885962cac,RUN_20260918_155805,v4-market-dirichlet-20260913,2026-09-18T15:58:06+08:00,2026-09-18T15:58:06+08:00,2026-09-19T02:30:00+08:00,10.532,False,False,False
V4_SHADOW,3079602,2026-09-18,西丁,卡拉桑西奥 vs 安吉亚诺,,,,,,,0,,,D:\codex\v3_legacy\outputs\football_odds_trader\raw\titan007\20260918\20260918_155806_titan007_odds_snapshot.csv,NOT_FINAL_STATE_0,5ba315b582e545e5d50f,RUN_20260918_155805,v4-market-dirichlet-20260913,2026-09-18T15:58:06+08:00,2026-09-18T15:58:06+08:00,2026-09-19T02:30:00+08:00,10.532,False,False,False
V4_SHADOW,3079607,2026-09-18,西丁,圣马西亚尔 vs 科米利亚斯,,,,,,,0,,,D:\codex\v3_legacy\outputs\football_odds_trader\raw\titan007\20260918\20260918_155806_titan007_odds_snapshot.csv,NOT_FINAL_STATE_0,8e70beefa0d3783fc957,RUN_20260918_155805,v4-market-dirichlet-20260913,2026-09-18T15:58:06+08:00,2026-09-18T15:58:06+08:00,2026-09-19T02:30:00+08:00,10.532,False,False,False
V4_SHADOW,3069760,2026-09-18,比U21,科特赖克U21 vs 利亚斯U21,,,,,,,0,,,D:\codex\v3_legacy\outputs\football_odds_trader\raw\titan007\20260918\20260918_155806_titan007_odds_snapshot.csv,NOT_FINAL_STATE_0,49e8c93a21f88717dbab,RUN_20260918_155805,v4-market-dirichlet-20260913,2026-09-18T15:58:06+08:00,2026-09-18T15:58:06+08:00,2026-09-19T02:30:00+08:00,10.532,False,False,False
V4_SHADOW,3069761,2026-09-18,比U21,拉路维尔U21 vs 哈塞尔特U21,,,,,,,0,,,D:\codex\v3_legacy\outputs\football_odds_trader\raw\titan007\20260918\20260918_155806_titan007_odds_snapshot.csv,NOT_FINAL_STATE_0,34f18fe7282a3a105007,RUN_20260918_155805,v4-market-dirichlet-20260913,2026-09-18T15:58:06+08:00,2026-09-18T15:58:06+08:00,2026-09-19T02:30:00+08:00,10.532,False,False,False
V4_SHADOW,3013095,2026-09-18,苏女超,凯尔特人女足 vs 马瑟韦尔女足,,,,,,,0,,,D:\codex\v3_legacy\outputs\football_odds_trader\raw\titan007\20260918\20260918_155806_titan007_odds_snapshot.csv,NOT_FINAL_STATE_0,1a3635f73c1d87f1f14a,RUN_20260918_155805,v4-market-dirichlet-20260913,2026-09-18T15:58:06+08:00,2026-09-18T15:58:06+08:00,2026-09-19T02:30:00+08:00,10.532,False,False,False
V4_SHADOW,3070291,2026-09-18,比女甲,皇家白星女足 vs 梅肯姆女足,,,,,,,0,,,D:\codex\v3_legacy\outputs\football_odds_trader\raw\titan007\20260918\20260918_155806_titan007_odds_snapshot.csv,NOT_FINAL_STATE_0,ba59f0a54901638e72cf,RUN_20260918_155805,v4-market-dirichlet-20260913,2026-09-18T15:58:06+08:00,2026-09-18T15:58:06+08:00,2026-09-19T02:30:00+08:00,10.532,False,False,False
V4_SHADOW,3070292,2026-09-18,比女甲,维斯特洛女足 vs 旧海弗莱鲁汶B队女足,,,,,,,0,,,D:\codex\v3_legacy\outputs\football_odds_trader\raw\titan007\20260918\20260918_155806_titan007_odds_snapshot.csv,NOT_FINAL_STATE_0,7a009b6486e88761d9ff,RUN_20260918_155805,v4-market-dirichlet-20260913,2026-09-18T15:58:06+08:00,2026-09-18T15:58:06+08:00,2026-09-19T02:30:00+08:00,10.532,False,False,False
V4_SHADOW,2993801,2026-09-18,意甲,蒙扎 vs 萨索洛,,,,,,,0,,,D:\codex\v3_legacy\outputs\football_odds_trader\raw\titan007\20260918\20260918_155806_titan007_odds_snapshot.csv,NOT_FINAL_STATE_0,abee9f87b02ddd978b10,RUN_20260918_155805,v4-market-dirichlet-20260913,2026-09-18T15:58:06+08:00,2026-09-18T15:58:06+08:00,2026-09-19T02:45:00+08:00,10.782,False,False,False
V4_SHADOW,2995348,2026-09-18,法甲,摩纳哥 vs 朗斯,摩纳哥,giving,-0.5,1.05,C,,0,,,D:\codex\v3_legacy\outputs\football_odds_trader\raw\titan007\20260918\20260918_155806_titan007_odds_snapshot.csv,NOT_FINAL_STATE_0,8f8cb783ed34746a4a66,RUN_20260918_155805,v4-market-dirichlet-20260913,2026-09-18T15:58:06+08:00,2026-09-18T15:58:06+08:00,2026-09-19T02:45:00+08:00,10.782,False,True,False
V4_SHADOW,3003575,2026-09-18,比甲,根特 vs 标准列日,根特,giving,-0.75,1.12,C,,0,,,D:\codex\v3_legacy\outputs\football_odds_trader\raw\titan007\20260918\20260918_155806_titan007_odds_snapshot.csv,NOT_FINAL_STATE_0,45b05433c70659fb9a1e,RUN_20260918_155805,v4-market-dirichlet-20260913,2026-09-18T15:58:06+08:00,2026-09-18T15:58:06+08:00,2026-09-19T02:45:00+08:00,10.782,False,True,False
V4_SHADOW,3090220,2026-09-18,英足总杯,伍斯特 vs 斯特拉特福镇,,,,,,,0,,,D:\codex\v3_legacy\outputs\football_odds_trader\raw\titan007\20260918\20260918_155806_titan007_odds_snapshot.csv,NOT_FINAL_STATE_0,353257021ff173bd776a,RUN_20260918_155805,v4-market-dirichlet-20260913,2026-09-18T15:58:06+08:00,2026-09-18T15:58:06+08:00,2026-09-19T02:45:00+08:00,10.782,False,False,False
V4_SHADOW,3090221,2026-09-18,英足总杯,耶特城 vs 茨伯翰,,,,,,,0,,,D:\codex\v3_legacy\outputs\football_odds_trader\raw\titan007\20260918\20260918_155806_titan007_odds_snapshot.csv,NOT_FINAL_STATE_0,8294efdbb35f703e1f21,RUN_20260918_155805,v4-market-dirichlet-20260913,2026-09-18T15:58:06+08:00,2026-09-18T15:58:06+08:00,2026-09-19T02:45:00+08:00,10.782,False,False,False
V4_SHADOW,3027767,2026-09-18,英议联,耶奥维尔 vs 索利赫尔,索利赫尔,receiving,0.5,0.75,N,,0,,,D:\codex\v3_legacy\outputs\football_odds_trader\raw\titan007\20260918\20260918_155806_titan007_odds_snapshot.csv,NOT_FINAL_STATE_0,7b2cf5f857562b9c9821,RUN_20260918_155805,v4-market-dirichlet-20260913,2026-09-18T15:58:06+08:00,2026-09-18T15:58:06+08:00,2026-09-19T02:45:00+08:00,10.782,False,True,False
V4_SHADOW,2914407,2026-09-18,爱超,德利城 vs 戈尔韦联,德利城,giving,-0.75,0.91,N,,0,,,D:\codex\v3_legacy\outputs\football_odds_trader\raw\titan007\20260918\20260918_155806_titan007_odds_snapshot.csv,NOT_FINAL_STATE_0,ab30d5ff2befa2e0068d,RUN_20260918_155805,v4-market-dirichlet-20260913,2026-09-18T15:58:06+08:00,2026-09-18T15:58:06+08:00,2026-09-19T02:45:00+08:00,10.782,False,True,False
V4_SHADOW,2914408,2026-09-18,爱超,邓多克 vs 谢尔伯恩,,,,,,,0,,,D:\codex\v3_legacy\outputs\football_odds_trader\raw\titan007\20260918\20260918_155806_titan007_odds_snapshot.csv,NOT_FINAL_STATE_0,18a54999576e433c9d0c,RUN_20260918_155805,v4-market-dirichlet-20260913,2026-09-18T15:58:06+08:00,2026-09-18T15:58:06+08:00,2026-09-19T02:45:00+08:00,10.782,False,False,False
V4_SHADOW,2939053,2026-09-18,爱甲,阿斯隆城 vs 凯里FC,凯里FC,receiving,0.25,0.88,N,,0,,,D:\codex\v3_legacy\outputs\football_odds_trader\raw\titan007\20260918\20260918_155806_titan007_odds_snapshot.csv,NOT_FINAL_STATE_0,1859631103570fcc802e,RUN_20260918_155805,v4-market-dirichlet-20260913,2026-09-18T15:58:06+08:00,2026-09-18T15:58:06+08:00,2026-09-19T02:45:00+08:00,10.782,False,True,False
V4_SHADOW,2939054,2026-09-18,爱甲,布雷 vs 特瑞特联,特瑞特联,receiving,1.25,0.87,N,,0,,,D:\codex\v3_legacy\outputs\football_odds_trader\raw\titan007\20260918\20260918_155806_titan007_odds_snapshot.csv,NOT_FINAL_STATE_0,823c6750d284adf75c91,RUN_20260918_155805,v4-market-dirichlet-20260913,2026-09-18T15:58:06+08:00,2026-09-18T15:58:06+08:00,2026-09-19T02:45:00+08:00,10.782,False,True,False
V4_SHADOW,2939055,2026-09-18,爱甲,科克城 vs 都柏林大学,都柏林大学,receiving,1.0,0.94,C,,0,,,D:\codex\v3_legacy\outputs\football_odds_trader\raw\titan007\20260918\20260918_155806_titan007_odds_snapshot.csv,NOT_FINAL_STATE_0,36fba456e1b07e56b6b6,RUN_20260918_155805,v4-market-dirichlet-20260913,2026-09-18T15:58:06+08:00,2026-09-18T15:58:06+08:00,2026-09-19T02:45:00+08:00,10.782,False,True,False
V4_SHADOW,2939056,2026-09-18,爱甲,费恩哈普 vs 朗福德城,费恩哈普,receiving,0.5,0.92,N,,0,,,D:\codex\v3_legacy\outputs\football_odds_trader\raw\titan007\20260918\20260918_155806_titan007_odds_snapshot.csv,NOT_FINAL_STATE_0,46f9efa221b6bf755bfd,RUN_20260918_155805,v4-market-dirichlet-20260913,2026-09-18T15:58:06+08:00,2026-09-18T15:58:06+08:00,2026-09-19T02:45:00+08:00,10.782,False,True,False
V4_SHADOW,2939057,2026-09-18,爱甲,韦克斯福德 vs 科布漫步者,科布漫步者,receiving,0.25,0.76,N,,0,,,D:\codex\v3_legacy\outputs\football_odds_trader\raw\titan007\20260918\20260918_155806_titan007_odds_snapshot.csv,NOT_FINAL_STATE_0,ae62f048260fac16a781,RUN_20260918_155805,v4-market-dirichlet-20260913,2026-09-18T15:58:06+08:00,2026-09-18T15:58:06+08:00,2026-09-19T02:45:00+08:00,10.782,False,True,False
V4_SHADOW,3004995,2026-09-18,波兰甲,比托姆 vs 罗切霍茹夫,比托姆,receiving,0.25,0.79,N,,0,,,D:\codex\v3_legacy\outputs\football_odds_trader\raw\titan007\20260918\20260918_155806_titan007_odds_snapshot.csv,NOT_FINAL_STATE_0,a8ec65d06470b42c7cf7,RUN_20260918_155805,v4-market-dirichlet-20260913,2026-09-18T15:58:06+08:00,2026-09-18T15:58:06+08:00,2026-09-19T02:45:00+08:00,10.782,False,True,False
V4_SHADOW,3092121,2026-09-18,威杯,卡菲利体育 vs 特奥温星队,,,,,,,0,,,D:\codex\v3_legacy\outputs\football_odds_trader\raw\titan007\20260918\20260918_155806_titan007_odds_snapshot.csv,NOT_FINAL_STATE_0,91436c4c712133e5be48,RUN_20260918_155805,v4-market-dirichlet-20260913,2026-09-18T15:58:06+08:00,2026-09-18T15:58:06+08:00,2026-09-19T02:45:00+08:00,10.782,False,False,False
V4_SHADOW,3019529,2026-09-18,威超,空中巴士 vs 弗林特镇,弗林特镇,receiving,0.5,1.07,C,,0,,,D:\codex\v3_legacy\outputs\football_odds_trader\raw\titan007\20260918\20260918_155806_titan007_odds_snapshot.csv,NOT_FINAL_STATE_0,6a847b0983a8dfd51251,RUN_20260918_155805,v4-market-dirichlet-20260913,2026-09-18T15:58:06+08:00,2026-09-18T15:58:06+08:00,2026-09-19T02:45:00+08:00,10.782,False,True,False
V4_SHADOW,3019530,2026-09-18,威超,阿曼福德 vs 佩尼邦,阿曼福德,receiving,2.0,0.62,N,,0,,,D:\codex\v3_legacy\outputs\football_odds_trader\raw\titan007\20260918\20260918_155806_titan007_odds_snapshot.csv,NOT_FINAL_STATE_0,2d7d8dd61aa3191ee84f,RUN_20260918_155805,v4-market-dirichlet-20260913,2026-09-18T15:58:06+08:00,2026-09-18T15:58:06+08:00,2026-09-19T02:45:00+08:00,10.782,False,True,False
V4_SHADOW,3019531,2026-09-18,威超,布里顿费里 vs 特芬琳,特芬琳,receiving,1.0,0.91,C,,0,,,D:\codex\v3_legacy\outputs\football_odds_trader\raw\titan007\20260918\20260918_155806_titan007_odds_snapshot.csv,NOT_FINAL_STATE_0,edb9983ea2efa170e7fb,RUN_20260918_155805,v4-market-dirichlet-20260913,2026-09-18T15:58:06+08:00,2026-09-18T15:58:06+08:00,2026-09-19T02:45:00+08:00,10.782,False,True,False
V4_SHADOW,3019532,2026-09-18,威超,卡那封 vs 卡姆比利安,,neutral,,,,,0,,,D:\codex\v3_legacy\outputs\football_odds_trader\raw\titan007\20260918\20260918_155806_titan007_odds_snapshot.csv,NOT_FINAL_STATE_0,af35e55c70090a3d9e6b,RUN_20260918_155805,v4-market-dirichlet-20260913,2026-09-18T15:58:06+08:00,2026-09-18T15:58:06+08:00,2026-09-19T02:45:00+08:00,10.782,False,False,False
V4_SHADOW,3019533,2026-09-18,威超,科尔温湾 vs 巴里镇联,巴里镇联,receiving,0.25,1.0,C,,0,,,D:\codex\v3_legacy\outputs\football_odds_trader\raw\titan007\20260918\20260918_155806_titan007_odds_snapshot.csv,NOT_FINAL_STATE_0,46cbf3537bf29460eb6f,RUN_20260918_155805,v4-market-dirichlet-20260913,2026-09-18T15:58:06+08:00,2026-09-18T15:58:06+08:00,2026-09-19T02:45:00+08:00,10.782,False,True,False
V4_SHADOW,3019534,2026-09-18,威超,康纳斯码头 vs 卡迪夫都市大学,卡迪夫都市大学,receiving,0.75,1.19,B,,0,,,D:\codex\v3_legacy\outputs\football_odds_trader\raw\titan007\20260918\20260918_155806_titan007_odds_snapshot.csv,NOT_FINAL_STATE_0,3a49f07b5584f5bba846,RUN_20260918_155805,v4-market-dirichlet-20260913,2026-09-18T15:58:06+08:00,2026-09-18T15:58:06+08:00,2026-09-19T02:45:00+08:00,10.782,False,True,False
V4_SHADOW,3019535,2026-09-18,威超,西哈弗福德 vs 霍利韦尔,,neutral,,,,,0,,,D:\codex\v3_legacy\outputs\football_odds_trader\raw\titan007\20260918\20260918_155806_titan007_odds_snapshot.csv,NOT_FINAL_STATE_0,da3028f9d33efe0179f0,RUN_20260918_155805,v4-market-dirichlet-20260913,2026-09-18T15:58:06+08:00,2026-09-18T15:58:06+08:00,2026-09-19T02:45:00+08:00,10.782,False,False,False
V4_SHADOW,3008955,2026-09-18,北爱冠,邓迪拉 vs 斯特拉班竞技,,,,,,,0,,,D:\codex\v3_legacy\outputs\football_odds_trader\raw\titan007\20260918\20260918_155806_titan007_odds_snapshot.csv,NOT_FINAL_STATE_0,9c23b84e14254e1306f3,RUN_20260918_155805,v4-market-dirichlet-20260913,2026-09-18T15:58:06+08:00,2026-09-18T15:58:06+08:00,2026-09-19T02:45:00+08:00,10.782,False,False,False
V4_SHADOW,3008961,2026-09-18,北爱冠,纽维城 vs 安纳,,,,,,,0,,,D:\codex\v3_legacy\outputs\football_odds_trader\raw\titan007\20260918\20260918_155806_titan007_odds_snapshot.csv,NOT_FINAL_STATE_0,e22b7c7dc003314abefb,RUN_20260918_155805,v4-market-dirichlet-20260913,2026-09-18T15:58:06+08:00,2026-09-18T15:58:06+08:00,2026-09-19T02:45:00+08:00,10.782,False,False,False
V4_SHADOW,3087169,2026-09-18,马耳乙,斯维吉联 vs 佩塔,,,,,,,0,,,D:\codex\v3_legacy\outputs\football_odds_trader\raw\titan007\20260918\20260918_155806_titan007_odds_snapshot.csv,NOT_FINAL_STATE_0,0dce23c38fdaacecc69a,RUN_20260918_155805,v4-market-dirichlet-20260913,2026-09-18T15:58:06+08:00,2026-09-18T15:58:06+08:00,2026-09-19T02:45:00+08:00,10.782,False,False,False
V4_SHADOW,3089841,2026-09-18,北爱女超,德利城女足 vs 里斯布恩女足,,,,,,,0,,,D:\codex\v3_legacy\outputs\football_odds_trader\raw\titan007\20260918\20260918_155806_titan007_odds_snapshot.csv,NOT_FINAL_STATE_0,973385b4a8a690ab8ea9,RUN_20260918_155805,v4-market-dirichlet-20260913,2026-09-18T15:58:06+08:00,2026-09-18T15:58:06+08:00,2026-09-19T02:45:00+08:00,10.782,False,False,False
V4_SHADOW,3089842,2026-09-18,北爱女超,格伦杜兰女足 vs 连菲特女足,,,,,,,0,,,D:\codex\v3_legacy\outputs\football_odds_trader\raw\titan007\20260918\20260918_155806_titan007_odds_snapshot.csv,NOT_FINAL_STATE_0,b4dd1c214937ff554bc4,RUN_20260918_155805,v4-market-dirichlet-20260913,2026-09-18T15:58:06+08:00,2026-09-18T15:58:06+08:00,2026-09-19T02:45:00+08:00,10.782,False,False,False
V4_SHADOW,3003890,2026-09-18,英超,布伦特福德 vs 切尔西,,,,,,,0,,,D:\codex\v3_legacy\outputs\football_odds_trader\raw\titan007\20260918\20260918_155806_titan007_odds_snapshot.csv,NOT_FINAL_STATE_0,e006db27646751db93ec,RUN_20260918_155805,v4-market-dirichlet-20260913,2026-09-18T15:58:06+08:00,2026-09-18T15:58:06+08:00,2026-09-19T03:00:00+08:00,11.032,False,False,False
V4_SHADOW,3013706,2026-09-18,西甲,西班牙人 vs 埃尔切,埃尔切,receiving,0.5,1.06,C,,0,,,D:\codex\v3_legacy\outputs\football_odds_trader\raw\titan007\20260918\20260918_155806_titan007_odds_snapshot.csv,NOT_FINAL_STATE_0,2a277518087ea070d19c,RUN_20260918_155805,v4-market-dirichlet-20260913,2026-09-18T15:58:06+08:00,2026-09-18T15:58:06+08:00,2026-09-19T03:00:00+08:00,11.032,False,True,False
V4_SHADOW,3008237,2026-09-18,英冠,布里斯托城 vs 沃特福德,布里斯托城,giving,-0.75,0.98,N,,0,,,D:\codex\v3_legacy\outputs\football_odds_trader\raw\titan007\20260918\20260918_155806_titan007_odds_snapshot.csv,NOT_FINAL_STATE_0,cc82abaa437c726bff9e,RUN_20260918_155805,v4-market-dirichlet-20260913,2026-09-18T15:58:06+08:00,2026-09-18T15:58:06+08:00,2026-09-19T03:00:00+08:00,11.032,False,True,False
V4_SHADOW,3014521,2026-09-18,西协甲,洛格朗尼斯 vs 庞特贝德拉,洛格朗尼斯,giving,-0.25,0.81,N,,0,,,D:\codex\v3_legacy\outputs\football_odds_trader\raw\titan007\20260918\20260918_155806_titan007_odds_snapshot.csv,NOT_FINAL_STATE_0,5ea5c99fd0bad9650a4f,RUN_20260918_155805,v4-market-dirichlet-20260913,2026-09-18T15:58:06+08:00,2026-09-18T15:58:06+08:00,2026-09-19T03:00:00+08:00,11.032,False,True,False
V4_SHADOW,2914406,2026-09-18,爱超,波希米亚人 vs 德罗赫达联,波希米亚人,giving,-1.25,0.89,N,,0,,,D:\codex\v3_legacy\outputs\football_odds_trader\raw\titan007\20260918\20260918_155806_titan007_odds_snapshot.csv,NOT_FINAL_STATE_0,21213fb24b06c824124c,RUN_20260918_155805,v4-market-dirichlet-20260913,2026-09-18T15:58:06+08:00,2026-09-18T15:58:06+08:00,2026-09-19T03:00:00+08:00,11.032,False,True,False
V4_SHADOW,2914409,2026-09-18,爱超,沙姆洛克流浪 vs 沃特福德联队,沙姆洛克流浪,giving,-1.0,0.86,N,,0,,,D:\codex\v3_legacy\outputs\football_odds_trader\raw\titan007\20260918\20260918_155806_titan007_odds_snapshot.csv,NOT_FINAL_STATE_0,73ad432d4c1ff18d769b,RUN_20260918_155805,v4-market-dirichlet-20260913,2026-09-18T15:58:06+08:00,2026-09-18T15:58:06+08:00,2026-09-19T03:00:00+08:00,11.032,False,True,False
V4_SHADOW,3074186,2026-09-18,巴拉甲秋,泰里尼登斯 vs 亚松森瓜拉尼,亚松森瓜拉尼,receiving,0.25,0.76,N,,0,,,D:\codex\v3_legacy\outputs\football_odds_trader\raw\titan007\20260918\20260918_155806_titan007_odds_snapshot.csv,NOT_FINAL_STATE_0,bb2dacc621ef280fd6df,RUN_20260918_155805,v4-market-dirichlet-20260913,2026-09-18T15:58:06+08:00,2026-09-18T15:58:06+08:00,2026-09-19T03:00:00+08:00,11.032,False,True,False
V4_SHADOW,3025659,2026-09-18,法女甲,巴黎圣日耳曼女足 vs 南特女足,,,,,,,0,,,D:\codex\v3_legacy\outputs\football_odds_trader\raw\titan007\20260918\20260918_155806_titan007_odds_snapshot.csv,NOT_FINAL_STATE_0,a32cd78748646274e6cf,RUN_20260918_155805,v4-market-dirichlet-20260913,2026-09-18T15:58:06+08:00,2026-09-18T15:58:06+08:00,2026-09-19T03:00:00+08:00,11.032,False,False,False
V4_SHADOW,3089843,2026-09-18,北爱女超,克里夫顿维尔女足 vs 里斯本流浪女足,,,,,,,0,,,D:\codex\v3_legacy\outputs\football_odds_trader\raw\titan007\20260918\20260918_155806_titan007_odds_snapshot.csv,NOT_FINAL_STATE_0,03964a6a5dac370daaae,RUN_20260918_155805,v4-market-dirichlet-20260913,2026-09-18T15:58:06+08:00,2026-09-18T15:58:06+08:00,2026-09-19T03:00:00+08:00,11.032,False,False,False
V4_SHADOW,3089844,2026-09-18,北爱女超,克鲁萨德前锋女足 vs 拉恩FC女足,,,,,,,0,,,D:\codex\v3_legacy\outputs\football_odds_trader\raw\titan007\20260918\20260918_155806_titan007_odds_snapshot.csv,NOT_FINAL_STATE_0,d3dfa9031a3dd6efc354,RUN_20260918_155805,v4-market-dirichlet-20260913,2026-09-18T15:58:06+08:00,2026-09-18T15:58:06+08:00,2026-09-19T03:00:00+08:00,11.032,False,False,False
V4_SHADOW,3089838,2026-09-18,直布超,哥连泰1975 vs 布鲁诺斯喜鹊,,,,,,,0,,,D:\codex\v3_legacy\outputs\football_odds_trader\raw\titan007\20260918\20260918_155806_titan007_odds_snapshot.csv,NOT_FINAL_STATE_0,b3f1a6b97ca28d39be8f,RUN_20260918_155805,v4-market-dirichlet-20260913,2026-09-18T15:58:06+08:00,2026-09-18T15:58:06+08:00,2026-09-19T03:00:00+08:00,11.032,False,False,False
V4_SHADOW,3092061,2026-09-18,巴拉丙,克莱西亚莱斯竞技 vs 林皮奥人体育,,,,,,,0,,,D:\codex\v3_legacy\outputs\football_odds_trader\raw\titan007\20260918\20260918_155806_titan007_odds_snapshot.csv,NOT_FINAL_STATE_0,67e6fe6c25cf8758b7e2,RUN_20260918_155805,v4-market-dirichlet-20260913,2026-09-18T15:58:06+08:00,2026-09-18T15:58:06+08:00,2026-09-19T03:00:00+08:00,11.032,False,False,False
V4_SHADOW,3059957,2026-09-18,圣马甲,利伯达斯 vs 费坦奴,,,,,,,0,,,D:\codex\v3_legacy\outputs\football_odds_trader\raw\titan007\20260918\20260918_155806_titan007_odds_snapshot.csv,NOT_FINAL_STATE_0,7323a13e99bc52ee71d1,RUN_20260918_155805,v4-market-dirichlet-20260913,2026-09-18T15:58:06+08:00,2026-09-18T15:58:06+08:00,2026-09-19T03:15:00+08:00,11.282,False,False,False
V4_SHADOW,3059958,2026-09-18,圣马甲,梅拿达 vs SP科莫斯,,,,,,,0,,,D:\codex\v3_legacy\outputs\football_odds_trader\raw\titan007\20260918\20260918_155806_titan007_odds_snapshot.csv,NOT_FINAL_STATE_0,945135cd527a380fd6e8,RUN_20260918_155805,v4-market-dirichlet-20260913,2026-09-18T15:58:06+08:00,2026-09-18T15:58:06+08:00,2026-09-19T03:15:00+08:00,11.282,False,False,False
V4_SHADOW,3059959,2026-09-18,圣马甲,特费奥里 vs 维图斯,,,,,,,0,,,D:\codex\v3_legacy\outputs\football_odds_trader\raw\titan007\20260918\20260918_155806_titan007_odds_snapshot.csv,NOT_FINAL_STATE_0,eba474f137f6a768e573,RUN_20260918_155805,v4-market-dirichlet-20260913,2026-09-18T15:58:06+08:00,2026-09-18T15:58:06+08:00,2026-09-19T03:15:00+08:00,11.282,False,False,False
V4_SHADOW,3089847,2026-09-18,葡杯,皇家体育队 vs 科英布拉大学,皇家体育队,receiving,1.0,1.05,C,,0,,,D:\codex\v3_legacy\outputs\football_odds_trader\raw\titan007\20260918\20260918_155806_titan007_odds_snapshot.csv,NOT_FINAL_STATE_0,cee3f0567b7253cee804,RUN_20260918_155805,v4-market-dirichlet-20260913,2026-09-18T15:58:06+08:00,2026-09-18T15:58:06+08:00,2026-09-19T03:30:00+08:00,11.532,False,True,False
V4_SHADOW,3088394,2026-09-18,西室内足,FC巴塞罗那室内足球队 vs 佩尼斯科拉室内足球队,,,,,,,0,,,D:\codex\v3_legacy\outputs\football_odds_trader\raw\titan007\20260918\20260918_155806_titan007_odds_snapshot.csv,NOT_FINAL_STATE_0,2245cb1fcbc34806a3cd,RUN_20260918_155805,v4-market-dirichlet-20260913,2026-09-18T15:58:06+08:00,2026-09-18T15:58:06+08:00,2026-09-19T03:30:00+08:00,11.532,False,False,False
V4_SHADOW,3074452,2026-09-18,巴拉乙,桑坦尼体育会 vs 索尔美洲队,,,,,,,0,,,D:\codex\v3_legacy\outputs\football_odds_trader\raw\titan007\20260918\20260918_155806_titan007_odds_snapshot.csv,NOT_FINAL_STATE_0,dbf3f6494dbc1f744f57,RUN_20260918_155805,v4-market-dirichlet-20260913,2026-09-18T15:58:06+08:00,2026-09-18T15:58:06+08:00,2026-09-19T03:30:00+08:00,11.532,False,False,False
V4_SHADOW,3092141,2026-09-18,墨西丙,瓦哈卡B队 vs 福马AC,,,,,,,0,,,D:\codex\v3_legacy\outputs\football_odds_trader\raw\titan007\20260918\20260918_155806_titan007_odds_snapshot.csv,NOT_FINAL_STATE_0,ac6ef3dc2249f054c48f,RUN_20260918_155805,v4-market-dirichlet-20260913,2026-09-18T15:58:06+08:00,2026-09-18T15:58:06+08:00,2026-09-19T03:30:00+08:00,11.532,False,False,False
V4_SHADOW,3010039,2026-09-18,秘鲁甲秋,阿利亚加 vs 卡哈马卡商业联,阿利亚加,giving,-1.0,1.03,N,,0,,,D:\codex\v3_legacy\outputs\football_odds_trader\raw\titan007\20260918\20260918_155806_titan007_odds_snapshot.csv,NOT_FINAL_STATE_0,a52d55c95ed05e053fea,RUN_20260918_155805,v4-market-dirichlet-20260913,2026-09-18T15:58:06+08:00,2026-09-18T15:58:06+08:00,2026-09-19T04:00:00+08:00,12.032,False,True,False
V4_SHADOW,3056750,2026-09-18,阿尔甲,克莱夫 vs MC奥兰,MC奥兰,receiving,0.25,0.89,N,,0,,,D:\codex\v3_legacy\outputs\football_odds_trader\raw\titan007\20260918\20260918_155806_titan007_odds_snapshot.csv,NOT_FINAL_STATE_0,2f4fe216a69e2cc322b1,RUN_20260918_155805,v4-market-dirichlet-20260913,2026-09-18T15:58:06+08:00,2026-09-18T15:58:06+08:00,2026-09-19T04:00:00+08:00,12.032,False,True,False
V4_SHADOW,3059984,2026-09-18,西丁,马利诺 vs 皇家联合特内里费,,neutral,,,,,0,,,D:\codex\v3_legacy\outputs\football_odds_trader\raw\titan007\20260918\20260918_155806_titan007_odds_snapshot.csv,NOT_FINAL_STATE_0,118df498c21ad12956ae,RUN_20260918_155805,v4-market-dirichlet-20260913,2026-09-18T15:58:06+08:00,2026-09-18T15:58:06+08:00,2026-09-19T04:00:00+08:00,12.032,False,False,False
V4_SHADOW,3092073,2026-09-18,秘鲁丙,亚马逊卡亚俄 vs 华莱联队,,,,,,,0,,,D:\codex\v3_legacy\outputs\football_odds_trader\raw\titan007\20260918\20260918_155806_titan007_odds_snapshot.csv,NOT_FINAL_STATE_0,ebd764d42a61e4eaf658,RUN_20260918_155805,v4-market-dirichlet-20260913,2026-09-18T15:58:06+08:00,2026-09-18T15:58:06+08:00,2026-09-19T04:30:00+08:00,12.532,False,False,False
V4_SHADOW,2962641,2026-09-18,阿甲,科尔多瓦中央SDE vs 防卫者,,,,,,,0,,,D:\codex\v3_legacy\outputs\football_odds_trader\raw\titan007\20260918\20260918_155806_titan007_odds_snapshot.csv,NOT_FINAL_STATE_0,51275a0935d73f8ebcba,RUN_20260918_155805,v4-market-dirichlet-20260913,2026-09-18T15:58:06+08:00,2026-09-18T15:58:06+08:00,2026-09-19T05:00:00+08:00,13.032,False,False,False
V4_SHADOW,3011857,2026-09-18,哥伦甲秋,阿古拉斯多拉达斯 vs 佩雷拉,佩雷拉,receiving,1.25,0.94,N,,0,,,D:\codex\v3_legacy\outputs\football_odds_trader\raw\titan007\20260918\20260918_155806_titan007_odds_snapshot.csv,NOT_FINAL_STATE_0,8be3c1d160c27cf55253,RUN_20260918_155805,v4-market-dirichlet-20260913,2026-09-18T15:58:06+08:00,2026-09-18T15:58:06+08:00,2026-09-19T05:00:00+08:00,13.032,False,True,False
V4_SHADOW,3083888,2026-09-18,洪都甲春,帕兰德森 vs 洛沃斯墨,,,,,,,0,,,D:\codex\v3_legacy\outputs\football_odds_trader\raw\titan007\20260918\20260918_155806_titan007_odds_snapshot.csv,NOT_FINAL_STATE_0,69f5953cf24975f0bb85,RUN_20260918_155805,v4-market-dirichlet-20260913,2026-09-18T15:58:06+08:00,2026-09-18T15:58:06+08:00,2026-09-19T05:00:00+08:00,13.032,False,False,False
V4_SHADOW,3090889,2026-09-18,哥斯乙,肯梅利塔 vs 科罗纳多,,,,,,,0,,,D:\codex\v3_legacy\outputs\football_odds_trader\raw\titan007\20260918\20260918_155806_titan007_odds_snapshot.csv,NOT_FINAL_STATE_0,89707fbb09fa06f0ef2b,RUN_20260918_155805,v4-market-dirichlet-20260913,2026-09-18T15:58:06+08:00,2026-09-18T15:58:06+08:00,2026-09-19T05:00:00+08:00,13.032,False,False,False
V4_SHADOW,3092043,2026-09-18,巴马女甲,特维科克尔女足 vs SD国民竞技女足,,,,,,,0,,,D:\codex\v3_legacy\outputs\football_odds_trader\raw\titan007\20260918\20260918_155806_titan007_odds_snapshot.csv,NOT_FINAL_STATE_0,6b53b0761d8b00d72da9,RUN_20260918_155805,v4-market-dirichlet-20260913,2026-09-18T15:58:06+08:00,2026-09-18T15:58:06+08:00,2026-09-19T05:00:00+08:00,13.032,False,False,False
V4_SHADOW,3074183,2026-09-18,巴拉甲秋,巴拉圭国民 vs 五月二日体育会,五月二日体育会,receiving,0.75,0.79,N,,0,,,D:\codex\v3_legacy\outputs\football_odds_trader\raw\titan007\20260918\20260918_155806_titan007_odds_snapshot.csv,NOT_FINAL_STATE_0,f08c4cee2754d9c84693,RUN_20260918_155805,v4-market-dirichlet-20260913,2026-09-18T15:58:06+08:00,2026-09-18T15:58:06+08:00,2026-09-19T05:30:00+08:00,13.532,False,True,False
V4_SHADOW,2935279,2026-09-18,阿丙曼特,康巴塞雷斯 vs 乌尔奎萨,,,,,,,0,,,D:\codex\v3_legacy\outputs\football_odds_trader\raw\titan007\20260918\20260918_155806_titan007_odds_snapshot.csv,NOT_FINAL_STATE_0,71b0dde63365fe4a7013,RUN_20260918_155805,v4-market-dirichlet-20260913,2026-09-18T15:58:06+08:00,2026-09-18T15:58:06+08:00,2026-09-19T05:30:00+08:00,13.532,False,False,False
V4_SHADOW,3074453,2026-09-18,巴拉乙,十一月三日队 vs 瓜伊利纳,瓜伊利纳,receiving,0.25,0.76,N,,0,,,D:\codex\v3_legacy\outputs\football_odds_trader\raw\titan007\20260918\20260918_155806_titan007_odds_snapshot.csv,NOT_FINAL_STATE_0,f4269fe4eb2e1a787608,RUN_20260918_155805,v4-market-dirichlet-20260913,2026-09-18T15:58:06+08:00,2026-09-18T15:58:06+08:00,2026-09-19T06:00:00+08:00,14.032,False,True,False
V4_SHADOW,3092137,2026-09-18,墨西丙,勒丘扎斯 vs 查普利B队,,,,,,,0,,,D:\codex\v3_legacy\outputs\football_odds_trader\raw\titan007\20260918\20260918_155806_titan007_odds_snapshot.csv,NOT_FINAL_STATE_0,4dee900db52595a6beb7,RUN_20260918_155805,v4-market-dirichlet-20260913,2026-09-18T15:58:06+08:00,2026-09-18T15:58:06+08:00,2026-09-19T06:00:00+08:00,14.032,False,False,False
V4_SHADOW,3092142,2026-09-18,墨西丙,阿特萨诺斯梅特II vs 阿约洛特斯勒玛FC,,,,,,,0,,,D:\codex\v3_legacy\outputs\football_odds_trader\raw\titan007\20260918\20260918_155806_titan007_odds_snapshot.csv,NOT_FINAL_STATE_0,2c0592568eeed88bff98,RUN_20260918_155805,v4-market-dirichlet-20260913,2026-09-18T15:58:06+08:00,2026-09-18T15:58:06+08:00,2026-09-19T06:00:00+08:00,14.032,False,False,False
V4_SHADOW,2940194,2026-09-18,巴西乙,维拉诺瓦 vs 米内罗美洲,米内罗美洲,receiving,1.0,1.08,C,,0,,,D:\codex\v3_legacy\outputs\football_odds_trader\raw\titan007\20260918\20260918_155806_titan007_odds_snapshot.csv,NOT_FINAL_STATE_0,81f6e91d7d60d1afc5c0,RUN_20260918_155805,v4-market-dirichlet-20260913,2026-09-18T15:58:06+08:00,2026-09-18T15:58:06+08:00,2026-09-19T06:30:00+08:00,14.532,False,True,False
V4_SHADOW,3059143,2026-09-18,玻利甲,石油独立 vs 圣安东尼奥布鲁布鲁,圣安东尼奥布鲁布鲁,receiving,0.75,0.89,N,,0,,,D:\codex\v3_legacy\outputs\football_odds_trader\raw\titan007\20260918\20260918_155806_titan007_odds_snapshot.csv,NOT_FINAL_STATE_0,7ae3031c749bd5df5b9b,RUN_20260918_155805,v4-market-dirichlet-20260913,2026-09-18T15:58:06+08:00,2026-09-18T15:58:06+08:00,2026-09-19T07:00:00+08:00,15.032,False,True,False
V4_SHADOW,3092037,2026-09-18,美女超,DC电力女足 vs 坦帕湾太阳女足,,,,,,,0,,,D:\codex\v3_legacy\outputs\football_odds_trader\raw\titan007\20260918\20260918_155806_titan007_odds_snapshot.csv,NOT_FINAL_STATE_0,2c6172c1c74266b57830,RUN_20260918_155805,v4-market-dirichlet-20260913,2026-09-18T15:58:06+08:00,2026-09-18T15:58:06+08:00,2026-09-19T07:00:00+08:00,15.032,False,False,False
V4_SHADOW,3092145,2026-09-18,墨西丙,塞拉亚B队 vs 伊拉普阿托B队,,,,,,,0,,,D:\codex\v3_legacy\outputs\football_odds_trader\raw\titan007\20260918\20260918_155806_titan007_odds_snapshot.csv,NOT_FINAL_STATE_0,fcaf30f7a360e6d665db,RUN_20260918_155805,v4-market-dirichlet-20260913,2026-09-18T15:58:06+08:00,2026-09-18T15:58:06+08:00,2026-09-19T07:00:00+08:00,15.032,False,False,False
V4_SHADOW,3092028,2026-09-18,巴马全联,陶罗后备队 vs CD阿拉比后备队,,,,,,,0,,,D:\codex\v3_legacy\outputs\football_odds_trader\raw\titan007\20260918\20260918_155806_titan007_odds_snapshot.csv,NOT_FINAL_STATE_0,a90ec0ae63bf73daf35d,RUN_20260918_155805,v4-market-dirichlet-20260913,2026-09-18T15:58:06+08:00,2026-09-18T15:58:06+08:00,2026-09-19T07:00:00+08:00,15.032,False,False,False
V4_SHADOW,3012199,2026-09-18,哥伦乙秋,帕特里奥坦斯 vs 马达莱纳联,马达莱纳联,receiving,0.25,0.95,N,,0,,,D:\codex\v3_legacy\outputs\football_odds_trader\raw\titan007\20260918\20260918_155806_titan007_odds_snapshot.csv,NOT_FINAL_STATE_0,808ccfe2a7e0fb566ef3,RUN_20260918_155805,v4-market-dirichlet-20260913,2026-09-18T15:58:06+08:00,2026-09-18T15:58:06+08:00,2026-09-19T07:05:00+08:00,15.115,False,True,False
V4_SHADOW,2908788,2026-09-18,美职业,纽约城 vs 纽约红牛,纽约红牛,receiving,0.75,0.86,N,,0,,,D:\codex\v3_legacy\outputs\football_odds_trader\raw\titan007\20260918\20260918_155806_titan007_odds_snapshot.csv,NOT_FINAL_STATE_0,2dfaa690bd103b65a4be,RUN_20260918_155805,v4-market-dirichlet-20260913,2026-09-18T15:58:06+08:00,2026-09-18T15:58:06+08:00,2026-09-19T07:30:00+08:00,15.532,False,True,False
V4_SHADOW,2940186,2026-09-18,巴西乙,塞阿拉 vs 诺瓦里桑蒂诺,诺瓦里桑蒂诺,giving,-0.25,1.07,C,,0,,,D:\codex\v3_legacy\outputs\football_odds_trader\raw\titan007\20260918\20260918_155806_titan007_odds_snapshot.csv,NOT_FINAL_STATE_0,fe6e50e1c2dd1cc4a802,RUN_20260918_155805,v4-market-dirichlet-20260913,2026-09-18T15:58:06+08:00,2026-09-18T15:58:06+08:00,2026-09-19T07:30:00+08:00,15.532,False,True,False
V4_SHADOW,3092074,2026-09-18,美女超,劳德代尔堡女足 vs 达拉斯特瑞尼特女足,,,,,,,0,,,D:\codex\v3_legacy\outputs\football_odds_trader\raw\titan007\20260918\20260918_155806_titan007_odds_snapshot.csv,NOT_FINAL_STATE_0,8c8c7cadd7c5380b2415,RUN_20260918_155805,v4-market-dirichlet-20260913,2026-09-18T15:58:06+08:00,2026-09-18T15:58:06+08:00,2026-09-19T07:30:00+08:00,15.532,False,False,False
V4_SHADOW,3092048,2026-09-18,巴拉后备,巴拉圭国民后备队 vs 马约后备队,,,,,,,0,,,D:\codex\v3_legacy\outputs\football_odds_trader\raw\titan007\20260918\20260918_155806_titan007_odds_snapshot.csv,NOT_FINAL_STATE_0,6ad0dfb0d3108747374c,RUN_20260918_155805,v4-market-dirichlet-20260913,2026-09-18T15:58:06+08:00,2026-09-18T15:58:06+08:00,2026-09-19T07:45:00+08:00,15.782,False,False,False
V4_SHADOW,2940192,2026-09-18,巴西乙,圣贝纳多 vs 戈亚尼亚竞技,,,,,,,0,,,D:\codex\v3_legacy\outputs\football_odds_trader\raw\titan007\20260918\20260918_155806_titan007_odds_snapshot.csv,NOT_FINAL_STATE_0,da52b67cea3d039db646,RUN_20260918_155805,v4-market-dirichlet-20260913,2026-09-18T15:58:06+08:00,2026-09-18T15:58:06+08:00,2026-09-19T08:00:00+08:00,16.032,False,False,False
V4_SHADOW,3041913,2026-09-18,萨尔超春,印加阿鲁巴 vs 旧金山富尔特,,,,,,,0,,,D:\codex\v3_legacy\outputs\football_odds_trader\raw\titan007\20260918\20260918_155806_titan007_odds_snapshot.csv,NOT_FINAL_STATE_0,4eb48aa02a18fc28a06f,RUN_20260918_155805,v4-market-dirichlet-20260913,2026-09-18T15:58:06+08:00,2026-09-18T15:58:06+08:00,2026-09-19T08:00:00+08:00,16.032,False,False,False
V4_SHADOW,3089885,2026-09-18,墨西乙A,圣地亚哥足球俱乐部 vs 萨尔蒂洛,,,,,,,0,,,D:\codex\v3_legacy\outputs\football_odds_trader\raw\titan007\20260918\20260918_155806_titan007_odds_snapshot.csv,NOT_FINAL_STATE_0,f77f19c8576823bf13cd,RUN_20260918_155805,v4-market-dirichlet-20260913,2026-09-18T15:58:06+08:00,2026-09-18T15:58:06+08:00,2026-09-19T08:00:00+08:00,16.032,False,False,False
V4_SHADOW,3089887,2026-09-18,墨西乙A,扎奇FC vs 弗雷斯尼洛,,,,,,,0,,,D:\codex\v3_legacy\outputs\football_odds_trader\raw\titan007\20260918\20260918_155806_titan007_odds_snapshot.csv,NOT_FINAL_STATE_0,1c9c97bd4015eb03de4f,RUN_20260918_155805,v4-market-dirichlet-20260913,2026-09-18T15:58:06+08:00,2026-09-18T15:58:06+08:00,2026-09-19T08:00:00+08:00,16.032,False,False,False
V4_SHADOW,3090910,2026-09-18,阿根业余锦,安托尼亚那青年 vs 西波列蒂,,,,,,,0,,,D:\codex\v3_legacy\outputs\football_odds_trader\raw\titan007\20260918\20260918_155806_titan007_odds_snapshot.csv,NOT_FINAL_STATE_0,2de3d52572f4ce03b31b,RUN_20260918_155805,v4-market-dirichlet-20260913,2026-09-18T15:58:06+08:00,2026-09-18T15:58:06+08:00,2026-09-19T08:00:00+08:00,16.032,False,False,False
V4_SHADOW,2962647,2026-09-18,阿甲,竞技俱乐部 vs 萨尔米安杜,萨尔米安杜,receiving,0.75,0.92,N,,0,,,D:\codex\v3_legacy\outputs\football_odds_trader\raw\titan007\20260918\20260918_155806_titan007_odds_snapshot.csv,NOT_FINAL_STATE_0,4265c2d487a0b94d2b09,RUN_20260918_155805,v4-market-dirichlet-20260913,2026-09-18T15:58:06+08:00,2026-09-18T15:58:06+08:00,2026-09-19T08:15:00+08:00,16.282,False,True,False
V4_SHADOW,3091874,2026-09-18,厄瓜甲冠,奥卡斯 vs 马卡拉,马卡拉,receiving,0.5,0.84,N,,0,,,D:\codex\v3_legacy\outputs\football_odds_trader\raw\titan007\20260918\20260918_155806_titan007_odds_snapshot.csv,NOT_FINAL_STATE_0,971aed6aea26a132ed8e,RUN_20260918_155805,v4-market-dirichlet-20260913,2026-09-18T15:58:06+08:00,2026-09-18T15:58:06+08:00,2026-09-19T08:30:00+08:00,16.532,False,True,False
V4_SHADOW,3010036,2026-09-18,秘鲁甲秋,利马联盟 vs AD塔尔玛,,neutral,,,,,0,,,D:\codex\v3_legacy\outputs\football_odds_trader\raw\titan007\20260918\20260918_155806_titan007_odds_snapshot.csv,NOT_FINAL_STATE_0,96d19c4fd43513f0fddd,RUN_20260918_155805,v4-market-dirichlet-20260913,2026-09-18T15:58:06+08:00,2026-09-18T15:58:06+08:00,2026-09-19T09:00:00+08:00,17.032,False,False,False
V4_SHADOW,2997411,2026-09-18,墨西联秋,普埃布拉 vs 亚特兰特,亚特兰特,receiving,0.25,0.9,N,,0,,,D:\codex\v3_legacy\outputs\football_odds_trader\raw\titan007\20260918\20260918_155806_titan007_odds_snapshot.csv,NOT_FINAL_STATE_0,bcc07b2b3c38e89f43cc,RUN_20260918_155805,v4-market-dirichlet-20260913,2026-09-18T15:58:06+08:00,2026-09-18T15:58:06+08:00,2026-09-19T09:00:00+08:00,17.032,False,True,False
V4_SHADOW,3089888,2026-09-18,球会友谊,西斯普林斯 vs 克赖斯特彻奇联,,,,,,,0,,,D:\codex\v3_legacy\outputs\football_odds_trader\raw\titan007\20260918\20260918_155806_titan007_odds_snapshot.csv,NOT_FINAL_STATE_0,cb7dc52e13ce95cab469,RUN_20260918_155805,v4-market-dirichlet-20260913,2026-09-18T15:58:06+08:00,2026-09-18T15:58:06+08:00,2026-09-19T09:00:00+08:00,17.032,False,False,False
V4_SHADOW,3024455,2026-09-18,墨西甲春,皮拉塔斯 vs FC美利达,皮拉塔斯,giving,-1.0,0.96,N,,0,,,D:\codex\v3_legacy\outputs\football_odds_trader\raw\titan007\20260918\20260918_155806_titan007_odds_snapshot.csv,NOT_FINAL_STATE_0,66c32f2e2ee4fabc9680,RUN_20260918_155805,v4-market-dirichlet-20260913,2026-09-18T15:58:06+08:00,2026-09-18T15:58:06+08:00,2026-09-19T09:00:00+08:00,17.032,False,True,False
V4_SHADOW,3024456,2026-09-18,墨西甲春,帕蒂特兰德莫雷洛斯 vs 扎卡特卡斯,扎卡特卡斯,giving,-0.5,0.99,N,,0,,,D:\codex\v3_legacy\outputs\football_odds_trader\raw\titan007\20260918\20260918_155806_titan007_odds_snapshot.csv,NOT_FINAL_STATE_0,09c060be6c0e3972f1a1,RUN_20260918_155805,v4-market-dirichlet-20260913,2026-09-18T15:58:06+08:00,2026-09-18T15:58:06+08:00,2026-09-19T09:00:00+08:00,17.032,False,True,False
V4_SHADOW,3089886,2026-09-18,墨西乙A,太平洋战士 vs 阿坎巴罗,,,,,,,0,,,D:\codex\v3_legacy\outputs\football_odds_trader\raw\titan007\20260918\20260918_155806_titan007_odds_snapshot.csv,NOT_FINAL_STATE_0,4ca196fd5a2ea8afc443,RUN_20260918_155805,v4-market-dirichlet-20260913,2026-09-18T15:58:06+08:00,2026-09-18T15:58:06+08:00,2026-09-19T09:00:00+08:00,17.032,False,False,False
V4_SHADOW,3083889,2026-09-18,洪都甲春,乔洛马 vs 罗查星队,,,,,,,0,,,D:\codex\v3_legacy\outputs\football_odds_trader\raw\titan007\20260918\20260918_155806_titan007_odds_snapshot.csv,NOT_FINAL_STATE_0,bd2bc85e75e99c171fb9,RUN_20260918_155805,v4-market-dirichlet-20260913,2026-09-18T15:58:06+08:00,2026-09-18T15:58:06+08:00,2026-09-19T09:30:00+08:00,17.532,False,False,False
V4_SHADOW,3036195,2026-09-18,巴马甲秋,FC旧金山 vs CD阿拉比,,,,,,,0,,,D:\codex\v3_legacy\outputs\football_odds_trader\raw\titan007\20260918\20260918_155806_titan007_odds_snapshot.csv,NOT_FINAL_STATE_0,9b01fc1f4a90adab1d28,RUN_20260918_155805,v4-market-dirichlet-20260913,2026-09-18T15:58:06+08:00,2026-09-18T15:58:06+08:00,2026-09-19T09:30:00+08:00,17.532,False,False,False
V4_SHADOW,3092051,2026-09-18,中青U13,嘉定搏击U13 vs 重庆八中宏帆U13,,,,,,,0,,,D:\codex\v3_legacy\outputs\football_odds_trader\raw\titan007\20260918\20260918_155806_titan007_odds_snapshot.csv,NOT_FINAL_STATE_0,c7c1cc806a36d0114123,RUN_20260918_155805,v4-market-dirichlet-20260913,2026-09-18T15:58:06+08:00,2026-09-18T15:58:06+08:00,2026-09-19T09:30:00+08:00,17.532,False,False,False
V4_SHADOW,3092054,2026-09-18,中青U13,海港杨浦U13 vs 衢州信安U13,,,,,,,0,,,D:\codex\v3_legacy\outputs\football_odds_trader\raw\titan007\20260918\20260918_155806_titan007_odds_snapshot.csv,NOT_FINAL_STATE_0,472dcc8e222875a1f7d1,RUN_20260918_155805,v4-market-dirichlet-20260913,2026-09-18T15:58:06+08:00,2026-09-18T15:58:06+08:00,2026-09-19T09:30:00+08:00,17.532,False,False,False
V4_SHADOW,3092055,2026-09-18,中青U13,山东泰山U13 vs 大连嗨球少年U13,,,,,,,0,,,D:\codex\v3_legacy\outputs\football_odds_trader\raw\titan007\20260918\20260918_155806_titan007_odds_snapshot.csv,NOT_FINAL_STATE_0,e3f9b0881ce9b7253871,RUN_20260918_155805,v4-market-dirichlet-20260913,2026-09-18T15:58:06+08:00,2026-09-18T15:58:06+08:00,2026-09-19T09:30:00+08:00,17.532,False,False,False
V4_SHADOW,3092058,2026-09-18,中青U13,长沙一中新华都U13 vs 欧亚实验中学U13,,,,,,,0,,,D:\codex\v3_legacy\outputs\football_odds_trader\raw\titan007\20260918\20260918_155806_titan007_odds_snapshot.csv,NOT_FINAL_STATE_0,df00f7dd60d5a1b9bca9,RUN_20260918_155805,v4-market-dirichlet-20260913,2026-09-18T15:58:06+08:00,2026-09-18T15:58:06+08:00,2026-09-19T09:30:00+08:00,17.532,False,False,False
V4_SHADOW,3092138,2026-09-18,墨西丙,皇家圣科斯梅 vs 克雷卡米诺斯III,,,,,,,0,,,D:\codex\v3_legacy\outputs\football_odds_trader\raw\titan007\20260918\20260918_155806_titan007_odds_snapshot.csv,NOT_FINAL_STATE_0,a3a6fdb3cdeb40526c34,RUN_20260918_155805,v4-market-dirichlet-20260913,2026-09-18T15:58:06+08:00,2026-09-18T15:58:06+08:00,2026-09-19T09:45:00+08:00,17.782,False,False,False
V4_SHADOW,3042565,2026-09-18,哥斯甲春,泽伦顿 vs 圣何塞体育,泽伦顿,receiving,0.25,1.09,C,,0,,,D:\codex\v3_legacy\outputs\football_odds_trader\raw\titan007\20260918\20260918_155806_titan007_odds_snapshot.csv,NOT_FINAL_STATE_0,cc0bbccf94efa88e04c4,RUN_20260918_155805,v4-market-dirichlet-20260913,2026-09-18T15:58:06+08:00,2026-09-18T15:58:06+08:00,2026-09-19T10:00:00+08:00,18.032,False,True,False
V4_SHADOW,3011287,2026-09-18,危地甲春,齐奥内斯交流会 vs 瓜斯塔托亚,齐奥内斯交流会,giving,-0.75,0.97,N,,0,,,D:\codex\v3_legacy\outputs\football_odds_trader\raw\titan007\20260918\20260918_155806_titan007_odds_snapshot.csv,NOT_FINAL_STATE_0,3c1421d868ad5329097c,RUN_20260918_155805,v4-market-dirichlet-20260913,2026-09-18T15:58:06+08:00,2026-09-18T15:58:06+08:00,2026-09-19T10:00:00+08:00,18.032,False,True,False
V4_SHADOW,2957049,2026-09-18,美女职,圣地亚哥波浪女足 vs 堪萨斯城NWSL女足,堪萨斯城NWSL女足,receiving,0.25,0.86,N,,0,,,D:\codex\v3_legacy\outputs\football_odds_trader\raw\titan007\20260918\20260918_155806_titan007_odds_snapshot.csv,NOT_FINAL_STATE_0,a8cff89f426c08bf01f4,RUN_20260918_155805,v4-market-dirichlet-20260913,2026-09-18T15:58:06+08:00,2026-09-18T15:58:06+08:00,2026-09-19T10:00:00+08:00,18.032,False,True,False
V4_SHADOW,3091978,2026-09-18,澳维亚,阿尔戈海湾 vs 艾圣顿罗亚尔,,,,,,,0,,,D:\codex\v3_legacy\outputs\football_odds_trader\raw\titan007\20260918\20260918_155806_titan007_odds_snapshot.csv,NOT_FINAL_STATE_0,6adc9082c8737ad2c75e,RUN_20260918_155805,v4-market-dirichlet-20260913,2026-09-18T15:58:06+08:00,2026-09-18T15:58:06+08:00,2026-09-19T10:00:00+08:00,18.032,False,False,False
V4_SHADOW,3092139,2026-09-18,墨西丙,科尔多瓦骑士 vs 蒙大拿足球俱乐部B队,,,,,,,0,,,D:\codex\v3_legacy\outputs\football_odds_trader\raw\titan007\20260918\20260918_155806_titan007_odds_snapshot.csv,NOT_FINAL_STATE_0,e11ee47c507920713280,RUN_20260918_155805,v4-market-dirichlet-20260913,2026-09-18T15:58:06+08:00,2026-09-18T15:58:06+08:00,2026-09-19T10:00:00+08:00,18.032,False,False,False
V4_SHADOW,3092029,2026-09-18,哥斯女甲,自摩拉维亚女足 vs 阿拉朱埃伦塞女足,,,,,,1-2,-1,,,D:\codex\v3_legacy\outputs\football_odds_trader\raw\titan007\20260918\20260918_155806_titan007_odds_snapshot.csv,MISSING_V4_SIDE_LINE_WATER_OR_TEAM,42a19c7fa304da5c3da9,RUN_20260918_074935,v4-market-dirichlet-20260913,2026-09-18T07:49:35+08:00,2026-09-18T07:49:35+08:00,2026-09-18T10:30:00+08:00,2.674,False,False,False
V4_SHADOW,3085193,2026-09-18,中美俱杯,CD奥林匹亚 vs 路斯天使,路斯天使,receiving,1.25,0.95,N,3-0,-1,L,-1.0,D:\codex\v3_legacy\outputs\football_odds_trader\raw\titan007\20260918\20260918_155806_titan007_odds_snapshot.csv,SETTLED,895caf8feceea6ff523e,RUN_20260918_074935,v4-market-dirichlet-20260913,2026-09-18T07:49:35+08:00,2026-09-18T07:49:35+08:00,2026-09-18T11:15:00+08:00,3.424,False,True,False
V4_SHADOW,3000081,2026-09-18,日职乙,八户云罗里 vs 宫崎棒牛鸟,八户云罗里,receiving,0.25,1.11,C,0-3,-1,L,-1.0,D:\codex\v3_legacy\outputs\football_odds_trader\raw\titan007\20260918\20260918_155806_titan007_odds_snapshot.csv,SETTLED,b0d0c794b60a9a3009ad,RUN_20260918_074935,v4-market-dirichlet-20260913,2026-09-18T07:49:35+08:00,2026-09-18T07:49:35+08:00,2026-09-18T12:00:00+08:00,4.174,False,True,False
V4_SHADOW,3091981,2026-09-18,印班超,斯图拉德 vs 孟加拉鲁联合会,,,,,,0-5,-1,,,D:\codex\v3_legacy\outputs\football_odds_trader\raw\titan007\20260918\20260918_155806_titan007_odds_snapshot.csv,MISSING_V4_SIDE_LINE_WATER_OR_TEAM,1c8ea21fa3101e598cbf,RUN_20260918_074935,v4-market-dirichlet-20260913,2026-09-18T07:49:35+08:00,2026-09-18T07:49:35+08:00,2026-09-18T13:30:00+08:00,5.674,False,False,False
V4_SHADOW,3089840,2026-09-18,马来A1联,马来西亚大学 vs 雪兰莪U23,,,,,,,,,,D:\codex\v3_legacy\outputs\football_odds_trader\raw\titan007\20260918\20260918_155806_titan007_odds_snapshot.csv,NOT_FINAL_STATE_UNKNOWN,6ac4d47e74950cd4bbcc,RUN_20260918_155805,v4-market-dirichlet-20260913,2026-09-18T15:58:06+08:00,2026-09-18T15:58:06+08:00,2026-09-18T16:45:00+08:00,0.782,False,False,False
V4_SHADOW,3074621,2026-09-18,以乙北,贝特谢安 vs 拿撒勒伊里特夏普尔,,,,,,,,,,D:\codex\v3_legacy\outputs\football_odds_trader\raw\titan007\20260918\20260918_155806_titan007_odds_snapshot.csv,NOT_FINAL_STATE_UNKNOWN,588df787f4494ae543a4,RUN_20260918_155805,v4-market-dirichlet-20260913,2026-09-18T15:58:06+08:00,2026-09-18T15:58:06+08:00,2026-09-18T19:30:00+08:00,3.532,False,False,False
V4_SHADOW,3023012,2026-09-18,摩尔乙,亚洛维尼 vs 弗洛雷斯蒂,,,,,,,,,,D:\codex\v3_legacy\outputs\football_odds_trader\raw\titan007\20260918\20260918_155806_titan007_odds_snapshot.csv,NOT_FINAL_STATE_UNKNOWN,4e398dd24a7a1651dc75,RUN_20260918_155805,v4-market-dirichlet-20260913,2026-09-18T15:58:06+08:00,2026-09-18T15:58:06+08:00,2026-09-18T22:00:00+08:00,6.032,False,False,False
V4_SHADOW,3089650,2026-09-18,非青杯外,科摩罗U20 vs 博茨瓦纳U20,,,,,,,,,,D:\codex\v3_legacy\outputs\football_odds_trader\raw\titan007\20260918\20260918_155806_titan007_odds_snapshot.csv,NOT_FINAL_STATE_UNKNOWN,b435813eef2fd92cc838,RUN_20260918_155805,v4-market-dirichlet-20260913,2026-09-18T15:58:06+08:00,2026-09-18T15:58:06+08:00,2026-09-19T00:00:00+08:00,8.032,False,False,False
V4_SHADOW,3073280,2026-09-18,墨西乙,阿里卡老虎队 vs 乌尔姆岛,,,,,,,,,,D:\codex\v3_legacy\outputs\football_odds_trader\raw\titan007\20260918\20260918_155806_titan007_odds_snapshot.csv,NOT_FINAL_STATE_UNKNOWN,1104fc339ca4c01ca854,RUN_20260918_155805,v4-market-dirichlet-20260913,2026-09-18T15:58:06+08:00,2026-09-18T15:58:06+08:00,2026-09-19T08:30:00+08:00,16.532,False,False,False
