version,match_id,list_date,competition,match,selected_team,selected_side,line,water,grade,score,result_state,result,pnl_1u,result_source,settlement_status,decision_id,run_id,model_id,quote_at,last_confirmed_at,kickoff_at,hours_from_last_refresh_to_kickoff,is_morning_baseline,is_latest_valid_prematch,real_money
V4_SHADOW,3096128,2026-09-28,印西隆联,莱特基隆 vs 马尔基SC,,,,,,2-2,-1,,,D:\codex\v3_legacy\outputs\football_odds_trader\raw\titan007\20260929\20260929_074002_titan007_odds_snapshot.csv,MISSING_V4_SIDE_LINE_WATER_OR_TEAM,929153c2e00333927092,RUN_20260928_080531,v4-market-dirichlet-20260913,2026-09-28T08:04:51+08:00,2026-09-28T08:04:51+08:00,2026-09-28T14:45:00+08:00,6.669,False,False,False
V4_SHADOW,3096118,2026-09-28,印班超,阿格尼普拉 vs 帕里克玛,,,,,,2-0,-1,,,D:\codex\v3_legacy\outputs\football_odds_trader\raw\titan007\20260929\20260929_074002_titan007_odds_snapshot.csv,MISSING_V4_SIDE_LINE_WATER_OR_TEAM,ca5d37bdb4cbea8a78e6,RUN_20260928_154337,v4-market-dirichlet-20260913,2026-09-28T15:33:00+08:00,2026-09-28T15:33:00+08:00,2026-09-28T16:00:00+08:00,0.45,False,False,False
V4_SHADOW,3095420,2026-09-28,国际友谊,保加利亚U17 vs 爱沙尼亚U17,,,,,,1-1,-1,,,D:\codex\v3_legacy\outputs\football_odds_trader\raw\titan007\20260929\20260929_074002_titan007_odds_snapshot.csv,MISSING_V4_SIDE_LINE_WATER_OR_TEAM,db380a205fbd9d610c0a,RUN_20260928_154337,v4-market-dirichlet-20260913,2026-09-28T15:33:00+08:00,2026-09-28T15:33:00+08:00,2026-09-28T16:00:00+08:00,0.45,False,False,False
V4_SHADOW,3096129,2026-09-28,印孟超,查科FC vs KSA青年,,,,,,2-2,-1,,,D:\codex\v3_legacy\outputs\football_odds_trader\raw\titan007\20260929\20260929_074002_titan007_odds_snapshot.csv,MISSING_V4_SIDE_LINE_WATER_OR_TEAM,55f59b253467ba67f08b,RUN_20260928_154337,v4-market-dirichlet-20260913,2026-09-28T15:33:00+08:00,2026-09-28T15:33:00+08:00,2026-09-28T16:00:00+08:00,0.45,False,False,False
V4_SHADOW,3094363,2026-09-28,不丹廷联,坦桑FC vs RTC,,neutral,,,,1-5,-1,,,D:\codex\v3_legacy\outputs\football_odds_trader\raw\titan007\20260929\20260929_074002_titan007_odds_snapshot.csv,MISSING_V4_SIDE_LINE_WATER_OR_TEAM,32495cf4ced67c3ff88c,RUN_20260928_154337,v4-market-dirichlet-20260913,2026-09-28T15:33:00+08:00,2026-09-28T15:33:00+08:00,2026-09-28T17:00:00+08:00,1.45,False,False,False
V4_SHADOW,3094365,2026-09-28,国际友谊,德国U17 vs 委内瑞拉U16,,,,,,2-1,-1,,,D:\codex\v3_legacy\outputs\football_odds_trader\raw\titan007\20260929\20260929_074002_titan007_odds_snapshot.csv,MISSING_V4_SIDE_LINE_WATER_OR_TEAM,accbe084ed03b3a92346,RUN_20260928_154337,v4-market-dirichlet-20260913,2026-09-28T15:33:00+08:00,2026-09-28T15:33:00+08:00,2026-09-28T17:00:00+08:00,1.45,False,False,False
V4_SHADOW,3094366,2026-09-28,国际友谊,德国U16 vs 波兰U16,,,,,,4-1,-1,,,D:\codex\v3_legacy\outputs\football_odds_trader\raw\titan007\20260929\20260929_074002_titan007_odds_snapshot.csv,MISSING_V4_SIDE_LINE_WATER_OR_TEAM,5a003b999f2403a84823,RUN_20260928_154337,v4-market-dirichlet-20260913,2026-09-28T15:33:00+08:00,2026-09-28T15:33:00+08:00,2026-09-28T17:00:00+08:00,1.45,False,False,False
V4_SHADOW,3094367,2026-09-28,国际友谊,威尔士U17 vs 北爱尔兰U17,,,,,,2-0,-1,,,D:\codex\v3_legacy\outputs\football_odds_trader\raw\titan007\20260929\20260929_074002_titan007_odds_snapshot.csv,MISSING_V4_SIDE_LINE_WATER_OR_TEAM,16a858fac76feb6e4aed,RUN_20260928_154337,v4-market-dirichlet-20260913,2026-09-28T15:33:00+08:00,2026-09-28T15:33:00+08:00,2026-09-28T17:00:00+08:00,1.45,False,False,False
V4_SHADOW,3094368,2026-09-28,国际友谊,瑞士U17 vs 瑞典U17,,,,,,2-3,-1,,,D:\codex\v3_legacy\outputs\football_odds_trader\raw\titan007\20260929\20260929_074002_titan007_odds_snapshot.csv,MISSING_V4_SIDE_LINE_WATER_OR_TEAM,3c40241f848a0ec0b799,RUN_20260928_154337,v4-market-dirichlet-20260913,2026-09-28T15:33:00+08:00,2026-09-28T15:33:00+08:00,2026-09-28T17:00:00+08:00,1.45,False,False,False
V4_SHADOW,3094369,2026-09-28,国际友谊,法罗群岛U19 vs 爱尔兰U19,法罗群岛U19,receiving,2.75,0.77,N,0-5,-1,L,-1.0,D:\codex\v3_legacy\outputs\football_odds_trader\raw\titan007\20260929\20260929_074002_titan007_odds_snapshot.csv,SETTLED,c7c0e9d31ecb7bb15b2d,RUN_20260928_154337,v4-market-dirichlet-20260913,2026-09-28T15:33:00+08:00,2026-09-28T15:33:00+08:00,2026-09-28T17:00:00+08:00,1.45,False,True,False
V4_SHADOW,3094784,2026-09-28,国际友谊,阿尔巴尼亚U17 vs 黑山U17,,,,,,5-1,-1,,,D:\codex\v3_legacy\outputs\football_odds_trader\raw\titan007\20260929\20260929_074002_titan007_odds_snapshot.csv,MISSING_V4_SIDE_LINE_WATER_OR_TEAM,c5c0f4a7c91f14ff0248,RUN_20260928_154337,v4-market-dirichlet-20260913,2026-09-28T15:33:00+08:00,2026-09-28T15:33:00+08:00,2026-09-28T17:00:00+08:00,1.45,False,False,False
V4_SHADOW,3095421,2026-09-28,国际友谊,白俄罗斯U17 vs 俄罗斯U16,,,,,,0-3,-1,,,D:\codex\v3_legacy\outputs\football_odds_trader\raw\titan007\20260929\20260929_074002_titan007_odds_snapshot.csv,MISSING_V4_SIDE_LINE_WATER_OR_TEAM,5fcdaf3f876d82d6b9b6,RUN_20260928_154337,v4-market-dirichlet-20260913,2026-09-28T15:33:00+08:00,2026-09-28T15:33:00+08:00,2026-09-28T17:00:00+08:00,1.45,False,False,False
V4_SHADOW,3088944,2026-09-28,东盟杯,新加坡<font color=#880000>(中)</font> vs 孟加拉国,新加坡<font color=#880000>(中)</font>,giving,-1.25,1.0,C,1-0,-1,HL,-0.5,D:\codex\v3_legacy\outputs\football_odds_trader\raw\titan007\20260929\20260929_074002_titan007_odds_snapshot.csv,SETTLED,f078aa7c9bcf3157eb1e,RUN_20260928_153523,v4-market-dirichlet-20260913,2026-09-28T15:33:00+08:00,2026-09-28T15:33:00+08:00,2026-09-28T17:00:00+08:00,1.45,False,True,False
V4_SHADOW,3094513,2026-09-28,球会友谊,东孟加拉 vs 米勒瓦普甲比,,,,,,,0,,,D:\codex\v3_legacy\outputs\football_odds_trader\raw\titan007\20260928\20260928_153300_titan007_odds_snapshot.csv,NOT_FINAL_STATE_0,bc104285d728a0f681fe,RUN_20260928_154337,v4-market-dirichlet-20260913,2026-09-28T15:33:00+08:00,2026-09-28T15:33:00+08:00,2026-09-28T17:30:00+08:00,1.95,False,False,False
V4_SHADOW,3096130,2026-09-28,印西隆联,索默SC vs 隆克赛SCC,,,,,,0-3,-1,,,D:\codex\v3_legacy\outputs\football_odds_trader\raw\titan007\20260929\20260929_074002_titan007_odds_snapshot.csv,MISSING_V4_SIDE_LINE_WATER_OR_TEAM,1a074a514cfb7a232040,RUN_20260928_154337,v4-market-dirichlet-20260913,2026-09-28T15:33:00+08:00,2026-09-28T15:33:00+08:00,2026-09-28T17:30:00+08:00,1.95,False,False,False
V4_SHADOW,3094370,2026-09-28,国际友谊,哈萨克斯坦U19 vs 瑞士U19,哈萨克斯坦U19,receiving,0.75,1.07,C,1-2,-1,HL,-0.5,D:\codex\v3_legacy\outputs\football_odds_trader\raw\titan007\20260929\20260929_074002_titan007_odds_snapshot.csv,SETTLED,256e0f51aa89f4076873,RUN_20260928_153523,v4-market-dirichlet-20260913,2026-09-28T15:33:00+08:00,2026-09-28T15:33:00+08:00,2026-09-28T17:30:00+08:00,1.95,False,True,False
V4_SHADOW,3094430,2026-09-28,女欧U17,爱尔兰女足U17 vs 阿塞拜疆女足U17,,,,,,16-0,-1,,,D:\codex\v3_legacy\outputs\football_odds_trader\raw\titan007\20260929\20260929_074002_titan007_odds_snapshot.csv,MISSING_V4_SIDE_LINE_WATER_OR_TEAM,475d7ea177cc6b6801b2,RUN_20260928_154337,v4-market-dirichlet-20260913,2026-09-28T15:33:00+08:00,2026-09-28T15:33:00+08:00,2026-09-28T18:00:00+08:00,2.45,False,False,False
V4_SHADOW,3035662,2026-09-28,乌克甲,普莱西亚B队 vs 高华尤夫卡B队,高华尤夫卡B队,receiving,0.5,0.96,N,0-3,-1,W,0.96,D:\codex\v3_legacy\outputs\football_odds_trader\raw\titan007\20260929\20260929_074002_titan007_odds_snapshot.csv,SETTLED,b17e7c8cc80848b2c2bf,RUN_20260928_154337,v4-market-dirichlet-20260913,2026-09-28T15:33:00+08:00,2026-09-28T15:33:00+08:00,2026-09-28T18:00:00+08:00,2.45,False,True,False
V4_SHADOW,3094786,2026-09-28,乌兹职联,艾哈迈多夫 vs 达利亚FA,,,,,,6-2,-1,,,D:\codex\v3_legacy\outputs\football_odds_trader\raw\titan007\20260929\20260929_074002_titan007_odds_snapshot.csv,MISSING_V4_SIDE_LINE_WATER_OR_TEAM,0542097552280627e695,RUN_20260928_154337,v4-market-dirichlet-20260913,2026-09-28T15:33:00+08:00,2026-09-28T15:33:00+08:00,2026-09-28T18:00:00+08:00,2.45,False,False,False
V4_SHADOW,3094371,2026-09-28,国际友谊,日本 vs 委内瑞拉,日本,giving,-1.75,0.98,C,2-1,-1,L,-1.0,D:\codex\v3_legacy\outputs\football_odds_trader\raw\titan007\20260929\20260929_074002_titan007_odds_snapshot.csv,SETTLED,a039b0f96b76966e9c95,RUN_20260928_153523,v4-market-dirichlet-20260913,2026-09-28T15:33:00+08:00,2026-09-28T15:33:00+08:00,2026-09-28T18:25:00+08:00,2.867,False,True,False
V4_SHADOW,3096117,2026-09-28,印班超,斯图拉德 vs 哈尔足球俱乐部,,,,,,1-1,-1,,,D:\codex\v3_legacy\outputs\football_odds_trader\raw\titan007\20260929\20260929_074002_titan007_odds_snapshot.csv,MISSING_V4_SIDE_LINE_WATER_OR_TEAM,86771ed1cc1a8398bf9e,RUN_20260928_154337,v4-market-dirichlet-20260913,2026-09-28T15:33:00+08:00,2026-09-28T15:33:00+08:00,2026-09-28T18:30:00+08:00,2.95,False,False,False
V4_SHADOW,3095780,2026-09-28,香港U22,东区U22 vs 九龙城U22,,,,,,2-0,-1,,,D:\codex\v3_legacy\outputs\football_odds_trader\raw\titan007\20260929\20260929_074002_titan007_odds_snapshot.csv,MISSING_V4_SIDE_LINE_WATER_OR_TEAM,c1c13d34b4ba053e7d30,RUN_20260928_154337,v4-market-dirichlet-20260913,2026-09-28T15:33:00+08:00,2026-09-28T15:33:00+08:00,2026-09-28T18:45:00+08:00,3.2,False,False,False
V4_SHADOW,3094372,2026-09-28,国际友谊,韩国 vs 乌拉圭,,,,,,1-4,-1,,,D:\codex\v3_legacy\outputs\football_odds_trader\raw\titan007\20260929\20260929_074002_titan007_odds_snapshot.csv,MISSING_V4_SIDE_LINE_WATER_OR_TEAM,6bc8d07c7167e99a1ab8,RUN_20260928_154337,v4-market-dirichlet-20260913,2026-09-28T15:33:00+08:00,2026-09-28T15:33:00+08:00,2026-09-28T19:00:00+08:00,3.45,False,False,False
V4_SHADOW,3094787,2026-09-28,乌兹职联,古里斯坦 vs 奥克特帕,,,,,,1-0,-1,,,D:\codex\v3_legacy\outputs\football_odds_trader\raw\titan007\20260929\20260929_074002_titan007_odds_snapshot.csv,MISSING_V4_SIDE_LINE_WATER_OR_TEAM,a9659499f693b87738e9,RUN_20260928_154337,v4-market-dirichlet-20260913,2026-09-28T15:33:00+08:00,2026-09-28T15:33:00+08:00,2026-09-28T19:00:00+08:00,3.45,False,False,False
V4_SHADOW,3095282,2026-09-28,阿女甲,社会体育协会女足 vs 甘拿斯亚女足,甘拿斯亚女足,receiving,0.5,0.77,N,1-1,-1,W,0.77,D:\codex\v3_legacy\outputs\football_odds_trader\raw\titan007\20260929\20260929_074002_titan007_odds_snapshot.csv,SETTLED,da82b275db5d1e20a54b,RUN_20260928_154337,v4-market-dirichlet-20260913,2026-09-28T15:33:00+08:00,2026-09-28T15:33:00+08:00,2026-09-28T20:00:00+08:00,4.45,False,True,False
V4_SHADOW,3096146,2026-09-28,乌拉后备,FC河床后备队 vs 蒙特维多城图尔克后备队,,neutral,,,,1-3,-1,,,D:\codex\v3_legacy\outputs\football_odds_trader\raw\titan007\20260929\20260929_074002_titan007_odds_snapshot.csv,MISSING_V4_SIDE_LINE_WATER_OR_TEAM,dea20528ab28f24a406c,RUN_20260928_154337,v4-market-dirichlet-20260913,2026-09-28T15:33:00+08:00,2026-09-28T15:33:00+08:00,2026-09-28T20:00:00+08:00,4.45,False,False,False
V4_SHADOW,3091497,2026-09-28,国际友谊,塔吉克斯坦<font color=#880000>(中)</font> vs 巴勒斯坦,,,,,,2-4,-1,,,D:\codex\v3_legacy\outputs\football_odds_trader\raw\titan007\20260929\20260929_074002_titan007_odds_snapshot.csv,MISSING_V4_SIDE_LINE_WATER_OR_TEAM,a61c2ad073806ba68fb5,RUN_20260928_154337,v4-market-dirichlet-20260913,2026-09-28T15:33:00+08:00,2026-09-28T15:33:00+08:00,2026-09-28T20:00:00+08:00,4.45,False,False,False
V4_SHADOW,3094466,2026-09-28,非洲U23杯,肯尼亚U23 vs 坦桑尼亚U23,坦桑尼亚U23,receiving,0.25,0.88,N,4-1,-1,L,-1.0,D:\codex\v3_legacy\outputs\football_odds_trader\raw\titan007\20260929\20260929_074002_titan007_odds_snapshot.csv,SETTLED,81c33da6e8941b821bfc,RUN_20260928_154337,v4-market-dirichlet-20260913,2026-09-28T15:33:00+08:00,2026-09-28T15:33:00+08:00,2026-09-28T20:00:00+08:00,4.45,False,True,False
V4_SHADOW,3088945,2026-09-28,东盟杯,马来西亚 vs 印度尼西亚,马来西亚,receiving,1.0,0.97,C,0-0,-1,W,0.97,D:\codex\v3_legacy\outputs\football_odds_trader\raw\titan007\20260929\20260929_074002_titan007_odds_snapshot.csv,SETTLED,ea3edb6e249f4fc81d38,RUN_20260928_153523,v4-market-dirichlet-20260913,2026-09-28T15:33:00+08:00,2026-09-28T15:33:00+08:00,2026-09-28T20:30:00+08:00,4.95,False,True,False
V4_SHADOW,3095779,2026-09-28,香港U22,至尊沙田U22 vs 杰志U22,,,,,,1-3,-1,,,D:\codex\v3_legacy\outputs\football_odds_trader\raw\titan007\20260929\20260929_074002_titan007_odds_snapshot.csv,MISSING_V4_SIDE_LINE_WATER_OR_TEAM,8e5280f60cdd298b3e89,RUN_20260928_154337,v4-market-dirichlet-20260913,2026-09-28T15:33:00+08:00,2026-09-28T15:33:00+08:00,2026-09-28T20:45:00+08:00,5.2,False,False,False
V4_SHADOW,3094431,2026-09-28,女欧U17,阿尔巴尼亚女足U17 vs 科索沃女足U17,,,,,,0-0,-1,,,D:\codex\v3_legacy\outputs\football_odds_trader\raw\titan007\20260929\20260929_074002_titan007_odds_snapshot.csv,MISSING_V4_SIDE_LINE_WATER_OR_TEAM,8de95c75498a2d0d4d62,RUN_20260928_154337,v4-market-dirichlet-20260913,2026-09-28T15:33:00+08:00,2026-09-28T15:33:00+08:00,2026-09-28T21:00:00+08:00,5.45,False,False,False
V4_SHADOW,3077256,2026-09-28,希腊甲,卡利地亚雅典 vs 泰利普利斯B队,泰利普利斯B队,receiving,0.75,1.08,C,2-0,-1,L,-1.0,D:\codex\v3_legacy\outputs\football_odds_trader\raw\titan007\20260929\20260929_074002_titan007_odds_snapshot.csv,SETTLED,db61c6214e1094b51cb7,RUN_20260928_153523,v4-market-dirichlet-20260913,2026-09-28T15:33:00+08:00,2026-09-28T15:33:00+08:00,2026-09-28T21:00:00+08:00,5.45,False,True,False
V4_SHADOW,3077260,2026-09-28,希腊甲,马尔科 vs 潘斯拉基科斯,潘斯拉基科斯,receiving,1.0,0.87,C,2-1,-1,P,0.0,D:\codex\v3_legacy\outputs\football_odds_trader\raw\titan007\20260929\20260929_074002_titan007_odds_snapshot.csv,SETTLED,8f65a94075865f444c92,RUN_20260928_153523,v4-market-dirichlet-20260913,2026-09-28T15:33:00+08:00,2026-09-28T15:33:00+08:00,2026-09-28T21:00:00+08:00,5.45,False,True,False
V4_SHADOW,3050273,2026-09-28,塞尔甲,格拉菲卡贝尔格莱德 vs 塔络提克,塔络提克,receiving,0.5,0.93,N,4-1,-1,L,-1.0,D:\codex\v3_legacy\outputs\football_odds_trader\raw\titan007\20260929\20260929_074002_titan007_odds_snapshot.csv,SETTLED,49d4ea79f164ba39c827,RUN_20260928_154337,v4-market-dirichlet-20260913,2026-09-28T15:33:00+08:00,2026-09-28T15:33:00+08:00,2026-09-28T21:00:00+08:00,5.45,False,True,False
V4_SHADOW,3096119,2026-09-28,桑给超,玛芬兹奥 vs 姆温贝马昆比城,,,,,,0-0,-1,,,D:\codex\v3_legacy\outputs\football_odds_trader\raw\titan007\20260929\20260929_074002_titan007_odds_snapshot.csv,MISSING_V4_SIDE_LINE_WATER_OR_TEAM,71ad0fd125ed8318d31f,RUN_20260928_154337,v4-market-dirichlet-20260913,2026-09-28T15:33:00+08:00,2026-09-28T15:33:00+08:00,2026-09-28T21:00:00+08:00,5.45,False,False,False
V4_SHADOW,3094373,2026-09-28,国际友谊,奥地利U16 vs 希腊U16,,,,,,4-0,-1,,,D:\codex\v3_legacy\outputs\football_odds_trader\raw\titan007\20260929\20260929_074002_titan007_odds_snapshot.csv,MISSING_V4_SIDE_LINE_WATER_OR_TEAM,3ef6c8f96fc52a9f38f5,RUN_20260928_154337,v4-market-dirichlet-20260913,2026-09-28T15:33:00+08:00,2026-09-28T15:33:00+08:00,2026-09-28T21:00:00+08:00,5.45,False,False,False
V4_SHADOW,3089236,2026-09-28,伊朗甲,埃斯兰沙尔 vs 哈瓦达尔,,,,,,2-0,-1,,,D:\codex\v3_legacy\outputs\football_odds_trader\raw\titan007\20260929\20260929_074002_titan007_odds_snapshot.csv,MISSING_V4_SIDE_LINE_WATER_OR_TEAM,a54d070e48adad495cc4,RUN_20260928_154337,v4-market-dirichlet-20260913,2026-09-28T15:33:00+08:00,2026-09-28T15:33:00+08:00,2026-09-28T21:30:00+08:00,5.95,False,False,False
V4_SHADOW,3089237,2026-09-28,伊朗甲,瓦尔扎甘 vs 克尔曼,,,,,,1-1,-1,,,D:\codex\v3_legacy\outputs\football_odds_trader\raw\titan007\20260929\20260929_074002_titan007_odds_snapshot.csv,MISSING_V4_SIDE_LINE_WATER_OR_TEAM,f3d4e807feaf3922ff9c,RUN_20260928_154337,v4-market-dirichlet-20260913,2026-09-28T15:33:00+08:00,2026-09-28T15:33:00+08:00,2026-09-28T21:30:00+08:00,5.95,False,False,False
V4_SHADOW,3089238,2026-09-28,伊朗甲,塞柏 vs 尼洛耶扎米尼,,,,,,2-1,-1,,,D:\codex\v3_legacy\outputs\football_odds_trader\raw\titan007\20260929\20260929_074002_titan007_odds_snapshot.csv,MISSING_V4_SIDE_LINE_WATER_OR_TEAM,3bb5902110d0837f921e,RUN_20260928_154337,v4-market-dirichlet-20260913,2026-09-28T15:33:00+08:00,2026-09-28T15:33:00+08:00,2026-09-28T21:30:00+08:00,5.95,False,False,False
V4_SHADOW,3094374,2026-09-28,国际友谊,土耳其U19<font color=#880000>(中)</font> vs 意大利U19,土耳其U19<font color=#880000>(中)</font>,receiving,1.25,0.89,N,0-3,-1,L,-1.0,D:\codex\v3_legacy\outputs\football_odds_trader\raw\titan007\20260929\20260929_074002_titan007_odds_snapshot.csv,SETTLED,dc7e2c6b9bb0f4962b5d,RUN_20260928_154337,v4-market-dirichlet-20260913,2026-09-28T15:33:00+08:00,2026-09-28T15:33:00+08:00,2026-09-28T21:30:00+08:00,5.95,False,True,False
V4_SHADOW,3094375,2026-09-28,国际友谊,克罗地亚U19 vs 法国U19,克罗地亚U19,receiving,0.75,0.9,N,1-2,-1,HL,-0.5,D:\codex\v3_legacy\outputs\football_odds_trader\raw\titan007\20260929\20260929_074002_titan007_odds_snapshot.csv,SETTLED,053f7cb173a9c7b07c3b,RUN_20260928_154337,v4-market-dirichlet-20260913,2026-09-28T15:33:00+08:00,2026-09-28T15:33:00+08:00,2026-09-28T21:30:00+08:00,5.95,False,True,False
V4_SHADOW,3096138,2026-09-28,球会友谊,马里博尔 vs HNK哥里卡,,neutral,,,,1-1,-1,,,D:\codex\v3_legacy\outputs\football_odds_trader\raw\titan007\20260929\20260929_074002_titan007_odds_snapshot.csv,MISSING_V4_SIDE_LINE_WATER_OR_TEAM,e65eb608095431f982ca,RUN_20260928_154337,v4-market-dirichlet-20260913,2026-09-28T15:33:00+08:00,2026-09-28T15:33:00+08:00,2026-09-28T22:00:00+08:00,6.45,False,False,False
V4_SHADOW,3094376,2026-09-28,国际友谊,英格兰U17 vs 以色列U17,,,,,,2-1,-1,,,D:\codex\v3_legacy\outputs\football_odds_trader\raw\titan007\20260929\20260929_074002_titan007_odds_snapshot.csv,MISSING_V4_SIDE_LINE_WATER_OR_TEAM,1f417b197b62a9eb255a,RUN_20260928_154337,v4-market-dirichlet-20260913,2026-09-28T15:33:00+08:00,2026-09-28T15:33:00+08:00,2026-09-28T22:00:00+08:00,6.45,False,False,False
V4_SHADOW,3094377,2026-09-28,国际友谊,吉尔吉斯斯坦 vs 马尔代夫,吉尔吉斯斯坦,giving,-3.0,0.97,C,5-0,-1,W,0.97,D:\codex\v3_legacy\outputs\football_odds_trader\raw\titan007\20260929\20260929_074002_titan007_odds_snapshot.csv,SETTLED,8a1d0c21557598c8aaf0,RUN_20260928_153523,v4-market-dirichlet-20260913,2026-09-28T15:33:00+08:00,2026-09-28T15:33:00+08:00,2026-09-28T22:00:00+08:00,6.45,False,True,False
V4_SHADOW,3094378,2026-09-28,国际友谊,捷克U18 vs 瑞士U18,,,,,,1-1,-1,,,D:\codex\v3_legacy\outputs\football_odds_trader\raw\titan007\20260929\20260929_074002_titan007_odds_snapshot.csv,MISSING_V4_SIDE_LINE_WATER_OR_TEAM,f9260db9bb7d0c840d3f,RUN_20260928_154337,v4-market-dirichlet-20260913,2026-09-28T15:33:00+08:00,2026-09-28T15:33:00+08:00,2026-09-28T22:00:00+08:00,6.45,False,False,False
V4_SHADOW,3094379,2026-09-28,国际友谊,希腊U18 vs 斯洛伐克U18,,,,,,1-2,-1,,,D:\codex\v3_legacy\outputs\football_odds_trader\raw\titan007\20260929\20260929_074002_titan007_odds_snapshot.csv,MISSING_V4_SIDE_LINE_WATER_OR_TEAM,646e4a113f9e513efc37,RUN_20260928_154337,v4-market-dirichlet-20260913,2026-09-28T15:33:00+08:00,2026-09-28T15:33:00+08:00,2026-09-28T22:00:00+08:00,6.45,False,False,False
V4_SHADOW,3094380,2026-09-28,国际友谊,斯洛文尼亚U19 vs 阿联酋U19,,,,,,3-0,-1,,,D:\codex\v3_legacy\outputs\football_odds_trader\raw\titan007\20260929\20260929_074002_titan007_odds_snapshot.csv,MISSING_V4_SIDE_LINE_WATER_OR_TEAM,4b22832524c60c78ab93,RUN_20260928_154337,v4-market-dirichlet-20260913,2026-09-28T15:33:00+08:00,2026-09-28T15:33:00+08:00,2026-09-28T22:00:00+08:00,6.45,False,False,False
V4_SHADOW,3094382,2026-09-28,国际友谊,北马其顿U21 vs 俄罗斯U21,,,,,,2-3,-1,,,D:\codex\v3_legacy\outputs\football_odds_trader\raw\titan007\20260929\20260929_074002_titan007_odds_snapshot.csv,MISSING_V4_SIDE_LINE_WATER_OR_TEAM,7e354f23fe4aa4363698,RUN_20260928_154337,v4-market-dirichlet-20260913,2026-09-28T15:33:00+08:00,2026-09-28T15:33:00+08:00,2026-09-28T22:00:00+08:00,6.45,False,False,False
V4_SHADOW,3095423,2026-09-28,国际友谊,塞尔维亚U18 vs 俄罗斯U17,,,,,,0-2,-1,,,D:\codex\v3_legacy\outputs\football_odds_trader\raw\titan007\20260929\20260929_074002_titan007_odds_snapshot.csv,MISSING_V4_SIDE_LINE_WATER_OR_TEAM,437a04fd7e29c4b5e48e,RUN_20260928_154337,v4-market-dirichlet-20260913,2026-09-28T15:33:00+08:00,2026-09-28T15:33:00+08:00,2026-09-28T22:00:00+08:00,6.45,False,False,False
V4_SHADOW,3095706,2026-09-28,国际友谊,列支敦士登U19 vs 马耳他U19,,,,,,0-4,-1,,,D:\codex\v3_legacy\outputs\football_odds_trader\raw\titan007\20260929\20260929_074002_titan007_odds_snapshot.csv,MISSING_V4_SIDE_LINE_WATER_OR_TEAM,2364f2e9bcec44dc3422,RUN_20260928_154337,v4-market-dirichlet-20260913,2026-09-28T15:33:00+08:00,2026-09-28T15:33:00+08:00,2026-09-28T22:00:00+08:00,6.45,False,False,False
V4_SHADOW,3093613,2026-09-28,西亚U17,巴勒斯坦U17 vs 黎巴嫩U17,,,,,,0-1,-1,,,D:\codex\v3_legacy\outputs\football_odds_trader\raw\titan007\20260929\20260929_074002_titan007_odds_snapshot.csv,MISSING_V4_SIDE_LINE_WATER_OR_TEAM,ad1e5e597552ffcc2d3f,RUN_20260928_154337,v4-market-dirichlet-20260913,2026-09-28T15:33:00+08:00,2026-09-28T15:33:00+08:00,2026-09-28T22:00:00+08:00,6.45,False,False,False
V4_SHADOW,3094929,2026-09-28,国际友谊,卡塔尔U19 vs 阿塞拜疆U19,,,,,,,0,,,D:\codex\v3_legacy\outputs\football_odds_trader\raw\titan007\20260928\20260928_153300_titan007_odds_snapshot.csv,NOT_FINAL_STATE_0,8812ac65737d881512b6,RUN_20260928_154337,v4-market-dirichlet-20260913,2026-09-28T15:33:00+08:00,2026-09-28T15:33:00+08:00,2026-09-28T22:30:00+08:00,6.95,False,False,False
V4_SHADOW,3095424,2026-09-28,阿联杯,阿拉比欧姆古温 vs 泰德,泰德,receiving,0.25,0.99,N,2-0,-1,L,-1.0,D:\codex\v3_legacy\outputs\football_odds_trader\raw\titan007\20260929\20260929_074002_titan007_odds_snapshot.csv,SETTLED,9d355b8d488784534b47,RUN_20260928_154337,v4-market-dirichlet-20260913,2026-09-28T15:33:00+08:00,2026-09-28T15:33:00+08:00,2026-09-28T22:40:00+08:00,7.117,False,True,False
V4_SHADOW,3095425,2026-09-28,阿联杯,阿联酋伊蒂法格 vs 奥鲁巴,奥鲁巴,giving,-0.75,0.93,N,1-2,-1,HW,0.465,D:\codex\v3_legacy\outputs\football_odds_trader\raw\titan007\20260929\20260929_074002_titan007_odds_snapshot.csv,SETTLED,b192dd93c73dfb4eaf7c,RUN_20260928_154337,v4-market-dirichlet-20260913,2026-09-28T15:33:00+08:00,2026-09-28T15:33:00+08:00,2026-09-28T22:40:00+08:00,7.117,False,True,False
V4_SHADOW,3056239,2026-09-28,葡U23,雷克斯欧斯U23 vs 维薛拿U23,维薛拿U23,receiving,0.25,0.86,N,2-2,-1,HW,0.43,D:\codex\v3_legacy\outputs\football_odds_trader\raw\titan007\20260929\20260929_074002_titan007_odds_snapshot.csv,SETTLED,b7f167da7bab237a01ce,RUN_20260928_154337,v4-market-dirichlet-20260913,2026-09-28T15:33:00+08:00,2026-09-28T15:33:00+08:00,2026-09-28T23:00:00+08:00,7.45,False,True,False
V4_SHADOW,3037928,2026-09-28,斯伐甲,日利纳B队 vs 克曼尼,日利纳B队,giving,-0.75,0.85,N,0-0,-1,L,-1.0,D:\codex\v3_legacy\outputs\football_odds_trader\raw\titan007\20260929\20260929_074002_titan007_odds_snapshot.csv,SETTLED,77f7a39ea5ce1aca82b4,RUN_20260928_154337,v4-market-dirichlet-20260913,2026-09-28T15:33:00+08:00,2026-09-28T15:33:00+08:00,2026-09-28T23:00:00+08:00,7.45,False,True,False
V4_SHADOW,3089299,2026-09-28,卡塔杯,库拉提尔特 vs 威柯拉,库拉提尔特,receiving,0.5,0.89,N,1-1,-1,W,0.89,D:\codex\v3_legacy\outputs\football_odds_trader\raw\titan007\20260929\20260929_074002_titan007_odds_snapshot.csv,SETTLED,007ed962cc4ca61be57a,RUN_20260928_154337,v4-market-dirichlet-20260913,2026-09-28T15:33:00+08:00,2026-09-28T15:33:00+08:00,2026-09-28T23:00:00+08:00,7.45,False,True,False
V4_SHADOW,3096133,2026-09-28,球会友谊,OFK彼德罗瓦茨 vs 马拉多特DG,,neutral,,,,0-1,-1,,,D:\codex\v3_legacy\outputs\football_odds_trader\raw\titan007\20260929\20260929_074002_titan007_odds_snapshot.csv,MISSING_V4_SIDE_LINE_WATER_OR_TEAM,92669b2c1e87029ed0ab,RUN_20260928_154337,v4-market-dirichlet-20260913,2026-09-28T15:33:00+08:00,2026-09-28T15:33:00+08:00,2026-09-28T23:00:00+08:00,7.45,False,False,False
V4_SHADOW,3081632,2026-09-28,尼日超,瑞切尔 vs 流浪联,,,,,,0-0,-1,,,D:\codex\v3_legacy\outputs\football_odds_trader\raw\titan007\20260929\20260929_074002_titan007_odds_snapshot.csv,MISSING_V4_SIDE_LINE_WATER_OR_TEAM,f202637de6b77590104d,RUN_20260928_154337,v4-market-dirichlet-20260913,2026-09-28T15:33:00+08:00,2026-09-28T15:33:00+08:00,2026-09-28T23:00:00+08:00,7.45,False,False,False
V4_SHADOW,3094381,2026-09-28,国际友谊,斯洛伐克U19 vs 波兰U19,,,,,,1-2,-1,,,D:\codex\v3_legacy\outputs\football_odds_trader\raw\titan007\20260929\20260929_074002_titan007_odds_snapshot.csv,MISSING_V4_SIDE_LINE_WATER_OR_TEAM,ecaea55240e00dfdd83c,RUN_20260928_154337,v4-market-dirichlet-20260913,2026-09-28T15:33:00+08:00,2026-09-28T15:33:00+08:00,2026-09-28T23:00:00+08:00,7.45,False,False,False
V4_SHADOW,3094467,2026-09-28,非洲U23杯,圣多美与普林西比U23 vs 赤道几内亚U23,,,,,,0-3,-1,,,D:\codex\v3_legacy\outputs\football_odds_trader\raw\titan007\20260929\20260929_074002_titan007_odds_snapshot.csv,MISSING_V4_SIDE_LINE_WATER_OR_TEAM,50a200ab68397b408cbd,RUN_20260928_154337,v4-market-dirichlet-20260913,2026-09-28T15:33:00+08:00,2026-09-28T15:33:00+08:00,2026-09-28T23:00:00+08:00,7.45,False,False,False
V4_SHADOW,3094468,2026-09-28,非洲U23杯,塞拉里昂U23 vs 布基纳法索U23,,,,,,0-3,-1,,,D:\codex\v3_legacy\outputs\football_odds_trader\raw\titan007\20260929\20260929_074002_titan007_odds_snapshot.csv,MISSING_V4_SIDE_LINE_WATER_OR_TEAM,3b35d131d6880d436305,RUN_20260928_154337,v4-market-dirichlet-20260913,2026-09-28T15:33:00+08:00,2026-09-28T15:33:00+08:00,2026-09-28T23:00:00+08:00,7.45,False,False,False
V4_SHADOW,3089239,2026-09-28,伊朗甲,阿巴斯港石油 vs 加奇萨兰,,,,,,0-0,-1,,,D:\codex\v3_legacy\outputs\football_odds_trader\raw\titan007\20260929\20260929_074002_titan007_odds_snapshot.csv,MISSING_V4_SIDE_LINE_WATER_OR_TEAM,923fb40bf2ede87e8908,RUN_20260928_154337,v4-market-dirichlet-20260913,2026-09-28T15:33:00+08:00,2026-09-28T15:33:00+08:00,2026-09-28T23:30:00+08:00,7.95,False,False,False
V4_SHADOW,3089240,2026-09-28,伊朗甲,帕尔斯布什尔 vs 拿芙马塞索利曼,,,,,,3-2,-1,,,D:\codex\v3_legacy\outputs\football_odds_trader\raw\titan007\20260929\20260929_074002_titan007_odds_snapshot.csv,MISSING_V4_SIDE_LINE_WATER_OR_TEAM,c8387c9e244c0d4396c4,RUN_20260928_154337,v4-market-dirichlet-20260913,2026-09-28T15:33:00+08:00,2026-09-28T15:33:00+08:00,2026-09-28T23:30:00+08:00,7.95,False,False,False
V4_SHADOW,2981485,2026-09-28,欧国联,格鲁吉亚 vs 乌克兰,,,,,,0-0,-1,,,D:\codex\v3_legacy\outputs\football_odds_trader\raw\titan007\20260929\20260929_074002_titan007_odds_snapshot.csv,MISSING_V4_SIDE_LINE_WATER_OR_TEAM,ce5519d8cb1eb49ae9b3,RUN_20260928_154337,v4-market-dirichlet-20260913,2026-09-28T15:33:00+08:00,2026-09-28T15:33:00+08:00,2026-09-29T00:00:00+08:00,8.45,False,False,False
V4_SHADOW,2981531,2026-09-28,欧国联,亚美尼亚 vs 黑山,,,,,,2-3,-1,,,D:\codex\v3_legacy\outputs\football_odds_trader\raw\titan007\20260929\20260929_074002_titan007_odds_snapshot.csv,MISSING_V4_SIDE_LINE_WATER_OR_TEAM,d6bd24e69da3c6e7081f,RUN_20260928_154337,v4-market-dirichlet-20260913,2026-09-28T15:33:00+08:00,2026-09-28T15:33:00+08:00,2026-09-29T00:00:00+08:00,8.45,False,False,False
V4_SHADOW,2981532,2026-09-28,欧国联,拉脱维亚 vs 塞浦路斯,,,,,,0-0,-1,,,D:\codex\v3_legacy\outputs\football_odds_trader\raw\titan007\20260929\20260929_074002_titan007_odds_snapshot.csv,MISSING_V4_SIDE_LINE_WATER_OR_TEAM,269ae0f8cf622da3594b,RUN_20260928_154337,v4-market-dirichlet-20260913,2026-09-28T15:33:00+08:00,2026-09-28T15:33:00+08:00,2026-09-29T00:00:00+08:00,8.45,False,False,False
V4_SHADOW,3001046,2026-09-28,非洲杯,赤道几内亚 vs 塞拉利昂,塞拉利昂,receiving,0.5,0.75,N,1-0,-1,L,-1.0,D:\codex\v3_legacy\outputs\football_odds_trader\raw\titan007\20260929\20260929_074002_titan007_odds_snapshot.csv,SETTLED,9a71bed6d9ee30973fd0,RUN_20260928_154337,v4-market-dirichlet-20260913,2026-09-28T15:33:00+08:00,2026-09-28T15:33:00+08:00,2026-09-29T00:00:00+08:00,8.45,False,True,False
V4_SHADOW,3001047,2026-09-28,非洲杯,津巴布韦 vs 刚果民主共和国,津巴布韦,receiving,0.75,0.81,N,1-2,-1,HL,-0.5,D:\codex\v3_legacy\outputs\football_odds_trader\raw\titan007\20260929\20260929_074002_titan007_odds_snapshot.csv,SETTLED,c92189430faf90d2e5fc,RUN_20260928_154337,v4-market-dirichlet-20260913,2026-09-28T15:33:00+08:00,2026-09-28T15:33:00+08:00,2026-09-29T00:00:00+08:00,8.45,False,True,False
V4_SHADOW,3001059,2026-09-28,非洲杯,中非共和国 vs 布基纳法索,中非共和国,receiving,1.25,0.91,N,0-1,-1,HW,0.455,D:\codex\v3_legacy\outputs\football_odds_trader\raw\titan007\20260929\20260929_074002_titan007_odds_snapshot.csv,SETTLED,335f80ce0f1836594711,RUN_20260928_154337,v4-market-dirichlet-20260913,2026-09-28T15:33:00+08:00,2026-09-28T15:33:00+08:00,2026-09-29T00:00:00+08:00,8.45,False,True,False
V4_SHADOW,3050270,2026-09-28,塞尔甲,博尔1919 vs FK梅塔拉卡,,neutral,,,,0-2,-1,,,D:\codex\v3_legacy\outputs\football_odds_trader\raw\titan007\20260929\20260929_074002_titan007_odds_snapshot.csv,MISSING_V4_SIDE_LINE_WATER_OR_TEAM,dde1290bc6ad76a35a6c,RUN_20260928_154337,v4-market-dirichlet-20260913,2026-09-28T15:33:00+08:00,2026-09-28T15:33:00+08:00,2026-09-29T00:00:00+08:00,8.45,False,False,False
V4_SHADOW,3050272,2026-09-28,塞尔甲,杜博西卡 vs 嘉沃伊万基卡,杜博西卡,receiving,0.75,0.81,N,1-1,-1,W,0.81,D:\codex\v3_legacy\outputs\football_odds_trader\raw\titan007\20260929\20260929_074002_titan007_odds_snapshot.csv,SETTLED,d9ac9bc44a2731b2da04,RUN_20260928_154337,v4-market-dirichlet-20260913,2026-09-28T15:33:00+08:00,2026-09-28T15:33:00+08:00,2026-09-29T00:00:00+08:00,8.45,False,True,False
V4_SHADOW,3050275,2026-09-28,塞尔甲,普罗莱特023 vs 杰登斯渥,,neutral,,,,3-0,-1,,,D:\codex\v3_legacy\outputs\football_odds_trader\raw\titan007\20260929\20260929_074002_titan007_odds_snapshot.csv,MISSING_V4_SIDE_LINE_WATER_OR_TEAM,6db68781100ebb338720,RUN_20260928_154337,v4-market-dirichlet-20260913,2026-09-28T15:33:00+08:00,2026-09-28T15:33:00+08:00,2026-09-29T00:00:00+08:00,8.45,False,False,False
V4_SHADOW,3095401,2026-09-28,芬女甲,中新地女足 vs 赫尔辛基B队女足,,,,,,3-1,-1,,,D:\codex\v3_legacy\outputs\football_odds_trader\raw\titan007\20260929\20260929_074002_titan007_odds_snapshot.csv,MISSING_V4_SIDE_LINE_WATER_OR_TEAM,40d35d14d0a087454672,RUN_20260928_154337,v4-market-dirichlet-20260913,2026-09-28T15:33:00+08:00,2026-09-28T15:33:00+08:00,2026-09-29T00:00:00+08:00,8.45,False,False,False
V4_SHADOW,3096143,2026-09-28,阿青联,BsAs交流会U20 vs 科勒加勒斯U20,,neutral,,,,,-14,,,D:\codex\v3_legacy\outputs\football_odds_trader\raw\titan007\20260929\20260929_074002_titan007_odds_snapshot.csv,NOT_FINAL_STATE_-14,9603a19cf273dee34752,RUN_20260928_154337,v4-market-dirichlet-20260913,2026-09-28T15:33:00+08:00,2026-09-28T15:33:00+08:00,2026-09-29T00:00:00+08:00,8.45,False,False,False
V4_SHADOW,3094383,2026-09-28,国际友谊,巴西U20 vs 丹麦U20,,,,,,4-1,-1,,,D:\codex\v3_legacy\outputs\football_odds_trader\raw\titan007\20260929\20260929_074002_titan007_odds_snapshot.csv,MISSING_V4_SIDE_LINE_WATER_OR_TEAM,08c18ef9caa046b6affd,RUN_20260928_154337,v4-market-dirichlet-20260913,2026-09-28T15:33:00+08:00,2026-09-28T15:33:00+08:00,2026-09-29T00:00:00+08:00,8.45,False,False,False
V4_SHADOW,3095422,2026-09-28,国际友谊,塞尔维亚U21 vs 伊拉克U23,,,,,,3-0,-1,,,D:\codex\v3_legacy\outputs\football_odds_trader\raw\titan007\20260929\20260929_074002_titan007_odds_snapshot.csv,MISSING_V4_SIDE_LINE_WATER_OR_TEAM,a3d27d3859c0ad4d0ac8,RUN_20260928_154337,v4-market-dirichlet-20260913,2026-09-28T15:33:00+08:00,2026-09-28T15:33:00+08:00,2026-09-29T00:00:00+08:00,8.45,False,False,False
V4_SHADOW,2968443,2026-09-28,挪丙,列林根 vs 利恩B队,列林根,giving,-0.5,0.59,N,1-0,-1,W,0.59,D:\codex\v3_legacy\outputs\football_odds_trader\raw\titan007\20260929\20260929_074002_titan007_odds_snapshot.csv,SETTLED,85898ba8d3bff607248d,RUN_20260928_154337,v4-market-dirichlet-20260913,2026-09-28T15:33:00+08:00,2026-09-28T15:33:00+08:00,2026-09-29T00:00:00+08:00,8.45,False,True,False
V4_SHADOW,2781406,2026-09-28,欧青U21外,丹麦U21 vs 白俄罗斯U21,白俄罗斯U21,receiving,1.75,1.01,N,2-0,-1,HL,-0.5,D:\codex\v3_legacy\outputs\football_odds_trader\raw\titan007\20260929\20260929_074002_titan007_odds_snapshot.csv,SETTLED,5fcdd3e541ee492c404b,RUN_20260928_154337,v4-market-dirichlet-20260913,2026-09-28T15:33:00+08:00,2026-09-28T15:33:00+08:00,2026-09-29T00:30:00+08:00,8.95,False,True,False
V4_SHADOW,3005983,2026-09-28,斯亚乙,路达 vs 德拉维加,路达,giving,-0.75,0.88,N,3-1,-1,W,0.88,D:\codex\v3_legacy\outputs\football_odds_trader\raw\titan007\20260929\20260929_074002_titan007_odds_snapshot.csv,SETTLED,c01ee397c874be9eee31,RUN_20260928_154337,v4-market-dirichlet-20260913,2026-09-28T15:33:00+08:00,2026-09-28T15:33:00+08:00,2026-09-29T01:00:00+08:00,9.45,False,True,False
V4_SHADOW,2968077,2026-09-28,挪丙,侯格辛特B队 vs 辛纳,,,,,,2-4,-1,,,D:\codex\v3_legacy\outputs\football_odds_trader\raw\titan007\20260929\20260929_074002_titan007_odds_snapshot.csv,MISSING_V4_SIDE_LINE_WATER_OR_TEAM,5667e7d0497ee23a939d,RUN_20260928_154337,v4-market-dirichlet-20260913,2026-09-28T15:33:00+08:00,2026-09-28T15:33:00+08:00,2026-09-29T01:00:00+08:00,9.45,False,False,False
V4_SHADOW,3093614,2026-09-28,西亚U17,叙利亚U17 vs 也门U17,,,,,,1-3,-1,,,D:\codex\v3_legacy\outputs\football_odds_trader\raw\titan007\20260929\20260929_074002_titan007_odds_snapshot.csv,MISSING_V4_SIDE_LINE_WATER_OR_TEAM,af6d17b51a8a0294c65a,RUN_20260928_154337,v4-market-dirichlet-20260913,2026-09-28T15:33:00+08:00,2026-09-28T15:33:00+08:00,2026-09-29T01:00:00+08:00,9.45,False,False,False
V4_SHADOW,3094469,2026-09-28,非洲U23杯,毛里塔尼亚U23 vs 刚果民主共和国U23,毛里塔尼亚U23,receiving,0.5,0.86,N,1-0,-1,W,0.86,D:\codex\v3_legacy\outputs\football_odds_trader\raw\titan007\20260929\20260929_074002_titan007_odds_snapshot.csv,SETTLED,7c2b49fc813637ec5d32,RUN_20260928_154337,v4-market-dirichlet-20260913,2026-09-28T15:33:00+08:00,2026-09-28T15:33:00+08:00,2026-09-29T01:00:00+08:00,9.45,False,True,False
V4_SHADOW,3089300,2026-09-28,卡塔杯,艾沙哈尼亚 vs 杜海勒,艾沙哈尼亚,receiving,0.25,0.8,N,1-3,-1,L,-1.0,D:\codex\v3_legacy\outputs\football_odds_trader\raw\titan007\20260929\20260929_074002_titan007_odds_snapshot.csv,SETTLED,cbd54fdcc182b2462f87,RUN_20260928_154337,v4-market-dirichlet-20260913,2026-09-28T15:33:00+08:00,2026-09-28T15:33:00+08:00,2026-09-29T01:15:00+08:00,9.7,False,True,False
V4_SHADOW,3089301,2026-09-28,卡塔杯,赛利亚 vs 赖扬,赛利亚,receiving,0.5,1.0,C,1-1,-1,W,1.0,D:\codex\v3_legacy\outputs\football_odds_trader\raw\titan007\20260929\20260929_074002_titan007_odds_snapshot.csv,SETTLED,617cb6696c91303c8918,RUN_20260928_153523,v4-market-dirichlet-20260913,2026-09-28T15:33:00+08:00,2026-09-28T15:33:00+08:00,2026-09-29T01:15:00+08:00,9.7,False,True,False
V4_SHADOW,2934822,2026-09-28,阿乙曼特秋,弗朗德里亚 vs 多科苏德体育会,多科苏德体育会,receiving,0.25,0.78,N,1-2,-1,W,0.78,D:\codex\v3_legacy\outputs\football_odds_trader\raw\titan007\20260929\20260929_074002_titan007_odds_snapshot.csv,SETTLED,3c64fd7036fbd2dd06e4,RUN_20260928_154337,v4-market-dirichlet-20260913,2026-09-28T15:33:00+08:00,2026-09-28T15:33:00+08:00,2026-09-29T02:00:00+08:00,10.45,False,True,False
V4_SHADOW,3050274,2026-09-28,塞尔甲,洛兹尼察 vs 萨博迪卡,,,,,,2-0,-1,,,D:\codex\v3_legacy\outputs\football_odds_trader\raw\titan007\20260929\20260929_074002_titan007_odds_snapshot.csv,MISSING_V4_SIDE_LINE_WATER_OR_TEAM,ae0a7b28e41d57f0280c,RUN_20260928_154337,v4-market-dirichlet-20260913,2026-09-28T15:33:00+08:00,2026-09-28T15:33:00+08:00,2026-09-29T02:00:00+08:00,10.45,False,False,False
V4_SHADOW,3062702,2026-09-28,英U21杯,艾斯特城U21 vs 诺域治U21,,,,,,1-3,-1,,,D:\codex\v3_legacy\outputs\football_odds_trader\raw\titan007\20260929\20260929_074002_titan007_odds_snapshot.csv,MISSING_V4_SIDE_LINE_WATER_OR_TEAM,c8d33c89df567c189255,RUN_20260928_154337,v4-market-dirichlet-20260913,2026-09-28T15:33:00+08:00,2026-09-28T15:33:00+08:00,2026-09-29T02:00:00+08:00,10.45,False,False,False
V4_SHADOW,2935293,2026-09-28,阿丙曼特,西班牙语中央队 vs 康巴塞雷斯,,,,,,2-0,-1,,,D:\codex\v3_legacy\outputs\football_odds_trader\raw\titan007\20260929\20260929_074002_titan007_odds_snapshot.csv,MISSING_V4_SIDE_LINE_WATER_OR_TEAM,aada647db7ed40d09826,RUN_20260928_154337,v4-market-dirichlet-20260913,2026-09-28T15:33:00+08:00,2026-09-28T15:33:00+08:00,2026-09-29T02:00:00+08:00,10.45,False,False,False
V4_SHADOW,2935298,2026-09-28,阿丙曼特,乌尔奎萨 vs 莱安阿拉姆,,,,,,1-2,-1,,,D:\codex\v3_legacy\outputs\football_odds_trader\raw\titan007\20260929\20260929_074002_titan007_odds_snapshot.csv,MISSING_V4_SIDE_LINE_WATER_OR_TEAM,c9cea311a252a79fa335,RUN_20260928_154337,v4-market-dirichlet-20260913,2026-09-28T15:33:00+08:00,2026-09-28T15:33:00+08:00,2026-09-29T02:00:00+08:00,10.45,False,False,False
V4_SHADOW,2935299,2026-09-28,阿丙曼特,罗萨里奥雄狮 vs 鲁祖尼,,,,,,0-1,-1,,,D:\codex\v3_legacy\outputs\football_odds_trader\raw\titan007\20260929\20260929_074002_titan007_odds_snapshot.csv,MISSING_V4_SIDE_LINE_WATER_OR_TEAM,26c73438d2c0ce51ff35,RUN_20260928_154337,v4-market-dirichlet-20260913,2026-09-28T15:33:00+08:00,2026-09-28T15:33:00+08:00,2026-09-29T02:00:00+08:00,10.45,False,False,False
V4_SHADOW,3096127,2026-09-28,阿后备,多科苏德体育会后备队 vs 联合防卫队后备队,,neutral,,,,,-14,,,D:\codex\v3_legacy\outputs\football_odds_trader\raw\titan007\20260929\20260929_074002_titan007_odds_snapshot.csv,NOT_FINAL_STATE_-14,9295121ee100f286827c,RUN_20260928_154337,v4-market-dirichlet-20260913,2026-09-28T15:33:00+08:00,2026-09-28T15:33:00+08:00,2026-09-29T02:00:00+08:00,10.45,False,False,False
V4_SHADOW,3096144,2026-09-28,乌拉后备,尤文图德德拉后备队 vs LA卢兹后备队,,,,,,4-2,-1,,,D:\codex\v3_legacy\outputs\football_odds_trader\raw\titan007\20260929\20260929_074002_titan007_odds_snapshot.csv,MISSING_V4_SIDE_LINE_WATER_OR_TEAM,e3367df0a7c1fbcb3144,RUN_20260928_154337,v4-market-dirichlet-20260913,2026-09-28T15:33:00+08:00,2026-09-28T15:33:00+08:00,2026-09-29T02:00:00+08:00,10.45,False,False,False
V4_SHADOW,3096147,2026-09-28,乌拉后备,乌拉圭民族后备队 vs 西班牙中心后备队,,,,,,1-1,-1,,,D:\codex\v3_legacy\outputs\football_odds_trader\raw\titan007\20260929\20260929_074002_titan007_odds_snapshot.csv,MISSING_V4_SIDE_LINE_WATER_OR_TEAM,786d9a81ce2d36b64833,RUN_20260928_154337,v4-market-dirichlet-20260913,2026-09-28T15:33:00+08:00,2026-09-28T15:33:00+08:00,2026-09-29T02:00:00+08:00,10.45,False,False,False
V4_SHADOW,3096148,2026-09-28,乌拉后备,德芬索后备队 vs 普罗格雷索后备队,,,,,,0-2,-1,,,D:\codex\v3_legacy\outputs\football_odds_trader\raw\titan007\20260929\20260929_074002_titan007_odds_snapshot.csv,MISSING_V4_SIDE_LINE_WATER_OR_TEAM,c13177ed6d98d8e9e60e,RUN_20260928_154337,v4-market-dirichlet-20260913,2026-09-28T15:33:00+08:00,2026-09-28T15:33:00+08:00,2026-09-29T02:00:00+08:00,10.45,False,False,False
V4_SHADOW,3096149,2026-09-28,乌拉后备,马尔多纳多后备队 vs 佩纳罗尔后备队,,,,,,1-3,-1,,,D:\codex\v3_legacy\outputs\football_odds_trader\raw\titan007\20260929\20260929_074002_titan007_odds_snapshot.csv,MISSING_V4_SIDE_LINE_WATER_OR_TEAM,3294bf9c2ddc333a0c79,RUN_20260928_154337,v4-market-dirichlet-20260913,2026-09-28T15:33:00+08:00,2026-09-28T15:33:00+08:00,2026-09-29T02:00:00+08:00,10.45,False,False,False
V4_SHADOW,3059200,2026-09-28,英乙U21,斯旺西U21 vs 昆士柏流浪U21,昆士柏流浪U21,receiving,0.75,0.85,N,4-2,-1,L,-1.0,D:\codex\v3_legacy\outputs\football_odds_trader\raw\titan007\20260929\20260929_074002_titan007_odds_snapshot.csv,SETTLED,75648d34bef0476afe9b,RUN_20260928_154337,v4-market-dirichlet-20260913,2026-09-28T15:33:00+08:00,2026-09-28T15:33:00+08:00,2026-09-29T02:00:00+08:00,10.45,False,True,False
V4_SHADOW,3096139,2026-09-28,秘鲁丙,塞萨尔瓦列霍后备队 vs 尤文图斯瓦马丘科,,,,,,6-0,-1,,,D:\codex\v3_legacy\outputs\football_odds_trader\raw\titan007\20260929\20260929_074002_titan007_odds_snapshot.csv,MISSING_V4_SIDE_LINE_WATER_OR_TEAM,5a1df3bc5a39c87145a9,RUN_20260928_154337,v4-market-dirichlet-20260913,2026-09-28T15:33:00+08:00,2026-09-28T15:33:00+08:00,2026-09-29T02:00:00+08:00,10.45,False,False,False
V4_SHADOW,3014093,2026-09-28,西乙,莱加内斯 vs 卡斯迪隆,莱加内斯,receiving,0.25,0.9,N,0-2,-1,L,-1.0,D:\codex\v3_legacy\outputs\football_odds_trader\raw\titan007\20260929\20260929_074002_titan007_odds_snapshot.csv,SETTLED,77761b71e7032d046d2e,RUN_20260928_154337,v4-market-dirichlet-20260913,2026-09-28T15:33:00+08:00,2026-09-28T15:33:00+08:00,2026-09-29T02:30:00+08:00,10.95,False,True,False
V4_SHADOW,2981437,2026-09-28,欧国联,比利时 vs 法国,法国,giving,-0.5,0.85,N,0-1,-1,W,0.85,D:\codex\v3_legacy\outputs\football_odds_trader\raw\titan007\20260929\20260929_074002_titan007_odds_snapshot.csv,SETTLED,c541c0ba77ebfbf56a8d,RUN_20260928_154337,v4-market-dirichlet-20260913,2026-09-28T15:33:00+08:00,2026-09-28T15:33:00+08:00,2026-09-29T02:45:00+08:00,11.2,False,True,False
V4_SHADOW,2981438,2026-09-28,欧国联,土耳其 vs 意大利,,,,,,1-4,-1,,,D:\codex\v3_legacy\outputs\football_odds_trader\raw\titan007\20260929\20260929_074002_titan007_odds_snapshot.csv,MISSING_V4_SIDE_LINE_WATER_OR_TEAM,ffd282da8a5dcb6e9c23,RUN_20260928_154337,v4-market-dirichlet-20260913,2026-09-28T15:33:00+08:00,2026-09-28T15:33:00+08:00,2026-09-29T02:45:00+08:00,11.2,False,False,False
V4_SHADOW,2981486,2026-09-28,欧国联,北爱尔兰 vs 匈牙利,,,,,,0-0,-1,,,D:\codex\v3_legacy\outputs\football_odds_trader\raw\titan007\20260929\20260929_074002_titan007_odds_snapshot.csv,MISSING_V4_SIDE_LINE_WATER_OR_TEAM,f9cfe4632b98917fba8a,RUN_20260928_154337,v4-market-dirichlet-20260913,2026-09-28T15:33:00+08:00,2026-09-28T15:33:00+08:00,2026-09-29T02:45:00+08:00,11.2,False,False,False
V4_SHADOW,2981487,2026-09-28,欧国联,罗马尼亚 vs 波黑,罗马尼亚,giving,-0.25,0.93,N,2-4,-1,L,-1.0,D:\codex\v3_legacy\outputs\football_odds_trader\raw\titan007\20260929\20260929_074002_titan007_odds_snapshot.csv,SETTLED,f9af1c0bc1f09cef21d3,RUN_20260928_154337,v4-market-dirichlet-20260913,2026-09-28T15:33:00+08:00,2026-09-28T15:33:00+08:00,2026-09-29T02:45:00+08:00,11.2,False,True,False
V4_SHADOW,2981488,2026-09-28,欧国联,瑞典 vs 波兰,波兰,receiving,0.25,0.99,N,3-1,-1,L,-1.0,D:\codex\v3_legacy\outputs\football_odds_trader\raw\titan007\20260929\20260929_074002_titan007_odds_snapshot.csv,SETTLED,3b979e81fb047167e4eb,RUN_20260928_154337,v4-market-dirichlet-20260913,2026-09-28T15:33:00+08:00,2026-09-28T15:33:00+08:00,2026-09-29T02:45:00+08:00,11.2,False,True,False
V4_SHADOW,3096116,2026-09-28,英南甲,毕格尔斯瓦德 vs 赫特福德,,neutral,,,,5-1,-1,,,D:\codex\v3_legacy\outputs\football_odds_trader\raw\titan007\20260929\20260929_074002_titan007_odds_snapshot.csv,MISSING_V4_SIDE_LINE_WATER_OR_TEAM,26dd9e3c07a30efc4b9e,RUN_20260928_154337,v4-market-dirichlet-20260913,2026-09-28T15:33:00+08:00,2026-09-28T15:33:00+08:00,2026-09-29T02:45:00+08:00,11.2,False,False,False
V4_SHADOW,3096115,2026-09-28,英北甲,史蒂爱文斯城 vs 纽宁顿,,neutral,,,,0-1,-1,,,D:\codex\v3_legacy\outputs\football_odds_trader\raw\titan007\20260929\20260929_074002_titan007_odds_snapshot.csv,MISSING_V4_SIDE_LINE_WATER_OR_TEAM,0757167476e879815dd4,RUN_20260928_154337,v4-market-dirichlet-20260913,2026-09-28T15:33:00+08:00,2026-09-28T15:33:00+08:00,2026-09-29T02:45:00+08:00,11.2,False,False,False
V4_SHADOW,3001091,2026-09-28,非洲杯,突尼斯 vs 博茨瓦纳,,neutral,,,,2-2,-1,,,D:\codex\v3_legacy\outputs\football_odds_trader\raw\titan007\20260929\20260929_074002_titan007_odds_snapshot.csv,MISSING_V4_SIDE_LINE_WATER_OR_TEAM,593699614d0410f20cc5,RUN_20260928_154337,v4-market-dirichlet-20260913,2026-09-28T15:33:00+08:00,2026-09-28T15:33:00+08:00,2026-09-29T03:00:00+08:00,11.45,False,False,False
V4_SHADOW,3096140,2026-09-28,巴拉后备,路昆奴体育后备队 vs 瓜拉尼后备队,,neutral,,,,1-3,-1,,,D:\codex\v3_legacy\outputs\football_odds_trader\raw\titan007\20260929\20260929_074002_titan007_odds_snapshot.csv,MISSING_V4_SIDE_LINE_WATER_OR_TEAM,933aba5a73e794040b53,RUN_20260928_154337,v4-market-dirichlet-20260913,2026-09-28T15:33:00+08:00,2026-09-28T15:33:00+08:00,2026-09-29T03:00:00+08:00,11.45,False,False,False
V4_SHADOW,3092462,2026-09-28,中北美国联,瓜德罗普 vs 巴巴多斯,巴巴多斯,receiving,0.75,0.66,N,2-2,-1,W,0.66,D:\codex\v3_legacy\outputs\football_odds_trader\raw\titan007\20260929\20260929_074002_titan007_odds_snapshot.csv,SETTLED,f2894d767bfea6413c49,RUN_20260928_154337,v4-market-dirichlet-20260913,2026-09-28T15:33:00+08:00,2026-09-28T15:33:00+08:00,2026-09-29T03:00:00+08:00,11.45,False,True,False
V4_SHADOW,3074190,2026-09-28,巴拉甲秋,圣罗伦素体育会 vs 雷科莱塔,圣罗伦素体育会,receiving,0.25,0.79,N,0-0,-1,HW,0.395,D:\codex\v3_legacy\outputs\football_odds_trader\raw\titan007\20260929\20260929_074002_titan007_odds_snapshot.csv,SETTLED,0bdac3955631db6f07c1,RUN_20260928_154337,v4-market-dirichlet-20260913,2026-09-28T15:33:00+08:00,2026-09-28T15:33:00+08:00,2026-09-29T03:30:00+08:00,11.95,False,True,False
V4_SHADOW,3094115,2026-09-28,巴拉乙,谭贝塔里竞技 vs 巴拉瓜里AC,谭贝塔里竞技,receiving,0.25,0.69,N,2-1,-1,W,0.69,D:\codex\v3_legacy\outputs\football_odds_trader\raw\titan007\20260929\20260929_074002_titan007_odds_snapshot.csv,SETTLED,2ce0fd14445ca8b3a73a,RUN_20260928_154337,v4-market-dirichlet-20260913,2026-09-28T15:33:00+08:00,2026-09-28T15:33:00+08:00,2026-09-29T03:30:00+08:00,11.95,False,True,False
V4_SHADOW,3012203,2026-09-28,哥伦乙秋,尤姆博独立 vs 奥尔索马尔索,奥尔索马尔索,receiving,0.5,0.76,N,4-3,-1,L,-1.0,D:\codex\v3_legacy\outputs\football_odds_trader\raw\titan007\20260929\20260929_074002_titan007_odds_snapshot.csv,SETTLED,4197322cccb5b2cb75fa,RUN_20260928_154337,v4-market-dirichlet-20260913,2026-09-28T15:33:00+08:00,2026-09-28T15:33:00+08:00,2026-09-29T04:30:00+08:00,12.95,False,True,False
V4_SHADOW,3012204,2026-09-28,哥伦乙秋,哥杜雷亚 vs 利昂内斯,利昂内斯,receiving,0.5,1.11,C,1-0,-1,L,-1.0,D:\codex\v3_legacy\outputs\football_odds_trader\raw\titan007\20260929\20260929_074002_titan007_odds_snapshot.csv,SETTLED,b59e33074a4477b80239,RUN_20260928_153523,v4-market-dirichlet-20260913,2026-09-28T15:33:00+08:00,2026-09-28T15:33:00+08:00,2026-09-29T05:00:00+08:00,13.45,False,True,False
V4_SHADOW,3092474,2026-09-28,中北美国联,古巴 vs 博奈尔,博奈尔,receiving,2.25,0.85,N,2-0,-1,HW,0.425,D:\codex\v3_legacy\outputs\football_odds_trader\raw\titan007\20260929\20260929_074002_titan007_odds_snapshot.csv,SETTLED,2d12ea6dadf745db9dfe,RUN_20260928_154337,v4-market-dirichlet-20260913,2026-09-28T15:33:00+08:00,2026-09-28T15:33:00+08:00,2026-09-29T05:00:00+08:00,13.45,False,True,False
V4_SHADOW,3046041,2026-09-28,墨西女超春,亚特兰特女足 vs 普马斯女足,亚特兰特女足,receiving,1.25,0.99,N,,3,,,D:\codex\v3_legacy\outputs\football_odds_trader\raw\titan007\20260929\20260929_074002_titan007_odds_snapshot.csv,NOT_FINAL_STATE_3,97860491a072998e9554,RUN_20260928_154337,v4-market-dirichlet-20260913,2026-09-28T15:33:00+08:00,2026-09-28T15:33:00+08:00,2026-09-29T05:45:00+08:00,14.2,False,True,False
V4_SHADOW,3074187,2026-09-28,巴拉甲秋,亚松森自由 vs 亚松森奥林匹亚,,,,,,,3,,,D:\codex\v3_legacy\outputs\football_odds_trader\raw\titan007\20260929\20260929_074002_titan007_odds_snapshot.csv,NOT_FINAL_STATE_3,57ebd9bf4e109073cbca,RUN_20260928_154337,v4-market-dirichlet-20260913,2026-09-28T15:33:00+08:00,2026-09-28T15:33:00+08:00,2026-09-29T06:00:00+08:00,14.45,False,False,False
V4_SHADOW,3094116,2026-09-28,巴拉乙,瓜伊利纳 vs 费纳多,瓜伊利纳,receiving,0.25,0.75,N,,3,,,D:\codex\v3_legacy\outputs\football_odds_trader\raw\titan007\20260929\20260929_074002_titan007_odds_snapshot.csv,NOT_FINAL_STATE_3,5f68ffe1f9e64d452f8e,RUN_20260928_154337,v4-market-dirichlet-20260913,2026-09-28T15:33:00+08:00,2026-09-28T15:33:00+08:00,2026-09-29T06:00:00+08:00,14.45,False,True,False
V4_SHADOW,3094364,2026-09-28,乌拉乙,FC派桑杜 vs 塔古雷姆泊,FC派桑杜,giving,-0.25,0.94,N,,3,,,D:\codex\v3_legacy\outputs\football_odds_trader\raw\titan007\20260929\20260929_074002_titan007_odds_snapshot.csv,NOT_FINAL_STATE_3,6008aa7b924e91f8951a,RUN_20260928_154337,v4-market-dirichlet-20260913,2026-09-28T15:33:00+08:00,2026-09-28T15:33:00+08:00,2026-09-29T06:00:00+08:00,14.45,False,True,False
V4_SHADOW,3092439,2026-09-28,中北美国联,苏里南 vs 马提尼克,马提尼克,receiving,1.0,0.85,C,,3,,,D:\codex\v3_legacy\outputs\football_odds_trader\raw\titan007\20260929\20260929_074002_titan007_odds_snapshot.csv,NOT_FINAL_STATE_3,471d00f61e48c18aa64f,RUN_20260928_153523,v4-market-dirichlet-20260913,2026-09-28T15:33:00+08:00,2026-09-28T15:33:00+08:00,2026-09-29T06:00:00+08:00,14.45,False,True,False
V4_SHADOW,2940195,2026-09-28,巴西乙,米内罗美洲 vs 尤文图德,尤文图德,giving,-0.5,1.07,C,,3,,,D:\codex\v3_legacy\outputs\football_odds_trader\raw\titan007\20260929\20260929_074002_titan007_odds_snapshot.csv,NOT_FINAL_STATE_3,fc5a9e17ae0a72f3e9d9,RUN_20260928_153523,v4-market-dirichlet-20260913,2026-09-28T15:33:00+08:00,2026-09-28T15:33:00+08:00,2026-09-29T06:30:00+08:00,14.95,False,True,False
V4_SHADOW,3094913,2026-09-28,乌拉甲秋,漫游者 vs 阿尔比恩,阿尔比恩,receiving,0.25,0.78,N,,1,,,D:\codex\v3_legacy\outputs\football_odds_trader\raw\titan007\20260929\20260929_074002_titan007_odds_snapshot.csv,NOT_FINAL_STATE_1,7ee8388c35ac6ef9f6c7,RUN_20260928_154337,v4-market-dirichlet-20260913,2026-09-28T15:33:00+08:00,2026-09-28T15:33:00+08:00,2026-09-29T07:00:00+08:00,15.45,False,True,False
V4_SHADOW,3012205,2026-09-28,哥伦乙秋,奎迪奥 vs 波哥塔,波哥塔,receiving,0.5,0.98,N,,1,,,D:\codex\v3_legacy\outputs\football_odds_trader\raw\titan007\20260929\20260929_074002_titan007_odds_snapshot.csv,NOT_FINAL_STATE_1,66c3a15ca067133c5e43,RUN_20260928_154337,v4-market-dirichlet-20260913,2026-09-28T15:33:00+08:00,2026-09-28T15:33:00+08:00,2026-09-29T07:00:00+08:00,15.45,False,True,False
V4_SHADOW,3046042,2026-09-28,墨西女超春,莱昂女足 vs 墨西哥美洲队女足,莱昂女足,receiving,2.0,0.8,N,,1,,,D:\codex\v3_legacy\outputs\football_odds_trader\raw\titan007\20260929\20260929_074002_titan007_odds_snapshot.csv,NOT_FINAL_STATE_1,3b7398e1575b57201403,RUN_20260928_154337,v4-market-dirichlet-20260913,2026-09-28T15:33:00+08:00,2026-09-28T15:33:00+08:00,2026-09-29T07:00:00+08:00,15.45,False,True,False
V4_SHADOW,3092440,2026-09-28,中北美国联,牙买加 vs 洪都拉斯,洪都拉斯,receiving,0.25,0.85,N,0-1,-1,W,0.85,D:\codex\v3_legacy\outputs\football_odds_trader\raw\titan007\20260929\20260929_144530_titan007_odds_snapshot.csv,SETTLED,d0e4e15d1452fa04420c,RUN_20260928_154337,v4-market-dirichlet-20260913,2026-09-28T15:33:00+08:00,2026-09-28T15:33:00+08:00,2026-09-29T08:00:00+08:00,16.45,False,True,False
V4_SHADOW,3092463,2026-09-28,中北美国联,圣卢西亚 vs 百慕大群岛,圣卢西亚,receiving,0.25,0.79,N,5-2,-1,W,0.79,D:\codex\v3_legacy\outputs\football_odds_trader\raw\titan007\20260929\20260929_144530_titan007_odds_snapshot.csv,SETTLED,6d5f35efa335d30ab85c,RUN_20260928_154337,v4-market-dirichlet-20260913,2026-09-28T15:33:00+08:00,2026-09-28T15:33:00+08:00,2026-09-29T08:00:00+08:00,16.45,False,True,False
V4_SHADOW,3092475,2026-09-28,中北美国联,圣基茨和尼维斯 vs 格林纳达,圣基茨和尼维斯,receiving,0.5,0.86,N,3-0,-1,W,0.86,D:\codex\v3_legacy\outputs\football_odds_trader\raw\titan007\20260929\20260929_144530_titan007_odds_snapshot.csv,SETTLED,3a082671a83de4a612d0,RUN_20260928_154337,v4-market-dirichlet-20260913,2026-09-28T15:33:00+08:00,2026-09-28T15:33:00+08:00,2026-09-29T08:00:00+08:00,16.45,False,True,False
V4_SHADOW,3036206,2026-09-28,巴马甲秋,阿利亚 vs CA独立队,,,,,,2-0,-1,,,D:\codex\v3_legacy\outputs\football_odds_trader\raw\titan007\20260929\20260929_144530_titan007_odds_snapshot.csv,MISSING_V4_SIDE_LINE_WATER_OR_TEAM,1de3f60e1b7cd8b08ba5,RUN_20260928_154337,v4-market-dirichlet-20260913,2026-09-28T15:33:00+08:00,2026-09-28T15:33:00+08:00,2026-09-29T09:00:00+08:00,17.45,False,False,False
V4_SHADOW,3093838,2026-09-28,哥斯乙,卡里阿利 vs 科罗纳多,,neutral,,,,1-1,-1,,,D:\codex\v3_legacy\outputs\football_odds_trader\raw\titan007\20260929\20260929_144530_titan007_odds_snapshot.csv,MISSING_V4_SIDE_LINE_WATER_OR_TEAM,fc944b09386aa649ae6a,RUN_20260928_154337,v4-market-dirichlet-20260913,2026-09-28T15:33:00+08:00,2026-09-28T15:33:00+08:00,2026-09-29T09:00:00+08:00,17.45,False,False,False
V4_SHADOW,3046043,2026-09-28,墨西女超春,尼卡沙女足 vs 托卢卡女足,尼卡沙女足,receiving,3.25,1.01,C,0-4,-1,L,-1.0,D:\codex\v3_legacy\outputs\football_odds_trader\raw\titan007\20260929\20260929_144530_titan007_odds_snapshot.csv,SETTLED,e7e3fa585dbeac12b69d,RUN_20260928_153523,v4-market-dirichlet-20260913,2026-09-28T15:33:00+08:00,2026-09-28T15:33:00+08:00,2026-09-29T09:05:00+08:00,17.533,False,True,False
V4_SHADOW,3092441,2026-09-28,中北美国联,危地马拉 vs 萨尔瓦多,萨尔瓦多,receiving,0.5,0.85,N,6-0,-1,L,-1.0,D:\codex\v3_legacy\outputs\football_odds_trader\raw\titan007\20260929\20260929_144530_titan007_odds_snapshot.csv,SETTLED,344c7f722d098765348b,RUN_20260928_154337,v4-market-dirichlet-20260913,2026-09-28T15:33:00+08:00,2026-09-28T15:33:00+08:00,2026-09-29T10:00:00+08:00,18.45,False,True,False
V4_SHADOW,3073295,2026-09-28,墨西乙,贾奎斯 vs 帕尔梅拉斯港,贾奎斯,receiving,0.25,1.02,C,1-1,-1,HW,0.51,D:\codex\v3_legacy\outputs\football_odds_trader\raw\titan007\20260929\20260929_144530_titan007_odds_snapshot.csv,SETTLED,020cfd05c45cbaacbccc,RUN_20260928_153523,v4-market-dirichlet-20260913,2026-09-28T15:33:00+08:00,2026-09-28T15:33:00+08:00,2026-09-29T10:05:00+08:00,18.533,False,True,False
V4_SHADOW,2997428,2026-09-28,墨西联秋,内卡萨 vs 墨西哥美洲,内卡萨,receiving,0.5,0.95,N,2-4,-1,L,-1.0,D:\codex\v3_legacy\outputs\football_odds_trader\raw\titan007\20260929\20260929_074002_titan007_odds_snapshot.csv,SETTLED,835314f40ab34e671f94,RUN_20260928_080531,v4-market-dirichlet-20260913,2026-09-28T08:04:51+08:00,2026-09-28T08:04:51+08:00,2026-09-28T11:00:00+08:00,2.919,False,True,False
V4_SHADOW,2955393,2026-09-28,美甲,波特兰松之心 vs 托曼塔FC,,,,,,,,,,D:\codex\v3_legacy\outputs\football_odds_trader\raw\titan007\20260928\20260928_153300_titan007_odds_snapshot.csv,NOT_FINAL_STATE_UNKNOWN,bceb0cdb3e2cecb9c450,RUN_20260928_154337,v4-market-dirichlet-20260913,2026-09-28T15:33:00+08:00,2026-09-28T15:33:00+08:00,2026-09-29T04:00:00+08:00,12.45,False,False,False
V4_SHADOW,3096467,2026-09-29,印班超,ASC中心FC vs 班加鲁鲁B队,,,,,,,3,,,D:\codex\v3_legacy\outputs\football_odds_trader\raw\titan007\20260929\20260929_144530_titan007_odds_snapshot.csv,NOT_FINAL_STATE_3,2731ab76b100a29a9607,RUN_20260929_074001,v4-market-dirichlet-20260913,2026-09-29T07:40:02+08:00,2026-09-29T07:40:02+08:00,2026-09-29T13:30:00+08:00,5.833,False,False,False
V4_SHADOW,3095429,2026-09-29,亚运女足,朝鲜女足(中) vs 中国女足,,,,,,,1,,,D:\codex\v3_legacy\outputs\football_odds_trader\raw\titan007\20260929\20260929_144530_titan007_odds_snapshot.csv,NOT_FINAL_STATE_1,694691c555f51dae4a48,RUN_20260929_074001,v4-market-dirichlet-20260913,2026-09-29T07:40:02+08:00,2026-09-29T07:40:02+08:00,2026-09-29T14:00:00+08:00,6.333,False,False,False
V4_SHADOW,3094943,2026-09-29,国际友谊,斐济女足 vs 新喀里多尼亚女足,新喀里多尼亚女足,receiving,1.25,1.19,C,,0,,,D:\codex\v3_legacy\outputs\football_odds_trader\raw\titan007\20260929\20260929_144530_titan007_odds_snapshot.csv,NOT_FINAL_STATE_0,ecf71746fc9786cc952b,RUN_20260929_144530,v4-market-dirichlet-20260913,2026-09-29T14:45:30+08:00,2026-09-29T14:45:30+08:00,2026-09-29T15:00:00+08:00,0.242,False,True,False
V4_SHADOW,3096135,2026-09-29,中冠,广东晨星创尔特 vs 武汉联镇,,,,,,,0,,,D:\codex\v3_legacy\outputs\football_odds_trader\raw\titan007\20260929\20260929_144530_titan007_odds_snapshot.csv,NOT_FINAL_STATE_0,b86514cf1fe009fd11a7,RUN_20260929_144530,v4-market-dirichlet-20260913,2026-09-29T14:45:30+08:00,2026-09-29T14:45:30+08:00,2026-09-29T16:00:00+08:00,1.242,False,False,False
V4_SHADOW,3096466,2026-09-29,印班超,启动FC vs 叛军FC,,,,,,,0,,,D:\codex\v3_legacy\outputs\football_odds_trader\raw\titan007\20260929\20260929_144530_titan007_odds_snapshot.csv,NOT_FINAL_STATE_0,5bb20884d5f88aacf412,RUN_20260929_144530,v4-market-dirichlet-20260913,2026-09-29T14:45:30+08:00,2026-09-29T14:45:30+08:00,2026-09-29T16:00:00+08:00,1.242,False,False,False
V4_SHADOW,3094959,2026-09-29,球会友谊,ATK莫亨巴根 vs 东北联,,,,,,,0,,,D:\codex\v3_legacy\outputs\football_odds_trader\raw\titan007\20260929\20260929_144530_titan007_odds_snapshot.csv,NOT_FINAL_STATE_0,80b53762ab2959d1097d,RUN_20260929_144530,v4-market-dirichlet-20260913,2026-09-29T14:45:30+08:00,2026-09-29T14:45:30+08:00,2026-09-29T17:00:00+08:00,2.242,False,False,False
V4_SHADOW,3094937,2026-09-29,孟加拉杯,穆罕默德SC vs 阿安姆巴格,,,,,,,0,,,D:\codex\v3_legacy\outputs\football_odds_trader\raw\titan007\20260929\20260929_144530_titan007_odds_snapshot.csv,NOT_FINAL_STATE_0,05cb4165a71282fecd2c,RUN_20260929_144530,v4-market-dirichlet-20260913,2026-09-29T14:45:30+08:00,2026-09-29T14:45:30+08:00,2026-09-29T17:00:00+08:00,2.242,False,False,False
V4_SHADOW,3094938,2026-09-29,孟加拉杯,达卡流浪者 vs 巴斯顺达拉国王,,,,,,,0,,,D:\codex\v3_legacy\outputs\football_odds_trader\raw\titan007\20260929\20260929_144530_titan007_odds_snapshot.csv,NOT_FINAL_STATE_0,77181f9c2e8deef1628a,RUN_20260929_144530,v4-market-dirichlet-20260913,2026-09-29T14:45:30+08:00,2026-09-29T14:45:30+08:00,2026-09-29T17:00:00+08:00,2.242,False,False,False
V4_SHADOW,3094939,2026-09-29,孟加拉杯,孟加拉国警察 vs MSPCC城市,,,,,,,0,,,D:\codex\v3_legacy\outputs\football_odds_trader\raw\titan007\20260929\20260929_144530_titan007_odds_snapshot.csv,NOT_FINAL_STATE_0,c2ce768ea3a9ca15eaba,RUN_20260929_144530,v4-market-dirichlet-20260913,2026-09-29T14:45:30+08:00,2026-09-29T14:45:30+08:00,2026-09-29T17:00:00+08:00,2.242,False,False,False
V4_SHADOW,3096465,2026-09-29,缅甸U20,实皆联U20 vs 掸联U20,,,,,,,0,,,D:\codex\v3_legacy\outputs\football_odds_trader\raw\titan007\20260929\20260929_144530_titan007_odds_snapshot.csv,NOT_FINAL_STATE_0,b65111fa967d7dd92d44,RUN_20260929_144530,v4-market-dirichlet-20260913,2026-09-29T14:45:30+08:00,2026-09-29T14:45:30+08:00,2026-09-29T17:00:00+08:00,2.242,False,False,False
V4_SHADOW,3088946,2026-09-29,东盟杯,菲律宾<font color=#880000>(中)</font> vs 巴基斯坦,巴基斯坦,receiving,1.75,1.02,N,,0,,,D:\codex\v3_legacy\outputs\football_odds_trader\raw\titan007\20260929\20260929_144530_titan007_odds_snapshot.csv,NOT_FINAL_STATE_0,13e6dd4b61f095d03281,RUN_20260929_144530,v4-market-dirichlet-20260913,2026-09-29T14:45:30+08:00,2026-09-29T14:45:30+08:00,2026-09-29T17:00:00+08:00,2.242,False,True,False
V4_SHADOW,3096246,2026-09-29,印西隆联,马沃莱SC vs 梅加拉亚邦警察,,,,,,,0,,,D:\codex\v3_legacy\outputs\football_odds_trader\raw\titan007\20260929\20260929_144530_titan007_odds_snapshot.csv,NOT_FINAL_STATE_0,6d8da778afd1b5f020d8,RUN_20260929_144530,v4-market-dirichlet-20260913,2026-09-29T14:45:30+08:00,2026-09-29T14:45:30+08:00,2026-09-29T17:30:00+08:00,2.742,False,False,False
V4_SHADOW,3096172,2026-09-29,国际友谊,印度女足U17 vs 菲律宾女足U17,,,,,,,0,,,D:\codex\v3_legacy\outputs\football_odds_trader\raw\titan007\20260929\20260929_144530_titan007_odds_snapshot.csv,NOT_FINAL_STATE_0,10be0df498f83fdbff74,RUN_20260929_144530,v4-market-dirichlet-20260913,2026-09-29T14:45:30+08:00,2026-09-29T14:45:30+08:00,2026-09-29T17:30:00+08:00,2.742,False,False,False
V4_SHADOW,3071536,2026-09-29,欧洲U20,法国U20 vs 英格兰U20,,neutral,,,,,0,,,D:\codex\v3_legacy\outputs\football_odds_trader\raw\titan007\20260929\20260929_144530_titan007_odds_snapshot.csv,NOT_FINAL_STATE_0,7afd762115e3810372e2,RUN_20260929_144530,v4-market-dirichlet-20260913,2026-09-29T14:45:30+08:00,2026-09-29T14:45:30+08:00,2026-09-29T17:30:00+08:00,2.742,False,False,False
V4_SHADOW,3094962,2026-09-29,日联杯,FC爱媛 vs FC东京,FC爱媛,receiving,1.5,0.92,N,,0,,,D:\codex\v3_legacy\outputs\football_odds_trader\raw\titan007\20260929\20260929_144530_titan007_odds_snapshot.csv,NOT_FINAL_STATE_0,4d9cfb6dd0604ababcdb,RUN_20260929_144530,v4-market-dirichlet-20260913,2026-09-29T14:45:30+08:00,2026-09-29T14:45:30+08:00,2026-09-29T18:00:00+08:00,3.242,False,True,False
V4_SHADOW,3094963,2026-09-29,日联杯,藤枝MYFC vs 大阪樱花,藤枝MYFC,receiving,1.0,0.8,N,,0,,,D:\codex\v3_legacy\outputs\football_odds_trader\raw\titan007\20260929\20260929_144530_titan007_odds_snapshot.csv,NOT_FINAL_STATE_0,8f03238e7711988aca30,RUN_20260929_144530,v4-market-dirichlet-20260913,2026-09-29T14:45:30+08:00,2026-09-29T14:45:30+08:00,2026-09-29T18:00:00+08:00,3.242,False,True,False
V4_SHADOW,3094964,2026-09-29,日联杯,札幌冈萨多 vs 冈山绿雉,冈山绿雉,giving,-1.0,0.89,N,,0,,,D:\codex\v3_legacy\outputs\football_odds_trader\raw\titan007\20260929\20260929_144530_titan007_odds_snapshot.csv,NOT_FINAL_STATE_0,2c7ca32f1d7a89d150ea,RUN_20260929_144530,v4-market-dirichlet-20260913,2026-09-29T14:45:30+08:00,2026-09-29T14:45:30+08:00,2026-09-29T18:00:00+08:00,3.242,False,True,False
V4_SHADOW,3094965,2026-09-29,日联杯,金泽 vs 清水鼓动,金泽,receiving,0.5,1.02,C,,0,,,D:\codex\v3_legacy\outputs\football_odds_trader\raw\titan007\20260929\20260929_144530_titan007_odds_snapshot.csv,NOT_FINAL_STATE_0,c550b03e3583165185b8,RUN_20260929_144530,v4-market-dirichlet-20260913,2026-09-29T14:45:30+08:00,2026-09-29T14:45:30+08:00,2026-09-29T18:00:00+08:00,3.242,False,True,False
V4_SHADOW,3094966,2026-09-29,日联杯,熊本深红 vs 川崎前锋,川崎前锋,giving,-1.5,0.92,C,,0,,,D:\codex\v3_legacy\outputs\football_odds_trader\raw\titan007\20260929\20260929_144530_titan007_odds_snapshot.csv,NOT_FINAL_STATE_0,8476fa16befcce85b1a5,RUN_20260929_144530,v4-market-dirichlet-20260913,2026-09-29T14:45:30+08:00,2026-09-29T14:45:30+08:00,2026-09-29T18:00:00+08:00,3.242,False,True,False
V4_SHADOW,3094967,2026-09-29,日联杯,北九州向日葵 vs 名古屋鲸八,名古屋鲸八,giving,-1.5,0.93,C,,0,,,D:\codex\v3_legacy\outputs\football_odds_trader\raw\titan007\20260929\20260929_144530_titan007_odds_snapshot.csv,NOT_FINAL_STATE_0,c954c0b21f2ad523609d,RUN_20260929_144530,v4-market-dirichlet-20260913,2026-09-29T14:45:30+08:00,2026-09-29T14:45:30+08:00,2026-09-29T18:00:00+08:00,3.242,False,True,False
V4_SHADOW,3094968,2026-09-29,日联杯,大阪俱乐部 vs 福冈黄蜂,福冈黄蜂,giving,-1.0,0.89,N,,0,,,D:\codex\v3_legacy\outputs\football_odds_trader\raw\titan007\20260929\20260929_144530_titan007_odds_snapshot.csv,NOT_FINAL_STATE_0,557d5c692c2689d12ae4,RUN_20260929_144530,v4-market-dirichlet-20260913,2026-09-29T14:45:30+08:00,2026-09-29T14:45:30+08:00,2026-09-29T18:00:00+08:00,3.242,False,True,False
V4_SHADOW,3094969,2026-09-29,日联杯,枥木市FC vs 广岛三箭,广岛三箭,giving,-1.75,0.85,N,,0,,,D:\codex\v3_legacy\outputs\football_odds_trader\raw\titan007\20260929\20260929_144530_titan007_odds_snapshot.csv,NOT_FINAL_STATE_0,dbc07631adde72dfda75,RUN_20260929_144530,v4-market-dirichlet-20260913,2026-09-29T14:45:30+08:00,2026-09-29T14:45:30+08:00,2026-09-29T18:00:00+08:00,3.242,False,True,False
V4_SHADOW,3094970,2026-09-29,日联杯,富山胜利 vs 浦和红钻,富山胜利,receiving,0.75,0.84,N,,0,,,D:\codex\v3_legacy\outputs\football_odds_trader\raw\titan007\20260929\20260929_144530_titan007_odds_snapshot.csv,NOT_FINAL_STATE_0,ed4ee531a0b554f87ad6,RUN_20260929_144530,v4-market-dirichlet-20260913,2026-09-29T14:45:30+08:00,2026-09-29T14:45:30+08:00,2026-09-29T18:00:00+08:00,3.242,False,True,False
V4_SHADOW,3094971,2026-09-29,日联杯,FC岐阜 vs 横滨FC,FC岐阜,receiving,0.5,0.82,N,,0,,,D:\codex\v3_legacy\outputs\football_odds_trader\raw\titan007\20260929\20260929_144530_titan007_odds_snapshot.csv,NOT_FINAL_STATE_0,ab84872feee1cb049d6b,RUN_20260929_144530,v4-market-dirichlet-20260913,2026-09-29T14:45:30+08:00,2026-09-29T14:45:30+08:00,2026-09-29T18:00:00+08:00,3.242,False,True,False
V4_SHADOW,3094972,2026-09-29,日联杯,磐田喜悦 vs 千叶市原,磐田喜悦,giving,-0.25,1.01,C,,0,,,D:\codex\v3_legacy\outputs\football_odds_trader\raw\titan007\20260929\20260929_144530_titan007_odds_snapshot.csv,NOT_FINAL_STATE_0,56e6bb3caefdf80f077c,RUN_20260929_144530,v4-market-dirichlet-20260913,2026-09-29T14:45:30+08:00,2026-09-29T14:45:30+08:00,2026-09-29T18:00:00+08:00,3.242,False,True,False
V4_SHADOW,3094973,2026-09-29,日联杯,福岛FC vs 水户蜀葵,福岛FC,receiving,1.5,0.8,N,,0,,,D:\codex\v3_legacy\outputs\football_odds_trader\raw\titan007\20260929\20260929_144530_titan007_odds_snapshot.csv,NOT_FINAL_STATE_0,01bb1d40fb215128ee30,RUN_20260929_144530,v4-market-dirichlet-20260913,2026-09-29T14:45:30+08:00,2026-09-29T14:45:30+08:00,2026-09-29T18:00:00+08:00,3.242,False,True,False
V4_SHADOW,3094974,2026-09-29,日联杯,鸟栖沙岩 vs 东京绿茵,鸟栖沙岩,receiving,0.25,0.92,N,,0,,,D:\codex\v3_legacy\outputs\football_odds_trader\raw\titan007\20260929\20260929_144530_titan007_odds_snapshot.csv,NOT_FINAL_STATE_0,1c675adef3e8708a6994,RUN_20260929_144530,v4-market-dirichlet-20260913,2026-09-29T14:45:30+08:00,2026-09-29T14:45:30+08:00,2026-09-29T18:00:00+08:00,3.242,False,True,False
V4_SHADOW,3094975,2026-09-29,日联杯,鸟取飞翔 vs 长崎成功丸,鸟取飞翔,receiving,1.25,0.78,N,,0,,,D:\codex\v3_legacy\outputs\football_odds_trader\raw\titan007\20260929\20260929_144530_titan007_odds_snapshot.csv,NOT_FINAL_STATE_0,61389bcf6b897d1bf026,RUN_20260929_144530,v4-market-dirichlet-20260913,2026-09-29T14:45:30+08:00,2026-09-29T14:45:30+08:00,2026-09-29T18:00:00+08:00,3.242,False,True,False
V4_SHADOW,3094976,2026-09-29,日联杯,松本山雅 vs 新泻天鹅,松本山雅,receiving,0.25,0.77,N,,0,,,D:\codex\v3_legacy\outputs\football_odds_trader\raw\titan007\20260929\20260929_144530_titan007_odds_snapshot.csv,NOT_FINAL_STATE_0,b42b08d618fd21cf9c07,RUN_20260929_144530,v4-market-dirichlet-20260913,2026-09-29T14:45:30+08:00,2026-09-29T14:45:30+08:00,2026-09-29T18:00:00+08:00,3.242,False,True,False
V4_SHADOW,3094977,2026-09-29,日联杯,山形山神 vs 横滨水手,山形山神,receiving,1.0,0.82,N,,0,,,D:\codex\v3_legacy\outputs\football_odds_trader\raw\titan007\20260929\20260929_144530_titan007_odds_snapshot.csv,NOT_FINAL_STATE_0,d64717092cce1293e2de,RUN_20260929_144530,v4-market-dirichlet-20260913,2026-09-29T14:45:30+08:00,2026-09-29T14:45:30+08:00,2026-09-29T18:00:00+08:00,3.242,False,True,False
V4_SHADOW,3094944,2026-09-29,国际友谊,美国U19<font color=#880000>(中)</font> vs 威尔士U19,美国U19<font color=#880000>(中)</font>,giving,-1.5,0.78,C,,0,,,D:\codex\v3_legacy\outputs\football_odds_trader\raw\titan007\20260929\20260929_144530_titan007_odds_snapshot.csv,NOT_FINAL_STATE_0,3b7e1d4ea2638103f7ac,RUN_20260929_144530,v4-market-dirichlet-20260913,2026-09-29T14:45:30+08:00,2026-09-29T14:45:30+08:00,2026-09-29T18:00:00+08:00,3.242,False,True,False
V4_SHADOW,3094945,2026-09-29,国际友谊,比利时U17 vs 苏格兰U17,,,,,,,0,,,D:\codex\v3_legacy\outputs\football_odds_trader\raw\titan007\20260929\20260929_144530_titan007_odds_snapshot.csv,NOT_FINAL_STATE_0,1abd5fc5f669074ac466,RUN_20260929_144530,v4-market-dirichlet-20260913,2026-09-29T14:45:30+08:00,2026-09-29T14:45:30+08:00,2026-09-29T18:00:00+08:00,3.242,False,False,False
V4_SHADOW,3094946,2026-09-29,国际友谊,罗马尼亚U18<font color=#880000>(中)</font> vs 土耳其U18,,,,,,,0,,,D:\codex\v3_legacy\outputs\football_odds_trader\raw\titan007\20260929\20260929_144530_titan007_odds_snapshot.csv,NOT_FINAL_STATE_0,94af58081286dedc943f,RUN_20260929_144530,v4-market-dirichlet-20260913,2026-09-29T14:45:30+08:00,2026-09-29T14:45:30+08:00,2026-09-29T18:00:00+08:00,3.242,False,False,False
V4_SHADOW,3095417,2026-09-29,国际友谊,澳大利亚 vs 巴西,澳大利亚,receiving,1.5,0.82,N,,0,,,D:\codex\v3_legacy\outputs\football_odds_trader\raw\titan007\20260929\20260929_144530_titan007_odds_snapshot.csv,NOT_FINAL_STATE_0,c01e52bb8c8bb1f2417c,RUN_20260929_144530,v4-market-dirichlet-20260913,2026-09-29T14:45:30+08:00,2026-09-29T14:45:30+08:00,2026-09-29T18:00:00+08:00,3.242,False,True,False
V4_SHADOW,3071535,2026-09-29,欧洲U20,葡萄牙U20 vs 瑞士U20,瑞士U20,receiving,1.5,0.84,N,,0,,,D:\codex\v3_legacy\outputs\football_odds_trader\raw\titan007\20260929\20260929_144530_titan007_odds_snapshot.csv,NOT_FINAL_STATE_0,c67d7df33b900f1948b4,RUN_20260929_144530,v4-market-dirichlet-20260913,2026-09-29T14:45:30+08:00,2026-09-29T14:45:30+08:00,2026-09-29T18:00:00+08:00,3.242,False,True,False
V4_SHADOW,3095430,2026-09-29,亚运女足,日本女足 vs 韩国女足,日本女足,giving,-2.0,0.99,B,,0,,,D:\codex\v3_legacy\outputs\football_odds_trader\raw\titan007\20260929\20260929_144530_titan007_odds_snapshot.csv,NOT_FINAL_STATE_0,296c360f58b63e862d10,RUN_20260929_144530,v4-market-dirichlet-20260913,2026-09-29T14:45:30+08:00,2026-09-29T14:45:30+08:00,2026-09-29T18:30:00+08:00,3.742,False,True,False
V4_SHADOW,3094947,2026-09-29,国际友谊,意大利U18<font color=#880000>(中)</font> vs 丹麦U18,,,,,,,0,,,D:\codex\v3_legacy\outputs\football_odds_trader\raw\titan007\20260929\20260929_144530_titan007_odds_snapshot.csv,NOT_FINAL_STATE_0,b001b80ad5f2728cb954,RUN_20260929_144530,v4-market-dirichlet-20260913,2026-09-29T14:45:30+08:00,2026-09-29T14:45:30+08:00,2026-09-29T18:30:00+08:00,3.742,False,False,False
V4_SHADOW,3094948,2026-09-29,国际友谊,乌克兰U17 vs 土耳其U17,,,,,,,0,,,D:\codex\v3_legacy\outputs\football_odds_trader\raw\titan007\20260929\20260929_144530_titan007_odds_snapshot.csv,NOT_FINAL_STATE_0,7b31ef4a9d588722c47e,RUN_20260929_144530,v4-market-dirichlet-20260913,2026-09-29T14:45:30+08:00,2026-09-29T14:45:30+08:00,2026-09-29T18:30:00+08:00,3.742,False,False,False
V4_SHADOW,3094978,2026-09-29,国际友谊,克罗地亚U18 vs 阿尔及利亚U17,,,,,,,0,,,D:\codex\v3_legacy\outputs\football_odds_trader\raw\titan007\20260929\20260929_144530_titan007_odds_snapshot.csv,NOT_FINAL_STATE_0,26cd8906c5643b1dfa32,RUN_20260929_144530,v4-market-dirichlet-20260913,2026-09-29T14:45:30+08:00,2026-09-29T14:45:30+08:00,2026-09-29T18:30:00+08:00,3.742,False,False,False
V4_SHADOW,2951611,2026-09-29,中甲,无锡吴钩 vs 宁波职业足球俱乐部,宁波职业足球俱乐部,receiving,0.25,0.96,N,,0,,,D:\codex\v3_legacy\outputs\football_odds_trader\raw\titan007\20260929\20260929_144530_titan007_odds_snapshot.csv,NOT_FINAL_STATE_0,b925f0468f583562852d,RUN_20260929_144530,v4-market-dirichlet-20260913,2026-09-29T14:45:30+08:00,2026-09-29T14:45:30+08:00,2026-09-29T19:00:00+08:00,4.242,False,True,False
V4_SHADOW,3056237,2026-09-29,葡U23,辛达卡拉U23 vs 费尔格拉斯U23,费尔格拉斯U23,receiving,0.5,0.85,N,,0,,,D:\codex\v3_legacy\outputs\football_odds_trader\raw\titan007\20260929\20260929_144530_titan007_odds_snapshot.csv,NOT_FINAL_STATE_0,02118f922945fb8ae4a3,RUN_20260929_144530,v4-market-dirichlet-20260913,2026-09-29T14:45:30+08:00,2026-09-29T14:45:30+08:00,2026-09-29T19:00:00+08:00,4.242,False,True,False
V4_SHADOW,3094949,2026-09-29,国际友谊,荷兰U17 vs 美国U17,,,,,,,0,,,D:\codex\v3_legacy\outputs\football_odds_trader\raw\titan007\20260929\20260929_144530_titan007_odds_snapshot.csv,NOT_FINAL_STATE_0,c6a25b84f47cd4c68d29,RUN_20260929_144530,v4-market-dirichlet-20260913,2026-09-29T14:45:30+08:00,2026-09-29T14:45:30+08:00,2026-09-29T19:00:00+08:00,4.242,False,False,False
V4_SHADOW,3096134,2026-09-29,中冠,陕西宝鸡联腾 vs 辽宁盛京新锐,,,,,,,0,,,D:\codex\v3_legacy\outputs\football_odds_trader\raw\titan007\20260929\20260929_144530_titan007_odds_snapshot.csv,NOT_FINAL_STATE_0,8fcb6ade588c07e0deec,RUN_20260929_144530,v4-market-dirichlet-20260913,2026-09-29T14:45:30+08:00,2026-09-29T14:45:30+08:00,2026-09-29T19:30:00+08:00,4.742,False,False,False
V4_SHADOW,3096136,2026-09-29,中冠,深圳吉祥 vs 四川三一八重龙,,,,,,,0,,,D:\codex\v3_legacy\outputs\football_odds_trader\raw\titan007\20260929\20260929_144530_titan007_odds_snapshot.csv,NOT_FINAL_STATE_0,769ab9b2167f97935c4f,RUN_20260929_144530,v4-market-dirichlet-20260913,2026-09-29T14:45:30+08:00,2026-09-29T14:45:30+08:00,2026-09-29T19:30:00+08:00,4.742,False,False,False
V4_SHADOW,3001070,2026-09-29,非洲杯,科摩罗 vs 纳米比亚,纳米比亚,receiving,0.5,0.91,N,,0,,,D:\codex\v3_legacy\outputs\football_odds_trader\raw\titan007\20260929\20260929_144530_titan007_odds_snapshot.csv,NOT_FINAL_STATE_0,7d45feb6dd09063a4717,RUN_20260929_144530,v4-market-dirichlet-20260913,2026-09-29T14:45:30+08:00,2026-09-29T14:45:30+08:00,2026-09-29T20:00:00+08:00,5.242,False,True,False
V4_SHADOW,2997301,2026-09-29,欧青U17,直布罗陀U17 vs 波黑U17,,,,,,,0,,,D:\codex\v3_legacy\outputs\football_odds_trader\raw\titan007\20260929\20260929_144530_titan007_odds_snapshot.csv,NOT_FINAL_STATE_0,ebe2afd9250675bbd827,RUN_20260929_144530,v4-market-dirichlet-20260913,2026-09-29T14:45:30+08:00,2026-09-29T14:45:30+08:00,2026-09-29T20:00:00+08:00,5.242,False,False,False
V4_SHADOW,2997302,2026-09-29,欧青U17,希腊U17 vs 冰岛U17,,,,,,,0,,,D:\codex\v3_legacy\outputs\football_odds_trader\raw\titan007\20260929\20260929_144530_titan007_odds_snapshot.csv,NOT_FINAL_STATE_0,f7bf00a1aa74c35e6614,RUN_20260929_144530,v4-market-dirichlet-20260913,2026-09-29T14:45:30+08:00,2026-09-29T14:45:30+08:00,2026-09-29T20:00:00+08:00,5.242,False,False,False
V4_SHADOW,2955852,2026-09-29,瑞青超南,马模U21 vs 哈尔姆斯塔德U21,,,,,,,0,,,D:\codex\v3_legacy\outputs\football_odds_trader\raw\titan007\20260929\20260929_144530_titan007_odds_snapshot.csv,NOT_FINAL_STATE_0,b6b4cf7f3d63e805af95,RUN_20260929_144530,v4-market-dirichlet-20260913,2026-09-29T14:45:30+08:00,2026-09-29T14:45:30+08:00,2026-09-29T20:00:00+08:00,5.242,False,False,False
V4_SHADOW,2955874,2026-09-29,瑞青超南,渥那模U21 vs 法肯柏尔U21,,,,,,,0,,,D:\codex\v3_legacy\outputs\football_odds_trader\raw\titan007\20260929\20260929_144530_titan007_odds_snapshot.csv,NOT_FINAL_STATE_0,63ca5bd0e29bfae500b8,RUN_20260929_144530,v4-market-dirichlet-20260913,2026-09-29T14:45:30+08:00,2026-09-29T14:45:30+08:00,2026-09-29T20:00:00+08:00,5.242,False,False,False
V4_SHADOW,2955875,2026-09-29,瑞青超南,卡尔马U21 vs 奥斯达U21,,,,,,,0,,,D:\codex\v3_legacy\outputs\football_odds_trader\raw\titan007\20260929\20260929_144530_titan007_odds_snapshot.csv,NOT_FINAL_STATE_0,8f9dd91ba969faa81dcb,RUN_20260929_144530,v4-market-dirichlet-20260913,2026-09-29T14:45:30+08:00,2026-09-29T14:45:30+08:00,2026-09-29T20:00:00+08:00,5.242,False,False,False
V4_SHADOW,3096460,2026-09-29,英后备,普雷斯顿后备队 vs 雷克瑟姆后备队,,,,,,,0,,,D:\codex\v3_legacy\outputs\football_odds_trader\raw\titan007\20260929\20260929_144530_titan007_odds_snapshot.csv,NOT_FINAL_STATE_0,8e7bdbf139af4e86b972,RUN_20260929_144530,v4-market-dirichlet-20260913,2026-09-29T14:45:30+08:00,2026-09-29T14:45:30+08:00,2026-09-29T20:00:00+08:00,5.242,False,False,False
V4_SHADOW,3096461,2026-09-29,英后备,打比郡后备队 vs 罗瑟汉姆后备队,罗瑟汉姆后备队,receiving,0.75,0.91,N,,0,,,D:\codex\v3_legacy\outputs\football_odds_trader\raw\titan007\20260929\20260929_144530_titan007_odds_snapshot.csv,NOT_FINAL_STATE_0,e5af0fc6df869fd55dc3,RUN_20260929_144530,v4-market-dirichlet-20260913,2026-09-29T14:45:30+08:00,2026-09-29T14:45:30+08:00,2026-09-29T20:00:00+08:00,5.242,False,True,False
V4_SHADOW,3094941,2026-09-29,不丹廷联,竹巴FC vs 运输联足球俱乐部,,,,,,,0,,,D:\codex\v3_legacy\outputs\football_odds_trader\raw\titan007\20260929\20260929_144530_titan007_odds_snapshot.csv,NOT_FINAL_STATE_0,ee9736a4b00dfc4bf120,RUN_20260929_144530,v4-market-dirichlet-20260913,2026-09-29T14:45:30+08:00,2026-09-29T14:45:30+08:00,2026-09-29T20:00:00+08:00,5.242,False,False,False
V4_SHADOW,3096170,2026-09-29,国际友谊,摩尔多瓦U19 vs 塞浦路斯U19,,,,,,,0,,,D:\codex\v3_legacy\outputs\football_odds_trader\raw\titan007\20260929\20260929_144530_titan007_odds_snapshot.csv,NOT_FINAL_STATE_0,30679af4a7ac833dc749,RUN_20260929_144530,v4-market-dirichlet-20260913,2026-09-29T14:45:30+08:00,2026-09-29T14:45:30+08:00,2026-09-29T20:00:00+08:00,5.242,False,False,False
V4_SHADOW,3059201,2026-09-29,英乙U21,查尔顿U21 vs 米禾尔U21,米禾尔U21,receiving,0.75,0.85,N,,0,,,D:\codex\v3_legacy\outputs\football_odds_trader\raw\titan007\20260929\20260929_144530_titan007_odds_snapshot.csv,NOT_FINAL_STATE_0,9c72325de5babb8517cb,RUN_20260929_144530,v4-market-dirichlet-20260913,2026-09-29T14:45:30+08:00,2026-09-29T14:45:30+08:00,2026-09-29T20:00:00+08:00,5.242,False,True,False
V4_SHADOW,3059202,2026-09-29,英乙U21,考文垂U21 vs 高车士打U21,高车士打U21,receiving,1.0,0.79,N,,0,,,D:\codex\v3_legacy\outputs\football_odds_trader\raw\titan007\20260929\20260929_144530_titan007_odds_snapshot.csv,NOT_FINAL_STATE_0,c723cc88b641826023ea,RUN_20260929_144530,v4-market-dirichlet-20260913,2026-09-29T14:45:30+08:00,2026-09-29T14:45:30+08:00,2026-09-29T20:00:00+08:00,5.242,False,True,False
V4_SHADOW,3059203,2026-09-29,英乙U21,赫尔城U21 vs 保顿U21,赫尔城U21,receiving,0.25,0.66,N,,0,,,D:\codex\v3_legacy\outputs\football_odds_trader\raw\titan007\20260929\20260929_144530_titan007_odds_snapshot.csv,NOT_FINAL_STATE_0,3aa2ef542f05ed9bbb14,RUN_20260929_144530,v4-market-dirichlet-20260913,2026-09-29T14:45:30+08:00,2026-09-29T14:45:30+08:00,2026-09-29T20:00:00+08:00,5.242,False,True,False
V4_SHADOW,3059204,2026-09-29,英乙U21,彼得堡联U21 vs 弗利特伍德U21,,neutral,,,,,0,,,D:\codex\v3_legacy\outputs\football_odds_trader\raw\titan007\20260929\20260929_144530_titan007_odds_snapshot.csv,NOT_FINAL_STATE_0,2b9b15ecf194fc0198bf,RUN_20260929_144530,v4-market-dirichlet-20260913,2026-09-29T14:45:30+08:00,2026-09-29T14:45:30+08:00,2026-09-29T20:00:00+08:00,5.242,False,False,False
V4_SHADOW,3059205,2026-09-29,英乙U21,维冈竞技U21 vs 哈德斯菲尔德U21,维冈竞技U21,receiving,0.25,0.86,N,,0,,,D:\codex\v3_legacy\outputs\football_odds_trader\raw\titan007\20260929\20260929_144530_titan007_odds_snapshot.csv,NOT_FINAL_STATE_0,1fa4dacc79f4aa019864,RUN_20260929_144530,v4-market-dirichlet-20260913,2026-09-29T14:45:30+08:00,2026-09-29T14:45:30+08:00,2026-09-29T20:00:00+08:00,5.242,False,True,False
V4_SHADOW,3094950,2026-09-29,国际友谊,保加利亚U19<font color=#880000>(中)</font> vs 罗马尼亚U19,保加利亚U19<font color=#880000>(中)</font>,receiving,0.25,0.83,N,,0,,,D:\codex\v3_legacy\outputs\football_odds_trader\raw\titan007\20260929\20260929_144530_titan007_odds_snapshot.csv,NOT_FINAL_STATE_0,b42314d4701659cbda33,RUN_20260929_144530,v4-market-dirichlet-20260913,2026-09-29T14:45:30+08:00,2026-09-29T14:45:30+08:00,2026-09-29T20:30:00+08:00,5.742,False,True,False
V4_SHADOW,3088947,2026-09-29,东盟杯,泰国<font color=#880000>(中)</font> vs 越南,越南,receiving,0.25,0.88,N,,0,,,D:\codex\v3_legacy\outputs\football_odds_trader\raw\titan007\20260929\20260929_144530_titan007_odds_snapshot.csv,NOT_FINAL_STATE_0,3c4deafd9c6811ad5d00,RUN_20260929_144530,v4-market-dirichlet-20260913,2026-09-29T14:45:30+08:00,2026-09-29T14:45:30+08:00,2026-09-29T20:30:00+08:00,5.742,False,True,False
V4_SHADOW,3000998,2026-09-29,非洲杯,莱索托 vs 摩洛哥,莱索托,receiving,3.25,0.83,N,,0,,,D:\codex\v3_legacy\outputs\football_odds_trader\raw\titan007\20260929\20260929_144530_titan007_odds_snapshot.csv,NOT_FINAL_STATE_0,7ae516c176d77ab8daa0,RUN_20260929_144530,v4-market-dirichlet-20260913,2026-09-29T14:45:30+08:00,2026-09-29T14:45:30+08:00,2026-09-29T21:00:00+08:00,6.242,False,True,False
V4_SHADOW,3001011,2026-09-29,非洲杯,南苏丹 vs 埃及,南苏丹,receiving,1.75,1.01,N,,0,,,D:\codex\v3_legacy\outputs\football_odds_trader\raw\titan007\20260929\20260929_144530_titan007_odds_snapshot.csv,NOT_FINAL_STATE_0,f7e25596e3fea4e2032e,RUN_20260929_144530,v4-market-dirichlet-20260913,2026-09-29T14:45:30+08:00,2026-09-29T14:45:30+08:00,2026-09-29T21:00:00+08:00,6.242,False,True,False
V4_SHADOW,3001094,2026-09-29,非洲杯,布隆迪 vs 阿尔及利亚,布隆迪,receiving,1.5,0.95,N,,0,,,D:\codex\v3_legacy\outputs\football_odds_trader\raw\titan007\20260929\20260929_144530_titan007_odds_snapshot.csv,NOT_FINAL_STATE_0,70e33eb7442a07f63927,RUN_20260929_144530,v4-market-dirichlet-20260913,2026-09-29T14:45:30+08:00,2026-09-29T14:45:30+08:00,2026-09-29T21:00:00+08:00,6.242,False,True,False
V4_SHADOW,3001106,2026-09-29,非洲杯,埃塞俄比亚 vs 塞内加尔,塞内加尔,giving,-1.25,0.82,N,,0,,,D:\codex\v3_legacy\outputs\football_odds_trader\raw\titan007\20260929\20260929_144530_titan007_odds_snapshot.csv,NOT_FINAL_STATE_0,6db3f75b95ef12be97d6,RUN_20260929_144530,v4-market-dirichlet-20260913,2026-09-29T14:45:30+08:00,2026-09-29T14:45:30+08:00,2026-09-29T21:00:00+08:00,6.242,False,True,False
V4_SHADOW,3001107,2026-09-29,非洲杯,莫桑比克 vs 苏丹,苏丹,receiving,0.5,0.84,N,,0,,,D:\codex\v3_legacy\outputs\football_odds_trader\raw\titan007\20260929\20260929_144530_titan007_odds_snapshot.csv,NOT_FINAL_STATE_0,2ab278d9105e36b8d22d,RUN_20260929_144530,v4-market-dirichlet-20260913,2026-09-29T14:45:30+08:00,2026-09-29T14:45:30+08:00,2026-09-29T21:00:00+08:00,6.242,False,True,False
V4_SHADOW,3096169,2026-09-29,乌拉后备,蒙得维多后备队 vs 漫游者后备队,蒙得维多后备队,receiving,0.25,0.9,N,,0,,,D:\codex\v3_legacy\outputs\football_odds_trader\raw\titan007\20260929\20260929_144530_titan007_odds_snapshot.csv,NOT_FINAL_STATE_0,ff2caf32252b24cd0a4a,RUN_20260929_144530,v4-market-dirichlet-20260913,2026-09-29T14:45:30+08:00,2026-09-29T14:45:30+08:00,2026-09-29T21:00:00+08:00,6.242,False,True,False
V4_SHADOW,3094951,2026-09-29,国际友谊,卡塔尔U18 vs 匈牙利U18,,,,,,,0,,,D:\codex\v3_legacy\outputs\football_odds_trader\raw\titan007\20260929\20260929_144530_titan007_odds_snapshot.csv,NOT_FINAL_STATE_0,0917a1df727d52ac4bd5,RUN_20260929_144530,v4-market-dirichlet-20260913,2026-09-29T14:45:30+08:00,2026-09-29T14:45:30+08:00,2026-09-29T21:00:00+08:00,6.242,False,False,False
V4_SHADOW,3095428,2026-09-29,国际友谊,北马其顿U17 vs 卢森堡U17,,,,,,,0,,,D:\codex\v3_legacy\outputs\football_odds_trader\raw\titan007\20260929\20260929_144530_titan007_odds_snapshot.csv,NOT_FINAL_STATE_0,9cbe1ad8b2ea7a54c9e7,RUN_20260929_144530,v4-market-dirichlet-20260913,2026-09-29T14:45:30+08:00,2026-09-29T14:45:30+08:00,2026-09-29T21:00:00+08:00,6.242,False,False,False
V4_SHADOW,3094470,2026-09-29,非洲U23杯,马拉维U23 vs 斯威士兰U23,,,,,,,0,,,D:\codex\v3_legacy\outputs\football_odds_trader\raw\titan007\20260929\20260929_144530_titan007_odds_snapshot.csv,NOT_FINAL_STATE_0,328bed5c5b140a6b4439,RUN_20260929_144530,v4-market-dirichlet-20260913,2026-09-29T14:45:30+08:00,2026-09-29T14:45:30+08:00,2026-09-29T21:00:00+08:00,6.242,False,False,False
V4_SHADOW,3089744,2026-09-29,斯伐杯,国际巴迪斯拉华 vs 波德布雷佐瓦,国际巴迪斯拉华,receiving,1.0,0.77,N,,0,,,D:\codex\v3_legacy\outputs\football_odds_trader\raw\titan007\20260929\20260929_144530_titan007_odds_snapshot.csv,NOT_FINAL_STATE_0,ff18506a716e3abf5355,RUN_20260929_144530,v4-market-dirichlet-20260913,2026-09-29T14:45:30+08:00,2026-09-29T14:45:30+08:00,2026-09-29T21:30:00+08:00,6.742,False,True,False
V4_SHADOW,3089241,2026-09-29,伊朗甲,拉夫桑贾 vs 比萨克尔曼沙,,,,,,,0,,,D:\codex\v3_legacy\outputs\football_odds_trader\raw\titan007\20260929\20260929_144530_titan007_odds_snapshot.csv,NOT_FINAL_STATE_0,6d49ced45b8f6114e5ee,RUN_20260929_144530,v4-market-dirichlet-20260913,2026-09-29T14:45:30+08:00,2026-09-29T14:45:30+08:00,2026-09-29T21:30:00+08:00,6.742,False,False,False
V4_SHADOW,3094952,2026-09-29,国际友谊,意大利U17 vs 韩国U17,,,,,,,0,,,D:\codex\v3_legacy\outputs\football_odds_trader\raw\titan007\20260929\20260929_144530_titan007_odds_snapshot.csv,NOT_FINAL_STATE_0,390239c033ee7ff790e1,RUN_20260929_144530,v4-market-dirichlet-20260913,2026-09-29T14:45:30+08:00,2026-09-29T14:45:30+08:00,2026-09-29T21:30:00+08:00,6.742,False,False,False
V4_SHADOW,3001131,2026-09-29,非洲杯,马达加斯加 vs 坦桑尼亚,,,,,,,0,,,D:\codex\v3_legacy\outputs\football_odds_trader\raw\titan007\20260929\20260929_144530_titan007_odds_snapshot.csv,NOT_FINAL_STATE_0,33b68079f74ab77b3875,RUN_20260929_144530,v4-market-dirichlet-20260913,2026-09-29T14:45:30+08:00,2026-09-29T14:45:30+08:00,2026-09-29T22:00:00+08:00,7.242,False,False,False
V4_SHADOW,2781367,2026-09-29,欧青U21外,斯洛文尼亚U21 vs 以色列U21,,neutral,,,,,0,,,D:\codex\v3_legacy\outputs\football_odds_trader\raw\titan007\20260929\20260929_144530_titan007_odds_snapshot.csv,NOT_FINAL_STATE_0,f0803325e4ab9024597a,RUN_20260929_144530,v4-market-dirichlet-20260913,2026-09-29T14:45:30+08:00,2026-09-29T14:45:30+08:00,2026-09-29T22:00:00+08:00,7.242,False,False,False
V4_SHADOW,3037405,2026-09-29,英依超,卡尔顿斯 vs 恩菲尔德镇,,,,,,,0,,,D:\codex\v3_legacy\outputs\football_odds_trader\raw\titan007\20260929\20260929_144530_titan007_odds_snapshot.csv,NOT_FINAL_STATE_0,1b7b0858177b247e3012,RUN_20260929_144530,v4-market-dirichlet-20260913,2026-09-29T14:45:30+08:00,2026-09-29T14:45:30+08:00,2026-09-29T22:00:00+08:00,7.242,False,False,False
V4_SHADOW,3037406,2026-09-29,英依超,切尔滕纳姆 vs 威灵,,,,,,,0,,,D:\codex\v3_legacy\outputs\football_odds_trader\raw\titan007\20260929\20260929_144530_titan007_odds_snapshot.csv,NOT_FINAL_STATE_0,2d9513443820c31ca99f,RUN_20260929_144530,v4-market-dirichlet-20260913,2026-09-29T14:45:30+08:00,2026-09-29T14:45:30+08:00,2026-09-29T22:00:00+08:00,7.242,False,False,False
V4_SHADOW,3037411,2026-09-29,英依超,圣阿尔班斯 vs 布格斯,,,,,,,0,,,D:\codex\v3_legacy\outputs\football_odds_trader\raw\titan007\20260929\20260929_144530_titan007_odds_snapshot.csv,NOT_FINAL_STATE_0,e0f88f75f29eb23b8042,RUN_20260929_144530,v4-market-dirichlet-20260913,2026-09-29T14:45:30+08:00,2026-09-29T14:45:30+08:00,2026-09-29T22:00:00+08:00,7.242,False,False,False
V4_SHADOW,3037415,2026-09-29,英依超,云吉特 vs 拉姆斯盖特,,,,,,,0,,,D:\codex\v3_legacy\outputs\football_odds_trader\raw\titan007\20260929\20260929_144530_titan007_odds_snapshot.csv,NOT_FINAL_STATE_0,e7915e6b052848ccf27e,RUN_20260929_144530,v4-market-dirichlet-20260913,2026-09-29T14:45:30+08:00,2026-09-29T14:45:30+08:00,2026-09-29T22:00:00+08:00,7.242,False,False,False
V4_SHADOW,3044656,2026-09-29,英北超,阿芙罗 vs 阿斯顿联,,,,,,,0,,,D:\codex\v3_legacy\outputs\football_odds_trader\raw\titan007\20260929\20260929_144530_titan007_odds_snapshot.csv,NOT_FINAL_STATE_0,c2b1d6df5713bd951da5,RUN_20260929_144530,v4-market-dirichlet-20260913,2026-09-29T14:45:30+08:00,2026-09-29T14:45:30+08:00,2026-09-29T22:00:00+08:00,7.242,False,False,False
V4_SHADOW,3044658,2026-09-29,英北超,阿什顿 vs 曼彻斯特FC,,,,,,,0,,,D:\codex\v3_legacy\outputs\football_odds_trader\raw\titan007\20260929\20260929_144530_titan007_odds_snapshot.csv,NOT_FINAL_STATE_0,8ce7ac5b6fe6e50c954c,RUN_20260929_144530,v4-market-dirichlet-20260913,2026-09-29T14:45:30+08:00,2026-09-29T14:45:30+08:00,2026-09-29T22:00:00+08:00,7.242,False,False,False
V4_SHADOW,3044662,2026-09-29,英北超,夸恩 vs 伯利,,,,,,,0,,,D:\codex\v3_legacy\outputs\football_odds_trader\raw\titan007\20260929\20260929_144530_titan007_odds_snapshot.csv,NOT_FINAL_STATE_0,fb2b1fd0e4e45bac6935,RUN_20260929_144530,v4-market-dirichlet-20260913,2026-09-29T14:45:30+08:00,2026-09-29T14:45:30+08:00,2026-09-29T22:00:00+08:00,7.242,False,False,False
V4_SHADOW,3096145,2026-09-29,乌拉后备,波士顿河后备队 vs 阿尔比恩后备队,,neutral,,,,,0,,,D:\codex\v3_legacy\outputs\football_odds_trader\raw\titan007\20260929\20260929_144530_titan007_odds_snapshot.csv,NOT_FINAL_STATE_0,b0abee3fe2df620e0c25,RUN_20260929_144530,v4-market-dirichlet-20260913,2026-09-29T14:45:30+08:00,2026-09-29T14:45:30+08:00,2026-09-29T22:00:00+08:00,7.242,False,False,False
V4_SHADOW,3096462,2026-09-29,爱沙U19,内姆梅区联U19 vs 祖维凤凰U19,,,,,,,0,,,D:\codex\v3_legacy\outputs\football_odds_trader\raw\titan007\20260929\20260929_144530_titan007_odds_snapshot.csv,NOT_FINAL_STATE_0,9f41c1f6045191e45c45,RUN_20260929_144530,v4-market-dirichlet-20260913,2026-09-29T14:45:30+08:00,2026-09-29T14:45:30+08:00,2026-09-29T22:00:00+08:00,7.242,False,False,False
V4_SHADOW,3094953,2026-09-29,国际友谊,挪威U19 vs 英格兰U19,,,,,,,0,,,D:\codex\v3_legacy\outputs\football_odds_trader\raw\titan007\20260929\20260929_144530_titan007_odds_snapshot.csv,NOT_FINAL_STATE_0,cf1ba05a435b54e95c94,RUN_20260929_144530,v4-market-dirichlet-20260913,2026-09-29T14:45:30+08:00,2026-09-29T14:45:30+08:00,2026-09-29T22:00:00+08:00,7.242,False,False,False
V4_SHADOW,3094954,2026-09-29,国际友谊,摩洛哥U17 vs 澳大利亚U17,,,,,,,0,,,D:\codex\v3_legacy\outputs\football_odds_trader\raw\titan007\20260929\20260929_144530_titan007_odds_snapshot.csv,NOT_FINAL_STATE_0,959c01837ee100aca296,RUN_20260929_144530,v4-market-dirichlet-20260913,2026-09-29T14:45:30+08:00,2026-09-29T14:45:30+08:00,2026-09-29T22:00:00+08:00,7.242,False,False,False
V4_SHADOW,3094955,2026-09-29,国际友谊,智利U17 vs 沙特阿拉伯U17,,,,,,,0,,,D:\codex\v3_legacy\outputs\football_odds_trader\raw\titan007\20260929\20260929_144530_titan007_odds_snapshot.csv,NOT_FINAL_STATE_0,a795e69fec28c5850afa,RUN_20260929_144530,v4-market-dirichlet-20260913,2026-09-29T14:45:30+08:00,2026-09-29T14:45:30+08:00,2026-09-29T22:00:00+08:00,7.242,False,False,False
V4_SHADOW,3094956,2026-09-29,国际友谊,塞尔维亚U19 vs 匈牙利U19,,neutral,,,,,0,,,D:\codex\v3_legacy\outputs\football_odds_trader\raw\titan007\20260929\20260929_144530_titan007_odds_snapshot.csv,NOT_FINAL_STATE_0,240493a326d81677b668,RUN_20260929_144530,v4-market-dirichlet-20260913,2026-09-29T14:45:30+08:00,2026-09-29T14:45:30+08:00,2026-09-29T22:30:00+08:00,7.742,False,False,False
V4_SHADOW,3095426,2026-09-29,阿联杯,阿尔富伊拉 vs 阿尔咸拉,阿尔富伊拉,giving,-1.5,0.99,B,,0,,,D:\codex\v3_legacy\outputs\football_odds_trader\raw\titan007\20260929\20260929_144530_titan007_odds_snapshot.csv,NOT_FINAL_STATE_0,da2769a540e4ecba6f5f,RUN_20260929_144530,v4-market-dirichlet-20260913,2026-09-29T14:45:30+08:00,2026-09-29T14:45:30+08:00,2026-09-29T22:35:00+08:00,7.825,False,True,False
V4_SHADOW,3095427,2026-09-29,阿联杯,棕榈城 vs 迪巴,,,,,,,0,,,D:\codex\v3_legacy\outputs\football_odds_trader\raw\titan007\20260929\20260929_144530_titan007_odds_snapshot.csv,NOT_FINAL_STATE_0,8b91d8a173a8097debeb,RUN_20260929_144530,v4-market-dirichlet-20260913,2026-09-29T14:45:30+08:00,2026-09-29T14:45:30+08:00,2026-09-29T22:40:00+08:00,7.908,False,False,False
V4_SHADOW,2781286,2026-09-29,欧青U21外,冰岛U21 vs 瑞士U21,,neutral,,,,,0,,,D:\codex\v3_legacy\outputs\football_odds_trader\raw\titan007\20260929\20260929_144530_titan007_odds_snapshot.csv,NOT_FINAL_STATE_0,3fe15f1a4d57bee99872,RUN_20260929_144530,v4-market-dirichlet-20260913,2026-09-29T14:45:30+08:00,2026-09-29T14:45:30+08:00,2026-09-29T23:00:00+08:00,8.242,False,False,False
V4_SHADOW,3089302,2026-09-29,卡塔杯,阿尔科尔 vs 乌姆沙拉尔,,neutral,,,,,0,,,D:\codex\v3_legacy\outputs\football_odds_trader\raw\titan007\20260929\20260929_144530_titan007_odds_snapshot.csv,NOT_FINAL_STATE_0,a4c0369cbbe9f086392f,RUN_20260929_144530,v4-market-dirichlet-20260913,2026-09-29T14:45:30+08:00,2026-09-29T14:45:30+08:00,2026-09-29T23:00:00+08:00,8.242,False,False,False
V4_SHADOW,3094957,2026-09-29,国际友谊,斯洛文尼亚女足U17 vs 斯洛伐克女足U17,,,,,,,0,,,D:\codex\v3_legacy\outputs\football_odds_trader\raw\titan007\20260929\20260929_144530_titan007_odds_snapshot.csv,NOT_FINAL_STATE_0,417d492540d201d35c70,RUN_20260929_144530,v4-market-dirichlet-20260913,2026-09-29T14:45:30+08:00,2026-09-29T14:45:30+08:00,2026-09-29T23:00:00+08:00,8.242,False,False,False
V4_SHADOW,3093617,2026-09-29,西亚U17,阿联酋U17 vs 阿曼U17,,,,,,,0,,,D:\codex\v3_legacy\outputs\football_odds_trader\raw\titan007\20260929\20260929_144530_titan007_odds_snapshot.csv,NOT_FINAL_STATE_0,0daeee3f845aaceac230,RUN_20260929_144530,v4-market-dirichlet-20260913,2026-09-29T14:45:30+08:00,2026-09-29T14:45:30+08:00,2026-09-29T23:00:00+08:00,8.242,False,False,False
V4_SHADOW,3071537,2026-09-29,欧洲U20,德国U20 vs 意大利U20,德国U20,giving,-1.0,0.99,N,,0,,,D:\codex\v3_legacy\outputs\football_odds_trader\raw\titan007\20260929\20260929_144530_titan007_odds_snapshot.csv,NOT_FINAL_STATE_0,e04f6be86c3664eab1d3,RUN_20260929_144530,v4-market-dirichlet-20260913,2026-09-29T14:45:30+08:00,2026-09-29T14:45:30+08:00,2026-09-29T23:30:00+08:00,8.742,False,True,False
V4_SHADOW,2981533,2026-09-29,欧国联,芬兰 vs 白俄罗斯,芬兰,giving,-1.0,1.06,N,,0,,,D:\codex\v3_legacy\outputs\football_odds_trader\raw\titan007\20260929\20260929_144530_titan007_odds_snapshot.csv,NOT_FINAL_STATE_0,fe6cc7a60d54ccc50fff,RUN_20260929_144530,v4-market-dirichlet-20260913,2026-09-29T14:45:30+08:00,2026-09-29T14:45:30+08:00,2026-09-30T00:00:00+08:00,9.242,False,True,False
V4_SHADOW,2981535,2026-09-29,欧国联,摩尔多瓦 vs 法罗群岛,,,,,,,0,,,D:\codex\v3_legacy\outputs\football_odds_trader\raw\titan007\20260929\20260929_144530_titan007_odds_snapshot.csv,NOT_FINAL_STATE_0,51f5dc1e20af4e0a710a,RUN_20260929_144530,v4-market-dirichlet-20260913,2026-09-29T14:45:30+08:00,2026-09-29T14:45:30+08:00,2026-09-30T00:00:00+08:00,9.242,False,False,False
V4_SHADOW,3001022,2026-09-29,非洲杯,加纳 vs 冈比亚,冈比亚,receiving,1.0,0.98,C,,0,,,D:\codex\v3_legacy\outputs\football_odds_trader\raw\titan007\20260929\20260929_144530_titan007_odds_snapshot.csv,NOT_FINAL_STATE_0,0bb4d72c6241f60dbfe5,RUN_20260929_144530,v4-market-dirichlet-20260913,2026-09-29T14:45:30+08:00,2026-09-29T14:45:30+08:00,2026-09-30T00:00:00+08:00,9.242,False,True,False
V4_SHADOW,3001082,2026-09-29,非洲杯,乌干达 vs 利比亚,利比亚,receiving,0.5,0.89,N,,0,,,D:\codex\v3_legacy\outputs\football_odds_trader\raw\titan007\20260929\20260929_144530_titan007_odds_snapshot.csv,NOT_FINAL_STATE_0,43769f13351059db8a90,RUN_20260929_144530,v4-market-dirichlet-20260913,2026-09-29T14:45:30+08:00,2026-09-29T14:45:30+08:00,2026-09-30T00:00:00+08:00,9.242,False,True,False
V4_SHADOW,3001095,2026-09-29,非洲杯,赞比亚 vs 多哥,多哥,receiving,0.5,0.89,N,,0,,,D:\codex\v3_legacy\outputs\football_odds_trader\raw\titan007\20260929\20260929_144530_titan007_odds_snapshot.csv,NOT_FINAL_STATE_0,de475aef767c009af9de,RUN_20260929_144530,v4-market-dirichlet-20260913,2026-09-29T14:45:30+08:00,2026-09-29T14:45:30+08:00,2026-09-30T00:00:00+08:00,9.242,False,True,False
V4_SHADOW,3001118,2026-09-29,非洲杯,佛得角 vs 卢旺达,卢旺达,receiving,1.0,1.01,C,,0,,,D:\codex\v3_legacy\outputs\football_odds_trader\raw\titan007\20260929\20260929_144530_titan007_odds_snapshot.csv,NOT_FINAL_STATE_0,f01c982ee9d067955907,RUN_20260929_144530,v4-market-dirichlet-20260913,2026-09-29T14:45:30+08:00,2026-09-29T14:45:30+08:00,2026-09-30T00:00:00+08:00,9.242,False,True,False
V4_SHADOW,3001130,2026-09-29,非洲杯,几内亚比绍 vs 尼日利亚,几内亚比绍,receiving,1.0,0.99,C,,0,,,D:\codex\v3_legacy\outputs\football_odds_trader\raw\titan007\20260929\20260929_144530_titan007_odds_snapshot.csv,NOT_FINAL_STATE_0,db31b36410faa2092a74,RUN_20260929_144530,v4-market-dirichlet-20260913,2026-09-29T14:45:30+08:00,2026-09-29T14:45:30+08:00,2026-09-30T00:00:00+08:00,9.242,False,True,False
V4_SHADOW,2781285,2026-09-29,欧青U21外,爱沙尼亚U21 vs 法国U21,爱沙尼亚U21,receiving,3.5,0.94,N,,0,,,D:\codex\v3_legacy\outputs\football_odds_trader\raw\titan007\20260929\20260929_144530_titan007_odds_snapshot.csv,NOT_FINAL_STATE_0,a43bb6c01687502661ab,RUN_20260929_144530,v4-market-dirichlet-20260913,2026-09-29T14:45:30+08:00,2026-09-29T14:45:30+08:00,2026-09-30T00:00:00+08:00,9.242,False,True,False
V4_SHADOW,2781366,2026-09-29,欧青U21外,挪威U21 vs 波黑U21,波黑U21,receiving,1.5,1.04,N,,0,,,D:\codex\v3_legacy\outputs\football_odds_trader\raw\titan007\20260929\20260929_144530_titan007_odds_snapshot.csv,NOT_FINAL_STATE_0,d2ed201f18451c8c3c7d,RUN_20260929_144530,v4-market-dirichlet-20260913,2026-09-29T14:45:30+08:00,2026-09-29T14:45:30+08:00,2026-09-30T00:00:00+08:00,9.242,False,True,False
V4_SHADOW,3094960,2026-09-29,球会友谊,萨伦多夫赫塔 vs 柏林赫塔,,,,,,,0,,,D:\codex\v3_legacy\outputs\football_odds_trader\raw\titan007\20260929\20260929_144530_titan007_odds_snapshot.csv,NOT_FINAL_STATE_0,412d6e91300153e64a75,RUN_20260929_144530,v4-market-dirichlet-20260913,2026-09-29T14:45:30+08:00,2026-09-29T14:45:30+08:00,2026-09-30T00:00:00+08:00,9.242,False,False,False
V4_SHADOW,3040402,2026-09-29,丹女超,欧登塞女足 vs AGF女足,,,,,,,0,,,D:\codex\v3_legacy\outputs\football_odds_trader\raw\titan007\20260929\20260929_144530_titan007_odds_snapshot.csv,NOT_FINAL_STATE_0,085cd08081bdf22e9cf4,RUN_20260929_144530,v4-market-dirichlet-20260913,2026-09-29T14:45:30+08:00,2026-09-29T14:45:30+08:00,2026-09-30T00:00:00+08:00,9.242,False,False,False
V4_SHADOW,3050277,2026-09-29,塞尔甲,沃日多瓦茨 vs 纳普里达克,纳普里达克,receiving,0.25,0.85,N,,0,,,D:\codex\v3_legacy\outputs\football_odds_trader\raw\titan007\20260929\20260929_144530_titan007_odds_snapshot.csv,NOT_FINAL_STATE_0,c3810fb98a5748243ee0,RUN_20260929_144530,v4-market-dirichlet-20260913,2026-09-29T14:45:30+08:00,2026-09-29T14:45:30+08:00,2026-09-30T00:00:00+08:00,9.242,False,True,False
V4_SHADOW,3096112,2026-09-29,国际友谊,俄罗斯 vs 伊朗,俄罗斯,giving,-0.75,0.98,N,,0,,,D:\codex\v3_legacy\outputs\football_odds_trader\raw\titan007\20260929\20260929_144530_titan007_odds_snapshot.csv,NOT_FINAL_STATE_0,f30d1ea4f6cbaab58f57,RUN_20260929_144530,v4-market-dirichlet-20260913,2026-09-29T14:45:30+08:00,2026-09-29T14:45:30+08:00,2026-09-30T00:00:00+08:00,9.242,False,True,False
V4_SHADOW,3071534,2026-09-29,欧洲U20,波兰U20 vs 捷克U20,,neutral,,,,,0,,,D:\codex\v3_legacy\outputs\football_odds_trader\raw\titan007\20260929\20260929_144530_titan007_odds_snapshot.csv,NOT_FINAL_STATE_0,2fde1ce6ebeacc4739ed,RUN_20260929_144530,v4-market-dirichlet-20260913,2026-09-29T14:45:30+08:00,2026-09-29T14:45:30+08:00,2026-09-30T00:00:00+08:00,9.242,False,False,False
V4_SHADOW,3001058,2026-09-29,非洲杯,贝宁<font color=#880000>(中)</font> vs 毛里塔尼亚,,,,,,,0,,,D:\codex\v3_legacy\outputs\football_odds_trader\raw\titan007\20260929\20260929_144530_titan007_odds_snapshot.csv,NOT_FINAL_STATE_0,03e969917b9fc4e89c94,RUN_20260929_144530,v4-market-dirichlet-20260913,2026-09-29T14:45:30+08:00,2026-09-29T14:45:30+08:00,2026-09-30T01:00:00+08:00,10.242,False,False,False
V4_SHADOW,2955823,2026-09-29,瑞青超西,诺尔比U21 vs 卢恩斯基尔U21,,,,,,,0,,,D:\codex\v3_legacy\outputs\football_odds_trader\raw\titan007\20260929\20260929_144530_titan007_odds_snapshot.csv,NOT_FINAL_STATE_0,1682b3b6a541433112d4,RUN_20260929_144530,v4-market-dirichlet-20260913,2026-09-29T14:45:30+08:00,2026-09-29T14:45:30+08:00,2026-09-30T01:00:00+08:00,10.242,False,False,False
V4_SHADOW,3094979,2026-09-29,皇后杯,韦斯卡女足 vs 奥萨苏纳女足,奥萨苏纳女足,giving,-1.75,0.87,N,,0,,,D:\codex\v3_legacy\outputs\football_odds_trader\raw\titan007\20260929\20260929_144530_titan007_odds_snapshot.csv,NOT_FINAL_STATE_0,908851f87d9d6bae5174,RUN_20260929_144530,v4-market-dirichlet-20260913,2026-09-29T14:45:30+08:00,2026-09-29T14:45:30+08:00,2026-09-30T01:00:00+08:00,10.242,False,True,False
V4_SHADOW,3096463,2026-09-29,奥业余杯,库赫尔 vs 格鲁瑙,库赫尔,receiving,0.25,0.71,N,,0,,,D:\codex\v3_legacy\outputs\football_odds_trader\raw\titan007\20260929\20260929_144530_titan007_odds_snapshot.csv,NOT_FINAL_STATE_0,e2fff65ca2b8188c197b,RUN_20260929_144530,v4-market-dirichlet-20260913,2026-09-29T14:45:30+08:00,2026-09-29T14:45:30+08:00,2026-09-30T01:00:00+08:00,10.242,False,True,False
V4_SHADOW,3089303,2026-09-29,卡塔杯,艾马希亚 vs 多哈国民,艾马希亚,receiving,0.25,0.89,N,,0,,,D:\codex\v3_legacy\outputs\football_odds_trader\raw\titan007\20260929\20260929_144530_titan007_odds_snapshot.csv,NOT_FINAL_STATE_0,9bbe4f8a07773f030ba7,RUN_20260929_144530,v4-market-dirichlet-20260913,2026-09-29T14:45:30+08:00,2026-09-29T14:45:30+08:00,2026-09-30T01:15:00+08:00,10.492,False,True,False
V4_SHADOW,3089304,2026-09-29,卡塔杯,瓦尔巴 vs 鲁赛尔城,瓦尔巴,receiving,0.5,0.85,N,,0,,,D:\codex\v3_legacy\outputs\football_odds_trader\raw\titan007\20260929\20260929_144530_titan007_odds_snapshot.csv,NOT_FINAL_STATE_0,113755b46c4646e872a8,RUN_20260929_144530,v4-market-dirichlet-20260913,2026-09-29T14:45:30+08:00,2026-09-29T14:45:30+08:00,2026-09-30T01:15:00+08:00,10.492,False,True,False
V4_SHADOW,3094958,2026-09-29,国际友谊,葡萄牙U18 vs 乌兹别克U18,,,,,,,0,,,D:\codex\v3_legacy\outputs\football_odds_trader\raw\titan007\20260929\20260929_144530_titan007_odds_snapshot.csv,NOT_FINAL_STATE_0,56001575a600efedb0d7,RUN_20260929_144530,v4-market-dirichlet-20260913,2026-09-29T14:45:30+08:00,2026-09-29T14:45:30+08:00,2026-09-30T01:15:00+08:00,10.492,False,False,False
V4_SHADOW,3092408,2026-09-29,海湾运,阿曼<font color=#880000>(中)</font> vs 科威特,阿曼<font color=#880000>(中)</font>,giving,-0.75,0.86,N,,0,,,D:\codex\v3_legacy\outputs\football_odds_trader\raw\titan007\20260929\20260929_144530_titan007_odds_snapshot.csv,NOT_FINAL_STATE_0,4eebd70ef1e93ab1821a,RUN_20260929_144530,v4-market-dirichlet-20260913,2026-09-29T14:45:30+08:00,2026-09-29T14:45:30+08:00,2026-09-30T01:30:00+08:00,10.742,False,True,False
V4_SHADOW,3092409,2026-09-29,海湾运,沙特阿拉伯 vs 伊拉克,伊拉克,receiving,0.5,0.8,N,,0,,,D:\codex\v3_legacy\outputs\football_odds_trader\raw\titan007\20260929\20260929_144530_titan007_odds_snapshot.csv,NOT_FINAL_STATE_0,577a3b6f0be10f6cd874,RUN_20260929_144530,v4-market-dirichlet-20260913,2026-09-29T14:45:30+08:00,2026-09-29T14:45:30+08:00,2026-09-30T01:30:00+08:00,10.742,False,True,False
V4_SHADOW,3094931,2026-09-29,德戊,霍恩韦斯特特 vs 埃肯弗尔德,,,,,,,0,,,D:\codex\v3_legacy\outputs\football_odds_trader\raw\titan007\20260929\20260929_144530_titan007_odds_snapshot.csv,NOT_FINAL_STATE_0,ae2be8e45c8b42855d0c,RUN_20260929_144530,v4-market-dirichlet-20260913,2026-09-29T14:45:30+08:00,2026-09-29T14:45:30+08:00,2026-09-30T01:30:00+08:00,10.742,False,False,False
V4_SHADOW,3094930,2026-09-29,德戊,FC条顿05 vs 布赫霍尔茨,,,,,,,0,,,D:\codex\v3_legacy\outputs\football_odds_trader\raw\titan007\20260929\20260929_144530_titan007_odds_snapshot.csv,NOT_FINAL_STATE_0,03b8adf79b8f5bac3003,RUN_20260929_144530,v4-market-dirichlet-20260913,2026-09-29T14:45:30+08:00,2026-09-29T14:45:30+08:00,2026-09-30T01:45:00+08:00,10.992,False,False,False
V4_SHADOW,3027800,2026-09-29,英议联,博雷汉姆 vs 京达米士特,博雷汉姆,giving,-1.5,0.84,C,,0,,,D:\codex\v3_legacy\outputs\football_odds_trader\raw\titan007\20260929\20260929_144530_titan007_odds_snapshot.csv,NOT_FINAL_STATE_0,41a9fd9f7423ad7d1d82,RUN_20260929_144530,v4-market-dirichlet-20260913,2026-09-29T14:45:30+08:00,2026-09-29T14:45:30+08:00,2026-09-30T02:00:00+08:00,11.242,False,True,False
V4_SHADOW,2781407,2026-09-29,欧青U21外,比利时U21 vs 威尔士U21,比利时U21,giving,-2.0,0.94,C,,0,,,D:\codex\v3_legacy\outputs\football_odds_trader\raw\titan007\20260929\20260929_144530_titan007_odds_snapshot.csv,NOT_FINAL_STATE_0,715a4658b4f1a5ea61df,RUN_20260929_144530,v4-market-dirichlet-20260913,2026-09-29T14:45:30+08:00,2026-09-29T14:45:30+08:00,2026-09-30T02:00:00+08:00,11.242,False,True,False
V4_SHADOW,2781435,2026-09-29,欧青U21外,爱尔兰U21 vs 哈萨克斯坦U21,哈萨克斯坦U21,receiving,1.75,0.94,N,,0,,,D:\codex\v3_legacy\outputs\football_odds_trader\raw\titan007\20260929\20260929_144530_titan007_odds_snapshot.csv,NOT_FINAL_STATE_0,807128dbe8cf32f695e9,RUN_20260929_144530,v4-market-dirichlet-20260913,2026-09-29T14:45:30+08:00,2026-09-29T14:45:30+08:00,2026-09-30T02:00:00+08:00,11.242,False,True,False
V4_SHADOW,2935295,2026-09-29,阿丙曼特,穆尼斯 vs El波韦尼尔,,,,,,,0,,,D:\codex\v3_legacy\outputs\football_odds_trader\raw\titan007\20260929\20260929_144530_titan007_odds_snapshot.csv,NOT_FINAL_STATE_0,5c586eb915dd80e6b502,RUN_20260929_144530,v4-market-dirichlet-20260913,2026-09-29T14:45:30+08:00,2026-09-29T14:45:30+08:00,2026-09-30T02:00:00+08:00,11.242,False,False,False
V4_SHADOW,3094932,2026-09-29,阿后备,拉斐拉竞技后备队 vs 皮科将军镇后备队,皮科将军镇后备队,receiving,0.25,1.08,C,,0,,,D:\codex\v3_legacy\outputs\football_odds_trader\raw\titan007\20260929\20260929_144530_titan007_odds_snapshot.csv,NOT_FINAL_STATE_0,113f865486d0d9f814bb,RUN_20260929_144530,v4-market-dirichlet-20260913,2026-09-29T14:45:30+08:00,2026-09-29T14:45:30+08:00,2026-09-30T02:00:00+08:00,11.242,False,True,False
V4_SHADOW,3094933,2026-09-29,阿后备,班菲尔德后备队 vs 图库曼体育会后备队,图库曼体育会后备队,receiving,0.25,0.77,N,,0,,,D:\codex\v3_legacy\outputs\football_odds_trader\raw\titan007\20260929\20260929_144530_titan007_odds_snapshot.csv,NOT_FINAL_STATE_0,f9e0b884887aa7c65c18,RUN_20260929_144530,v4-market-dirichlet-20260913,2026-09-29T14:45:30+08:00,2026-09-29T14:45:30+08:00,2026-09-30T02:00:00+08:00,11.242,False,True,False
V4_SHADOW,3094934,2026-09-29,阿后备,拉普拉塔大学生后备队 vs 防卫者后备队,防卫者后备队,receiving,0.25,0.73,N,,0,,,D:\codex\v3_legacy\outputs\football_odds_trader\raw\titan007\20260929\20260929_144530_titan007_odds_snapshot.csv,NOT_FINAL_STATE_0,75943effd89675ae64a2,RUN_20260929_144530,v4-market-dirichlet-20260913,2026-09-29T14:45:30+08:00,2026-09-29T14:45:30+08:00,2026-09-30T02:00:00+08:00,11.242,False,True,False
V4_SHADOW,3094935,2026-09-29,阿后备,圣洛伦索后备队 vs 艾度思维后备队,艾度思维后备队,receiving,0.5,0.94,N,,0,,,D:\codex\v3_legacy\outputs\football_odds_trader\raw\titan007\20260929\20260929_144530_titan007_odds_snapshot.csv,NOT_FINAL_STATE_0,a0f8039431bf4569fecd,RUN_20260929_144530,v4-market-dirichlet-20260913,2026-09-29T14:45:30+08:00,2026-09-29T14:45:30+08:00,2026-09-30T02:00:00+08:00,11.242,False,True,False
V4_SHADOW,3094936,2026-09-29,阿后备,泰格雷后备队 vs 甘拿斯亚LP后备队,泰格雷后备队,receiving,0.25,0.52,N,,0,,,D:\codex\v3_legacy\outputs\football_odds_trader\raw\titan007\20260929\20260929_144530_titan007_odds_snapshot.csv,NOT_FINAL_STATE_0,59966d5cadebfc59e847,RUN_20260929_144530,v4-market-dirichlet-20260913,2026-09-29T14:45:30+08:00,2026-09-29T14:45:30+08:00,2026-09-30T02:00:00+08:00,11.242,False,True,False
V4_SHADOW,3094940,2026-09-29,巴圣青联,佐云图斯AC青年队 vs 普丹迪青年队,,,,,,,0,,,D:\codex\v3_legacy\outputs\football_odds_trader\raw\titan007\20260929\20260929_144530_titan007_odds_snapshot.csv,NOT_FINAL_STATE_0,d6dbf57e498d240ec69d,RUN_20260929_144530,v4-market-dirichlet-20260913,2026-09-29T14:45:30+08:00,2026-09-29T14:45:30+08:00,2026-09-30T02:00:00+08:00,11.242,False,False,False
V4_SHADOW,3094471,2026-09-29,非洲U23杯,突尼斯U23 vs 贝宁U23,贝宁U23,receiving,1.0,1.01,C,,0,,,D:\codex\v3_legacy\outputs\football_odds_trader\raw\titan007\20260929\20260929_144530_titan007_odds_snapshot.csv,NOT_FINAL_STATE_0,71e8f26c47b9bb3f8060,RUN_20260929_144530,v4-market-dirichlet-20260913,2026-09-29T14:45:30+08:00,2026-09-29T14:45:30+08:00,2026-09-30T02:00:00+08:00,11.242,False,True,False
V4_SHADOW,3053088,2026-09-29,英南超,温伯尼镇 vs 耶特城,,,,,,,0,,,D:\codex\v3_legacy\outputs\football_odds_trader\raw\titan007\20260929\20260929_144530_titan007_odds_snapshot.csv,NOT_FINAL_STATE_0,07fe005ad23a8e40758f,RUN_20260929_144530,v4-market-dirichlet-20260913,2026-09-29T14:45:30+08:00,2026-09-29T14:45:30+08:00,2026-09-30T02:30:00+08:00,11.742,False,False,False
V4_SHADOW,3027791,2026-09-29,英议联,菲尔德 vs 卡利斯尔联,,,,,,,0,,,D:\codex\v3_legacy\outputs\football_odds_trader\raw\titan007\20260929\20260929_144530_titan007_odds_snapshot.csv,NOT_FINAL_STATE_0,3ce643911688024abfa3,RUN_20260929_144530,v4-market-dirichlet-20260913,2026-09-29T14:45:30+08:00,2026-09-29T14:45:30+08:00,2026-09-30T02:45:00+08:00,11.992,False,False,False
V4_SHADOW,3027792,2026-09-29,英议联,巴洛 vs 斯坎索普,巴洛,giving,-0.5,0.96,N,,0,,,D:\codex\v3_legacy\outputs\football_odds_trader\raw\titan007\20260929\20260929_144530_titan007_odds_snapshot.csv,NOT_FINAL_STATE_0,0da94ec473f623731fda,RUN_20260929_144530,v4-market-dirichlet-20260913,2026-09-29T14:45:30+08:00,2026-09-29T14:45:30+08:00,2026-09-30T02:45:00+08:00,11.992,False,True,False
V4_SHADOW,3027793,2026-09-29,英议联,夏利法斯 vs 波士顿联队,波士顿联队,receiving,0.25,0.84,N,,0,,,D:\codex\v3_legacy\outputs\football_odds_trader\raw\titan007\20260929\20260929_144530_titan007_odds_snapshot.csv,NOT_FINAL_STATE_0,4fac42992503c2ac6be2,RUN_20260929_144530,v4-market-dirichlet-20260913,2026-09-29T14:45:30+08:00,2026-09-29T14:45:30+08:00,2026-09-30T02:45:00+08:00,11.992,False,True,False
V4_SHADOW,3027794,2026-09-29,英议联,格兰森林流浪 vs 石威德,石威德,receiving,0.75,0.84,N,,0,,,D:\codex\v3_legacy\outputs\football_odds_trader\raw\titan007\20260929\20260929_144530_titan007_odds_snapshot.csv,NOT_FINAL_STATE_0,7c8fb42075c9f878e01a,RUN_20260929_144530,v4-market-dirichlet-20260913,2026-09-29T14:45:30+08:00,2026-09-29T14:45:30+08:00,2026-09-30T02:45:00+08:00,11.992,False,True,False
V4_SHADOW,3027795,2026-09-29,英议联,格茨海德 vs 奥特林查姆,格茨海德,receiving,0.75,0.88,N,,0,,,D:\codex\v3_legacy\outputs\football_odds_trader\raw\titan007\20260929\20260929_144530_titan007_odds_snapshot.csv,NOT_FINAL_STATE_0,ba8f1d69caca0078c27c,RUN_20260929_144530,v4-market-dirichlet-20260913,2026-09-29T14:45:30+08:00,2026-09-29T14:45:30+08:00,2026-09-30T02:45:00+08:00,11.992,False,True,False
V4_SHADOW,3027796,2026-09-29,英议联,哈特利浦 vs 哈洛贾特,哈特利浦,receiving,0.5,0.86,N,,0,,,D:\codex\v3_legacy\outputs\football_odds_trader\raw\titan007\20260929\20260929_144530_titan007_odds_snapshot.csv,NOT_FINAL_STATE_0,8625955158a89ed29f39,RUN_20260929_144530,v4-market-dirichlet-20260913,2026-09-29T14:45:30+08:00,2026-09-29T14:45:30+08:00,2026-09-30T02:45:00+08:00,11.992,False,True,False
V4_SHADOW,3027797,2026-09-29,英议联,侯恩乔奇 vs 奥尔德肖特,奥尔德肖特,receiving,0.25,0.76,N,,0,,,D:\codex\v3_legacy\outputs\football_odds_trader\raw\titan007\20260929\20260929_144530_titan007_odds_snapshot.csv,NOT_FINAL_STATE_0,3f154f1ca9d2c8ad4449,RUN_20260929_144530,v4-market-dirichlet-20260913,2026-09-29T14:45:30+08:00,2026-09-29T14:45:30+08:00,2026-09-30T02:45:00+08:00,11.992,False,True,False
V4_SHADOW,3027798,2026-09-29,英议联,禾京 vs 索利赫尔,索利赫尔,receiving,0.5,0.89,N,,0,,,D:\codex\v3_legacy\outputs\football_odds_trader\raw\titan007\20260929\20260929_144530_titan007_odds_snapshot.csv,NOT_FINAL_STATE_0,900bbcb4421d87e4d25e,RUN_20260929_144530,v4-market-dirichlet-20260913,2026-09-29T14:45:30+08:00,2026-09-29T14:45:30+08:00,2026-09-30T02:45:00+08:00,11.992,False,True,False
V4_SHADOW,3027799,2026-09-29,英议联,耶奥维尔 vs 沃森,沃森,receiving,0.25,0.9,N,,0,,,D:\codex\v3_legacy\outputs\football_odds_trader\raw\titan007\20260929\20260929_144530_titan007_odds_snapshot.csv,NOT_FINAL_STATE_0,d1e5b8a6684dcff97e9a,RUN_20260929_144530,v4-market-dirichlet-20260913,2026-09-29T14:45:30+08:00,2026-09-29T14:45:30+08:00,2026-09-30T02:45:00+08:00,11.992,False,True,False
V4_SHADOW,2981439,2026-09-29,欧国联,西班牙 vs 克罗地亚,西班牙,giving,-2.0,1.03,B,,0,,,D:\codex\v3_legacy\outputs\football_odds_trader\raw\titan007\20260929\20260929_144530_titan007_odds_snapshot.csv,NOT_FINAL_STATE_0,873c555c19cec2f4098f,RUN_20260929_144530,v4-market-dirichlet-20260913,2026-09-29T14:45:30+08:00,2026-09-29T14:45:30+08:00,2026-09-30T02:45:00+08:00,11.992,False,True,False
V4_SHADOW,2981440,2026-09-29,欧国联,捷克 vs 英格兰,英格兰,giving,-1.5,0.94,C,,0,,,D:\codex\v3_legacy\outputs\football_odds_trader\raw\titan007\20260929\20260929_144530_titan007_odds_snapshot.csv,NOT_FINAL_STATE_0,6ffc96dd18537e8811e9,RUN_20260929_144530,v4-market-dirichlet-20260913,2026-09-29T14:45:30+08:00,2026-09-29T14:45:30+08:00,2026-09-30T02:45:00+08:00,11.992,False,True,False
V4_SHADOW,2981489,2026-09-29,欧国联,斯洛文尼亚 vs 北马其顿,北马其顿,receiving,0.75,1.04,C,,0,,,D:\codex\v3_legacy\outputs\football_odds_trader\raw\titan007\20260929\20260929_144530_titan007_odds_snapshot.csv,NOT_FINAL_STATE_0,ade525eb6eb0124c3299,RUN_20260929_144530,v4-market-dirichlet-20260913,2026-09-29T14:45:30+08:00,2026-09-29T14:45:30+08:00,2026-09-30T02:45:00+08:00,11.992,False,True,False
V4_SHADOW,2981490,2026-09-29,欧国联,苏格兰 vs 瑞士,瑞士,giving,-0.5,0.88,N,,0,,,D:\codex\v3_legacy\outputs\football_odds_trader\raw\titan007\20260929\20260929_144530_titan007_odds_snapshot.csv,NOT_FINAL_STATE_0,00c090550f9e0b36bceb,RUN_20260929_144530,v4-market-dirichlet-20260913,2026-09-29T14:45:30+08:00,2026-09-29T14:45:30+08:00,2026-09-30T02:45:00+08:00,11.992,False,True,False
V4_SHADOW,2981534,2026-09-29,欧国联,圣马力诺 vs 阿尔巴尼亚,阿尔巴尼亚,giving,-3.0,1.05,C,,0,,,D:\codex\v3_legacy\outputs\football_odds_trader\raw\titan007\20260929\20260929_144530_titan007_odds_snapshot.csv,NOT_FINAL_STATE_0,7067852c65bbfe20e91a,RUN_20260929_144530,v4-market-dirichlet-20260913,2026-09-29T14:45:30+08:00,2026-09-29T14:45:30+08:00,2026-09-30T02:45:00+08:00,11.992,False,True,False
V4_SHADOW,2981536,2026-09-29,欧国联,斯洛伐克 vs 哈萨克斯坦,哈萨克斯坦,receiving,1.5,1.03,N,,0,,,D:\codex\v3_legacy\outputs\football_odds_trader\raw\titan007\20260929\20260929_144530_titan007_odds_snapshot.csv,NOT_FINAL_STATE_0,0a44dcc932ddb2ac0da1,RUN_20260929_144530,v4-market-dirichlet-20260913,2026-09-29T14:45:30+08:00,2026-09-29T14:45:30+08:00,2026-09-30T02:45:00+08:00,11.992,False,True,False
V4_SHADOW,2981537,2026-09-29,欧国联,保加利亚 vs 爱沙尼亚,爱沙尼亚,receiving,0.75,0.84,N,,0,,,D:\codex\v3_legacy\outputs\football_odds_trader\raw\titan007\20260929\20260929_144530_titan007_odds_snapshot.csv,NOT_FINAL_STATE_0,777028decd7462794a25,RUN_20260929_144530,v4-market-dirichlet-20260913,2026-09-29T14:45:30+08:00,2026-09-29T14:45:30+08:00,2026-09-30T02:45:00+08:00,11.992,False,True,False
V4_SHADOW,2981538,2026-09-29,欧国联,卢森堡 vs 冰岛,卢森堡,receiving,0.25,0.96,N,,0,,,D:\codex\v3_legacy\outputs\football_odds_trader\raw\titan007\20260929\20260929_144530_titan007_odds_snapshot.csv,NOT_FINAL_STATE_0,b03b37ec9b72250309a9,RUN_20260929_144530,v4-market-dirichlet-20260913,2026-09-29T14:45:30+08:00,2026-09-29T14:45:30+08:00,2026-09-30T02:45:00+08:00,11.992,False,True,False
V4_SHADOW,3019528,2026-09-29,威超,卡迪夫都市大学 vs 西哈弗福德,西哈弗福德,receiving,0.25,1.14,B,,0,,,D:\codex\v3_legacy\outputs\football_odds_trader\raw\titan007\20260929\20260929_144530_titan007_odds_snapshot.csv,NOT_FINAL_STATE_0,4bf3febc370f375cba66,RUN_20260929_144530,v4-market-dirichlet-20260913,2026-09-29T14:45:30+08:00,2026-09-29T14:45:30+08:00,2026-09-30T02:45:00+08:00,11.992,False,True,False
V4_SHADOW,3028779,2026-09-29,英议南,史洛治 vs 艾贝斯费特联,艾贝斯费特联,giving,-1.0,0.68,N,,0,,,D:\codex\v3_legacy\outputs\football_odds_trader\raw\titan007\20260929\20260929_144530_titan007_odds_snapshot.csv,NOT_FINAL_STATE_0,6c3fd50d3c5fb50420c8,RUN_20260929_144530,v4-market-dirichlet-20260913,2026-09-29T14:45:30+08:00,2026-09-29T14:45:30+08:00,2026-09-30T02:45:00+08:00,11.992,False,True,False
V4_SHADOW,3037408,2026-09-29,英依超,达特福德队 vs 豪克,,,,,,,0,,,D:\codex\v3_legacy\outputs\football_odds_trader\raw\titan007\20260929\20260929_144530_titan007_odds_snapshot.csv,NOT_FINAL_STATE_0,9b57b961c900cf74eebe,RUN_20260929_144530,v4-market-dirichlet-20260913,2026-09-29T14:45:30+08:00,2026-09-29T14:45:30+08:00,2026-09-30T02:45:00+08:00,11.992,False,False,False
V4_SHADOW,3037409,2026-09-29,英依超,哈姆雷特 vs 艾维利,,,,,,,0,,,D:\codex\v3_legacy\outputs\football_odds_trader\raw\titan007\20260929\20260929_144530_titan007_odds_snapshot.csv,NOT_FINAL_STATE_0,bc914ff55a9001aa29f0,RUN_20260929_144530,v4-market-dirichlet-20260913,2026-09-29T14:45:30+08:00,2026-09-29T14:45:30+08:00,2026-09-30T02:45:00+08:00,11.992,False,False,False
V4_SHADOW,3036315,2026-09-29,苏挑杯,科化体育会 vs 福马亭,,,,,,,0,,,D:\codex\v3_legacy\outputs\football_odds_trader\raw\titan007\20260929\20260929_144530_titan007_odds_snapshot.csv,NOT_FINAL_STATE_0,c063e6dafba9446b12a8,RUN_20260929_144530,v4-market-dirichlet-20260913,2026-09-29T14:45:30+08:00,2026-09-29T14:45:30+08:00,2026-09-30T02:45:00+08:00,11.992,False,False,False
V4_SHADOW,3044655,2026-09-29,英北超,艾尔佛莱顿 vs 吉英瑟莱,,,,,,,0,,,D:\codex\v3_legacy\outputs\football_odds_trader\raw\titan007\20260929\20260929_144530_titan007_odds_snapshot.csv,NOT_FINAL_STATE_0,3aa38901f267b9b9d871,RUN_20260929_144530,v4-market-dirichlet-20260913,2026-09-29T14:45:30+08:00,2026-09-29T14:45:30+08:00,2026-09-30T02:45:00+08:00,11.992,False,False,False
V4_SHADOW,3044659,2026-09-29,英北超,伊米耶 vs 沃金顿,,,,,,,0,,,D:\codex\v3_legacy\outputs\football_odds_trader\raw\titan007\20260929\20260929_144530_titan007_odds_snapshot.csv,NOT_FINAL_STATE_0,a640adea47b359717a8a,RUN_20260929_144530,v4-market-dirichlet-20260913,2026-09-29T14:45:30+08:00,2026-09-29T14:45:30+08:00,2026-09-30T02:45:00+08:00,11.992,False,False,False
V4_SHADOW,3044660,2026-09-29,英北超,伊肯斯顿城 vs 沃灵顿瑞兰,,,,,,,0,,,D:\codex\v3_legacy\outputs\football_odds_trader\raw\titan007\20260929\20260929_144530_titan007_odds_snapshot.csv,NOT_FINAL_STATE_0,0165dd5792de817164bd,RUN_20260929_144530,v4-market-dirichlet-20260913,2026-09-29T14:45:30+08:00,2026-09-29T14:45:30+08:00,2026-09-30T02:45:00+08:00,11.992,False,False,False
V4_SHADOW,3044664,2026-09-29,英北超,沃灵顿 vs 根斯堡,,,,,,,0,,,D:\codex\v3_legacy\outputs\football_odds_trader\raw\titan007\20260929\20260929_144530_titan007_odds_snapshot.csv,NOT_FINAL_STATE_0,af3b3238b429ba0c60cd,RUN_20260929_144530,v4-market-dirichlet-20260913,2026-09-29T14:45:30+08:00,2026-09-29T14:45:30+08:00,2026-09-30T02:45:00+08:00,11.992,False,False,False
V4_SHADOW,3044665,2026-09-29,英北超,威特比 vs 兰卡斯特,,,,,,,0,,,D:\codex\v3_legacy\outputs\football_odds_trader\raw\titan007\20260929\20260929_144530_titan007_odds_snapshot.csv,NOT_FINAL_STATE_0,48ccf8ab568eb80058ea,RUN_20260929_144530,v4-market-dirichlet-20260913,2026-09-29T14:45:30+08:00,2026-09-29T14:45:30+08:00,2026-09-30T02:45:00+08:00,11.992,False,False,False
V4_SHADOW,3053089,2026-09-29,英南超,巴斯 vs 马莱文镇,,,,,,,0,,,D:\codex\v3_legacy\outputs\football_odds_trader\raw\titan007\20260929\20260929_144530_titan007_odds_snapshot.csv,NOT_FINAL_STATE_0,3610872fb2aac55e7776,RUN_20260929_144530,v4-market-dirichlet-20260913,2026-09-29T14:45:30+08:00,2026-09-29T14:45:30+08:00,2026-09-30T02:45:00+08:00,11.992,False,False,False
V4_SHADOW,3053090,2026-09-29,英南超,彻特西镇 vs 普尔城,,,,,,,0,,,D:\codex\v3_legacy\outputs\football_odds_trader\raw\titan007\20260929\20260929_144530_titan007_odds_snapshot.csv,NOT_FINAL_STATE_0,562331e31c1111265639,RUN_20260929_144530,v4-market-dirichlet-20260913,2026-09-29T14:45:30+08:00,2026-09-29T14:45:30+08:00,2026-09-30T02:45:00+08:00,11.992,False,False,False
V4_SHADOW,3053091,2026-09-29,英南超,艾福山 vs 茨伯翰,,,,,,,0,,,D:\codex\v3_legacy\outputs\football_odds_trader\raw\titan007\20260929\20260929_144530_titan007_odds_snapshot.csv,NOT_FINAL_STATE_0,96c1956b8d13bffb5c89,RUN_20260929_144530,v4-market-dirichlet-20260913,2026-09-29T14:45:30+08:00,2026-09-29T14:45:30+08:00,2026-09-30T02:45:00+08:00,11.992,False,False,False
V4_SHADOW,3053092,2026-09-29,英南超,高士打 vs 普利茅夫帕克韦,,,,,,,0,,,D:\codex\v3_legacy\outputs\football_odds_trader\raw\titan007\20260929\20260929_144530_titan007_odds_snapshot.csv,NOT_FINAL_STATE_0,4f0760eb3ffb6e2366f9,RUN_20260929_144530,v4-market-dirichlet-20260913,2026-09-29T14:45:30+08:00,2026-09-29T14:45:30+08:00,2026-09-30T02:45:00+08:00,11.992,False,False,False
V4_SHADOW,3053093,2026-09-29,英南超,汉沃夫维拉 vs 奇切斯特城,,,,,,,0,,,D:\codex\v3_legacy\outputs\football_odds_trader\raw\titan007\20260929\20260929_144530_titan007_odds_snapshot.csv,NOT_FINAL_STATE_0,8a8b4847733e1abac86c,RUN_20260929_144530,v4-market-dirichlet-20260913,2026-09-29T14:45:30+08:00,2026-09-29T14:45:30+08:00,2026-09-30T02:45:00+08:00,11.992,False,False,False
V4_SHADOW,3053094,2026-09-29,英南超,哈瓦特 vs 汉威尔城,,,,,,,0,,,D:\codex\v3_legacy\outputs\football_odds_trader\raw\titan007\20260929\20260929_144530_titan007_odds_snapshot.csv,NOT_FINAL_STATE_0,a80fc2e2daebdd1293d4,RUN_20260929_144530,v4-market-dirichlet-20260913,2026-09-29T14:45:30+08:00,2026-09-29T14:45:30+08:00,2026-09-30T02:45:00+08:00,11.992,False,False,False
V4_SHADOW,3053095,2026-09-29,英南超,肖林 vs 伯克姆斯特德,,,,,,,0,,,D:\codex\v3_legacy\outputs\football_odds_trader\raw\titan007\20260929\20260929_144530_titan007_odds_snapshot.csv,NOT_FINAL_STATE_0,de449e94b7c58238e737,RUN_20260929_144530,v4-market-dirichlet-20260913,2026-09-29T14:45:30+08:00,2026-09-29T14:45:30+08:00,2026-09-30T02:45:00+08:00,11.992,False,False,False
V4_SHADOW,3053096,2026-09-29,英南超,Ux布烈治 vs 贝辛斯托克,,,,,,,0,,,D:\codex\v3_legacy\outputs\football_odds_trader\raw\titan007\20260929\20260929_144530_titan007_odds_snapshot.csv,NOT_FINAL_STATE_0,af23881982cebf4710f3,RUN_20260929_144530,v4-market-dirichlet-20260913,2026-09-29T14:45:30+08:00,2026-09-29T14:45:30+08:00,2026-09-30T02:45:00+08:00,11.992,False,False,False
V4_SHADOW,3096464,2026-09-29,英南甲,勒沃斯托克格兰 vs 威尔,,,,,,,0,,,D:\codex\v3_legacy\outputs\football_odds_trader\raw\titan007\20260929\20260929_144530_titan007_odds_snapshot.csv,NOT_FINAL_STATE_0,4650a5ed233405c25d58,RUN_20260929_144530,v4-market-dirichlet-20260913,2026-09-29T14:45:30+08:00,2026-09-29T14:45:30+08:00,2026-09-30T02:45:00+08:00,11.992,False,False,False
V4_SHADOW,3096243,2026-09-29,英北甲,贝弗利镇 vs 林肯联,,,,,,,0,,,D:\codex\v3_legacy\outputs\football_odds_trader\raw\titan007\20260929\20260929_144530_titan007_odds_snapshot.csv,NOT_FINAL_STATE_0,bd6647b20d5fa2327096,RUN_20260929_144530,v4-market-dirichlet-20260913,2026-09-29T14:45:30+08:00,2026-09-29T14:45:30+08:00,2026-09-30T02:45:00+08:00,11.992,False,False,False
V4_SHADOW,3096244,2026-09-29,英北甲,利华塞德格 vs 北费利比联,,,,,,,0,,,D:\codex\v3_legacy\outputs\football_odds_trader\raw\titan007\20260929\20260929_144530_titan007_odds_snapshot.csv,NOT_FINAL_STATE_0,892204b44e901feffad4,RUN_20260929_144530,v4-market-dirichlet-20260913,2026-09-29T14:45:30+08:00,2026-09-29T14:45:30+08:00,2026-09-30T02:45:00+08:00,11.992,False,False,False
V4_SHADOW,3096245,2026-09-29,英北甲,亚瑟顿煤矿 vs 沃克斯豪尔,,,,,,,0,,,D:\codex\v3_legacy\outputs\football_odds_trader\raw\titan007\20260929\20260929_144530_titan007_odds_snapshot.csv,NOT_FINAL_STATE_0,8917fda942ffa83d5c9b,RUN_20260929_144530,v4-market-dirichlet-20260913,2026-09-29T14:45:30+08:00,2026-09-29T14:45:30+08:00,2026-09-30T02:45:00+08:00,11.992,False,False,False
V4_SHADOW,3045106,2026-09-29,英南超中,艾华乔奇 vs 斯托桥,,,,,,,0,,,D:\codex\v3_legacy\outputs\football_odds_trader\raw\titan007\20260929\20260929_144530_titan007_odds_snapshot.csv,NOT_FINAL_STATE_0,f8678fce9e6841f7c49c,RUN_20260929_144530,v4-market-dirichlet-20260913,2026-09-29T14:45:30+08:00,2026-09-29T14:45:30+08:00,2026-09-30T02:45:00+08:00,11.992,False,False,False
V4_SHADOW,3045107,2026-09-29,英南超中,班布里 vs 斯特拉特福镇,,,,,,,0,,,D:\codex\v3_legacy\outputs\football_odds_trader\raw\titan007\20260929\20260929_144530_titan007_odds_snapshot.csv,NOT_FINAL_STATE_0,c7366eabb89b695e0cb2,RUN_20260929_144530,v4-market-dirichlet-20260913,2026-09-29T14:45:30+08:00,2026-09-29T14:45:30+08:00,2026-09-30T02:45:00+08:00,11.992,False,False,False
V4_SHADOW,3045108,2026-09-29,英南超中,比夏史托福 vs 贝利城,,,,,,,0,,,D:\codex\v3_legacy\outputs\football_odds_trader\raw\titan007\20260929\20260929_144530_titan007_odds_snapshot.csv,NOT_FINAL_STATE_0,3362d8421d549ee20450,RUN_20260929_144530,v4-market-dirichlet-20260913,2026-09-29T14:45:30+08:00,2026-09-29T14:45:30+08:00,2026-09-30T02:45:00+08:00,11.992,False,False,False
V4_SHADOW,3045109,2026-09-29,英南超中,布朗史葛夫竞技 vs 雷明顿,,,,,,,0,,,D:\codex\v3_legacy\outputs\football_odds_trader\raw\titan007\20260929\20260929_144530_titan007_odds_snapshot.csv,NOT_FINAL_STATE_0,818ebe41e210c8b6d676,RUN_20260929_144530,v4-market-dirichlet-20260913,2026-09-29T14:45:30+08:00,2026-09-29T14:45:30+08:00,2026-09-30T02:45:00+08:00,11.992,False,False,False
V4_SHADOW,3045110,2026-09-29,英南超中,哈索威 vs 卢莎奥林,,,,,,,0,,,D:\codex\v3_legacy\outputs\football_odds_trader\raw\titan007\20260929\20260929_144530_titan007_odds_snapshot.csv,NOT_FINAL_STATE_0,7bc88ebceaeeb532fa92,RUN_20260929_144530,v4-market-dirichlet-20260913,2026-09-29T14:45:30+08:00,2026-09-29T14:45:30+08:00,2026-09-30T02:45:00+08:00,11.992,False,False,False
V4_SHADOW,3045111,2026-09-29,英南超中,希治 vs 雷顿,,,,,,,0,,,D:\codex\v3_legacy\outputs\football_odds_trader\raw\titan007\20260929\20260929_144530_titan007_odds_snapshot.csv,NOT_FINAL_STATE_0,9314bf5cfd007df1accb,RUN_20260929_144530,v4-market-dirichlet-20260913,2026-09-29T14:45:30+08:00,2026-09-29T14:45:30+08:00,2026-09-30T02:45:00+08:00,11.992,False,False,False
V4_SHADOW,3045112,2026-09-29,英南超中,基特宁 vs 安斯蒂游牧人,,,,,,,0,,,D:\codex\v3_legacy\outputs\football_odds_trader\raw\titan007\20260929\20260929_144530_titan007_odds_snapshot.csv,NOT_FINAL_STATE_0,bcef1c4a4011089b29ad,RUN_20260929_144530,v4-market-dirichlet-20260913,2026-09-29T14:45:30+08:00,2026-09-29T14:45:30+08:00,2026-09-30T02:45:00+08:00,11.992,False,False,False
V4_SHADOW,3045113,2026-09-29,英南超中,讷翰马科 vs 斯坦福队,,,,,,,0,,,D:\codex\v3_legacy\outputs\football_odds_trader\raw\titan007\20260929\20260929_144530_titan007_odds_snapshot.csv,NOT_FINAL_STATE_0,6fc8e39b225fda5e8120,RUN_20260929_144530,v4-market-dirichlet-20260913,2026-09-29T14:45:30+08:00,2026-09-29T14:45:30+08:00,2026-09-30T02:45:00+08:00,11.992,False,False,False
V4_SHADOW,3045114,2026-09-29,英南超中,彼德堡体育 vs 瑞迪契,,,,,,,0,,,D:\codex\v3_legacy\outputs\football_odds_trader\raw\titan007\20260929\20260929_144530_titan007_odds_snapshot.csv,NOT_FINAL_STATE_0,2e12b8efc3d3b0605ebc,RUN_20260929_144530,v4-market-dirichlet-20260913,2026-09-29T14:45:30+08:00,2026-09-29T14:45:30+08:00,2026-09-30T02:45:00+08:00,11.992,False,False,False
V4_SHADOW,3045115,2026-09-29,英南超中,沃里克竞赛会 vs 伍斯特,,,,,,,0,,,D:\codex\v3_legacy\outputs\football_odds_trader\raw\titan007\20260929\20260929_144530_titan007_odds_snapshot.csv,NOT_FINAL_STATE_0,009be5c808c1b522fc65,RUN_20260929_144530,v4-market-dirichlet-20260913,2026-09-29T14:45:30+08:00,2026-09-29T14:45:30+08:00,2026-09-30T02:45:00+08:00,11.992,False,False,False
V4_SHADOW,3045116,2026-09-29,英南超中,皇家贝德福德 vs 李斯顿,,,,,,,0,,,D:\codex\v3_legacy\outputs\football_odds_trader\raw\titan007\20260929\20260929_144530_titan007_odds_snapshot.csv,NOT_FINAL_STATE_0,0347b97cfa6e0b05af27,RUN_20260929_144530,v4-market-dirichlet-20260913,2026-09-29T14:45:30+08:00,2026-09-29T14:45:30+08:00,2026-09-30T02:45:00+08:00,11.992,False,False,False
V4_SHADOW,3000999,2026-09-29,非洲杯,加蓬 vs 尼日尔,尼日尔,receiving,1.0,0.8,N,,0,,,D:\codex\v3_legacy\outputs\football_odds_trader\raw\titan007\20260929\20260929_144530_titan007_odds_snapshot.csv,NOT_FINAL_STATE_0,7bf4184ad4637d9b7aa4,RUN_20260929_144530,v4-market-dirichlet-20260913,2026-09-29T14:45:30+08:00,2026-09-29T14:45:30+08:00,2026-09-30T03:00:00+08:00,12.242,False,True,False
V4_SHADOW,3001023,2026-09-29,非洲杯,索马里<font color=#880000>(中)</font> vs 科特迪瓦,索马里<font color=#880000>(中)</font>,receiving,3.0,0.88,N,,0,,,D:\codex\v3_legacy\outputs\football_odds_trader\raw\titan007\20260929\20260929_144530_titan007_odds_snapshot.csv,NOT_FINAL_STATE_0,609f3547b465fc41b7e3,RUN_20260929_144530,v4-market-dirichlet-20260913,2026-09-29T14:45:30+08:00,2026-09-29T14:45:30+08:00,2026-09-30T03:00:00+08:00,12.242,False,True,False
V4_SHADOW,3001071,2026-09-29,非洲杯,刚果共和国 vs 喀麦隆,喀麦隆,giving,-0.75,0.82,N,,0,,,D:\codex\v3_legacy\outputs\football_odds_trader\raw\titan007\20260929\20260929_144530_titan007_odds_snapshot.csv,NOT_FINAL_STATE_0,c324bea06445563dff26,RUN_20260929_144530,v4-market-dirichlet-20260913,2026-09-29T14:45:30+08:00,2026-09-29T14:45:30+08:00,2026-09-30T03:00:00+08:00,12.242,False,True,False
V4_SHADOW,3001119,2026-09-29,非洲杯,利比里亚 vs 马里,利比里亚,receiving,1.0,0.94,C,,0,,,D:\codex\v3_legacy\outputs\football_odds_trader\raw\titan007\20260929\20260929_144530_titan007_odds_snapshot.csv,NOT_FINAL_STATE_0,c40754df091062dc5d2b,RUN_20260929_144530,v4-market-dirichlet-20260913,2026-09-29T14:45:30+08:00,2026-09-29T14:45:30+08:00,2026-09-30T03:00:00+08:00,12.242,False,True,False
V4_SHADOW,3092498,2026-09-29,中北美国联,英属维尔京群岛 vs 特克斯和凯科斯群岛,,,,,,,0,,,D:\codex\v3_legacy\outputs\football_odds_trader\raw\titan007\20260929\20260929_144530_titan007_odds_snapshot.csv,NOT_FINAL_STATE_0,31cffb48decdeb6e0146,RUN_20260929_144530,v4-market-dirichlet-20260913,2026-09-29T14:45:30+08:00,2026-09-29T14:45:30+08:00,2026-09-30T03:00:00+08:00,12.242,False,False,False
V4_SHADOW,3061662,2026-09-29,玻利杯,宾托大学生 vs 瓜比拉,,neutral,,,,,0,,,D:\codex\v3_legacy\outputs\football_odds_trader\raw\titan007\20260929\20260929_144530_titan007_odds_snapshot.csv,NOT_FINAL_STATE_0,6e06c94371238351bf0c,RUN_20260929_144530,v4-market-dirichlet-20260913,2026-09-29T14:45:30+08:00,2026-09-29T14:45:30+08:00,2026-09-30T03:00:00+08:00,12.242,False,False,False
V4_SHADOW,3056261,2026-09-29,葡U23,里奥阿维U23 vs 彭拿费尔U23,彭拿费尔U23,receiving,0.5,1.07,C,,0,,,D:\codex\v3_legacy\outputs\football_odds_trader\raw\titan007\20260929\20260929_144530_titan007_odds_snapshot.csv,NOT_FINAL_STATE_0,36cf7a1a10df73461240,RUN_20260929_144530,v4-market-dirichlet-20260913,2026-09-29T14:45:30+08:00,2026-09-29T14:45:30+08:00,2026-09-30T03:15:00+08:00,12.492,False,True,False
V4_SHADOW,3092510,2026-09-29,中北美国联,美属维尔京群岛 vs 巴哈马,,,,,,,0,,,D:\codex\v3_legacy\outputs\football_odds_trader\raw\titan007\20260929\20260929_144530_titan007_odds_snapshot.csv,NOT_FINAL_STATE_0,a734df3343e358735287,RUN_20260929_144530,v4-market-dirichlet-20260913,2026-09-29T14:45:30+08:00,2026-09-29T14:45:30+08:00,2026-09-30T04:00:00+08:00,13.242,False,False,False
V4_SHADOW,3011786,2026-09-29,哥伦甲秋,佩雷拉 vs 圣塔菲,,neutral,,,,,0,,,D:\codex\v3_legacy\outputs\football_odds_trader\raw\titan007\20260929\20260929_144530_titan007_odds_snapshot.csv,NOT_FINAL_STATE_0,b60f103dcbcfd45db526,RUN_20260929_144530,v4-market-dirichlet-20260913,2026-09-29T14:45:30+08:00,2026-09-29T14:45:30+08:00,2026-09-30T04:30:00+08:00,13.742,False,False,False
V4_SHADOW,3041926,2026-09-29,萨尔超春,巴博亚竞技 vs 卡卡瓦蒂克,卡卡瓦蒂克,receiving,0.25,0.85,N,,0,,,D:\codex\v3_legacy\outputs\football_odds_trader\raw\titan007\20260929\20260929_144530_titan007_odds_snapshot.csv,NOT_FINAL_STATE_0,5beea9250fe20a3d7ffb,RUN_20260929_144530,v4-market-dirichlet-20260913,2026-09-29T14:45:30+08:00,2026-09-29T14:45:30+08:00,2026-09-30T05:00:00+08:00,14.242,False,True,False
V4_SHADOW,3092486,2026-09-29,中北美国联,法属圭亚那 vs 荷属圣马丁岛,,neutral,,,,,0,,,D:\codex\v3_legacy\outputs\football_odds_trader\raw\titan007\20260929\20260929_144530_titan007_odds_snapshot.csv,NOT_FINAL_STATE_0,5a788900f2d3f2eb6421,RUN_20260929_144530,v4-market-dirichlet-20260913,2026-09-29T14:45:30+08:00,2026-09-29T14:45:30+08:00,2026-09-30T05:00:00+08:00,14.242,False,False,False
V4_SHADOW,3061663,2026-09-29,玻利杯,皇家帕托斯 vs 学术DB,,neutral,,,,,0,,,D:\codex\v3_legacy\outputs\football_odds_trader\raw\titan007\20260929\20260929_144530_titan007_odds_snapshot.csv,NOT_FINAL_STATE_0,74ba658467389a14b225,RUN_20260929_144530,v4-market-dirichlet-20260913,2026-09-29T14:45:30+08:00,2026-09-29T14:45:30+08:00,2026-09-30T06:00:00+08:00,15.242,False,False,False
V4_SHADOW,2940196,2026-09-29,巴西乙,保地花高SP vs 庞特普雷塔,庞特普雷塔,receiving,1.75,0.86,N,,0,,,D:\codex\v3_legacy\outputs\football_odds_trader\raw\titan007\20260929\20260929_144530_titan007_odds_snapshot.csv,NOT_FINAL_STATE_0,1d8a0b4309f087203e77,RUN_20260929_144530,v4-market-dirichlet-20260913,2026-09-29T14:45:30+08:00,2026-09-29T14:45:30+08:00,2026-09-30T06:30:00+08:00,15.742,False,True,False
V4_SHADOW,3012200,2026-09-29,哥伦乙秋,马达莱纳联 vs 卡达根拿,卡达根拿,receiving,0.25,0.9,N,,0,,,D:\codex\v3_legacy\outputs\football_odds_trader\raw\titan007\20260929\20260929_144530_titan007_odds_snapshot.csv,NOT_FINAL_STATE_0,20c343d580f5665ed15a,RUN_20260929_144530,v4-market-dirichlet-20260913,2026-09-29T14:45:30+08:00,2026-09-29T14:45:30+08:00,2026-09-30T07:00:00+08:00,16.242,False,True,False
V4_SHADOW,3096167,2026-09-29,乌拉乙,意大利贝拉体育 vs 贝亚维斯塔,,,,,,,0,,,D:\codex\v3_legacy\outputs\football_odds_trader\raw\titan007\20260929\20260929_144530_titan007_odds_snapshot.csv,NOT_FINAL_STATE_0,7040e09b692d84f1ff63,RUN_20260929_144530,v4-market-dirichlet-20260913,2026-09-29T14:45:30+08:00,2026-09-29T14:45:30+08:00,2026-09-30T07:00:00+08:00,16.242,False,False,False
V4_SHADOW,3092504,2026-09-29,中北美国联,安圭拉 vs 阿鲁巴,,,,,,,0,,,D:\codex\v3_legacy\outputs\football_odds_trader\raw\titan007\20260929\20260929_144530_titan007_odds_snapshot.csv,NOT_FINAL_STATE_0,cb6a1d55d2fb8f5032dc,RUN_20260929_144530,v4-market-dirichlet-20260913,2026-09-29T14:45:30+08:00,2026-09-29T14:45:30+08:00,2026-09-30T07:00:00+08:00,16.242,False,False,False
V4_SHADOW,3094998,2026-09-29,国际友谊,美国 vs 智利,智利,receiving,1.25,0.82,N,,0,,,D:\codex\v3_legacy\outputs\football_odds_trader\raw\titan007\20260929\20260929_144530_titan007_odds_snapshot.csv,NOT_FINAL_STATE_0,92cc52faf1aff4910970,RUN_20260929_144530,v4-market-dirichlet-20260913,2026-09-29T14:45:30+08:00,2026-09-29T14:45:30+08:00,2026-09-30T08:00:00+08:00,17.242,False,True,False
V4_SHADOW,3061664,2026-09-29,玻利杯,欧若拉 vs 圣安东尼奥布鲁布鲁,圣安东尼奥布鲁布鲁,receiving,0.25,0.95,N,,0,,,D:\codex\v3_legacy\outputs\football_odds_trader\raw\titan007\20260929\20260929_144530_titan007_odds_snapshot.csv,NOT_FINAL_STATE_0,b7643df657342da68255,RUN_20260929_144530,v4-market-dirichlet-20260913,2026-09-29T14:45:30+08:00,2026-09-29T14:45:30+08:00,2026-09-30T08:00:00+08:00,17.242,False,True,False
V4_SHADOW,3094995,2026-09-29,球会友谊,圣安东尼奥 vs 达姆施塔特,,,,,,,0,,,D:\codex\v3_legacy\outputs\football_odds_trader\raw\titan007\20260929\20260929_144530_titan007_odds_snapshot.csv,NOT_FINAL_STATE_0,efec3420fa78d8e67366,RUN_20260929_144530,v4-market-dirichlet-20260913,2026-09-29T14:45:30+08:00,2026-09-29T14:45:30+08:00,2026-09-30T08:30:00+08:00,17.742,False,False,False
V4_SHADOW,3094999,2026-09-29,国际友谊,墨西哥<font color=#880000>(中)</font> vs 秘鲁,秘鲁,receiving,1.0,1.02,C,,0,,,D:\codex\v3_legacy\outputs\football_odds_trader\raw\titan007\20260929\20260929_144530_titan007_odds_snapshot.csv,NOT_FINAL_STATE_0,84f09f59abcebe9833bb,RUN_20260929_144530,v4-market-dirichlet-20260913,2026-09-29T14:45:30+08:00,2026-09-29T14:45:30+08:00,2026-09-30T09:00:00+08:00,18.242,False,True,False
V4_SHADOW,3011793,2026-09-29,哥伦甲秋,麦德林独立 vs 百万富翁,百万富翁,receiving,0.25,0.88,N,,0,,,D:\codex\v3_legacy\outputs\football_odds_trader\raw\titan007\20260929\20260929_144530_titan007_odds_snapshot.csv,NOT_FINAL_STATE_0,0549895632634758ad2f,RUN_20260929_144530,v4-market-dirichlet-20260913,2026-09-29T14:45:30+08:00,2026-09-29T14:45:30+08:00,2026-09-30T09:05:00+08:00,18.325,False,True,False
V4_SHADOW,3092487,2026-09-29,中北美国联,伯利兹 vs 圣文森特和格林纳丁斯,,,,,,,0,,,D:\codex\v3_legacy\outputs\football_odds_trader\raw\titan007\20260929\20260929_144530_titan007_odds_snapshot.csv,NOT_FINAL_STATE_0,a5e75b1eb53a5e13e284,RUN_20260929_144530,v4-market-dirichlet-20260913,2026-09-29T14:45:30+08:00,2026-09-29T14:45:30+08:00,2026-09-30T10:00:00+08:00,19.242,False,False,False
V4_SHADOW,3094942,2026-09-29,国际友谊,巴布亚新几内亚女足 vs 所罗门群岛女足,,,,,,5-1,-1,,,D:\codex\v3_legacy\outputs\football_odds_trader\raw\titan007\20260929\20260929_144530_titan007_odds_snapshot.csv,MISSING_V4_SIDE_LINE_WATER_OR_TEAM,13030e08a5fe02632eb6,RUN_20260929_074001,v4-market-dirichlet-20260913,2026-09-29T07:40:02+08:00,2026-09-29T07:40:02+08:00,2026-09-29T12:00:00+08:00,4.333,False,False,False
V4_SHADOW,3041925,2026-09-29,萨尔超春,亚古雷 vs 国际FA,,,,,,,,,,D:\codex\v3_legacy\outputs\football_odds_trader\raw\titan007\20260929\20260929_144530_titan007_odds_snapshot.csv,NOT_FINAL_STATE_UNKNOWN,bae891967a7f7721ee96,RUN_20260929_144530,v4-market-dirichlet-20260913,2026-09-29T14:45:30+08:00,2026-09-29T14:45:30+08:00,2026-09-30T05:30:00+08:00,14.742,False,False,False
