version,match_id,list_date,competition,match,selected_team,selected_side,line,water,grade,score,result_state,result,pnl_1u,result_source,settlement_status,decision_id,run_id,model_id,quote_at,last_confirmed_at,kickoff_at,hours_from_last_refresh_to_kickoff,is_morning_baseline,is_latest_valid_prematch,real_money
V4_SHADOW,3037128,2026-10-10,泰超,乌泰他尼 vs 萨莱星座,,,,,,4-2,-1,,,D:\codex\v3_legacy\outputs\football_odds_trader\raw\titan007\20261010\20261010_223725_titan007_odds_snapshot.csv,MISSING_V4_SIDE_LINE_WATER_OR_TEAM,5cee5a08e6db67d5945c,RUN_20261010_193724,V4,2026-10-10T14:29:18+08:00,2026-10-10T14:29:18+08:00,2026-10-10T20:00:00+08:00,5.512,False,False,False
V4_SHADOW,3012309,2026-10-10,俄超,沃罗涅日火炬 vs 莫斯科火车头,,,,,,0-5,-1,,,D:\codex\v3_legacy\outputs\football_odds_trader\raw\titan007\20261010\20261010_223725_titan007_odds_snapshot.csv,MISSING_V4_SIDE_LINE_WATER_OR_TEAM,beaa14009507820f74ba,RUN_20261010_193724,V4,2026-10-10T14:29:18+08:00,2026-10-10T14:29:18+08:00,2026-10-10T20:15:00+08:00,5.762,False,False,False
V4_SHADOW,3050587,2026-10-10,意丙,帕格特斯 vs 卡尔皮,,,,,,2-1,-1,,,D:\codex\v3_legacy\outputs\football_odds_trader\raw\titan007\20261010\20261010_223725_titan007_odds_snapshot.csv,MISSING_V4_SIDE_LINE_WATER_OR_TEAM,0212961e92155597e681,RUN_20261010_193724,V4,2026-10-10T14:29:18+08:00,2026-10-10T14:29:18+08:00,2026-10-10T20:30:00+08:00,6.012,False,False,False
V4_SHADOW,3050970,2026-10-10,意丙,比沙奴 vs 格罗瑟托,,,,,,2-3,-1,,,D:\codex\v3_legacy\outputs\football_odds_trader\raw\titan007\20261010\20261010_223725_titan007_odds_snapshot.csv,MISSING_V4_SIDE_LINE_WATER_OR_TEAM,06516bde225826782f84,RUN_20261010_193724,V4,2026-10-10T14:29:18+08:00,2026-10-10T14:29:18+08:00,2026-10-10T20:30:00+08:00,6.012,False,False,False
V4_SHADOW,3051342,2026-10-10,意丙,巴里 vs 久加连奴,,,,,,2-0,-1,,,D:\codex\v3_legacy\outputs\football_odds_trader\raw\titan007\20261010\20261010_223725_titan007_odds_snapshot.csv,MISSING_V4_SIDE_LINE_WATER_OR_TEAM,e5d0fd54f9da8ae44cef,RUN_20261010_193724,V4,2026-10-10T14:29:18+08:00,2026-10-10T14:29:18+08:00,2026-10-10T20:30:00+08:00,6.012,False,False,False
V4_SHADOW,3051345,2026-10-10,意丙,卡塞塔纳 vs 摩诺波利,,,,,,3-1,-1,,,D:\codex\v3_legacy\outputs\football_odds_trader\raw\titan007\20261010\20261010_223725_titan007_odds_snapshot.csv,MISSING_V4_SIDE_LINE_WATER_OR_TEAM,a7ebb12d3fc04d91da43,RUN_20261010_193724,V4,2026-10-10T14:29:18+08:00,2026-10-10T14:29:18+08:00,2026-10-10T20:30:00+08:00,6.012,False,False,False
V4_SHADOW,3051346,2026-10-10,意丙,克罗托内 vs 切里尼奥拉,,,,,,2-3,-1,,,D:\codex\v3_legacy\outputs\football_odds_trader\raw\titan007\20261010\20261010_223725_titan007_odds_snapshot.csv,MISSING_V4_SIDE_LINE_WATER_OR_TEAM,7609d3cba3989245cbdf,RUN_20261010_193724,V4,2026-10-10T14:29:18+08:00,2026-10-10T14:29:18+08:00,2026-10-10T20:30:00+08:00,6.012,False,False,False
V4_SHADOW,3051349,2026-10-10,意丙,萨沃亚 vs 国际米兰U23,,,,,,2-1,-1,,,D:\codex\v3_legacy\outputs\football_odds_trader\raw\titan007\20261010\20261010_223725_titan007_odds_snapshot.csv,MISSING_V4_SIDE_LINE_WATER_OR_TEAM,d19076bb5b8dc95d854c,RUN_20261010_193724,V4,2026-10-10T14:29:18+08:00,2026-10-10T14:29:18+08:00,2026-10-10T20:30:00+08:00,6.012,False,False,False
V4_SHADOW,3011409,2026-10-10,匈甲,华萨斯 vs 华达塞,,,,,,1-1,-1,,,D:\codex\v3_legacy\outputs\football_odds_trader\raw\titan007\20261010\20261010_223725_titan007_odds_snapshot.csv,MISSING_V4_SIDE_LINE_WATER_OR_TEAM,5f78f0db658845e5184c,RUN_20261010_193724,V4,2026-10-10T14:29:18+08:00,2026-10-10T14:29:18+08:00,2026-10-10T20:45:00+08:00,6.262,False,False,False
V4_SHADOW,3003161,2026-10-10,波兰超,克拉科维亚 vs 卢宾扎格勒比,,,,,,,3,,,D:\codex\v3_legacy\outputs\football_odds_trader\raw\titan007\20261010\20261010_223725_titan007_odds_snapshot.csv,NOT_FINAL_STATE_3,1daee6a7c51a0ee0f776,RUN_20261010_193724,V4,2026-10-10T14:29:18+08:00,2026-10-10T14:29:18+08:00,2026-10-10T20:45:00+08:00,6.262,False,False,False
V4_SHADOW,2993808,2026-10-10,意甲,热那亚 vs 佛罗伦萨,,,,,C,,3,,,D:\codex\v3_legacy\outputs\football_odds_trader\raw\titan007\20261010\20261010_223725_titan007_odds_snapshot.csv,NOT_FINAL_STATE_3,e58d4a096317871cbfbf,,V4,2026-10-10T14:29:18+08:00,2026-10-10T14:29:18+08:00,2026-10-10T21:00:00+08:00,6.512,False,True,False
V4_SHADOW,3040757,2026-10-10,意乙,贝内文托 vs 切塞纳,,,,,,,3,,,D:\codex\v3_legacy\outputs\football_odds_trader\raw\titan007\20261010\20261010_223725_titan007_odds_snapshot.csv,NOT_FINAL_STATE_3,8e7e2ab4f7e7c35618a7,RUN_20261010_193724,V4,2026-10-10T14:29:18+08:00,2026-10-10T14:29:18+08:00,2026-10-10T21:00:00+08:00,6.512,False,False,False
V4_SHADOW,3040759,2026-10-10,意乙,恩波利 vs 巴勒莫,,,,,,,3,,,D:\codex\v3_legacy\outputs\football_odds_trader\raw\titan007\20261010\20261010_223725_titan007_odds_snapshot.csv,NOT_FINAL_STATE_3,3022f5d71059b60dae96,RUN_20261010_193724,V4,2026-10-10T14:29:18+08:00,2026-10-10T14:29:18+08:00,2026-10-10T21:00:00+08:00,6.512,False,False,False
V4_SHADOW,3040760,2026-10-10,意乙,恩特拉 vs 史泰比亚,,,,,,,3,,,D:\codex\v3_legacy\outputs\football_odds_trader\raw\titan007\20261010\20261010_223725_titan007_odds_snapshot.csv,NOT_FINAL_STATE_3,3790f3d5fa60dd1eef0a,RUN_20261010_193724,V4,2026-10-10T14:29:18+08:00,2026-10-10T14:29:18+08:00,2026-10-10T21:00:00+08:00,6.512,False,False,False
V4_SHADOW,3040764,2026-10-10,意乙,南蒂罗尔 vs 阿斯科利,,,,,,,3,,,D:\codex\v3_legacy\outputs\football_odds_trader\raw\titan007\20261010\20261010_223725_titan007_odds_snapshot.csv,NOT_FINAL_STATE_3,5b9a33e52f34d831f08e,RUN_20261010_193724,V4,2026-10-10T14:29:18+08:00,2026-10-10T14:29:18+08:00,2026-10-10T21:00:00+08:00,6.512,False,False,False
V4_SHADOW,2912283,2026-10-10,瑞典超,索尔纳 vs 布洛马波卡纳,,,,,,,3,,,D:\codex\v3_legacy\outputs\football_odds_trader\raw\titan007\20261010\20261010_223725_titan007_odds_snapshot.csv,NOT_FINAL_STATE_3,9cf540d4654942f4b78e,RUN_20261010_193724,V4,2026-10-10T14:29:18+08:00,2026-10-10T14:29:18+08:00,2026-10-10T21:00:00+08:00,6.512,False,False,False
V4_SHADOW,2912285,2026-10-10,瑞典超,哥德堡盖斯 vs 天狼星,,,,,,,3,,,D:\codex\v3_legacy\outputs\football_odds_trader\raw\titan007\20261010\20261010_223725_titan007_odds_snapshot.csv,NOT_FINAL_STATE_3,c480cac2711f8eac5a4d,RUN_20261010_193724,V4,2026-10-10T14:29:18+08:00,2026-10-10T14:29:18+08:00,2026-10-10T21:00:00+08:00,6.512,False,False,False
V4_SHADOW,3026742,2026-10-10,土超,阿拉尼亚体育 vs 埃尔祖鲁姆体育,,,,,,,3,,,D:\codex\v3_legacy\outputs\football_odds_trader\raw\titan007\20261010\20261010_223725_titan007_odds_snapshot.csv,NOT_FINAL_STATE_3,88640666e65f5dfe2fc8,RUN_20261010_193724,V4,2026-10-10T14:29:18+08:00,2026-10-10T14:29:18+08:00,2026-10-10T21:00:00+08:00,6.512,False,False,False
V4_SHADOW,3026750,2026-10-10,土超,萨姆松体育 vs 特拉布宗体育,,,,,,,3,,,D:\codex\v3_legacy\outputs\football_odds_trader\raw\titan007\20261010\20261010_223725_titan007_odds_snapshot.csv,NOT_FINAL_STATE_3,8fa511b1bc405a520ebc,RUN_20261010_193724,V4,2026-10-10T14:29:18+08:00,2026-10-10T14:29:18+08:00,2026-10-10T21:00:00+08:00,6.512,False,False,False
V4_SHADOW,3023791,2026-10-10,葡甲,阿马兰迪 vs 朴迪莫伦斯,,,,,,,3,,,D:\codex\v3_legacy\outputs\football_odds_trader\raw\titan007\20261010\20261010_223725_titan007_odds_snapshot.csv,NOT_FINAL_STATE_3,c77a0ae94d823909c66b,RUN_20261010_193724,V4,2026-10-10T14:29:18+08:00,2026-10-10T14:29:18+08:00,2026-10-10T21:00:00+08:00,6.512,False,False,False
V4_SHADOW,2914717,2026-10-10,瑞典甲,奥斯特桑斯 vs 瓦尔贝里,,,,,,,3,,,D:\codex\v3_legacy\outputs\football_odds_trader\raw\titan007\20261010\20261010_223725_titan007_odds_snapshot.csv,NOT_FINAL_STATE_3,997db17f1f404633bad1,RUN_20261010_193724,V4,2026-10-10T14:29:18+08:00,2026-10-10T14:29:18+08:00,2026-10-10T21:00:00+08:00,6.512,False,False,False
V4_SHADOW,3086369,2026-10-10,芬乙D升,洛瓦涅米 vs 韦斯屈莱,,,,,,,3,,,D:\codex\v3_legacy\outputs\football_odds_trader\raw\titan007\20261010\20261010_223725_titan007_odds_snapshot.csv,NOT_FINAL_STATE_3,b0ceeb5e2a3be497736b,RUN_20261010_193724,V4,2026-10-10T14:29:18+08:00,2026-10-10T14:29:18+08:00,2026-10-10T21:00:00+08:00,6.512,False,False,False
V4_SHADOW,3039899,2026-10-10,捷甲,布尔诺 vs 亚布洛内茨,,,,,,,3,,,D:\codex\v3_legacy\outputs\football_odds_trader\raw\titan007\20261010\20261010_223725_titan007_odds_snapshot.csv,NOT_FINAL_STATE_3,f99e15e89c49a431bf76,RUN_20261010_193724,V4,2026-10-10T14:29:18+08:00,2026-10-10T14:29:18+08:00,2026-10-10T21:00:00+08:00,6.512,False,False,False
V4_SHADOW,3039900,2026-10-10,捷甲,赫拉德茨克拉洛韦 vs 阿蒂斯布尔诺,,,,,,,3,,,D:\codex\v3_legacy\outputs\football_odds_trader\raw\titan007\20261010\20261010_223725_titan007_odds_snapshot.csv,NOT_FINAL_STATE_3,7e0b473bcd6a21b97362,RUN_20261010_193724,V4,2026-10-10T14:29:18+08:00,2026-10-10T14:29:18+08:00,2026-10-10T21:00:00+08:00,6.512,False,False,False
V4_SHADOW,3039902,2026-10-10,捷甲,比尔森胜利 vs 博雷斯拉夫,,,,,,,3,,,D:\codex\v3_legacy\outputs\football_odds_trader\raw\titan007\20261010\20261010_223725_titan007_odds_snapshot.csv,NOT_FINAL_STATE_3,c29c4edf1f20c35d689a,RUN_20261010_193724,V4,2026-10-10T14:29:18+08:00,2026-10-10T14:29:18+08:00,2026-10-10T21:00:00+08:00,6.512,False,False,False
V4_SHADOW,2998970,2026-10-10,塞尔超,诺维贝尔格莱德 vs 苏杜利察,,,,,,,3,,,D:\codex\v3_legacy\outputs\football_odds_trader\raw\titan007\20261010\20261010_223725_titan007_odds_snapshot.csv,NOT_FINAL_STATE_3,b2853b0f8d676f9f15af,RUN_20261010_193724,V4,2026-10-10T14:29:18+08:00,2026-10-10T14:29:18+08:00,2026-10-10T21:00:00+08:00,6.512,False,False,False
V4_SHADOW,3040137,2026-10-10,捷乙,切斯卡阿森纳 vs 济斯科夫,,,,,,,3,,,D:\codex\v3_legacy\outputs\football_odds_trader\raw\titan007\20261010\20261010_223725_titan007_odds_snapshot.csv,NOT_FINAL_STATE_3,b35ad67d79310c23887d,RUN_20261010_193724,V4,2026-10-10T14:29:18+08:00,2026-10-10T14:29:18+08:00,2026-10-10T21:00:00+08:00,6.512,False,False,False
V4_SHADOW,2940757,2026-10-10,拉脱超,超级星 vs 格洛比纳,,,,,,,3,,,D:\codex\v3_legacy\outputs\football_odds_trader\raw\titan007\20261010\20261010_223725_titan007_odds_snapshot.csv,NOT_FINAL_STATE_3,15473364470e338a9b42,RUN_20261010_193724,V4,2026-10-10T14:29:18+08:00,2026-10-10T14:29:18+08:00,2026-10-10T21:00:00+08:00,6.512,False,False,False
V4_SHADOW,3030168,2026-10-10,土甲,厄德尔 vs 贝特曼,,,,,,,3,,,D:\codex\v3_legacy\outputs\football_odds_trader\raw\titan007\20261010\20261010_223725_titan007_odds_snapshot.csv,NOT_FINAL_STATE_3,0bf0b333bdd341031c1e,RUN_20261010_193724,V4,2026-10-10T14:29:18+08:00,2026-10-10T14:29:18+08:00,2026-10-10T21:00:00+08:00,6.512,False,False,False
V4_SHADOW,2997533,2026-10-10,克亚甲,斯普利特海杜克 vs 萨格勒布迪纳摩,,,,,,,3,,,D:\codex\v3_legacy\outputs\football_odds_trader\raw\titan007\20261010\20261010_223725_titan007_odds_snapshot.csv,NOT_FINAL_STATE_3,b7615748cbda9e5289b1,RUN_20261010_193724,V4,2026-10-10T14:29:18+08:00,2026-10-10T14:29:18+08:00,2026-10-10T21:00:00+08:00,6.512,False,False,False
V4_SHADOW,3005796,2026-10-10,斯亚甲,雷都米结 vs 科佩尔,,,,,,,3,,,D:\codex\v3_legacy\outputs\football_odds_trader\raw\titan007\20261010\20261010_223725_titan007_odds_snapshot.csv,NOT_FINAL_STATE_3,cee65d76628f6a49e188,RUN_20261010_193724,V4,2026-10-10T14:29:18+08:00,2026-10-10T14:29:18+08:00,2026-10-10T21:00:00+08:00,6.512,False,False,False
V4_SHADOW,3041569,2026-10-10,阿塞超,兹拉 vs 沙马基,,,,,,,3,,,D:\codex\v3_legacy\outputs\football_odds_trader\raw\titan007\20261010\20261010_223725_titan007_odds_snapshot.csv,NOT_FINAL_STATE_3,1c469e5e19be40eed23c,RUN_20261010_193724,V4,2026-10-10T14:29:18+08:00,2026-10-10T14:29:18+08:00,2026-10-10T21:00:00+08:00,6.512,False,False,False
V4_SHADOW,2933161,2026-10-10,乌兹超,克孜勒库姆 vs 特尔梅兹,,,,,,,3,,,D:\codex\v3_legacy\outputs\football_odds_trader\raw\titan007\20261010\20261010_223725_titan007_odds_snapshot.csv,NOT_FINAL_STATE_3,2eeab2646352815d2e6e,RUN_20261010_193724,V4,2026-10-10T14:29:18+08:00,2026-10-10T14:29:18+08:00,2026-10-10T21:00:00+08:00,6.512,False,False,False
V4_SHADOW,3018822,2026-10-10,德甲,奥格斯堡 vs 拜仁慕尼黑,,,,,C,,3,,,D:\codex\v3_legacy\outputs\football_odds_trader\raw\titan007\20261010\20261010_223725_titan007_odds_snapshot.csv,NOT_FINAL_STATE_3,3ef1b8f6f737557b26cb,,V4,2026-10-10T14:29:18+08:00,2026-10-10T14:29:18+08:00,2026-10-10T21:30:00+08:00,7.012,False,True,False
V4_SHADOW,3018826,2026-10-10,德甲,霍芬海姆 vs 汉堡,霍芬海姆,giving,-1.25,0.85,A,,2,,,D:\codex\v3_legacy\outputs\football_odds_trader\raw\titan007\20261010\20261010_223725_titan007_odds_snapshot.csv,NOT_FINAL_STATE_2,0fb4acc673d3300b5ae4,,V4,2026-10-10T14:29:18+08:00,2026-10-10T14:29:18+08:00,2026-10-10T21:30:00+08:00,7.012,False,True,False
V4_SHADOW,3018827,2026-10-10,德甲,美因茨 vs 勒沃库森,美因茨,receiving,0.25,0.92,A,,3,,,D:\codex\v3_legacy\outputs\football_odds_trader\raw\titan007\20261010\20261010_223725_titan007_odds_snapshot.csv,NOT_FINAL_STATE_3,0ec11f57477a25e5f0d5,RUN_20261010_193724,V4,2026-10-10T14:29:18+08:00,2026-10-10T14:29:18+08:00,2026-10-10T21:30:00+08:00,7.012,False,True,False
V4_SHADOW,3018828,2026-10-10,德甲,帕德博恩 vs 斯图加特,斯图加特,giving,-1.0,0.9,B,,3,,,D:\codex\v3_legacy\outputs\football_odds_trader\raw\titan007\20261010\20261010_223725_titan007_odds_snapshot.csv,NOT_FINAL_STATE_3,5b6ee51e9a2944ca6c31,,V4,2026-10-10T14:29:18+08:00,2026-10-10T14:29:18+08:00,2026-10-10T21:30:00+08:00,7.012,False,True,False
V4_SHADOW,3018830,2026-10-10,德甲,柏林联合 vs 埃弗斯堡,,,,,N,,3,,,D:\codex\v3_legacy\outputs\football_odds_trader\raw\titan007\20261010\20261010_223725_titan007_odds_snapshot.csv,NOT_FINAL_STATE_3,3e16c7ae4a7fc1999ab6,RUN_20261010_193724,V4,2026-10-10T14:29:18+08:00,2026-10-10T14:29:18+08:00,2026-10-10T21:30:00+08:00,7.012,False,False,False
V4_SHADOW,3017915,2026-10-10,奥乙,奥地利萨尔斯堡 vs 弗洛里茨多夫,,,,,,,3,,,D:\codex\v3_legacy\outputs\football_odds_trader\raw\titan007\20261010\20261010_223725_titan007_odds_snapshot.csv,NOT_FINAL_STATE_3,9c027f9d7f5cab3d6892,RUN_20261010_193724,V4,2026-10-10T14:29:18+08:00,2026-10-10T14:29:18+08:00,2026-10-10T21:30:00+08:00,7.012,False,False,False
V4_SHADOW,3017917,2026-10-10,奥乙,WSC赫塔威尔斯 vs 布雷根茨,,,,,,,3,,,D:\codex\v3_legacy\outputs\football_odds_trader\raw\titan007\20261010\20261010_223725_titan007_odds_snapshot.csv,NOT_FINAL_STATE_3,176f82ec97d7066cdcad,RUN_20261010_193724,V4,2026-10-10T14:29:18+08:00,2026-10-10T14:29:18+08:00,2026-10-10T21:30:00+08:00,7.012,False,False,False
V4_SHADOW,3017919,2026-10-10,奥乙,列弗宁 vs 格拉茨青年队,,,,,,,3,,,D:\codex\v3_legacy\outputs\football_odds_trader\raw\titan007\20261010\20261010_223725_titan007_odds_snapshot.csv,NOT_FINAL_STATE_3,c9a49ae7609c38853ee7,RUN_20261010_193724,V4,2026-10-10T14:29:18+08:00,2026-10-10T14:29:18+08:00,2026-10-10T21:30:00+08:00,7.012,False,False,False
V4_SHADOW,3017920,2026-10-10,奥乙,维也纳迅速青年队 vs 瓦克蒂罗尔,,,,,,,3,,,D:\codex\v3_legacy\outputs\football_odds_trader\raw\titan007\20261010\20261010_223725_titan007_odds_snapshot.csv,NOT_FINAL_STATE_3,53c3b1d05c003a64abd1,RUN_20261010_193724,V4,2026-10-10T14:29:18+08:00,2026-10-10T14:29:18+08:00,2026-10-10T21:30:00+08:00,7.012,False,False,False
V4_SHADOW,3004999,2026-10-10,波兰甲,阿尔卡 vs 华沙普罗尼亚,,,,,,,3,,,D:\codex\v3_legacy\outputs\football_odds_trader\raw\titan007\20261010\20261010_223725_titan007_odds_snapshot.csv,NOT_FINAL_STATE_3,5d42fb64b56a6013c9a1,RUN_20261010_193724,V4,2026-10-10T14:29:18+08:00,2026-10-10T14:29:18+08:00,2026-10-10T21:30:00+08:00,7.012,False,False,False
V4_SHADOW,3005000,2026-10-10,波兰甲,查洛里 vs 波贡马佐维克,,,,,,,3,,,D:\codex\v3_legacy\outputs\football_odds_trader\raw\titan007\20261010\20261010_223725_titan007_odds_snapshot.csv,NOT_FINAL_STATE_3,4b277d87acf7456005ae,RUN_20261010_193724,V4,2026-10-10T14:29:18+08:00,2026-10-10T14:29:18+08:00,2026-10-10T21:30:00+08:00,7.012,False,False,False
V4_SHADOW,3005005,2026-10-10,波兰甲,斯凯尔涅维采 vs 特马利卡,,,,,,,3,,,D:\codex\v3_legacy\outputs\football_odds_trader\raw\titan007\20261010\20261010_223725_titan007_odds_snapshot.csv,NOT_FINAL_STATE_3,4a53df8086a88da2a493,RUN_20261010_193724,V4,2026-10-10T14:29:18+08:00,2026-10-10T14:29:18+08:00,2026-10-10T21:30:00+08:00,7.012,False,False,False
V4_SHADOW,3003444,2026-10-10,斯伐超,FK柯西斯 vs 科马尔诺,,,,,,,3,,,D:\codex\v3_legacy\outputs\football_odds_trader\raw\titan007\20261010\20261010_223725_titan007_odds_snapshot.csv,NOT_FINAL_STATE_3,f52484ae4dce11857935,RUN_20261010_193724,V4,2026-10-10T14:29:18+08:00,2026-10-10T14:29:18+08:00,2026-10-10T21:30:00+08:00,7.012,False,False,False
V4_SHADOW,3003448,2026-10-10,斯伐超,特伦辛 vs 拜斯迪卡,,,,,,,3,,,D:\codex\v3_legacy\outputs\football_odds_trader\raw\titan007\20261010\20261010_223725_titan007_odds_snapshot.csv,NOT_FINAL_STATE_3,a0063cba7ceef52607be,RUN_20261010_193724,V4,2026-10-10T14:29:18+08:00,2026-10-10T14:29:18+08:00,2026-10-10T21:30:00+08:00,7.012,False,False,False
V4_SHADOW,3003512,2026-10-10,斯伐超,斯卡利卡 vs 布拉迪斯拉发,,,,,,,3,,,D:\codex\v3_legacy\outputs\football_odds_trader\raw\titan007\20261010\20261010_223725_titan007_odds_snapshot.csv,NOT_FINAL_STATE_3,c40532ccd944ec78ffe9,RUN_20261010_193724,V4,2026-10-10T14:29:18+08:00,2026-10-10T14:29:18+08:00,2026-10-10T21:30:00+08:00,7.012,False,False,False
V4_SHADOW,3021630,2026-10-10,马耳甲,拜基卡拉 vs 瓦莱塔,,,,,,,2,,,D:\codex\v3_legacy\outputs\football_odds_trader\raw\titan007\20261010\20261010_223725_titan007_odds_snapshot.csv,NOT_FINAL_STATE_2,1402829df7e93afc4376,RUN_20261010_193724,V4,2026-10-10T14:29:18+08:00,2026-10-10T14:29:18+08:00,2026-10-10T21:30:00+08:00,7.012,False,False,False
V4_SHADOW,3003900,2026-10-10,英超,阿斯顿维拉 vs 布伦特福德,,,,,N,,1,,,D:\codex\v3_legacy\outputs\football_odds_trader\raw\titan007\20261010\20261010_223725_titan007_odds_snapshot.csv,NOT_FINAL_STATE_1,7b782be964df49095cfa,RUN_20261010_214514,V4,2026-10-10T21:26:15+08:00,2026-10-10T21:26:15+08:00,2026-10-10T22:00:00+08:00,0.562,False,False,False
V4_SHADOW,3003901,2026-10-10,英超,切尔西 vs 伯恩茅斯,,,,,C,,1,,,D:\codex\v3_legacy\outputs\football_odds_trader\raw\titan007\20261010\20261010_223725_titan007_odds_snapshot.csv,NOT_FINAL_STATE_1,02aa5a183767848c30fd,,V4,2026-10-10T14:29:18+08:00,2026-10-10T14:29:18+08:00,2026-10-10T22:00:00+08:00,7.512,False,True,False
V4_SHADOW,3003905,2026-10-10,英超,伊普斯维奇 vs 富勒姆,伊普斯维奇,receiving,0.25,0.86,A,,1,,,D:\codex\v3_legacy\outputs\football_odds_trader\raw\titan007\20261010\20261010_223725_titan007_odds_snapshot.csv,NOT_FINAL_STATE_1,b602653f6107c47f1e1a,RUN_20261010_214514,V4,2026-10-10T21:26:15+08:00,2026-10-10T21:26:15+08:00,2026-10-10T22:00:00+08:00,0.562,False,True,False
V4_SHADOW,3003908,2026-10-10,英超,桑德兰 vs 布莱顿,,,,,,,1,,,D:\codex\v3_legacy\outputs\football_odds_trader\raw\titan007\20261010\20261010_223725_titan007_odds_snapshot.csv,NOT_FINAL_STATE_1,f2fb256a7241bc709ea9,RUN_20261010_214514,V4,2026-10-10T21:26:15+08:00,2026-10-10T21:26:15+08:00,2026-10-10T22:00:00+08:00,0.562,False,False,False
V4_SHADOW,3008248,2026-10-10,英冠,博尔顿 vs 斯托克城,,,,,,,1,,,D:\codex\v3_legacy\outputs\football_odds_trader\raw\titan007\20261010\20261010_223725_titan007_odds_snapshot.csv,NOT_FINAL_STATE_1,31b7fb59ad641776fbcf,RUN_20261010_214514,V4,2026-10-10T21:26:15+08:00,2026-10-10T21:26:15+08:00,2026-10-10T22:00:00+08:00,0.562,False,False,False
V4_SHADOW,3008250,2026-10-10,英冠,米德尔斯堡 vs 狼队,,,,,,,1,,,D:\codex\v3_legacy\outputs\football_odds_trader\raw\titan007\20261010\20261010_223725_titan007_odds_snapshot.csv,NOT_FINAL_STATE_1,5ada71e5fad216a70571,RUN_20261010_214514,V4,2026-10-10T21:26:15+08:00,2026-10-10T21:26:15+08:00,2026-10-10T22:00:00+08:00,0.562,False,False,False
V4_SHADOW,3008251,2026-10-10,英冠,普雷斯顿 vs 米尔沃尔,,,,,,,1,,,D:\codex\v3_legacy\outputs\football_odds_trader\raw\titan007\20261010\20261010_223725_titan007_odds_snapshot.csv,NOT_FINAL_STATE_1,72caf8a8e721861566fa,RUN_20261010_214514,V4,2026-10-10T21:26:15+08:00,2026-10-10T21:26:15+08:00,2026-10-10T22:00:00+08:00,0.562,False,False,False
V4_SHADOW,3008252,2026-10-10,英冠,谢菲尔德联队 vs 林肯城,,,,,,,1,,,D:\codex\v3_legacy\outputs\football_odds_trader\raw\titan007\20261010\20261010_223725_titan007_odds_snapshot.csv,NOT_FINAL_STATE_1,8621cd993faaad0a1dbc,RUN_20261010_214514,V4,2026-10-10T21:26:15+08:00,2026-10-10T21:26:15+08:00,2026-10-10T22:00:00+08:00,0.562,False,False,False
V4_SHADOW,3008254,2026-10-10,英冠,沃特福德 vs 伯恩利,沃特福德,receiving,0.25,0.89,B,,1,,,D:\codex\v3_legacy\outputs\football_odds_trader\raw\titan007\20261010\20261010_223725_titan007_odds_snapshot.csv,NOT_FINAL_STATE_1,8aeb727195b1d60975ba,RUN_20261010_214514,V4,2026-10-10T21:26:15+08:00,2026-10-10T21:26:15+08:00,2026-10-10T22:00:00+08:00,0.562,False,True,False
V4_SHADOW,3008257,2026-10-10,英冠,布莱克本 vs 卡迪夫城,,,,,,,1,,,D:\codex\v3_legacy\outputs\football_odds_trader\raw\titan007\20261010\20261010_223725_titan007_odds_snapshot.csv,NOT_FINAL_STATE_1,e3467e94c4b61f5f1685,RUN_20261010_214514,V4,2026-10-10T21:26:15+08:00,2026-10-10T21:26:15+08:00,2026-10-10T22:00:00+08:00,0.562,False,False,False
V4_SHADOW,3008258,2026-10-10,英冠,德比郡 vs 雷克瑟姆,,,,,,,1,,,D:\codex\v3_legacy\outputs\football_odds_trader\raw\titan007\20261010\20261010_223725_titan007_odds_snapshot.csv,NOT_FINAL_STATE_1,b97eea1848f9e1a12dcd,RUN_20261010_214514,V4,2026-10-10T21:26:15+08:00,2026-10-10T21:26:15+08:00,2026-10-10T22:00:00+08:00,0.562,False,False,False
V4_SHADOW,3003592,2026-10-10,比甲,色格拉布鲁日 vs 安德莱赫特,,,,,,,1,,,D:\codex\v3_legacy\outputs\football_odds_trader\raw\titan007\20261010\20261010_223725_titan007_odds_snapshot.csv,NOT_FINAL_STATE_1,289f618654a28713ff29,RUN_20261010_214514,V4,2026-10-10T21:26:15+08:00,2026-10-10T21:26:15+08:00,2026-10-10T22:00:00+08:00,0.562,False,False,False
V4_SHADOW,3002077,2026-10-10,苏超,邓迪联 vs 希伯尼安,,,,,,,1,,,D:\codex\v3_legacy\outputs\football_odds_trader\raw\titan007\20261010\20261010_223725_titan007_odds_snapshot.csv,NOT_FINAL_STATE_1,e69fe0fe773789c526e8,RUN_20261010_214514,V4,2026-10-10T21:26:15+08:00,2026-10-10T21:26:15+08:00,2026-10-10T22:00:00+08:00,0.562,False,False,False
V4_SHADOW,3002078,2026-10-10,苏超,福尔柯克 vs 邓迪FC,,,,,N,,1,,,D:\codex\v3_legacy\outputs\football_odds_trader\raw\titan007\20261010\20261010_223725_titan007_odds_snapshot.csv,NOT_FINAL_STATE_1,f46fda13f687015c71dc,RUN_20261010_214514,V4,2026-10-10T21:26:15+08:00,2026-10-10T21:26:15+08:00,2026-10-10T22:00:00+08:00,0.562,False,True,False
V4_SHADOW,3002079,2026-10-10,苏超,哈茨 vs 圣米伦,,,,,,,1,,,D:\codex\v3_legacy\outputs\football_odds_trader\raw\titan007\20261010\20261010_223725_titan007_odds_snapshot.csv,NOT_FINAL_STATE_1,2c67a4314d4e6e0c8156,RUN_20261010_214514,V4,2026-10-10T21:26:15+08:00,2026-10-10T21:26:15+08:00,2026-10-10T22:00:00+08:00,0.562,False,False,False
V4_SHADOW,3002081,2026-10-10,苏超,格拉斯哥流浪者 vs 基马诺克,,,,,,,1,,,D:\codex\v3_legacy\outputs\football_odds_trader\raw\titan007\20261010\20261010_223725_titan007_odds_snapshot.csv,NOT_FINAL_STATE_1,237e8af2143d776a1c40,RUN_20261010_214514,V4,2026-10-10T21:26:15+08:00,2026-10-10T21:26:15+08:00,2026-10-10T22:00:00+08:00,0.562,False,False,False
V4_SHADOW,3085238,2026-10-10,芬超降,TPS土尔库 vs 雅罗,,,,,,,1,,,D:\codex\v3_legacy\outputs\football_odds_trader\raw\titan007\20261010\20261010_223725_titan007_odds_snapshot.csv,NOT_FINAL_STATE_1,99b2987c87242d98fbff,RUN_20261010_214514,V4,2026-10-10T21:26:15+08:00,2026-10-10T21:26:15+08:00,2026-10-10T22:00:00+08:00,0.562,False,False,False
V4_SHADOW,2912907,2026-10-10,挪超,博德闪耀 vs 克里斯蒂安松,,,,,,,1,,,D:\codex\v3_legacy\outputs\football_odds_trader\raw\titan007\20261010\20261010_223725_titan007_odds_snapshot.csv,NOT_FINAL_STATE_1,904b2c6e701aaf356c53,RUN_20261010_214514,V4,2026-10-10T21:26:15+08:00,2026-10-10T21:26:15+08:00,2026-10-10T22:00:00+08:00,0.562,False,False,False
V4_SHADOW,3007139,2026-10-10,英甲,布拉德福德 vs 莱顿东方,布拉德福德,giving,-1.0,1.02,B,,1,,,D:\codex\v3_legacy\outputs\football_odds_trader\raw\titan007\20261010\20261010_223725_titan007_odds_snapshot.csv,NOT_FINAL_STATE_1,34ad8d59d9f3eac88c22,RUN_20261010_214514,V4,2026-10-10T21:26:15+08:00,2026-10-10T21:26:15+08:00,2026-10-10T22:00:00+08:00,0.562,False,True,False
V4_SHADOW,3007141,2026-10-10,英甲,唐卡斯特 vs 伯顿,,,,,,,1,,,D:\codex\v3_legacy\outputs\football_odds_trader\raw\titan007\20261010\20261010_223725_titan007_odds_snapshot.csv,NOT_FINAL_STATE_1,07eeb5806fd832621338,RUN_20261010_214514,V4,2026-10-10T21:26:15+08:00,2026-10-10T21:26:15+08:00,2026-10-10T22:00:00+08:00,0.562,False,False,False
V4_SHADOW,3007142,2026-10-10,英甲,哈德斯菲尔德 vs 谢周三,,,,,,,1,,,D:\codex\v3_legacy\outputs\football_odds_trader\raw\titan007\20261010\20261010_223725_titan007_odds_snapshot.csv,NOT_FINAL_STATE_1,4f2f0ad9a0c45006ea3b,RUN_20261010_214514,V4,2026-10-10T21:26:15+08:00,2026-10-10T21:26:15+08:00,2026-10-10T22:00:00+08:00,0.562,False,False,False
V4_SHADOW,3007143,2026-10-10,英甲,莱斯特城 vs 彼得堡联,,,,,,,1,,,D:\codex\v3_legacy\outputs\football_odds_trader\raw\titan007\20261010\20261010_223725_titan007_odds_snapshot.csv,NOT_FINAL_STATE_1,8770de5e08977479955d,RUN_20261010_214514,V4,2026-10-10T21:26:15+08:00,2026-10-10T21:26:15+08:00,2026-10-10T22:00:00+08:00,0.562,False,False,False
V4_SHADOW,3007144,2026-10-10,英甲,曼斯菲尔德 vs 布罗姆利,曼斯菲尔德,giving,-0.75,0.84,B,,1,,,D:\codex\v3_legacy\outputs\football_odds_trader\raw\titan007\20261010\20261010_223725_titan007_odds_snapshot.csv,NOT_FINAL_STATE_1,298a3df4a331173832a1,RUN_20261010_214514,V4,2026-10-10T21:26:15+08:00,2026-10-10T21:26:15+08:00,2026-10-10T22:00:00+08:00,0.562,False,True,False
V4_SHADOW,3007145,2026-10-10,英甲,米尔顿凯恩斯 vs 雷丁,,,,,,,1,,,D:\codex\v3_legacy\outputs\football_odds_trader\raw\titan007\20261010\20261010_223725_titan007_odds_snapshot.csv,NOT_FINAL_STATE_1,27ad3324de373c9eeaf3,RUN_20261010_214514,V4,2026-10-10T21:26:15+08:00,2026-10-10T21:26:15+08:00,2026-10-10T22:00:00+08:00,0.562,False,False,False
V4_SHADOW,3007148,2026-10-10,英甲,斯蒂文尼奇 vs 维冈竞技,,,,,,,1,,,D:\codex\v3_legacy\outputs\football_odds_trader\raw\titan007\20261010\20261010_223725_titan007_odds_snapshot.csv,NOT_FINAL_STATE_1,3be3d6f9d7a6c15f18f1,RUN_20261010_214514,V4,2026-10-10T21:26:15+08:00,2026-10-10T21:26:15+08:00,2026-10-10T22:00:00+08:00,0.562,False,False,False
V4_SHADOW,3007149,2026-10-10,英甲,斯托克港 vs 巴恩斯利,,,,,,,1,,,D:\codex\v3_legacy\outputs\football_odds_trader\raw\titan007\20261010\20261010_223725_titan007_odds_snapshot.csv,NOT_FINAL_STATE_1,1702a8f8ae9626cbf3c3,RUN_20261010_214514,V4,2026-10-10T21:26:15+08:00,2026-10-10T21:26:15+08:00,2026-10-10T22:00:00+08:00,0.562,False,False,False
V4_SHADOW,3007150,2026-10-10,英甲,韦康比流浪者 vs 卢顿,,,,,,,1,,,D:\codex\v3_legacy\outputs\football_odds_trader\raw\titan007\20261010\20261010_223725_titan007_odds_snapshot.csv,NOT_FINAL_STATE_1,7be4d2d6aee9908de245,RUN_20261010_214514,V4,2026-10-10T21:26:15+08:00,2026-10-10T21:26:15+08:00,2026-10-10T22:00:00+08:00,0.562,False,False,False
V4_SHADOW,3007698,2026-10-10,英乙,布里斯托流浪 vs 巴尼特,,,,,,,1,,,D:\codex\v3_legacy\outputs\football_odds_trader\raw\titan007\20261010\20261010_223725_titan007_odds_snapshot.csv,NOT_FINAL_STATE_1,78d50a6a500429027e03,RUN_20261010_214514,V4,2026-10-10T21:26:15+08:00,2026-10-10T21:26:15+08:00,2026-10-10T22:00:00+08:00,0.562,False,False,False
V4_SHADOW,3007699,2026-10-10,英乙,切尔滕汉姆 vs 索尔福德市,切尔滕汉姆,receiving,0.75,0.88,B,,1,,,D:\codex\v3_legacy\outputs\football_odds_trader\raw\titan007\20261010\20261010_223725_titan007_odds_snapshot.csv,NOT_FINAL_STATE_1,4251ac913fd2fadcace1,RUN_20261010_214514,V4,2026-10-10T21:26:15+08:00,2026-10-10T21:26:15+08:00,2026-10-10T22:00:00+08:00,0.562,False,True,False
V4_SHADOW,3007700,2026-10-10,英乙,克劳利 vs 切斯特菲尔德,,,,,,,1,,,D:\codex\v3_legacy\outputs\football_odds_trader\raw\titan007\20261010\20261010_223725_titan007_odds_snapshot.csv,NOT_FINAL_STATE_1,eb3c62e054dae0d3fbed,RUN_20261010_214514,V4,2026-10-10T21:26:15+08:00,2026-10-10T21:26:15+08:00,2026-10-10T22:00:00+08:00,0.562,False,False,False
V4_SHADOW,3007701,2026-10-10,英乙,弗利特伍德 vs 沃尔索尔,,,,,,,1,,,D:\codex\v3_legacy\outputs\football_odds_trader\raw\titan007\20261010\20261010_223725_titan007_odds_snapshot.csv,NOT_FINAL_STATE_1,1761a82c99a13688d9c0,RUN_20261010_214514,V4,2026-10-10T21:26:15+08:00,2026-10-10T21:26:15+08:00,2026-10-10T22:00:00+08:00,0.562,False,False,False
V4_SHADOW,3007703,2026-10-10,英乙,维尔港 vs 格林斯比,,,,,,,1,,,D:\codex\v3_legacy\outputs\football_odds_trader\raw\titan007\20261010\20261010_223725_titan007_odds_snapshot.csv,NOT_FINAL_STATE_1,7e8f18ca85989b09d512,RUN_20261010_214514,V4,2026-10-10T21:26:15+08:00,2026-10-10T21:26:15+08:00,2026-10-10T22:00:00+08:00,0.562,False,False,False
V4_SHADOW,3007704,2026-10-10,英乙,罗瑟汉姆 vs 吉林汉姆,,,,,,,1,,,D:\codex\v3_legacy\outputs\football_odds_trader\raw\titan007\20261010\20261010_223725_titan007_odds_snapshot.csv,NOT_FINAL_STATE_1,a4298829d0b743287c27,RUN_20261010_214514,V4,2026-10-10T21:26:15+08:00,2026-10-10T21:26:15+08:00,2026-10-10T22:00:00+08:00,0.562,False,False,False
V4_SHADOW,3007705,2026-10-10,英乙,什鲁斯伯里 vs 埃克塞特城,什鲁斯伯里,giving,-0.25,0.88,C,,1,,,D:\codex\v3_legacy\outputs\football_odds_trader\raw\titan007\20261010\20261010_223725_titan007_odds_snapshot.csv,NOT_FINAL_STATE_1,adab09ab222a4b7fb9a1,RUN_20261010_214514,V4,2026-10-10T21:26:15+08:00,2026-10-10T21:26:15+08:00,2026-10-10T22:00:00+08:00,0.562,False,True,False
V4_SHADOW,3007707,2026-10-10,英乙,特兰米尔 vs 罗奇代尔,,,,,,,1,,,D:\codex\v3_legacy\outputs\football_odds_trader\raw\titan007\20261010\20261010_223725_titan007_odds_snapshot.csv,NOT_FINAL_STATE_1,5864eec2dc5223139a3d,RUN_20261010_214514,V4,2026-10-10T21:26:15+08:00,2026-10-10T21:26:15+08:00,2026-10-10T22:00:00+08:00,0.562,False,False,False
V4_SHADOW,3007708,2026-10-10,英乙,约克城 vs 北安普敦,,,,,,,1,,,D:\codex\v3_legacy\outputs\football_odds_trader\raw\titan007\20261010\20261010_223725_titan007_odds_snapshot.csv,NOT_FINAL_STATE_1,2171ae28c32824acc288,RUN_20261010_214514,V4,2026-10-10T21:26:15+08:00,2026-10-10T21:26:15+08:00,2026-10-10T22:00:00+08:00,0.562,False,False,False
V4_SHADOW,3007709,2026-10-10,英乙,纽波特 vs 科切斯特联,,,,,,,1,,,D:\codex\v3_legacy\outputs\football_odds_trader\raw\titan007\20261010\20261010_223725_titan007_odds_snapshot.csv,NOT_FINAL_STATE_1,fb74e214a0bddfec05e7,RUN_20261010_214514,V4,2026-10-10T21:26:15+08:00,2026-10-10T21:26:15+08:00,2026-10-10T22:00:00+08:00,0.562,False,False,False
V4_SHADOW,3027818,2026-10-10,英议联,菲尔德 vs 斯坎索普,,,,,,,1,,,D:\codex\v3_legacy\outputs\football_odds_trader\raw\titan007\20261010\20261010_223725_titan007_odds_snapshot.csv,NOT_FINAL_STATE_1,2bb7aed66caeab2fcdeb,RUN_20261010_214514,V4,2026-10-10T21:26:15+08:00,2026-10-10T21:26:15+08:00,2026-10-10T22:00:00+08:00,0.562,False,False,False
V4_SHADOW,3027819,2026-10-10,英议联,波士顿联队 vs 南安联,,,,,N,,1,,,D:\codex\v3_legacy\outputs\football_odds_trader\raw\titan007\20261010\20261010_223725_titan007_odds_snapshot.csv,NOT_FINAL_STATE_1,34da9a23cc0587cd2067,RUN_20261010_214514,V4,2026-10-10T21:26:15+08:00,2026-10-10T21:26:15+08:00,2026-10-10T22:00:00+08:00,0.562,False,True,False
V4_SHADOW,3027820,2026-10-10,英议联,夏利法斯 vs 格茨海德,,,,,,,1,,,D:\codex\v3_legacy\outputs\football_odds_trader\raw\titan007\20261010\20261010_223725_titan007_odds_snapshot.csv,NOT_FINAL_STATE_1,32ec63692609d257f0c8,RUN_20261010_214514,V4,2026-10-10T21:26:15+08:00,2026-10-10T21:26:15+08:00,2026-10-10T22:00:00+08:00,0.562,False,False,False
V4_SHADOW,3027821,2026-10-10,英议联,侯恩乔奇 vs 伊斯特雷格,,,,,,,1,,,D:\codex\v3_legacy\outputs\football_odds_trader\raw\titan007\20261010\20261010_223725_titan007_odds_snapshot.csv,NOT_FINAL_STATE_1,3f9ac5d37964bda7d13d,RUN_20261010_214514,V4,2026-10-10T21:26:15+08:00,2026-10-10T21:26:15+08:00,2026-10-10T22:00:00+08:00,0.562,False,False,False
V4_SHADOW,3027822,2026-10-10,英议联,谭禾夫 vs 巴洛,,,,,,,1,,,D:\codex\v3_legacy\outputs\football_odds_trader\raw\titan007\20261010\20261010_223725_titan007_odds_snapshot.csv,NOT_FINAL_STATE_1,31b7933570e3e2ea59ed,RUN_20261010_214514,V4,2026-10-10T21:26:15+08:00,2026-10-10T21:26:15+08:00,2026-10-10T22:00:00+08:00,0.562,False,False,False
V4_SHADOW,3027823,2026-10-10,英议联,石威德 vs 耶奥维尔,,,,,,,1,,,D:\codex\v3_legacy\outputs\football_odds_trader\raw\titan007\20261010\20261010_223725_titan007_odds_snapshot.csv,NOT_FINAL_STATE_1,8095d1e52bf2faff2a62,RUN_20261010_214514,V4,2026-10-10T21:26:15+08:00,2026-10-10T21:26:15+08:00,2026-10-10T22:00:00+08:00,0.562,False,False,False
V4_SHADOW,3027824,2026-10-10,英议联,禾京 vs 哈洛贾特,,,,,N,,1,,,D:\codex\v3_legacy\outputs\football_odds_trader\raw\titan007\20261010\20261010_223725_titan007_odds_snapshot.csv,NOT_FINAL_STATE_1,7a4f712bbd0fed3477f2,RUN_20261010_214514,V4,2026-10-10T21:26:15+08:00,2026-10-10T21:26:15+08:00,2026-10-10T22:00:00+08:00,0.562,False,False,False
V4_SHADOW,3027825,2026-10-10,英议联,沃森 vs 索利赫尔,,,,,,,1,,,D:\codex\v3_legacy\outputs\football_odds_trader\raw\titan007\20261010\20261010_223725_titan007_odds_snapshot.csv,NOT_FINAL_STATE_1,f9185e06b846e4d7a5c1,RUN_20261010_214514,V4,2026-10-10T21:26:15+08:00,2026-10-10T21:26:15+08:00,2026-10-10T22:00:00+08:00,0.562,False,False,False
V4_SHADOW,3098253,2026-10-10,葡乙,凡恩尼斯 vs 帕雷德斯,,,,,,,1,,,D:\codex\v3_legacy\outputs\football_odds_trader\raw\titan007\20261010\20261010_223725_titan007_odds_snapshot.csv,NOT_FINAL_STATE_1,31481e0879cc2249bb79,RUN_20261010_214514,V4,2026-10-10T21:26:15+08:00,2026-10-10T21:26:15+08:00,2026-10-10T22:00:00+08:00,0.562,False,False,False
V4_SHADOW,3098254,2026-10-10,葡乙,塞尔纳谢 vs 路勒坦诺,,,,,,,1,,,D:\codex\v3_legacy\outputs\football_odds_trader\raw\titan007\20261010\20261010_223725_titan007_odds_snapshot.csv,NOT_FINAL_STATE_1,c77625637967551fa2c3,RUN_20261010_214514,V4,2026-10-10T21:26:15+08:00,2026-10-10T21:26:15+08:00,2026-10-10T22:00:00+08:00,0.562,False,False,False
V4_SHADOW,3083301,2026-10-10,西协乙,巴塞罗那B队 vs SD朗洛尼斯,,,,,,,1,,,D:\codex\v3_legacy\outputs\football_odds_trader\raw\titan007\20261010\20261010_223725_titan007_odds_snapshot.csv,NOT_FINAL_STATE_1,13b56867eaaa99c34ce3,RUN_20261010_214514,V4,2026-10-10T21:26:15+08:00,2026-10-10T21:26:15+08:00,2026-10-10T22:00:00+08:00,0.562,False,False,False
V4_SHADOW,3002277,2026-10-10,苏冠,阿布罗斯 vs 摩顿,,,,,,,1,,,D:\codex\v3_legacy\outputs\football_odds_trader\raw\titan007\20261010\20261010_223725_titan007_odds_snapshot.csv,NOT_FINAL_STATE_1,53cbab5a98612185b425,RUN_20261010_214514,V4,2026-10-10T21:26:15+08:00,2026-10-10T21:26:15+08:00,2026-10-10T22:00:00+08:00,0.562,False,False,False
V4_SHADOW,3002278,2026-10-10,苏冠,艾尔联 vs 邓弗姆林,,,,,,,1,,,D:\codex\v3_legacy\outputs\football_odds_trader\raw\titan007\20261010\20261010_223725_titan007_odds_snapshot.csv,NOT_FINAL_STATE_1,300ffb8acc711f6f75d1,RUN_20261010_214514,V4,2026-10-10T21:26:15+08:00,2026-10-10T21:26:15+08:00,2026-10-10T22:00:00+08:00,0.562,False,False,False
V4_SHADOW,3002279,2026-10-10,苏冠,因弗内斯 vs 斯坦豪斯摩尔,,,,,,,1,,,D:\codex\v3_legacy\outputs\football_odds_trader\raw\titan007\20261010\20261010_223725_titan007_odds_snapshot.csv,NOT_FINAL_STATE_1,f82ee84e7ffe4b7790e0,RUN_20261010_214514,V4,2026-10-10T21:26:15+08:00,2026-10-10T21:26:15+08:00,2026-10-10T22:00:00+08:00,0.562,False,False,False
V4_SHADOW,3002280,2026-10-10,苏冠,利文斯顿 vs 帕尔蒂克,,,,,,,1,,,D:\codex\v3_legacy\outputs\football_odds_trader\raw\titan007\20261010\20261010_223725_titan007_odds_snapshot.csv,NOT_FINAL_STATE_1,68496984c38457e1ddd7,RUN_20261010_214514,V4,2026-10-10T21:26:15+08:00,2026-10-10T21:26:15+08:00,2026-10-10T22:00:00+08:00,0.562,False,False,False
V4_SHADOW,3002281,2026-10-10,苏冠,拉茨流浪者 vs 女王公园,,,,,N,,1,,,D:\codex\v3_legacy\outputs\football_odds_trader\raw\titan007\20261010\20261010_223725_titan007_odds_snapshot.csv,NOT_FINAL_STATE_1,b7c64295038b646b47b4,RUN_20261010_214514,V4,2026-10-10T21:26:15+08:00,2026-10-10T21:26:15+08:00,2026-10-10T22:00:00+08:00,0.562,False,True,False
V4_SHADOW,3002457,2026-10-10,苏甲,艾洛亚 vs 哈密尔顿,,,,,,,1,,,D:\codex\v3_legacy\outputs\football_odds_trader\raw\titan007\20261010\20261010_223725_titan007_odds_snapshot.csv,NOT_FINAL_STATE_1,54745ff7f03dca03c067,RUN_20261010_214514,V4,2026-10-10T21:26:15+08:00,2026-10-10T21:26:15+08:00,2026-10-10T22:00:00+08:00,0.562,False,False,False
V4_SHADOW,3002458,2026-10-10,苏甲,科夫流浪者 vs 东法夫郡,,,,,,,1,,,D:\codex\v3_legacy\outputs\football_odds_trader\raw\titan007\20261010\20261010_223725_titan007_odds_snapshot.csv,NOT_FINAL_STATE_1,ab7f8784bcc228918254,RUN_20261010_214514,V4,2026-10-10T21:26:15+08:00,2026-10-10T21:26:15+08:00,2026-10-10T22:00:00+08:00,0.562,False,False,False
V4_SHADOW,3002459,2026-10-10,苏甲,东基尔布莱德 vs 艾尔德里联,,,,,,,1,,,D:\codex\v3_legacy\outputs\football_odds_trader\raw\titan007\20261010\20261010_223725_titan007_odds_snapshot.csv,NOT_FINAL_STATE_1,ba5618e66071639527a1,RUN_20261010_214514,V4,2026-10-10T21:26:15+08:00,2026-10-10T21:26:15+08:00,2026-10-10T22:00:00+08:00,0.562,False,False,False
V4_SHADOW,3002460,2026-10-10,苏甲,蒙特罗斯 vs 罗斯郡,,,,,,,1,,,D:\codex\v3_legacy\outputs\football_odds_trader\raw\titan007\20261010\20261010_223725_titan007_odds_snapshot.csv,NOT_FINAL_STATE_1,2a6f934a1ff631cd9762,RUN_20261010_214514,V4,2026-10-10T21:26:15+08:00,2026-10-10T21:26:15+08:00,2026-10-10T22:00:00+08:00,0.562,False,False,False
V4_SHADOW,3002461,2026-10-10,苏甲,彼得黑德 vs 南部女王,,,,,N,,1,,,D:\codex\v3_legacy\outputs\football_odds_trader\raw\titan007\20261010\20261010_223725_titan007_odds_snapshot.csv,NOT_FINAL_STATE_1,f5688e2152020893a705,RUN_20261010_214514,V4,2026-10-10T21:26:15+08:00,2026-10-10T21:26:15+08:00,2026-10-10T22:00:00+08:00,0.562,False,True,False
V4_SHADOW,3002637,2026-10-10,苏乙,安南竞技 vs 斯青威尔,,,,,,,1,,,D:\codex\v3_legacy\outputs\football_odds_trader\raw\titan007\20261010\20261010_223725_titan007_odds_snapshot.csv,NOT_FINAL_STATE_1,2adaa8c8f38a75a1ade3,RUN_20261010_214514,V4,2026-10-10T21:26:15+08:00,2026-10-10T21:26:15+08:00,2026-10-10T22:00:00+08:00,0.562,False,False,False
V4_SHADOW,3002638,2026-10-10,苏乙,加迪 vs 邓巴顿,,,,,,,1,,,D:\codex\v3_legacy\outputs\football_odds_trader\raw\titan007\20261010\20261010_223725_titan007_odds_snapshot.csv,NOT_FINAL_STATE_1,2f4aac0d998c04f5240d,RUN_20261010_214514,V4,2026-10-10T21:26:15+08:00,2026-10-10T21:26:15+08:00,2026-10-10T22:00:00+08:00,0.562,False,False,False
V4_SHADOW,3002639,2026-10-10,苏乙,爱丁堡 vs 斯巴顿斯,,,,,,,1,,,D:\codex\v3_legacy\outputs\football_odds_trader\raw\titan007\20261010\20261010_223725_titan007_odds_snapshot.csv,NOT_FINAL_STATE_1,3679b922f8e7c20cc18f,RUN_20261010_214514,V4,2026-10-10T21:26:15+08:00,2026-10-10T21:26:15+08:00,2026-10-10T22:00:00+08:00,0.562,False,False,False
V4_SHADOW,3002640,2026-10-10,苏乙,科化体育会 vs 埃尔金城,,,,,,,1,,,D:\codex\v3_legacy\outputs\football_odds_trader\raw\titan007\20261010\20261010_223725_titan007_odds_snapshot.csv,NOT_FINAL_STATE_1,245f099fb251a80bb5f9,RUN_20261010_214514,V4,2026-10-10T21:26:15+08:00,2026-10-10T21:26:15+08:00,2026-10-10T22:00:00+08:00,0.562,False,False,False
V4_SHADOW,3002641,2026-10-10,苏乙,艾比安斯特宁 vs 凯尔蒂赫斯,,,,,N,,1,,,D:\codex\v3_legacy\outputs\football_odds_trader\raw\titan007\20261010\20261010_223725_titan007_odds_snapshot.csv,NOT_FINAL_STATE_1,20383b0a6de98a148433,RUN_20261010_214514,V4,2026-10-10T21:26:15+08:00,2026-10-10T21:26:15+08:00,2026-10-10T22:00:00+08:00,0.562,False,False,False
V4_SHADOW,3005403,2026-10-10,比乙,利尔斯 vs 法兰波垒斯,,,,,,,1,,,D:\codex\v3_legacy\outputs\football_odds_trader\raw\titan007\20261010\20261010_223725_titan007_odds_snapshot.csv,NOT_FINAL_STATE_1,07daa096e050411b95cb,RUN_20261010_214514,V4,2026-10-10T21:26:15+08:00,2026-10-10T21:26:15+08:00,2026-10-10T22:00:00+08:00,0.562,False,False,False
V4_SHADOW,3005405,2026-10-10,比乙,维尔通 vs 哈塞尔特,,,,,,,1,,,D:\codex\v3_legacy\outputs\football_odds_trader\raw\titan007\20261010\20261010_223725_titan007_odds_snapshot.csv,NOT_FINAL_STATE_1,b678b4404f8c1d24ee0c,RUN_20261010_214514,V4,2026-10-10T21:26:15+08:00,2026-10-10T21:26:15+08:00,2026-10-10T22:00:00+08:00,0.562,False,False,False
V4_SHADOW,2919776,2026-10-10,瑞典乙南,隆德斯 vs 特罗尔海坦,,,,,N,,1,,,D:\codex\v3_legacy\outputs\football_odds_trader\raw\titan007\20261010\20261010_223725_titan007_odds_snapshot.csv,NOT_FINAL_STATE_1,858903fe64826d9d3398,RUN_20261010_214514,V4,2026-10-10T21:26:15+08:00,2026-10-10T21:26:15+08:00,2026-10-10T22:00:00+08:00,0.562,False,True,False
V4_SHADOW,2919932,2026-10-10,瑞典乙南,阿里安娜 vs 斯柯维德,,,,,,,1,,,D:\codex\v3_legacy\outputs\football_odds_trader\raw\titan007\20261010\20261010_223725_titan007_odds_snapshot.csv,NOT_FINAL_STATE_1,0c19d1d4a053bf3bd4f4,RUN_20261010_214514,V4,2026-10-10T21:26:15+08:00,2026-10-10T21:26:15+08:00,2026-10-10T22:00:00+08:00,0.562,False,False,False
V4_SHADOW,2919936,2026-10-10,瑞典乙南,罗森加德 vs 阿特维达堡,,,,,,,1,,,D:\codex\v3_legacy\outputs\football_odds_trader\raw\titan007\20261010\20261010_223725_titan007_odds_snapshot.csv,NOT_FINAL_STATE_1,380a7f584ee805c9ceb9,RUN_20261010_214514,V4,2026-10-10T21:26:15+08:00,2026-10-10T21:26:15+08:00,2026-10-10T22:00:00+08:00,0.562,False,False,False
V4_SHADOW,2920172,2026-10-10,瑞典乙北,埃斯基尔斯蒂纳 vs 斯德哥尔摩国际,,,,,,,1,,,D:\codex\v3_legacy\outputs\football_odds_trader\raw\titan007\20261010\20261010_223725_titan007_odds_snapshot.csv,NOT_FINAL_STATE_1,e05192f66bc095f4b091,RUN_20261010_214514,V4,2026-10-10T21:26:15+08:00,2026-10-10T21:26:15+08:00,2026-10-10T22:00:00+08:00,0.562,False,False,False
V4_SHADOW,2920178,2026-10-10,瑞典乙北,卡尔斯塔德 vs FC阿尔兰达,,,,,,,1,,,D:\codex\v3_legacy\outputs\football_odds_trader\raw\titan007\20261010\20261010_223725_titan007_odds_snapshot.csv,NOT_FINAL_STATE_1,d954e506e2987cffb708,RUN_20261010_214514,V4,2026-10-10T21:26:15+08:00,2026-10-10T21:26:15+08:00,2026-10-10T22:00:00+08:00,0.562,False,False,False
V4_SHADOW,3086353,2026-10-10,芬乙D降,TPV谭柏利 vs KPV科高拉,,,,,,,1,,,D:\codex\v3_legacy\outputs\football_odds_trader\raw\titan007\20261010\20261010_223725_titan007_odds_snapshot.csv,NOT_FINAL_STATE_1,5caf1d9ab67dbc6524f5,RUN_20261010_214514,V4,2026-10-10T21:26:15+08:00,2026-10-10T21:26:15+08:00,2026-10-10T22:00:00+08:00,0.562,False,False,False
V4_SHADOW,3011619,2026-10-10,北爱超,科尔雷恩 vs 克里夫顿维尔,,,,,,,1,,,D:\codex\v3_legacy\outputs\football_odds_trader\raw\titan007\20261010\20261010_223725_titan007_odds_snapshot.csv,NOT_FINAL_STATE_1,b96ff0155b6aeeadefbe,RUN_20261010_214514,V4,2026-10-10T21:26:15+08:00,2026-10-10T21:26:15+08:00,2026-10-10T22:00:00+08:00,0.562,False,False,False
V4_SHADOW,3011620,2026-10-10,北爱超,克鲁萨德 vs 拉恩,,,,,N,,1,,,D:\codex\v3_legacy\outputs\football_odds_trader\raw\titan007\20261010\20261010_223725_titan007_odds_snapshot.csv,NOT_FINAL_STATE_1,61cba1cde2473ec90940,RUN_20261010_214514,V4,2026-10-10T21:26:15+08:00,2026-10-10T21:26:15+08:00,2026-10-10T22:00:00+08:00,0.562,False,True,False
V4_SHADOW,3011621,2026-10-10,北爱超,邓甘嫩 vs 卡域克流浪,,,,,,,1,,,D:\codex\v3_legacy\outputs\football_odds_trader\raw\titan007\20261010\20261010_223725_titan007_odds_snapshot.csv,NOT_FINAL_STATE_1,3f9cd8e745dc392002d7,RUN_20261010_214514,V4,2026-10-10T21:26:15+08:00,2026-10-10T21:26:15+08:00,2026-10-10T22:00:00+08:00,0.562,False,False,False
V4_SHADOW,3011622,2026-10-10,北爱超,利马瓦迪 vs 巴利米纳联队,,,,,,,1,,,D:\codex\v3_legacy\outputs\football_odds_trader\raw\titan007\20261010\20261010_223725_titan007_odds_snapshot.csv,NOT_FINAL_STATE_1,687802f1862eba1dc8b5,RUN_20261010_214514,V4,2026-10-10T21:26:15+08:00,2026-10-10T21:26:15+08:00,2026-10-10T22:00:00+08:00,0.562,False,False,False
V4_SHADOW,3011623,2026-10-10,北爱超,林菲尔德 vs FC宾高,,,,,,,1,,,D:\codex\v3_legacy\outputs\football_odds_trader\raw\titan007\20261010\20261010_223725_titan007_odds_snapshot.csv,NOT_FINAL_STATE_1,404cac1ca08122a3ddb5,RUN_20261010_214514,V4,2026-10-10T21:26:15+08:00,2026-10-10T21:26:15+08:00,2026-10-10T22:00:00+08:00,0.562,False,False,False
V4_SHADOW,3022000,2026-10-10,俄甲,下诺夫哥罗德 vs 叶尼塞,,,,,,,1,,,D:\codex\v3_legacy\outputs\football_odds_trader\raw\titan007\20261010\20261010_223725_titan007_odds_snapshot.csv,NOT_FINAL_STATE_1,bb9019656c9c20534c0e,RUN_20261010_214514,V4,2026-10-10T21:26:15+08:00,2026-10-10T21:26:15+08:00,2026-10-10T22:00:00+08:00,0.562,False,False,False
V4_SHADOW,3022001,2026-10-10,俄甲,伏尔加格勒 vs 乌里扬诺夫斯克伏尔加,,,,,N,,1,,,D:\codex\v3_legacy\outputs\football_odds_trader\raw\titan007\20261010\20261010_223725_titan007_odds_snapshot.csv,NOT_FINAL_STATE_1,8d6e34991422ae973c31,RUN_20261010_214514,V4,2026-10-10T21:26:15+08:00,2026-10-10T21:26:15+08:00,2026-10-10T22:00:00+08:00,0.562,False,True,False
V4_SHADOW,3087991,2026-10-10,冰岛超降,加尔扎拜尔星 vs 阿古雷利,,,,,,,1,,,D:\codex\v3_legacy\outputs\football_odds_trader\raw\titan007\20261010\20261010_223725_titan007_odds_snapshot.csv,NOT_FINAL_STATE_1,b0d58da5032bfc0dd331,RUN_20261010_214514,V4,2026-10-10T21:26:15+08:00,2026-10-10T21:26:15+08:00,2026-10-10T22:00:00+08:00,0.562,False,False,False
V4_SHADOW,3087992,2026-10-10,冰岛超降,托尔 vs 韦斯特曼纳埃亚尔,,,,,,,1,,,D:\codex\v3_legacy\outputs\football_odds_trader\raw\titan007\20261010\20261010_223725_titan007_odds_snapshot.csv,NOT_FINAL_STATE_1,3310c37b27db1553ce48,RUN_20261010_214514,V4,2026-10-10T21:26:15+08:00,2026-10-10T21:26:15+08:00,2026-10-10T22:00:00+08:00,0.562,False,False,False
V4_SHADOW,3087993,2026-10-10,冰岛超降,瓦路尔 vs 哈夫纳夫约杜尔,,,,,,,1,,,D:\codex\v3_legacy\outputs\football_odds_trader\raw\titan007\20261010\20261010_223725_titan007_odds_snapshot.csv,NOT_FINAL_STATE_1,7a2cde31dba9e6229de5,RUN_20261010_214514,V4,2026-10-10T21:26:15+08:00,2026-10-10T21:26:15+08:00,2026-10-10T22:00:00+08:00,0.562,False,False,False
V4_SHADOW,2948611,2026-10-10,白俄超,鲍里索夫巴特 vs 斯拉维亚莫兹里,,,,,N,,1,,,D:\codex\v3_legacy\outputs\football_odds_trader\raw\titan007\20261010\20261010_223725_titan007_odds_snapshot.csv,NOT_FINAL_STATE_1,6a1135cd45d61706f3fc,RUN_20261010_214514,V4,2026-10-10T21:26:15+08:00,2026-10-10T21:26:15+08:00,2026-10-10T22:00:00+08:00,0.562,False,False,False
V4_SHADOW,3028895,2026-10-10,英议南,托顿 vs 沃尔顿赫咸,,,,,,,1,,,D:\codex\v3_legacy\outputs\football_odds_trader\raw\titan007\20261010\20261010_223725_titan007_odds_snapshot.csv,NOT_FINAL_STATE_1,c73f2f54f124d6d4d1e4,RUN_20261010_214514,V4,2026-10-10T21:26:15+08:00,2026-10-10T21:26:15+08:00,2026-10-10T22:00:00+08:00,0.562,False,False,False
V4_SHADOW,3028896,2026-10-10,英议南,比利列卡尔镇 vs 法保罗夫,,,,,,,1,,,D:\codex\v3_legacy\outputs\football_odds_trader\raw\titan007\20261010\20261010_223725_titan007_odds_snapshot.csv,NOT_FINAL_STATE_1,70c4d503f8e8838886b1,RUN_20261010_214514,V4,2026-10-10T21:26:15+08:00,2026-10-10T21:26:15+08:00,2026-10-10T22:00:00+08:00,0.562,False,False,False
V4_SHADOW,3028897,2026-10-10,英议南,布伦特里 vs 特鲁罗城,,,,,,,1,,,D:\codex\v3_legacy\outputs\football_odds_trader\raw\titan007\20261010\20261010_223725_titan007_odds_snapshot.csv,NOT_FINAL_STATE_1,3817f7fa9e4c7d618ce4,RUN_20261010_214514,V4,2026-10-10T21:26:15+08:00,2026-10-10T21:26:15+08:00,2026-10-10T22:00:00+08:00,0.562,False,False,False
V4_SHADOW,3028898,2026-10-10,英议南,车斯曼 vs 车姆斯福特,,,,,,,1,,,D:\codex\v3_legacy\outputs\football_odds_trader\raw\titan007\20261010\20261010_223725_titan007_odds_snapshot.csv,NOT_FINAL_STATE_1,79c5ab597868ad856dc7,RUN_20261010_214514,V4,2026-10-10T21:26:15+08:00,2026-10-10T21:26:15+08:00,2026-10-10T22:00:00+08:00,0.562,False,False,False
V4_SHADOW,3028899,2026-10-10,英议南,达根汉姆 vs 希美咸史特城,,,,,N,,1,,,D:\codex\v3_legacy\outputs\football_odds_trader\raw\titan007\20261010\20261010_223725_titan007_odds_snapshot.csv,NOT_FINAL_STATE_1,3885db366c61b50601f8,RUN_20261010_214514,V4,2026-10-10T21:26:15+08:00,2026-10-10T21:26:15+08:00,2026-10-10T22:00:00+08:00,0.562,False,True,False
V4_SHADOW,3028900,2026-10-10,英议南,多佛 vs 杜金,,,,,,,1,,,D:\codex\v3_legacy\outputs\football_odds_trader\raw\titan007\20261010\20261010_223725_titan007_odds_snapshot.csv,NOT_FINAL_STATE_1,36334ab8d305af80cad9,RUN_20261010_214514,V4,2026-10-10T21:26:15+08:00,2026-10-10T21:26:15+08:00,2026-10-10T22:00:00+08:00,0.562,False,False,False
V4_SHADOW,3028901,2026-10-10,英议南,法纳姆城 vs 索尔兹伯里FC,,,,,,,1,,,D:\codex\v3_legacy\outputs\football_odds_trader\raw\titan007\20261010\20261010_223725_titan007_odds_snapshot.csv,NOT_FINAL_STATE_1,f5409611de6d283ece53,RUN_20261010_214514,V4,2026-10-10T21:26:15+08:00,2026-10-10T21:26:15+08:00,2026-10-10T22:00:00+08:00,0.562,False,False,False
V4_SHADOW,3028902,2026-10-10,英议南,富莫咸普顿 vs 艾贝斯费特联,,,,,,,1,,,D:\codex\v3_legacy\outputs\football_odds_trader\raw\titan007\20261010\20261010_223725_titan007_odds_snapshot.csv,NOT_FINAL_STATE_1,41c099df0b66c6d5c3b9,RUN_20261010_214514,V4,2026-10-10T21:26:15+08:00,2026-10-10T21:26:15+08:00,2026-10-10T22:00:00+08:00,0.562,False,False,False
V4_SHADOW,3028903,2026-10-10,英议南,霍舍姆 vs 梅德斯托联,,,,,,,1,,,D:\codex\v3_legacy\outputs\football_odds_trader\raw\titan007\20261010\20261010_223725_titan007_odds_snapshot.csv,NOT_FINAL_STATE_1,d0ba1d069c3de9763d6c,RUN_20261010_214514,V4,2026-10-10T21:26:15+08:00,2026-10-10T21:26:15+08:00,2026-10-10T22:00:00+08:00,0.562,False,False,False
V4_SHADOW,3028904,2026-10-10,英议南,麦德黑联 vs 汤桥天使,,,,,N,,1,,,D:\codex\v3_legacy\outputs\football_odds_trader\raw\titan007\20261010\20261010_223725_titan007_odds_snapshot.csv,NOT_FINAL_STATE_1,46fd298474cdaed05765,RUN_20261010_214514,V4,2026-10-10T21:26:15+08:00,2026-10-10T21:26:15+08:00,2026-10-10T22:00:00+08:00,0.562,False,True,False
V4_SHADOW,3028905,2026-10-10,英议南,托奎联 vs 史洛治,,,,,,,1,,,D:\codex\v3_legacy\outputs\football_odds_trader\raw\titan007\20261010\20261010_223725_titan007_odds_snapshot.csv,NOT_FINAL_STATE_1,e54e57459e77bd669345,RUN_20261010_214514,V4,2026-10-10T21:26:15+08:00,2026-10-10T21:26:15+08:00,2026-10-10T22:00:00+08:00,0.562,False,False,False
V4_SHADOW,3028906,2026-10-10,英议南,维斯顿 vs 福克斯顿,,,,,,,1,,,D:\codex\v3_legacy\outputs\football_odds_trader\raw\titan007\20261010\20261010_223725_titan007_odds_snapshot.csv,NOT_FINAL_STATE_1,cbaf13cb500e55633c9a,RUN_20261010_214514,V4,2026-10-10T21:26:15+08:00,2026-10-10T21:26:15+08:00,2026-10-10T22:00:00+08:00,0.562,False,False,False
V4_SHADOW,3028343,2026-10-10,英议北,巴克利城 vs 斯彭尼穆尔城,,,,,,,1,,,D:\codex\v3_legacy\outputs\football_odds_trader\raw\titan007\20261010\20261010_223725_titan007_odds_snapshot.csv,NOT_FINAL_STATE_1,ad3439cfb622ae1e5f77,RUN_20261010_214514,V4,2026-10-10T21:26:15+08:00,2026-10-10T21:26:15+08:00,2026-10-10T22:00:00+08:00,0.562,False,False,False
V4_SHADOW,3028344,2026-10-10,英议北,切斯特 vs 巴福特城,,,,,N,,1,,,D:\codex\v3_legacy\outputs\football_odds_trader\raw\titan007\20261010\20261010_223725_titan007_odds_snapshot.csv,NOT_FINAL_STATE_1,8f142a87a236b0dc5cdd,RUN_20261010_214514,V4,2026-10-10T21:26:15+08:00,2026-10-10T21:26:15+08:00,2026-10-10T22:00:00+08:00,0.562,False,True,False
V4_SHADOW,3028345,2026-10-10,英议北,切奥尔雷 vs 泰福特,,,,,,,1,,,D:\codex\v3_legacy\outputs\football_odds_trader\raw\titan007\20261010\20261010_223725_titan007_odds_snapshot.csv,NOT_FINAL_STATE_1,8b8fc8bdc5b50bb63c5e,RUN_20261010_214514,V4,2026-10-10T21:26:15+08:00,2026-10-10T21:26:15+08:00,2026-10-10T22:00:00+08:00,0.562,False,False,False
V4_SHADOW,3028346,2026-10-10,英议北,哈伯勒镇 vs 南港队,,,,,,,1,,,D:\codex\v3_legacy\outputs\football_odds_trader\raw\titan007\20261010\20261010_223725_titan007_odds_snapshot.csv,NOT_FINAL_STATE_1,1f835a473ed0a4fd678a,RUN_20261010_214514,V4,2026-10-10T21:26:15+08:00,2026-10-10T21:26:15+08:00,2026-10-10T22:00:00+08:00,0.562,False,False,False
V4_SHADOW,3028347,2026-10-10,英议北,禾布本尼镇 vs 牛津城,,,,,,,1,,,D:\codex\v3_legacy\outputs\football_odds_trader\raw\titan007\20261010\20261010_223725_titan007_odds_snapshot.csv,NOT_FINAL_STATE_1,671bd38c34df95af1077,RUN_20261010_214514,V4,2026-10-10T21:26:15+08:00,2026-10-10T21:26:15+08:00,2026-10-10T22:00:00+08:00,0.562,False,False,False
V4_SHADOW,3028348,2026-10-10,英议北,赫雷福德 vs 汉德尼斯佛,,,,,,,1,,,D:\codex\v3_legacy\outputs\football_odds_trader\raw\titan007\20261010\20261010_223725_titan007_odds_snapshot.csv,NOT_FINAL_STATE_1,2cbe762175b7f19f4e25,RUN_20261010_214514,V4,2026-10-10T21:26:15+08:00,2026-10-10T21:26:15+08:00,2026-10-10T22:00:00+08:00,0.562,False,False,False
V4_SHADOW,3028349,2026-10-10,英议北,京士拉 vs 布顿,,,,,N,,1,,,D:\codex\v3_legacy\outputs\football_odds_trader\raw\titan007\20261010\20261010_223725_titan007_odds_snapshot.csv,NOT_FINAL_STATE_1,23c292e13407d3525ab5,RUN_20261010_214514,V4,2026-10-10T21:26:15+08:00,2026-10-10T21:26:15+08:00,2026-10-10T22:00:00+08:00,0.562,False,False,False
V4_SHADOW,3028350,2026-10-10,英议北,马科斯菲尔德 vs 南希尔兹,,,,,,,1,,,D:\codex\v3_legacy\outputs\football_odds_trader\raw\titan007\20261010\20261010_223725_titan007_odds_snapshot.csv,NOT_FINAL_STATE_1,0d01838fd5da9e5f1606,RUN_20261010_214514,V4,2026-10-10T21:26:15+08:00,2026-10-10T21:26:15+08:00,2026-10-10T22:00:00+08:00,0.562,False,False,False
V4_SHADOW,3028351,2026-10-10,英议北,海运联 vs 斯伯丁,,,,,,,1,,,D:\codex\v3_legacy\outputs\football_odds_trader\raw\titan007\20261010\20261010_223725_titan007_odds_snapshot.csv,NOT_FINAL_STATE_1,18d0a9121862274ccbc0,RUN_20261010_214514,V4,2026-10-10T21:26:15+08:00,2026-10-10T21:26:15+08:00,2026-10-10T22:00:00+08:00,0.562,False,False,False
V4_SHADOW,3028352,2026-10-10,英议北,雷德利费 vs 史卡保罗夫,,,,,,,1,,,D:\codex\v3_legacy\outputs\football_odds_trader\raw\titan007\20261010\20261010_223725_titan007_odds_snapshot.csv,NOT_FINAL_STATE_1,e268878da436a890f590,RUN_20261010_214514,V4,2026-10-10T21:26:15+08:00,2026-10-10T21:26:15+08:00,2026-10-10T22:00:00+08:00,0.562,False,False,False
V4_SHADOW,3028353,2026-10-10,英议北,沃克索谱镇 vs 莫雷坎比,,,,,,,1,,,D:\codex\v3_legacy\outputs\football_odds_trader\raw\titan007\20261010\20261010_223725_titan007_odds_snapshot.csv,NOT_FINAL_STATE_1,3555099f546e4e293765,RUN_20261010_214514,V4,2026-10-10T21:26:15+08:00,2026-10-10T21:26:15+08:00,2026-10-10T22:00:00+08:00,0.562,False,False,False
V4_SHADOW,3028354,2026-10-10,英议北,达宁顿 vs 梅瑟镇,,,,,N,,1,,,D:\codex\v3_legacy\outputs\football_odds_trader\raw\titan007\20261010\20261010_223725_titan007_odds_snapshot.csv,NOT_FINAL_STATE_1,ecec7ce1bbead465050d,RUN_20261010_214514,V4,2026-10-10T21:26:15+08:00,2026-10-10T21:26:15+08:00,2026-10-10T22:00:00+08:00,0.562,False,False,False
V4_SHADOW,3099095,2026-10-10,乌拉甲秋,防卫者体育 vs 塞路,,,,,,,1,,,D:\codex\v3_legacy\outputs\football_odds_trader\raw\titan007\20261010\20261010_223725_titan007_odds_snapshot.csv,NOT_FINAL_STATE_1,aa7fd8fd66921bd2a02f,RUN_20261010_214514,V4,2026-10-10T21:26:15+08:00,2026-10-10T21:26:15+08:00,2026-10-10T22:00:00+08:00,0.562,False,False,False
V4_SHADOW,3098464,2026-10-10,约超联,连姆沙 vs 多格拉,,,,,,,1,,,D:\codex\v3_legacy\outputs\football_odds_trader\raw\titan007\20261010\20261010_223725_titan007_odds_snapshot.csv,NOT_FINAL_STATE_1,6185e340869b5b01fe8c,RUN_20261010_214514,V4,2026-10-10T21:26:15+08:00,2026-10-10T21:26:15+08:00,2026-10-10T22:00:00+08:00,0.562,False,False,False
V4_SHADOW,2953389,2026-10-10,哈萨克超,热尼斯 vs 阿迪拿奥,,,,,,,1,,,D:\codex\v3_legacy\outputs\football_odds_trader\raw\titan007\20261010\20261010_223725_titan007_odds_snapshot.csv,NOT_FINAL_STATE_1,74af9e8a8156ab66e70c,RUN_20261010_214514,V4,2026-10-10T21:26:15+08:00,2026-10-10T21:26:15+08:00,2026-10-10T22:00:00+08:00,0.562,False,False,False
V4_SHADOW,3094534,2026-10-10,爱足杯,戈尔韦联 vs 德利城,,,,,,,1,,,D:\codex\v3_legacy\outputs\football_odds_trader\raw\titan007\20261010\20261010_223725_titan007_odds_snapshot.csv,NOT_FINAL_STATE_1,8dfabb680424ae2f3c46,RUN_20261010_214514,V4,2026-10-10T21:26:15+08:00,2026-10-10T21:26:15+08:00,2026-10-10T22:00:00+08:00,0.562,False,False,False
V4_SHADOW,3100372,2026-10-10,印度超,果阿 vs 钦奈,,,,,,,1,,,D:\codex\v3_legacy\outputs\football_odds_trader\raw\titan007\20261010\20261010_223725_titan007_odds_snapshot.csv,NOT_FINAL_STATE_1,6ff205f8f5855b9ff896,RUN_20261010_214514,V4,2026-10-10T21:26:15+08:00,2026-10-10T21:26:15+08:00,2026-10-10T22:00:00+08:00,0.562,False,False,False
V4_SHADOW,3098492,2026-10-10,阿尔乙东,阿扎兹加 vs MO比捷亚,,,,,,,1,,,D:\codex\v3_legacy\outputs\football_odds_trader\raw\titan007\20261010\20261010_223725_titan007_odds_snapshot.csv,NOT_FINAL_STATE_1,373e96c18d5a9541ac45,RUN_20261010_214514,V4,2026-10-10T21:26:15+08:00,2026-10-10T21:26:15+08:00,2026-10-10T22:00:00+08:00,0.562,False,False,False
V4_SHADOW,3007140,2026-10-10,英甲,剑桥联 vs 布莱克浦,,,,,,,1,,,D:\codex\v3_legacy\outputs\football_odds_trader\raw\titan007\20261010\20261010_223725_titan007_odds_snapshot.csv,NOT_FINAL_STATE_1,0c15b13f7baab01466bc,RUN_20261010_214514,V4,2026-10-10T21:26:15+08:00,2026-10-10T21:26:15+08:00,2026-10-10T22:00:00+08:00,0.562,False,False,False
V4_SHADOW,3013712,2026-10-10,西甲,阿拉维斯 vs 马德里竞技,马德里竞技,giving,-0.75,1.05,A,,1,,,D:\codex\v3_legacy\outputs\football_odds_trader\raw\titan007\20261010\20261010_223725_titan007_odds_snapshot.csv,NOT_FINAL_STATE_1,434f8ae650187a10bbe6,,V4,2026-10-10T14:29:18+08:00,2026-10-10T14:29:18+08:00,2026-10-10T22:15:00+08:00,7.762,False,True,False
V4_SHADOW,3014114,2026-10-10,西乙,休达 vs 萨瓦德尔,,,,,,,1,,,D:\codex\v3_legacy\outputs\football_odds_trader\raw\titan007\20261010\20261010_223725_titan007_odds_snapshot.csv,NOT_FINAL_STATE_1,514a3312b6a3cdf14b64,RUN_20261010_214514,V4,2026-10-10T21:26:15+08:00,2026-10-10T21:26:15+08:00,2026-10-10T22:15:00+08:00,0.812,False,False,False
V4_SHADOW,3010438,2026-10-10,罗甲,博托沙尼 vs 阿拉德联队,,,,,N,,1,,,D:\codex\v3_legacy\outputs\football_odds_trader\raw\titan007\20261010\20261010_223725_titan007_odds_snapshot.csv,NOT_FINAL_STATE_1,e6197c235aea280f9ee8,RUN_20261010_214514,V4,2026-10-10T21:26:15+08:00,2026-10-10T21:26:15+08:00,2026-10-10T22:15:00+08:00,0.812,False,True,False
V4_SHADOW,2996163,2026-10-10,荷甲,前进之鹰 vs 鹿特丹斯巴达,,,,,N,,1,,,D:\codex\v3_legacy\outputs\football_odds_trader\raw\titan007\20261010\20261010_223725_titan007_odds_snapshot.csv,NOT_FINAL_STATE_1,bf6bd001f73a7470eecb,RUN_20261010_222944,V4,2026-10-10T22:20:09+08:00,2026-10-10T22:20:09+08:00,2026-10-10T22:30:00+08:00,0.164,False,True,False
V4_SHADOW,3012312,2026-10-10,俄超,苏维埃之翼 vs 莫斯科斯巴达,,,,,N,,1,,,D:\codex\v3_legacy\outputs\football_odds_trader\raw\titan007\20261010\20261010_223725_titan007_odds_snapshot.csv,NOT_FINAL_STATE_1,411d709414b8b579d2ce,RUN_20261010_222944,V4,2026-10-10T22:20:09+08:00,2026-10-10T22:20:09+08:00,2026-10-10T22:30:00+08:00,0.164,False,True,False
V4_SHADOW,3023794,2026-10-10,葡甲,雷克斯欧斯 vs 波尔图B队,,,,,N,,1,,,D:\codex\v3_legacy\outputs\football_odds_trader\raw\titan007\20261010\20261010_223725_titan007_odds_snapshot.csv,NOT_FINAL_STATE_1,96d6a225f4f6ebe805af,RUN_20261010_222944,V4,2026-10-10T22:20:09+08:00,2026-10-10T22:20:09+08:00,2026-10-10T22:30:00+08:00,0.164,False,True,False
V4_SHADOW,3014548,2026-10-10,西协甲,拉科鲁尼亚B队 vs 费罗尔竞技,拉科鲁尼亚B队,receiving,0.25,0.75,B,,1,,,D:\codex\v3_legacy\outputs\football_odds_trader\raw\titan007\20261010\20261010_223725_titan007_odds_snapshot.csv,NOT_FINAL_STATE_1,2a772fdd3280d26fa8c0,RUN_20261010_222710,V4,2026-10-10T22:20:09+08:00,2026-10-10T22:20:09+08:00,2026-10-10T22:30:00+08:00,0.164,False,True,False
V4_SHADOW,3014924,2026-10-10,西协甲,亚古拉斯 vs 韦斯卡,,,,,N,,1,,,D:\codex\v3_legacy\outputs\football_odds_trader\raw\titan007\20261010\20261010_223725_titan007_odds_snapshot.csv,NOT_FINAL_STATE_1,b3538846a6a2592c58c3,RUN_20261010_222944,V4,2026-10-10T22:20:09+08:00,2026-10-10T22:20:09+08:00,2026-10-10T22:30:00+08:00,0.164,False,False,False
V4_SHADOW,3014931,2026-10-10,西协甲,托雷莫利诺斯青年 vs 塔拉戈纳,托雷莫利诺斯青年,receiving,0.25,0.79,B,,1,,,D:\codex\v3_legacy\outputs\football_odds_trader\raw\titan007\20261010\20261010_223725_titan007_odds_snapshot.csv,NOT_FINAL_STATE_1,a855cceac6d9d58ef34d,RUN_20261010_222710,V4,2026-10-10T22:20:09+08:00,2026-10-10T22:20:09+08:00,2026-10-10T22:30:00+08:00,0.164,False,True,False
V4_SHADOW,3026066,2026-10-10,德丙,杜伊斯堡 vs 霍芬海姆业馀队,杜伊斯堡,giving,-0.75,0.9,C,,1,,,D:\codex\v3_legacy\outputs\football_odds_trader\raw\titan007\20261010\20261010_223725_titan007_odds_snapshot.csv,NOT_FINAL_STATE_1,20731183bc17a9dd7bd3,RUN_20261010_222710,V4,2026-10-10T22:20:09+08:00,2026-10-10T22:20:09+08:00,2026-10-10T22:30:00+08:00,0.164,False,True,False
V4_SHADOW,3055078,2026-10-10,西协乙,阿斯托尔加体育会 vs 奥尔伦斯,阿斯托尔加体育会,receiving,0.25,0.86,B,,1,,,D:\codex\v3_legacy\outputs\football_odds_trader\raw\titan007\20261010\20261010_223725_titan007_odds_snapshot.csv,NOT_FINAL_STATE_1,3e0c2d8176ced0cd74c7,RUN_20261010_222710,V4,2026-10-10T22:20:09+08:00,2026-10-10T22:20:09+08:00,2026-10-10T22:30:00+08:00,0.164,False,True,False
V4_SHADOW,2998496,2026-10-10,保甲,索菲亚火车头 vs 普罗夫迪夫火车头,,,,,N,,1,,,D:\codex\v3_legacy\outputs\football_odds_trader\raw\titan007\20261010\20261010_223725_titan007_odds_snapshot.csv,NOT_FINAL_STATE_1,63eb65b4d1b12b94b5ba,RUN_20261010_222944,V4,2026-10-10T22:20:09+08:00,2026-10-10T22:20:09+08:00,2026-10-10T22:30:00+08:00,0.164,False,True,False
V4_SHADOW,3083302,2026-10-10,西协乙,伊波罗 vs 卡拉莫查,伊波罗,giving,-1.25,0.85,B,,0,,,D:\codex\v3_legacy\outputs\football_odds_trader\raw\titan007\20261010\20261010_223725_titan007_odds_snapshot.csv,NOT_FINAL_STATE_0,351b24617e1212a0a26d,RUN_20261010_222710,V4,2026-10-10T22:20:09+08:00,2026-10-10T22:20:09+08:00,2026-10-10T22:45:00+08:00,0.414,False,True,False
V4_SHADOW,3037805,2026-10-10,卡塔尔联,艾沙哈尼亚 vs 鲁赛尔城,,,,,N,,0,,,D:\codex\v3_legacy\outputs\football_odds_trader\raw\titan007\20261010\20261010_223725_titan007_odds_snapshot.csv,NOT_FINAL_STATE_0,c81d4d1f45d88822fe1f,RUN_20261010_222944,V4,2026-10-10T22:20:09+08:00,2026-10-10T22:20:09+08:00,2026-10-10T22:45:00+08:00,0.414,False,True,False
V4_SHADOW,3010644,2026-10-10,奥甲,格拉茨AK vs 萨尔茨堡,,,,,N,,0,,,D:\codex\v3_legacy\outputs\football_odds_trader\raw\titan007\20261010\20261010_223725_titan007_odds_snapshot.csv,NOT_FINAL_STATE_0,d9385e06feb877ece0d2,RUN_20261010_222944,V4,2026-10-10T22:20:09+08:00,2026-10-10T22:20:09+08:00,2026-10-10T23:00:00+08:00,0.664,False,True,False
V4_SHADOW,3010647,2026-10-10,奥甲,WSG蒂罗尔 vs 里德,,,,,N,,0,,,D:\codex\v3_legacy\outputs\football_odds_trader\raw\titan007\20261010\20261010_223725_titan007_odds_snapshot.csv,NOT_FINAL_STATE_0,4537ca4c940941db506e,RUN_20261010_222944,V4,2026-10-10T22:20:09+08:00,2026-10-10T22:20:09+08:00,2026-10-10T23:00:00+08:00,0.664,False,False,False
V4_SHADOW,3011413,2026-10-10,匈甲,费伦茨瓦罗斯 vs 德布勒森尼,,,,,N,,0,,,D:\codex\v3_legacy\outputs\football_odds_trader\raw\titan007\20261010\20261010_223725_titan007_odds_snapshot.csv,NOT_FINAL_STATE_0,98fc89d183b462069ea4,RUN_20261010_222944,V4,2026-10-10T22:20:09+08:00,2026-10-10T22:20:09+08:00,2026-10-10T23:00:00+08:00,0.664,False,True,False
V4_SHADOW,3015904,2026-10-10,西协乙,艾尔切艾利塔奴 vs 华伦西亚梅斯塔拉,艾尔切艾利塔奴,receiving,0.25,0.92,B,,0,,,D:\codex\v3_legacy\outputs\football_odds_trader\raw\titan007\20261010\20261010_223725_titan007_odds_snapshot.csv,NOT_FINAL_STATE_0,39afd236b11057bb909b,RUN_20261010_222710,V4,2026-10-10T22:20:09+08:00,2026-10-10T22:20:09+08:00,2026-10-10T23:00:00+08:00,0.664,False,True,False
V4_SHADOW,2914713,2026-10-10,瑞典甲,诺尔比 vs 奥斯达,,,,,N,,0,,,D:\codex\v3_legacy\outputs\football_odds_trader\raw\titan007\20261010\20261010_223725_titan007_odds_snapshot.csv,NOT_FINAL_STATE_0,8b313b447542bd50d515,RUN_20261010_222944,V4,2026-10-10T22:20:09+08:00,2026-10-10T22:20:09+08:00,2026-10-10T23:00:00+08:00,0.664,False,True,False
V4_SHADOW,2914715,2026-10-10,瑞典甲,奥迪沃特 vs 北欧联FC,,,,,N,,0,,,D:\codex\v3_legacy\outputs\football_odds_trader\raw\titan007\20261010\20261010_223725_titan007_odds_snapshot.csv,NOT_FINAL_STATE_0,69725f020b9ec765990d,RUN_20261010_222944,V4,2026-10-10T22:20:09+08:00,2026-10-10T22:20:09+08:00,2026-10-10T23:00:00+08:00,0.664,False,True,False
V4_SHADOW,3005006,2026-10-10,波兰甲,斯塔泽舒夫 vs 列治亚,,,,,N,,0,,,D:\codex\v3_legacy\outputs\football_odds_trader\raw\titan007\20261010\20261010_223725_titan007_odds_snapshot.csv,NOT_FINAL_STATE_0,fbcbad14162b4af14efd,RUN_20261010_222944,V4,2026-10-10T22:20:09+08:00,2026-10-10T22:20:09+08:00,2026-10-10T23:00:00+08:00,0.664,False,True,False
V4_SHADOW,2998969,2026-10-10,塞尔超,古拉瑞奇 vs 马瑟瓦沙巴,,,,,N,,0,,,D:\codex\v3_legacy\outputs\football_odds_trader\raw\titan007\20261010\20261010_223725_titan007_odds_snapshot.csv,NOT_FINAL_STATE_0,c78a189ab9d25f8b28ff,RUN_20261010_222944,V4,2026-10-10T22:20:09+08:00,2026-10-10T22:20:09+08:00,2026-10-10T23:00:00+08:00,0.664,False,True,False
V4_SHADOW,3044407,2026-10-10,塞浦甲,克拉萨瓦叶普索纳斯 vs 阿波罗利马索尔,,,,,N,,0,,,D:\codex\v3_legacy\outputs\football_odds_trader\raw\titan007\20261010\20261010_223725_titan007_odds_snapshot.csv,NOT_FINAL_STATE_0,cef759df7b8087c68a93,RUN_20261010_222944,V4,2026-10-10T22:20:09+08:00,2026-10-10T22:20:09+08:00,2026-10-10T23:00:00+08:00,0.664,False,True,False
V4_SHADOW,3089603,2026-10-10,欧联U19,第比利斯迪纳摩U19 vs 明斯克迪纳摩U19,,,,,N,,0,,,D:\codex\v3_legacy\outputs\football_odds_trader\raw\titan007\20261010\20261010_223725_titan007_odds_snapshot.csv,NOT_FINAL_STATE_0,0652ba6b26aca3c4f9de,RUN_20261010_222944,V4,2026-10-10T22:20:09+08:00,2026-10-10T22:20:09+08:00,2026-10-10T23:00:00+08:00,0.664,False,True,False
V4_SHADOW,2995355,2026-10-10,法甲,里尔 vs 勒阿弗尔,里尔,giving,-1.25,0.92,A,,0,,,D:\codex\v3_legacy\outputs\football_odds_trader\raw\titan007\20261010\20261010_223725_titan007_odds_snapshot.csv,NOT_FINAL_STATE_0,d395191b4522d5d739e6,,V4,2026-10-10T14:29:18+08:00,2026-10-10T14:29:18+08:00,2026-10-10T23:15:00+08:00,8.762,False,True,False
V4_SHADOW,3040761,2026-10-10,意乙,维琴察 vs 比萨,维琴察,receiving,0.25,0.79,B,,0,,,D:\codex\v3_legacy\outputs\football_odds_trader\raw\titan007\20261010\20261010_223725_titan007_odds_snapshot.csv,NOT_FINAL_STATE_0,e417c8174109b3635ae9,RUN_20261010_214514,V4,2026-10-10T21:26:15+08:00,2026-10-10T21:26:15+08:00,2026-10-10T23:15:00+08:00,1.812,False,True,False
V4_SHADOW,2912290,2026-10-10,瑞典超,米亚尔比 vs 代格福什,米亚尔比,giving,-0.5,0.9,B,,0,,,D:\codex\v3_legacy\outputs\football_odds_trader\raw\titan007\20261010\20261010_223725_titan007_odds_snapshot.csv,NOT_FINAL_STATE_0,22a119c2803b4d07aed8,,V4,2026-10-10T14:29:18+08:00,2026-10-10T14:29:18+08:00,2026-10-10T23:30:00+08:00,9.012,False,True,False
V4_SHADOW,3003168,2026-10-10,波兰超,史拉斯科 vs 波兹南莱赫,,,,,N,,0,,,D:\codex\v3_legacy\outputs\football_odds_trader\raw\titan007\20261010\20261010_223725_titan007_odds_snapshot.csv,NOT_FINAL_STATE_0,2855803dc1817f543b4b,RUN_20261010_222944,V4,2026-10-10T22:20:09+08:00,2026-10-10T22:20:09+08:00,2026-10-10T23:30:00+08:00,1.164,False,True,False
V4_SHADOW,3040138,2026-10-10,捷乙,哈纳卡 vs 普日布拉姆,,,,,N,,0,,,D:\codex\v3_legacy\outputs\football_odds_trader\raw\titan007\20261010\20261010_223725_titan007_odds_snapshot.csv,NOT_FINAL_STATE_0,93170b139faa005ecac1,RUN_20261010_222944,V4,2026-10-10T22:20:09+08:00,2026-10-10T22:20:09+08:00,2026-10-10T23:30:00+08:00,1.164,False,True,False
V4_SHADOW,3050581,2026-10-10,意丙,阿济纳诺基安波 vs 祖云达斯U23,,,,,C,,0,,,D:\codex\v3_legacy\outputs\football_odds_trader\raw\titan007\20261010\20261010_223725_titan007_odds_snapshot.csv,NOT_FINAL_STATE_0,2418ea62ebf10b9b14da,RUN_20261010_214514,V4,2026-10-10T21:26:15+08:00,2026-10-10T21:26:15+08:00,2026-10-10T23:30:00+08:00,2.062,False,True,False
V4_SHADOW,3050583,2026-10-10,意丙,加尔维纳 vs 多洛米蒂贝卢诺,,,,,C,,0,,,D:\codex\v3_legacy\outputs\football_odds_trader\raw\titan007\20261010\20261010_223725_titan007_odds_snapshot.csv,NOT_FINAL_STATE_0,5722dcc59dd60360f3a5,RUN_20261010_222710,V4,2026-10-10T22:20:09+08:00,2026-10-10T22:20:09+08:00,2026-10-10T23:30:00+08:00,1.164,False,True,False
V4_SHADOW,3050585,2026-10-10,意丙,隆美辛尼 vs 阿尔比诺勒菲,,,,,C,,0,,,D:\codex\v3_legacy\outputs\football_odds_trader\raw\titan007\20261010\20261010_223725_titan007_odds_snapshot.csv,NOT_FINAL_STATE_0,65b1125c14d166d428a7,RUN_20261010_222710,V4,2026-10-10T22:20:09+08:00,2026-10-10T22:20:09+08:00,2026-10-10T23:30:00+08:00,1.164,False,True,False
V4_SHADOW,3050586,2026-10-10,意丙,诺瓦拉 vs 奇塔代拉,,,,,N,,0,,,D:\codex\v3_legacy\outputs\football_odds_trader\raw\titan007\20261010\20261010_223725_titan007_odds_snapshot.csv,NOT_FINAL_STATE_0,6e186dee95ee2b943ae3,RUN_20261010_222944,V4,2026-10-10T22:20:09+08:00,2026-10-10T22:20:09+08:00,2026-10-10T23:30:00+08:00,1.164,False,False,False
V4_SHADOW,3050962,2026-10-10,意丙,AS奥斯提亚马尔 vs 皮阿尼斯,,,,,C,,0,,,D:\codex\v3_legacy\outputs\football_odds_trader\raw\titan007\20261010\20261010_223725_titan007_odds_snapshot.csv,NOT_FINAL_STATE_0,c34841863a9993eaf10e,RUN_20261010_222710,V4,2026-10-10T22:20:09+08:00,2026-10-10T22:20:09+08:00,2026-10-10T23:30:00+08:00,1.164,False,True,False
V4_SHADOW,3050965,2026-10-10,意丙,皮内托 vs 雷吉亚纳,皮内托,receiving,0.25,0.87,B,,0,,,D:\codex\v3_legacy\outputs\football_odds_trader\raw\titan007\20261010\20261010_223725_titan007_odds_snapshot.csv,NOT_FINAL_STATE_0,dc1580a1708290e8e35b,RUN_20261010_222710,V4,2026-10-10T22:20:09+08:00,2026-10-10T22:20:09+08:00,2026-10-10T23:30:00+08:00,1.164,False,True,False
V4_SHADOW,3005792,2026-10-10,斯亚甲,采列 vs 亚穆尼积,,,,,N,,0,,,D:\codex\v3_legacy\outputs\football_odds_trader\raw\titan007\20261010\20261010_223725_titan007_odds_snapshot.csv,NOT_FINAL_STATE_0,fc38238077ab42e5a869,RUN_20261010_222944,V4,2026-10-10T22:20:09+08:00,2026-10-10T22:20:09+08:00,2026-10-10T23:30:00+08:00,1.164,False,True,False
V4_SHADOW,3041568,2026-10-10,阿塞超,萨姆加耶特 vs 卡巴拉,,,,,N,,0,,,D:\codex\v3_legacy\outputs\football_odds_trader\raw\titan007\20261010\20261010_223725_titan007_odds_snapshot.csv,NOT_FINAL_STATE_0,9fa331474ebcc22184b5,RUN_20261010_222944,V4,2026-10-10T22:20:09+08:00,2026-10-10T22:20:09+08:00,2026-10-10T23:30:00+08:00,1.164,False,False,False
V4_SHADOW,3101115,2026-10-10,爱U20,邓多克U20 vs 阿斯隆城U20,,,,,N,,0,,,D:\codex\v3_legacy\outputs\football_odds_trader\raw\titan007\20261010\20261010_223725_titan007_odds_snapshot.csv,NOT_FINAL_STATE_0,96eda60301617413985d,RUN_20261010_222944,V4,2026-10-10T22:20:09+08:00,2026-10-10T22:20:09+08:00,2026-10-10T23:30:00+08:00,1.164,False,True,False
V4_SHADOW,2993809,2026-10-10,意甲,国际米兰 vs 帕尔马,,,,,,,0,,,D:\codex\v3_legacy\outputs\football_odds_trader\raw\titan007\20261010\20261010_223725_titan007_odds_snapshot.csv,NOT_FINAL_STATE_0,14a1a47fdd92763f460d,RUN_20261010_222944,V4,2026-10-10T22:20:09+08:00,2026-10-10T22:20:09+08:00,2026-10-11T00:00:00+08:00,1.664,False,False,False
V4_SHADOW,3000827,2026-10-10,瑞士超,塞尔维特 vs 锡永,,,,,,,0,,,D:\codex\v3_legacy\outputs\football_odds_trader\raw\titan007\20261010\20261010_223725_titan007_odds_snapshot.csv,NOT_FINAL_STATE_0,6c95d0806e5103c43285,RUN_20261010_222944,V4,2026-10-10T22:20:09+08:00,2026-10-10T22:20:09+08:00,2026-10-11T00:00:00+08:00,1.664,False,False,False
V4_SHADOW,3000828,2026-10-10,瑞士超,苏黎世 vs 图恩,,,,,,,0,,,D:\codex\v3_legacy\outputs\football_odds_trader\raw\titan007\20261010\20261010_223725_titan007_odds_snapshot.csv,NOT_FINAL_STATE_0,5cbef9da252471528c91,RUN_20261010_222944,V4,2026-10-10T22:20:09+08:00,2026-10-10T22:20:09+08:00,2026-10-11T00:00:00+08:00,1.664,False,False,False
V4_SHADOW,3000829,2026-10-10,瑞士超,卢加诺 vs 卢塞恩,,,,,,,0,,,D:\codex\v3_legacy\outputs\football_odds_trader\raw\titan007\20261010\20261010_223725_titan007_odds_snapshot.csv,NOT_FINAL_STATE_0,22c1a76d14e5c0b8a617,RUN_20261010_222944,V4,2026-10-10T22:20:09+08:00,2026-10-10T22:20:09+08:00,2026-10-11T00:00:00+08:00,1.664,False,False,False
V4_SHADOW,3085239,2026-10-10,芬超降,玛丽港 vs 埃尔维斯,,,,,,,0,,,D:\codex\v3_legacy\outputs\football_odds_trader\raw\titan007\20261010\20261010_223725_titan007_odds_snapshot.csv,NOT_FINAL_STATE_0,26c455c41cbaee224dc4,RUN_20261010_222944,V4,2026-10-10T22:20:09+08:00,2026-10-10T22:20:09+08:00,2026-10-11T00:00:00+08:00,1.664,False,False,False
V4_SHADOW,2912912,2026-10-10,挪超,罗森博格 vs 桑德菲杰,,,,,,,0,,,D:\codex\v3_legacy\outputs\football_odds_trader\raw\titan007\20261010\20261010_223725_titan007_odds_snapshot.csv,NOT_FINAL_STATE_0,4165bb161cfaf79dd387,RUN_20261010_222944,V4,2026-10-10T22:20:09+08:00,2026-10-10T22:20:09+08:00,2026-10-11T00:00:00+08:00,1.664,False,False,False
V4_SHADOW,3026749,2026-10-10,土超,里泽体育 vs 费内巴切,,,,,,,0,,,D:\codex\v3_legacy\outputs\football_odds_trader\raw\titan007\20261010\20261010_223725_titan007_odds_snapshot.csv,NOT_FINAL_STATE_0,9dbf920ab92aca6f385c,RUN_20261010_222944,V4,2026-10-10T22:20:09+08:00,2026-10-10T22:20:09+08:00,2026-10-11T00:00:00+08:00,1.664,False,False,False
V4_SHADOW,3055077,2026-10-10,西协乙,亚摩勒比塔 vs 波图哥尼迪,,,,,,,0,,,D:\codex\v3_legacy\outputs\football_odds_trader\raw\titan007\20261010\20261010_223725_titan007_odds_snapshot.csv,NOT_FINAL_STATE_0,1f6a9c6090da44b31a9d,RUN_20261010_222944,V4,2026-10-10T22:20:09+08:00,2026-10-10T22:20:09+08:00,2026-10-11T00:00:00+08:00,1.664,False,False,False
V4_SHADOW,3055082,2026-10-10,西协乙,UD利亚内拉 vs 马里诺卢安科,,,,,,,0,,,D:\codex\v3_legacy\outputs\football_odds_trader\raw\titan007\20261010\20261010_223725_titan007_odds_snapshot.csv,NOT_FINAL_STATE_0,e4eee711a2b76fdd8012,RUN_20261010_222944,V4,2026-10-10T22:20:09+08:00,2026-10-10T22:20:09+08:00,2026-10-11T00:00:00+08:00,1.664,False,False,False
V4_SHADOW,3082996,2026-10-10,西协乙,皇家贝蒂斯B队 vs 萨雷斯,,,,,,,0,,,D:\codex\v3_legacy\outputs\football_odds_trader\raw\titan007\20261010\20261010_223725_titan007_odds_snapshot.csv,NOT_FINAL_STATE_0,1e7b76dffacde766f91b,RUN_20261010_222944,V4,2026-10-10T22:20:09+08:00,2026-10-10T22:20:09+08:00,2026-10-11T00:00:00+08:00,1.664,False,False,False
V4_SHADOW,3083304,2026-10-10,西协乙,CE曼雷萨 vs 奥萨苏纳B队,,,,,,,0,,,D:\codex\v3_legacy\outputs\football_odds_trader\raw\titan007\20261010\20261010_223725_titan007_odds_snapshot.csv,NOT_FINAL_STATE_0,d6e97ebce0ab64538eca,RUN_20261010_222944,V4,2026-10-10T22:20:09+08:00,2026-10-10T22:20:09+08:00,2026-10-11T00:00:00+08:00,1.664,False,False,False
V4_SHADOW,3083305,2026-10-10,西协乙,纳塞拉 vs 彭拿体育会,,,,,,,0,,,D:\codex\v3_legacy\outputs\football_odds_trader\raw\titan007\20261010\20261010_223725_titan007_odds_snapshot.csv,NOT_FINAL_STATE_0,e641ea41ddbb3b86c8f2,RUN_20261010_222944,V4,2026-10-10T22:20:09+08:00,2026-10-10T22:20:09+08:00,2026-10-11T00:00:00+08:00,1.664,False,False,False
V4_SHADOW,3001617,2026-10-10,以超,海法 vs 马卡比迪克瓦,,,,,,,0,,,D:\codex\v3_legacy\outputs\football_odds_trader\raw\titan007\20261010\20261010_223725_titan007_odds_snapshot.csv,NOT_FINAL_STATE_0,52608c448d9473eb20b6,RUN_20261010_222944,V4,2026-10-10T22:20:09+08:00,2026-10-10T22:20:09+08:00,2026-10-11T00:00:00+08:00,1.664,False,False,False
V4_SHADOW,3001621,2026-10-10,以超,伊罗尼太巴列 vs 贝尔谢巴夏普尔,,,,,,,0,,,D:\codex\v3_legacy\outputs\football_odds_trader\raw\titan007\20261010\20261010_223725_titan007_odds_snapshot.csv,NOT_FINAL_STATE_0,2d14541d68600ea80a49,RUN_20261010_222944,V4,2026-10-10T22:20:09+08:00,2026-10-10T22:20:09+08:00,2026-10-11T00:00:00+08:00,1.664,False,False,False
V4_SHADOW,3039898,2026-10-10,捷甲,波希米亚1905 vs 俄斯特拉发,,,,,,,0,,,D:\codex\v3_legacy\outputs\football_odds_trader\raw\titan007\20261010\20261010_223725_titan007_odds_snapshot.csv,NOT_FINAL_STATE_0,3e14f339f53eb8fa2dc1,RUN_20261010_222944,V4,2026-10-10T22:20:09+08:00,2026-10-10T22:20:09+08:00,2026-10-11T00:00:00+08:00,1.664,False,False,False
V4_SHADOW,3040139,2026-10-10,捷乙,特里内茨 vs 卡列度,,,,,,,0,,,D:\codex\v3_legacy\outputs\football_odds_trader\raw\titan007\20261010\20261010_223725_titan007_odds_snapshot.csv,NOT_FINAL_STATE_0,17f71cb0673502a45805,RUN_20261010_222944,V4,2026-10-10T22:20:09+08:00,2026-10-10T22:20:09+08:00,2026-10-11T00:00:00+08:00,1.664,False,False,False
V4_SHADOW,3003511,2026-10-10,斯伐超,米查路文斯 vs 斯特里达,,,,,,,0,,,D:\codex\v3_legacy\outputs\football_odds_trader\raw\titan007\20261010\20261010_223725_titan007_odds_snapshot.csv,NOT_FINAL_STATE_0,f5575e4beef7becb4b5b,RUN_20261010_222944,V4,2026-10-10T22:20:09+08:00,2026-10-10T22:20:09+08:00,2026-10-11T00:00:00+08:00,1.664,False,False,False
V4_SHADOW,3044405,2026-10-10,塞浦甲,希腊人竞技 vs 萨拉米斯,,,,,,,0,,,D:\codex\v3_legacy\outputs\football_odds_trader\raw\titan007\20261010\20261010_223725_titan007_odds_snapshot.csv,NOT_FINAL_STATE_0,1bef823bd40632d62450,RUN_20261010_222944,V4,2026-10-10T22:20:09+08:00,2026-10-10T22:20:09+08:00,2026-10-11T00:00:00+08:00,1.664,False,False,False
V4_SHADOW,2948616,2026-10-10,白俄超,利文哥特奴 vs 巴拉诺维治,,,,,,,0,,,D:\codex\v3_legacy\outputs\football_odds_trader\raw\titan007\20261010\20261010_223725_titan007_odds_snapshot.csv,NOT_FINAL_STATE_0,6e851a403aa60d926196,RUN_20261010_222944,V4,2026-10-10T22:20:09+08:00,2026-10-10T22:20:09+08:00,2026-10-11T00:00:00+08:00,1.664,False,False,False
V4_SHADOW,3030169,2026-10-10,土甲,伊斯坦堡士邦 vs 厄洛克士邦,,,,,,,0,,,D:\codex\v3_legacy\outputs\football_odds_trader\raw\titan007\20261010\20261010_223725_titan007_odds_snapshot.csv,NOT_FINAL_STATE_0,1cc88c92fe0b89283bc5,RUN_20261010_222944,V4,2026-10-10T22:20:09+08:00,2026-10-10T22:20:09+08:00,2026-10-11T00:00:00+08:00,1.664,False,False,False
V4_SHADOW,3030171,2026-10-10,土甲,开塞利体育 vs 文尼沙BB,,,,,,,0,,,D:\codex\v3_legacy\outputs\football_odds_trader\raw\titan007\20261010\20261010_223725_titan007_odds_snapshot.csv,NOT_FINAL_STATE_0,91817fcbfde88a5307bb,RUN_20261010_222944,V4,2026-10-10T22:20:09+08:00,2026-10-10T22:20:09+08:00,2026-10-11T00:00:00+08:00,1.664,False,False,False
V4_SHADOW,2997535,2026-10-10,克亚甲,奥斯杰克 vs 依斯特拉,,,,,,,0,,,D:\codex\v3_legacy\outputs\football_odds_trader\raw\titan007\20261010\20261010_223725_titan007_odds_snapshot.csv,NOT_FINAL_STATE_0,c9cca2709f1c019040f2,RUN_20261010_222944,V4,2026-10-10T22:20:09+08:00,2026-10-10T22:20:09+08:00,2026-10-11T00:00:00+08:00,1.664,False,False,False
V4_SHADOW,3099248,2026-10-10,巴林超,艾希迪 vs 伊迪法克,,,,,,,0,,,D:\codex\v3_legacy\outputs\football_odds_trader\raw\titan007\20261010\20261010_223725_titan007_odds_snapshot.csv,NOT_FINAL_STATE_0,c849a73e929d31b0e27d,RUN_20261010_222944,V4,2026-10-10T22:20:09+08:00,2026-10-10T22:20:09+08:00,2026-10-11T00:00:00+08:00,1.664,False,False,False
V4_SHADOW,3099249,2026-10-10,巴林超,麦纳麦 vs 阿希利,,,,,,,0,,,D:\codex\v3_legacy\outputs\football_odds_trader\raw\titan007\20261010\20261010_223725_titan007_odds_snapshot.csv,NOT_FINAL_STATE_0,70260f5111a7b68209bb,RUN_20261010_222944,V4,2026-10-10T22:20:09+08:00,2026-10-10T22:20:09+08:00,2026-10-11T00:00:00+08:00,1.664,False,False,False
V4_SHADOW,3021634,2026-10-10,马耳甲,马沙斯洛克 vs FC圣帕特里克,,,,,,,0,,,D:\codex\v3_legacy\outputs\football_odds_trader\raw\titan007\20261010\20261010_223725_titan007_odds_snapshot.csv,NOT_FINAL_STATE_0,fe412a0cdefad0f20ff1,RUN_20261010_222944,V4,2026-10-10T22:20:09+08:00,2026-10-10T22:20:09+08:00,2026-10-11T00:00:00+08:00,1.664,False,False,False
V4_SHADOW,3100964,2026-10-10,球会友谊,奥兰多海盗<font color=#880000>(中)</font> vs 马梅洛迪日落,,,,,,,0,,,D:\codex\v3_legacy\outputs\football_odds_trader\raw\titan007\20261010\20261010_223725_titan007_odds_snapshot.csv,NOT_FINAL_STATE_0,502bd56621a0effb54d1,RUN_20261010_222944,V4,2026-10-10T22:20:09+08:00,2026-10-10T22:20:09+08:00,2026-10-11T00:00:00+08:00,1.664,False,False,False
V4_SHADOW,3003590,2026-10-10,比甲,拉路维尔 vs 布鲁日,,,,,,,0,,,D:\codex\v3_legacy\outputs\football_odds_trader\raw\titan007\20261010\20261010_223725_titan007_odds_snapshot.csv,NOT_FINAL_STATE_0,b328690558333c9722c8,RUN_20261010_222944,V4,2026-10-10T22:20:09+08:00,2026-10-10T22:20:09+08:00,2026-10-11T00:15:00+08:00,1.914,False,False,False
V4_SHADOW,3001619,2026-10-10,以超,迪克瓦夏普尔 vs 尼坦耶马卡比,,,,,,,0,,,D:\codex\v3_legacy\outputs\football_odds_trader\raw\titan007\20261010\20261010_223725_titan007_odds_snapshot.csv,NOT_FINAL_STATE_0,e395b6e577ba5d7a1cbb,RUN_20261010_222944,V4,2026-10-10T22:20:09+08:00,2026-10-10T22:20:09+08:00,2026-10-11T00:15:00+08:00,1.914,False,False,False
V4_SHADOW,3001622,2026-10-10,以超,基尔史莫纳夏普尔 vs 特拉维夫夏普尔,,,,,,,0,,,D:\codex\v3_legacy\outputs\football_odds_trader\raw\titan007\20261010\20261010_223725_titan007_odds_snapshot.csv,NOT_FINAL_STATE_0,c81f32d3edc60502802f,RUN_20261010_222944,V4,2026-10-10T22:20:09+08:00,2026-10-10T22:20:09+08:00,2026-10-11T00:15:00+08:00,1.914,False,False,False
V4_SHADOW,3019556,2026-10-10,威超,弗林特镇 vs 科尔温湾,,,,,,,0,,,D:\codex\v3_legacy\outputs\football_odds_trader\raw\titan007\20261010\20261010_223725_titan007_odds_snapshot.csv,NOT_FINAL_STATE_0,e76735cca543dd238586,RUN_20261010_222944,V4,2026-10-10T22:20:09+08:00,2026-10-10T22:20:09+08:00,2026-10-11T00:15:00+08:00,1.914,False,False,False
V4_SHADOW,3003907,2026-10-10,英超,曼彻斯特联 vs 托特纳姆热刺,,,,,,,0,,,D:\codex\v3_legacy\outputs\football_odds_trader\raw\titan007\20261010\20261010_223725_titan007_odds_snapshot.csv,NOT_FINAL_STATE_0,5906ae21ff904fe00989,RUN_20261010_222944,V4,2026-10-10T22:20:09+08:00,2026-10-10T22:20:09+08:00,2026-10-11T00:30:00+08:00,2.164,False,False,False
V4_SHADOW,3013715,2026-10-10,西甲,巴塞罗那 vs 赫塔菲,,,,,,,0,,,D:\codex\v3_legacy\outputs\football_odds_trader\raw\titan007\20261010\20261010_223725_titan007_odds_snapshot.csv,NOT_FINAL_STATE_0,4f35ffc32e43ab64766d,RUN_20261010_222944,V4,2026-10-10T22:20:09+08:00,2026-10-10T22:20:09+08:00,2026-10-11T00:30:00+08:00,2.164,False,False,False
V4_SHADOW,3018829,2026-10-10,德甲,RB莱比锡 vs 法兰克福,,,,,,,0,,,D:\codex\v3_legacy\outputs\football_odds_trader\raw\titan007\20261010\20261010_223725_titan007_odds_snapshot.csv,NOT_FINAL_STATE_0,36a6464acde2c48df30b,RUN_20261010_222944,V4,2026-10-10T22:20:09+08:00,2026-10-10T22:20:09+08:00,2026-10-11T00:30:00+08:00,2.164,False,False,False
V4_SHADOW,3014115,2026-10-10,西乙,埃登斯 vs 科尔多瓦,,,,,,,0,,,D:\codex\v3_legacy\outputs\football_odds_trader\raw\titan007\20261010\20261010_223725_titan007_odds_snapshot.csv,NOT_FINAL_STATE_0,1a2b15ba971f49c3b98b,RUN_20261010_222944,V4,2026-10-10T22:20:09+08:00,2026-10-10T22:20:09+08:00,2026-10-11T00:30:00+08:00,2.164,False,False,False
V4_SHADOW,3012311,2026-10-10,俄超,克拉斯诺达尔 vs 圣彼得堡泽尼特,,,,,,,0,,,D:\codex\v3_legacy\outputs\football_odds_trader\raw\titan007\20261010\20261010_223725_titan007_odds_snapshot.csv,NOT_FINAL_STATE_0,dfbe43c15b7a1a81d644,RUN_20261010_222944,V4,2026-10-10T22:20:09+08:00,2026-10-10T22:20:09+08:00,2026-10-11T00:30:00+08:00,2.164,False,False,False
V4_SHADOW,3036440,2026-10-10,希腊超,AEK雅典 vs OFI克里特,,,,,,,0,,,D:\codex\v3_legacy\outputs\football_odds_trader\raw\titan007\20261010\20261010_223725_titan007_odds_snapshot.csv,NOT_FINAL_STATE_0,8cfaf52312ce2227d9ec,RUN_20261010_222944,V4,2026-10-10T22:20:09+08:00,2026-10-10T22:20:09+08:00,2026-10-11T00:30:00+08:00,2.164,False,False,False
V4_SHADOW,3036442,2026-10-10,希腊超,特里波利斯 vs 阿特罗米托斯,,,,,,,0,,,D:\codex\v3_legacy\outputs\football_odds_trader\raw\titan007\20261010\20261010_223725_titan007_odds_snapshot.csv,NOT_FINAL_STATE_0,e502033bc98b635bb73f,RUN_20261010_222944,V4,2026-10-10T22:20:09+08:00,2026-10-10T22:20:09+08:00,2026-10-11T00:30:00+08:00,2.164,False,False,False
V4_SHADOW,3027826,2026-10-10,英议联,格兰森林流浪 vs 哈特利浦,,,,,,,0,,,D:\codex\v3_legacy\outputs\football_odds_trader\raw\titan007\20261010\20261010_223725_titan007_odds_snapshot.csv,NOT_FINAL_STATE_0,241056fefcdd38385e32,RUN_20261010_222944,V4,2026-10-10T22:20:09+08:00,2026-10-10T22:20:09+08:00,2026-10-11T00:30:00+08:00,2.164,False,False,False
V4_SHADOW,3014933,2026-10-10,西协甲,特鲁埃尔 vs 艾科坎,,,,,,,0,,,D:\codex\v3_legacy\outputs\football_odds_trader\raw\titan007\20261010\20261010_223725_titan007_odds_snapshot.csv,NOT_FINAL_STATE_0,20a858b8042af9ae9f7c,RUN_20261010_222944,V4,2026-10-10T22:20:09+08:00,2026-10-10T22:20:09+08:00,2026-10-11T00:30:00+08:00,2.164,False,False,False
V4_SHADOW,3099311,2026-10-10,葡乙,科维良 vs 奥利维伦斯,,,,,,,0,,,D:\codex\v3_legacy\outputs\football_odds_trader\raw\titan007\20261010\20261010_223725_titan007_odds_snapshot.csv,NOT_FINAL_STATE_0,96fb55526b57348e38be,RUN_20261010_222944,V4,2026-10-10T22:20:09+08:00,2026-10-10T22:20:09+08:00,2026-10-11T00:30:00+08:00,2.164,False,False,False
V4_SHADOW,3055084,2026-10-10,西协乙,施斯达奥 vs 吉纳斯提卡,,,,,,,0,,,D:\codex\v3_legacy\outputs\football_odds_trader\raw\titan007\20261010\20261010_223725_titan007_odds_snapshot.csv,NOT_FINAL_STATE_0,ecb49cce98311c0d6ada,RUN_20261010_222944,V4,2026-10-10T22:20:09+08:00,2026-10-10T22:20:09+08:00,2026-10-11T00:30:00+08:00,2.164,False,False,False
V4_SHADOW,2998125,2026-10-10,丹麦甲,霍布罗 vs 科灵,,,,,,,0,,,D:\codex\v3_legacy\outputs\football_odds_trader\raw\titan007\20261010\20261010_223725_titan007_odds_snapshot.csv,NOT_FINAL_STATE_0,7f83315af7ee96a3b8e1,RUN_20261010_222944,V4,2026-10-10T22:20:09+08:00,2026-10-10T22:20:09+08:00,2026-10-11T00:30:00+08:00,2.164,False,False,False
V4_SHADOW,3001623,2026-10-10,以超,特拉维夫马卡比 vs 布奈萨克宁哈普尔,,,,,,,0,,,D:\codex\v3_legacy\outputs\football_odds_trader\raw\titan007\20261010\20261010_223725_titan007_odds_snapshot.csv,NOT_FINAL_STATE_0,625d28c43ea876c3929f,RUN_20261010_222944,V4,2026-10-10T22:20:09+08:00,2026-10-10T22:20:09+08:00,2026-10-11T00:30:00+08:00,2.164,False,False,False
V4_SHADOW,3098465,2026-10-10,约超联,艾沙尔特 vs 阿尔费萨里安曼,,,,,,,0,,,D:\codex\v3_legacy\outputs\football_odds_trader\raw\titan007\20261010\20261010_223725_titan007_odds_snapshot.csv,NOT_FINAL_STATE_0,430684383d0c602930d7,RUN_20261010_222944,V4,2026-10-10T22:20:09+08:00,2026-10-10T22:20:09+08:00,2026-10-11T00:30:00+08:00,2.164,False,False,False
V4_SHADOW,3091877,2026-10-10,厄瓜甲冠,山谷独立 vs 奥卡斯,,,,,,,0,,,D:\codex\v3_legacy\outputs\football_odds_trader\raw\titan007\20261010\20261010_223725_titan007_odds_snapshot.csv,NOT_FINAL_STATE_0,76c07cfe4b9a1f0728ae,RUN_20261010_222944,V4,2026-10-10T22:20:09+08:00,2026-10-10T22:20:09+08:00,2026-10-11T00:30:00+08:00,2.164,False,False,False
V4_SHADOW,2996162,2026-10-10,荷甲,费耶诺德 vs 阿尔克马尔,,,,,,,0,,,D:\codex\v3_legacy\outputs\football_odds_trader\raw\titan007\20261010\20261010_223725_titan007_odds_snapshot.csv,NOT_FINAL_STATE_0,032df67ca57983e70abf,RUN_20261010_222944,V4,2026-10-10T22:20:09+08:00,2026-10-10T22:20:09+08:00,2026-10-11T00:45:00+08:00,2.414,False,False,False
V4_SHADOW,3014546,2026-10-10,西协甲,卡些连奴 vs 尤尼恩斯塔斯,,,,,,,0,,,D:\codex\v3_legacy\outputs\football_odds_trader\raw\titan007\20261010\20261010_223725_titan007_odds_snapshot.csv,NOT_FINAL_STATE_0,f809ab4614aef3bca193,RUN_20261010_222944,V4,2026-10-10T22:20:09+08:00,2026-10-10T22:20:09+08:00,2026-10-11T00:45:00+08:00,2.414,False,False,False
V4_SHADOW,3014551,2026-10-10,西协甲,UD欧云斯 vs 巴拉卡度,,,,,,,0,,,D:\codex\v3_legacy\outputs\football_odds_trader\raw\titan007\20261010\20261010_223725_titan007_odds_snapshot.csv,NOT_FINAL_STATE_0,48cfd2d907eea45c2269,RUN_20261010_222944,V4,2026-10-10T22:20:09+08:00,2026-10-10T22:20:09+08:00,2026-10-11T00:45:00+08:00,2.414,False,False,False
V4_SHADOW,3014930,2026-10-10,西协甲,哈恩 vs 比利亚雷亚尔B队,,,,,,,0,,,D:\codex\v3_legacy\outputs\football_odds_trader\raw\titan007\20261010\20261010_223725_titan007_odds_snapshot.csv,NOT_FINAL_STATE_0,c6a6337793f87e4e0c0a,RUN_20261010_222944,V4,2026-10-10T22:20:09+08:00,2026-10-10T22:20:09+08:00,2026-10-11T00:45:00+08:00,2.414,False,False,False
V4_SHADOW,3023500,2026-10-10,葡超,马里迪莫 vs 波尔图,,,,,,,0,,,D:\codex\v3_legacy\outputs\football_odds_trader\raw\titan007\20261010\20261010_223725_titan007_odds_snapshot.csv,NOT_FINAL_STATE_0,3e2530c636eb1c0626f8,RUN_20261010_222944,V4,2026-10-10T22:20:09+08:00,2026-10-10T22:20:09+08:00,2026-10-11T01:00:00+08:00,2.664,False,False,False
V4_SHADOW,2908819,2026-10-10,美职业,多伦多FC vs CF蒙特利尔,,,,,,,0,,,D:\codex\v3_legacy\outputs\football_odds_trader\raw\titan007\20261010\20261010_223725_titan007_odds_snapshot.csv,NOT_FINAL_STATE_0,93a81d5d50a93a62c47f,RUN_20261010_222944,V4,2026-10-10T22:20:09+08:00,2026-10-10T22:20:09+08:00,2026-10-11T01:00:00+08:00,2.664,False,False,False
V4_SHADOW,2913366,2026-10-10,挪乙,谢夫 vs 阿伦达尔,,,,,,,0,,,D:\codex\v3_legacy\outputs\football_odds_trader\raw\titan007\20261010\20261010_223725_titan007_odds_snapshot.csv,NOT_FINAL_STATE_0,706c81a40771715c594f,RUN_20261010_222944,V4,2026-10-10T22:20:09+08:00,2026-10-10T22:20:09+08:00,2026-10-11T01:00:00+08:00,2.664,False,False,False
V4_SHADOW,2913367,2026-10-10,挪乙,莫达伦 vs 扑斯,,,,,,,0,,,D:\codex\v3_legacy\outputs\football_odds_trader\raw\titan007\20261010\20261010_223725_titan007_odds_snapshot.csv,NOT_FINAL_STATE_0,c8cf0e20015e7b68144f,RUN_20261010_222944,V4,2026-10-10T22:20:09+08:00,2026-10-10T22:20:09+08:00,2026-10-11T01:00:00+08:00,2.664,False,False,False
V4_SHADOW,3037803,2026-10-10,卡塔尔联,多哈国民 vs 赛利亚,,,,,,,0,,,D:\codex\v3_legacy\outputs\football_odds_trader\raw\titan007\20261010\20261010_223725_titan007_odds_snapshot.csv,NOT_FINAL_STATE_0,bf02c67cd496c2418a36,RUN_20261010_222944,V4,2026-10-10T22:20:09+08:00,2026-10-10T22:20:09+08:00,2026-10-11T01:00:00+08:00,2.664,False,False,False
V4_SHADOW,2998973,2026-10-10,塞尔超,拉尼奇1923 vs 贝尔格莱德红星,,,,,,,0,,,D:\codex\v3_legacy\outputs\football_odds_trader\raw\titan007\20261010\20261010_223725_titan007_odds_snapshot.csv,NOT_FINAL_STATE_0,aa909a1dcaf21a40a906,RUN_20261010_222944,V4,2026-10-10T22:20:09+08:00,2026-10-10T22:20:09+08:00,2026-10-11T01:00:00+08:00,2.664,False,False,False
V4_SHADOW,2998492,2026-10-10,保甲,普罗夫迪夫博特夫 vs 索非亚斯拉维亚,,,,,,,0,,,D:\codex\v3_legacy\outputs\football_odds_trader\raw\titan007\20261010\20261010_223725_titan007_odds_snapshot.csv,NOT_FINAL_STATE_0,9de1050aa3c9bc165e72,RUN_20261010_222944,V4,2026-10-10T22:20:09+08:00,2026-10-10T22:20:09+08:00,2026-10-11T01:00:00+08:00,2.664,False,False,False
V4_SHADOW,3093469,2026-10-10,科威特联,萨尔米亚 vs 艾沙比KUW,,,,,,,0,,,D:\codex\v3_legacy\outputs\football_odds_trader\raw\titan007\20261010\20261010_223725_titan007_odds_snapshot.csv,NOT_FINAL_STATE_0,7a6e4f29e8c998d67348,RUN_20261010_222944,V4,2026-10-10T22:20:09+08:00,2026-10-10T22:20:09+08:00,2026-10-11T01:05:00+08:00,2.748,False,False,False
V4_SHADOW,3040755,2026-10-10,意乙,阿雷佐 vs 克雷莫纳,,,,,,,0,,,D:\codex\v3_legacy\outputs\football_odds_trader\raw\titan007\20261010\20261010_223725_titan007_odds_snapshot.csv,NOT_FINAL_STATE_0,87d640138a060d107175,RUN_20261010_222944,V4,2026-10-10T22:20:09+08:00,2026-10-10T22:20:09+08:00,2026-10-11T01:30:00+08:00,3.164,False,False,False
V4_SHADOW,3010643,2026-10-10,奥甲,奥地利维也纳 vs 格拉茨风暴,,,,,,,0,,,D:\codex\v3_legacy\outputs\football_odds_trader\raw\titan007\20261010\20261010_223725_titan007_odds_snapshot.csv,NOT_FINAL_STATE_0,655d22a71b206a55ca89,RUN_20261010_222944,V4,2026-10-10T22:20:09+08:00,2026-10-10T22:20:09+08:00,2026-10-11T01:30:00+08:00,3.164,False,False,False
V4_SHADOW,3011410,2026-10-10,匈甲,保克什 vs MTK匈格利亚,,,,,,,0,,,D:\codex\v3_legacy\outputs\football_odds_trader\raw\titan007\20261010\20261010_223725_titan007_odds_snapshot.csv,NOT_FINAL_STATE_0,683ed12c1a33cc66a889,RUN_20261010_222944,V4,2026-10-10T22:20:09+08:00,2026-10-10T22:20:09+08:00,2026-10-11T01:30:00+08:00,3.164,False,False,False
V4_SHADOW,2996165,2026-10-10,荷甲,福图纳锡塔德 vs 特温特,,,,,,,0,,,D:\codex\v3_legacy\outputs\football_odds_trader\raw\titan007\20261010\20261010_223725_titan007_odds_snapshot.csv,NOT_FINAL_STATE_0,124fe967740763f84a6e,RUN_20261010_222944,V4,2026-10-10T22:20:09+08:00,2026-10-10T22:20:09+08:00,2026-10-11T02:00:00+08:00,3.664,False,False,False
V4_SHADOW,2997743,2026-10-10,法乙,圣埃蒂安 vs 罗德兹,,,,,,,0,,,D:\codex\v3_legacy\outputs\football_odds_trader\raw\titan007\20261010\20261010_223725_titan007_odds_snapshot.csv,NOT_FINAL_STATE_0,1e764b32f460a5bf86ee,RUN_20261010_222944,V4,2026-10-10T22:20:09+08:00,2026-10-10T22:20:09+08:00,2026-10-11T02:00:00+08:00,3.664,False,False,False
V4_SHADOW,2921250,2026-10-10,智利甲,科布雷索 vs 康塞普西翁大学,,,,,,,0,,,D:\codex\v3_legacy\outputs\football_odds_trader\raw\titan007\20261010\20261010_223725_titan007_odds_snapshot.csv,NOT_FINAL_STATE_0,be38e7ee82b7403ede91,RUN_20261010_222944,V4,2026-10-10T22:20:09+08:00,2026-10-10T22:20:09+08:00,2026-10-11T02:00:00+08:00,3.664,False,False,False
V4_SHADOW,3014545,2026-10-10,西协甲,CD科瑞亚 vs 艾斯马度华,,,,,,,0,,,D:\codex\v3_legacy\outputs\football_odds_trader\raw\titan007\20261010\20261010_223725_titan007_odds_snapshot.csv,NOT_FINAL_STATE_0,c3305d98ba14e514468b,RUN_20261010_222944,V4,2026-10-10T22:20:09+08:00,2026-10-10T22:20:09+08:00,2026-10-11T02:00:00+08:00,3.664,False,False,False
V4_SHADOW,3083615,2026-10-10,西协乙,叁蔓堤罗 vs 圣瑟巴斯提安雷耶斯,,,,,,,0,,,D:\codex\v3_legacy\outputs\football_odds_trader\raw\titan007\20261010\20261010_223725_titan007_odds_snapshot.csv,NOT_FINAL_STATE_0,5f7b0c60b6ddf726253c,RUN_20261010_222944,V4,2026-10-10T22:20:09+08:00,2026-10-10T22:20:09+08:00,2026-10-11T02:00:00+08:00,3.664,False,False,False
V4_SHADOW,3005400,2026-10-10,比乙,比斯查 vs RFC列日,,,,,,,0,,,D:\codex\v3_legacy\outputs\football_odds_trader\raw\titan007\20261010\20261010_223725_titan007_odds_snapshot.csv,NOT_FINAL_STATE_0,705255cfa16084f40642,RUN_20261010_222944,V4,2026-10-10T22:20:09+08:00,2026-10-10T22:20:09+08:00,2026-10-11T02:00:00+08:00,3.664,False,False,False
V4_SHADOW,3099096,2026-10-10,乌拉甲秋,漫游者 vs 波士顿河,,,,,,,0,,,D:\codex\v3_legacy\outputs\football_odds_trader\raw\titan007\20261010\20261010_223725_titan007_odds_snapshot.csv,NOT_FINAL_STATE_0,07ed6a1c62cb1804ffcc,RUN_20261010_222944,V4,2026-10-10T22:20:09+08:00,2026-10-10T22:20:09+08:00,2026-10-11T02:00:00+08:00,3.664,False,False,False
V4_SHADOW,2916743,2026-10-10,阿乙,科勒加勒斯 vs 特里斯顿,,,,,,,0,,,D:\codex\v3_legacy\outputs\football_odds_trader\raw\titan007\20261010\20261010_223725_titan007_odds_snapshot.csv,NOT_FINAL_STATE_0,164dd7f1cdfe2d1e0354,RUN_20261010_222944,V4,2026-10-10T22:20:09+08:00,2026-10-10T22:20:09+08:00,2026-10-11T02:00:00+08:00,3.664,False,False,False
V4_SHADOW,2926337,2026-10-10,智利乙,圣地亚哥漫游者 vs 库里科,,,,,,,0,,,D:\codex\v3_legacy\outputs\football_odds_trader\raw\titan007\20261010\20261010_223725_titan007_odds_snapshot.csv,NOT_FINAL_STATE_0,6d0affc204c43c6ca721,RUN_20261010_222944,V4,2026-10-10T22:20:09+08:00,2026-10-10T22:20:09+08:00,2026-10-11T02:00:00+08:00,3.664,False,False,False
V4_SHADOW,2934839,2026-10-10,阿乙曼特秋,萨兰迪兵工厂 vs 圣马丁布萨科,,,,,,,0,,,D:\codex\v3_legacy\outputs\football_odds_trader\raw\titan007\20261010\20261010_223725_titan007_odds_snapshot.csv,NOT_FINAL_STATE_0,759517b95f2746288309,RUN_20261010_222944,V4,2026-10-10T22:20:09+08:00,2026-10-10T22:20:09+08:00,2026-10-11T02:00:00+08:00,3.664,False,False,False
V4_SHADOW,2934843,2026-10-10,阿乙曼特秋,弗朗德里亚 vs 联合防卫队,,,,,,,0,,,D:\codex\v3_legacy\outputs\football_odds_trader\raw\titan007\20261010\20261010_223725_titan007_odds_snapshot.csv,NOT_FINAL_STATE_0,c96e0514408498c9cb0e,RUN_20261010_222944,V4,2026-10-10T22:20:09+08:00,2026-10-10T22:20:09+08:00,2026-10-11T02:00:00+08:00,3.664,False,False,False
V4_SHADOW,2934844,2026-10-10,阿乙曼特秋,意杜萨高 vs 基尔梅斯阿根廷,,,,,,,0,,,D:\codex\v3_legacy\outputs\football_odds_trader\raw\titan007\20261010\20261010_223725_titan007_odds_snapshot.csv,NOT_FINAL_STATE_0,f0d926085b52caa766b0,RUN_20261010_222944,V4,2026-10-10T22:20:09+08:00,2026-10-10T22:20:09+08:00,2026-10-11T02:00:00+08:00,3.664,False,False,False
V4_SHADOW,2934845,2026-10-10,阿乙曼特秋,拉费雷尔 vs 梅洛,,,,,,,0,,,D:\codex\v3_legacy\outputs\football_odds_trader\raw\titan007\20261010\20261010_223725_titan007_odds_snapshot.csv,NOT_FINAL_STATE_0,64e2541de482dba86fdf,RUN_20261010_222944,V4,2026-10-10T22:20:09+08:00,2026-10-10T22:20:09+08:00,2026-10-11T02:00:00+08:00,3.664,False,False,False
V4_SHADOW,2934848,2026-10-10,阿乙曼特秋,维拉多尔米尼 vs 利涅尔斯,,,,,,,0,,,D:\codex\v3_legacy\outputs\football_odds_trader\raw\titan007\20261010\20261010_223725_titan007_odds_snapshot.csv,NOT_FINAL_STATE_0,e96ff5d81eddb52b71bf,RUN_20261010_222944,V4,2026-10-10T22:20:09+08:00,2026-10-10T22:20:09+08:00,2026-10-11T02:00:00+08:00,3.664,False,False,False
V4_SHADOW,3066751,2026-10-10,比业余,梅克斯 vs 罗什福尔,,,,,,,0,,,D:\codex\v3_legacy\outputs\football_odds_trader\raw\titan007\20261010\20261010_223725_titan007_odds_snapshot.csv,NOT_FINAL_STATE_0,03cba250255f7a746103,RUN_20261010_222944,V4,2026-10-10T22:20:09+08:00,2026-10-10T22:20:09+08:00,2026-10-11T02:00:00+08:00,3.664,False,False,False
V4_SHADOW,3066752,2026-10-10,比业余,莫伦贝克 vs 蒂比兹,,,,,,,0,,,D:\codex\v3_legacy\outputs\football_odds_trader\raw\titan007\20261010\20261010_223725_titan007_odds_snapshot.csv,NOT_FINAL_STATE_0,bb526c4807e03181dd00,RUN_20261010_222944,V4,2026-10-10T22:20:09+08:00,2026-10-10T22:20:09+08:00,2026-10-11T02:00:00+08:00,3.664,False,False,False
V4_SHADOW,3066753,2026-10-10,比业余,沙勒罗瓦B队 vs ROC沙勒罗瓦,,,,,,,0,,,D:\codex\v3_legacy\outputs\football_odds_trader\raw\titan007\20261010\20261010_223725_titan007_odds_snapshot.csv,NOT_FINAL_STATE_0,89fb35d725e34b78e88a,RUN_20261010_222944,V4,2026-10-10T22:20:09+08:00,2026-10-10T22:20:09+08:00,2026-10-11T02:00:00+08:00,3.664,False,False,False
V4_SHADOW,3066890,2026-10-10,比业余,侯特维尼恩 vs 皇家克诺克,,,,,,,0,,,D:\codex\v3_legacy\outputs\football_odds_trader\raw\titan007\20261010\20261010_223725_titan007_odds_snapshot.csv,NOT_FINAL_STATE_0,49e4642b166450cc1bd3,RUN_20261010_222944,V4,2026-10-10T22:20:09+08:00,2026-10-10T22:20:09+08:00,2026-10-11T02:00:00+08:00,3.664,False,False,False
V4_SHADOW,3066891,2026-10-10,比业余,罗斯勒黛赛尔 vs 迪塞尔,,,,,,,0,,,D:\codex\v3_legacy\outputs\football_odds_trader\raw\titan007\20261010\20261010_223725_titan007_odds_snapshot.csv,NOT_FINAL_STATE_0,ca4c07314a9681b35fe9,RUN_20261010_222944,V4,2026-10-10T22:20:09+08:00,2026-10-10T22:20:09+08:00,2026-10-11T02:00:00+08:00,3.664,False,False,False
V4_SHADOW,3066892,2026-10-10,比业余,泽勒特 vs 霍格斯特拉腾,,,,,,,0,,,D:\codex\v3_legacy\outputs\football_odds_trader\raw\titan007\20261010\20261010_223725_titan007_odds_snapshot.csv,NOT_FINAL_STATE_0,6e7c7a338e5d26a20214,RUN_20261010_222944,V4,2026-10-10T22:20:09+08:00,2026-10-10T22:20:09+08:00,2026-10-11T02:00:00+08:00,3.664,False,False,False
V4_SHADOW,3003162,2026-10-10,波兰超,比亚韦斯托克雅盖隆 vs 扎布热矿工,,,,,,,0,,,D:\codex\v3_legacy\outputs\football_odds_trader\raw\titan007\20261010\20261010_223725_titan007_odds_snapshot.csv,NOT_FINAL_STATE_0,9a7699f741af32fa86e4,RUN_20261010_222944,V4,2026-10-10T22:20:09+08:00,2026-10-10T22:20:09+08:00,2026-10-11T02:15:00+08:00,3.914,False,False,False
V4_SHADOW,3005795,2026-10-10,斯亚甲,卢布尔雅那奥林匹亚 vs 慕拉,,,,,,,0,,,D:\codex\v3_legacy\outputs\football_odds_trader\raw\titan007\20261010\20261010_223725_titan007_odds_snapshot.csv,NOT_FINAL_STATE_0,507255794f6544b84789,RUN_20261010_222944,V4,2026-10-10T22:20:09+08:00,2026-10-10T22:20:09+08:00,2026-10-11T02:15:00+08:00,3.914,False,False,False
V4_SHADOW,3019152,2026-10-10,德乙,纽伦堡 vs 沃尔夫斯堡,,,,,,,0,,,D:\codex\v3_legacy\outputs\football_odds_trader\raw\titan007\20261010\20261010_223725_titan007_odds_snapshot.csv,NOT_FINAL_STATE_0,29009d6d7dc8c7cd90bc,RUN_20261010_222944,V4,2026-10-10T22:20:09+08:00,2026-10-10T22:20:09+08:00,2026-10-11T02:30:00+08:00,4.164,False,False,False
V4_SHADOW,2908818,2026-10-10,美职业,芝加哥火焰 vs 纽约城,,,,,,,0,,,D:\codex\v3_legacy\outputs\football_odds_trader\raw\titan007\20261010\20261010_223725_titan007_odds_snapshot.csv,NOT_FINAL_STATE_0,bc6f812a3ad819b94d2a,RUN_20261010_222944,V4,2026-10-10T22:20:09+08:00,2026-10-10T22:20:09+08:00,2026-10-11T02:30:00+08:00,4.164,False,False,False
V4_SHADOW,3010439,2026-10-10,罗甲,布加勒斯特星队 vs 加拉茨钢铁,,,,,,,0,,,D:\codex\v3_legacy\outputs\football_odds_trader\raw\titan007\20261010\20261010_223725_titan007_odds_snapshot.csv,NOT_FINAL_STATE_0,a0a0e71f957a5f195c6d,RUN_20261010_222944,V4,2026-10-10T22:20:09+08:00,2026-10-10T22:20:09+08:00,2026-10-11T02:30:00+08:00,4.164,False,False,False
V4_SHADOW,3050968,2026-10-10,意丙,斯佩齐亚 vs 古比奥,,,,,,,0,,,D:\codex\v3_legacy\outputs\football_odds_trader\raw\titan007\20261010\20261010_223725_titan007_odds_snapshot.csv,NOT_FINAL_STATE_0,ee2d9c5b429f86ebd273,RUN_20261010_222944,V4,2026-10-10T22:20:09+08:00,2026-10-10T22:20:09+08:00,2026-10-11T02:30:00+08:00,4.164,False,False,False
V4_SHADOW,2916736,2026-10-10,阿乙,阿马格罗 vs 查卡里塔青年,,,,,,,0,,,D:\codex\v3_legacy\outputs\football_odds_trader\raw\titan007\20261010\20261010_223725_titan007_odds_snapshot.csv,NOT_FINAL_STATE_0,e63d9ced5f67beef1d02,RUN_20261010_222944,V4,2026-10-10T22:20:09+08:00,2026-10-10T22:20:09+08:00,2026-10-11T02:30:00+08:00,4.164,False,False,False
V4_SHADOW,2934841,2026-10-10,阿乙曼特秋,阿梅尼奥 vs BsAs交流会,,,,,,,0,,,D:\codex\v3_legacy\outputs\football_odds_trader\raw\titan007\20261010\20261010_223725_titan007_odds_snapshot.csv,NOT_FINAL_STATE_0,68805b579253ccda214f,RUN_20261010_222944,V4,2026-10-10T22:20:09+08:00,2026-10-10T22:20:09+08:00,2026-10-11T02:30:00+08:00,4.164,False,False,False
V4_SHADOW,3099410,2026-10-10,智利丙,圣地亚哥城 vs 哥查瓜,,,,,,,0,,,D:\codex\v3_legacy\outputs\football_odds_trader\raw\titan007\20261010\20261010_223725_titan007_odds_snapshot.csv,NOT_FINAL_STATE_0,9deb2fb7a69c4d2db83d,RUN_20261010_222944,V4,2026-10-10T22:20:09+08:00,2026-10-10T22:20:09+08:00,2026-10-11T02:30:00+08:00,4.164,False,False,False
V4_SHADOW,3098340,2026-10-10,国际友谊,美国女足 vs 西班牙女足,,,,,,,0,,,D:\codex\v3_legacy\outputs\football_odds_trader\raw\titan007\20261010\20261010_223725_titan007_odds_snapshot.csv,NOT_FINAL_STATE_0,474b970b4f06b278f653,RUN_20261010_222944,V4,2026-10-10T22:20:09+08:00,2026-10-10T22:20:09+08:00,2026-10-11T02:30:00+08:00,4.164,False,False,False
V4_SHADOW,2993812,2026-10-10,意甲,那不勒斯 vs 弗洛西诺尼,,,,,,,0,,,D:\codex\v3_legacy\outputs\football_odds_trader\raw\titan007\20261010\20261010_223725_titan007_odds_snapshot.csv,NOT_FINAL_STATE_0,0607e18d8cda862ebd77,RUN_20261010_222944,V4,2026-10-10T22:20:09+08:00,2026-10-10T22:20:09+08:00,2026-10-11T02:45:00+08:00,4.414,False,False,False
V4_SHADOW,2995353,2026-10-10,法甲,布雷斯特 vs 昂热,,,,,,,0,,,D:\codex\v3_legacy\outputs\football_odds_trader\raw\titan007\20261010\20261010_223725_titan007_odds_snapshot.csv,NOT_FINAL_STATE_0,a15f71a8bcb8c8afb748,RUN_20261010_222944,V4,2026-10-10T22:20:09+08:00,2026-10-10T22:20:09+08:00,2026-10-11T02:45:00+08:00,4.414,False,False,False
V4_SHADOW,2995356,2026-10-10,法甲,洛里昂 vs 巴黎FC,,,,,,,0,,,D:\codex\v3_legacy\outputs\football_odds_trader\raw\titan007\20261010\20261010_223725_titan007_odds_snapshot.csv,NOT_FINAL_STATE_0,26f4c8094da11f40e3d4,RUN_20261010_222944,V4,2026-10-10T22:20:09+08:00,2026-10-10T22:20:09+08:00,2026-10-11T02:45:00+08:00,4.414,False,False,False
V4_SHADOW,2995357,2026-10-10,法甲,摩纳哥 vs 图卢兹,,,,,,,0,,,D:\codex\v3_legacy\outputs\football_odds_trader\raw\titan007\20261010\20261010_223725_titan007_odds_snapshot.csv,NOT_FINAL_STATE_0,6d3067025446d5a58e3e,RUN_20261010_222944,V4,2026-10-10T22:20:09+08:00,2026-10-10T22:20:09+08:00,2026-10-11T02:45:00+08:00,4.414,False,False,False
V4_SHADOW,2995359,2026-10-10,法甲,巴黎圣日耳曼 vs 勒芒,,,,,,,0,,,D:\codex\v3_legacy\outputs\football_odds_trader\raw\titan007\20261010\20261010_223725_titan007_odds_snapshot.csv,NOT_FINAL_STATE_0,ff562f46b0dd88104e1d,RUN_20261010_222944,V4,2026-10-10T22:20:09+08:00,2026-10-10T22:20:09+08:00,2026-10-11T02:45:00+08:00,4.414,False,False,False
V4_SHADOW,3003586,2026-10-10,比甲,亨克 vs 科特赖克,,,,,,,0,,,D:\codex\v3_legacy\outputs\football_odds_trader\raw\titan007\20261010\20261010_223725_titan007_odds_snapshot.csv,NOT_FINAL_STATE_0,183aaa9d46625cd9ae6f,RUN_20261010_222944,V4,2026-10-10T22:20:09+08:00,2026-10-10T22:20:09+08:00,2026-10-11T02:45:00+08:00,4.414,False,False,False
V4_SHADOW,3003591,2026-10-10,比甲,瓦勒海姆 vs 根特,,,,,,,0,,,D:\codex\v3_legacy\outputs\football_odds_trader\raw\titan007\20261010\20261010_223725_titan007_odds_snapshot.csv,NOT_FINAL_STATE_0,96e5fae38fcd80b87d42,RUN_20261010_222944,V4,2026-10-10T22:20:09+08:00,2026-10-10T22:20:09+08:00,2026-10-11T02:45:00+08:00,4.414,False,False,False
V4_SHADOW,2962669,2026-10-10,阿甲,巴拉卡斯中央队 vs 飓风队,,,,,,,0,,,D:\codex\v3_legacy\outputs\football_odds_trader\raw\titan007\20261010\20261010_223725_titan007_odds_snapshot.csv,NOT_FINAL_STATE_0,b0831d56fad03cffc9aa,RUN_20261010_222944,V4,2026-10-10T22:20:09+08:00,2026-10-10T22:20:09+08:00,2026-10-11T02:45:00+08:00,4.414,False,False,False
V4_SHADOW,3013720,2026-10-10,西甲,皇家马德里 vs 比利亚雷亚尔,,,,,,,0,,,D:\codex\v3_legacy\outputs\football_odds_trader\raw\titan007\20261010\20261010_223725_titan007_odds_snapshot.csv,NOT_FINAL_STATE_0,77690cecdee5465281d4,RUN_20261010_222944,V4,2026-10-10T22:20:09+08:00,2026-10-10T22:20:09+08:00,2026-10-11T03:00:00+08:00,4.664,False,False,False
V4_SHADOW,3014113,2026-10-10,西乙,塞尔塔B队 vs 皇家社会B队,,,,,,,0,,,D:\codex\v3_legacy\outputs\football_odds_trader\raw\titan007\20261010\20261010_223725_titan007_odds_snapshot.csv,NOT_FINAL_STATE_0,78f0f08d7186b20641d6,RUN_20261010_222944,V4,2026-10-10T22:20:09+08:00,2026-10-10T22:20:09+08:00,2026-10-11T03:00:00+08:00,4.664,False,False,False
V4_SHADOW,2996164,2026-10-10,荷甲,阿贾克斯 vs 奈梅亨,,,,,,,0,,,D:\codex\v3_legacy\outputs\football_odds_trader\raw\titan007\20261010\20261010_223725_titan007_odds_snapshot.csv,NOT_FINAL_STATE_0,73f6d69ee3d583ba07a4,RUN_20261010_222944,V4,2026-10-10T22:20:09+08:00,2026-10-10T22:20:09+08:00,2026-10-11T03:00:00+08:00,4.664,False,False,False
V4_SHADOW,3014550,2026-10-10,西协甲,米兰德斯 vs 萨莫拉,,,,,,,0,,,D:\codex\v3_legacy\outputs\football_odds_trader\raw\titan007\20261010\20261010_223725_titan007_odds_snapshot.csv,NOT_FINAL_STATE_0,7905d29ad483d5ce6d88,RUN_20261010_222944,V4,2026-10-10T22:20:09+08:00,2026-10-10T22:20:09+08:00,2026-10-11T03:00:00+08:00,4.664,False,False,False
V4_SHADOW,3059145,2026-10-10,玻利甲,宾托大学生 vs 奥鲁罗,,,,,,,0,,,D:\codex\v3_legacy\outputs\football_odds_trader\raw\titan007\20261010\20261010_223725_titan007_odds_snapshot.csv,NOT_FINAL_STATE_0,974d5d0bb5ae939c3dbb,RUN_20261010_222944,V4,2026-10-10T22:20:09+08:00,2026-10-10T22:20:09+08:00,2026-10-11T03:00:00+08:00,4.664,False,False,False
V4_SHADOW,2916750,2026-10-10,阿乙,基尔梅斯 vs 卡洛斯卡萨雷斯农业,,,,,,,0,,,D:\codex\v3_legacy\outputs\football_odds_trader\raw\titan007\20261010\20261010_223725_titan007_odds_snapshot.csv,NOT_FINAL_STATE_0,be13c93b547e6024d909,RUN_20261010_222944,V4,2026-10-10T22:20:09+08:00,2026-10-10T22:20:09+08:00,2026-10-11T03:00:00+08:00,4.664,False,False,False
V4_SHADOW,3091908,2026-10-10,厄瓜甲降,曼塔 vs 特克尼克,,,,,,,0,,,D:\codex\v3_legacy\outputs\football_odds_trader\raw\titan007\20261010\20261010_223725_titan007_odds_snapshot.csv,NOT_FINAL_STATE_0,0dd77eca38ef8fe3fc18,RUN_20261010_222944,V4,2026-10-10T22:20:09+08:00,2026-10-10T22:20:09+08:00,2026-10-11T03:00:00+08:00,4.664,False,False,False
V4_SHADOW,3098332,2026-10-10,乌拉乙,切里托 vs 塔古雷姆泊,,,,,,,0,,,D:\codex\v3_legacy\outputs\football_odds_trader\raw\titan007\20261010\20261010_223725_titan007_odds_snapshot.csv,NOT_FINAL_STATE_0,38d3cf0ebac155f45ea2,RUN_20261010_222944,V4,2026-10-10T22:20:09+08:00,2026-10-10T22:20:09+08:00,2026-10-11T03:00:00+08:00,4.664,False,False,False
V4_SHADOW,3087977,2026-10-10,冰岛超冠,弗拉姆 vs KR雷克雅未克,,,,,,,0,,,D:\codex\v3_legacy\outputs\football_odds_trader\raw\titan007\20261010\20261010_223725_titan007_odds_snapshot.csv,NOT_FINAL_STATE_0,60a530dd65e28f2371af,RUN_20261010_222944,V4,2026-10-10T22:20:09+08:00,2026-10-10T22:20:09+08:00,2026-10-11T03:15:00+08:00,4.914,False,False,False
V4_SHADOW,3023494,2026-10-10,葡超,维塞乌 vs 埃斯托里尔,,,,,,,0,,,D:\codex\v3_legacy\outputs\football_odds_trader\raw\titan007\20261010\20261010_223725_titan007_odds_snapshot.csv,NOT_FINAL_STATE_0,fce08922b6184ed848af,RUN_20261010_222944,V4,2026-10-10T22:20:09+08:00,2026-10-10T22:20:09+08:00,2026-10-11T03:30:00+08:00,5.164,False,False,False
V4_SHADOW,3023498,2026-10-10,葡超,卡萨比亚 vs 圣克拉拉,,,,,,,0,,,D:\codex\v3_legacy\outputs\football_odds_trader\raw\titan007\20261010\20261010_223725_titan007_odds_snapshot.csv,NOT_FINAL_STATE_0,5e7078974109bfa730fd,RUN_20261010_222944,V4,2026-10-10T22:20:09+08:00,2026-10-10T22:20:09+08:00,2026-10-11T03:30:00+08:00,5.164,False,False,False
V4_SHADOW,3023799,2026-10-10,葡甲,维泽拉 vs 葡萄牙体育B队,,,,,,,0,,,D:\codex\v3_legacy\outputs\football_odds_trader\raw\titan007\20261010\20261010_223725_titan007_odds_snapshot.csv,NOT_FINAL_STATE_0,e2249176e512ba314e2e,RUN_20261010_222944,V4,2026-10-10T22:20:09+08:00,2026-10-10T22:20:09+08:00,2026-10-11T03:30:00+08:00,5.164,False,False,False
V4_SHADOW,2916748,2026-10-10,阿乙,米德兰 vs 拉费尔拿,,,,,,,0,,,D:\codex\v3_legacy\outputs\football_odds_trader\raw\titan007\20261010\20261010_223725_titan007_odds_snapshot.csv,NOT_FINAL_STATE_0,e592b144d34f5720c839,RUN_20261010_222944,V4,2026-10-10T22:20:09+08:00,2026-10-10T22:20:09+08:00,2026-10-11T03:30:00+08:00,5.164,False,False,False
V4_SHADOW,3100285,2026-10-10,国际友谊,巴西女足 vs 阿根廷女足,,,,,,,0,,,D:\codex\v3_legacy\outputs\football_odds_trader\raw\titan007\20261010\20261010_223725_titan007_odds_snapshot.csv,NOT_FINAL_STATE_0,db12e681bd42059bd0f7,RUN_20261010_222944,V4,2026-10-10T22:20:09+08:00,2026-10-10T22:20:09+08:00,2026-10-11T03:30:00+08:00,5.164,False,False,False
V4_SHADOW,2962670,2026-10-10,阿甲,科尔多瓦中央SDE vs 拉普拉塔大学生,,,,,,,0,,,D:\codex\v3_legacy\outputs\football_odds_trader\raw\titan007\20261010\20261010_223725_titan007_odds_snapshot.csv,NOT_FINAL_STATE_0,ac4a5ea30aa8b0516847,RUN_20261010_222944,V4,2026-10-10T22:20:09+08:00,2026-10-10T22:20:09+08:00,2026-10-11T04:00:00+08:00,5.664,False,False,False
V4_SHADOW,3074203,2026-10-10,巴拉甲秋,圣罗伦素体育会 vs 泰里尼登斯,,,,,,,0,,,D:\codex\v3_legacy\outputs\football_odds_trader\raw\titan007\20261010\20261010_223725_titan007_odds_snapshot.csv,NOT_FINAL_STATE_0,1099ccf10b04d96b1226,RUN_20261010_222944,V4,2026-10-10T22:20:09+08:00,2026-10-10T22:20:09+08:00,2026-10-11T04:00:00+08:00,5.664,False,False,False
V4_SHADOW,3099408,2026-10-10,智利丙,康康民族 vs 奥索尔诺,,,,,,,0,,,D:\codex\v3_legacy\outputs\football_odds_trader\raw\titan007\20261010\20261010_223725_titan007_odds_snapshot.csv,NOT_FINAL_STATE_0,c00b86d2866b43768aa8,RUN_20261010_222944,V4,2026-10-10T22:20:09+08:00,2026-10-10T22:20:09+08:00,2026-10-11T04:00:00+08:00,5.664,False,False,False
V4_SHADOW,2937626,2026-10-10,加拿职,魁北克苏普拉 vs 温哥华FC,,,,,,,0,,,D:\codex\v3_legacy\outputs\football_odds_trader\raw\titan007\20261010\20261010_223725_titan007_odds_snapshot.csv,NOT_FINAL_STATE_0,0e998a0a76781f517ce1,RUN_20261010_222944,V4,2026-10-10T22:20:09+08:00,2026-10-10T22:20:09+08:00,2026-10-11T04:00:00+08:00,5.664,False,False,False
V4_SHADOW,3084079,2026-10-10,巴丙,普拉斯哥野 vs 帕桑度,,,,,,,0,,,D:\codex\v3_legacy\outputs\football_odds_trader\raw\titan007\20261010\20261010_223725_titan007_odds_snapshot.csv,NOT_FINAL_STATE_0,5b47f6155332e2053315,RUN_20261010_222944,V4,2026-10-10T22:20:09+08:00,2026-10-10T22:20:09+08:00,2026-10-11T04:00:00+08:00,5.664,False,False,False
V4_SHADOW,3084080,2026-10-10,巴丙,费罗维里亚 vs 国际里梅拉,,,,,,,0,,,D:\codex\v3_legacy\outputs\football_odds_trader\raw\titan007\20261010\20261010_223725_titan007_odds_snapshot.csv,NOT_FINAL_STATE_0,3f98271514f51b0fea69,RUN_20261010_222944,V4,2026-10-10T22:20:09+08:00,2026-10-10T22:20:09+08:00,2026-10-11T04:00:00+08:00,5.664,False,False,False
V4_SHADOW,3084091,2026-10-10,巴丙,博塔福格PB vs 圣十字,,,,,,,0,,,D:\codex\v3_legacy\outputs\football_odds_trader\raw\titan007\20261010\20261010_223725_titan007_odds_snapshot.csv,NOT_FINAL_STATE_0,6a8e3b9857cdd57f16b3,RUN_20261010_222944,V4,2026-10-10T22:20:09+08:00,2026-10-10T22:20:09+08:00,2026-10-11T04:00:00+08:00,5.664,False,False,False
V4_SHADOW,3084092,2026-10-10,巴丙,马林加 vs 弗罗勒斯塔,,,,,,,0,,,D:\codex\v3_legacy\outputs\football_odds_trader\raw\titan007\20261010\20261010_223725_titan007_odds_snapshot.csv,NOT_FINAL_STATE_0,d630cb06e5f783b94b5b,RUN_20261010_222944,V4,2026-10-10T22:20:09+08:00,2026-10-10T22:20:09+08:00,2026-10-11T04:00:00+08:00,5.664,False,False,False
V4_SHADOW,2921254,2026-10-10,智利甲,华奇巴托 vs 希金斯,,,,,,,0,,,D:\codex\v3_legacy\outputs\football_odds_trader\raw\titan007\20261010\20261010_223725_titan007_odds_snapshot.csv,NOT_FINAL_STATE_0,355b77be37dbb5b3307f,RUN_20261010_222944,V4,2026-10-10T22:20:09+08:00,2026-10-10T22:20:09+08:00,2026-10-11T04:30:00+08:00,6.164,False,False,False
V4_SHADOW,3011895,2026-10-10,哥伦甲秋,佩雷拉 vs 卡利体育会,,,,,,,0,,,D:\codex\v3_legacy\outputs\football_odds_trader\raw\titan007\20261010\20261010_223725_titan007_odds_snapshot.csv,NOT_FINAL_STATE_0,308154d8f9374d09cfaf,RUN_20261010_222944,V4,2026-10-10T22:20:09+08:00,2026-10-10T22:20:09+08:00,2026-10-11T04:30:00+08:00,6.164,False,False,False
V4_SHADOW,2926333,2026-10-10,智利乙,迪帕特斯 vs 圣塔克鲁兹,,,,,,,0,,,D:\codex\v3_legacy\outputs\football_odds_trader\raw\titan007\20261010\20261010_223725_titan007_odds_snapshot.csv,NOT_FINAL_STATE_0,b9cde8cba44dc0401d0e,RUN_20261010_222944,V4,2026-10-10T22:20:09+08:00,2026-10-10T22:20:09+08:00,2026-10-11T04:30:00+08:00,6.164,False,False,False
V4_SHADOW,2910926,2026-10-10,巴西甲,瓦斯科达伽马 vs 瑞模贝雷,,,,,,,0,,,D:\codex\v3_legacy\outputs\football_odds_trader\raw\titan007\20261010\20261010_223725_titan007_odds_snapshot.csv,NOT_FINAL_STATE_0,b8fab7f93115790b8de8,RUN_20261010_222944,V4,2026-10-10T22:20:09+08:00,2026-10-10T22:20:09+08:00,2026-10-11T05:00:00+08:00,6.664,False,False,False
V4_SHADOW,3091655,2026-10-10,委内超秋,FC波图加沙 vs 拉瓜伊拉,,,,,,,0,,,D:\codex\v3_legacy\outputs\football_odds_trader\raw\titan007\20261010\20261010_223725_titan007_odds_snapshot.csv,NOT_FINAL_STATE_0,14a9cf179214656a7f4b,RUN_20261010_222944,V4,2026-10-10T22:20:09+08:00,2026-10-10T22:20:09+08:00,2026-10-11T05:00:00+08:00,6.664,False,False,False
V4_SHADOW,3041938,2026-10-10,萨尔超春,旧金山富尔特 vs 卡卡瓦蒂克,,,,,,,0,,,D:\codex\v3_legacy\outputs\football_odds_trader\raw\titan007\20261010\20261010_223725_titan007_odds_snapshot.csv,NOT_FINAL_STATE_0,6a942607931806641e44,RUN_20261010_222944,V4,2026-10-10T22:20:09+08:00,2026-10-10T22:20:09+08:00,2026-10-11T05:00:00+08:00,6.664,False,False,False
V4_SHADOW,3011301,2026-10-10,危地甲春,奥罗拉 vs 夏拉祖,,,,,,,0,,,D:\codex\v3_legacy\outputs\football_odds_trader\raw\titan007\20261010\20261010_223725_titan007_odds_snapshot.csv,NOT_FINAL_STATE_0,80b5ee891d1130894665,RUN_20261010_222944,V4,2026-10-10T22:20:09+08:00,2026-10-10T22:20:09+08:00,2026-10-11T05:00:00+08:00,6.664,False,False,False
V4_SHADOW,3083896,2026-10-10,洪都甲春,格尼斯 vs CD奥林匹亚,,,,,,,0,,,D:\codex\v3_legacy\outputs\football_odds_trader\raw\titan007\20261010\20261010_223725_titan007_odds_snapshot.csv,NOT_FINAL_STATE_0,b7780d550244c432a24e,RUN_20261010_222944,V4,2026-10-10T22:20:09+08:00,2026-10-10T22:20:09+08:00,2026-10-11T05:00:00+08:00,6.664,False,False,False
V4_SHADOW,2942671,2026-10-10,美冠联,运动Jax vs 伯明翰军团,,,,,,,0,,,D:\codex\v3_legacy\outputs\football_odds_trader\raw\titan007\20261010\20261010_223725_titan007_odds_snapshot.csv,NOT_FINAL_STATE_0,30d6ce12acf768bbf2a8,RUN_20261010_222944,V4,2026-10-10T22:20:09+08:00,2026-10-10T22:20:09+08:00,2026-10-11T05:00:00+08:00,6.664,False,False,False
V4_SHADOW,2955412,2026-10-10,美甲,波特兰松之心 vs 博伊西AC,,,,,,,0,,,D:\codex\v3_legacy\outputs\football_odds_trader\raw\titan007\20261010\20261010_223725_titan007_odds_snapshot.csv,NOT_FINAL_STATE_0,dcc58ccad955b2907086,RUN_20261010_222944,V4,2026-10-10T22:20:09+08:00,2026-10-10T22:20:09+08:00,2026-10-11T05:00:00+08:00,6.664,False,False,False
V4_SHADOW,2955414,2026-10-10,美甲,奥马哈 vs 韦恩堡FC,,,,,,,0,,,D:\codex\v3_legacy\outputs\football_odds_trader\raw\titan007\20261010\20261010_223725_titan007_odds_snapshot.csv,NOT_FINAL_STATE_0,1f6bb2ca1590732b3e16,RUN_20261010_222944,V4,2026-10-10T22:20:09+08:00,2026-10-10T22:20:09+08:00,2026-10-11T05:00:00+08:00,6.664,False,False,False
V4_SHADOW,3099097,2026-10-10,乌拉甲秋,佩纳罗尔 vs 普罗格雷索俱乐部,,,,,,,0,,,D:\codex\v3_legacy\outputs\football_odds_trader\raw\titan007\20261010\20261010_223725_titan007_odds_snapshot.csv,NOT_FINAL_STATE_0,a292f445e51246c19dfc,RUN_20261010_222944,V4,2026-10-10T22:20:09+08:00,2026-10-10T22:20:09+08:00,2026-10-11T05:30:00+08:00,7.164,False,False,False
V4_SHADOW,3096632,2026-10-10,厄瓜甲,瓜亚基尔城 vs 埃梅莱克,,,,,,,0,,,D:\codex\v3_legacy\outputs\football_odds_trader\raw\titan007\20261010\20261010_223725_titan007_odds_snapshot.csv,NOT_FINAL_STATE_0,4d2ff6ace275be9021eb,RUN_20261010_222944,V4,2026-10-10T22:20:09+08:00,2026-10-10T22:20:09+08:00,2026-10-11T05:30:00+08:00,7.164,False,False,False
V4_SHADOW,3091656,2026-10-10,委内超秋,塔奇拉竞技 vs 委内瑞拉中央大学,,,,,,,0,,,D:\codex\v3_legacy\outputs\football_odds_trader\raw\titan007\20261010\20261010_223725_titan007_odds_snapshot.csv,NOT_FINAL_STATE_0,6b4ddfbad2119c7a3b1e,RUN_20261010_222944,V4,2026-10-10T22:20:09+08:00,2026-10-10T22:20:09+08:00,2026-10-11T06:00:00+08:00,7.664,False,False,False
V4_SHADOW,2942661,2026-10-10,美冠联,查尔斯顿电池 vs 路易斯维尔FC,,,,,,,0,,,D:\codex\v3_legacy\outputs\football_odds_trader\raw\titan007\20261010\20261010_223725_titan007_odds_snapshot.csv,NOT_FINAL_STATE_0,e5a297ee81853d758324,RUN_20261010_222944,V4,2026-10-10T22:20:09+08:00,2026-10-10T22:20:09+08:00,2026-10-11T06:00:00+08:00,7.664,False,False,False
V4_SHADOW,3024474,2026-10-10,墨西甲春,特拉斯卡拉 vs 皮拉塔斯,,,,,,,0,,,D:\codex\v3_legacy\outputs\football_odds_trader\raw\titan007\20261010\20261010_223725_titan007_odds_snapshot.csv,NOT_FINAL_STATE_0,6cf20eb652aa436fe4b0,RUN_20261010_222944,V4,2026-10-10T22:20:09+08:00,2026-10-10T22:20:09+08:00,2026-10-11T06:00:00+08:00,7.664,False,False,False
V4_SHADOW,3098333,2026-10-10,乌拉乙,FC派桑杜 vs 雷提斯塔,,,,,,,0,,,D:\codex\v3_legacy\outputs\football_odds_trader\raw\titan007\20261010\20261010_223725_titan007_odds_snapshot.csv,NOT_FINAL_STATE_0,08556b56aafde6e9cbc4,RUN_20261010_222944,V4,2026-10-10T22:20:09+08:00,2026-10-10T22:20:09+08:00,2026-10-11T06:00:00+08:00,7.664,False,False,False
V4_SHADOW,2962681,2026-10-10,阿甲,泰格雷 vs 班菲尔德,,,,,,,0,,,D:\codex\v3_legacy\outputs\football_odds_trader\raw\titan007\20261010\20261010_223725_titan007_odds_snapshot.csv,NOT_FINAL_STATE_0,637b917c2486d9b08ca9,RUN_20261010_222944,V4,2026-10-10T22:20:09+08:00,2026-10-10T22:20:09+08:00,2026-10-11T06:15:00+08:00,7.914,False,False,False
V4_SHADOW,3074204,2026-10-10,巴拉甲秋,卢捷诺体育会<font color=#880000>(中)</font> vs 波特诺山丘,,,,,,,0,,,D:\codex\v3_legacy\outputs\football_odds_trader\raw\titan007\20261010\20261010_223725_titan007_odds_snapshot.csv,NOT_FINAL_STATE_0,732b57141bf034ec111c,RUN_20261010_222944,V4,2026-10-10T22:20:09+08:00,2026-10-10T22:20:09+08:00,2026-10-11T06:20:00+08:00,7.997,False,False,False
V4_SHADOW,2921256,2026-10-10,智利甲,智利天主大学 vs 奥达斯,,,,,,,0,,,D:\codex\v3_legacy\outputs\football_odds_trader\raw\titan007\20261010\20261010_223725_titan007_odds_snapshot.csv,NOT_FINAL_STATE_0,beb693a64d876a5d47e5,RUN_20261010_222944,V4,2026-10-10T22:20:09+08:00,2026-10-10T22:20:09+08:00,2026-10-11T07:00:00+08:00,8.664,False,False,False
V4_SHADOW,3042569,2026-10-10,哥斯甲春,普塔雷纳斯 vs 阿拉胡埃伦斯,,,,,,,0,,,D:\codex\v3_legacy\outputs\football_odds_trader\raw\titan007\20261010\20261010_223725_titan007_odds_snapshot.csv,NOT_FINAL_STATE_0,acd104a6e46741e898be,RUN_20261010_222944,V4,2026-10-10T22:20:09+08:00,2026-10-10T22:20:09+08:00,2026-10-11T07:00:00+08:00,8.664,False,False,False
V4_SHADOW,3011303,2026-10-10,危地甲春,苏奇特佩基 vs 拉科鲁尼亚米斯科,,,,,,,0,,,D:\codex\v3_legacy\outputs\football_odds_trader\raw\titan007\20261010\20261010_223725_titan007_odds_snapshot.csv,NOT_FINAL_STATE_0,9de35ded1756d9868370,RUN_20261010_222944,V4,2026-10-10T22:20:09+08:00,2026-10-10T22:20:09+08:00,2026-10-11T07:00:00+08:00,8.664,False,False,False
V4_SHADOW,2997430,2026-10-10,墨西联秋,克雷塔罗 vs 亚特兰特,,,,,,,0,,,D:\codex\v3_legacy\outputs\football_odds_trader\raw\titan007\20261010\20261010_223725_titan007_odds_snapshot.csv,NOT_FINAL_STATE_0,fb0fa86ce5e05a9679e0,RUN_20261010_222944,V4,2026-10-10T22:20:09+08:00,2026-10-10T22:20:09+08:00,2026-10-11T07:00:00+08:00,8.664,False,False,False
V4_SHADOW,2997432,2026-10-10,墨西联秋,华雷斯 vs 蒂华纳,,,,,,,0,,,D:\codex\v3_legacy\outputs\football_odds_trader\raw\titan007\20261010\20261010_223725_titan007_odds_snapshot.csv,NOT_FINAL_STATE_0,1dee31cd61662c0ef543,RUN_20261010_222944,V4,2026-10-10T22:20:09+08:00,2026-10-10T22:20:09+08:00,2026-10-11T07:00:00+08:00,8.664,False,False,False
V4_SHADOW,2942662,2026-10-10,美冠联,底特律城 vs 罗德岛,,,,,,,0,,,D:\codex\v3_legacy\outputs\football_odds_trader\raw\titan007\20261010\20261010_223725_titan007_odds_snapshot.csv,NOT_FINAL_STATE_0,dc4aab59327e83eb4130,RUN_20261010_222944,V4,2026-10-10T22:20:09+08:00,2026-10-10T22:20:09+08:00,2026-10-11T07:00:00+08:00,8.664,False,False,False
V4_SHADOW,2942664,2026-10-10,美冠联,印地十一 vs 坦帕湾,,,,,,,0,,,D:\codex\v3_legacy\outputs\football_odds_trader\raw\titan007\20261010\20261010_223725_titan007_odds_snapshot.csv,NOT_FINAL_STATE_0,995f120b442f54eec2cc,RUN_20261010_222944,V4,2026-10-10T22:20:09+08:00,2026-10-10T22:20:09+08:00,2026-10-11T07:00:00+08:00,8.664,False,False,False
V4_SHADOW,2942665,2026-10-10,美冠联,迈阿密FC vs 劳顿联,,,,,,,0,,,D:\codex\v3_legacy\outputs\football_odds_trader\raw\titan007\20261010\20261010_223725_titan007_odds_snapshot.csv,NOT_FINAL_STATE_0,3fb4367ae2a93163dd66,RUN_20261010_222944,V4,2026-10-10T22:20:09+08:00,2026-10-10T22:20:09+08:00,2026-10-11T07:00:00+08:00,8.664,False,False,False
V4_SHADOW,2942669,2026-10-10,美冠联,匹兹堡猎犬河队 vs 哈特福德竞技,,,,,,,0,,,D:\codex\v3_legacy\outputs\football_odds_trader\raw\titan007\20261010\20261010_223725_titan007_odds_snapshot.csv,NOT_FINAL_STATE_0,d00b0f8477bc4f10d63c,RUN_20261010_222944,V4,2026-10-10T22:20:09+08:00,2026-10-10T22:20:09+08:00,2026-10-11T07:00:00+08:00,8.664,False,False,False
V4_SHADOW,3024476,2026-10-10,墨西甲春,FC美利达 vs 哥达拿查拉大学,,,,,,,0,,,D:\codex\v3_legacy\outputs\football_odds_trader\raw\titan007\20261010\20261010_223725_titan007_odds_snapshot.csv,NOT_FINAL_STATE_0,7657a464feb2c87e2a28,RUN_20261010_222944,V4,2026-10-10T22:20:09+08:00,2026-10-10T22:20:09+08:00,2026-10-11T07:00:00+08:00,8.664,False,False,False
V4_SHADOW,2955415,2026-10-10,美甲,西切斯特 vs 前锋麦迪逊足球俱乐部,,,,,,,0,,,D:\codex\v3_legacy\outputs\football_odds_trader\raw\titan007\20261010\20261010_223725_titan007_odds_snapshot.csv,NOT_FINAL_STATE_0,7a7bf3c70c40237f3eb4,RUN_20261010_222944,V4,2026-10-10T22:20:09+08:00,2026-10-10T22:20:09+08:00,2026-10-11T07:00:00+08:00,8.664,False,False,False
V4_SHADOW,3011893,2026-10-10,哥伦甲秋,巴兰基亚青年 vs 波哥大国际,,,,,,,0,,,D:\codex\v3_legacy\outputs\football_odds_trader\raw\titan007\20261010\20261010_223725_titan007_odds_snapshot.csv,NOT_FINAL_STATE_0,c514d9a70c3788eb9078,RUN_20261010_222944,V4,2026-10-10T22:20:09+08:00,2026-10-10T22:20:09+08:00,2026-10-11T07:10:00+08:00,8.831,False,False,False
V4_SHADOW,2908820,2026-10-10,美职业,亚特兰大联 vs 辛辛那提,,,,,,,0,,,D:\codex\v3_legacy\outputs\football_odds_trader\raw\titan007\20261010\20261010_223725_titan007_odds_snapshot.csv,NOT_FINAL_STATE_0,d2a6cf4df3c7d4891713,RUN_20261010_222944,V4,2026-10-10T22:20:09+08:00,2026-10-10T22:20:09+08:00,2026-10-11T07:30:00+08:00,9.164,False,False,False
V4_SHADOW,2908821,2026-10-10,美职业,夏洛特FC vs 达拉斯FC,,,,,,,0,,,D:\codex\v3_legacy\outputs\football_odds_trader\raw\titan007\20261010\20261010_223725_titan007_odds_snapshot.csv,NOT_FINAL_STATE_0,11524256e08f5bac609e,RUN_20261010_222944,V4,2026-10-10T22:20:09+08:00,2026-10-10T22:20:09+08:00,2026-10-11T07:30:00+08:00,9.164,False,False,False
V4_SHADOW,2908822,2026-10-10,美职业,迈阿密国际 vs 华盛顿联,,,,,,,0,,,D:\codex\v3_legacy\outputs\football_odds_trader\raw\titan007\20261010\20261010_223725_titan007_odds_snapshot.csv,NOT_FINAL_STATE_0,e1cef004e81b04103aad,RUN_20261010_222944,V4,2026-10-10T22:20:09+08:00,2026-10-10T22:20:09+08:00,2026-10-11T07:30:00+08:00,9.164,False,False,False
V4_SHADOW,2908823,2026-10-10,美职业,新英格兰革命 vs 西雅图海湾人,,,,,,,0,,,D:\codex\v3_legacy\outputs\football_odds_trader\raw\titan007\20261010\20261010_223725_titan007_odds_snapshot.csv,NOT_FINAL_STATE_0,c94593e3328c6513ecbc,RUN_20261010_222944,V4,2026-10-10T22:20:09+08:00,2026-10-10T22:20:09+08:00,2026-10-11T07:30:00+08:00,9.164,False,False,False
V4_SHADOW,2908824,2026-10-10,美职业,纽约红牛 vs 圣地亚哥,,,,,,,0,,,D:\codex\v3_legacy\outputs\football_odds_trader\raw\titan007\20261010\20261010_223725_titan007_odds_snapshot.csv,NOT_FINAL_STATE_0,8d4934917eb528fee3b7,RUN_20261010_222944,V4,2026-10-10T22:20:09+08:00,2026-10-10T22:20:09+08:00,2026-10-11T07:30:00+08:00,9.164,False,False,False
V4_SHADOW,2908825,2026-10-10,美职业,奥兰多城 vs 哥伦布机员,,,,,,,0,,,D:\codex\v3_legacy\outputs\football_odds_trader\raw\titan007\20261010\20261010_223725_titan007_odds_snapshot.csv,NOT_FINAL_STATE_0,f6e45872899a8e282587,RUN_20261010_222944,V4,2026-10-10T22:20:09+08:00,2026-10-10T22:20:09+08:00,2026-10-11T07:30:00+08:00,9.164,False,False,False
V4_SHADOW,2908826,2026-10-10,美职业,费城联合 vs 皇家盐湖城,,,,,,,0,,,D:\codex\v3_legacy\outputs\football_odds_trader\raw\titan007\20261010\20261010_223725_titan007_odds_snapshot.csv,NOT_FINAL_STATE_0,97d738db1fada7fc5955,RUN_20261010_222944,V4,2026-10-10T22:20:09+08:00,2026-10-10T22:20:09+08:00,2026-10-11T07:30:00+08:00,9.164,False,False,False
V4_SHADOW,3091658,2026-10-10,委内超秋,都市运动会 vs 祖利亚诺,,,,,,,0,,,D:\codex\v3_legacy\outputs\football_odds_trader\raw\titan007\20261010\20261010_223725_titan007_odds_snapshot.csv,NOT_FINAL_STATE_0,ed645f4b168394e7ac72,RUN_20261010_222944,V4,2026-10-10T22:20:09+08:00,2026-10-10T22:20:09+08:00,2026-10-11T07:30:00+08:00,9.164,False,False,False
V4_SHADOW,3059146,2026-10-10,玻利甲,奥利恩特 vs 学术DB,,,,,,,0,,,D:\codex\v3_legacy\outputs\football_odds_trader\raw\titan007\20261010\20261010_223725_titan007_odds_snapshot.csv,NOT_FINAL_STATE_0,a8248fa977ac91132159,RUN_20261010_222944,V4,2026-10-10T22:20:09+08:00,2026-10-10T22:20:09+08:00,2026-10-11T07:30:00+08:00,9.164,False,False,False
V4_SHADOW,2910925,2026-10-10,巴西甲,圣保罗 vs 维多利亚,,,,,,,0,,,D:\codex\v3_legacy\outputs\football_odds_trader\raw\titan007\20261010\20261010_223725_titan007_odds_snapshot.csv,NOT_FINAL_STATE_0,74c8afd2a659c3e9ddc5,RUN_20261010_222944,V4,2026-10-10T22:20:09+08:00,2026-10-10T22:20:09+08:00,2026-10-11T08:00:00+08:00,9.664,False,False,False
V4_SHADOW,3090471,2026-10-10,尼拉甲春,迪利安格恩 vs 法拉帝水流,,,,,,,0,,,D:\codex\v3_legacy\outputs\football_odds_trader\raw\titan007\20261010\20261010_223725_titan007_odds_snapshot.csv,NOT_FINAL_STATE_0,8780acfc9157daef1bc2,RUN_20261010_222944,V4,2026-10-10T22:20:09+08:00,2026-10-10T22:20:09+08:00,2026-10-11T08:00:00+08:00,9.664,False,False,False
V4_SHADOW,2908827,2026-10-10,美职业,奥斯汀FC vs 纳什威尔SC,,,,,,,0,,,D:\codex\v3_legacy\outputs\football_odds_trader\raw\titan007\20261010\20261010_223725_titan007_odds_snapshot.csv,NOT_FINAL_STATE_0,01f992b105b7f73cc350,RUN_20261010_222944,V4,2026-10-10T22:20:09+08:00,2026-10-10T22:20:09+08:00,2026-10-11T08:30:00+08:00,10.164,False,False,False
V4_SHADOW,2908828,2026-10-10,美职业,明尼苏达联 vs 休斯敦迪纳摩,,,,,,,0,,,D:\codex\v3_legacy\outputs\football_odds_trader\raw\titan007\20261010\20261010_223725_titan007_odds_snapshot.csv,NOT_FINAL_STATE_0,749b225143086fccd8f4,RUN_20261010_222944,V4,2026-10-10T22:20:09+08:00,2026-10-10T22:20:09+08:00,2026-10-11T08:30:00+08:00,10.164,False,False,False
V4_SHADOW,2908829,2026-10-10,美职业,堪萨斯城竞技 vs 波特兰伐木者,,,,,,,0,,,D:\codex\v3_legacy\outputs\football_odds_trader\raw\titan007\20261010\20261010_223725_titan007_odds_snapshot.csv,NOT_FINAL_STATE_0,935370322745d58b308a,RUN_20261010_222944,V4,2026-10-10T22:20:09+08:00,2026-10-10T22:20:09+08:00,2026-10-11T08:30:00+08:00,10.164,False,False,False
V4_SHADOW,2962677,2026-10-10,阿甲,河床 vs 里奥夸尔托学生队,,,,,,,0,,,D:\codex\v3_legacy\outputs\football_odds_trader\raw\titan007\20261010\20261010_223725_titan007_odds_snapshot.csv,NOT_FINAL_STATE_0,61257561c7ce0b6fcd23,RUN_20261010_222944,V4,2026-10-10T22:20:09+08:00,2026-10-10T22:20:09+08:00,2026-10-11T08:30:00+08:00,10.164,False,False,False
V4_SHADOW,2955411,2026-10-10,美甲,科珀斯克里斯蒂 vs 那不勒斯FC,,,,,,,0,,,D:\codex\v3_legacy\outputs\football_odds_trader\raw\titan007\20261010\20261010_223725_titan007_odds_snapshot.csv,NOT_FINAL_STATE_0,783840f4890ad5d573b4,RUN_20261010_222944,V4,2026-10-10T22:20:09+08:00,2026-10-10T22:20:09+08:00,2026-10-11T08:30:00+08:00,10.164,False,False,False
V4_SHADOW,2997433,2026-10-10,墨西联秋,阿特拉斯 vs 瓜达拉哈拉,,,,,,,0,,,D:\codex\v3_legacy\outputs\football_odds_trader\raw\titan007\20261010\20261010_223725_titan007_odds_snapshot.csv,NOT_FINAL_STATE_0,f571bd9995d606e1cfb5,RUN_20261010_222944,V4,2026-10-10T22:20:09+08:00,2026-10-10T22:20:09+08:00,2026-10-11T09:00:00+08:00,10.664,False,False,False
V4_SHADOW,2942663,2026-10-10,美冠联,埃尔帕索机车 vs 奥兰治县布鲁斯,,,,,,,0,,,D:\codex\v3_legacy\outputs\football_odds_trader\raw\titan007\20261010\20261010_223725_titan007_odds_snapshot.csv,NOT_FINAL_STATE_0,a9e659c0016f4c7bd4d0,RUN_20261010_222944,V4,2026-10-10T22:20:09+08:00,2026-10-10T22:20:09+08:00,2026-10-11T09:00:00+08:00,10.664,False,False,False
V4_SHADOW,2942666,2026-10-10,美冠联,新墨西哥联 vs 蒙特雷湾,,,,,,,0,,,D:\codex\v3_legacy\outputs\football_odds_trader\raw\titan007\20261010\20261010_223725_titan007_odds_snapshot.csv,NOT_FINAL_STATE_0,da99ebc98504606d2ee0,RUN_20261010_222944,V4,2026-10-10T22:20:09+08:00,2026-10-10T22:20:09+08:00,2026-10-11T09:00:00+08:00,10.664,False,False,False
V4_SHADOW,3024478,2026-10-10,墨西甲春,多拉多斯 vs 海德尔格,,,,,,,0,,,D:\codex\v3_legacy\outputs\football_odds_trader\raw\titan007\20261010\20261010_223725_titan007_odds_snapshot.csv,NOT_FINAL_STATE_0,4c80ab528ff07de953c9,RUN_20261010_222944,V4,2026-10-10T22:20:09+08:00,2026-10-10T22:20:09+08:00,2026-10-11T09:00:00+08:00,10.664,False,False,False
V4_SHADOW,3024479,2026-10-10,墨西甲春,坦皮科马德罗 vs 杜兰戈,,,,,,,0,,,D:\codex\v3_legacy\outputs\football_odds_trader\raw\titan007\20261010\20261010_223725_titan007_odds_snapshot.csv,NOT_FINAL_STATE_0,8c2d8ecb289cc78bca2f,RUN_20261010_222944,V4,2026-10-10T22:20:09+08:00,2026-10-10T22:20:09+08:00,2026-10-11T09:00:00+08:00,10.664,False,False,False
V4_SHADOW,3024481,2026-10-10,墨西甲春,扎卡特卡斯 vs 坎昆,,,,,,,0,,,D:\codex\v3_legacy\outputs\football_odds_trader\raw\titan007\20261010\20261010_223725_titan007_odds_snapshot.csv,NOT_FINAL_STATE_0,3730fe35ae52d9ccbb68,RUN_20261010_222944,V4,2026-10-10T22:20:09+08:00,2026-10-10T22:20:09+08:00,2026-10-11T09:00:00+08:00,10.664,False,False,False
V4_SHADOW,3090472,2026-10-10,尼拉甲春,马塔加尔帕FC vs 埃斯特利,,,,,,,0,,,D:\codex\v3_legacy\outputs\football_odds_trader\raw\titan007\20261010\20261010_223725_titan007_odds_snapshot.csv,NOT_FINAL_STATE_0,7d38abef23317ccb7b41,RUN_20261010_222944,V4,2026-10-10T22:20:09+08:00,2026-10-10T22:20:09+08:00,2026-10-11T09:00:00+08:00,10.664,False,False,False
V4_SHADOW,2908830,2026-10-10,美职业,科罗拉多急流 vs 圣何塞地震,,,,,,,0,,,D:\codex\v3_legacy\outputs\football_odds_trader\raw\titan007\20261010\20261010_223725_titan007_odds_snapshot.csv,NOT_FINAL_STATE_0,a7263cea33372284184e,RUN_20261010_222944,V4,2026-10-10T22:20:09+08:00,2026-10-10T22:20:09+08:00,2026-10-11T09:30:00+08:00,11.164,False,False,False
V4_SHADOW,3042566,2026-10-10,哥斯甲春,希雷迪亚诺 vs 森卡洛斯,,,,,,,0,,,D:\codex\v3_legacy\outputs\football_odds_trader\raw\titan007\20261010\20261010_223725_titan007_odds_snapshot.csv,NOT_FINAL_STATE_0,5f0ec79c76c851e390d5,RUN_20261010_222944,V4,2026-10-10T22:20:09+08:00,2026-10-10T22:20:09+08:00,2026-10-11T10:00:00+08:00,11.664,False,False,False
V4_SHADOW,2942667,2026-10-10,美冠联,奥克兰根 vs 圣安东尼奥,,,,,,,0,,,D:\codex\v3_legacy\outputs\football_odds_trader\raw\titan007\20261010\20261010_223725_titan007_odds_snapshot.csv,NOT_FINAL_STATE_0,89f1bf87ed54bc556682,RUN_20261010_222944,V4,2026-10-10T22:20:09+08:00,2026-10-10T22:20:09+08:00,2026-10-11T10:00:00+08:00,11.664,False,False,False
V4_SHADOW,2942668,2026-10-10,美冠联,凤凰重生 vs 拉斯维加斯之光,,,,,,,0,,,D:\codex\v3_legacy\outputs\football_odds_trader\raw\titan007\20261010\20261010_223725_titan007_odds_snapshot.csv,NOT_FINAL_STATE_0,980d3b14f27f49cf9af2,RUN_20261010_222944,V4,2026-10-10T22:20:09+08:00,2026-10-10T22:20:09+08:00,2026-10-11T10:00:00+08:00,11.664,False,False,False
V4_SHADOW,2942670,2026-10-10,美冠联,萨克拉门托 vs 科罗拉多跃泉,,,,,,,0,,,D:\codex\v3_legacy\outputs\football_odds_trader\raw\titan007\20261010\20261010_223725_titan007_odds_snapshot.csv,NOT_FINAL_STATE_0,4f7773d529759a1192bb,RUN_20261010_222944,V4,2026-10-10T22:20:09+08:00,2026-10-10T22:20:09+08:00,2026-10-11T10:00:00+08:00,11.664,False,False,False
V4_SHADOW,3101215,2026-10-10,斐济联,雷瓦 vs 纳维,,,,,,0-0,-1,,,D:\codex\v3_legacy\outputs\football_odds_trader\raw\titan007\20261010\20261010_223725_titan007_odds_snapshot.csv,MISSING_V4_SIDE_LINE_WATER_OR_TEAM,,,V4,2026-10-10T10:50:13+08:00,2026-10-10T10:50:13+08:00,2026-10-10T10:30:00+08:00,-0.337,False,False,False
V4_SHADOW,3092304,2026-10-10,新西兰联,菲利米德海湾 vs 米拉马尔流浪者,,,,,,1-4,-1,,,D:\codex\v3_legacy\outputs\football_odds_trader\raw\titan007\20261010\20261010_223725_titan007_odds_snapshot.csv,MISSING_V4_SIDE_LINE_WATER_OR_TEAM,,,V4,2026-10-10T10:50:13+08:00,2026-10-10T10:50:13+08:00,2026-10-10T11:00:00+08:00,0.163,False,False,False
V4_SHADOW,2997431,2026-10-10,墨西联秋,老虎大学 vs 托卢卡,,,,,,3-2,-1,,,D:\codex\v3_legacy\outputs\football_odds_trader\raw\titan007\20261010\20261010_223725_titan007_odds_snapshot.csv,MISSING_V4_SIDE_LINE_WATER_OR_TEAM,,,V4,2026-10-10T10:50:13+08:00,2026-10-10T10:50:13+08:00,2026-10-10T11:00:00+08:00,0.163,False,False,False
V4_SHADOW,2953725,2026-10-10,韩K4联,首尔中浪 vs 哈曼FC,,,,,,2-0,-1,,,D:\codex\v3_legacy\outputs\football_odds_trader\raw\titan007\20261010\20261010_223725_titan007_odds_snapshot.csv,MISSING_V4_SIDE_LINE_WATER_OR_TEAM,,,V4,2026-10-10T10:50:13+08:00,2026-10-10T10:50:13+08:00,2026-10-10T12:00:00+08:00,1.163,False,False,False
V4_SHADOW,3071114,2026-10-10,日足联,冲绳SV vs J利斯,,,,,,0-0,-1,,,D:\codex\v3_legacy\outputs\football_odds_trader\raw\titan007\20261010\20261010_223725_titan007_odds_snapshot.csv,MISSING_V4_SIDE_LINE_WATER_OR_TEAM,,,V4,2026-10-10T10:50:13+08:00,2026-10-10T10:50:13+08:00,2026-10-10T12:00:00+08:00,1.163,False,False,False
V4_SHADOW,3071115,2026-10-10,日足联,丸安冈崎 vs 横滨体育,,,,,,1-2,-1,,,D:\codex\v3_legacy\outputs\football_odds_trader\raw\titan007\20261010\20261010_223725_titan007_odds_snapshot.csv,MISSING_V4_SIDE_LINE_WATER_OR_TEAM,,,V4,2026-10-10T10:50:13+08:00,2026-10-10T10:50:13+08:00,2026-10-10T12:00:00+08:00,1.163,False,False,False
V4_SHADOW,3071116,2026-10-10,日足联,新宿创造 vs 润梅尔青森,,,,,,1-0,-1,,,D:\codex\v3_legacy\outputs\football_odds_trader\raw\titan007\20261010\20261010_223725_titan007_odds_snapshot.csv,MISSING_V4_SIDE_LINE_WATER_OR_TEAM,,,V4,2026-10-10T10:50:13+08:00,2026-10-10T10:50:13+08:00,2026-10-10T12:00:00+08:00,1.163,False,False,False
V4_SHADOW,3086987,2026-10-10,女日联杯,千叶市原女足 vs 野岛斯特拉女足,,,,,,3-1,-1,,,D:\codex\v3_legacy\outputs\football_odds_trader\raw\titan007\20261010\20261010_223725_titan007_odds_snapshot.csv,MISSING_V4_SIDE_LINE_WATER_OR_TEAM,,,V4,2026-10-10T10:50:13+08:00,2026-10-10T10:50:13+08:00,2026-10-10T12:00:00+08:00,1.163,False,False,False
V4_SHADOW,3000474,2026-10-10,日职联,大阪樱花 vs 横滨水手,,,,,N,0-0,-1,,,D:\codex\v3_legacy\outputs\football_odds_trader\raw\titan007\20261010\20261010_223725_titan007_odds_snapshot.csv,MISSING_V4_SIDE_LINE_WATER_OR_TEAM,7b991a98590c408efd23,,V4,2026-10-10T12:02:41+08:00,2026-10-10T12:02:41+08:00,2026-10-10T13:00:00+08:00,0.955,False,True,False
V4_SHADOW,3000107,2026-10-10,日职乙,RB大宫松鼠 vs 八户云罗里,,,,,,3-1,-1,,,D:\codex\v3_legacy\outputs\football_odds_trader\raw\titan007\20261010\20261010_223725_titan007_odds_snapshot.csv,MISSING_V4_SIDE_LINE_WATER_OR_TEAM,,,V4,2026-10-10T12:02:41+08:00,2026-10-10T12:02:41+08:00,2026-10-10T13:00:00+08:00,0.955,False,False,False
V4_SHADOW,3000108,2026-10-10,日职乙,鸟栖沙岩 vs 藤枝MYFC,,,,,,1-0,-1,,,D:\codex\v3_legacy\outputs\football_odds_trader\raw\titan007\20261010\20261010_223725_titan007_odds_snapshot.csv,MISSING_V4_SIDE_LINE_WATER_OR_TEAM,,,V4,2026-10-10T12:02:41+08:00,2026-10-10T12:02:41+08:00,2026-10-10T13:00:00+08:00,0.955,False,False,False
V4_SHADOW,3000110,2026-10-10,日职乙,德岛漩涡 vs 今治,,,,,,1-2,-1,,,D:\codex\v3_legacy\outputs\football_odds_trader\raw\titan007\20261010\20261010_223725_titan007_odds_snapshot.csv,MISSING_V4_SIDE_LINE_WATER_OR_TEAM,,,V4,2026-10-10T12:02:41+08:00,2026-10-10T12:02:41+08:00,2026-10-10T13:00:00+08:00,0.955,False,False,False
V4_SHADOW,3000112,2026-10-10,日职乙,横滨FC vs 大分三神,,,,,,1-2,-1,,,D:\codex\v3_legacy\outputs\football_odds_trader\raw\titan007\20261010\20261010_223725_titan007_odds_snapshot.csv,MISSING_V4_SIDE_LINE_WATER_OR_TEAM,,,V4,2026-10-10T12:02:41+08:00,2026-10-10T12:02:41+08:00,2026-10-10T13:00:00+08:00,0.955,False,False,False
V4_SHADOW,2929738,2026-10-10,韩K联,FC首尔 vs 济州SK,FC首尔,giving,-1.0,0.95,B,2-1,-1,P,0.0,D:\codex\v3_legacy\outputs\football_odds_trader\raw\titan007\20261010\20261010_223725_titan007_odds_snapshot.csv,SETTLED,339102cc015d1b420ef4,,V4,2026-10-10T12:02:41+08:00,2026-10-10T12:02:41+08:00,2026-10-10T13:00:00+08:00,0.955,False,True,False
V4_SHADOW,2925545,2026-10-10,韩K2联,全南天龙 vs 龙仁FC,,,,,,2-1,-1,,,D:\codex\v3_legacy\outputs\football_odds_trader\raw\titan007\20261010\20261010_223725_titan007_odds_snapshot.csv,MISSING_V4_SIDE_LINE_WATER_OR_TEAM,,,V4,2026-10-10T12:02:41+08:00,2026-10-10T12:02:41+08:00,2026-10-10T13:00:00+08:00,0.955,False,False,False
V4_SHADOW,2925546,2026-10-10,韩K2联,坡州市民 vs 釜山偶像,,,,,,1-1,-1,,,D:\codex\v3_legacy\outputs\football_odds_trader\raw\titan007\20261010\20261010_223725_titan007_odds_snapshot.csv,MISSING_V4_SIDE_LINE_WATER_OR_TEAM,,,V4,2026-10-10T12:02:41+08:00,2026-10-10T12:02:41+08:00,2026-10-10T13:00:00+08:00,0.955,False,False,False
V4_SHADOW,3001213,2026-10-10,日职丙,高知联合 vs 长野琶扼搂,,,,,,1-3,-1,,,D:\codex\v3_legacy\outputs\football_odds_trader\raw\titan007\20261010\20261010_223725_titan007_odds_snapshot.csv,MISSING_V4_SIDE_LINE_WATER_OR_TEAM,,,V4,2026-10-10T12:02:41+08:00,2026-10-10T12:02:41+08:00,2026-10-10T13:00:00+08:00,0.955,False,False,False
V4_SHADOW,3001215,2026-10-10,日职丙,群马草津温泉 vs FC琉球,,,,,,2-1,-1,,,D:\codex\v3_legacy\outputs\football_odds_trader\raw\titan007\20261010\20261010_223725_titan007_odds_snapshot.csv,MISSING_V4_SIDE_LINE_WATER_OR_TEAM,,,V4,2026-10-10T12:02:41+08:00,2026-10-10T12:02:41+08:00,2026-10-10T13:00:00+08:00,0.955,False,False,False
V4_SHADOW,3001216,2026-10-10,日职丙,奈良俱乐部 vs 北九州向日葵,,,,,,2-0,-1,,,D:\codex\v3_legacy\outputs\football_odds_trader\raw\titan007\20261010\20261010_223725_titan007_odds_snapshot.csv,MISSING_V4_SIDE_LINE_WATER_OR_TEAM,,,V4,2026-10-10T12:02:41+08:00,2026-10-10T12:02:41+08:00,2026-10-10T13:00:00+08:00,0.955,False,False,False
V4_SHADOW,2940446,2026-10-10,韩K3联,昌原 vs 抱川FC,,,,,,1-3,-1,,,D:\codex\v3_legacy\outputs\football_odds_trader\raw\titan007\20261010\20261010_223725_titan007_odds_snapshot.csv,MISSING_V4_SIDE_LINE_WATER_OR_TEAM,,,V4,2026-10-10T12:02:41+08:00,2026-10-10T12:02:41+08:00,2026-10-10T13:00:00+08:00,0.955,False,False,False
V4_SHADOW,2940447,2026-10-10,韩K3联,春川市民 vs 全北现代B队,,,,,,3-2,-1,,,D:\codex\v3_legacy\outputs\football_odds_trader\raw\titan007\20261010\20261010_223725_titan007_odds_snapshot.csv,MISSING_V4_SIDE_LINE_WATER_OR_TEAM,,,V4,2026-10-10T12:02:41+08:00,2026-10-10T12:02:41+08:00,2026-10-10T13:00:00+08:00,0.955,False,False,False
V4_SHADOW,2940450,2026-10-10,韩K3联,釜山运输 vs 骊州世宗,,,,,,2-1,-1,,,D:\codex\v3_legacy\outputs\football_odds_trader\raw\titan007\20261010\20261010_223725_titan007_odds_snapshot.csv,MISSING_V4_SIDE_LINE_WATER_OR_TEAM,,,V4,2026-10-10T12:02:41+08:00,2026-10-10T12:02:41+08:00,2026-10-10T13:00:00+08:00,0.955,False,False,False
V4_SHADOW,2953726,2026-10-10,韩K4联,冠山印山 vs 南阳州市民,,,,,,2-0,-1,,,D:\codex\v3_legacy\outputs\football_odds_trader\raw\titan007\20261010\20261010_223725_titan007_odds_snapshot.csv,MISSING_V4_SIDE_LINE_WATER_OR_TEAM,,,V4,2026-10-10T12:02:41+08:00,2026-10-10T12:02:41+08:00,2026-10-10T13:00:00+08:00,0.955,False,False,False
V4_SHADOW,2953727,2026-10-10,韩K4联,世宗 vs 机张联,,,,,,5-2,-1,,,D:\codex\v3_legacy\outputs\football_odds_trader\raw\titan007\20261010\20261010_223725_titan007_odds_snapshot.csv,MISSING_V4_SIDE_LINE_WATER_OR_TEAM,,,V4,2026-10-10T12:02:41+08:00,2026-10-10T12:02:41+08:00,2026-10-10T13:00:00+08:00,0.955,False,False,False
V4_SHADOW,3086988,2026-10-10,女日联杯,浦和红钻女足 vs 仙台维加泰女足,,,,,,2-1,-1,,,D:\codex\v3_legacy\outputs\football_odds_trader\raw\titan007\20261010\20261010_223725_titan007_odds_snapshot.csv,MISSING_V4_SIDE_LINE_WATER_OR_TEAM,,,V4,2026-10-10T12:02:41+08:00,2026-10-10T12:02:41+08:00,2026-10-10T13:00:00+08:00,0.955,False,False,False
V4_SHADOW,3000473,2026-10-10,日职联,福冈黄蜂 vs 冈山绿雉,,,,,,2-1,-1,,,D:\codex\v3_legacy\outputs\football_odds_trader\raw\titan007\20261010\20261010_223725_titan007_odds_snapshot.csv,MISSING_V4_SIDE_LINE_WATER_OR_TEAM,,,V4,2026-10-10T13:07:48+08:00,2026-10-10T13:07:48+08:00,2026-10-10T14:00:00+08:00,0.87,False,False,False
V4_SHADOW,3000476,2026-10-10,日职联,FC东京 vs 浦和红钻,FC东京,receiving,0.5,1.98,A,3-0,-1,W,1.98,D:\codex\v3_legacy\outputs\football_odds_trader\raw\titan007\20261010\20261010_223725_titan007_odds_snapshot.csv,SETTLED,bbb61b459135b950029e,,V4,2026-10-10T13:07:48+08:00,2026-10-10T13:07:48+08:00,2026-10-10T14:00:00+08:00,0.87,False,True,False
V4_SHADOW,3100945,2026-10-10,日地区联,中京大学 vs 东海FC,,,,,,2-2,-1,,,D:\codex\v3_legacy\outputs\football_odds_trader\raw\titan007\20261010\20261010_223725_titan007_odds_snapshot.csv,MISSING_V4_SIDE_LINE_WATER_OR_TEAM,,,V4,2026-10-10T13:07:48+08:00,2026-10-10T13:07:48+08:00,2026-10-10T14:00:00+08:00,0.87,False,False,False
V4_SHADOW,3000105,2026-10-10,日职乙,甲府风林 vs 枥木市FC,,,,,,2-1,-1,,,D:\codex\v3_legacy\outputs\football_odds_trader\raw\titan007\20261010\20261010_223725_titan007_odds_snapshot.csv,MISSING_V4_SIDE_LINE_WATER_OR_TEAM,,,V4,2026-10-10T14:29:18+08:00,2026-10-10T14:29:18+08:00,2026-10-10T15:00:00+08:00,0.512,False,False,False
V4_SHADOW,3022003,2026-10-10,俄甲,SKA哈巴罗夫斯克 vs 卡马斯,,,,,,3-3,-1,,,D:\codex\v3_legacy\outputs\football_odds_trader\raw\titan007\20261010\20261010_223725_titan007_odds_snapshot.csv,MISSING_V4_SIDE_LINE_WATER_OR_TEAM,,,V4,2026-10-10T14:29:18+08:00,2026-10-10T14:29:18+08:00,2026-10-10T15:00:00+08:00,0.512,False,False,False
V4_SHADOW,3001211,2026-10-10,日职丙,福岛FC vs 瑞拉滋贺,福岛FC,receiving,0.25,1.9,A,2-2,-1,HW,0.95,D:\codex\v3_legacy\outputs\football_odds_trader\raw\titan007\20261010\20261010_223725_titan007_odds_snapshot.csv,SETTLED,87545fa111b82c770d54,,V4,2026-10-10T14:29:18+08:00,2026-10-10T14:29:18+08:00,2026-10-10T15:00:00+08:00,0.512,False,True,False
V4_SHADOW,3071117,2026-10-10,日足联,沼津青蓝 vs VONDS市原,,,,,,1-2,-1,,,D:\codex\v3_legacy\outputs\football_odds_trader\raw\titan007\20261010\20261010_223725_titan007_odds_snapshot.csv,MISSING_V4_SIDE_LINE_WATER_OR_TEAM,,,V4,2026-10-10T14:29:18+08:00,2026-10-10T14:29:18+08:00,2026-10-10T15:00:00+08:00,0.512,False,False,False
V4_SHADOW,3100963,2026-10-10,印尼U20,巴杨卡拉泗水联U20 vs 培斯塔坦格朗U20,,,,,,0-2,-1,,,D:\codex\v3_legacy\outputs\football_odds_trader\raw\titan007\20261010\20261010_223725_titan007_odds_snapshot.csv,MISSING_V4_SIDE_LINE_WATER_OR_TEAM,,,V4,2026-10-10T14:29:18+08:00,2026-10-10T14:29:18+08:00,2026-10-10T15:00:00+08:00,0.512,False,False,False
V4_SHADOW,3100970,2026-10-10,印尼U20,马兰U20 vs 杰帕拉U20,,,,,,1-0,-1,,,D:\codex\v3_legacy\outputs\football_odds_trader\raw\titan007\20261010\20261010_223725_titan007_odds_snapshot.csv,MISSING_V4_SIDE_LINE_WATER_OR_TEAM,,,V4,2026-10-10T14:29:18+08:00,2026-10-10T14:29:18+08:00,2026-10-10T15:00:00+08:00,0.512,False,False,False
V4_SHADOW,3100971,2026-10-10,印尼U20,泗水珀斯贝亚U20 vs 佩斯克U20,,,,,,3-0,-1,,,D:\codex\v3_legacy\outputs\football_odds_trader\raw\titan007\20261010\20261010_223725_titan007_odds_snapshot.csv,MISSING_V4_SIDE_LINE_WATER_OR_TEAM,,,V4,2026-10-10T14:29:18+08:00,2026-10-10T14:29:18+08:00,2026-10-10T15:00:00+08:00,0.512,False,False,False
V4_SHADOW,3100972,2026-10-10,印尼U20,PSM望加锡U20 vs 马都拉U20,,,,,,6-0,-1,,,D:\codex\v3_legacy\outputs\football_odds_trader\raw\titan007\20261010\20261010_223725_titan007_odds_snapshot.csv,MISSING_V4_SIDE_LINE_WATER_OR_TEAM,,,V4,2026-10-10T14:29:18+08:00,2026-10-10T14:29:18+08:00,2026-10-10T15:00:00+08:00,0.512,False,False,False
V4_SHADOW,3087370,2026-10-10,中U21,陕西联合U21 vs 深圳新鹏城U21,,,,,,1-0,-1,,,D:\codex\v3_legacy\outputs\football_odds_trader\raw\titan007\20261010\20261010_223725_titan007_odds_snapshot.csv,MISSING_V4_SIDE_LINE_WATER_OR_TEAM,,,V4,2026-10-10T14:29:18+08:00,2026-10-10T14:29:18+08:00,2026-10-10T15:00:00+08:00,0.512,False,False,False
V4_SHADOW,2929739,2026-10-10,韩K联,金泉尚武 vs FC安养,,,,,N,0-1,-1,,,D:\codex\v3_legacy\outputs\football_odds_trader\raw\titan007\20261010\20261010_223725_titan007_odds_snapshot.csv,MISSING_V4_SIDE_LINE_WATER_OR_TEAM,f77338e0a1f92655591c,,V4,2026-10-10T14:29:18+08:00,2026-10-10T14:29:18+08:00,2026-10-10T15:30:00+08:00,1.012,False,True,False
V4_SHADOW,2925547,2026-10-10,韩K2联,天安城 vs 庆南FC,,,,,N,1-0,-1,,,D:\codex\v3_legacy\outputs\football_odds_trader\raw\titan007\20261010\20261010_223725_titan007_odds_snapshot.csv,MISSING_V4_SIDE_LINE_WATER_OR_TEAM,,,V4,2026-10-10T14:29:18+08:00,2026-10-10T14:29:18+08:00,2026-10-10T15:30:00+08:00,1.012,False,False,False
V4_SHADOW,2925548,2026-10-10,韩K2联,金海 vs 忠南牙山,,,,,,1-1,-1,,,D:\codex\v3_legacy\outputs\football_odds_trader\raw\titan007\20261010\20261010_223725_titan007_odds_snapshot.csv,MISSING_V4_SIDE_LINE_WATER_OR_TEAM,,,V4,2026-10-10T14:29:18+08:00,2026-10-10T14:29:18+08:00,2026-10-10T15:30:00+08:00,1.012,False,False,False
V4_SHADOW,3100935,2026-10-10,印西隆联,西隆拉庄后备队 vs 兰达杰联,,,,,,3-0,-1,,,D:\codex\v3_legacy\outputs\football_odds_trader\raw\titan007\20261010\20261010_223725_titan007_odds_snapshot.csv,MISSING_V4_SIDE_LINE_WATER_OR_TEAM,,,V4,2026-10-10T14:29:18+08:00,2026-10-10T14:29:18+08:00,2026-10-10T15:30:00+08:00,1.012,False,False,False
V4_SHADOW,3100376,2026-10-10,中女甲,上海盛丽女足B队 vs 上海申花女足,,,,,,1-2,-1,,,D:\codex\v3_legacy\outputs\football_odds_trader\raw\titan007\20261010\20261010_223725_titan007_odds_snapshot.csv,MISSING_V4_SIDE_LINE_WATER_OR_TEAM,,,V4,2026-10-10T14:29:18+08:00,2026-10-10T14:29:18+08:00,2026-10-10T15:30:00+08:00,1.012,False,False,False
V4_SHADOW,3100377,2026-10-10,中女甲,青岛西海岸女足 vs 福建南安女足,,,,,,1-2,-1,,,D:\codex\v3_legacy\outputs\football_odds_trader\raw\titan007\20261010\20261010_223725_titan007_odds_snapshot.csv,MISSING_V4_SIDE_LINE_WATER_OR_TEAM,,,V4,2026-10-10T14:29:18+08:00,2026-10-10T14:29:18+08:00,2026-10-10T15:30:00+08:00,1.012,False,False,False
V4_SHADOW,3100378,2026-10-10,中女甲,河南女足 vs 河北雪如意女足,,,,,,1-0,-1,,,D:\codex\v3_legacy\outputs\football_odds_trader\raw\titan007\20261010\20261010_223725_titan007_odds_snapshot.csv,MISSING_V4_SIDE_LINE_WATER_OR_TEAM,,,V4,2026-10-10T14:29:18+08:00,2026-10-10T14:29:18+08:00,2026-10-10T15:30:00+08:00,1.012,False,False,False
V4_SHADOW,3100380,2026-10-10,中女甲,武汉三镇武体女足 vs 重庆奥体女足,,,,,,1-1,-1,,,D:\codex\v3_legacy\outputs\football_odds_trader\raw\titan007\20261010\20261010_223725_titan007_odds_snapshot.csv,MISSING_V4_SIDE_LINE_WATER_OR_TEAM,,,V4,2026-10-10T14:29:18+08:00,2026-10-10T14:29:18+08:00,2026-10-10T15:30:00+08:00,1.012,False,False,False
V4_SHADOW,3049325,2026-10-10,香港超,杰志 vs 港会,杰志,receiving,2.5,1.85,B,4-0,-1,W,1.85,D:\codex\v3_legacy\outputs\football_odds_trader\raw\titan007\20261010\20261010_223725_titan007_odds_snapshot.csv,SETTLED,b910c22c0dc333f2d859,,V4,2026-10-10T14:29:18+08:00,2026-10-10T14:29:18+08:00,2026-10-10T16:00:00+08:00,1.512,False,True,False
V4_SHADOW,3049326,2026-10-10,香港超,和富大埔 vs 九龙城,和富大埔,receiving,1.25,1.95,B,1-1,-1,W,1.95,D:\codex\v3_legacy\outputs\football_odds_trader\raw\titan007\20261010\20261010_223725_titan007_odds_snapshot.csv,SETTLED,a35a085c622fe6cb8f8d,,V4,2026-10-10T14:29:18+08:00,2026-10-10T14:29:18+08:00,2026-10-10T16:00:00+08:00,1.512,False,True,False
V4_SHADOW,3100337,2026-10-10,中女超,辽宁沈北禾丰女足 vs 杭州银行女足,,,,,,1-0,-1,,,D:\codex\v3_legacy\outputs\football_odds_trader\raw\titan007\20261010\20261010_223725_titan007_odds_snapshot.csv,MISSING_V4_SIDE_LINE_WATER_OR_TEAM,,,V4,2026-10-10T14:29:18+08:00,2026-10-10T14:29:18+08:00,2026-10-10T16:00:00+08:00,1.512,False,False,False
V4_SHADOW,3099575,2026-10-10,土U19联,根克勒比利吉U19 vs 阿美德U19,根克勒比利吉U19,giving,-0.25,1.95,C,0-1,-1,L,-1.0,D:\codex\v3_legacy\outputs\football_odds_trader\raw\titan007\20261010\20261010_223725_titan007_odds_snapshot.csv,SETTLED,f59e9edcbbd38fa3bd78,,V4,2026-10-10T14:29:18+08:00,2026-10-10T14:29:18+08:00,2026-10-10T16:00:00+08:00,1.512,False,True,False
V4_SHADOW,3100396,2026-10-10,以U19,FC普尔阿什杜德U19 vs 比达耶路撒冷欧伦U19,,,,,,1-2,-1,,,D:\codex\v3_legacy\outputs\football_odds_trader\raw\titan007\20261010\20261010_223725_titan007_odds_snapshot.csv,MISSING_V4_SIDE_LINE_WATER_OR_TEAM,,,V4,2026-10-10T14:29:18+08:00,2026-10-10T14:29:18+08:00,2026-10-10T16:00:00+08:00,1.512,False,False,False
V4_SHADOW,3100397,2026-10-10,以U19,卡塔蒙耶路撒冷UI19 vs 彼达迪华马卡比U19,,,,,,3-5,-1,,,D:\codex\v3_legacy\outputs\football_odds_trader\raw\titan007\20261010\20261010_223725_titan007_odds_snapshot.csv,MISSING_V4_SIDE_LINE_WATER_OR_TEAM,,,V4,2026-10-10T14:29:18+08:00,2026-10-10T14:29:18+08:00,2026-10-10T16:00:00+08:00,1.512,False,False,False
V4_SHADOW,3046434,2026-10-10,罗乙,苏西瓦 vs 达姆布雷维塔,,,,,,3-1,-1,,,D:\codex\v3_legacy\outputs\football_odds_trader\raw\titan007\20261010\20261010_223725_titan007_odds_snapshot.csv,MISSING_V4_SIDE_LINE_WATER_OR_TEAM,,,V4,2026-10-10T14:29:18+08:00,2026-10-10T14:29:18+08:00,2026-10-10T16:00:00+08:00,1.512,False,False,False
V4_SHADOW,3046435,2026-10-10,罗乙,辛迪泰哥维斯特 vs 康戈迪亚齐安,,,,,,3-2,-1,,,D:\codex\v3_legacy\outputs\football_odds_trader\raw\titan007\20261010\20261010_223725_titan007_odds_snapshot.csv,MISSING_V4_SIDE_LINE_WATER_OR_TEAM,,,V4,2026-10-10T14:29:18+08:00,2026-10-10T14:29:18+08:00,2026-10-10T16:00:00+08:00,1.512,False,False,False
V4_SHADOW,3046436,2026-10-10,罗乙,CS布加勒斯特迪纳摩 vs CSM 马雷,,,,,,2-2,-1,,,D:\codex\v3_legacy\outputs\football_odds_trader\raw\titan007\20261010\20261010_223725_titan007_odds_snapshot.csv,MISSING_V4_SIDE_LINE_WATER_OR_TEAM,,,V4,2026-10-10T14:29:18+08:00,2026-10-10T14:29:18+08:00,2026-10-10T16:00:00+08:00,1.512,False,False,False
V4_SHADOW,3046439,2026-10-10,罗乙,哥利亚 vs 拉米库瓦尔塞,,,,,,1-0,-1,,,D:\codex\v3_legacy\outputs\football_odds_trader\raw\titan007\20261010\20261010_223725_titan007_odds_snapshot.csv,MISSING_V4_SIDE_LINE_WATER_OR_TEAM,,,V4,2026-10-10T14:29:18+08:00,2026-10-10T14:29:18+08:00,2026-10-10T16:00:00+08:00,1.512,False,False,False
V4_SHADOW,3046440,2026-10-10,罗乙,梅塔洛格布斯 vs 波佩什蒂莱奥代尼,,,,,,0-3,-1,,,D:\codex\v3_legacy\outputs\football_odds_trader\raw\titan007\20261010\20261010_223725_titan007_odds_snapshot.csv,MISSING_V4_SIDE_LINE_WATER_OR_TEAM,,,V4,2026-10-10T14:29:18+08:00,2026-10-10T14:29:18+08:00,2026-10-10T16:00:00+08:00,1.512,False,False,False
V4_SHADOW,3046441,2026-10-10,罗乙,AFC金属布佐 vs 塔古穆里斯,,,,,,1-0,-1,,,D:\codex\v3_legacy\outputs\football_odds_trader\raw\titan007\20261010\20261010_223725_titan007_odds_snapshot.csv,MISSING_V4_SIDE_LINE_WATER_OR_TEAM,,,V4,2026-10-10T14:29:18+08:00,2026-10-10T14:29:18+08:00,2026-10-10T16:00:00+08:00,1.512,False,False,False
V4_SHADOW,3046443,2026-10-10,罗乙,维图尔 vs 斯洛博齐亚,,,,,,0-1,-1,,,D:\codex\v3_legacy\outputs\football_odds_trader\raw\titan007\20261010\20261010_223725_titan007_odds_snapshot.csv,MISSING_V4_SIDE_LINE_WATER_OR_TEAM,,,V4,2026-10-10T14:29:18+08:00,2026-10-10T14:29:18+08:00,2026-10-10T16:00:00+08:00,1.512,False,False,False
V4_SHADOW,3089015,2026-10-10,蒙古超,西部科布多 vs 猎人FC,,,,,,2-6,-1,,,D:\codex\v3_legacy\outputs\football_odds_trader\raw\titan007\20261010\20261010_223725_titan007_odds_snapshot.csv,MISSING_V4_SIDE_LINE_WATER_OR_TEAM,,,V4,2026-10-10T14:29:18+08:00,2026-10-10T14:29:18+08:00,2026-10-10T16:00:00+08:00,1.512,False,False,False
V4_SHADOW,3101062,2026-10-10,南非后备,西维勒后备队 vs 奥兰多海盗后备队,,,,,,2-1,-1,,,D:\codex\v3_legacy\outputs\football_odds_trader\raw\titan007\20261010\20261010_223725_titan007_odds_snapshot.csv,MISSING_V4_SIDE_LINE_WATER_OR_TEAM,,,V4,2026-10-10T14:29:18+08:00,2026-10-10T14:29:18+08:00,2026-10-10T16:00:00+08:00,1.512,False,False,False
V4_SHADOW,3101014,2026-10-10,北马U19,布雷加尼卡U19 vs 史酷匹U19,,,,,,2-1,-1,,,D:\codex\v3_legacy\outputs\football_odds_trader\raw\titan007\20261010\20261010_223725_titan007_odds_snapshot.csv,MISSING_V4_SIDE_LINE_WATER_OR_TEAM,,,V4,2026-10-10T14:29:18+08:00,2026-10-10T14:29:18+08:00,2026-10-10T16:00:00+08:00,1.512,False,False,False
V4_SHADOW,3009398,2026-10-10,捷丙,艾利特马布拉格 vs 布咸美恩斯1905B队,,,,,,3-3,-1,,,D:\codex\v3_legacy\outputs\football_odds_trader\raw\titan007\20261010\20261010_223725_titan007_odds_snapshot.csv,MISSING_V4_SIDE_LINE_WATER_OR_TEAM,,,V4,2026-10-10T14:29:18+08:00,2026-10-10T14:29:18+08:00,2026-10-10T16:15:00+08:00,1.762,False,False,False
V4_SHADOW,3009399,2026-10-10,捷丙,毕那索 vs 艾德米拉布拉格,,,,,,1-4,-1,,,D:\codex\v3_legacy\outputs\football_odds_trader\raw\titan007\20261010\20261010_223725_titan007_odds_snapshot.csv,MISSING_V4_SIDE_LINE_WATER_OR_TEAM,,,V4,2026-10-10T14:29:18+08:00,2026-10-10T14:29:18+08:00,2026-10-10T16:15:00+08:00,1.762,False,False,False
V4_SHADOW,3009402,2026-10-10,捷丙,洛科维塔维恩 vs 布拉格斯拉维亚C队,,,,,,2-1,-1,,,D:\codex\v3_legacy\outputs\football_odds_trader\raw\titan007\20261010\20261010_223725_titan007_odds_snapshot.csv,MISSING_V4_SIDE_LINE_WATER_OR_TEAM,,,V4,2026-10-10T14:29:18+08:00,2026-10-10T14:29:18+08:00,2026-10-10T16:15:00+08:00,1.762,False,False,False
V4_SHADOW,3009404,2026-10-10,捷丙,波夫塔维 vs 布德约维茨迪纳摩,,,,,,1-3,-1,,,D:\codex\v3_legacy\outputs\football_odds_trader\raw\titan007\20261010\20261010_223725_titan007_odds_snapshot.csv,MISSING_V4_SIDE_LINE_WATER_OR_TEAM,,,V4,2026-10-10T14:29:18+08:00,2026-10-10T14:29:18+08:00,2026-10-10T16:15:00+08:00,1.762,False,False,False
V4_SHADOW,3009518,2026-10-10,捷丙,FK霍尼红冰 vs 本纳特凯,,,,,,0-2,-1,,,D:\codex\v3_legacy\outputs\football_odds_trader\raw\titan007\20261010\20261010_223725_titan007_odds_snapshot.csv,MISSING_V4_SIDE_LINE_WATER_OR_TEAM,,,V4,2026-10-10T14:29:18+08:00,2026-10-10T14:29:18+08:00,2026-10-10T16:15:00+08:00,1.762,False,False,False
V4_SHADOW,3009520,2026-10-10,捷丙,利巴域B队 vs 治鲁迪,,,,,,1-3,-1,,,D:\codex\v3_legacy\outputs\football_odds_trader\raw\titan007\20261010\20261010_223725_titan007_odds_snapshot.csv,MISSING_V4_SIDE_LINE_WATER_OR_TEAM,,,V4,2026-10-10T14:29:18+08:00,2026-10-10T14:29:18+08:00,2026-10-10T16:15:00+08:00,1.762,False,False,False
V4_SHADOW,3009521,2026-10-10,捷丙,波利斯拉夫B队 vs FK莫斯特,,,,,,1-0,-1,,,D:\codex\v3_legacy\outputs\football_odds_trader\raw\titan007\20261010\20261010_223725_titan007_odds_snapshot.csv,MISSING_V4_SIDE_LINE_WATER_OR_TEAM,,,V4,2026-10-10T14:29:18+08:00,2026-10-10T14:29:18+08:00,2026-10-10T16:15:00+08:00,1.762,False,False,False
V4_SHADOW,3009522,2026-10-10,捷丙,内拉托维斯 vs 帕尔杜比斯B队,,,,,,3-0,-1,,,D:\codex\v3_legacy\outputs\football_odds_trader\raw\titan007\20261010\20261010_223725_titan007_odds_snapshot.csv,MISSING_V4_SIDE_LINE_WATER_OR_TEAM,,,V4,2026-10-10T14:29:18+08:00,2026-10-10T14:29:18+08:00,2026-10-10T16:15:00+08:00,1.762,False,False,False
V4_SHADOW,3100417,2026-10-10,捷丁,克里米采 vs 斯巴达克索贝,,,,,,3-2,-1,,,D:\codex\v3_legacy\outputs\football_odds_trader\raw\titan007\20261010\20261010_223725_titan007_odds_snapshot.csv,MISSING_V4_SIDE_LINE_WATER_OR_TEAM,,,V4,2026-10-10T14:29:18+08:00,2026-10-10T14:29:18+08:00,2026-10-10T16:15:00+08:00,1.762,False,False,False
V4_SHADOW,3100473,2026-10-10,捷丁,克拉洛韦斯拉维亚 vs 斯巴达克警察,,,,,,1-1,-1,,,D:\codex\v3_legacy\outputs\football_odds_trader\raw\titan007\20261010\20261010_223725_titan007_odds_snapshot.csv,MISSING_V4_SIDE_LINE_WATER_OR_TEAM,,,V4,2026-10-10T14:29:18+08:00,2026-10-10T14:29:18+08:00,2026-10-10T16:15:00+08:00,1.762,False,False,False
V4_SHADOW,3100475,2026-10-10,捷丁,欧帕瓦B队 vs SK斯托纳瓦,,,,,,4-1,-1,,,D:\codex\v3_legacy\outputs\football_odds_trader\raw\titan007\20261010\20261010_223725_titan007_odds_snapshot.csv,MISSING_V4_SIDE_LINE_WATER_OR_TEAM,,,V4,2026-10-10T14:29:18+08:00,2026-10-10T14:29:18+08:00,2026-10-10T16:15:00+08:00,1.762,False,False,False
V4_SHADOW,3100478,2026-10-10,捷丁,TJ塔特拉 vs 萨扎瓦河畔,,,,,,1-0,-1,,,D:\codex\v3_legacy\outputs\football_odds_trader\raw\titan007\20261010\20261010_223725_titan007_odds_snapshot.csv,MISSING_V4_SIDE_LINE_WATER_OR_TEAM,,,V4,2026-10-10T14:29:18+08:00,2026-10-10T14:29:18+08:00,2026-10-10T16:15:00+08:00,1.762,False,False,False
V4_SHADOW,3100485,2026-10-10,捷丁,布里德尔 vs 里马罗夫,,,,,,2-1,-1,,,D:\codex\v3_legacy\outputs\football_odds_trader\raw\titan007\20261010\20261010_223725_titan007_odds_snapshot.csv,MISSING_V4_SIDE_LINE_WATER_OR_TEAM,,,V4,2026-10-10T14:29:18+08:00,2026-10-10T14:29:18+08:00,2026-10-10T16:15:00+08:00,1.762,False,False,False
V4_SHADOW,3100488,2026-10-10,捷丁,索科洛夫 vs 索科尔霍斯托什,,,,,,2-1,-1,,,D:\codex\v3_legacy\outputs\football_odds_trader\raw\titan007\20261010\20261010_223725_titan007_odds_snapshot.csv,MISSING_V4_SIDE_LINE_WATER_OR_TEAM,,,V4,2026-10-10T14:29:18+08:00,2026-10-10T14:29:18+08:00,2026-10-10T16:15:00+08:00,1.762,False,False,False
V4_SHADOW,3100491,2026-10-10,捷丁,斯拉沃伊维瑟荷德 vs SK乌杰兹德普拉哈,,,,,,2-4,-1,,,D:\codex\v3_legacy\outputs\football_odds_trader\raw\titan007\20261010\20261010_223725_titan007_odds_snapshot.csv,MISSING_V4_SIDE_LINE_WATER_OR_TEAM,,,V4,2026-10-10T14:29:18+08:00,2026-10-10T14:29:18+08:00,2026-10-10T16:15:00+08:00,1.762,False,False,False
V4_SHADOW,3100965,2026-10-10,捷戊,罗西斯 vs 昆萨塔,,,,,,4-1,-1,,,D:\codex\v3_legacy\outputs\football_odds_trader\raw\titan007\20261010\20261010_223725_titan007_odds_snapshot.csv,MISSING_V4_SIDE_LINE_WATER_OR_TEAM,,,V4,2026-10-10T14:29:18+08:00,2026-10-10T14:29:18+08:00,2026-10-10T16:15:00+08:00,1.762,False,False,False
V4_SHADOW,3062851,2026-10-10,印尼超,马兰 vs 巴杨卡拉泗水联,,,,,,2-2,-1,,,D:\codex\v3_legacy\outputs\football_odds_trader\raw\titan007\20261010\20261010_223725_titan007_odds_snapshot.csv,MISSING_V4_SIDE_LINE_WATER_OR_TEAM,,,V4,2026-10-10T14:29:18+08:00,2026-10-10T14:29:18+08:00,2026-10-10T16:30:00+08:00,2.012,False,False,False
V4_SHADOW,3062852,2026-10-10,印尼超,培斯塔坦格朗 vs 加鲁达亚克萨,,,,,,2-1,-1,,,D:\codex\v3_legacy\outputs\football_odds_trader\raw\titan007\20261010\20261010_223725_titan007_odds_snapshot.csv,MISSING_V4_SIDE_LINE_WATER_OR_TEAM,,,V4,2026-10-10T14:29:18+08:00,2026-10-10T14:29:18+08:00,2026-10-10T16:30:00+08:00,2.012,False,False,False
V4_SHADOW,3062854,2026-10-10,印尼超,永亚卡达 vs 佩西加雅加达,,,,,,0-4,-1,,,D:\codex\v3_legacy\outputs\football_odds_trader\raw\titan007\20261010\20261010_223725_titan007_odds_snapshot.csv,MISSING_V4_SIDE_LINE_WATER_OR_TEAM,,,V4,2026-10-10T14:29:18+08:00,2026-10-10T14:29:18+08:00,2026-10-10T16:30:00+08:00,2.012,False,False,False
V4_SHADOW,3100399,2026-10-10,以U19,马卡比奈坦亚U19 vs 法萨巴夏普尔U19,,,,,,2-1,-1,,,D:\codex\v3_legacy\outputs\football_odds_trader\raw\titan007\20261010\20261010_223725_titan007_odds_snapshot.csv,MISSING_V4_SIDE_LINE_WATER_OR_TEAM,,,V4,2026-10-10T14:29:18+08:00,2026-10-10T14:29:18+08:00,2026-10-10T16:30:00+08:00,2.012,False,False,False
V4_SHADOW,3086202,2026-10-10,印尼甲,苏姆塞尔联 vs 伯斯古古杜斯,,,,,,5-1,-1,,,D:\codex\v3_legacy\outputs\football_odds_trader\raw\titan007\20261010\20261010_223725_titan007_odds_snapshot.csv,MISSING_V4_SIDE_LINE_WATER_OR_TEAM,,,V4,2026-10-10T14:29:18+08:00,2026-10-10T14:29:18+08:00,2026-10-10T16:30:00+08:00,2.012,False,False,False
V4_SHADOW,3086203,2026-10-10,印尼甲,普特拉锡纳 vs PSG尖米士,,,,,,4-0,-1,,,D:\codex\v3_legacy\outputs\football_odds_trader\raw\titan007\20261010\20261010_223725_titan007_odds_snapshot.csv,MISSING_V4_SIDE_LINE_WATER_OR_TEAM,,,V4,2026-10-10T14:29:18+08:00,2026-10-10T14:29:18+08:00,2026-10-10T16:30:00+08:00,2.012,False,False,False
V4_SHADOW,3099328,2026-10-10,泰乙中,湛杵日联 vs 弗拉姆曼谷FC,,,,,,2-1,-1,,,D:\codex\v3_legacy\outputs\football_odds_trader\raw\titan007\20261010\20261010_223725_titan007_odds_snapshot.csv,MISSING_V4_SIDE_LINE_WATER_OR_TEAM,,,V4,2026-10-10T14:29:18+08:00,2026-10-10T14:29:18+08:00,2026-10-10T16:30:00+08:00,2.012,False,False,False
V4_SHADOW,3099329,2026-10-10,泰乙中,洛布布里市FC vs 巴吞他尼大学,,,,,,0-1,-1,,,D:\codex\v3_legacy\outputs\football_odds_trader\raw\titan007\20261010\20261010_223725_titan007_odds_snapshot.csv,MISSING_V4_SIDE_LINE_WATER_OR_TEAM,,,V4,2026-10-10T14:29:18+08:00,2026-10-10T14:29:18+08:00,2026-10-10T16:30:00+08:00,2.012,False,False,False
V4_SHADOW,3099333,2026-10-10,泰乙北,清莱托威 vs 凯郎联,,,,,,0-0,-1,,,D:\codex\v3_legacy\outputs\football_odds_trader\raw\titan007\20261010\20261010_223725_titan007_odds_snapshot.csv,MISSING_V4_SIDE_LINE_WATER_OR_TEAM,,,V4,2026-10-10T14:29:18+08:00,2026-10-10T14:29:18+08:00,2026-10-10T16:30:00+08:00,2.012,False,False,False
V4_SHADOW,3099339,2026-10-10,泰乙西,通布里易三仓 vs 泰国皇家陆军,,,,,,1-0,-1,,,D:\codex\v3_legacy\outputs\football_odds_trader\raw\titan007\20261010\20261010_223725_titan007_odds_snapshot.csv,MISSING_V4_SIDE_LINE_WATER_OR_TEAM,,,V4,2026-10-10T14:29:18+08:00,2026-10-10T14:29:18+08:00,2026-10-10T16:30:00+08:00,2.012,False,False,False
V4_SHADOW,3100474,2026-10-10,捷丁,普罗斯捷约夫B队 vs 伯斯尼克,,,,,,4-2,-1,,,D:\codex\v3_legacy\outputs\football_odds_trader\raw\titan007\20261010\20261010_223725_titan007_odds_snapshot.csv,MISSING_V4_SIDE_LINE_WATER_OR_TEAM,,,V4,2026-10-10T14:29:18+08:00,2026-10-10T14:29:18+08:00,2026-10-10T16:30:00+08:00,2.012,False,False,False
V4_SHADOW,3100480,2026-10-10,捷丁,乌斯季青年队 vs 斯拉夫韦尔瓦力,,,,,,0-0,-1,,,D:\codex\v3_legacy\outputs\football_odds_trader\raw\titan007\20261010\20261010_223725_titan007_odds_snapshot.csv,MISSING_V4_SIDE_LINE_WATER_OR_TEAM,,,V4,2026-10-10T14:29:18+08:00,2026-10-10T14:29:18+08:00,2026-10-10T16:30:00+08:00,2.012,False,False,False
V4_SHADOW,3100487,2026-10-10,捷丁,科马罗夫 vs 斯拉沃伊,,,,,,3-0,-1,,,D:\codex\v3_legacy\outputs\football_odds_trader\raw\titan007\20261010\20261010_223725_titan007_odds_snapshot.csv,MISSING_V4_SIDE_LINE_WATER_OR_TEAM,,,V4,2026-10-10T14:29:18+08:00,2026-10-10T14:29:18+08:00,2026-10-10T16:30:00+08:00,2.012,False,False,False
V4_SHADOW,3101001,2026-10-10,西青U19,皇家萨拉戈萨U19 vs 乌德山U19,,,,,,5-2,-1,,,D:\codex\v3_legacy\outputs\football_odds_trader\raw\titan007\20261010\20261010_223725_titan007_odds_snapshot.csv,MISSING_V4_SIDE_LINE_WATER_OR_TEAM,,,V4,2026-10-10T14:29:18+08:00,2026-10-10T14:29:18+08:00,2026-10-10T16:30:00+08:00,2.012,False,False,False
V4_SHADOW,3100944,2026-10-10,印尼U20,伯希索罗U20 vs PSIM日惹U20,,,,,,1-1,-1,,,D:\codex\v3_legacy\outputs\football_odds_trader\raw\titan007\20261010\20261010_223725_titan007_odds_snapshot.csv,MISSING_V4_SIDE_LINE_WATER_OR_TEAM,,,V4,2026-10-10T14:29:18+08:00,2026-10-10T14:29:18+08:00,2026-10-10T16:30:00+08:00,2.012,False,False,False
V4_SHADOW,3085352,2026-10-10,越南甲,FC隆安 vs 广宁,,,,,,0-0,-1,,,D:\codex\v3_legacy\outputs\football_odds_trader\raw\titan007\20261010\20261010_223725_titan007_odds_snapshot.csv,MISSING_V4_SIDE_LINE_WATER_OR_TEAM,,,V4,2026-10-10T14:29:18+08:00,2026-10-10T14:29:18+08:00,2026-10-10T17:00:00+08:00,2.512,False,False,False
V4_SHADOW,3039504,2026-10-10,波青联,阿卡青年队 vs 斯塔泽舒夫青年队,,,,,,2-3,-1,,,D:\codex\v3_legacy\outputs\football_odds_trader\raw\titan007\20261010\20261010_223725_titan007_odds_snapshot.csv,MISSING_V4_SIDE_LINE_WATER_OR_TEAM,,,V4,2026-10-10T14:29:18+08:00,2026-10-10T14:29:18+08:00,2026-10-10T16:30:00+08:00,2.012,False,False,False
V4_SHADOW,3101046,2026-10-10,科索U19,罗拉匹U19 vs 费里扎戴拿模U19,,,,,,2-1,-1,,,D:\codex\v3_legacy\outputs\football_odds_trader\raw\titan007\20261010\20261010_223725_titan007_odds_snapshot.csv,MISSING_V4_SIDE_LINE_WATER_OR_TEAM,,,V4,2026-10-10T14:29:18+08:00,2026-10-10T14:29:18+08:00,2026-10-10T16:30:00+08:00,2.012,False,False,False
V4_SHADOW,3091809,2026-10-10,孟加拉联,孟加拉国警察 vs 法基拉普尔年轻人,孟加拉国警察,receiving,2.0,1.9,C,8-0,-1,W,1.9,D:\codex\v3_legacy\outputs\football_odds_trader\raw\titan007\20261010\20261010_223725_titan007_odds_snapshot.csv,SETTLED,0dcbd8101ab0c8329405,,V4,2026-10-10T14:29:18+08:00,2026-10-10T14:29:18+08:00,2026-10-10T16:45:00+08:00,2.262,False,True,False
V4_SHADOW,3094516,2026-10-10,澳足总,南墨尔本 vs 墨尔本胜利,墨尔本胜利,receiving,0.75,1.9,B,0-0,-1,W,1.9,D:\codex\v3_legacy\outputs\football_odds_trader\raw\titan007\20261010\20261010_223725_titan007_odds_snapshot.csv,SETTLED,c1f7c41775e725ebd709,,V4,2026-10-10T14:29:18+08:00,2026-10-10T14:29:18+08:00,2026-10-10T16:35:00+08:00,2.095,False,True,False
V4_SHADOW,3000104,2026-10-10,日职乙,磐田喜悦 vs 札幌冈萨多,,,,,,1-0,-1,,,D:\codex\v3_legacy\outputs\football_odds_trader\raw\titan007\20261010\20261010_223725_titan007_odds_snapshot.csv,MISSING_V4_SIDE_LINE_WATER_OR_TEAM,,,V4,2026-10-10T14:29:18+08:00,2026-10-10T14:29:18+08:00,2026-10-10T17:00:00+08:00,2.512,False,False,False
V4_SHADOW,3022005,2026-10-10,俄甲,乌拉尔 vs 韦莱斯,,,,,,1-2,-1,,,D:\codex\v3_legacy\outputs\football_odds_trader\raw\titan007\20261010\20261010_223725_titan007_odds_snapshot.csv,MISSING_V4_SIDE_LINE_WATER_OR_TEAM,,,V4,2026-10-10T14:29:18+08:00,2026-10-10T14:29:18+08:00,2026-10-10T17:00:00+08:00,2.512,False,False,False
V4_SHADOW,3082696,2026-10-10,西丁,塞维利亚C队 vs 托马雷斯,,,,,,1-2,-1,,,D:\codex\v3_legacy\outputs\football_odds_trader\raw\titan007\20261010\20261010_223725_titan007_odds_snapshot.csv,MISSING_V4_SIDE_LINE_WATER_OR_TEAM,,,V4,2026-10-10T14:29:18+08:00,2026-10-10T14:29:18+08:00,2026-10-10T17:00:00+08:00,2.512,False,False,False
V4_SHADOW,3101094,2026-10-10,斯伐U19,泰拿华斯巴达U19 vs 斯崔达U19,,,,,,7-4,-1,,,D:\codex\v3_legacy\outputs\football_odds_trader\raw\titan007\20261010\20261010_223725_titan007_odds_snapshot.csv,MISSING_V4_SIDE_LINE_WATER_OR_TEAM,,,V4,2026-10-10T14:29:18+08:00,2026-10-10T14:29:18+08:00,2026-10-10T17:00:00+08:00,2.512,False,False,False
V4_SHADOW,3101095,2026-10-10,斯伐U19,FK柯西斯U19 vs 米查路文斯U19,,,,,,1-1,-1,,,D:\codex\v3_legacy\outputs\football_odds_trader\raw\titan007\20261010\20261010_223725_titan007_odds_snapshot.csv,MISSING_V4_SIDE_LINE_WATER_OR_TEAM,,,V4,2026-10-10T14:29:18+08:00,2026-10-10T14:29:18+08:00,2026-10-10T17:00:00+08:00,2.512,False,False,False
V4_SHADOW,3101096,2026-10-10,斯伐U19,日利纳U19 vs 泽勒U19,,,,,,0-3,-1,,,D:\codex\v3_legacy\outputs\football_odds_trader\raw\titan007\20261010\20261010_223725_titan007_odds_snapshot.csv,MISSING_V4_SIDE_LINE_WATER_OR_TEAM,,,V4,2026-10-10T14:29:18+08:00,2026-10-10T14:29:18+08:00,2026-10-10T17:00:00+08:00,2.512,False,False,False
V4_SHADOW,3101097,2026-10-10,斯伐U19,斯洛云U19 vs 特伦辛U19,,,,,,1-2,-1,,,D:\codex\v3_legacy\outputs\football_odds_trader\raw\titan007\20261010\20261010_223725_titan007_odds_snapshot.csv,MISSING_V4_SIDE_LINE_WATER_OR_TEAM,,,V4,2026-10-10T14:29:18+08:00,2026-10-10T14:29:18+08:00,2026-10-10T17:00:00+08:00,2.512,False,False,False
V4_SHADOW,3101098,2026-10-10,斯伐U19,扑雷索夫U19 vs 拜斯迪卡U19,,,,,,0-1,-1,,,D:\codex\v3_legacy\outputs\football_odds_trader\raw\titan007\20261010\20261010_223725_titan007_odds_snapshot.csv,MISSING_V4_SIDE_LINE_WATER_OR_TEAM,,,V4,2026-10-10T14:29:18+08:00,2026-10-10T14:29:18+08:00,2026-10-10T17:00:00+08:00,2.512,False,False,False
V4_SHADOW,3069868,2026-10-10,缅甸联,伊洛瓦底 vs 蒂察尔阿尔曼,,,,,,1-3,-1,,,D:\codex\v3_legacy\outputs\football_odds_trader\raw\titan007\20261010\20261010_223725_titan007_odds_snapshot.csv,MISSING_V4_SIDE_LINE_WATER_OR_TEAM,,,V4,2026-10-10T14:29:18+08:00,2026-10-10T14:29:18+08:00,2026-10-10T17:00:00+08:00,2.512,False,False,False
V4_SHADOW,3069869,2026-10-10,缅甸联,妙瓦底 vs 亚大那保,,,,,,0-2,-1,,,D:\codex\v3_legacy\outputs\football_odds_trader\raw\titan007\20261010\20261010_223725_titan007_odds_snapshot.csv,MISSING_V4_SIDE_LINE_WATER_OR_TEAM,,,V4,2026-10-10T14:29:18+08:00,2026-10-10T14:29:18+08:00,2026-10-10T17:00:00+08:00,2.512,False,False,False
V4_SHADOW,3098194,2026-10-10,波兰丙,马特斯B队 vs 琴斯托霍瓦B队,,,,,,2-1,-1,,,D:\codex\v3_legacy\outputs\football_odds_trader\raw\titan007\20261010\20261010_223725_titan007_odds_snapshot.csv,MISSING_V4_SIDE_LINE_WATER_OR_TEAM,,,V4,2026-10-10T14:29:18+08:00,2026-10-10T14:29:18+08:00,2026-10-10T17:00:00+08:00,2.512,False,False,False
V4_SHADOW,3101206,2026-10-10,波兰丙,波美拉托伦 vs LKS启动,,,,,,2-2,-1,,,D:\codex\v3_legacy\outputs\football_odds_trader\raw\titan007\20261010\20261010_223725_titan007_odds_snapshot.csv,MISSING_V4_SIDE_LINE_WATER_OR_TEAM,,,V4,2026-10-10T14:29:18+08:00,2026-10-10T14:29:18+08:00,2026-10-10T17:00:00+08:00,2.512,False,False,False
V4_SHADOW,3101207,2026-10-10,波兰丙,斯特雷库夫 vs 彼得科夫法庭,,,,,,2-0,-1,,,D:\codex\v3_legacy\outputs\football_odds_trader\raw\titan007\20261010\20261010_223725_titan007_odds_snapshot.csv,MISSING_V4_SIDE_LINE_WATER_OR_TEAM,,,V4,2026-10-10T14:29:18+08:00,2026-10-10T14:29:18+08:00,2026-10-10T17:00:00+08:00,2.512,False,False,False
V4_SHADOW,3101209,2026-10-10,波兰丙,格但斯克造船厂 vs 多利纳斯佩兰达,,,,,,7-0,-1,,,D:\codex\v3_legacy\outputs\football_odds_trader\raw\titan007\20261010\20261010_223725_titan007_odds_snapshot.csv,MISSING_V4_SIDE_LINE_WATER_OR_TEAM,,,V4,2026-10-10T14:29:18+08:00,2026-10-10T14:29:18+08:00,2026-10-10T17:00:00+08:00,2.512,False,False,False
V4_SHADOW,3101211,2026-10-10,波兰丙,洛禾卡杜华斯 vs LKS戏剧,,,,,,1-3,-1,,,D:\codex\v3_legacy\outputs\football_odds_trader\raw\titan007\20261010\20261010_223725_titan007_odds_snapshot.csv,MISSING_V4_SIDE_LINE_WATER_OR_TEAM,,,V4,2026-10-10T14:29:18+08:00,2026-10-10T14:29:18+08:00,2026-10-10T17:00:00+08:00,2.512,False,False,False
V4_SHADOW,3101212,2026-10-10,波兰丙,GKS马诺沃 vs 莫尔斯凯,,,,,,1-1,-1,,,D:\codex\v3_legacy\outputs\football_odds_trader\raw\titan007\20261010\20261010_223725_titan007_odds_snapshot.csv,MISSING_V4_SIDE_LINE_WATER_OR_TEAM,,,V4,2026-10-10T14:29:18+08:00,2026-10-10T14:29:18+08:00,2026-10-10T17:00:00+08:00,2.512,False,False,False
V4_SHADOW,3098276,2026-10-10,匈丙,久洛伊 vs 乌比斯迪B队,,,,,,2-1,-1,,,D:\codex\v3_legacy\outputs\football_odds_trader\raw\titan007\20261010\20261010_223725_titan007_odds_snapshot.csv,MISSING_V4_SIDE_LINE_WATER_OR_TEAM,,,V4,2026-10-10T14:29:18+08:00,2026-10-10T14:29:18+08:00,2026-10-10T17:00:00+08:00,2.512,False,False,False
V4_SHADOW,3063475,2026-10-10,意青乙,克雷莫纳青年队 vs 乌迪内斯青年队,,,,,,1-2,-1,,,D:\codex\v3_legacy\outputs\football_odds_trader\raw\titan007\20261010\20261010_223725_titan007_odds_snapshot.csv,MISSING_V4_SIDE_LINE_WATER_OR_TEAM,,,V4,2026-10-10T14:29:18+08:00,2026-10-10T14:29:18+08:00,2026-10-10T17:00:00+08:00,2.512,False,False,False
V4_SHADOW,3063479,2026-10-10,意青乙,苏迪路青年队 vs 恩特拉青年队,,,,,,1-1,-1,,,D:\codex\v3_legacy\outputs\football_odds_trader\raw\titan007\20261010\20261010_223725_titan007_odds_snapshot.csv,MISSING_V4_SIDE_LINE_WATER_OR_TEAM,,,V4,2026-10-10T14:29:18+08:00,2026-10-10T14:29:18+08:00,2026-10-10T17:00:00+08:00,2.512,False,False,False
V4_SHADOW,3063716,2026-10-10,意青乙,拉蒂那青年队 vs 巴里青年队,,,,,,0-0,-1,,,D:\codex\v3_legacy\outputs\football_odds_trader\raw\titan007\20261010\20261010_223725_titan007_odds_snapshot.csv,MISSING_V4_SIDE_LINE_WATER_OR_TEAM,,,V4,2026-10-10T14:29:18+08:00,2026-10-10T14:29:18+08:00,2026-10-10T17:00:00+08:00,2.512,False,False,False
V4_SHADOW,3100423,2026-10-10,国际友谊,塞尔维亚女足U19 vs 克罗地亚女足U19,,,,,,1-3,-1,,,D:\codex\v3_legacy\outputs\football_odds_trader\raw\titan007\20261010\20261010_223725_titan007_odds_snapshot.csv,MISSING_V4_SIDE_LINE_WATER_OR_TEAM,,,V4,2026-10-10T14:29:18+08:00,2026-10-10T14:29:18+08:00,2026-10-10T17:00:00+08:00,2.512,False,False,False
V4_SHADOW,3039507,2026-10-10,波青联,哥罗那青年队 vs 波兹南莱赫青年队,,,,,,2-2,-1,,,D:\codex\v3_legacy\outputs\football_odds_trader\raw\titan007\20261010\20261010_223725_titan007_odds_snapshot.csv,MISSING_V4_SIDE_LINE_WATER_OR_TEAM,,,V4,2026-10-10T14:29:18+08:00,2026-10-10T14:29:18+08:00,2026-10-10T17:00:00+08:00,2.512,False,False,False
V4_SHADOW,3039510,2026-10-10,波青联,琴斯托霍瓦U18 vs 阿科尼亚 U19,,,,,,1-2,-1,,,D:\codex\v3_legacy\outputs\football_odds_trader\raw\titan007\20261010\20261010_223725_titan007_odds_snapshot.csv,MISSING_V4_SIDE_LINE_WATER_OR_TEAM,,,V4,2026-10-10T14:29:18+08:00,2026-10-10T14:29:18+08:00,2026-10-10T17:00:00+08:00,2.512,False,False,False
V4_SHADOW,3101037,2026-10-10,瑞士U19,温特图尔U19 vs 草蜢U19,,,,,,1-0,-1,,,D:\codex\v3_legacy\outputs\football_odds_trader\raw\titan007\20261010\20261010_223725_titan007_odds_snapshot.csv,MISSING_V4_SIDE_LINE_WATER_OR_TEAM,,,V4,2026-10-10T14:29:18+08:00,2026-10-10T14:29:18+08:00,2026-10-10T17:00:00+08:00,2.512,False,False,False
V4_SHADOW,3100850,2026-10-10,芬兰U21,洪卡U21 vs 因特FC U21,,,,,,6-1,-1,,,D:\codex\v3_legacy\outputs\football_odds_trader\raw\titan007\20261010\20261010_223725_titan007_odds_snapshot.csv,MISSING_V4_SIDE_LINE_WATER_OR_TEAM,,,V4,2026-10-10T14:29:18+08:00,2026-10-10T14:29:18+08:00,2026-10-10T17:00:00+08:00,2.512,False,False,False
V4_SHADOW,3063481,2026-10-10,意青乙,威尼斯青年队 vs 莱科青年队,,,,,,0-1,-1,,,D:\codex\v3_legacy\outputs\football_odds_trader\raw\titan007\20261010\20261010_223725_titan007_odds_snapshot.csv,MISSING_V4_SIDE_LINE_WATER_OR_TEAM,,,V4,2026-10-10T14:29:18+08:00,2026-10-10T14:29:18+08:00,2026-10-10T17:15:00+08:00,2.762,False,False,False
V4_SHADOW,3100492,2026-10-10,捷女乙,ABC布拉尼克女足 vs 贺拉戴克女足,,,,,,4-2,-1,,,D:\codex\v3_legacy\outputs\football_odds_trader\raw\titan007\20261010\20261010_223725_titan007_odds_snapshot.csv,MISSING_V4_SIDE_LINE_WATER_OR_TEAM,,,V4,2026-10-10T14:29:18+08:00,2026-10-10T14:29:18+08:00,2026-10-10T17:15:00+08:00,2.762,False,False,False
V4_SHADOW,3077755,2026-10-10,西丁,索杜沛 vs CD陶宁,,,,,,1-0,-1,,,D:\codex\v3_legacy\outputs\football_odds_trader\raw\titan007\20261010\20261010_223725_titan007_odds_snapshot.csv,MISSING_V4_SIDE_LINE_WATER_OR_TEAM,,,V4,2026-10-10T14:29:18+08:00,2026-10-10T14:29:18+08:00,2026-10-10T17:30:00+08:00,3.012,False,False,False
V4_SHADOW,3091071,2026-10-10,西丁,桑托梅拉 vs 马里蒂莫体育,,,,,,3-0,-1,,,D:\codex\v3_legacy\outputs\football_odds_trader\raw\titan007\20261010\20261010_223725_titan007_odds_snapshot.csv,MISSING_V4_SIDE_LINE_WATER_OR_TEAM,,,V4,2026-10-10T14:29:18+08:00,2026-10-10T14:29:18+08:00,2026-10-10T17:30:00+08:00,3.012,False,False,False
V4_SHADOW,2941115,2026-10-10,爱沙乙,科罗拉二队 vs 塔林FC,,,,,,1-2,-1,,,D:\codex\v3_legacy\outputs\football_odds_trader\raw\titan007\20261010\20261010_223725_titan007_odds_snapshot.csv,MISSING_V4_SIDE_LINE_WATER_OR_TEAM,,,V4,2026-10-10T14:29:18+08:00,2026-10-10T14:29:18+08:00,2026-10-10T17:30:00+08:00,3.012,False,False,False
V4_SHADOW,2954815,2026-10-10,爱沙丙,塔尔图卡列夫 vs FC雷瓦狄亚U19,,,,,,0-2,-1,,,D:\codex\v3_legacy\outputs\football_odds_trader\raw\titan007\20261010\20261010_223725_titan007_odds_snapshot.csv,MISSING_V4_SIDE_LINE_WATER_OR_TEAM,,,V4,2026-10-10T14:29:18+08:00,2026-10-10T14:29:18+08:00,2026-10-10T17:30:00+08:00,3.012,False,False,False
V4_SHADOW,3101083,2026-10-10,西女乙,埃尔切女足 vs 利云特B女足,,,,,,1-1,-1,,,D:\codex\v3_legacy\outputs\football_odds_trader\raw\titan007\20261010\20261010_223725_titan007_odds_snapshot.csv,MISSING_V4_SIDE_LINE_WATER_OR_TEAM,,,V4,2026-10-10T14:29:18+08:00,2026-10-10T14:29:18+08:00,2026-10-10T17:30:00+08:00,3.012,False,False,False
V4_SHADOW,3101116,2026-10-10,印米佐超,卡南FC vs 兰塔尔文格,,,,,,2-3,-1,,,D:\codex\v3_legacy\outputs\football_odds_trader\raw\titan007\20261010\20261010_223725_titan007_odds_snapshot.csv,MISSING_V4_SIDE_LINE_WATER_OR_TEAM,,,V4,2026-10-10T14:29:18+08:00,2026-10-10T14:29:18+08:00,2026-10-10T17:30:00+08:00,3.012,False,False,False
V4_SHADOW,3100994,2026-10-10,西青U19,比利亚雷尔U19 vs 卡斯迪隆U19,,,,,,4-1,-1,,,D:\codex\v3_legacy\outputs\football_odds_trader\raw\titan007\20261010\20261010_223725_titan007_odds_snapshot.csv,MISSING_V4_SIDE_LINE_WATER_OR_TEAM,,,V4,2026-10-10T14:29:18+08:00,2026-10-10T14:29:18+08:00,2026-10-10T17:30:00+08:00,3.012,False,False,False
V4_SHADOW,3063717,2026-10-10,意青乙,那不勒斯青年队 vs 比萨青年队,,,,,,1-0,-1,,,D:\codex\v3_legacy\outputs\football_odds_trader\raw\titan007\20261010\20261010_223725_titan007_odds_snapshot.csv,MISSING_V4_SIDE_LINE_WATER_OR_TEAM,,,V4,2026-10-10T14:29:18+08:00,2026-10-10T14:29:18+08:00,2026-10-10T17:30:00+08:00,3.012,False,False,False
V4_SHADOW,3101188,2026-10-10,波斯U19,兹维耶达U19 vs 萨拉热窝铁路工人U19,,,,,,1-0,-1,,,D:\codex\v3_legacy\outputs\football_odds_trader\raw\titan007\20261010\20261010_223725_titan007_odds_snapshot.csv,MISSING_V4_SIDE_LINE_WATER_OR_TEAM,,,V4,2026-10-10T14:29:18+08:00,2026-10-10T14:29:18+08:00,2026-10-10T17:30:00+08:00,3.012,False,False,False
V4_SHADOW,3100815,2026-10-10,阿尔女联,塞提夫女足 vs 阿达斯女足,,,,,,3-1,-1,,,D:\codex\v3_legacy\outputs\football_odds_trader\raw\titan007\20261010\20261010_223725_titan007_odds_snapshot.csv,MISSING_V4_SIDE_LINE_WATER_OR_TEAM,,,V4,2026-10-10T14:29:18+08:00,2026-10-10T14:29:18+08:00,2026-10-10T17:30:00+08:00,3.012,False,False,False
V4_SHADOW,3012313,2026-10-10,俄超,奥伦堡加索维克 vs 马哈奇卡拉,,,,,,4-0,-1,,,D:\codex\v3_legacy\outputs\football_odds_trader\raw\titan007\20261010\20261010_223725_titan007_odds_snapshot.csv,MISSING_V4_SIDE_LINE_WATER_OR_TEAM,,,V4,2026-10-10T14:29:18+08:00,2026-10-10T14:29:18+08:00,2026-10-10T18:00:00+08:00,3.512,False,False,False
V4_SHADOW,3000480,2026-10-10,日职联,京都不死鸟 vs 町田泽维亚,町田泽维亚,giving,-0.5,0.9,B,0-1,-1,W,0.9,D:\codex\v3_legacy\outputs\football_odds_trader\raw\titan007\20261010\20261010_223725_titan007_odds_snapshot.csv,SETTLED,f15694ddb107cba8614a,,V4,2026-10-10T14:29:18+08:00,2026-10-10T14:29:18+08:00,2026-10-10T18:00:00+08:00,3.512,False,True,False
V4_SHADOW,3023798,2026-10-10,葡甲,通德拉 vs 杜连斯,,,,,,1-0,-1,,,D:\codex\v3_legacy\outputs\football_odds_trader\raw\titan007\20261010\20261010_223725_titan007_odds_snapshot.csv,MISSING_V4_SIDE_LINE_WATER_OR_TEAM,,,V4,2026-10-10T14:29:18+08:00,2026-10-10T14:29:18+08:00,2026-10-10T18:00:00+08:00,3.512,False,False,False
V4_SHADOW,3098252,2026-10-10,葡乙,利卡 vs 马尔寇,,,,,,2-0,-1,,,D:\codex\v3_legacy\outputs\football_odds_trader\raw\titan007\20261010\20261010_223725_titan007_odds_snapshot.csv,MISSING_V4_SIDE_LINE_WATER_OR_TEAM,,,V4,2026-10-10T14:29:18+08:00,2026-10-10T14:29:18+08:00,2026-10-10T18:00:00+08:00,3.512,False,False,False
V4_SHADOW,3085269,2026-10-10,越南联,黄安嘉莱<font color=#880000>(中)</font> vs 岘港,,,,,,3-0,-1,,,D:\codex\v3_legacy\outputs\football_odds_trader\raw\titan007\20261010\20261010_223725_titan007_odds_snapshot.csv,MISSING_V4_SIDE_LINE_WATER_OR_TEAM,,,V4,2026-10-10T14:29:18+08:00,2026-10-10T14:29:18+08:00,2026-10-10T18:00:00+08:00,3.512,False,False,False
V4_SHADOW,3012524,2026-10-10,乌克超,查诺莫斯 vs 梅塔利斯特1925,,,,,,1-2,-1,,,D:\codex\v3_legacy\outputs\football_odds_trader\raw\titan007\20261010\20261010_223725_titan007_odds_snapshot.csv,MISSING_V4_SIDE_LINE_WATER_OR_TEAM,,,V4,2026-10-10T14:29:18+08:00,2026-10-10T14:29:18+08:00,2026-10-10T18:00:00+08:00,3.512,False,False,False
V4_SHADOW,2948614,2026-10-10,白俄超,明斯克 vs FC鱼雷,,,,,,0-1,-1,,,D:\codex\v3_legacy\outputs\football_odds_trader\raw\titan007\20261010\20261010_223725_titan007_odds_snapshot.csv,MISSING_V4_SIDE_LINE_WATER_OR_TEAM,,,V4,2026-10-10T14:29:18+08:00,2026-10-10T14:29:18+08:00,2026-10-10T18:00:00+08:00,3.512,False,False,False
V4_SHADOW,2998376,2026-10-10,北马其甲,蒂克韦什 vs 布雷加尼卡,,,,,,3-0,-1,,,D:\codex\v3_legacy\outputs\football_odds_trader\raw\titan007\20261010\20261010_223725_titan007_odds_snapshot.csv,MISSING_V4_SIDE_LINE_WATER_OR_TEAM,,,V4,2026-10-10T14:29:18+08:00,2026-10-10T14:29:18+08:00,2026-10-10T18:00:00+08:00,3.512,False,False,False
V4_SHADOW,2953382,2026-10-10,哈萨克超,伊特什 vs 克孜勒扎尔,,,,,,0-2,-1,,,D:\codex\v3_legacy\outputs\football_odds_trader\raw\titan007\20261010\20261010_223725_titan007_odds_snapshot.csv,MISSING_V4_SIDE_LINE_WATER_OR_TEAM,,,V4,2026-10-10T14:29:18+08:00,2026-10-10T14:29:18+08:00,2026-10-10T18:00:00+08:00,3.512,False,False,False
V4_SHADOW,2940449,2026-10-10,韩K3联,大田地铁 vs 唐津市民,,,,,,0-1,-1,,,D:\codex\v3_legacy\outputs\football_odds_trader\raw\titan007\20261010\20261010_223725_titan007_odds_snapshot.csv,MISSING_V4_SIDE_LINE_WATER_OR_TEAM,,,V4,2026-10-10T14:29:18+08:00,2026-10-10T14:29:18+08:00,2026-10-10T18:00:00+08:00,3.512,False,False,False
V4_SHADOW,2957259,2026-10-10,拉脱甲,美塔里加 vs 贝塔尔里加水手,,,,,,4-0,-1,,,D:\codex\v3_legacy\outputs\football_odds_trader\raw\titan007\20261010\20261010_223725_titan007_odds_snapshot.csv,MISSING_V4_SIDE_LINE_WATER_OR_TEAM,,,V4,2026-10-10T14:29:18+08:00,2026-10-10T14:29:18+08:00,2026-10-10T18:00:00+08:00,3.512,False,False,False
V4_SHADOW,3099613,2026-10-10,土U19联,萨姆松体育U19 vs 特拉布宗体育U19,特拉布宗体育U19,receiving,0.5,1.95,C,1-2,-1,W,1.95,D:\codex\v3_legacy\outputs\football_odds_trader\raw\titan007\20261010\20261010_223725_titan007_odds_snapshot.csv,SETTLED,d8b8cab599b5f2ea474d,,V4,2026-10-10T14:29:18+08:00,2026-10-10T14:29:18+08:00,2026-10-10T18:00:00+08:00,3.512,False,True,False
V4_SHADOW,3031288,2026-10-10,俄乙A,圣彼得堡泽尼特B队 vs 阿姆卡尔,,,,,,3-0,-1,,,D:\codex\v3_legacy\outputs\football_odds_trader\raw\titan007\20261010\20261010_223725_titan007_odds_snapshot.csv,MISSING_V4_SIDE_LINE_WATER_OR_TEAM,,,V4,2026-10-10T14:29:18+08:00,2026-10-10T14:29:18+08:00,2026-10-10T18:00:00+08:00,3.512,False,False,False
V4_SHADOW,3060011,2026-10-10,西丁,埃斯特雷拉 vs 洛斯利亚诺斯德亚里达内,,,,,,1-0,-1,,,D:\codex\v3_legacy\outputs\football_odds_trader\raw\titan007\20261010\20261010_223725_titan007_odds_snapshot.csv,MISSING_V4_SIDE_LINE_WATER_OR_TEAM,,,V4,2026-10-10T14:29:18+08:00,2026-10-10T14:29:18+08:00,2026-10-10T18:00:00+08:00,3.512,False,False,False
V4_SHADOW,3061786,2026-10-10,西丁,卡阿特 vs 卡斯佩,,,,,,2-2,-1,,,D:\codex\v3_legacy\outputs\football_odds_trader\raw\titan007\20261010\20261010_223725_titan007_odds_snapshot.csv,MISSING_V4_SIDE_LINE_WATER_OR_TEAM,,,V4,2026-10-10T14:29:18+08:00,2026-10-10T14:29:18+08:00,2026-10-10T18:00:00+08:00,3.512,False,False,False
V4_SHADOW,3077749,2026-10-10,西丁,杜兰高 vs CD迪里奥,,,,,,1-1,-1,,,D:\codex\v3_legacy\outputs\football_odds_trader\raw\titan007\20261010\20261010_223725_titan007_odds_snapshot.csv,MISSING_V4_SIDE_LINE_WATER_OR_TEAM,,,V4,2026-10-10T14:29:18+08:00,2026-10-10T14:29:18+08:00,2026-10-10T18:00:00+08:00,3.512,False,False,False
V4_SHADOW,3077753,2026-10-10,西丁,圣伊格纳西奥 vs 埃瓦尔C队,,,,,,2-1,-1,,,D:\codex\v3_legacy\outputs\football_odds_trader\raw\titan007\20261010\20261010_223725_titan007_odds_snapshot.csv,MISSING_V4_SIDE_LINE_WATER_OR_TEAM,,,V4,2026-10-10T14:29:18+08:00,2026-10-10T14:29:18+08:00,2026-10-10T18:00:00+08:00,3.512,False,False,False
V4_SHADOW,3078399,2026-10-10,西丁,哥士坦斯亚 vs 波雷雷斯,,,,,,1-0,-1,,,D:\codex\v3_legacy\outputs\football_odds_trader\raw\titan007\20261010\20261010_223725_titan007_odds_snapshot.csv,MISSING_V4_SIDE_LINE_WATER_OR_TEAM,,,V4,2026-10-10T14:29:18+08:00,2026-10-10T14:29:18+08:00,2026-10-10T18:00:00+08:00,3.512,False,False,False
V4_SHADOW,2969820,2026-10-10,白俄甲,埃涅尔格提克BGU vs 莫洛迪兹诺,,,,,,5-1,-1,,,D:\codex\v3_legacy\outputs\football_odds_trader\raw\titan007\20261010\20261010_223725_titan007_odds_snapshot.csv,MISSING_V4_SIDE_LINE_WATER_OR_TEAM,,,V4,2026-10-10T14:29:18+08:00,2026-10-10T14:29:18+08:00,2026-10-10T18:00:00+08:00,3.512,False,False,False
V4_SHADOW,2966520,2026-10-10,俄乙B中,阿华加德 vs 沃尔纳诺夫哥罗德,,,,,,0-0,-1,,,D:\codex\v3_legacy\outputs\football_odds_trader\raw\titan007\20261010\20261010_223725_titan007_odds_snapshot.csv,MISSING_V4_SIDE_LINE_WATER_OR_TEAM,,,V4,2026-10-10T14:29:18+08:00,2026-10-10T14:29:18+08:00,2026-10-10T18:00:00+08:00,3.512,False,False,False
V4_SHADOW,3046437,2026-10-10,罗乙,斯克拉雷西塔 vs CSM斯拉蒂纳,,,,,,3-1,-1,,,D:\codex\v3_legacy\outputs\football_odds_trader\raw\titan007\20261010\20261010_223725_titan007_odds_snapshot.csv,MISSING_V4_SIDE_LINE_WATER_OR_TEAM,,,V4,2026-10-10T14:29:18+08:00,2026-10-10T14:29:18+08:00,2026-10-10T18:00:00+08:00,3.512,False,False,False
V4_SHADOW,3099317,2026-10-10,泰乙东,班布恩市 vs 萨穆帕肯,,,,,,7-2,-1,,,D:\codex\v3_legacy\outputs\football_odds_trader\raw\titan007\20261010\20261010_223725_titan007_odds_snapshot.csv,MISSING_V4_SIDE_LINE_WATER_OR_TEAM,,,V4,2026-10-10T14:29:18+08:00,2026-10-10T14:29:18+08:00,2026-10-10T18:00:00+08:00,3.512,False,False,False
V4_SHADOW,3099323,2026-10-10,泰乙东北,昆肯莫丁丹 vs 罗伊联,,,,,,1-0,-1,,,D:\codex\v3_legacy\outputs\football_odds_trader\raw\titan007\20261010\20261010_223725_titan007_odds_snapshot.csv,MISSING_V4_SIDE_LINE_WATER_OR_TEAM,,,V4,2026-10-10T14:29:18+08:00,2026-10-10T14:29:18+08:00,2026-10-10T18:00:00+08:00,3.512,False,False,False
V4_SHADOW,3099345,2026-10-10,泰乙南,苏拉特他尼城FC vs 亚拉FC,,,,,,1-0,-1,,,D:\codex\v3_legacy\outputs\football_odds_trader\raw\titan007\20261010\20261010_223725_titan007_odds_snapshot.csv,MISSING_V4_SIDE_LINE_WATER_OR_TEAM,,,V4,2026-10-10T14:29:18+08:00,2026-10-10T14:29:18+08:00,2026-10-10T18:00:00+08:00,3.512,False,False,False
V4_SHADOW,3098189,2026-10-10,波兰丙,卢齐诺 vs 斯维施,,,,,,3-0,-1,,,D:\codex\v3_legacy\outputs\football_odds_trader\raw\titan007\20261010\20261010_223725_titan007_odds_snapshot.csv,MISSING_V4_SIDE_LINE_WATER_OR_TEAM,,,V4,2026-10-10T14:29:18+08:00,2026-10-10T14:29:18+08:00,2026-10-10T18:00:00+08:00,3.512,False,False,False
V4_SHADOW,3098190,2026-10-10,波兰丙,弗热希尼亚 vs 格罗姆新斯塔夫,,,,,,1-0,-1,,,D:\codex\v3_legacy\outputs\football_odds_trader\raw\titan007\20261010\20261010_223725_titan007_odds_snapshot.csv,MISSING_V4_SIDE_LINE_WATER_OR_TEAM,,,V4,2026-10-10T14:29:18+08:00,2026-10-10T14:29:18+08:00,2026-10-10T18:00:00+08:00,3.512,False,False,False
V4_SHADOW,3098203,2026-10-10,波兰丙,克拉科夫B队 vs 雅罗斯瓦夫,,,,,,2-1,-1,,,D:\codex\v3_legacy\outputs\football_odds_trader\raw\titan007\20261010\20261010_223725_titan007_odds_snapshot.csv,MISSING_V4_SIDE_LINE_WATER_OR_TEAM,,,V4,2026-10-10T14:29:18+08:00,2026-10-10T14:29:18+08:00,2026-10-10T18:00:00+08:00,3.512,False,False,False
V4_SHADOW,3101213,2026-10-10,波兰丙,什切青伊斯基尔卡 vs 比亚里萨道,,,,,,0-2,-1,,,D:\codex\v3_legacy\outputs\football_odds_trader\raw\titan007\20261010\20261010_223725_titan007_odds_snapshot.csv,MISSING_V4_SIDE_LINE_WATER_OR_TEAM,,,V4,2026-10-10T14:29:18+08:00,2026-10-10T14:29:18+08:00,2026-10-10T18:00:00+08:00,3.512,False,False,False
V4_SHADOW,3101214,2026-10-10,波兰丙,卢布林安卡 vs 托马索维亚,,,,,,3-1,-1,,,D:\codex\v3_legacy\outputs\football_odds_trader\raw\titan007\20261010\20261010_223725_titan007_odds_snapshot.csv,MISSING_V4_SIDE_LINE_WATER_OR_TEAM,,,V4,2026-10-10T14:29:18+08:00,2026-10-10T14:29:18+08:00,2026-10-10T18:00:00+08:00,3.512,False,False,False
V4_SHADOW,3098313,2026-10-10,丹麦丁,格洛斯楚普 vs 格莱萨克瑟,,,,,,2-1,-1,,,D:\codex\v3_legacy\outputs\football_odds_trader\raw\titan007\20261010\20261010_223725_titan007_odds_snapshot.csv,MISSING_V4_SIDE_LINE_WATER_OR_TEAM,,,V4,2026-10-10T14:29:18+08:00,2026-10-10T14:29:18+08:00,2026-10-10T18:00:00+08:00,3.512,False,False,False
V4_SHADOW,3068157,2026-10-10,克亚乙,奥利简特 vs 杜布拉瓦,,,,,,2-1,-1,,,D:\codex\v3_legacy\outputs\football_odds_trader\raw\titan007\20261010\20261010_223725_titan007_odds_snapshot.csv,MISSING_V4_SIDE_LINE_WATER_OR_TEAM,,,V4,2026-10-10T14:29:18+08:00,2026-10-10T14:29:18+08:00,2026-10-10T18:00:00+08:00,3.512,False,False,False
V4_SHADOW,3044294,2026-10-10,乌克乙,普迪亚 vs 布拉茨拉夫文尼察,,,,,,1-5,-1,,,D:\codex\v3_legacy\outputs\football_odds_trader\raw\titan007\20261010\20261010_223725_titan007_odds_snapshot.csv,MISSING_V4_SIDE_LINE_WATER_OR_TEAM,,,V4,2026-10-10T14:29:18+08:00,2026-10-10T14:29:18+08:00,2026-10-10T18:00:00+08:00,3.512,False,False,False
V4_SHADOW,3101016,2026-10-10,荷U19,兹沃勒U19 vs 阿贾克斯U19,,,,,,1-2,-1,,,D:\codex\v3_legacy\outputs\football_odds_trader\raw\titan007\20261010\20261010_223725_titan007_odds_snapshot.csv,MISSING_V4_SIDE_LINE_WATER_OR_TEAM,,,V4,2026-10-10T14:29:18+08:00,2026-10-10T14:29:18+08:00,2026-10-10T18:00:00+08:00,3.512,False,False,False
V4_SHADOW,3101202,2026-10-10,以丙,马卡比卜 vs FC克里希纳曼达,,,,,,1-2,-1,,,D:\codex\v3_legacy\outputs\football_odds_trader\raw\titan007\20261010\20261010_223725_titan007_odds_snapshot.csv,MISSING_V4_SIDE_LINE_WATER_OR_TEAM,,,V4,2026-10-10T14:29:18+08:00,2026-10-10T14:29:18+08:00,2026-10-10T18:00:00+08:00,3.512,False,False,False
V4_SHADOW,3098301,2026-10-10,希腊U19,特里波利斯U19 vs 阿特罗米托斯U19,,,,,,1-1,-1,,,D:\codex\v3_legacy\outputs\football_odds_trader\raw\titan007\20261010\20261010_223725_titan007_odds_snapshot.csv,MISSING_V4_SIDE_LINE_WATER_OR_TEAM,,,V4,2026-10-10T14:29:18+08:00,2026-10-10T14:29:18+08:00,2026-10-10T18:00:00+08:00,3.512,False,False,False
V4_SHADOW,3098302,2026-10-10,希腊U19,AEK雅典U19 vs OFI克雷迪U19,,,,,,2-0,-1,,,D:\codex\v3_legacy\outputs\football_odds_trader\raw\titan007\20261010\20261010_223725_titan007_odds_snapshot.csv,MISSING_V4_SIDE_LINE_WATER_OR_TEAM,,,V4,2026-10-10T14:29:18+08:00,2026-10-10T14:29:18+08:00,2026-10-10T18:00:00+08:00,3.512,False,False,False
V4_SHADOW,3098306,2026-10-10,希腊U19,塞萨洛尼基U19 vs 卡拉马塔U19,,,,,,4-0,-1,,,D:\codex\v3_legacy\outputs\football_odds_trader\raw\titan007\20261010\20261010_223725_titan007_odds_snapshot.csv,MISSING_V4_SIDE_LINE_WATER_OR_TEAM,,,V4,2026-10-10T14:29:18+08:00,2026-10-10T14:29:18+08:00,2026-10-10T18:00:00+08:00,3.512,False,False,False
V4_SHADOW,3100993,2026-10-10,西青U19,阿鲁卡斯CFU19 vs 拉斯帕尔马斯U19,,,,,,1-6,-1,,,D:\codex\v3_legacy\outputs\football_odds_trader\raw\titan007\20261010\20261010_223725_titan007_odds_snapshot.csv,MISSING_V4_SIDE_LINE_WATER_OR_TEAM,,,V4,2026-10-10T14:29:18+08:00,2026-10-10T14:29:18+08:00,2026-10-10T18:00:00+08:00,3.512,False,False,False
V4_SHADOW,3101000,2026-10-10,西青U19,CD罗达U19 vs 埃尔切U19,,,,,,1-0,-1,,,D:\codex\v3_legacy\outputs\football_odds_trader\raw\titan007\20261010\20261010_223725_titan007_odds_snapshot.csv,MISSING_V4_SIDE_LINE_WATER_OR_TEAM,,,V4,2026-10-10T14:29:18+08:00,2026-10-10T14:29:18+08:00,2026-10-10T18:00:00+08:00,3.512,False,False,False
V4_SHADOW,3033151,2026-10-10,葡U19,布拉加U19 vs 波尔图U19,,,,,,2-4,-1,,,D:\codex\v3_legacy\outputs\football_odds_trader\raw\titan007\20261010\20261010_223725_titan007_odds_snapshot.csv,MISSING_V4_SIDE_LINE_WATER_OR_TEAM,,,V4,2026-10-10T14:29:18+08:00,2026-10-10T14:29:18+08:00,2026-10-10T18:00:00+08:00,3.512,False,False,False
V4_SHADOW,3033244,2026-10-10,葡U19,葡萄牙体育U19 vs 马夫拉U19,,,,,,1-1,-1,,,D:\codex\v3_legacy\outputs\football_odds_trader\raw\titan007\20261010\20261010_223725_titan007_odds_snapshot.csv,MISSING_V4_SIDE_LINE_WATER_OR_TEAM,,,V4,2026-10-10T14:29:18+08:00,2026-10-10T14:29:18+08:00,2026-10-10T18:00:00+08:00,3.512,False,False,False
V4_SHADOW,3063720,2026-10-10,意青乙,沙兰力坦拿青年队 vs 班尼云度青年队,,,,,,0-3,-1,,,D:\codex\v3_legacy\outputs\football_odds_trader\raw\titan007\20261010\20261010_223725_titan007_odds_snapshot.csv,MISSING_V4_SIDE_LINE_WATER_OR_TEAM,,,V4,2026-10-10T14:29:18+08:00,2026-10-10T14:29:18+08:00,2026-10-10T18:00:00+08:00,3.512,False,False,False
V4_SHADOW,3039508,2026-10-10,波青联,历基亚U19 vs 路宾青年队,,,,,,3-3,-1,,,D:\codex\v3_legacy\outputs\football_odds_trader\raw\titan007\20261010\20261010_223725_titan007_odds_snapshot.csv,MISSING_V4_SIDE_LINE_WATER_OR_TEAM,,,V4,2026-10-10T14:29:18+08:00,2026-10-10T14:29:18+08:00,2026-10-10T18:00:00+08:00,3.512,False,False,False
V4_SHADOW,3101177,2026-10-10,意青U19,卡塔尼亚U19 vs 塞里诺拉U19,,,,,,3-2,-1,,,D:\codex\v3_legacy\outputs\football_odds_trader\raw\titan007\20261010\20261010_223725_titan007_odds_snapshot.csv,MISSING_V4_SIDE_LINE_WATER_OR_TEAM,,,V4,2026-10-10T14:29:18+08:00,2026-10-10T14:29:18+08:00,2026-10-10T18:00:00+08:00,3.512,False,False,False
V4_SHADOW,3101201,2026-10-10,荷青U21,伊素美禾祖斯U21 vs 埃门后备队,,,,,,2-0,-1,,,D:\codex\v3_legacy\outputs\football_odds_trader\raw\titan007\20261010\20261010_223725_titan007_odds_snapshot.csv,MISSING_V4_SIDE_LINE_WATER_OR_TEAM,,,V4,2026-10-10T14:29:18+08:00,2026-10-10T14:29:18+08:00,2026-10-10T18:00:00+08:00,3.512,False,False,False
V4_SHADOW,3101027,2026-10-10,荷青U21,AFCU21 vs 幸运薛达U21,,,,,,3-5,-1,,,D:\codex\v3_legacy\outputs\football_odds_trader\raw\titan007\20261010\20261010_223725_titan007_odds_snapshot.csv,MISSING_V4_SIDE_LINE_WATER_OR_TEAM,,,V4,2026-10-10T14:29:18+08:00,2026-10-10T14:29:18+08:00,2026-10-10T18:15:00+08:00,3.762,False,False,False
V4_SHADOW,3101007,2026-10-10,西青U19,马德里体育会U19 vs 塔拉维亚U19,,,,,,4-1,-1,,,D:\codex\v3_legacy\outputs\football_odds_trader\raw\titan007\20261010\20261010_223725_titan007_odds_snapshot.csv,MISSING_V4_SIDE_LINE_WATER_OR_TEAM,,,V4,2026-10-10T14:29:18+08:00,2026-10-10T14:29:18+08:00,2026-10-10T18:00:00+08:00,3.512,False,False,False
V4_SHADOW,3026747,2026-10-10,土超,根克勒比利吉 vs 阿美德,阿美德,receiving,0.25,1.85,B,2-2,-1,HW,0.925,D:\codex\v3_legacy\outputs\football_odds_trader\raw\titan007\20261010\20261010_223725_titan007_odds_snapshot.csv,SETTLED,a26a450458205436acfe,,V4,2026-10-10T14:29:18+08:00,2026-10-10T14:29:18+08:00,2026-10-10T18:30:00+08:00,4.012,False,True,False
V4_SHADOW,3055081,2026-10-10,西协乙,伊巴B队 vs 巴斯科尼亚,,,,,,1-1,-1,,,D:\codex\v3_legacy\outputs\football_odds_trader\raw\titan007\20261010\20261010_223725_titan007_odds_snapshot.csv,MISSING_V4_SIDE_LINE_WATER_OR_TEAM,,,V4,2026-10-10T14:29:18+08:00,2026-10-10T14:29:18+08:00,2026-10-10T18:30:00+08:00,4.012,False,False,False
V4_SHADOW,3030166,2026-10-10,土甲,波卢斯堡 vs 安塔利亚体育,,,,,,0-1,-1,,,D:\codex\v3_legacy\outputs\football_odds_trader\raw\titan007\20261010\20261010_223725_titan007_odds_snapshot.csv,MISSING_V4_SIDE_LINE_WATER_OR_TEAM,,,V4,2026-10-10T14:29:18+08:00,2026-10-10T14:29:18+08:00,2026-10-10T18:30:00+08:00,4.012,False,False,False
V4_SHADOW,3035676,2026-10-10,乌克甲,普罗比霍洛登卡 vs SC波尔塔瓦,,,,,,3-2,-1,,,D:\codex\v3_legacy\outputs\football_odds_trader\raw\titan007\20261010\20261010_223725_titan007_odds_snapshot.csv,MISSING_V4_SIDE_LINE_WATER_OR_TEAM,,,V4,2026-10-10T14:29:18+08:00,2026-10-10T14:29:18+08:00,2026-10-10T18:30:00+08:00,4.012,False,False,False
V4_SHADOW,3101008,2026-10-10,西青U19,旧金山市U19 vs 卡塔赫纳U19,,,,,,1-2,-1,,,D:\codex\v3_legacy\outputs\football_odds_trader\raw\titan007\20261010\20261010_223725_titan007_odds_snapshot.csv,MISSING_V4_SIDE_LINE_WATER_OR_TEAM,,,V4,2026-10-10T14:29:18+08:00,2026-10-10T14:29:18+08:00,2026-10-10T18:30:00+08:00,4.012,False,False,False
V4_SHADOW,3101009,2026-10-10,西青U19,CD阿尔维斯U19 vs 瓦拉多利德U19,,,,,,2-3,-1,,,D:\codex\v3_legacy\outputs\football_odds_trader\raw\titan007\20261010\20261010_223725_titan007_odds_snapshot.csv,MISSING_V4_SIDE_LINE_WATER_OR_TEAM,,,V4,2026-10-10T14:29:18+08:00,2026-10-10T14:29:18+08:00,2026-10-10T18:30:00+08:00,4.012,False,False,False
V4_SHADOW,3019148,2026-10-10,德乙,达姆施塔特 vs 科特布斯,,,,,,3-1,-1,,,D:\codex\v3_legacy\outputs\football_odds_trader\raw\titan007\20261010\20261010_223725_titan007_odds_snapshot.csv,MISSING_V4_SIDE_LINE_WATER_OR_TEAM,,,V4,2026-10-10T14:29:18+08:00,2026-10-10T14:29:18+08:00,2026-10-10T19:00:00+08:00,4.512,False,False,False
V4_SHADOW,3019151,2026-10-10,德乙,马格德堡 vs 汉诺威96,,,,,,3-0,-1,,,D:\codex\v3_legacy\outputs\football_odds_trader\raw\titan007\20261010\20261010_223725_titan007_odds_snapshot.csv,MISSING_V4_SIDE_LINE_WATER_OR_TEAM,,,V4,2026-10-10T14:29:18+08:00,2026-10-10T14:29:18+08:00,2026-10-10T19:00:00+08:00,4.512,False,False,False
V4_SHADOW,3019154,2026-10-10,德乙,奥斯纳布鲁克 vs 德累斯顿,,,,,,1-1,-1,,,D:\codex\v3_legacy\outputs\football_odds_trader\raw\titan007\20261010\20261010_223725_titan007_odds_snapshot.csv,MISSING_V4_SIDE_LINE_WATER_OR_TEAM,,,V4,2026-10-10T14:29:18+08:00,2026-10-10T14:29:18+08:00,2026-10-10T19:00:00+08:00,4.512,False,False,False
V4_SHADOW,2914712,2026-10-10,瑞典甲,兰斯科罗纳 vs 桑德维根斯,,,,,,3-2,-1,,,D:\codex\v3_legacy\outputs\football_odds_trader\raw\titan007\20261010\20261010_223725_titan007_odds_snapshot.csv,MISSING_V4_SIDE_LINE_WATER_OR_TEAM,,,V4,2026-10-10T14:29:18+08:00,2026-10-10T14:29:18+08:00,2026-10-10T19:00:00+08:00,4.512,False,False,False
V4_SHADOW,3061534,2026-10-10,女欧U19,瑞士女足U19 vs 英格兰女足U19,,,,,,2-2,-1,,,D:\codex\v3_legacy\outputs\football_odds_trader\raw\titan007\20261010\20261010_223725_titan007_odds_snapshot.csv,MISSING_V4_SIDE_LINE_WATER_OR_TEAM,,,V4,2026-10-10T14:29:18+08:00,2026-10-10T14:29:18+08:00,2026-10-10T19:00:00+08:00,4.512,False,False,False
V4_SHADOW,2919933,2026-10-10,瑞典乙南,艾斯基斯迈 vs BK奥林匹克,,,,,,2-7,-1,,,D:\codex\v3_legacy\outputs\football_odds_trader\raw\titan007\20261010\20261010_223725_titan007_odds_snapshot.csv,MISSING_V4_SIDE_LINE_WATER_OR_TEAM,,,V4,2026-10-10T14:29:18+08:00,2026-10-10T14:29:18+08:00,2026-10-10T19:00:00+08:00,4.512,False,False,False
V4_SHADOW,2919934,2026-10-10,瑞典乙南,哈萨赫姆斯 vs 佐高平斯,,,,,,1-0,-1,,,D:\codex\v3_legacy\outputs\football_odds_trader\raw\titan007\20261010\20261010_223725_titan007_odds_snapshot.csv,MISSING_V4_SIDE_LINE_WATER_OR_TEAM,,,V4,2026-10-10T14:29:18+08:00,2026-10-10T14:29:18+08:00,2026-10-10T19:00:00+08:00,4.512,False,False,False
V4_SHADOW,2919937,2026-10-10,瑞典乙南,特雷勒堡 vs 克里斯堤斯塔,,,,,,2-0,-1,,,D:\codex\v3_legacy\outputs\football_odds_trader\raw\titan007\20261010\20261010_223725_titan007_odds_snapshot.csv,MISSING_V4_SIDE_LINE_WATER_OR_TEAM,,,V4,2026-10-10T14:29:18+08:00,2026-10-10T14:29:18+08:00,2026-10-10T19:00:00+08:00,4.512,False,False,False
V4_SHADOW,2920177,2026-10-10,瑞典乙北,卡尔堡斯 vs 维萨隆德,,,,,,3-3,-1,,,D:\codex\v3_legacy\outputs\football_odds_trader\raw\titan007\20261010\20261010_223725_titan007_odds_snapshot.csv,MISSING_V4_SIDE_LINE_WATER_OR_TEAM,,,V4,2026-10-10T14:29:18+08:00,2026-10-10T14:29:18+08:00,2026-10-10T19:00:00+08:00,4.512,False,False,False
V4_SHADOW,2951669,2026-10-10,中甲,大连鲲城 vs 长春亚泰,,,,,,1-1,-1,,,D:\codex\v3_legacy\outputs\football_odds_trader\raw\titan007\20261010\20261010_223725_titan007_odds_snapshot.csv,MISSING_V4_SIDE_LINE_WATER_OR_TEAM,,,V4,2026-10-10T14:29:18+08:00,2026-10-10T14:29:18+08:00,2026-10-10T19:00:00+08:00,4.512,False,False,False
V4_SHADOW,2951670,2026-10-10,中甲,苏州东吴 vs 石家庄功夫,,,,,,0-0,-1,,,D:\codex\v3_legacy\outputs\football_odds_trader\raw\titan007\20261010\20261010_223725_titan007_odds_snapshot.csv,MISSING_V4_SIDE_LINE_WATER_OR_TEAM,,,V4,2026-10-10T14:29:18+08:00,2026-10-10T14:29:18+08:00,2026-10-10T19:00:00+08:00,4.512,False,False,False
V4_SHADOW,3086367,2026-10-10,芬乙D升,中新地 vs 莎埃帕,,,,,,0-4,-1,,,D:\codex\v3_legacy\outputs\football_odds_trader\raw\titan007\20261010\20261010_223725_titan007_odds_snapshot.csv,MISSING_V4_SIDE_LINE_WATER_OR_TEAM,,,V4,2026-10-10T14:29:18+08:00,2026-10-10T14:29:18+08:00,2026-10-10T19:00:00+08:00,4.512,False,False,False
V4_SHADOW,2998124,2026-10-10,丹麦甲,希勒罗德 vs 弗雷德里西亚,,,,,,0-2,-1,,,D:\codex\v3_legacy\outputs\football_odds_trader\raw\titan007\20261010\20261010_223725_titan007_odds_snapshot.csv,MISSING_V4_SIDE_LINE_WATER_OR_TEAM,,,V4,2026-10-10T14:29:18+08:00,2026-10-10T14:29:18+08:00,2026-10-10T19:00:00+08:00,4.512,False,False,False
V4_SHADOW,3085270,2026-10-10,越南联,海防水泥队 vs 清化,,,,,,1-2,-1,,,D:\codex\v3_legacy\outputs\football_odds_trader\raw\titan007\20261010\20261010_223725_titan007_odds_snapshot.csv,MISSING_V4_SIDE_LINE_WATER_OR_TEAM,,,V4,2026-10-10T14:29:18+08:00,2026-10-10T14:29:18+08:00,2026-10-10T19:00:00+08:00,4.512,False,False,False
V4_SHADOW,3085271,2026-10-10,越南联,南定 vs 宁平FC,,,,,,1-1,-1,,,D:\codex\v3_legacy\outputs\football_odds_trader\raw\titan007\20261010\20261010_223725_titan007_odds_snapshot.csv,MISSING_V4_SIDE_LINE_WATER_OR_TEAM,,,V4,2026-10-10T14:29:18+08:00,2026-10-10T14:29:18+08:00,2026-10-10T19:00:00+08:00,4.512,False,False,False
V4_SHADOW,3021998,2026-10-10,俄甲,列宁格勒达 vs 莫斯科鱼雷,,,,,,1-3,-1,,,D:\codex\v3_legacy\outputs\football_odds_trader\raw\titan007\20261010\20261010_223725_titan007_odds_snapshot.csv,MISSING_V4_SIDE_LINE_WATER_OR_TEAM,,,V4,2026-10-10T14:29:18+08:00,2026-10-10T14:29:18+08:00,2026-10-10T19:00:00+08:00,4.512,False,False,False
V4_SHADOW,2940756,2026-10-10,拉脱超,图库姆斯 vs 里加FC,,,,,,0-2,-1,,,D:\codex\v3_legacy\outputs\football_odds_trader\raw\titan007\20261010\20261010_223725_titan007_odds_snapshot.csv,MISSING_V4_SIDE_LINE_WATER_OR_TEAM,,,V4,2026-10-10T14:29:18+08:00,2026-10-10T14:29:18+08:00,2026-10-10T19:00:00+08:00,4.512,False,False,False
V4_SHADOW,3018501,2026-10-10,匈乙,卡辛巴斯凯 vs 卡格SE,,,,,,3-0,-1,,,D:\codex\v3_legacy\outputs\football_odds_trader\raw\titan007\20261010\20261010_223725_titan007_odds_snapshot.csv,MISSING_V4_SIDE_LINE_WATER_OR_TEAM,,,V4,2026-10-10T14:29:18+08:00,2026-10-10T14:29:18+08:00,2026-10-10T19:00:00+08:00,4.512,False,False,False
V4_SHADOW,2998372,2026-10-10,北马其甲,阿尔西米 vs 施历斯,,,,,,1-1,-1,,,D:\codex\v3_legacy\outputs\football_odds_trader\raw\titan007\20261010\20261010_223725_titan007_odds_snapshot.csv,MISSING_V4_SIDE_LINE_WATER_OR_TEAM,,,V4,2026-10-10T14:29:18+08:00,2026-10-10T14:29:18+08:00,2026-10-10T19:00:00+08:00,4.512,False,False,False
V4_SHADOW,2953386,2026-10-10,哈萨克超,杜堡尔 vs 阿斯塔纳,,,,,,2-1,-1,,,D:\codex\v3_legacy\outputs\football_odds_trader\raw\titan007\20261010\20261010_223725_titan007_odds_snapshot.csv,MISSING_V4_SIDE_LINE_WATER_OR_TEAM,7fd91843a05d2c8c9f21,RUN_20261010_193724,V4,2026-10-10T14:29:18+08:00,2026-10-10T14:29:18+08:00,2026-10-10T20:00:00+08:00,5.512,False,False,False
V4_SHADOW,2953388,2026-10-10,哈萨克超,叶利迈塞米 vs 阿克托比,,,,,,1-3,-1,,,D:\codex\v3_legacy\outputs\football_odds_trader\raw\titan007\20261010\20261010_223725_titan007_odds_snapshot.csv,MISSING_V4_SIDE_LINE_WATER_OR_TEAM,,,V4,2026-10-10T14:29:18+08:00,2026-10-10T14:29:18+08:00,2026-10-10T19:00:00+08:00,4.512,False,False,False
V4_SHADOW,2957262,2026-10-10,拉脱甲,瓦尔米耶拉 vs 超级星B队,,,,,,1-1,-1,,,D:\codex\v3_legacy\outputs\football_odds_trader\raw\titan007\20261010\20261010_223725_titan007_odds_snapshot.csv,MISSING_V4_SIDE_LINE_WATER_OR_TEAM,,,V4,2026-10-10T14:29:18+08:00,2026-10-10T14:29:18+08:00,2026-10-10T19:00:00+08:00,4.512,False,False,False
V4_SHADOW,3100338,2026-10-10,中女超,广东广州数科女足 vs 山东女足,,,,,,0-0,-1,,,D:\codex\v3_legacy\outputs\football_odds_trader\raw\titan007\20261010\20261010_223725_titan007_odds_snapshot.csv,MISSING_V4_SIDE_LINE_WATER_OR_TEAM,,,V4,2026-10-10T14:29:18+08:00,2026-10-10T14:29:18+08:00,2026-10-10T19:00:00+08:00,4.512,False,False,False
V4_SHADOW,3021039,2026-10-10,丹麦丙,希尔星格 vs ASA阿晓斯,,,,,,2-1,-1,,,D:\codex\v3_legacy\outputs\football_odds_trader\raw\titan007\20261010\20261010_223725_titan007_odds_snapshot.csv,MISSING_V4_SIDE_LINE_WATER_OR_TEAM,,,V4,2026-10-10T14:29:18+08:00,2026-10-10T14:29:18+08:00,2026-10-10T19:00:00+08:00,4.512,False,False,False
V4_SHADOW,3021040,2026-10-10,丹麦丙,灵斯泰德 vs 赫斯霍尔姆,,,,,,2-4,-1,,,D:\codex\v3_legacy\outputs\football_odds_trader\raw\titan007\20261010\20261010_223725_titan007_odds_snapshot.csv,MISSING_V4_SIDE_LINE_WATER_OR_TEAM,,,V4,2026-10-10T14:29:18+08:00,2026-10-10T14:29:18+08:00,2026-10-10T19:00:00+08:00,4.512,False,False,False
V4_SHADOW,2926823,2026-10-10,瑞典丙SS,FF林度 vs 奥雷布洛西里安斯卡,,,,,,1-2,-1,,,D:\codex\v3_legacy\outputs\football_odds_trader\raw\titan007\20261010\20261010_223725_titan007_odds_snapshot.csv,MISSING_V4_SIDE_LINE_WATER_OR_TEAM,,,V4,2026-10-10T14:29:18+08:00,2026-10-10T14:29:18+08:00,2026-10-10T19:00:00+08:00,4.512,False,False,False
V4_SHADOW,2927370,2026-10-10,瑞典丙NG,IK多特 vs 格雷柏斯塔德,,,,,,1-1,-1,,,D:\codex\v3_legacy\outputs\football_odds_trader\raw\titan007\20261010\20261010_223725_titan007_odds_snapshot.csv,MISSING_V4_SIDE_LINE_WATER_OR_TEAM,,,V4,2026-10-10T14:29:18+08:00,2026-10-10T14:29:18+08:00,2026-10-10T19:00:00+08:00,4.512,False,False,False
V4_SHADOW,2927554,2026-10-10,瑞典丙NS,安斯基德 vs 斯基积堡,,,,,,1-0,-1,,,D:\codex\v3_legacy\outputs\football_odds_trader\raw\titan007\20261010\20261010_223725_titan007_odds_snapshot.csv,MISSING_V4_SIDE_LINE_WATER_OR_TEAM,,,V4,2026-10-10T14:29:18+08:00,2026-10-10T14:29:18+08:00,2026-10-10T19:00:00+08:00,4.512,False,False,False
V4_SHADOW,3037125,2026-10-10,泰超,巴吞联 vs 阿尤塔亚联,,,,,,1-1,-1,,,D:\codex\v3_legacy\outputs\football_odds_trader\raw\titan007\20261010\20261010_223725_titan007_odds_snapshot.csv,MISSING_V4_SIDE_LINE_WATER_OR_TEAM,,,V4,2026-10-10T14:29:18+08:00,2026-10-10T14:29:18+08:00,2026-10-10T19:00:00+08:00,4.512,False,False,False
V4_SHADOW,3087899,2026-10-10,匈U19,华萨斯U19 vs 汉维特U19,,,,,,0-5,-1,,,D:\codex\v3_legacy\outputs\football_odds_trader\raw\titan007\20261010\20261010_223725_titan007_odds_snapshot.csv,MISSING_V4_SIDE_LINE_WATER_OR_TEAM,,,V4,2026-10-10T14:29:18+08:00,2026-10-10T14:29:18+08:00,2026-10-10T19:00:00+08:00,4.512,False,False,False
V4_SHADOW,3031211,2026-10-10,立陶乙,巴布伦加斯 vs 莱塔维,,,,,,2-0,-1,,,D:\codex\v3_legacy\outputs\football_odds_trader\raw\titan007\20261010\20261010_223725_titan007_odds_snapshot.csv,MISSING_V4_SIDE_LINE_WATER_OR_TEAM,,,V4,2026-10-10T14:29:18+08:00,2026-10-10T14:29:18+08:00,2026-10-10T19:00:00+08:00,4.512,False,False,False
V4_SHADOW,3031212,2026-10-10,立陶乙,加尔利阿瓦 vs 亚莫斯菲拉,,,,,,0-0,-1,,,D:\codex\v3_legacy\outputs\football_odds_trader\raw\titan007\20261010\20261010_223725_titan007_odds_snapshot.csv,MISSING_V4_SIDE_LINE_WATER_OR_TEAM,,,V4,2026-10-10T14:29:18+08:00,2026-10-10T14:29:18+08:00,2026-10-10T19:00:00+08:00,4.512,False,False,False
V4_SHADOW,3031213,2026-10-10,立陶乙,FK海王星克莱佩达 vs 黑格曼利图恩B队,,,,,,0-1,-1,,,D:\codex\v3_legacy\outputs\football_odds_trader\raw\titan007\20261010\20261010_223725_titan007_odds_snapshot.csv,MISSING_V4_SIDE_LINE_WATER_OR_TEAM,,,V4,2026-10-10T14:29:18+08:00,2026-10-10T14:29:18+08:00,2026-10-10T19:00:00+08:00,4.512,False,False,False
V4_SHADOW,3047505,2026-10-10,泰甲,佛统联 vs 蒙通联,,,,,,1-0,-1,,,D:\codex\v3_legacy\outputs\football_odds_trader\raw\titan007\20261010\20261010_223725_titan007_odds_snapshot.csv,MISSING_V4_SIDE_LINE_WATER_OR_TEAM,,,V4,2026-10-10T14:29:18+08:00,2026-10-10T14:29:18+08:00,2026-10-10T19:00:00+08:00,4.512,False,False,False
V4_SHADOW,3099335,2026-10-10,泰乙北,清迈 vs 北那空美索联,,,,,,2-1,-1,,,D:\codex\v3_legacy\outputs\football_odds_trader\raw\titan007\20261010\20261010_223725_titan007_odds_snapshot.csv,MISSING_V4_SIDE_LINE_WATER_OR_TEAM,,,V4,2026-10-10T14:29:18+08:00,2026-10-10T14:29:18+08:00,2026-10-10T19:00:00+08:00,4.512,False,False,False
V4_SHADOW,3099340,2026-10-10,泰乙西,尚卡汶里 vs 沙没颂堪城市,,,,,,2-1,-1,,,D:\codex\v3_legacy\outputs\football_odds_trader\raw\titan007\20261010\20261010_223725_titan007_odds_snapshot.csv,MISSING_V4_SIDE_LINE_WATER_OR_TEAM,,,V4,2026-10-10T14:29:18+08:00,2026-10-10T14:29:18+08:00,2026-10-10T19:00:00+08:00,4.512,False,False,False
V4_SHADOW,3099341,2026-10-10,泰乙西,塔普朗联合 vs 沙木沙克,,,,,,2-0,-1,,,D:\codex\v3_legacy\outputs\football_odds_trader\raw\titan007\20261010\20261010_223725_titan007_odds_snapshot.csv,MISSING_V4_SIDE_LINE_WATER_OR_TEAM,,,V4,2026-10-10T14:29:18+08:00,2026-10-10T14:29:18+08:00,2026-10-10T19:00:00+08:00,4.512,False,False,False
V4_SHADOW,3099346,2026-10-10,泰乙南,纳雄寺联 vs 亚拉城俱乐部,,,,,,1-0,-1,,,D:\codex\v3_legacy\outputs\football_odds_trader\raw\titan007\20261010\20261010_223725_titan007_odds_snapshot.csv,MISSING_V4_SIDE_LINE_WATER_OR_TEAM,,,V4,2026-10-10T14:29:18+08:00,2026-10-10T14:29:18+08:00,2026-10-10T19:00:00+08:00,4.512,False,False,False
V4_SHADOW,3101210,2026-10-10,波兰丙,阿尔卡格丁尼亚B队 vs 斯扎尼,,,,,,1-1,-1,,,D:\codex\v3_legacy\outputs\football_odds_trader\raw\titan007\20261010\20261010_223725_titan007_odds_snapshot.csv,MISSING_V4_SIDE_LINE_WATER_OR_TEAM,,,V4,2026-10-10T14:29:18+08:00,2026-10-10T14:29:18+08:00,2026-10-10T19:00:00+08:00,4.512,False,False,False
V4_SHADOW,3098277,2026-10-10,匈丙,布达弗基MTE vs 梅奥SE,,,,,,3-3,-1,,,D:\codex\v3_legacy\outputs\football_odds_trader\raw\titan007\20261010\20261010_223725_titan007_odds_snapshot.csv,MISSING_V4_SIDE_LINE_WATER_OR_TEAM,,,V4,2026-10-10T14:29:18+08:00,2026-10-10T14:29:18+08:00,2026-10-10T19:00:00+08:00,4.512,False,False,False
V4_SHADOW,3098278,2026-10-10,匈丙,切贝尔 vs 塞格德VSE,,,,,,1-1,-1,,,D:\codex\v3_legacy\outputs\football_odds_trader\raw\titan007\20261010\20261010_223725_titan007_odds_snapshot.csv,MISSING_V4_SIDE_LINE_WATER_OR_TEAM,,,V4,2026-10-10T14:29:18+08:00,2026-10-10T14:29:18+08:00,2026-10-10T19:00:00+08:00,4.512,False,False,False
V4_SHADOW,3098279,2026-10-10,匈丙,索普龙 vs 科马罗姆VSE,,,,,,3-0,-1,,,D:\codex\v3_legacy\outputs\football_odds_trader\raw\titan007\20261010\20261010_223725_titan007_odds_snapshot.csv,MISSING_V4_SIDE_LINE_WATER_OR_TEAM,,,V4,2026-10-10T14:29:18+08:00,2026-10-10T14:29:18+08:00,2026-10-10T19:00:00+08:00,4.512,False,False,False
V4_SHADOW,3098280,2026-10-10,匈丙,魔王SC vs 埃格尔,,,,,,1-1,-1,,,D:\codex\v3_legacy\outputs\football_odds_trader\raw\titan007\20261010\20261010_223725_titan007_odds_snapshot.csv,MISSING_V4_SIDE_LINE_WATER_OR_TEAM,,,V4,2026-10-10T14:29:18+08:00,2026-10-10T14:29:18+08:00,2026-10-10T19:00:00+08:00,4.512,False,False,False
V4_SHADOW,3098283,2026-10-10,匈丙,克鲁勒 vs 萨佐诺克,,,,,,1-1,-1,,,D:\codex\v3_legacy\outputs\football_odds_trader\raw\titan007\20261010\20261010_223725_titan007_odds_snapshot.csv,MISSING_V4_SIDE_LINE_WATER_OR_TEAM,,,V4,2026-10-10T14:29:18+08:00,2026-10-10T14:29:18+08:00,2026-10-10T19:00:00+08:00,4.512,False,False,False
V4_SHADOW,3098285,2026-10-10,匈丙,马特斯扎凯 vs 西甘德,,,,,,0-1,-1,,,D:\codex\v3_legacy\outputs\football_odds_trader\raw\titan007\20261010\20261010_223725_titan007_odds_snapshot.csv,MISSING_V4_SIDE_LINE_WATER_OR_TEAM,,,V4,2026-10-10T14:29:18+08:00,2026-10-10T14:29:18+08:00,2026-10-10T19:00:00+08:00,4.512,False,False,False
V4_SHADOW,3098286,2026-10-10,匈丙,米诺利 vs 贝斯萨巴,,,,,,0-2,-1,,,D:\codex\v3_legacy\outputs\football_odds_trader\raw\titan007\20261010\20261010_223725_titan007_odds_snapshot.csv,MISSING_V4_SIDE_LINE_WATER_OR_TEAM,,,V4,2026-10-10T14:29:18+08:00,2026-10-10T14:29:18+08:00,2026-10-10T19:00:00+08:00,4.512,False,False,False
V4_SHADOW,3098291,2026-10-10,匈丙,塔塔班亚 vs 扎拉格尔泽吉B队,,,,,,3-0,-1,,,D:\codex\v3_legacy\outputs\football_odds_trader\raw\titan007\20261010\20261010_223725_titan007_odds_snapshot.csv,MISSING_V4_SIDE_LINE_WATER_OR_TEAM,,,V4,2026-10-10T14:29:18+08:00,2026-10-10T14:29:18+08:00,2026-10-10T19:00:00+08:00,4.512,False,False,False
V4_SHADOW,3099560,2026-10-10,匈丙,思力FC vs 费伦斯华路士B队,,,,,,1-4,-1,,,D:\codex\v3_legacy\outputs\football_odds_trader\raw\titan007\20261010\20261010_223725_titan007_odds_snapshot.csv,MISSING_V4_SIDE_LINE_WATER_OR_TEAM,,,V4,2026-10-10T14:29:18+08:00,2026-10-10T14:29:18+08:00,2026-10-10T19:00:00+08:00,4.512,False,False,False
V4_SHADOW,3100934,2026-10-10,印西隆联,里斯SC vs 隆克赛SCC,,,,,,1-1,-1,,,D:\codex\v3_legacy\outputs\football_odds_trader\raw\titan007\20261010\20261010_223725_titan007_odds_snapshot.csv,MISSING_V4_SIDE_LINE_WATER_OR_TEAM,,,V4,2026-10-10T14:29:18+08:00,2026-10-10T14:29:18+08:00,2026-10-10T19:00:00+08:00,4.512,False,False,False
V4_SHADOW,3101030,2026-10-10,马代超,马纪亚 vs 维克托利联,,,,,,2-2,-1,,,D:\codex\v3_legacy\outputs\football_odds_trader\raw\titan007\20261010\20261010_223725_titan007_odds_snapshot.csv,MISSING_V4_SIDE_LINE_WATER_OR_TEAM,,,V4,2026-10-10T14:29:18+08:00,2026-10-10T14:29:18+08:00,2026-10-10T19:00:00+08:00,4.512,False,False,False
V4_SHADOW,3101002,2026-10-10,西青U19,特内里费U19 vs 索夫拉迪略U19,,,,,,5-0,-1,,,D:\codex\v3_legacy\outputs\football_odds_trader\raw\titan007\20261010\20261010_223725_titan007_odds_snapshot.csv,MISSING_V4_SIDE_LINE_WATER_OR_TEAM,,,V4,2026-10-10T14:29:18+08:00,2026-10-10T14:29:18+08:00,2026-10-10T19:00:00+08:00,4.512,False,False,False
V4_SHADOW,3085353,2026-10-10,越南甲,贝卡麦克斯 vs 林同,,,,,,3-1,-1,,,D:\codex\v3_legacy\outputs\football_odds_trader\raw\titan007\20261010\20261010_223725_titan007_odds_snapshot.csv,MISSING_V4_SIDE_LINE_WATER_OR_TEAM,,,V4,2026-10-10T14:29:18+08:00,2026-10-10T14:29:18+08:00,2026-10-10T19:00:00+08:00,4.512,False,False,False
V4_SHADOW,3085354,2026-10-10,越南甲,兴安 vs 宣天富,,,,,,8-1,-1,,,D:\codex\v3_legacy\outputs\football_odds_trader\raw\titan007\20261010\20261010_223725_titan007_odds_snapshot.csv,MISSING_V4_SIDE_LINE_WATER_OR_TEAM,,,V4,2026-10-10T14:29:18+08:00,2026-10-10T14:29:18+08:00,2026-10-10T19:00:00+08:00,4.512,False,False,False
V4_SHADOW,2967544,2026-10-10,挪丙,奥斯陆火车头 vs 康尼鲁德,,,,,,3-2,-1,,,D:\codex\v3_legacy\outputs\football_odds_trader\raw\titan007\20261010\20261010_223725_titan007_odds_snapshot.csv,MISSING_V4_SIDE_LINE_WATER_OR_TEAM,,,V4,2026-10-10T14:29:18+08:00,2026-10-10T14:29:18+08:00,2026-10-10T19:00:00+08:00,4.512,False,False,False
V4_SHADOW,2967545,2026-10-10,挪丙,瑞迪 vs 卡尔伯纳联盟,,,,,,4-0,-1,,,D:\codex\v3_legacy\outputs\football_odds_trader\raw\titan007\20261010\20261010_223725_titan007_odds_snapshot.csv,MISSING_V4_SIDE_LINE_WATER_OR_TEAM,,,V4,2026-10-10T14:29:18+08:00,2026-10-10T14:29:18+08:00,2026-10-10T19:00:00+08:00,4.512,False,False,False
V4_SHADOW,2967546,2026-10-10,挪丙,乌拉恩 vs 格雷,,,,,,0-2,-1,,,D:\codex\v3_legacy\outputs\football_odds_trader\raw\titan007\20261010\20261010_223725_titan007_odds_snapshot.csv,MISSING_V4_SIDE_LINE_WATER_OR_TEAM,,,V4,2026-10-10T14:29:18+08:00,2026-10-10T14:29:18+08:00,2026-10-10T19:00:00+08:00,4.512,False,False,False
V4_SHADOW,2967726,2026-10-10,挪丙,尼堤努 vs 沃尔达,,,,,,1-0,-1,,,D:\codex\v3_legacy\outputs\football_odds_trader\raw\titan007\20261010\20261010_223725_titan007_odds_snapshot.csv,MISSING_V4_SIDE_LINE_WATER_OR_TEAM,,,V4,2026-10-10T14:29:18+08:00,2026-10-10T14:29:18+08:00,2026-10-10T19:00:00+08:00,4.512,False,False,False
V4_SHADOW,2994856,2026-10-10,立陶甲,扎尔吉里斯 vs 苏杜瓦,,,,,,4-0,-1,,,D:\codex\v3_legacy\outputs\football_odds_trader\raw\titan007\20261010\20261010_223725_titan007_odds_snapshot.csv,MISSING_V4_SIDE_LINE_WATER_OR_TEAM,,,V4,2026-10-10T14:29:18+08:00,2026-10-10T14:29:18+08:00,2026-10-10T19:15:00+08:00,4.762,False,False,False
V4_SHADOW,3098281,2026-10-10,匈丙,格德勒 vs 蒂萨法维斯,,,,,,3-0,-1,,,D:\codex\v3_legacy\outputs\football_odds_trader\raw\titan007\20261010\20261010_223725_titan007_odds_snapshot.csv,MISSING_V4_SIDE_LINE_WATER_OR_TEAM,,,V4,2026-10-10T14:29:18+08:00,2026-10-10T14:29:18+08:00,2026-10-10T19:00:00+08:00,4.512,False,False,False
V4_SHADOW,3003899,2026-10-10,英超,阿森纳 vs 利兹联,阿森纳,giving,-1.25,0.95,A,2-1,-1,HL,-0.5,D:\codex\v3_legacy\outputs\football_odds_trader\raw\titan007\20261010\20261010_223725_titan007_odds_snapshot.csv,SETTLED,9780c15bd3eaf14fdfb4,,V4,2026-10-10T14:29:18+08:00,2026-10-10T14:29:18+08:00,2026-10-10T19:30:00+08:00,5.012,False,True,False
V4_SHADOW,3008249,2026-10-10,英冠,查尔顿 vs 布里斯托城,,,,,,1-1,-1,,,D:\codex\v3_legacy\outputs\football_odds_trader\raw\titan007\20261010\20261010_223725_titan007_odds_snapshot.csv,MISSING_V4_SIDE_LINE_WATER_OR_TEAM,,,V4,2026-10-10T14:29:18+08:00,2026-10-10T14:29:18+08:00,2026-10-10T19:30:00+08:00,5.012,False,False,False
V4_SHADOW,3008255,2026-10-10,英冠,西布罗姆维奇 vs 伯明翰,,,,,,0-1,-1,,,D:\codex\v3_legacy\outputs\football_odds_trader\raw\titan007\20261010\20261010_223725_titan007_odds_snapshot.csv,MISSING_V4_SIDE_LINE_WATER_OR_TEAM,,,V4,2026-10-10T14:29:18+08:00,2026-10-10T14:29:18+08:00,2026-10-10T19:30:00+08:00,5.012,False,False,False
V4_SHADOW,3008259,2026-10-10,英冠,斯旺西 vs 诺维奇,,,,,,2-1,-1,,,D:\codex\v3_legacy\outputs\football_odds_trader\raw\titan007\20261010\20261010_223725_titan007_odds_snapshot.csv,MISSING_V4_SIDE_LINE_WATER_OR_TEAM,,,V4,2026-10-10T14:29:18+08:00,2026-10-10T14:29:18+08:00,2026-10-10T19:30:00+08:00,5.012,False,False,False
V4_SHADOW,3007146,2026-10-10,英甲,诺茨郡 vs 牛津联队,,,,,,1-2,-1,,,D:\codex\v3_legacy\outputs\football_odds_trader\raw\titan007\20261010\20261010_223725_titan007_odds_snapshot.csv,MISSING_V4_SIDE_LINE_WATER_OR_TEAM,,,V4,2026-10-10T14:29:18+08:00,2026-10-10T14:29:18+08:00,2026-10-10T19:30:00+08:00,5.012,False,False,False
V4_SHADOW,3007147,2026-10-10,英甲,普利茅斯 vs AFC温布尔登,,,,,,2-1,-1,,,D:\codex\v3_legacy\outputs\football_odds_trader\raw\titan007\20261010\20261010_223725_titan007_odds_snapshot.csv,MISSING_V4_SIDE_LINE_WATER_OR_TEAM,,,V4,2026-10-10T14:29:18+08:00,2026-10-10T14:29:18+08:00,2026-10-10T19:30:00+08:00,5.012,False,False,False
V4_SHADOW,3007702,2026-10-10,英乙,奥德汉姆 vs 阿克灵顿,,,,,,0-0,-1,,,D:\codex\v3_legacy\outputs\football_odds_trader\raw\titan007\20261010\20261010_223725_titan007_odds_snapshot.csv,MISSING_V4_SIDE_LINE_WATER_OR_TEAM,,,V4,2026-10-10T14:29:18+08:00,2026-10-10T14:29:18+08:00,2026-10-10T19:30:00+08:00,5.012,False,False,False
V4_SHADOW,3007706,2026-10-10,英乙,斯文登 vs 克鲁,,,,,,0-1,-1,,,D:\codex\v3_legacy\outputs\football_odds_trader\raw\titan007\20261010\20261010_223725_titan007_odds_snapshot.csv,MISSING_V4_SIDE_LINE_WATER_OR_TEAM,,,V4,2026-10-10T14:29:18+08:00,2026-10-10T14:29:18+08:00,2026-10-10T19:30:00+08:00,5.012,False,False,False
V4_SHADOW,3027816,2026-10-10,英议联,奥特林查姆 vs 奥尔德肖特,,,,,,3-1,-1,,,D:\codex\v3_legacy\outputs\football_odds_trader\raw\titan007\20261010\20261010_223725_titan007_odds_snapshot.csv,MISSING_V4_SIDE_LINE_WATER_OR_TEAM,,,V4,2026-10-10T14:29:18+08:00,2026-10-10T14:29:18+08:00,2026-10-10T19:30:00+08:00,5.012,False,False,False
V4_SHADOW,3027817,2026-10-10,英议联,卡利斯尔联 vs 京达米士特,,,,,,0-0,-1,,,D:\codex\v3_legacy\outputs\football_odds_trader\raw\titan007\20261010\20261010_223725_titan007_odds_snapshot.csv,MISSING_V4_SIDE_LINE_WATER_OR_TEAM,,,V4,2026-10-10T14:29:18+08:00,2026-10-10T14:29:18+08:00,2026-10-10T19:30:00+08:00,5.012,False,False,False
V4_SHADOW,3023118,2026-10-10,荷丙,快速男孩 vs 卡特韦克,,,,,,6-0,-1,,,D:\codex\v3_legacy\outputs\football_odds_trader\raw\titan007\20261010\20261010_223725_titan007_odds_snapshot.csv,MISSING_V4_SIDE_LINE_WATER_OR_TEAM,,,V4,2026-10-10T14:29:18+08:00,2026-10-10T14:29:18+08:00,2026-10-10T19:30:00+08:00,5.012,False,False,False
V4_SHADOW,2951671,2026-10-10,中甲,梅州客家 vs 无锡吴钩,,,,,,0-3,-1,,,D:\codex\v3_legacy\outputs\football_odds_trader\raw\titan007\20261010\20261010_223725_titan007_odds_snapshot.csv,MISSING_V4_SIDE_LINE_WATER_OR_TEAM,,,V4,2026-10-10T14:29:18+08:00,2026-10-10T14:29:18+08:00,2026-10-10T19:30:00+08:00,5.012,False,False,False
V4_SHADOW,2998123,2026-10-10,丹麦甲,埃斯比约 vs 奥尔堡,,,,,,3-3,-1,,,D:\codex\v3_legacy\outputs\football_odds_trader\raw\titan007\20261010\20261010_223725_titan007_odds_snapshot.csv,MISSING_V4_SIDE_LINE_WATER_OR_TEAM,,,V4,2026-10-10T14:29:18+08:00,2026-10-10T14:29:18+08:00,2026-10-10T19:30:00+08:00,5.012,False,False,False
V4_SHADOW,3047391,2026-10-10,新加坡联,芽笼国际 vs 裕廊,,,,,,3-1,-1,,,D:\codex\v3_legacy\outputs\football_odds_trader\raw\titan007\20261010\20261010_223725_titan007_odds_snapshot.csv,MISSING_V4_SIDE_LINE_WATER_OR_TEAM,,,V4,2026-10-10T14:29:18+08:00,2026-10-10T14:29:18+08:00,2026-10-10T19:30:00+08:00,5.012,False,False,False
V4_SHADOW,2931454,2026-10-10,爱沙甲,诺梅卡柳 vs 哈留足球学院,,,,,,0-1,-1,,,D:\codex\v3_legacy\outputs\football_odds_trader\raw\titan007\20261010\20261010_223725_titan007_odds_snapshot.csv,MISSING_V4_SIDE_LINE_WATER_OR_TEAM,,,V4,2026-10-10T14:29:18+08:00,2026-10-10T14:29:18+08:00,2026-10-10T19:30:00+08:00,5.012,False,False,False
V4_SHADOW,2931455,2026-10-10,爱沙甲,派尔努瓦普斯 vs 纳尔瓦,,,,,,2-2,-1,,,D:\codex\v3_legacy\outputs\football_odds_trader\raw\titan007\20261010\20261010_223725_titan007_odds_snapshot.csv,MISSING_V4_SIDE_LINE_WATER_OR_TEAM,,,V4,2026-10-10T14:29:18+08:00,2026-10-10T14:29:18+08:00,2026-10-10T19:30:00+08:00,5.012,False,False,False
V4_SHADOW,3032253,2026-10-10,土乙白,锡巴特 vs 阿卡沙雷士邦,,,,,,1-1,-1,,,D:\codex\v3_legacy\outputs\football_odds_trader\raw\titan007\20261010\20261010_223725_titan007_odds_snapshot.csv,MISSING_V4_SIDE_LINE_WATER_OR_TEAM,,,V4,2026-10-10T14:29:18+08:00,2026-10-10T14:29:18+08:00,2026-10-10T19:30:00+08:00,5.012,False,False,False
V4_SHADOW,3038460,2026-10-10,土乙红,宾高尔 vs 卡赫拉曼马拉什,,,,,,2-1,-1,,,D:\codex\v3_legacy\outputs\football_odds_trader\raw\titan007\20261010\20261010_223725_titan007_odds_snapshot.csv,MISSING_V4_SIDE_LINE_WATER_OR_TEAM,,,V4,2026-10-10T14:29:18+08:00,2026-10-10T14:29:18+08:00,2026-10-10T19:30:00+08:00,5.012,False,False,False
V4_SHADOW,2924139,2026-10-10,格鲁甲,梅夏特堤基布利 vs 伊比利亚1999,,,,,,1-2,-1,,,D:\codex\v3_legacy\outputs\football_odds_trader\raw\titan007\20261010\20261010_223725_titan007_odds_snapshot.csv,MISSING_V4_SIDE_LINE_WATER_OR_TEAM,,,V4,2026-10-10T14:29:18+08:00,2026-10-10T14:29:18+08:00,2026-10-10T19:30:00+08:00,5.012,False,False,False
V4_SHADOW,3080890,2026-10-10,阿尔巴甲,拜利斯 vs 佩帕里米,,,,,,1-0,-1,,,D:\codex\v3_legacy\outputs\football_odds_trader\raw\titan007\20261010\20261010_223725_titan007_odds_snapshot.csv,MISSING_V4_SIDE_LINE_WATER_OR_TEAM,,,V4,2026-10-10T14:29:18+08:00,2026-10-10T14:29:18+08:00,2026-10-10T19:30:00+08:00,5.012,False,False,False
V4_SHADOW,3080894,2026-10-10,阿尔巴甲,法拿莫达利 vs 利布拉什德,,,,,,2-0,-1,,,D:\codex\v3_legacy\outputs\football_odds_trader\raw\titan007\20261010\20261010_223725_titan007_odds_snapshot.csv,MISSING_V4_SIDE_LINE_WATER_OR_TEAM,,,V4,2026-10-10T14:29:18+08:00,2026-10-10T14:29:18+08:00,2026-10-10T19:30:00+08:00,5.012,False,False,False
V4_SHADOW,3100859,2026-10-10,印度超,邦加罗尔 vs 德里,,,,,,3-2,-1,,,D:\codex\v3_legacy\outputs\football_odds_trader\raw\titan007\20261010\20261010_223725_titan007_odds_snapshot.csv,MISSING_V4_SIDE_LINE_WATER_OR_TEAM,,,V4,2026-10-10T14:29:18+08:00,2026-10-10T14:29:18+08:00,2026-10-10T19:30:00+08:00,5.012,False,False,False
V4_SHADOW,3037126,2026-10-10,泰超,武里南联 vs 罗勇,,,,,,3-2,-1,,,D:\codex\v3_legacy\outputs\football_odds_trader\raw\titan007\20261010\20261010_223725_titan007_odds_snapshot.csv,MISSING_V4_SIDE_LINE_WATER_OR_TEAM,,,V4,2026-10-10T14:29:18+08:00,2026-10-10T14:29:18+08:00,2026-10-10T19:30:00+08:00,5.012,False,False,False
V4_SHADOW,3087897,2026-10-10,匈U19,MTK布达佩斯U19 vs 沙勒格斯基U19,,,,,,0-2,-1,,,D:\codex\v3_legacy\outputs\football_odds_trader\raw\titan007\20261010\20261010_223725_titan007_odds_snapshot.csv,MISSING_V4_SIDE_LINE_WATER_OR_TEAM,,,V4,2026-10-10T14:29:18+08:00,2026-10-10T14:29:18+08:00,2026-10-10T19:30:00+08:00,5.012,False,False,False
V4_SHADOW,3047506,2026-10-10,泰甲,特罗萨萨纳 vs 那空叻差是玛,,,,,,1-1,-1,,,D:\codex\v3_legacy\outputs\football_odds_trader\raw\titan007\20261010\20261010_223725_titan007_odds_snapshot.csv,MISSING_V4_SIDE_LINE_WATER_OR_TEAM,,,V4,2026-10-10T14:29:18+08:00,2026-10-10T14:29:18+08:00,2026-10-10T19:30:00+08:00,5.012,False,False,False
V4_SHADOW,3101185,2026-10-10,捷戊,FC伊万西奇 vs SK塞扎瓦,,,,,,0-7,-1,,,D:\codex\v3_legacy\outputs\football_odds_trader\raw\titan007\20261010\20261010_223725_titan007_odds_snapshot.csv,MISSING_V4_SIDE_LINE_WATER_OR_TEAM,,,V4,2026-10-10T14:29:18+08:00,2026-10-10T14:29:18+08:00,2026-10-10T19:30:00+08:00,5.012,False,False,False
V4_SHADOW,3039505,2026-10-10,波青联,埃斯卡拉瓦索维亚青年队 vs 克拉科夫青年队,,,,,,3-4,-1,,,D:\codex\v3_legacy\outputs\football_odds_trader\raw\titan007\20261010\20261010_223725_titan007_odds_snapshot.csv,MISSING_V4_SIDE_LINE_WATER_OR_TEAM,,,V4,2026-10-10T14:29:18+08:00,2026-10-10T14:29:18+08:00,2026-10-10T19:30:00+08:00,5.012,False,False,False
V4_SHADOW,3087371,2026-10-10,中U21,北京国安U21 vs 天津津门虎U21,,,,,,2-1,-1,,,D:\codex\v3_legacy\outputs\football_odds_trader\raw\titan007\20261010\20261010_223725_titan007_odds_snapshot.csv,MISSING_V4_SIDE_LINE_WATER_OR_TEAM,,,V4,2026-10-10T14:29:18+08:00,2026-10-10T14:29:18+08:00,2026-10-10T19:30:00+08:00,5.012,False,False,False
V4_SHADOW,2944817,2026-10-10,中超,上海申花 vs 云南玉昆,,,,,,7-1,-1,,,D:\codex\v3_legacy\outputs\football_odds_trader\raw\titan007\20261010\20261010_223725_titan007_odds_snapshot.csv,MISSING_V4_SIDE_LINE_WATER_OR_TEAM,,,V4,2026-10-10T14:29:18+08:00,2026-10-10T14:29:18+08:00,2026-10-10T19:35:00+08:00,5.095,False,False,False
V4_SHADOW,2944818,2026-10-10,中超,成都蓉城 vs 天津津门虎,,,,,,0-1,-1,,,D:\codex\v3_legacy\outputs\football_odds_trader\raw\titan007\20261010\20261010_223725_titan007_odds_snapshot.csv,MISSING_V4_SIDE_LINE_WATER_OR_TEAM,,,V4,2026-10-10T14:29:18+08:00,2026-10-10T14:29:18+08:00,2026-10-10T19:35:00+08:00,5.095,False,False,False
V4_SHADOW,3100339,2026-10-10,中女超,武汉车谷江大女足 vs 江苏南京女足,,,,,,2-1,-1,,,D:\codex\v3_legacy\outputs\football_odds_trader\raw\titan007\20261010\20261010_223725_titan007_odds_snapshot.csv,MISSING_V4_SIDE_LINE_WATER_OR_TEAM,,,V4,2026-10-10T14:29:18+08:00,2026-10-10T14:29:18+08:00,2026-10-10T19:35:00+08:00,5.095,False,False,False
V4_SHADOW,3098303,2026-10-10,希腊U19,阿里斯U19 vs 沃洛斯核电站U19,,,,,,0-1,-1,,,D:\codex\v3_legacy\outputs\football_odds_trader\raw\titan007\20261010\20261010_223725_titan007_odds_snapshot.csv,MISSING_V4_SIDE_LINE_WATER_OR_TEAM,,,V4,2026-10-10T14:29:18+08:00,2026-10-10T14:29:18+08:00,2026-10-10T19:00:00+08:00,4.512,False,False,False
V4_SHADOW,3077276,2026-10-10,希腊甲,潘塞莱科斯 vs 内斯托,,,,,,2-1,-1,,,D:\codex\v3_legacy\outputs\football_odds_trader\raw\titan007\20261010\20261010_223725_titan007_odds_snapshot.csv,MISSING_V4_SIDE_LINE_WATER_OR_TEAM,1ca1cbd500d6fe5fed5c,RUN_20261010_193724,V4,2026-10-10T14:29:18+08:00,2026-10-10T14:29:18+08:00,2026-10-10T19:45:00+08:00,5.262,False,False,False
V4_SHADOW,3091057,2026-10-10,马足总,古晋足协 vs 吉兰丹WTS FC,,,,,,4-1,-1,,,D:\codex\v3_legacy\outputs\football_odds_trader\raw\titan007\20261010\20261010_223725_titan007_odds_snapshot.csv,MISSING_V4_SIDE_LINE_WATER_OR_TEAM,98d497957cc8f28c8e9f,RUN_20261010_193724,V4,2026-10-10T14:29:18+08:00,2026-10-10T14:29:18+08:00,2026-10-10T19:45:00+08:00,5.262,False,False,False
V4_SHADOW,3100393,2026-10-10,以U19,特拉维夫马卡比夏察U19 vs 荷兹利亚U19,,,,,,5-3,-1,,,D:\codex\v3_legacy\outputs\football_odds_trader\raw\titan007\20261010\20261010_223725_titan007_odds_snapshot.csv,MISSING_V4_SIDE_LINE_WATER_OR_TEAM,0a4eae2f313cbc77020c,RUN_20261010_193724,V4,2026-10-10T14:29:18+08:00,2026-10-10T14:29:18+08:00,2026-10-10T19:45:00+08:00,5.262,False,False,False
V4_SHADOW,3100392,2026-10-10,以U19,海法马卡比U19 vs 耶乌达U19,,,,,,5-0,-1,,,D:\codex\v3_legacy\outputs\football_odds_trader\raw\titan007\20261010\20261010_223725_titan007_odds_snapshot.csv,MISSING_V4_SIDE_LINE_WATER_OR_TEAM,f18c1d910e60160f8e3e,RUN_20261010_193724,V4,2026-10-10T14:29:18+08:00,2026-10-10T14:29:18+08:00,2026-10-10T19:50:00+08:00,5.345,False,False,False
V4_SHADOW,3100394,2026-10-10,以U19,尼拉马特哈萨隆U19 vs 特拉维夫夏普尔U19,,,,,,0-8,-1,,,D:\codex\v3_legacy\outputs\football_odds_trader\raw\titan007\20261010\20261010_223725_titan007_odds_snapshot.csv,MISSING_V4_SIDE_LINE_WATER_OR_TEAM,994f326c418833fbafaf,RUN_20261010_193724,V4,2026-10-10T14:29:18+08:00,2026-10-10T14:29:18+08:00,2026-10-10T19:55:00+08:00,5.428,False,False,False
V4_SHADOW,2997735,2026-10-10,法乙,克莱蒙 vs 红星,,,,,,2-3,-1,,,D:\codex\v3_legacy\outputs\football_odds_trader\raw\titan007\20261010\20261010_223725_titan007_odds_snapshot.csv,MISSING_V4_SIDE_LINE_WATER_OR_TEAM,51e3a4ef15036fdaf26c,RUN_20261010_193724,V4,2026-10-10T14:29:18+08:00,2026-10-10T14:29:18+08:00,2026-10-10T20:00:00+08:00,5.512,False,False,False
V4_SHADOW,2997740,2026-10-10,法乙,南特 vs 兰斯,,,,,,0-0,-1,,,D:\codex\v3_legacy\outputs\football_odds_trader\raw\titan007\20261010\20261010_223725_titan007_odds_snapshot.csv,MISSING_V4_SIDE_LINE_WATER_OR_TEAM,5a1d464780dab54cbd38,RUN_20261010_193724,V4,2026-10-10T14:29:18+08:00,2026-10-10T14:29:18+08:00,2026-10-10T20:00:00+08:00,5.512,False,False,False
V4_SHADOW,3026068,2026-10-10,德丙,幸运科隆 vs 萨尔布吕肯,,,,,,0-0,-1,,,D:\codex\v3_legacy\outputs\football_odds_trader\raw\titan007\20261010\20261010_223725_titan007_odds_snapshot.csv,MISSING_V4_SIDE_LINE_WATER_OR_TEAM,2e942e6b0199cabd6a57,RUN_20261010_193724,V4,2026-10-10T14:29:18+08:00,2026-10-10T14:29:18+08:00,2026-10-10T20:00:00+08:00,5.512,False,False,False
V4_SHADOW,3026069,2026-10-10,德丙,格罗巴斯帕奇 vs 曼海姆,,,,,,1-5,-1,,,D:\codex\v3_legacy\outputs\football_odds_trader\raw\titan007\20261010\20261010_223725_titan007_odds_snapshot.csv,MISSING_V4_SIDE_LINE_WATER_OR_TEAM,11c2af7d28ea91fddbe1,RUN_20261010_193724,V4,2026-10-10T14:29:18+08:00,2026-10-10T14:29:18+08:00,2026-10-10T20:00:00+08:00,5.512,False,False,False
V4_SHADOW,3026071,2026-10-10,德丙,梅彭 vs 史特加青年队,,,,,,1-1,-1,,,D:\codex\v3_legacy\outputs\football_odds_trader\raw\titan007\20261010\20261010_223725_titan007_odds_snapshot.csv,MISSING_V4_SIDE_LINE_WATER_OR_TEAM,cfce17ca1586ade59c3a,RUN_20261010_193724,V4,2026-10-10T14:29:18+08:00,2026-10-10T14:29:18+08:00,2026-10-10T20:00:00+08:00,5.512,False,False,False
V4_SHADOW,3026073,2026-10-10,德丙,雷根斯堡 vs 哈韦尔斯,,,,,,5-0,-1,,,D:\codex\v3_legacy\outputs\football_odds_trader\raw\titan007\20261010\20261010_223725_titan007_odds_snapshot.csv,MISSING_V4_SIDE_LINE_WATER_OR_TEAM,746819f01b9f0ee8e030,RUN_20261010_193724,V4,2026-10-10T14:29:18+08:00,2026-10-10T14:29:18+08:00,2026-10-10T20:00:00+08:00,5.512,False,False,False
V4_SHADOW,3026074,2026-10-10,德丙,维尔茨堡踢球者 vs 罗斯托克,,,,,,0-2,-1,,,D:\codex\v3_legacy\outputs\football_odds_trader\raw\titan007\20261010\20261010_223725_titan007_odds_snapshot.csv,MISSING_V4_SIDE_LINE_WATER_OR_TEAM,b6aa7ecbf65053212081,RUN_20261010_193724,V4,2026-10-10T14:29:18+08:00,2026-10-10T14:29:18+08:00,2026-10-10T20:00:00+08:00,5.512,False,False,False
V4_SHADOW,3026488,2026-10-10,德地区东北,耶拿 vs 马迪堡青年队,,,,,,2-1,-1,,,D:\codex\v3_legacy\outputs\football_odds_trader\raw\titan007\20261010\20261010_223725_titan007_odds_snapshot.csv,MISSING_V4_SIDE_LINE_WATER_OR_TEAM,fc79d20e201e1d45e461,RUN_20261010_193724,V4,2026-10-10T14:29:18+08:00,2026-10-10T14:29:18+08:00,2026-10-10T20:00:00+08:00,5.512,False,False,False
V4_SHADOW,3027201,2026-10-10,德地区巴,安斯巴赫 vs 纽伦堡青年队,,,,,,0-1,-1,,,D:\codex\v3_legacy\outputs\football_odds_trader\raw\titan007\20261010\20261010_223725_titan007_odds_snapshot.csv,MISSING_V4_SIDE_LINE_WATER_OR_TEAM,1c09dcacb12b89f3a416,RUN_20261010_193724,V4,2026-10-10T14:29:18+08:00,2026-10-10T14:29:18+08:00,2026-10-10T20:00:00+08:00,5.512,False,False,False
V4_SHADOW,3027203,2026-10-10,德地区巴,布格豪森 vs 菲尔特青年队,,,,,,3-3,-1,,,D:\codex\v3_legacy\outputs\football_odds_trader\raw\titan007\20261010\20261010_223725_titan007_odds_snapshot.csv,MISSING_V4_SIDE_LINE_WATER_OR_TEAM,e52a276424b0378fd907,RUN_20261010_193724,V4,2026-10-10T14:29:18+08:00,2026-10-10T14:29:18+08:00,2026-10-10T20:00:00+08:00,5.512,False,False,False
V4_SHADOW,3027206,2026-10-10,德地区巴,梅明根 vs VfB艾斯特,,,,,,1-0,-1,,,D:\codex\v3_legacy\outputs\football_odds_trader\raw\titan007\20261010\20261010_223725_titan007_odds_snapshot.csv,MISSING_V4_SIDE_LINE_WATER_OR_TEAM,4c9d37cf55ac4377e0c4,RUN_20261010_193724,V4,2026-10-10T14:29:18+08:00,2026-10-10T14:29:18+08:00,2026-10-10T20:00:00+08:00,5.512,False,False,False
V4_SHADOW,3027209,2026-10-10,德地区巴,DJK维勒兹 vs 布赫巴赫,,,,,,1-1,-1,,,D:\codex\v3_legacy\outputs\football_odds_trader\raw\titan007\20261010\20261010_223725_titan007_odds_snapshot.csv,MISSING_V4_SIDE_LINE_WATER_OR_TEAM,1ccd7a3fd778aebce9f3,RUN_20261010_193724,V4,2026-10-10T14:29:18+08:00,2026-10-10T14:29:18+08:00,2026-10-10T20:00:00+08:00,5.512,False,False,False
V4_SHADOW,3031570,2026-10-10,德地区南,FSV法兰克福 vs 桑德豪森,,,,,,1-3,-1,,,D:\codex\v3_legacy\outputs\football_odds_trader\raw\titan007\20261010\20261010_223725_titan007_odds_snapshot.csv,MISSING_V4_SIDE_LINE_WATER_OR_TEAM,4bdaa29ab1f292aa6413,RUN_20261010_193724,V4,2026-10-10T14:29:18+08:00,2026-10-10T14:29:18+08:00,2026-10-10T20:00:00+08:00,5.512,False,False,False
V4_SHADOW,3031574,2026-10-10,德地区南,TSV施泰因巴赫 vs 特里尔,,,,,,4-0,-1,,,D:\codex\v3_legacy\outputs\football_odds_trader\raw\titan007\20261010\20261010_223725_titan007_odds_snapshot.csv,MISSING_V4_SIDE_LINE_WATER_OR_TEAM,4a5e5d055a3b9178dbbb,RUN_20261010_193724,V4,2026-10-10T14:29:18+08:00,2026-10-10T14:29:18+08:00,2026-10-10T20:00:00+08:00,5.512,False,False,False
V4_SHADOW,3031577,2026-10-10,德地区南,瓦尔多夫 vs 缅恩斯业余队,,,,,,1-1,-1,,,D:\codex\v3_legacy\outputs\football_odds_trader\raw\titan007\20261010\20261010_223725_titan007_odds_snapshot.csv,MISSING_V4_SIDE_LINE_WATER_OR_TEAM,5af301f37dea6cc8c03b,RUN_20261010_193724,V4,2026-10-10T14:29:18+08:00,2026-10-10T14:29:18+08:00,2026-10-10T20:00:00+08:00,5.512,False,False,False
V4_SHADOW,3043410,2026-10-10,德地区北,舒宁根 vs 汉堡青年队,,,,,,1-3,-1,,,D:\codex\v3_legacy\outputs\football_odds_trader\raw\titan007\20261010\20261010_223725_titan007_odds_snapshot.csv,MISSING_V4_SIDE_LINE_WATER_OR_TEAM,690d75139d8b803a2bb8,RUN_20261010_193724,V4,2026-10-10T14:29:18+08:00,2026-10-10T14:29:18+08:00,2026-10-10T20:00:00+08:00,5.512,False,False,False
V4_SHADOW,3043709,2026-10-10,德地区西,洛特 vs 柏德博恩B队,,,,,,1-0,-1,,,D:\codex\v3_legacy\outputs\football_odds_trader\raw\titan007\20261010\20261010_223725_titan007_odds_snapshot.csv,MISSING_V4_SIDE_LINE_WATER_OR_TEAM,695022535fc1b6d4c77e,RUN_20261010_193724,V4,2026-10-10T14:29:18+08:00,2026-10-10T14:29:18+08:00,2026-10-10T20:00:00+08:00,5.512,False,False,False
V4_SHADOW,3043710,2026-10-10,德地区西,奥伯豪森 vs 波卓尔特,,,,,,3-1,-1,,,D:\codex\v3_legacy\outputs\football_odds_trader\raw\titan007\20261010\20261010_223725_titan007_odds_snapshot.csv,MISSING_V4_SIDE_LINE_WATER_OR_TEAM,e33132426a3960a8f125,RUN_20261010_193724,V4,2026-10-10T14:29:18+08:00,2026-10-10T14:29:18+08:00,2026-10-10T20:00:00+08:00,5.512,False,False,False
V4_SHADOW,3086352,2026-10-10,芬乙D降,古比斯青年队 vs 云塔,,,,,,1-2,-1,,,D:\codex\v3_legacy\outputs\football_odds_trader\raw\titan007\20261010\20261010_223725_titan007_odds_snapshot.csv,MISSING_V4_SIDE_LINE_WATER_OR_TEAM,e7ba85527c0845adc84e,RUN_20261010_193724,V4,2026-10-10T14:29:18+08:00,2026-10-10T14:29:18+08:00,2026-10-10T20:00:00+08:00,5.512,False,False,False
V4_SHADOW,3086368,2026-10-10,芬乙D升,OLS奥陆 vs 坦佩雷,,,,,,0-1,-1,,,D:\codex\v3_legacy\outputs\football_odds_trader\raw\titan007\20261010\20261010_223725_titan007_odds_snapshot.csv,MISSING_V4_SIDE_LINE_WATER_OR_TEAM,6994a9f893455655c90d,RUN_20261010_193724,V4,2026-10-10T14:29:18+08:00,2026-10-10T14:29:18+08:00,2026-10-10T20:00:00+08:00,5.512,False,False,False
V4_SHADOW,2913368,2026-10-10,挪乙,索特拉 vs 哈尔登,,,,,,3-0,-1,,,D:\codex\v3_legacy\outputs\football_odds_trader\raw\titan007\20261010\20261010_223725_titan007_odds_snapshot.csv,MISSING_V4_SIDE_LINE_WATER_OR_TEAM,e150c4d03a1e9b505fd2,RUN_20261010_193724,V4,2026-10-10T14:29:18+08:00,2026-10-10T14:29:18+08:00,2026-10-10T20:00:00+08:00,5.512,False,False,False
V4_SHADOW,2913546,2026-10-10,挪乙,伊斯沃德 vs 斯吉德,,,,,,2-1,-1,,,D:\codex\v3_legacy\outputs\football_odds_trader\raw\titan007\20261010\20261010_223725_titan007_odds_snapshot.csv,MISSING_V4_SIDE_LINE_WATER_OR_TEAM,c3ba46e05cf77e99efe9,RUN_20261010_193724,V4,2026-10-10T14:29:18+08:00,2026-10-10T14:29:18+08:00,2026-10-10T20:00:00+08:00,5.512,False,False,False
V4_SHADOW,2913552,2026-10-10,挪乙,UII奇萨 vs 弗洛,,,,,,4-2,-1,,,D:\codex\v3_legacy\outputs\football_odds_trader\raw\titan007\20261010\20261010_223725_titan007_odds_snapshot.csv,MISSING_V4_SIDE_LINE_WATER_OR_TEAM,3ffe91bf48a15fc10317,RUN_20261010_193724,V4,2026-10-10T14:29:18+08:00,2026-10-10T14:29:18+08:00,2026-10-10T20:00:00+08:00,5.512,False,False,False
V4_SHADOW,3020906,2026-10-10,丹麦乙,布拉布兰 vs 阿玛盖尔,,,,,,1-0,-1,,,D:\codex\v3_legacy\outputs\football_odds_trader\raw\titan007\20261010\20261010_223725_titan007_odds_snapshot.csv,MISSING_V4_SIDE_LINE_WATER_OR_TEAM,8aa016d405b1db826eef,RUN_20261010_193724,V4,2026-10-10T14:29:18+08:00,2026-10-10T14:29:18+08:00,2026-10-10T20:00:00+08:00,5.512,False,False,False
V4_SHADOW,3020907,2026-10-10,丹麦乙,法特列斯堡 vs 纳斯特维德,,,,,,1-1,-1,,,D:\codex\v3_legacy\outputs\football_odds_trader\raw\titan007\20261010\20261010_223725_titan007_odds_snapshot.csv,MISSING_V4_SIDE_LINE_WATER_OR_TEAM,e766304360ccc30da047,RUN_20261010_193724,V4,2026-10-10T14:29:18+08:00,2026-10-10T14:29:18+08:00,2026-10-10T20:00:00+08:00,5.512,False,False,False
V4_SHADOW,3020908,2026-10-10,丹麦乙,海勒鲁普 vs 齐斯泰兹,,,,,,1-1,-1,,,D:\codex\v3_legacy\outputs\football_odds_trader\raw\titan007\20261010\20261010_223725_titan007_odds_snapshot.csv,MISSING_V4_SIDE_LINE_WATER_OR_TEAM,c8f704715353e2819318,RUN_20261010_193724,V4,2026-10-10T14:29:18+08:00,2026-10-10T14:29:18+08:00,2026-10-10T20:00:00+08:00,5.512,False,False,False
V4_SHADOW,3020909,2026-10-10,丹麦乙,罗斯基德 vs 斯基夫,,,,,,3-0,-1,,,D:\codex\v3_legacy\outputs\football_odds_trader\raw\titan007\20261010\20261010_223725_titan007_odds_snapshot.csv,MISSING_V4_SIDE_LINE_WATER_OR_TEAM,d6343f4045afc4e89adc,RUN_20261010_193724,V4,2026-10-10T14:29:18+08:00,2026-10-10T14:29:18+08:00,2026-10-10T20:00:00+08:00,5.512,False,False,False
V4_SHADOW,3077274,2026-10-10,希腊甲,卡利地亚雅典 vs 潘斯拉基科斯,,,,,,1-0,-1,,,D:\codex\v3_legacy\outputs\football_odds_trader\raw\titan007\20261010\20261010_223725_titan007_odds_snapshot.csv,MISSING_V4_SIDE_LINE_WATER_OR_TEAM,8d0adb4a245447914c10,RUN_20261010_193724,V4,2026-10-10T14:29:18+08:00,2026-10-10T14:29:18+08:00,2026-10-10T20:00:00+08:00,5.512,False,False,False
V4_SHADOW,2948615,2026-10-10,白俄超,纳夫田 vs 伯希纳博布鲁伊斯克,,,,,,4-1,-1,,,D:\codex\v3_legacy\outputs\football_odds_trader\raw\titan007\20261010\20261010_223725_titan007_odds_snapshot.csv,MISSING_V4_SIDE_LINE_WATER_OR_TEAM,5bf51a20320842ee5fc0,RUN_20261010_193724,V4,2026-10-10T14:29:18+08:00,2026-10-10T14:29:18+08:00,2026-10-10T20:00:00+08:00,5.512,False,False,False
V4_SHADOW,2998493,2026-10-10,保甲,华拉特莎 vs 华纳斯巴达,,,,,,0-1,-1,,,D:\codex\v3_legacy\outputs\football_odds_trader\raw\titan007\20261010\20261010_223725_titan007_odds_snapshot.csv,MISSING_V4_SIDE_LINE_WATER_OR_TEAM,d849e5ebe3f22760d97b,RUN_20261010_193724,V4,2026-10-10T14:29:18+08:00,2026-10-10T14:29:18+08:00,2026-10-10T20:00:00+08:00,5.512,False,False,False
V4_SHADOW,3032247,2026-10-10,土乙白,安卡拉士邦 vs IK克利克,,,,,,1-2,-1,,,D:\codex\v3_legacy\outputs\football_odds_trader\raw\titan007\20261010\20261010_223725_titan007_odds_snapshot.csv,MISSING_V4_SIDE_LINE_WATER_OR_TEAM,f46ccb898e5655625fe8,RUN_20261010_193724,V4,2026-10-10T14:29:18+08:00,2026-10-10T14:29:18+08:00,2026-10-10T20:00:00+08:00,5.512,False,False,False
V4_SHADOW,3038463,2026-10-10,土乙红,安卡拉德米斯堡 vs 库塔艾士邦,,,,,,5-1,-1,,,D:\codex\v3_legacy\outputs\football_odds_trader\raw\titan007\20261010\20261010_223725_titan007_odds_snapshot.csv,MISSING_V4_SIDE_LINE_WATER_OR_TEAM,679f8d9ff5288c51f11d,RUN_20261010_193724,V4,2026-10-10T14:29:18+08:00,2026-10-10T14:29:18+08:00,2026-10-10T20:00:00+08:00,5.512,False,False,False
V4_SHADOW,2953383,2026-10-10,哈萨克超,阿拉木图凯拉特 vs 斯咸迪苏,,,,,,1-0,-1,,,D:\codex\v3_legacy\outputs\football_odds_trader\raw\titan007\20261010\20261010_223725_titan007_odds_snapshot.csv,MISSING_V4_SIDE_LINE_WATER_OR_TEAM,f43d030ee933730e8fd8,RUN_20261010_193724,V4,2026-10-10T14:29:18+08:00,2026-10-10T14:29:18+08:00,2026-10-10T20:00:00+08:00,5.512,False,False,False
V4_SHADOW,3024559,2026-10-10,阿美超,万卡仁沙万 vs 卡潘宝山,,,,,,2-0,-1,,,D:\codex\v3_legacy\outputs\football_odds_trader\raw\titan007\20261010\20261010_223725_titan007_odds_snapshot.csv,MISSING_V4_SIDE_LINE_WATER_OR_TEAM,afe90658622a9756adf7,RUN_20261010_193724,V4,2026-10-10T14:29:18+08:00,2026-10-10T14:29:18+08:00,2026-10-10T20:00:00+08:00,5.512,False,False,False
V4_SHADOW,3021041,2026-10-10,丹麦丙,弗雷姆 vs 尼斯比,,,,,,2-0,-1,,,D:\codex\v3_legacy\outputs\football_odds_trader\raw\titan007\20261010\20261010_223725_titan007_odds_snapshot.csv,MISSING_V4_SIDE_LINE_WATER_OR_TEAM,bee6e5a374c3ad3c87b5,RUN_20261010_193724,V4,2026-10-10T14:29:18+08:00,2026-10-10T14:29:18+08:00,2026-10-10T20:00:00+08:00,5.512,False,False,False
V4_SHADOW,3021042,2026-10-10,丹麦丙,梵鲁斯 vs 霍尔贝克,,,,,,0-0,-1,,,D:\codex\v3_legacy\outputs\football_odds_trader\raw\titan007\20261010\20261010_223725_titan007_odds_snapshot.csv,MISSING_V4_SIDE_LINE_WATER_OR_TEAM,82faaa58116438f19be5,RUN_20261010_193724,V4,2026-10-10T14:29:18+08:00,2026-10-10T14:29:18+08:00,2026-10-10T20:00:00+08:00,5.512,False,False,False
V4_SHADOW,2927008,2026-10-10,瑞典丙VG,兰维特IS vs 阿斯特里,,,,,,1-0,-1,,,D:\codex\v3_legacy\outputs\football_odds_trader\raw\titan007\20261010\20261010_223725_titan007_odds_snapshot.csv,MISSING_V4_SIDE_LINE_WATER_OR_TEAM,9bf851e81dd8f48cae4e,RUN_20261010_193724,V4,2026-10-10T14:29:18+08:00,2026-10-10T14:29:18+08:00,2026-10-10T20:00:00+08:00,5.512,False,False,False
V4_SHADOW,2927189,2026-10-10,瑞典丙SG,拉佩高尔夫 vs 诺沙比,,,,,,1-2,-1,,,D:\codex\v3_legacy\outputs\football_odds_trader\raw\titan007\20261010\20261010_223725_titan007_odds_snapshot.csv,MISSING_V4_SIDE_LINE_WATER_OR_TEAM,e0d7891d98dbcccea200,RUN_20261010_193724,V4,2026-10-10T14:29:18+08:00,2026-10-10T14:29:18+08:00,2026-10-10T20:00:00+08:00,5.512,False,False,False
V4_SHADOW,2927371,2026-10-10,瑞典丙NG,阿拉佛斯 vs 斯泰诺桑德,,,,,,1-3,-1,,,D:\codex\v3_legacy\outputs\football_odds_trader\raw\titan007\20261010\20261010_223725_titan007_odds_snapshot.csv,MISSING_V4_SIDE_LINE_WATER_OR_TEAM,991d7ecdc81ce222b863,RUN_20261010_193724,V4,2026-10-10T14:29:18+08:00,2026-10-10T14:29:18+08:00,2026-10-10T20:00:00+08:00,5.512,False,False,False
V4_SHADOW,2927553,2026-10-10,瑞典丙NS,波斯坦纳斯 vs 昆萨根,,,,,,2-3,-1,,,D:\codex\v3_legacy\outputs\football_odds_trader\raw\titan007\20261010\20261010_223725_titan007_odds_snapshot.csv,MISSING_V4_SIDE_LINE_WATER_OR_TEAM,d06d8014e8357aea4a26,RUN_20261010_193724,V4,2026-10-10T14:29:18+08:00,2026-10-10T14:29:18+08:00,2026-10-10T20:00:00+08:00,5.512,False,False,False
V4_SHADOW,3062853,2026-10-10,印尼超,巴厘联 vs 杰帕拉,,,,,,6-1,-1,,,D:\codex\v3_legacy\outputs\football_odds_trader\raw\titan007\20261010\20261010_223725_titan007_odds_snapshot.csv,MISSING_V4_SIDE_LINE_WATER_OR_TEAM,854e4dead933e8ea8001,RUN_20261010_193724,V4,2026-10-10T14:29:18+08:00,2026-10-10T14:29:18+08:00,2026-10-10T20:00:00+08:00,5.512,False,False,False
V4_SHADOW,2941116,2026-10-10,爱沙乙,卡勒威 vs 维米斯,,,,,,1-2,-1,,,D:\codex\v3_legacy\outputs\football_odds_trader\raw\titan007\20261010\20261010_223725_titan007_odds_snapshot.csv,MISSING_V4_SIDE_LINE_WATER_OR_TEAM,4577014befd4a69692df,RUN_20261010_193724,V4,2026-10-10T14:29:18+08:00,2026-10-10T14:29:18+08:00,2026-10-10T20:00:00+08:00,5.512,False,False,False
V4_SHADOW,3050290,2026-10-10,塞尔甲,FK梅塔拉卡 vs 塔络提克,,,,,,0-3,-1,,,D:\codex\v3_legacy\outputs\football_odds_trader\raw\titan007\20261010\20261010_223725_titan007_odds_snapshot.csv,MISSING_V4_SIDE_LINE_WATER_OR_TEAM,f87f0811631e074b2378,RUN_20261010_193724,V4,2026-10-10T14:29:18+08:00,2026-10-10T14:29:18+08:00,2026-10-10T20:00:00+08:00,5.512,False,False,False
V4_SHADOW,3065808,2026-10-10,英U21,阿森纳U21 vs 桑德兰U21,,,,,,2-2,-1,,,D:\codex\v3_legacy\outputs\football_odds_trader\raw\titan007\20261010\20261010_223725_titan007_odds_snapshot.csv,MISSING_V4_SIDE_LINE_WATER_OR_TEAM,3265fed51339844ca590,RUN_20261010_193724,V4,2026-10-10T14:29:18+08:00,2026-10-10T14:29:18+08:00,2026-10-10T20:00:00+08:00,5.512,False,False,False
V4_SHADOW,2967541,2026-10-10,挪丙,艾斯可 vs 巴洛姆,,,,,,4-2,-1,,,D:\codex\v3_legacy\outputs\football_odds_trader\raw\titan007\20261010\20261010_223725_titan007_odds_snapshot.csv,MISSING_V4_SIDE_LINE_WATER_OR_TEAM,6bfe36b3b475554a8cce,RUN_20261010_193724,V4,2026-10-10T14:29:18+08:00,2026-10-10T14:29:18+08:00,2026-10-10T20:00:00+08:00,5.512,False,False,False
V4_SHADOW,2967542,2026-10-10,挪丙,奥斯陆 vs 诺德斯特兰德,,,,,,1-0,-1,,,D:\codex\v3_legacy\outputs\football_odds_trader\raw\titan007\20261010\20261010_223725_titan007_odds_snapshot.csv,MISSING_V4_SIDE_LINE_WATER_OR_TEAM,3f9cfc92b7007e5a75ab,RUN_20261010_193724,V4,2026-10-10T14:29:18+08:00,2026-10-10T14:29:18+08:00,2026-10-10T20:00:00+08:00,5.512,False,False,False
V4_SHADOW,2967547,2026-10-10,挪丙,瓦勒伦加B队 vs 弗立加,,,,,,4-1,-1,,,D:\codex\v3_legacy\outputs\football_odds_trader\raw\titan007\20261010\20261010_223725_titan007_odds_snapshot.csv,MISSING_V4_SIDE_LINE_WATER_OR_TEAM,87d432bce185607c8697,RUN_20261010_193724,V4,2026-10-10T14:29:18+08:00,2026-10-10T14:29:18+08:00,2026-10-10T20:00:00+08:00,5.512,False,False,False
V4_SHADOW,2967727,2026-10-10,挪丙,奥克拉 vs 科维科特隆德赫姆,,,,,,0-1,-1,,,D:\codex\v3_legacy\outputs\football_odds_trader\raw\titan007\20261010\20261010_223725_titan007_odds_snapshot.csv,MISSING_V4_SIDE_LINE_WATER_OR_TEAM,6c8f5fe2d666fa258c8c,RUN_20261010_193724,V4,2026-10-10T14:29:18+08:00,2026-10-10T14:29:18+08:00,2026-10-10T20:00:00+08:00,5.512,False,False,False
V4_SHADOW,2967911,2026-10-10,挪丙,华雷吉 vs 斯托尔桑,,,,,,2-3,-1,,,D:\codex\v3_legacy\outputs\football_odds_trader\raw\titan007\20261010\20261010_223725_titan007_odds_snapshot.csv,MISSING_V4_SIDE_LINE_WATER_OR_TEAM,b46cd80294523ffd742e,RUN_20261010_193724,V4,2026-10-10T14:29:18+08:00,2026-10-10T14:29:18+08:00,2026-10-10T20:00:00+08:00,5.512,False,False,False
V4_SHADOW,2968089,2026-10-10,挪丙,布罗德 vs 辛纳,,,,,,4-0,-1,,,D:\codex\v3_legacy\outputs\football_odds_trader\raw\titan007\20261010\20261010_223725_titan007_odds_snapshot.csv,MISSING_V4_SIDE_LINE_WATER_OR_TEAM,f3bd7a1cf084d49a773a,RUN_20261010_193724,V4,2026-10-10T14:29:18+08:00,2026-10-10T14:29:18+08:00,2026-10-10T20:00:00+08:00,5.512,False,False,False
V4_SHADOW,2968275,2026-10-10,挪丙,斯科德斯莫 vs 佛罗亚,,,,,,1-3,-1,,,D:\codex\v3_legacy\outputs\football_odds_trader\raw\titan007\20261010\20261010_223725_titan007_odds_snapshot.csv,MISSING_V4_SIDE_LINE_WATER_OR_TEAM,83776088d9749a8eeba4,RUN_20261010_193724,V4,2026-10-10T14:29:18+08:00,2026-10-10T14:29:18+08:00,2026-10-10T20:00:00+08:00,5.512,False,False,False
V4_SHADOW,2968456,2026-10-10,挪丙,奥普沙尔 vs 德洛巴福根,,,,,,1-2,-1,,,D:\codex\v3_legacy\outputs\football_odds_trader\raw\titan007\20261010\20261010_223725_titan007_odds_snapshot.csv,MISSING_V4_SIDE_LINE_WATER_OR_TEAM,4bbf0a801e5b24638bbf,RUN_20261010_193724,V4,2026-10-10T14:29:18+08:00,2026-10-10T14:29:18+08:00,2026-10-10T20:00:00+08:00,5.512,False,False,False
V4_SHADOW,3101024,2026-10-10,爱U20,斯莱戈流浪U20 vs 芬恩哈普斯U20,,,,,,2-1,-1,,,D:\codex\v3_legacy\outputs\football_odds_trader\raw\titan007\20261010\20261010_223725_titan007_odds_snapshot.csv,MISSING_V4_SIDE_LINE_WATER_OR_TEAM,d967ce77bf29a5badcb3,RUN_20261010_193724,V4,2026-10-10T14:29:18+08:00,2026-10-10T14:29:18+08:00,2026-10-10T20:00:00+08:00,5.512,False,False,False
V4_SHADOW,3099571,2026-10-10,土U19联,阿兰亚士邦U19 vs 埃祖姆U19,阿兰亚士邦U19,receiving,0.5,1.98,C,,-14,,,D:\codex\v3_legacy\outputs\football_odds_trader\raw\titan007\20261010\20261010_223725_titan007_odds_snapshot.csv,NOT_FINAL_STATE_-14,966f0bdd8fbc3cec4664,,V4,2026-10-10T14:29:18+08:00,2026-10-10T14:29:18+08:00,2026-10-10T18:00:00+08:00,3.512,False,True,False
V4_SHADOW,3012526,2026-10-10,乌克超,高华尤夫卡 vs 杜纳伊夫齐,,,,,,,-13,,,D:\codex\v3_legacy\outputs\football_odds_trader\raw\titan007\20261010\20261010_223725_titan007_odds_snapshot.csv,NOT_FINAL_STATE_-13,,,V4,2026-10-10T14:29:18+08:00,2026-10-10T14:29:18+08:00,2026-10-10T18:00:00+08:00,3.512,False,False,False
V4_SHADOW,3012529,2026-10-10,乌克超,奥博隆 vs 克里夫巴斯,,,,,,,-13,,,D:\codex\v3_legacy\outputs\football_odds_trader\raw\titan007\20261010\20261010_223725_titan007_odds_snapshot.csv,NOT_FINAL_STATE_-13,,,V4,2026-10-10T14:29:18+08:00,2026-10-10T14:29:18+08:00,2026-10-10T18:00:00+08:00,3.512,False,False,False
V4_SHADOW,3013719,2026-10-10,西甲,巴列卡诺 vs 毕尔巴鄂竞技,,,,,N,,-12,,,D:\codex\v3_legacy\outputs\football_odds_trader\raw\titan007\20261010\20261010_223725_titan007_odds_snapshot.csv,NOT_FINAL_STATE_-12,d404bf03d13a3efa6d6b,RUN_20261010_193724,V4,2026-10-10T14:29:18+08:00,2026-10-10T14:29:18+08:00,2026-10-10T20:00:00+08:00,5.512,False,False,False
V4_SHADOW,3089014,2026-10-10,蒙古超,科布多 vs 阿姆塔特FC,,,,,,,0,,,D:\codex\v3_legacy\outputs\football_odds_trader\raw\titan007\20261010\20261010_222009_titan007_odds_snapshot.csv,NOT_FINAL_STATE_0,,,V4,2026-10-10T12:02:41+08:00,2026-10-10T12:02:41+08:00,2026-10-10T13:00:00+08:00,0.955,False,False,False
V4_SHADOW,3019779,2026-10-10,瑞士丙,洛桑体育队U21 vs 梅林,,,,,,,0,,,D:\codex\v3_legacy\outputs\football_odds_trader\raw\titan007\20261010\20261010_222009_titan007_odds_snapshot.csv,NOT_FINAL_STATE_0,,,V4,2026-10-10T14:29:18+08:00,2026-10-10T14:29:18+08:00,2026-10-10T15:00:00+08:00,0.512,False,False,False
V4_SHADOW,3019781,2026-10-10,瑞士丙,普里什蒂娜FC vs 纳特斯,,,,,,,0,,,D:\codex\v3_legacy\outputs\football_odds_trader\raw\titan007\20261010\20261010_222009_titan007_odds_snapshot.csv,NOT_FINAL_STATE_0,,,V4,2026-10-10T14:29:18+08:00,2026-10-10T14:29:18+08:00,2026-10-10T15:00:00+08:00,0.512,False,False,False
V4_SHADOW,3053941,2026-10-10,瑞士丙,德勒蒙特 vs 布克斯,,,,,,,0,,,D:\codex\v3_legacy\outputs\football_odds_trader\raw\titan007\20261010\20261010_222009_titan007_odds_snapshot.csv,NOT_FINAL_STATE_0,,,V4,2026-10-10T14:29:18+08:00,2026-10-10T14:29:18+08:00,2026-10-10T15:00:00+08:00,0.512,False,False,False
V4_SHADOW,3061557,2026-10-10,女欧U19,保加利亚女足U19 vs 亚美尼亚女足U19,,,,,,,0,,,D:\codex\v3_legacy\outputs\football_odds_trader\raw\titan007\20261010\20261010_222009_titan007_odds_snapshot.csv,NOT_FINAL_STATE_0,,,V4,2026-10-10T14:29:18+08:00,2026-10-10T14:29:18+08:00,2026-10-10T16:00:00+08:00,1.512,False,False,False
V4_SHADOW,3097698,2026-10-10,桂超,广西平果辉荣 vs 贺州青年人,,,,,,,0,,,D:\codex\v3_legacy\outputs\football_odds_trader\raw\titan007\20261010\20261010_222009_titan007_odds_snapshot.csv,NOT_FINAL_STATE_0,,,V4,2026-10-10T14:29:18+08:00,2026-10-10T14:29:18+08:00,2026-10-10T16:00:00+08:00,1.512,False,False,False
V4_SHADOW,3097700,2026-10-10,桂超,广西漓泉天龙 vs 柳州龙城,,,,,,,0,,,D:\codex\v3_legacy\outputs\football_odds_trader\raw\titan007\20261010\20261010_222009_titan007_odds_snapshot.csv,NOT_FINAL_STATE_0,,,V4,2026-10-10T14:29:18+08:00,2026-10-10T14:29:18+08:00,2026-10-10T16:00:00+08:00,1.512,False,False,False
V4_SHADOW,3035672,2026-10-10,乌克甲,伊尼胡列斯 vs 罗姆内,,,,,,,0,,,D:\codex\v3_legacy\outputs\football_odds_trader\raw\titan007\20261010\20261010_222009_titan007_odds_snapshot.csv,NOT_FINAL_STATE_0,,,V4,2026-10-10T14:29:18+08:00,2026-10-10T14:29:18+08:00,2026-10-10T16:30:00+08:00,2.012,False,False,False
V4_SHADOW,3099316,2026-10-10,泰乙东,班布 vs 农普王国SC,,,,,,,0,,,D:\codex\v3_legacy\outputs\football_odds_trader\raw\titan007\20261010\20261010_222009_titan007_odds_snapshot.csv,NOT_FINAL_STATE_0,,,V4,2026-10-10T14:29:18+08:00,2026-10-10T14:29:18+08:00,2026-10-10T16:30:00+08:00,2.012,False,False,False
V4_SHADOW,3099321,2026-10-10,泰乙东北,苏拉纳里黑猫 vs 耶梭通府,,,,,,,0,,,D:\codex\v3_legacy\outputs\football_odds_trader\raw\titan007\20261010\20261010_222009_titan007_odds_snapshot.csv,NOT_FINAL_STATE_0,,,V4,2026-10-10T14:29:18+08:00,2026-10-10T14:29:18+08:00,2026-10-10T16:30:00+08:00,2.012,False,False,False
V4_SHADOW,3099322,2026-10-10,泰乙东北,皮查亚邦迪特大学 vs 乌冬班占联,,,,,,,0,,,D:\codex\v3_legacy\outputs\football_odds_trader\raw\titan007\20261010\20261010_222009_titan007_odds_snapshot.csv,NOT_FINAL_STATE_0,,,V4,2026-10-10T14:29:18+08:00,2026-10-10T14:29:18+08:00,2026-10-10T16:30:00+08:00,2.012,False,False,False
V4_SHADOW,3099327,2026-10-10,泰乙中,昂同 vs 大城府,,,,,,,0,,,D:\codex\v3_legacy\outputs\football_odds_trader\raw\titan007\20261010\20261010_222009_titan007_odds_snapshot.csv,NOT_FINAL_STATE_0,,,V4,2026-10-10T14:29:18+08:00,2026-10-10T14:29:18+08:00,2026-10-10T16:30:00+08:00,2.012,False,False,False
V4_SHADOW,3098334,2026-10-10,马来A1联,森美兰B队 vs 达罗塔晋B队,,,,,,,0,,,D:\codex\v3_legacy\outputs\football_odds_trader\raw\titan007\20261010\20261010_222009_titan007_odds_snapshot.csv,NOT_FINAL_STATE_0,,,V4,2026-10-10T14:29:18+08:00,2026-10-10T14:29:18+08:00,2026-10-10T16:45:00+08:00,2.262,False,False,False
V4_SHADOW,2957258,2026-10-10,拉脱甲,列加斯B队 vs 玛路普,,,,,,,0,,,D:\codex\v3_legacy\outputs\football_odds_trader\raw\titan007\20261010\20261010_222009_titan007_odds_snapshot.csv,NOT_FINAL_STATE_0,,,V4,2026-10-10T14:29:18+08:00,2026-10-10T14:29:18+08:00,2026-10-10T17:00:00+08:00,2.512,False,False,False
V4_SHADOW,3017531,2026-10-10,意青联,切辛纳青年队 vs 都灵青年队,,,,,,,0,,,D:\codex\v3_legacy\outputs\football_odds_trader\raw\titan007\20261010\20261010_222009_titan007_odds_snapshot.csv,NOT_FINAL_STATE_0,,,V4,2026-10-10T14:29:18+08:00,2026-10-10T14:29:18+08:00,2026-10-10T17:00:00+08:00,2.512,False,False,False
V4_SHADOW,3017533,2026-10-10,意青联,国际米兰青年队 vs 科木青年队,,,,,,,0,,,D:\codex\v3_legacy\outputs\football_odds_trader\raw\titan007\20261010\20261010_222009_titan007_odds_snapshot.csv,NOT_FINAL_STATE_0,,,V4,2026-10-10T14:29:18+08:00,2026-10-10T14:29:18+08:00,2026-10-10T17:00:00+08:00,2.512,False,False,False
V4_SHADOW,3087894,2026-10-10,匈U19,布达伊U19 vs 吉奥利U19,,,,,,,0,,,D:\codex\v3_legacy\outputs\football_odds_trader\raw\titan007\20261010\20261010_222009_titan007_odds_snapshot.csv,NOT_FINAL_STATE_0,,,V4,2026-10-10T14:29:18+08:00,2026-10-10T14:29:18+08:00,2026-10-10T17:00:00+08:00,2.512,False,False,False
V4_SHADOW,3031286,2026-10-10,俄乙A,米阿斯 vs 斯塔维迪纳摩,,,,,,,0,,,D:\codex\v3_legacy\outputs\football_odds_trader\raw\titan007\20261010\20261010_222009_titan007_odds_snapshot.csv,NOT_FINAL_STATE_0,,,V4,2026-10-10T14:29:18+08:00,2026-10-10T14:29:18+08:00,2026-10-10T17:00:00+08:00,2.512,False,False,False
V4_SHADOW,3056045,2026-10-10,乌克U21,维勒斯U21 vs 顿涅茨克矿工U21,,,,,,,0,,,D:\codex\v3_legacy\outputs\football_odds_trader\raw\titan007\20261010\20261010_222009_titan007_odds_snapshot.csv,NOT_FINAL_STATE_0,,,V4,2026-10-10T14:29:18+08:00,2026-10-10T14:29:18+08:00,2026-10-10T17:00:00+08:00,2.512,False,False,False
V4_SHADOW,3044298,2026-10-10,乌克乙,基辅反抗 vs 基辅运动,,,,,,,0,,,D:\codex\v3_legacy\outputs\football_odds_trader\raw\titan007\20261010\20261010_222009_titan007_odds_snapshot.csv,NOT_FINAL_STATE_0,,,V4,2026-10-10T14:29:18+08:00,2026-10-10T14:29:18+08:00,2026-10-10T17:00:00+08:00,2.512,False,False,False
V4_SHADOW,3063718,2026-10-10,意青乙,佩鲁贾青年队 vs 阿维利诺青年队,,,,,,,0,,,D:\codex\v3_legacy\outputs\football_odds_trader\raw\titan007\20261010\20261010_222009_titan007_odds_snapshot.csv,NOT_FINAL_STATE_0,,,V4,2026-10-10T14:29:18+08:00,2026-10-10T14:29:18+08:00,2026-10-10T17:00:00+08:00,2.512,False,False,False
V4_SHADOW,3052535,2026-10-10,德青联,罗斯托克U19 vs 马德堡U19,,,,,,,0,,,D:\codex\v3_legacy\outputs\football_odds_trader\raw\titan007\20261010\20261010_222009_titan007_odds_snapshot.csv,NOT_FINAL_STATE_0,,,V4,2026-10-10T14:29:18+08:00,2026-10-10T14:29:18+08:00,2026-10-10T17:00:00+08:00,2.512,False,False,False
V4_SHADOW,3052899,2026-10-10,德青联,比勒菲尔德U19 vs 柏德博恩U19,,,,,,,0,,,D:\codex\v3_legacy\outputs\football_odds_trader\raw\titan007\20261010\20261010_222009_titan007_odds_snapshot.csv,NOT_FINAL_STATE_0,,,V4,2026-10-10T14:29:18+08:00,2026-10-10T14:29:18+08:00,2026-10-10T17:00:00+08:00,2.512,False,False,False
V4_SHADOW,3052815,2026-10-10,德青联,勒沃库森U19 vs 亚琛U19,,,,,,,0,,,D:\codex\v3_legacy\outputs\football_odds_trader\raw\titan007\20261010\20261010_222009_titan007_odds_snapshot.csv,NOT_FINAL_STATE_0,,,V4,2026-10-10T14:29:18+08:00,2026-10-10T14:29:18+08:00,2026-10-10T17:00:00+08:00,2.512,False,False,False
V4_SHADOW,2954814,2026-10-10,爱沙丙,塔林军团 vs 土勒维克,,,,,,,0,,,D:\codex\v3_legacy\outputs\football_odds_trader\raw\titan007\20261010\20261010_222009_titan007_odds_snapshot.csv,NOT_FINAL_STATE_0,,,V4,2026-10-10T14:29:18+08:00,2026-10-10T14:29:18+08:00,2026-10-10T17:30:00+08:00,3.012,False,False,False
V4_SHADOW,3100462,2026-10-10,奥丁,赫福特 vs PSV维也纳,,,,,,,0,,,D:\codex\v3_legacy\outputs\football_odds_trader\raw\titan007\20261010\20261010_222009_titan007_odds_snapshot.csv,NOT_FINAL_STATE_0,,,V4,2026-10-10T14:29:18+08:00,2026-10-10T14:29:18+08:00,2026-10-10T17:45:00+08:00,3.262,False,False,False
V4_SHADOW,3094416,2026-10-10,女欧U17,芬兰女足U17 vs 罗马尼亚女足U17,,,,,,,0,,,D:\codex\v3_legacy\outputs\football_odds_trader\raw\titan007\20261010\20261010_222009_titan007_odds_snapshot.csv,NOT_FINAL_STATE_0,,,V4,2026-10-10T14:29:18+08:00,2026-10-10T14:29:18+08:00,2026-10-10T18:00:00+08:00,3.512,False,False,False
V4_SHADOW,3079627,2026-10-10,西丁,安吉亚诺 vs 雅古,,,,,,,0,,,D:\codex\v3_legacy\outputs\football_odds_trader\raw\titan007\20261010\20261010_222009_titan007_odds_snapshot.csv,NOT_FINAL_STATE_0,,,V4,2026-10-10T14:29:18+08:00,2026-10-10T14:29:18+08:00,2026-10-10T18:00:00+08:00,3.512,False,False,False
V4_SHADOW,3061788,2026-10-10,西丁,埃皮拉FC vs 罗贝勒斯,,,,,,,0,,,D:\codex\v3_legacy\outputs\football_odds_trader\raw\titan007\20261010\20261010_222009_titan007_odds_snapshot.csv,NOT_FINAL_STATE_0,,,V4,2026-10-10T14:29:18+08:00,2026-10-10T14:29:18+08:00,2026-10-10T18:00:00+08:00,3.512,False,False,False
V4_SHADOW,3099334,2026-10-10,泰乙北,甘烹碧 vs 帕克纳姆波,,,,,,,0,,,D:\codex\v3_legacy\outputs\football_odds_trader\raw\titan007\20261010\20261010_222009_titan007_odds_snapshot.csv,NOT_FINAL_STATE_0,,,V4,2026-10-10T14:29:18+08:00,2026-10-10T14:29:18+08:00,2026-10-10T18:00:00+08:00,3.512,False,False,False
V4_SHADOW,3099318,2026-10-10,泰乙东,帕德里欧城 vs 芭堤雅城,,,,,,,0,,,D:\codex\v3_legacy\outputs\football_odds_trader\raw\titan007\20261010\20261010_222009_titan007_odds_snapshot.csv,NOT_FINAL_STATE_0,,,V4,2026-10-10T14:29:18+08:00,2026-10-10T14:29:18+08:00,2026-10-10T18:00:00+08:00,3.512,False,False,False
V4_SHADOW,3098310,2026-10-10,丹麦丁,斯基奥德 vs 斯科修夫,,,,,,,0,,,D:\codex\v3_legacy\outputs\football_odds_trader\raw\titan007\20261010\20261010_222009_titan007_odds_snapshot.csv,NOT_FINAL_STATE_0,,,V4,2026-10-10T14:29:18+08:00,2026-10-10T14:29:18+08:00,2026-10-10T18:00:00+08:00,3.512,False,False,False
V4_SHADOW,3098311,2026-10-10,丹麦丁,根托福特 vs FC南海岸,,,,,,,0,,,D:\codex\v3_legacy\outputs\football_odds_trader\raw\titan007\20261010\20261010_222009_titan007_odds_snapshot.csv,NOT_FINAL_STATE_0,,,V4,2026-10-10T14:29:18+08:00,2026-10-10T14:29:18+08:00,2026-10-10T18:00:00+08:00,3.512,False,False,False
V4_SHADOW,3098312,2026-10-10,丹麦丁,咸美伦英 vs 埃斯佩尔盖德,,,,,,,0,,,D:\codex\v3_legacy\outputs\football_odds_trader\raw\titan007\20261010\20261010_222009_titan007_odds_snapshot.csv,NOT_FINAL_STATE_0,,,V4,2026-10-10T14:29:18+08:00,2026-10-10T14:29:18+08:00,2026-10-10T18:00:00+08:00,3.512,False,False,False
V4_SHADOW,3098314,2026-10-10,丹麦丁,索比 vs 阿莱罗德,,,,,,,0,,,D:\codex\v3_legacy\outputs\football_odds_trader\raw\titan007\20261010\20261010_222009_titan007_odds_snapshot.csv,NOT_FINAL_STATE_0,,,V4,2026-10-10T14:29:18+08:00,2026-10-10T14:29:18+08:00,2026-10-10T18:00:00+08:00,3.512,False,False,False
V4_SHADOW,3052584,2026-10-10,德青联,柏林赫塔U19 vs 科特布斯U19,,,,,,,0,,,D:\codex\v3_legacy\outputs\football_odds_trader\raw\titan007\20261010\20261010_222009_titan007_odds_snapshot.csv,NOT_FINAL_STATE_0,,,V4,2026-10-10T14:29:18+08:00,2026-10-10T14:29:18+08:00,2026-10-10T18:00:00+08:00,3.512,False,False,False
V4_SHADOW,3052816,2026-10-10,德青联,沙贝鲁根U19 vs 艾华斯堡U19,,,,,,,0,,,D:\codex\v3_legacy\outputs\football_odds_trader\raw\titan007\20261010\20261010_222009_titan007_odds_snapshot.csv,NOT_FINAL_STATE_0,,,V4,2026-10-10T14:29:18+08:00,2026-10-10T14:29:18+08:00,2026-10-10T18:00:00+08:00,3.512,False,False,False
V4_SHADOW,3052675,2026-10-10,德青联,恩高斯达特U19 vs 慕尼黑1860U19,,,,,,,0,,,D:\codex\v3_legacy\outputs\football_odds_trader\raw\titan007\20261010\20261010_222009_titan007_odds_snapshot.csv,NOT_FINAL_STATE_0,,,V4,2026-10-10T14:29:18+08:00,2026-10-10T14:29:18+08:00,2026-10-10T18:00:00+08:00,3.512,False,False,False
V4_SHADOW,2927552,2026-10-10,瑞典丙NS,法鲁BS vs 古特,,,,,,,0,,,D:\codex\v3_legacy\outputs\football_odds_trader\raw\titan007\20261010\20261010_222009_titan007_odds_snapshot.csv,NOT_FINAL_STATE_0,,,V4,2026-10-10T14:29:18+08:00,2026-10-10T14:29:18+08:00,2026-10-10T18:30:00+08:00,4.012,False,False,False
V4_SHADOW,3058659,2026-10-10,丹麦U19,邦比U19 vs 北西兰U19,,,,,,,0,,,D:\codex\v3_legacy\outputs\football_odds_trader\raw\titan007\20261010\20261010_222009_titan007_odds_snapshot.csv,NOT_FINAL_STATE_0,,,V4,2026-10-10T14:29:18+08:00,2026-10-10T14:29:18+08:00,2026-10-10T18:30:00+08:00,4.012,False,False,False
V4_SHADOW,3058660,2026-10-10,丹麦U19,欧登塞U19 vs 桑德捷斯基U19,,,,,,,0,,,D:\codex\v3_legacy\outputs\football_odds_trader\raw\titan007\20261010\20261010_222009_titan007_odds_snapshot.csv,NOT_FINAL_STATE_0,,,V4,2026-10-10T14:29:18+08:00,2026-10-10T14:29:18+08:00,2026-10-10T18:30:00+08:00,4.012,False,False,False
V4_SHADOW,3058662,2026-10-10,丹麦U19,靴尔科治U19 vs 阿晓斯U19,,,,,,,0,,,D:\codex\v3_legacy\outputs\football_odds_trader\raw\titan007\20261010\20261010_222009_titan007_odds_snapshot.csv,NOT_FINAL_STATE_0,,,V4,2026-10-10T14:29:18+08:00,2026-10-10T14:29:18+08:00,2026-10-10T18:30:00+08:00,4.012,False,False,False
V4_SHADOW,3061533,2026-10-10,女欧U19,丹麦女足U19 vs 波黑女足U19,,,,,,,0,,,D:\codex\v3_legacy\outputs\football_odds_trader\raw\titan007\20261010\20261010_222009_titan007_odds_snapshot.csv,NOT_FINAL_STATE_0,,,V4,2026-10-10T14:29:18+08:00,2026-10-10T14:29:18+08:00,2026-10-10T19:00:00+08:00,4.512,False,False,False
V4_SHADOW,3094440,2026-10-10,女欧U17,法罗群岛女足U17 vs 立陶宛女足U17,,,,,,,0,,,D:\codex\v3_legacy\outputs\football_odds_trader\raw\titan007\20261010\20261010_222009_titan007_odds_snapshot.csv,NOT_FINAL_STATE_0,,,V4,2026-10-10T14:29:18+08:00,2026-10-10T14:29:18+08:00,2026-10-10T19:00:00+08:00,4.512,False,False,False
V4_SHADOW,3094441,2026-10-10,女欧U17,拉脱维亚女足U17 vs 爱沙尼亚女足U17,,,,,,,0,,,D:\codex\v3_legacy\outputs\football_odds_trader\raw\titan007\20261010\20261010_222009_titan007_odds_snapshot.csv,NOT_FINAL_STATE_0,,,V4,2026-10-10T14:29:18+08:00,2026-10-10T14:29:18+08:00,2026-10-10T19:00:00+08:00,4.512,False,False,False
V4_SHADOW,3095609,2026-10-10,芬乙附,修玛乌尔禾 vs 伊韦斯B队,,,,,,,0,,,D:\codex\v3_legacy\outputs\football_odds_trader\raw\titan007\20261010\20261010_222009_titan007_odds_snapshot.csv,NOT_FINAL_STATE_0,,,V4,2026-10-10T14:29:18+08:00,2026-10-10T14:29:18+08:00,2026-10-10T19:00:00+08:00,4.512,False,False,False
V4_SHADOW,3101080,2026-10-10,非青U17,乌干达U17 vs 布隆迪U17,,,,,,,0,,,D:\codex\v3_legacy\outputs\football_odds_trader\raw\titan007\20261010\20261010_222009_titan007_odds_snapshot.csv,NOT_FINAL_STATE_0,,,V4,2026-10-10T14:29:18+08:00,2026-10-10T14:29:18+08:00,2026-10-10T19:00:00+08:00,4.512,False,False,False
V4_SHADOW,3046645,2026-10-10,瑞典丙升,IFK卢雷亚 vs 哥连斯,,,,,,,0,,,D:\codex\v3_legacy\outputs\football_odds_trader\raw\titan007\20261010\20261010_222009_titan007_odds_snapshot.csv,NOT_FINAL_STATE_0,,,V4,2026-10-10T14:29:18+08:00,2026-10-10T14:29:18+08:00,2026-10-10T19:00:00+08:00,4.512,False,False,False
V4_SHADOW,3046646,2026-10-10,瑞典丙升,古比根保斯 vs IFK奥斯特桑斯,,,,,,,0,,,D:\codex\v3_legacy\outputs\football_odds_trader\raw\titan007\20261010\20261010_222009_titan007_odds_snapshot.csv,NOT_FINAL_STATE_0,,,V4,2026-10-10T14:29:18+08:00,2026-10-10T14:29:18+08:00,2026-10-10T19:00:00+08:00,4.512,False,False,False
V4_SHADOW,2927190,2026-10-10,瑞典丙SG,索尔韦斯堡 vs 利拉托格,,,,,,,0,,,D:\codex\v3_legacy\outputs\football_odds_trader\raw\titan007\20261010\20261010_222009_titan007_odds_snapshot.csv,NOT_FINAL_STATE_0,,,V4,2026-10-10T14:29:18+08:00,2026-10-10T14:29:18+08:00,2026-10-10T19:00:00+08:00,4.512,False,False,False
V4_SHADOW,3088425,2026-10-10,西室内足,DKV瑟古罗斯室内足球队 vs 莫维斯塔室内足球队,,,,,,,0,,,D:\codex\v3_legacy\outputs\football_odds_trader\raw\titan007\20261010\20261010_222009_titan007_odds_snapshot.csv,NOT_FINAL_STATE_0,,,V4,2026-10-10T14:29:18+08:00,2026-10-10T14:29:18+08:00,2026-10-10T19:00:00+08:00,4.512,False,False,False
V4_SHADOW,3017528,2026-10-10,意青联,亚特兰大青年队 vs AC米兰青年队,,,,,,,0,,,D:\codex\v3_legacy\outputs\football_odds_trader\raw\titan007\20261010\20261010_222009_titan007_odds_snapshot.csv,NOT_FINAL_STATE_0,,,V4,2026-10-10T14:29:18+08:00,2026-10-10T14:29:18+08:00,2026-10-10T19:00:00+08:00,4.512,False,False,False
V4_SHADOW,3058657,2026-10-10,丹麦U19,哥本哈根U19 vs 域堡U19,,,,,,,0,,,D:\codex\v3_legacy\outputs\football_odds_trader\raw\titan007\20261010\20261010_222009_titan007_odds_snapshot.csv,NOT_FINAL_STATE_0,,,V4,2026-10-10T14:29:18+08:00,2026-10-10T14:29:18+08:00,2026-10-10T19:00:00+08:00,4.512,False,False,False
V4_SHADOW,3058661,2026-10-10,丹麦U19,霍森斯U19 vs 施克堡U19,,,,,,,0,,,D:\codex\v3_legacy\outputs\football_odds_trader\raw\titan007\20261010\20261010_222009_titan007_odds_snapshot.csv,NOT_FINAL_STATE_0,,,V4,2026-10-10T14:29:18+08:00,2026-10-10T14:29:18+08:00,2026-10-10T19:00:00+08:00,4.512,False,False,False
V4_SHADOW,3058663,2026-10-10,丹麦U19,阿尔堡U19 vs 米迪兰特U19,,,,,,,0,,,D:\codex\v3_legacy\outputs\football_odds_trader\raw\titan007\20261010\20261010_222009_titan007_odds_snapshot.csv,NOT_FINAL_STATE_0,,,V4,2026-10-10T14:29:18+08:00,2026-10-10T14:29:18+08:00,2026-10-10T19:00:00+08:00,4.512,False,False,False
V4_SHADOW,3058664,2026-10-10,丹麦U19,兰达斯弗雷亚U19 vs 宁比U19,,,,,,,0,,,D:\codex\v3_legacy\outputs\football_odds_trader\raw\titan007\20261010\20261010_222009_titan007_odds_snapshot.csv,NOT_FINAL_STATE_0,,,V4,2026-10-10T14:29:18+08:00,2026-10-10T14:29:18+08:00,2026-10-10T19:00:00+08:00,4.512,False,False,False
V4_SHADOW,3031287,2026-10-10,俄乙A,艾立叙欧斯克 vs FK秋明,,,,,,,0,,,D:\codex\v3_legacy\outputs\football_odds_trader\raw\titan007\20261010\20261010_222009_titan007_odds_snapshot.csv,NOT_FINAL_STATE_0,,,V4,2026-10-10T14:29:18+08:00,2026-10-10T14:29:18+08:00,2026-10-10T19:00:00+08:00,4.512,False,False,False
V4_SHADOW,3031430,2026-10-10,俄乙A,基洛夫迪纳摩 vs 阿兰尼亚瓦拉,,,,,,,0,,,D:\codex\v3_legacy\outputs\football_odds_trader\raw\titan007\20261010\20261010_222009_titan007_odds_snapshot.csv,NOT_FINAL_STATE_0,,,V4,2026-10-10T14:29:18+08:00,2026-10-10T14:29:18+08:00,2026-10-10T19:00:00+08:00,4.512,False,False,False
V4_SHADOW,3031432,2026-10-10,俄乙A,FK卡卢加 vs 马舒克KMV,,,,,,,0,,,D:\codex\v3_legacy\outputs\football_odds_trader\raw\titan007\20261010\20261010_222009_titan007_odds_snapshot.csv,NOT_FINAL_STATE_0,,,V4,2026-10-10T14:29:18+08:00,2026-10-10T14:29:18+08:00,2026-10-10T19:00:00+08:00,4.512,False,False,False
V4_SHADOW,3031214,2026-10-10,立陶乙,托拉斯 vs 米尼捷,,,,,,,0,,,D:\codex\v3_legacy\outputs\football_odds_trader\raw\titan007\20261010\20261010_222009_titan007_odds_snapshot.csv,NOT_FINAL_STATE_0,,,V4,2026-10-10T14:29:18+08:00,2026-10-10T14:29:18+08:00,2026-10-10T19:00:00+08:00,4.512,False,False,False
V4_SHADOW,3060018,2026-10-10,西丁,苏雅萨 vs 马利诺,,,,,,,0,,,D:\codex\v3_legacy\outputs\football_odds_trader\raw\titan007\20261010\20261010_222009_titan007_odds_snapshot.csv,NOT_FINAL_STATE_0,,,V4,2026-10-10T14:29:18+08:00,2026-10-10T14:29:18+08:00,2026-10-10T19:00:00+08:00,4.512,False,False,False
V4_SHADOW,3098175,2026-10-10,德戊,达森多夫 vs 汉堡维多利亚,,,,,,,0,,,D:\codex\v3_legacy\outputs\football_odds_trader\raw\titan007\20261010\20261010_222009_titan007_odds_snapshot.csv,NOT_FINAL_STATE_0,,,V4,2026-10-10T14:29:18+08:00,2026-10-10T14:29:18+08:00,2026-10-10T19:00:00+08:00,4.512,False,False,False
V4_SHADOW,3098222,2026-10-10,德戊,利希滕贝格47 vs 安高维斯马,,,,,,,0,,,D:\codex\v3_legacy\outputs\football_odds_trader\raw\titan007\20261010\20261010_222009_titan007_odds_snapshot.csv,NOT_FINAL_STATE_0,,,V4,2026-10-10T14:29:18+08:00,2026-10-10T14:29:18+08:00,2026-10-10T19:00:00+08:00,4.512,False,False,False
V4_SHADOW,3098223,2026-10-10,德戊,马哈多夫 vs 纽斯特利兹,,,,,,,0,,,D:\codex\v3_legacy\outputs\football_odds_trader\raw\titan007\20261010\20261010_222009_titan007_odds_snapshot.csv,NOT_FINAL_STATE_0,,,V4,2026-10-10T14:29:18+08:00,2026-10-10T14:29:18+08:00,2026-10-10T19:00:00+08:00,4.512,False,False,False
V4_SHADOW,3098228,2026-10-10,德戊,艾伦堡 vs FC维尔尼格罗德,,,,,,,0,,,D:\codex\v3_legacy\outputs\football_odds_trader\raw\titan007\20261010\20261010_222009_titan007_odds_snapshot.csv,NOT_FINAL_STATE_0,,,V4,2026-10-10T14:29:18+08:00,2026-10-10T14:29:18+08:00,2026-10-10T19:00:00+08:00,4.512,False,False,False
V4_SHADOW,3098243,2026-10-10,德戊,TSV埃辛根 vs 罗伊特林根,,,,,,,0,,,D:\codex\v3_legacy\outputs\football_odds_trader\raw\titan007\20261010\20261010_222009_titan007_odds_snapshot.csv,NOT_FINAL_STATE_0,,,V4,2026-10-10T14:29:18+08:00,2026-10-10T14:29:18+08:00,2026-10-10T19:00:00+08:00,4.512,False,False,False
V4_SHADOW,3098268,2026-10-10,德戊,联合不莱梅 vs 布鲁蒙塔勒,,,,,,,0,,,D:\codex\v3_legacy\outputs\football_odds_trader\raw\titan007\20261010\20261010_222009_titan007_odds_snapshot.csv,NOT_FINAL_STATE_0,,,V4,2026-10-10T14:29:18+08:00,2026-10-10T14:29:18+08:00,2026-10-10T19:00:00+08:00,4.512,False,False,False
V4_SHADOW,2969817,2026-10-10,白俄甲,尼瓦杜比兹诺 vs 高美尔B队,,,,,,,0,,,D:\codex\v3_legacy\outputs\football_odds_trader\raw\titan007\20261010\20261010_222009_titan007_odds_snapshot.csv,NOT_FINAL_STATE_0,,,V4,2026-10-10T14:29:18+08:00,2026-10-10T14:29:18+08:00,2026-10-10T19:00:00+08:00,4.512,False,False,False
V4_SHADOW,2969818,2026-10-10,白俄甲,奥斯波维奇 vs 沃尔纳平斯克,,,,,,,0,,,D:\codex\v3_legacy\outputs\football_odds_trader\raw\titan007\20261010\20261010_222009_titan007_odds_snapshot.csv,NOT_FINAL_STATE_0,,,V4,2026-10-10T14:29:18+08:00,2026-10-10T14:29:18+08:00,2026-10-10T19:00:00+08:00,4.512,False,False,False
V4_SHADOW,2966283,2026-10-10,俄乙B西,克伊斯克拉 vs 穆罗姆,,,,,,,0,,,D:\codex\v3_legacy\outputs\football_odds_trader\raw\titan007\20261010\20261010_222009_titan007_odds_snapshot.csv,NOT_FINAL_STATE_0,,,V4,2026-10-10T14:29:18+08:00,2026-10-10T14:29:18+08:00,2026-10-10T19:00:00+08:00,4.512,False,False,False
V4_SHADOW,2966521,2026-10-10,俄乙B中,圣潘萨 vs 罗迪纳莫斯科C队,,,,,,,0,,,D:\codex\v3_legacy\outputs\football_odds_trader\raw\titan007\20261010\20261010_222009_titan007_odds_snapshot.csv,NOT_FINAL_STATE_0,,,V4,2026-10-10T14:29:18+08:00,2026-10-10T14:29:18+08:00,2026-10-10T19:00:00+08:00,4.512,False,False,False
V4_SHADOW,2965862,2026-10-10,俄乙B南,卢甘斯克 vs 纳塔切尔克斯克,,,,,,,0,,,D:\codex\v3_legacy\outputs\football_odds_trader\raw\titan007\20261010\20261010_222009_titan007_odds_snapshot.csv,NOT_FINAL_STATE_0,,,V4,2026-10-10T14:29:18+08:00,2026-10-10T14:29:18+08:00,2026-10-10T19:00:00+08:00,4.512,False,False,False
V4_SHADOW,3098282,2026-10-10,匈丙,霍德梅泽瓦沙海伊 vs 达巴斯,,,,,,,0,,,D:\codex\v3_legacy\outputs\football_odds_trader\raw\titan007\20261010\20261010_222009_titan007_odds_snapshot.csv,NOT_FINAL_STATE_0,,,V4,2026-10-10T14:29:18+08:00,2026-10-10T14:29:18+08:00,2026-10-10T19:00:00+08:00,4.512,False,False,False
V4_SHADOW,3098284,2026-10-10,匈丙,卡波斯瓦里 vs 伊万乔,,,,,,,0,,,D:\codex\v3_legacy\outputs\football_odds_trader\raw\titan007\20261010\20261010_222009_titan007_odds_snapshot.csv,NOT_FINAL_STATE_0,,,V4,2026-10-10T14:29:18+08:00,2026-10-10T14:29:18+08:00,2026-10-10T19:00:00+08:00,4.512,False,False,False
V4_SHADOW,3098287,2026-10-10,匈丙,沙尔哥塔罕BTC vs 迪比辛尼AC,,,,,,,0,,,D:\codex\v3_legacy\outputs\football_odds_trader\raw\titan007\20261010\20261010_222009_titan007_odds_snapshot.csv,NOT_FINAL_STATE_0,,,V4,2026-10-10T14:29:18+08:00,2026-10-10T14:29:18+08:00,2026-10-10T19:00:00+08:00,4.512,False,False,False
V4_SHADOW,3098288,2026-10-10,匈丙,山多尔福尔维 vs 华萨斯B队,,,,,,,0,,,D:\codex\v3_legacy\outputs\football_odds_trader\raw\titan007\20261010\20261010_222009_titan007_odds_snapshot.csv,NOT_FINAL_STATE_0,,,V4,2026-10-10T14:29:18+08:00,2026-10-10T14:29:18+08:00,2026-10-10T19:00:00+08:00,4.512,False,False,False
V4_SHADOW,3098289,2026-10-10,匈丙,沙里萨班亚斯 vs 布达佩斯1908,,,,,,,0,,,D:\codex\v3_legacy\outputs\football_odds_trader\raw\titan007\20261010\20261010_222009_titan007_odds_snapshot.csv,NOT_FINAL_STATE_0,,,V4,2026-10-10T14:29:18+08:00,2026-10-10T14:29:18+08:00,2026-10-10T19:00:00+08:00,4.512,False,False,False
V4_SHADOW,3098290,2026-10-10,匈丙,斯泽克斯扎迪 vs 杜纳哈拉斯提,,,,,,,0,,,D:\codex\v3_legacy\outputs\football_odds_trader\raw\titan007\20261010\20261010_222009_titan007_odds_snapshot.csv,NOT_FINAL_STATE_0,,,V4,2026-10-10T14:29:18+08:00,2026-10-10T14:29:18+08:00,2026-10-10T19:00:00+08:00,4.512,False,False,False
V4_SHADOW,3098315,2026-10-10,丹麦丁,纳克斯科夫 vs 腓特烈,,,,,,,0,,,D:\codex\v3_legacy\outputs\football_odds_trader\raw\titan007\20261010\20261010_222009_titan007_odds_snapshot.csv,NOT_FINAL_STATE_0,,,V4,2026-10-10T14:29:18+08:00,2026-10-10T14:29:18+08:00,2026-10-10T19:00:00+08:00,4.512,False,False,False
V4_SHADOW,3098316,2026-10-10,丹麦丁,阿晓斯费马青年队 vs 贺森斯弗雷亚,,,,,,,0,,,D:\codex\v3_legacy\outputs\football_odds_trader\raw\titan007\20261010\20261010_222009_titan007_odds_snapshot.csv,NOT_FINAL_STATE_0,,,V4,2026-10-10T14:29:18+08:00,2026-10-10T14:29:18+08:00,2026-10-10T19:00:00+08:00,4.512,False,False,False
V4_SHADOW,3098317,2026-10-10,丹麦丁,奥德尔 vs 堡鲁本B1913,,,,,,,0,,,D:\codex\v3_legacy\outputs\football_odds_trader\raw\titan007\20261010\20261010_222009_titan007_odds_snapshot.csv,NOT_FINAL_STATE_0,,,V4,2026-10-10T14:29:18+08:00,2026-10-10T14:29:18+08:00,2026-10-10T19:00:00+08:00,4.512,False,False,False
V4_SHADOW,3098318,2026-10-10,丹麦丁,塔鲁普 vs 科尔丁BK,,,,,,,0,,,D:\codex\v3_legacy\outputs\football_odds_trader\raw\titan007\20261010\20261010_222009_titan007_odds_snapshot.csv,NOT_FINAL_STATE_0,,,V4,2026-10-10T14:29:18+08:00,2026-10-10T14:29:18+08:00,2026-10-10T19:00:00+08:00,4.512,False,False,False
V4_SHADOW,3098320,2026-10-10,丹麦丁,维比 vs 诺里辛比,,,,,,,0,,,D:\codex\v3_legacy\outputs\football_odds_trader\raw\titan007\20261010\20261010_222009_titan007_odds_snapshot.csv,NOT_FINAL_STATE_0,,,V4,2026-10-10T14:29:18+08:00,2026-10-10T14:29:18+08:00,2026-10-10T19:00:00+08:00,4.512,False,False,False
V4_SHADOW,3100999,2026-10-10,西青U19,圣菲尼斯CF U19 vs 哎伦迪波密U19,,,,,,,0,,,D:\codex\v3_legacy\outputs\football_odds_trader\raw\titan007\20261010\20261010_222009_titan007_odds_snapshot.csv,NOT_FINAL_STATE_0,,,V4,2026-10-10T14:29:18+08:00,2026-10-10T14:29:18+08:00,2026-10-10T19:00:00+08:00,4.512,False,False,False
V4_SHADOW,3100284,2026-10-10,国际友谊,白俄罗斯女足U17 vs 俄罗斯女足U17,,,,,,,0,,,D:\codex\v3_legacy\outputs\football_odds_trader\raw\titan007\20261010\20261010_222009_titan007_odds_snapshot.csv,NOT_FINAL_STATE_0,,,V4,2026-10-10T14:29:18+08:00,2026-10-10T14:29:18+08:00,2026-10-10T19:00:00+08:00,4.512,False,False,False
V4_SHADOW,3099314,2026-10-10,国际友谊,爱沙尼亚女足U19 vs 拉脱维亚女足U19,,,,,,,0,,,D:\codex\v3_legacy\outputs\football_odds_trader\raw\titan007\20261010\20261010_222009_titan007_odds_snapshot.csv,NOT_FINAL_STATE_0,,,V4,2026-10-10T14:29:18+08:00,2026-10-10T14:29:18+08:00,2026-10-10T19:00:00+08:00,4.512,False,False,False
V4_SHADOW,3101076,2026-10-10,国际友谊,黎巴嫩女足 vs 巴勒斯坦女足,,,,,,,0,,,D:\codex\v3_legacy\outputs\football_odds_trader\raw\titan007\20261010\20261010_222009_titan007_odds_snapshot.csv,NOT_FINAL_STATE_0,,,V4,2026-10-10T14:29:18+08:00,2026-10-10T14:29:18+08:00,2026-10-10T19:00:00+08:00,4.512,False,False,False
V4_SHADOW,3089947,2026-10-10,渝超,云阳恐龙队 vs 九龙熊猫队,,,,,,,0,,,D:\codex\v3_legacy\outputs\football_odds_trader\raw\titan007\20261010\20261010_222009_titan007_odds_snapshot.csv,NOT_FINAL_STATE_0,,,V4,2026-10-10T14:29:18+08:00,2026-10-10T14:29:18+08:00,2026-10-10T19:00:00+08:00,4.512,False,False,False
V4_SHADOW,3052775,2026-10-10,德青联,科隆U19 vs 凯泽斯劳滕U19,,,,,,,0,,,D:\codex\v3_legacy\outputs\football_odds_trader\raw\titan007\20261010\20261010_222009_titan007_odds_snapshot.csv,NOT_FINAL_STATE_0,,,V4,2026-10-10T14:29:18+08:00,2026-10-10T14:29:18+08:00,2026-10-10T19:00:00+08:00,4.512,False,False,False
V4_SHADOW,3052674,2026-10-10,德青联,拜仁慕尼黑U19 vs 雷根斯堡U19,,,,,,,0,,,D:\codex\v3_legacy\outputs\football_odds_trader\raw\titan007\20261010\20261010_222009_titan007_odds_snapshot.csv,NOT_FINAL_STATE_0,,,V4,2026-10-10T14:29:18+08:00,2026-10-10T14:29:18+08:00,2026-10-10T19:00:00+08:00,4.512,False,False,False
V4_SHADOW,3052722,2026-10-10,德青联,奥格斯堡U19 vs 海登海姆U19,,,,,,,0,,,D:\codex\v3_legacy\outputs\football_odds_trader\raw\titan007\20261010\20261010_222009_titan007_odds_snapshot.csv,NOT_FINAL_STATE_0,,,V4,2026-10-10T14:29:18+08:00,2026-10-10T14:29:18+08:00,2026-10-10T19:00:00+08:00,4.512,False,False,False
V4_SHADOW,3052724,2026-10-10,德青联,卡尔斯鲁厄U19 vs 斯图加特踢球者U19,,,,,,,0,,,D:\codex\v3_legacy\outputs\football_odds_trader\raw\titan007\20261010\20261010_222009_titan007_odds_snapshot.csv,NOT_FINAL_STATE_0,,,V4,2026-10-10T14:29:18+08:00,2026-10-10T14:29:18+08:00,2026-10-10T19:00:00+08:00,4.512,False,False,False
V4_SHADOW,3052901,2026-10-10,德青联,哈韦尔斯U19 vs 沃尔夫斯堡U19,,,,,,,0,,,D:\codex\v3_legacy\outputs\football_odds_trader\raw\titan007\20261010\20261010_222009_titan007_odds_snapshot.csv,NOT_FINAL_STATE_0,,,V4,2026-10-10T14:29:18+08:00,2026-10-10T14:29:18+08:00,2026-10-10T19:00:00+08:00,4.512,False,False,False
V4_SHADOW,3052536,2026-10-10,德青联,基尔高士丁U19 vs 圣保利U19,,,,,,,0,,,D:\codex\v3_legacy\outputs\football_odds_trader\raw\titan007\20261010\20261010_222009_titan007_odds_snapshot.csv,NOT_FINAL_STATE_0,,,V4,2026-10-10T14:29:18+08:00,2026-10-10T14:29:18+08:00,2026-10-10T19:00:00+08:00,4.512,False,False,False
V4_SHADOW,3052582,2026-10-10,德青联,布伦瑞克U19 vs 哈雷车U19,,,,,,,0,,,D:\codex\v3_legacy\outputs\football_odds_trader\raw\titan007\20261010\20261010_222009_titan007_odds_snapshot.csv,NOT_FINAL_STATE_0,,,V4,2026-10-10T14:29:18+08:00,2026-10-10T14:29:18+08:00,2026-10-10T19:00:00+08:00,4.512,False,False,False
V4_SHADOW,3100954,2026-10-10,科索U19,KF格尼拉内U19 vs 科里库B U19,,,,,,,0,,,D:\codex\v3_legacy\outputs\football_odds_trader\raw\titan007\20261010\20261010_222009_titan007_odds_snapshot.csv,NOT_FINAL_STATE_0,,,V4,2026-10-10T14:29:18+08:00,2026-10-10T14:29:18+08:00,2026-10-10T19:00:00+08:00,4.512,False,False,False
V4_SHADOW,3098321,2026-10-10,丹麦丁,费雷登斯堡 vs KFUM洛斯基德,,,,,,,0,,,D:\codex\v3_legacy\outputs\football_odds_trader\raw\titan007\20261010\20261010_222009_titan007_odds_snapshot.csv,NOT_FINAL_STATE_0,,,V4,2026-10-10T14:29:18+08:00,2026-10-10T14:29:18+08:00,2026-10-10T19:15:00+08:00,4.762,False,False,False
V4_SHADOW,2965860,2026-10-10,俄乙B南,FC波别达 vs 鲁宾雅尔塔,,,,,,,0,,,D:\codex\v3_legacy\outputs\football_odds_trader\raw\titan007\20261010\20261010_222009_titan007_odds_snapshot.csv,NOT_FINAL_STATE_0,,,V4,2026-10-10T14:29:18+08:00,2026-10-10T14:29:18+08:00,2026-10-10T19:30:00+08:00,5.012,False,False,False
V4_SHADOW,2940921,2026-10-10,格鲁乙,奥迪希1919 vs 萨加雷焦,,,,,,,0,,,D:\codex\v3_legacy\outputs\football_odds_trader\raw\titan007\20261010\20261010_222009_titan007_odds_snapshot.csv,NOT_FINAL_STATE_0,,,V4,2026-10-10T14:29:18+08:00,2026-10-10T14:29:18+08:00,2026-10-10T19:30:00+08:00,5.012,False,False,False
V4_SHADOW,3098322,2026-10-10,丹麦丁,耐拉石巴勒鲁普 vs 戈尔斯列夫,,,,,,,0,,,D:\codex\v3_legacy\outputs\football_odds_trader\raw\titan007\20261010\20261010_222009_titan007_odds_snapshot.csv,NOT_FINAL_STATE_0,,,V4,2026-10-10T14:29:18+08:00,2026-10-10T14:29:18+08:00,2026-10-10T19:30:00+08:00,5.012,False,False,False
V4_SHADOW,3098323,2026-10-10,丹麦丁,马利恩尔斯特 vs 艾斯堡B队,,,,,,,0,,,D:\codex\v3_legacy\outputs\football_odds_trader\raw\titan007\20261010\20261010_222009_titan007_odds_snapshot.csv,NOT_FINAL_STATE_0,,,V4,2026-10-10T14:29:18+08:00,2026-10-10T14:29:18+08:00,2026-10-10T19:30:00+08:00,5.012,False,False,False
V4_SHADOW,3098324,2026-10-10,丹麦丁,利森格 vs 霍布罗IKB队,,,,,,,0,,,D:\codex\v3_legacy\outputs\football_odds_trader\raw\titan007\20261010\20261010_222009_titan007_odds_snapshot.csv,NOT_FINAL_STATE_0,,,V4,2026-10-10T14:29:18+08:00,2026-10-10T14:29:18+08:00,2026-10-10T19:30:00+08:00,5.012,False,False,False
V4_SHADOW,3089948,2026-10-10,渝超,渝中队 vs 黔江白垩纪恐龙队,,,,,,,0,,,D:\codex\v3_legacy\outputs\football_odds_trader\raw\titan007\20261010\20261010_222009_titan007_odds_snapshot.csv,NOT_FINAL_STATE_0,,,V4,2026-10-10T14:29:18+08:00,2026-10-10T14:29:18+08:00,2026-10-10T19:30:00+08:00,5.012,False,False,False
V4_SHADOW,3045560,2026-10-10,湘超,益阳队 vs 永州队,,,,,,,0,,,D:\codex\v3_legacy\outputs\football_odds_trader\raw\titan007\20261010\20261010_222009_titan007_odds_snapshot.csv,NOT_FINAL_STATE_0,,,V4,2026-10-10T14:29:18+08:00,2026-10-10T14:29:18+08:00,2026-10-10T19:35:00+08:00,5.095,False,False,False
V4_SHADOW,3045561,2026-10-10,湘超,衡阳队 vs 张家界队,,,,,,,0,,,D:\codex\v3_legacy\outputs\football_odds_trader\raw\titan007\20261010\20261010_222009_titan007_odds_snapshot.csv,NOT_FINAL_STATE_0,,,V4,2026-10-10T14:29:18+08:00,2026-10-10T14:29:18+08:00,2026-10-10T19:35:00+08:00,5.095,False,False,False
V4_SHADOW,3027204,2026-10-10,德地区巴,伊勒迪森 vs 慕尼黑1860,,,,,,,0,,,D:\codex\v3_legacy\outputs\football_odds_trader\raw\titan007\20261010\20261010_222009_titan007_odds_snapshot.csv,NOT_FINAL_STATE_0,f2e55573377b3489094e,RUN_20261010_193724,V4,2026-10-10T14:29:18+08:00,2026-10-10T14:29:18+08:00,2026-10-10T20:00:00+08:00,5.512,False,False,False
V4_SHADOW,3027205,2026-10-10,德地区巴,TSV兰茨贝格 vs 奥布斯塔特,,,,,,,0,,,D:\codex\v3_legacy\outputs\football_odds_trader\raw\titan007\20261010\20261010_222009_titan007_odds_snapshot.csv,NOT_FINAL_STATE_0,04b397025ac4cd6dd0e5,RUN_20261010_193724,V4,2026-10-10T14:29:18+08:00,2026-10-10T14:29:18+08:00,2026-10-10T20:00:00+08:00,5.512,False,False,False
V4_SHADOW,3027207,2026-10-10,德地区巴,TSV施瓦本奥格斯堡 vs 拜列治,,,,,,,0,,,D:\codex\v3_legacy\outputs\football_odds_trader\raw\titan007\20261010\20261010_222009_titan007_odds_snapshot.csv,NOT_FINAL_STATE_0,43b156612ad1c3fd11be,RUN_20261010_193724,V4,2026-10-10T14:29:18+08:00,2026-10-10T14:29:18+08:00,2026-10-10T20:00:00+08:00,5.512,False,False,False
V4_SHADOW,3031571,2026-10-10,德地区南,巴洛克斯塔特 vs 亚伦,,,,,,,0,,,D:\codex\v3_legacy\outputs\football_odds_trader\raw\titan007\20261010\20261010_222009_titan007_odds_snapshot.csv,NOT_FINAL_STATE_0,512a5855f4cf9bfecd97,RUN_20261010_193724,V4,2026-10-10T14:29:18+08:00,2026-10-10T14:29:18+08:00,2026-10-10T20:00:00+08:00,5.512,False,False,False
V4_SHADOW,3031572,2026-10-10,德地区南,凯泽斯劳滕青年队 vs 卡塞尔黑森,,,,,,,0,,,D:\codex\v3_legacy\outputs\football_odds_trader\raw\titan007\20261010\20261010_222009_titan007_odds_snapshot.csv,NOT_FINAL_STATE_0,e4e02b1156c6c72cda4b,RUN_20261010_193724,V4,2026-10-10T14:29:18+08:00,2026-10-10T14:29:18+08:00,2026-10-10T20:00:00+08:00,5.512,False,False,False
V4_SHADOW,3031575,2026-10-10,德地区南,乌尔姆 vs 法兰克福青年队,,,,,,,0,,,D:\codex\v3_legacy\outputs\football_odds_trader\raw\titan007\20261010\20261010_222009_titan007_odds_snapshot.csv,NOT_FINAL_STATE_0,135fd5b7039dac51be7c,RUN_20261010_193724,V4,2026-10-10T14:29:18+08:00,2026-10-10T14:29:18+08:00,2026-10-10T20:00:00+08:00,5.512,False,False,False
V4_SHADOW,3031576,2026-10-10,德地区南,VfR曼海姆 vs 史特加踢球者,,,,,,,0,,,D:\codex\v3_legacy\outputs\football_odds_trader\raw\titan007\20261010\20261010_222009_titan007_odds_snapshot.csv,NOT_FINAL_STATE_0,ae37a4e7ce340c4dff5e,RUN_20261010_193724,V4,2026-10-10T14:29:18+08:00,2026-10-10T14:29:18+08:00,2026-10-10T20:00:00+08:00,5.512,False,False,False
V4_SHADOW,3043704,2026-10-10,德地区西,柏基斯兹 vs 沙尔克04业余队,,,,,,,0,,,D:\codex\v3_legacy\outputs\football_odds_trader\raw\titan007\20261010\20261010_222009_titan007_odds_snapshot.csv,NOT_FINAL_STATE_0,de404d6f5963e8adbead,RUN_20261010_193724,V4,2026-10-10T14:29:18+08:00,2026-10-10T14:29:18+08:00,2026-10-10T20:00:00+08:00,5.512,False,False,False
V4_SHADOW,3043706,2026-10-10,德地区西,多蒙特业余队 vs 华登舒特,,,,,,,0,,,D:\codex\v3_legacy\outputs\football_odds_trader\raw\titan007\20261010\20261010_222009_titan007_odds_snapshot.csv,NOT_FINAL_STATE_0,c658ac74c7ecbe4d5269,RUN_20261010_193724,V4,2026-10-10T14:29:18+08:00,2026-10-10T14:29:18+08:00,2026-10-10T20:00:00+08:00,5.512,False,False,False
V4_SHADOW,3043707,2026-10-10,德地区西,加特斯洛 vs 希根,,,,,,,0,,,D:\codex\v3_legacy\outputs\football_odds_trader\raw\titan007\20261010\20261010_222009_titan007_odds_snapshot.csv,NOT_FINAL_STATE_0,4975b0a9d62bfd109358,RUN_20261010_193724,V4,2026-10-10T14:29:18+08:00,2026-10-10T14:29:18+08:00,2026-10-10T20:00:00+08:00,5.512,False,False,False
V4_SHADOW,3043711,2026-10-10,德地区西,威斯法利亚利耶尼恩 vs VFB希尔顿,,,,,,,0,,,D:\codex\v3_legacy\outputs\football_odds_trader\raw\titan007\20261010\20261010_222009_titan007_odds_snapshot.csv,NOT_FINAL_STATE_0,7e895ea7eb1d62891123,RUN_20261010_193724,V4,2026-10-10T14:29:18+08:00,2026-10-10T14:29:18+08:00,2026-10-10T20:00:00+08:00,5.512,False,False,False
V4_SHADOW,3043407,2026-10-10,德地区北,恩斯巴特勒 vs 汉诺威业余队,,,,,,,0,,,D:\codex\v3_legacy\outputs\football_odds_trader\raw\titan007\20261010\20261010_222009_titan007_odds_snapshot.csv,NOT_FINAL_STATE_0,cfe4f72cc08c2a6b54b8,RUN_20261010_193724,V4,2026-10-10T14:29:18+08:00,2026-10-10T14:29:18+08:00,2026-10-10T20:00:00+08:00,5.512,False,False,False
V4_SHADOW,3026483,2026-10-10,德地区东北,BFC普鲁士 vs 柏林赫塔青年队,,,,,,,0,,,D:\codex\v3_legacy\outputs\football_odds_trader\raw\titan007\20261010\20261010_222009_titan007_odds_snapshot.csv,NOT_FINAL_STATE_0,21dadb7bcbb393ce40ee,RUN_20261010_193724,V4,2026-10-10T14:29:18+08:00,2026-10-10T14:29:18+08:00,2026-10-10T20:00:00+08:00,5.512,False,False,False
V4_SHADOW,3087091,2026-10-10,荷青甲,格罗宁根青年队 vs 费耶诺德U21,,,,,,,0,,,D:\codex\v3_legacy\outputs\football_odds_trader\raw\titan007\20261010\20261010_222009_titan007_odds_snapshot.csv,NOT_FINAL_STATE_0,d11f20fbe75d3b0e8fe7,RUN_20261010_193724,V4,2026-10-10T14:29:18+08:00,2026-10-10T14:29:18+08:00,2026-10-10T20:00:00+08:00,5.512,False,False,False
V4_SHADOW,3095610,2026-10-10,芬乙附,洪卡 vs 雅各布斯塔德,,,,,,,0,,,D:\codex\v3_legacy\outputs\football_odds_trader\raw\titan007\20261010\20261010_222009_titan007_odds_snapshot.csv,NOT_FINAL_STATE_0,035886893cee9b086bd3,RUN_20261010_193724,V4,2026-10-10T14:29:18+08:00,2026-10-10T14:29:18+08:00,2026-10-10T20:00:00+08:00,5.512,False,False,False
V4_SHADOW,3074353,2026-10-10,芬乙A降,普尤 vs 拉迪恩雷帕斯,,,,,,,0,,,D:\codex\v3_legacy\outputs\football_odds_trader\raw\titan007\20261010\20261010_222009_titan007_odds_snapshot.csv,NOT_FINAL_STATE_0,bf1efdc6928ced07b04e,RUN_20261010_193724,V4,2026-10-10T14:29:18+08:00,2026-10-10T14:29:18+08:00,2026-10-10T20:00:00+08:00,5.512,False,False,False
V4_SHADOW,3074354,2026-10-10,芬乙A降,普拉尼 vs 迈帕,,,,,,,0,,,D:\codex\v3_legacy\outputs\football_odds_trader\raw\titan007\20261010\20261010_222009_titan007_odds_snapshot.csv,NOT_FINAL_STATE_0,21efe6dcc65a0ecddf25,RUN_20261010_193724,V4,2026-10-10T14:29:18+08:00,2026-10-10T14:29:18+08:00,2026-10-10T20:00:00+08:00,5.512,False,False,False
V4_SHADOW,3074312,2026-10-10,芬乙B降,EBK vs 穆莎,,,,,,,0,,,D:\codex\v3_legacy\outputs\football_odds_trader\raw\titan007\20261010\20261010_222009_titan007_odds_snapshot.csv,NOT_FINAL_STATE_0,d28a29f993674aa70383,RUN_20261010_193724,V4,2026-10-10T14:29:18+08:00,2026-10-10T14:29:18+08:00,2026-10-10T20:00:00+08:00,5.512,False,False,False
V4_SHADOW,3074313,2026-10-10,芬乙B降,格力夫克 vs 努尔米耶尔维NJS,,,,,,,0,,,D:\codex\v3_legacy\outputs\football_odds_trader\raw\titan007\20261010\20261010_222009_titan007_odds_snapshot.csv,NOT_FINAL_STATE_0,9084e9eefdf2b92c5047,RUN_20261010_193724,V4,2026-10-10T14:29:18+08:00,2026-10-10T14:29:18+08:00,2026-10-10T20:00:00+08:00,5.512,False,False,False
V4_SHADOW,3074340,2026-10-10,芬乙C降,JS赫拉克勒斯 vs TP-47托尔尼奥,,,,,,,0,,,D:\codex\v3_legacy\outputs\football_odds_trader\raw\titan007\20261010\20261010_222009_titan007_odds_snapshot.csv,NOT_FINAL_STATE_0,79160389b7dbd14d670b,RUN_20261010_193724,V4,2026-10-10T14:29:18+08:00,2026-10-10T14:29:18+08:00,2026-10-10T20:00:00+08:00,5.512,False,False,False
V4_SHADOW,3074341,2026-10-10,芬乙C降,华渣高斯基 vs SJK阿卡泰米阿B队,,,,,,,0,,,D:\codex\v3_legacy\outputs\football_odds_trader\raw\titan007\20261010\20261010_222009_titan007_odds_snapshot.csv,NOT_FINAL_STATE_0,15f68635fc62fad17d18,RUN_20261010_193724,V4,2026-10-10T14:29:18+08:00,2026-10-10T14:29:18+08:00,2026-10-10T20:00:00+08:00,5.512,False,False,False
V4_SHADOW,3100214,2026-10-10,叙利亚甲,禾里亚 vs 阿勒颇国民联合,,,,,,,0,,,D:\codex\v3_legacy\outputs\football_odds_trader\raw\titan007\20261010\20261010_222009_titan007_odds_snapshot.csv,NOT_FINAL_STATE_0,70f27164959ffa86216c,RUN_20261010_193724,V4,2026-10-10T14:29:18+08:00,2026-10-10T14:29:18+08:00,2026-10-10T20:00:00+08:00,5.512,False,False,False
V4_SHADOW,3100217,2026-10-10,叙利亚甲,AL桑塔大马士革 vs 塔雷亚,,,,,,,0,,,D:\codex\v3_legacy\outputs\football_odds_trader\raw\titan007\20261010\20261010_222009_titan007_odds_snapshot.csv,NOT_FINAL_STATE_0,8fe99ce8f203547a71a5,RUN_20261010_193724,V4,2026-10-10T14:29:18+08:00,2026-10-10T14:29:18+08:00,2026-10-10T20:00:00+08:00,5.512,False,False,False
V4_SHADOW,3071335,2026-10-10,摩尔甲,巴尔蒂 vs 皇家希雷蒂,,,,,,,0,,,D:\codex\v3_legacy\outputs\football_odds_trader\raw\titan007\20261010\20261010_222009_titan007_odds_snapshot.csv,NOT_FINAL_STATE_0,8fdf19e7385082d832f6,RUN_20261010_193724,V4,2026-10-10T14:29:18+08:00,2026-10-10T14:29:18+08:00,2026-10-10T20:00:00+08:00,5.512,False,False,False
V4_SHADOW,2957261,2026-10-10,拉脱甲,斯坎斯特 vs JDFS艾尔贝茨,,,,,,,0,,,D:\codex\v3_legacy\outputs\football_odds_trader\raw\titan007\20261010\20261010_222009_titan007_odds_snapshot.csv,NOT_FINAL_STATE_0,23088620f9d569c3e004,RUN_20261010_193724,V4,2026-10-10T14:29:18+08:00,2026-10-10T14:29:18+08:00,2026-10-10T20:00:00+08:00,5.512,False,False,False
V4_SHADOW,3046647,2026-10-10,瑞典丙升,铁克 vs 博登斯,,,,,,,0,,,D:\codex\v3_legacy\outputs\football_odds_trader\raw\titan007\20261010\20261010_222009_titan007_odds_snapshot.csv,NOT_FINAL_STATE_0,67c2b095668fd5f795cd,RUN_20261010_193724,V4,2026-10-10T14:29:18+08:00,2026-10-10T14:29:18+08:00,2026-10-10T20:00:00+08:00,5.512,False,False,False
V4_SHADOW,2927188,2026-10-10,瑞典丙SG,利勒罗 vs 华克斯乔诺拉,,,,,,,0,,,D:\codex\v3_legacy\outputs\football_odds_trader\raw\titan007\20261010\20261010_222009_titan007_odds_snapshot.csv,NOT_FINAL_STATE_0,21d163240b625a865d6f,RUN_20261010_193724,V4,2026-10-10T14:29:18+08:00,2026-10-10T14:29:18+08:00,2026-10-10T20:00:00+08:00,5.512,False,False,False
V4_SHADOW,2927373,2026-10-10,瑞典丙NG,慕达拉 vs 利德雪平,,,,,,,0,,,D:\codex\v3_legacy\outputs\football_odds_trader\raw\titan007\20261010\20261010_222009_titan007_odds_snapshot.csv,NOT_FINAL_STATE_0,062d4944f033673851f2,RUN_20261010_193724,V4,2026-10-10T14:29:18+08:00,2026-10-10T14:29:18+08:00,2026-10-10T20:00:00+08:00,5.512,False,False,False
V4_SHADOW,2927006,2026-10-10,瑞典丙VG,达斯托普斯 vs 庄森利特斯,,,,,,,0,,,D:\codex\v3_legacy\outputs\football_odds_trader\raw\titan007\20261010\20261010_222009_titan007_odds_snapshot.csv,NOT_FINAL_STATE_0,7b94aa9867398af6e2f5,RUN_20261010_193724,V4,2026-10-10T14:29:18+08:00,2026-10-10T14:29:18+08:00,2026-10-10T20:00:00+08:00,5.512,False,False,False
V4_SHADOW,3074655,2026-10-10,以乙北,蒂亚雷 vs 贝特谢安,,,,,,,0,,,D:\codex\v3_legacy\outputs\football_odds_trader\raw\titan007\20261010\20261010_222009_titan007_odds_snapshot.csv,NOT_FINAL_STATE_0,f4350ee11fd5ee3fb8f6,RUN_20261010_193724,V4,2026-10-10T14:29:18+08:00,2026-10-10T14:29:18+08:00,2026-10-10T20:00:00+08:00,5.512,False,False,False
V4_SHADOW,3099577,2026-10-10,土U19联,里泽体育U19 vs 费内巴切U19,费内巴切U19,receiving,0.75,1.8,C,,0,,,D:\codex\v3_legacy\outputs\football_odds_trader\raw\titan007\20261010\20261010_222009_titan007_odds_snapshot.csv,NOT_FINAL_STATE_0,22aa334a1c808d498842,,V4,2026-10-10T14:29:18+08:00,2026-10-10T14:29:18+08:00,2026-10-10T20:00:00+08:00,5.512,False,True,False
V4_SHADOW,3087898,2026-10-10,匈U19,普斯卡什学院U19 vs 基斯华达U19,,,,,,,0,,,D:\codex\v3_legacy\outputs\football_odds_trader\raw\titan007\20261010\20261010_222009_titan007_odds_snapshot.csv,NOT_FINAL_STATE_0,53cd8642b94ebdb23c63,RUN_20261010_193724,V4,2026-10-10T14:29:18+08:00,2026-10-10T14:29:18+08:00,2026-10-10T20:00:00+08:00,5.512,False,False,False
V4_SHADOW,3031216,2026-10-10,立陶乙,FK特兰西B队 vs 伊兰纳斯,,,,,,,0,,,D:\codex\v3_legacy\outputs\football_odds_trader\raw\titan007\20261010\20261010_222009_titan007_odds_snapshot.csv,NOT_FINAL_STATE_0,908ed56cc6d61ca5ff14,RUN_20261010_193724,V4,2026-10-10T14:29:18+08:00,2026-10-10T14:29:18+08:00,2026-10-10T20:00:00+08:00,5.512,False,False,False
V4_SHADOW,3060016,2026-10-10,西丁,UD帕尔亚斯 vs 皇家联合特内里费,,,,,,,0,,,D:\codex\v3_legacy\outputs\football_odds_trader\raw\titan007\20261010\20261010_222009_titan007_odds_snapshot.csv,NOT_FINAL_STATE_0,7c840b1960fbd8f1fe5e,RUN_20261010_193724,V4,2026-10-10T14:29:18+08:00,2026-10-10T14:29:18+08:00,2026-10-10T20:00:00+08:00,5.512,False,False,False
V4_SHADOW,3087176,2026-10-10,马耳乙,泽巴格流浪 vs 斯维吉联,,,,,,,0,,,D:\codex\v3_legacy\outputs\football_odds_trader\raw\titan007\20261010\20261010_222009_titan007_odds_snapshot.csv,NOT_FINAL_STATE_0,08abff9ac125daec61e6,RUN_20261010_193724,V4,2026-10-10T14:29:18+08:00,2026-10-10T14:29:18+08:00,2026-10-10T20:00:00+08:00,5.512,False,False,False
V4_SHADOW,3022970,2026-10-10,摩尔乙,塞勒蒙斯巴达 vs 斯塔利,,,,,,,0,,,D:\codex\v3_legacy\outputs\football_odds_trader\raw\titan007\20261010\20261010_222009_titan007_odds_snapshot.csv,NOT_FINAL_STATE_0,84bcaf69ae89f7b8fee4,RUN_20261010_193724,V4,2026-10-10T14:29:18+08:00,2026-10-10T14:29:18+08:00,2026-10-10T20:00:00+08:00,5.512,False,False,False
V4_SHADOW,3023014,2026-10-10,摩尔乙,弗拉卡拉 vs 亚洛维尼,,,,,,,0,,,D:\codex\v3_legacy\outputs\football_odds_trader\raw\titan007\20261010\20261010_222009_titan007_odds_snapshot.csv,NOT_FINAL_STATE_0,a21ab371bf0d71d76022,RUN_20261010_193724,V4,2026-10-10T14:29:18+08:00,2026-10-10T14:29:18+08:00,2026-10-10T20:00:00+08:00,5.512,False,False,False
V4_SHADOW,3098151,2026-10-10,德戊,阿莎芬堡 vs 幸运雷根斯堡,,,,,,,0,,,D:\codex\v3_legacy\outputs\football_odds_trader\raw\titan007\20261010\20261010_222009_titan007_odds_snapshot.csv,NOT_FINAL_STATE_0,a6ae278929553fe14e17,RUN_20261010_193724,V4,2026-10-10T14:29:18+08:00,2026-10-10T14:29:18+08:00,2026-10-10T20:00:00+08:00,5.512,False,False,False
V4_SHADOW,3098152,2026-10-10,德戊,班贝格 vs DJK阿默,,,,,,,0,,,D:\codex\v3_legacy\outputs\football_odds_trader\raw\titan007\20261010\20261010_222009_titan007_odds_snapshot.csv,NOT_FINAL_STATE_0,df7962b1fedaa06d1c63,RUN_20261010_193724,V4,2026-10-10T14:29:18+08:00,2026-10-10T14:29:18+08:00,2026-10-10T20:00:00+08:00,5.512,False,False,False
V4_SHADOW,3098157,2026-10-10,德戊,FC德森霍芬 vs 海利,,,,,,,0,,,D:\codex\v3_legacy\outputs\football_odds_trader\raw\titan007\20261010\20261010_222009_titan007_odds_snapshot.csv,NOT_FINAL_STATE_0,6153a128a4e9ddd4dbbe,RUN_20261010_193724,V4,2026-10-10T14:29:18+08:00,2026-10-10T14:29:18+08:00,2026-10-10T20:00:00+08:00,5.512,False,False,False
V4_SHADOW,3098158,2026-10-10,德戊,艾斯曼尼 vs 黑木斯德腾,,,,,,,0,,,D:\codex\v3_legacy\outputs\football_odds_trader\raw\titan007\20261010\20261010_222009_titan007_odds_snapshot.csv,NOT_FINAL_STATE_0,86b7acbdf0662ae5d73a,RUN_20261010_193724,V4,2026-10-10T14:29:18+08:00,2026-10-10T14:29:18+08:00,2026-10-10T20:00:00+08:00,5.512,False,False,False
V4_SHADOW,3098159,2026-10-10,德戊,TSV科特恩 vs 慕尼黑1860II队,,,,,,,0,,,D:\codex\v3_legacy\outputs\football_odds_trader\raw\titan007\20261010\20261010_222009_titan007_odds_snapshot.csv,NOT_FINAL_STATE_0,d506c27c93f3d3d91cac,RUN_20261010_193724,V4,2026-10-10T14:29:18+08:00,2026-10-10T14:29:18+08:00,2026-10-10T20:00:00+08:00,5.512,False,False,False
V4_SHADOW,3098177,2026-10-10,德戊,TSV沙塞尔 vs VfL平讷贝格,,,,,,,0,,,D:\codex\v3_legacy\outputs\football_odds_trader\raw\titan007\20261010\20261010_222009_titan007_odds_snapshot.csv,NOT_FINAL_STATE_0,17312ed26f0fac123462,RUN_20261010_193724,V4,2026-10-10T14:29:18+08:00,2026-10-10T14:29:18+08:00,2026-10-10T20:00:00+08:00,5.512,False,False,False
V4_SHADOW,3098221,2026-10-10,德戊,柏林安卡拉体育 vs 克洛斯特费尔德,,,,,,,0,,,D:\codex\v3_legacy\outputs\football_odds_trader\raw\titan007\20261010\20261010_222009_titan007_odds_snapshot.csv,NOT_FINAL_STATE_0,0a14f05ef3429e0290b3,RUN_20261010_193724,V4,2026-10-10T14:29:18+08:00,2026-10-10T14:29:18+08:00,2026-10-10T20:00:00+08:00,5.512,False,False,False
V4_SHADOW,3098224,2026-10-10,德戊,特拉诺夫 vs 柏林马克卡比,,,,,,,0,,,D:\codex\v3_legacy\outputs\football_odds_trader\raw\titan007\20261010\20261010_222009_titan007_odds_snapshot.csv,NOT_FINAL_STATE_0,3de0b0dfd61ae996aa5a,RUN_20261010_193724,V4,2026-10-10T14:29:18+08:00,2026-10-10T14:29:18+08:00,2026-10-10T20:00:00+08:00,5.512,False,False,False
V4_SHADOW,3098225,2026-10-10,德戊,瑞尼肯多弗 vs FC施滕达尔乐,,,,,,,0,,,D:\codex\v3_legacy\outputs\football_odds_trader\raw\titan007\20261010\20261010_222009_titan007_odds_snapshot.csv,NOT_FINAL_STATE_0,9b67d89af83e014fb91f,RUN_20261010_193724,V4,2026-10-10T14:29:18+08:00,2026-10-10T14:29:18+08:00,2026-10-10T20:00:00+08:00,5.512,False,False,False
V4_SHADOW,3098226,2026-10-10,德戊,西登博伦汀 vs 塔比柏林,,,,,,,0,,,D:\codex\v3_legacy\outputs\football_odds_trader\raw\titan007\20261010\20261010_222009_titan007_odds_snapshot.csv,NOT_FINAL_STATE_0,4cdc392b11f6d806202e,RUN_20261010_193724,V4,2026-10-10T14:29:18+08:00,2026-10-10T14:29:18+08:00,2026-10-10T20:00:00+08:00,5.512,False,False,False
V4_SHADOW,3098227,2026-10-10,德戊,FC法兰克福 vs 哈尔伯施塔特,,,,,,,0,,,D:\codex\v3_legacy\outputs\football_odds_trader\raw\titan007\20261010\20261010_222009_titan007_odds_snapshot.csv,NOT_FINAL_STATE_0,6de0a36ccdccc42e2819,RUN_20261010_193724,V4,2026-10-10T14:29:18+08:00,2026-10-10T14:29:18+08:00,2026-10-10T20:00:00+08:00,5.512,False,False,False
V4_SHADOW,3098229,2026-10-10,德戊,弗里塔尔 vs 恩波尔格劳豪,,,,,,,0,,,D:\codex\v3_legacy\outputs\football_odds_trader\raw\titan007\20261010\20261010_222009_titan007_odds_snapshot.csv,NOT_FINAL_STATE_0,dfac62443f7ae8fc8d3c,RUN_20261010_193724,V4,2026-10-10T14:29:18+08:00,2026-10-10T14:29:18+08:00,2026-10-10T20:00:00+08:00,5.512,False,False,False
V4_SHADOW,3098230,2026-10-10,德戊,普劳恩 vs SG联盟,,,,,,,0,,,D:\codex\v3_legacy\outputs\football_odds_trader\raw\titan007\20261010\20261010_222009_titan007_odds_snapshot.csv,NOT_FINAL_STATE_0,aad62e1c6de6d51588d7,RUN_20261010_193724,V4,2026-10-10T14:29:18+08:00,2026-10-10T14:29:18+08:00,2026-10-10T20:00:00+08:00,5.512,False,False,False
V4_SHADOW,3098231,2026-10-10,德戊,海德 vs 凤凰吕贝克B队,,,,,,,0,,,D:\codex\v3_legacy\outputs\football_odds_trader\raw\titan007\20261010\20261010_222009_titan007_odds_snapshot.csv,NOT_FINAL_STATE_0,87ebcdd24ba03af0d4a2,RUN_20261010_193724,V4,2026-10-10T14:29:18+08:00,2026-10-10T14:29:18+08:00,2026-10-10T20:00:00+08:00,5.512,False,False,False
V4_SHADOW,3098232,2026-10-10,德戊,霍恩韦斯特特 vs 卡尔滕基兴纳,,,,,,,0,,,D:\codex\v3_legacy\outputs\football_odds_trader\raw\titan007\20261010\20261010_222009_titan007_odds_snapshot.csv,NOT_FINAL_STATE_0,5b706e0a86b4266938e3,RUN_20261010_193724,V4,2026-10-10T14:29:18+08:00,2026-10-10T14:29:18+08:00,2026-10-10T20:00:00+08:00,5.512,False,False,False
V4_SHADOW,3098233,2026-10-10,德戊,FC基尔 vs 卢比克B队,,,,,,,0,,,D:\codex\v3_legacy\outputs\football_odds_trader\raw\titan007\20261010\20261010_222009_titan007_odds_snapshot.csv,NOT_FINAL_STATE_0,6afd46bed28ab6945017,RUN_20261010_193724,V4,2026-10-10T14:29:18+08:00,2026-10-10T14:29:18+08:00,2026-10-10T20:00:00+08:00,5.512,False,False,False
V4_SHADOW,3098234,2026-10-10,德戊,明斯特联盟 vs 诺马萨特鲁普,,,,,,,0,,,D:\codex\v3_legacy\outputs\football_odds_trader\raw\titan007\20261010\20261010_222009_titan007_odds_snapshot.csv,NOT_FINAL_STATE_0,3ba7a4a6f77cf41a6f2b,RUN_20261010_193724,V4,2026-10-10T14:29:18+08:00,2026-10-10T14:29:18+08:00,2026-10-10T20:00:00+08:00,5.512,False,False,False
V4_SHADOW,3098235,2026-10-10,德戊,图斯罗滕霍夫 vs 卢贝克,,,,,,,0,,,D:\codex\v3_legacy\outputs\football_odds_trader\raw\titan007\20261010\20261010_222009_titan007_odds_snapshot.csv,NOT_FINAL_STATE_0,799c34d53d6316901fed,RUN_20261010_193724,V4,2026-10-10T14:29:18+08:00,2026-10-10T14:29:18+08:00,2026-10-10T20:00:00+08:00,5.512,False,False,False
V4_SHADOW,3098236,2026-10-10,德戊,保纳塔尔 vs 哈努尔SC 1960,,,,,,,0,,,D:\codex\v3_legacy\outputs\football_odds_trader\raw\titan007\20261010\20261010_222009_titan007_odds_snapshot.csv,NOT_FINAL_STATE_0,c4fa46c44b51226765a0,RUN_20261010_193724,V4,2026-10-10T14:29:18+08:00,2026-10-10T14:29:18+08:00,2026-10-10T20:00:00+08:00,5.512,False,False,False
V4_SHADOW,3098237,2026-10-10,德戊,FC吉森 vs 亨默特罗斯,,,,,,,0,,,D:\codex\v3_legacy\outputs\football_odds_trader\raw\titan007\20261010\20261010_222009_titan007_odds_snapshot.csv,NOT_FINAL_STATE_0,15a430090131cfe23d6b,RUN_20261010_193724,V4,2026-10-10T14:29:18+08:00,2026-10-10T14:29:18+08:00,2026-10-10T20:00:00+08:00,5.512,False,False,False
V4_SHADOW,3098238,2026-10-10,德戊,突厥古库弗里德 vs 艾泽奴,,,,,,,0,,,D:\codex\v3_legacy\outputs\football_odds_trader\raw\titan007\20261010\20261010_222009_titan007_odds_snapshot.csv,NOT_FINAL_STATE_0,b42a5e0f65d7f5ae0851,RUN_20261010_193724,V4,2026-10-10T14:29:18+08:00,2026-10-10T14:29:18+08:00,2026-10-10T20:00:00+08:00,5.512,False,False,False
V4_SHADOW,3098241,2026-10-10,德戊,普福尔茨海姆 vs 滕宁根,,,,,,,0,,,D:\codex\v3_legacy\outputs\football_odds_trader\raw\titan007\20261010\20261010_222009_titan007_odds_snapshot.csv,NOT_FINAL_STATE_0,46f219c9a02a8c019dce,RUN_20261010_193724,V4,2026-10-10T14:29:18+08:00,2026-10-10T14:29:18+08:00,2026-10-10T20:00:00+08:00,5.512,False,False,False
V4_SHADOW,3098245,2026-10-10,德戊,雷登 vs 黑明根威斯特菲尔德,,,,,,,0,,,D:\codex\v3_legacy\outputs\football_odds_trader\raw\titan007\20261010\20261010_222009_titan007_odds_snapshot.csv,NOT_FINAL_STATE_0,88f2682ccd085b9c21d9,RUN_20261010_193724,V4,2026-10-10T14:29:18+08:00,2026-10-10T14:29:18+08:00,2026-10-10T20:00:00+08:00,5.512,False,False,False
V4_SHADOW,3098246,2026-10-10,德戊,布伦瑞克II队 vs 维丹,,,,,,,0,,,D:\codex\v3_legacy\outputs\football_odds_trader\raw\titan007\20261010\20261010_222009_titan007_odds_snapshot.csv,NOT_FINAL_STATE_0,d5f2dc8f057a831b6f1e,RUN_20261010_193724,V4,2026-10-10T14:29:18+08:00,2026-10-10T14:29:18+08:00,2026-10-10T20:00:00+08:00,5.512,False,False,False
V4_SHADOW,3098260,2026-10-10,德戊,科布伦茨宇宙 vs 贡森海姆,,,,,,,0,,,D:\codex\v3_legacy\outputs\football_odds_trader\raw\titan007\20261010\20261010_222009_titan007_odds_snapshot.csv,NOT_FINAL_STATE_0,e31ce0c7b1c922c6326f,RUN_20261010_193724,V4,2026-10-10T14:29:18+08:00,2026-10-10T14:29:18+08:00,2026-10-10T20:00:00+08:00,5.512,False,False,False
V4_SHADOW,3098261,2026-10-10,德戊,皮尔马森斯 vs 埃弗斯堡B队,,,,,,,0,,,D:\codex\v3_legacy\outputs\football_odds_trader\raw\titan007\20261010\20261010_222009_titan007_odds_snapshot.csv,NOT_FINAL_STATE_0,ec0fb16b51e82a44a1ab,RUN_20261010_193724,V4,2026-10-10T14:29:18+08:00,2026-10-10T14:29:18+08:00,2026-10-10T20:00:00+08:00,5.512,False,False,False
V4_SHADOW,3098262,2026-10-10,德戊,斯科布伦茨 vs 奥尔斯马赫,,,,,,,0,,,D:\codex\v3_legacy\outputs\football_odds_trader\raw\titan007\20261010\20261010_222009_titan007_odds_snapshot.csv,NOT_FINAL_STATE_0,5ce1e46e6b34d473faca,RUN_20261010_193724,V4,2026-10-10T14:29:18+08:00,2026-10-10T14:29:18+08:00,2026-10-10T20:00:00+08:00,5.512,False,False,False
V4_SHADOW,3098266,2026-10-10,德戊,肖特缅恩斯 vs 科布伦茨,,,,,,,0,,,D:\codex\v3_legacy\outputs\football_odds_trader\raw\titan007\20261010\20261010_222009_titan007_odds_snapshot.csv,NOT_FINAL_STATE_0,72a70d7e20412e9c715c,RUN_20261010_193724,V4,2026-10-10T14:29:18+08:00,2026-10-10T14:29:18+08:00,2026-10-10T20:00:00+08:00,5.512,False,False,False
V4_SHADOW,2969822,2026-10-10,白俄甲,FK索利戈尔斯克 vs 坎普罗姆,,,,,,,0,,,D:\codex\v3_legacy\outputs\football_odds_trader\raw\titan007\20261010\20261010_222009_titan007_odds_snapshot.csv,NOT_FINAL_STATE_0,0c955aa0918bf827b12f,RUN_20261010_193724,V4,2026-10-10T14:29:18+08:00,2026-10-10T14:29:18+08:00,2026-10-10T20:00:00+08:00,5.512,False,False,False
V4_SHADOW,3047507,2026-10-10,泰甲,曼黎府联队 vs 芭堤雅联合,,,,,,,0,,,D:\codex\v3_legacy\outputs\football_odds_trader\raw\titan007\20261010\20261010_222009_titan007_odds_snapshot.csv,NOT_FINAL_STATE_0,46df86268d677f4e5afe,RUN_20261010_193724,V4,2026-10-10T14:29:18+08:00,2026-10-10T14:29:18+08:00,2026-10-10T20:00:00+08:00,5.512,False,False,False
V4_SHADOW,2966518,2026-10-10,俄乙B中,舒姆布拉特萨兰斯克 vs 洛特伏尔加格勒B队,,,,,,,0,,,D:\codex\v3_legacy\outputs\football_odds_trader\raw\titan007\20261010\20261010_222009_titan007_odds_snapshot.csv,NOT_FINAL_STATE_0,4fb34b9c16ab4ed4413d,RUN_20261010_193724,V4,2026-10-10T14:29:18+08:00,2026-10-10T14:29:18+08:00,2026-10-10T20:00:00+08:00,5.512,False,False,False
V4_SHADOW,2965858,2026-10-10,俄乙B南,FC阿斯特拉罕 vs 克孜尔塔什,,,,,,,0,,,D:\codex\v3_legacy\outputs\football_odds_trader\raw\titan007\20261010\20261010_222009_titan007_odds_snapshot.csv,NOT_FINAL_STATE_0,2a1695e23c656e2f1b11,RUN_20261010_193724,V4,2026-10-10T14:29:18+08:00,2026-10-10T14:29:18+08:00,2026-10-10T20:00:00+08:00,5.512,False,False,False
V4_SHADOW,2965864,2026-10-10,俄乙B南,索利戈尔塔甘罗格 vs 纳尔奇克斯巴达,,,,,,,0,,,D:\codex\v3_legacy\outputs\football_odds_trader\raw\titan007\20261010\20261010_222009_titan007_odds_snapshot.csv,NOT_FINAL_STATE_0,29128497fe3922569fa7,RUN_20261010_193724,V4,2026-10-10T14:29:18+08:00,2026-10-10T14:29:18+08:00,2026-10-10T20:00:00+08:00,5.512,False,False,False
V4_SHADOW,3070309,2026-10-10,比女甲,布鲁日女足B队 vs 奥尔沙布拉克尔女足,,,,,,,0,,,D:\codex\v3_legacy\outputs\football_odds_trader\raw\titan007\20261010\20261010_222009_titan007_odds_snapshot.csv,NOT_FINAL_STATE_0,c1bcab2e0f119b4c4eef,RUN_20261010_193724,V4,2026-10-10T14:29:18+08:00,2026-10-10T14:29:18+08:00,2026-10-10T20:00:00+08:00,5.512,False,False,False
V4_SHADOW,3086204,2026-10-10,印尼甲,北干巴鲁龙卷风 vs PSBS巴克伦佛,,,,,,,0,,,D:\codex\v3_legacy\outputs\football_odds_trader\raw\titan007\20261010\20261010_222009_titan007_odds_snapshot.csv,NOT_FINAL_STATE_0,26ebfb2cf4491987950c,RUN_20261010_193724,V4,2026-10-10T14:29:18+08:00,2026-10-10T14:29:18+08:00,2026-10-10T20:00:00+08:00,5.512,False,False,False
V4_SHADOW,3086205,2026-10-10,印尼甲,巴日托 vs 巴厘巴板,,,,,,,0,,,D:\codex\v3_legacy\outputs\football_odds_trader\raw\titan007\20261010\20261010_222009_titan007_odds_snapshot.csv,NOT_FINAL_STATE_0,0b39159eae39bcb07f4a,RUN_20261010_193724,V4,2026-10-10T14:29:18+08:00,2026-10-10T14:29:18+08:00,2026-10-10T20:00:00+08:00,5.512,False,False,False
V4_SHADOW,3062741,2026-10-10,英U21杯,布伦特福德U21 vs 打比郡U21,,,,,,,0,,,D:\codex\v3_legacy\outputs\football_odds_trader\raw\titan007\20261010\20261010_222009_titan007_odds_snapshot.csv,NOT_FINAL_STATE_0,7315f875b5f7aaaeb8b4,RUN_20261010_193724,V4,2026-10-10T14:29:18+08:00,2026-10-10T14:29:18+08:00,2026-10-10T20:00:00+08:00,5.512,False,False,False
V4_SHADOW,3100495,2026-10-10,埃塞超,吉欧吉斯 vs 尚文利阿尔西,,,,,,,0,,,D:\codex\v3_legacy\outputs\football_odds_trader\raw\titan007\20261010\20261010_222009_titan007_odds_snapshot.csv,NOT_FINAL_STATE_0,1f5e29e2af00be539fa2,RUN_20261010_193724,V4,2026-10-10T14:29:18+08:00,2026-10-10T14:29:18+08:00,2026-10-10T20:00:00+08:00,5.512,False,False,False
V4_SHADOW,3099347,2026-10-10,泰乙南,那拉提瓦府 vs 苏梅联队,,,,,,,0,,,D:\codex\v3_legacy\outputs\football_odds_trader\raw\titan007\20261010\20261010_222009_titan007_odds_snapshot.csv,NOT_FINAL_STATE_0,eee3bf403c9e18f8b430,RUN_20261010_193724,V4,2026-10-10T14:29:18+08:00,2026-10-10T14:29:18+08:00,2026-10-10T20:00:00+08:00,5.512,False,False,False
V4_SHADOW,3098179,2026-10-10,波兰丙,马佐维亚明斯克 vs 帕利坎,,,,,,,0,,,D:\codex\v3_legacy\outputs\football_odds_trader\raw\titan007\20261010\20261010_222009_titan007_odds_snapshot.csv,NOT_FINAL_STATE_0,a8ef411f1f93cf015d7b,RUN_20261010_193724,V4,2026-10-10T14:29:18+08:00,2026-10-10T14:29:18+08:00,2026-10-10T20:00:00+08:00,5.512,False,False,False
V4_SHADOW,3098180,2026-10-10,波兰丙,埃尔布隆格 vs 姆拉维安卡,,,,,,,0,,,D:\codex\v3_legacy\outputs\football_odds_trader\raw\titan007\20261010\20261010_222009_titan007_odds_snapshot.csv,NOT_FINAL_STATE_0,cf16f955f5214f605507,RUN_20261010_193724,V4,2026-10-10T14:29:18+08:00,2026-10-10T14:29:18+08:00,2026-10-10T20:00:00+08:00,5.512,False,False,False
V4_SHADOW,3098181,2026-10-10,波兰丙,华沙普洛克B队 vs 特罗申,,,,,,,0,,,D:\codex\v3_legacy\outputs\football_odds_trader\raw\titan007\20261010\20261010_222009_titan007_odds_snapshot.csv,NOT_FINAL_STATE_0,8a0142778a72134afad2,RUN_20261010_193724,V4,2026-10-10T14:29:18+08:00,2026-10-10T14:29:18+08:00,2026-10-10T20:00:00+08:00,5.512,False,False,False
V4_SHADOW,3098185,2026-10-10,波兰丙,斯塔加德甚切青 vs KS利普诺,,,,,,,0,,,D:\codex\v3_legacy\outputs\football_odds_trader\raw\titan007\20261010\20261010_222009_titan007_odds_snapshot.csv,NOT_FINAL_STATE_0,beee5bfa565479ce3908,RUN_20261010_193724,V4,2026-10-10T14:29:18+08:00,2026-10-10T14:29:18+08:00,2026-10-10T20:00:00+08:00,5.512,False,False,False
V4_SHADOW,3098292,2026-10-10,匈丙,比奇斯吉 vs 佩鲁茨,,,,,,,0,,,D:\codex\v3_legacy\outputs\football_odds_trader\raw\titan007\20261010\20261010_222009_titan007_odds_snapshot.csv,NOT_FINAL_STATE_0,48537a921f5ca9e83265,RUN_20261010_193724,V4,2026-10-10T14:29:18+08:00,2026-10-10T14:29:18+08:00,2026-10-10T20:00:00+08:00,5.512,False,False,False
V4_SHADOW,3098325,2026-10-10,丹麦丁,伯恩荷姆 vs 艾华塔,,,,,,,0,,,D:\codex\v3_legacy\outputs\football_odds_trader\raw\titan007\20261010\20261010_222009_titan007_odds_snapshot.csv,NOT_FINAL_STATE_0,7bd2777121c6107b4e5a,RUN_20261010_193724,V4,2026-10-10T14:29:18+08:00,2026-10-10T14:29:18+08:00,2026-10-10T20:00:00+08:00,5.512,False,False,False
V4_SHADOW,3098326,2026-10-10,丹麦丁,希利云 vs 塔恩比,,,,,,,0,,,D:\codex\v3_legacy\outputs\football_odds_trader\raw\titan007\20261010\20261010_222009_titan007_odds_snapshot.csv,NOT_FINAL_STATE_0,6e7f1126559703c59b30,RUN_20261010_193724,V4,2026-10-10T14:29:18+08:00,2026-10-10T14:29:18+08:00,2026-10-10T20:00:00+08:00,5.512,False,False,False
V4_SHADOW,3098327,2026-10-10,丹麦丁,SfB欧雷 vs 欧科斯,,,,,,,0,,,D:\codex\v3_legacy\outputs\football_odds_trader\raw\titan007\20261010\20261010_222009_titan007_odds_snapshot.csv,NOT_FINAL_STATE_0,e57e1081a01619b7cfba,RUN_20261010_193724,V4,2026-10-10T14:29:18+08:00,2026-10-10T14:29:18+08:00,2026-10-10T20:00:00+08:00,5.512,False,False,False
V4_SHADOW,3098328,2026-10-10,丹麦丁,斯科夫斯加德 vs 瓦谭斯波,,,,,,,0,,,D:\codex\v3_legacy\outputs\football_odds_trader\raw\titan007\20261010\20261010_222009_titan007_odds_snapshot.csv,NOT_FINAL_STATE_0,fac739742c4f1c8867c2,RUN_20261010_193724,V4,2026-10-10T14:29:18+08:00,2026-10-10T14:29:18+08:00,2026-10-10T20:00:00+08:00,5.512,False,False,False
V4_SHADOW,3101124,2026-10-10,罗丙,科罗纳布拉索夫 vs FC西伯利亚人,,,,,,,0,,,D:\codex\v3_legacy\outputs\football_odds_trader\raw\titan007\20261010\20261010_222009_titan007_odds_snapshot.csv,NOT_FINAL_STATE_0,a7281b7105f96450d975,RUN_20261010_193724,V4,2026-10-10T14:29:18+08:00,2026-10-10T14:29:18+08:00,2026-10-10T20:00:00+08:00,5.512,False,False,False
V4_SHADOW,3101102,2026-10-10,罗丙,USV雅西 vs 布拉杜尔普特纳,,,,,,,0,,,D:\codex\v3_legacy\outputs\football_odds_trader\raw\titan007\20261010\20261010_222009_titan007_odds_snapshot.csv,NOT_FINAL_STATE_0,9fe5868b749e8d56ccb1,RUN_20261010_193724,V4,2026-10-10T14:29:18+08:00,2026-10-10T14:29:18+08:00,2026-10-10T20:00:00+08:00,5.512,False,False,False
V4_SHADOW,3101103,2026-10-10,罗丙,瓦伦蒙特 vs ACS谢普希B队,,,,,,,0,,,D:\codex\v3_legacy\outputs\football_odds_trader\raw\titan007\20261010\20261010_222009_titan007_odds_snapshot.csv,NOT_FINAL_STATE_0,c73b00a3f867597a240e,RUN_20261010_193724,V4,2026-10-10T14:29:18+08:00,2026-10-10T14:29:18+08:00,2026-10-10T20:00:00+08:00,5.512,False,False,False
V4_SHADOW,3101104,2026-10-10,罗丙,胜利2024克雷维德亚 vs 伊莱克特罗西德,,,,,,,0,,,D:\codex\v3_legacy\outputs\football_odds_trader\raw\titan007\20261010\20261010_222009_titan007_odds_snapshot.csv,NOT_FINAL_STATE_0,a3947c48827b4adb32de,RUN_20261010_193724,V4,2026-10-10T14:29:18+08:00,2026-10-10T14:29:18+08:00,2026-10-10T20:00:00+08:00,5.512,False,False,False
V4_SHADOW,3101105,2026-10-10,罗丙,列什蒂竞技 vs ACS普罗格雷苏,,,,,,,0,,,D:\codex\v3_legacy\outputs\football_odds_trader\raw\titan007\20261010\20261010_222009_titan007_odds_snapshot.csv,NOT_FINAL_STATE_0,c40e4724e55e0cdaeb6a,RUN_20261010_193724,V4,2026-10-10T14:29:18+08:00,2026-10-10T14:29:18+08:00,2026-10-10T20:00:00+08:00,5.512,False,False,False
V4_SHADOW,3101106,2026-10-10,罗丙,AFC布加勒斯特 vs 沃伦塔利B队,,,,,,,0,,,D:\codex\v3_legacy\outputs\football_odds_trader\raw\titan007\20261010\20261010_222009_titan007_odds_snapshot.csv,NOT_FINAL_STATE_0,d919e4122d5c26cb48ed,RUN_20261010_193724,V4,2026-10-10T14:29:18+08:00,2026-10-10T14:29:18+08:00,2026-10-10T20:00:00+08:00,5.512,False,False,False
V4_SHADOW,3101107,2026-10-10,罗丙,CS卡拉奥华大学B队 vs 积乌尔,,,,,,,0,,,D:\codex\v3_legacy\outputs\football_odds_trader\raw\titan007\20261010\20261010_222009_titan007_odds_snapshot.csv,NOT_FINAL_STATE_0,a192e07da50b990188b8,RUN_20261010_193724,V4,2026-10-10T14:29:18+08:00,2026-10-10T14:29:18+08:00,2026-10-10T20:00:00+08:00,5.512,False,False,False
V4_SHADOW,3101108,2026-10-10,罗丙,艾巴尤利亚 vs SSU蒂米什瓦拉理工II队,,,,,,,0,,,D:\codex\v3_legacy\outputs\football_odds_trader\raw\titan007\20261010\20261010_222009_titan007_odds_snapshot.csv,NOT_FINAL_STATE_0,0672fafce79b73fb4b29,RUN_20261010_193724,V4,2026-10-10T14:29:18+08:00,2026-10-10T14:29:18+08:00,2026-10-10T20:00:00+08:00,5.512,False,False,False
V4_SHADOW,3101109,2026-10-10,罗丙,CSO伯伊科 vs 奥林匹克扎尔内斯蒂,,,,,,,0,,,D:\codex\v3_legacy\outputs\football_odds_trader\raw\titan007\20261010\20261010_222009_titan007_odds_snapshot.csv,NOT_FINAL_STATE_0,893796b21ced369ba6f6,RUN_20261010_193724,V4,2026-10-10T14:29:18+08:00,2026-10-10T14:29:18+08:00,2026-10-10T20:00:00+08:00,5.512,False,False,False
V4_SHADOW,3101110,2026-10-10,罗丙,西罗尔 vs 巴斯凯尼,,,,,,,0,,,D:\codex\v3_legacy\outputs\football_odds_trader\raw\titan007\20261010\20261010_222009_titan007_odds_snapshot.csv,NOT_FINAL_STATE_0,58fb29a73e36f93cb6ae,RUN_20261010_193724,V4,2026-10-10T14:29:18+08:00,2026-10-10T14:29:18+08:00,2026-10-10T20:00:00+08:00,5.512,False,False,False
V4_SHADOW,3099269,2026-10-10,科索沃超,乌西特里 vs KF格尼拉内,,,,,,,0,,,D:\codex\v3_legacy\outputs\football_odds_trader\raw\titan007\20261010\20261010_222009_titan007_odds_snapshot.csv,NOT_FINAL_STATE_0,2e0bac320881564693d9,RUN_20261010_193724,V4,2026-10-10T14:29:18+08:00,2026-10-10T14:29:18+08:00,2026-10-10T20:00:00+08:00,5.512,False,False,False
V4_SHADOW,2952371,2026-10-10,塔吉克联,塔吉克冶铝厂 vs 巴克吉萨尔,,,,,,,0,,,D:\codex\v3_legacy\outputs\football_odds_trader\raw\titan007\20261010\20261010_222009_titan007_odds_snapshot.csv,NOT_FINAL_STATE_0,2f1bd5d6641d31ad462e,RUN_20261010_193724,V4,2026-10-10T14:29:18+08:00,2026-10-10T14:29:18+08:00,2026-10-10T20:00:00+08:00,5.512,False,False,False
V4_SHADOW,3100853,2026-10-10,法罗乙,福格拉夫约杜尔 vs FCS罗伊,,,,,,,0,,,D:\codex\v3_legacy\outputs\football_odds_trader\raw\titan007\20261010\20261010_222009_titan007_odds_snapshot.csv,NOT_FINAL_STATE_0,e261b07882e81f2604da,RUN_20261010_193724,V4,2026-10-10T14:29:18+08:00,2026-10-10T14:29:18+08:00,2026-10-10T20:00:00+08:00,5.512,False,False,False
V4_SHADOW,3101196,2026-10-10,捷戊,SK伊钦 vs 柔奈斯纳拉班,,,,,,,0,,,D:\codex\v3_legacy\outputs\football_odds_trader\raw\titan007\20261010\20261010_222009_titan007_odds_snapshot.csv,NOT_FINAL_STATE_0,80c7a0896c43f90a4e48,RUN_20261010_193724,V4,2026-10-10T14:29:18+08:00,2026-10-10T14:29:18+08:00,2026-10-10T20:00:00+08:00,5.512,False,False,False
V4_SHADOW,3101125,2026-10-10,南非乙,开普敦热刺队 vs 开普敦,,,,,,,0,,,D:\codex\v3_legacy\outputs\football_odds_trader\raw\titan007\20261010\20261010_222009_titan007_odds_snapshot.csv,NOT_FINAL_STATE_0,d6482794464e41b1cd39,RUN_20261010_193724,V4,2026-10-10T14:29:18+08:00,2026-10-10T14:29:18+08:00,2026-10-10T20:00:00+08:00,5.512,False,False,False
V4_SHADOW,3039511,2026-10-10,波青联,斯拉斯克青年队 vs 华沙普隆尼亚青年队,,,,,,,0,,,D:\codex\v3_legacy\outputs\football_odds_trader\raw\titan007\20261010\20261010_222009_titan007_odds_snapshot.csv,NOT_FINAL_STATE_0,bbfed4b26295cd56e68b,RUN_20261010_193724,V4,2026-10-10T14:29:18+08:00,2026-10-10T14:29:18+08:00,2026-10-10T20:00:00+08:00,5.512,False,False,False
V4_SHADOW,2967905,2026-10-10,挪丙,阿萨纳B队 vs 侯治森华特,,,,,,,0,,,D:\codex\v3_legacy\outputs\football_odds_trader\raw\titan007\20261010\20261010_222009_titan007_odds_snapshot.csv,NOT_FINAL_STATE_0,c916b435dea62c592eda,RUN_20261010_193724,V4,2026-10-10T14:29:18+08:00,2026-10-10T14:29:18+08:00,2026-10-10T20:00:00+08:00,5.512,False,False,False
V4_SHADOW,2967906,2026-10-10,挪丙,阿思可 vs 花拿,,,,,,,0,,,D:\codex\v3_legacy\outputs\football_odds_trader\raw\titan007\20261010\20261010_222009_titan007_odds_snapshot.csv,NOT_FINAL_STATE_0,186189ca82c306cc4cae,RUN_20261010_193724,V4,2026-10-10T14:29:18+08:00,2026-10-10T14:29:18+08:00,2026-10-10T20:00:00+08:00,5.512,False,False,False
V4_SHADOW,2968094,2026-10-10,挪丙,瓦尔豪格 vs 玛达,,,,,,,0,,,D:\codex\v3_legacy\outputs\football_odds_trader\raw\titan007\20261010\20261010_222009_titan007_odds_snapshot.csv,NOT_FINAL_STATE_0,f61729d5ef8c57bf81a6,RUN_20261010_193724,V4,2026-10-10T14:29:18+08:00,2026-10-10T14:29:18+08:00,2026-10-10T20:00:00+08:00,5.512,False,False,False
V4_SHADOW,2968453,2026-10-10,挪丙,比约克朗根 vs 哥维克莱恩,,,,,,,0,,,D:\codex\v3_legacy\outputs\football_odds_trader\raw\titan007\20261010\20261010_222009_titan007_odds_snapshot.csv,NOT_FINAL_STATE_0,8f79919093662ca8b098,RUN_20261010_193724,V4,2026-10-10T14:29:18+08:00,2026-10-10T14:29:18+08:00,2026-10-10T20:00:00+08:00,5.512,False,False,False
V4_SHADOW,3022331,2026-10-10,奥丙西,莱歇瑙 vs 基茨比厄尔,,,,,,,0,,,D:\codex\v3_legacy\outputs\football_odds_trader\raw\titan007\20261010\20261010_222009_titan007_odds_snapshot.csv,NOT_FINAL_STATE_0,7567aa437a8d5ed5100e,RUN_20261010_193724,V4,2026-10-10T14:29:18+08:00,2026-10-10T14:29:18+08:00,2026-10-10T20:00:00+08:00,5.512,False,False,False
V4_SHADOW,3101114,2026-10-10,瑞士U19,FC苏黎世U19 vs 洛桑体育U19,,,,,,,0,,,D:\codex\v3_legacy\outputs\football_odds_trader\raw\titan007\20261010\20261010_222009_titan007_odds_snapshot.csv,NOT_FINAL_STATE_0,a884c6cdfdc2458633d6,RUN_20261010_193724,V4,2026-10-10T14:29:18+08:00,2026-10-10T14:29:18+08:00,2026-10-10T20:00:00+08:00,5.512,False,False,False
V4_SHADOW,3052725,2026-10-10,德青联,SSV乌尔姆U19 vs 桑德豪森U19,,,,,,,0,,,D:\codex\v3_legacy\outputs\football_odds_trader\raw\titan007\20261010\20261010_222009_titan007_odds_snapshot.csv,NOT_FINAL_STATE_0,19cb50e2a72e07db6703,RUN_20261010_193724,V4,2026-10-10T14:29:18+08:00,2026-10-10T14:29:18+08:00,2026-10-10T20:00:00+08:00,5.512,False,False,False
V4_SHADOW,3052676,2026-10-10,德青联,安达赫治U19 vs 弗赖伯格 U19,,,,,,,0,,,D:\codex\v3_legacy\outputs\football_odds_trader\raw\titan007\20261010\20261010_222009_titan007_odds_snapshot.csv,NOT_FINAL_STATE_0,ece6f1d7392b995a2901,RUN_20261010_193724,V4,2026-10-10T14:29:18+08:00,2026-10-10T14:29:18+08:00,2026-10-10T20:00:00+08:00,5.512,False,False,False
V4_SHADOW,3101065,2026-10-10,巴亚女联,EC巴伊亚女足 vs 贾古波塞女足,,,,,,,0,,,D:\codex\v3_legacy\outputs\football_odds_trader\raw\titan007\20261010\20261010_222009_titan007_odds_snapshot.csv,NOT_FINAL_STATE_0,df29bf0d6b8e2ad44560,RUN_20261010_193724,V4,2026-10-10T14:29:18+08:00,2026-10-10T14:29:18+08:00,2026-10-10T20:00:00+08:00,5.512,False,False,False
V4_SHADOW,3101135,2026-10-10,巴亚女联,加利西亚女足 vs 杰瑞BA女足,,,,,,,0,,,D:\codex\v3_legacy\outputs\football_odds_trader\raw\titan007\20261010\20261010_222009_titan007_odds_snapshot.csv,NOT_FINAL_STATE_0,d17e3a001149ec2b6309,RUN_20261010_193724,V4,2026-10-10T14:29:18+08:00,2026-10-10T14:29:18+08:00,2026-10-10T20:00:00+08:00,5.512,False,False,False
V4_SHADOW,3098763,2026-10-10,沙地乙,哈达 vs 朱拜勒,,,,,,,0,,,D:\codex\v3_legacy\outputs\football_odds_trader\raw\titan007\20261010\20261010_222009_titan007_odds_snapshot.csv,NOT_FINAL_STATE_0,88e6c457b7f566c53ea1,RUN_20261010_193724,V4,2026-10-10T14:29:18+08:00,2026-10-10T14:29:18+08:00,2026-10-10T20:10:00+08:00,5.678,False,False,False
V4_SHADOW,3098764,2026-10-10,沙地乙,诺积姆 vs 卡威帕,,,,,,,0,,,D:\codex\v3_legacy\outputs\football_odds_trader\raw\titan007\20261010\20261010_222009_titan007_odds_snapshot.csv,NOT_FINAL_STATE_0,041c1f8eaeba494cf051,RUN_20261010_193724,V4,2026-10-10T14:29:18+08:00,2026-10-10T14:29:18+08:00,2026-10-10T20:10:00+08:00,5.678,False,False,False
V4_SHADOW,3098765,2026-10-10,沙地乙,雷得汉 vs 纳积兰,,,,,,,0,,,D:\codex\v3_legacy\outputs\football_odds_trader\raw\titan007\20261010\20261010_222009_titan007_odds_snapshot.csv,NOT_FINAL_STATE_0,373fc15fdba6cac5072a,RUN_20261010_193724,V4,2026-10-10T14:29:18+08:00,2026-10-10T14:29:18+08:00,2026-10-10T20:10:00+08:00,5.678,False,False,False
V4_SHADOW,3098766,2026-10-10,沙地乙,阿尔沙尔卡 vs 瓦沙姆,,,,,,,0,,,D:\codex\v3_legacy\outputs\football_odds_trader\raw\titan007\20261010\20261010_222009_titan007_odds_snapshot.csv,NOT_FINAL_STATE_0,a806f07c3d4841d40096,RUN_20261010_193724,V4,2026-10-10T14:29:18+08:00,2026-10-10T14:29:18+08:00,2026-10-10T20:20:00+08:00,5.845,False,False,False
V4_SHADOW,3084832,2026-10-10,沙地青,纳萨青年队 vs 吉达艾阿里青年队,,,,,,,0,,,D:\codex\v3_legacy\outputs\football_odds_trader\raw\titan007\20261010\20261010_222009_titan007_odds_snapshot.csv,NOT_FINAL_STATE_0,7364fc0822a00b38a590,RUN_20261010_193724,V4,2026-10-10T14:29:18+08:00,2026-10-10T14:29:18+08:00,2026-10-10T20:25:00+08:00,5.928,False,False,False
V4_SHADOW,3084833,2026-10-10,沙地青,艾沙比青年队 vs 塔亚文青年队,,,,,,,0,,,D:\codex\v3_legacy\outputs\football_odds_trader\raw\titan007\20261010\20261010_222009_titan007_odds_snapshot.csv,NOT_FINAL_STATE_0,5f1e21f378f205353806,RUN_20261010_193724,V4,2026-10-10T14:29:18+08:00,2026-10-10T14:29:18+08:00,2026-10-10T20:25:00+08:00,5.928,False,False,False
V4_SHADOW,3023113,2026-10-10,荷丙,格尔德恩 vs 里积斯堡男孩,,,,,,,0,,,D:\codex\v3_legacy\outputs\football_odds_trader\raw\titan007\20261010\20261010_222009_titan007_odds_snapshot.csv,NOT_FINAL_STATE_0,db06087543d85a7c0f00,RUN_20261010_193724,V4,2026-10-10T14:29:18+08:00,2026-10-10T14:29:18+08:00,2026-10-10T20:30:00+08:00,6.012,False,False,False
V4_SHADOW,3032248,2026-10-10,土乙白,乌特科伊 vs 伊斯帕塔士邦,,,,,,,0,,,D:\codex\v3_legacy\outputs\football_odds_trader\raw\titan007\20261010\20261010_222009_titan007_odds_snapshot.csv,NOT_FINAL_STATE_0,b18e07bb35861c243599,RUN_20261010_193724,V4,2026-10-10T14:29:18+08:00,2026-10-10T14:29:18+08:00,2026-10-10T20:30:00+08:00,6.012,False,False,False
V4_SHADOW,3032249,2026-10-10,土乙白,科鲁士邦 vs 山路法斯堡,,,,,,,0,,,D:\codex\v3_legacy\outputs\football_odds_trader\raw\titan007\20261010\20261010_222009_titan007_odds_snapshot.csv,NOT_FINAL_STATE_0,6cd327ad391d10c44e1a,RUN_20261010_193724,V4,2026-10-10T14:29:18+08:00,2026-10-10T14:29:18+08:00,2026-10-10T20:30:00+08:00,6.012,False,False,False
V4_SHADOW,3021043,2026-10-10,丹麦丙,霍尔斯特布罗 vs 布隆索伊,,,,,,,0,,,D:\codex\v3_legacy\outputs\football_odds_trader\raw\titan007\20261010\20261010_222009_titan007_odds_snapshot.csv,NOT_FINAL_STATE_0,6150ff7cba20160c1a8c,RUN_20261010_193724,V4,2026-10-10T14:29:18+08:00,2026-10-10T14:29:18+08:00,2026-10-10T20:30:00+08:00,6.012,False,False,False
V4_SHADOW,3054924,2026-10-10,塞浦乙,迪利内亚 vs 迪加尼斯,,,,,,,0,,,D:\codex\v3_legacy\outputs\football_odds_trader\raw\titan007\20261010\20261010_222009_titan007_odds_snapshot.csv,NOT_FINAL_STATE_0,1e73c9896f26fa1d1a94,RUN_20261010_193724,V4,2026-10-10T14:29:18+08:00,2026-10-10T14:29:18+08:00,2026-10-10T20:30:00+08:00,6.012,False,False,False
V4_SHADOW,3054925,2026-10-10,塞浦乙,APEA阿克罗蒂里奥 vs 斯巴达克斯基提,,,,,,,0,,,D:\codex\v3_legacy\outputs\football_odds_trader\raw\titan007\20261010\20261010_222009_titan007_odds_snapshot.csv,NOT_FINAL_STATE_0,3e5745dbf82f7e1a6dfe,RUN_20261010_193724,V4,2026-10-10T14:29:18+08:00,2026-10-10T14:29:18+08:00,2026-10-10T20:30:00+08:00,6.012,False,False,False
V4_SHADOW,3054926,2026-10-10,塞浦乙,阿斯尔 vs 伊拉克利斯耶罗拉,,,,,,,0,,,D:\codex\v3_legacy\outputs\football_odds_trader\raw\titan007\20261010\20261010_222009_titan007_odds_snapshot.csv,NOT_FINAL_STATE_0,b58ebfbd1d6d242814ce,RUN_20261010_193724,V4,2026-10-10T14:29:18+08:00,2026-10-10T14:29:18+08:00,2026-10-10T20:30:00+08:00,6.012,False,False,False
V4_SHADOW,3054927,2026-10-10,塞浦乙,亚吉纳帕 vs 意诺西斯,,,,,,,0,,,D:\codex\v3_legacy\outputs\football_odds_trader\raw\titan007\20261010\20261010_222009_titan007_odds_snapshot.csv,NOT_FINAL_STATE_0,a6dcafd6c9569d0a0f32,RUN_20261010_193724,V4,2026-10-10T14:29:18+08:00,2026-10-10T14:29:18+08:00,2026-10-10T20:30:00+08:00,6.012,False,False,False
V4_SHADOW,3054928,2026-10-10,塞浦乙,哈卡诺拉斯 vs 卡托克匹亚斯,,,,,,,0,,,D:\codex\v3_legacy\outputs\football_odds_trader\raw\titan007\20261010\20261010_222009_titan007_odds_snapshot.csv,NOT_FINAL_STATE_0,14123b7706ff1c7aafa9,RUN_20261010_193724,V4,2026-10-10T14:29:18+08:00,2026-10-10T14:29:18+08:00,2026-10-10T20:30:00+08:00,6.012,False,False,False
V4_SHADOW,3054929,2026-10-10,塞浦乙,MEAP尼素奥 vs 阿奇纳,,,,,,,0,,,D:\codex\v3_legacy\outputs\football_odds_trader\raw\titan007\20261010\20261010_222009_titan007_odds_snapshot.csv,NOT_FINAL_STATE_0,8b44662127d67f14871d,RUN_20261010_193724,V4,2026-10-10T14:29:18+08:00,2026-10-10T14:29:18+08:00,2026-10-10T20:30:00+08:00,6.012,False,False,False
V4_SHADOW,3054931,2026-10-10,塞浦乙,AEP波列米翁 vs 艾米斯,,,,,,,0,,,D:\codex\v3_legacy\outputs\football_odds_trader\raw\titan007\20261010\20261010_222009_titan007_odds_snapshot.csv,NOT_FINAL_STATE_0,64604f70fad7d3b2a6ba,RUN_20261010_193724,V4,2026-10-10T14:29:18+08:00,2026-10-10T14:29:18+08:00,2026-10-10T20:30:00+08:00,6.012,False,False,False
V4_SHADOW,3098251,2026-10-10,德戊,ASC09多特蒙德 vs FC基弗,,,,,,,0,,,D:\codex\v3_legacy\outputs\football_odds_trader\raw\titan007\20261010\20261010_222009_titan007_odds_snapshot.csv,NOT_FINAL_STATE_0,a5067707259803527c68,RUN_20261010_193724,V4,2026-10-10T14:29:18+08:00,2026-10-10T14:29:18+08:00,2026-10-10T20:30:00+08:00,6.012,False,False,False
V4_SHADOW,2969821,2026-10-10,白俄甲,斯卢萨可 vs 明斯克大学X实验室,,,,,,,0,,,D:\codex\v3_legacy\outputs\football_odds_trader\raw\titan007\20261010\20261010_222009_titan007_odds_snapshot.csv,NOT_FINAL_STATE_0,d6d26a8e651b64b001af,RUN_20261010_193724,V4,2026-10-10T14:29:18+08:00,2026-10-10T14:29:18+08:00,2026-10-10T20:30:00+08:00,6.012,False,False,False
V4_SHADOW,3047508,2026-10-10,泰甲,清迈联 vs 泰国农业FC,,,,,,,0,,,D:\codex\v3_legacy\outputs\football_odds_trader\raw\titan007\20261010\20261010_222009_titan007_odds_snapshot.csv,NOT_FINAL_STATE_0,f7e9fe2cfec2a64f2678,RUN_20261010_193724,V4,2026-10-10T14:29:18+08:00,2026-10-10T14:29:18+08:00,2026-10-10T20:30:00+08:00,6.012,False,False,False
V4_SHADOW,3006212,2026-10-10,黑山乙,格瑞巴吉 vs 莫格伦,,,,,,,0,,,D:\codex\v3_legacy\outputs\football_odds_trader\raw\titan007\20261010\20261010_222009_titan007_odds_snapshot.csv,NOT_FINAL_STATE_0,fd5b0230311c54bbcbe4,RUN_20261010_193724,V4,2026-10-10T14:29:18+08:00,2026-10-10T14:29:18+08:00,2026-10-10T20:30:00+08:00,6.012,False,False,False
V4_SHADOW,3100361,2026-10-10,马维超,银色射手 vs 向前流浪者,,,,,,,0,,,D:\codex\v3_legacy\outputs\football_odds_trader\raw\titan007\20261010\20261010_222009_titan007_odds_snapshot.csv,NOT_FINAL_STATE_0,71fd754f786bd20d6f68,RUN_20261010_193724,V4,2026-10-10T14:29:18+08:00,2026-10-10T14:29:18+08:00,2026-10-10T20:30:00+08:00,6.012,False,False,False
V4_SHADOW,3100383,2026-10-10,马维超,埃卡亚 vs 卡穆祖巴拉凯,,,,,,,0,,,D:\codex\v3_legacy\outputs\football_odds_trader\raw\titan007\20261010\20261010_222009_titan007_odds_snapshot.csv,NOT_FINAL_STATE_0,44530892841bcf578be7,RUN_20261010_193724,V4,2026-10-10T14:29:18+08:00,2026-10-10T14:29:18+08:00,2026-10-10T20:30:00+08:00,6.012,False,False,False
V4_SHADOW,3100386,2026-10-10,马维超,米顿杜俱乐部 vs 红狮队,,,,,,,0,,,D:\codex\v3_legacy\outputs\football_odds_trader\raw\titan007\20261010\20261010_222009_titan007_odds_snapshot.csv,NOT_FINAL_STATE_0,efbd5b237cc0b9d82210,RUN_20261010_193724,V4,2026-10-10T14:29:18+08:00,2026-10-10T14:29:18+08:00,2026-10-10T20:30:00+08:00,6.012,False,False,False
V4_SHADOW,3100390,2026-10-10,马维超,奇蒂帕联合 vs 元素,,,,,,,0,,,D:\codex\v3_legacy\outputs\football_odds_trader\raw\titan007\20261010\20261010_222009_titan007_odds_snapshot.csv,NOT_FINAL_STATE_0,f475d75aff7c146daf81,RUN_20261010_193724,V4,2026-10-10T14:29:18+08:00,2026-10-10T14:29:18+08:00,2026-10-10T20:30:00+08:00,6.012,False,False,False
V4_SHADOW,3098200,2026-10-10,波兰丙,哥罗纳二队 vs 波德拉谢比亚拉,,,,,,,0,,,D:\codex\v3_legacy\outputs\football_odds_trader\raw\titan007\20261010\20261010_222009_titan007_odds_snapshot.csv,NOT_FINAL_STATE_0,fd3d41d6878691277920,RUN_20261010_193724,V4,2026-10-10T14:29:18+08:00,2026-10-10T14:29:18+08:00,2026-10-10T20:30:00+08:00,6.012,False,False,False
V4_SHADOW,3100476,2026-10-10,捷丁,施特恩贝克 vs SK克鲁姆维尔,,,,,,,0,,,D:\codex\v3_legacy\outputs\football_odds_trader\raw\titan007\20261010\20261010_222009_titan007_odds_snapshot.csv,NOT_FINAL_STATE_0,9bad0b619da2297d30e7,RUN_20261010_193724,V4,2026-10-10T14:29:18+08:00,2026-10-10T14:29:18+08:00,2026-10-10T20:30:00+08:00,6.012,False,False,False
V4_SHADOW,3100481,2026-10-10,捷丁,夫里兰 vs 赫鲁钦,,,,,,,0,,,D:\codex\v3_legacy\outputs\football_odds_trader\raw\titan007\20261010\20261010_222009_titan007_odds_snapshot.csv,NOT_FINAL_STATE_0,416f070c880de50f52b2,RUN_20261010_193724,V4,2026-10-10T14:29:18+08:00,2026-10-10T14:29:18+08:00,2026-10-10T20:30:00+08:00,6.012,False,False,False
V4_SHADOW,3100486,2026-10-10,捷丁,新伊钦 vs 克拉瓦热,,,,,,,0,,,D:\codex\v3_legacy\outputs\football_odds_trader\raw\titan007\20261010\20261010_222009_titan007_odds_snapshot.csv,NOT_FINAL_STATE_0,e9f9064256898e1d6551,RUN_20261010_193724,V4,2026-10-10T14:29:18+08:00,2026-10-10T14:29:18+08:00,2026-10-10T20:30:00+08:00,6.012,False,False,False
V4_SHADOW,3098204,2026-10-10,荷丁,阿基里斯维恩 vs 艾维,,,,,,,0,,,D:\codex\v3_legacy\outputs\football_odds_trader\raw\titan007\20261010\20261010_222009_titan007_odds_snapshot.csv,NOT_FINAL_STATE_0,9aea8a174747f82ac473,RUN_20261010_193724,V4,2026-10-10T14:29:18+08:00,2026-10-10T14:29:18+08:00,2026-10-10T20:30:00+08:00,6.012,False,False,False
V4_SHADOW,3098205,2026-10-10,荷丁,艾森 vs 普尔梅斯泰恩,,,,,,,0,,,D:\codex\v3_legacy\outputs\football_odds_trader\raw\titan007\20261010\20261010_222009_titan007_odds_snapshot.csv,NOT_FINAL_STATE_0,fb65422ee7699e314591,RUN_20261010_193724,V4,2026-10-10T14:29:18+08:00,2026-10-10T14:29:18+08:00,2026-10-10T20:30:00+08:00,6.012,False,False,False
V4_SHADOW,3098206,2026-10-10,荷丁,ADO 20 vs 精英31,,,,,,,0,,,D:\codex\v3_legacy\outputs\football_odds_trader\raw\titan007\20261010\20261010_222009_titan007_odds_snapshot.csv,NOT_FINAL_STATE_0,8b2286f44fe68e535415,RUN_20261010_193724,V4,2026-10-10T14:29:18+08:00,2026-10-10T14:29:18+08:00,2026-10-10T20:30:00+08:00,6.012,False,False,False
V4_SHADOW,3098208,2026-10-10,荷丁,马特路易斯 vs 伯克尔,,,,,,,0,,,D:\codex\v3_legacy\outputs\football_odds_trader\raw\titan007\20261010\20261010_222009_titan007_odds_snapshot.csv,NOT_FINAL_STATE_0,c7faacc642f9738695d3,RUN_20261010_193724,V4,2026-10-10T14:29:18+08:00,2026-10-10T14:29:18+08:00,2026-10-10T20:30:00+08:00,6.012,False,False,False
V4_SHADOW,3098209,2026-10-10,荷丁,真尼梅顿 vs 杜禾,,,,,,,0,,,D:\codex\v3_legacy\outputs\football_odds_trader\raw\titan007\20261010\20261010_222009_titan007_odds_snapshot.csv,NOT_FINAL_STATE_0,0d66196499192f09fef6,RUN_20261010_193724,V4,2026-10-10T14:29:18+08:00,2026-10-10T14:29:18+08:00,2026-10-10T20:30:00+08:00,6.012,False,False,False
V4_SHADOW,3098210,2026-10-10,荷丁,夏甘马斯男生 vs 霍赫芬,,,,,,,0,,,D:\codex\v3_legacy\outputs\football_odds_trader\raw\titan007\20261010\20261010_222009_titan007_odds_snapshot.csv,NOT_FINAL_STATE_0,6f9d8d4a403119d435c8,RUN_20261010_193724,V4,2026-10-10T14:29:18+08:00,2026-10-10T14:29:18+08:00,2026-10-10T20:30:00+08:00,6.012,False,False,False
V4_SHADOW,3098212,2026-10-10,荷丁,利斯 vs 里吉诺瓦格斯,,,,,,,0,,,D:\codex\v3_legacy\outputs\football_odds_trader\raw\titan007\20261010\20261010_222009_titan007_odds_snapshot.csv,NOT_FINAL_STATE_0,fa170876639af3e640e5,RUN_20261010_193724,V4,2026-10-10T14:29:18+08:00,2026-10-10T14:29:18+08:00,2026-10-10T20:30:00+08:00,6.012,False,False,False
V4_SHADOW,3098213,2026-10-10,荷丁,诺德韦克 vs 戈马特,,,,,,,0,,,D:\codex\v3_legacy\outputs\football_odds_trader\raw\titan007\20261010\20261010_222009_titan007_odds_snapshot.csv,NOT_FINAL_STATE_0,2b57fe85e1cb86debe65,RUN_20261010_193724,V4,2026-10-10T14:29:18+08:00,2026-10-10T14:29:18+08:00,2026-10-10T20:30:00+08:00,6.012,False,False,False
V4_SHADOW,3098216,2026-10-10,荷丁,SV普尔图加尔 vs UNA,,,,,,,0,,,D:\codex\v3_legacy\outputs\football_odds_trader\raw\titan007\20261010\20261010_222009_titan007_odds_snapshot.csv,NOT_FINAL_STATE_0,93fb082ccf53e2232acb,RUN_20261010_193724,V4,2026-10-10T14:29:18+08:00,2026-10-10T14:29:18+08:00,2026-10-10T20:30:00+08:00,6.012,False,False,False
V4_SHADOW,2952368,2026-10-10,塔吉克联,杜尚别独立 vs 瓦赫什博赫塔尔,,,,,,,0,,,D:\codex\v3_legacy\outputs\football_odds_trader\raw\titan007\20261010\20261010_222009_titan007_odds_snapshot.csv,NOT_FINAL_STATE_0,e259038ecfb0b19a3c70,RUN_20261010_193724,V4,2026-10-10T14:29:18+08:00,2026-10-10T14:29:18+08:00,2026-10-10T20:30:00+08:00,6.012,False,False,False
V4_SHADOW,2952369,2026-10-10,塔吉克联,伊斯塔拉夫山 vs 帕米尔中央陆军,,,,,,,0,,,D:\codex\v3_legacy\outputs\football_odds_trader\raw\titan007\20261010\20261010_222009_titan007_odds_snapshot.csv,NOT_FINAL_STATE_0,b4745c9dc7d2cabf96de,RUN_20261010_193724,V4,2026-10-10T14:29:18+08:00,2026-10-10T14:29:18+08:00,2026-10-10T20:30:00+08:00,6.012,False,False,False
V4_SHADOW,3099951,2026-10-10,国际友谊,意大利女足U19 vs 挪威女足U19,,,,,,,0,,,D:\codex\v3_legacy\outputs\football_odds_trader\raw\titan007\20261010\20261010_222009_titan007_odds_snapshot.csv,NOT_FINAL_STATE_0,05dea7857be086db646e,RUN_20261010_193724,V4,2026-10-10T14:29:18+08:00,2026-10-10T14:29:18+08:00,2026-10-10T20:30:00+08:00,6.012,False,False,False
V4_SHADOW,2967907,2026-10-10,挪丙,艾于斯德沃尔 vs 科德,,,,,,,0,,,D:\codex\v3_legacy\outputs\football_odds_trader\raw\titan007\20261010\20261010_222009_titan007_odds_snapshot.csv,NOT_FINAL_STATE_0,2a1f26fc252c211b8ea4,RUN_20261010_193724,V4,2026-10-10T14:29:18+08:00,2026-10-10T14:29:18+08:00,2026-10-10T20:30:00+08:00,6.012,False,False,False
V4_SHADOW,3052634,2026-10-10,德青联,莱比锡红牛U19 vs 纽伦堡U19,,,,,,,0,,,D:\codex\v3_legacy\outputs\football_odds_trader\raw\titan007\20261010\20261010_222009_titan007_odds_snapshot.csv,NOT_FINAL_STATE_0,4726123c274bd4463407,RUN_20261010_193724,V4,2026-10-10T14:29:18+08:00,2026-10-10T14:29:18+08:00,2026-10-10T20:30:00+08:00,6.012,False,False,False
V4_SHADOW,3098767,2026-10-10,沙地乙,阿拉毕KSA vs 基尔瓦,,,,,,,0,,,D:\codex\v3_legacy\outputs\football_odds_trader\raw\titan007\20261010\20261010_222009_titan007_odds_snapshot.csv,NOT_FINAL_STATE_0,00baac914f822b170f68,RUN_20261010_193724,V4,2026-10-10T14:29:18+08:00,2026-10-10T14:29:18+08:00,2026-10-10T20:35:00+08:00,6.095,False,False,False
V4_SHADOW,3084835,2026-10-10,沙地青,拉德青年队 vs 阿尔菲斯青年队,,,,,,,0,,,D:\codex\v3_legacy\outputs\football_odds_trader\raw\titan007\20261010\20261010_222009_titan007_odds_snapshot.csv,NOT_FINAL_STATE_0,375b08f98e333032f7d4,RUN_20261010_193724,V4,2026-10-10T14:29:18+08:00,2026-10-10T14:29:18+08:00,2026-10-10T20:35:00+08:00,6.095,False,False,False
V4_SHADOW,3098768,2026-10-10,沙地乙,阿尔利瓦 vs 阿尔库兹,,,,,,,0,,,D:\codex\v3_legacy\outputs\football_odds_trader\raw\titan007\20261010\20261010_222009_titan007_odds_snapshot.csv,NOT_FINAL_STATE_0,7f1f1faf2e68a2c23c27,RUN_20261010_193724,V4,2026-10-10T14:29:18+08:00,2026-10-10T14:29:18+08:00,2026-10-10T20:40:00+08:00,6.178,False,False,False
V4_SHADOW,3098769,2026-10-10,沙地乙,杰拉什FC vs 斯霍拉,,,,,,,0,,,D:\codex\v3_legacy\outputs\football_odds_trader\raw\titan007\20261010\20261010_222009_titan007_odds_snapshot.csv,NOT_FINAL_STATE_0,283b71ce00d2e8991ad1,RUN_20261010_193724,V4,2026-10-10T14:29:18+08:00,2026-10-10T14:29:18+08:00,2026-10-10T20:40:00+08:00,6.178,False,False,False
V4_SHADOW,3087092,2026-10-10,荷青甲,兹沃勒青年队 vs 坎布尔青年队,,,,,,,0,,,D:\codex\v3_legacy\outputs\football_odds_trader\raw\titan007\20261010\20261010_222009_titan007_odds_snapshot.csv,NOT_FINAL_STATE_0,91ddcad1ad791a3e01dd,RUN_20261010_193724,V4,2026-10-10T14:29:18+08:00,2026-10-10T14:29:18+08:00,2026-10-10T20:45:00+08:00,6.262,False,False,False
V4_SHADOW,3098770,2026-10-10,沙地乙,祖布巴 vs 恩特萨利,,,,,,,0,,,D:\codex\v3_legacy\outputs\football_odds_trader\raw\titan007\20261010\20261010_222009_titan007_odds_snapshot.csv,NOT_FINAL_STATE_0,f66255b1d2000ece38c5,RUN_20261010_193724,V4,2026-10-10T14:29:18+08:00,2026-10-10T14:29:18+08:00,2026-10-10T20:45:00+08:00,6.262,False,False,False
V4_SHADOW,3084836,2026-10-10,沙地青,穆哈伊尔青年队 vs 伊蒂哈德吉达青年队,,,,,,,0,,,D:\codex\v3_legacy\outputs\football_odds_trader\raw\titan007\20261010\20261010_222009_titan007_odds_snapshot.csv,NOT_FINAL_STATE_0,534f369f5b3ff6e80867,RUN_20261010_193724,V4,2026-10-10T14:29:18+08:00,2026-10-10T14:29:18+08:00,2026-10-10T20:45:00+08:00,6.262,False,False,False
V4_SHADOW,3098335,2026-10-10,马来A1联,吉打FA vs USM FC,,,,,,,0,,,D:\codex\v3_legacy\outputs\football_odds_trader\raw\titan007\20261010\20261010_222009_titan007_odds_snapshot.csv,NOT_FINAL_STATE_0,eb9126daeb8a34d636fe,RUN_20261010_193724,V4,2026-10-10T14:29:18+08:00,2026-10-10T14:29:18+08:00,2026-10-10T20:45:00+08:00,6.262,False,False,False
V4_SHADOW,3023114,2026-10-10,荷丙,伊素美禾祖斯 vs 皇家哈勒姆,,,,,,,0,,,D:\codex\v3_legacy\outputs\football_odds_trader\raw\titan007\20261010\20261010_222009_titan007_odds_snapshot.csv,NOT_FINAL_STATE_0,c0a984ca175651887a72,RUN_20261010_193724,V4,2026-10-10T14:29:18+08:00,2026-10-10T14:29:18+08:00,2026-10-10T21:00:00+08:00,6.512,False,False,False
V4_SHADOW,3023115,2026-10-10,荷丙,鹿特丹斯巴达青年队 vs 阿梅尔城青年队,,,,,,,0,,,D:\codex\v3_legacy\outputs\football_odds_trader\raw\titan007\20261010\20261010_222009_titan007_odds_snapshot.csv,NOT_FINAL_STATE_0,e4cd059cfaf3051cca2c,RUN_20261010_193724,V4,2026-10-10T14:29:18+08:00,2026-10-10T14:29:18+08:00,2026-10-10T21:00:00+08:00,6.512,False,False,False
V4_SHADOW,3023116,2026-10-10,荷丙,克卢廷厄 vs 哈登堡,,,,,,,0,,,D:\codex\v3_legacy\outputs\football_odds_trader\raw\titan007\20261010\20261010_222009_titan007_odds_snapshot.csv,NOT_FINAL_STATE_0,691db0b440e8168f1d58,RUN_20261010_193724,V4,2026-10-10T14:29:18+08:00,2026-10-10T14:29:18+08:00,2026-10-10T21:00:00+08:00,6.512,False,False,False
V4_SHADOW,3023117,2026-10-10,荷丙,高沙根男生 vs 斯巴肯堡,,,,,,,0,,,D:\codex\v3_legacy\outputs\football_odds_trader\raw\titan007\20261010\20261010_222009_titan007_odds_snapshot.csv,NOT_FINAL_STATE_0,56b196e9750ee0fb05f6,RUN_20261010_193724,V4,2026-10-10T14:29:18+08:00,2026-10-10T14:29:18+08:00,2026-10-10T21:00:00+08:00,6.512,False,False,False
V4_SHADOW,3023119,2026-10-10,荷丙,罗达 vs RKAV华伦丹,,,,,,,0,,,D:\codex\v3_legacy\outputs\football_odds_trader\raw\titan007\20261010\20261010_222009_titan007_odds_snapshot.csv,NOT_FINAL_STATE_0,f9bf0b15cb79ca832298,RUN_20261010_193724,V4,2026-10-10T14:29:18+08:00,2026-10-10T14:29:18+08:00,2026-10-10T21:00:00+08:00,6.512,False,False,False
V4_SHADOW,3087093,2026-10-10,荷青甲,迪加史卓普青年队 vs 阿高斯青年队,,,,,,,0,,,D:\codex\v3_legacy\outputs\football_odds_trader\raw\titan007\20261010\20261010_222009_titan007_odds_snapshot.csv,NOT_FINAL_STATE_0,75b138d06c5d608c5305,RUN_20261010_193724,V4,2026-10-10T14:29:18+08:00,2026-10-10T14:29:18+08:00,2026-10-10T21:00:00+08:00,6.512,False,False,False
V4_SHADOW,3087094,2026-10-10,荷青甲,威廉二世青年队 vs 川迪青年队,,,,,,,0,,,D:\codex\v3_legacy\outputs\football_odds_trader\raw\titan007\20261010\20261010_222009_titan007_odds_snapshot.csv,NOT_FINAL_STATE_0,d0a61e7080a5b7ec82ef,RUN_20261010_193724,V4,2026-10-10T14:29:18+08:00,2026-10-10T14:29:18+08:00,2026-10-10T21:00:00+08:00,6.512,False,False,False
V4_SHADOW,3061558,2026-10-10,女欧U19,爱尔兰女足U19 vs 格鲁吉亚女足U19,,,,,,,0,,,D:\codex\v3_legacy\outputs\football_odds_trader\raw\titan007\20261010\20261010_222009_titan007_odds_snapshot.csv,NOT_FINAL_STATE_0,4a5961511bd88d8e70da,RUN_20261010_193724,V4,2026-10-10T14:29:18+08:00,2026-10-10T14:29:18+08:00,2026-10-10T21:00:00+08:00,6.512,False,False,False
V4_SHADOW,3094386,2026-10-10,女欧U17,奥地利女足U17 vs 北爱尔兰女足U17,,,,,,,0,,,D:\codex\v3_legacy\outputs\football_odds_trader\raw\titan007\20261010\20261010_222009_titan007_odds_snapshot.csv,NOT_FINAL_STATE_0,f9805229c4c64d6f7c0a,RUN_20261010_193724,V4,2026-10-10T14:29:18+08:00,2026-10-10T14:29:18+08:00,2026-10-10T21:00:00+08:00,6.512,False,False,False
V4_SHADOW,3094387,2026-10-10,女欧U17,挪威女足U17 vs 意大利女足U17,,,,,,,0,,,D:\codex\v3_legacy\outputs\football_odds_trader\raw\titan007\20261010\20261010_222009_titan007_odds_snapshot.csv,NOT_FINAL_STATE_0,c9da4a7069a4ebe5bd42,RUN_20261010_193724,V4,2026-10-10T14:29:18+08:00,2026-10-10T14:29:18+08:00,2026-10-10T21:00:00+08:00,6.512,False,False,False
V4_SHADOW,3020910,2026-10-10,丹麦乙,B93哥本哈根 vs 米德法特,,,,,,,0,,,D:\codex\v3_legacy\outputs\football_odds_trader\raw\titan007\20261010\20261010_222009_titan007_odds_snapshot.csv,NOT_FINAL_STATE_0,ed326ec4fc0de49c1bb5,RUN_20261010_193724,V4,2026-10-10T14:29:18+08:00,2026-10-10T14:29:18+08:00,2026-10-10T21:00:00+08:00,6.512,False,False,False
V4_SHADOW,3035927,2026-10-10,波兰乙,威亚斯威德尼克 vs 斯威特什切青,,,,,,,0,,,D:\codex\v3_legacy\outputs\football_odds_trader\raw\titan007\20261010\20261010_222009_titan007_odds_snapshot.csv,NOT_FINAL_STATE_0,b0cc53ccf6d972788c38,RUN_20261010_193724,V4,2026-10-10T14:29:18+08:00,2026-10-10T14:29:18+08:00,2026-10-10T21:00:00+08:00,6.512,False,False,False
V4_SHADOW,3043234,2026-10-10,捷丙,布兰斯科 vs 威瑟汀,,,,,,,0,,,D:\codex\v3_legacy\outputs\football_odds_trader\raw\titan007\20261010\20261010_222009_titan007_odds_snapshot.csv,NOT_FINAL_STATE_0,9c0e9ccc7a9c6afb8ac9,RUN_20261010_193724,V4,2026-10-10T14:29:18+08:00,2026-10-10T14:29:18+08:00,2026-10-10T21:00:00+08:00,6.512,False,False,False
V4_SHADOW,3043235,2026-10-10,捷丙,赫杜尼 vs 弗里德克,,,,,,,0,,,D:\codex\v3_legacy\outputs\football_odds_trader\raw\titan007\20261010\20261010_222009_titan007_odds_snapshot.csv,NOT_FINAL_STATE_0,0eac58e666a66b2521f1,RUN_20261010_193724,V4,2026-10-10T14:29:18+08:00,2026-10-10T14:29:18+08:00,2026-10-10T21:00:00+08:00,6.512,False,False,False
V4_SHADOW,3043236,2026-10-10,捷丙,维霍维纳 vs 乌尼邱夫,,,,,,,0,,,D:\codex\v3_legacy\outputs\football_odds_trader\raw\titan007\20261010\20261010_222009_titan007_odds_snapshot.csv,NOT_FINAL_STATE_0,34ad067be9dc41bad2f8,RUN_20261010_193724,V4,2026-10-10T14:29:18+08:00,2026-10-10T14:29:18+08:00,2026-10-10T21:00:00+08:00,6.512,False,False,False
V4_SHADOW,3043237,2026-10-10,捷丙,维特科维斯 vs 卡尔维纳B队,,,,,,,0,,,D:\codex\v3_legacy\outputs\football_odds_trader\raw\titan007\20261010\20261010_222009_titan007_odds_snapshot.csv,NOT_FINAL_STATE_0,0b525b6404c09ff82242,RUN_20261010_193724,V4,2026-10-10T14:29:18+08:00,2026-10-10T14:29:18+08:00,2026-10-10T21:00:00+08:00,6.512,False,False,False
V4_SHADOW,3037937,2026-10-10,斯伐甲,班尼卡莱奥塔 vs 泽沃伦火车头,,,,,,,0,,,D:\codex\v3_legacy\outputs\football_odds_trader\raw\titan007\20261010\20261010_222009_titan007_odds_snapshot.csv,NOT_FINAL_STATE_0,e466544f598fd0db9cde,RUN_20261010_193724,V4,2026-10-10T14:29:18+08:00,2026-10-10T14:29:18+08:00,2026-10-10T21:00:00+08:00,6.512,False,False,False
V4_SHADOW,3037938,2026-10-10,斯伐甲,MFK巴耶卡 vs 克曼尼,,,,,,,0,,,D:\codex\v3_legacy\outputs\football_odds_trader\raw\titan007\20261010\20261010_222009_titan007_odds_snapshot.csv,NOT_FINAL_STATE_0,c1d0cc470f397f23178f,RUN_20261010_193724,V4,2026-10-10T14:29:18+08:00,2026-10-10T14:29:18+08:00,2026-10-10T21:00:00+08:00,6.512,False,False,False
V4_SHADOW,3037939,2026-10-10,斯伐甲,波瓦兹斯卡 vs 扑雷索夫,,,,,,,0,,,D:\codex\v3_legacy\outputs\football_odds_trader\raw\titan007\20261010\20261010_222009_titan007_odds_snapshot.csv,NOT_FINAL_STATE_0,f60564d343802b1f7589,RUN_20261010_193724,V4,2026-10-10T14:29:18+08:00,2026-10-10T14:29:18+08:00,2026-10-10T21:00:00+08:00,6.512,False,False,False
V4_SHADOW,3098163,2026-10-10,斯伐丙,杜纳斯卡 vs 斯特里达B队,,,,,,,0,,,D:\codex\v3_legacy\outputs\football_odds_trader\raw\titan007\20261010\20261010_222009_titan007_odds_snapshot.csv,NOT_FINAL_STATE_0,ac560fd6a1f43940c0d4,RUN_20261010_193724,V4,2026-10-10T14:29:18+08:00,2026-10-10T14:29:18+08:00,2026-10-10T21:00:00+08:00,6.512,False,False,False
V4_SHADOW,3098164,2026-10-10,斯伐丙,诺唯萨姆奇 vs 贾巴斯柯沃,,,,,,,0,,,D:\codex\v3_legacy\outputs\football_odds_trader\raw\titan007\20261010\20261010_222009_titan007_odds_snapshot.csv,NOT_FINAL_STATE_0,496a67b8bd3479c2d95b,RUN_20261010_193724,V4,2026-10-10T14:29:18+08:00,2026-10-10T14:29:18+08:00,2026-10-10T21:00:00+08:00,6.512,False,False,False
V4_SHADOW,3098166,2026-10-10,斯伐丙,MSK贝塞夫 vs FC普列维扎,,,,,,,0,,,D:\codex\v3_legacy\outputs\football_odds_trader\raw\titan007\20261010\20261010_222009_titan007_odds_snapshot.csv,NOT_FINAL_STATE_0,7cc9ad44f18717be8829,RUN_20261010_193724,V4,2026-10-10T14:29:18+08:00,2026-10-10T14:29:18+08:00,2026-10-10T21:00:00+08:00,6.512,False,False,False
V4_SHADOW,3098167,2026-10-10,斯伐丙,巴尔代约夫 vs 托普罗,,,,,,,0,,,D:\codex\v3_legacy\outputs\football_odds_trader\raw\titan007\20261010\20261010_222009_titan007_odds_snapshot.csv,NOT_FINAL_STATE_0,a8e6e6328418a1c2fb81,RUN_20261010_193724,V4,2026-10-10T14:29:18+08:00,2026-10-10T14:29:18+08:00,2026-10-10T21:00:00+08:00,6.512,False,False,False
V4_SHADOW,3098168,2026-10-10,斯伐丙,利帕尼 vs 波普拉德,,,,,,,0,,,D:\codex\v3_legacy\outputs\football_odds_trader\raw\titan007\20261010\20261010_222009_titan007_odds_snapshot.csv,NOT_FINAL_STATE_0,5eb92b6471f8cf564ce0,RUN_20261010_193724,V4,2026-10-10T14:29:18+08:00,2026-10-10T14:29:18+08:00,2026-10-10T21:00:00+08:00,6.512,False,False,False
V4_SHADOW,3098169,2026-10-10,斯伐丙,鲁玻夫纳 vs 斯尼纳,,,,,,,0,,,D:\codex\v3_legacy\outputs\football_odds_trader\raw\titan007\20261010\20261010_222009_titan007_odds_snapshot.csv,NOT_FINAL_STATE_0,7259cbf9bc8cafd5829c,RUN_20261010_193724,V4,2026-10-10T14:29:18+08:00,2026-10-10T14:29:18+08:00,2026-10-10T21:00:00+08:00,6.512,False,False,False
V4_SHADOW,3098170,2026-10-10,斯伐丙,萨比诺夫 vs 高斯锡火车头,,,,,,,0,,,D:\codex\v3_legacy\outputs\football_odds_trader\raw\titan007\20261010\20261010_222009_titan007_odds_snapshot.csv,NOT_FINAL_STATE_0,b7ad145a1a9aa59c159d,RUN_20261010_193724,V4,2026-10-10T14:29:18+08:00,2026-10-10T14:29:18+08:00,2026-10-10T21:00:00+08:00,6.512,False,False,False
V4_SHADOW,3098171,2026-10-10,斯伐丙,诺瓦维斯 vs 梅泽夫,,,,,,,0,,,D:\codex\v3_legacy\outputs\football_odds_trader\raw\titan007\20261010\20261010_222009_titan007_odds_snapshot.csv,NOT_FINAL_STATE_0,df8c0793224eb3884fd0,RUN_20261010_193724,V4,2026-10-10T14:29:18+08:00,2026-10-10T14:29:18+08:00,2026-10-10T21:00:00+08:00,6.512,False,False,False
V4_SHADOW,3098172,2026-10-10,斯伐丙,卡德卡 vs 索博塔,,,,,,,0,,,D:\codex\v3_legacy\outputs\football_odds_trader\raw\titan007\20261010\20261010_222009_titan007_odds_snapshot.csv,NOT_FINAL_STATE_0,838413c3a4d1f1001c89,RUN_20261010_193724,V4,2026-10-10T14:29:18+08:00,2026-10-10T14:29:18+08:00,2026-10-10T21:00:00+08:00,6.512,False,False,False
V4_SHADOW,3098173,2026-10-10,斯伐丙,诺沃拉德卢切内茨 vs 路梳比洛B队,,,,,,,0,,,D:\codex\v3_legacy\outputs\football_odds_trader\raw\titan007\20261010\20261010_222009_titan007_odds_snapshot.csv,NOT_FINAL_STATE_0,139a2e623c015ec93417,RUN_20261010_193724,V4,2026-10-10T14:29:18+08:00,2026-10-10T14:29:18+08:00,2026-10-10T21:00:00+08:00,6.512,False,False,False
V4_SHADOW,3098174,2026-10-10,斯伐丙,TJ塔特拉奥拉 vs 库宾,,,,,,,0,,,D:\codex\v3_legacy\outputs\football_odds_trader\raw\titan007\20261010\20261010_222009_titan007_odds_snapshot.csv,NOT_FINAL_STATE_0,642a0d6d0c6dc625d0b0,RUN_20261010_193724,V4,2026-10-10T14:29:18+08:00,2026-10-10T14:29:18+08:00,2026-10-10T21:00:00+08:00,6.512,False,False,False
V4_SHADOW,3099350,2026-10-10,斯伐丙,卢丁斯 vs SFM森纳克,,,,,,,0,,,D:\codex\v3_legacy\outputs\football_odds_trader\raw\titan007\20261010\20261010_222009_titan007_odds_snapshot.csv,NOT_FINAL_STATE_0,4a6cf0d9c1b02e006ab5,RUN_20261010_193724,V4,2026-10-10T14:29:18+08:00,2026-10-10T14:29:18+08:00,2026-10-10T21:00:00+08:00,6.512,False,False,False
V4_SHADOW,3017527,2026-10-10,意青联,罗马青年队 vs 恩波利青年队,,,,,,,0,,,D:\codex\v3_legacy\outputs\football_odds_trader\raw\titan007\20261010\20261010_222009_titan007_odds_snapshot.csv,NOT_FINAL_STATE_0,02ce579074b924c1a50e,RUN_20261010_193724,V4,2026-10-10T14:29:18+08:00,2026-10-10T14:29:18+08:00,2026-10-10T21:00:00+08:00,6.512,False,False,False
V4_SHADOW,3017529,2026-10-10,意青联,博洛尼亚青年队 vs 拉齐奥青年队,,,,,,,0,,,D:\codex\v3_legacy\outputs\football_odds_trader\raw\titan007\20261010\20261010_222009_titan007_odds_snapshot.csv,NOT_FINAL_STATE_0,b5acedc93e25ce1ccd24,RUN_20261010_193724,V4,2026-10-10T14:29:18+08:00,2026-10-10T14:29:18+08:00,2026-10-10T21:00:00+08:00,6.512,False,False,False
V4_SHADOW,3087177,2026-10-10,马耳乙,维多利亚赫史普斯 vs 费古拉,,,,,,,0,,,D:\codex\v3_legacy\outputs\football_odds_trader\raw\titan007\20261010\20261010_222009_titan007_odds_snapshot.csv,NOT_FINAL_STATE_0,b830f64432f36385a065,RUN_20261010_193724,V4,2026-10-10T14:29:18+08:00,2026-10-10T14:29:18+08:00,2026-10-10T21:00:00+08:00,6.512,False,False,False
V4_SHADOW,3098269,2026-10-10,德戊,伍特默豪森 vs KSV瓦坦体育不莱梅,,,,,,,0,,,D:\codex\v3_legacy\outputs\football_odds_trader\raw\titan007\20261010\20261010_222009_titan007_odds_snapshot.csv,NOT_FINAL_STATE_0,aa0b271ee2db50700924,RUN_20261010_193724,V4,2026-10-10T14:29:18+08:00,2026-10-10T14:29:18+08:00,2026-10-10T21:00:00+08:00,6.512,False,False,False
V4_SHADOW,3098153,2026-10-10,德戊,DJK盖本巴赫 vs 格罗斯巴多夫,,,,,,,0,,,D:\codex\v3_legacy\outputs\football_odds_trader\raw\titan007\20261010\20261010_222009_titan007_odds_snapshot.csv,NOT_FINAL_STATE_0,0d28b829b13d9bbd5cab,RUN_20261010_193724,V4,2026-10-10T14:29:18+08:00,2026-10-10T14:29:18+08:00,2026-10-10T21:00:00+08:00,6.512,False,False,False
V4_SHADOW,3098154,2026-10-10,德戊,维尔茨堡FV vs 威登,,,,,,,0,,,D:\codex\v3_legacy\outputs\football_odds_trader\raw\titan007\20261010\20261010_222009_titan007_odds_snapshot.csv,NOT_FINAL_STATE_0,e1b19303b82b9f431391,RUN_20261010_193724,V4,2026-10-10T14:29:18+08:00,2026-10-10T14:29:18+08:00,2026-10-10T21:00:00+08:00,6.512,False,False,False
V4_SHADOW,3098160,2026-10-10,德戊,贡德尔芬根 vs 斯切丁喜宁,,,,,,,0,,,D:\codex\v3_legacy\outputs\football_odds_trader\raw\titan007\20261010\20261010_222009_titan007_odds_snapshot.csv,NOT_FINAL_STATE_0,dc8c2c564a07a898fd9c,RUN_20261010_193724,V4,2026-10-10T14:29:18+08:00,2026-10-10T14:29:18+08:00,2026-10-10T21:00:00+08:00,6.512,False,False,False
V4_SHADOW,3098161,2026-10-10,德戊,克臣安萨丘林 vs 施瓦布明兴,,,,,,,0,,,D:\codex\v3_legacy\outputs\football_odds_trader\raw\titan007\20261010\20261010_222009_titan007_odds_snapshot.csv,NOT_FINAL_STATE_0,f4cf6feeab7a69aeb92b,RUN_20261010_193724,V4,2026-10-10T14:29:18+08:00,2026-10-10T14:29:18+08:00,2026-10-10T21:00:00+08:00,6.512,False,False,False
V4_SHADOW,3098162,2026-10-10,德戊,兰兹胡特 vs 施瓦伊格,,,,,,,0,,,D:\codex\v3_legacy\outputs\football_odds_trader\raw\titan007\20261010\20261010_222009_titan007_odds_snapshot.csv,NOT_FINAL_STATE_0,3125fe24a6e5c13eba6c,RUN_20261010_193724,V4,2026-10-10T14:29:18+08:00,2026-10-10T14:29:18+08:00,2026-10-10T21:00:00+08:00,6.512,False,False,False
V4_SHADOW,3064635,2026-10-10,丹麦U17,哥本哈根U17 vs 域堡U17,,,,,,,0,,,D:\codex\v3_legacy\outputs\football_odds_trader\raw\titan007\20261010\20261010_222009_titan007_odds_snapshot.csv,NOT_FINAL_STATE_0,b6ed82f7e6e9eb15ad35,RUN_20261010_193724,V4,2026-10-10T14:29:18+08:00,2026-10-10T14:29:18+08:00,2026-10-10T21:00:00+08:00,6.512,False,False,False
V4_SHADOW,3064636,2026-10-10,丹麦U17,欧登塞U17 vs 桑德捷斯基U17,,,,,,,0,,,D:\codex\v3_legacy\outputs\football_odds_trader\raw\titan007\20261010\20261010_222009_titan007_odds_snapshot.csv,NOT_FINAL_STATE_0,9eee04d94d7d3a774d80,RUN_20261010_193724,V4,2026-10-10T14:29:18+08:00,2026-10-10T14:29:18+08:00,2026-10-10T21:00:00+08:00,6.512,False,False,False
V4_SHADOW,3064637,2026-10-10,丹麦U17,阿尔堡U17 vs 米迪兰特U17,,,,,,,0,,,D:\codex\v3_legacy\outputs\football_odds_trader\raw\titan007\20261010\20261010_222009_titan007_odds_snapshot.csv,NOT_FINAL_STATE_0,1d83781d38a14e409a1b,RUN_20261010_193724,V4,2026-10-10T14:29:18+08:00,2026-10-10T14:29:18+08:00,2026-10-10T21:00:00+08:00,6.512,False,False,False
V4_SHADOW,3064638,2026-10-10,丹麦U17,兰达斯U17 vs 宁比U17,,,,,,,0,,,D:\codex\v3_legacy\outputs\football_odds_trader\raw\titan007\20261010\20261010_222009_titan007_odds_snapshot.csv,NOT_FINAL_STATE_0,11c2d11b7838da8deedf,RUN_20261010_193724,V4,2026-10-10T14:29:18+08:00,2026-10-10T14:29:18+08:00,2026-10-10T21:00:00+08:00,6.512,False,False,False
V4_SHADOW,3064639,2026-10-10,丹麦U17,霍森斯U17 vs 施克堡U17,,,,,,,0,,,D:\codex\v3_legacy\outputs\football_odds_trader\raw\titan007\20261010\20261010_222009_titan007_odds_snapshot.csv,NOT_FINAL_STATE_0,fa3f578f6fe59e3ae40d,RUN_20261010_193724,V4,2026-10-10T14:29:18+08:00,2026-10-10T14:29:18+08:00,2026-10-10T21:00:00+08:00,6.512,False,False,False
V4_SHADOW,3064641,2026-10-10,丹麦U17,HB高治U17 vs 阿晓斯U17,,,,,,,0,,,D:\codex\v3_legacy\outputs\football_odds_trader\raw\titan007\20261010\20261010_222009_titan007_odds_snapshot.csv,NOT_FINAL_STATE_0,2959c0f610793335edbe,RUN_20261010_193724,V4,2026-10-10T14:29:18+08:00,2026-10-10T14:29:18+08:00,2026-10-10T21:00:00+08:00,6.512,False,False,False
V4_SHADOW,2969819,2026-10-10,白俄甲,奥斯特罗维茨 vs 斯洛尼姆,,,,,,,0,,,D:\codex\v3_legacy\outputs\football_odds_trader\raw\titan007\20261010\20261010_222009_titan007_odds_snapshot.csv,NOT_FINAL_STATE_0,4c7db2629e6ffe266250,RUN_20261010_193724,V4,2026-10-10T14:29:18+08:00,2026-10-10T14:29:18+08:00,2026-10-10T21:00:00+08:00,6.512,False,False,False
V4_SHADOW,2965859,2026-10-10,俄乙B南,柴卡B队 vs 纳兹兰,,,,,,,0,,,D:\codex\v3_legacy\outputs\football_odds_trader\raw\titan007\20261010\20261010_222009_titan007_odds_snapshot.csv,NOT_FINAL_STATE_0,b3926e7dcf46f85c18e8,RUN_20261010_193724,V4,2026-10-10T14:29:18+08:00,2026-10-10T14:29:18+08:00,2026-10-10T21:00:00+08:00,6.512,False,False,False
V4_SHADOW,2965861,2026-10-10,俄乙B南,伊兹伯巴什 vs 丁斯可瑞旺,,,,,,,-10,,,D:\codex\v3_legacy\outputs\football_odds_trader\raw\titan007\20261010\20261010_222009_titan007_odds_snapshot.csv,NOT_FINAL_STATE_-10,89da69799fbff0feb414,RUN_20261010_193724,V4,2026-10-10T14:29:18+08:00,2026-10-10T14:29:18+08:00,2026-10-10T21:00:00+08:00,6.512,False,False,False
V4_SHADOW,2965863,2026-10-10,俄乙B南,罗斯杜夫B队 vs 德鲁日巴,,,,,,,0,,,D:\codex\v3_legacy\outputs\football_odds_trader\raw\titan007\20261010\20261010_222009_titan007_odds_snapshot.csv,NOT_FINAL_STATE_0,90b7e0afbe6466eafbc8,RUN_20261010_193724,V4,2026-10-10T14:29:18+08:00,2026-10-10T14:29:18+08:00,2026-10-10T21:00:00+08:00,6.512,False,False,False
V4_SHADOW,2966282,2026-10-10,俄乙B西,圣彼得堡迪纳摩 vs 伊尔库茨克,,,,,,,0,,,D:\codex\v3_legacy\outputs\football_odds_trader\raw\titan007\20261010\20261010_222009_titan007_odds_snapshot.csv,NOT_FINAL_STATE_0,4310f50ebe2e2e62cc09,RUN_20261010_193724,V4,2026-10-10T14:29:18+08:00,2026-10-10T14:29:18+08:00,2026-10-10T21:00:00+08:00,6.512,False,False,False
V4_SHADOW,3100119,2026-10-10,巴拉乙,十一月三日队 vs 费纳多,,,,,,,0,,,D:\codex\v3_legacy\outputs\football_odds_trader\raw\titan007\20261010\20261010_222009_titan007_odds_snapshot.csv,NOT_FINAL_STATE_0,56e1c136c8030e95c497,RUN_20261010_193724,V4,2026-10-10T14:29:18+08:00,2026-10-10T14:29:18+08:00,2026-10-10T21:00:00+08:00,6.512,False,False,False
V4_SHADOW,3100120,2026-10-10,巴拉乙,瓜伊利纳 vs 恩卡纳西翁,,,,,,,0,,,D:\codex\v3_legacy\outputs\football_odds_trader\raw\titan007\20261010\20261010_222009_titan007_odds_snapshot.csv,NOT_FINAL_STATE_0,069564821f8ecd9396a2,RUN_20261010_193724,V4,2026-10-10T14:29:18+08:00,2026-10-10T14:29:18+08:00,2026-10-10T21:00:00+08:00,6.512,False,False,False
V4_SHADOW,3100121,2026-10-10,巴拉乙,独立FBC vs 谭贝塔里竞技,,,,,,,0,,,D:\codex\v3_legacy\outputs\football_odds_trader\raw\titan007\20261010\20261010_222009_titan007_odds_snapshot.csv,NOT_FINAL_STATE_0,e02ec5f78e0f60a93e80,RUN_20261010_193724,V4,2026-10-10T14:29:18+08:00,2026-10-10T14:29:18+08:00,2026-10-10T21:00:00+08:00,6.512,False,False,False
V4_SHADOW,3070310,2026-10-10,比女甲,斯鸿比克女足 vs 威尔郡女足B队,,,,,,,0,,,D:\codex\v3_legacy\outputs\football_odds_trader\raw\titan007\20261010\20261010_222009_titan007_odds_snapshot.csv,NOT_FINAL_STATE_0,84d782a2f0569eba4e5f,RUN_20261010_193724,V4,2026-10-10T14:29:18+08:00,2026-10-10T14:29:18+08:00,2026-10-10T21:00:00+08:00,6.512,False,False,False
V4_SHADOW,3101205,2026-10-10,希丙,多克萨马斯克 vs 卡多瑞亚,,,,,,,0,,,D:\codex\v3_legacy\outputs\football_odds_trader\raw\titan007\20261010\20261010_222009_titan007_odds_snapshot.csv,NOT_FINAL_STATE_0,b147a0ea8de865f33612,RUN_20261010_193724,V4,2026-10-10T14:29:18+08:00,2026-10-10T14:29:18+08:00,2026-10-10T21:00:00+08:00,6.512,False,False,False
V4_SHADOW,3099933,2026-10-10,津巴超,阿加玛 vs 猎人,,,,,,,0,,,D:\codex\v3_legacy\outputs\football_odds_trader\raw\titan007\20261010\20261010_222009_titan007_odds_snapshot.csv,NOT_FINAL_STATE_0,a67ae60554c5631a23a3,RUN_20261010_193724,V4,2026-10-10T14:29:18+08:00,2026-10-10T14:29:18+08:00,2026-10-10T21:00:00+08:00,6.512,False,False,False
V4_SHADOW,3099934,2026-10-10,津巴超,基肯恩尼 vs 铂金,,,,,,,0,,,D:\codex\v3_legacy\outputs\football_odds_trader\raw\titan007\20261010\20261010_222009_titan007_odds_snapshot.csv,NOT_FINAL_STATE_0,a232161756ecb1202ac1,RUN_20261010_193724,V4,2026-10-10T14:29:18+08:00,2026-10-10T14:29:18+08:00,2026-10-10T21:00:00+08:00,6.512,False,False,False
V4_SHADOW,3099935,2026-10-10,津巴超,哈德洛克 vs 布拉瓦约酋长,,,,,,,0,,,D:\codex\v3_legacy\outputs\football_odds_trader\raw\titan007\20261010\20261010_222009_titan007_odds_snapshot.csv,NOT_FINAL_STATE_0,2bcf84c2abba1f52b008,RUN_20261010_193724,V4,2026-10-10T14:29:18+08:00,2026-10-10T14:29:18+08:00,2026-10-10T21:00:00+08:00,6.512,False,False,False
V4_SHADOW,3099936,2026-10-10,津巴超,赫伦塔尔斯FC vs 摩尔体育世界FC,,,,,,,0,,,D:\codex\v3_legacy\outputs\football_odds_trader\raw\titan007\20261010\20261010_222009_titan007_odds_snapshot.csv,NOT_FINAL_STATE_0,edd9b04184eeca5eea77,RUN_20261010_193724,V4,2026-10-10T14:29:18+08:00,2026-10-10T14:29:18+08:00,2026-10-10T21:00:00+08:00,6.512,False,False,False
V4_SHADOW,3099937,2026-10-10,津巴超,玛尼卡钻石 vs 特隆,,,,,,,0,,,D:\codex\v3_legacy\outputs\football_odds_trader\raw\titan007\20261010\20261010_222009_titan007_odds_snapshot.csv,NOT_FINAL_STATE_0,38f7d8c3cc6e2513cdfb,RUN_20261010_193724,V4,2026-10-10T14:29:18+08:00,2026-10-10T14:29:18+08:00,2026-10-10T21:00:00+08:00,6.512,False,False,False
V4_SHADOW,3099938,2026-10-10,津巴超,卡里巴 vs 苏格兰FC,,,,,,,0,,,D:\codex\v3_legacy\outputs\football_odds_trader\raw\titan007\20261010\20261010_222009_titan007_odds_snapshot.csv,NOT_FINAL_STATE_0,2053251f300ac200e766,RUN_20261010_193724,V4,2026-10-10T14:29:18+08:00,2026-10-10T14:29:18+08:00,2026-10-10T21:00:00+08:00,6.512,False,False,False
V4_SHADOW,3100496,2026-10-10,埃塞超,沃莱塔迪查 vs 法西尔凯内马,,,,,,,0,,,D:\codex\v3_legacy\outputs\football_odds_trader\raw\titan007\20261010\20261010_222009_titan007_odds_snapshot.csv,NOT_FINAL_STATE_0,11d6eadcb3df88cfc3aa,RUN_20261010_193724,V4,2026-10-10T14:29:18+08:00,2026-10-10T14:29:18+08:00,2026-10-10T21:00:00+08:00,6.512,False,False,False
V4_SHADOW,3100388,2026-10-10,卢旺达联,海军陆战队FC vs 基约乌体育,,,,,,,0,,,D:\codex\v3_legacy\outputs\football_odds_trader\raw\titan007\20261010\20261010_222009_titan007_odds_snapshot.csv,NOT_FINAL_STATE_0,0c98f8a9ca93b6b5c9e9,RUN_20261010_193724,V4,2026-10-10T14:29:18+08:00,2026-10-10T14:29:18+08:00,2026-10-10T21:00:00+08:00,6.512,False,False,False
V4_SHADOW,3101041,2026-10-10,卢旺达联,阿尔马里克 vs 埃托里,,,,,,,-14,,,D:\codex\v3_legacy\outputs\football_odds_trader\raw\titan007\20261010\20261010_222009_titan007_odds_snapshot.csv,NOT_FINAL_STATE_-14,18bb6573bb3169b77623,RUN_20261010_193724,V4,2026-10-10T14:29:18+08:00,2026-10-10T14:29:18+08:00,2026-10-10T21:00:00+08:00,6.512,False,False,False
V4_SHADOW,3100382,2026-10-10,卢旺达联,布格塞拉 vs 艾丁切尔斯,,,,,,,0,,,D:\codex\v3_legacy\outputs\football_odds_trader\raw\titan007\20261010\20261010_222009_titan007_odds_snapshot.csv,NOT_FINAL_STATE_0,ca1e6e84c1294518d358,RUN_20261010_193724,V4,2026-10-10T14:29:18+08:00,2026-10-10T14:29:18+08:00,2026-10-10T21:00:00+08:00,6.512,False,False,False
V4_SHADOW,3098330,2026-10-10,乌拉乙,蒙得维的亚河床 vs 奥瑞多拉巴斯,,,,,,,0,,,D:\codex\v3_legacy\outputs\football_odds_trader\raw\titan007\20261010\20261010_222009_titan007_odds_snapshot.csv,NOT_FINAL_STATE_0,c85528617df2aab3d340,RUN_20261010_193724,V4,2026-10-10T14:29:18+08:00,2026-10-10T14:29:18+08:00,2026-10-10T21:00:00+08:00,6.512,False,False,False
V4_SHADOW,3099364,2026-10-10,波兰丙,摩拉维亚莫拉维察 vs W.登比察,,,,,,,0,,,D:\codex\v3_legacy\outputs\football_odds_trader\raw\titan007\20261010\20261010_222009_titan007_odds_snapshot.csv,NOT_FINAL_STATE_0,65b0a8d515a3eb4480dd,RUN_20261010_193724,V4,2026-10-10T14:29:18+08:00,2026-10-10T14:29:18+08:00,2026-10-10T21:00:00+08:00,6.512,False,False,False
V4_SHADOW,3098182,2026-10-10,波兰丙,斯维特 vs LKS洛迪兹II,,,,,,,0,,,D:\codex\v3_legacy\outputs\football_odds_trader\raw\titan007\20261010\20261010_222009_titan007_odds_snapshot.csv,NOT_FINAL_STATE_0,8acbb48c3be6e2d18fb9,RUN_20261010_193724,V4,2026-10-10T14:29:18+08:00,2026-10-10T14:29:18+08:00,2026-10-10T21:00:00+08:00,6.512,False,False,False
V4_SHADOW,3098183,2026-10-10,波兰丙,维亚扎布基 vs 比亚韦斯托克雅盖隆B队,,,,,,,0,,,D:\codex\v3_legacy\outputs\football_odds_trader\raw\titan007\20261010\20261010_222009_titan007_odds_snapshot.csv,NOT_FINAL_STATE_0,0e7680d6c4a03fbb91e1,RUN_20261010_193724,V4,2026-10-10T14:29:18+08:00,2026-10-10T14:29:18+08:00,2026-10-10T21:00:00+08:00,6.512,False,False,False
V4_SHADOW,3098188,2026-10-10,波兰丙,科特威尼克 vs 诺泰奇,,,,,,,0,,,D:\codex\v3_legacy\outputs\football_odds_trader\raw\titan007\20261010\20261010_222009_titan007_odds_snapshot.csv,NOT_FINAL_STATE_0,d86e26aa1e70c4c31bfa,RUN_20261010_193724,V4,2026-10-10T14:29:18+08:00,2026-10-10T14:29:18+08:00,2026-10-10T21:00:00+08:00,6.512,False,False,False
V4_SHADOW,3098192,2026-10-10,波兰丙,卡琳娜古宾 vs LSK戈查卓德,,,,,,,0,,,D:\codex\v3_legacy\outputs\football_odds_trader\raw\titan007\20261010\20261010_222009_titan007_odds_snapshot.csv,NOT_FINAL_STATE_0,4609b06514cfbcc004c4,RUN_20261010_193724,V4,2026-10-10T14:29:18+08:00,2026-10-10T14:29:18+08:00,2026-10-10T21:00:00+08:00,6.512,False,False,False
V4_SHADOW,3098197,2026-10-10,波兰丙,韦尔科波尔斯基 vs 尼萨波隆尼亚,,,,,,,0,,,D:\codex\v3_legacy\outputs\football_odds_trader\raw\titan007\20261010\20261010_222009_titan007_odds_snapshot.csv,NOT_FINAL_STATE_0,2bff39debf9fabf31329,RUN_20261010_193724,V4,2026-10-10T14:29:18+08:00,2026-10-10T14:29:18+08:00,2026-10-10T21:00:00+08:00,6.512,False,False,False
V4_SHADOW,3098199,2026-10-10,波兰丙,切米亚卡 vs 斯塔拉霍维采之星,,,,,,,0,,,D:\codex\v3_legacy\outputs\football_odds_trader\raw\titan007\20261010\20261010_222009_titan007_odds_snapshot.csv,NOT_FINAL_STATE_0,0cd19468b980c7eccb9f,RUN_20261010_193724,V4,2026-10-10T14:29:18+08:00,2026-10-10T14:29:18+08:00,2026-10-10T21:00:00+08:00,6.512,False,False,False
V4_SHADOW,3098201,2026-10-10,波兰丙,波贡索科尔卢巴佐夫 vs KS莫摩斯B队,,,,,,,0,,,D:\codex\v3_legacy\outputs\football_odds_trader\raw\titan007\20261010\20261010_222009_titan007_odds_snapshot.csv,NOT_FINAL_STATE_0,b2c504b0fe10f286dd4b,RUN_20261010_193724,V4,2026-10-10T14:29:18+08:00,2026-10-10T14:29:18+08:00,2026-10-10T21:00:00+08:00,6.512,False,False,False
V4_SHADOW,3101208,2026-10-10,波兰丙,波隆尼亚工业 vs 索科尔尼斯科,,,,,,,0,,,D:\codex\v3_legacy\outputs\football_odds_trader\raw\titan007\20261010\20261010_222009_titan007_odds_snapshot.csv,NOT_FINAL_STATE_0,cdbcdc052b47b0ff1c94,RUN_20261010_193724,V4,2026-10-10T14:29:18+08:00,2026-10-10T14:29:18+08:00,2026-10-10T21:00:00+08:00,6.512,False,False,False
V4_SHADOW,3100384,2026-10-10,赞比亚超,恩科瓦扎 vs 奇龙杜联合,,,,,,,0,,,D:\codex\v3_legacy\outputs\football_odds_trader\raw\titan007\20261010\20261010_222009_titan007_odds_snapshot.csv,NOT_FINAL_STATE_0,45066419ab2053903d0a,RUN_20261010_193724,V4,2026-10-10T14:29:18+08:00,2026-10-10T14:29:18+08:00,2026-10-10T21:00:00+08:00,6.512,False,False,False
V4_SHADOW,3100385,2026-10-10,赞比亚超,卡布韦勇士 vs 武道之星,,,,,,,0,,,D:\codex\v3_legacy\outputs\football_odds_trader\raw\titan007\20261010\20261010_222009_titan007_odds_snapshot.csv,NOT_FINAL_STATE_0,7f3419a8069503ea13de,RUN_20261010_193724,V4,2026-10-10T14:29:18+08:00,2026-10-10T14:29:18+08:00,2026-10-10T21:00:00+08:00,6.512,False,False,False
V4_SHADOW,3100387,2026-10-10,赞比亚超,诺卡纳 vs 马克尼全明星队,,,,,,,0,,,D:\codex\v3_legacy\outputs\football_odds_trader\raw\titan007\20261010\20261010_222009_titan007_odds_snapshot.csv,NOT_FINAL_STATE_0,c03f4004b45923386f3d,RUN_20261010_193724,V4,2026-10-10T14:29:18+08:00,2026-10-10T14:29:18+08:00,2026-10-10T21:00:00+08:00,6.512,False,False,False
V4_SHADOW,3100391,2026-10-10,赞比亚超,恩多拉联队 vs 绿鹰,,,,,,,0,,,D:\codex\v3_legacy\outputs\football_odds_trader\raw\titan007\20261010\20261010_222009_titan007_odds_snapshot.csv,NOT_FINAL_STATE_0,d3130d27304791062129,RUN_20261010_193724,V4,2026-10-10T14:29:18+08:00,2026-10-10T14:29:18+08:00,2026-10-10T21:00:00+08:00,6.512,False,False,False
V4_SHADOW,3100395,2026-10-10,赞比亚超,穆扎足球俱乐部 vs 坎桑希州,,,,,,,0,,,D:\codex\v3_legacy\outputs\football_odds_trader\raw\titan007\20261010\20261010_222009_titan007_odds_snapshot.csv,NOT_FINAL_STATE_0,20f2e1fc282797bfae3e,RUN_20261010_193724,V4,2026-10-10T14:29:18+08:00,2026-10-10T14:29:18+08:00,2026-10-10T21:00:00+08:00,6.512,False,False,False
V4_SHADOW,3101130,2026-10-10,赞比亚超,罗恩联合 vs 绿色水牛,,,,,,,0,,,D:\codex\v3_legacy\outputs\football_odds_trader\raw\titan007\20261010\20261010_222009_titan007_odds_snapshot.csv,NOT_FINAL_STATE_0,b72a1d2a72b8a45ef0ab,RUN_20261010_193724,V4,2026-10-10T14:29:18+08:00,2026-10-10T14:29:18+08:00,2026-10-10T21:00:00+08:00,6.512,False,False,False
V4_SHADOW,3098300,2026-10-10,塞尔U19,沃日多瓦茨U19 vs 柏迪逊U19,,,,,,,0,,,D:\codex\v3_legacy\outputs\football_odds_trader\raw\titan007\20261010\20261010_222009_titan007_odds_snapshot.csv,NOT_FINAL_STATE_0,be2633f5a09c7df850df,RUN_20261010_193724,V4,2026-10-10T14:29:18+08:00,2026-10-10T14:29:18+08:00,2026-10-10T21:00:00+08:00,6.512,False,False,False
V4_SHADOW,3098207,2026-10-10,荷丁,DVS厄梅洛 vs 埃姆迪积克,,,,,,,0,,,D:\codex\v3_legacy\outputs\football_odds_trader\raw\titan007\20261010\20261010_222009_titan007_odds_snapshot.csv,NOT_FINAL_STATE_0,2d7fa50e82cbbe66c414,RUN_20261010_193724,V4,2026-10-10T14:29:18+08:00,2026-10-10T14:29:18+08:00,2026-10-10T21:00:00+08:00,6.512,False,False,False
V4_SHADOW,3098215,2026-10-10,荷丁,尼卡克斯巴达 vs 斯赫尔彭季尔,,,,,,,0,,,D:\codex\v3_legacy\outputs\football_odds_trader\raw\titan007\20261010\20261010_222009_titan007_odds_snapshot.csv,NOT_FINAL_STATE_0,c1ebcc6d6059ac70de7c,RUN_20261010_193724,V4,2026-10-10T14:29:18+08:00,2026-10-10T14:29:18+08:00,2026-10-10T21:00:00+08:00,6.512,False,False,False
V4_SHADOW,3098217,2026-10-10,荷丁,恩达拉特 vs 维尔登,,,,,,,0,,,D:\codex\v3_legacy\outputs\football_odds_trader\raw\titan007\20261010\20261010_222009_titan007_odds_snapshot.csv,NOT_FINAL_STATE_0,eea6ef6ce75c6e73ec0c,RUN_20261010_193724,V4,2026-10-10T14:29:18+08:00,2026-10-10T14:29:18+08:00,2026-10-10T21:00:00+08:00,6.512,False,False,False
V4_SHADOW,3099480,2026-10-10,意丁,US佛罗伦萨 vs 皮亚琴察,,,,,,,0,,,D:\codex\v3_legacy\outputs\football_odds_trader\raw\titan007\20261010\20261010_222009_titan007_odds_snapshot.csv,NOT_FINAL_STATE_0,61d119ceee6435eacfcf,RUN_20261010_193724,V4,2026-10-10T14:29:18+08:00,2026-10-10T14:29:18+08:00,2026-10-10T21:00:00+08:00,6.512,False,False,False
V4_SHADOW,3099539,2026-10-10,意丁,圣尼科洛 vs 雷散特斯,,,,,,,0,,,D:\codex\v3_legacy\outputs\football_odds_trader\raw\titan007\20261010\20261010_222009_titan007_odds_snapshot.csv,NOT_FINAL_STATE_0,a3b4bfb0769c65f34bca,RUN_20261010_193724,V4,2026-10-10T14:29:18+08:00,2026-10-10T14:29:18+08:00,2026-10-10T21:00:00+08:00,6.512,False,False,False
V4_SHADOW,3099217,2026-10-10,圣马甲,费坦奴 vs 菲奥兰提诺,,,,,,,0,,,D:\codex\v3_legacy\outputs\football_odds_trader\raw\titan007\20261010\20261010_222009_titan007_odds_snapshot.csv,NOT_FINAL_STATE_0,51611dd6dc6488931271,RUN_20261010_193724,V4,2026-10-10T14:29:18+08:00,2026-10-10T14:29:18+08:00,2026-10-10T21:00:00+08:00,6.512,False,False,False
V4_SHADOW,3099218,2026-10-10,圣马甲,圣乔凡尼 vs 特费奥里,,,,,,,0,,,D:\codex\v3_legacy\outputs\football_odds_trader\raw\titan007\20261010\20261010_222009_titan007_odds_snapshot.csv,NOT_FINAL_STATE_0,29ae34ec1c51898e8005,RUN_20261010_193724,V4,2026-10-10T14:29:18+08:00,2026-10-10T14:29:18+08:00,2026-10-10T21:00:00+08:00,6.512,False,False,False
V4_SHADOW,3053935,2026-10-10,瑞士丙,FC黑星 vs 索洛图恩,,,,,,,0,,,D:\codex\v3_legacy\outputs\football_odds_trader\raw\titan007\20261010\20261010_222009_titan007_odds_snapshot.csv,NOT_FINAL_STATE_0,9609387ec3f3606461ff,RUN_20261010_193724,V4,2026-10-10T14:29:18+08:00,2026-10-10T14:29:18+08:00,2026-10-10T21:00:00+08:00,6.512,False,False,False
V4_SHADOW,3101167,2026-10-10,巴地区,贝庭B队 vs 阿拉善ECMG,,,,,,,0,,,D:\codex\v3_legacy\outputs\football_odds_trader\raw\titan007\20261010\20261010_222009_titan007_odds_snapshot.csv,NOT_FINAL_STATE_0,24e75207e94e592c2c61,RUN_20261010_193724,V4,2026-10-10T14:29:18+08:00,2026-10-10T14:29:18+08:00,2026-10-10T21:00:00+08:00,6.512,False,False,False
V4_SHADOW,3101132,2026-10-10,巴U20杯,瓜纳巴拉市U20 vs 塞拉多U20,,,,,,,0,,,D:\codex\v3_legacy\outputs\football_odds_trader\raw\titan007\20261010\20261010_222009_titan007_odds_snapshot.csv,NOT_FINAL_STATE_0,b5be5510e43429043dba,RUN_20261010_193724,V4,2026-10-10T14:29:18+08:00,2026-10-10T14:29:18+08:00,2026-10-10T21:00:00+08:00,6.512,False,False,False
V4_SHADOW,3101060,2026-10-10,巴U20杯,艾帕尔斯登瑟青年队 vs 特林达德青年队,,,,,,,0,,,D:\codex\v3_legacy\outputs\football_odds_trader\raw\titan007\20261010\20261010_222009_titan007_odds_snapshot.csv,NOT_FINAL_STATE_0,aee111a3a85baefa9c33,RUN_20261010_193724,V4,2026-10-10T14:29:18+08:00,2026-10-10T14:29:18+08:00,2026-10-10T21:00:00+08:00,6.512,False,False,False
V4_SHADOW,3101141,2026-10-10,巴青联,迪斯波图U20 vs 博塔弗戈RJ青年队,,,,,,,0,,,D:\codex\v3_legacy\outputs\football_odds_trader\raw\titan007\20261010\20261010_222009_titan007_odds_snapshot.csv,NOT_FINAL_STATE_0,9342b5647421c91fb00a,RUN_20261010_193724,V4,2026-10-10T14:29:18+08:00,2026-10-10T14:29:18+08:00,2026-10-10T21:00:00+08:00,6.512,False,False,False
V4_SHADOW,3063474,2026-10-10,意青乙,施达迪那青年队 vs AC雷纳特青年队,,,,,,,0,,,D:\codex\v3_legacy\outputs\football_odds_trader\raw\titan007\20261010\20261010_222009_titan007_odds_snapshot.csv,NOT_FINAL_STATE_0,c356f51f8f4b14ab8dfb,RUN_20261010_193724,V4,2026-10-10T14:29:18+08:00,2026-10-10T14:29:18+08:00,2026-10-10T21:00:00+08:00,6.512,False,False,False
V4_SHADOW,3063476,2026-10-10,意青乙,维琴察青年队 vs 雷吉亚那青年队,,,,,,,0,,,D:\codex\v3_legacy\outputs\football_odds_trader\raw\titan007\20261010\20261010_222009_titan007_odds_snapshot.csv,NOT_FINAL_STATE_0,2bae727a348121ff7838,RUN_20261010_193724,V4,2026-10-10T14:29:18+08:00,2026-10-10T14:29:18+08:00,2026-10-10T21:00:00+08:00,6.512,False,False,False
V4_SHADOW,3063478,2026-10-10,意青乙,维塞利青年队 vs 曼托瓦青年队,,,,,,,0,,,D:\codex\v3_legacy\outputs\football_odds_trader\raw\titan007\20261010\20261010_222009_titan007_odds_snapshot.csv,NOT_FINAL_STATE_0,7563e2943e7447272585,RUN_20261010_193724,V4,2026-10-10T14:29:18+08:00,2026-10-10T14:29:18+08:00,2026-10-10T21:00:00+08:00,6.512,False,False,False
V4_SHADOW,3063480,2026-10-10,意青乙,布雷西亚青年队 vs 摩德纳青年队,,,,,,,0,,,D:\codex\v3_legacy\outputs\football_odds_trader\raw\titan007\20261010\20261010_222009_titan007_odds_snapshot.csv,NOT_FINAL_STATE_0,456ab9fdaab045b40780,RUN_20261010_193724,V4,2026-10-10T14:29:18+08:00,2026-10-10T14:29:18+08:00,2026-10-10T21:00:00+08:00,6.512,False,False,False
V4_SHADOW,3063714,2026-10-10,意青乙,科森察青年队 vs 卡坦萨罗青年队,,,,,,,0,,,D:\codex\v3_legacy\outputs\football_odds_trader\raw\titan007\20261010\20261010_222009_titan007_odds_snapshot.csv,NOT_FINAL_STATE_0,252cc61f76f3a31ee918,RUN_20261010_193724,V4,2026-10-10T14:29:18+08:00,2026-10-10T14:29:18+08:00,2026-10-10T21:00:00+08:00,6.512,False,False,False
V4_SHADOW,3063715,2026-10-10,意青乙,弗洛西诺尼青年队 vs 帕勒莫青年队,,,,,,,0,,,D:\codex\v3_legacy\outputs\football_odds_trader\raw\titan007\20261010\20261010_222009_titan007_odds_snapshot.csv,NOT_FINAL_STATE_0,1e78d2b0a4e35d8b79eb,RUN_20261010_193724,V4,2026-10-10T14:29:18+08:00,2026-10-10T14:29:18+08:00,2026-10-10T21:00:00+08:00,6.512,False,False,False
V4_SHADOW,3063719,2026-10-10,意青乙,佩斯卡拉青年队 vs 阿斯科利青年队,,,,,,,0,,,D:\codex\v3_legacy\outputs\football_odds_trader\raw\titan007\20261010\20261010_222009_titan007_odds_snapshot.csv,NOT_FINAL_STATE_0,216ad1f4d98024742733,RUN_20261010_193724,V4,2026-10-10T14:29:18+08:00,2026-10-10T14:29:18+08:00,2026-10-10T21:00:00+08:00,6.512,False,False,False
V4_SHADOW,3063721,2026-10-10,意青乙,史柏斯亚青年队 vs 摩诺波利青年队,,,,,,,0,,,D:\codex\v3_legacy\outputs\football_odds_trader\raw\titan007\20261010\20261010_222009_titan007_odds_snapshot.csv,NOT_FINAL_STATE_0,9c65ad8ee9638c04128d,RUN_20261010_193724,V4,2026-10-10T14:29:18+08:00,2026-10-10T14:29:18+08:00,2026-10-10T21:00:00+08:00,6.512,False,False,False
V4_SHADOW,3101123,2026-10-10,莫桑冠,彭巴湾 vs 松戈,,,,,,,0,,,D:\codex\v3_legacy\outputs\football_odds_trader\raw\titan007\20261010\20261010_222009_titan007_odds_snapshot.csv,NOT_FINAL_STATE_0,f9744e0d78ae6ea641cf,RUN_20261010_193724,V4,2026-10-10T14:29:18+08:00,2026-10-10T14:29:18+08:00,2026-10-10T21:00:00+08:00,6.512,False,False,False
V4_SHADOW,3098329,2026-10-10,巴圣青联,卡皮瓦里亚诺青年队 vs 伊布拉奇青年队,,,,,,,0,,,D:\codex\v3_legacy\outputs\football_odds_trader\raw\titan007\20261010\20261010_222009_titan007_odds_snapshot.csv,NOT_FINAL_STATE_0,7c5d932f36aceabfd1a3,RUN_20261010_193724,V4,2026-10-10T14:29:18+08:00,2026-10-10T14:29:18+08:00,2026-10-10T21:00:00+08:00,6.512,False,False,False
V4_SHADOW,3017182,2026-10-10,保乙,马历克 vs 贝尔罗,,,,,,,0,,,D:\codex\v3_legacy\outputs\football_odds_trader\raw\titan007\20261010\20261010_222009_titan007_odds_snapshot.csv,NOT_FINAL_STATE_0,74dc09b3f428b54a4ac3,RUN_20261010_193724,V4,2026-10-10T14:29:18+08:00,2026-10-10T14:29:18+08:00,2026-10-10T21:00:00+08:00,6.512,False,False,False
V4_SHADOW,3017184,2026-10-10,保乙,内塞伯尔 vs 索菲亚中央陆军B队,,,,,,,0,,,D:\codex\v3_legacy\outputs\football_odds_trader\raw\titan007\20261010\20261010_222009_titan007_odds_snapshot.csv,NOT_FINAL_STATE_0,b8fd0ae5b43d9758b70a,RUN_20261010_193724,V4,2026-10-10T14:29:18+08:00,2026-10-10T14:29:18+08:00,2026-10-10T21:00:00+08:00,6.512,False,False,False
V4_SHADOW,3017185,2026-10-10,保乙,比林 vs 保利文斯巴达,,,,,,,0,,,D:\codex\v3_legacy\outputs\football_odds_trader\raw\titan007\20261010\20261010_222009_titan007_odds_snapshot.csv,NOT_FINAL_STATE_0,58527e63f8e5a950469d,RUN_20261010_193724,V4,2026-10-10T14:29:18+08:00,2026-10-10T14:29:18+08:00,2026-10-10T21:00:00+08:00,6.512,False,False,False
V4_SHADOW,3017186,2026-10-10,保乙,利斯基 vs 格纳火车头,,,,,,,0,,,D:\codex\v3_legacy\outputs\football_odds_trader\raw\titan007\20261010\20261010_222009_titan007_odds_snapshot.csv,NOT_FINAL_STATE_0,e006c602a303dd64b8b6,RUN_20261010_193724,V4,2026-10-10T14:29:18+08:00,2026-10-10T14:29:18+08:00,2026-10-10T21:00:00+08:00,6.512,False,False,False
V4_SHADOW,3017187,2026-10-10,保乙,斯夫格 vs 赫巴,,,,,,,0,,,D:\codex\v3_legacy\outputs\football_odds_trader\raw\titan007\20261010\20261010_222009_titan007_odds_snapshot.csv,NOT_FINAL_STATE_0,6489cc4d66519361677a,RUN_20261010_193724,V4,2026-10-10T14:29:18+08:00,2026-10-10T14:29:18+08:00,2026-10-10T21:00:00+08:00,6.512,False,False,False
V4_SHADOW,3005694,2026-10-10,北马其乙,普拉奇科维察 vs 喀泽夫,,,,,,,0,,,D:\codex\v3_legacy\outputs\football_odds_trader\raw\titan007\20261010\20261010_222009_titan007_odds_snapshot.csv,NOT_FINAL_STATE_0,331deb7f71b84a19162b,RUN_20261010_193724,V4,2026-10-10T14:29:18+08:00,2026-10-10T14:29:18+08:00,2026-10-10T21:00:00+08:00,6.512,False,False,False
V4_SHADOW,3005695,2026-10-10,北马其乙,诺华兹 vs 特特斯,,,,,,,0,,,D:\codex\v3_legacy\outputs\football_odds_trader\raw\titan007\20261010\20261010_222009_titan007_odds_snapshot.csv,NOT_FINAL_STATE_0,48768c85b946b6c9b4d4,RUN_20261010_193724,V4,2026-10-10T14:29:18+08:00,2026-10-10T14:29:18+08:00,2026-10-10T21:00:00+08:00,6.512,False,False,False
V4_SHADOW,3005696,2026-10-10,北马其乙,奥赫里德 vs 潘多夫学院,,,,,,,0,,,D:\codex\v3_legacy\outputs\football_odds_trader\raw\titan007\20261010\20261010_222009_titan007_odds_snapshot.csv,NOT_FINAL_STATE_0,9c57171c30374031c12e,RUN_20261010_193724,V4,2026-10-10T14:29:18+08:00,2026-10-10T14:29:18+08:00,2026-10-10T21:00:00+08:00,6.512,False,False,False
V4_SHADOW,3005697,2026-10-10,北马其乙,奥斯格维 vs 戈尔诺,,,,,,,0,,,D:\codex\v3_legacy\outputs\football_odds_trader\raw\titan007\20261010\20261010_222009_titan007_odds_snapshot.csv,NOT_FINAL_STATE_0,1d3632ba477a3e3b29a3,RUN_20261010_193724,V4,2026-10-10T14:29:18+08:00,2026-10-10T14:29:18+08:00,2026-10-10T21:00:00+08:00,6.512,False,False,False
V4_SHADOW,3005698,2026-10-10,北马其乙,拉布历基 vs 卡姆贾尼,,,,,,,0,,,D:\codex\v3_legacy\outputs\football_odds_trader\raw\titan007\20261010\20261010_222009_titan007_odds_snapshot.csv,NOT_FINAL_STATE_0,c861e2f90cfe8420a506,RUN_20261010_193724,V4,2026-10-10T14:29:18+08:00,2026-10-10T14:29:18+08:00,2026-10-10T21:00:00+08:00,6.512,False,False,False
V4_SHADOW,3005699,2026-10-10,北马其乙,史酷匹 vs 马克顿尼亚,,,,,,,0,,,D:\codex\v3_legacy\outputs\football_odds_trader\raw\titan007\20261010\20261010_222009_titan007_odds_snapshot.csv,NOT_FINAL_STATE_0,b2e1503e1d9beef54565,RUN_20261010_193724,V4,2026-10-10T14:29:18+08:00,2026-10-10T14:29:18+08:00,2026-10-10T21:00:00+08:00,6.512,False,False,False
V4_SHADOW,3054223,2026-10-10,法U19,朗斯U19 vs 查尔特斯U19,,,,,,,0,,,D:\codex\v3_legacy\outputs\football_odds_trader\raw\titan007\20261010\20261010_222009_titan007_odds_snapshot.csv,NOT_FINAL_STATE_0,60db43d33fef18913274,RUN_20261010_193724,V4,2026-10-10T14:29:18+08:00,2026-10-10T14:29:18+08:00,2026-10-10T21:00:00+08:00,6.512,False,False,False
V4_SHADOW,3054227,2026-10-10,法U19,里尔U19 vs 卢昂U19,,,,,,,0,,,D:\codex\v3_legacy\outputs\football_odds_trader\raw\titan007\20261010\20261010_222009_titan007_odds_snapshot.csv,NOT_FINAL_STATE_0,6445b99368d3cc0a2b25,RUN_20261010_193724,V4,2026-10-10T14:29:18+08:00,2026-10-10T14:29:18+08:00,2026-10-10T21:00:00+08:00,6.512,False,False,False
V4_SHADOW,3054586,2026-10-10,法U19,雷恩U19 vs 比斯特U19,,,,,,,0,,,D:\codex\v3_legacy\outputs\football_odds_trader\raw\titan007\20261010\20261010_222009_titan007_odds_snapshot.csv,NOT_FINAL_STATE_0,63756ae61d13a4ee2f4e,RUN_20261010_193724,V4,2026-10-10T14:29:18+08:00,2026-10-10T14:29:18+08:00,2026-10-10T21:00:00+08:00,6.512,False,False,False
V4_SHADOW,2968093,2026-10-10,挪丙,约尔珀兰斯塔尔 vs 华亚格,,,,,,,0,,,D:\codex\v3_legacy\outputs\football_odds_trader\raw\titan007\20261010\20261010_222009_titan007_odds_snapshot.csv,NOT_FINAL_STATE_0,7b1a090993a4811d8328,RUN_20261010_193724,V4,2026-10-10T14:29:18+08:00,2026-10-10T14:29:18+08:00,2026-10-10T21:00:00+08:00,6.512,False,False,False
V4_SHADOW,2968095,2026-10-10,挪丙,维京B队 vs 维得比查,,,,,,,0,,,D:\codex\v3_legacy\outputs\football_odds_trader\raw\titan007\20261010\20261010_222009_titan007_odds_snapshot.csv,NOT_FINAL_STATE_0,510679c3d0b257e680d9,RUN_20261010_193724,V4,2026-10-10T14:29:18+08:00,2026-10-10T14:29:18+08:00,2026-10-10T21:00:00+08:00,6.512,False,False,False
V4_SHADOW,2967909,2026-10-10,挪丙,费林根达伦 vs 奥斯图恩,,,,,,,0,,,D:\codex\v3_legacy\outputs\football_odds_trader\raw\titan007\20261010\20261010_222009_titan007_odds_snapshot.csv,NOT_FINAL_STATE_0,1baf1bcda6fd5a8a2abf,RUN_20261010_193724,V4,2026-10-10T14:29:18+08:00,2026-10-10T14:29:18+08:00,2026-10-10T21:00:00+08:00,6.512,False,False,False
V4_SHADOW,2967910,2026-10-10,挪丙,松达尔B队 vs 格耐斯特,,,,,,,0,,,D:\codex\v3_legacy\outputs\football_odds_trader\raw\titan007\20261010\20261010_222009_titan007_odds_snapshot.csv,NOT_FINAL_STATE_0,f396a03aab999e5469cf,RUN_20261010_193724,V4,2026-10-10T14:29:18+08:00,2026-10-10T14:29:18+08:00,2026-10-10T21:00:00+08:00,6.512,False,False,False
V4_SHADOW,2968271,2026-10-10,挪丙,阿尔达 vs 斯克捷沃,,,,,,,0,,,D:\codex\v3_legacy\outputs\football_odds_trader\raw\titan007\20261010\20261010_222009_titan007_odds_snapshot.csv,NOT_FINAL_STATE_0,bd327d00f74c4ef9bb61,RUN_20261010_193724,V4,2026-10-10T14:29:18+08:00,2026-10-10T14:29:18+08:00,2026-10-10T21:00:00+08:00,6.512,False,False,False
V4_SHADOW,2968455,2026-10-10,挪丙,法拉姆拉维克 vs 布鲁蒙德尔,,,,,,,0,,,D:\codex\v3_legacy\outputs\football_odds_trader\raw\titan007\20261010\20261010_222009_titan007_odds_snapshot.csv,NOT_FINAL_STATE_0,c5ca584275d2235cf5fb,RUN_20261010_193724,V4,2026-10-10T14:29:18+08:00,2026-10-10T14:29:18+08:00,2026-10-10T21:00:00+08:00,6.512,False,False,False
V4_SHADOW,2968457,2026-10-10,挪丙,ORN侯登 vs 利勒哈默尔,,,,,,,0,,,D:\codex\v3_legacy\outputs\football_odds_trader\raw\titan007\20261010\20261010_222009_titan007_odds_snapshot.csv,NOT_FINAL_STATE_0,2ee6af7bb8aca86da101,RUN_20261010_193724,V4,2026-10-10T14:29:18+08:00,2026-10-10T14:29:18+08:00,2026-10-10T21:00:00+08:00,6.512,False,False,False
V4_SHADOW,2967723,2026-10-10,挪丙,比亚森 vs 那度,,,,,,,0,,,D:\codex\v3_legacy\outputs\football_odds_trader\raw\titan007\20261010\20261010_222009_titan007_odds_snapshot.csv,NOT_FINAL_STATE_0,a88cbdc7e70ac5bd1de3,RUN_20261010_193724,V4,2026-10-10T14:29:18+08:00,2026-10-10T14:29:18+08:00,2026-10-10T21:00:00+08:00,6.512,False,False,False
V4_SHADOW,3022566,2026-10-10,奥丙南,艾格登多夫哈特伯格 vs 杜斯兰堡,,,,,,,0,,,D:\codex\v3_legacy\outputs\football_odds_trader\raw\titan007\20261010\20261010_222009_titan007_odds_snapshot.csv,NOT_FINAL_STATE_0,413a2ca109d9691b82d0,RUN_20261010_193724,V4,2026-10-10T14:29:18+08:00,2026-10-10T14:29:18+08:00,2026-10-10T21:00:00+08:00,6.512,False,False,False
V4_SHADOW,3022678,2026-10-10,奥丙北,沃图纳巴特莱昂费尔登 vs 平古萨伏登,,,,,,,0,,,D:\codex\v3_legacy\outputs\football_odds_trader\raw\titan007\20261010\20261010_222009_titan007_odds_snapshot.csv,NOT_FINAL_STATE_0,db0b2678557640e1dc6b,RUN_20261010_193724,V4,2026-10-10T14:29:18+08:00,2026-10-10T14:29:18+08:00,2026-10-10T21:00:00+08:00,6.512,False,False,False
V4_SHADOW,3022679,2026-10-10,奥丙北,列特B队 vs 迪塔切,,,,,,,0,,,D:\codex\v3_legacy\outputs\football_odds_trader\raw\titan007\20261010\20261010_222009_titan007_odds_snapshot.csv,NOT_FINAL_STATE_0,b77293b0c564b3f4f428,RUN_20261010_193724,V4,2026-10-10T14:29:18+08:00,2026-10-10T14:29:18+08:00,2026-10-10T21:00:00+08:00,6.512,False,False,False
V4_SHADOW,3074494,2026-10-10,乌干超,卡塔卡足球俱乐部 vs 基塔拉体育,,,,,,,0,,,D:\codex\v3_legacy\outputs\football_odds_trader\raw\titan007\20261010\20261010_222009_titan007_odds_snapshot.csv,NOT_FINAL_STATE_0,cac22a646b003c48414a,RUN_20261010_193724,V4,2026-10-10T14:29:18+08:00,2026-10-10T14:29:18+08:00,2026-10-10T21:00:00+08:00,6.512,False,False,False
V4_SHADOW,3101173,2026-10-10,意青U19,托雷斯U19 vs 吉安纳青年队,,,,,,,0,,,D:\codex\v3_legacy\outputs\football_odds_trader\raw\titan007\20261010\20261010_222009_titan007_odds_snapshot.csv,NOT_FINAL_STATE_0,4b534ae4721abc137854,RUN_20261010_193724,V4,2026-10-10T14:29:18+08:00,2026-10-10T14:29:18+08:00,2026-10-10T21:00:00+08:00,6.512,False,False,False
V4_SHADOW,3101174,2026-10-10,意青U19,诺瓦蒙特罗西U19 vs 古比奥U19,,,,,,,0,,,D:\codex\v3_legacy\outputs\football_odds_trader\raw\titan007\20261010\20261010_222009_titan007_odds_snapshot.csv,NOT_FINAL_STATE_0,1d89a1963f6f19ff17f3,RUN_20261010_193724,V4,2026-10-10T14:29:18+08:00,2026-10-10T14:29:18+08:00,2026-10-10T21:00:00+08:00,6.512,False,False,False
V4_SHADOW,3101175,2026-10-10,意青U19,阿尔希欧蕾U19 vs 诺瓦拉U19,,,,,,,0,,,D:\codex\v3_legacy\outputs\football_odds_trader\raw\titan007\20261010\20261010_222009_titan007_odds_snapshot.csv,NOT_FINAL_STATE_0,9a83f3f21a61aeab2fb9,RUN_20261010_193724,V4,2026-10-10T14:29:18+08:00,2026-10-10T14:29:18+08:00,2026-10-10T21:00:00+08:00,6.512,False,False,False
V4_SHADOW,3101019,2026-10-10,意青U19,凯勒雷斯U19 vs 隆美辛尼U19,,,,,,,0,,,D:\codex\v3_legacy\outputs\football_odds_trader\raw\titan007\20261010\20261010_222009_titan007_odds_snapshot.csv,NOT_FINAL_STATE_0,216ee8c2e46d2eb07436,RUN_20261010_193724,V4,2026-10-10T14:29:18+08:00,2026-10-10T14:29:18+08:00,2026-10-10T21:00:00+08:00,6.512,False,False,False
V4_SHADOW,3101020,2026-10-10,意青U19,福尔利青年队 vs 森宾迪特斯U19,,,,,,,0,,,D:\codex\v3_legacy\outputs\football_odds_trader\raw\titan007\20261010\20261010_222009_titan007_odds_snapshot.csv,NOT_FINAL_STATE_0,94007fc275464aef19a2,RUN_20261010_193724,V4,2026-10-10T14:29:18+08:00,2026-10-10T14:29:18+08:00,2026-10-10T21:00:00+08:00,6.512,False,False,False
V4_SHADOW,3101036,2026-10-10,意青U19,卡尔比竞技U19 vs 帕格特斯U19,,,,,,,0,,,D:\codex\v3_legacy\outputs\football_odds_trader\raw\titan007\20261010\20261010_222009_titan007_odds_snapshot.csv,NOT_FINAL_STATE_0,0c1e7f0116f04418d948,RUN_20261010_193724,V4,2026-10-10T14:29:18+08:00,2026-10-10T14:29:18+08:00,2026-10-10T21:00:00+08:00,6.512,False,False,False
V4_SHADOW,3101197,2026-10-10,荷青U21,海伦芬U21 vs NEC U21,,,,,,,0,,,D:\codex\v3_legacy\outputs\football_odds_trader\raw\titan007\20261010\20261010_222009_titan007_odds_snapshot.csv,NOT_FINAL_STATE_0,86337a0f8dfe092c4c7c,RUN_20261010_193724,V4,2026-10-10T14:29:18+08:00,2026-10-10T14:29:18+08:00,2026-10-10T21:00:00+08:00,6.512,False,False,False
V4_SHADOW,3101042,2026-10-10,巴拉丙,三月一日FDM vs 奥林比亚伊达,,,,,,,0,,,D:\codex\v3_legacy\outputs\football_odds_trader\raw\titan007\20261010\20261010_222009_titan007_odds_snapshot.csv,NOT_FINAL_STATE_0,186cb72c8c12d6f71a16,RUN_20261010_193724,V4,2026-10-10T14:29:18+08:00,2026-10-10T14:29:18+08:00,2026-10-10T21:00:00+08:00,6.512,False,False,False
V4_SHADOW,3061318,2026-10-10,波斯乙,FK巴诺维奇 vs 查普利纳,,,,,,,0,,,D:\codex\v3_legacy\outputs\football_odds_trader\raw\titan007\20261010\20261010_222009_titan007_odds_snapshot.csv,NOT_FINAL_STATE_0,313774fb3d4a74ffd4da,RUN_20261010_193724,V4,2026-10-10T14:29:18+08:00,2026-10-10T14:29:18+08:00,2026-10-10T21:00:00+08:00,6.512,False,False,False
V4_SHADOW,3061320,2026-10-10,波斯乙,兹唯杰达 vs 格拉查尼察,,,,,,,0,,,D:\codex\v3_legacy\outputs\football_odds_trader\raw\titan007\20261010\20261010_222009_titan007_odds_snapshot.csv,NOT_FINAL_STATE_0,b908173104e00bc67e83,RUN_20261010_193724,V4,2026-10-10T14:29:18+08:00,2026-10-10T14:29:18+08:00,2026-10-10T21:00:00+08:00,6.512,False,False,False
V4_SHADOW,3061321,2026-10-10,波斯乙,拉德尼克 vs 斯图普卡尼卡奥洛沃,,,,,,,0,,,D:\codex\v3_legacy\outputs\football_odds_trader\raw\titan007\20261010\20261010_222009_titan007_odds_snapshot.csv,NOT_FINAL_STATE_0,6121bdd2d527ef983629,RUN_20261010_193724,V4,2026-10-10T14:29:18+08:00,2026-10-10T14:29:18+08:00,2026-10-10T21:00:00+08:00,6.512,False,False,False
V4_SHADOW,3061322,2026-10-10,波斯乙,维泰兹 vs 波素斯捷,,,,,,,0,,,D:\codex\v3_legacy\outputs\football_odds_trader\raw\titan007\20261010\20261010_222009_titan007_odds_snapshot.csv,NOT_FINAL_STATE_0,07722a363a8a00db12fe,RUN_20261010_193724,V4,2026-10-10T14:29:18+08:00,2026-10-10T14:29:18+08:00,2026-10-10T21:00:00+08:00,6.512,False,False,False
V4_SHADOW,3061323,2026-10-10,波斯乙,斯洛伯达 vs 特拉尼克,斯洛伯达,receiving,0.75,1.85,C,,0,,,D:\codex\v3_legacy\outputs\football_odds_trader\raw\titan007\20261010\20261010_222009_titan007_odds_snapshot.csv,NOT_FINAL_STATE_0,72b7a4095567b9b4a517,,V4,2026-10-10T14:29:18+08:00,2026-10-10T14:29:18+08:00,2026-10-10T21:00:00+08:00,6.512,False,True,False
V4_SHADOW,3061324,2026-10-10,波斯乙,土米斯拉 vs 卡肯积,,,,,,,0,,,D:\codex\v3_legacy\outputs\football_odds_trader\raw\titan007\20261010\20261010_222009_titan007_odds_snapshot.csv,NOT_FINAL_STATE_0,42bbd4c1cf87a44269e5,RUN_20261010_193724,V4,2026-10-10T14:29:18+08:00,2026-10-10T14:29:18+08:00,2026-10-10T21:00:00+08:00,6.512,False,False,False
V4_SHADOW,3067447,2026-10-10,波斯丙,拉克塔斯 vs 奥马尔斯卡,拉克塔斯,receiving,2.5,1.88,C,,0,,,D:\codex\v3_legacy\outputs\football_odds_trader\raw\titan007\20261010\20261010_222009_titan007_odds_snapshot.csv,NOT_FINAL_STATE_0,840302f9d4a10ea46182,,V4,2026-10-10T14:29:18+08:00,2026-10-10T14:29:18+08:00,2026-10-10T21:00:00+08:00,6.512,False,True,False
V4_SHADOW,3067449,2026-10-10,波斯丙,兹维耶达 vs 德里纳,德里纳,receiving,0.5,1.83,C,,0,,,D:\codex\v3_legacy\outputs\football_odds_trader\raw\titan007\20261010\20261010_222009_titan007_odds_snapshot.csv,NOT_FINAL_STATE_0,670d487be462927c0dff,,V4,2026-10-10T14:29:18+08:00,2026-10-10T14:29:18+08:00,2026-10-10T21:00:00+08:00,6.512,False,True,False
V4_SHADOW,3067450,2026-10-10,波斯丙,法莫斯沃伊科维奇 vs 苏捷斯卡,,,,,,,0,,,D:\codex\v3_legacy\outputs\football_odds_trader\raw\titan007\20261010\20261010_222009_titan007_odds_snapshot.csv,NOT_FINAL_STATE_0,c0a82a9bf53c34c768d7,RUN_20261010_193724,V4,2026-10-10T14:29:18+08:00,2026-10-10T14:29:18+08:00,2026-10-10T21:00:00+08:00,6.512,False,False,False
V4_SHADOW,3067452,2026-10-10,波斯丙,马耶维察 vs 维勒兹内韦西涅,,,,,,,0,,,D:\codex\v3_legacy\outputs\football_odds_trader\raw\titan007\20261010\20261010_222009_titan007_odds_snapshot.csv,NOT_FINAL_STATE_0,be7221e510c9bc9c74fa,RUN_20261010_193724,V4,2026-10-10T14:29:18+08:00,2026-10-10T14:29:18+08:00,2026-10-10T21:00:00+08:00,6.512,False,False,False
V4_SHADOW,3067453,2026-10-10,波斯丙,罗马尼亚帕勒 vs 莱奥塔尔,,,,,,,0,,,D:\codex\v3_legacy\outputs\football_odds_trader\raw\titan007\20261010\20261010_222009_titan007_odds_snapshot.csv,NOT_FINAL_STATE_0,4c536f29c2d8cfb76975,RUN_20261010_193724,V4,2026-10-10T14:29:18+08:00,2026-10-10T14:29:18+08:00,2026-10-10T21:00:00+08:00,6.512,False,False,False
V4_SHADOW,3099280,2026-10-10,阿曼联,萨汉姆 vs 苏尔,,,,,,,0,,,D:\codex\v3_legacy\outputs\football_odds_trader\raw\titan007\20261010\20261010_222009_titan007_odds_snapshot.csv,NOT_FINAL_STATE_0,90248d1e3cd725b7988a,RUN_20261010_193724,V4,2026-10-10T14:29:18+08:00,2026-10-10T14:29:18+08:00,2026-10-10T21:05:00+08:00,6.595,False,False,False
V4_SHADOW,3023111,2026-10-10,荷丙,AFC阿姆斯特丹 vs HSV胡克,,,,,,,0,,,D:\codex\v3_legacy\outputs\football_odds_trader\raw\titan007\20261010\20261010_222009_titan007_odds_snapshot.csv,NOT_FINAL_STATE_0,70b07257e969f19f5409,RUN_20261010_193724,V4,2026-10-10T14:29:18+08:00,2026-10-10T14:29:18+08:00,2026-10-10T21:15:00+08:00,6.762,False,False,False
V4_SHADOW,3032931,2026-10-10,阿联酋甲,哈利亚 vs 奥鲁巴,,,,,,,0,,,D:\codex\v3_legacy\outputs\football_odds_trader\raw\titan007\20261010\20261010_222009_titan007_odds_snapshot.csv,NOT_FINAL_STATE_0,6243a50e7d0349f43411,RUN_20261010_193724,V4,2026-10-10T14:29:18+08:00,2026-10-10T14:29:18+08:00,2026-10-10T21:15:00+08:00,6.762,False,False,False
V4_SHADOW,3098351,2026-10-10,伊朗超,佩坎 vs 加兹温,,,,,,,0,,,D:\codex\v3_legacy\outputs\football_odds_trader\raw\titan007\20261010\20261010_222009_titan007_odds_snapshot.csv,NOT_FINAL_STATE_0,dae62ea97cbd3dd2628c,RUN_20261010_193724,V4,2026-10-10T14:29:18+08:00,2026-10-10T14:29:18+08:00,2026-10-10T21:30:00+08:00,7.012,False,False,False
V4_SHADOW,3067256,2026-10-10,突尼甲,古尔达尼 vs 非洲人,,,,,,,0,,,D:\codex\v3_legacy\outputs\football_odds_trader\raw\titan007\20261010\20261010_222009_titan007_odds_snapshot.csv,NOT_FINAL_STATE_0,8588c5cb0b1c57d64772,RUN_20261010_193724,V4,2026-10-10T14:29:18+08:00,2026-10-10T14:29:18+08:00,2026-10-10T21:30:00+08:00,7.012,False,False,False
V4_SHADOW,3067257,2026-10-10,突尼甲,比瑟汀 vs 蒙纳斯堤,,,,,,,0,,,D:\codex\v3_legacy\outputs\football_odds_trader\raw\titan007\20261010\20261010_222009_titan007_odds_snapshot.csv,NOT_FINAL_STATE_0,c83c704afb6f4fac9f89,RUN_20261010_193724,V4,2026-10-10T14:29:18+08:00,2026-10-10T14:29:18+08:00,2026-10-10T21:30:00+08:00,7.012,False,False,False
V4_SHADOW,3067258,2026-10-10,突尼甲,突尼斯希望 vs 奥林比亚贝尔,,,,,,,0,,,D:\codex\v3_legacy\outputs\football_odds_trader\raw\titan007\20261010\20261010_222009_titan007_odds_snapshot.csv,NOT_FINAL_STATE_0,14ffa5fa1d66eba386ac,RUN_20261010_193724,V4,2026-10-10T14:29:18+08:00,2026-10-10T14:29:18+08:00,2026-10-10T21:30:00+08:00,7.012,False,False,False
V4_SHADOW,3067262,2026-10-10,突尼甲,普罗格雷斯沙基特 vs 斯法克斯,,,,,,,0,,,D:\codex\v3_legacy\outputs\football_odds_trader\raw\titan007\20261010\20261010_222009_titan007_odds_snapshot.csv,NOT_FINAL_STATE_0,f5e581c9fd59db2f46fe,RUN_20261010_193724,V4,2026-10-10T14:29:18+08:00,2026-10-10T14:29:18+08:00,2026-10-10T21:30:00+08:00,7.012,False,False,False
V4_SHADOW,3066294,2026-10-10,南非甲,饿狮 vs 卡斯里克之星,,,,,,,0,,,D:\codex\v3_legacy\outputs\football_odds_trader\raw\titan007\20261010\20261010_222009_titan007_odds_snapshot.csv,NOT_FINAL_STATE_0,c89bb77ab84194bc218d,RUN_20261010_193724,V4,2026-10-10T14:29:18+08:00,2026-10-10T14:29:18+08:00,2026-10-10T21:30:00+08:00,7.012,False,False,False
V4_SHADOW,3066297,2026-10-10,南非甲,米德兰流浪者FC vs 文达,,,,,,,0,,,D:\codex\v3_legacy\outputs\football_odds_trader\raw\titan007\20261010\20261010_222009_titan007_odds_snapshot.csv,NOT_FINAL_STATE_0,fd8a5319bc8b6315f094,RUN_20261010_193724,V4,2026-10-10T14:29:18+08:00,2026-10-10T14:29:18+08:00,2026-10-10T21:30:00+08:00,7.012,False,False,False
V4_SHADOW,3066299,2026-10-10,南非甲,比勒陀利亚大学 vs 莱斯特福德城,,,,,,,0,,,D:\codex\v3_legacy\outputs\football_odds_trader\raw\titan007\20261010\20261010_222009_titan007_odds_snapshot.csv,NOT_FINAL_STATE_0,f8935aca0d338aedbc53,RUN_20261010_193724,V4,2026-10-10T14:29:18+08:00,2026-10-10T14:29:18+08:00,2026-10-10T21:30:00+08:00,7.012,False,False,False
V4_SHADOW,3098239,2026-10-10,德戊,乌特弗拉肯巴赫 vs 亨费尔德SV,,,,,,,0,,,D:\codex\v3_legacy\outputs\football_odds_trader\raw\titan007\20261010\20261010_222009_titan007_odds_snapshot.csv,NOT_FINAL_STATE_0,89d63d47ef42c6a3a543,RUN_20261010_193724,V4,2026-10-10T14:29:18+08:00,2026-10-10T14:29:18+08:00,2026-10-10T21:30:00+08:00,7.012,False,False,False
V4_SHADOW,3098242,2026-10-10,德戊,巴林格 vs 奥本,,,,,,,0,,,D:\codex\v3_legacy\outputs\football_odds_trader\raw\titan007\20261010\20261010_222009_titan007_odds_snapshot.csv,NOT_FINAL_STATE_0,a5361f6cdfebee5cd8ff,RUN_20261010_193724,V4,2026-10-10T14:29:18+08:00,2026-10-10T14:29:18+08:00,2026-10-10T21:30:00+08:00,7.012,False,False,False
V4_SHADOW,3098244,2026-10-10,德戊,拉芬斯堡 vs 诺汀根,,,,,,,0,,,D:\codex\v3_legacy\outputs\football_odds_trader\raw\titan007\20261010\20261010_222009_titan007_odds_snapshot.csv,NOT_FINAL_STATE_0,ac2b861620ed38bdd786,RUN_20261010_193724,V4,2026-10-10T14:29:18+08:00,2026-10-10T14:29:18+08:00,2026-10-10T21:30:00+08:00,7.012,False,False,False
V4_SHADOW,3098263,2026-10-10,德戊,FV戴芬 vs 沃尔姆斯,,,,,,,0,,,D:\codex\v3_legacy\outputs\football_odds_trader\raw\titan007\20261010\20261010_222009_titan007_odds_snapshot.csv,NOT_FINAL_STATE_0,05b32aaaf7ca5b61a7a0,RUN_20261010_193724,V4,2026-10-10T14:29:18+08:00,2026-10-10T14:29:18+08:00,2026-10-10T21:30:00+08:00,7.012,False,False,False
V4_SHADOW,3098264,2026-10-10,德戊,梅尔豪森卡尔巴赫 vs 奥德恩海姆,,,,,,,0,,,D:\codex\v3_legacy\outputs\football_odds_trader\raw\titan007\20261010\20261010_222009_titan007_odds_snapshot.csv,NOT_FINAL_STATE_0,648cf14764b491aff35f,RUN_20261010_193724,V4,2026-10-10T14:29:18+08:00,2026-10-10T14:29:18+08:00,2026-10-10T21:30:00+08:00,7.012,False,False,False
V4_SHADOW,3098265,2026-10-10,德戊,恩格尔斯 vs 红白维特利希,,,,,,,0,,,D:\codex\v3_legacy\outputs\football_odds_trader\raw\titan007\20261010\20261010_222009_titan007_odds_snapshot.csv,NOT_FINAL_STATE_0,5bf9a142cf32c7f2289f,RUN_20261010_193724,V4,2026-10-10T14:29:18+08:00,2026-10-10T14:29:18+08:00,2026-10-10T21:30:00+08:00,7.012,False,False,False
V4_SHADOW,3098155,2026-10-10,德戊,诺德林根 vs 巴伐利亚霍夫,,,,,,,0,,,D:\codex\v3_legacy\outputs\football_odds_trader\raw\titan007\20261010\20261010_222009_titan007_odds_snapshot.csv,NOT_FINAL_STATE_0,0212a820fd6c38b51314,RUN_20261010_193724,V4,2026-10-10T14:29:18+08:00,2026-10-10T14:29:18+08:00,2026-10-10T21:30:00+08:00,7.012,False,False,False
V4_SHADOW,3098176,2026-10-10,德戊,阿尔托那 vs SSG尼古拉特斯拉,,,,,,,0,,,D:\codex\v3_legacy\outputs\football_odds_trader\raw\titan007\20261010\20261010_222009_titan007_odds_snapshot.csv,NOT_FINAL_STATE_0,f3236744993e2541b5b7,RUN_20261010_193724,V4,2026-10-10T14:29:18+08:00,2026-10-10T14:29:18+08:00,2026-10-10T21:30:00+08:00,7.012,False,False,False
V4_SHADOW,3098184,2026-10-10,波兰丙,巴特克扎林 vs 乌尼亚斯瓦泽达,,,,,,,0,,,D:\codex\v3_legacy\outputs\football_odds_trader\raw\titan007\20261010\20261010_222009_titan007_odds_snapshot.csv,NOT_FINAL_STATE_0,f1fdade3fd31d68678cd,RUN_20261010_193724,V4,2026-10-10T14:29:18+08:00,2026-10-10T14:29:18+08:00,2026-10-10T21:30:00+08:00,7.012,False,False,False
V4_SHADOW,3098218,2026-10-10,荷丁,赫尔克里斯 vs 鲁斯特运动,,,,,,,0,,,D:\codex\v3_legacy\outputs\football_odds_trader\raw\titan007\20261010\20261010_222009_titan007_odds_snapshot.csv,NOT_FINAL_STATE_0,2188564db0149f386189,RUN_20261010_193724,V4,2026-10-10T14:29:18+08:00,2026-10-10T14:29:18+08:00,2026-10-10T21:30:00+08:00,7.012,False,False,False
V4_SHADOW,3068160,2026-10-10,克亚乙,乌克瓦 vs 贺瓦斯,,,,,,,0,,,D:\codex\v3_legacy\outputs\football_odds_trader\raw\titan007\20261010\20261010_222009_titan007_odds_snapshot.csv,NOT_FINAL_STATE_0,a825537ec44052210fb1,RUN_20261010_193724,V4,2026-10-10T14:29:18+08:00,2026-10-10T14:29:18+08:00,2026-10-10T21:30:00+08:00,7.012,False,False,False
V4_SHADOW,3101117,2026-10-10,印米佐超,丁塔尔FC vs 朗莱文佩MLS,,,,,,,0,,,D:\codex\v3_legacy\outputs\football_odds_trader\raw\titan007\20261010\20261010_222009_titan007_odds_snapshot.csv,NOT_FINAL_STATE_0,3e6ba115d4e86d6ae72c,RUN_20261010_193724,V4,2026-10-10T14:29:18+08:00,2026-10-10T14:29:18+08:00,2026-10-10T21:30:00+08:00,7.012,False,False,False
V4_SHADOW,3101099,2026-10-10,斯亚丙,佩克里 vs NK雷斯,,,,,,,0,,,D:\codex\v3_legacy\outputs\football_odds_trader\raw\titan007\20261010\20261010_222009_titan007_odds_snapshot.csv,NOT_FINAL_STATE_0,de02c8f49e16e8de9854,RUN_20261010_193724,V4,2026-10-10T14:29:18+08:00,2026-10-10T14:29:18+08:00,2026-10-10T21:30:00+08:00,7.012,False,False,False
V4_SHADOW,3101100,2026-10-10,斯亚丙,波德芬奇 vs SD乌迪内,,,,,,,0,,,D:\codex\v3_legacy\outputs\football_odds_trader\raw\titan007\20261010\20261010_222009_titan007_odds_snapshot.csv,NOT_FINAL_STATE_0,dcb6ad881151843dffc8,RUN_20261010_193724,V4,2026-10-10T14:29:18+08:00,2026-10-10T14:29:18+08:00,2026-10-10T21:30:00+08:00,7.012,False,False,False
V4_SHADOW,3101101,2026-10-10,斯亚丙,伊左拉 vs 英特布罗格,,,,,,,0,,,D:\codex\v3_legacy\outputs\football_odds_trader\raw\titan007\20261010\20261010_222009_titan007_odds_snapshot.csv,NOT_FINAL_STATE_0,1f99127dd6a53c8ebb12,RUN_20261010_193724,V4,2026-10-10T14:29:18+08:00,2026-10-10T14:29:18+08:00,2026-10-10T21:30:00+08:00,7.012,False,False,False
V4_SHADOW,3101112,2026-10-10,斯亚丙,萨姆皮安 vs 哈迪纳,,,,,,,0,,,D:\codex\v3_legacy\outputs\football_odds_trader\raw\titan007\20261010\20261010_222009_titan007_odds_snapshot.csv,NOT_FINAL_STATE_0,d0a351e53c92c6466f4a,RUN_20261010_193724,V4,2026-10-10T14:29:18+08:00,2026-10-10T14:29:18+08:00,2026-10-10T21:30:00+08:00,7.012,False,False,False
V4_SHADOW,3101113,2026-10-10,斯亚丙,利蒂亚 vs NK道布,,,,,,,0,,,D:\codex\v3_legacy\outputs\football_odds_trader\raw\titan007\20261010\20261010_222009_titan007_odds_snapshot.csv,NOT_FINAL_STATE_0,45925aad44b5b7dbf6d6,RUN_20261010_193724,V4,2026-10-10T14:29:18+08:00,2026-10-10T14:29:18+08:00,2026-10-10T21:30:00+08:00,7.012,False,False,False
V4_SHADOW,3021433,2026-10-10,威冠南,艾伯里斯特夫 vs 卡尔路伊利,,,,,,,0,,,D:\codex\v3_legacy\outputs\football_odds_trader\raw\titan007\20261010\20261010_222009_titan007_odds_snapshot.csv,NOT_FINAL_STATE_0,f8f6defd863118689476,RUN_20261010_193724,V4,2026-10-10T14:29:18+08:00,2026-10-10T14:29:18+08:00,2026-10-10T21:30:00+08:00,7.012,False,False,False
V4_SHADOW,3021434,2026-10-10,威冠南,巴格兰龙 vs 帕地普利德,,,,,,,0,,,D:\codex\v3_legacy\outputs\football_odds_trader\raw\titan007\20261010\20261010_222009_titan007_odds_snapshot.csv,NOT_FINAL_STATE_0,54d1a1ce59c3e9d35230,RUN_20261010_193724,V4,2026-10-10T14:29:18+08:00,2026-10-10T14:29:18+08:00,2026-10-10T21:30:00+08:00,7.012,False,False,False
V4_SHADOW,3021435,2026-10-10,威冠南,卡迪夫龙人 vs 卡马顿,,,,,,,0,,,D:\codex\v3_legacy\outputs\football_odds_trader\raw\titan007\20261010\20261010_222009_titan007_odds_snapshot.csv,NOT_FINAL_STATE_0,7aec900e44525be42ae5,RUN_20261010_193724,V4,2026-10-10T14:29:18+08:00,2026-10-10T14:29:18+08:00,2026-10-10T21:30:00+08:00,7.012,False,False,False
V4_SHADOW,3021436,2026-10-10,威冠南,马奇奥 vs 普塔达韦城,,,,,,,0,,,D:\codex\v3_legacy\outputs\football_odds_trader\raw\titan007\20261010\20261010_222009_titan007_odds_snapshot.csv,NOT_FINAL_STATE_0,3879dafdf9ba5ca73859,RUN_20261010_193724,V4,2026-10-10T14:29:18+08:00,2026-10-10T14:29:18+08:00,2026-10-10T21:30:00+08:00,7.012,False,False,False
V4_SHADOW,3021437,2026-10-10,威冠南,特奥温星队 vs 特雷托马斯蓝鸟,,,,,,,0,,,D:\codex\v3_legacy\outputs\football_odds_trader\raw\titan007\20261010\20261010_222009_titan007_odds_snapshot.csv,NOT_FINAL_STATE_0,6a7623b582e86287d6c5,RUN_20261010_193724,V4,2026-10-10T14:29:18+08:00,2026-10-10T14:29:18+08:00,2026-10-10T21:30:00+08:00,7.012,False,False,False
V4_SHADOW,3021438,2026-10-10,威冠南,伊尼希尔比恩斯 vs 兰内里,,,,,,,0,,,D:\codex\v3_legacy\outputs\football_odds_trader\raw\titan007\20261010\20261010_222009_titan007_odds_snapshot.csv,NOT_FINAL_STATE_0,cec4e5e82cc1d44b9d77,RUN_20261010_193724,V4,2026-10-10T14:29:18+08:00,2026-10-10T14:29:18+08:00,2026-10-10T21:30:00+08:00,7.012,False,False,False
V4_SHADOW,3021193,2026-10-10,威冠北,布里克菲尔德 vs 莫德亚历山大,,,,,,,0,,,D:\codex\v3_legacy\outputs\football_odds_trader\raw\titan007\20261010\20261010_222009_titan007_odds_snapshot.csv,NOT_FINAL_STATE_0,c1020fff4987181298a0,RUN_20261010_193724,V4,2026-10-10T14:29:18+08:00,2026-10-10T14:29:18+08:00,2026-10-10T21:30:00+08:00,7.012,False,False,False
V4_SHADOW,3021194,2026-10-10,威冠北,格雷斯福特 vs 波史诺多,,,,,,,0,,,D:\codex\v3_legacy\outputs\football_odds_trader\raw\titan007\20261010\20261010_222009_titan007_odds_snapshot.csv,NOT_FINAL_STATE_0,764a640c9676b26fc8fc,RUN_20261010_193724,V4,2026-10-10T14:29:18+08:00,2026-10-10T14:29:18+08:00,2026-10-10T21:30:00+08:00,7.012,False,False,False
V4_SHADOW,3021195,2026-10-10,威冠北,圭斯菲德 vs 登比城,,,,,,,0,,,D:\codex\v3_legacy\outputs\football_odds_trader\raw\titan007\20261010\20261010_222009_titan007_odds_snapshot.csv,NOT_FINAL_STATE_0,769ffcda4084f62a778c,RUN_20261010_193724,V4,2026-10-10T14:29:18+08:00,2026-10-10T14:29:18+08:00,2026-10-10T21:30:00+08:00,7.012,False,False,False
V4_SHADOW,3021196,2026-10-10,威冠北,荷利赫德 vs 卡亚士维斯,,,,,,,0,,,D:\codex\v3_legacy\outputs\football_odds_trader\raw\titan007\20261010\20261010_222009_titan007_odds_snapshot.csv,NOT_FINAL_STATE_0,d75ce9d87bdc72349bfc,RUN_20261010_193724,V4,2026-10-10T14:29:18+08:00,2026-10-10T14:29:18+08:00,2026-10-10T21:30:00+08:00,7.012,False,False,False
V4_SHADOW,3021197,2026-10-10,威冠北,拉纽赫林 vs 匹赫高,,,,,,,0,,,D:\codex\v3_legacy\outputs\football_odds_trader\raw\titan007\20261010\20261010_222009_titan007_odds_snapshot.csv,NOT_FINAL_STATE_0,86ea6e55265d08a1545c,RUN_20261010_193724,V4,2026-10-10T14:29:18+08:00,2026-10-10T14:29:18+08:00,2026-10-10T21:30:00+08:00,7.012,False,False,False
V4_SHADOW,3021198,2026-10-10,威冠北,现代城 vs 班戈1876,,,,,,,0,,,D:\codex\v3_legacy\outputs\football_odds_trader\raw\titan007\20261010\20261010_222009_titan007_odds_snapshot.csv,NOT_FINAL_STATE_0,9f68d174891ff06b9aeb,RUN_20261010_193724,V4,2026-10-10T14:29:18+08:00,2026-10-10T14:29:18+08:00,2026-10-10T21:30:00+08:00,7.012,False,False,False
V4_SHADOW,3100471,2026-10-10,克亚丙,卢斯高 vs 特瑞内,,,,,,,0,,,D:\codex\v3_legacy\outputs\football_odds_trader\raw\titan007\20261010\20261010_222009_titan007_odds_snapshot.csv,NOT_FINAL_STATE_0,c112b3b55359d59d41d3,RUN_20261010_193724,V4,2026-10-10T14:29:18+08:00,2026-10-10T14:29:18+08:00,2026-10-10T21:30:00+08:00,7.012,False,False,False
V4_SHADOW,3100477,2026-10-10,克亚丙,扎哥拉 vs 斯拉瓦尼亚,,,,,,,0,,,D:\codex\v3_legacy\outputs\football_odds_trader\raw\titan007\20261010\20261010_222009_titan007_odds_snapshot.csv,NOT_FINAL_STATE_0,d3167042899b124dbafa,RUN_20261010_193724,V4,2026-10-10T14:29:18+08:00,2026-10-10T14:29:18+08:00,2026-10-10T21:30:00+08:00,7.012,False,False,False
V4_SHADOW,3100489,2026-10-10,克亚丙,杜哥塞洛 vs 别洛瓦尔,,,,,,,0,,,D:\codex\v3_legacy\outputs\football_odds_trader\raw\titan007\20261010\20261010_222009_titan007_odds_snapshot.csv,NOT_FINAL_STATE_0,a44e773cbf7cdbd95dad,RUN_20261010_193724,V4,2026-10-10T14:29:18+08:00,2026-10-10T14:29:18+08:00,2026-10-10T21:30:00+08:00,7.012,False,False,False
V4_SHADOW,3100814,2026-10-10,克亚丙,贾伦 vs 华拉萨甸,,,,,,,0,,,D:\codex\v3_legacy\outputs\football_odds_trader\raw\titan007\20261010\20261010_222009_titan007_odds_snapshot.csv,NOT_FINAL_STATE_0,411013c4340ec2c168ad,RUN_20261010_193724,V4,2026-10-10T14:29:18+08:00,2026-10-10T14:29:18+08:00,2026-10-10T21:30:00+08:00,7.012,False,False,False
V4_SHADOW,3101189,2026-10-10,克亚丙,格拉尼亚克 vs NK梅德穆勒,,,,,,,0,,,D:\codex\v3_legacy\outputs\football_odds_trader\raw\titan007\20261010\20261010_222009_titan007_odds_snapshot.csv,NOT_FINAL_STATE_0,f19bdf9f62dd3e932007,RUN_20261010_193724,V4,2026-10-10T14:29:18+08:00,2026-10-10T14:29:18+08:00,2026-10-10T21:30:00+08:00,7.012,False,False,False
V4_SHADOW,3063477,2026-10-10,意青乙,柏多华青年队 vs 森多利亚青年队,,,,,,,0,,,D:\codex\v3_legacy\outputs\football_odds_trader\raw\titan007\20261010\20261010_222009_titan007_odds_snapshot.csv,NOT_FINAL_STATE_0,07ca5d8fd5321b2238f2,RUN_20261010_193724,V4,2026-10-10T14:29:18+08:00,2026-10-10T14:29:18+08:00,2026-10-10T21:30:00+08:00,7.012,False,False,False
V4_SHADOW,3099953,2026-10-10,突尼乙,加贝斯 vs 沙拜,,,,,,,0,,,D:\codex\v3_legacy\outputs\football_odds_trader\raw\titan007\20261010\20261010_222009_titan007_odds_snapshot.csv,NOT_FINAL_STATE_0,855ead6e5b340dce6f26,RUN_20261010_193724,V4,2026-10-10T14:29:18+08:00,2026-10-10T14:29:18+08:00,2026-10-10T21:30:00+08:00,7.012,False,False,False
V4_SHADOW,3099954,2026-10-10,突尼乙,马荷迪亚 vs 曼撒肯,,,,,,,0,,,D:\codex\v3_legacy\outputs\football_odds_trader\raw\titan007\20261010\20261010_222009_titan007_odds_snapshot.csv,NOT_FINAL_STATE_0,d1e0b51331933f61af3b,RUN_20261010_193724,V4,2026-10-10T14:29:18+08:00,2026-10-10T14:29:18+08:00,2026-10-10T21:30:00+08:00,7.012,False,False,False
V4_SHADOW,3099955,2026-10-10,突尼乙,比尼 vs 斯法克斯铁路,,,,,,,0,,,D:\codex\v3_legacy\outputs\football_odds_trader\raw\titan007\20261010\20261010_222009_titan007_odds_snapshot.csv,NOT_FINAL_STATE_0,c00c24de8dd68049fb74,RUN_20261010_193724,V4,2026-10-10T14:29:18+08:00,2026-10-10T14:29:18+08:00,2026-10-10T21:30:00+08:00,7.012,False,False,False
V4_SHADOW,3099956,2026-10-10,突尼乙,奥瑟安诺 vs 阿加里卜,,,,,,,0,,,D:\codex\v3_legacy\outputs\football_odds_trader\raw\titan007\20261010\20261010_222009_titan007_odds_snapshot.csv,NOT_FINAL_STATE_0,51b0da1a55ddf0070f51,RUN_20261010_193724,V4,2026-10-10T14:29:18+08:00,2026-10-10T14:29:18+08:00,2026-10-10T21:30:00+08:00,7.012,False,False,False
V4_SHADOW,3099957,2026-10-10,突尼乙,莱德耶夫 vs 科巴,,,,,,,0,,,D:\codex\v3_legacy\outputs\football_odds_trader\raw\titan007\20261010\20261010_222009_titan007_odds_snapshot.csv,NOT_FINAL_STATE_0,97b812ecd6cff498520b,RUN_20261010_193724,V4,2026-10-10T14:29:18+08:00,2026-10-10T14:29:18+08:00,2026-10-10T21:30:00+08:00,7.012,False,False,False
V4_SHADOW,3099958,2026-10-10,突尼乙,史利玛内 vs AS梅格林,,,,,,,0,,,D:\codex\v3_legacy\outputs\football_odds_trader\raw\titan007\20261010\20261010_222009_titan007_odds_snapshot.csv,NOT_FINAL_STATE_0,32aa1f756ab133cd4290,RUN_20261010_193724,V4,2026-10-10T14:29:18+08:00,2026-10-10T14:29:18+08:00,2026-10-10T21:30:00+08:00,7.012,False,False,False
V4_SHADOW,3083309,2026-10-10,西协乙,乌特波 vs 阿尔内多,乌特波,giving,-1.0,1.0,C,,0,,,D:\codex\v3_legacy\outputs\football_odds_trader\raw\titan007\20261010\20261010_222009_titan007_odds_snapshot.csv,NOT_FINAL_STATE_0,5b8e3287f1b532abf8f4,RUN_20261010_214514,V4,2026-10-10T21:26:15+08:00,2026-10-10T21:26:15+08:00,2026-10-10T22:00:00+08:00,0.562,False,True,False
V4_SHADOW,3022002,2026-10-10,俄甲,辛历克 vs 伊凡诺沃,,,,,,,0,,,D:\codex\v3_legacy\outputs\football_odds_trader\raw\titan007\20261010\20261010_222009_titan007_odds_snapshot.csv,NOT_FINAL_STATE_0,20f94b131cf212fe2395,RUN_20261010_214514,V4,2026-10-10T21:26:15+08:00,2026-10-10T21:26:15+08:00,2026-10-10T22:00:00+08:00,0.562,False,False,False
V4_SHADOW,3035932,2026-10-10,波兰乙,斯塔沃拉 vs 弗罗茨瓦夫足球俱乐部II,,,,,,,0,,,D:\codex\v3_legacy\outputs\football_odds_trader\raw\titan007\20261010\20261010_222009_titan007_odds_snapshot.csv,NOT_FINAL_STATE_0,648527c9c98233316718,RUN_20261010_214514,V4,2026-10-10T21:26:15+08:00,2026-10-10T21:26:15+08:00,2026-10-10T22:00:00+08:00,0.562,False,False,False
V4_SHADOW,3009400,2026-10-10,捷丙,多马日利采 vs 普里布拉姆B队,,,,,,,0,,,D:\codex\v3_legacy\outputs\football_odds_trader\raw\titan007\20261010\20261010_222009_titan007_odds_snapshot.csv,NOT_FINAL_STATE_0,d8450d4413906c282efd,RUN_20261010_214514,V4,2026-10-10T21:26:15+08:00,2026-10-10T21:26:15+08:00,2026-10-10T22:00:00+08:00,0.562,False,False,False
V4_SHADOW,3009401,2026-10-10,捷丙,卡拉路夫 vs 莫托勒,,,,,,,0,,,D:\codex\v3_legacy\outputs\football_odds_trader\raw\titan007\20261010\20261010_222009_titan007_odds_snapshot.csv,NOT_FINAL_STATE_0,cabd9af12925121add75,RUN_20261010_214514,V4,2026-10-10T21:26:15+08:00,2026-10-10T21:26:15+08:00,2026-10-10T22:00:00+08:00,0.562,False,False,False
V4_SHADOW,3009524,2026-10-10,捷丙,韦尔科哈姆雷 vs 塔比历斯B队,,,,,N,,0,,,D:\codex\v3_legacy\outputs\football_odds_trader\raw\titan007\20261010\20261010_222009_titan007_odds_snapshot.csv,NOT_FINAL_STATE_0,8ca09d750a7e91eff109,RUN_20261010_214514,V4,2026-10-10T21:26:15+08:00,2026-10-10T21:26:15+08:00,2026-10-10T22:00:00+08:00,0.562,False,True,False
V4_SHADOW,3101081,2026-10-10,非青U17,坦桑尼亚U17 vs 肯尼亚U17,,,,,,,0,,,D:\codex\v3_legacy\outputs\football_odds_trader\raw\titan007\20261010\20261010_222009_titan007_odds_snapshot.csv,NOT_FINAL_STATE_0,cd9e18fba4830e67600f,RUN_20261010_214514,V4,2026-10-10T21:26:15+08:00,2026-10-10T21:26:15+08:00,2026-10-10T22:00:00+08:00,0.562,False,False,False
V4_SHADOW,3037438,2026-10-10,英依超,布格斯 vs 艾维利,,,,,,,0,,,D:\codex\v3_legacy\outputs\football_odds_trader\raw\titan007\20261010\20261010_222009_titan007_odds_snapshot.csv,NOT_FINAL_STATE_0,ec725b947c9fe88ed303,RUN_20261010_214514,V4,2026-10-10T21:26:15+08:00,2026-10-10T21:26:15+08:00,2026-10-10T22:00:00+08:00,0.562,False,False,False
V4_SHADOW,3037439,2026-10-10,英依超,卡尔顿斯 vs 圣阿尔班斯,,,,,,,0,,,D:\codex\v3_legacy\outputs\football_odds_trader\raw\titan007\20261010\20261010_222009_titan007_odds_snapshot.csv,NOT_FINAL_STATE_0,6b5d4f85b0691d3a5a0e,RUN_20261010_214514,V4,2026-10-10T21:26:15+08:00,2026-10-10T21:26:15+08:00,2026-10-10T22:00:00+08:00,0.562,False,False,False
V4_SHADOW,3037440,2026-10-10,英依超,切尔滕纳姆 vs 布伦特伍德,,,,,,,0,,,D:\codex\v3_legacy\outputs\football_odds_trader\raw\titan007\20261010\20261010_222009_titan007_odds_snapshot.csv,NOT_FINAL_STATE_0,12667397183c45c242ce,RUN_20261010_214514,V4,2026-10-10T21:26:15+08:00,2026-10-10T21:26:15+08:00,2026-10-10T22:00:00+08:00,0.562,False,False,False
V4_SHADOW,3037441,2026-10-10,英依超,克雷 vs 刘易斯,,,,,,,0,,,D:\codex\v3_legacy\outputs\football_odds_trader\raw\titan007\20261010\20261010_222009_titan007_odds_snapshot.csv,NOT_FINAL_STATE_0,a802ae11487b9f1d1967,RUN_20261010_214514,V4,2026-10-10T21:26:15+08:00,2026-10-10T21:26:15+08:00,2026-10-10T22:00:00+08:00,0.562,False,False,False
V4_SHADOW,3037442,2026-10-10,英依超,达特福德队 vs 云吉特,,,,,N,,0,,,D:\codex\v3_legacy\outputs\football_odds_trader\raw\titan007\20261010\20261010_222009_titan007_odds_snapshot.csv,NOT_FINAL_STATE_0,c8a24dc3143357df638f,RUN_20261010_214514,V4,2026-10-10T21:26:15+08:00,2026-10-10T21:26:15+08:00,2026-10-10T22:00:00+08:00,0.562,False,True,False
V4_SHADOW,3037443,2026-10-10,英依超,东伯尼 vs 威灵,,,,,,,0,,,D:\codex\v3_legacy\outputs\football_odds_trader\raw\titan007\20261010\20261010_222009_titan007_odds_snapshot.csv,NOT_FINAL_STATE_0,1c16daa3cb7b098e5d83,RUN_20261010_214514,V4,2026-10-10T21:26:15+08:00,2026-10-10T21:26:15+08:00,2026-10-10T22:00:00+08:00,0.562,False,False,False
V4_SHADOW,3037444,2026-10-10,英依超,恩菲尔德镇 vs 哈姆雷特,,,,,,,0,,,D:\codex\v3_legacy\outputs\football_odds_trader\raw\titan007\20261010\20261010_222009_titan007_odds_snapshot.csv,NOT_FINAL_STATE_0,d21771d29712b231b98b,RUN_20261010_214514,V4,2026-10-10T21:26:15+08:00,2026-10-10T21:26:15+08:00,2026-10-10T22:00:00+08:00,0.562,False,False,False
V4_SHADOW,3037445,2026-10-10,英依超,勒色赫 vs 柴斯罕特,,,,,,,0,,,D:\codex\v3_legacy\outputs\football_odds_trader\raw\titan007\20261010\20261010_222009_titan007_odds_snapshot.csv,NOT_FINAL_STATE_0,8f8fb111b0e2d2a0970b,RUN_20261010_214514,V4,2026-10-10T21:26:15+08:00,2026-10-10T21:26:15+08:00,2026-10-10T22:00:00+08:00,0.562,False,False,False
V4_SHADOW,3037446,2026-10-10,英依超,莫尔登蒂普特里 vs 维特利弗,,,,,,,0,,,D:\codex\v3_legacy\outputs\football_odds_trader\raw\titan007\20261010\20261010_222009_titan007_odds_snapshot.csv,NOT_FINAL_STATE_0,1883bf0b441745c7dae0,RUN_20261010_214514,V4,2026-10-10T21:26:15+08:00,2026-10-10T21:26:15+08:00,2026-10-10T22:00:00+08:00,0.562,False,False,False
V4_SHADOW,3037447,2026-10-10,英依超,斯坦韦流浪 vs 三桥,,,,,N,,0,,,D:\codex\v3_legacy\outputs\football_odds_trader\raw\titan007\20261010\20261010_222009_titan007_odds_snapshot.csv,NOT_FINAL_STATE_0,f9bdf7cd353dd176fe1e,RUN_20261010_214514,V4,2026-10-10T21:26:15+08:00,2026-10-10T21:26:15+08:00,2026-10-10T22:00:00+08:00,0.562,False,False,False
V4_SHADOW,3037448,2026-10-10,英依超,豪克 vs 拉姆斯盖特,,,,,,,0,,,D:\codex\v3_legacy\outputs\football_odds_trader\raw\titan007\20261010\20261010_222009_titan007_odds_snapshot.csv,NOT_FINAL_STATE_0,80dbe86e77f64abc2bd2,RUN_20261010_214514,V4,2026-10-10T21:26:15+08:00,2026-10-10T21:26:15+08:00,2026-10-10T22:00:00+08:00,0.562,False,False,False
V4_SHADOW,3044688,2026-10-10,英北超,艾尔佛莱顿 vs 伯利,,,,,,,0,,,D:\codex\v3_legacy\outputs\football_odds_trader\raw\titan007\20261010\20261010_222009_titan007_odds_snapshot.csv,NOT_FINAL_STATE_0,afe328497a4d98245073,RUN_20261010_214514,V4,2026-10-10T21:26:15+08:00,2026-10-10T21:26:15+08:00,2026-10-10T22:00:00+08:00,0.562,False,False,False
V4_SHADOW,3044689,2026-10-10,英北超,阿芙罗 vs 吉英瑟莱,,,,,,,0,,,D:\codex\v3_legacy\outputs\football_odds_trader\raw\titan007\20261010\20261010_222009_titan007_odds_snapshot.csv,NOT_FINAL_STATE_0,db634bae77cfadaa6c24,RUN_20261010_214514,V4,2026-10-10T21:26:15+08:00,2026-10-10T21:26:15+08:00,2026-10-10T22:00:00+08:00,0.562,False,False,False
V4_SHADOW,3044690,2026-10-10,英北超,克利索普斯城 vs 沃灵顿瑞兰,,,,,N,,0,,,D:\codex\v3_legacy\outputs\football_odds_trader\raw\titan007\20261010\20261010_222009_titan007_odds_snapshot.csv,NOT_FINAL_STATE_0,d94f0e0935a485a480cc,RUN_20261010_214514,V4,2026-10-10T21:26:15+08:00,2026-10-10T21:26:15+08:00,2026-10-10T22:00:00+08:00,0.562,False,True,False
V4_SHADOW,3044691,2026-10-10,英北超,阿什顿 vs 海德联,,,,,,,0,,,D:\codex\v3_legacy\outputs\football_odds_trader\raw\titan007\20261010\20261010_222009_titan007_odds_snapshot.csv,NOT_FINAL_STATE_0,969e9aed67db2975dc1c,RUN_20261010_214514,V4,2026-10-10T21:26:15+08:00,2026-10-10T21:26:15+08:00,2026-10-10T22:00:00+08:00,0.562,False,False,False
V4_SHADOW,3044692,2026-10-10,英北超,伊米耶 vs 根斯堡,,,,,,,0,,,D:\codex\v3_legacy\outputs\football_odds_trader\raw\titan007\20261010\20261010_222009_titan007_odds_snapshot.csv,NOT_FINAL_STATE_0,d9a203d4005dadd9cc17,RUN_20261010_214514,V4,2026-10-10T21:26:15+08:00,2026-10-10T21:26:15+08:00,2026-10-10T22:00:00+08:00,0.562,False,False,False
V4_SHADOW,3044693,2026-10-10,英北超,伊肯斯顿城 vs 雷德卡竞技,,,,,,,0,,,D:\codex\v3_legacy\outputs\football_odds_trader\raw\titan007\20261010\20261010_222009_titan007_odds_snapshot.csv,NOT_FINAL_STATE_0,0880f7c83b520af224ca,RUN_20261010_214514,V4,2026-10-10T21:26:15+08:00,2026-10-10T21:26:15+08:00,2026-10-10T22:00:00+08:00,0.562,False,False,False
V4_SHADOW,3044694,2026-10-10,英北超,利克镇 vs 阿斯顿联,,,,,N,,0,,,D:\codex\v3_legacy\outputs\football_odds_trader\raw\titan007\20261010\20261010_222009_titan007_odds_snapshot.csv,NOT_FINAL_STATE_0,82b748b03d16ccf5ea51,RUN_20261010_214514,V4,2026-10-10T21:26:15+08:00,2026-10-10T21:26:15+08:00,2026-10-10T22:00:00+08:00,0.562,False,True,False
V4_SHADOW,3044695,2026-10-10,英北超,夸恩 vs 沃金顿,,,,,,,0,,,D:\codex\v3_legacy\outputs\football_odds_trader\raw\titan007\20261010\20261010_222009_titan007_odds_snapshot.csv,NOT_FINAL_STATE_0,f5e99195fd646cd201dc,RUN_20261010_214514,V4,2026-10-10T21:26:15+08:00,2026-10-10T21:26:15+08:00,2026-10-10T22:00:00+08:00,0.562,False,False,False
V4_SHADOW,3044696,2026-10-10,英北超,斯托克顿镇 vs 曼彻斯特FC,,,,,,,0,,,D:\codex\v3_legacy\outputs\football_odds_trader\raw\titan007\20261010\20261010_222009_titan007_odds_snapshot.csv,NOT_FINAL_STATE_0,5353262153010dafdc36,RUN_20261010_214514,V4,2026-10-10T21:26:15+08:00,2026-10-10T21:26:15+08:00,2026-10-10T22:00:00+08:00,0.562,False,False,False
V4_SHADOW,3044697,2026-10-10,英北超,沃灵顿 vs 兰卡斯特,,,,,,,0,,,D:\codex\v3_legacy\outputs\football_odds_trader\raw\titan007\20261010\20261010_222009_titan007_odds_snapshot.csv,NOT_FINAL_STATE_0,b120f0341b88988e6078,RUN_20261010_214514,V4,2026-10-10T21:26:15+08:00,2026-10-10T21:26:15+08:00,2026-10-10T22:00:00+08:00,0.562,False,False,False
V4_SHADOW,3044698,2026-10-10,英北超,威特比 vs 班巴布利治,,,,,,,0,,,D:\codex\v3_legacy\outputs\football_odds_trader\raw\titan007\20261010\20261010_222009_titan007_odds_snapshot.csv,NOT_FINAL_STATE_0,22a4b512236725d2f80f,RUN_20261010_214514,V4,2026-10-10T21:26:15+08:00,2026-10-10T21:26:15+08:00,2026-10-10T22:00:00+08:00,0.562,False,False,False
V4_SHADOW,3053110,2026-10-10,英南超,贝辛斯托克 vs 马莱文镇,,,,,N,,0,,,D:\codex\v3_legacy\outputs\football_odds_trader\raw\titan007\20261010\20261010_222009_titan007_odds_snapshot.csv,NOT_FINAL_STATE_0,f67260ab69ff8d4e6e9f,RUN_20261010_214514,V4,2026-10-10T21:26:15+08:00,2026-10-10T21:26:15+08:00,2026-10-10T22:00:00+08:00,0.562,False,True,False
V4_SHADOW,3053111,2026-10-10,英南超,巴斯 vs 戈斯波特,,,,,,,0,,,D:\codex\v3_legacy\outputs\football_odds_trader\raw\titan007\20261010\20261010_222009_titan007_odds_snapshot.csv,NOT_FINAL_STATE_0,680b94de360b4753757c,RUN_20261010_214514,V4,2026-10-10T21:26:15+08:00,2026-10-10T21:26:15+08:00,2026-10-10T22:00:00+08:00,0.562,False,False,False
V4_SHADOW,3053112,2026-10-10,英南超,彻特西镇 vs 茨伯翰,,,,,,,0,,,D:\codex\v3_legacy\outputs\football_odds_trader\raw\titan007\20261010\20261010_222009_titan007_odds_snapshot.csv,NOT_FINAL_STATE_0,e7c4c48adf83f188b671,RUN_20261010_214514,V4,2026-10-10T21:26:15+08:00,2026-10-10T21:26:15+08:00,2026-10-10T22:00:00+08:00,0.562,False,False,False
V4_SHADOW,3053113,2026-10-10,英南超,奇切斯特城 vs 普利茅夫帕克韦,,,,,,,0,,,D:\codex\v3_legacy\outputs\football_odds_trader\raw\titan007\20261010\20261010_222009_titan007_odds_snapshot.csv,NOT_FINAL_STATE_0,2b866cd161ade8bfb2e0,RUN_20261010_214514,V4,2026-10-10T21:26:15+08:00,2026-10-10T21:26:15+08:00,2026-10-10T22:00:00+08:00,0.562,False,False,False
V4_SHADOW,3053114,2026-10-10,英南超,弗罗姆镇 vs 肖林,,,,,,,0,,,D:\codex\v3_legacy\outputs\football_odds_trader\raw\titan007\20261010\20261010_222009_titan007_odds_snapshot.csv,NOT_FINAL_STATE_0,ed2750dc7297a437a306,RUN_20261010_214514,V4,2026-10-10T21:26:15+08:00,2026-10-10T21:26:15+08:00,2026-10-10T22:00:00+08:00,0.562,False,False,False
V4_SHADOW,3053115,2026-10-10,英南超,汉沃夫维拉 vs 高士打,,,,,N,,0,,,D:\codex\v3_legacy\outputs\football_odds_trader\raw\titan007\20261010\20261010_222009_titan007_odds_snapshot.csv,NOT_FINAL_STATE_0,679be0c7cb1a29458aa1,RUN_20261010_214514,V4,2026-10-10T21:26:15+08:00,2026-10-10T21:26:15+08:00,2026-10-10T22:00:00+08:00,0.562,False,False,False
V4_SHADOW,3053116,2026-10-10,英南超,普尔城 vs 布拉克内尔城,,,,,,,0,,,D:\codex\v3_legacy\outputs\football_odds_trader\raw\titan007\20261010\20261010_222009_titan007_odds_snapshot.csv,NOT_FINAL_STATE_0,41822679eb351c004ada,RUN_20261010_214514,V4,2026-10-10T21:26:15+08:00,2026-10-10T21:26:15+08:00,2026-10-10T22:00:00+08:00,0.562,False,False,False
V4_SHADOW,3053117,2026-10-10,英南超,汤顿 vs 汉威尔城,,,,,,,0,,,D:\codex\v3_legacy\outputs\football_odds_trader\raw\titan007\20261010\20261010_222009_titan007_odds_snapshot.csv,NOT_FINAL_STATE_0,e29a5be6a11a249b2222,RUN_20261010_214514,V4,2026-10-10T21:26:15+08:00,2026-10-10T21:26:15+08:00,2026-10-10T22:00:00+08:00,0.562,False,False,False
V4_SHADOW,3053118,2026-10-10,英南超,Ux布烈治 vs 艾福山,,,,,,,0,,,D:\codex\v3_legacy\outputs\football_odds_trader\raw\titan007\20261010\20261010_222009_titan007_odds_snapshot.csv,NOT_FINAL_STATE_0,92299bba85ea0bb9a270,RUN_20261010_214514,V4,2026-10-10T21:26:15+08:00,2026-10-10T21:26:15+08:00,2026-10-10T22:00:00+08:00,0.562,False,False,False
V4_SHADOW,3053119,2026-10-10,英南超,温伯尼镇 vs 哈瓦特,,,,,,,0,,,D:\codex\v3_legacy\outputs\football_odds_trader\raw\titan007\20261010\20261010_222009_titan007_odds_snapshot.csv,NOT_FINAL_STATE_0,4b9e88123c14bcda264e,RUN_20261010_214514,V4,2026-10-10T21:26:15+08:00,2026-10-10T21:26:15+08:00,2026-10-10T22:00:00+08:00,0.562,False,False,False
V4_SHADOW,3053120,2026-10-10,英南超,耶特城 vs 伯克姆斯特德,,,,,N,,0,,,D:\codex\v3_legacy\outputs\football_odds_trader\raw\titan007\20261010\20261010_222009_titan007_odds_snapshot.csv,NOT_FINAL_STATE_0,3d53067beefee24268c6,RUN_20261010_214514,V4,2026-10-10T21:26:15+08:00,2026-10-10T21:26:15+08:00,2026-10-10T22:00:00+08:00,0.562,False,False,False
V4_SHADOW,3096854,2026-10-10,约旦杯,萨赫勒霍兰 vs 艾沙赫,,,,,,,0,,,D:\codex\v3_legacy\outputs\football_odds_trader\raw\titan007\20261010\20261010_222009_titan007_odds_snapshot.csv,NOT_FINAL_STATE_0,507069e0daf83ae20254,RUN_20261010_214514,V4,2026-10-10T21:26:15+08:00,2026-10-10T21:26:15+08:00,2026-10-10T22:00:00+08:00,0.562,False,False,False
V4_SHADOW,2931456,2026-10-10,爱沙甲,潭美卡 vs 诺米联,,,,,,,0,,,D:\codex\v3_legacy\outputs\football_odds_trader\raw\titan007\20261010\20261010_222009_titan007_odds_snapshot.csv,NOT_FINAL_STATE_0,ab299f71c80239faf901,RUN_20261010_214514,V4,2026-10-10T21:26:15+08:00,2026-10-10T21:26:15+08:00,2026-10-10T22:00:00+08:00,0.562,False,False,False
V4_SHADOW,3071336,2026-10-10,摩尔甲,达西亚布卡尼 vs 谢里夫,,,,,,,0,,,D:\codex\v3_legacy\outputs\football_odds_trader\raw\titan007\20261010\20261010_222009_titan007_odds_snapshot.csv,NOT_FINAL_STATE_0,30faa4ef3d0b7b5eca5d,RUN_20261010_214514,V4,2026-10-10T21:26:15+08:00,2026-10-10T21:26:15+08:00,2026-10-10T22:00:00+08:00,0.562,False,False,False
V4_SHADOW,2924140,2026-10-10,格鲁甲,鲁斯塔维 vs 哥里迪拉,,,,,N,,0,,,D:\codex\v3_legacy\outputs\football_odds_trader\raw\titan007\20261010\20261010_222009_titan007_odds_snapshot.csv,NOT_FINAL_STATE_0,dbc1f95e3835c6405b9e,RUN_20261010_214514,V4,2026-10-10T21:26:15+08:00,2026-10-10T21:26:15+08:00,2026-10-10T22:00:00+08:00,0.562,False,True,False
V4_SHADOW,2957260,2026-10-10,拉脱甲,文茨皮尔斯 vs 萨尔杜斯里文,,,,,,,0,,,D:\codex\v3_legacy\outputs\football_odds_trader\raw\titan007\20261010\20261010_222009_titan007_odds_snapshot.csv,NOT_FINAL_STATE_0,358772da4e854132b7a8,RUN_20261010_214514,V4,2026-10-10T21:26:15+08:00,2026-10-10T21:26:15+08:00,2026-10-10T22:00:00+08:00,0.562,False,False,False
V4_SHADOW,3101090,2026-10-10,英依联甲,沃斯汉姆 vs 康卡德流浪,,,,,,,0,,,D:\codex\v3_legacy\outputs\football_odds_trader\raw\titan007\20261010\20261010_222009_titan007_odds_snapshot.csv,NOT_FINAL_STATE_0,2a25f8bd8ab05dea5d48,RUN_20261010_214514,V4,2026-10-10T21:26:15+08:00,2026-10-10T21:26:15+08:00,2026-10-10T22:00:00+08:00,0.562,False,False,False
V4_SHADOW,3002889,2026-10-10,苏高联,布若亚 vs 奈尼,,,,,,,0,,,D:\codex\v3_legacy\outputs\football_odds_trader\raw\titan007\20261010\20261010_222009_titan007_odds_snapshot.csv,NOT_FINAL_STATE_0,fd86983556ace76fb178,RUN_20261010_214514,V4,2026-10-10T21:26:15+08:00,2026-10-10T21:26:15+08:00,2026-10-10T22:00:00+08:00,0.562,False,False,False
V4_SHADOW,3002890,2026-10-10,苏高联,科莱池那库丁 vs 巴基,,,,,N,,0,,,D:\codex\v3_legacy\outputs\football_odds_trader\raw\titan007\20261010\20261010_222009_titan007_odds_snapshot.csv,NOT_FINAL_STATE_0,4fb09f43992690a15dc5,RUN_20261010_214514,V4,2026-10-10T21:26:15+08:00,2026-10-10T21:26:15+08:00,2026-10-10T22:00:00+08:00,0.562,False,True,False
V4_SHADOW,3002891,2026-10-10,苏高联,迪费朗维 vs 维克阿卡德米,,,,,,,0,,,D:\codex\v3_legacy\outputs\football_odds_trader\raw\titan007\20261010\20261010_222009_titan007_odds_snapshot.csv,NOT_FINAL_STATE_0,350e4ce9f3596f03f429,RUN_20261010_214514,V4,2026-10-10T21:26:15+08:00,2026-10-10T21:26:15+08:00,2026-10-10T22:00:00+08:00,0.562,False,False,False
V4_SHADOW,3002892,2026-10-10,苏高联,弗雷泽堡 vs 斯特拉斯佩蓟,,,,,,,0,,,D:\codex\v3_legacy\outputs\football_odds_trader\raw\titan007\20261010\20261010_222009_titan007_odds_snapshot.csv,NOT_FINAL_STATE_0,4b9f370bb7bfff8c8e98,RUN_20261010_214514,V4,2026-10-10T21:26:15+08:00,2026-10-10T21:26:15+08:00,2026-10-10T22:00:00+08:00,0.562,False,False,False
V4_SHADOW,3002893,2026-10-10,苏高联,亨特利 vs 基斯,,,,,,,0,,,D:\codex\v3_legacy\outputs\football_odds_trader\raw\titan007\20261010\20261010_222009_titan007_odds_snapshot.csv,NOT_FINAL_STATE_0,9bcc7d9d1ed05c67c1ea,RUN_20261010_214514,V4,2026-10-10T21:26:15+08:00,2026-10-10T21:26:15+08:00,2026-10-10T22:00:00+08:00,0.562,False,False,False
V4_SHADOW,3002894,2026-10-10,苏高联,因弗戈登 vs 罗斯,,,,,,,0,,,D:\codex\v3_legacy\outputs\football_odds_trader\raw\titan007\20261010\20261010_222009_titan007_odds_snapshot.csv,NOT_FINAL_STATE_0,03ddcbbaf178098d3715,RUN_20261010_214514,V4,2026-10-10T21:26:15+08:00,2026-10-10T21:26:15+08:00,2026-10-10T22:00:00+08:00,0.562,False,False,False
V4_SHADOW,3002895,2026-10-10,苏高联,因弗鲁里机车厂 vs 福马亭,,,,,,,0,,,D:\codex\v3_legacy\outputs\football_odds_trader\raw\titan007\20261010\20261010_222009_titan007_odds_snapshot.csv,NOT_FINAL_STATE_0,25cc70f125811b2a07d6,RUN_20261010_214514,V4,2026-10-10T21:26:15+08:00,2026-10-10T21:26:15+08:00,2026-10-10T22:00:00+08:00,0.562,False,False,False
V4_SHADOW,3002896,2026-10-10,苏高联,洛西茅夫 vs 迪伊银行,,,,,,,0,,,D:\codex\v3_legacy\outputs\football_odds_trader\raw\titan007\20261010\20261010_222009_titan007_odds_snapshot.csv,NOT_FINAL_STATE_0,955caa0858524ed7f1a7,RUN_20261010_214514,V4,2026-10-10T21:26:15+08:00,2026-10-10T21:26:15+08:00,2026-10-10T22:00:00+08:00,0.562,False,False,False
V4_SHADOW,3002897,2026-10-10,苏高联,图里夫联队 vs 霍瑞斯,,,,,,,0,,,D:\codex\v3_legacy\outputs\football_odds_trader\raw\titan007\20261010\20261010_222009_titan007_odds_snapshot.csv,NOT_FINAL_STATE_0,930f3c0335c9b92a4412,RUN_20261010_214514,V4,2026-10-10T21:26:15+08:00,2026-10-10T21:26:15+08:00,2026-10-10T22:00:00+08:00,0.562,False,False,False
V4_SHADOW,3005994,2026-10-10,斯亚乙,ND贝尔廷齐 vs 比列,,,,,,,0,,,D:\codex\v3_legacy\outputs\football_odds_trader\raw\titan007\20261010\20261010_222009_titan007_odds_snapshot.csv,NOT_FINAL_STATE_0,d7a849043a8c29db2edc,RUN_20261010_214514,V4,2026-10-10T21:26:15+08:00,2026-10-10T21:26:15+08:00,2026-10-10T22:00:00+08:00,0.562,False,False,False
V4_SHADOW,3005995,2026-10-10,斯亚乙,加德兰戴卡尼 vs 德雷夫尼克,,,,,,,0,,,D:\codex\v3_legacy\outputs\football_odds_trader\raw\titan007\20261010\20261010_222009_titan007_odds_snapshot.csv,NOT_FINAL_STATE_0,c1b0c2f6afdbe658d93b,RUN_20261010_214514,V4,2026-10-10T21:26:15+08:00,2026-10-10T21:26:15+08:00,2026-10-10T22:00:00+08:00,0.562,False,False,False
V4_SHADOW,3005997,2026-10-10,斯亚乙,耶塞尼采 vs NK布雷日采,,,,,N,,0,,,D:\codex\v3_legacy\outputs\football_odds_trader\raw\titan007\20261010\20261010_222009_titan007_odds_snapshot.csv,NOT_FINAL_STATE_0,d85c19563e07c9b60454,RUN_20261010_214514,V4,2026-10-10T21:26:15+08:00,2026-10-10T21:26:15+08:00,2026-10-10T22:00:00+08:00,0.562,False,True,False
V4_SHADOW,3006117,2026-10-10,斯亚乙,伊利利甲 vs 科瑞卡,,,,,,,0,,,D:\codex\v3_legacy\outputs\football_odds_trader\raw\titan007\20261010\20261010_222009_titan007_odds_snapshot.csv,NOT_FINAL_STATE_0,50df50b905c2a0570c02,RUN_20261010_214514,V4,2026-10-10T21:26:15+08:00,2026-10-10T21:26:15+08:00,2026-10-10T22:00:00+08:00,0.562,False,False,False
V4_SHADOW,2927009,2026-10-10,瑞典丙VG,奥尼沙拉 vs 阿斯托普斯FF,,,,,,,0,,,D:\codex\v3_legacy\outputs\football_odds_trader\raw\titan007\20261010\20261010_222009_titan007_odds_snapshot.csv,NOT_FINAL_STATE_0,6d28db2700bee9fa4a4b,RUN_20261010_214514,V4,2026-10-10T21:26:15+08:00,2026-10-10T21:26:15+08:00,2026-10-10T22:00:00+08:00,0.562,False,False,False
V4_SHADOW,2927555,2026-10-10,瑞典丙NS,IK弗兰卡 vs 赫尔格斯,,,,,,,0,,,D:\codex\v3_legacy\outputs\football_odds_trader\raw\titan007\20261010\20261010_222009_titan007_odds_snapshot.csv,NOT_FINAL_STATE_0,64ad4d81f4d4d1af6d88,RUN_20261010_214514,V4,2026-10-10T21:26:15+08:00,2026-10-10T21:26:15+08:00,2026-10-10T22:00:00+08:00,0.562,False,False,False
V4_SHADOW,2927558,2026-10-10,瑞典丙NS,泰比 vs 利丁奥,,,,,,,0,,,D:\codex\v3_legacy\outputs\football_odds_trader\raw\titan007\20261010\20261010_222009_titan007_odds_snapshot.csv,NOT_FINAL_STATE_0,56aced1c35755d64680d,RUN_20261010_214514,V4,2026-10-10T21:26:15+08:00,2026-10-10T21:26:15+08:00,2026-10-10T22:00:00+08:00,0.562,False,False,False
V4_SHADOW,2926822,2026-10-10,瑞典丙SS,哈宁厄 vs 纳卡伊利里亚,,,,,N,,0,,,D:\codex\v3_legacy\outputs\football_odds_trader\raw\titan007\20261010\20261010_222009_titan007_odds_snapshot.csv,NOT_FINAL_STATE_0,015349fc39cb6afb188e,RUN_20261010_214514,V4,2026-10-10T21:26:15+08:00,2026-10-10T21:26:15+08:00,2026-10-10T22:00:00+08:00,0.562,False,True,False
V4_SHADOW,2926827,2026-10-10,瑞典丙SS,拉格斯维德 vs 森姆比,,,,,,,0,,,D:\codex\v3_legacy\outputs\football_odds_trader\raw\titan007\20261010\20261010_222009_titan007_odds_snapshot.csv,NOT_FINAL_STATE_0,f9a021bb656ee10c7aa5,RUN_20261010_214514,V4,2026-10-10T21:26:15+08:00,2026-10-10T21:26:15+08:00,2026-10-10T22:00:00+08:00,0.562,False,False,False
V4_SHADOW,3088422,2026-10-10,西室内足,哈恩帕莱索室内足球队 vs 埃西多室内足球队,,,,,,,0,,,D:\codex\v3_legacy\outputs\football_odds_trader\raw\titan007\20261010\20261010_222009_titan007_odds_snapshot.csv,NOT_FINAL_STATE_0,4af0364ec59cc248f6fd,RUN_20261010_214514,V4,2026-10-10T21:26:15+08:00,2026-10-10T21:26:15+08:00,2026-10-10T22:00:00+08:00,0.562,False,False,False
V4_SHADOW,3008980,2026-10-10,北爱冠,FC协会队 vs 韦德斯,,,,,,,0,,,D:\codex\v3_legacy\outputs\football_odds_trader\raw\titan007\20261010\20261010_222009_titan007_odds_snapshot.csv,NOT_FINAL_STATE_0,dc0f609aeb5049bb7cf4,RUN_20261010_214514,V4,2026-10-10T21:26:15+08:00,2026-10-10T21:26:15+08:00,2026-10-10T22:00:00+08:00,0.562,False,False,False
V4_SHADOW,3008981,2026-10-10,北爱冠,劳夫哥尔 vs 莫约拉,,,,,N,,0,,,D:\codex\v3_legacy\outputs\football_odds_trader\raw\titan007\20261010\20261010_222009_titan007_odds_snapshot.csv,NOT_FINAL_STATE_0,5219f8e75a5b0dba1085,RUN_20261010_214514,V4,2026-10-10T21:26:15+08:00,2026-10-10T21:26:15+08:00,2026-10-10T22:00:00+08:00,0.562,False,True,False
V4_SHADOW,3008984,2026-10-10,北爱冠,皇后大学 vs 巴里纳马勒联,,,,,,,0,,,D:\codex\v3_legacy\outputs\football_odds_trader\raw\titan007\20261010\20261010_222009_titan007_odds_snapshot.csv,NOT_FINAL_STATE_0,3e88f896b110e6d6ccb3,RUN_20261010_214514,V4,2026-10-10T21:26:15+08:00,2026-10-10T21:26:15+08:00,2026-10-10T22:00:00+08:00,0.562,False,False,False
V4_SHADOW,3008986,2026-10-10,北爱冠,沃伦点城 vs 斯特拉班竞技,,,,,,,0,,,D:\codex\v3_legacy\outputs\football_odds_trader\raw\titan007\20261010\20261010_222009_titan007_odds_snapshot.csv,NOT_FINAL_STATE_0,1b509e8d8b56b757873c,RUN_20261010_214514,V4,2026-10-10T21:26:15+08:00,2026-10-10T21:26:15+08:00,2026-10-10T22:00:00+08:00,0.562,False,False,False
V4_SHADOW,3080252,2026-10-10,西丁,尤尼恩斯塔斯CF B vs 宾比贝,,,,,,,0,,,D:\codex\v3_legacy\outputs\football_odds_trader\raw\titan007\20261010\20261010_222009_titan007_odds_snapshot.csv,NOT_FINAL_STATE_0,07c33d4a69a89985bc76,RUN_20261010_214514,V4,2026-10-10T21:26:15+08:00,2026-10-10T21:26:15+08:00,2026-10-10T22:00:00+08:00,0.562,False,False,False
V4_SHADOW,3060318,2026-10-10,西丁,CD瓜达拉哈拉B队 vs 昆坦拿,,,,,N,,0,,,D:\codex\v3_legacy\outputs\football_odds_trader\raw\titan007\20261010\20261010_222009_titan007_odds_snapshot.csv,NOT_FINAL_STATE_0,5410de32c53269939350,RUN_20261010_214514,V4,2026-10-10T21:26:15+08:00,2026-10-10T21:26:15+08:00,2026-10-10T22:00:00+08:00,0.562,False,False,False
V4_SHADOW,3078392,2026-10-10,西丁,阿库迪亚 vs 梅卡达,,,,,,,0,,,D:\codex\v3_legacy\outputs\football_odds_trader\raw\titan007\20261010\20261010_222009_titan007_odds_snapshot.csv,NOT_FINAL_STATE_0,3176c8d54538cf345299,RUN_20261010_214514,V4,2026-10-10T21:26:15+08:00,2026-10-10T21:26:15+08:00,2026-10-10T22:00:00+08:00,0.562,False,False,False
V4_SHADOW,3061784,2026-10-10,西丁,巴尔亚 vs 阿尔穆尼亚,,,,,,,0,,,D:\codex\v3_legacy\outputs\football_odds_trader\raw\titan007\20261010\20261010_222009_titan007_odds_snapshot.csv,NOT_FINAL_STATE_0,7500ea43a79e10a33a1e,RUN_20261010_214514,V4,2026-10-10T21:26:15+08:00,2026-10-10T21:26:15+08:00,2026-10-10T22:00:00+08:00,0.562,False,False,False
V4_SHADOW,3061789,2026-10-10,西丁,韦斯卡B队 vs 阿姆迪瓦,,,,,,,0,,,D:\codex\v3_legacy\outputs\football_odds_trader\raw\titan007\20261010\20261010_222009_titan007_odds_snapshot.csv,NOT_FINAL_STATE_0,bef38bc90dd8ce8f063c,RUN_20261010_214514,V4,2026-10-10T21:26:15+08:00,2026-10-10T21:26:15+08:00,2026-10-10T22:00:00+08:00,0.562,False,False,False
V4_SHADOW,3100400,2026-10-10,以U19,彼达提克瓦纳汉史曼U19 vs 海法夏普尔U19,,,,,,,0,,,D:\codex\v3_legacy\outputs\football_odds_trader\raw\titan007\20261010\20261010_222009_titan007_odds_snapshot.csv,NOT_FINAL_STATE_0,d91d93339197944713d9,RUN_20261010_214514,V4,2026-10-10T21:26:15+08:00,2026-10-10T21:26:15+08:00,2026-10-10T22:00:00+08:00,0.562,False,False,False
V4_SHADOW,3100404,2026-10-10,以U19,比尔舒华夏普尔U19 vs 亚兰文为U19,,,,,,,0,,,D:\codex\v3_legacy\outputs\football_odds_trader\raw\titan007\20261010\20261010_222009_titan007_odds_snapshot.csv,NOT_FINAL_STATE_0,3c0d9342e7395e448c1b,RUN_20261010_214514,V4,2026-10-10T21:26:15+08:00,2026-10-10T21:26:15+08:00,2026-10-10T22:00:00+08:00,0.562,False,False,False
V4_SHADOW,3098240,2026-10-10,德戊,洛特维哈达马尔 vs VfB马伯,,,,,,,0,,,D:\codex\v3_legacy\outputs\football_odds_trader\raw\titan007\20261010\20261010_222009_titan007_odds_snapshot.csv,NOT_FINAL_STATE_0,38964feaa4b6821e3cff,RUN_20261010_214514,V4,2026-10-10T21:26:15+08:00,2026-10-10T21:26:15+08:00,2026-10-10T22:00:00+08:00,0.562,False,False,False
V4_SHADOW,3098267,2026-10-10,德戊,埃斯巴克塔尔 vs 赫塔维斯巴赫,,,,,,,0,,,D:\codex\v3_legacy\outputs\football_odds_trader\raw\titan007\20261010\20261010_222009_titan007_odds_snapshot.csv,NOT_FINAL_STATE_0,162e12c7076a0aadc6e3,RUN_20261010_214514,V4,2026-10-10T21:26:15+08:00,2026-10-10T21:26:15+08:00,2026-10-10T22:00:00+08:00,0.562,False,False,False
V4_SHADOW,3098156,2026-10-10,德戊,雷根斯堡II队 vs 斯塔登,,,,,,,0,,,D:\codex\v3_legacy\outputs\football_odds_trader\raw\titan007\20261010\20261010_222009_titan007_odds_snapshot.csv,NOT_FINAL_STATE_0,efc35cb0c5aab6201ff9,RUN_20261010_214514,V4,2026-10-10T21:26:15+08:00,2026-10-10T21:26:15+08:00,2026-10-10T22:00:00+08:00,0.562,False,False,False
V4_SHADOW,3050287,2026-10-10,塞尔甲,波拉斯 vs 杰登斯渥,,,,,,,0,,,D:\codex\v3_legacy\outputs\football_odds_trader\raw\titan007\20261010\20261010_222009_titan007_odds_snapshot.csv,NOT_FINAL_STATE_0,8493aba5e03345553397,RUN_20261010_214514,V4,2026-10-10T21:26:15+08:00,2026-10-10T21:26:15+08:00,2026-10-10T22:00:00+08:00,0.562,False,False,False
V4_SHADOW,2940920,2026-10-10,格鲁乙,FC哥里 vs 玛瑞尼马尔特维利,,,,,,,0,,,D:\codex\v3_legacy\outputs\football_odds_trader\raw\titan007\20261010\20261010_222009_titan007_odds_snapshot.csv,NOT_FINAL_STATE_0,c6667500c31cd5213029,RUN_20261010_214514,V4,2026-10-10T21:26:15+08:00,2026-10-10T21:26:15+08:00,2026-10-10T22:00:00+08:00,0.562,False,False,False
V4_SHADOW,2940923,2026-10-10,格鲁乙,山姆特迪雅 vs 施安尼,,,,,N,,0,,,D:\codex\v3_legacy\outputs\football_odds_trader\raw\titan007\20261010\20261010_222009_titan007_odds_snapshot.csv,NOT_FINAL_STATE_0,1542c304632fba611074,RUN_20261010_214514,V4,2026-10-10T21:26:15+08:00,2026-10-10T21:26:15+08:00,2026-10-10T22:00:00+08:00,0.562,False,True,False
V4_SHADOW,3101170,2026-10-10,英北甲,史塔布理治 vs 金斯高路华,,,,,,,0,,,D:\codex\v3_legacy\outputs\football_odds_trader\raw\titan007\20261010\20261010_222009_titan007_odds_snapshot.csv,NOT_FINAL_STATE_0,54bc602e80c5a6dcf9bb,RUN_20261010_214514,V4,2026-10-10T21:26:15+08:00,2026-10-10T21:26:15+08:00,2026-10-10T22:00:00+08:00,0.562,False,False,False
V4_SHADOW,3101171,2026-10-10,英北甲,佩雷斯科 vs 威森肖FC,,,,,,,0,,,D:\codex\v3_legacy\outputs\football_odds_trader\raw\titan007\20261010\20261010_222009_titan007_odds_snapshot.csv,NOT_FINAL_STATE_0,9828db4a5a267762d244,RUN_20261010_214514,V4,2026-10-10T21:26:15+08:00,2026-10-10T21:26:15+08:00,2026-10-10T22:00:00+08:00,0.562,False,False,False
V4_SHADOW,3101172,2026-10-10,英北甲,萨顿克德菲尔德 vs 波士顿镇,,,,,,,0,,,D:\codex\v3_legacy\outputs\football_odds_trader\raw\titan007\20261010\20261010_222009_titan007_odds_snapshot.csv,NOT_FINAL_STATE_0,f6f10e00b0dae5965ee9,RUN_20261010_214514,V4,2026-10-10T21:26:15+08:00,2026-10-10T21:26:15+08:00,2026-10-10T22:00:00+08:00,0.562,False,False,False
V4_SHADOW,3101018,2026-10-10,英北甲,弗拉克特 vs 格里姆斯,,,,,,,0,,,D:\codex\v3_legacy\outputs\football_odds_trader\raw\titan007\20261010\20261010_222009_titan007_odds_snapshot.csv,NOT_FINAL_STATE_0,4eb7b40ec1c21a32ddb4,RUN_20261010_214514,V4,2026-10-10T21:26:15+08:00,2026-10-10T21:26:15+08:00,2026-10-10T22:00:00+08:00,0.562,False,False,False
V4_SHADOW,3098220,2026-10-10,苏低联,布罗克斯本 vs 特兰特青年,,,,,N,,0,,,D:\codex\v3_legacy\outputs\football_odds_trader\raw\titan007\20261010\20261010_222009_titan007_odds_snapshot.csv,NOT_FINAL_STATE_0,efa27d4add192ab20ddf,RUN_20261010_214514,V4,2026-10-10T21:26:15+08:00,2026-10-10T21:26:15+08:00,2026-10-10T22:00:00+08:00,0.562,False,True,False
V4_SHADOW,3065100,2026-10-10,安哥甲,南隆达 vs 卡宾达FC,,,,,,,0,,,D:\codex\v3_legacy\outputs\football_odds_trader\raw\titan007\20261010\20261010_222009_titan007_odds_snapshot.csv,NOT_FINAL_STATE_0,63b28f942c6953134cde,RUN_20261010_214514,V4,2026-10-10T21:26:15+08:00,2026-10-10T21:26:15+08:00,2026-10-10T22:00:00+08:00,0.562,False,False,False
V4_SHADOW,3065103,2026-10-10,安哥甲,英特克拉比 vs 埃斯柏兰卡,,,,,,,0,,,D:\codex\v3_legacy\outputs\football_odds_trader\raw\titan007\20261010\20261010_222009_titan007_odds_snapshot.csv,NOT_FINAL_STATE_0,95d6c712a047a94950ea,RUN_20261010_214514,V4,2026-10-10T21:26:15+08:00,2026-10-10T21:26:15+08:00,2026-10-10T22:00:00+08:00,0.562,False,False,False
V4_SHADOW,3100461,2026-10-10,奥丁,LAC国际 vs 舒瓦查特,,,,,,,0,,,D:\codex\v3_legacy\outputs\football_odds_trader\raw\titan007\20261010\20261010_222009_titan007_odds_snapshot.csv,NOT_FINAL_STATE_0,c6776d2ee6499023d067,RUN_20261010_214514,V4,2026-10-10T21:26:15+08:00,2026-10-10T21:26:15+08:00,2026-10-10T22:00:00+08:00,0.562,False,False,False
V4_SHADOW,3100464,2026-10-10,奥丁,纽马克特 vs 布隆伯格,,,,,,,0,,,D:\codex\v3_legacy\outputs\football_odds_trader\raw\titan007\20261010\20261010_222009_titan007_odds_snapshot.csv,NOT_FINAL_STATE_0,790a2a99b9753e05af39,RUN_20261010_214514,V4,2026-10-10T21:26:15+08:00,2026-10-10T21:26:15+08:00,2026-10-10T22:00:00+08:00,0.562,False,False,False
V4_SHADOW,3044002,2026-10-10,瑞士乙,布鲁尔 vs 格朗德萨孔内,,,,,N,,0,,,D:\codex\v3_legacy\outputs\football_odds_trader\raw\titan007\20261010\20261010_222009_titan007_odds_snapshot.csv,NOT_FINAL_STATE_0,0d4457b7ef5f0b24c2bd,RUN_20261010_214514,V4,2026-10-10T21:26:15+08:00,2026-10-10T21:26:15+08:00,2026-10-10T22:00:00+08:00,0.562,False,True,False
V4_SHADOW,3044003,2026-10-10,瑞士乙,巴沃斯 vs 圣普雷克斯,,,,,N,,0,,,D:\codex\v3_legacy\outputs\football_odds_trader\raw\titan007\20261010\20261010_222009_titan007_odds_snapshot.csv,NOT_FINAL_STATE_0,0cc84bcb83822d2adf72,RUN_20261010_214514,V4,2026-10-10T21:26:15+08:00,2026-10-10T21:26:15+08:00,2026-10-10T22:00:00+08:00,0.562,False,True,False
V4_SHADOW,3044004,2026-10-10,瑞士乙,YF尤文图斯 vs 贝林佐纳,,,,,,,0,,,D:\codex\v3_legacy\outputs\football_odds_trader\raw\titan007\20261010\20261010_222009_titan007_odds_snapshot.csv,NOT_FINAL_STATE_0,cb05ad044cb626022bdb,RUN_20261010_214514,V4,2026-10-10T21:26:15+08:00,2026-10-10T21:26:15+08:00,2026-10-10T22:00:00+08:00,0.562,False,False,False
V4_SHADOW,3044007,2026-10-10,瑞士乙,琉森U21 vs 沙夫豪森,,,,,,,0,,,D:\codex\v3_legacy\outputs\football_odds_trader\raw\titan007\20261010\20261010_222009_titan007_odds_snapshot.csv,NOT_FINAL_STATE_0,74c1fa1efe52d7167d66,RUN_20261010_214514,V4,2026-10-10T21:26:15+08:00,2026-10-10T21:26:15+08:00,2026-10-10T22:00:00+08:00,0.562,False,False,False
V4_SHADOW,3100484,2026-10-10,捷丁,斯巴达克普里布兰 vs 多马兹利克B队,,,,,,,0,,,D:\codex\v3_legacy\outputs\football_odds_trader\raw\titan007\20261010\20261010_222009_titan007_odds_snapshot.csv,NOT_FINAL_STATE_0,5cf6c47eab99e49c0ec8,RUN_20261010_214514,V4,2026-10-10T21:26:15+08:00,2026-10-10T21:26:15+08:00,2026-10-10T22:00:00+08:00,0.562,False,False,False
V4_SHADOW,3098211,2026-10-10,荷丁,荷兰迪亚 vs 史塔夫斯特,,,,,,,0,,,D:\codex\v3_legacy\outputs\football_odds_trader\raw\titan007\20261010\20261010_222009_titan007_odds_snapshot.csv,NOT_FINAL_STATE_0,2f542dfe543e02048328,RUN_20261010_214514,V4,2026-10-10T21:26:15+08:00,2026-10-10T21:26:15+08:00,2026-10-10T22:00:00+08:00,0.562,False,False,False
V4_SHADOW,3100973,2026-10-10,西女乙,伊巴女足B队 vs 皇家奥维耶多女足,,,,,N,,0,,,D:\codex\v3_legacy\outputs\football_odds_trader\raw\titan007\20261010\20261010_222009_titan007_odds_snapshot.csv,NOT_FINAL_STATE_0,8af66492d0b44869b175,RUN_20261010_214514,V4,2026-10-10T21:26:15+08:00,2026-10-10T21:26:15+08:00,2026-10-10T22:00:00+08:00,0.562,False,True,False
V4_SHADOW,3101179,2026-10-10,西女乙,卡塞雷诺B队女足 vs 科尔多瓦女足,,,,,,,0,,,D:\codex\v3_legacy\outputs\football_odds_trader\raw\titan007\20261010\20261010_222009_titan007_odds_snapshot.csv,NOT_FINAL_STATE_0,a655f51e329bf74f49df,RUN_20261010_214514,V4,2026-10-10T21:26:15+08:00,2026-10-10T21:26:15+08:00,2026-10-10T22:00:00+08:00,0.562,False,False,False
V4_SHADOW,3098270,2026-10-10,葡锦标,马希高 vs 弗洛格拉德,,,,,,,0,,,D:\codex\v3_legacy\outputs\football_odds_trader\raw\titan007\20261010\20261010_222009_titan007_odds_snapshot.csv,NOT_FINAL_STATE_0,9d153bd2deafb4ee6f91,RUN_20261010_214514,V4,2026-10-10T21:26:15+08:00,2026-10-10T21:26:15+08:00,2026-10-10T22:00:00+08:00,0.562,False,False,False
V4_SHADOW,3099312,2026-10-10,葡锦标,辛祖安伦斯 vs 瓜达尔,,,,,,,0,,,D:\codex\v3_legacy\outputs\football_odds_trader\raw\titan007\20261010\20261010_222009_titan007_odds_snapshot.csv,NOT_FINAL_STATE_0,bcd8b2571639d32fe162,RUN_20261010_214514,V4,2026-10-10T21:26:15+08:00,2026-10-10T21:26:15+08:00,2026-10-10T22:00:00+08:00,0.562,False,False,False
V4_SHADOW,3098304,2026-10-10,希腊U19,基菲萨U19 vs 帕纳多里高斯U19,,,,,,,0,,,D:\codex\v3_legacy\outputs\football_odds_trader\raw\titan007\20261010\20261010_222009_titan007_odds_snapshot.csv,NOT_FINAL_STATE_0,846e07611b70bb1a2a85,RUN_20261010_214514,V4,2026-10-10T21:26:15+08:00,2026-10-10T21:26:15+08:00,2026-10-10T22:00:00+08:00,0.562,False,False,False
V4_SHADOW,3053695,2026-10-10,瑞士丙,迪特科尼 vs 史达比奥,,,,,,,0,,,D:\codex\v3_legacy\outputs\football_odds_trader\raw\titan007\20261010\20261010_222009_titan007_odds_snapshot.csv,NOT_FINAL_STATE_0,6220fad327ca7f1e27a3,RUN_20261010_214514,V4,2026-10-10T21:26:15+08:00,2026-10-10T21:26:15+08:00,2026-10-10T22:00:00+08:00,0.562,False,False,False
V4_SHADOW,3053698,2026-10-10,瑞士丙,图根 vs 科利纳多罗,,,,,,,0,,,D:\codex\v3_legacy\outputs\football_odds_trader\raw\titan007\20261010\20261010_222009_titan007_odds_snapshot.csv,NOT_FINAL_STATE_0,0fde1239d4b0a9349b13,RUN_20261010_214514,V4,2026-10-10T21:26:15+08:00,2026-10-10T21:26:15+08:00,2026-10-10T22:00:00+08:00,0.562,False,False,False
V4_SHADOW,3053699,2026-10-10,瑞士丙,戈绍 vs 巴登,,,,,,,0,,,D:\codex\v3_legacy\outputs\football_odds_trader\raw\titan007\20261010\20261010_222009_titan007_odds_snapshot.csv,NOT_FINAL_STATE_0,ad8e622d9cafdc2e707e,RUN_20261010_214514,V4,2026-10-10T21:26:15+08:00,2026-10-10T21:26:15+08:00,2026-10-10T22:00:00+08:00,0.562,False,False,False
V4_SHADOW,3053936,2026-10-10,瑞士丙,史克奇 vs 巴斯库尔,,,,,,,0,,,D:\codex\v3_legacy\outputs\football_odds_trader\raw\titan007\20261010\20261010_222009_titan007_odds_snapshot.csv,NOT_FINAL_STATE_0,85410a5031270779c744,RUN_20261010_214514,V4,2026-10-10T21:26:15+08:00,2026-10-10T21:26:15+08:00,2026-10-10T22:00:00+08:00,0.562,False,False,False
V4_SHADOW,3053937,2026-10-10,瑞士丙,库尔泰泰勒 vs 穆里古姆利根,,,,,,,0,,,D:\codex\v3_legacy\outputs\football_odds_trader\raw\titan007\20261010\20261010_222009_titan007_odds_snapshot.csv,NOT_FINAL_STATE_0,4ad645b2aef5e425c7c5,RUN_20261010_214514,V4,2026-10-10T21:26:15+08:00,2026-10-10T21:26:15+08:00,2026-10-10T22:00:00+08:00,0.562,False,False,False
V4_SHADOW,3100998,2026-10-10,西青U19,托勒多U19 vs 霍塔莱扎竞技U19,,,,,N,,0,,,D:\codex\v3_legacy\outputs\football_odds_trader\raw\titan007\20261010\20261010_222009_titan007_odds_snapshot.csv,NOT_FINAL_STATE_0,f5067053ab2ca14902d6,RUN_20261010_214514,V4,2026-10-10T21:26:15+08:00,2026-10-10T21:26:15+08:00,2026-10-10T22:00:00+08:00,0.562,False,True,False
V4_SHADOW,3101013,2026-10-10,西青U19,特里巴尔U19 vs 阿科本达U19,,,,,,,0,,,D:\codex\v3_legacy\outputs\football_odds_trader\raw\titan007\20261010\20261010_222009_titan007_odds_snapshot.csv,NOT_FINAL_STATE_0,e53f13ac52de3b0193d8,RUN_20261010_214514,V4,2026-10-10T21:26:15+08:00,2026-10-10T21:26:15+08:00,2026-10-10T22:00:00+08:00,0.562,False,False,False
V4_SHADOW,3101082,2026-10-10,西青U19,皇家阿维勒斯U19 vs 巴珊德U19,,,,,,,0,,,D:\codex\v3_legacy\outputs\football_odds_trader\raw\titan007\20261010\20261010_222009_titan007_odds_snapshot.csv,NOT_FINAL_STATE_0,044eb33d8f5c2c98e7e5,RUN_20261010_214514,V4,2026-10-10T21:26:15+08:00,2026-10-10T21:26:15+08:00,2026-10-10T22:00:00+08:00,0.562,False,False,False
V4_SHADOW,3101111,2026-10-10,西青U19,甘普斯特拉U19 vs 乌拉尔CFU19,,,,,,,0,,,D:\codex\v3_legacy\outputs\football_odds_trader\raw\titan007\20261010\20261010_222009_titan007_odds_snapshot.csv,NOT_FINAL_STATE_0,2b0df7cd96a58987fedd,RUN_20261010_214514,V4,2026-10-10T21:26:15+08:00,2026-10-10T21:26:15+08:00,2026-10-10T22:00:00+08:00,0.562,False,False,False
V4_SHADOW,3033152,2026-10-10,葡U19,法马利卡欧U19 vs 里奥阿维U19,,,,,,,0,,,D:\codex\v3_legacy\outputs\football_odds_trader\raw\titan007\20261010\20261010_222009_titan007_odds_snapshot.csv,NOT_FINAL_STATE_0,e4cb3da5504d306cfcee,RUN_20261010_214514,V4,2026-10-10T21:26:15+08:00,2026-10-10T21:26:15+08:00,2026-10-10T22:00:00+08:00,0.562,False,False,False
V4_SHADOW,3033153,2026-10-10,葡U19,费伦斯U19 vs 维赛拉U19,,,,,N,,0,,,D:\codex\v3_legacy\outputs\football_odds_trader\raw\titan007\20261010\20261010_222009_titan007_odds_snapshot.csv,NOT_FINAL_STATE_0,9f140a5a3066beec8fdd,RUN_20261010_214514,V4,2026-10-10T21:26:15+08:00,2026-10-10T21:26:15+08:00,2026-10-10T22:00:00+08:00,0.562,False,True,False
V4_SHADOW,3033154,2026-10-10,葡U19,基维辛迪U19 vs 甘马雷斯U19,,,,,,,0,,,D:\codex\v3_legacy\outputs\football_odds_trader\raw\titan007\20261010\20261010_222009_titan007_odds_snapshot.csv,NOT_FINAL_STATE_0,c92633b9d539343ab0c2,RUN_20261010_214514,V4,2026-10-10T21:26:15+08:00,2026-10-10T21:26:15+08:00,2026-10-10T22:00:00+08:00,0.562,False,False,False
V4_SHADOW,3033241,2026-10-10,葡U19,卡萨匹亚U19 vs 法伦斯U19,,,,,,,0,,,D:\codex\v3_legacy\outputs\football_odds_trader\raw\titan007\20261010\20261010_222009_titan007_odds_snapshot.csv,NOT_FINAL_STATE_0,2ece8a84d152453abe98,RUN_20261010_214514,V4,2026-10-10T21:26:15+08:00,2026-10-10T21:26:15+08:00,2026-10-10T22:00:00+08:00,0.562,False,False,False
V4_SHADOW,3033242,2026-10-10,葡U19,利亚拿U19 vs 艾华卡U19,,,,,,,0,,,D:\codex\v3_legacy\outputs\football_odds_trader\raw\titan007\20261010\20261010_222009_titan007_odds_snapshot.csv,NOT_FINAL_STATE_0,2e63ed82df2cd3de60cf,RUN_20261010_214514,V4,2026-10-10T21:26:15+08:00,2026-10-10T21:26:15+08:00,2026-10-10T22:00:00+08:00,0.562,False,False,False
V4_SHADOW,3033243,2026-10-10,葡U19,奥瑞多U19 vs 图伦斯U19,,,,,,,0,,,D:\codex\v3_legacy\outputs\football_odds_trader\raw\titan007\20261010\20261010_222009_titan007_odds_snapshot.csv,NOT_FINAL_STATE_0,ffbb06cc669bf6dbae00,RUN_20261010_214514,V4,2026-10-10T21:26:15+08:00,2026-10-10T21:26:15+08:00,2026-10-10T22:00:00+08:00,0.562,False,False,False
V4_SHADOW,3101118,2026-10-10,博茨超,哈博罗内监狱 vs 恩内西亚,,,,,N,,0,,,D:\codex\v3_legacy\outputs\football_odds_trader\raw\titan007\20261010\20261010_222009_titan007_odds_snapshot.csv,NOT_FINAL_STATE_0,476efdfd6f0629d04baf,RUN_20261010_214514,V4,2026-10-10T21:26:15+08:00,2026-10-10T21:26:15+08:00,2026-10-10T22:00:00+08:00,0.562,False,False,False
V4_SHADOW,3100389,2026-10-10,博茨超,塔菲FC vs 马特贝尔,,,,,,,0,,,D:\codex\v3_legacy\outputs\football_odds_trader\raw\titan007\20261010\20261010_222009_titan007_odds_snapshot.csv,NOT_FINAL_STATE_0,f5dbc4693ac7fff9dc1c,RUN_20261010_214514,V4,2026-10-10T21:26:15+08:00,2026-10-10T21:26:15+08:00,2026-10-10T22:00:00+08:00,0.562,False,False,False
V4_SHADOW,3100398,2026-10-10,博茨超,博茨瓦纳国防 vs 奥拉帕联合,,,,,,,0,,,D:\codex\v3_legacy\outputs\football_odds_trader\raw\titan007\20261010\20261010_222009_titan007_odds_snapshot.csv,NOT_FINAL_STATE_0,73f79935311d521237a7,RUN_20261010_214514,V4,2026-10-10T21:26:15+08:00,2026-10-10T21:26:15+08:00,2026-10-10T22:00:00+08:00,0.562,False,False,False
V4_SHADOW,3045128,2026-10-10,英南超中,艾华乔奇 vs 贝利城,,,,,,,0,,,D:\codex\v3_legacy\outputs\football_odds_trader\raw\titan007\20261010\20261010_222009_titan007_odds_snapshot.csv,NOT_FINAL_STATE_0,676579db572ce67d3914,RUN_20261010_214514,V4,2026-10-10T21:26:15+08:00,2026-10-10T21:26:15+08:00,2026-10-10T22:00:00+08:00,0.562,False,False,False
V4_SHADOW,3045129,2026-10-10,英南超中,班布里 vs 斯坦福队,,,,,,,0,,,D:\codex\v3_legacy\outputs\football_odds_trader\raw\titan007\20261010\20261010_222009_titan007_odds_snapshot.csv,NOT_FINAL_STATE_0,708566534adf2a84b3a8,RUN_20261010_214514,V4,2026-10-10T21:26:15+08:00,2026-10-10T21:26:15+08:00,2026-10-10T22:00:00+08:00,0.562,False,False,False
V4_SHADOW,3045130,2026-10-10,英南超中,希治 vs 彼德堡体育,,,,,N,,0,,,D:\codex\v3_legacy\outputs\football_odds_trader\raw\titan007\20261010\20261010_222009_titan007_odds_snapshot.csv,NOT_FINAL_STATE_0,34bdff9cfb7d56a69408,RUN_20261010_214514,V4,2026-10-10T21:26:15+08:00,2026-10-10T21:26:15+08:00,2026-10-10T22:00:00+08:00,0.562,False,True,False
V4_SHADOW,3045131,2026-10-10,英南超中,基特宁 vs 哈索威,,,,,,,0,,,D:\codex\v3_legacy\outputs\football_odds_trader\raw\titan007\20261010\20261010_222009_titan007_odds_snapshot.csv,NOT_FINAL_STATE_0,0cfe3f75af5f63354a8c,RUN_20261010_214514,V4,2026-10-10T21:26:15+08:00,2026-10-10T21:26:15+08:00,2026-10-10T22:00:00+08:00,0.562,False,False,False
V4_SHADOW,3045132,2026-10-10,英南超中,讷翰马科 vs 安斯蒂游牧人,,,,,,,0,,,D:\codex\v3_legacy\outputs\football_odds_trader\raw\titan007\20261010\20261010_222009_titan007_odds_snapshot.csv,NOT_FINAL_STATE_0,cf783c82d732af8d51d1,RUN_20261010_214514,V4,2026-10-10T21:26:15+08:00,2026-10-10T21:26:15+08:00,2026-10-10T22:00:00+08:00,0.562,False,False,False
V4_SHADOW,3045133,2026-10-10,英南超中,沃里克竞赛会 vs 李斯顿,,,,,,,0,,,D:\codex\v3_legacy\outputs\football_odds_trader\raw\titan007\20261010\20261010_222009_titan007_odds_snapshot.csv,NOT_FINAL_STATE_0,b65efbce4cec1a1efc6f,RUN_20261010_214514,V4,2026-10-10T21:26:15+08:00,2026-10-10T21:26:15+08:00,2026-10-10T22:00:00+08:00,0.562,False,False,False
V4_SHADOW,3045134,2026-10-10,英南超中,皇家贝德福德 vs 布朗史葛夫竞技,,,,,,,0,,,D:\codex\v3_legacy\outputs\football_odds_trader\raw\titan007\20261010\20261010_222009_titan007_odds_snapshot.csv,NOT_FINAL_STATE_0,56244a07f8fe0ce94493,RUN_20261010_214514,V4,2026-10-10T21:26:15+08:00,2026-10-10T21:26:15+08:00,2026-10-10T22:00:00+08:00,0.562,False,False,False
V4_SHADOW,3045135,2026-10-10,英南超中,瑞迪契 vs 比夏史托福,,,,,N,,0,,,D:\codex\v3_legacy\outputs\football_odds_trader\raw\titan007\20261010\20261010_222009_titan007_odds_snapshot.csv,NOT_FINAL_STATE_0,e7e8e464ea91edda8a40,RUN_20261010_214514,V4,2026-10-10T21:26:15+08:00,2026-10-10T21:26:15+08:00,2026-10-10T22:00:00+08:00,0.562,False,True,False
V4_SHADOW,3045136,2026-10-10,英南超中,卢莎奥林 vs 伍斯特,,,,,,,0,,,D:\codex\v3_legacy\outputs\football_odds_trader\raw\titan007\20261010\20261010_222009_titan007_odds_snapshot.csv,NOT_FINAL_STATE_0,36d10560cb7ec3401961,RUN_20261010_214514,V4,2026-10-10T21:26:15+08:00,2026-10-10T21:26:15+08:00,2026-10-10T22:00:00+08:00,0.562,False,False,False
V4_SHADOW,3045137,2026-10-10,英南超中,斯托桥 vs 雷顿,,,,,,,0,,,D:\codex\v3_legacy\outputs\football_odds_trader\raw\titan007\20261010\20261010_222009_titan007_odds_snapshot.csv,NOT_FINAL_STATE_0,d09ee7965cd4b05b4fd2,RUN_20261010_214514,V4,2026-10-10T21:26:15+08:00,2026-10-10T21:26:15+08:00,2026-10-10T22:00:00+08:00,0.562,False,False,False
V4_SHADOW,3045138,2026-10-10,英南超中,斯特拉特福镇 vs 雷明顿,,,,,,,0,,,D:\codex\v3_legacy\outputs\football_odds_trader\raw\titan007\20261010\20261010_222009_titan007_odds_snapshot.csv,NOT_FINAL_STATE_0,b28004f63ff4519adf85,RUN_20261010_214514,V4,2026-10-10T21:26:15+08:00,2026-10-10T21:26:15+08:00,2026-10-10T22:00:00+08:00,0.562,False,False,False
V4_SHADOW,3100953,2026-10-10,克亚丙,保莫雷克 vs NK克尔克,,,,,,,0,,,D:\codex\v3_legacy\outputs\football_odds_trader\raw\titan007\20261010\20261010_222009_titan007_odds_snapshot.csv,NOT_FINAL_STATE_0,03d8e5ccd36949430f75,RUN_20261010_214514,V4,2026-10-10T21:26:15+08:00,2026-10-10T21:26:15+08:00,2026-10-10T22:00:00+08:00,0.562,False,False,False
V4_SHADOW,3101186,2026-10-10,捷戊,AFK图赫洛维采 vs SK普月,,,,,N,,0,,,D:\codex\v3_legacy\outputs\football_odds_trader\raw\titan007\20261010\20261010_222009_titan007_odds_snapshot.csv,NOT_FINAL_STATE_0,6a43cc2c08ca76231379,RUN_20261010_214514,V4,2026-10-10T21:26:15+08:00,2026-10-10T21:26:15+08:00,2026-10-10T22:00:00+08:00,0.562,False,False,False
V4_SHADOW,3101187,2026-10-10,捷戊,波德布拉迪 vs 多布洛维斯,,,,,,,0,,,D:\codex\v3_legacy\outputs\football_odds_trader\raw\titan007\20261010\20261010_222009_titan007_odds_snapshot.csv,NOT_FINAL_STATE_0,a66d6264c7b1aa43bd2b,RUN_20261010_214514,V4,2026-10-10T21:26:15+08:00,2026-10-10T21:26:15+08:00,2026-10-10T22:00:00+08:00,0.562,False,False,False
V4_SHADOW,3101160,2026-10-10,巴马全联,阿吉拉斯后备队 vs CA独立队科雷拉后备队,,,,,,,0,,,D:\codex\v3_legacy\outputs\football_odds_trader\raw\titan007\20261010\20261010_222009_titan007_odds_snapshot.csv,NOT_FINAL_STATE_0,4fbd37545fdda46480aa,RUN_20261010_214514,V4,2026-10-10T21:26:15+08:00,2026-10-10T21:26:15+08:00,2026-10-10T22:00:00+08:00,0.562,False,False,False
V4_SHADOW,3099950,2026-10-10,国际友谊,列支敦士登女足 vs 直布罗陀女足,,,,,,,0,,,D:\codex\v3_legacy\outputs\football_odds_trader\raw\titan007\20261010\20261010_222009_titan007_odds_snapshot.csv,NOT_FINAL_STATE_0,e5828e43a909e8d459a8,RUN_20261010_214514,V4,2026-10-10T21:26:15+08:00,2026-10-10T21:26:15+08:00,2026-10-10T22:00:00+08:00,0.562,False,False,False
V4_SHADOW,3099959,2026-10-10,突尼乙,苏辛体育 vs 布哈杰拉,,,,,,,0,,,D:\codex\v3_legacy\outputs\football_odds_trader\raw\titan007\20261010\20261010_222009_titan007_odds_snapshot.csv,NOT_FINAL_STATE_0,f0f6081d7204556a6f45,RUN_20261010_214514,V4,2026-10-10T21:26:15+08:00,2026-10-10T21:26:15+08:00,2026-10-10T22:00:00+08:00,0.562,False,False,False
V4_SHADOW,3022327,2026-10-10,奥丙西,霍亨恩姆斯 vs 多恩比纳,,,,,N,,0,,,D:\codex\v3_legacy\outputs\football_odds_trader\raw\titan007\20261010\20261010_222009_titan007_odds_snapshot.csv,NOT_FINAL_STATE_0,9ebc48dd33e9931f883a,RUN_20261010_214514,V4,2026-10-10T21:26:15+08:00,2026-10-10T21:26:15+08:00,2026-10-10T22:00:00+08:00,0.562,False,True,False
V4_SHADOW,3022328,2026-10-10,奥丙西,SV普贤 vs SV洛豪,,,,,,,0,,,D:\codex\v3_legacy\outputs\football_odds_trader\raw\titan007\20261010\20261010_222009_titan007_odds_snapshot.csv,NOT_FINAL_STATE_0,e2767467ebd3511dbf38,RUN_20261010_214514,V4,2026-10-10T21:26:15+08:00,2026-10-10T21:26:15+08:00,2026-10-10T22:00:00+08:00,0.562,False,False,False
V4_SHADOW,3022329,2026-10-10,奥丙西,库弗斯甸 vs 阿尔塔奇B队,,,,,,,0,,,D:\codex\v3_legacy\outputs\football_odds_trader\raw\titan007\20261010\20261010_222009_titan007_odds_snapshot.csv,NOT_FINAL_STATE_0,15bce406b3847604a50a,RUN_20261010_214514,V4,2026-10-10T21:26:15+08:00,2026-10-10T21:26:15+08:00,2026-10-10T22:00:00+08:00,0.562,False,False,False
V4_SHADOW,3022330,2026-10-10,奥丙西,FC劳特拉赫 vs 沃尔夫,,,,,,,0,,,D:\codex\v3_legacy\outputs\football_odds_trader\raw\titan007\20261010\20261010_222009_titan007_odds_snapshot.csv,NOT_FINAL_STATE_0,3a408fba18f04cae40b2,RUN_20261010_214514,V4,2026-10-10T21:26:15+08:00,2026-10-10T21:26:15+08:00,2026-10-10T22:00:00+08:00,0.562,False,False,False
V4_SHADOW,3022334,2026-10-10,奥丙西,伊姆斯特 vs FC卢斯特瑙,,,,,,,0,,,D:\codex\v3_legacy\outputs\football_odds_trader\raw\titan007\20261010\20261010_222009_titan007_odds_snapshot.csv,NOT_FINAL_STATE_0,2edd3b718b378099bf43,RUN_20261010_214514,V4,2026-10-10T21:26:15+08:00,2026-10-10T21:26:15+08:00,2026-10-10T22:00:00+08:00,0.562,False,False,False
V4_SHADOW,3020356,2026-10-10,奥丙东,维纳伯格 vs 罗格尼兹,,,,,N,,0,,,D:\codex\v3_legacy\outputs\football_odds_trader\raw\titan007\20261010\20261010_222009_titan007_odds_snapshot.csv,NOT_FINAL_STATE_0,1de8320a098a186fff85,RUN_20261010_214514,V4,2026-10-10T21:26:15+08:00,2026-10-10T21:26:15+08:00,2026-10-10T22:00:00+08:00,0.562,False,True,False
V4_SHADOW,3020358,2026-10-10,奥丙东,SV多瑙 vs USV瓦尔特,,,,,,,0,,,D:\codex\v3_legacy\outputs\football_odds_trader\raw\titan007\20261010\20261010_222009_titan007_odds_snapshot.csv,NOT_FINAL_STATE_0,7c79f6250580f8b47a9c,RUN_20261010_214514,V4,2026-10-10T21:26:15+08:00,2026-10-10T21:26:15+08:00,2026-10-10T22:00:00+08:00,0.562,False,False,False
V4_SHADOW,3022677,2026-10-10,奥丙北,格罗迪SV vs 林茨青年队,,,,,,,0,,,D:\codex\v3_legacy\outputs\football_odds_trader\raw\titan007\20261010\20261010_222009_titan007_odds_snapshot.csv,NOT_FINAL_STATE_0,cffb22977b2dae5b13a3,RUN_20261010_214514,V4,2026-10-10T21:26:15+08:00,2026-10-10T21:26:15+08:00,2026-10-10T22:00:00+08:00,0.562,False,False,False
V4_SHADOW,3022569,2026-10-10,奥丙南,克拉根福多瑙河 vs 克马克特,,,,,,,0,,,D:\codex\v3_legacy\outputs\football_odds_trader\raw\titan007\20261010\20261010_222009_titan007_odds_snapshot.csv,NOT_FINAL_STATE_0,8ddd047ea33eed9b71ad,RUN_20261010_214514,V4,2026-10-10T21:26:15+08:00,2026-10-10T21:26:15+08:00,2026-10-10T22:00:00+08:00,0.562,False,False,False
V4_SHADOW,3022570,2026-10-10,奥丙南,特赖巴赫 vs 禾夫斯贝加业余队,,,,,,,0,,,D:\codex\v3_legacy\outputs\football_odds_trader\raw\titan007\20261010\20261010_222009_titan007_odds_snapshot.csv,NOT_FINAL_STATE_0,4b5289ebc6e6d5676800,RUN_20261010_214514,V4,2026-10-10T21:26:15+08:00,2026-10-10T21:26:15+08:00,2026-10-10T22:00:00+08:00,0.562,False,False,False
V4_SHADOW,3100098,2026-10-10,北爱全联,斯图尔特港 vs 克诺克布里达,,,,,N,,0,,,D:\codex\v3_legacy\outputs\football_odds_trader\raw\titan007\20261010\20261010_222009_titan007_odds_snapshot.csv,NOT_FINAL_STATE_0,01aa7ce779acc5c97158,RUN_20261010_214514,V4,2026-10-10T21:26:15+08:00,2026-10-10T21:26:15+08:00,2026-10-10T22:00:00+08:00,0.562,False,True,False
V4_SHADOW,3100099,2026-10-10,北爱全联,巴利卡拉尔 vs 牛津森尼赛德,,,,,,,0,,,D:\codex\v3_legacy\outputs\football_odds_trader\raw\titan007\20261010\20261010_222009_titan007_odds_snapshot.csv,NOT_FINAL_STATE_0,b652edcc607694da4e64,RUN_20261010_214514,V4,2026-10-10T21:26:15+08:00,2026-10-10T21:26:15+08:00,2026-10-10T22:00:00+08:00,0.562,False,False,False
V4_SHADOW,3100100,2026-10-10,北爱全联,班朴利治 vs 圣詹姆斯斯维富特,,,,,,,0,,,D:\codex\v3_legacy\outputs\football_odds_trader\raw\titan007\20261010\20261010_222009_titan007_odds_snapshot.csv,NOT_FINAL_STATE_0,45bc2e446440b41dbe5e,RUN_20261010_214514,V4,2026-10-10T21:26:15+08:00,2026-10-10T21:26:15+08:00,2026-10-10T22:00:00+08:00,0.562,False,False,False
V4_SHADOW,3100101,2026-10-10,北爱全联,高治联 vs 德维,,,,,,,0,,,D:\codex\v3_legacy\outputs\football_odds_trader\raw\titan007\20261010\20261010_222009_titan007_odds_snapshot.csv,NOT_FINAL_STATE_0,c828dd8f04f8b6c77bf7,RUN_20261010_214514,V4,2026-10-10T21:26:15+08:00,2026-10-10T21:26:15+08:00,2026-10-10T22:00:00+08:00,0.562,False,False,False
V4_SHADOW,3094417,2026-10-10,女欧U17,苏格兰女足U17 vs 乌克兰女足U17,,,,,,,0,,,D:\codex\v3_legacy\outputs\football_odds_trader\raw\titan007\20261010\20261010_222009_titan007_odds_snapshot.csv,NOT_FINAL_STATE_0,0c6a45acc95b19fda398,RUN_20261010_222944,V4,2026-10-10T22:20:09+08:00,2026-10-10T22:20:09+08:00,2026-10-10T22:30:00+08:00,0.164,False,False,False
V4_SHADOW,3077748,2026-10-10,西丁,比亚沙圣 vs 拿戈纳克,,,,,,,0,,,D:\codex\v3_legacy\outputs\football_odds_trader\raw\titan007\20261010\20261010_222009_titan007_odds_snapshot.csv,NOT_FINAL_STATE_0,5b3f02605eb06ba3a327,RUN_20261010_222944,V4,2026-10-10T22:20:09+08:00,2026-10-10T22:20:09+08:00,2026-10-10T22:30:00+08:00,0.164,False,False,False
V4_SHADOW,3080249,2026-10-10,西丁,拉维根德尔卡米诺 vs 曼西莱斯,,,,,,,0,,,D:\codex\v3_legacy\outputs\football_odds_trader\raw\titan007\20261010\20261010_222009_titan007_odds_snapshot.csv,NOT_FINAL_STATE_0,71ba97eb9348ca75f1cc,RUN_20261010_222944,V4,2026-10-10T22:20:09+08:00,2026-10-10T22:20:09+08:00,2026-10-10T22:30:00+08:00,0.164,False,False,False
V4_SHADOW,3080402,2026-10-10,西丁,米兰迪斯B队 vs 圭久洛,,,,,,,0,,,D:\codex\v3_legacy\outputs\football_odds_trader\raw\titan007\20261010\20261010_222009_titan007_odds_snapshot.csv,NOT_FINAL_STATE_0,b768762440469ce0cb38,RUN_20261010_222944,V4,2026-10-10T22:20:09+08:00,2026-10-10T22:20:09+08:00,2026-10-10T22:30:00+08:00,0.164,False,False,False
V4_SHADOW,3079015,2026-10-10,西丁,奥艾 vs 维格瓦尔特,,,,,,,0,,,D:\codex\v3_legacy\outputs\football_odds_trader\raw\titan007\20261010\20261010_222009_titan007_odds_snapshot.csv,NOT_FINAL_STATE_0,d3b0891f39314863bdab,RUN_20261010_222944,V4,2026-10-10T22:20:09+08:00,2026-10-10T22:20:09+08:00,2026-10-10T22:30:00+08:00,0.164,False,False,False
V4_SHADOW,3079019,2026-10-10,西丁,木提维拉 vs AD圣胡安,,,,,,,0,,,D:\codex\v3_legacy\outputs\football_odds_trader\raw\titan007\20261010\20261010_222009_titan007_odds_snapshot.csv,NOT_FINAL_STATE_0,81a2cb5784bdbe0bef8e,RUN_20261010_222944,V4,2026-10-10T22:20:09+08:00,2026-10-10T22:20:09+08:00,2026-10-10T22:30:00+08:00,0.164,False,False,False
V4_SHADOW,3079022,2026-10-10,西丁,衣扎拉 vs 潘普洛纳,,,,,,,0,,,D:\codex\v3_legacy\outputs\football_odds_trader\raw\titan007\20261010\20261010_222009_titan007_odds_snapshot.csv,NOT_FINAL_STATE_0,a2d451b52cd423e40a27,RUN_20261010_222944,V4,2026-10-10T22:20:09+08:00,2026-10-10T22:20:09+08:00,2026-10-10T22:30:00+08:00,0.164,False,False,False
V4_SHADOW,3078085,2026-10-10,西丁,皇家阿安爵之 vs 科罗尼亚莫斯卡多,,,,,,,0,,,D:\codex\v3_legacy\outputs\football_odds_trader\raw\titan007\20261010\20261010_222009_titan007_odds_snapshot.csv,NOT_FINAL_STATE_0,836d2a217945710be09a,RUN_20261010_222944,V4,2026-10-10T22:20:09+08:00,2026-10-10T22:20:09+08:00,2026-10-10T22:30:00+08:00,0.164,False,False,False
V4_SHADOW,3082318,2026-10-10,西丁,科伦加 vs 帕拉维亚诺,,,,,,,0,,,D:\codex\v3_legacy\outputs\football_odds_trader\raw\titan007\20261010\20261010_222009_titan007_odds_snapshot.csv,NOT_FINAL_STATE_0,dc11f795f522959a542f,RUN_20261010_222944,V4,2026-10-10T22:20:09+08:00,2026-10-10T22:20:09+08:00,2026-10-10T22:30:00+08:00,0.164,False,False,False
V4_SHADOW,3061782,2026-10-10,西丁,贝尔奇特 vs 安道尔CF,,,,,,,0,,,D:\codex\v3_legacy\outputs\football_odds_trader\raw\titan007\20261010\20261010_222009_titan007_odds_snapshot.csv,NOT_FINAL_STATE_0,fd863011bd6f62d995c6,RUN_20261010_222944,V4,2026-10-10T22:20:09+08:00,2026-10-10T22:20:09+08:00,2026-10-10T22:30:00+08:00,0.164,False,False,False
V4_SHADOW,3061785,2026-10-10,西丁,CF卢卡 vs 谢塔莫,,,,,,,0,,,D:\codex\v3_legacy\outputs\football_odds_trader\raw\titan007\20261010\20261010_222009_titan007_odds_snapshot.csv,NOT_FINAL_STATE_0,41833f1521720010c42b,RUN_20261010_222944,V4,2026-10-10T22:20:09+08:00,2026-10-10T22:20:09+08:00,2026-10-10T22:30:00+08:00,0.164,False,False,False
V4_SHADOW,3060015,2026-10-10,西丁,特内里费C队 vs 北维拉德韦尔德,,,,,,,0,,,D:\codex\v3_legacy\outputs\football_odds_trader\raw\titan007\20261010\20261010_222009_titan007_odds_snapshot.csv,NOT_FINAL_STATE_0,e996cada3dd6ca18c909,RUN_20261010_222944,V4,2026-10-10T22:20:09+08:00,2026-10-10T22:20:09+08:00,2026-10-10T22:30:00+08:00,0.164,False,False,False
V4_SHADOW,3101203,2026-10-10,以U19,哈迪拉U19 vs 基尔史莫纳夏普尔U19,,,,,,,0,,,D:\codex\v3_legacy\outputs\football_odds_trader\raw\titan007\20261010\20261010_222009_titan007_odds_snapshot.csv,NOT_FINAL_STATE_0,37ce166d4a5622f9a2bd,RUN_20261010_222944,V4,2026-10-10T22:20:09+08:00,2026-10-10T22:20:09+08:00,2026-10-10T22:30:00+08:00,0.164,False,False,False
V4_SHADOW,3087178,2026-10-10,马耳乙,姆贾尔联 vs 维特奥沙星城,,,,,,,0,,,D:\codex\v3_legacy\outputs\football_odds_trader\raw\titan007\20261010\20261010_222009_titan007_odds_snapshot.csv,NOT_FINAL_STATE_0,a8ae81bc64be69e677a2,RUN_20261010_222944,V4,2026-10-10T22:20:09+08:00,2026-10-10T22:20:09+08:00,2026-10-10T22:30:00+08:00,0.164,False,False,False
V4_SHADOW,3070311,2026-10-10,比女甲,女士根特女足B队 vs 标准列治B队女足,,,,,,,0,,,D:\codex\v3_legacy\outputs\football_odds_trader\raw\titan007\20261010\20261010_222009_titan007_odds_snapshot.csv,NOT_FINAL_STATE_0,155ec82e96fd1e2cae45,RUN_20261010_222944,V4,2026-10-10T22:20:09+08:00,2026-10-10T22:20:09+08:00,2026-10-10T22:30:00+08:00,0.164,False,False,False
V4_SHADOW,3101178,2026-10-10,西女乙,维埃拉联邦女足 vs 波卒埃洛女足,,,,,,,0,,,D:\codex\v3_legacy\outputs\football_odds_trader\raw\titan007\20261010\20261010_222009_titan007_odds_snapshot.csv,NOT_FINAL_STATE_0,1a6c94f5fddcf864cb13,RUN_20261010_222944,V4,2026-10-10T22:20:09+08:00,2026-10-10T22:20:09+08:00,2026-10-10T22:30:00+08:00,0.164,False,False,False
V4_SHADOW,3099614,2026-10-10,直布超,林肯红魔 vs 欧洲足球俱乐部,,,,,,,0,,,D:\codex\v3_legacy\outputs\football_odds_trader\raw\titan007\20261010\20261010_222009_titan007_odds_snapshot.csv,NOT_FINAL_STATE_0,71a872c2bc144aa234d7,RUN_20261010_222944,V4,2026-10-10T22:20:09+08:00,2026-10-10T22:20:09+08:00,2026-10-10T22:30:00+08:00,0.164,False,False,False
V4_SHADOW,3101198,2026-10-10,以丙,哈波尔布内伊 vs 哈普尔苏眉,,,,,,,0,,,D:\codex\v3_legacy\outputs\football_odds_trader\raw\titan007\20261010\20261010_222009_titan007_odds_snapshot.csv,NOT_FINAL_STATE_0,db3aa1698611a568a0c9,RUN_20261010_222944,V4,2026-10-10T22:20:09+08:00,2026-10-10T22:20:09+08:00,2026-10-10T22:30:00+08:00,0.164,False,False,False
V4_SHADOW,3053938,2026-10-10,瑞士丙,沃伦 vs 兰根萨尔,,,,,,,0,,,D:\codex\v3_legacy\outputs\football_odds_trader\raw\titan007\20261010\20261010_222009_titan007_odds_snapshot.csv,NOT_FINAL_STATE_0,abcbbff0100acf3fe0eb,RUN_20261010_222944,V4,2026-10-10T22:20:09+08:00,2026-10-10T22:20:09+08:00,2026-10-10T22:30:00+08:00,0.164,False,False,False
V4_SHADOW,3100992,2026-10-10,西青U19,若西斯U19 vs 索拉雷斯U19,,,,,,,0,,,D:\codex\v3_legacy\outputs\football_odds_trader\raw\titan007\20261010\20261010_222009_titan007_odds_snapshot.csv,NOT_FINAL_STATE_0,030364e5b1f33ee200a5,RUN_20261010_222944,V4,2026-10-10T22:20:09+08:00,2026-10-10T22:20:09+08:00,2026-10-10T22:30:00+08:00,0.164,False,False,False
V4_SHADOW,3100995,2026-10-10,西青U19,巴达隆纳U19 vs 爱斯宾奴U19,,,,,,,0,,,D:\codex\v3_legacy\outputs\football_odds_trader\raw\titan007\20261010\20261010_222009_titan007_odds_snapshot.csv,NOT_FINAL_STATE_0,5bffbd134878664ea838,RUN_20261010_222944,V4,2026-10-10T22:20:09+08:00,2026-10-10T22:20:09+08:00,2026-10-10T22:30:00+08:00,0.164,False,False,False
V4_SHADOW,3101176,2026-10-10,意青U19,波坦察U19 vs 卡维斯U19,,,,,,,0,,,D:\codex\v3_legacy\outputs\football_odds_trader\raw\titan007\20261010\20261010_222009_titan007_odds_snapshot.csv,NOT_FINAL_STATE_0,2d4d937e7df437c7b326,RUN_20261010_222944,V4,2026-10-10T22:20:09+08:00,2026-10-10T22:20:09+08:00,2026-10-10T22:30:00+08:00,0.164,False,False,False
V4_SHADOW,3093470,2026-10-10,科威特联,阿尔塔达孟 vs 卡达西亚SC,,,,,,,0,,,D:\codex\v3_legacy\outputs\football_odds_trader\raw\titan007\20261010\20261010_222009_titan007_odds_snapshot.csv,NOT_FINAL_STATE_0,8a154e93c730845b0654,RUN_20261010_222944,V4,2026-10-10T22:20:09+08:00,2026-10-10T22:20:09+08:00,2026-10-10T22:50:00+08:00,0.497,False,False,False
V4_SHADOW,3077278,2026-10-10,希腊甲,马尔科 vs 拉里萨,,,,,,,0,,,D:\codex\v3_legacy\outputs\football_odds_trader\raw\titan007\20261010\20261010_223725_titan007_odds_snapshot.csv,NOT_FINAL_STATE_0,b3cf8237a4869ede9df2,RUN_20261010_222944,V4,2026-10-10T22:20:09+08:00,2026-10-10T22:20:09+08:00,2026-10-10T23:00:00+08:00,0.664,False,False,False
V4_SHADOW,3100816,2026-10-10,非青U17,布基纳法索U17 vs 贝宁U17,,,,,,,0,,,D:\codex\v3_legacy\outputs\football_odds_trader\raw\titan007\20261010\20261010_222009_titan007_odds_snapshot.csv,NOT_FINAL_STATE_0,1c5a32ccf6a24b42f44b,RUN_20261010_222944,V4,2026-10-10T22:20:09+08:00,2026-10-10T22:20:09+08:00,2026-10-10T23:00:00+08:00,0.664,False,False,False
V4_SHADOW,3018500,2026-10-10,匈乙,吉尔蒙特 vs 纳吉卡尼塞,,,,,,,0,,,D:\codex\v3_legacy\outputs\football_odds_trader\raw\titan007\20261010\20261010_222009_titan007_odds_snapshot.csv,NOT_FINAL_STATE_0,22ff25ad450628d40e72,RUN_20261010_222944,V4,2026-10-10T22:20:09+08:00,2026-10-10T22:20:09+08:00,2026-10-10T23:00:00+08:00,0.664,False,False,False
V4_SHADOW,3018502,2026-10-10,匈乙,肯佐米斯莱尼 vs 迪欧斯捷尔,,,,,,,0,,,D:\codex\v3_legacy\outputs\football_odds_trader\raw\titan007\20261010\20261010_222009_titan007_odds_snapshot.csv,NOT_FINAL_STATE_0,97227afaaa22f9346593,RUN_20261010_222944,V4,2026-10-10T22:20:09+08:00,2026-10-10T22:20:09+08:00,2026-10-10T23:00:00+08:00,0.664,False,False,False
V4_SHADOW,3018504,2026-10-10,匈乙,多瑙蒂萨 vs 阿贾克,,,,,,,0,,,D:\codex\v3_legacy\outputs\football_odds_trader\raw\titan007\20261010\20261010_222009_titan007_odds_snapshot.csv,NOT_FINAL_STATE_0,081aead1ed2f3c267f15,RUN_20261010_222944,V4,2026-10-10T22:20:09+08:00,2026-10-10T22:20:09+08:00,2026-10-10T23:00:00+08:00,0.664,False,False,False
V4_SHADOW,3018505,2026-10-10,匈乙,维迪奥顿 vs 辛特罗尼克,,,,,,,0,,,D:\codex\v3_legacy\outputs\football_odds_trader\raw\titan007\20261010\20261010_222009_titan007_odds_snapshot.csv,NOT_FINAL_STATE_0,8a1e80141b01d6f65b31,RUN_20261010_222944,V4,2026-10-10T22:20:09+08:00,2026-10-10T22:20:09+08:00,2026-10-10T23:00:00+08:00,0.664,False,False,False
V4_SHADOW,3018622,2026-10-10,匈乙,梅索科菲德 vs 塞格德2011,,,,,,,0,,,D:\codex\v3_legacy\outputs\football_odds_trader\raw\titan007\20261010\20261010_222009_titan007_odds_snapshot.csv,NOT_FINAL_STATE_0,0cc9d5ab71a4fef74fa9,RUN_20261010_222944,V4,2026-10-10T22:20:09+08:00,2026-10-10T22:20:09+08:00,2026-10-10T23:00:00+08:00,0.664,False,False,False
V4_SHADOW,3100216,2026-10-10,叙利亚甲,特舒利恩 vs 阿尔喀拉马,,,,,,,0,,,D:\codex\v3_legacy\outputs\football_odds_trader\raw\titan007\20261010\20261010_222009_titan007_odds_snapshot.csv,NOT_FINAL_STATE_0,cdab70a76ddba1109fd5,RUN_20261010_222944,V4,2026-10-10T22:20:09+08:00,2026-10-10T22:20:09+08:00,2026-10-10T23:00:00+08:00,0.664,False,False,False
V4_SHADOW,3027037,2026-10-10,波斯甲,史洛加多波 vs 日林斯基,,,,,,,0,,,D:\codex\v3_legacy\outputs\football_odds_trader\raw\titan007\20261010\20261010_222009_titan007_odds_snapshot.csv,NOT_FINAL_STATE_0,a25587821e6139f5987d,RUN_20261010_222944,V4,2026-10-10T22:20:09+08:00,2026-10-10T22:20:09+08:00,2026-10-10T23:00:00+08:00,0.664,False,False,False
V4_SHADOW,3024554,2026-10-10,阿美超,阿拉特亚美尼亚 vs 艾拉斯克特,阿拉特亚美尼亚,receiving,0.25,1.8,C,,0,,,D:\codex\v3_legacy\outputs\football_odds_trader\raw\titan007\20261010\20261010_222009_titan007_odds_snapshot.csv,NOT_FINAL_STATE_0,de0b80ce7aa86bca635b,,V4,2026-10-10T14:29:18+08:00,2026-10-10T14:29:18+08:00,2026-10-10T23:00:00+08:00,8.512,False,True,False
V4_SHADOW,3046680,2026-10-10,瑞典丙降,弗里斯卡 vs IFK于默奥,,,,,,,0,,,D:\codex\v3_legacy\outputs\football_odds_trader\raw\titan007\20261010\20261010_222009_titan007_odds_snapshot.csv,NOT_FINAL_STATE_0,78f05cbfeede2d254d36,RUN_20261010_222944,V4,2026-10-10T22:20:09+08:00,2026-10-10T22:20:09+08:00,2026-10-10T23:00:00+08:00,0.664,False,False,False
V4_SHADOW,3046681,2026-10-10,瑞典丙降,斯图尔福什AIK vs FC学院,,,,,,,0,,,D:\codex\v3_legacy\outputs\football_odds_trader\raw\titan007\20261010\20261010_222009_titan007_odds_snapshot.csv,NOT_FINAL_STATE_0,19658719768eb3c4cb9f,RUN_20261010_222944,V4,2026-10-10T22:20:09+08:00,2026-10-10T22:20:09+08:00,2026-10-10T23:00:00+08:00,0.664,False,False,False
V4_SHADOW,3046682,2026-10-10,瑞典丙降,托尔恩格鲁本 vs 弗兰斯塔,,,,,,,0,,,D:\codex\v3_legacy\outputs\football_odds_trader\raw\titan007\20261010\20261010_222009_titan007_odds_snapshot.csv,NOT_FINAL_STATE_0,31a3d7d7f6fd00189c9a,RUN_20261010_222944,V4,2026-10-10T22:20:09+08:00,2026-10-10T22:20:09+08:00,2026-10-10T23:00:00+08:00,0.664,False,False,False
V4_SHADOW,2926824,2026-10-10,瑞典丙SS,西里安斯卡FC vs 法斯塔,,,,,,,0,,,D:\codex\v3_legacy\outputs\football_odds_trader\raw\titan007\20261010\20261010_222009_titan007_odds_snapshot.csv,NOT_FINAL_STATE_0,a1ad10f72a343ee8f70b,RUN_20261010_222944,V4,2026-10-10T22:20:09+08:00,2026-10-10T22:20:09+08:00,2026-10-10T23:00:00+08:00,0.664,False,False,False
V4_SHADOW,2927007,2026-10-10,瑞典丙VG,康加哈拉 vs 柯维丁,,,,,,,0,,,D:\codex\v3_legacy\outputs\football_odds_trader\raw\titan007\20261010\20261010_222009_titan007_odds_snapshot.csv,NOT_FINAL_STATE_0,d35939018d0bf2d4df10,RUN_20261010_222944,V4,2026-10-10T22:20:09+08:00,2026-10-10T22:20:09+08:00,2026-10-10T23:00:00+08:00,0.664,False,False,False
V4_SHADOW,3098165,2026-10-10,斯伐丙,尼特拉 vs 查布拉迪斯拉华,,,,,,,0,,,D:\codex\v3_legacy\outputs\football_odds_trader\raw\titan007\20261010\20261010_222009_titan007_odds_snapshot.csv,NOT_FINAL_STATE_0,1eca61a6459f595913a3,RUN_20261010_222944,V4,2026-10-10T22:20:09+08:00,2026-10-10T22:20:09+08:00,2026-10-10T23:00:00+08:00,0.664,False,False,False
V4_SHADOW,3081644,2026-10-10,尼日超,伊科罗杜城FC vs 卡瓦拉联,,,,,,,0,,,D:\codex\v3_legacy\outputs\football_odds_trader\raw\titan007\20261010\20261010_222009_titan007_odds_snapshot.csv,NOT_FINAL_STATE_0,3542dcc75656f78c8c7c,RUN_20261010_222944,V4,2026-10-10T22:20:09+08:00,2026-10-10T22:20:09+08:00,2026-10-10T23:00:00+08:00,0.664,False,False,False
V4_SHADOW,3081651,2026-10-10,尼日超,瑞切尔 vs 尼日尔FC,,,,,,,0,,,D:\codex\v3_legacy\outputs\football_odds_trader\raw\titan007\20261010\20261010_222009_titan007_odds_snapshot.csv,NOT_FINAL_STATE_0,4726266742de71e1f96e,RUN_20261010_222944,V4,2026-10-10T22:20:09+08:00,2026-10-10T22:20:09+08:00,2026-10-10T23:00:00+08:00,0.664,False,False,False
V4_SHADOW,3078705,2026-10-10,西丁,戈阿尼佐 vs 比扎纳,,,,,,,0,,,D:\codex\v3_legacy\outputs\football_odds_trader\raw\titan007\20261010\20261010_222009_titan007_odds_snapshot.csv,NOT_FINAL_STATE_0,9e2c48d9313c3502283b,RUN_20261010_222944,V4,2026-10-10T22:20:09+08:00,2026-10-10T22:20:09+08:00,2026-10-10T23:00:00+08:00,0.664,False,False,False
V4_SHADOW,3078706,2026-10-10,西丁,CD纳华 vs 索拉雷斯,,,,,,,0,,,D:\codex\v3_legacy\outputs\football_odds_trader\raw\titan007\20261010\20261010_222009_titan007_odds_snapshot.csv,NOT_FINAL_STATE_0,fda6b309a2449a0c2a3d,RUN_20261010_222944,V4,2026-10-10T22:20:09+08:00,2026-10-10T22:20:09+08:00,2026-10-10T23:00:00+08:00,0.664,False,False,False
V4_SHADOW,3079936,2026-10-10,西丁,阿齐纳塔 vs 阿瑟罗,,,,,,,0,,,D:\codex\v3_legacy\outputs\football_odds_trader\raw\titan007\20261010\20261010_222009_titan007_odds_snapshot.csv,NOT_FINAL_STATE_0,5ce2efb21ff7acd92d1a,RUN_20261010_222944,V4,2026-10-10T22:20:09+08:00,2026-10-10T22:20:09+08:00,2026-10-10T23:00:00+08:00,0.664,False,False,False
V4_SHADOW,3079938,2026-10-10,西丁,祖维艾斯潘诺 vs CD洛达,,,,,,,0,,,D:\codex\v3_legacy\outputs\football_odds_trader\raw\titan007\20261010\20261010_222009_titan007_odds_snapshot.csv,NOT_FINAL_STATE_0,ec9a33f70631cfcf1fb0,RUN_20261010_222944,V4,2026-10-10T22:20:09+08:00,2026-10-10T22:20:09+08:00,2026-10-10T23:00:00+08:00,0.664,False,False,False
V4_SHADOW,3080253,2026-10-10,西丁,维拉拉玻 vs 图雷加诺,,,,,,,0,,,D:\codex\v3_legacy\outputs\football_odds_trader\raw\titan007\20261010\20261010_222009_titan007_odds_snapshot.csv,NOT_FINAL_STATE_0,63f382c793864447aad3,RUN_20261010_222944,V4,2026-10-10T22:20:09+08:00,2026-10-10T22:20:09+08:00,2026-10-10T23:00:00+08:00,0.664,False,False,False
V4_SHADOW,3077750,2026-10-10,西丁,埃兰迪奥 vs 埃拉维斯C队,,,,,,,0,,,D:\codex\v3_legacy\outputs\football_odds_trader\raw\titan007\20261010\20261010_222009_titan007_odds_snapshot.csv,NOT_FINAL_STATE_0,ac320e20dc4b78786d54,RUN_20261010_222944,V4,2026-10-10T22:20:09+08:00,2026-10-10T22:20:09+08:00,2026-10-10T23:00:00+08:00,0.664,False,False,False
V4_SHADOW,3077754,2026-10-10,西丁,圣图智 vs 皇家联邦B队,,,,,,,0,,,D:\codex\v3_legacy\outputs\football_odds_trader\raw\titan007\20261010\20261010_222009_titan007_odds_snapshot.csv,NOT_FINAL_STATE_0,9c1ecc1cf1949968db20,RUN_20261010_222944,V4,2026-10-10T22:20:09+08:00,2026-10-10T22:20:09+08:00,2026-10-10T23:00:00+08:00,0.664,False,False,False
V4_SHADOW,3079632,2026-10-10,西丁,科米利亚斯 vs 奥恩沙,,,,,,,0,,,D:\codex\v3_legacy\outputs\football_odds_trader\raw\titan007\20261010\20261010_222009_titan007_odds_snapshot.csv,NOT_FINAL_STATE_0,b6f37f68be782161b58b,RUN_20261010_222944,V4,2026-10-10T22:20:09+08:00,2026-10-10T22:20:09+08:00,2026-10-10T23:00:00+08:00,0.664,False,False,False
V4_SHADOW,3091069,2026-10-10,西丁,莫利嫩塞 vs 阿尔坎塔里拉,,,,,,,0,,,D:\codex\v3_legacy\outputs\football_odds_trader\raw\titan007\20261010\20261010_222009_titan007_odds_snapshot.csv,NOT_FINAL_STATE_0,3e37d2e43b505c7a2eea,RUN_20261010_222944,V4,2026-10-10T22:20:09+08:00,2026-10-10T22:20:09+08:00,2026-10-10T23:00:00+08:00,0.664,False,False,False
V4_SHADOW,3091070,2026-10-10,西丁,EF圣克鲁斯 vs 科蒂拉斯,,,,,,,0,,,D:\codex\v3_legacy\outputs\football_odds_trader\raw\titan007\20261010\20261010_222009_titan007_odds_snapshot.csv,NOT_FINAL_STATE_0,f68694517f4486c4bb4f,RUN_20261010_222944,V4,2026-10-10T22:20:09+08:00,2026-10-10T22:20:09+08:00,2026-10-10T23:00:00+08:00,0.664,False,False,False
V4_SHADOW,3091225,2026-10-10,西丁,AT普尔 vs 巴拉阿佐,,,,,,,0,,,D:\codex\v3_legacy\outputs\football_odds_trader\raw\titan007\20261010\20261010_222009_titan007_odds_snapshot.csv,NOT_FINAL_STATE_0,bed43598216c1ca82ba5,RUN_20261010_222944,V4,2026-10-10T22:20:09+08:00,2026-10-10T22:20:09+08:00,2026-10-10T23:00:00+08:00,0.664,False,False,False
V4_SHADOW,3060316,2026-10-10,西丁,艾曼沙 vs 玛查莫洛,,,,,,,0,,,D:\codex\v3_legacy\outputs\football_odds_trader\raw\titan007\20261010\20261010_222009_titan007_odds_snapshot.csv,NOT_FINAL_STATE_0,036c2af51bda57957857,RUN_20261010_222944,V4,2026-10-10T22:20:09+08:00,2026-10-10T22:20:09+08:00,2026-10-10T23:00:00+08:00,0.664,False,False,False
V4_SHADOW,3060321,2026-10-10,西丁,CD塔兰孔 vs 索库埃利亚莫斯,,,,,,,0,,,D:\codex\v3_legacy\outputs\football_odds_trader\raw\titan007\20261010\20261010_222009_titan007_odds_snapshot.csv,NOT_FINAL_STATE_0,d2ef86b794abd3a32b33,RUN_20261010_222944,V4,2026-10-10T22:20:09+08:00,2026-10-10T22:20:09+08:00,2026-10-10T23:00:00+08:00,0.664,False,False,False
V4_SHADOW,3048666,2026-10-10,西丁,阿泰利科 vs 索摩扎斯,,,,,,,0,,,D:\codex\v3_legacy\outputs\football_odds_trader\raw\titan007\20261010\20261010_222009_titan007_odds_snapshot.csv,NOT_FINAL_STATE_0,671777aa2ed03515ef55,RUN_20261010_222944,V4,2026-10-10T22:20:09+08:00,2026-10-10T22:20:09+08:00,2026-10-10T23:00:00+08:00,0.664,False,False,False
V4_SHADOW,3078394,2026-10-10,西丁,UD阿雷纳尔 vs PE圣约尔迪,,,,,,,0,,,D:\codex\v3_legacy\outputs\football_odds_trader\raw\titan007\20261010\20261010_222009_titan007_odds_snapshot.csv,NOT_FINAL_STATE_0,78a5b8da324bf382bdb2,RUN_20261010_222944,V4,2026-10-10T22:20:09+08:00,2026-10-10T22:20:09+08:00,2026-10-10T23:00:00+08:00,0.664,False,False,False
V4_SHADOW,3078395,2026-10-10,西丁,伊维萨国际 vs 伊比萨岛,,,,,,,0,,,D:\codex\v3_legacy\outputs\football_odds_trader\raw\titan007\20261010\20261010_222009_titan007_odds_snapshot.csv,NOT_FINAL_STATE_0,ad28774afa4a699039cb,RUN_20261010_222944,V4,2026-10-10T22:20:09+08:00,2026-10-10T22:20:09+08:00,2026-10-10T23:00:00+08:00,0.664,False,False,False
V4_SHADOW,3078398,2026-10-10,西丁,安德拉特克斯 vs 比尼萨冷,,,,,,,0,,,D:\codex\v3_legacy\outputs\football_odds_trader\raw\titan007\20261010\20261010_222009_titan007_odds_snapshot.csv,NOT_FINAL_STATE_0,be71cb359491cba26193,RUN_20261010_222944,V4,2026-10-10T22:20:09+08:00,2026-10-10T22:20:09+08:00,2026-10-10T23:00:00+08:00,0.664,False,False,False
V4_SHADOW,3092859,2026-10-10,摩洛乙,布贾德体育 vs 克尼特拉,,,,,,,0,,,D:\codex\v3_legacy\outputs\football_odds_trader\raw\titan007\20261010\20261010_222009_titan007_odds_snapshot.csv,NOT_FINAL_STATE_0,8632217aaa0d260881c7,RUN_20261010_222944,V4,2026-10-10T22:20:09+08:00,2026-10-10T22:20:09+08:00,2026-10-10T23:00:00+08:00,0.664,False,False,False
V4_SHADOW,3092863,2026-10-10,摩洛乙,查巴本吉尔 vs 斯塔德摩洛哥,,,,,,,0,,,D:\codex\v3_legacy\outputs\football_odds_trader\raw\titan007\20261010\20261010_222009_titan007_odds_snapshot.csv,NOT_FINAL_STATE_0,6f63f57f10626d2de636,RUN_20261010_222944,V4,2026-10-10T22:20:09+08:00,2026-10-10T22:20:09+08:00,2026-10-10T23:00:00+08:00,0.664,False,False,False
V4_SHADOW,3092864,2026-10-10,摩洛乙,乌季达 vs 奥林匹克萨非,,,,,,,0,,,D:\codex\v3_legacy\outputs\football_odds_trader\raw\titan007\20261010\20261010_222009_titan007_odds_snapshot.csv,NOT_FINAL_STATE_0,8b9b2f983ef8c289f82d,RUN_20261010_222944,V4,2026-10-10T22:20:09+08:00,2026-10-10T22:20:09+08:00,2026-10-10T23:00:00+08:00,0.664,False,False,False
V4_SHADOW,2969814,2026-10-10,白俄甲,明斯克迪纳摩后备队 vs 波里索夫巴特B队,,,,,,,-14,,,D:\codex\v3_legacy\outputs\football_odds_trader\raw\titan007\20261010\20261010_222009_titan007_odds_snapshot.csv,NOT_FINAL_STATE_-14,3d713fb1f388a8a4f3c3,RUN_20261010_222944,V4,2026-10-10T22:20:09+08:00,2026-10-10T22:20:09+08:00,2026-10-10T23:00:00+08:00,0.664,False,False,False
V4_SHADOW,2966523,2026-10-10,俄乙B中,斯巴达坦波夫 vs FK雷阿萨,,,,,,,0,,,D:\codex\v3_legacy\outputs\football_odds_trader\raw\titan007\20261010\20261010_222009_titan007_odds_snapshot.csv,NOT_FINAL_STATE_0,e16e4c668ec972d5cc8a,RUN_20261010_222944,V4,2026-10-10T22:20:09+08:00,2026-10-10T22:20:09+08:00,2026-10-10T23:00:00+08:00,0.664,False,False,False
V4_SHADOW,3071925,2026-10-10,伊拉联,阿尔沙马尔 vs 阿尔米纳,,,,,,,0,,,D:\codex\v3_legacy\outputs\football_odds_trader\raw\titan007\20261010\20261010_222009_titan007_odds_snapshot.csv,NOT_FINAL_STATE_0,3c141c3fc9c716f0023a,RUN_20261010_222944,V4,2026-10-10T22:20:09+08:00,2026-10-10T22:20:09+08:00,2026-10-10T23:00:00+08:00,0.664,False,False,False
V4_SHADOW,3070312,2026-10-10,比女甲,达梅女足 vs 旧海弗莱鲁汶B队女足,,,,,,,0,,,D:\codex\v3_legacy\outputs\football_odds_trader\raw\titan007\20261010\20261010_222009_titan007_odds_snapshot.csv,NOT_FINAL_STATE_0,6545930871729e36dc62,RUN_20261010_222944,V4,2026-10-10T22:20:09+08:00,2026-10-10T22:20:09+08:00,2026-10-10T23:00:00+08:00,0.664,False,False,False
V4_SHADOW,3098186,2026-10-10,波兰丙,比得哥什东夏电器 vs 格但斯克吉达尼亚,,,,,,,0,,,D:\codex\v3_legacy\outputs\football_odds_trader\raw\titan007\20261010\20261010_222009_titan007_odds_snapshot.csv,NOT_FINAL_STATE_0,72abf5624b541fbf8a70,RUN_20261010_222944,V4,2026-10-10T22:20:09+08:00,2026-10-10T22:20:09+08:00,2026-10-10T23:00:00+08:00,0.664,False,False,False
V4_SHADOW,3098193,2026-10-10,波兰丙,卡尔科努 vs 斯巴达卡杜华斯,,,,,,,0,,,D:\codex\v3_legacy\outputs\football_odds_trader\raw\titan007\20261010\20261010_222009_titan007_odds_snapshot.csv,NOT_FINAL_STATE_0,8136173bdf66e44ef02b,RUN_20261010_222944,V4,2026-10-10T22:20:09+08:00,2026-10-10T22:20:09+08:00,2026-10-10T23:00:00+08:00,0.664,False,False,False
V4_SHADOW,3098195,2026-10-10,波兰丙,恩尔格提克 vs 弗罗茨瓦夫,,,,,,,0,,,D:\codex\v3_legacy\outputs\football_odds_trader\raw\titan007\20261010\20261010_222009_titan007_odds_snapshot.csv,NOT_FINAL_STATE_0,14462ea9ae22fc6080d8,RUN_20261010_222944,V4,2026-10-10T22:20:09+08:00,2026-10-10T22:20:09+08:00,2026-10-10T23:00:00+08:00,0.664,False,False,False
V4_SHADOW,3098198,2026-10-10,波兰丙,索斯诺维克 vs 克鲁茨波克,,,,,,,0,,,D:\codex\v3_legacy\outputs\football_odds_trader\raw\titan007\20261010\20261010_222009_titan007_odds_snapshot.csv,NOT_FINAL_STATE_0,7402654d1218212dfe0f,RUN_20261010_222944,V4,2026-10-10T22:20:09+08:00,2026-10-10T22:20:09+08:00,2026-10-10T23:00:00+08:00,0.664,False,False,False
V4_SHADOW,3044005,2026-10-10,瑞士乙,苏黎世B队 vs 布雷特雷,,,,,,,0,,,D:\codex\v3_legacy\outputs\football_odds_trader\raw\titan007\20261010\20261010_222009_titan007_odds_snapshot.csv,NOT_FINAL_STATE_0,ca140b9d82a79458aaac,RUN_20261010_222944,V4,2026-10-10T22:20:09+08:00,2026-10-10T22:20:09+08:00,2026-10-10T23:00:00+08:00,0.664,False,False,False
V4_SHADOW,3044006,2026-10-10,瑞士乙,布勒 vs FC天堂,,,,,,,0,,,D:\codex\v3_legacy\outputs\football_odds_trader\raw\titan007\20261010\20261010_222009_titan007_odds_snapshot.csv,NOT_FINAL_STATE_0,ebece38c5155c80b7fff,RUN_20261010_222944,V4,2026-10-10T22:20:09+08:00,2026-10-10T22:20:09+08:00,2026-10-10T23:00:00+08:00,0.664,False,False,False
V4_SHADOW,3044008,2026-10-10,瑞士乙,伯尔尼年轻人U21 vs 查姆,,,,,,,0,,,D:\codex\v3_legacy\outputs\football_odds_trader\raw\titan007\20261010\20261010_222009_titan007_odds_snapshot.csv,NOT_FINAL_STATE_0,30693aee2f120db43bc1,RUN_20261010_222944,V4,2026-10-10T22:20:09+08:00,2026-10-10T22:20:09+08:00,2026-10-10T23:00:00+08:00,0.664,False,False,False
V4_SHADOW,3101182,2026-10-10,西女乙,塞尔塔女足 vs 拉科鲁尼亚B队女足,,,,,,,0,,,D:\codex\v3_legacy\outputs\football_odds_trader\raw\titan007\20261010\20261010_222009_titan007_odds_snapshot.csv,NOT_FINAL_STATE_0,2752b622f5350a39a2b0,RUN_20261010_222944,V4,2026-10-10T22:20:09+08:00,2026-10-10T22:20:09+08:00,2026-10-10T23:00:00+08:00,0.664,False,False,False
V4_SHADOW,3100430,2026-10-10,阿联酋乙,富桑西班牙FC vs 阿尔萨赫拉,,,,,,,0,,,D:\codex\v3_legacy\outputs\football_odds_trader\raw\titan007\20261010\20261010_222009_titan007_odds_snapshot.csv,NOT_FINAL_STATE_0,a0bec55fedc6dc74e5ed,RUN_20261010_222944,V4,2026-10-10T22:20:09+08:00,2026-10-10T22:20:09+08:00,2026-10-10T23:00:00+08:00,0.664,False,False,False
V4_SHADOW,3053696,2026-10-10,瑞士丙,泰华尼 vs 泰韦尔,,,,,,,0,,,D:\codex\v3_legacy\outputs\football_odds_trader\raw\titan007\20261010\20261010_222009_titan007_odds_snapshot.csv,NOT_FINAL_STATE_0,1b9a2a4ba84a78624265,RUN_20261010_222944,V4,2026-10-10T22:20:09+08:00,2026-10-10T22:20:09+08:00,2026-10-10T23:00:00+08:00,0.664,False,False,False
V4_SHADOW,3053700,2026-10-10,瑞士丙,圣加伦U21 vs 弗赖恩巴赫,,,,,,,0,,,D:\codex\v3_legacy\outputs\football_odds_trader\raw\titan007\20261010\20261010_222009_titan007_odds_snapshot.csv,NOT_FINAL_STATE_0,2a4a1c6da10e5ab21097,RUN_20261010_222944,V4,2026-10-10T22:20:09+08:00,2026-10-10T22:20:09+08:00,2026-10-10T23:00:00+08:00,0.664,False,False,False
V4_SHADOW,3019777,2026-10-10,瑞士丙,锡永U21 vs 蒙泰,,,,,,,0,,,D:\codex\v3_legacy\outputs\football_odds_trader\raw\titan007\20261010\20261010_222009_titan007_odds_snapshot.csv,NOT_FINAL_STATE_0,51d72fadbf9430e2bb35,RUN_20261010_222944,V4,2026-10-10T22:20:09+08:00,2026-10-10T22:20:09+08:00,2026-10-10T23:00:00+08:00,0.664,False,False,False
V4_SHADOW,3019778,2026-10-10,瑞士丙,格兰德 vs 拉夏德芳,,,,,,,0,,,D:\codex\v3_legacy\outputs\football_odds_trader\raw\titan007\20261010\20261010_222009_titan007_odds_snapshot.csv,NOT_FINAL_STATE_0,01e156f9fce30d6def5b,RUN_20261010_222944,V4,2026-10-10T22:20:09+08:00,2026-10-10T22:20:09+08:00,2026-10-10T23:00:00+08:00,0.664,False,False,False
V4_SHADOW,3053939,2026-10-10,瑞士丙,康戈迪亚 vs 草蜢U21,,,,,,,0,,,D:\codex\v3_legacy\outputs\football_odds_trader\raw\titan007\20261010\20261010_222009_titan007_odds_snapshot.csv,NOT_FINAL_STATE_0,0ac7f9b93a7ee9c32366,RUN_20261010_222944,V4,2026-10-10T22:20:09+08:00,2026-10-10T22:20:09+08:00,2026-10-10T23:00:00+08:00,0.664,False,False,False
V4_SHADOW,3053940,2026-10-10,瑞士丙,杜安U21 vs 慕特登兹,,,,,,,0,,,D:\codex\v3_legacy\outputs\football_odds_trader\raw\titan007\20261010\20261010_222009_titan007_odds_snapshot.csv,NOT_FINAL_STATE_0,f34f6ff5f020439537d7,RUN_20261010_222944,V4,2026-10-10T22:20:09+08:00,2026-10-10T22:20:09+08:00,2026-10-10T23:00:00+08:00,0.664,False,False,False
V4_SHADOW,3100996,2026-10-10,西青U19,巴列卡诺U19 vs 梅里达UD U19,,,,,,,0,,,D:\codex\v3_legacy\outputs\football_odds_trader\raw\titan007\20261010\20261010_222009_titan007_odds_snapshot.csv,NOT_FINAL_STATE_0,019459aad16c9a6e7f0c,RUN_20261010_222944,V4,2026-10-10T22:20:09+08:00,2026-10-10T22:20:09+08:00,2026-10-10T23:00:00+08:00,0.664,False,False,False
V4_SHADOW,3101003,2026-10-10,西青U19,阿达维联U19 vs 瑞欧马加达宏达U19,,,,,,,0,,,D:\codex\v3_legacy\outputs\football_odds_trader\raw\titan007\20261010\20261010_222009_titan007_odds_snapshot.csv,NOT_FINAL_STATE_0,d2335259a9cbcfe006d4,RUN_20261010_222944,V4,2026-10-10T22:20:09+08:00,2026-10-10T22:20:09+08:00,2026-10-10T23:00:00+08:00,0.664,False,False,False
V4_SHADOW,3101005,2026-10-10,西青U19,皇家马德里U19 vs 艾科坎U19,,,,,,,0,,,D:\codex\v3_legacy\outputs\football_odds_trader\raw\titan007\20261010\20261010_222009_titan007_odds_snapshot.csv,NOT_FINAL_STATE_0,00ee5c359d48ccf0fd17,RUN_20261010_222944,V4,2026-10-10T22:20:09+08:00,2026-10-10T22:20:09+08:00,2026-10-10T23:00:00+08:00,0.664,False,False,False
V4_SHADOW,3101184,2026-10-10,西地区联,LA油箱 vs 韦格利纳CF,,,,,,,0,,,D:\codex\v3_legacy\outputs\football_odds_trader\raw\titan007\20261010\20261010_222009_titan007_odds_snapshot.csv,NOT_FINAL_STATE_0,4414faa8af82c7626c50,RUN_20261010_222944,V4,2026-10-10T22:20:09+08:00,2026-10-10T22:20:09+08:00,2026-10-10T23:00:00+08:00,0.664,False,False,False
V4_SHADOW,3101074,2026-10-10,西地区联,FC根托纳 vs 曼列乌,,,,,,,0,,,D:\codex\v3_legacy\outputs\football_odds_trader\raw\titan007\20261010\20261010_222009_titan007_odds_snapshot.csv,NOT_FINAL_STATE_0,cae397076e85bde39a36,RUN_20261010_222944,V4,2026-10-10T22:20:09+08:00,2026-10-10T22:20:09+08:00,2026-10-10T23:00:00+08:00,0.664,False,False,False
V4_SHADOW,3098338,2026-10-10,国际友谊,印度尼西亚女足 vs 亚美尼亚女足,,,,,,,0,,,D:\codex\v3_legacy\outputs\football_odds_trader\raw\titan007\20261010\20261010_222009_titan007_odds_snapshot.csv,NOT_FINAL_STATE_0,fdcf57f074201728ffd3,RUN_20261010_222944,V4,2026-10-10T22:20:09+08:00,2026-10-10T22:20:09+08:00,2026-10-10T23:00:00+08:00,0.664,False,False,False
V4_SHADOW,3101077,2026-10-10,国际友谊,约旦女足U20 vs 沙特阿拉伯女足U20,,,,,,,0,,,D:\codex\v3_legacy\outputs\football_odds_trader\raw\titan007\20261010\20261010_222009_titan007_odds_snapshot.csv,NOT_FINAL_STATE_0,85e3156e0d1adc8172f9,RUN_20261010_222944,V4,2026-10-10T22:20:09+08:00,2026-10-10T22:20:09+08:00,2026-10-10T23:00:00+08:00,0.664,False,False,False
V4_SHADOW,3017180,2026-10-10,保乙,多布鲁察 vs 布尔加斯1919,,,,,,,0,,,D:\codex\v3_legacy\outputs\football_odds_trader\raw\titan007\20261010\20261010_222009_titan007_odds_snapshot.csv,NOT_FINAL_STATE_0,ae0525cf28c9a16d16f8,RUN_20261010_222944,V4,2026-10-10T22:20:09+08:00,2026-10-10T22:20:09+08:00,2026-10-10T23:00:00+08:00,0.664,False,False,False
V4_SHADOW,3098150,2026-10-10,女奥非预,喀麦隆女足 vs 几内亚女足,,,,,,,0,,,D:\codex\v3_legacy\outputs\football_odds_trader\raw\titan007\20261010\20261010_222009_titan007_odds_snapshot.csv,NOT_FINAL_STATE_0,bc65fa3541217ffe25be,RUN_20261010_222944,V4,2026-10-10T22:20:09+08:00,2026-10-10T22:20:09+08:00,2026-10-10T23:00:00+08:00,0.664,False,False,False
V4_SHADOW,3081097,2026-10-10,加纳超,斯韦德鲁全黑 vs 科图科,,,,,,,0,,,D:\codex\v3_legacy\outputs\football_odds_trader\raw\titan007\20261010\20261010_222009_titan007_odds_snapshot.csv,NOT_FINAL_STATE_0,dac4f78da6a4e8abae60,RUN_20261010_222944,V4,2026-10-10T22:20:09+08:00,2026-10-10T22:20:09+08:00,2026-10-10T23:00:00+08:00,0.664,False,False,False
V4_SHADOW,3022333,2026-10-10,奥丙西,施瓦兹 vs 禾顿斯B队,,,,,,,0,,,D:\codex\v3_legacy\outputs\football_odds_trader\raw\titan007\20261010\20261010_222009_titan007_odds_snapshot.csv,NOT_FINAL_STATE_0,39ed2e03083a8df552fc,RUN_20261010_222944,V4,2026-10-10T22:20:09+08:00,2026-10-10T22:20:09+08:00,2026-10-10T23:00:00+08:00,0.664,False,False,False
V4_SHADOW,3020353,2026-10-10,奥丙东,SV霍恩 vs 法沃利特奈尔,,,,,,,0,,,D:\codex\v3_legacy\outputs\football_odds_trader\raw\titan007\20261010\20261010_222009_titan007_odds_snapshot.csv,NOT_FINAL_STATE_0,3a81dcd411ba507a9b22,RUN_20261010_222944,V4,2026-10-10T22:20:09+08:00,2026-10-10T22:20:09+08:00,2026-10-10T23:00:00+08:00,0.664,False,False,False
V4_SHADOW,3101029,2026-10-10,瑞士丁,格兰芩 vs 香槟FC,,,,,,,0,,,D:\codex\v3_legacy\outputs\football_odds_trader\raw\titan007\20261010\20261010_222009_titan007_odds_snapshot.csv,NOT_FINAL_STATE_0,6de111a1b7585d04e4e2,RUN_20261010_222944,V4,2026-10-10T22:20:09+08:00,2026-10-10T22:20:09+08:00,2026-10-10T23:00:00+08:00,0.664,False,False,False
V4_SHADOW,3098247,2026-10-10,墨西U21,阿特拉斯U21 vs 芝华士瓜达拉哈拉U21,,,,,,,0,,,D:\codex\v3_legacy\outputs\football_odds_trader\raw\titan007\20261010\20261010_222009_titan007_odds_snapshot.csv,NOT_FINAL_STATE_0,454f7f58f2c294d393e8,RUN_20261010_222944,V4,2026-10-10T22:20:09+08:00,2026-10-10T22:20:09+08:00,2026-10-10T23:00:00+08:00,0.664,False,False,False
V4_SHADOW,3098248,2026-10-10,墨西U21,阿美利加会U21 vs 蒙特雷U21,,,,,,,0,,,D:\codex\v3_legacy\outputs\football_odds_trader\raw\titan007\20261010\20261010_222009_titan007_odds_snapshot.csv,NOT_FINAL_STATE_0,21695936b52de6dcd8f8,RUN_20261010_222944,V4,2026-10-10T22:20:09+08:00,2026-10-10T22:20:09+08:00,2026-10-10T23:00:00+08:00,0.664,False,False,False
V4_SHADOW,3098249,2026-10-10,墨西U21,华雷斯U21 vs 堤华纳U21,,,,,,,0,,,D:\codex\v3_legacy\outputs\football_odds_trader\raw\titan007\20261010\20261010_222009_titan007_odds_snapshot.csv,NOT_FINAL_STATE_0,2622a45d5494ab298cf8,RUN_20261010_222944,V4,2026-10-10T22:20:09+08:00,2026-10-10T22:20:09+08:00,2026-10-10T23:00:00+08:00,0.664,False,False,False
V4_SHADOW,3098061,2026-10-10,墨西U21,克雷塔罗U21 vs 亚特兰特U21,,,,,,,0,,,D:\codex\v3_legacy\outputs\football_odds_trader\raw\titan007\20261010\20261010_222009_titan007_odds_snapshot.csv,NOT_FINAL_STATE_0,cf0ead17c3c775d60b9f,RUN_20261010_222944,V4,2026-10-10T22:20:09+08:00,2026-10-10T22:20:09+08:00,2026-10-10T23:00:00+08:00,0.664,False,False,False
V4_SHADOW,3099281,2026-10-10,阿曼联,迪赫弗 vs 斯莫尔,,,,,,,0,,,D:\codex\v3_legacy\outputs\football_odds_trader\raw\titan007\20261010\20261010_222009_titan007_odds_snapshot.csv,NOT_FINAL_STATE_0,4b47170841355182073b,RUN_20261010_222944,V4,2026-10-10T22:20:09+08:00,2026-10-10T22:20:09+08:00,2026-10-10T23:30:00+08:00,1.164,False,False,False
V4_SHADOW,2926336,2026-10-10,智利乙,雷科莱塔体育 vs 马加拉内斯,,,,,,,0,,,D:\codex\v3_legacy\outputs\football_odds_trader\raw\titan007\20261010\20261010_222009_titan007_odds_snapshot.csv,NOT_FINAL_STATE_0,f119ad5ba87d06c676f2,RUN_20261010_222944,V4,2026-10-10T22:20:09+08:00,2026-10-10T22:20:09+08:00,2026-10-10T23:30:00+08:00,1.164,False,False,False
V4_SHADOW,3078704,2026-10-10,西丁,艾斯哥比度 vs 瑞维纳,,,,,,,0,,,D:\codex\v3_legacy\outputs\football_odds_trader\raw\titan007\20261010\20261010_222009_titan007_odds_snapshot.csv,NOT_FINAL_STATE_0,dae57fabb4d68e4288f8,RUN_20261010_222944,V4,2026-10-10T22:20:09+08:00,2026-10-10T22:20:09+08:00,2026-10-10T23:30:00+08:00,1.164,False,False,False
V4_SHADOW,3079944,2026-10-10,西丁,克维伦特 vs 奥丁恩,,,,,,,0,,,D:\codex\v3_legacy\outputs\football_odds_trader\raw\titan007\20261010\20261010_222009_titan007_odds_snapshot.csv,NOT_FINAL_STATE_0,21f7cf5089164118bb80,RUN_20261010_222944,V4,2026-10-10T22:20:09+08:00,2026-10-10T22:20:09+08:00,2026-10-10T23:30:00+08:00,1.164,False,False,False
V4_SHADOW,3077752,2026-10-10,西丁,皇家社会C队 vs 艾慕瑞奥,,,,,,,0,,,D:\codex\v3_legacy\outputs\football_odds_trader\raw\titan007\20261010\20261010_222009_titan007_odds_snapshot.csv,NOT_FINAL_STATE_0,cce133537959e6709d1e,RUN_20261010_222944,V4,2026-10-10T22:20:09+08:00,2026-10-10T22:20:09+08:00,2026-10-10T23:30:00+08:00,1.164,False,False,False
V4_SHADOW,3087179,2026-10-10,马耳乙,塞壬 vs 纳沙尔狮队,,,,,,,0,,,D:\codex\v3_legacy\outputs\football_odds_trader\raw\titan007\20261010\20261010_222009_titan007_odds_snapshot.csv,NOT_FINAL_STATE_0,f3566a4f9026d98a8803,RUN_20261010_222944,V4,2026-10-10T22:20:09+08:00,2026-10-10T22:20:09+08:00,2026-10-10T23:30:00+08:00,1.164,False,False,False
V4_SHADOW,3098250,2026-10-10,德戊,黑白艾逊 vs 拉廷恩,,,,,,,0,,,D:\codex\v3_legacy\outputs\football_odds_trader\raw\titan007\20261010\20261010_222009_titan007_odds_snapshot.csv,NOT_FINAL_STATE_0,2330570c8847788a4244,RUN_20261010_222944,V4,2026-10-10T22:20:09+08:00,2026-10-10T22:20:09+08:00,2026-10-10T23:30:00+08:00,1.164,False,False,False
V4_SHADOW,3070313,2026-10-10,比女甲,蒙斯女足 vs 穆斯克龙女足,,,,,,,0,,,D:\codex\v3_legacy\outputs\football_odds_trader\raw\titan007\20261010\20261010_222009_titan007_odds_snapshot.csv,NOT_FINAL_STATE_0,0844f4cfe715c11c313d,RUN_20261010_222944,V4,2026-10-10T22:20:09+08:00,2026-10-10T22:20:09+08:00,2026-10-10T23:30:00+08:00,1.164,False,False,False
V4_SHADOW,3100974,2026-10-10,科特超,布瓦凯FC vs 圣佩德罗FC,,,,,,,0,,,D:\codex\v3_legacy\outputs\football_odds_trader\raw\titan007\20261010\20261010_222009_titan007_odds_snapshot.csv,NOT_FINAL_STATE_0,be4c232c8231243616ed,RUN_20261010_222944,V4,2026-10-10T22:20:09+08:00,2026-10-10T22:20:09+08:00,2026-10-10T23:30:00+08:00,1.164,False,False,False
V4_SHADOW,3100975,2026-10-10,科特超,斯塔德阿比让 vs 阿博维尔,,,,,,,0,,,D:\codex\v3_legacy\outputs\football_odds_trader\raw\titan007\20261010\20261010_222009_titan007_odds_snapshot.csv,NOT_FINAL_STATE_0,6404716d65d924eba2b5,RUN_20261010_222944,V4,2026-10-10T22:20:09+08:00,2026-10-10T22:20:09+08:00,2026-10-10T23:30:00+08:00,1.164,False,False,False
V4_SHADOW,3100463,2026-10-10,奥丁,巴德萨尔布龙 vs 科菲德奇,,,,,,,0,,,D:\codex\v3_legacy\outputs\football_odds_trader\raw\titan007\20261010\20261010_222009_titan007_odds_snapshot.csv,NOT_FINAL_STATE_0,254675320d026de61109,RUN_20261010_222944,V4,2026-10-10T22:20:09+08:00,2026-10-10T22:20:09+08:00,2026-10-10T23:30:00+08:00,1.164,False,False,False
V4_SHADOW,3053701,2026-10-10,瑞士丙,洛卡诺 vs 科索沃苏黎世,,,,,,,0,,,D:\codex\v3_legacy\outputs\football_odds_trader\raw\titan007\20261010\20261010_222009_titan007_odds_snapshot.csv,NOT_FINAL_STATE_0,c58a84afa1b12e504866,RUN_20261010_222944,V4,2026-10-10T22:20:09+08:00,2026-10-10T22:20:09+08:00,2026-10-10T23:30:00+08:00,1.164,False,False,False
V4_SHADOW,3019783,2026-10-10,瑞士丙,沃韦体育 vs 皮亚尼体育,,,,,,,0,,,D:\codex\v3_legacy\outputs\football_odds_trader\raw\titan007\20261010\20261010_222009_titan007_odds_snapshot.csv,NOT_FINAL_STATE_0,b64052486e5092d08573,RUN_20261010_222944,V4,2026-10-10T22:20:09+08:00,2026-10-10T22:20:09+08:00,2026-10-10T23:30:00+08:00,1.164,False,False,False
V4_SHADOW,3100351,2026-10-10,布法联,卡斯卡德竞技 vs 索拿贝尔,,,,,,,0,,,D:\codex\v3_legacy\outputs\football_odds_trader\raw\titan007\20261010\20261010_222009_titan007_odds_snapshot.csv,NOT_FINAL_STATE_0,6513a3f4728c0e442491,RUN_20261010_222944,V4,2026-10-10T22:20:09+08:00,2026-10-10T22:20:09+08:00,2026-10-10T23:30:00+08:00,1.164,False,False,False
V4_SHADOW,3100352,2026-10-10,布法联,焦点体育FC vs 雷伊姆,,,,,,,0,,,D:\codex\v3_legacy\outputs\football_odds_trader\raw\titan007\20261010\20261010_222009_titan007_odds_snapshot.csv,NOT_FINAL_STATE_0,bb01862de8bb7e3a3dda,RUN_20261010_222944,V4,2026-10-10T22:20:09+08:00,2026-10-10T22:20:09+08:00,2026-10-10T23:30:00+08:00,1.164,False,False,False
V4_SHADOW,3101092,2026-10-10,西地区联,科卡FC vs 努曼西亚B队,,,,,,,0,,,D:\codex\v3_legacy\outputs\football_odds_trader\raw\titan007\20261010\20261010_222009_titan007_odds_snapshot.csv,NOT_FINAL_STATE_0,5953fe59337e0b51fb32,RUN_20261010_222944,V4,2026-10-10T22:20:09+08:00,2026-10-10T22:20:09+08:00,2026-10-10T23:30:00+08:00,1.164,False,False,False
V4_SHADOW,3101059,2026-10-10,科特甲,兰菲亚FC vs 唐科夫足球俱乐部,,,,,,,0,,,D:\codex\v3_legacy\outputs\football_odds_trader\raw\titan007\20261010\20261010_222009_titan007_odds_snapshot.csv,NOT_FINAL_STATE_0,b3a65667c117f04bea9c,RUN_20261010_222944,V4,2026-10-10T22:20:09+08:00,2026-10-10T22:20:09+08:00,2026-10-10T23:30:00+08:00,1.164,False,False,False
V4_SHADOW,3066298,2026-10-10,南非甲,轨道学院 vs 海布里,,,,,,,,,,D:\codex\v3_legacy\outputs\football_odds_trader\raw\titan007\20261010\20261010_222009_titan007_odds_snapshot.csv,NOT_FINAL_STATE_UNKNOWN,3d85c10ca94053715f98,RUN_20261010_193724,V4,2026-10-10T14:29:18+08:00,2026-10-10T14:29:18+08:00,2026-10-10T21:30:00+08:00,7.012,False,False,False
V4_SHADOW,3098219,2026-10-10,荷丁,圣徒足球会 vs 灰母吉卢,,,,,,,,,,D:\codex\v3_legacy\outputs\football_odds_trader\raw\titan007\20261010\20261010_222009_titan007_odds_snapshot.csv,NOT_FINAL_STATE_UNKNOWN,a695147b86fd9fca29ef,RUN_20261010_193724,V4,2026-10-10T14:29:18+08:00,2026-10-10T14:29:18+08:00,2026-10-10T21:30:00+08:00,7.012,False,False,False
V4_SHADOW,3023112,2026-10-10,荷丙,特莱弗斯 vs 巴伦查捷特,,,,,,,,,,D:\codex\v3_legacy\outputs\football_odds_trader\raw\titan007\20261010\20261010_222009_titan007_odds_snapshot.csv,NOT_FINAL_STATE_UNKNOWN,1f2d7ec6858f011a731d,RUN_20261010_222944,V4,2026-10-10T22:20:09+08:00,2026-10-10T22:20:09+08:00,2026-10-11T00:00:00+08:00,1.664,False,False,False
V4_SHADOW,3035934,2026-10-10,波兰乙,列治亚高拉 vs 历基亚B队,,,,,,,,,,D:\codex\v3_legacy\outputs\football_odds_trader\raw\titan007\20261010\20261010_222009_titan007_odds_snapshot.csv,NOT_FINAL_STATE_UNKNOWN,05bf77c736be04b4bf3d,RUN_20261010_222944,V4,2026-10-10T22:20:09+08:00,2026-10-10T22:20:09+08:00,2026-10-11T00:00:00+08:00,1.664,False,False,False
V4_SHADOW,3032246,2026-10-10,土乙白,阿利亚加AS vs 梅内门,,,,,,,,,,D:\codex\v3_legacy\outputs\football_odds_trader\raw\titan007\20261010\20261010_222009_titan007_odds_snapshot.csv,NOT_FINAL_STATE_UNKNOWN,d5ad7b911848467ec0c6,RUN_20261010_222944,V4,2026-10-10T22:20:09+08:00,2026-10-10T22:20:09+08:00,2026-10-11T00:00:00+08:00,1.664,False,False,False
V4_SHADOW,3032252,2026-10-10,土乙白,摩丝体育 vs 加斯塔摩奴士邦,,,,,,,,,,D:\codex\v3_legacy\outputs\football_odds_trader\raw\titan007\20261010\20261010_222009_titan007_odds_snapshot.csv,NOT_FINAL_STATE_UNKNOWN,d6350c65576995a9e6a4,RUN_20261010_222944,V4,2026-10-10T22:20:09+08:00,2026-10-10T22:20:09+08:00,2026-10-11T00:00:00+08:00,1.664,False,False,False
V4_SHADOW,2924142,2026-10-10,格鲁甲,斯帕里 vs 古泰斯鱼雷,,,,,,,,,,D:\codex\v3_legacy\outputs\football_odds_trader\raw\titan007\20261010\20261010_222009_titan007_odds_snapshot.csv,NOT_FINAL_STATE_UNKNOWN,913f2edefb1f95ec2906,RUN_20261010_222944,V4,2026-10-10T22:20:09+08:00,2026-10-10T22:20:09+08:00,2026-10-11T00:00:00+08:00,1.664,False,False,False
V4_SHADOW,3054930,2026-10-10,塞浦乙,佩伊克 vs 阿克里塔斯,,,,,,,,,,D:\codex\v3_legacy\outputs\football_odds_trader\raw\titan007\20261010\20261010_222009_titan007_odds_snapshot.csv,NOT_FINAL_STATE_UNKNOWN,4d65a4a92539ae494b03,RUN_20261010_222944,V4,2026-10-10T22:20:09+08:00,2026-10-10T22:20:09+08:00,2026-10-11T00:00:00+08:00,1.664,False,False,False
V4_SHADOW,3061787,2026-10-10,西丁,艾甲 vs 塔马瑞特,,,,,,,,,,D:\codex\v3_legacy\outputs\football_odds_trader\raw\titan007\20261010\20261010_222009_titan007_odds_snapshot.csv,NOT_FINAL_STATE_UNKNOWN,5308c5c4ac7b21ed71ee,RUN_20261010_222944,V4,2026-10-10T22:20:09+08:00,2026-10-10T22:20:09+08:00,2026-10-11T00:00:00+08:00,1.664,False,False,False
V4_SHADOW,3061940,2026-10-10,西丁,弗拉加 vs 班尼法,,,,,,,,,,D:\codex\v3_legacy\outputs\football_odds_trader\raw\titan007\20261010\20261010_222009_titan007_odds_snapshot.csv,NOT_FINAL_STATE_UNKNOWN,23cc107ab340d2bc848e,RUN_20261010_222944,V4,2026-10-10T22:20:09+08:00,2026-10-10T22:20:09+08:00,2026-10-11T00:00:00+08:00,1.664,False,False,False
V4_SHADOW,3091066,2026-10-10,西丁,布尔拉斯 vs 卡泰真拿B队,,,,,,,,,,D:\codex\v3_legacy\outputs\football_odds_trader\raw\titan007\20261010\20261010_222009_titan007_odds_snapshot.csv,NOT_FINAL_STATE_UNKNOWN,7de35bdf0357b0d64a19,RUN_20261010_222944,V4,2026-10-10T22:20:09+08:00,2026-10-10T22:20:09+08:00,2026-10-11T00:00:00+08:00,1.664,False,False,False
V4_SHADOW,3078707,2026-10-10,西丁,特罗佩松 vs 米内罗竞技队,,,,,,,,,,D:\codex\v3_legacy\outputs\football_odds_trader\raw\titan007\20261010\20261010_222009_titan007_odds_snapshot.csv,NOT_FINAL_STATE_UNKNOWN,538e24ed29ccf64ab9a6,RUN_20261010_222944,V4,2026-10-10T22:20:09+08:00,2026-10-10T22:20:09+08:00,2026-10-11T00:00:00+08:00,1.664,False,False,False
V4_SHADOW,3078708,2026-10-10,西丁,萨马诺 vs 贝拉德,,,,,,,,,,D:\codex\v3_legacy\outputs\football_odds_trader\raw\titan007\20261010\20261010_222009_titan007_odds_snapshot.csv,NOT_FINAL_STATE_UNKNOWN,6941afb94cb614188bda,RUN_20261010_222944,V4,2026-10-10T22:20:09+08:00,2026-10-10T22:20:09+08:00,2026-10-11T00:00:00+08:00,1.664,False,False,False
V4_SHADOW,3078709,2026-10-10,西丁,维米诺 vs 拉瑞都,,,,,,,,,,D:\codex\v3_legacy\outputs\football_odds_trader\raw\titan007\20261010\20261010_222009_titan007_odds_snapshot.csv,NOT_FINAL_STATE_UNKNOWN,ccb38a2d323bb189609b,RUN_20261010_222944,V4,2026-10-10T22:20:09+08:00,2026-10-10T22:20:09+08:00,2026-10-11T00:00:00+08:00,1.664,False,False,False
V4_SHADOW,3077751,2026-10-10,西丁,雷奥亚 vs 欧雷拉,,,,,,,,,,D:\codex\v3_legacy\outputs\football_odds_trader\raw\titan007\20261010\20261010_222009_titan007_odds_snapshot.csv,NOT_FINAL_STATE_UNKNOWN,11a157972858b00f4ab3,RUN_20261010_222944,V4,2026-10-10T22:20:09+08:00,2026-10-10T22:20:09+08:00,2026-10-11T00:00:00+08:00,1.664,False,False,False
V4_SHADOW,3030694,2026-10-10,西丁,莱斯卡拉 vs 比拉萨尔德马尔,,,,,,,,,,D:\codex\v3_legacy\outputs\football_odds_trader\raw\titan007\20261010\20261010_222009_titan007_odds_snapshot.csv,NOT_FINAL_STATE_UNKNOWN,972ed81a1d2434dca09d,RUN_20261010_222944,V4,2026-10-10T22:20:09+08:00,2026-10-10T22:20:09+08:00,2026-10-11T00:00:00+08:00,1.664,False,False,False
V4_SHADOW,3080245,2026-10-10,西丁,艾兰迪纳 vs 克瑞斯图竞技,,,,,,,,,,D:\codex\v3_legacy\outputs\football_odds_trader\raw\titan007\20261010\20261010_222009_titan007_odds_snapshot.csv,NOT_FINAL_STATE_UNKNOWN,5b2a4240a4b7ab88092e,RUN_20261010_222944,V4,2026-10-10T22:20:09+08:00,2026-10-10T22:20:09+08:00,2026-10-11T00:00:00+08:00,1.664,False,False,False
V4_SHADOW,3079326,2026-10-10,西丁,马尔贝利 vs 奥利诺,,,,,,,,,,D:\codex\v3_legacy\outputs\football_odds_trader\raw\titan007\20261010\20261010_222009_titan007_odds_snapshot.csv,NOT_FINAL_STATE_UNKNOWN,f4c88782246e55e7a923,RUN_20261010_222944,V4,2026-10-10T22:20:09+08:00,2026-10-10T22:20:09+08:00,2026-10-11T00:00:00+08:00,1.664,False,False,False
V4_SHADOW,3060012,2026-10-10,西丁,拉古纳 vs 潘迪普利多,,,,,,,,,,D:\codex\v3_legacy\outputs\football_odds_trader\raw\titan007\20261010\20261010_222009_titan007_odds_snapshot.csv,NOT_FINAL_STATE_UNKNOWN,c080e9fd6b324c7e1b9e,RUN_20261010_222944,V4,2026-10-10T22:20:09+08:00,2026-10-10T22:20:09+08:00,2026-10-11T00:00:00+08:00,1.664,False,False,False
V4_SHADOW,3082322,2026-10-10,西丁,兰格勒奥 vs 利阿达,,,,,,,,,,D:\codex\v3_legacy\outputs\football_odds_trader\raw\titan007\20261010\20261010_222009_titan007_odds_snapshot.csv,NOT_FINAL_STATE_UNKNOWN,70ced951cc0a0de8bced,RUN_20261010_222944,V4,2026-10-10T22:20:09+08:00,2026-10-10T22:20:09+08:00,2026-10-11T00:00:00+08:00,1.664,False,False,False
V4_SHADOW,2940922,2026-10-10,格鲁乙,什图尔米 vs 克尔赫提,,,,,,,,,,D:\codex\v3_legacy\outputs\football_odds_trader\raw\titan007\20261010\20261010_222009_titan007_odds_snapshot.csv,NOT_FINAL_STATE_UNKNOWN,3054f6fdd591f4e51f14,RUN_20261010_222944,V4,2026-10-10T22:20:09+08:00,2026-10-10T22:20:09+08:00,2026-10-11T00:00:00+08:00,1.664,False,False,False
V4_SHADOW,3065106,2026-10-10,安哥甲,卡布斯科普 vs 韦列特,,,,,,,,,,D:\codex\v3_legacy\outputs\football_odds_trader\raw\titan007\20261010\20261010_222009_titan007_odds_snapshot.csv,NOT_FINAL_STATE_UNKNOWN,ebde2bbbe7a2ee08f254,RUN_20261010_222944,V4,2026-10-10T22:20:09+08:00,2026-10-10T22:20:09+08:00,2026-10-11T00:00:00+08:00,1.664,False,False,False
V4_SHADOW,3098331,2026-10-10,乌拉乙,蒙特维迪奥 vs 科尔隆,,,,,,,,,,D:\codex\v3_legacy\outputs\football_odds_trader\raw\titan007\20261010\20261010_222009_titan007_odds_snapshot.csv,NOT_FINAL_STATE_UNKNOWN,0084f40ec7b3574719a5,RUN_20261010_222944,V4,2026-10-10T22:20:09+08:00,2026-10-10T22:20:09+08:00,2026-10-11T00:00:00+08:00,1.664,False,False,False
V4_SHADOW,3098178,2026-10-10,波兰丙,波兰利兹巴克 vs 罗姆查,,,,,,,,,,D:\codex\v3_legacy\outputs\football_odds_trader\raw\titan007\20261010\20261010_222009_titan007_odds_snapshot.csv,NOT_FINAL_STATE_UNKNOWN,f273ac8245c640b4dd9c,RUN_20261010_222944,V4,2026-10-10T22:20:09+08:00,2026-10-10T22:20:09+08:00,2026-10-11T00:00:00+08:00,1.664,False,False,False
V4_SHADOW,3098187,2026-10-10,波兰丙,卡利什 vs 波兹南波兰II,,,,,,,,,,D:\codex\v3_legacy\outputs\football_odds_trader\raw\titan007\20261010\20261010_222009_titan007_odds_snapshot.csv,NOT_FINAL_STATE_UNKNOWN,30efe738c138681ba54b,RUN_20261010_222944,V4,2026-10-10T22:20:09+08:00,2026-10-10T22:20:09+08:00,2026-10-11T00:00:00+08:00,1.664,False,False,False
V4_SHADOW,3098196,2026-10-10,波兰丙,巴里奇苏洛 vs 达布热格,,,,,,,,,,D:\codex\v3_legacy\outputs\football_odds_trader\raw\titan007\20261010\20261010_222009_titan007_odds_snapshot.csv,NOT_FINAL_STATE_UNKNOWN,8a45c5290371ca26e6d1,RUN_20261010_222944,V4,2026-10-10T22:20:09+08:00,2026-10-10T22:20:09+08:00,2026-10-11T00:00:00+08:00,1.664,False,False,False
V4_SHADOW,3098202,2026-10-10,波兰丙,KSZO奥斯罗维克 vs 布斯科兹德鲁伊,,,,,,,,,,D:\codex\v3_legacy\outputs\football_odds_trader\raw\titan007\20261010\20261010_222009_titan007_odds_snapshot.csv,NOT_FINAL_STATE_UNKNOWN,2bf53fa7190dedd97f1f,RUN_20261010_222944,V4,2026-10-10T22:20:09+08:00,2026-10-10T22:20:09+08:00,2026-10-11T00:00:00+08:00,1.664,False,False,False
V4_SHADOW,3098294,2026-10-10,塞尔U19,FK布罗道U19 vs 马拉多特U19,,,,,,,0,,,D:\codex\v3_legacy\outputs\football_odds_trader\raw\titan007\20261010\20261010_223725_titan007_odds_snapshot.csv,NOT_FINAL_STATE_0,262aa4075e27c78ed7a7,RUN_20261010_222944,V4,2026-10-10T22:20:09+08:00,2026-10-10T22:20:09+08:00,2026-10-11T00:00:00+08:00,1.664,False,False,False
V4_SHADOW,3098295,2026-10-10,塞尔U19,贝尔格莱德红星U19 vs 诺维帕扎U19,,,,,,,,,,D:\codex\v3_legacy\outputs\football_odds_trader\raw\titan007\20261010\20261010_222009_titan007_odds_snapshot.csv,NOT_FINAL_STATE_UNKNOWN,c88396672afd44e89c71,RUN_20261010_222944,V4,2026-10-10T22:20:09+08:00,2026-10-10T22:20:09+08:00,2026-10-11T00:00:00+08:00,1.664,False,False,False
V4_SHADOW,3098296,2026-10-10,塞尔U19,古拉瑞奇U19 vs OFK贝尔格莱德U19,,,,,,,0,,,D:\codex\v3_legacy\outputs\football_odds_trader\raw\titan007\20261010\20261010_223725_titan007_odds_snapshot.csv,NOT_FINAL_STATE_0,c650f2886ced523dd639,RUN_20261010_222944,V4,2026-10-10T22:20:09+08:00,2026-10-10T22:20:09+08:00,2026-10-11T00:00:00+08:00,1.664,False,False,False
V4_SHADOW,3098297,2026-10-10,塞尔U19,斯巴达苏波迪查U19 vs IMT诺维贝尔格莱德U19,,,,,,,,,,D:\codex\v3_legacy\outputs\football_odds_trader\raw\titan007\20261010\20261010_222009_titan007_odds_snapshot.csv,NOT_FINAL_STATE_UNKNOWN,d8bbae55392c085d6e0c,RUN_20261010_222944,V4,2026-10-10T22:20:09+08:00,2026-10-10T22:20:09+08:00,2026-10-11T00:00:00+08:00,1.664,False,False,False
V4_SHADOW,3098298,2026-10-10,塞尔U19,乌斯诺维贝尔格莱德U19 vs 托波拉U19,,,,,,,0,,,D:\codex\v3_legacy\outputs\football_odds_trader\raw\titan007\20261010\20261010_223725_titan007_odds_snapshot.csv,NOT_FINAL_STATE_0,42a5904ab38deda9faa0,RUN_20261010_222944,V4,2026-10-10T22:20:09+08:00,2026-10-10T22:20:09+08:00,2026-10-11T00:00:00+08:00,1.664,False,False,False
V4_SHADOW,3098299,2026-10-10,塞尔U19,伏伊伏丁那U19 vs 帕拉辛U19,,,,,,,,,,D:\codex\v3_legacy\outputs\football_odds_trader\raw\titan007\20261010\20261010_222009_titan007_odds_snapshot.csv,NOT_FINAL_STATE_UNKNOWN,fce86b4396923922c769,RUN_20261010_222944,V4,2026-10-10T22:20:09+08:00,2026-10-10T22:20:09+08:00,2026-10-11T00:00:00+08:00,1.664,False,False,False
V4_SHADOW,3098293,2026-10-10,匈丙,布达尔斯 vs 帕基斯B队,,,,,,,,,,D:\codex\v3_legacy\outputs\football_odds_trader\raw\titan007\20261010\20261010_222009_titan007_odds_snapshot.csv,NOT_FINAL_STATE_UNKNOWN,08f5fdc7e067d626d20f,RUN_20261010_222944,V4,2026-10-10T22:20:09+08:00,2026-10-10T22:20:09+08:00,2026-10-11T00:00:00+08:00,1.664,False,False,False
V4_SHADOW,3064195,2026-10-10,坦桑超,辛巴体育 vs 非洲年轻人,,,,,,,,,,D:\codex\v3_legacy\outputs\football_odds_trader\raw\titan007\20261010\20261010_222009_titan007_odds_snapshot.csv,NOT_FINAL_STATE_UNKNOWN,564c3f279312ee80a4f5,RUN_20261010_222944,V4,2026-10-10T22:20:09+08:00,2026-10-10T22:20:09+08:00,2026-10-11T00:00:00+08:00,1.664,False,False,False
V4_SHADOW,3099270,2026-10-10,科索沃超,KF德雷尼卡 vs KF费罗妮克里,,,,,,,,,,D:\codex\v3_legacy\outputs\football_odds_trader\raw\titan007\20261010\20261010_222009_titan007_odds_snapshot.csv,NOT_FINAL_STATE_UNKNOWN,4baa29718649f9f95663,RUN_20261010_222944,V4,2026-10-10T22:20:09+08:00,2026-10-10T22:20:09+08:00,2026-10-11T00:00:00+08:00,1.664,False,False,False
V4_SHADOW,3100991,2026-10-10,西青U19,桑托旭U19 vs UD洛哥尼斯U19,,,,,,,,,,D:\codex\v3_legacy\outputs\football_odds_trader\raw\titan007\20261010\20261010_222009_titan007_odds_snapshot.csv,NOT_FINAL_STATE_UNKNOWN,d76b7936f9cb72631f99,RUN_20261010_222944,V4,2026-10-10T22:20:09+08:00,2026-10-10T22:20:09+08:00,2026-10-11T00:00:00+08:00,1.664,False,False,False
V4_SHADOW,3100997,2026-10-10,西青U19,阿尔梅里亚U19 vs 皇家贝迪斯U19,,,,,,,,,,D:\codex\v3_legacy\outputs\football_odds_trader\raw\titan007\20261010\20261010_222009_titan007_odds_snapshot.csv,NOT_FINAL_STATE_UNKNOWN,5666f1a4123da78d0de6,RUN_20261010_222944,V4,2026-10-10T22:20:09+08:00,2026-10-10T22:20:09+08:00,2026-10-11T00:00:00+08:00,1.664,False,False,False
V4_SHADOW,3101004,2026-10-10,西青U19,达门U19 vs 赫罗纳U19,,,,,,,,,,D:\codex\v3_legacy\outputs\football_odds_trader\raw\titan007\20261010\20261010_222009_titan007_odds_snapshot.csv,NOT_FINAL_STATE_UNKNOWN,8583eaa42eea0aa5666a,RUN_20261010_222944,V4,2026-10-10T22:20:09+08:00,2026-10-10T22:20:09+08:00,2026-10-11T00:00:00+08:00,1.664,False,False,False
V4_SHADOW,3101038,2026-10-10,斯亚丙,多布罗夫斯 vs 普雷瓦列,,,,,,,,,,D:\codex\v3_legacy\outputs\football_odds_trader\raw\titan007\20261010\20261010_222009_titan007_odds_snapshot.csv,NOT_FINAL_STATE_UNKNOWN,600e8d1c6ffeb2a6148b,RUN_20261010_222944,V4,2026-10-10T22:20:09+08:00,2026-10-10T22:20:09+08:00,2026-10-11T00:00:00+08:00,1.664,False,False,False
V4_SHADOW,3054228,2026-10-10,法U19,奥尔良U19 vs 巴黎圣日耳曼U19,,,,,,,,,,D:\codex\v3_legacy\outputs\football_odds_trader\raw\titan007\20261010\20261010_222009_titan007_odds_snapshot.csv,NOT_FINAL_STATE_UNKNOWN,67b851e39bc09df9d428,RUN_20261010_222944,V4,2026-10-10T22:20:09+08:00,2026-10-10T22:20:09+08:00,2026-10-11T00:00:00+08:00,1.664,False,False,False
V4_SHADOW,3101058,2026-10-10,墨西女U19,托卢卡U19女足 vs 普埃布拉女足U19,,,,,,,,,,D:\codex\v3_legacy\outputs\football_odds_trader\raw\titan007\20261010\20261010_222009_titan007_odds_snapshot.csv,NOT_FINAL_STATE_UNKNOWN,0d37cf72b247b0727090,RUN_20261010_222944,V4,2026-10-10T22:20:09+08:00,2026-10-10T22:20:09+08:00,2026-10-11T00:00:00+08:00,1.664,False,False,False
V4_SHADOW,3101069,2026-10-10,秘鲁丙,士砵亭水晶后备队 vs 秘鲁体育大学后备队,,,,,,,,,,D:\codex\v3_legacy\outputs\football_odds_trader\raw\titan007\20261010\20261010_222009_titan007_odds_snapshot.csv,NOT_FINAL_STATE_UNKNOWN,12ea0795bbe9023c0e97,RUN_20261010_222944,V4,2026-10-10T22:20:09+08:00,2026-10-10T22:20:09+08:00,2026-10-11T00:00:00+08:00,1.664,False,False,False
V4_SHADOW,3084830,2026-10-10,沙地青,伊蒂法克青年队 vs 阿尔欧鲁巴赫青年队,,,,,,,,,,D:\codex\v3_legacy\outputs\football_odds_trader\raw\titan007\20261010\20261010_222009_titan007_odds_snapshot.csv,NOT_FINAL_STATE_UNKNOWN,a160779050bb03564ae6,RUN_20261010_222944,V4,2026-10-10T22:20:09+08:00,2026-10-10T22:20:09+08:00,2026-10-11T00:10:00+08:00,1.831,False,False,False
V4_SHADOW,3080250,2026-10-10,西丁,祖皮特尔里昂斯B队 vs 艾尔玛善,,,,,,,,,,D:\codex\v3_legacy\outputs\football_odds_trader\raw\titan007\20261010\20261010_222009_titan007_odds_snapshot.csv,NOT_FINAL_STATE_UNKNOWN,924f7246b71e8cc32c27,RUN_20261010_222944,V4,2026-10-10T22:20:09+08:00,2026-10-10T22:20:09+08:00,2026-10-11T00:15:00+08:00,1.914,False,False,False
V4_SHADOW,3032806,2026-10-10,阿尔巴超,艾巴辛尼 vs 沃拉,,,,,,,,,,D:\codex\v3_legacy\outputs\football_odds_trader\raw\titan007\20261010\20261010_222009_titan007_odds_snapshot.csv,NOT_FINAL_STATE_UNKNOWN,e406c989b701b12f85cd,RUN_20261010_222944,V4,2026-10-10T22:20:09+08:00,2026-10-10T22:20:09+08:00,2026-10-11T00:30:00+08:00,2.164,False,False,False
V4_SHADOW,3032809,2026-10-10,阿尔巴超,图塔杜雷斯 vs 斯克得比鲁,,,,,,,,,,D:\codex\v3_legacy\outputs\football_odds_trader\raw\titan007\20261010\20261010_222009_titan007_odds_snapshot.csv,NOT_FINAL_STATE_UNKNOWN,7c3b3dbeef09c6e2c502,RUN_20261010_222944,V4,2026-10-10T22:20:09+08:00,2026-10-10T22:20:09+08:00,2026-10-11T00:30:00+08:00,2.164,False,False,False
V4_SHADOW,3027034,2026-10-10,波斯甲,巴尼亚卢卡战士 vs 巴尼亚卢卡,,,,,,,,,,D:\codex\v3_legacy\outputs\football_odds_trader\raw\titan007\20261010\20261010_222009_titan007_odds_snapshot.csv,NOT_FINAL_STATE_UNKNOWN,04a9f5d10f1699893b84,RUN_20261010_222944,V4,2026-10-10T22:20:09+08:00,2026-10-10T22:20:09+08:00,2026-10-11T00:30:00+08:00,2.164,False,False,False
V4_SHADOW,3088420,2026-10-10,西室内足,艾尔培路室内足球队 vs 曼萨纳雷斯室内足球队,,,,,,,,,,D:\codex\v3_legacy\outputs\football_odds_trader\raw\titan007\20261010\20261010_222009_titan007_odds_snapshot.csv,NOT_FINAL_STATE_UNKNOWN,15da93ce262ee24b0428,RUN_20261010_222944,V4,2026-10-10T22:20:09+08:00,2026-10-10T22:20:09+08:00,2026-10-11T00:30:00+08:00,2.164,False,False,False
V4_SHADOW,3008979,2026-10-10,北爱冠,安纳 vs 基拿云,,,,,,,,,,D:\codex\v3_legacy\outputs\football_odds_trader\raw\titan007\20261010\20261010_222009_titan007_odds_snapshot.csv,NOT_FINAL_STATE_UNKNOWN,302b104aee0b3d428b55,RUN_20261010_222944,V4,2026-10-10T22:20:09+08:00,2026-10-10T22:20:09+08:00,2026-10-11T00:30:00+08:00,2.164,False,False,False
V4_SHADOW,3078400,2026-10-10,西丁,西内乌 vs 普拉格斯卡尔维亚,,,,,,,,,,D:\codex\v3_legacy\outputs\football_odds_trader\raw\titan007\20261010\20261010_222009_titan007_odds_snapshot.csv,NOT_FINAL_STATE_UNKNOWN,0760a6f996dde43b55de,RUN_20261010_222944,V4,2026-10-10T22:20:09+08:00,2026-10-10T22:20:09+08:00,2026-10-11T00:30:00+08:00,2.164,False,False,False
V4_SHADOW,3082690,2026-10-10,西丁,波卢洛斯CF vs 奇克拉纳,,,,,,,,,,D:\codex\v3_legacy\outputs\football_odds_trader\raw\titan007\20261010\20261010_222009_titan007_odds_snapshot.csv,NOT_FINAL_STATE_UNKNOWN,be071a72175a93c1787e,RUN_20261010_222944,V4,2026-10-10T22:20:09+08:00,2026-10-10T22:20:09+08:00,2026-10-11T00:30:00+08:00,2.164,False,False,False
V4_SHADOW,3070314,2026-10-10,比女甲,安德莱赫特B队女足 vs 梅肯姆女足,,,,,,,,,,D:\codex\v3_legacy\outputs\football_odds_trader\raw\titan007\20261010\20261010_222009_titan007_odds_snapshot.csv,NOT_FINAL_STATE_UNKNOWN,51dc64d3cc8292748d4c,RUN_20261010_222944,V4,2026-10-10T22:20:09+08:00,2026-10-10T22:20:09+08:00,2026-10-11T00:30:00+08:00,2.164,False,False,False
V4_SHADOW,3071919,2026-10-10,伊拉联,Al卡拉巴 vs 卡帕拉,,,,,,,,,,D:\codex\v3_legacy\outputs\football_odds_trader\raw\titan007\20261010\20261010_222009_titan007_odds_snapshot.csv,NOT_FINAL_STATE_UNKNOWN,7e4c3a9040f04776b3bd,RUN_20261010_222944,V4,2026-10-10T22:20:09+08:00,2026-10-10T22:20:09+08:00,2026-10-11T00:45:00+08:00,2.414,False,False,False
V4_SHADOW,3004508,2026-10-10,黑山甲,波德戈里察未来 vs 尼克希奇,,,,,,,,,,D:\codex\v3_legacy\outputs\football_odds_trader\raw\titan007\20261010\20261010_222009_titan007_odds_snapshot.csv,NOT_FINAL_STATE_UNKNOWN,d78fa6051419b19ecddc,RUN_20261010_222944,V4,2026-10-10T22:20:09+08:00,2026-10-10T22:20:09+08:00,2026-10-11T01:00:00+08:00,2.664,False,False,False
V4_SHADOW,3082323,2026-10-10,西丁,莫斯科尼亚 vs 克耶雷斯,,,,,,,,,,D:\codex\v3_legacy\outputs\football_odds_trader\raw\titan007\20261010\20261010_222009_titan007_odds_snapshot.csv,NOT_FINAL_STATE_UNKNOWN,371fd436910884cc66c8,RUN_20261010_222944,V4,2026-10-10T22:20:09+08:00,2026-10-10T22:20:09+08:00,2026-10-11T01:00:00+08:00,2.664,False,False,False
V4_SHADOW,3082692,2026-10-10,西丁,休达B队 vs 科尼尔CF,,,,,,,,,,D:\codex\v3_legacy\outputs\football_odds_trader\raw\titan007\20261010\20261010_222009_titan007_odds_snapshot.csv,NOT_FINAL_STATE_UNKNOWN,f305eb3e056a9bf38ad1,RUN_20261010_222944,V4,2026-10-10T22:20:09+08:00,2026-10-10T22:20:09+08:00,2026-10-11T01:00:00+08:00,2.664,False,False,False
V4_SHADOW,3092858,2026-10-10,摩洛乙,海米莎特 vs 柯里加,,,,,,,,,,D:\codex\v3_legacy\outputs\football_odds_trader\raw\titan007\20261010\20261010_222009_titan007_odds_snapshot.csv,NOT_FINAL_STATE_UNKNOWN,8cb733ba7079dcd1ab69,RUN_20261010_222944,V4,2026-10-10T22:20:09+08:00,2026-10-10T22:20:09+08:00,2026-10-11T01:00:00+08:00,2.664,False,False,False
V4_SHADOW,2940919,2026-10-10,格鲁乙,阿拉吉夫杜塞提 vs 泰拉维,,,,,,,,,,D:\codex\v3_legacy\outputs\football_odds_trader\raw\titan007\20261010\20261010_222009_titan007_odds_snapshot.csv,NOT_FINAL_STATE_UNKNOWN,75b336bf5653e9b2af2f,RUN_20261010_222944,V4,2026-10-10T22:20:09+08:00,2026-10-10T22:20:09+08:00,2026-10-11T01:00:00+08:00,2.664,False,False,False
V4_SHADOW,3100460,2026-10-10,奥丁,克林根巴赫 vs 奥普伦多尔夫,,,,,,,,,,D:\codex\v3_legacy\outputs\football_odds_trader\raw\titan007\20261010\20261010_222009_titan007_odds_snapshot.csv,NOT_FINAL_STATE_UNKNOWN,eaf1bc3919b456b886f3,RUN_20261010_222944,V4,2026-10-10T22:20:09+08:00,2026-10-10T22:20:09+08:00,2026-10-11T01:00:00+08:00,2.664,False,False,False
V4_SHADOW,3098191,2026-10-10,波兰丙,奥德拉比托姆 vs 卢宾扎格勒比B队,,,,,,,,,,D:\codex\v3_legacy\outputs\football_odds_trader\raw\titan007\20261010\20261010_222009_titan007_odds_snapshot.csv,NOT_FINAL_STATE_UNKNOWN,5ef644d17ac2a2ece0cc,RUN_20261010_222944,V4,2026-10-10T22:20:09+08:00,2026-10-10T22:20:09+08:00,2026-10-11T01:00:00+08:00,2.664,False,False,False
V4_SHADOW,3098214,2026-10-10,荷丁,罗森达尔 vs 扎华路文,,,,,,,,,,D:\codex\v3_legacy\outputs\football_odds_trader\raw\titan007\20261010\20261010_222009_titan007_odds_snapshot.csv,NOT_FINAL_STATE_UNKNOWN,71b9e9b79255f93e96af,RUN_20261010_222944,V4,2026-10-10T22:20:09+08:00,2026-10-10T22:20:09+08:00,2026-10-11T01:00:00+08:00,2.664,False,False,False
V4_SHADOW,3101006,2026-10-10,西青U19,CD奥贝尔纳U19 vs UD巴列U19,,,,,,,,,,D:\codex\v3_legacy\outputs\football_odds_trader\raw\titan007\20261010\20261010_222009_titan007_odds_snapshot.csv,NOT_FINAL_STATE_UNKNOWN,cb53a397830228fb5960,RUN_20261010_222944,V4,2026-10-10T22:20:09+08:00,2026-10-10T22:20:09+08:00,2026-10-11T01:00:00+08:00,2.664,False,False,False
V4_SHADOW,3100431,2026-10-10,毛里甲,ASC扎伊丹 vs 恩泽达内,,,,,,,,,,D:\codex\v3_legacy\outputs\football_odds_trader\raw\titan007\20261010\20261010_222009_titan007_odds_snapshot.csv,NOT_FINAL_STATE_UNKNOWN,c0148775df1f3b2ac509,RUN_20261010_222944,V4,2026-10-10T22:20:09+08:00,2026-10-10T22:20:09+08:00,2026-10-11T01:00:00+08:00,2.664,False,False,False
V4_SHADOW,3101044,2026-10-10,博茨超,朱瓦能银河 vs 尼科联合,,,,,,,,,,D:\codex\v3_legacy\outputs\football_odds_trader\raw\titan007\20261010\20261010_222009_titan007_odds_snapshot.csv,NOT_FINAL_STATE_UNKNOWN,b416ab281f1edc4214a2,RUN_20261010_222944,V4,2026-10-10T22:20:09+08:00,2026-10-10T22:20:09+08:00,2026-10-11T01:00:00+08:00,2.664,False,False,False
V4_SHADOW,3101045,2026-10-10,博茨超,莫丘迪中央酋长 vs 罗勒斯镇,,,,,,,,,,D:\codex\v3_legacy\outputs\football_odds_trader\raw\titan007\20261010\20261010_222009_titan007_odds_snapshot.csv,NOT_FINAL_STATE_UNKNOWN,c7315b4dc7e1d52f4f56,RUN_20261010_222944,V4,2026-10-10T22:20:09+08:00,2026-10-10T22:20:09+08:00,2026-10-11T01:00:00+08:00,2.664,False,False,False
V4_SHADOW,3101032,2026-10-10,危地女甲,UNIFUT安提瓜女足 vs 克雷马斯女足,,,,,,,,,,D:\codex\v3_legacy\outputs\football_odds_trader\raw\titan007\20261010\20261010_222009_titan007_odds_snapshot.csv,NOT_FINAL_STATE_UNKNOWN,b45f73d14c73b373f7f5,RUN_20261010_222944,V4,2026-10-10T22:20:09+08:00,2026-10-10T22:20:09+08:00,2026-10-11T01:00:00+08:00,2.664,False,False,False
V4_SHADOW,2922087,2026-10-10,法罗甲,维斯图尔 vs EB斯特莱马,,,,,,,,,,D:\codex\v3_legacy\outputs\football_odds_trader\raw\titan007\20261010\20261010_222009_titan007_odds_snapshot.csv,NOT_FINAL_STATE_UNKNOWN,469378eed8297dc3a152,RUN_20261010_222944,V4,2026-10-10T22:20:09+08:00,2026-10-10T22:20:09+08:00,2026-10-11T01:30:00+08:00,3.164,False,False,False
V4_SHADOW,3078079,2026-10-10,西丁,卡拉波苏埃洛 vs 阿尔科文达斯,,,,,,,,,,D:\codex\v3_legacy\outputs\football_odds_trader\raw\titan007\20261010\20261010_222009_titan007_odds_snapshot.csv,NOT_FINAL_STATE_UNKNOWN,3e012b20f035802ed9a0,RUN_20261010_222944,V4,2026-10-10T22:20:09+08:00,2026-10-10T22:20:09+08:00,2026-10-11T01:30:00+08:00,3.164,False,False,False
V4_SHADOW,3071920,2026-10-10,伊拉联,艾卡尔玛 vs 卡克,,,,,,,,,,D:\codex\v3_legacy\outputs\football_odds_trader\raw\titan007\20261010\20261010_222009_titan007_odds_snapshot.csv,NOT_FINAL_STATE_UNKNOWN,db3d8837bc9c86a91ca1,RUN_20261010_222944,V4,2026-10-10T22:20:09+08:00,2026-10-10T22:20:09+08:00,2026-10-11T01:30:00+08:00,3.164,False,False,False
V4_SHADOW,3098271,2026-10-10,直布超,乔瑟芬FC vs 直布罗陀狮子,,,,,,,,,,D:\codex\v3_legacy\outputs\football_odds_trader\raw\titan007\20261010\20261010_222009_titan007_odds_snapshot.csv,NOT_FINAL_STATE_UNKNOWN,9070d6f1dc31be431ad4,RUN_20261010_222944,V4,2026-10-10T22:20:09+08:00,2026-10-10T22:20:09+08:00,2026-10-11T01:30:00+08:00,3.164,False,False,False
V4_SHADOW,3100851,2026-10-10,比地区,东加伦 vs 鲁普尔布姆,,,,,,,,,,D:\codex\v3_legacy\outputs\football_odds_trader\raw\titan007\20261010\20261010_222009_titan007_odds_snapshot.csv,NOT_FINAL_STATE_UNKNOWN,9d1a892ff4310c9e6513,RUN_20261010_222944,V4,2026-10-10T22:20:09+08:00,2026-10-10T22:20:09+08:00,2026-10-11T01:30:00+08:00,3.164,False,False,False
V4_SHADOW,3101071,2026-10-10,葡U19B,雷克斯欧斯U19 vs 刚多玛U19,,,,,,,,,,D:\codex\v3_legacy\outputs\football_odds_trader\raw\titan007\20261010\20261010_222009_titan007_odds_snapshot.csv,NOT_FINAL_STATE_UNKNOWN,be26723363cc6b90f4cb,RUN_20261010_222944,V4,2026-10-10T22:20:09+08:00,2026-10-10T22:20:09+08:00,2026-10-11T01:30:00+08:00,3.164,False,False,False
V4_SHADOW,3100817,2026-10-10,非青U17,加纳U17 vs 多哥U17,,,,,,,,,,D:\codex\v3_legacy\outputs\football_odds_trader\raw\titan007\20261010\20261010_222009_titan007_odds_snapshot.csv,NOT_FINAL_STATE_UNKNOWN,b91f63e1f72426d26f8f,RUN_20261010_222944,V4,2026-10-10T22:20:09+08:00,2026-10-10T22:20:09+08:00,2026-10-11T02:00:00+08:00,3.664,False,False,False
V4_SHADOW,3082319,2026-10-10,西丁,斯罗 vs 恩阙谷,,,,,,,,,,D:\codex\v3_legacy\outputs\football_odds_trader\raw\titan007\20261010\20261010_222009_titan007_odds_snapshot.csv,NOT_FINAL_STATE_UNKNOWN,a5633a16b454842277bd,RUN_20261010_222944,V4,2026-10-10T22:20:09+08:00,2026-10-10T22:20:09+08:00,2026-10-11T02:00:00+08:00,3.664,False,False,False
V4_SHADOW,3048671,2026-10-10,西丁,庞特贝德拉B队 vs 波多诺伏,,,,,,,0,,,D:\codex\v3_legacy\outputs\football_odds_trader\raw\titan007\20261010\20261010_223725_titan007_odds_snapshot.csv,NOT_FINAL_STATE_0,cd65421a46cbbec3b022,RUN_20261010_222944,V4,2026-10-10T22:20:09+08:00,2026-10-10T22:20:09+08:00,2026-10-11T02:00:00+08:00,3.664,False,False,False
V4_SHADOW,3030700,2026-10-10,西丁,UE圣胡安蒙卡达 vs 利尔达竞技,,,,,,,,,,D:\codex\v3_legacy\outputs\football_odds_trader\raw\titan007\20261010\20261010_222009_titan007_odds_snapshot.csv,NOT_FINAL_STATE_UNKNOWN,9283f3301ba34dd9dbf7,RUN_20261010_222944,V4,2026-10-10T22:20:09+08:00,2026-10-10T22:20:09+08:00,2026-10-11T02:00:00+08:00,3.664,False,False,False
V4_SHADOW,3101026,2026-10-10,乌拉乙,马德丰多 vs 贝亚维斯塔,,,,,,,,,,D:\codex\v3_legacy\outputs\football_odds_trader\raw\titan007\20261010\20261010_222009_titan007_odds_snapshot.csv,NOT_FINAL_STATE_UNKNOWN,e5a8eacb7e84181a6fce,RUN_20261010_222944,V4,2026-10-10T22:20:09+08:00,2026-10-10T22:20:09+08:00,2026-10-11T02:00:00+08:00,3.664,False,False,False
V4_SHADOW,3100976,2026-10-10,科特超,ASEC米莫萨 vs 德耶卡努,,,,,,,,,,D:\codex\v3_legacy\outputs\football_odds_trader\raw\titan007\20261010\20261010_222009_titan007_odds_snapshot.csv,NOT_FINAL_STATE_UNKNOWN,0d2acb2568051880c988,RUN_20261010_222944,V4,2026-10-10T22:20:09+08:00,2026-10-10T22:20:09+08:00,2026-10-11T02:00:00+08:00,3.664,False,False,False
V4_SHADOW,3101072,2026-10-10,墨西丙,塞拉埃尔莫萨竞技 vs 圣地亚哥图兰特佩克,,,,,,,,,,D:\codex\v3_legacy\outputs\football_odds_trader\raw\titan007\20261010\20261010_222009_titan007_odds_snapshot.csv,NOT_FINAL_STATE_UNKNOWN,91b7a3971accd3322744,RUN_20261010_222944,V4,2026-10-10T22:20:09+08:00,2026-10-10T22:20:09+08:00,2026-10-11T02:00:00+08:00,3.664,False,False,False
V4_SHADOW,3099313,2026-10-10,巴高乙,圣塔库鲁RS vs 阿帕福,,,,,,,,,,D:\codex\v3_legacy\outputs\football_odds_trader\raw\titan007\20261010\20261010_222009_titan007_odds_snapshot.csv,NOT_FINAL_STATE_UNKNOWN,492e9e8b24bce0436073,RUN_20261010_222944,V4,2026-10-10T22:20:09+08:00,2026-10-10T22:20:09+08:00,2026-10-11T02:00:00+08:00,3.664,False,False,False
V4_SHADOW,3101063,2026-10-10,巴高乙,雷亚SC vs 帕纳比爵士,,,,,,,,,,D:\codex\v3_legacy\outputs\football_odds_trader\raw\titan007\20261010\20261010_222009_titan007_odds_snapshot.csv,NOT_FINAL_STATE_UNKNOWN,60223112dc21e7497617,RUN_20261010_222944,V4,2026-10-10T22:20:09+08:00,2026-10-10T22:20:09+08:00,2026-10-11T02:00:00+08:00,3.664,False,False,False
V4_SHADOW,3098274,2026-10-10,墨西乙A,卡诺内罗斯 vs 圣佩德罗,,,,,,,,,,D:\codex\v3_legacy\outputs\football_odds_trader\raw\titan007\20261010\20261010_222009_titan007_odds_snapshot.csv,NOT_FINAL_STATE_UNKNOWN,a0d953eda47281d54d90,RUN_20261010_222944,V4,2026-10-10T22:20:09+08:00,2026-10-10T22:20:09+08:00,2026-10-11T02:00:00+08:00,3.664,False,False,False
V4_SHADOW,3098256,2026-10-10,里约乙,卡西亚斯 vs 奥达斯里奥RJ,,,,,,,,,,D:\codex\v3_legacy\outputs\football_odds_trader\raw\titan007\20261010\20261010_222009_titan007_odds_snapshot.csv,NOT_FINAL_STATE_UNKNOWN,1359d0acb866cebb7540,RUN_20261010_222944,V4,2026-10-10T22:20:09+08:00,2026-10-10T22:20:09+08:00,2026-10-11T02:00:00+08:00,3.664,False,False,False
V4_SHADOW,3098257,2026-10-10,里约乙,挪瓦西大地 vs 坎普瓜兰德AC,,,,,,,,,,D:\codex\v3_legacy\outputs\football_odds_trader\raw\titan007\20261010\20261010_222009_titan007_odds_snapshot.csv,NOT_FINAL_STATE_UNKNOWN,e1a07dbf0be234b9d52c,RUN_20261010_222944,V4,2026-10-10T22:20:09+08:00,2026-10-10T22:20:09+08:00,2026-10-11T02:00:00+08:00,3.664,False,False,False
V4_SHADOW,3098258,2026-10-10,里约乙,圣克里斯托旺RJ vs 哥塔卡扎RJ,,,,,,,,,,D:\codex\v3_legacy\outputs\football_odds_trader\raw\titan007\20261010\20261010_222009_titan007_odds_snapshot.csv,NOT_FINAL_STATE_UNKNOWN,e663db1f62857373adc3,RUN_20261010_222944,V4,2026-10-10T22:20:09+08:00,2026-10-10T22:20:09+08:00,2026-10-11T02:00:00+08:00,3.664,False,False,False
V4_SHADOW,3098259,2026-10-10,里约乙,塞拉诺 vs 马卡耶,,,,,,,,,,D:\codex\v3_legacy\outputs\football_odds_trader\raw\titan007\20261010\20261010_222009_titan007_odds_snapshot.csv,NOT_FINAL_STATE_UNKNOWN,4470e343462b2645caa1,RUN_20261010_222944,V4,2026-10-10T22:20:09+08:00,2026-10-10T22:20:09+08:00,2026-10-11T02:00:00+08:00,3.664,False,False,False
V4_SHADOW,3101066,2026-10-10,巴米女联,米内罗竞技女足 vs 高士路MG女足,,,,,,,,,,D:\codex\v3_legacy\outputs\football_odds_trader\raw\titan007\20261010\20261010_222009_titan007_odds_snapshot.csv,NOT_FINAL_STATE_UNKNOWN,6701182e85abd8f1d516,RUN_20261010_222944,V4,2026-10-10T22:20:09+08:00,2026-10-10T22:20:09+08:00,2026-10-11T02:00:00+08:00,3.664,False,False,False
V4_SHADOW,3101068,2026-10-10,巴南U20杯,克里丘马青年队 vs 格雷米奥青年队,,,,,,,,,,D:\codex\v3_legacy\outputs\football_odds_trader\raw\titan007\20261010\20261010_222009_titan007_odds_snapshot.csv,NOT_FINAL_STATE_UNKNOWN,318824764e036dd61724,RUN_20261010_222944,V4,2026-10-10T22:20:09+08:00,2026-10-10T22:20:09+08:00,2026-10-11T02:00:00+08:00,3.664,False,False,False
V4_SHADOW,3078701,2026-10-10,西丁,艾伯利西亚竞技 vs 卡斯特洛,,,,,,,,,,D:\codex\v3_legacy\outputs\football_odds_trader\raw\titan007\20261010\20261010_222009_titan007_odds_snapshot.csv,NOT_FINAL_STATE_UNKNOWN,322e7daf217c5d120ac2,RUN_20261010_222944,V4,2026-10-10T22:20:09+08:00,2026-10-10T22:20:09+08:00,2026-10-11T02:15:00+08:00,3.914,False,False,False
V4_SHADOW,3080745,2026-10-10,安道超,奥尔迪诺 vs 伊斯卡尔德斯,,,,,,,,,,D:\codex\v3_legacy\outputs\football_odds_trader\raw\titan007\20261010\20261010_222009_titan007_odds_snapshot.csv,NOT_FINAL_STATE_UNKNOWN,47e248241ac2d63d2be1,RUN_20261010_222944,V4,2026-10-10T22:20:09+08:00,2026-10-10T22:20:09+08:00,2026-10-11T02:30:00+08:00,4.164,False,False,False
V4_SHADOW,3101067,2026-10-10,巴帕杯,巴拉纳 vs 伊瓜苏,,,,,,,,,,D:\codex\v3_legacy\outputs\football_odds_trader\raw\titan007\20261010\20261010_222009_titan007_odds_snapshot.csv,NOT_FINAL_STATE_UNKNOWN,f04942065de43980073b,RUN_20261010_222944,V4,2026-10-10T22:20:09+08:00,2026-10-10T22:20:09+08:00,2026-10-11T02:30:00+08:00,4.164,False,False,False
V4_SHADOW,3101064,2026-10-10,巴利乙,瓦尔帕莱索 vs 卡纳EC,,,,,,,,,,D:\codex\v3_legacy\outputs\football_odds_trader\raw\titan007\20261010\20261010_222009_titan007_odds_snapshot.csv,NOT_FINAL_STATE_UNKNOWN,f7aed277e11a8f656c00,RUN_20261010_222944,V4,2026-10-10T22:20:09+08:00,2026-10-10T22:20:09+08:00,2026-10-11T02:30:00+08:00,4.164,False,False,False
V4_SHADOW,3088418,2026-10-10,西室内足,FC巴塞罗那室内足球队 vs MRA纳瓦拉室内足球队,,,,,,,,,,D:\codex\v3_legacy\outputs\football_odds_trader\raw\titan007\20261010\20261010_222009_titan007_odds_snapshot.csv,NOT_FINAL_STATE_UNKNOWN,f2e4aceb39b0d285d9c2,RUN_20261010_222944,V4,2026-10-10T22:20:09+08:00,2026-10-10T22:20:09+08:00,2026-10-11T03:00:00+08:00,4.664,False,False,False
V4_SHADOW,3098308,2026-10-10,巴高乙,帕苏丰杜 vs 法罗菲亚,,,,,,,,,,D:\codex\v3_legacy\outputs\football_odds_trader\raw\titan007\20261010\20261010_222009_titan007_odds_snapshot.csv,NOT_FINAL_STATE_UNKNOWN,ec15ece676210e986a0e,RUN_20261010_222944,V4,2026-10-10T22:20:09+08:00,2026-10-10T22:20:09+08:00,2026-10-11T03:00:00+08:00,4.664,False,False,False
V4_SHADOW,3098309,2026-10-10,巴高乙,艾斯波迪渥 vs 布拉希尔佩洛塔斯,,,,,,,,,,D:\codex\v3_legacy\outputs\football_odds_trader\raw\titan007\20261010\20261010_222009_titan007_odds_snapshot.csv,NOT_FINAL_STATE_UNKNOWN,2bbecd7cde3da74102d3,RUN_20261010_222944,V4,2026-10-10T22:20:09+08:00,2026-10-10T22:20:09+08:00,2026-10-11T03:00:00+08:00,4.664,False,False,False
V4_SHADOW,3098341,2026-10-10,国际友谊,法国女足 vs 拉脱维亚女足,,,,,,,,,,D:\codex\v3_legacy\outputs\football_odds_trader\raw\titan007\20261010\20261010_222009_titan007_odds_snapshot.csv,NOT_FINAL_STATE_UNKNOWN,2a38bdc8a2ca5b7045eb,RUN_20261010_222944,V4,2026-10-10T22:20:09+08:00,2026-10-10T22:20:09+08:00,2026-10-11T03:00:00+08:00,4.664,False,False,False
V4_SHADOW,3101056,2026-10-10,玻利地杯,库佩拉蒂瓦 vs 弗吉尼USC,,,,,,,,,,D:\codex\v3_legacy\outputs\football_odds_trader\raw\titan007\20261010\20261010_222009_titan007_odds_snapshot.csv,NOT_FINAL_STATE_UNKNOWN,e72b843962af0cf9c020,RUN_20261010_222944,V4,2026-10-10T22:20:09+08:00,2026-10-10T22:20:09+08:00,2026-10-11T03:00:00+08:00,4.664,False,False,False
V4_SHADOW,3101043,2026-10-10,巴拉丙,费布雷诺 vs 马丁莱德斯马,,,,,,,,,,D:\codex\v3_legacy\outputs\football_odds_trader\raw\titan007\20261010\20261010_222009_titan007_odds_snapshot.csv,NOT_FINAL_STATE_UNKNOWN,fd050eda556f01e3616e,RUN_20261010_222944,V4,2026-10-10T22:20:09+08:00,2026-10-10T22:20:09+08:00,2026-10-11T03:00:00+08:00,4.664,False,False,False
V4_SHADOW,3100373,2026-10-10,巴拉丙,克里斯托巴尔科隆JAS vs 林皮奥人体育,,,,,,,,,,D:\codex\v3_legacy\outputs\football_odds_trader\raw\titan007\20261010\20261010_222009_titan007_odds_snapshot.csv,NOT_FINAL_STATE_UNKNOWN,434fa18e8394dbcb2a18,RUN_20261010_222944,V4,2026-10-10T22:20:09+08:00,2026-10-10T22:20:09+08:00,2026-10-11T03:00:00+08:00,4.664,False,False,False
V4_SHADOW,3100936,2026-10-10,阿根业余锦,维莱拉斯港 vs 奇维尔科伊体操,,,,,,,,,,D:\codex\v3_legacy\outputs\football_odds_trader\raw\titan007\20261010\20261010_222009_titan007_odds_snapshot.csv,NOT_FINAL_STATE_UNKNOWN,57e5f1054ef2c2e28308,RUN_20261010_222944,V4,2026-10-10T22:20:09+08:00,2026-10-10T22:20:09+08:00,2026-10-11T03:00:00+08:00,4.664,False,False,False
V4_SHADOW,3101017,2026-10-10,阿根业余锦,博斯高竞技 vs 瓜勒瓜伊楚,,,,,,,,,,D:\codex\v3_legacy\outputs\football_odds_trader\raw\titan007\20261010\20261010_222009_titan007_odds_snapshot.csv,NOT_FINAL_STATE_UNKNOWN,71cf2fd3b9bdeb098b5b,RUN_20261010_222944,V4,2026-10-10T22:20:09+08:00,2026-10-10T22:20:09+08:00,2026-10-11T03:00:00+08:00,4.664,False,False,False
V4_SHADOW,3099582,2026-10-10,阿根业余锦,因空体育 vs 金伯利马德普拉塔,,,,,,,,,,D:\codex\v3_legacy\outputs\football_odds_trader\raw\titan007\20261010\20261010_222009_titan007_odds_snapshot.csv,NOT_FINAL_STATE_UNKNOWN,d389c53f348d9dc2182a,RUN_20261010_222944,V4,2026-10-10T22:20:09+08:00,2026-10-10T22:20:09+08:00,2026-10-11T03:00:00+08:00,4.664,False,False,False
V4_SHADOW,3100401,2026-10-10,委内乙,莫纳加斯B队 vs 阿维拉竞技,,,,,,,,,,D:\codex\v3_legacy\outputs\football_odds_trader\raw\titan007\20261010\20261010_222009_titan007_odds_snapshot.csv,NOT_FINAL_STATE_UNKNOWN,06073ba104fcaaad0d33,RUN_20261010_222944,V4,2026-10-10T22:20:09+08:00,2026-10-10T22:20:09+08:00,2026-10-11T03:30:00+08:00,5.164,False,False,False
V4_SHADOW,3100418,2026-10-10,毛里甲,努瓦迪布 vs 努瓦克肖特学院,,,,,,,,,,D:\codex\v3_legacy\outputs\football_odds_trader\raw\titan007\20261010\20261010_222009_titan007_odds_snapshot.csv,NOT_FINAL_STATE_UNKNOWN,920aea25646dfd6c0283,RUN_20261010_222944,V4,2026-10-10T22:20:09+08:00,2026-10-10T22:20:09+08:00,2026-10-11T03:50:00+08:00,5.497,False,False,False
V4_SHADOW,2934838,2026-10-10,阿乙曼特秋,梅洛小阿根廷 vs 意大利亚诺,,,,,,,,,,D:\codex\v3_legacy\outputs\football_odds_trader\raw\titan007\20261010\20261010_222009_titan007_odds_snapshot.csv,NOT_FINAL_STATE_UNKNOWN,9f87d57affccb87655c4,RUN_20261010_222944,V4,2026-10-10T22:20:09+08:00,2026-10-10T22:20:09+08:00,2026-10-11T04:00:00+08:00,5.664,False,False,False
V4_SHADOW,2934840,2026-10-10,阿乙曼特秋,布朗安德奎 vs 多科苏德体育会,,,,,,,,,,D:\codex\v3_legacy\outputs\football_odds_trader\raw\titan007\20261010\20261010_222009_titan007_odds_snapshot.csv,NOT_FINAL_STATE_UNKNOWN,53f35f0bab0558e1344c,RUN_20261010_222944,V4,2026-10-10T22:20:09+08:00,2026-10-10T22:20:09+08:00,2026-10-11T04:00:00+08:00,5.664,False,False,False
V4_SHADOW,3012224,2026-10-10,哥伦乙秋,尤姆博独立 vs 卡利博卡青年,,,,,,,,,,D:\codex\v3_legacy\outputs\football_odds_trader\raw\titan007\20261010\20261010_222009_titan007_odds_snapshot.csv,NOT_FINAL_STATE_UNKNOWN,6ab1138e8ffe842d7e3d,RUN_20261010_222944,V4,2026-10-10T22:20:09+08:00,2026-10-10T22:20:09+08:00,2026-10-11T04:00:00+08:00,5.664,False,False,False
V4_SHADOW,3012228,2026-10-10,哥伦乙秋,卡利竞技 vs 奎迪奥,,,,,,,,,,D:\codex\v3_legacy\outputs\football_odds_trader\raw\titan007\20261010\20261010_222009_titan007_odds_snapshot.csv,NOT_FINAL_STATE_UNKNOWN,e9e033211babea140fcf,RUN_20261010_222944,V4,2026-10-10T22:20:09+08:00,2026-10-10T22:20:09+08:00,2026-10-11T04:00:00+08:00,5.664,False,False,False
V4_SHADOW,3100402,2026-10-10,委内乙,亚拉库雅诺斯 vs 巴基西梅托,,,,,,,,,,D:\codex\v3_legacy\outputs\football_odds_trader\raw\titan007\20261010\20261010_222009_titan007_odds_snapshot.csv,NOT_FINAL_STATE_UNKNOWN,ae809565d4e50e91b191,RUN_20261010_222944,V4,2026-10-10T22:20:09+08:00,2026-10-10T22:20:09+08:00,2026-10-11T04:00:00+08:00,5.664,False,False,False
V4_SHADOW,3101070,2026-10-10,多米联,哈拉瓦科阿俱乐部 vs 东部海豚,,,,,,,,,,D:\codex\v3_legacy\outputs\football_odds_trader\raw\titan007\20261010\20261010_222009_titan007_odds_snapshot.csv,NOT_FINAL_STATE_UNKNOWN,6750057ce5b114668a38,RUN_20261010_222944,V4,2026-10-10T22:20:09+08:00,2026-10-10T22:20:09+08:00,2026-10-11T04:00:00+08:00,5.664,False,False,False
V4_SHADOW,3099414,2026-10-10,哥斯乙,科罗纳多 vs 圣塔安娜,,,,,,,,,,D:\codex\v3_legacy\outputs\football_odds_trader\raw\titan007\20261010\20261010_222009_titan007_odds_snapshot.csv,NOT_FINAL_STATE_UNKNOWN,6d0052336b760fa54857,RUN_20261010_222944,V4,2026-10-10T22:20:09+08:00,2026-10-10T22:20:09+08:00,2026-10-11T04:00:00+08:00,5.664,False,False,False
V4_SHADOW,3071716,2026-10-10,厄瓜乙降,瓜拉塞奥 vs 坎巴亚金融,,,,,,,,,,D:\codex\v3_legacy\outputs\football_odds_trader\raw\titan007\20261010\20261010_222009_titan007_odds_snapshot.csv,NOT_FINAL_STATE_UNKNOWN,4d977d3f45511507064b,RUN_20261010_222944,V4,2026-10-10T22:20:09+08:00,2026-10-10T22:20:09+08:00,2026-10-11T04:00:00+08:00,5.664,False,False,False
V4_SHADOW,3101073,2026-10-10,尼拉森联,FC埃斯特利 vs 布拉沃斯,,,,,,,,,,D:\codex\v3_legacy\outputs\football_odds_trader\raw\titan007\20261010\20261010_222009_titan007_odds_snapshot.csv,NOT_FINAL_STATE_UNKNOWN,0517a55750afc49f953c,RUN_20261010_222944,V4,2026-10-10T22:20:09+08:00,2026-10-10T22:20:09+08:00,2026-10-11T04:00:00+08:00,5.664,False,False,False
V4_SHADOW,2955410,2026-10-10,美甲,查塔努加红狼 vs 托曼塔FC,,,,,,,,,,D:\codex\v3_legacy\outputs\football_odds_trader\raw\titan007\20261010\20261010_222009_titan007_odds_snapshot.csv,NOT_FINAL_STATE_UNKNOWN,b6909ec8cec1cb78e5e7,RUN_20261010_222944,V4,2026-10-10T22:20:09+08:00,2026-10-10T22:20:09+08:00,2026-10-11T04:00:00+08:00,5.664,False,False,False
V4_SHADOW,3100990,2026-10-10,墨西丙,尤卡坦普罗格雷素 vs 拉科蒂瓦韦纳多斯 II,,,,,,,,,,D:\codex\v3_legacy\outputs\football_odds_trader\raw\titan007\20261010\20261010_222009_titan007_odds_snapshot.csv,NOT_FINAL_STATE_UNKNOWN,4cd4c000668d3f968bce,RUN_20261010_222944,V4,2026-10-10T22:20:09+08:00,2026-10-10T22:20:09+08:00,2026-10-11T05:00:00+08:00,6.664,False,False,False
V4_SHADOW,3101010,2026-10-10,墨西丙,邦菲尔镇 vs ISG运动FC,,,,,,,,,,D:\codex\v3_legacy\outputs\football_odds_trader\raw\titan007\20261010\20261010_222009_titan007_odds_snapshot.csv,NOT_FINAL_STATE_UNKNOWN,74d0744f28028dbbb8b1,RUN_20261010_222944,V4,2026-10-10T22:20:09+08:00,2026-10-10T22:20:09+08:00,2026-10-11T05:00:00+08:00,6.664,False,False,False
V4_SHADOW,3100855,2026-10-10,安巴超,阿斯顿维拉FC vs 绿城FC,,,,,,,,,,D:\codex\v3_legacy\outputs\football_odds_trader\raw\titan007\20261010\20261010_222009_titan007_odds_snapshot.csv,NOT_FINAL_STATE_UNKNOWN,eb8bc4f883d95113c68c,RUN_20261010_222944,V4,2026-10-10T22:20:09+08:00,2026-10-10T22:20:09+08:00,2026-10-11T05:00:00+08:00,6.664,False,False,False
V4_SHADOW,3101040,2026-10-10,巴马全联,CD尤尼维尔斯塔里奥后备队 vs 维拉加斯后备队,,,,,,,,,,D:\codex\v3_legacy\outputs\football_odds_trader\raw\titan007\20261010\20261010_222009_titan007_odds_snapshot.csv,NOT_FINAL_STATE_UNKNOWN,5e089234dc0ead7369e3,RUN_20261010_222944,V4,2026-10-10T22:20:09+08:00,2026-10-10T22:20:09+08:00,2026-10-11T05:00:00+08:00,6.664,False,False,False
V4_SHADOW,3098342,2026-10-10,国际友谊,巴拿马女足 vs 新西兰女足,,,,,,,,,,D:\codex\v3_legacy\outputs\football_odds_trader\raw\titan007\20261010\20261010_222009_titan007_odds_snapshot.csv,NOT_FINAL_STATE_UNKNOWN,a1194536a69a9e7bc53b,RUN_20261010_222944,V4,2026-10-10T22:20:09+08:00,2026-10-10T22:20:09+08:00,2026-10-11T05:00:00+08:00,6.664,False,False,False
V4_SHADOW,3100286,2026-10-10,国际友谊,委内瑞拉女足 vs 哥伦比亚女足,,,,,,,,,,D:\codex\v3_legacy\outputs\football_odds_trader\raw\titan007\20261010\20261010_222009_titan007_odds_snapshot.csv,NOT_FINAL_STATE_UNKNOWN,72f248a3383b4ea6f7a8,RUN_20261010_222944,V4,2026-10-10T22:20:09+08:00,2026-10-10T22:20:09+08:00,2026-10-11T05:00:00+08:00,6.664,False,False,False
V4_SHADOW,3099544,2026-10-10,墨西乙A,科阿萨科斯海豚 vs 阿特萨诺斯梅特佩克,,,,,,,,,,D:\codex\v3_legacy\outputs\football_odds_trader\raw\titan007\20261010\20261010_222009_titan007_odds_snapshot.csv,NOT_FINAL_STATE_UNKNOWN,ed64a0c7d6405f3c3155,RUN_20261010_222944,V4,2026-10-10T22:20:09+08:00,2026-10-10T22:20:09+08:00,2026-10-11T05:30:00+08:00,7.164,False,False,False
V4_SHADOW,3098255,2026-10-10,里约乙,索琼斯坎波斯AA vs 尼泰罗埃,,,,,,,,,,D:\codex\v3_legacy\outputs\football_odds_trader\raw\titan007\20261010\20261010_222009_titan007_odds_snapshot.csv,NOT_FINAL_STATE_UNKNOWN,be51340978d865ae2c35,RUN_20261010_222944,V4,2026-10-10T22:20:09+08:00,2026-10-10T22:20:09+08:00,2026-10-11T05:30:00+08:00,7.164,False,False,False
V4_SHADOW,3073305,2026-10-10,墨西乙,帕尔梅拉斯港 vs 塞拉亚,,,,,,,,,,D:\codex\v3_legacy\outputs\football_odds_trader\raw\titan007\20261010\20261010_222009_titan007_odds_snapshot.csv,NOT_FINAL_STATE_UNKNOWN,9b4a84c16e51b9c8c880,RUN_20261010_222944,V4,2026-10-10T22:20:09+08:00,2026-10-10T22:20:09+08:00,2026-10-11T05:30:00+08:00,7.164,False,False,False
V4_SHADOW,3073306,2026-10-10,墨西乙,科多韦斯FC vs 阿里卡老虎队,,,,,,,,,,D:\codex\v3_legacy\outputs\football_odds_trader\raw\titan007\20261010\20261010_222009_titan007_odds_snapshot.csv,NOT_FINAL_STATE_UNKNOWN,b995d4c85f9eb8328957,RUN_20261010_222944,V4,2026-10-10T22:20:09+08:00,2026-10-10T22:20:09+08:00,2026-10-11T05:30:00+08:00,7.164,False,False,False
V4_SHADOW,3099454,2026-10-10,智利丙,利纳雷斯 vs 洛斯安第斯纳,,,,,,,,,,D:\codex\v3_legacy\outputs\football_odds_trader\raw\titan007\20261010\20261010_222009_titan007_odds_snapshot.csv,NOT_FINAL_STATE_UNKNOWN,9485fcdd68643170ae58,RUN_20261010_222944,V4,2026-10-10T22:20:09+08:00,2026-10-10T22:20:09+08:00,2026-10-11T06:00:00+08:00,7.664,False,False,False
V4_SHADOW,3100443,2026-10-10,智利丁,金特罗 vs 劳塔罗布因,,,,,,,,,,D:\codex\v3_legacy\outputs\football_odds_trader\raw\titan007\20261010\20261010_222009_titan007_odds_snapshot.csv,NOT_FINAL_STATE_UNKNOWN,2c07d12d7c29eacaf026,RUN_20261010_222944,V4,2026-10-10T22:20:09+08:00,2026-10-10T22:20:09+08:00,2026-10-11T06:00:00+08:00,7.664,False,False,False
V4_SHADOW,3098275,2026-10-10,墨西乙A,皇家炼油工 vs 内格罗斯FC,,,,,,,,,,D:\codex\v3_legacy\outputs\football_odds_trader\raw\titan007\20261010\20261010_222009_titan007_odds_snapshot.csv,NOT_FINAL_STATE_UNKNOWN,06812b9bc590942a51c9,RUN_20261010_222944,V4,2026-10-10T22:20:09+08:00,2026-10-10T22:20:09+08:00,2026-10-11T06:00:00+08:00,7.664,False,False,False
V4_SHADOW,3101011,2026-10-10,百慕超联,丹迪黄蜂队 vs YMSC,,,,,,,,,,D:\codex\v3_legacy\outputs\football_odds_trader\raw\titan007\20261010\20261010_222009_titan007_odds_snapshot.csv,NOT_FINAL_STATE_UNKNOWN,abced934c21d1cf081b1,RUN_20261010_222944,V4,2026-10-10T22:20:09+08:00,2026-10-10T22:20:09+08:00,2026-10-11T06:00:00+08:00,7.664,False,False,False
V4_SHADOW,3101031,2026-10-10,苏里南联,诺奇体育俱乐部 vs 国际蒙戈,,,,,,,,,,D:\codex\v3_legacy\outputs\football_odds_trader\raw\titan007\20261010\20261010_222009_titan007_odds_snapshot.csv,NOT_FINAL_STATE_UNKNOWN,9e183005ffae2edbf00c,RUN_20261010_222944,V4,2026-10-10T22:20:09+08:00,2026-10-10T22:20:09+08:00,2026-10-11T06:00:00+08:00,7.664,False,False,False
V4_SHADOW,3073307,2026-10-10,墨西乙,维纳多斯竞技 vs PD坎昆,,,,,,,,,,D:\codex\v3_legacy\outputs\football_odds_trader\raw\titan007\20261010\20261010_222009_titan007_odds_snapshot.csv,NOT_FINAL_STATE_UNKNOWN,afde23cde69070a47f1c,RUN_20261010_222944,V4,2026-10-10T22:20:09+08:00,2026-10-10T22:20:09+08:00,2026-10-11T06:00:00+08:00,7.664,False,False,False
V4_SHADOW,3092305,2026-10-10,新西兰联,奥克兰FC后备队 vs 奥克兰联,,,,,,,,,,D:\codex\v3_legacy\outputs\football_odds_trader\raw\titan007\20261010\20261010_222009_titan007_odds_snapshot.csv,NOT_FINAL_STATE_UNKNOWN,c9857d58d265dc5a84a0,RUN_20261010_222944,V4,2026-10-10T22:20:09+08:00,2026-10-10T22:20:09+08:00,2026-10-11T07:00:00+08:00,8.664,False,False,False
V4_SHADOW,2955409,2026-10-10,美甲,夏洛特独立 vs 纽约宇宙队,,,,,,,,,,D:\codex\v3_legacy\outputs\football_odds_trader\raw\titan007\20261010\20261010_222009_titan007_odds_snapshot.csv,NOT_FINAL_STATE_UNKNOWN,80e83a4789ef77f19568,RUN_20261010_222944,V4,2026-10-10T22:20:09+08:00,2026-10-10T22:20:09+08:00,2026-10-11T07:00:00+08:00,8.664,False,False,False
V4_SHADOW,3073308,2026-10-10,墨西乙,贾奎斯 vs 卡门海滩,,,,,,,,,,D:\codex\v3_legacy\outputs\football_odds_trader\raw\titan007\20261010\20261010_222009_titan007_odds_snapshot.csv,NOT_FINAL_STATE_UNKNOWN,ed175b8e5a4cbefbbde8,RUN_20261010_222944,V4,2026-10-10T22:20:09+08:00,2026-10-10T22:20:09+08:00,2026-10-11T07:00:00+08:00,8.664,False,False,False
V4_SHADOW,3036214,2026-10-10,巴马甲秋,CA独立队 vs 维拉加斯FC,,,,,,,,,,D:\codex\v3_legacy\outputs\football_odds_trader\raw\titan007\20261010\20261010_222009_titan007_odds_snapshot.csv,NOT_FINAL_STATE_UNKNOWN,177f9bf02ae0898901cd,RUN_20261010_222944,V4,2026-10-10T22:20:09+08:00,2026-10-10T22:20:09+08:00,2026-10-11T07:15:00+08:00,8.914,False,False,False
V4_SHADOW,2955413,2026-10-10,美甲,萨拉索塔天堂 vs 里士满踢球者,,,,,,,,,,D:\codex\v3_legacy\outputs\football_odds_trader\raw\titan007\20261010\20261010_222009_titan007_odds_snapshot.csv,NOT_FINAL_STATE_UNKNOWN,3f45e4afe39a73e3d3c1,RUN_20261010_222944,V4,2026-10-10T22:20:09+08:00,2026-10-10T22:20:09+08:00,2026-10-11T07:30:00+08:00,9.164,False,False,False
V4_SHADOW,3092306,2026-10-10,新西兰联,内皮尔市流浪 vs 羊绒工业,,,,,,,,,,D:\codex\v3_legacy\outputs\football_odds_trader\raw\titan007\20261010\20261010_222009_titan007_odds_snapshot.csv,NOT_FINAL_STATE_UNKNOWN,499169a9b4012941bcbd,RUN_20261010_222944,V4,2026-10-10T22:20:09+08:00,2026-10-10T22:20:09+08:00,2026-10-11T08:00:00+08:00,9.664,False,False,False
V4_SHADOW,3099543,2026-10-10,墨西乙A,CD华雷斯 vs 圣地亚哥足球俱乐部,,,,,,,,,,D:\codex\v3_legacy\outputs\football_odds_trader\raw\titan007\20261010\20261010_222009_titan007_odds_snapshot.csv,NOT_FINAL_STATE_UNKNOWN,8faf2bede84465ddf3b8,RUN_20261010_222944,V4,2026-10-10T22:20:09+08:00,2026-10-10T22:20:09+08:00,2026-10-11T08:00:00+08:00,9.664,False,False,False
V4_SHADOW,3099545,2026-10-10,墨西乙A,雷诺萨牛仔 vs 萨尔蒂洛,,,,,,,,,,D:\codex\v3_legacy\outputs\football_odds_trader\raw\titan007\20261010\20261010_222009_titan007_odds_snapshot.csv,NOT_FINAL_STATE_UNKNOWN,bd71e550db9ea5cf79e6,RUN_20261010_222944,V4,2026-10-10T22:20:09+08:00,2026-10-10T22:20:09+08:00,2026-10-11T08:00:00+08:00,9.664,False,False,False
V4_SHADOW,3073309,2026-10-10,墨西乙,伊拉普阿托 vs 瓦拉塔曲通MFC,,,,,,,,,,D:\codex\v3_legacy\outputs\football_odds_trader\raw\titan007\20261010\20261010_222009_titan007_odds_snapshot.csv,NOT_FINAL_STATE_UNKNOWN,85c9fc3769b8ae2cf25a,RUN_20261010_222944,V4,2026-10-10T22:20:09+08:00,2026-10-10T22:20:09+08:00,2026-10-11T08:00:00+08:00,9.664,False,False,False
V4_SHADOW,3101025,2026-10-10,圣尼超,圈新城 vs RAMS巨星,,,,,,,,,,D:\codex\v3_legacy\outputs\football_odds_trader\raw\titan007\20261010\20261010_222009_titan007_odds_snapshot.csv,NOT_FINAL_STATE_UNKNOWN,02f0a1359bc934821878,RUN_20261010_222944,V4,2026-10-10T22:20:09+08:00,2026-10-10T22:20:09+08:00,2026-10-11T08:30:00+08:00,10.164,False,False,False
V4_SHADOW,3041942,2026-10-10,萨尔超春,利梅诺 vs 路斯天使,,,,,,,,,,D:\codex\v3_legacy\outputs\football_odds_trader\raw\titan007\20261010\20261010_222009_titan007_odds_snapshot.csv,NOT_FINAL_STATE_UNKNOWN,3604fe4dd161de690689,RUN_20261010_222944,V4,2026-10-10T22:20:09+08:00,2026-10-10T22:20:09+08:00,2026-10-11T09:00:00+08:00,10.664,False,False,False
V4_SHADOW,3011302,2026-10-10,危地甲春,马拉卡特高 vs 瓜斯塔托亚,,,,,,,,,,D:\codex\v3_legacy\outputs\football_odds_trader\raw\titan007\20261010\20261010_222009_titan007_odds_snapshot.csv,NOT_FINAL_STATE_UNKNOWN,a3d204b6921d83846198,RUN_20261010_222944,V4,2026-10-10T22:20:09+08:00,2026-10-10T22:20:09+08:00,2026-10-11T09:00:00+08:00,10.664,False,False,False
V4_SHADOW,3097752,2026-10-10,新西女超,南方联盟(NZL)女足 vs 卡洛里女足,,,,,,,,,,D:\codex\v3_legacy\outputs\football_odds_trader\raw\titan007\20261010\20261010_222009_titan007_odds_snapshot.csv,NOT_FINAL_STATE_UNKNOWN,51c2b4c2dccaaa25661a,RUN_20261010_222944,V4,2026-10-10T22:20:09+08:00,2026-10-10T22:20:09+08:00,2026-10-11T09:00:00+08:00,10.664,False,False,False
V4_SHADOW,3083897,2026-10-10,洪都甲春,洛沃斯墨 vs CD马拉松,,,,,,,,,,D:\codex\v3_legacy\outputs\football_odds_trader\raw\titan007\20261010\20261010_222009_titan007_odds_snapshot.csv,NOT_FINAL_STATE_UNKNOWN,3cd30b14898aae603809,RUN_20261010_222944,V4,2026-10-10T22:20:09+08:00,2026-10-10T22:20:09+08:00,2026-10-11T09:30:00+08:00,11.164,False,False,False
V4_SHADOW,3100415,2026-10-10,球会友谊,布里斯班狮吼 vs 布罗德美度兰,,,,,,,,,,D:\codex\v3_legacy\outputs\football_odds_trader\raw\titan007\20261010\20261010_222009_titan007_odds_snapshot.csv,NOT_FINAL_STATE_UNKNOWN,2f4a1f667fb66b423d00,RUN_20261010_222944,V4,2026-10-10T22:20:09+08:00,2026-10-10T22:20:09+08:00,2026-10-11T09:30:00+08:00,11.164,False,False,False
V4_SHADOW,3036215,2026-10-10,巴马甲秋,阿马多尔广场 vs CD阿拉比,,,,,,,,,,D:\codex\v3_legacy\outputs\football_odds_trader\raw\titan007\20261010\20261010_222009_titan007_odds_snapshot.csv,NOT_FINAL_STATE_UNKNOWN,c30b2286db15ad5f0fdc,RUN_20261010_222944,V4,2026-10-10T22:20:09+08:00,2026-10-10T22:20:09+08:00,2026-10-11T09:30:00+08:00,11.164,False,False,False
V4_SHADOW,3099412,2026-10-10,哥斯乙,卡里阿利 vs 摩拉维亚足球,,,,,,,,,,D:\codex\v3_legacy\outputs\football_odds_trader\raw\titan007\20261010\20261010_222009_titan007_odds_snapshot.csv,NOT_FINAL_STATE_UNKNOWN,e4c9f7fac4847f1b732e,RUN_20261010_222944,V4,2026-10-10T22:20:09+08:00,2026-10-10T22:20:09+08:00,2026-10-11T09:30:00+08:00,11.164,False,False,False
V4_SHADOW,3097753,2026-10-10,新西女超,芬瑟布尔斯联女足 vs 惠灵顿联女足,,,,,,,,,,D:\codex\v3_legacy\outputs\football_odds_trader\raw\titan007\20261010\20261010_222009_titan007_odds_snapshot.csv,NOT_FINAL_STATE_UNKNOWN,0f49f34b54c7a168c6f9,RUN_20261010_222944,V4,2026-10-10T22:20:09+08:00,2026-10-10T22:20:09+08:00,2026-10-11T09:30:00+08:00,11.164,False,False,False
V4_SHADOW,3097757,2026-10-10,新西女超,奥克兰联女足 vs 坎特伯雷女足,,,,,,,,,,D:\codex\v3_legacy\outputs\football_odds_trader\raw\titan007\20261010\20261010_222009_titan007_odds_snapshot.csv,NOT_FINAL_STATE_UNKNOWN,e247544d5f2940ff6356,RUN_20261010_222944,V4,2026-10-10T22:20:09+08:00,2026-10-10T22:20:09+08:00,2026-10-11T10:00:00+08:00,11.664,False,False,False
V4_SHADOW,2908831,2026-10-11,美职业,洛杉矶FC vs 温哥华白浪,,,,,N,,0,,,D:\codex\v3_legacy\outputs\football_odds_trader\raw\titan007\20261010\20261010_223725_titan007_odds_snapshot.csv,NOT_FINAL_STATE_0,549346d905d6beaa8428,RUN_20261010_223725,V4,2026-10-10T22:37:25+08:00,2026-10-10T22:37:25+08:00,2026-10-11T10:30:00+08:00,11.876,False,False,False
V4_SHADOW,2955408,2026-10-11,美甲,AV阿尔塔 vs 格林维勒凯旋,,,,,,,0,,,D:\codex\v3_legacy\outputs\football_odds_trader\raw\titan007\20261010\20261010_223725_titan007_odds_snapshot.csv,NOT_FINAL_STATE_0,2cd1513ff025390b75e7,RUN_20261010_223725,V4,2026-10-10T22:37:25+08:00,2026-10-10T22:37:25+08:00,2026-10-11T10:30:00+08:00,11.876,False,False,False
V4_SHADOW,3086990,2026-10-11,女日联杯,东京绿茵女足 vs 广岛三箭女足,,,,,,,0,,,D:\codex\v3_legacy\outputs\football_odds_trader\raw\titan007\20261010\20261010_223725_titan007_odds_snapshot.csv,NOT_FINAL_STATE_0,9c3ad3aa72c9481685dc,RUN_20261010_223725,V4,2026-10-10T22:37:25+08:00,2026-10-10T22:37:25+08:00,2026-10-11T11:00:00+08:00,12.376,False,False,False
V4_SHADOW,3097754,2026-10-11,新西女超,威灵顿凤凰女足后备队 vs 西海岸游骑兵女足,,,,,,,0,,,D:\codex\v3_legacy\outputs\football_odds_trader\raw\titan007\20261010\20261010_223725_titan007_odds_snapshot.csv,NOT_FINAL_STATE_0,620d3637707bc0740dbf,RUN_20261010_223725,V4,2026-10-10T22:37:25+08:00,2026-10-10T22:37:25+08:00,2026-10-11T11:00:00+08:00,12.376,False,False,False
V4_SHADOW,2997434,2026-10-11,墨西联秋,墨西哥美洲 vs 蒙特雷,,,,,N,,0,,,D:\codex\v3_legacy\outputs\football_odds_trader\raw\titan007\20261010\20261010_223725_titan007_odds_snapshot.csv,NOT_FINAL_STATE_0,a531f6fafbb607a54b73,RUN_20261010_223725,V4,2026-10-10T22:37:25+08:00,2026-10-10T22:37:25+08:00,2026-10-11T11:10:00+08:00,12.543,False,True,False
V4_SHADOW,3001214,2026-10-11,日职丙,熊本深红 vs FC爱媛,熊本深红,receiving,0.25,0.77,B,,0,,,D:\codex\v3_legacy\outputs\football_odds_trader\raw\titan007\20261010\20261010_223725_titan007_odds_snapshot.csv,NOT_FINAL_STATE_0,9d475e5a5800d6740000,RUN_20261010_223725,V4,2026-10-10T22:37:25+08:00,2026-10-10T22:37:25+08:00,2026-10-11T12:00:00+08:00,13.376,False,True,False
V4_SHADOW,3001220,2026-10-11,日职丙,松本山雅 vs 鹿儿岛联,松本山雅,receiving,0.25,0.99,A,,0,,,D:\codex\v3_legacy\outputs\football_odds_trader\raw\titan007\20261010\20261010_223725_titan007_odds_snapshot.csv,NOT_FINAL_STATE_0,bd3778ff4013a0ca8c56,RUN_20261010_223725,V4,2026-10-10T22:37:25+08:00,2026-10-10T22:37:25+08:00,2026-10-11T12:00:00+08:00,13.376,False,True,False
V4_SHADOW,3071118,2026-10-11,日足联,布瑞欧碧卡浦安 vs 威蒂恩三重,,,,,N,,0,,,D:\codex\v3_legacy\outputs\football_odds_trader\raw\titan007\20261010\20261010_223725_titan007_odds_snapshot.csv,NOT_FINAL_STATE_0,08e550889f3756492028,RUN_20261010_223725,V4,2026-10-10T22:37:25+08:00,2026-10-10T22:37:25+08:00,2026-10-11T12:00:00+08:00,13.376,False,True,False
V4_SHADOW,3071119,2026-10-11,日足联,平田町 vs 横川武藏野,,,,,,,0,,,D:\codex\v3_legacy\outputs\football_odds_trader\raw\titan007\20261010\20261010_223725_titan007_odds_snapshot.csv,NOT_FINAL_STATE_0,a60294bba577655dddda,RUN_20261010_223725,V4,2026-10-10T22:37:25+08:00,2026-10-10T22:37:25+08:00,2026-10-11T12:00:00+08:00,13.376,False,False,False
V4_SHADOW,3071120,2026-10-11,日足联,岩手盛冈仙鹤 vs FC本田,,,,,,,0,,,D:\codex\v3_legacy\outputs\football_odds_trader\raw\titan007\20261010\20261010_223725_titan007_odds_snapshot.csv,NOT_FINAL_STATE_0,403e798461f7cf90318e,RUN_20261010_223725,V4,2026-10-10T22:37:25+08:00,2026-10-10T22:37:25+08:00,2026-10-11T12:00:00+08:00,13.376,False,False,False
V4_SHADOW,3101121,2026-10-11,日地区联,FC刈谷 vs 铃鹿竞技,,,,,,,0,,,D:\codex\v3_legacy\outputs\football_odds_trader\raw\titan007\20261010\20261010_223725_titan007_odds_snapshot.csv,NOT_FINAL_STATE_0,3de108053bff9cabc039,RUN_20261010_223725,V4,2026-10-10T22:37:25+08:00,2026-10-10T22:37:25+08:00,2026-10-11T12:00:00+08:00,13.376,False,False,False
V4_SHADOW,3000106,2026-10-11,日职乙,山形山神 vs 仙台维加泰,山形山神,receiving,0.5,0.88,B,,0,,,D:\codex\v3_legacy\outputs\football_odds_trader\raw\titan007\20261010\20261010_223725_titan007_odds_snapshot.csv,NOT_FINAL_STATE_0,f55dda99629e62bb2bd0,RUN_20261010_223725,V4,2026-10-10T22:37:25+08:00,2026-10-10T22:37:25+08:00,2026-10-11T12:05:00+08:00,13.46,False,True,False
V4_SHADOW,3000475,2026-10-11,日职联,千叶市原 vs 长崎成功丸,,,,,N,,0,,,D:\codex\v3_legacy\outputs\football_odds_trader\raw\titan007\20261010\20261010_223725_titan007_odds_snapshot.csv,NOT_FINAL_STATE_0,4430e71726b7738ba4cc,RUN_20261010_223725,V4,2026-10-10T22:37:25+08:00,2026-10-10T22:37:25+08:00,2026-10-11T13:00:00+08:00,14.376,False,False,False
V4_SHADOW,3000111,2026-10-11,日职乙,富山胜利 vs 宫崎棒牛鸟,,,,,C,,0,,,D:\codex\v3_legacy\outputs\football_odds_trader\raw\titan007\20261010\20261010_223725_titan007_odds_snapshot.csv,NOT_FINAL_STATE_0,7d9f65e1df30ddb978a7,RUN_20261010_223725,V4,2026-10-10T22:37:25+08:00,2026-10-10T22:37:25+08:00,2026-10-11T13:00:00+08:00,14.376,False,True,False
V4_SHADOW,2929740,2026-10-11,韩K联,光州FC vs 蔚山HD,光州FC,receiving,0.75,1.05,B,,0,,,D:\codex\v3_legacy\outputs\football_odds_trader\raw\titan007\20261010\20261010_223725_titan007_odds_snapshot.csv,NOT_FINAL_STATE_0,1e111b5f62b7abafe63d,RUN_20261010_223725,V4,2026-10-10T22:37:25+08:00,2026-10-10T22:37:25+08:00,2026-10-11T13:00:00+08:00,14.376,False,True,False
V4_SHADOW,2925549,2026-10-11,韩K2联,水原三星 vs 安山小绿人,水原三星,giving,-1.75,0.73,B,,0,,,D:\codex\v3_legacy\outputs\football_odds_trader\raw\titan007\20261010\20261010_223725_titan007_odds_snapshot.csv,NOT_FINAL_STATE_0,6c3936aa2d9303a23809,RUN_20261010_223725,V4,2026-10-10T22:37:25+08:00,2026-10-10T22:37:25+08:00,2026-10-11T13:00:00+08:00,14.376,False,True,False
V4_SHADOW,3001212,2026-10-11,日职丙,鸟取飞翔 vs FC岐阜,鸟取飞翔,receiving,0.5,0.99,A,,0,,,D:\codex\v3_legacy\outputs\football_odds_trader\raw\titan007\20261010\20261010_223725_titan007_odds_snapshot.csv,NOT_FINAL_STATE_0,0fef377ca2ec8281a92a,RUN_20261010_223725,V4,2026-10-10T22:37:25+08:00,2026-10-10T22:37:25+08:00,2026-10-11T13:00:00+08:00,14.376,False,True,False
V4_SHADOW,3001219,2026-10-11,日职丙,枥木SC vs 山口雷法,,,,,N,,0,,,D:\codex\v3_legacy\outputs\football_odds_trader\raw\titan007\20261010\20261010_223725_titan007_odds_snapshot.csv,NOT_FINAL_STATE_0,6dd19a327b954abda98d,RUN_20261010_223725,V4,2026-10-10T22:37:25+08:00,2026-10-10T22:37:25+08:00,2026-10-11T13:00:00+08:00,14.376,False,False,False
V4_SHADOW,2940451,2026-10-11,韩K3联,江陵 vs 始兴市民,,,,,,,0,,,D:\codex\v3_legacy\outputs\football_odds_trader\raw\titan007\20261010\20261010_223725_titan007_odds_snapshot.csv,NOT_FINAL_STATE_0,544d76a65e447faa2bf3,RUN_20261010_223725,V4,2026-10-10T22:37:25+08:00,2026-10-10T22:37:25+08:00,2026-10-11T13:00:00+08:00,14.376,False,False,False
V4_SHADOW,2940452,2026-10-11,韩K3联,庆州水利 vs 木浦市,,,,,,,0,,,D:\codex\v3_legacy\outputs\football_odds_trader\raw\titan007\20261010\20261010_223725_titan007_odds_snapshot.csv,NOT_FINAL_STATE_0,36d0c804dafb14daee99,RUN_20261010_223725,V4,2026-10-10T22:37:25+08:00,2026-10-10T22:37:25+08:00,2026-10-11T13:00:00+08:00,14.376,False,False,False
V4_SHADOW,2953728,2026-10-11,韩K4联,西山先锋 vs 金川人力,,,,,,,0,,,D:\codex\v3_legacy\outputs\football_odds_trader\raw\titan007\20261010\20261010_223725_titan007_odds_snapshot.csv,NOT_FINAL_STATE_0,64c4ca4aed8e098d8d64,RUN_20261010_223725,V4,2026-10-10T22:37:25+08:00,2026-10-10T22:37:25+08:00,2026-10-11T13:00:00+08:00,14.376,False,False,False
V4_SHADOW,2953729,2026-10-11,韩K4联,巨济市民 vs 平泽市民,,,,,,,0,,,D:\codex\v3_legacy\outputs\football_odds_trader\raw\titan007\20261010\20261010_223725_titan007_odds_snapshot.csv,NOT_FINAL_STATE_0,f4bbd0cd27f3ef5d9a70,RUN_20261010_223725,V4,2026-10-10T22:37:25+08:00,2026-10-10T22:37:25+08:00,2026-10-11T13:00:00+08:00,14.376,False,False,False
V4_SHADOW,2953730,2026-10-11,韩K4联,平昌FC vs 晋州市民,,,,,,,0,,,D:\codex\v3_legacy\outputs\football_odds_trader\raw\titan007\20261010\20261010_223725_titan007_odds_snapshot.csv,NOT_FINAL_STATE_0,e0aaf7349dc5a4e481fa,RUN_20261010_223725,V4,2026-10-10T22:37:25+08:00,2026-10-10T22:37:25+08:00,2026-10-11T13:00:00+08:00,14.376,False,False,False
V4_SHADOW,3086991,2026-10-11,女日联杯,大阪樱花女足 vs RB大宫松鼠女足,,,,,,,0,,,D:\codex\v3_legacy\outputs\football_odds_trader\raw\titan007\20261010\20261010_223725_titan007_odds_snapshot.csv,NOT_FINAL_STATE_0,3756ba1ce3502297ba2b,RUN_20261010_223725,V4,2026-10-10T22:37:25+08:00,2026-10-10T22:37:25+08:00,2026-10-11T13:00:00+08:00,14.376,False,False,False
V4_SHADOW,3086992,2026-10-11,女日联杯,AC长野女足 vs 伊纳卡女足,,,,,,,0,,,D:\codex\v3_legacy\outputs\football_odds_trader\raw\titan007\20261010\20261010_223725_titan007_odds_snapshot.csv,NOT_FINAL_STATE_0,223c1bc45ab8b67d681a,RUN_20261010_223725,V4,2026-10-10T22:37:25+08:00,2026-10-10T22:37:25+08:00,2026-10-11T13:00:00+08:00,14.376,False,False,False
V4_SHADOW,3101120,2026-10-11,日地区联,大山SC vs 仙台大学SC II,,,,,,,0,,,D:\codex\v3_legacy\outputs\football_odds_trader\raw\titan007\20261010\20261010_223725_titan007_odds_snapshot.csv,NOT_FINAL_STATE_0,154c2067f4bfc3eeea77,RUN_20261010_223725,V4,2026-10-10T22:37:25+08:00,2026-10-10T22:37:25+08:00,2026-10-11T13:00:00+08:00,14.376,False,False,False
V4_SHADOW,3101122,2026-10-11,日地区联,富士达市政 vs 双足龙,,,,,,,0,,,D:\codex\v3_legacy\outputs\football_odds_trader\raw\titan007\20261010\20261010_223725_titan007_odds_snapshot.csv,NOT_FINAL_STATE_0,7945d6385c82a1213513,RUN_20261010_223725,V4,2026-10-10T22:37:25+08:00,2026-10-10T22:37:25+08:00,2026-10-11T13:00:00+08:00,14.376,False,False,False
V4_SHADOW,3084617,2026-10-11,香港乙,骏达 vs 湾仔,,,,,,,0,,,D:\codex\v3_legacy\outputs\football_odds_trader\raw\titan007\20261010\20261010_223725_titan007_odds_snapshot.csv,NOT_FINAL_STATE_0,bae79e73b1a56c2fe8c0,RUN_20261010_223725,V4,2026-10-10T22:37:25+08:00,2026-10-10T22:37:25+08:00,2026-10-11T13:00:00+08:00,14.376,False,False,False
V4_SHADOW,3089016,2026-10-11,蒙古超,伊尔赤姆 vs 乌兰巴托FC,,,,,,,0,,,D:\codex\v3_legacy\outputs\football_odds_trader\raw\titan007\20261010\20261010_223725_titan007_odds_snapshot.csv,NOT_FINAL_STATE_0,5192b1e1ebb55090a306,RUN_20261010_223725,V4,2026-10-10T22:37:25+08:00,2026-10-10T22:37:25+08:00,2026-10-11T13:00:00+08:00,14.376,False,False,False
V4_SHADOW,3101287,2026-10-11,香港丙,九龙康乐体育会 vs 翱翔FC,,,,,,,0,,,D:\codex\v3_legacy\outputs\football_odds_trader\raw\titan007\20261010\20261010_223725_titan007_odds_snapshot.csv,NOT_FINAL_STATE_0,d86835bca42dea0eac06,RUN_20261010_223725,V4,2026-10-10T22:37:25+08:00,2026-10-10T22:37:25+08:00,2026-10-11T13:00:00+08:00,14.376,False,False,False
V4_SHADOW,3084618,2026-10-11,香港乙,屯门 vs 观塘,,,,,,,0,,,D:\codex\v3_legacy\outputs\football_odds_trader\raw\titan007\20261010\20261010_223725_titan007_odds_snapshot.csv,NOT_FINAL_STATE_0,b0d434060c6c6ad1654c,RUN_20261010_223725,V4,2026-10-10T22:37:25+08:00,2026-10-10T22:37:25+08:00,2026-10-11T13:30:00+08:00,14.876,False,False,False
V4_SHADOW,3101376,2026-10-11,香港丙,连城天浪 vs 凌锐奥利安,,,,,,,0,,,D:\codex\v3_legacy\outputs\football_odds_trader\raw\titan007\20261010\20261010_223725_titan007_odds_snapshot.csv,NOT_FINAL_STATE_0,9abc769986a9367ca358,RUN_20261010_223725,V4,2026-10-10T22:37:25+08:00,2026-10-10T22:37:25+08:00,2026-10-11T13:30:00+08:00,14.876,False,False,False
V4_SHADOW,3101377,2026-10-11,香港丙,UKFA vs 淦源,,,,,,,0,,,D:\codex\v3_legacy\outputs\football_odds_trader\raw\titan007\20261010\20261010_223725_titan007_odds_snapshot.csv,NOT_FINAL_STATE_0,11b697f41d6081a5e808,RUN_20261010_223725,V4,2026-10-10T22:37:25+08:00,2026-10-10T22:37:25+08:00,2026-10-11T13:30:00+08:00,14.876,False,False,False
V4_SHADOW,3087027,2026-10-11,香港甲,凯景 vs 公民,,,,,,,0,,,D:\codex\v3_legacy\outputs\football_odds_trader\raw\titan007\20261010\20261010_223725_titan007_odds_snapshot.csv,NOT_FINAL_STATE_0,81f11790188004db0cf0,RUN_20261010_223725,V4,2026-10-10T22:37:25+08:00,2026-10-10T22:37:25+08:00,2026-10-11T13:30:00+08:00,14.876,False,False,False
V4_SHADOW,3087028,2026-10-11,香港甲,腾翱 vs 中西区,,,,,,,0,,,D:\codex\v3_legacy\outputs\football_odds_trader\raw\titan007\20261010\20261010_223725_titan007_odds_snapshot.csv,NOT_FINAL_STATE_0,536218a8b93883fcc56a,RUN_20261010_223725,V4,2026-10-10T22:37:25+08:00,2026-10-10T22:37:25+08:00,2026-10-11T13:30:00+08:00,14.876,False,False,False
V4_SHADOW,3000481,2026-10-11,日职联,水户蜀葵 vs 清水鼓动,,,,,N,,0,,,D:\codex\v3_legacy\outputs\football_odds_trader\raw\titan007\20261010\20261010_223725_titan007_odds_snapshot.csv,NOT_FINAL_STATE_0,fc395f0b954b1bf05b57,RUN_20261010_223725,V4,2026-10-10T22:37:25+08:00,2026-10-10T22:37:25+08:00,2026-10-11T14:00:00+08:00,15.376,False,False,False
V4_SHADOW,3000482,2026-10-11,日职联,东京绿茵 vs 广岛三箭,东京绿茵,receiving,1.0,1.07,A,,0,,,D:\codex\v3_legacy\outputs\football_odds_trader\raw\titan007\20261010\20261010_223725_titan007_odds_snapshot.csv,NOT_FINAL_STATE_0,a480e826c5b9465e7e66,RUN_20261010_223725,V4,2026-10-10T22:37:25+08:00,2026-10-10T22:37:25+08:00,2026-10-11T14:00:00+08:00,15.376,False,True,False
V4_SHADOW,3000103,2026-10-11,日职乙,磐城FC vs 秋田蓝色闪电,,,,,C,,0,,,D:\codex\v3_legacy\outputs\football_odds_trader\raw\titan007\20261010\20261010_223725_titan007_odds_snapshot.csv,NOT_FINAL_STATE_0,97e1cdf3ef310308ee1b,RUN_20261010_223725,V4,2026-10-10T22:37:25+08:00,2026-10-10T22:37:25+08:00,2026-10-11T14:00:00+08:00,15.376,False,True,False
V4_SHADOW,3071121,2026-10-11,日足联,大分公式 vs 美蓓亚三美,,,,,N,,0,,,D:\codex\v3_legacy\outputs\football_odds_trader\raw\titan007\20261010\20261010_223725_titan007_odds_snapshot.csv,NOT_FINAL_STATE_0,dd91bfb59b55100feb74,RUN_20261010_223725,V4,2026-10-10T22:37:25+08:00,2026-10-10T22:37:25+08:00,2026-10-11T14:00:00+08:00,15.376,False,True,False
V4_SHADOW,3000479,2026-10-11,日职联,川崎前锋 vs 名古屋鲸八,川崎前锋,giving,-0.5,0.86,C,,0,,,D:\codex\v3_legacy\outputs\football_odds_trader\raw\titan007\20261010\20261010_223725_titan007_odds_snapshot.csv,NOT_FINAL_STATE_0,ccdec2e48b107a03ee99,RUN_20261010_223725,V4,2026-10-10T22:37:25+08:00,2026-10-10T22:37:25+08:00,2026-10-11T15:00:00+08:00,16.376,False,True,False
V4_SHADOW,2951672,2026-10-11,中甲,延边龙鼎 vs 南通支云,延边龙鼎,receiving,0.5,0.82,B,,0,,,D:\codex\v3_legacy\outputs\football_odds_trader\raw\titan007\20261010\20261010_223725_titan007_odds_snapshot.csv,NOT_FINAL_STATE_0,42199d5c3c58e4458b7f,RUN_20261010_223725,V4,2026-10-10T22:37:25+08:00,2026-10-10T22:37:25+08:00,2026-10-11T15:00:00+08:00,16.376,False,True,False
V4_SHADOW,3100340,2026-10-11,中女超,北京雨虹修缮女足 vs 上海农商银行女足,,,,,,,0,,,D:\codex\v3_legacy\outputs\football_odds_trader\raw\titan007\20261010\20261010_223725_titan007_odds_snapshot.csv,NOT_FINAL_STATE_0,3873b50d28200fc6f800,RUN_20261010_223725,V4,2026-10-10T22:37:25+08:00,2026-10-10T22:37:25+08:00,2026-10-11T15:00:00+08:00,16.376,False,False,False
V4_SHADOW,3100341,2026-10-11,中女超,长春大众卓越女足 vs 陕西志丹女足,,,,,,,0,,,D:\codex\v3_legacy\outputs\football_odds_trader\raw\titan007\20261010\20261010_223725_titan007_odds_snapshot.csv,NOT_FINAL_STATE_0,1eccd9ef68134048f25c,RUN_20261010_223725,V4,2026-10-10T22:37:25+08:00,2026-10-10T22:37:25+08:00,2026-10-11T15:00:00+08:00,16.376,False,False,False
V4_SHADOW,3099568,2026-10-11,菲律甲,图洛伊 vs 公马吉利根,,,,,,,0,,,D:\codex\v3_legacy\outputs\football_odds_trader\raw\titan007\20261010\20261010_223725_titan007_odds_snapshot.csv,NOT_FINAL_STATE_0,3c6e5fb059772efd06a2,RUN_20261010_223725,V4,2026-10-10T22:37:25+08:00,2026-10-10T22:37:25+08:00,2026-10-11T15:00:00+08:00,16.376,False,False,False
V4_SHADOW,3084619,2026-10-11,香港乙,葛士宝友谊 vs 隋东,,,,,,,0,,,D:\codex\v3_legacy\outputs\football_odds_trader\raw\titan007\20261010\20261010_223725_titan007_odds_snapshot.csv,NOT_FINAL_STATE_0,748aa2f20403bfe4dc4d,RUN_20261010_223725,V4,2026-10-10T22:37:25+08:00,2026-10-10T22:37:25+08:00,2026-10-11T15:00:00+08:00,16.376,False,False,False
V4_SHADOW,3084620,2026-10-11,香港乙,油尖旺 vs 黄大仙,,,,,,,0,,,D:\codex\v3_legacy\outputs\football_odds_trader\raw\titan007\20261010\20261010_223725_titan007_odds_snapshot.csv,NOT_FINAL_STATE_0,936f2bb071315f0edf3a,RUN_20261010_223725,V4,2026-10-10T22:37:25+08:00,2026-10-10T22:37:25+08:00,2026-10-11T15:00:00+08:00,16.376,False,False,False
V4_SHADOW,3101126,2026-10-11,印尼U20,波斯雅加达U20 vs 爪哇联U20,,,,,,,0,,,D:\codex\v3_legacy\outputs\football_odds_trader\raw\titan007\20261010\20261010_223725_titan007_odds_snapshot.csv,NOT_FINAL_STATE_0,b19ec8eb4c28cd1510f6,RUN_20261010_223725,V4,2026-10-10T22:37:25+08:00,2026-10-10T22:37:25+08:00,2026-10-11T15:00:00+08:00,16.376,False,False,False
V4_SHADOW,3101232,2026-10-11,印尼U20,马兰U20 vs 杰帕拉U20,,,,,,,0,,,D:\codex\v3_legacy\outputs\football_odds_trader\raw\titan007\20261010\20261010_223725_titan007_odds_snapshot.csv,NOT_FINAL_STATE_0,a99aa09b6bc2eba26ec3,RUN_20261010_223725,V4,2026-10-10T22:37:25+08:00,2026-10-10T22:37:25+08:00,2026-10-11T15:00:00+08:00,16.376,False,False,False
V4_SHADOW,3089950,2026-10-11,渝超,潼南雪王队 vs 武隆乐源队,,,,,,,0,,,D:\codex\v3_legacy\outputs\football_odds_trader\raw\titan007\20261010\20261010_223725_titan007_odds_snapshot.csv,NOT_FINAL_STATE_0,5ac1c9a573e071036a71,RUN_20261010_223725,V4,2026-10-10T22:37:25+08:00,2026-10-10T22:37:25+08:00,2026-10-11T15:00:00+08:00,16.376,False,False,False
V4_SHADOW,3089951,2026-10-11,渝超,万盛经开区冠宇队 vs 奉节诗橙队,,,,,,,0,,,D:\codex\v3_legacy\outputs\football_odds_trader\raw\titan007\20261010\20261010_223725_titan007_odds_snapshot.csv,NOT_FINAL_STATE_0,da81ed0bab5c50f8e12e,RUN_20261010_223725,V4,2026-10-10T22:37:25+08:00,2026-10-10T22:37:25+08:00,2026-10-11T15:00:00+08:00,16.376,False,False,False
V4_SHADOW,3089952,2026-10-11,渝超,巫溪红池坝队 vs 忠县烽烟三国队,,,,,,,0,,,D:\codex\v3_legacy\outputs\football_odds_trader\raw\titan007\20261010\20261010_223725_titan007_odds_snapshot.csv,NOT_FINAL_STATE_0,aebd25bdcd4d41d26773,RUN_20261010_223725,V4,2026-10-10T22:37:25+08:00,2026-10-10T22:37:25+08:00,2026-10-11T15:00:00+08:00,16.376,False,False,False
V4_SHADOW,3089953,2026-10-11,渝超,南岸队 vs 万州飞马队,,,,,,,0,,,D:\codex\v3_legacy\outputs\football_odds_trader\raw\titan007\20261010\20261010_223725_titan007_odds_snapshot.csv,NOT_FINAL_STATE_0,6a9d84ed8ed5364f737d,RUN_20261010_223725,V4,2026-10-10T22:37:25+08:00,2026-10-10T22:37:25+08:00,2026-10-11T15:00:00+08:00,16.376,False,False,False
V4_SHADOW,3089949,2026-10-11,渝超,高新典名科技队 vs 永川队,,,,,,,0,,,D:\codex\v3_legacy\outputs\football_odds_trader\raw\titan007\20261010\20261010_223725_titan007_odds_snapshot.csv,NOT_FINAL_STATE_0,e7a3133519dcea8f1c9e,RUN_20261010_223725,V4,2026-10-10T22:37:25+08:00,2026-10-10T22:37:25+08:00,2026-10-11T15:00:00+08:00,16.376,False,False,False
V4_SHADOW,3087147,2026-10-11,中乙,上海海港B队 vs 深圳2028,,,,,,,0,,,D:\codex\v3_legacy\outputs\football_odds_trader\raw\titan007\20261010\20261010_223725_titan007_odds_snapshot.csv,NOT_FINAL_STATE_0,7e4a51516c0bc621bd64,RUN_20261010_223725,V4,2026-10-10T22:37:25+08:00,2026-10-10T22:37:25+08:00,2026-10-11T15:30:00+08:00,16.876,False,False,False
V4_SHADOW,3087148,2026-10-11,中乙,山东泰山金钢山队 vs 贵州贵阳竞技,,,,,,,0,,,D:\codex\v3_legacy\outputs\football_odds_trader\raw\titan007\20261010\20261010_223725_titan007_odds_snapshot.csv,NOT_FINAL_STATE_0,665c4c59e87c506deeeb,RUN_20261010_223725,V4,2026-10-10T22:37:25+08:00,2026-10-10T22:37:25+08:00,2026-10-11T15:30:00+08:00,16.876,False,False,False
V4_SHADOW,3084621,2026-10-11,香港乙,荃湾 vs 康宏晨曦,,,,,,,0,,,D:\codex\v3_legacy\outputs\football_odds_trader\raw\titan007\20261010\20261010_223725_titan007_odds_snapshot.csv,NOT_FINAL_STATE_0,80367ad428d17d2bee35,RUN_20261010_223725,V4,2026-10-10T22:37:25+08:00,2026-10-10T22:37:25+08:00,2026-10-11T15:30:00+08:00,16.876,False,False,False
V4_SHADOW,3084622,2026-10-11,香港乙,倍搏同盟 vs 葵青,,,,,,,0,,,D:\codex\v3_legacy\outputs\football_odds_trader\raw\titan007\20261010\20261010_223725_titan007_odds_snapshot.csv,NOT_FINAL_STATE_0,4075b49b5a66bbaebefa,RUN_20261010_223725,V4,2026-10-10T22:37:25+08:00,2026-10-10T22:37:25+08:00,2026-10-11T15:30:00+08:00,16.876,False,False,False
V4_SHADOW,3088810,2026-10-11,中台联,台湾电力 vs 台中未来,,,,,,,0,,,D:\codex\v3_legacy\outputs\football_odds_trader\raw\titan007\20261010\20261010_223725_titan007_odds_snapshot.csv,NOT_FINAL_STATE_0,9d975484417af8c03fe5,RUN_20261010_223725,V4,2026-10-10T22:37:25+08:00,2026-10-10T22:37:25+08:00,2026-10-11T15:30:00+08:00,16.876,False,False,False
V4_SHADOW,3087029,2026-10-11,香港甲,晋峰足球会 vs 和富社企,,,,,,,0,,,D:\codex\v3_legacy\outputs\football_odds_trader\raw\titan007\20261010\20261010_223725_titan007_odds_snapshot.csv,NOT_FINAL_STATE_0,9af2447de4f6f824f7b9,RUN_20261010_223725,V4,2026-10-10T22:37:25+08:00,2026-10-10T22:37:25+08:00,2026-10-11T15:30:00+08:00,16.876,False,False,False
V4_SHADOW,3087030,2026-10-11,香港甲,领峰足球会 vs 南华,,,,,,,0,,,D:\codex\v3_legacy\outputs\football_odds_trader\raw\titan007\20261010\20261010_223725_titan007_odds_snapshot.csv,NOT_FINAL_STATE_0,dfc039e1621659671071,RUN_20261010_223725,V4,2026-10-10T22:37:25+08:00,2026-10-10T22:37:25+08:00,2026-10-11T15:30:00+08:00,16.876,False,False,False
V4_SHADOW,3087031,2026-10-11,香港甲,东升 vs 三星FC,,,,,,,0,,,D:\codex\v3_legacy\outputs\football_odds_trader\raw\titan007\20261010\20261010_223725_titan007_odds_snapshot.csv,NOT_FINAL_STATE_0,b26012c29c07dcb21a79,RUN_20261010_223725,V4,2026-10-10T22:37:25+08:00,2026-10-10T22:37:25+08:00,2026-10-11T15:30:00+08:00,16.876,False,False,False
V4_SHADOW,3087032,2026-10-11,香港甲,天行元朗 vs 浩运,,,,,,,0,,,D:\codex\v3_legacy\outputs\football_odds_trader\raw\titan007\20261010\20261010_223725_titan007_odds_snapshot.csv,NOT_FINAL_STATE_0,74ed14e923fc677483e8,RUN_20261010_223725,V4,2026-10-10T22:37:25+08:00,2026-10-10T22:37:25+08:00,2026-10-11T15:30:00+08:00,16.876,False,False,False
V4_SHADOW,3087372,2026-10-11,中U21,山东泰山U21 vs 广东广州豹U21,,,,,,,0,,,D:\codex\v3_legacy\outputs\football_odds_trader\raw\titan007\20261010\20261010_223725_titan007_odds_snapshot.csv,NOT_FINAL_STATE_0,6c9ceeec10e2c499ec2b,RUN_20261010_223725,V4,2026-10-10T22:37:25+08:00,2026-10-10T22:37:25+08:00,2026-10-11T15:30:00+08:00,16.876,False,False,False
V4_SHADOW,3087374,2026-10-11,中U21,武汉三镇U21 vs 河南U21,,,,,,,0,,,D:\codex\v3_legacy\outputs\football_odds_trader\raw\titan007\20261010\20261010_223725_titan007_odds_snapshot.csv,NOT_FINAL_STATE_0,9b145dfa611692bf0eb1,RUN_20261010_223725,V4,2026-10-10T22:37:25+08:00,2026-10-10T22:37:25+08:00,2026-10-11T15:30:00+08:00,16.876,False,False,False
V4_SHADOW,3087676,2026-10-11,中乙降A,兰州陇原竞技 vs 广东铭途,,,,,,,0,,,D:\codex\v3_legacy\outputs\football_odds_trader\raw\titan007\20261010\20261010_223725_titan007_odds_snapshot.csv,NOT_FINAL_STATE_0,271461c1e98045056c6c,RUN_20261010_223725,V4,2026-10-10T22:37:25+08:00,2026-10-10T22:37:25+08:00,2026-10-11T16:00:00+08:00,17.376,False,False,False
V4_SHADOW,3087677,2026-10-11,中乙降A,大连英博B队 vs 湖北青年星,,,,,,,0,,,D:\codex\v3_legacy\outputs\football_odds_trader\raw\titan007\20261010\20261010_223725_titan007_odds_snapshot.csv,NOT_FINAL_STATE_0,1b7bd08fc9ee9cc83cc5,RUN_20261010_223725,V4,2026-10-10T22:37:25+08:00,2026-10-10T22:37:25+08:00,2026-10-11T16:00:00+08:00,17.376,False,False,False
V4_SHADOW,3049327,2026-10-11,香港超,标准流浪 vs 理文,,,,,N,,0,,,D:\codex\v3_legacy\outputs\football_odds_trader\raw\titan007\20261010\20261010_223725_titan007_odds_snapshot.csv,NOT_FINAL_STATE_0,1cc1984dfd2b97a066f3,RUN_20261010_223725,V4,2026-10-10T22:37:25+08:00,2026-10-10T22:37:25+08:00,2026-10-11T16:00:00+08:00,17.376,False,True,False
V4_SHADOW,3049328,2026-10-11,香港超,冠忠南区 vs 东区,,,,,N,,0,,,D:\codex\v3_legacy\outputs\football_odds_trader\raw\titan007\20261010\20261010_223725_titan007_odds_snapshot.csv,NOT_FINAL_STATE_0,f9f66bb4adbc8f88c373,RUN_20261010_223725,V4,2026-10-10T22:37:25+08:00,2026-10-10T22:37:25+08:00,2026-10-11T16:00:00+08:00,17.376,False,True,False
V4_SHADOW,3099576,2026-10-11,土U19联,干亚斯堡U19 vs 伊斯坦布尔BBU19,,,,,,,0,,,D:\codex\v3_legacy\outputs\football_odds_trader\raw\titan007\20261010\20261010_223725_titan007_odds_snapshot.csv,NOT_FINAL_STATE_0,009abc767d3a62063e90,RUN_20261010_223725,V4,2026-10-10T22:37:25+08:00,2026-10-10T22:37:25+08:00,2026-10-11T16:00:00+08:00,17.376,False,False,False
V4_SHADOW,3091072,2026-10-11,西丁,UCAM穆西亚B队 vs 玛莎隆,,,,,,,0,,,D:\codex\v3_legacy\outputs\football_odds_trader\raw\titan007\20261010\20261010_223725_titan007_odds_snapshot.csv,NOT_FINAL_STATE_0,4b1b31419c74889fa180,RUN_20261010_223725,V4,2026-10-10T22:37:25+08:00,2026-10-10T22:37:25+08:00,2026-10-11T16:00:00+08:00,17.376,False,False,False
V4_SHADOW,3046433,2026-10-11,罗乙,阿富马齐 vs 林达伯史特范斯提,,,,,,,0,,,D:\codex\v3_legacy\outputs\football_odds_trader\raw\titan007\20261010\20261010_223725_titan007_odds_snapshot.csv,NOT_FINAL_STATE_0,a198ef58353573ef01e4,RUN_20261010_223725,V4,2026-10-10T22:37:25+08:00,2026-10-10T22:37:25+08:00,2026-10-11T16:00:00+08:00,17.376,False,False,False
V4_SHADOW,3098305,2026-10-11,希腊U19,奥林比亚高斯U19 vs 彭拿典奈高斯U19,,,,,,,0,,,D:\codex\v3_legacy\outputs\football_odds_trader\raw\titan007\20261010\20261010_223725_titan007_odds_snapshot.csv,NOT_FINAL_STATE_0,1aeb9cd6a60baa62fbdd,RUN_20261010_223725,V4,2026-10-10T22:37:25+08:00,2026-10-10T22:37:25+08:00,2026-10-11T16:00:00+08:00,17.376,False,False,False
V4_SHADOW,3088811,2026-10-11,中台联,阳信北竞 vs 台中磐石,,,,,,,0,,,D:\codex\v3_legacy\outputs\football_odds_trader\raw\titan007\20261010\20261010_223725_titan007_odds_snapshot.csv,NOT_FINAL_STATE_0,19a69d14bead584e9ba0,RUN_20261010_223725,V4,2026-10-10T22:37:25+08:00,2026-10-10T22:37:25+08:00,2026-10-11T16:00:00+08:00,17.376,False,False,False
V4_SHADOW,3088812,2026-10-11,中台联,大同足球队 vs 南市台钢,,,,,,,0,,,D:\codex\v3_legacy\outputs\football_odds_trader\raw\titan007\20261010\20261010_223725_titan007_odds_snapshot.csv,NOT_FINAL_STATE_0,201162fbc9a3a54cc4bb,RUN_20261010_223725,V4,2026-10-10T22:37:25+08:00,2026-10-10T22:37:25+08:00,2026-10-11T16:00:00+08:00,17.376,False,False,False
V4_SHADOW,3089017,2026-10-11,蒙古超,中央骏马 vs 德仁FC,,,,,,,0,,,D:\codex\v3_legacy\outputs\football_odds_trader\raw\titan007\20261010\20261010_223725_titan007_odds_snapshot.csv,NOT_FINAL_STATE_0,c3eb1f885798d30ca584,RUN_20261010_223725,V4,2026-10-10T22:37:25+08:00,2026-10-10T22:37:25+08:00,2026-10-11T16:00:00+08:00,17.376,False,False,False
V4_SHADOW,3101049,2026-10-11,中冠,新疆兵超 vs 广东晨星创尔特,,,,,,,0,,,D:\codex\v3_legacy\outputs\football_odds_trader\raw\titan007\20261010\20261010_223725_titan007_odds_snapshot.csv,NOT_FINAL_STATE_0,ded9f2188d4ba362a45f,RUN_20261010_223725,V4,2026-10-10T22:37:25+08:00,2026-10-10T22:37:25+08:00,2026-10-11T16:00:00+08:00,17.376,False,False,False
V4_SHADOW,3101391,2026-10-11,南非后备,斯泰伦博斯后备队 vs 贝联后备队,,,,,,,0,,,D:\codex\v3_legacy\outputs\football_odds_trader\raw\titan007\20261010\20261010_223725_titan007_odds_snapshot.csv,NOT_FINAL_STATE_0,9884ef95957271169f78,RUN_20261010_223725,V4,2026-10-10T22:37:25+08:00,2026-10-10T22:37:25+08:00,2026-10-11T16:00:00+08:00,17.376,False,False,False
V4_SHADOW,3099591,2026-10-11,中亚女U17,中国澳门女足U17 vs 不丹女足U17,,,,,,,0,,,D:\codex\v3_legacy\outputs\football_odds_trader\raw\titan007\20261010\20261010_223725_titan007_odds_snapshot.csv,NOT_FINAL_STATE_0,5ba2930709e2d1dc5b25,RUN_20261010_223725,V4,2026-10-10T22:37:25+08:00,2026-10-10T22:37:25+08:00,2026-10-11T16:00:00+08:00,17.376,False,False,False
V4_SHADOW,3099592,2026-10-11,中亚女U17,北马里亚纳群岛女足U17 vs 巴勒斯坦女足U17,,,,,,,0,,,D:\codex\v3_legacy\outputs\football_odds_trader\raw\titan007\20261010\20261010_223725_titan007_odds_snapshot.csv,NOT_FINAL_STATE_0,457aab154025ced77d05,RUN_20261010_223725,V4,2026-10-10T22:37:25+08:00,2026-10-10T22:37:25+08:00,2026-10-11T16:00:00+08:00,17.376,False,False,False
V4_SHADOW,3099593,2026-10-11,中亚女U17,敍利亚女足U17 vs 伊拉克女足U17,,,,,,,0,,,D:\codex\v3_legacy\outputs\football_odds_trader\raw\titan007\20261010\20261010_223725_titan007_odds_snapshot.csv,NOT_FINAL_STATE_0,e67ba479bcb5c233e8fb,RUN_20261010_223725,V4,2026-10-10T22:37:25+08:00,2026-10-10T22:37:25+08:00,2026-10-11T16:00:00+08:00,17.376,False,False,False
V4_SHADOW,3009405,2026-10-11,捷丙,布拉格斯巴达B队 vs 杜卡拉B队,,,,,,,0,,,D:\codex\v3_legacy\outputs\football_odds_trader\raw\titan007\20261010\20261010_223725_titan007_odds_snapshot.csv,NOT_FINAL_STATE_0,2ed8bda7b9c5afaa8137,RUN_20261010_223725,V4,2026-10-10T22:37:25+08:00,2026-10-10T22:37:25+08:00,2026-10-11T16:15:00+08:00,17.626,False,False,False
V4_SHADOW,3009519,2026-10-11,捷丙,亚布洛内茨B队 vs 索科尔布洛赞尼,,,,,,,0,,,D:\codex\v3_legacy\outputs\football_odds_trader\raw\titan007\20261010\20261010_223725_titan007_odds_snapshot.csv,NOT_FINAL_STATE_0,a0f81b33167ad6624c43,RUN_20261010_223725,V4,2026-10-10T22:37:25+08:00,2026-10-10T22:37:25+08:00,2026-10-11T16:15:00+08:00,17.626,False,False,False
V4_SHADOW,3043238,2026-10-11,捷丙,哈维瓦 vs 奥林莫斯B队,,,,,,,0,,,D:\codex\v3_legacy\outputs\football_odds_trader\raw\titan007\20261010\20261010_223725_titan007_odds_snapshot.csv,NOT_FINAL_STATE_0,2cb2e2e64e406d68e26e,RUN_20261010_223725,V4,2026-10-10T22:37:25+08:00,2026-10-10T22:37:25+08:00,2026-10-11T16:15:00+08:00,17.626,False,False,False
V4_SHADOW,3043239,2026-10-11,捷丙,斯洛瓦科B队 vs 荷路比纳,,,,,,,0,,,D:\codex\v3_legacy\outputs\football_odds_trader\raw\titan007\20261010\20261010_223725_titan007_odds_snapshot.csv,NOT_FINAL_STATE_0,6d5ab00bf3ce9fce1bfa,RUN_20261010_223725,V4,2026-10-10T22:37:25+08:00,2026-10-10T22:37:25+08:00,2026-10-11T16:15:00+08:00,17.626,False,False,False
V4_SHADOW,3017913,2026-10-11,奥乙,阿德米拉 vs 禾斯贝治,,,,,N,,0,,,D:\codex\v3_legacy\outputs\football_odds_trader\raw\titan007\20261010\20261010_223725_titan007_odds_snapshot.csv,NOT_FINAL_STATE_0,6ccd6728a6ace872f1ac,RUN_20261010_223725,V4,2026-10-10T22:37:25+08:00,2026-10-10T22:37:25+08:00,2026-10-11T16:30:00+08:00,17.876,False,False,False
V4_SHADOW,3043240,2026-10-11,捷丙,辛宁B队 vs 赫拉尼斯,,,,,,,0,,,D:\codex\v3_legacy\outputs\football_odds_trader\raw\titan007\20261010\20261010_223725_titan007_odds_snapshot.csv,NOT_FINAL_STATE_0,bcbf845b6402ea2fb497,RUN_20261010_223725,V4,2026-10-10T22:37:25+08:00,2026-10-10T22:37:25+08:00,2026-10-11T16:30:00+08:00,17.876,False,False,False
V4_SHADOW,3037942,2026-10-11,斯伐甲,马尔泽尼斯 vs 国际巴迪斯拉华,,,,,N,,0,,,D:\codex\v3_legacy\outputs\football_odds_trader\raw\titan007\20261010\20261010_223725_titan007_odds_snapshot.csv,NOT_FINAL_STATE_0,69651bc9104c40fa340c,RUN_20261010_223725,V4,2026-10-10T22:37:25+08:00,2026-10-10T22:37:25+08:00,2026-10-11T16:30:00+08:00,17.876,False,True,False
V4_SHADOW,3037943,2026-10-11,斯伐甲,斯洛云B队 vs 塔特拉,,,,,N,,0,,,D:\codex\v3_legacy\outputs\football_odds_trader\raw\titan007\20261010\20261010_223725_titan007_odds_snapshot.csv,NOT_FINAL_STATE_0,ba48dbeb968ed90d7e8e,RUN_20261010_223725,V4,2026-10-10T22:37:25+08:00,2026-10-10T22:37:25+08:00,2026-10-11T16:30:00+08:00,17.876,False,False,False
V4_SHADOW,3037944,2026-10-11,斯伐甲,日利纳B队 vs 加兰塔,,,,,N,,0,,,D:\codex\v3_legacy\outputs\football_odds_trader\raw\titan007\20261010\20261010_223725_titan007_odds_snapshot.csv,NOT_FINAL_STATE_0,b56dcdcd83bcb3fd9858,RUN_20261010_223725,V4,2026-10-10T22:37:25+08:00,2026-10-10T22:37:25+08:00,2026-10-11T16:30:00+08:00,17.876,False,True,False
V4_SHADOW,3099351,2026-10-11,斯伐丙,特伦辛II队 vs 贝鲁萨,,,,,,,0,,,D:\codex\v3_legacy\outputs\football_odds_trader\raw\titan007\20261010\20261010_223725_titan007_odds_snapshot.csv,NOT_FINAL_STATE_0,03228bed4bcee1e8ec8c,RUN_20261010_223725,V4,2026-10-10T22:37:25+08:00,2026-10-10T22:37:25+08:00,2026-10-11T16:30:00+08:00,17.876,False,False,False
V4_SHADOW,3099355,2026-10-11,斯伐丙,拜斯迪卡B队 vs 纳梅斯托沃,,,,,,,0,,,D:\codex\v3_legacy\outputs\football_odds_trader\raw\titan007\20261010\20261010_223725_titan007_odds_snapshot.csv,NOT_FINAL_STATE_0,97c9392f2852f6ab776e,RUN_20261010_223725,V4,2026-10-10T22:37:25+08:00,2026-10-10T22:37:25+08:00,2026-10-11T16:30:00+08:00,17.876,False,False,False
V4_SHADOW,3062855,2026-10-11,印尼超,爪哇联 vs 婆罗洲FC,,,,,N,,0,,,D:\codex\v3_legacy\outputs\football_odds_trader\raw\titan007\20261010\20261010_223725_titan007_odds_snapshot.csv,NOT_FINAL_STATE_0,510fd9050b67d801d0b5,RUN_20261010_223725,V4,2026-10-10T22:37:25+08:00,2026-10-10T22:37:25+08:00,2026-10-11T16:30:00+08:00,17.876,False,False,False
V4_SHADOW,3062857,2026-10-11,印尼超,斯乐门 vs PSM望加锡,,,,,N,,0,,,D:\codex\v3_legacy\outputs\football_odds_trader\raw\titan007\20261010\20261010_223725_titan007_odds_snapshot.csv,NOT_FINAL_STATE_0,573a281e3796836661b9,RUN_20261010_223725,V4,2026-10-10T22:37:25+08:00,2026-10-10T22:37:25+08:00,2026-10-11T16:30:00+08:00,17.876,False,True,False
V4_SHADOW,3086206,2026-10-11,印尼甲,伯希索罗 vs 德扬FC,,,,,,,0,,,D:\codex\v3_legacy\outputs\football_odds_trader\raw\titan007\20261010\20261010_223725_titan007_odds_snapshot.csv,NOT_FINAL_STATE_0,8b96c0f17475eca8eddb,RUN_20261010_223725,V4,2026-10-10T22:37:25+08:00,2026-10-10T22:37:25+08:00,2026-10-11T16:30:00+08:00,17.876,False,False,False
V4_SHADOW,3086207,2026-10-11,印尼甲,帕森拉 vs 德尔特雷斯,,,,,,,0,,,D:\codex\v3_legacy\outputs\football_odds_trader\raw\titan007\20261010\20261010_223725_titan007_odds_snapshot.csv,NOT_FINAL_STATE_0,405091e130adac0b738e,RUN_20261010_223725,V4,2026-10-10T22:37:25+08:00,2026-10-10T22:37:25+08:00,2026-10-11T16:30:00+08:00,17.876,False,False,False
V4_SHADOW,3086208,2026-10-11,印尼甲,北干巴鲁 vs 棉兰,,,,,,,0,,,D:\codex\v3_legacy\outputs\football_odds_trader\raw\titan007\20261010\20261010_223725_titan007_odds_snapshot.csv,NOT_FINAL_STATE_0,2a91625f6edede279694,RUN_20261010_223725,V4,2026-10-10T22:37:25+08:00,2026-10-10T22:37:25+08:00,2026-10-11T16:30:00+08:00,17.876,False,False,False
V4_SHADOW,3099319,2026-10-11,泰乙东,海军尤里卡 vs 北柳府,,,,,,,0,,,D:\codex\v3_legacy\outputs\football_odds_trader\raw\titan007\20261010\20261010_223725_titan007_odds_snapshot.csv,NOT_FINAL_STATE_0,7ff6d0f4b110e5f299b9,RUN_20261010_223725,V4,2026-10-10T22:37:25+08:00,2026-10-10T22:37:25+08:00,2026-10-11T16:30:00+08:00,17.876,False,False,False
V4_SHADOW,3099320,2026-10-11,泰乙东,拉纳维 vs 普拉达恩联,,,,,,,0,,,D:\codex\v3_legacy\outputs\football_odds_trader\raw\titan007\20261010\20261010_223725_titan007_odds_snapshot.csv,NOT_FINAL_STATE_0,150e38ada2ab93be034a,RUN_20261010_223725,V4,2026-10-10T22:37:25+08:00,2026-10-10T22:37:25+08:00,2026-10-11T16:30:00+08:00,17.876,False,False,False
V4_SHADOW,3099336,2026-10-11,泰乙北,查特拉卡恩 vs 清莱FC,,,,,,,0,,,D:\codex\v3_legacy\outputs\football_odds_trader\raw\titan007\20261010\20261010_223725_titan007_odds_snapshot.csv,NOT_FINAL_STATE_0,251749ff0d37ba26b298,RUN_20261010_223725,V4,2026-10-10T22:37:25+08:00,2026-10-10T22:37:25+08:00,2026-10-11T16:30:00+08:00,17.876,False,False,False
V4_SHADOW,3099337,2026-10-11,泰乙北,TNSU兰邦FC vs 彭世洛,,,,,,,0,,,D:\codex\v3_legacy\outputs\football_odds_trader\raw\titan007\20261010\20261010_223725_titan007_odds_snapshot.csv,NOT_FINAL_STATE_0,c2f3d1b2172a80e87562,RUN_20261010_223725,V4,2026-10-10T22:37:25+08:00,2026-10-10T22:37:25+08:00,2026-10-11T16:30:00+08:00,17.876,False,False,False
V4_SHADOW,3099324,2026-10-11,泰乙东北,素林府 vs 孔敬FC,,,,,,,0,,,D:\codex\v3_legacy\outputs\football_odds_trader\raw\titan007\20261010\20261010_223725_titan007_odds_snapshot.csv,NOT_FINAL_STATE_0,ce2a4baf82b60dbf17c0,RUN_20261010_223725,V4,2026-10-10T22:37:25+08:00,2026-10-10T22:37:25+08:00,2026-10-11T16:30:00+08:00,17.876,False,False,False
V4_SHADOW,3099325,2026-10-11,泰乙东北,尤度联 vs 乌汶东方FC,,,,,,,0,,,D:\codex\v3_legacy\outputs\football_odds_trader\raw\titan007\20261010\20261010_223725_titan007_odds_snapshot.csv,NOT_FINAL_STATE_0,d6f64b96c625e0c7163d,RUN_20261010_223725,V4,2026-10-10T22:37:25+08:00,2026-10-10T22:37:25+08:00,2026-10-11T16:30:00+08:00,17.876,False,False,False
V4_SHADOW,3099342,2026-10-11,泰乙西,华欣城 vs 曼谷FC,,,,,,,0,,,D:\codex\v3_legacy\outputs\football_odds_trader\raw\titan007\20261010\20261010_223725_titan007_odds_snapshot.csv,NOT_FINAL_STATE_0,5493615ab1b8bc0e1d2b,RUN_20261010_223725,V4,2026-10-10T22:37:25+08:00,2026-10-10T22:37:25+08:00,2026-10-11T16:30:00+08:00,17.876,False,False,False
V4_SHADOW,3099343,2026-10-11,泰乙西,拉吉帕察 vs 碧武里皇家大学,,,,,,,0,,,D:\codex\v3_legacy\outputs\football_odds_trader\raw\titan007\20261010\20261010_223725_titan007_odds_snapshot.csv,NOT_FINAL_STATE_0,cad82128965b94fcee04,RUN_20261010_223725,V4,2026-10-10T22:37:25+08:00,2026-10-10T22:37:25+08:00,2026-10-11T16:30:00+08:00,17.876,False,False,False
V4_SHADOW,3099344,2026-10-11,泰乙西,通布里联 vs 班肯梅,,,,,,,0,,,D:\codex\v3_legacy\outputs\football_odds_trader\raw\titan007\20261010\20261010_223725_titan007_odds_snapshot.csv,NOT_FINAL_STATE_0,3eacc18d15bc39bcaf6e,RUN_20261010_223725,V4,2026-10-10T22:37:25+08:00,2026-10-10T22:37:25+08:00,2026-10-11T16:30:00+08:00,17.876,False,False,False
V4_SHADOW,3099330,2026-10-11,泰乙中,班加比 vs 博乐大学,,,,,,,0,,,D:\codex\v3_legacy\outputs\football_odds_trader\raw\titan007\20261010\20261010_223725_titan007_odds_snapshot.csv,NOT_FINAL_STATE_0,1961e6f7657752126326,RUN_20261010_223725,V4,2026-10-10T22:37:25+08:00,2026-10-10T22:37:25+08:00,2026-10-11T16:30:00+08:00,17.876,False,False,False
V4_SHADOW,3099331,2026-10-11,泰乙中,未来联合 vs 辛布里勇士队,,,,,,,0,,,D:\codex\v3_legacy\outputs\football_odds_trader\raw\titan007\20261010\20261010_223725_titan007_odds_snapshot.csv,NOT_FINAL_STATE_0,1aed10730b5a893a5cde,RUN_20261010_223725,V4,2026-10-10T22:37:25+08:00,2026-10-10T22:37:25+08:00,2026-10-11T16:30:00+08:00,17.876,False,False,False
V4_SHADOW,3099332,2026-10-11,泰乙中,北曼谷学院 vs 皇家泰国空军FC,,,,,,,0,,,D:\codex\v3_legacy\outputs\football_odds_trader\raw\titan007\20261010\20261010_223725_titan007_odds_snapshot.csv,NOT_FINAL_STATE_0,834d9d967644f3bf9381,RUN_20261010_223725,V4,2026-10-10T22:37:25+08:00,2026-10-10T22:37:25+08:00,2026-10-11T16:30:00+08:00,17.876,False,False,False
V4_SHADOW,3101075,2026-10-11,奥丁,斯洛HAC vs 海拉斯卡根,,,,,,,0,,,D:\codex\v3_legacy\outputs\football_odds_trader\raw\titan007\20261010\20261010_223725_titan007_odds_snapshot.csv,NOT_FINAL_STATE_0,b2defbad5f42ab31301e,RUN_20261010_223725,V4,2026-10-10T22:37:25+08:00,2026-10-10T22:37:25+08:00,2026-10-11T16:30:00+08:00,17.876,False,False,False
V4_SHADOW,3017532,2026-10-11,意青联,费伦天拿青年队 vs 帕尔马青年队,,,,,,,0,,,D:\codex\v3_legacy\outputs\football_odds_trader\raw\titan007\20261010\20261010_223725_titan007_odds_snapshot.csv,NOT_FINAL_STATE_0,6d5ca0e86f91635336af,RUN_20261010_223725,V4,2026-10-10T22:37:25+08:00,2026-10-10T22:37:25+08:00,2026-10-11T16:45:00+08:00,18.126,False,False,False
V4_SHADOW,3017536,2026-10-11,意青联,维罗纳青年队 vs 莱切青年队,,,,,,,0,,,D:\codex\v3_legacy\outputs\football_odds_trader\raw\titan007\20261010\20261010_223725_titan007_odds_snapshot.csv,NOT_FINAL_STATE_0,f35cc184614f7f05b1f1,RUN_20261010_223725,V4,2026-10-10T22:37:25+08:00,2026-10-10T22:37:25+08:00,2026-10-11T16:45:00+08:00,18.126,False,False,False
V4_SHADOW,3099359,2026-10-11,德戊,HEBC汉堡 vs FC祖德,,,,,,,0,,,D:\codex\v3_legacy\outputs\football_odds_trader\raw\titan007\20261010\20261010_223725_titan007_odds_snapshot.csv,NOT_FINAL_STATE_0,cf4835de9b47b377d5a7,RUN_20261010_223725,V4,2026-10-10T22:37:25+08:00,2026-10-10T22:37:25+08:00,2026-10-11T16:45:00+08:00,18.126,False,False,False
V4_SHADOW,3099609,2026-10-11,马来A1联,帕拉克 vs 达曼沙拿联,,,,,,,0,,,D:\codex\v3_legacy\outputs\football_odds_trader\raw\titan007\20261010\20261010_223725_titan007_odds_snapshot.csv,NOT_FINAL_STATE_0,42078d336b9576601234,RUN_20261010_223725,V4,2026-10-10T22:37:25+08:00,2026-10-10T22:37:25+08:00,2026-10-11T16:45:00+08:00,18.126,False,False,False
V4_SHADOW,3099611,2026-10-11,马来A1联,曼戎市 vs 马来西亚大学,,,,,,,0,,,D:\codex\v3_legacy\outputs\football_odds_trader\raw\titan007\20261010\20261010_223725_titan007_odds_snapshot.csv,NOT_FINAL_STATE_0,d69e6adebc8c1e5031f9,RUN_20261010_223725,V4,2026-10-10T22:37:25+08:00,2026-10-10T22:37:25+08:00,2026-10-11T16:45:00+08:00,18.126,False,False,False
V4_SHADOW,3015908,2026-10-11,西协乙,穆尔西亚城B队 vs 耶克拉诺,,,,,,,0,,,D:\codex\v3_legacy\outputs\football_odds_trader\raw\titan007\20261010\20261010_223725_titan007_odds_snapshot.csv,NOT_FINAL_STATE_0,849a3fa15f22b40644c2,RUN_20261010_223725,V4,2026-10-10T22:37:25+08:00,2026-10-10T22:37:25+08:00,2026-10-11T17:00:00+08:00,18.376,False,False,False
V4_SHADOW,3083608,2026-10-11,西协乙,塔拉维亚 vs 帕索竞技俱乐部,,,,,,,0,,,D:\codex\v3_legacy\outputs\football_odds_trader\raw\titan007\20261010\20261010_223725_titan007_odds_snapshot.csv,NOT_FINAL_STATE_0,59a639b1656b300f3355,RUN_20261010_223725,V4,2026-10-10T22:37:25+08:00,2026-10-10T22:37:25+08:00,2026-10-11T17:00:00+08:00,18.376,False,False,False
V4_SHADOW,3000109,2026-10-11,日职乙,湘南海洋 vs 新泻天鹅,湘南海洋,giving,-0.25,0.94,C,,0,,,D:\codex\v3_legacy\outputs\football_odds_trader\raw\titan007\20261010\20261010_223725_titan007_odds_snapshot.csv,NOT_FINAL_STATE_0,20c7c05203e82a4bb8a8,RUN_20261010_223725,V4,2026-10-10T22:37:25+08:00,2026-10-10T22:37:25+08:00,2026-10-11T17:00:00+08:00,18.376,False,True,False
V4_SHADOW,3087708,2026-10-11,中乙降B,武汉三镇B队 vs 北京理工,,,,,,,0,,,D:\codex\v3_legacy\outputs\football_odds_trader\raw\titan007\20261010\20261010_223725_titan007_odds_snapshot.csv,NOT_FINAL_STATE_0,80e92e5434cd9caf0dc3,RUN_20261010_223725,V4,2026-10-10T22:37:25+08:00,2026-10-10T22:37:25+08:00,2026-10-11T17:00:00+08:00,18.376,False,False,False
V4_SHADOW,3021629,2026-10-11,马耳甲,弗洛里亚纳 vs 巴尔灿,,,,,,,0,,,D:\codex\v3_legacy\outputs\football_odds_trader\raw\titan007\20261010\20261010_223725_titan007_odds_snapshot.csv,NOT_FINAL_STATE_0,2169ee15ca21cb42988b,RUN_20261010_223725,V4,2026-10-10T22:37:25+08:00,2026-10-10T22:37:25+08:00,2026-10-11T17:00:00+08:00,18.376,False,False,False
V4_SHADOW,3099353,2026-10-11,斯伐丙,斯拉维亚克思雀 vs 盖兹马洛克,,,,,,,0,,,D:\codex\v3_legacy\outputs\football_odds_trader\raw\titan007\20261010\20261010_223725_titan007_odds_snapshot.csv,NOT_FINAL_STATE_0,15cb2713ac47f5db7d47,RUN_20261010_223725,V4,2026-10-10T22:37:25+08:00,2026-10-10T22:37:25+08:00,2026-10-11T17:00:00+08:00,18.376,False,False,False
V4_SHADOW,3099612,2026-10-11,土U19联,安泰普FKU19 vs 科鲁姆U19,,,,,,,0,,,D:\codex\v3_legacy\outputs\football_odds_trader\raw\titan007\20261010\20261010_223725_titan007_odds_snapshot.csv,NOT_FINAL_STATE_0,0245530143ef2fb3e6dd,RUN_20261010_223725,V4,2026-10-10T22:37:25+08:00,2026-10-10T22:37:25+08:00,2026-10-11T17:00:00+08:00,18.376,False,False,False
V4_SHADOW,3035677,2026-10-11,乌克甲,基督教体育 vs 雅鲁德马里乌波尔,,,,,,,0,,,D:\codex\v3_legacy\outputs\football_odds_trader\raw\titan007\20261010\20261010_223725_titan007_odds_snapshot.csv,NOT_FINAL_STATE_0,0cd53bc5b51f03742386,RUN_20261010_223725,V4,2026-10-10T22:37:25+08:00,2026-10-10T22:37:25+08:00,2026-10-11T17:00:00+08:00,18.376,False,False,False
V4_SHADOW,3080746,2026-10-11,安道超,安道尔流浪 vs 卡罗伊,,,,,,,0,,,D:\codex\v3_legacy\outputs\football_odds_trader\raw\titan007\20261010\20261010_223725_titan007_odds_snapshot.csv,NOT_FINAL_STATE_0,3adb997bbebffcd5ed89,RUN_20261010_223725,V4,2026-10-10T22:37:25+08:00,2026-10-10T22:37:25+08:00,2026-10-11T17:00:00+08:00,18.376,False,False,False
V4_SHADOW,3056041,2026-10-11,乌克U21,高华尤夫卡U21 vs 艾彼辛特U21,,,,,,,0,,,D:\codex\v3_legacy\outputs\football_odds_trader\raw\titan007\20261010\20261010_223725_titan007_odds_snapshot.csv,NOT_FINAL_STATE_0,eb09d632bade287c7c39,RUN_20261010_223725,V4,2026-10-10T22:37:25+08:00,2026-10-10T22:37:25+08:00,2026-10-11T17:00:00+08:00,18.376,False,False,False
V4_SHADOW,3056044,2026-10-11,乌克U21,奥布隆U21 vs 卡夫巴斯U21,,,,,,,0,,,D:\codex\v3_legacy\outputs\football_odds_trader\raw\titan007\20261010\20261010_223725_titan007_odds_snapshot.csv,NOT_FINAL_STATE_0,4f54b3e8d0ea548eaee2,RUN_20261010_223725,V4,2026-10-10T22:37:25+08:00,2026-10-10T22:37:25+08:00,2026-10-11T17:00:00+08:00,18.376,False,False,False
V4_SHADOW,3101417,2026-10-11,斯伐U19,塔特拉U19 vs 鲁森比洛克U19,,,,,,,0,,,D:\codex\v3_legacy\outputs\football_odds_trader\raw\titan007\20261010\20261010_223725_titan007_odds_snapshot.csv,NOT_FINAL_STATE_0,bca9eb6873b7c4aa79c0,RUN_20261010_223725,V4,2026-10-10T22:37:25+08:00,2026-10-10T22:37:25+08:00,2026-10-11T17:00:00+08:00,18.376,False,False,False
V4_SHADOW,3101418,2026-10-11,斯伐U19,斯卡利卡U19 vs 柏沙卡U19,,,,,,,0,,,D:\codex\v3_legacy\outputs\football_odds_trader\raw\titan007\20261010\20261010_223725_titan007_odds_snapshot.csv,NOT_FINAL_STATE_0,00188da4af12254a6dc0,RUN_20261010_223725,V4,2026-10-10T22:37:25+08:00,2026-10-10T22:37:25+08:00,2026-10-11T17:00:00+08:00,18.376,False,False,False
V4_SHADOW,3069870,2026-10-11,缅甸联,汉达瓦底联 vs 掸联,,,,,,,0,,,D:\codex\v3_legacy\outputs\football_odds_trader\raw\titan007\20261010\20261010_223725_titan007_odds_snapshot.csv,NOT_FINAL_STATE_0,d3bc28d97631689b46b1,RUN_20261010_223725,V4,2026-10-10T22:37:25+08:00,2026-10-10T22:37:25+08:00,2026-10-11T17:00:00+08:00,18.376,False,False,False
V4_SHADOW,3069871,2026-10-11,缅甸联,仰光联 vs 仰光城,,,,,,,0,,,D:\codex\v3_legacy\outputs\football_odds_trader\raw\titan007\20261010\20261010_223725_titan007_odds_snapshot.csv,NOT_FINAL_STATE_0,d305d346d145ab1ecbca,RUN_20261010_223725,V4,2026-10-10T22:37:25+08:00,2026-10-10T22:37:25+08:00,2026-10-11T17:00:00+08:00,18.376,False,False,False
V4_SHADOW,3101195,2026-10-11,奥丁,杜尔比恩SV vs 奥地利卢斯特瑙B队,,,,,,,0,,,D:\codex\v3_legacy\outputs\football_odds_trader\raw\titan007\20261010\20261010_223725_titan007_odds_snapshot.csv,NOT_FINAL_STATE_0,f2eff32f0fb587d93283,RUN_20261010_223725,V4,2026-10-10T22:37:25+08:00,2026-10-10T22:37:25+08:00,2026-10-11T17:00:00+08:00,18.376,False,False,False
V4_SHADOW,3099549,2026-10-11,匈丙,迪比辛尼DVSC vs 尼尔吉哈萨B队,,,,,,,0,,,D:\codex\v3_legacy\outputs\football_odds_trader\raw\titan007\20261010\20261010_223725_titan007_odds_snapshot.csv,NOT_FINAL_STATE_0,06ad22c97ebccaa50295,RUN_20261010_223725,V4,2026-10-10T22:37:25+08:00,2026-10-10T22:37:25+08:00,2026-10-11T17:00:00+08:00,18.376,False,False,False
V4_SHADOW,3099550,2026-10-11,匈丙,迪欧斯捷尔二队 vs 欧兹德绍约沃什杰,,,,,,,0,,,D:\codex\v3_legacy\outputs\football_odds_trader\raw\titan007\20261010\20261010_223725_titan007_odds_snapshot.csv,NOT_FINAL_STATE_0,4937dbbf2b480ba0d3cc,RUN_20261010_223725,V4,2026-10-10T22:37:25+08:00,2026-10-10T22:37:25+08:00,2026-10-11T17:00:00+08:00,18.376,False,False,False
V4_SHADOW,3099551,2026-10-11,匈丙,吉奥利B队 vs 多罗吉,,,,,,,0,,,D:\codex\v3_legacy\outputs\football_odds_trader\raw\titan007\20261010\20261010_223725_titan007_odds_snapshot.csv,NOT_FINAL_STATE_0,3ec4284ce3cb3f24408f,RUN_20261010_223725,V4,2026-10-10T22:37:25+08:00,2026-10-10T22:37:25+08:00,2026-10-11T17:00:00+08:00,18.376,False,False,False
V4_SHADOW,3099552,2026-10-11,匈丙,基斯华达B队 vs 陶尔保SC,,,,,,,0,,,D:\codex\v3_legacy\outputs\football_odds_trader\raw\titan007\20261010\20261010_223725_titan007_odds_snapshot.csv,NOT_FINAL_STATE_0,d5ed6dc218b5730fe98f,RUN_20261010_223725,V4,2026-10-10T22:37:25+08:00,2026-10-10T22:37:25+08:00,2026-10-11T17:00:00+08:00,18.376,False,False,False
V4_SHADOW,3099553,2026-10-11,匈丙,MTK匈格利亚B队 vs 埃尔迪VSE,,,,,,,0,,,D:\codex\v3_legacy\outputs\football_odds_trader\raw\titan007\20261010\20261010_223725_titan007_odds_snapshot.csv,NOT_FINAL_STATE_0,09abc8240b7297d56dc2,RUN_20261010_223725,V4,2026-10-10T22:37:25+08:00,2026-10-10T22:37:25+08:00,2026-10-11T17:00:00+08:00,18.376,False,False,False
V4_SHADOW,3099554,2026-10-11,匈丙,普斯卡什学院B队 vs 基拉伊SZE,,,,,,,0,,,D:\codex\v3_legacy\outputs\football_odds_trader\raw\titan007\20261010\20261010_223725_titan007_odds_snapshot.csv,NOT_FINAL_STATE_0,c8ab8978690f2c0df27b,RUN_20261010_223725,V4,2026-10-10T22:37:25+08:00,2026-10-10T22:37:25+08:00,2026-10-11T17:00:00+08:00,18.376,False,False,False
V4_SHADOW,3039509,2026-10-11,波青联,马特斯青年队 vs 华沙天才青年队,,,,,,,0,,,D:\codex\v3_legacy\outputs\football_odds_trader\raw\titan007\20261010\20261010_223725_titan007_odds_snapshot.csv,NOT_FINAL_STATE_0,4d7af3ea4b3d44d0dde0,RUN_20261010_223725,V4,2026-10-10T22:37:25+08:00,2026-10-10T22:37:25+08:00,2026-10-11T17:00:00+08:00,18.376,False,False,False
V4_SHADOW,3099594,2026-10-11,中亚女U17,沙特阿拉伯女足U17 vs 巴林女足U17,,,,,,,0,,,D:\codex\v3_legacy\outputs\football_odds_trader\raw\titan007\20261010\20261010_223725_titan007_odds_snapshot.csv,NOT_FINAL_STATE_0,5a3f59806c6bf7eab174,RUN_20261010_223725,V4,2026-10-10T22:37:25+08:00,2026-10-10T22:37:25+08:00,2026-10-11T17:00:00+08:00,18.376,False,False,False
V4_SHADOW,3052633,2026-10-11,德青联,菲尔特U19 vs 特雷斯登U19,,,,,,,0,,,D:\codex\v3_legacy\outputs\football_odds_trader\raw\titan007\20261010\20261010_223725_titan007_odds_snapshot.csv,NOT_FINAL_STATE_0,5eba97269f86ba1dcd49,RUN_20261010_223725,V4,2026-10-10T22:37:25+08:00,2026-10-10T22:37:25+08:00,2026-10-11T17:00:00+08:00,18.376,False,False,False
V4_SHADOW,3052723,2026-10-11,德青联,费雷堡U19 vs 霍芬海姆U19,,,,,,,0,,,D:\codex\v3_legacy\outputs\football_odds_trader\raw\titan007\20261010\20261010_223725_titan007_odds_snapshot.csv,NOT_FINAL_STATE_0,3d879ae0e8a512aca843,RUN_20261010_223725,V4,2026-10-10T22:37:25+08:00,2026-10-10T22:37:25+08:00,2026-10-11T17:00:00+08:00,18.376,False,False,False
V4_SHADOW,3052773,2026-10-11,德青联,达姆施塔特U19 vs 美因茨05U19,,,,,,,0,,,D:\codex\v3_legacy\outputs\football_odds_trader\raw\titan007\20261010\20261010_223725_titan007_odds_snapshot.csv,NOT_FINAL_STATE_0,5b2a7c56d807aa7ef3eb,RUN_20261010_223725,V4,2026-10-10T22:37:25+08:00,2026-10-10T22:37:25+08:00,2026-10-11T17:00:00+08:00,18.376,False,False,False
V4_SHADOW,3052857,2026-10-11,德青联,杜伊斯堡U19 vs 奥伯豪森U19,,,,,,,0,,,D:\codex\v3_legacy\outputs\football_odds_trader\raw\titan007\20261010\20261010_223725_titan007_odds_snapshot.csv,NOT_FINAL_STATE_0,e0cdd38ee5455f853f7d,RUN_20261010_223725,V4,2026-10-10T22:37:25+08:00,2026-10-10T22:37:25+08:00,2026-10-11T17:00:00+08:00,18.376,False,False,False
V4_SHADOW,3052859,2026-10-11,德青联,沙尔克04U19 vs 杜塞尔多夫U19,,,,,,,0,,,D:\codex\v3_legacy\outputs\football_odds_trader\raw\titan007\20261010\20261010_223725_titan007_odds_snapshot.csv,NOT_FINAL_STATE_0,6b57765f0dff411dfa32,RUN_20261010_223725,V4,2026-10-10T22:37:25+08:00,2026-10-10T22:37:25+08:00,2026-10-11T17:00:00+08:00,18.376,False,False,False
V4_SHADOW,3101204,2026-10-11,科索U19,德利塔U19 vs KF里林杰1995 U19,,,,,,,0,,,D:\codex\v3_legacy\outputs\football_odds_trader\raw\titan007\20261010\20261010_223725_titan007_odds_snapshot.csv,NOT_FINAL_STATE_0,e55de8849eefca5a4e4a,RUN_20261010_223725,V4,2026-10-10T22:37:25+08:00,2026-10-10T22:37:25+08:00,2026-10-11T17:00:00+08:00,18.376,False,False,False
V4_SHADOW,3101358,2026-10-11,意卓联,费伦蒂诺卡尔西奥 vs 罗卡塞卡圣托马索,,,,,,,0,,,D:\codex\v3_legacy\outputs\football_odds_trader\raw\titan007\20261010\20261010_223725_titan007_odds_snapshot.csv,NOT_FINAL_STATE_0,df158e660d5d3aedfe28,RUN_20261010_223725,V4,2026-10-10T22:37:25+08:00,2026-10-10T22:37:25+08:00,2026-10-11T17:00:00+08:00,18.376,False,False,False
V4_SHADOW,3101357,2026-10-11,意卓联,SS罗穆里亚 vs 罗马城,,,,,,,0,,,D:\codex\v3_legacy\outputs\football_odds_trader\raw\titan007\20261010\20261010_223725_titan007_odds_snapshot.csv,NOT_FINAL_STATE_0,950edbc11e55cfbf75c2,RUN_20261010_223725,V4,2026-10-10T22:37:25+08:00,2026-10-10T22:37:25+08:00,2026-10-11T17:15:00+08:00,18.626,False,False,False
V4_SHADOW,3015906,2026-10-11,西协乙,米涅拉 vs 乌德卡斯特罗尼,,,,,,,0,,,D:\codex\v3_legacy\outputs\football_odds_trader\raw\titan007\20261010\20261010_223725_titan007_odds_snapshot.csv,NOT_FINAL_STATE_0,c3eb7a0bf7a427b231f5,RUN_20261010_223725,V4,2026-10-10T22:37:25+08:00,2026-10-10T22:37:25+08:00,2026-10-11T17:30:00+08:00,18.876,False,False,False
V4_SHADOW,3015909,2026-10-11,西协乙,彭拿迪坡缇瓦 vs 奥瑞韦拉,,,,,,,0,,,D:\codex\v3_legacy\outputs\football_odds_trader\raw\titan007\20261010\20261010_223725_titan007_odds_snapshot.csv,NOT_FINAL_STATE_0,9997439e551687ce4fec,RUN_20261010_223725,V4,2026-10-10T22:37:25+08:00,2026-10-10T22:37:25+08:00,2026-10-11T17:30:00+08:00,18.876,False,False,False
V4_SHADOW,3035796,2026-10-11,乌克甲,普里卡帕亚 vs 切尔尼夫,,,,,,,0,,,D:\codex\v3_legacy\outputs\football_odds_trader\raw\titan007\20261010\20261010_223725_titan007_odds_snapshot.csv,NOT_FINAL_STATE_0,fa6dd10a3fb11cb98564,RUN_20261010_223725,V4,2026-10-10T22:37:25+08:00,2026-10-10T22:37:25+08:00,2026-10-11T17:30:00+08:00,18.876,False,False,False
V4_SHADOW,3082689,2026-10-11,西丁,皇家贝蒂斯C队 vs CD埃加布伦斯,,,,,,,0,,,D:\codex\v3_legacy\outputs\football_odds_trader\raw\titan007\20261010\20261010_223725_titan007_odds_snapshot.csv,NOT_FINAL_STATE_0,144788cb4c6b462a380b,RUN_20261010_223725,V4,2026-10-10T22:37:25+08:00,2026-10-10T22:37:25+08:00,2026-10-11T17:30:00+08:00,18.876,False,False,False
V4_SHADOW,3060320,2026-10-11,西丁,AD圣克莱门特 vs 曼彻格城,,,,,,,0,,,D:\codex\v3_legacy\outputs\football_odds_trader\raw\titan007\20261010\20261010_223725_titan007_odds_snapshot.csv,NOT_FINAL_STATE_0,7f019967f06b48e9d8c0,RUN_20261010_223725,V4,2026-10-10T22:37:25+08:00,2026-10-10T22:37:25+08:00,2026-10-11T17:30:00+08:00,18.876,False,False,False
V4_SHADOW,3079630,2026-10-11,西丁,卡萨拉雷纳 vs 阿尔法罗,,,,,,,0,,,D:\codex\v3_legacy\outputs\football_odds_trader\raw\titan007\20261010\20261010_223725_titan007_odds_snapshot.csv,NOT_FINAL_STATE_0,bb664eb205eeba0b2aa0,RUN_20261010_223725,V4,2026-10-10T22:37:25+08:00,2026-10-10T22:37:25+08:00,2026-10-11T17:30:00+08:00,18.876,False,False,False
V4_SHADOW,3091068,2026-10-11,西丁,SFC米勒娃 vs 阿吉拉斯B队,,,,,,,0,,,D:\codex\v3_legacy\outputs\football_odds_trader\raw\titan007\20261010\20261010_223725_titan007_odds_snapshot.csv,NOT_FINAL_STATE_0,198379ee8c6bef8eb92e,RUN_20261010_223725,V4,2026-10-10T22:37:25+08:00,2026-10-10T22:37:25+08:00,2026-10-11T17:30:00+08:00,18.876,False,False,False
V4_SHADOW,3078080,2026-10-11,西丁,CP帕尔拉学校 vs 富恩拉布雷达,,,,,,,0,,,D:\codex\v3_legacy\outputs\football_odds_trader\raw\titan007\20261010\20261010_223725_titan007_odds_snapshot.csv,NOT_FINAL_STATE_0,ba4e2c5c965429c342b9,RUN_20261010_223725,V4,2026-10-10T22:37:25+08:00,2026-10-10T22:37:25+08:00,2026-10-11T17:30:00+08:00,18.876,False,False,False
V4_SHADOW,3078084,2026-10-11,西丁,华历简奴B队 vs 特里巴尔,,,,,,,0,,,D:\codex\v3_legacy\outputs\football_odds_trader\raw\titan007\20261010\20261010_223725_titan007_odds_snapshot.csv,NOT_FINAL_STATE_0,2c66041bd0c3e2733d34,RUN_20261010_223725,V4,2026-10-10T22:37:25+08:00,2026-10-10T22:37:25+08:00,2026-10-11T17:30:00+08:00,18.876,False,False,False
V4_SHADOW,3078086,2026-10-11,西丁,西耶洛 vs 托瑞琼恩CF,,,,,,,0,,,D:\codex\v3_legacy\outputs\football_odds_trader\raw\titan007\20261010\20261010_223725_titan007_odds_snapshot.csv,NOT_FINAL_STATE_0,fea767c9361ad834a385,RUN_20261010_223725,V4,2026-10-10T22:37:25+08:00,2026-10-10T22:37:25+08:00,2026-10-11T17:30:00+08:00,18.876,False,False,False
V4_SHADOW,3079939,2026-10-11,西丁,托瑞维尔贾 vs 萨古蒂诺,,,,,,,0,,,D:\codex\v3_legacy\outputs\football_odds_trader\raw\titan007\20261010\20261010_223725_titan007_odds_snapshot.csv,NOT_FINAL_STATE_0,35b36f0fea172955c73d,RUN_20261010_223725,V4,2026-10-10T22:37:25+08:00,2026-10-10T22:37:25+08:00,2026-10-11T17:30:00+08:00,18.876,False,False,False
V4_SHADOW,3079940,2026-10-11,西丁,托雷拉诺竞技 vs 索内哈,,,,,,,0,,,D:\codex\v3_legacy\outputs\football_odds_trader\raw\titan007\20261010\20261010_223725_titan007_odds_snapshot.csv,NOT_FINAL_STATE_0,af79910dcc5430271e25,RUN_20261010_223725,V4,2026-10-10T22:37:25+08:00,2026-10-10T22:37:25+08:00,2026-10-11T17:30:00+08:00,18.876,False,False,False
V4_SHADOW,2941117,2026-10-11,爱沙乙,马尔杜 vs 卡里鲁B队,,,,,,,0,,,D:\codex\v3_legacy\outputs\football_odds_trader\raw\titan007\20261010\20261010_223725_titan007_odds_snapshot.csv,NOT_FINAL_STATE_0,8b160472cd3ad6f88851,RUN_20261010_223725,V4,2026-10-10T22:37:25+08:00,2026-10-10T22:37:25+08:00,2026-10-11T17:30:00+08:00,18.876,False,False,False
V4_SHADOW,2954816,2026-10-11,爱沙丙,祖维火车头 vs 赞斯拿华B队,,,,,,,0,,,D:\codex\v3_legacy\outputs\football_odds_trader\raw\titan007\20261010\20261010_223725_titan007_odds_snapshot.csv,NOT_FINAL_STATE_0,25e90711f0445c46eea0,RUN_20261010_223725,V4,2026-10-10T22:37:25+08:00,2026-10-10T22:37:25+08:00,2026-10-11T17:30:00+08:00,18.876,False,False,False
V4_SHADOW,2954817,2026-10-11,爱沙丙,塔巴沙卢查玛 vs 潭美卡B队,,,,,,,0,,,D:\codex\v3_legacy\outputs\football_odds_trader\raw\titan007\20261010\20261010_223725_titan007_odds_snapshot.csv,NOT_FINAL_STATE_0,523481b219ab3a6576c5,RUN_20261010_223725,V4,2026-10-10T22:37:25+08:00,2026-10-10T22:37:25+08:00,2026-10-11T17:30:00+08:00,18.876,False,False,False
V4_SHADOW,2954818,2026-10-11,爱沙丙,卡勒威B队 vs 帕尔努瓦夫鲁B队,,,,,,,0,,,D:\codex\v3_legacy\outputs\football_odds_trader\raw\titan007\20261010\20261010_223725_titan007_odds_snapshot.csv,NOT_FINAL_STATE_0,c0c52e3e88e78fbd1908,RUN_20261010_223725,V4,2026-10-10T22:37:25+08:00,2026-10-10T22:37:25+08:00,2026-10-11T17:30:00+08:00,18.876,False,False,False
V4_SHADOW,3099361,2026-10-11,波兰丙,威德优B队 vs 威兹洛,,,,,,,0,,,D:\codex\v3_legacy\outputs\football_odds_trader\raw\titan007\20261010\20261010_223725_titan007_odds_snapshot.csv,NOT_FINAL_STATE_0,9b0ac1bf4c60ee63ed49,RUN_20261010_223725,V4,2026-10-10T22:37:25+08:00,2026-10-10T22:37:25+08:00,2026-10-11T17:30:00+08:00,18.876,False,False,False
V4_SHADOW,3044296,2026-10-11,乌克乙,第聂斯特河扎利什奇基 vs 迪纳兹维什戈罗德,,,,,,,0,,,D:\codex\v3_legacy\outputs\football_odds_trader\raw\titan007\20261010\20261010_223725_titan007_odds_snapshot.csv,NOT_FINAL_STATE_0,244300fb770b8e1d60ea,RUN_20261010_223725,V4,2026-10-10T22:37:25+08:00,2026-10-10T22:37:25+08:00,2026-10-11T17:30:00+08:00,18.876,False,False,False
V4_SHADOW,3084623,2026-10-11,香港乙,花花 vs 永义,,,,,,,0,,,D:\codex\v3_legacy\outputs\football_odds_trader\raw\titan007\20261010\20261010_223725_titan007_odds_snapshot.csv,NOT_FINAL_STATE_0,e1eae82abbb63d8a3b60,RUN_20261010_223725,V4,2026-10-10T22:37:25+08:00,2026-10-10T22:37:25+08:00,2026-10-11T17:30:00+08:00,18.876,False,False,False
V4_SHADOW,3084624,2026-10-11,香港乙,九龙木球会 vs 虎门,,,,,,,0,,,D:\codex\v3_legacy\outputs\football_odds_trader\raw\titan007\20261010\20261010_223725_titan007_odds_snapshot.csv,NOT_FINAL_STATE_0,273e2a45f53a79a782ee,RUN_20261010_223725,V4,2026-10-10T22:37:25+08:00,2026-10-10T22:37:25+08:00,2026-10-11T17:30:00+08:00,18.876,False,False,False
V4_SHADOW,3087033,2026-10-11,香港甲,宏辉驹腾 vs 深水埗,,,,,,,0,,,D:\codex\v3_legacy\outputs\football_odds_trader\raw\titan007\20261010\20261010_223725_titan007_odds_snapshot.csv,NOT_FINAL_STATE_0,199b34a30a2c14d603fb,RUN_20261010_223725,V4,2026-10-10T22:37:25+08:00,2026-10-10T22:37:25+08:00,2026-10-11T17:30:00+08:00,18.876,False,False,False
V4_SHADOW,2968276,2026-10-11,挪丙,斯托姆加斯特B队 vs 斯基腾,,,,,,,0,,,D:\codex\v3_legacy\outputs\football_odds_trader\raw\titan007\20261010\20261010_223725_titan007_odds_snapshot.csv,NOT_FINAL_STATE_0,e841f043593747921e64,RUN_20261010_223725,V4,2026-10-10T22:37:25+08:00,2026-10-10T22:37:25+08:00,2026-10-11T17:30:00+08:00,18.876,False,False,False
V4_SHADOW,3030695,2026-10-11,西丁,格拉马 vs 尤托纳,,,,,,,0,,,D:\codex\v3_legacy\outputs\football_odds_trader\raw\titan007\20261010\20261010_223725_titan007_odds_snapshot.csv,NOT_FINAL_STATE_0,13701ed0c360e8ae4369,RUN_20261010_223725,V4,2026-10-10T22:37:25+08:00,2026-10-10T22:37:25+08:00,2026-10-11T17:45:00+08:00,19.126,False,False,False
V4_SHADOW,3099569,2026-10-11,菲律甲,阿兹卡尔开发队 vs 曼迪奥拉,,,,,,,0,,,D:\codex\v3_legacy\outputs\football_odds_trader\raw\titan007\20261010\20261010_223725_titan007_odds_snapshot.csv,NOT_FINAL_STATE_0,482a133022ce07b01613,RUN_20261010_223725,V4,2026-10-10T22:37:25+08:00,2026-10-10T22:37:25+08:00,2026-10-11T17:45:00+08:00,19.126,False,False,False
V4_SHADOW,2944820,2026-10-11,中超,青岛西海岸 vs 大连英博,,,,,N,,0,,,D:\codex\v3_legacy\outputs\football_odds_trader\raw\titan007\20261010\20261010_223725_titan007_odds_snapshot.csv,NOT_FINAL_STATE_0,3a0b82e15a6f45588554,RUN_20261010_223725,V4,2026-10-10T22:37:25+08:00,2026-10-10T22:37:25+08:00,2026-10-11T18:00:00+08:00,19.376,False,False,False
V4_SHADOW,3023795,2026-10-11,葡甲,鲁席塔尼亚FC vs 查维斯,,,,,N,,0,,,D:\codex\v3_legacy\outputs\football_odds_trader\raw\titan007\20261010\20261010_223725_titan007_odds_snapshot.csv,NOT_FINAL_STATE_0,8ba22407862e94b6e77f,RUN_20261010_223725,V4,2026-10-10T22:37:25+08:00,2026-10-10T22:37:25+08:00,2026-10-11T18:00:00+08:00,19.376,False,True,False
V4_SHADOW,3014544,2026-10-11,西协甲,毕尔巴鄂竞技B队 vs 皇家联邦,,,,,N,,0,,,D:\codex\v3_legacy\outputs\football_odds_trader\raw\titan007\20261010\20261010_223725_titan007_odds_snapshot.csv,NOT_FINAL_STATE_0,705a83cf0c81ee131870,RUN_20261010_223725,V4,2026-10-10T22:37:25+08:00,2026-10-10T22:37:25+08:00,2026-10-11T18:00:00+08:00,19.376,False,True,False
V4_SHADOW,3014926,2026-10-11,西协甲,CF安提哥拉 vs 卡塔赫纳,,,,,N,,0,,,D:\codex\v3_legacy\outputs\football_odds_trader\raw\titan007\20261010\20261010_223725_titan007_odds_snapshot.csv,NOT_FINAL_STATE_0,086a8e2f56775dca4a60,RUN_20261010_223725,V4,2026-10-10T22:37:25+08:00,2026-10-10T22:37:25+08:00,2026-10-11T18:00:00+08:00,19.376,False,True,False
V4_SHADOW,3099406,2026-10-11,葡乙,马夫拉 vs 比伦塞斯,,,,,N,,0,,,D:\codex\v3_legacy\outputs\football_odds_trader\raw\titan007\20261010\20261010_223725_titan007_odds_snapshot.csv,NOT_FINAL_STATE_0,abf1f788725b1426574c,RUN_20261010_223725,V4,2026-10-10T22:37:25+08:00,2026-10-10T22:37:25+08:00,2026-10-11T18:00:00+08:00,19.376,False,False,False
V4_SHADOW,3083607,2026-10-11,西协乙,皇家马德里C队 vs 托尔德西利亚斯,,,,,,,0,,,D:\codex\v3_legacy\outputs\football_odds_trader\raw\titan007\20261010\20261010_223725_titan007_odds_snapshot.csv,NOT_FINAL_STATE_0,25ea55d4bd170822da6c,RUN_20261010_223725,V4,2026-10-10T22:37:25+08:00,2026-10-10T22:37:25+08:00,2026-10-11T18:00:00+08:00,19.376,False,False,False
V4_SHADOW,3015902,2026-10-11,西协乙,巴利阿里 vs 皇家马洛卡B队,,,,,,,0,,,D:\codex\v3_legacy\outputs\football_odds_trader\raw\titan007\20261010\20261010_223725_titan007_odds_snapshot.csv,NOT_FINAL_STATE_0,00042d344ff246c40221,RUN_20261010_223725,V4,2026-10-10T22:37:25+08:00,2026-10-10T22:37:25+08:00,2026-10-11T18:00:00+08:00,19.376,False,False,False
V4_SHADOW,3015907,2026-10-11,西协乙,珀布伦斯 vs 卡斯迪隆B队,,,,,,,0,,,D:\codex\v3_legacy\outputs\football_odds_trader\raw\titan007\20261010\20261010_223725_titan007_odds_snapshot.csv,NOT_FINAL_STATE_0,fdae113b93fc42814790,RUN_20261010_223725,V4,2026-10-10T22:37:25+08:00,2026-10-10T22:37:25+08:00,2026-10-11T18:00:00+08:00,19.376,False,False,False
V4_SHADOW,3055076,2026-10-11,西协乙,阿拉维斯B队 vs 格尼卡,,,,,,,0,,,D:\codex\v3_legacy\outputs\football_odds_trader\raw\titan007\20261010\20261010_223725_titan007_odds_snapshot.csv,NOT_FINAL_STATE_0,0db0756de805d0ed5c44,RUN_20261010_223725,V4,2026-10-10T22:37:25+08:00,2026-10-10T22:37:25+08:00,2026-10-11T18:00:00+08:00,19.376,False,False,False
V4_SHADOW,3083308,2026-10-11,西协乙,UD洛哥尼斯B vs 巴巴斯托,,,,,,,0,,,D:\codex\v3_legacy\outputs\football_odds_trader\raw\titan007\20261010\20261010_223725_titan007_odds_snapshot.csv,NOT_FINAL_STATE_0,6dc9babd3926d5fbe471,RUN_20261010_223725,V4,2026-10-10T22:37:25+08:00,2026-10-10T22:37:25+08:00,2026-10-11T18:00:00+08:00,19.376,False,False,False
V4_SHADOW,3082995,2026-10-11,西协乙,蓬特赫尼尔 vs 塔玛拉赛特,,,,,,,0,,,D:\codex\v3_legacy\outputs\football_odds_trader\raw\titan007\20261010\20261010_223725_titan007_odds_snapshot.csv,NOT_FINAL_STATE_0,be91bc4f716521899463,RUN_20261010_223725,V4,2026-10-10T22:37:25+08:00,2026-10-10T22:37:25+08:00,2026-10-11T18:00:00+08:00,19.376,False,False,False
V4_SHADOW,3005007,2026-10-11,波兰甲,史塔麦列克 vs 瓦塔波兹南,,,,,N,,0,,,D:\codex\v3_legacy\outputs\football_odds_trader\raw\titan007\20261010\20261010_223725_titan007_odds_snapshot.csv,NOT_FINAL_STATE_0,224afdf3d09e2c9f3c65,RUN_20261010_223725,V4,2026-10-10T22:37:25+08:00,2026-10-10T22:37:25+08:00,2026-10-11T18:00:00+08:00,19.376,False,True,False
V4_SHADOW,3035935,2026-10-11,波兰乙,台基 vs 莱茨纳,,,,,N,,0,,,D:\codex\v3_legacy\outputs\football_odds_trader\raw\titan007\20261010\20261010_223725_titan007_odds_snapshot.csv,NOT_FINAL_STATE_0,9f1667fdb43134eef2bb,RUN_20261010_223725,V4,2026-10-10T22:37:25+08:00,2026-10-10T22:37:25+08:00,2026-10-11T18:00:00+08:00,19.376,False,True,False
V4_SHADOW,3012525,2026-10-11,乌克超,基辅迪纳摩 vs 卡帕迪,,,,,N,,0,,,D:\codex\v3_legacy\outputs\football_odds_trader\raw\titan007\20261010\20261010_223725_titan007_odds_snapshot.csv,NOT_FINAL_STATE_0,dcde503786b2ccb22e7a,RUN_20261010_223725,V4,2026-10-10T22:37:25+08:00,2026-10-10T22:37:25+08:00,2026-10-11T18:00:00+08:00,19.376,False,True,False
V4_SHADOW,3012528,2026-10-11,乌克超,LNZ切尔卡斯 vs 库德里夫卡,,,,,N,,0,,,D:\codex\v3_legacy\outputs\football_odds_trader\raw\titan007\20261010\20261010_223725_titan007_odds_snapshot.csv,NOT_FINAL_STATE_0,28938df4f1bf80013a42,RUN_20261010_223725,V4,2026-10-10T22:37:25+08:00,2026-10-10T22:37:25+08:00,2026-10-11T18:00:00+08:00,19.376,False,True,False
V4_SHADOW,3077279,2026-10-11,希腊甲,赫拉斯锡鲁 vs 尼基沃罗,,,,,,,0,,,D:\codex\v3_legacy\outputs\football_odds_trader\raw\titan007\20261010\20261010_223725_titan007_odds_snapshot.csv,NOT_FINAL_STATE_0,3da22eb64440795d44ee,RUN_20261010_223725,V4,2026-10-10T22:37:25+08:00,2026-10-10T22:37:25+08:00,2026-10-11T18:00:00+08:00,19.376,False,False,False
V4_SHADOW,2953387,2026-10-11,哈萨克超,乌利塔哲兹卡兹甘 vs 奥肯咸特普斯,,,,,,,0,,,D:\codex\v3_legacy\outputs\football_odds_trader\raw\titan007\20261010\20261010_223725_titan007_odds_snapshot.csv,NOT_FINAL_STATE_0,31d451e1f90891140f5c,RUN_20261010_223725,V4,2026-10-10T22:37:25+08:00,2026-10-10T22:37:25+08:00,2026-10-11T18:00:00+08:00,19.376,False,False,False
V4_SHADOW,3035675,2026-10-11,乌克甲,亚历山德里亚 vs 机车基辅,,,,,,,0,,,D:\codex\v3_legacy\outputs\football_odds_trader\raw\titan007\20261010\20261010_223725_titan007_odds_snapshot.csv,NOT_FINAL_STATE_0,c2193c1493b96e6130fc,RUN_20261010_223725,V4,2026-10-10T22:37:25+08:00,2026-10-10T22:37:25+08:00,2026-10-11T18:00:00+08:00,19.376,False,False,False
V4_SHADOW,3056039,2026-10-11,乌克U21,查诺莫斯U21 vs 哈尔科夫U21,,,,,,,0,,,D:\codex\v3_legacy\outputs\football_odds_trader\raw\titan007\20261010\20261010_223725_titan007_odds_snapshot.csv,NOT_FINAL_STATE_0,0e1fdda3620caaae3ad9,RUN_20261010_223725,V4,2026-10-10T22:37:25+08:00,2026-10-10T22:37:25+08:00,2026-10-11T18:00:00+08:00,19.376,False,False,False
V4_SHADOW,3030692,2026-10-11,西丁,CE优蹂帕B队 vs 圣克里斯托瓦尔,,,,,,,0,,,D:\codex\v3_legacy\outputs\football_odds_trader\raw\titan007\20261010\20261010_223725_titan007_odds_snapshot.csv,NOT_FINAL_STATE_0,b90c87357de62ca95bba,RUN_20261010_223725,V4,2026-10-10T22:37:25+08:00,2026-10-10T22:37:25+08:00,2026-10-11T18:00:00+08:00,19.376,False,False,False
V4_SHADOW,3030696,2026-10-11,西丁,曼蒂诺 vs 蒙塔尼萨,,,,,,,0,,,D:\codex\v3_legacy\outputs\football_odds_trader\raw\titan007\20261010\20261010_223725_titan007_odds_snapshot.csv,NOT_FINAL_STATE_0,aedbb4ee11dacd2f659a,RUN_20261010_223725,V4,2026-10-10T22:37:25+08:00,2026-10-10T22:37:25+08:00,2026-10-11T18:00:00+08:00,19.376,False,False,False
V4_SHADOW,3030697,2026-10-11,西丁,莫列鲁萨 vs 切达约拉德尔瓦莱斯,,,,,,,0,,,D:\codex\v3_legacy\outputs\football_odds_trader\raw\titan007\20261010\20261010_223725_titan007_odds_snapshot.csv,NOT_FINAL_STATE_0,587fa7001c959edd2759,RUN_20261010_223725,V4,2026-10-10T22:37:25+08:00,2026-10-10T22:37:25+08:00,2026-10-11T18:00:00+08:00,19.376,False,False,False
V4_SHADOW,3030699,2026-10-11,西丁,坡巴拉马夫密 vs 科喏拉,,,,,,,0,,,D:\codex\v3_legacy\outputs\football_odds_trader\raw\titan007\20261010\20261010_223725_titan007_odds_snapshot.csv,NOT_FINAL_STATE_0,dc420c19c0b2c54db934,RUN_20261010_223725,V4,2026-10-10T22:37:25+08:00,2026-10-10T22:37:25+08:00,2026-10-11T18:00:00+08:00,19.376,False,False,False
V4_SHADOW,3080246,2026-10-11,西丁,比罗门萨斯 vs 圣塔玛塔,,,,,,,0,,,D:\codex\v3_legacy\outputs\football_odds_trader\raw\titan007\20261010\20261010_223725_titan007_odds_snapshot.csv,NOT_FINAL_STATE_0,bab4a25fdfc4ce4060fa,RUN_20261010_223725,V4,2026-10-10T22:37:25+08:00,2026-10-10T22:37:25+08:00,2026-10-11T18:00:00+08:00,19.376,False,False,False
V4_SHADOW,3080247,2026-10-11,西丁,科莱希奥斯 vs CD卡拉桑兹德索利亚,,,,,,,0,,,D:\codex\v3_legacy\outputs\football_odds_trader\raw\titan007\20261010\20261010_223725_titan007_odds_snapshot.csv,NOT_FINAL_STATE_0,06d0a2605205501a8e97,RUN_20261010_223725,V4,2026-10-10T22:37:25+08:00,2026-10-10T22:37:25+08:00,2026-10-11T18:00:00+08:00,19.376,False,False,False
V4_SHADOW,3079321,2026-10-11,西丁,艾美利亚B队 vs 马拉古耶诺,,,,,,,0,,,D:\codex\v3_legacy\outputs\football_odds_trader\raw\titan007\20261010\20261010_223725_titan007_odds_snapshot.csv,NOT_FINAL_STATE_0,85c2b23327d12dde8235,RUN_20261010_223725,V4,2026-10-10T22:37:25+08:00,2026-10-10T22:37:25+08:00,2026-10-11T18:00:00+08:00,19.376,False,False,False
V4_SHADOW,3079324,2026-10-11,西丁,格拉那达B队 vs 马贝拉竞技,,,,,,,0,,,D:\codex\v3_legacy\outputs\football_odds_trader\raw\titan007\20261010\20261010_223725_titan007_odds_snapshot.csv,NOT_FINAL_STATE_0,21b1d27b2215fbb29241,RUN_20261010_223725,V4,2026-10-10T22:37:25+08:00,2026-10-10T22:37:25+08:00,2026-10-11T18:00:00+08:00,19.376,False,False,False
V4_SHADOW,3079325,2026-10-11,西丁,拉曼恰竞技 vs 托雷德尔马,,,,,,,0,,,D:\codex\v3_legacy\outputs\football_odds_trader\raw\titan007\20261010\20261010_223725_titan007_odds_snapshot.csv,NOT_FINAL_STATE_0,5afabf3a24018275af28,RUN_20261010_223725,V4,2026-10-10T22:37:25+08:00,2026-10-10T22:37:25+08:00,2026-10-11T18:00:00+08:00,19.376,False,False,False
V4_SHADOW,3078081,2026-10-11,西丁,拉斯洛查斯 vs 圣瑟巴斯提安雷耶斯B队,,,,,,,0,,,D:\codex\v3_legacy\outputs\football_odds_trader\raw\titan007\20261010\20261010_223725_titan007_odds_snapshot.csv,NOT_FINAL_STATE_0,951a4df89c2c5bbf4d83,RUN_20261010_223725,V4,2026-10-10T22:37:25+08:00,2026-10-10T22:37:25+08:00,2026-10-11T18:00:00+08:00,19.376,False,False,False
V4_SHADOW,3078082,2026-10-11,西丁,雷加利斯B队 vs CD 加拉帕加尔,,,,,,,0,,,D:\codex\v3_legacy\outputs\football_odds_trader\raw\titan007\20261010\20261010_223725_titan007_odds_snapshot.csv,NOT_FINAL_STATE_0,6a9b4db531a1f860575b,RUN_20261010_223725,V4,2026-10-10T22:37:25+08:00,2026-10-10T22:37:25+08:00,2026-10-11T18:00:00+08:00,19.376,False,False,False
V4_SHADOW,3078083,2026-10-11,西丁,波卒埃洛 vs 安塔米拉公园,,,,,,,0,,,D:\codex\v3_legacy\outputs\football_odds_trader\raw\titan007\20261010\20261010_223725_titan007_odds_snapshot.csv,NOT_FINAL_STATE_0,6d4092b2b30e910b4300,RUN_20261010_223725,V4,2026-10-10T22:37:25+08:00,2026-10-10T22:37:25+08:00,2026-10-11T18:00:00+08:00,19.376,False,False,False
V4_SHADOW,3078087,2026-10-11,西丁,阿达维联 vs 莫斯图勒士,,,,,,,0,,,D:\codex\v3_legacy\outputs\football_odds_trader\raw\titan007\20261010\20261010_223725_titan007_odds_snapshot.csv,NOT_FINAL_STATE_0,5ae11922ccf7b3783d1b,RUN_20261010_223725,V4,2026-10-10T22:37:25+08:00,2026-10-10T22:37:25+08:00,2026-10-11T18:00:00+08:00,19.376,False,False,False
V4_SHADOW,3082315,2026-10-11,西丁,空达 vs 安迪斯,,,,,,,0,,,D:\codex\v3_legacy\outputs\football_odds_trader\raw\titan007\20261010\20261010_223725_titan007_odds_snapshot.csv,NOT_FINAL_STATE_0,24d7ac1fbc2231547231,RUN_20261010_223725,V4,2026-10-10T22:37:25+08:00,2026-10-10T22:37:25+08:00,2026-10-11T18:00:00+08:00,19.376,False,False,False
V4_SHADOW,3082316,2026-10-11,西丁,阿维莱斯体育场 vs 利亚内斯,,,,,,,0,,,D:\codex\v3_legacy\outputs\football_odds_trader\raw\titan007\20261010\20261010_223725_titan007_odds_snapshot.csv,NOT_FINAL_STATE_0,e875783270dfc2af87c9,RUN_20261010_223725,V4,2026-10-10T22:37:25+08:00,2026-10-10T22:37:25+08:00,2026-10-11T18:00:00+08:00,19.376,False,False,False
V4_SHADOW,3082317,2026-10-11,西丁,考达尔 vs 希洪竞技B队,,,,,,,0,,,D:\codex\v3_legacy\outputs\football_odds_trader\raw\titan007\20261010\20261010_223725_titan007_odds_snapshot.csv,NOT_FINAL_STATE_0,03c988c4133d68d9c1b0,RUN_20261010_223725,V4,2026-10-10T22:37:25+08:00,2026-10-10T22:37:25+08:00,2026-10-11T18:00:00+08:00,19.376,False,False,False
V4_SHADOW,3082320,2026-10-11,西丁,El圣马田 vs 科瓦栋卡,,,,,,,0,,,D:\codex\v3_legacy\outputs\football_odds_trader\raw\titan007\20261010\20261010_223725_titan007_odds_snapshot.csv,NOT_FINAL_STATE_0,c347313198af3484d375,RUN_20261010_223725,V4,2026-10-10T22:37:25+08:00,2026-10-10T22:37:25+08:00,2026-10-11T18:00:00+08:00,19.376,False,False,False
V4_SHADOW,3082321,2026-10-11,西丁,基杭印达斯特利亚 vs 阿斯图尔,,,,,,,0,,,D:\codex\v3_legacy\outputs\football_odds_trader\raw\titan007\20261010\20261010_223725_titan007_odds_snapshot.csv,NOT_FINAL_STATE_0,679fc167bd0ade9a78d9,RUN_20261010_223725,V4,2026-10-10T22:37:25+08:00,2026-10-10T22:37:25+08:00,2026-10-11T18:00:00+08:00,19.376,False,False,False
V4_SHADOW,3078393,2026-10-11,西丁,桑塔尼 vs 咯斯腾瑟,,,,,,,0,,,D:\codex\v3_legacy\outputs\football_odds_trader\raw\titan007\20261010\20261010_223725_titan007_odds_snapshot.csv,NOT_FINAL_STATE_0,22296e318a5484873355,RUN_20261010_223725,V4,2026-10-10T22:37:25+08:00,2026-10-10T22:37:25+08:00,2026-10-11T18:00:00+08:00,19.376,False,False,False
V4_SHADOW,3078396,2026-10-11,西丁,缚汶特拉 vs 马纳科尔,,,,,,,0,,,D:\codex\v3_legacy\outputs\football_odds_trader\raw\titan007\20261010\20261010_223725_titan007_odds_snapshot.csv,NOT_FINAL_STATE_0,802ba7d556d092ce8508,RUN_20261010_223725,V4,2026-10-10T22:37:25+08:00,2026-10-10T22:37:25+08:00,2026-10-11T18:00:00+08:00,19.376,False,False,False
V4_SHADOW,3079634,2026-10-11,西丁,瓦瑞 vs 阿甘西洛,,,,,,,0,,,D:\codex\v3_legacy\outputs\football_odds_trader\raw\titan007\20261010\20261010_223725_titan007_odds_snapshot.csv,NOT_FINAL_STATE_0,da4034109b213f5a7c18,RUN_20261010_223725,V4,2026-10-10T22:37:25+08:00,2026-10-10T22:37:25+08:00,2026-10-11T18:00:00+08:00,19.376,False,False,False
V4_SHADOW,3060319,2026-10-11,西丁,伊雷斯卡斯 vs 拉索拉纳,,,,,,,0,,,D:\codex\v3_legacy\outputs\football_odds_trader\raw\titan007\20261010\20261010_223725_titan007_odds_snapshot.csv,NOT_FINAL_STATE_0,ff2fa1bcf0fb2a80fede,RUN_20261010_223725,V4,2026-10-10T22:37:25+08:00,2026-10-10T22:37:25+08:00,2026-10-11T18:00:00+08:00,19.376,False,False,False
V4_SHADOW,3060013,2026-10-11,西丁,兰沙路迪 vs UD圣费尔南多,,,,,,,0,,,D:\codex\v3_legacy\outputs\football_odds_trader\raw\titan007\20261010\20261010_223725_titan007_odds_snapshot.csv,NOT_FINAL_STATE_0,d324d6011caa83a1255f,RUN_20261010_223725,V4,2026-10-10T22:37:25+08:00,2026-10-10T22:37:25+08:00,2026-10-11T18:00:00+08:00,19.376,False,False,False
V4_SHADOW,3082691,2026-10-11,西丁,卡迪斯B队 vs 昂本斯竞技,,,,,,,0,,,D:\codex\v3_legacy\outputs\football_odds_trader\raw\titan007\20261010\20261010_223725_titan007_odds_snapshot.csv,NOT_FINAL_STATE_0,10158bdafbe249d0ef72,RUN_20261010_223725,V4,2026-10-10T22:37:25+08:00,2026-10-10T22:37:25+08:00,2026-10-11T18:00:00+08:00,19.376,False,False,False
V4_SHADOW,3082693,2026-10-11,西丁,科尔多瓦B队 vs 坡左布朗科,,,,,,,0,,,D:\codex\v3_legacy\outputs\football_odds_trader\raw\titan007\20261010\20261010_223725_titan007_odds_snapshot.csv,NOT_FINAL_STATE_0,45ee740f682eb7349758,RUN_20261010_223725,V4,2026-10-10T22:37:25+08:00,2026-10-10T22:37:25+08:00,2026-10-11T18:00:00+08:00,19.376,False,False,False
V4_SHADOW,3082695,2026-10-11,西丁,波特恩 vs 赫尔曼斯,,,,,,,0,,,D:\codex\v3_legacy\outputs\football_odds_trader\raw\titan007\20261010\20261010_223725_titan007_odds_snapshot.csv,NOT_FINAL_STATE_0,4cfd780060960570ebff,RUN_20261010_223725,V4,2026-10-10T22:37:25+08:00,2026-10-10T22:37:25+08:00,2026-10-11T18:00:00+08:00,19.376,False,False,False
V4_SHADOW,3061790,2026-10-11,西丁,萨拉戈萨B队 vs 蒙松,,,,,,,0,,,D:\codex\v3_legacy\outputs\football_odds_trader\raw\titan007\20261010\20261010_223725_titan007_odds_snapshot.csv,NOT_FINAL_STATE_0,13ba45eff23e0a69d85a,RUN_20261010_223725,V4,2026-10-10T22:37:25+08:00,2026-10-10T22:37:25+08:00,2026-10-11T18:00:00+08:00,19.376,False,False,False
V4_SHADOW,3082009,2026-10-11,西丁,卡斯图埃拉 vs 普埃夫洛努埃沃,,,,,,,0,,,D:\codex\v3_legacy\outputs\football_odds_trader\raw\titan007\20261010\20261010_223725_titan007_odds_snapshot.csv,NOT_FINAL_STATE_0,1ecf7bf8d1e71bdbb2e5,RUN_20261010_223725,V4,2026-10-10T22:37:25+08:00,2026-10-10T22:37:25+08:00,2026-10-11T18:00:00+08:00,19.376,False,False,False
V4_SHADOW,3082014,2026-10-11,西丁,普埃布拉卡尔萨达 vs 莫拉罗,,,,,,,0,,,D:\codex\v3_legacy\outputs\football_odds_trader\raw\titan007\20261010\20261010_223725_titan007_odds_snapshot.csv,NOT_FINAL_STATE_0,01a2ecb077324e2f7000,RUN_20261010_223725,V4,2026-10-10T22:37:25+08:00,2026-10-10T22:37:25+08:00,2026-10-11T18:00:00+08:00,19.376,False,False,False
V4_SHADOW,3082016,2026-10-11,西丁,普拉森西亚 vs CD昆塔纳,,,,,,,0,,,D:\codex\v3_legacy\outputs\football_odds_trader\raw\titan007\20261010\20261010_223725_titan007_odds_snapshot.csv,NOT_FINAL_STATE_0,2c29ad0c353cbcb3d029,RUN_20261010_223725,V4,2026-10-10T22:37:25+08:00,2026-10-10T22:37:25+08:00,2026-10-11T18:00:00+08:00,19.376,False,False,False
V4_SHADOW,3082017,2026-10-11,西丁,维拉洛尼斯 vs 阿苏阿加,,,,,,,0,,,D:\codex\v3_legacy\outputs\football_odds_trader\raw\titan007\20261010\20261010_223725_titan007_odds_snapshot.csv,NOT_FINAL_STATE_0,e65e68c0a2bc0b8fe640,RUN_20261010_223725,V4,2026-10-10T22:37:25+08:00,2026-10-10T22:37:25+08:00,2026-10-11T18:00:00+08:00,19.376,False,False,False
V4_SHADOW,2966286,2026-10-11,俄乙B西,多尔戈普鲁德尼 vs 沃洛格达迪纳摩,,,,,,,0,,,D:\codex\v3_legacy\outputs\football_odds_trader\raw\titan007\20261010\20261010_223725_titan007_odds_snapshot.csv,NOT_FINAL_STATE_0,912a9bfe4c6bbc8aef98,RUN_20261010_223725,V4,2026-10-10T22:37:25+08:00,2026-10-10T22:37:25+08:00,2026-10-11T18:00:00+08:00,19.376,False,False,False
V4_SHADOW,2966519,2026-10-11,俄乙B中,斯特罗吉诺 vs 别尔哥罗德礼炮,,,,,,,0,,,D:\codex\v3_legacy\outputs\football_odds_trader\raw\titan007\20261010\20261010_223725_titan007_odds_snapshot.csv,NOT_FINAL_STATE_0,216f6b716e9845e8a9e0,RUN_20261010_223725,V4,2026-10-10T22:37:25+08:00,2026-10-10T22:37:25+08:00,2026-10-11T18:00:00+08:00,19.376,False,False,False
V4_SHADOW,3082591,2026-10-11,俄乙B南升,KDV托木斯克 vs 巴尔瑙尔迪纳摩,,,,,,,0,,,D:\codex\v3_legacy\outputs\football_odds_trader\raw\titan007\20261010\20261010_223725_titan007_odds_snapshot.csv,NOT_FINAL_STATE_0,47b209a03195cb61ca7e,RUN_20261010_223725,V4,2026-10-10T22:37:25+08:00,2026-10-10T22:37:25+08:00,2026-10-11T18:00:00+08:00,19.376,False,False,False
V4_SHADOW,3082593,2026-10-11,俄乙B南升,苏维埃之翼B队 vs 阿克伦托格里蒂B队,,,,,,,0,,,D:\codex\v3_legacy\outputs\football_odds_trader\raw\titan007\20261010\20261010_223725_titan007_odds_snapshot.csv,NOT_FINAL_STATE_0,81fcd04df2c3bf832602,RUN_20261010_223725,V4,2026-10-10T22:37:25+08:00,2026-10-10T22:37:25+08:00,2026-10-11T18:00:00+08:00,19.376,False,False,False
V4_SHADOW,3082618,2026-10-11,俄乙B南降,FK泽尼特伊热夫斯克 vs 切亚宾斯克B队,,,,,,,0,,,D:\codex\v3_legacy\outputs\football_odds_trader\raw\titan007\20261010\20261010_223725_titan007_odds_snapshot.csv,NOT_FINAL_STATE_0,6ee0db51aebac97ec531,RUN_20261010_223725,V4,2026-10-10T22:37:25+08:00,2026-10-10T22:37:25+08:00,2026-10-11T18:00:00+08:00,19.376,False,False,False
V4_SHADOW,3099326,2026-10-11,泰乙东北,乌邦克鲁亚纳帕特 vs 埃桑战士,,,,,,,0,,,D:\codex\v3_legacy\outputs\football_odds_trader\raw\titan007\20261010\20261010_223725_titan007_odds_snapshot.csv,NOT_FINAL_STATE_0,6fe2803758991ed97886,RUN_20261010_223725,V4,2026-10-10T22:37:25+08:00,2026-10-10T22:37:25+08:00,2026-10-11T18:00:00+08:00,19.376,False,False,False
V4_SHADOW,3101194,2026-10-11,奥丁,ATSV萨尔茨堡 vs FC施瓦察赫,,,,,,,0,,,D:\codex\v3_legacy\outputs\football_odds_trader\raw\titan007\20261010\20261010_223725_titan007_odds_snapshot.csv,NOT_FINAL_STATE_0,3b2303e4536c0e554530,RUN_20261010_223725,V4,2026-10-10T22:37:25+08:00,2026-10-10T22:37:25+08:00,2026-10-11T18:00:00+08:00,19.376,False,False,False
V4_SHADOW,3098307,2026-10-11,希腊U19,拉克利斯克U19 vs 利云达高斯U19,,,,,,,0,,,D:\codex\v3_legacy\outputs\football_odds_trader\raw\titan007\20261010\20261010_223725_titan007_odds_snapshot.csv,NOT_FINAL_STATE_0,947f1e3682b56b91a273,RUN_20261010_223725,V4,2026-10-10T22:37:25+08:00,2026-10-10T22:37:25+08:00,2026-10-11T18:00:00+08:00,19.376,False,False,False
V4_SHADOW,3101364,2026-10-11,克亚U19,HNK戈里察U19 vs 古斯图西加U19,,,,,,,0,,,D:\codex\v3_legacy\outputs\football_odds_trader\raw\titan007\20261010\20261010_223725_titan007_odds_snapshot.csv,NOT_FINAL_STATE_0,a4be47ad64b4f408b246,RUN_20261010_223725,V4,2026-10-10T22:37:25+08:00,2026-10-10T22:37:25+08:00,2026-10-11T18:00:00+08:00,19.376,False,False,False
V4_SHADOW,3101365,2026-10-11,克亚U19,瓦拉日丁U19 vs 比路朴U19,,,,,,,0,,,D:\codex\v3_legacy\outputs\football_odds_trader\raw\titan007\20261010\20261010_223725_titan007_odds_snapshot.csv,NOT_FINAL_STATE_0,91af030693a278450bfe,RUN_20261010_223725,V4,2026-10-10T22:37:25+08:00,2026-10-10T22:37:25+08:00,2026-10-11T18:00:00+08:00,19.376,False,False,False
V4_SHADOW,3101367,2026-10-11,克亚U19,特瑞内U19 vs 塞瓦特U19,,,,,,,0,,,D:\codex\v3_legacy\outputs\football_odds_trader\raw\titan007\20261010\20261010_223725_titan007_odds_snapshot.csv,NOT_FINAL_STATE_0,9b500e743104f811f06e,RUN_20261010_223725,V4,2026-10-10T22:37:25+08:00,2026-10-10T22:37:25+08:00,2026-10-11T18:00:00+08:00,19.376,False,False,False
V4_SHADOW,3101407,2026-10-11,西地区联,督本 vs 圣蒂尔索,,,,,,,0,,,D:\codex\v3_legacy\outputs\football_odds_trader\raw\titan007\20261010\20261010_223725_titan007_odds_snapshot.csv,NOT_FINAL_STATE_0,55989c92e6c9cf4bd1bb,RUN_20261010_223725,V4,2026-10-10T22:37:25+08:00,2026-10-10T22:37:25+08:00,2026-10-11T18:00:00+08:00,19.376,False,False,False
V4_SHADOW,3101408,2026-10-11,西地区联,鲁比 vs 霍塔,,,,,,,0,,,D:\codex\v3_legacy\outputs\football_odds_trader\raw\titan007\20261010\20261010_223725_titan007_odds_snapshot.csv,NOT_FINAL_STATE_0,b8c69d33a92a869fd876,RUN_20261010_223725,V4,2026-10-10T22:37:25+08:00,2026-10-10T22:37:25+08:00,2026-10-11T18:00:00+08:00,19.376,False,False,False
V4_SHADOW,3101415,2026-10-11,西地区联,卡贝辛斯 vs 阿尔科斯,,,,,,,0,,,D:\codex\v3_legacy\outputs\football_odds_trader\raw\titan007\20261010\20261010_223725_titan007_odds_snapshot.csv,NOT_FINAL_STATE_0,3c4ca92e367878c81c07,RUN_20261010_223725,V4,2026-10-10T22:37:25+08:00,2026-10-10T22:37:25+08:00,2026-10-11T18:00:00+08:00,19.376,False,False,False
V4_SHADOW,3100434,2026-10-11,国际友谊,斯洛文尼亚女足U19 vs 苏格兰女足U19,,,,,,,0,,,D:\codex\v3_legacy\outputs\football_odds_trader\raw\titan007\20261010\20261010_223725_titan007_odds_snapshot.csv,NOT_FINAL_STATE_0,bf49e73059f4a2a671df,RUN_20261010_223725,V4,2026-10-10T22:37:25+08:00,2026-10-10T22:37:25+08:00,2026-10-11T18:00:00+08:00,19.376,False,False,False
V4_SHADOW,3085356,2026-10-11,越南甲,庆和 vs PVF人民公安,,,,,,,0,,,D:\codex\v3_legacy\outputs\football_odds_trader\raw\titan007\20261010\20261010_223725_titan007_odds_snapshot.csv,NOT_FINAL_STATE_0,898f977d7189274d9cfb,RUN_20261010_223725,V4,2026-10-10T22:37:25+08:00,2026-10-10T22:37:25+08:00,2026-10-11T18:00:00+08:00,19.376,False,False,False
V4_SHADOW,3087373,2026-10-11,中U21,上海申花U21 vs 浙江U21,,,,,,,0,,,D:\codex\v3_legacy\outputs\football_odds_trader\raw\titan007\20261010\20261010_223725_titan007_odds_snapshot.csv,NOT_FINAL_STATE_0,78e25c6a6edad5a95910,RUN_20261010_223725,V4,2026-10-10T22:37:25+08:00,2026-10-10T22:37:25+08:00,2026-10-11T18:00:00+08:00,19.376,False,False,False
V4_SHADOW,2996166,2026-10-11,荷甲,乌德勒支 vs 威廉二世,,,,,N,,0,,,D:\codex\v3_legacy\outputs\football_odds_trader\raw\titan007\20261010\20261010_223725_titan007_odds_snapshot.csv,NOT_FINAL_STATE_0,f9973f57a3e2ec89a1b9,RUN_20261010_223725,V4,2026-10-10T22:37:25+08:00,2026-10-10T22:37:25+08:00,2026-10-11T18:15:00+08:00,19.626,False,True,False
V4_SHADOW,3082010,2026-10-11,西丁,萨夫拉 vs 蒙蒂霍,,,,,,,0,,,D:\codex\v3_legacy\outputs\football_odds_trader\raw\titan007\20261010\20261010_223725_titan007_odds_snapshot.csv,NOT_FINAL_STATE_0,8f98648977fef2f5591b,RUN_20261010_223725,V4,2026-10-10T22:37:25+08:00,2026-10-10T22:37:25+08:00,2026-10-11T18:15:00+08:00,19.626,False,False,False
V4_SHADOW,2993807,2026-10-11,意甲,科莫 vs 罗马,,,,,N,,0,,,D:\codex\v3_legacy\outputs\football_odds_trader\raw\titan007\20261010\20261010_223725_titan007_odds_snapshot.csv,NOT_FINAL_STATE_0,65917c8d4a645743f802,RUN_20261010_223725,V4,2026-10-10T22:37:25+08:00,2026-10-10T22:37:25+08:00,2026-10-11T18:30:00+08:00,19.876,False,False,False
V4_SHADOW,3026748,2026-10-11,土超,科尼亚体育 vs 伊斯坦布尔巴萨克塞尔,,,,,N,,0,,,D:\codex\v3_legacy\outputs\football_odds_trader\raw\titan007\20261010\20261010_223725_titan007_odds_snapshot.csv,NOT_FINAL_STATE_0,ebd3400b24add1bb8601,RUN_20261010_223725,V4,2026-10-10T22:37:25+08:00,2026-10-10T22:37:25+08:00,2026-10-11T18:30:00+08:00,19.876,False,False,False
V4_SHADOW,3055083,2026-10-11,西协乙,皇家奥维耶多B队 vs 坎塔布力亚,,,,,,,0,,,D:\codex\v3_legacy\outputs\football_odds_trader\raw\titan007\20261010\20261010_223725_titan007_odds_snapshot.csv,NOT_FINAL_STATE_0,8bb83b7af0be0f066b0a,RUN_20261010_223725,V4,2026-10-10T22:37:25+08:00,2026-10-10T22:37:25+08:00,2026-10-11T18:30:00+08:00,19.876,False,False,False
V4_SHADOW,3083001,2026-10-11,西协乙,力纳雷斯体育会 vs 安东亚诺,,,,,,,0,,,D:\codex\v3_legacy\outputs\football_odds_trader\raw\titan007\20261010\20261010_223725_titan007_odds_snapshot.csv,NOT_FINAL_STATE_0,ba9f0ec14a4d9cf447a7,RUN_20261010_223725,V4,2026-10-10T22:37:25+08:00,2026-10-10T22:37:25+08:00,2026-10-11T18:30:00+08:00,19.876,False,False,False
V4_SHADOW,3050969,2026-10-11,意丙,托里斯 vs 亚特兰大U23,,,,,N,,0,,,D:\codex\v3_legacy\outputs\football_odds_trader\raw\titan007\20261010\20261010_223725_titan007_odds_snapshot.csv,NOT_FINAL_STATE_0,ca646ca1fdce710f2550,RUN_20261010_223725,V4,2026-10-10T22:37:25+08:00,2026-10-10T22:37:25+08:00,2026-10-11T18:30:00+08:00,19.876,False,True,False
V4_SHADOW,3051341,2026-10-11,意丙,阿尔塔穆拉 vs 卡塔尼亚,,,,,,,0,,,D:\codex\v3_legacy\outputs\football_odds_trader\raw\titan007\20261010\20261010_223725_titan007_odds_snapshot.csv,NOT_FINAL_STATE_0,295fa17b54498a0ed687,RUN_20261010_223725,V4,2026-10-10T22:37:25+08:00,2026-10-10T22:37:25+08:00,2026-10-11T18:30:00+08:00,19.876,False,False,False
V4_SHADOW,3079323,2026-10-11,西丁,丘里亚纳 vs 唱诗班2017,,,,,,,0,,,D:\codex\v3_legacy\outputs\football_odds_trader\raw\titan007\20261010\20261010_223725_titan007_odds_snapshot.csv,NOT_FINAL_STATE_0,4b69c72fd102bbb028f6,RUN_20261010_223725,V4,2026-10-10T22:37:25+08:00,2026-10-10T22:37:25+08:00,2026-10-11T18:30:00+08:00,19.876,False,False,False
V4_SHADOW,3079327,2026-10-11,西丁,美利拉 vs 圣佩德鲁,,,,,,,0,,,D:\codex\v3_legacy\outputs\football_odds_trader\raw\titan007\20261010\20261010_223725_titan007_odds_snapshot.csv,NOT_FINAL_STATE_0,35818a16ce502b043e38,RUN_20261010_223725,V4,2026-10-10T22:37:25+08:00,2026-10-10T22:37:25+08:00,2026-10-11T18:30:00+08:00,19.876,False,False,False
V4_SHADOW,3078397,2026-10-11,西丁,米格约恩 vs CD卡达斯亚,,,,,,,0,,,D:\codex\v3_legacy\outputs\football_odds_trader\raw\titan007\20261010\20261010_223725_titan007_odds_snapshot.csv,NOT_FINAL_STATE_0,8bee93d465118a4b8179,RUN_20261010_223725,V4,2026-10-10T22:37:25+08:00,2026-10-10T22:37:25+08:00,2026-10-11T18:30:00+08:00,19.876,False,False,False
V4_SHADOW,3048670,2026-10-11,西丁,蒙坦尔斯 vs 格兰朋那,,,,,,,0,,,D:\codex\v3_legacy\outputs\football_odds_trader\raw\titan007\20261010\20261010_223725_titan007_odds_snapshot.csv,NOT_FINAL_STATE_0,d6ded7bed61e9636faf1,RUN_20261010_223725,V4,2026-10-10T22:37:25+08:00,2026-10-10T22:37:25+08:00,2026-10-11T18:30:00+08:00,19.876,False,False,False
V4_SHADOW,3099596,2026-10-11,中亚女U17,缅甸女足U17 vs 中国香港女足U17,,,,,,,0,,,D:\codex\v3_legacy\outputs\football_odds_trader\raw\titan007\20261010\20261010_223725_titan007_odds_snapshot.csv,NOT_FINAL_STATE_0,f8236799ee48bbc0b1df,RUN_20261010_223725,V4,2026-10-10T22:37:25+08:00,2026-10-10T22:37:25+08:00,2026-10-11T18:30:00+08:00,19.876,False,False,False
V4_SHADOW,3052774,2026-10-11,德青联,FSV法兰克福U19 vs 维亨U19,,,,,,,0,,,D:\codex\v3_legacy\outputs\football_odds_trader\raw\titan007\20261010\20261010_223725_titan007_odds_snapshot.csv,NOT_FINAL_STATE_0,719d0866829685eb9332,RUN_20261010_223725,V4,2026-10-10T22:37:25+08:00,2026-10-10T22:37:25+08:00,2026-10-11T18:30:00+08:00,19.876,False,False,False
V4_SHADOW,3068153,2026-10-11,克亚乙,杜国坡吉 vs 泽米阿弗希,,,,,,,0,,,D:\codex\v3_legacy\outputs\football_odds_trader\raw\titan007\20261010\20261010_223725_titan007_odds_snapshot.csv,NOT_FINAL_STATE_0,873cc58d1f6ac63e5401,RUN_20261010_223725,V4,2026-10-10T22:37:25+08:00,2026-10-10T22:37:25+08:00,2026-10-11T18:45:00+08:00,20.126,False,False,False
V4_SHADOW,3008253,2026-10-11,英冠,南安普敦 vs 朴茨茅斯,南安普敦,giving,-1.0,1.01,B,,0,,,D:\codex\v3_legacy\outputs\football_odds_trader\raw\titan007\20261010\20261010_223725_titan007_odds_snapshot.csv,NOT_FINAL_STATE_0,06b27ba79b63ba944301,RUN_20261010_223725,V4,2026-10-10T22:37:25+08:00,2026-10-10T22:37:25+08:00,2026-10-11T19:00:00+08:00,20.376,False,True,False
V4_SHADOW,3002080,2026-10-11,苏超,马瑟韦尔 vs 凯尔特人,,,,,N,,0,,,D:\codex\v3_legacy\outputs\football_odds_trader\raw\titan007\20261010\20261010_223725_titan007_odds_snapshot.csv,NOT_FINAL_STATE_0,6adb752cddd34d42f646,RUN_20261010_223725,V4,2026-10-10T22:37:25+08:00,2026-10-10T22:37:25+08:00,2026-10-11T19:00:00+08:00,20.376,False,True,False
V4_SHADOW,3012307,2026-10-11,俄超,格罗兹尼特里克 vs 加里宁格勒波罗的海,,,,,N,,0,,,D:\codex\v3_legacy\outputs\football_odds_trader\raw\titan007\20261010\20261010_223725_titan007_odds_snapshot.csv,NOT_FINAL_STATE_0,29c7e8bd16ef4c3edaf8,RUN_20261010_223725,V4,2026-10-10T22:37:25+08:00,2026-10-10T22:37:25+08:00,2026-10-11T19:00:00+08:00,20.376,False,False,False
V4_SHADOW,3083000,2026-10-11,西协乙,拉斯彭马斯竞技 vs 特内里费B队,,,,,,,0,,,D:\codex\v3_legacy\outputs\football_odds_trader\raw\titan007\20261010\20261010_223725_titan007_odds_snapshot.csv,NOT_FINAL_STATE_0,a4b44eff325a94c20e25,RUN_20261010_223725,V4,2026-10-10T22:37:25+08:00,2026-10-10T22:37:25+08:00,2026-10-11T19:00:00+08:00,20.376,False,False,False
V4_SHADOW,2914716,2026-10-11,瑞典甲,奥雷布洛 vs 卢恩斯基尔,,,,,N,,0,,,D:\codex\v3_legacy\outputs\football_odds_trader\raw\titan007\20261010\20261010_223725_titan007_odds_snapshot.csv,NOT_FINAL_STATE_0,85c9adc6ebf732e81254,RUN_20261010_223725,V4,2026-10-10T22:37:25+08:00,2026-10-10T22:37:25+08:00,2026-10-11T19:00:00+08:00,20.376,False,True,False
V4_SHADOW,2919939,2026-10-11,瑞典乙南,尤特斯科腾 vs 安吉尔霍姆斯,,,,,N,,0,,,D:\codex\v3_legacy\outputs\football_odds_trader\raw\titan007\20261010\20261010_223725_titan007_odds_snapshot.csv,NOT_FINAL_STATE_0,f270f6bebb7ffedda87a,RUN_20261010_223725,V4,2026-10-10T22:37:25+08:00,2026-10-10T22:37:25+08:00,2026-10-11T19:00:00+08:00,20.376,False,True,False
V4_SHADOW,2951673,2026-10-11,中甲,宁波职业足球俱乐部 vs 南京城市,宁波职业足球俱乐部,giving,-0.5,1.01,B,,0,,,D:\codex\v3_legacy\outputs\football_odds_trader\raw\titan007\20261010\20261010_223725_titan007_odds_snapshot.csv,NOT_FINAL_STATE_0,3d16fe17682f58d066a4,RUN_20261010_223725,V4,2026-10-10T22:37:25+08:00,2026-10-10T22:37:25+08:00,2026-10-11T19:00:00+08:00,20.376,False,True,False
V4_SHADOW,2951674,2026-10-11,中甲,陕西联合月亮泊队 vs 佛山南狮,陕西联合月亮泊队,giving,-1.5,0.96,B,,0,,,D:\codex\v3_legacy\outputs\football_odds_trader\raw\titan007\20261010\20261010_223725_titan007_odds_snapshot.csv,NOT_FINAL_STATE_0,9a595592cad15acfd3cb,RUN_20261010_223725,V4,2026-10-10T22:37:25+08:00,2026-10-10T22:37:25+08:00,2026-10-11T19:00:00+08:00,20.376,False,True,False
V4_SHADOW,2913364,2026-10-11,挪乙,比查格 vs 诺托登,,,,,,,0,,,D:\codex\v3_legacy\outputs\football_odds_trader\raw\titan007\20261010\20261010_223725_titan007_odds_snapshot.csv,NOT_FINAL_STATE_0,8efd189e50ed4d5add5c,RUN_20261010_223725,V4,2026-10-10T22:37:25+08:00,2026-10-10T22:37:25+08:00,2026-10-11T19:00:00+08:00,20.376,False,False,False
V4_SHADOW,2913370,2026-10-11,挪乙,维达 vs 巴提维格,,,,,,,0,,,D:\codex\v3_legacy\outputs\football_odds_trader\raw\titan007\20261010\20261010_223725_titan007_odds_snapshot.csv,NOT_FINAL_STATE_0,cbd99bc67929a4161d05,RUN_20261010_223725,V4,2026-10-10T22:37:25+08:00,2026-10-10T22:37:25+08:00,2026-10-11T19:00:00+08:00,20.376,False,False,False
V4_SHADOW,2913548,2026-10-11,挪乙,卡积沙斯 vs 拉纳,,,,,,,0,,,D:\codex\v3_legacy\outputs\football_odds_trader\raw\titan007\20261010\20261010_223725_titan007_odds_snapshot.csv,NOT_FINAL_STATE_0,81f7b733ada429eea3f5,RUN_20261010_223725,V4,2026-10-10T22:37:25+08:00,2026-10-10T22:37:25+08:00,2026-10-11T19:00:00+08:00,20.376,False,False,False
V4_SHADOW,2913551,2026-10-11,挪乙,斯塔达尔斯 vs 特罗姆斯达伦,,,,,,,0,,,D:\codex\v3_legacy\outputs\football_odds_trader\raw\titan007\20261010\20261010_223725_titan007_odds_snapshot.csv,NOT_FINAL_STATE_0,aa7830cede8f8a26fe59,RUN_20261010_223725,V4,2026-10-10T22:37:25+08:00,2026-10-10T22:37:25+08:00,2026-10-11T19:00:00+08:00,20.376,False,False,False
V4_SHADOW,3087709,2026-10-11,中乙降B,赣州瑞狮 vs 南通海门珂缔缘,,,,,,,0,,,D:\codex\v3_legacy\outputs\football_odds_trader\raw\titan007\20261010\20261010_223725_titan007_odds_snapshot.csv,NOT_FINAL_STATE_0,c62c045951391df6a6e0,RUN_20261010_223725,V4,2026-10-10T22:37:25+08:00,2026-10-10T22:37:25+08:00,2026-10-11T19:00:00+08:00,20.376,False,False,False
V4_SHADOW,3085272,2026-10-11,越南联,宋兰义安 vs 胡志明市,,,,,,,0,,,D:\codex\v3_legacy\outputs\football_odds_trader\raw\titan007\20261010\20261010_223725_titan007_odds_snapshot.csv,NOT_FINAL_STATE_0,6ca91a0e443fff161f28,RUN_20261010_223725,V4,2026-10-10T22:37:25+08:00,2026-10-10T22:37:25+08:00,2026-10-11T19:00:00+08:00,20.376,False,False,False
V4_SHADOW,3039901,2026-10-11,捷甲,利贝雷茨 vs 斯洛瓦科,,,,,N,,0,,,D:\codex\v3_legacy\outputs\football_odds_trader\raw\titan007\20261010\20261010_223725_titan007_odds_snapshot.csv,NOT_FINAL_STATE_0,2b04088f439f0e9bc257,RUN_20261010_223725,V4,2026-10-10T22:37:25+08:00,2026-10-10T22:37:25+08:00,2026-10-11T19:00:00+08:00,20.376,False,True,False
V4_SHADOW,2940758,2026-10-11,拉脱超,奥格雷联合 vs 陶格夫匹尔斯,,,,,,,0,,,D:\codex\v3_legacy\outputs\football_odds_trader\raw\titan007\20261010\20261010_223725_titan007_odds_snapshot.csv,NOT_FINAL_STATE_0,95434ccab8b73d6fa4d1,RUN_20261010_223725,V4,2026-10-10T22:37:25+08:00,2026-10-10T22:37:25+08:00,2026-10-11T19:00:00+08:00,20.376,False,False,False
V4_SHADOW,2948617,2026-10-11,白俄超,维特布斯克 vs 伊斯洛奇明斯克,,,,,,,0,,,D:\codex\v3_legacy\outputs\football_odds_trader\raw\titan007\20261010\20261010_223725_titan007_odds_snapshot.csv,NOT_FINAL_STATE_0,7d96fed6b5083cb00dfa,RUN_20261010_223725,V4,2026-10-10T22:37:25+08:00,2026-10-10T22:37:25+08:00,2026-10-11T19:00:00+08:00,20.376,False,False,False
V4_SHADOW,2998375,2026-10-11,北马其甲,什肯迪亚哈拉辛 vs 斯肯迪亚,,,,,,,0,,,D:\codex\v3_legacy\outputs\football_odds_trader\raw\titan007\20261010\20261010_223725_titan007_odds_snapshot.csv,NOT_FINAL_STATE_0,d168c83be1b15597ff8b,RUN_20261010_223725,V4,2026-10-10T22:37:25+08:00,2026-10-10T22:37:25+08:00,2026-10-11T19:00:00+08:00,20.376,False,False,False
V4_SHADOW,3038467,2026-10-11,土乙红,塞里克 vs 阿达纳1954,,,,,,,0,,,D:\codex\v3_legacy\outputs\football_odds_trader\raw\titan007\20261010\20261010_223725_titan007_odds_snapshot.csv,NOT_FINAL_STATE_0,5dc9f8a1c32ee8bd9d87,RUN_20261010_223725,V4,2026-10-10T22:37:25+08:00,2026-10-10T22:37:25+08:00,2026-10-11T19:00:00+08:00,20.376,False,False,False
V4_SHADOW,2953385,2026-10-11,哈萨克超,卡斯比阿克套 vs 阿勒泰瑟美,,,,,,,0,,,D:\codex\v3_legacy\outputs\football_odds_trader\raw\titan007\20261010\20261010_223725_titan007_odds_snapshot.csv,NOT_FINAL_STATE_0,1b968bfb2f9c88fddc49,RUN_20261010_223725,V4,2026-10-10T22:37:25+08:00,2026-10-10T22:37:25+08:00,2026-10-11T19:00:00+08:00,20.376,False,False,False
V4_SHADOW,2957263,2026-10-11,拉脱甲,斯米尔泰 vs 图库姆斯B队,,,,,,,0,,,D:\codex\v3_legacy\outputs\football_odds_trader\raw\titan007\20261010\20261010_223725_titan007_odds_snapshot.csv,NOT_FINAL_STATE_0,4b288f8515f640c8e3f4,RUN_20261010_223725,V4,2026-10-10T22:37:25+08:00,2026-10-10T22:37:25+08:00,2026-10-11T19:00:00+08:00,20.376,False,False,False
V4_SHADOW,3100437,2026-10-11,球会友谊,天狼星 vs 布洛马波卡纳,,,,,,,0,,,D:\codex\v3_legacy\outputs\football_odds_trader\raw\titan007\20261010\20261010_223725_titan007_odds_snapshot.csv,NOT_FINAL_STATE_0,a9b600ce824a68e93f7d,RUN_20261010_223725,V4,2026-10-10T22:37:25+08:00,2026-10-10T22:37:25+08:00,2026-10-11T19:00:00+08:00,20.376,False,False,False
V4_SHADOW,2927010,2026-10-11,瑞典丙VG,瓦斯特拉弗罗伦达 vs 拖斯兰达,,,,,,,0,,,D:\codex\v3_legacy\outputs\football_odds_trader\raw\titan007\20261010\20261010_223725_titan007_odds_snapshot.csv,NOT_FINAL_STATE_0,918cd29b8f084e9230b2,RUN_20261010_223725,V4,2026-10-10T22:37:25+08:00,2026-10-10T22:37:25+08:00,2026-10-11T19:00:00+08:00,20.376,False,False,False
V4_SHADOW,2927194,2026-10-11,瑞典丙SG,奥斯特伦 vs 托纳斯,,,,,,,0,,,D:\codex\v3_legacy\outputs\football_odds_trader\raw\titan007\20261010\20261010_223725_titan007_odds_snapshot.csv,NOT_FINAL_STATE_0,f71f54a7c5db3d2d448a,RUN_20261010_223725,V4,2026-10-10T22:37:25+08:00,2026-10-10T22:37:25+08:00,2026-10-11T19:00:00+08:00,20.376,False,False,False
V4_SHADOW,2927374,2026-10-11,瑞典丙NG,胡斯华纳 vs 赫雷斯塔兹,,,,,,,0,,,D:\codex\v3_legacy\outputs\football_odds_trader\raw\titan007\20261010\20261010_223725_titan007_odds_snapshot.csv,NOT_FINAL_STATE_0,4065b1a91502775c993f,RUN_20261010_223725,V4,2026-10-10T22:37:25+08:00,2026-10-10T22:37:25+08:00,2026-10-11T19:00:00+08:00,20.376,False,False,False
V4_SHADOW,2927556,2026-10-11,瑞典丙NS,安格比 vs 维格比霍尔姆斯,,,,,,,0,,,D:\codex\v3_legacy\outputs\football_odds_trader\raw\titan007\20261010\20261010_223725_titan007_odds_snapshot.csv,NOT_FINAL_STATE_0,9704be42bff738b9b6bb,RUN_20261010_223725,V4,2026-10-10T22:37:25+08:00,2026-10-10T22:37:25+08:00,2026-10-11T19:00:00+08:00,20.376,False,False,False
V4_SHADOW,2926825,2026-10-11,瑞典丙SS,埃克尔奥雷布罗 vs BK前进,,,,,,,0,,,D:\codex\v3_legacy\outputs\football_odds_trader\raw\titan007\20261010\20261010_223725_titan007_odds_snapshot.csv,NOT_FINAL_STATE_0,0a0209b38b42061c091a,RUN_20261010_223725,V4,2026-10-10T22:37:25+08:00,2026-10-10T22:37:25+08:00,2026-10-11T19:00:00+08:00,20.376,False,False,False
V4_SHADOW,2926826,2026-10-11,瑞典丙SS,尼科平 vs 卡斯隆德,,,,,,,0,,,D:\codex\v3_legacy\outputs\football_odds_trader\raw\titan007\20261010\20261010_223725_titan007_odds_snapshot.csv,NOT_FINAL_STATE_0,cf5ce4deadb67c03095b,RUN_20261010_223725,V4,2026-10-10T22:37:25+08:00,2026-10-10T22:37:25+08:00,2026-10-11T19:00:00+08:00,20.376,False,False,False
V4_SHADOW,3088421,2026-10-11,西室内足,瓦尔德佩纳斯室内足球队 vs 卡特加斯能量室内足球队,,,,,,,0,,,D:\codex\v3_legacy\outputs\football_odds_trader\raw\titan007\20261010\20261010_223725_titan007_odds_snapshot.csv,NOT_FINAL_STATE_0,12a1ad7eecac5d2f1cf3,RUN_20261010_223725,V4,2026-10-10T22:37:25+08:00,2026-10-10T22:37:25+08:00,2026-10-11T19:00:00+08:00,20.376,False,False,False
V4_SHADOW,3037129,2026-10-11,泰超,南奔战士 vs 曼谷联合队,,,,,N,,0,,,D:\codex\v3_legacy\outputs\football_odds_trader\raw\titan007\20261010\20261010_223725_titan007_odds_snapshot.csv,NOT_FINAL_STATE_0,0a78258ae99b005ad507,RUN_20261010_223725,V4,2026-10-10T22:37:25+08:00,2026-10-10T22:37:25+08:00,2026-10-11T19:00:00+08:00,20.376,False,True,False
V4_SHADOW,3037130,2026-10-11,泰超,巴蜀府 vs 清莱联,,,,,N,,0,,,D:\codex\v3_legacy\outputs\football_odds_trader\raw\titan007\20261010\20261010_223725_titan007_odds_snapshot.csv,NOT_FINAL_STATE_0,f91160b433e39a026314,RUN_20261010_223725,V4,2026-10-10T22:37:25+08:00,2026-10-10T22:37:25+08:00,2026-10-11T19:00:00+08:00,20.376,False,True,False
V4_SHADOW,2933160,2026-10-11,乌兹超,奥马利克 vs 纳曼干新春,,,,,,,0,,,D:\codex\v3_legacy\outputs\football_odds_trader\raw\titan007\20261010\20261010_223725_titan007_odds_snapshot.csv,NOT_FINAL_STATE_0,f402bc0fab705b4ad936,RUN_20261010_223725,V4,2026-10-10T22:37:25+08:00,2026-10-10T22:37:25+08:00,2026-10-11T19:00:00+08:00,20.376,False,False,False
V4_SHADOW,2933162,2026-10-11,乌兹超,索格迪纳吉扎克 vs 塔什干火车头,,,,,,,0,,,D:\codex\v3_legacy\outputs\football_odds_trader\raw\titan007\20261010\20261010_223725_titan007_odds_snapshot.csv,NOT_FINAL_STATE_0,1e9f5d01570cebbdd104,RUN_20261010_223725,V4,2026-10-10T22:37:25+08:00,2026-10-10T22:37:25+08:00,2026-10-11T19:00:00+08:00,20.376,False,False,False
V4_SHADOW,3099572,2026-10-11,土U19联,比锡达斯U19 vs 高卡尔利士邦U19,,,,,,,0,,,D:\codex\v3_legacy\outputs\football_odds_trader\raw\titan007\20261010\20261010_223725_titan007_odds_snapshot.csv,NOT_FINAL_STATE_0,243aa340b1a3f651e1d0,RUN_20261010_223725,V4,2026-10-10T22:37:25+08:00,2026-10-10T22:37:25+08:00,2026-10-11T19:00:00+08:00,20.376,False,False,False
V4_SHADOW,3060014,2026-10-11,西丁,门萨杰罗 vs 圣巴托洛梅足球俱乐部,,,,,,,0,,,D:\codex\v3_legacy\outputs\football_odds_trader\raw\titan007\20261010\20261010_223725_titan007_odds_snapshot.csv,NOT_FINAL_STATE_0,6a0bb5d6ad706dc58c2f,RUN_20261010_223725,V4,2026-10-10T22:37:25+08:00,2026-10-10T22:37:25+08:00,2026-10-11T19:00:00+08:00,20.376,False,False,False
V4_SHADOW,3099419,2026-10-11,德戊,TuS施瓦赫豪森 vs SV葛洛,,,,,,,0,,,D:\codex\v3_legacy\outputs\football_odds_trader\raw\titan007\20261010\20261010_223725_titan007_odds_snapshot.csv,NOT_FINAL_STATE_0,c39e8487590ec808aa45,RUN_20261010_223725,V4,2026-10-10T22:37:25+08:00,2026-10-10T22:37:25+08:00,2026-10-11T19:00:00+08:00,20.376,False,False,False
V4_SHADOW,3047509,2026-10-11,泰甲,玛哈沙拉堪联 vs 程逸府,,,,,,,0,,,D:\codex\v3_legacy\outputs\football_odds_trader\raw\titan007\20261010\20261010_223725_titan007_odds_snapshot.csv,NOT_FINAL_STATE_0,8616b36c3c86d999dae8,RUN_20261010_223725,V4,2026-10-10T22:37:25+08:00,2026-10-10T22:37:25+08:00,2026-10-11T19:00:00+08:00,20.376,False,False,False
V4_SHADOW,3047510,2026-10-11,泰甲,土星联 vs 孔敬联,,,,,,,0,,,D:\codex\v3_legacy\outputs\football_odds_trader\raw\titan007\20261010\20261010_223725_titan007_odds_snapshot.csv,NOT_FINAL_STATE_0,5e2e2dba16f61e8c343d,RUN_20261010_223725,V4,2026-10-10T22:37:25+08:00,2026-10-10T22:37:25+08:00,2026-10-11T19:00:00+08:00,20.376,False,False,False
V4_SHADOW,3082619,2026-10-11,俄乙B南降,诺斯塔 vs 卡山鲁宾B队,,,,,,,0,,,D:\codex\v3_legacy\outputs\football_odds_trader\raw\titan007\20261010\20261010_223725_titan007_odds_snapshot.csv,NOT_FINAL_STATE_0,e8c51c0bd0716aa8f8d1,RUN_20261010_223725,V4,2026-10-10T22:37:25+08:00,2026-10-10T22:37:25+08:00,2026-10-11T19:00:00+08:00,20.376,False,False,False
V4_SHADOW,2966524,2026-10-11,俄乙B中,图拉B队 vs 奥耶尔,,,,,,,0,,,D:\codex\v3_legacy\outputs\football_odds_trader\raw\titan007\20261010\20261010_223725_titan007_odds_snapshot.csv,NOT_FINAL_STATE_0,061ab1820f231512170b,RUN_20261010_223725,V4,2026-10-10T22:37:25+08:00,2026-10-10T22:37:25+08:00,2026-10-11T19:00:00+08:00,20.376,False,False,False
V4_SHADOW,2966525,2026-10-11,俄乙B中,利比克 vs 拉明斯科土星,,,,,,,0,,,D:\codex\v3_legacy\outputs\football_odds_trader\raw\titan007\20261010\20261010_223725_titan007_odds_snapshot.csv,NOT_FINAL_STATE_0,cda0d00c333134351dda,RUN_20261010_223725,V4,2026-10-10T22:37:25+08:00,2026-10-10T22:37:25+08:00,2026-10-11T19:00:00+08:00,20.376,False,False,False
V4_SHADOW,2966288,2026-10-11,俄乙B西,FC特维尔 vs 卢基纳吉亚,,,,,,,0,,,D:\codex\v3_legacy\outputs\football_odds_trader\raw\titan007\20261010\20261010_223725_titan007_odds_snapshot.csv,NOT_FINAL_STATE_0,74200bd526cce74ba681,RUN_20261010_223725,V4,2026-10-10T22:37:25+08:00,2026-10-10T22:37:25+08:00,2026-10-11T19:00:00+08:00,20.376,False,False,False
V4_SHADOW,3099348,2026-10-11,泰乙南,孟庄联合 vs 拉廊FC,,,,,,,0,,,D:\codex\v3_legacy\outputs\football_odds_trader\raw\titan007\20261010\20261010_223725_titan007_odds_snapshot.csv,NOT_FINAL_STATE_0,8d3f058c84f134b3019e,RUN_20261010_223725,V4,2026-10-10T22:37:25+08:00,2026-10-10T22:37:25+08:00,2026-10-11T19:00:00+08:00,20.376,False,False,False
V4_SHADOW,3099349,2026-10-11,泰乙南,普吉岛安达曼 vs 春蓬联,,,,,,,0,,,D:\codex\v3_legacy\outputs\football_odds_trader\raw\titan007\20261010\20261010_223725_titan007_odds_snapshot.csv,NOT_FINAL_STATE_0,97529c4cef6614d21ed8,RUN_20261010_223725,V4,2026-10-10T22:37:25+08:00,2026-10-10T22:37:25+08:00,2026-10-11T19:00:00+08:00,20.376,False,False,False
V4_SHADOW,3099338,2026-10-11,泰乙北,马耶霍联 vs 菲奇特联合2025,,,,,,,0,,,D:\codex\v3_legacy\outputs\football_odds_trader\raw\titan007\20261010\20261010_223725_titan007_odds_snapshot.csv,NOT_FINAL_STATE_0,c27fc320ec9d6a17f921,RUN_20261010_223725,V4,2026-10-10T22:37:25+08:00,2026-10-10T22:37:25+08:00,2026-10-11T19:00:00+08:00,20.376,False,False,False
V4_SHADOW,3099555,2026-10-11,匈丙,巴拉顿奥尔马迪 vs 维斯普雷姆,,,,,,,0,,,D:\codex\v3_legacy\outputs\football_odds_trader\raw\titan007\20261010\20261010_223725_titan007_odds_snapshot.csv,NOT_FINAL_STATE_0,a2ead7f288e926b30cf7,RUN_20261010_223725,V4,2026-10-10T22:37:25+08:00,2026-10-10T22:37:25+08:00,2026-10-11T19:00:00+08:00,20.376,False,False,False
V4_SHADOW,3099556,2026-10-11,匈丙,西奥福克 vs 佩奇,,,,,,,0,,,D:\codex\v3_legacy\outputs\football_odds_trader\raw\titan007\20261010\20261010_223725_titan007_odds_snapshot.csv,NOT_FINAL_STATE_0,ee113085645b16019dc1,RUN_20261010_223725,V4,2026-10-10T22:37:25+08:00,2026-10-10T22:37:25+08:00,2026-10-11T19:00:00+08:00,20.376,False,False,False
V4_SHADOW,3099557,2026-10-11,匈丙,伊洛尔 vs 塞格德II,,,,,,,0,,,D:\codex\v3_legacy\outputs\football_odds_trader\raw\titan007\20261010\20261010_223725_titan007_odds_snapshot.csv,NOT_FINAL_STATE_0,d7eb7884763f02453338,RUN_20261010_223725,V4,2026-10-10T22:37:25+08:00,2026-10-10T22:37:25+08:00,2026-10-11T19:00:00+08:00,20.376,False,False,False
V4_SHADOW,3099558,2026-10-11,匈丙,ES布达佩斯 vs 汉维特二队,,,,,,,0,,,D:\codex\v3_legacy\outputs\football_odds_trader\raw\titan007\20261010\20261010_223725_titan007_odds_snapshot.csv,NOT_FINAL_STATE_0,91e2a1761b9ac006a98c,RUN_20261010_223725,V4,2026-10-10T22:37:25+08:00,2026-10-10T22:37:25+08:00,2026-10-11T19:00:00+08:00,20.376,False,False,False
V4_SHADOW,3099559,2026-10-11,匈丙,豪伊杜纳纳什 vs 蒂萨新城,,,,,,,0,,,D:\codex\v3_legacy\outputs\football_odds_trader\raw\titan007\20261010\20261010_223725_titan007_odds_snapshot.csv,NOT_FINAL_STATE_0,06f72f9ed4186d34581e,RUN_20261010_223725,V4,2026-10-10T22:37:25+08:00,2026-10-10T22:37:25+08:00,2026-10-11T19:00:00+08:00,20.376,False,False,False
V4_SHADOW,3044295,2026-10-11,乌克乙,鲁克维尼基 vs 尼瓦米尼特西亚,,,,,,,0,,,D:\codex\v3_legacy\outputs\football_odds_trader\raw\titan007\20261010\20261010_223725_titan007_odds_snapshot.csv,NOT_FINAL_STATE_0,1f0bae97411d12a56e5e,RUN_20261010_223725,V4,2026-10-10T22:37:25+08:00,2026-10-10T22:37:25+08:00,2026-10-11T19:00:00+08:00,20.376,False,False,False
V4_SHADOW,3099542,2026-10-11,葡锦标,拉吉恩斯 vs 迪泽姆罗,,,,,,,0,,,D:\codex\v3_legacy\outputs\football_odds_trader\raw\titan007\20261010\20261010_223725_titan007_odds_snapshot.csv,NOT_FINAL_STATE_0,333555f2b8c9cf80fe93,RUN_20261010_223725,V4,2026-10-10T22:37:25+08:00,2026-10-10T22:37:25+08:00,2026-10-11T19:00:00+08:00,20.376,False,False,False
V4_SHADOW,3088813,2026-10-11,中台联,高雄进攻FC vs 新北航源,,,,,,,0,,,D:\codex\v3_legacy\outputs\football_odds_trader\raw\titan007\20261010\20261010_223725_titan007_odds_snapshot.csv,NOT_FINAL_STATE_0,88578950400a20acb1b6,RUN_20261010_223725,V4,2026-10-10T22:37:25+08:00,2026-10-10T22:37:25+08:00,2026-10-11T19:00:00+08:00,20.376,False,False,False
V4_SHADOW,3101366,2026-10-11,克亚U19,扎达拉洛维U19 vs 萨格勒布火车头U19,,,,,,,0,,,D:\codex\v3_legacy\outputs\football_odds_trader\raw\titan007\20261010\20261010_223725_titan007_odds_snapshot.csv,NOT_FINAL_STATE_0,5336422173e372d4619f,RUN_20261010_223725,V4,2026-10-10T22:37:25+08:00,2026-10-10T22:37:25+08:00,2026-10-11T19:00:00+08:00,20.376,False,False,False
V4_SHADOW,3101368,2026-10-11,克亚U19,奥斯积克U19 vs 夏积杜克U19,,,,,,,0,,,D:\codex\v3_legacy\outputs\football_odds_trader\raw\titan007\20261010\20261010_223725_titan007_odds_snapshot.csv,NOT_FINAL_STATE_0,0a1da55a6c904fac4e00,RUN_20261010_223725,V4,2026-10-10T22:37:25+08:00,2026-10-10T22:37:25+08:00,2026-10-11T19:00:00+08:00,20.376,False,False,False
V4_SHADOW,3101369,2026-10-11,克亚U19,列积卡U19 vs 鲁达士U19,,,,,,,0,,,D:\codex\v3_legacy\outputs\football_odds_trader\raw\titan007\20261010\20261010_223725_titan007_odds_snapshot.csv,NOT_FINAL_STATE_0,cb66600b5a555a17e257,RUN_20261010_223725,V4,2026-10-10T22:37:25+08:00,2026-10-10T22:37:25+08:00,2026-10-11T19:00:00+08:00,20.376,False,False,False
V4_SHADOW,3085357,2026-10-11,越南甲,归仁联 vs 顺化,,,,,,,0,,,D:\codex\v3_legacy\outputs\football_odds_trader\raw\titan007\20261010\20261010_223725_titan007_odds_snapshot.csv,NOT_FINAL_STATE_0,6514497561cf3bd0db35,RUN_20261010_223725,V4,2026-10-10T22:37:25+08:00,2026-10-10T22:37:25+08:00,2026-10-11T19:00:00+08:00,20.376,False,False,False
V4_SHADOW,2968274,2026-10-11,挪丙,康斯文格B队 vs 波斯寇普,,,,,,,0,,,D:\codex\v3_legacy\outputs\football_odds_trader\raw\titan007\20261010\20261010_223725_titan007_odds_snapshot.csv,NOT_FINAL_STATE_0,049bae5179d6e85af3a9,RUN_20261010_223725,V4,2026-10-10T22:37:25+08:00,2026-10-10T22:37:25+08:00,2026-10-11T19:00:00+08:00,20.376,False,False,False
V4_SHADOW,3099597,2026-10-11,中亚女U17,菲律宾女足U17 vs 孟加拉女足U17,,,,,,,0,,,D:\codex\v3_legacy\outputs\football_odds_trader\raw\titan007\20261010\20261010_223725_titan007_odds_snapshot.csv,NOT_FINAL_STATE_0,e64abda8ad67567a953c,RUN_20261010_223725,V4,2026-10-10T22:37:25+08:00,2026-10-10T22:37:25+08:00,2026-10-11T19:00:00+08:00,20.376,False,False,False
V4_SHADOW,3099598,2026-10-11,中亚女U17,南韩女足U17 vs 约旦女足U17,,,,,,,0,,,D:\codex\v3_legacy\outputs\football_odds_trader\raw\titan007\20261010\20261010_223725_titan007_odds_snapshot.csv,NOT_FINAL_STATE_0,f785803a5074355b7d87,RUN_20261010_223725,V4,2026-10-10T22:37:25+08:00,2026-10-10T22:37:25+08:00,2026-10-11T19:00:00+08:00,20.376,False,False,False
V4_SHADOW,3099599,2026-10-11,中亚女U17,越南女足U17 vs 吉尔吉斯坦女足U17,,,,,,,0,,,D:\codex\v3_legacy\outputs\football_odds_trader\raw\titan007\20261010\20261010_223725_titan007_odds_snapshot.csv,NOT_FINAL_STATE_0,17189cc33ec8e2e5f180,RUN_20261010_223725,V4,2026-10-10T22:37:25+08:00,2026-10-10T22:37:25+08:00,2026-10-11T19:00:00+08:00,20.376,False,False,False
V4_SHADOW,3052817,2026-10-11,德青联,维多利科隆U19 vs 波鸿U19,,,,,,,0,,,D:\codex\v3_legacy\outputs\football_odds_trader\raw\titan007\20261010\20261010_223725_titan007_odds_snapshot.csv,NOT_FINAL_STATE_0,aee8177d3f1a222f7b14,RUN_20261010_223725,V4,2026-10-10T22:37:25+08:00,2026-10-10T22:37:25+08:00,2026-10-11T19:00:00+08:00,20.376,False,False,False
V4_SHADOW,3052858,2026-10-11,德青联,埃森U19 vs 奥斯纳布鲁克U19,,,,,,,0,,,D:\codex\v3_legacy\outputs\football_odds_trader\raw\titan007\20261010\20261010_223725_titan007_odds_snapshot.csv,NOT_FINAL_STATE_0,d23f81eacd65ce2a2495,RUN_20261010_223725,V4,2026-10-10T22:37:25+08:00,2026-10-10T22:37:25+08:00,2026-10-11T19:00:00+08:00,20.376,False,False,False
V4_SHADOW,3052583,2026-10-11,德青联,卓尼特斯U19 vs 柏林联合U19,,,,,,,0,,,D:\codex\v3_legacy\outputs\football_odds_trader\raw\titan007\20261010\20261010_223725_titan007_odds_snapshot.csv,NOT_FINAL_STATE_0,4fb0fdc0bede12131c41,RUN_20261010_223725,V4,2026-10-10T22:37:25+08:00,2026-10-10T22:37:25+08:00,2026-10-11T19:00:00+08:00,20.376,False,False,False
V4_SHADOW,3052585,2026-10-11,德青联,卡尔斯耶拿U19 vs 巴比斯堡U19,,,,,,,0,,,D:\codex\v3_legacy\outputs\football_odds_trader\raw\titan007\20261010\20261010_223725_titan007_odds_snapshot.csv,NOT_FINAL_STATE_0,4ac7d56473cbf79a620a,RUN_20261010_223725,V4,2026-10-10T22:37:25+08:00,2026-10-10T22:37:25+08:00,2026-10-11T19:00:00+08:00,20.376,False,False,False
V4_SHADOW,3067448,2026-10-11,波斯丙,FK拉迪斯卡 vs 普里耶多尔,,,,,,,0,,,D:\codex\v3_legacy\outputs\football_odds_trader\raw\titan007\20261010\20261010_223725_titan007_odds_snapshot.csv,NOT_FINAL_STATE_0,fbaf8806f68f4b341461,RUN_20261010_223725,V4,2026-10-10T22:37:25+08:00,2026-10-10T22:37:25+08:00,2026-10-11T19:00:00+08:00,20.376,False,False,False
V4_SHADOW,3099615,2026-10-11,立陶杯,米尼捷 vs 考诺萨基列斯,,,,,,,0,,,D:\codex\v3_legacy\outputs\football_odds_trader\raw\titan007\20261010\20261010_223725_titan007_odds_snapshot.csv,NOT_FINAL_STATE_0,b49b12899b32fb407a4a,RUN_20261010_223725,V4,2026-10-10T22:37:25+08:00,2026-10-10T22:37:25+08:00,2026-10-11T19:15:00+08:00,20.626,False,False,False
V4_SHADOW,3019146,2026-10-11,德乙,波鸿 vs 比勒菲尔德,,,,,,,0,,,D:\codex\v3_legacy\outputs\football_odds_trader\raw\titan007\20261010\20261010_223725_titan007_odds_snapshot.csv,NOT_FINAL_STATE_0,84d8614ed829b3e3db8d,RUN_20261010_223725,V4,2026-10-10T22:37:25+08:00,2026-10-10T22:37:25+08:00,2026-10-11T19:30:00+08:00,20.876,False,False,False
V4_SHADOW,3019150,2026-10-11,德乙,柏林赫塔 vs 菲尔特,,,,,,,0,,,D:\codex\v3_legacy\outputs\football_odds_trader\raw\titan007\20261010\20261010_223725_titan007_odds_snapshot.csv,NOT_FINAL_STATE_0,ca0ed2e90b81fdd94ad7,RUN_20261010_223725,V4,2026-10-10T22:37:25+08:00,2026-10-10T22:37:25+08:00,2026-10-11T19:30:00+08:00,20.876,False,False,False
V4_SHADOW,3019153,2026-10-11,德乙,圣保利 vs 卡尔斯鲁厄,,,,,,,0,,,D:\codex\v3_legacy\outputs\football_odds_trader\raw\titan007\20261010\20261010_223725_titan007_odds_snapshot.csv,NOT_FINAL_STATE_0,d65b4cb121f7b99a19bc,RUN_20261010_223725,V4,2026-10-10T22:37:25+08:00,2026-10-10T22:37:25+08:00,2026-10-11T19:30:00+08:00,20.876,False,False,False
V4_SHADOW,3003588,2026-10-11,比甲,标准列日 vs 沙勒罗瓦,,,,,,,0,,,D:\codex\v3_legacy\outputs\football_odds_trader\raw\titan007\20261010\20261010_223725_titan007_odds_snapshot.csv,NOT_FINAL_STATE_0,040f94a74f2549f55808,RUN_20261010_223725,V4,2026-10-10T22:37:25+08:00,2026-10-10T22:37:25+08:00,2026-10-11T19:30:00+08:00,20.876,False,False,False
V4_SHADOW,3026070,2026-10-11,德丙,因戈尔施塔特 vs 韦恩,,,,,,,0,,,D:\codex\v3_legacy\outputs\football_odds_trader\raw\titan007\20261010\20261010_223725_titan007_odds_snapshot.csv,NOT_FINAL_STATE_0,7cc0547762238add937a,RUN_20261010_223725,V4,2026-10-10T22:37:25+08:00,2026-10-10T22:37:25+08:00,2026-10-11T19:30:00+08:00,20.876,False,False,False
V4_SHADOW,2951675,2026-10-11,中甲,广东广州豹 vs 定南赣联,,,,,,,0,,,D:\codex\v3_legacy\outputs\football_odds_trader\raw\titan007\20261010\20261010_223725_titan007_odds_snapshot.csv,NOT_FINAL_STATE_0,09510fb91f93872f3359,RUN_20261010_223725,V4,2026-10-10T22:37:25+08:00,2026-10-10T22:37:25+08:00,2026-10-11T19:30:00+08:00,20.876,False,False,False
V4_SHADOW,2951676,2026-10-11,中甲,广西恒宸 vs 深圳青年人,,,,,,,0,,,D:\codex\v3_legacy\outputs\football_odds_trader\raw\titan007\20261010\20261010_223725_titan007_odds_snapshot.csv,NOT_FINAL_STATE_0,77e0438b7419d337424f,RUN_20261010_223725,V4,2026-10-10T22:37:25+08:00,2026-10-10T22:37:25+08:00,2026-10-11T19:30:00+08:00,20.876,False,False,False
V4_SHADOW,2913550,2026-10-11,挪乙,路伦士高格 vs 特里格拉德,,,,,,,0,,,D:\codex\v3_legacy\outputs\football_odds_trader\raw\titan007\20261010\20261010_223725_titan007_odds_snapshot.csv,NOT_FINAL_STATE_0,045da1f120b14bb9e329,RUN_20261010_223725,V4,2026-10-10T22:37:25+08:00,2026-10-10T22:37:25+08:00,2026-10-11T19:30:00+08:00,20.876,False,False,False
V4_SHADOW,3047392,2026-10-11,新加坡联,狮城水手 vs 幼狮队,,,,,,,0,,,D:\codex\v3_legacy\outputs\football_odds_trader\raw\titan007\20261010\20261010_223725_titan007_odds_snapshot.csv,NOT_FINAL_STATE_0,29b88299480a83ebe8fe,RUN_20261010_223725,V4,2026-10-10T22:37:25+08:00,2026-10-10T22:37:25+08:00,2026-10-11T19:30:00+08:00,20.876,False,False,False
V4_SHADOW,3047393,2026-10-11,新加坡联,丹戎巴葛 vs 淡滨尼流浪者,,,,,,,0,,,D:\codex\v3_legacy\outputs\football_odds_trader\raw\titan007\20261010\20261010_223725_titan007_odds_snapshot.csv,NOT_FINAL_STATE_0,b4a5c84681eadadbf14d,RUN_20261010_223725,V4,2026-10-10T22:37:25+08:00,2026-10-10T22:37:25+08:00,2026-10-11T19:30:00+08:00,20.876,False,False,False
V4_SHADOW,3032807,2026-10-11,阿尔巴超,拉奇 vs 埃格纳蒂亚,,,,,,,0,,,D:\codex\v3_legacy\outputs\football_odds_trader\raw\titan007\20261010\20261010_223725_titan007_odds_snapshot.csv,NOT_FINAL_STATE_0,c1981aa853a4fbddb543,RUN_20261010_223725,V4,2026-10-10T22:37:25+08:00,2026-10-10T22:37:25+08:00,2026-10-11T19:30:00+08:00,20.876,False,False,False
V4_SHADOW,2931457,2026-10-11,爱沙甲,塔林利瓦迪亚 vs 派德,,,,,,,0,,,D:\codex\v3_legacy\outputs\football_odds_trader\raw\titan007\20261010\20261010_223725_titan007_odds_snapshot.csv,NOT_FINAL_STATE_0,3d9ac3337ec38e037c2d,RUN_20261010_223725,V4,2026-10-10T22:37:25+08:00,2026-10-10T22:37:25+08:00,2026-10-11T19:30:00+08:00,20.876,False,False,False
V4_SHADOW,2924141,2026-10-11,格鲁甲,萨古拉利 vs 葛吉拉,,,,,,,0,,,D:\codex\v3_legacy\outputs\football_odds_trader\raw\titan007\20261010\20261010_223725_titan007_odds_snapshot.csv,NOT_FINAL_STATE_0,c268520ad2316ff0f675,RUN_20261010_223725,V4,2026-10-10T22:37:25+08:00,2026-10-10T22:37:25+08:00,2026-10-11T19:30:00+08:00,20.876,False,False,False
V4_SHADOW,3080889,2026-10-11,阿尔巴甲,佩什科比 vs 堡加迪斯,,,,,,,0,,,D:\codex\v3_legacy\outputs\football_odds_trader\raw\titan007\20261010\20261010_223725_titan007_odds_snapshot.csv,NOT_FINAL_STATE_0,1602bf5cda7fbda49956,RUN_20261010_223725,V4,2026-10-10T22:37:25+08:00,2026-10-10T22:37:25+08:00,2026-10-11T19:30:00+08:00,20.876,False,False,False
V4_SHADOW,3080891,2026-10-11,阿尔巴甲,贝萨 vs 铁达杜利斯,,,,,,,0,,,D:\codex\v3_legacy\outputs\football_odds_trader\raw\titan007\20261010\20261010_223725_titan007_odds_snapshot.csv,NOT_FINAL_STATE_0,e67f7eca4c4237edd0ef,RUN_20261010_223725,V4,2026-10-10T22:37:25+08:00,2026-10-10T22:37:25+08:00,2026-10-11T19:30:00+08:00,20.876,False,False,False
V4_SHADOW,3080892,2026-10-11,阿尔巴甲,布尔勒利 vs 比斯利达加,,,,,,,0,,,D:\codex\v3_legacy\outputs\football_odds_trader\raw\titan007\20261010\20261010_223725_titan007_odds_snapshot.csv,NOT_FINAL_STATE_0,c2d2915c356d334b70d2,RUN_20261010_223725,V4,2026-10-10T22:37:25+08:00,2026-10-10T22:37:25+08:00,2026-10-11T19:30:00+08:00,20.876,False,False,False
V4_SHADOW,3080893,2026-10-11,阿尔巴甲,卡斯泰利奥迪 vs 格兰姆什,,,,,,,0,,,D:\codex\v3_legacy\outputs\football_odds_trader\raw\titan007\20261010\20261010_223725_titan007_odds_snapshot.csv,NOT_FINAL_STATE_0,aa1cfb0805077b315db1,RUN_20261010_223725,V4,2026-10-10T22:37:25+08:00,2026-10-10T22:37:25+08:00,2026-10-11T19:30:00+08:00,20.876,False,False,False
V4_SHADOW,3100370,2026-10-11,印度超,喀什国际 vs 克瑞拉巴拉斯特斯,,,,,,,0,,,D:\codex\v3_legacy\outputs\football_odds_trader\raw\titan007\20261010\20261010_223725_titan007_odds_snapshot.csv,NOT_FINAL_STATE_0,31d971af813e9550c810,RUN_20261010_223725,V4,2026-10-10T22:37:25+08:00,2026-10-10T22:37:25+08:00,2026-10-11T19:30:00+08:00,20.876,False,False,False
V4_SHADOW,3033349,2026-10-11,土丙,法特萨 vs 贝科士邦,,,,,,,0,,,D:\codex\v3_legacy\outputs\football_odds_trader\raw\titan007\20261010\20261010_223725_titan007_odds_snapshot.csv,NOT_FINAL_STATE_0,cb00e89852e4b0333c53,RUN_20261010_223725,V4,2026-10-10T22:37:25+08:00,2026-10-10T22:37:25+08:00,2026-10-11T19:30:00+08:00,20.876,False,False,False
V4_SHADOW,3037131,2026-10-11,泰超,斯沙克特联 vs 春武里,,,,,,,0,,,D:\codex\v3_legacy\outputs\football_odds_trader\raw\titan007\20261010\20261010_223725_titan007_odds_snapshot.csv,NOT_FINAL_STATE_0,158cac6ee83d8496a208,RUN_20261010_223725,V4,2026-10-10T22:37:25+08:00,2026-10-10T22:37:25+08:00,2026-10-11T19:30:00+08:00,20.876,False,False,False
V4_SHADOW,3099420,2026-10-11,德戊,艾希霍恩 vs 维哥萨克,,,,,,,0,,,D:\codex\v3_legacy\outputs\football_odds_trader\raw\titan007\20261010\20261010_223725_titan007_odds_snapshot.csv,NOT_FINAL_STATE_0,30267743257511aafa84,RUN_20261010_223725,V4,2026-10-10T22:37:25+08:00,2026-10-10T22:37:25+08:00,2026-10-11T19:30:00+08:00,20.876,False,False,False
V4_SHADOW,3047511,2026-10-11,泰甲,查英特 vs 宋卡,,,,,,,0,,,D:\codex\v3_legacy\outputs\football_odds_trader\raw\titan007\20261010\20261010_223725_titan007_odds_snapshot.csv,NOT_FINAL_STATE_0,e1dfa2375d0df7d8db93,RUN_20261010_223725,V4,2026-10-10T22:37:25+08:00,2026-10-10T22:37:25+08:00,2026-10-11T19:30:00+08:00,20.876,False,False,False
V4_SHADOW,2944821,2026-10-11,中超,辽宁铁人 vs 武汉三镇,,,,,,,0,,,D:\codex\v3_legacy\outputs\football_odds_trader\raw\titan007\20261010\20261010_223725_titan007_odds_snapshot.csv,NOT_FINAL_STATE_0,979e3ced5b97e40465fb,RUN_20261010_223725,V4,2026-10-10T22:37:25+08:00,2026-10-10T22:37:25+08:00,2026-10-11T19:35:00+08:00,20.96,False,False,False
V4_SHADOW,2944822,2026-10-11,中超,重庆铜梁龙 vs 山东泰山,,,,,,,0,,,D:\codex\v3_legacy\outputs\football_odds_trader\raw\titan007\20261010\20261010_223725_titan007_odds_snapshot.csv,NOT_FINAL_STATE_0,16855bb6ab2ce3f1c24e,RUN_20261010_223725,V4,2026-10-10T22:37:25+08:00,2026-10-10T22:37:25+08:00,2026-10-11T19:35:00+08:00,20.96,False,False,False
V4_SHADOW,3100342,2026-10-11,中女超,四川女足 vs 广西平果呗侬女足,,,,,,,0,,,D:\codex\v3_legacy\outputs\football_odds_trader\raw\titan007\20261010\20261010_223725_titan007_odds_snapshot.csv,NOT_FINAL_STATE_0,845bd04f9975e76e0564,RUN_20261010_223725,V4,2026-10-10T22:37:25+08:00,2026-10-10T22:37:25+08:00,2026-10-11T19:35:00+08:00,20.96,False,False,False
V4_SHADOW,3045562,2026-10-11,湘超,郴州队 vs 湘潭队,,,,,,,0,,,D:\codex\v3_legacy\outputs\football_odds_trader\raw\titan007\20261010\20261010_223725_titan007_odds_snapshot.csv,NOT_FINAL_STATE_0,e068e98bfdfbd6124a09,RUN_20261010_223725,V4,2026-10-10T22:37:25+08:00,2026-10-10T22:37:25+08:00,2026-10-11T19:35:00+08:00,20.96,False,False,False
V4_SHADOW,3045563,2026-10-11,湘超,娄底队 vs 邵阳队,,,,,,,0,,,D:\codex\v3_legacy\outputs\football_odds_trader\raw\titan007\20261010\20261010_223725_titan007_odds_snapshot.csv,NOT_FINAL_STATE_0,3de33e01208faa9b6c7f,RUN_20261010_223725,V4,2026-10-10T22:37:25+08:00,2026-10-10T22:37:25+08:00,2026-10-11T19:35:00+08:00,20.96,False,False,False
V4_SHADOW,3045564,2026-10-11,湘超,湘西队 vs 岳阳队,,,,,,,0,,,D:\codex\v3_legacy\outputs\football_odds_trader\raw\titan007\20261010\20261010_223725_titan007_odds_snapshot.csv,NOT_FINAL_STATE_0,6f4ae6fe27e4718df6d0,RUN_20261010_223725,V4,2026-10-10T22:37:25+08:00,2026-10-10T22:37:25+08:00,2026-10-11T19:35:00+08:00,20.96,False,False,False
V4_SHADOW,3064455,2026-10-11,闽超,福州队 vs 莆田队,,,,,,,0,,,D:\codex\v3_legacy\outputs\football_odds_trader\raw\titan007\20261010\20261010_223725_titan007_odds_snapshot.csv,NOT_FINAL_STATE_0,adcfac483e99ee3ca67e,RUN_20261010_223725,V4,2026-10-10T22:37:25+08:00,2026-10-10T22:37:25+08:00,2026-10-11T19:35:00+08:00,20.96,False,False,False
V4_SHADOW,3064456,2026-10-11,闽超,厦门队 vs 泉州队,,,,,,,0,,,D:\codex\v3_legacy\outputs\football_odds_trader\raw\titan007\20261010\20261010_223725_titan007_odds_snapshot.csv,NOT_FINAL_STATE_0,bb2245c95c88f0f0e57f,RUN_20261010_223725,V4,2026-10-10T22:37:25+08:00,2026-10-10T22:37:25+08:00,2026-10-11T19:35:00+08:00,20.96,False,False,False
V4_SHADOW,3064457,2026-10-11,闽超,南平队 vs 平潭队,,,,,,,0,,,D:\codex\v3_legacy\outputs\football_odds_trader\raw\titan007\20261010\20261010_223725_titan007_odds_snapshot.csv,NOT_FINAL_STATE_0,e8036e3a2da0208fcce4,RUN_20261010_223725,V4,2026-10-10T22:37:25+08:00,2026-10-10T22:37:25+08:00,2026-10-11T19:35:00+08:00,20.96,False,False,False
V4_SHADOW,3064458,2026-10-11,闽超,宁德队 vs 三明队,,,,,,,0,,,D:\codex\v3_legacy\outputs\football_odds_trader\raw\titan007\20261010\20261010_223725_titan007_odds_snapshot.csv,NOT_FINAL_STATE_0,6725bd31633be9113cd2,RUN_20261010_223725,V4,2026-10-10T22:37:25+08:00,2026-10-10T22:37:25+08:00,2026-10-11T19:35:00+08:00,20.96,False,False,False
V4_SHADOW,3094043,2026-10-11,江苏联,无锡队 vs 徐州队,,,,,,,0,,,D:\codex\v3_legacy\outputs\football_odds_trader\raw\titan007\20261010\20261010_223725_titan007_odds_snapshot.csv,NOT_FINAL_STATE_0,5a7557c77803ef394227,RUN_20261010_223725,V4,2026-10-10T22:37:25+08:00,2026-10-10T22:37:25+08:00,2026-10-11T19:40:00+08:00,21.043,False,False,False
V4_SHADOW,3094044,2026-10-11,江苏联,南通队 vs 泰州队,,,,,,,0,,,D:\codex\v3_legacy\outputs\football_odds_trader\raw\titan007\20261010\20261010_223725_titan007_odds_snapshot.csv,NOT_FINAL_STATE_0,4d9c1a40304e7fefc068,RUN_20261010_223725,V4,2026-10-10T22:37:25+08:00,2026-10-10T22:37:25+08:00,2026-10-11T19:40:00+08:00,21.043,False,False,False
V4_SHADOW,3094045,2026-10-11,江苏联,宿迁队 vs 盐城队,,,,,,,0,,,D:\codex\v3_legacy\outputs\football_odds_trader\raw\titan007\20261010\20261010_223725_titan007_odds_snapshot.csv,NOT_FINAL_STATE_0,69ba399922a579c2fb6d,RUN_20261010_223725,V4,2026-10-10T22:37:25+08:00,2026-10-10T22:37:25+08:00,2026-10-11T19:40:00+08:00,21.043,False,False,False
V4_SHADOW,3094046,2026-10-11,江苏联,常州队 vs 苏州队,,,,,,,0,,,D:\codex\v3_legacy\outputs\football_odds_trader\raw\titan007\20261010\20261010_223725_titan007_odds_snapshot.csv,NOT_FINAL_STATE_0,aa412269950e7cd62ea2,RUN_20261010_223725,V4,2026-10-10T22:37:25+08:00,2026-10-10T22:37:25+08:00,2026-10-11T19:40:00+08:00,21.043,False,False,False
V4_SHADOW,3013714,2026-10-11,西甲,埃尔切 vs 塞尔塔,,,,,N,,0,,,D:\codex\v3_legacy\outputs\football_odds_trader\raw\titan007\20261010\20261010_223725_titan007_odds_snapshot.csv,NOT_FINAL_STATE_0,9bd5aebebce74f90c4e3,RUN_20261010_223725,V4,2026-10-10T22:37:25+08:00,2026-10-10T22:37:25+08:00,2026-10-11T20:00:00+08:00,21.376,False,True,False
V4_SHADOW,3014120,2026-10-11,西乙,安道尔FC vs 卡斯迪隆,,,,,,,0,,,D:\codex\v3_legacy\outputs\football_odds_trader\raw\titan007\20261010\20261010_223725_titan007_odds_snapshot.csv,NOT_FINAL_STATE_0,3ebf82d6574668459f53,RUN_20261010_223725,V4,2026-10-10T22:37:25+08:00,2026-10-10T22:37:25+08:00,2026-10-11T20:00:00+08:00,21.376,False,False,False
V4_SHADOW,3000830,2026-10-11,瑞士超,草蜢 vs 年轻人,,,,,,,0,,,D:\codex\v3_legacy\outputs\football_odds_trader\raw\titan007\20261010\20261010_223725_titan007_odds_snapshot.csv,NOT_FINAL_STATE_0,e15c1e3e01a9660e99a3,RUN_20261010_223725,V4,2026-10-10T22:37:25+08:00,2026-10-10T22:37:25+08:00,2026-10-11T20:00:00+08:00,21.376,False,False,False
V4_SHADOW,3085213,2026-10-11,芬超冠,图尔库国际 vs 古比斯,,,,,,,0,,,D:\codex\v3_legacy\outputs\football_odds_trader\raw\titan007\20261010\20261010_223725_titan007_odds_snapshot.csv,NOT_FINAL_STATE_0,6600df45a209df5e24eb,RUN_20261010_223725,V4,2026-10-10T22:37:25+08:00,2026-10-10T22:37:25+08:00,2026-10-11T20:00:00+08:00,21.376,False,False,False
V4_SHADOW,2912288,2026-10-11,瑞典超,哈马比 vs 尤尔加登,,,,,,,0,,,D:\codex\v3_legacy\outputs\football_odds_trader\raw\titan007\20261010\20261010_223725_titan007_odds_snapshot.csv,NOT_FINAL_STATE_0,7d8e5772b18bedf1406a,RUN_20261010_223725,V4,2026-10-10T22:37:25+08:00,2026-10-10T22:37:25+08:00,2026-10-11T20:00:00+08:00,21.376,False,False,False
V4_SHADOW,3031569,2026-10-11,德地区南,费雷堡青年队 vs 费堡格,,,,,,,0,,,D:\codex\v3_legacy\outputs\football_odds_trader\raw\titan007\20261010\20261010_223725_titan007_odds_snapshot.csv,NOT_FINAL_STATE_0,a30dfb3fff8e6a3cd28d,RUN_20261010_223725,V4,2026-10-10T22:37:25+08:00,2026-10-10T22:37:25+08:00,2026-10-11T20:00:00+08:00,21.376,False,False,False
V4_SHADOW,3043705,2026-10-11,德地区西,波鸿青年队 vs 罗迪豪森,,,,,,,0,,,D:\codex\v3_legacy\outputs\football_odds_trader\raw\titan007\20261010\20261010_223725_titan007_odds_snapshot.csv,NOT_FINAL_STATE_0,a38f93f9339363e749bd,RUN_20261010_223725,V4,2026-10-10T22:37:25+08:00,2026-10-10T22:37:25+08:00,2026-10-11T20:00:00+08:00,21.376,False,False,False
V4_SHADOW,3043712,2026-10-11,德地区西,维登贝鲁克 vs 邦纳,,,,,,,0,,,D:\codex\v3_legacy\outputs\football_odds_trader\raw\titan007\20261010\20261010_223725_titan007_odds_snapshot.csv,NOT_FINAL_STATE_0,de685b2e7a7c74c59b26,RUN_20261010_223725,V4,2026-10-10T22:37:25+08:00,2026-10-10T22:37:25+08:00,2026-10-11T20:00:00+08:00,21.376,False,False,False
V4_SHADOW,3043409,2026-10-11,德地区北,凤凰吕贝克 vs 诺德施泰特,,,,,,,0,,,D:\codex\v3_legacy\outputs\football_odds_trader\raw\titan007\20261010\20261010_223725_titan007_odds_snapshot.csv,NOT_FINAL_STATE_0,19657e71cfe78f57ef3e,RUN_20261010_223725,V4,2026-10-10T22:37:25+08:00,2026-10-10T22:37:25+08:00,2026-10-11T20:00:00+08:00,21.376,False,False,False
V4_SHADOW,3043411,2026-10-11,德地区北,圣保利业余队 vs HSC汉诺威,,,,,,,0,,,D:\codex\v3_legacy\outputs\football_odds_trader\raw\titan007\20261010\20261010_223725_titan007_odds_snapshot.csv,NOT_FINAL_STATE_0,bc4fecdedf2fdeb8b867,RUN_20261010_223725,V4,2026-10-10T22:37:25+08:00,2026-10-10T22:37:25+08:00,2026-10-11T20:00:00+08:00,21.376,False,False,False
V4_SHADOW,3043412,2026-10-11,德地区北,托德斯费尔德 vs 维切福伦斯堡,,,,,,,0,,,D:\codex\v3_legacy\outputs\football_odds_trader\raw\titan007\20261010\20261010_223725_titan007_odds_snapshot.csv,NOT_FINAL_STATE_0,72b8a4fb26f6896382af,RUN_20261010_223725,V4,2026-10-10T22:37:25+08:00,2026-10-10T22:37:25+08:00,2026-10-11T20:00:00+08:00,21.376,False,False,False
V4_SHADOW,3026486,2026-10-11,德地区东北,葛瑞福斯瓦尔德 vs 奥厄,,,,,,,0,,,D:\codex\v3_legacy\outputs\football_odds_trader\raw\titan007\20261010\20261010_223725_titan007_odds_snapshot.csv,NOT_FINAL_STATE_0,193f06a07719a2cf13a9,RUN_20261010_223725,V4,2026-10-10T22:37:25+08:00,2026-10-10T22:37:25+08:00,2026-10-11T20:00:00+08:00,21.376,False,False,False
V4_SHADOW,3026487,2026-10-11,德地区东北,哈雷斯彻 vs RSV埃因特,,,,,,,0,,,D:\codex\v3_legacy\outputs\football_odds_trader\raw\titan007\20261010\20261010_223725_titan007_odds_snapshot.csv,NOT_FINAL_STATE_0,58a8079146ec5887e445,RUN_20261010_223725,V4,2026-10-10T22:37:25+08:00,2026-10-10T22:37:25+08:00,2026-10-11T20:00:00+08:00,21.376,False,False,False
V4_SHADOW,2998258,2026-10-11,丹麦超,兰讷斯 vs 维堡,,,,,,,0,,,D:\codex\v3_legacy\outputs\football_odds_trader\raw\titan007\20261010\20261010_223725_titan007_odds_snapshot.csv,NOT_FINAL_STATE_0,71911144e8fc75d380b4,RUN_20261010_223725,V4,2026-10-10T22:37:25+08:00,2026-10-10T22:37:25+08:00,2026-10-11T20:00:00+08:00,21.376,False,False,False
V4_SHADOW,2998259,2026-10-11,丹麦超,锡尔克堡 vs 霍森斯,,,,,,,0,,,D:\codex\v3_legacy\outputs\football_odds_trader\raw\titan007\20261010\20261010_223725_titan007_odds_snapshot.csv,NOT_FINAL_STATE_0,7565209e5e19dac5dc1e,RUN_20261010_223725,V4,2026-10-10T22:37:25+08:00,2026-10-10T22:37:25+08:00,2026-10-11T20:00:00+08:00,21.376,False,False,False
V4_SHADOW,2998127,2026-10-11,丹麦甲,文德斯尔 vs 靴尔科治,,,,,,,0,,,D:\codex\v3_legacy\outputs\football_odds_trader\raw\titan007\20261010\20261010_223725_titan007_odds_snapshot.csv,NOT_FINAL_STATE_0,cdea27cba6478c84eacd,RUN_20261010_223725,V4,2026-10-10T22:37:25+08:00,2026-10-10T22:37:25+08:00,2026-10-11T20:00:00+08:00,21.376,False,False,False
V4_SHADOW,3020911,2026-10-11,丹麦乙,尼克宾 vs VSK奥胡斯,,,,,,,0,,,D:\codex\v3_legacy\outputs\football_odds_trader\raw\titan007\20261010\20261010_223725_titan007_odds_snapshot.csv,NOT_FINAL_STATE_0,c9940702b7cdd3388116,RUN_20261010_223725,V4,2026-10-10T22:37:25+08:00,2026-10-10T22:37:25+08:00,2026-10-11T20:00:00+08:00,21.376,False,False,False
V4_SHADOW,3077273,2026-10-11,希腊甲,卡迪沙斯 vs 萨坚索斯,,,,,,,0,,,D:\codex\v3_legacy\outputs\football_odds_trader\raw\titan007\20261010\20261010_223725_titan007_odds_snapshot.csv,NOT_FINAL_STATE_0,7fb80ee5c63f4c88ba3d,RUN_20261010_223725,V4,2026-10-10T22:37:25+08:00,2026-10-10T22:37:25+08:00,2026-10-11T20:00:00+08:00,21.376,False,False,False
V4_SHADOW,3077275,2026-10-11,希腊甲,卡拉玛里亚斯 vs 皮尔戈斯,,,,,,,0,,,D:\codex\v3_legacy\outputs\football_odds_trader\raw\titan007\20261010\20261010_223725_titan007_odds_snapshot.csv,NOT_FINAL_STATE_0,6405c117255014e56e5e,RUN_20261010_223725,V4,2026-10-10T22:37:25+08:00,2026-10-10T22:37:25+08:00,2026-10-11T20:00:00+08:00,21.376,False,False,False
V4_SHADOW,2998498,2026-10-11,保甲,塞普特姆里 vs 多瑙,,,,,,,0,,,D:\codex\v3_legacy\outputs\football_odds_trader\raw\titan007\20261010\20261010_223725_titan007_odds_snapshot.csv,NOT_FINAL_STATE_0,10324bf28eae5f4bc801,RUN_20261010_223725,V4,2026-10-10T22:37:25+08:00,2026-10-10T22:37:25+08:00,2026-10-11T20:00:00+08:00,21.376,False,False,False
V4_SHADOW,3071337,2026-10-11,摩尔甲,米沙米 vs 理工学院,,,,,,,0,,,D:\codex\v3_legacy\outputs\football_odds_trader\raw\titan007\20261010\20261010_223725_titan007_odds_snapshot.csv,NOT_FINAL_STATE_0,81f2e77f43be091823a5,RUN_20261010_223725,V4,2026-10-10T22:37:25+08:00,2026-10-10T22:37:25+08:00,2026-10-11T20:00:00+08:00,21.376,False,False,False
V4_SHADOW,3032251,2026-10-11,土乙白,哈塔斯堡 vs 伊拉兹斯堡,,,,,,,0,,,D:\codex\v3_legacy\outputs\football_odds_trader\raw\titan007\20261010\20261010_223725_titan007_odds_snapshot.csv,NOT_FINAL_STATE_0,554d9db9552e57e5610b,RUN_20261010_223725,V4,2026-10-10T22:37:25+08:00,2026-10-10T22:37:25+08:00,2026-10-11T20:00:00+08:00,21.376,False,False,False
V4_SHADOW,3024556,2026-10-11,阿美超,萨达拉帕特 vs 诺亚FC,,,,,,,0,,,D:\codex\v3_legacy\outputs\football_odds_trader\raw\titan007\20261010\20261010_223725_titan007_odds_snapshot.csv,NOT_FINAL_STATE_0,bc24e8e075cb9c04c967,RUN_20261010_223725,V4,2026-10-10T22:37:25+08:00,2026-10-10T22:37:25+08:00,2026-10-11T20:00:00+08:00,21.376,False,False,False
V4_SHADOW,3041565,2026-10-11,阿塞超,穆格汗 vs 卡拉巴克,,,,,,,0,,,D:\codex\v3_legacy\outputs\football_odds_trader\raw\titan007\20261010\20261010_223725_titan007_odds_snapshot.csv,NOT_FINAL_STATE_0,4407a97aa5bdaa3e31df,RUN_20261010_223725,V4,2026-10-10T22:37:25+08:00,2026-10-10T22:37:25+08:00,2026-10-11T20:00:00+08:00,21.376,False,False,False
V4_SHADOW,2927011,2026-10-11,瑞典丙VG,戈塔巴克斯 vs 赫斯特拉弗洛斯IF,,,,,,,0,,,D:\codex\v3_legacy\outputs\football_odds_trader\raw\titan007\20261010\20261010_223725_titan007_odds_snapshot.csv,NOT_FINAL_STATE_0,63b6d9fa839464530baf,RUN_20261010_223725,V4,2026-10-10T22:37:25+08:00,2026-10-10T22:37:25+08:00,2026-10-11T20:00:00+08:00,21.376,False,False,False
V4_SHADOW,2927191,2026-10-11,瑞典丙SG,卡尔斯港 vs 斯塔凡斯托普联,,,,,,,0,,,D:\codex\v3_legacy\outputs\football_odds_trader\raw\titan007\20261010\20261010_223725_titan007_odds_snapshot.csv,NOT_FINAL_STATE_0,28bbbea69a855b83f414,RUN_20261010_223725,V4,2026-10-10T22:37:25+08:00,2026-10-10T22:37:25+08:00,2026-10-11T20:00:00+08:00,21.376,False,False,False
V4_SHADOW,3037132,2026-10-11,泰超,狮子港 vs 帕塔尼,,,,,,,0,,,D:\codex\v3_legacy\outputs\football_odds_trader\raw\titan007\20261010\20261010_223725_titan007_odds_snapshot.csv,NOT_FINAL_STATE_0,d986d0bfc8a40dd01311,RUN_20261010_223725,V4,2026-10-10T22:37:25+08:00,2026-10-10T22:37:25+08:00,2026-10-11T20:00:00+08:00,21.376,False,False,False
V4_SHADOW,3062856,2026-10-11,印尼超,万隆 vs 德瓦FC,,,,,,,0,,,D:\codex\v3_legacy\outputs\football_odds_trader\raw\titan007\20261010\20261010_223725_titan007_odds_snapshot.csv,NOT_FINAL_STATE_0,31114b400f17bd329325,RUN_20261010_223725,V4,2026-10-10T22:37:25+08:00,2026-10-10T22:37:25+08:00,2026-10-11T20:00:00+08:00,21.376,False,False,False
V4_SHADOW,3099573,2026-10-11,土U19联,埃于普体育U19 vs 哥兹塔比U19,,,,,,,0,,,D:\codex\v3_legacy\outputs\football_odds_trader\raw\titan007\20261010\20261010_223725_titan007_odds_snapshot.csv,NOT_FINAL_STATE_0,928358c56c86891538fe,RUN_20261010_223725,V4,2026-10-10T22:37:25+08:00,2026-10-10T22:37:25+08:00,2026-10-11T20:00:00+08:00,21.376,False,False,False
V4_SHADOW,3035674,2026-10-11,乌克甲,特诺皮尔 vs 高华尤夫卡B队,,,,,,,0,,,D:\codex\v3_legacy\outputs\football_odds_trader\raw\titan007\20261010\20261010_223725_titan007_odds_snapshot.csv,NOT_FINAL_STATE_0,267fd3ae6a06e7758b92,RUN_20261010_223725,V4,2026-10-10T22:37:25+08:00,2026-10-10T22:37:25+08:00,2026-10-11T20:00:00+08:00,21.376,False,False,False
V4_SHADOW,3080747,2026-10-11,安道超,佩尼亚恩卡纳达 vs 埃斯卡尔德斯,,,,,,,0,,,D:\codex\v3_legacy\outputs\football_odds_trader\raw\titan007\20261010\20261010_223725_titan007_odds_snapshot.csv,NOT_FINAL_STATE_0,db6eb0cba9b9fe57e837,RUN_20261010_223725,V4,2026-10-10T22:37:25+08:00,2026-10-10T22:37:25+08:00,2026-10-11T20:00:00+08:00,21.376,False,False,False
V4_SHADOW,3031433,2026-10-11,俄乙A,索科尔萨拉托夫 vs 符拉迪沃斯托克迪那摩,,,,,,,0,,,D:\codex\v3_legacy\outputs\football_odds_trader\raw\titan007\20261010\20261010_223725_titan007_odds_snapshot.csv,NOT_FINAL_STATE_0,ac0e7e083346350118ba,RUN_20261010_223725,V4,2026-10-10T22:37:25+08:00,2026-10-10T22:37:25+08:00,2026-10-11T20:00:00+08:00,21.376,False,False,False
V4_SHADOW,3087180,2026-10-11,马耳乙,佩塔 vs 塔希恩,,,,,,,0,,,D:\codex\v3_legacy\outputs\football_odds_trader\raw\titan007\20261010\20261010_223725_titan007_odds_snapshot.csv,NOT_FINAL_STATE_0,a4212e9cb21c8f9f3fd4,RUN_20261010_223725,V4,2026-10-10T22:37:25+08:00,2026-10-10T22:37:25+08:00,2026-10-11T20:00:00+08:00,21.376,False,False,False
V4_SHADOW,3098066,2026-10-11,德戊,霍尔济姆SG vs 蓝白丁登,,,,,,,0,,,D:\codex\v3_legacy\outputs\football_odds_trader\raw\titan007\20261010\20261010_223725_titan007_odds_snapshot.csv,NOT_FINAL_STATE_0,5c310eacb49e18359cf8,RUN_20261010_223725,V4,2026-10-10T22:37:25+08:00,2026-10-10T22:37:25+08:00,2026-10-11T20:00:00+08:00,21.376,False,False,False
V4_SHADOW,3099360,2026-10-11,德戊,布赫霍尔茨 vs 帕隆玛,,,,,,,0,,,D:\codex\v3_legacy\outputs\football_odds_trader\raw\titan007\20261010\20261010_223725_titan007_odds_snapshot.csv,NOT_FINAL_STATE_0,8d102139badd26f0513a,RUN_20261010_223725,V4,2026-10-10T22:37:25+08:00,2026-10-10T22:37:25+08:00,2026-10-11T20:00:00+08:00,21.376,False,False,False
V4_SHADOW,3099368,2026-10-11,德戊,斯巴达利希滕贝格 vs 萨伦多夫赫塔,,,,,,,0,,,D:\codex\v3_legacy\outputs\football_odds_trader\raw\titan007\20261010\20261010_223725_titan007_odds_snapshot.csv,NOT_FINAL_STATE_0,3015a9ccc879003e9ad5,RUN_20261010_223725,V4,2026-10-10T22:37:25+08:00,2026-10-10T22:37:25+08:00,2026-10-11T20:00:00+08:00,21.376,False,False,False
V4_SHADOW,3099369,2026-10-11,德戊,巴迪莎 vs 魏森费尔斯,,,,,,,0,,,D:\codex\v3_legacy\outputs\football_odds_trader\raw\titan007\20261010\20261010_223725_titan007_odds_snapshot.csv,NOT_FINAL_STATE_0,21b788d7e1ffb80a93fd,RUN_20261010_223725,V4,2026-10-10T22:37:25+08:00,2026-10-10T22:37:25+08:00,2026-10-11T20:00:00+08:00,21.376,False,False,False
V4_SHADOW,3099370,2026-10-11,德戊,特雷斯登青年队 vs VfB1921,,,,,,,0,,,D:\codex\v3_legacy\outputs\football_odds_trader\raw\titan007\20261010\20261010_223725_titan007_odds_snapshot.csv,NOT_FINAL_STATE_0,4d309247f9cf59e0cea7,RUN_20261010_223725,V4,2026-10-10T22:37:25+08:00,2026-10-10T22:37:25+08:00,2026-10-11T20:00:00+08:00,21.376,False,False,False
V4_SHADOW,3099371,2026-10-11,德戊,多尔施塔特 vs 奥尔巴赫,,,,,,,0,,,D:\codex\v3_legacy\outputs\football_odds_trader\raw\titan007\20261010\20261010_223725_titan007_odds_snapshot.csv,NOT_FINAL_STATE_0,4ea27d345916dce4b4e1,RUN_20261010_223725,V4,2026-10-10T22:37:25+08:00,2026-10-10T22:37:25+08:00,2026-10-11T20:00:00+08:00,21.376,False,False,False
V4_SHADOW,3099372,2026-10-11,德戊,VFL哈雷 vs 穆瑟维茨,,,,,,,0,,,D:\codex\v3_legacy\outputs\football_odds_trader\raw\titan007\20261010\20261010_223725_titan007_odds_snapshot.csv,NOT_FINAL_STATE_0,574b0e9a110b49f12c86,RUN_20261010_223725,V4,2026-10-10T22:37:25+08:00,2026-10-10T22:37:25+08:00,2026-10-11T20:00:00+08:00,21.376,False,False,False
V4_SHADOW,3099373,2026-10-11,德戊,艾谢德 vs 埃肯弗尔德,,,,,,,0,,,D:\codex\v3_legacy\outputs\football_odds_trader\raw\titan007\20261010\20261010_223725_titan007_odds_snapshot.csv,NOT_FINAL_STATE_0,e905576e8158790a58aa,RUN_20261010_223725,V4,2026-10-10T22:37:25+08:00,2026-10-10T22:37:25+08:00,2026-10-11T20:00:00+08:00,21.376,False,False,False
V4_SHADOW,3099374,2026-10-11,德戊,TSB弗伦斯堡 vs 基尔B队,,,,,,,0,,,D:\codex\v3_legacy\outputs\football_odds_trader\raw\titan007\20261010\20261010_223725_titan007_odds_snapshot.csv,NOT_FINAL_STATE_0,bc541165b1d763fc61ac,RUN_20261010_223725,V4,2026-10-10T22:37:25+08:00,2026-10-10T22:37:25+08:00,2026-10-11T20:00:00+08:00,21.376,False,False,False
V4_SHADOW,3099375,2026-10-11,德戊,新曼斯特 vs 欧德堡SV,,,,,,,0,,,D:\codex\v3_legacy\outputs\football_odds_trader\raw\titan007\20261010\20261010_223725_titan007_odds_snapshot.csv,NOT_FINAL_STATE_0,e10a7065cda5ee526624,RUN_20261010_223725,V4,2026-10-10T22:37:25+08:00,2026-10-10T22:37:25+08:00,2026-10-11T20:00:00+08:00,21.376,False,False,False
V4_SHADOW,3099380,2026-10-11,德戊,历卡苏尔姆 vs 威灵根,,,,,,,0,,,D:\codex\v3_legacy\outputs\football_odds_trader\raw\titan007\20261010\20261010_223725_titan007_odds_snapshot.csv,NOT_FINAL_STATE_0,6adbaf87e600763ce815,RUN_20261010_223725,V4,2026-10-10T22:37:25+08:00,2026-10-10T22:37:25+08:00,2026-10-11T20:00:00+08:00,21.376,False,False,False
V4_SHADOW,3099381,2026-10-11,德戊,辛根 vs TSG巴克南,,,,,,,0,,,D:\codex\v3_legacy\outputs\football_odds_trader\raw\titan007\20261010\20261010_223725_titan007_odds_snapshot.csv,NOT_FINAL_STATE_0,1ce8e349b18593ce459d,RUN_20261010_223725,V4,2026-10-10T22:37:25+08:00,2026-10-10T22:37:25+08:00,2026-10-11T20:00:00+08:00,21.376,False,False,False
V4_SHADOW,3099421,2026-10-11,德戊,SV赫梅林根 vs 比梅夏云,,,,,,,0,,,D:\codex\v3_legacy\outputs\football_odds_trader\raw\titan007\20261010\20261010_223725_titan007_odds_snapshot.csv,NOT_FINAL_STATE_0,59cfce42342a022835b4,RUN_20261010_223725,V4,2026-10-10T22:37:25+08:00,2026-10-10T22:37:25+08:00,2026-10-11T20:00:00+08:00,21.376,False,False,False
V4_SHADOW,2969815,2026-10-11,白俄甲,利达 vs 奥尔沙,,,,,,,0,,,D:\codex\v3_legacy\outputs\football_odds_trader\raw\titan007\20261010\20261010_223725_titan007_odds_snapshot.csv,NOT_FINAL_STATE_0,3e430611ca4dd3080f3d,RUN_20261010_223725,V4,2026-10-10T22:37:25+08:00,2026-10-10T22:37:25+08:00,2026-10-11T20:00:00+08:00,21.376,False,False,False
V4_SHADOW,3047512,2026-10-11,泰甲,赤大布瑞 vs 廊莫那浦府,,,,,,,0,,,D:\codex\v3_legacy\outputs\football_odds_trader\raw\titan007\20261010\20261010_223725_titan007_odds_snapshot.csv,NOT_FINAL_STATE_0,580be256df6c1bd70013,RUN_20261010_223725,V4,2026-10-10T22:37:25+08:00,2026-10-10T22:37:25+08:00,2026-10-11T20:00:00+08:00,21.376,False,False,False
V4_SHADOW,2965865,2026-10-11,俄乙B南,马哈奇卡拉B队 vs FC塞瓦斯托波尔,,,,,,,0,,,D:\codex\v3_legacy\outputs\football_odds_trader\raw\titan007\20261010\20261010_223725_titan007_odds_snapshot.csv,NOT_FINAL_STATE_0,6c893f672b80b3c53d1e,RUN_20261010_223725,V4,2026-10-10T22:37:25+08:00,2026-10-10T22:37:25+08:00,2026-10-11T20:00:00+08:00,21.376,False,False,False
V4_SHADOW,3050286,2026-10-11,塞尔甲,博尔1919 vs 巴奇卡托波拉,,,,,,,0,,,D:\codex\v3_legacy\outputs\football_odds_trader\raw\titan007\20261010\20261010_223725_titan007_odds_snapshot.csv,NOT_FINAL_STATE_0,b0d749ad4c98ba4800b7,RUN_20261010_223725,V4,2026-10-10T22:37:25+08:00,2026-10-10T22:37:25+08:00,2026-10-11T20:00:00+08:00,21.376,False,False,False
V4_SHADOW,3050289,2026-10-11,塞尔甲,格拉菲卡贝尔格莱德 vs 嘉沃伊万基卡,,,,,,,0,,,D:\codex\v3_legacy\outputs\football_odds_trader\raw\titan007\20261010\20261010_223725_titan007_odds_snapshot.csv,NOT_FINAL_STATE_0,fd7ce86233056c2f8963,RUN_20261010_223725,V4,2026-10-10T22:37:25+08:00,2026-10-10T22:37:25+08:00,2026-10-11T20:00:00+08:00,21.376,False,False,False
V4_SHADOW,3050291,2026-10-11,塞尔甲,普罗莱特023 vs 纳普里达克,,,,,,,0,,,D:\codex\v3_legacy\outputs\football_odds_trader\raw\titan007\20261010\20261010_223725_titan007_odds_snapshot.csv,NOT_FINAL_STATE_0,7b6eb2d2065463905214,RUN_20261010_223725,V4,2026-10-10T22:37:25+08:00,2026-10-10T22:37:25+08:00,2026-10-11T20:00:00+08:00,21.376,False,False,False
V4_SHADOW,3086209,2026-10-11,印尼甲,佩斯卡德 vs 塞曼巴东,,,,,,,0,,,D:\codex\v3_legacy\outputs\football_odds_trader\raw\titan007\20261010\20261010_223725_titan007_odds_snapshot.csv,NOT_FINAL_STATE_0,90c122be73448c4a2a82,RUN_20261010_223725,V4,2026-10-10T22:37:25+08:00,2026-10-10T22:37:25+08:00,2026-10-11T20:00:00+08:00,21.376,False,False,False
V4_SHADOW,3070757,2026-10-11,肯尼超,3K FC vs 马拉糖足球俱乐部,,,,,,,0,,,D:\codex\v3_legacy\outputs\football_odds_trader\raw\titan007\20261010\20261010_223725_titan007_odds_snapshot.csv,NOT_FINAL_STATE_0,ec26d36c3c3e8e79e630,RUN_20261010_223725,V4,2026-10-10T22:37:25+08:00,2026-10-10T22:37:25+08:00,2026-10-11T20:00:00+08:00,21.376,False,False,False
V4_SHADOW,3100497,2026-10-11,埃塞超,埃塞俄比亚文和 vs 谢格尔凯特马,,,,,,,0,,,D:\codex\v3_legacy\outputs\football_odds_trader\raw\titan007\20261010\20261010_223725_titan007_odds_snapshot.csv,NOT_FINAL_STATE_0,9b4874346424acf7046f,RUN_20261010_223725,V4,2026-10-10T22:37:25+08:00,2026-10-10T22:37:25+08:00,2026-10-11T20:00:00+08:00,21.376,False,False,False
V4_SHADOW,3100498,2026-10-11,埃塞超,哈迪萨纳 vs 巴赫达尔凯内马,,,,,,,0,,,D:\codex\v3_legacy\outputs\football_odds_trader\raw\titan007\20261010\20261010_223725_titan007_odds_snapshot.csv,NOT_FINAL_STATE_0,57f0aa0f0a88678c744a,RUN_20261010_223725,V4,2026-10-10T22:37:25+08:00,2026-10-10T22:37:25+08:00,2026-10-11T20:00:00+08:00,21.376,False,False,False
V4_SHADOW,3100499,2026-10-11,埃塞超,阿瓦萨城FC vs 埃塞俄比亚国防军,,,,,,,0,,,D:\codex\v3_legacy\outputs\football_odds_trader\raw\titan007\20261010\20261010_223725_titan007_odds_snapshot.csv,NOT_FINAL_STATE_0,de08415f112000645efd,RUN_20261010_223725,V4,2026-10-10T22:37:25+08:00,2026-10-10T22:37:25+08:00,2026-10-11T20:00:00+08:00,21.376,False,False,False
V4_SHADOW,3006214,2026-10-11,黑山乙,KOM朴高利卡 vs 吉斯科普,,,,,,,0,,,D:\codex\v3_legacy\outputs\football_odds_trader\raw\titan007\20261010\20261010_223725_titan007_odds_snapshot.csv,NOT_FINAL_STATE_0,c5a18262075cd2a2984f,RUN_20261010_223725,V4,2026-10-10T22:37:25+08:00,2026-10-10T22:37:25+08:00,2026-10-11T20:00:00+08:00,21.376,False,False,False
V4_SHADOW,3006216,2026-10-11,黑山乙,鲁达 vs 泽塔,,,,,,,0,,,D:\codex\v3_legacy\outputs\football_odds_trader\raw\titan007\20261010\20261010_223725_titan007_odds_snapshot.csv,NOT_FINAL_STATE_0,435bce4478834d8fc985,RUN_20261010_223725,V4,2026-10-10T22:37:25+08:00,2026-10-10T22:37:25+08:00,2026-10-11T20:00:00+08:00,21.376,False,False,False
V4_SHADOW,3101412,2026-10-11,波兰丙,克特威卡 vs 沙斯辛B队,,,,,,,0,,,D:\codex\v3_legacy\outputs\football_odds_trader\raw\titan007\20261010\20261010_223725_titan007_odds_snapshot.csv,NOT_FINAL_STATE_0,27906168fa4b3cb4fc31,RUN_20261010_223725,V4,2026-10-10T22:37:25+08:00,2026-10-10T22:37:25+08:00,2026-10-11T20:00:00+08:00,21.376,False,False,False
V4_SHADOW,3099365,2026-10-11,波兰丙,福沃德 vs 哥伦布猎鹰,,,,,,,0,,,D:\codex\v3_legacy\outputs\football_odds_trader\raw\titan007\20261010\20261010_223725_titan007_odds_snapshot.csv,NOT_FINAL_STATE_0,18f2a8736bc996f7818e,RUN_20261010_223725,V4,2026-10-10T22:37:25+08:00,2026-10-10T22:37:25+08:00,2026-10-11T20:00:00+08:00,21.376,False,False,False
V4_SHADOW,3099367,2026-10-11,荷丁,UDI 19 vs 东根,,,,,,,0,,,D:\codex\v3_legacy\outputs\football_odds_trader\raw\titan007\20261010\20261010_223725_titan007_odds_snapshot.csv,NOT_FINAL_STATE_0,f7f3fd96f43cd95732c7,RUN_20261010_223725,V4,2026-10-10T22:37:25+08:00,2026-10-10T22:37:25+08:00,2026-10-11T20:00:00+08:00,21.376,False,False,False
V4_SHADOW,3098319,2026-10-11,丹麦丁,弗格尔巴肯 vs 沃鲁普,,,,,,,0,,,D:\codex\v3_legacy\outputs\football_odds_trader\raw\titan007\20261010\20261010_223725_titan007_odds_snapshot.csv,NOT_FINAL_STATE_0,f2c1fa9ba48ee1d387d2,RUN_20261010_223725,V4,2026-10-10T22:37:25+08:00,2026-10-10T22:37:25+08:00,2026-10-11T20:00:00+08:00,21.376,False,False,False
V4_SHADOW,3019782,2026-10-11,瑞士丙,赛维特U21 vs 车诺斯,,,,,,,0,,,D:\codex\v3_legacy\outputs\football_odds_trader\raw\titan007\20261010\20261010_223725_titan007_odds_snapshot.csv,NOT_FINAL_STATE_0,28e2da54362987ff86be,RUN_20261010_223725,V4,2026-10-10T22:37:25+08:00,2026-10-10T22:37:25+08:00,2026-10-11T20:00:00+08:00,21.376,False,False,False
V4_SHADOW,3053702,2026-10-11,瑞士丙,维德纽 vs USV伊斯琛,,,,,,,0,,,D:\codex\v3_legacy\outputs\football_odds_trader\raw\titan007\20261010\20261010_223725_titan007_odds_snapshot.csv,NOT_FINAL_STATE_0,b4557025901ab9738fde,RUN_20261010_223725,V4,2026-10-10T22:37:25+08:00,2026-10-10T22:37:25+08:00,2026-10-11T20:00:00+08:00,21.376,False,False,False
V4_SHADOW,3101282,2026-10-11,科索沃甲,维祖沙 vs 科里库二队,,,,,,,0,,,D:\codex\v3_legacy\outputs\football_odds_trader\raw\titan007\20261010\20261010_223725_titan007_odds_snapshot.csv,NOT_FINAL_STATE_0,5a610f74cb37b4cfeb0b,RUN_20261010_223725,V4,2026-10-10T22:37:25+08:00,2026-10-10T22:37:25+08:00,2026-10-11T20:00:00+08:00,21.376,False,False,False
V4_SHADOW,3022332,2026-10-11,奥丙西,SC瑞斯 vs SK圣约翰,,,,,,,0,,,D:\codex\v3_legacy\outputs\football_odds_trader\raw\titan007\20261010\20261010_223725_titan007_odds_snapshot.csv,NOT_FINAL_STATE_0,062af33488251ee66bc2,RUN_20261010_223725,V4,2026-10-10T22:37:25+08:00,2026-10-10T22:37:25+08:00,2026-10-11T20:00:00+08:00,21.376,False,False,False
V4_SHADOW,3099601,2026-10-11,中亚女U17,马来西亚女足U17 vs 印度女足U17,,,,,,,0,,,D:\codex\v3_legacy\outputs\football_odds_trader\raw\titan007\20261010\20261010_223725_titan007_odds_snapshot.csv,NOT_FINAL_STATE_0,24dc7e6c05f3f035a077,RUN_20261010_223725,V4,2026-10-10T22:37:25+08:00,2026-10-10T22:37:25+08:00,2026-10-11T20:00:00+08:00,21.376,False,False,False
V4_SHADOW,3099602,2026-10-11,中亚女U17,新加坡女足U17 vs 印度尼西亚女足U17,,,,,,,0,,,D:\codex\v3_legacy\outputs\football_odds_trader\raw\titan007\20261010\20261010_223725_titan007_odds_snapshot.csv,NOT_FINAL_STATE_0,ab31e6d3fe8a916539d4,RUN_20261010_223725,V4,2026-10-10T22:37:25+08:00,2026-10-10T22:37:25+08:00,2026-10-11T20:00:00+08:00,21.376,False,False,False
V4_SHADOW,3099603,2026-10-11,中亚女U17,泰国女足U17 vs 黎巴嫩女足U17,,,,,,,0,,,D:\codex\v3_legacy\outputs\football_odds_trader\raw\titan007\20261010\20261010_223725_titan007_odds_snapshot.csv,NOT_FINAL_STATE_0,aeb2ea6de55c83347891,RUN_20261010_223725,V4,2026-10-10T22:37:25+08:00,2026-10-10T22:37:25+08:00,2026-10-11T20:00:00+08:00,21.376,False,False,False
V4_SHADOW,3052900,2026-10-11,德青联,梅彭U19 vs 普鲁士明斯特U19,,,,,,,0,,,D:\codex\v3_legacy\outputs\football_odds_trader\raw\titan007\20261010\20261010_223725_titan007_odds_snapshot.csv,NOT_FINAL_STATE_0,52a16f265538147d9616,RUN_20261010_223725,V4,2026-10-10T22:37:25+08:00,2026-10-10T22:37:25+08:00,2026-10-11T20:00:00+08:00,21.376,False,False,False
V4_SHADOW,3052534,2026-10-11,德青联,汉堡U19 vs 柏林安卡拉体育U19,,,,,,,0,,,D:\codex\v3_legacy\outputs\football_odds_trader\raw\titan007\20261010\20261010_223725_titan007_odds_snapshot.csv,NOT_FINAL_STATE_0,630275c7437ab5ac61cf,RUN_20261010_223725,V4,2026-10-10T22:37:25+08:00,2026-10-10T22:37:25+08:00,2026-10-11T20:00:00+08:00,21.376,False,False,False
V4_SHADOW,3085273,2026-10-11,越南联,河内 vs 北宁交通,,,,,,,0,,,D:\codex\v3_legacy\outputs\football_odds_trader\raw\titan007\20261010\20261010_223725_titan007_odds_snapshot.csv,NOT_FINAL_STATE_0,2264f6fbf2601d13c38a,RUN_20261010_223725,V4,2026-10-10T22:37:25+08:00,2026-10-10T22:37:25+08:00,2026-10-11T20:15:00+08:00,21.626,False,False,False
V4_SHADOW,3092263,2026-10-11,马足总,吉隆坡 vs 汶莱DPMM,,,,,,,0,,,D:\codex\v3_legacy\outputs\football_odds_trader\raw\titan007\20261010\20261010_223725_titan007_odds_snapshot.csv,NOT_FINAL_STATE_0,0769b4b0d27fca72b105,RUN_20261010_223725,V4,2026-10-10T22:37:25+08:00,2026-10-10T22:37:25+08:00,2026-10-11T20:15:00+08:00,21.626,False,False,False
V4_SHADOW,2996167,2026-10-11,荷甲,特尔斯达 vs 海牙,,,,,,,0,,,D:\codex\v3_legacy\outputs\football_odds_trader\raw\titan007\20261010\20261010_223725_titan007_odds_snapshot.csv,NOT_FINAL_STATE_0,b5f622ac05745a9770b3,RUN_20261010_223725,V4,2026-10-10T22:37:25+08:00,2026-10-10T22:37:25+08:00,2026-10-11T20:30:00+08:00,21.876,False,False,False
V4_SHADOW,2996168,2026-10-11,荷甲,兹沃勒 vs 坎布尔,,,,,N,,0,,,D:\codex\v3_legacy\outputs\football_odds_trader\raw\titan007\20261010\20261010_223725_titan007_odds_snapshot.csv,NOT_FINAL_STATE_0,5a1c21768e2654178919,RUN_20261010_223725,V4,2026-10-10T22:37:25+08:00,2026-10-10T22:37:25+08:00,2026-10-11T20:30:00+08:00,21.876,False,True,False
V4_SHADOW,3010642,2026-10-11,奥甲,阿尔塔奇 vs 沃尔夫斯伯格,,,,,,,0,,,D:\codex\v3_legacy\outputs\football_odds_trader\raw\titan007\20261010\20261010_223725_titan007_odds_snapshot.csv,NOT_FINAL_STATE_0,eb18430f81d63a06c7ab,RUN_20261010_223725,V4,2026-10-10T22:37:25+08:00,2026-10-10T22:37:25+08:00,2026-10-11T20:30:00+08:00,21.876,False,False,False
V4_SHADOW,3010645,2026-10-11,奥甲,哈特堡格 vs 奥地利卢斯特瑙,,,,,,,0,,,D:\codex\v3_legacy\outputs\football_odds_trader\raw\titan007\20261010\20261010_223725_titan007_odds_snapshot.csv,NOT_FINAL_STATE_0,826140ae3bad7f609a4d,RUN_20261010_223725,V4,2026-10-10T22:37:25+08:00,2026-10-10T22:37:25+08:00,2026-10-11T20:30:00+08:00,21.876,False,False,False
V4_SHADOW,2912909,2026-10-11,挪超,腓特烈斯塔 vs 特罗姆瑟,,,,,,,0,,,D:\codex\v3_legacy\outputs\football_odds_trader\raw\titan007\20261010\20261010_223725_titan007_odds_snapshot.csv,NOT_FINAL_STATE_0,e6578c980dadfdefe88a,RUN_20261010_223725,V4,2026-10-10T22:37:25+08:00,2026-10-10T22:37:25+08:00,2026-10-11T20:30:00+08:00,21.876,False,False,False
V4_SHADOW,2913369,2026-10-11,挪乙,特莱弗 vs 桑韦肯,,,,,,,0,,,D:\codex\v3_legacy\outputs\football_odds_trader\raw\titan007\20261010\20261010_223725_titan007_odds_snapshot.csv,NOT_FINAL_STATE_0,253be6af3e43aa37fa07,RUN_20261010_223725,V4,2026-10-10T22:37:25+08:00,2026-10-10T22:37:25+08:00,2026-10-11T20:30:00+08:00,21.876,False,False,False
V4_SHADOW,3005001,2026-10-11,波兰甲,LKS洛迪兹 vs 罗切霍茹夫,,,,,,,0,,,D:\codex\v3_legacy\outputs\football_odds_trader\raw\titan007\20261010\20261010_223725_titan007_odds_snapshot.csv,NOT_FINAL_STATE_0,00fc9b0cb0aa4c2a5a95,RUN_20261010_223725,V4,2026-10-10T22:37:25+08:00,2026-10-10T22:37:25+08:00,2026-10-11T20:30:00+08:00,21.876,False,False,False
V4_SHADOW,3035930,2026-10-11,波兰乙,索克尔克勒泽威 vs 胡尼克拉科夫,,,,,,,0,,,D:\codex\v3_legacy\outputs\football_odds_trader\raw\titan007\20261010\20261010_223725_titan007_odds_snapshot.csv,NOT_FINAL_STATE_0,fcb114a55534d100bd6f,RUN_20261010_223725,V4,2026-10-10T22:37:25+08:00,2026-10-10T22:37:25+08:00,2026-10-11T20:30:00+08:00,21.876,False,False,False
V4_SHADOW,3051347,2026-10-11,意丙,福贾 vs 波坦察,,,,,,,0,,,D:\codex\v3_legacy\outputs\football_odds_trader\raw\titan007\20261010\20261010_223725_titan007_odds_snapshot.csv,NOT_FINAL_STATE_0,1fcfc621e6b01cbca148,RUN_20261010_223725,V4,2026-10-10T22:37:25+08:00,2026-10-10T22:37:25+08:00,2026-10-11T20:30:00+08:00,21.876,False,False,False
V4_SHADOW,3051350,2026-10-11,意丙,斯卡法塔森 vs 索伦托卡西奥,,,,,,,0,,,D:\codex\v3_legacy\outputs\football_odds_trader\raw\titan007\20261010\20261010_223725_titan007_odds_snapshot.csv,NOT_FINAL_STATE_0,c2d4c5867c806f19c024,RUN_20261010_223725,V4,2026-10-10T22:37:25+08:00,2026-10-10T22:37:25+08:00,2026-10-11T20:30:00+08:00,21.876,False,False,False
V4_SHADOW,3050966,2026-10-11,意丙,拉维纳 vs 坎伯巴索,,,,,,,0,,,D:\codex\v3_legacy\outputs\football_odds_trader\raw\titan007\20261010\20261010_223725_titan007_odds_snapshot.csv,NOT_FINAL_STATE_0,6c9d67ffde5e51f1b404,RUN_20261010_223725,V4,2026-10-10T22:37:25+08:00,2026-10-10T22:37:25+08:00,2026-10-11T20:30:00+08:00,21.876,False,False,False
V4_SHADOW,3050967,2026-10-11,意丙,萨比尼迪特斯 vs 拉蒂那,,,,,,,0,,,D:\codex\v3_legacy\outputs\football_odds_trader\raw\titan007\20261010\20261010_223725_titan007_odds_snapshot.csv,NOT_FINAL_STATE_0,b3ee5dd8fdb8b42e8b1a,RUN_20261010_223725,V4,2026-10-10T22:37:25+08:00,2026-10-10T22:37:25+08:00,2026-10-11T20:30:00+08:00,21.876,False,False,False
V4_SHADOW,3050588,2026-10-11,意丙,AC雷纳特 vs 吉安纳,,,,,,,0,,,D:\codex\v3_legacy\outputs\football_odds_trader\raw\titan007\20261010\20261010_223725_titan007_odds_snapshot.csv,NOT_FINAL_STATE_0,06dfe6c05b388384c4f6,RUN_20261010_223725,V4,2026-10-10T22:37:25+08:00,2026-10-10T22:37:25+08:00,2026-10-11T20:30:00+08:00,21.876,False,False,False
V4_SHADOW,3032250,2026-10-11,土乙白,贝拉迪亚代林杰士邦 vs 埃尔巴士邦,,,,,,,0,,,D:\codex\v3_legacy\outputs\football_odds_trader\raw\titan007\20261010\20261010_223725_titan007_odds_snapshot.csv,NOT_FINAL_STATE_0,eb25aaa9e5b511ec1117,RUN_20261010_223725,V4,2026-10-10T22:37:25+08:00,2026-10-10T22:37:25+08:00,2026-10-11T20:30:00+08:00,21.876,False,False,False
V4_SHADOW,3038464,2026-10-11,土乙红,伊尼高尔士邦 vs 费迪耶斯堡,,,,,,,0,,,D:\codex\v3_legacy\outputs\football_odds_trader\raw\titan007\20261010\20261010_223725_titan007_odds_snapshot.csv,NOT_FINAL_STATE_0,d38a8d42674080a00271,RUN_20261010_223725,V4,2026-10-10T22:37:25+08:00,2026-10-10T22:37:25+08:00,2026-10-11T20:30:00+08:00,21.876,False,False,False
V4_SHADOW,3038465,2026-10-11,土乙红,布沙尼路费斯堡 vs 赫克莫古特拉仲,,,,,,,0,,,D:\codex\v3_legacy\outputs\football_odds_trader\raw\titan007\20261010\20261010_223725_titan007_odds_snapshot.csv,NOT_FINAL_STATE_0,416ba8c45243bdc3c120,RUN_20261010_223725,V4,2026-10-10T22:37:25+08:00,2026-10-10T22:37:25+08:00,2026-10-11T20:30:00+08:00,21.876,False,False,False
V4_SHADOW,3099616,2026-10-11,伊朗甲,法尔德FC vs 沙辛班达尔,,,,,,,0,,,D:\codex\v3_legacy\outputs\football_odds_trader\raw\titan007\20261010\20261010_223725_titan007_odds_snapshot.csv,NOT_FINAL_STATE_0,3e88c284a9f4a2450178,RUN_20261010_223725,V4,2026-10-10T22:37:25+08:00,2026-10-10T22:37:25+08:00,2026-10-11T20:30:00+08:00,21.876,False,False,False
V4_SHADOW,3091058,2026-10-11,马足总,雪州 vs 马来星城,,,,,,,0,,,D:\codex\v3_legacy\outputs\football_odds_trader\raw\titan007\20261010\20261010_223725_titan007_odds_snapshot.csv,NOT_FINAL_STATE_0,bd8697276a7965ad44a0,RUN_20261010_223725,V4,2026-10-10T22:37:25+08:00,2026-10-10T22:37:25+08:00,2026-10-11T20:30:00+08:00,21.876,False,False,False
V4_SHADOW,3084837,2026-10-11,沙地青,费萨里哈曼青年队 vs 瓜达席亚青年队,,,,,,,0,,,D:\codex\v3_legacy\outputs\football_odds_trader\raw\titan007\20261010\20261010_223725_titan007_odds_snapshot.csv,NOT_FINAL_STATE_0,3324e1e4ea40109928c2,RUN_20261010_223725,V4,2026-10-10T22:37:25+08:00,2026-10-10T22:37:25+08:00,2026-10-11T20:30:00+08:00,21.876,False,False,False
V4_SHADOW,3084838,2026-10-11,沙地青,费哈青年队 vs 利雅得体育青年队,,,,,,,0,,,D:\codex\v3_legacy\outputs\football_odds_trader\raw\titan007\20261010\20261010_223725_titan007_odds_snapshot.csv,NOT_FINAL_STATE_0,04e8a1b0332be59b3380,RUN_20261010_223725,V4,2026-10-10T22:37:25+08:00,2026-10-10T22:37:25+08:00,2026-10-11T20:30:00+08:00,21.876,False,False,False
V4_SHADOW,3099377,2026-10-11,德戊,图巴波尔海姆 vs 斯塔德阿伦道夫,,,,,,,0,,,D:\codex\v3_legacy\outputs\football_odds_trader\raw\titan007\20261010\20261010_223725_titan007_odds_snapshot.csv,NOT_FINAL_STATE_0,6839d2a336daa9b156e0,RUN_20261010_223725,V4,2026-10-10T22:37:25+08:00,2026-10-10T22:37:25+08:00,2026-10-11T20:30:00+08:00,21.876,False,False,False
V4_SHADOW,3099384,2026-10-11,德戊,埃格斯托夫 vs SC斯雷维巷,,,,,,,0,,,D:\codex\v3_legacy\outputs\football_odds_trader\raw\titan007\20261010\20261010_223725_titan007_odds_snapshot.csv,NOT_FINAL_STATE_0,ff850fc918369eb4504b,RUN_20261010_223725,V4,2026-10-10T22:37:25+08:00,2026-10-10T22:37:25+08:00,2026-10-11T20:30:00+08:00,21.876,False,False,False
V4_SHADOW,3099385,2026-10-11,德戊,吕内堡 vs 希尔德斯海姆,,,,,,,0,,,D:\codex\v3_legacy\outputs\football_odds_trader\raw\titan007\20261010\20261010_223725_titan007_odds_snapshot.csv,NOT_FINAL_STATE_0,6573ab117155d2ea49be,RUN_20261010_223725,V4,2026-10-10T22:37:25+08:00,2026-10-10T22:37:25+08:00,2026-10-11T20:30:00+08:00,21.876,False,False,False
V4_SHADOW,3099386,2026-10-11,德戊,SV梅彭II队 vs 沃尔斯费德,,,,,,,0,,,D:\codex\v3_legacy\outputs\football_odds_trader\raw\titan007\20261010\20261010_223725_titan007_odds_snapshot.csv,NOT_FINAL_STATE_0,3e52bf7fc59635050d96,RUN_20261010_223725,V4,2026-10-10T22:37:25+08:00,2026-10-10T22:37:25+08:00,2026-10-11T20:30:00+08:00,21.876,False,False,False
V4_SHADOW,3006213,2026-10-11,黑山乙,达尼洛夫格勒 vs 贝雷尼,,,,,,,0,,,D:\codex\v3_legacy\outputs\football_odds_trader\raw\titan007\20261010\20261010_223725_titan007_odds_snapshot.csv,NOT_FINAL_STATE_0,ab6200e0633867909da7,RUN_20261010_223725,V4,2026-10-10T22:37:25+08:00,2026-10-10T22:37:25+08:00,2026-10-11T20:30:00+08:00,21.876,False,False,False
V4_SHADOW,3101047,2026-10-11,马维超,大子弹 vs 蓝鹰,,,,,,,0,,,D:\codex\v3_legacy\outputs\football_odds_trader\raw\titan007\20261010\20261010_223725_titan007_odds_snapshot.csv,NOT_FINAL_STATE_0,b1618b55ee292382ea88,RUN_20261010_223725,V4,2026-10-10T22:37:25+08:00,2026-10-10T22:37:25+08:00,2026-10-11T20:30:00+08:00,21.876,False,False,False
V4_SHADOW,3101048,2026-10-11,马维超,德扎迪纳摩 vs 马斯锡丘里蒂,,,,,,,0,,,D:\codex\v3_legacy\outputs\football_odds_trader\raw\titan007\20261010\20261010_223725_titan007_odds_snapshot.csv,NOT_FINAL_STATE_0,63dea07cd8ae7ab454a9,RUN_20261010_223725,V4,2026-10-10T22:37:25+08:00,2026-10-10T22:37:25+08:00,2026-10-11T20:30:00+08:00,21.876,False,False,False
V4_SHADOW,3101050,2026-10-11,马维超,卡龙加联队 vs 西沃联,,,,,,,0,,,D:\codex\v3_legacy\outputs\football_odds_trader\raw\titan007\20261010\20261010_223725_titan007_odds_snapshot.csv,NOT_FINAL_STATE_0,b344738c8307b54929eb,RUN_20261010_223725,V4,2026-10-10T22:37:25+08:00,2026-10-10T22:37:25+08:00,2026-10-11T20:30:00+08:00,21.876,False,False,False
V4_SHADOW,3100362,2026-10-11,马维超,克里克SC vs 莫亚莱军营,,,,,,,0,,,D:\codex\v3_legacy\outputs\football_odds_trader\raw\titan007\20261010\20261010_223725_titan007_odds_snapshot.csv,NOT_FINAL_STATE_0,1219efb894ead37821a4,RUN_20261010_223725,V4,2026-10-10T22:37:25+08:00,2026-10-10T22:37:25+08:00,2026-10-11T20:30:00+08:00,21.876,False,False,False
V4_SHADOW,3101363,2026-10-11,捷丁,哈纳卡B队 vs FC斯特拉尼,,,,,,,0,,,D:\codex\v3_legacy\outputs\football_odds_trader\raw\titan007\20261010\20261010_223725_titan007_odds_snapshot.csv,NOT_FINAL_STATE_0,2bed92c22df21c2fc63a,RUN_20261010_223725,V4,2026-10-10T22:37:25+08:00,2026-10-10T22:37:25+08:00,2026-10-11T20:30:00+08:00,21.876,False,False,False
V4_SHADOW,3099570,2026-10-11,菲律甲,卡雅FC vs 马尼拉挖掘者,,,,,,,0,,,D:\codex\v3_legacy\outputs\football_odds_trader\raw\titan007\20261010\20261010_223725_titan007_odds_snapshot.csv,NOT_FINAL_STATE_0,7c9c24b8aa396095edea,RUN_20261010_223725,V4,2026-10-10T22:37:25+08:00,2026-10-10T22:37:25+08:00,2026-10-11T20:30:00+08:00,21.876,False,False,False
V4_SHADOW,3099366,2026-10-11,荷丁,RKSV格罗 vs GOES,,,,,,,0,,,D:\codex\v3_legacy\outputs\football_odds_trader\raw\titan007\20261010\20261010_223725_titan007_odds_snapshot.csv,NOT_FINAL_STATE_0,aa49d3a4b46dc62eb43f,RUN_20261010_223725,V4,2026-10-10T22:37:25+08:00,2026-10-10T22:37:25+08:00,2026-10-11T20:30:00+08:00,21.876,False,False,False
V4_SHADOW,3053942,2026-10-11,瑞士丙,明辛根 vs 祖格,,,,,,,0,,,D:\codex\v3_legacy\outputs\football_odds_trader\raw\titan007\20261010\20261010_223725_titan007_odds_snapshot.csv,NOT_FINAL_STATE_0,389339524274a378feb9,RUN_20261010_223725,V4,2026-10-10T22:37:25+08:00,2026-10-10T22:37:25+08:00,2026-10-11T20:30:00+08:00,21.876,False,False,False
V4_SHADOW,2952370,2026-10-11,塔吉克联,拉夫沙安 vs 科赫西洛特,,,,,,,0,,,D:\codex\v3_legacy\outputs\football_odds_trader\raw\titan007\20261010\20261010_223725_titan007_odds_snapshot.csv,NOT_FINAL_STATE_0,3c8372047097e37f651b,RUN_20261010_223725,V4,2026-10-10T22:37:25+08:00,2026-10-10T22:37:25+08:00,2026-10-11T20:30:00+08:00,21.876,False,False,False
V4_SHADOW,3100435,2026-10-11,国际友谊,印度女足 vs 俄罗斯女足,,,,,,,0,,,D:\codex\v3_legacy\outputs\football_odds_trader\raw\titan007\20261010\20261010_223725_titan007_odds_snapshot.csv,NOT_FINAL_STATE_0,62b8627f1ea1716a5a6b,RUN_20261010_223725,V4,2026-10-10T22:37:25+08:00,2026-10-10T22:37:25+08:00,2026-10-11T20:30:00+08:00,21.876,False,False,False
V4_SHADOW,3101192,2026-10-11,比地区,奈伦 vs 梅荷伦竞技,,,,,,,0,,,D:\codex\v3_legacy\outputs\football_odds_trader\raw\titan007\20261010\20261010_223725_titan007_odds_snapshot.csv,NOT_FINAL_STATE_0,ad48400924d68fb50a41,RUN_20261010_223725,V4,2026-10-10T22:37:25+08:00,2026-10-10T22:37:25+08:00,2026-10-11T20:30:00+08:00,21.876,False,False,False
V4_SHADOW,3101028,2026-10-11,瑞士丁,查姆II vs FC甘巴罗尼奥,,,,,,,0,,,D:\codex\v3_legacy\outputs\football_odds_trader\raw\titan007\20261010\20261010_223725_titan007_odds_snapshot.csv,NOT_FINAL_STATE_0,66c0ee7937ffba6bb501,RUN_20261010_223725,V4,2026-10-10T22:37:25+08:00,2026-10-10T22:37:25+08:00,2026-10-11T20:30:00+08:00,21.876,False,False,False
V4_SHADOW,3084834,2026-10-11,沙地青,艾哈斯姆青年队 vs 阿尔乌拉青年队,,,,,,,0,,,D:\codex\v3_legacy\outputs\football_odds_trader\raw\titan007\20261010\20261010_223725_titan007_odds_snapshot.csv,NOT_FINAL_STATE_0,2ea9ae2f366bc94442bb,RUN_20261010_223725,V4,2026-10-10T22:37:25+08:00,2026-10-10T22:37:25+08:00,2026-10-11T20:35:00+08:00,21.96,False,False,False
V4_SHADOW,3011412,2026-10-11,匈甲,萨拉格斯基 vs 尼尔吉哈萨,,,,,,,0,,,D:\codex\v3_legacy\outputs\football_odds_trader\raw\titan007\20261010\20261010_223725_titan007_odds_snapshot.csv,NOT_FINAL_STATE_0,9b3cb0a65d554e051206,RUN_20261010_223725,V4,2026-10-10T22:37:25+08:00,2026-10-10T22:37:25+08:00,2026-10-11T20:45:00+08:00,22.126,False,False,False
V4_SHADOW,3003164,2026-10-11,波兰超,皮亚斯特 vs 维德祖罗兹,,,,,,,0,,,D:\codex\v3_legacy\outputs\football_odds_trader\raw\titan007\20261010\20261010_223725_titan007_odds_snapshot.csv,NOT_FINAL_STATE_0,c902940576e3ef1d5fdc,RUN_20261010_223725,V4,2026-10-10T22:37:25+08:00,2026-10-10T22:37:25+08:00,2026-10-11T20:45:00+08:00,22.126,False,False,False
V4_SHADOW,3046438,2026-10-11,罗乙,拜侯尔 vs FC贝卡,,,,,,,0,,,D:\codex\v3_legacy\outputs\football_odds_trader\raw\titan007\20261010\20261010_223725_titan007_odds_snapshot.csv,NOT_FINAL_STATE_0,b8e2e9509244a2bf02a2,RUN_20261010_223725,V4,2026-10-10T22:37:25+08:00,2026-10-10T22:37:25+08:00,2026-10-11T20:45:00+08:00,22.126,False,False,False
V4_SHADOW,3003903,2026-10-11,英超,水晶宫 vs 诺丁汉森林,,,,,,,0,,,D:\codex\v3_legacy\outputs\football_odds_trader\raw\titan007\20261010\20261010_223725_titan007_odds_snapshot.csv,NOT_FINAL_STATE_0,aea4af78ecadcf1f0d7e,RUN_20261010_223725,V4,2026-10-10T22:37:25+08:00,2026-10-10T22:37:25+08:00,2026-10-11T21:00:00+08:00,22.376,False,False,False
V4_SHADOW,3003904,2026-10-11,英超,赫尔城 vs 埃弗顿,,,,,N,,0,,,D:\codex\v3_legacy\outputs\football_odds_trader\raw\titan007\20261010\20261010_223725_titan007_odds_snapshot.csv,NOT_FINAL_STATE_0,04c918aeab162441e311,RUN_20261010_223725,V4,2026-10-10T22:37:25+08:00,2026-10-10T22:37:25+08:00,2026-10-11T21:00:00+08:00,22.376,False,True,False
V4_SHADOW,2993810,2026-10-11,意甲,拉齐奥 vs 蒙扎,,,,,N,,0,,,D:\codex\v3_legacy\outputs\football_odds_trader\raw\titan007\20261010\20261010_223725_titan007_odds_snapshot.csv,NOT_FINAL_STATE_0,f9700fb94f532d874313,RUN_20261010_223725,V4,2026-10-10T22:37:25+08:00,2026-10-10T22:37:25+08:00,2026-10-11T21:00:00+08:00,22.376,False,True,False
V4_SHADOW,2993811,2026-10-11,意甲,莱切 vs 博洛尼亚,,,,,N,,0,,,D:\codex\v3_legacy\outputs\football_odds_trader\raw\titan007\20261010\20261010_223725_titan007_odds_snapshot.csv,NOT_FINAL_STATE_0,0937472f558f2c760de9,RUN_20261010_223725,V4,2026-10-10T22:37:25+08:00,2026-10-10T22:37:25+08:00,2026-10-11T21:00:00+08:00,22.376,False,True,False
V4_SHADOW,2995358,2026-10-11,法甲,尼斯 vs 斯特拉斯堡,,,,,,,0,,,D:\codex\v3_legacy\outputs\football_odds_trader\raw\titan007\20261010\20261010_223725_titan007_odds_snapshot.csv,NOT_FINAL_STATE_0,398dbe238f78b8c9fda3,RUN_20261010_223725,V4,2026-10-10T22:37:25+08:00,2026-10-10T22:37:25+08:00,2026-10-11T21:00:00+08:00,22.376,False,False,False
V4_SHADOW,3040758,2026-10-11,意乙,卡坦萨罗 vs 曼托瓦,,,,,,,0,,,D:\codex\v3_legacy\outputs\football_odds_trader\raw\titan007\20261010\20261010_223725_titan007_odds_snapshot.csv,NOT_FINAL_STATE_0,2e59b9b4004c0d4580f4,RUN_20261010_223725,V4,2026-10-10T22:37:25+08:00,2026-10-10T22:37:25+08:00,2026-10-11T21:00:00+08:00,22.376,False,False,False
V4_SHADOW,3002076,2026-10-11,苏超,阿伯丁 vs 圣约翰斯通,,,,,,,0,,,D:\codex\v3_legacy\outputs\football_odds_trader\raw\titan007\20261010\20261010_223725_titan007_odds_snapshot.csv,NOT_FINAL_STATE_0,d3b5536f5465e62d7891,RUN_20261010_223725,V4,2026-10-10T22:37:25+08:00,2026-10-10T22:37:25+08:00,2026-10-11T21:00:00+08:00,22.376,False,False,False
V4_SHADOW,3026746,2026-10-11,土超,加济安泰普大都会 vs 科鲁姆,,,,,,,0,,,D:\codex\v3_legacy\outputs\football_odds_trader\raw\titan007\20261010\20261010_223725_titan007_odds_snapshot.csv,NOT_FINAL_STATE_0,0979a75fa08e6e323209,RUN_20261010_223725,V4,2026-10-10T22:37:25+08:00,2026-10-10T22:37:25+08:00,2026-10-11T21:00:00+08:00,22.376,False,False,False
V4_SHADOW,3023797,2026-10-11,葡甲,法伦斯 vs 费伦斯,,,,,,,0,,,D:\codex\v3_legacy\outputs\football_odds_trader\raw\titan007\20261010\20261010_223725_titan007_odds_snapshot.csv,NOT_FINAL_STATE_0,41053db8e32280afb658,RUN_20261010_223725,V4,2026-10-10T22:37:25+08:00,2026-10-10T22:37:25+08:00,2026-10-11T21:00:00+08:00,22.376,False,False,False
V4_SHADOW,3043708,2026-10-11,德地区西,科隆B队 vs 门兴格拉德巴赫青年队,,,,,,,0,,,D:\codex\v3_legacy\outputs\football_odds_trader\raw\titan007\20261010\20261010_223725_titan007_odds_snapshot.csv,NOT_FINAL_STATE_0,dac0456143c68819a773,RUN_20261010_223725,V4,2026-10-10T22:37:25+08:00,2026-10-10T22:37:25+08:00,2026-10-11T21:00:00+08:00,22.376,False,False,False
V4_SHADOW,3043406,2026-10-11,德地区北,SV不莱梅 vs 德罗特尔森,,,,,,,0,,,D:\codex\v3_legacy\outputs\football_odds_trader\raw\titan007\20261010\20261010_223725_titan007_odds_snapshot.csv,NOT_FINAL_STATE_0,716268404dde76f33829,RUN_20261010_223725,V4,2026-10-10T22:37:25+08:00,2026-10-10T22:37:25+08:00,2026-10-11T21:00:00+08:00,22.376,False,False,False
V4_SHADOW,3043413,2026-10-11,德地区北,奥登堡格 vs 艾默当踢球者,,,,,,,0,,,D:\codex\v3_legacy\outputs\football_odds_trader\raw\titan007\20261010\20261010_223725_titan007_odds_snapshot.csv,NOT_FINAL_STATE_0,f2acbf22ae82c7ce68d5,RUN_20261010_223725,V4,2026-10-10T22:37:25+08:00,2026-10-10T22:37:25+08:00,2026-10-11T21:00:00+08:00,22.376,False,False,False
V4_SHADOW,3099404,2026-10-11,葡乙,甘马雷斯B队 vs 费雷拉,,,,,,,0,,,D:\codex\v3_legacy\outputs\football_odds_trader\raw\titan007\20261010\20261010_223725_titan007_odds_snapshot.csv,NOT_FINAL_STATE_0,36106d256fc99d4e19dd,RUN_20261010_223725,V4,2026-10-10T22:37:25+08:00,2026-10-10T22:37:25+08:00,2026-10-11T21:00:00+08:00,22.376,False,False,False
V4_SHADOW,2914718,2026-10-11,瑞典甲,韦纳穆 vs 法尔肯堡,,,,,,,0,,,D:\codex\v3_legacy\outputs\football_odds_trader\raw\titan007\20261010\20261010_223725_titan007_odds_snapshot.csv,NOT_FINAL_STATE_0,b1aa8065a7479288498f,RUN_20261010_223725,V4,2026-10-10T22:37:25+08:00,2026-10-10T22:37:25+08:00,2026-10-11T21:00:00+08:00,22.376,False,False,False
V4_SHADOW,2920176,2026-10-11,瑞典乙北,贾法拉 vs 于默奥,,,,,,,0,,,D:\codex\v3_legacy\outputs\football_odds_trader\raw\titan007\20261010\20261010_223725_titan007_odds_snapshot.csv,NOT_FINAL_STATE_0,5e8c998411c0db98625c,RUN_20261010_223725,V4,2026-10-10T22:37:25+08:00,2026-10-10T22:37:25+08:00,2026-10-11T21:00:00+08:00,22.376,False,False,False
V4_SHADOW,2921951,2026-10-11,芬甲,SJK学院 vs 科特卡,,,,,,,0,,,D:\codex\v3_legacy\outputs\football_odds_trader\raw\titan007\20261010\20261010_223725_titan007_odds_snapshot.csv,NOT_FINAL_STATE_0,4fdf78e29afcd0919a31,RUN_20261010_223725,V4,2026-10-10T22:37:25+08:00,2026-10-10T22:37:25+08:00,2026-10-11T21:00:00+08:00,22.376,False,False,False
V4_SHADOW,3095611,2026-10-11,芬乙附,奇芬 vs GBK科科拉,,,,,,,0,,,D:\codex\v3_legacy\outputs\football_odds_trader\raw\titan007\20261010\20261010_223725_titan007_odds_snapshot.csv,NOT_FINAL_STATE_0,2403c6b53f1e147be193,RUN_20261010_223725,V4,2026-10-10T22:37:25+08:00,2026-10-10T22:37:25+08:00,2026-10-11T21:00:00+08:00,22.376,False,False,False
V4_SHADOW,3039904,2026-10-11,捷甲,特普利斯 vs 奥洛穆茨,,,,,,,0,,,D:\codex\v3_legacy\outputs\football_odds_trader\raw\titan007\20261010\20261010_223725_titan007_odds_snapshot.csv,NOT_FINAL_STATE_0,93ba11e12a36b014d7b8,RUN_20261010_223725,V4,2026-10-10T22:37:25+08:00,2026-10-10T22:37:25+08:00,2026-10-11T21:00:00+08:00,22.376,False,False,False
V4_SHADOW,2998974,2026-10-11,塞尔超,瑞德尼基 vs 伏伊伏丁那,,,,,,,0,,,D:\codex\v3_legacy\outputs\football_odds_trader\raw\titan007\20261010\20261010_223725_titan007_odds_snapshot.csv,NOT_FINAL_STATE_0,757812fa2f7925739d26,RUN_20261010_223725,V4,2026-10-10T22:37:25+08:00,2026-10-10T22:37:25+08:00,2026-10-11T21:00:00+08:00,22.376,False,False,False
V4_SHADOW,3043241,2026-10-11,捷丙,波兰卡 vs 乌赫尔斯基,,,,,,,0,,,D:\codex\v3_legacy\outputs\football_odds_trader\raw\titan007\20261010\20261010_223725_titan007_odds_snapshot.csv,NOT_FINAL_STATE_0,bf5bc26890c73c87e842,RUN_20261010_223725,V4,2026-10-10T22:37:25+08:00,2026-10-10T22:37:25+08:00,2026-10-11T21:00:00+08:00,22.376,False,False,False
V4_SHADOW,3051344,2026-10-11,意丙,卡萨拉诺 vs 萨勒尼塔纳,,,,,,,0,,,D:\codex\v3_legacy\outputs\football_odds_trader\raw\titan007\20261010\20261010_223725_titan007_odds_snapshot.csv,NOT_FINAL_STATE_0,c516131e0ac2c3645c44,RUN_20261010_223725,V4,2026-10-10T22:37:25+08:00,2026-10-10T22:37:25+08:00,2026-10-11T21:00:00+08:00,22.376,False,False,False
V4_SHADOW,3037940,2026-10-11,斯伐甲,沙莫林 vs 阿特梅迪亚,,,,,,,0,,,D:\codex\v3_legacy\outputs\football_odds_trader\raw\titan007\20261010\20261010_223725_titan007_odds_snapshot.csv,NOT_FINAL_STATE_0,010b748b707da6645b47,RUN_20261010_223725,V4,2026-10-10T22:37:25+08:00,2026-10-10T22:37:25+08:00,2026-10-11T21:00:00+08:00,22.376,False,False,False
V4_SHADOW,2940759,2026-10-11,拉脱超,里加足球学院 vs 叶尔加瓦,,,,,,,0,,,D:\codex\v3_legacy\outputs\football_odds_trader\raw\titan007\20261010\20261010_223725_titan007_odds_snapshot.csv,NOT_FINAL_STATE_0,6a21a7506ea9f5cfb3a0,RUN_20261010_223725,V4,2026-10-10T22:37:25+08:00,2026-10-10T22:37:25+08:00,2026-10-11T21:00:00+08:00,22.376,False,False,False
V4_SHADOW,2948613,2026-10-11,白俄超,高美尔 vs 迪尼普罗加切夫,,,,,,,0,,,D:\codex\v3_legacy\outputs\football_odds_trader\raw\titan007\20261010\20261010_223725_titan007_odds_snapshot.csv,NOT_FINAL_STATE_0,d7c0bfc65e2525b28699,RUN_20261010_223725,V4,2026-10-10T22:37:25+08:00,2026-10-10T22:37:25+08:00,2026-10-11T21:00:00+08:00,22.376,False,False,False
V4_SHADOW,3018499,2026-10-11,匈乙,卡斯瓦利 vs 凯奇凯梅特,,,,,,,0,,,D:\codex\v3_legacy\outputs\football_odds_trader\raw\titan007\20261010\20261010_223725_titan007_odds_snapshot.csv,NOT_FINAL_STATE_0,95921ed53131dee8beb8,RUN_20261010_223725,V4,2026-10-10T22:37:25+08:00,2026-10-10T22:37:25+08:00,2026-10-11T21:00:00+08:00,22.376,False,False,False
V4_SHADOW,3030170,2026-10-11,土甲,卡拉古拉克 vs 慕拉斯堡,,,,,,,0,,,D:\codex\v3_legacy\outputs\football_odds_trader\raw\titan007\20261010\20261010_223725_titan007_odds_snapshot.csv,NOT_FINAL_STATE_0,4c11fb4e6c0857be225e,RUN_20261010_223725,V4,2026-10-10T22:37:25+08:00,2026-10-10T22:37:25+08:00,2026-10-11T21:00:00+08:00,22.376,False,False,False
V4_SHADOW,2997534,2026-10-11,克亚甲,萨格勒布火车头 vs 瓦拉日丁,,,,,,,0,,,D:\codex\v3_legacy\outputs\football_odds_trader\raw\titan007\20261010\20261010_223725_titan007_odds_snapshot.csv,NOT_FINAL_STATE_0,0a6b7f6badc1db6a4672,RUN_20261010_223725,V4,2026-10-10T22:37:25+08:00,2026-10-10T22:37:25+08:00,2026-10-11T21:00:00+08:00,22.376,False,False,False
V4_SHADOW,3005794,2026-10-11,斯亚甲,南塔 vs 布拉沃佩利根,,,,,,,0,,,D:\codex\v3_legacy\outputs\football_odds_trader\raw\titan007\20261010\20261010_223725_titan007_odds_snapshot.csv,NOT_FINAL_STATE_0,d5960e76963c5215dcaa,RUN_20261010_223725,V4,2026-10-10T22:37:25+08:00,2026-10-10T22:37:25+08:00,2026-10-11T21:00:00+08:00,22.376,False,False,False
V4_SHADOW,3027036,2026-10-11,波斯甲,雷迪尼克 vs 泽列兹尼察,,,,,,,0,,,D:\codex\v3_legacy\outputs\football_odds_trader\raw\titan007\20261010\20261010_223725_titan007_odds_snapshot.csv,NOT_FINAL_STATE_0,5a1ea040016a3c446aff,RUN_20261010_223725,V4,2026-10-10T22:37:25+08:00,2026-10-10T22:37:25+08:00,2026-10-11T21:00:00+08:00,22.376,False,False,False
V4_SHADOW,2998374,2026-10-11,北马其甲,FK斯科普里 vs 华达,,,,,,,0,,,D:\codex\v3_legacy\outputs\football_odds_trader\raw\titan007\20261010\20261010_223725_titan007_odds_snapshot.csv,NOT_FINAL_STATE_0,74380b6f155a26ad37d6,RUN_20261010_223725,V4,2026-10-10T22:37:25+08:00,2026-10-10T22:37:25+08:00,2026-10-11T21:00:00+08:00,22.376,False,False,False
V4_SHADOW,3038461,2026-10-11,土乙红,俄辛康士邦 vs 海力德,,,,,,,0,,,D:\codex\v3_legacy\outputs\football_odds_trader\raw\titan007\20261010\20261010_223725_titan007_odds_snapshot.csv,NOT_FINAL_STATE_0,fe3b050dcb70399907ee,RUN_20261010_223725,V4,2026-10-10T22:37:25+08:00,2026-10-10T22:37:25+08:00,2026-10-11T21:00:00+08:00,22.376,False,False,False
V4_SHADOW,2927192,2026-10-11,瑞典丙SG,IFK特雷勒堡 vs 卡尔期克朗,,,,,,,0,,,D:\codex\v3_legacy\outputs\football_odds_trader\raw\titan007\20261010\20261010_223725_titan007_odds_snapshot.csv,NOT_FINAL_STATE_0,a51205861acf68e09090,RUN_20261010_223725,V4,2026-10-10T22:37:25+08:00,2026-10-10T22:37:25+08:00,2026-10-11T21:00:00+08:00,22.376,False,False,False
V4_SHADOW,2927375,2026-10-11,瑞典丙NG,卡尔斯塔德B队 vs 华纳斯堡斯,,,,,,,0,,,D:\codex\v3_legacy\outputs\football_odds_trader\raw\titan007\20261010\20261010_223725_titan007_odds_snapshot.csv,NOT_FINAL_STATE_0,b58600ddab8479974fee,RUN_20261010_223725,V4,2026-10-10T22:37:25+08:00,2026-10-10T22:37:25+08:00,2026-10-11T21:00:00+08:00,22.376,False,False,False
V4_SHADOW,3099352,2026-10-11,斯伐丙,科马尔诺二队 vs 沙拉,,,,,,,0,,,D:\codex\v3_legacy\outputs\football_odds_trader\raw\titan007\20261010\20261010_223725_titan007_odds_snapshot.csv,NOT_FINAL_STATE_0,4d20b92f4fff2ffc32bf,RUN_20261010_223725,V4,2026-10-10T22:37:25+08:00,2026-10-10T22:37:25+08:00,2026-10-11T21:00:00+08:00,22.376,False,False,False
V4_SHADOW,3099354,2026-10-11,斯伐丙,特斯拉斯特罗普科夫 vs 拉斯拉维采,,,,,,,0,,,D:\codex\v3_legacy\outputs\football_odds_trader\raw\titan007\20261010\20261010_223725_titan007_odds_snapshot.csv,NOT_FINAL_STATE_0,f17eaadd8a0e9239b93f,RUN_20261010_223725,V4,2026-10-10T22:37:25+08:00,2026-10-10T22:37:25+08:00,2026-10-11T21:00:00+08:00,22.376,False,False,False
V4_SHADOW,3099356,2026-10-11,斯伐丙,巴尼克卡利诺沃 vs 福马,,,,,,,0,,,D:\codex\v3_legacy\outputs\football_odds_trader\raw\titan007\20261010\20261010_223725_titan007_odds_snapshot.csv,NOT_FINAL_STATE_0,01788f40a9ba402fd1a5,RUN_20261010_223725,V4,2026-10-10T22:37:25+08:00,2026-10-10T22:37:25+08:00,2026-10-11T21:00:00+08:00,22.376,False,False,False
V4_SHADOW,3099357,2026-10-11,斯伐丙,梅泽布罗 vs 菲拉科沃,,,,,,,0,,,D:\codex\v3_legacy\outputs\football_odds_trader\raw\titan007\20261010\20261010_223725_titan007_odds_snapshot.csv,NOT_FINAL_STATE_0,37e740442c00f73b243b,RUN_20261010_223725,V4,2026-10-10T22:37:25+08:00,2026-10-10T22:37:25+08:00,2026-10-11T21:00:00+08:00,22.376,False,False,False
V4_SHADOW,3099358,2026-10-11,斯伐丙,FK波德科尼斯 vs 基苏察新城,,,,,,,0,,,D:\codex\v3_legacy\outputs\football_odds_trader\raw\titan007\20261010\20261010_223725_titan007_odds_snapshot.csv,NOT_FINAL_STATE_0,ff5bfc181cce3117cf59,RUN_20261010_223725,V4,2026-10-10T22:37:25+08:00,2026-10-10T22:37:25+08:00,2026-10-11T21:00:00+08:00,22.376,False,False,False
V4_SHADOW,3017534,2026-10-11,意青联,尤文图斯青年队 vs 热拿亚青年队,,,,,,,0,,,D:\codex\v3_legacy\outputs\football_odds_trader\raw\titan007\20261010\20261010_223725_titan007_odds_snapshot.csv,NOT_FINAL_STATE_0,a5aba7a88debda4e814e,RUN_20261010_223725,V4,2026-10-10T22:37:25+08:00,2026-10-10T22:37:25+08:00,2026-10-11T21:00:00+08:00,22.376,False,False,False
V4_SHADOW,3034662,2026-10-11,英女南,般尼茅夫女足 vs 富勒姆女足,,,,,,,0,,,D:\codex\v3_legacy\outputs\football_odds_trader\raw\titan007\20261010\20261010_223725_titan007_odds_snapshot.csv,NOT_FINAL_STATE_0,cf4f2465573cfc4af490,RUN_20261010_223725,V4,2026-10-10T22:37:25+08:00,2026-10-10T22:37:25+08:00,2026-10-11T21:00:00+08:00,22.376,False,False,False
V4_SHADOW,3034663,2026-10-11,英女南,切尔滕汉姆女足 vs 普利茅夫女足,,,,,,,0,,,D:\codex\v3_legacy\outputs\football_odds_trader\raw\titan007\20261010\20261010_223725_titan007_odds_snapshot.csv,NOT_FINAL_STATE_0,3b464e683a2c44380767,RUN_20261010_223725,V4,2026-10-10T22:37:25+08:00,2026-10-10T22:37:25+08:00,2026-10-11T21:00:00+08:00,22.376,False,False,False
V4_SHADOW,3034664,2026-10-11,英女南,埃克塞特女足 vs AFC温布顿女足,,,,,,,0,,,D:\codex\v3_legacy\outputs\football_odds_trader\raw\titan007\20261010\20261010_223725_titan007_odds_snapshot.csv,NOT_FINAL_STATE_0,7752b41d56340518e2c1,RUN_20261010_223725,V4,2026-10-10T22:37:25+08:00,2026-10-10T22:37:25+08:00,2026-10-11T21:00:00+08:00,22.376,False,False,False
V4_SHADOW,3034666,2026-10-11,英女南,雷威斯女足 vs 皇家贝德福德女足,,,,,,,0,,,D:\codex\v3_legacy\outputs\football_odds_trader\raw\titan007\20261010\20261010_223725_titan007_odds_snapshot.csv,NOT_FINAL_STATE_0,bb31dfbfa482c21593c5,RUN_20261010_223725,V4,2026-10-10T22:37:25+08:00,2026-10-10T22:37:25+08:00,2026-10-11T21:00:00+08:00,22.376,False,False,False
V4_SHADOW,3034667,2026-10-11,英女南,牛津联女足 vs 斯文登女足,,,,,,,0,,,D:\codex\v3_legacy\outputs\football_odds_trader\raw\titan007\20261010\20261010_223725_titan007_odds_snapshot.csv,NOT_FINAL_STATE_0,454e361b8b39f205aa8a,RUN_20261010_223725,V4,2026-10-10T22:37:25+08:00,2026-10-10T22:37:25+08:00,2026-10-11T21:00:00+08:00,22.376,False,False,False
V4_SHADOW,3031431,2026-10-11,俄乙A,布里安斯克迪纳摩 vs 罗迪纳莫斯科B队,,,,,,,0,,,D:\codex\v3_legacy\outputs\football_odds_trader\raw\titan007\20261010\20261010_223725_titan007_odds_snapshot.csv,NOT_FINAL_STATE_0,69803384a2ba817804fb,RUN_20261010_223725,V4,2026-10-10T22:37:25+08:00,2026-10-10T22:37:25+08:00,2026-10-11T21:00:00+08:00,22.376,False,False,False
V4_SHADOW,3087181,2026-10-11,马耳乙,阿塔尔德 vs FC梅利塔,,,,,,,0,,,D:\codex\v3_legacy\outputs\football_odds_trader\raw\titan007\20261010\20261010_223725_titan007_odds_snapshot.csv,NOT_FINAL_STATE_0,05f27ee461b2c42969c7,RUN_20261010_223725,V4,2026-10-10T22:37:25+08:00,2026-10-10T22:37:25+08:00,2026-10-11T21:00:00+08:00,22.376,False,False,False
V4_SHADOW,3034530,2026-10-11,英女北,打比郡女足 vs 侯城LFC女足,,,,,,,0,,,D:\codex\v3_legacy\outputs\football_odds_trader\raw\titan007\20261010\20261010_223725_titan007_odds_snapshot.csv,NOT_FINAL_STATE_0,cbd9ffa5c9878957d974,RUN_20261010_223725,V4,2026-10-10T22:37:25+08:00,2026-10-10T22:37:25+08:00,2026-10-11T21:00:00+08:00,22.376,False,False,False
V4_SHADOW,3034531,2026-10-11,英女北,利物浦菲德女足 vs 斯托克城女足,,,,,,,0,,,D:\codex\v3_legacy\outputs\football_odds_trader\raw\titan007\20261010\20261010_223725_titan007_odds_snapshot.csv,NOT_FINAL_STATE_0,ab034aab3a0166e56825,RUN_20261010_223725,V4,2026-10-10T22:37:25+08:00,2026-10-10T22:37:25+08:00,2026-10-11T21:00:00+08:00,22.376,False,False,False
V4_SHADOW,3034532,2026-10-11,英女北,米德尔斯堡女足 vs 诺域治女足,,,,,,,0,,,D:\codex\v3_legacy\outputs\football_odds_trader\raw\titan007\20261010\20261010_223725_titan007_odds_snapshot.csv,NOT_FINAL_STATE_0,5032cbb33870945e6ed9,RUN_20261010_223725,V4,2026-10-10T22:37:25+08:00,2026-10-10T22:37:25+08:00,2026-10-11T21:00:00+08:00,22.376,False,False,False
V4_SHADOW,3034533,2026-10-11,英女北,彼德堡女足 vs 哈德斯菲尔德女足,,,,,,,0,,,D:\codex\v3_legacy\outputs\football_odds_trader\raw\titan007\20261010\20261010_223725_titan007_odds_snapshot.csv,NOT_FINAL_STATE_0,8f958a96c771d1a9b273,RUN_20261010_223725,V4,2026-10-10T22:37:25+08:00,2026-10-10T22:37:25+08:00,2026-10-11T21:00:00+08:00,22.376,False,False,False
V4_SHADOW,3034535,2026-10-11,英女北,西布朗维奇女足 vs 拉夫伯勒闪电女足,,,,,,,0,,,D:\codex\v3_legacy\outputs\football_odds_trader\raw\titan007\20261010\20261010_223725_titan007_odds_snapshot.csv,NOT_FINAL_STATE_0,4bf129947decfeaf6d74,RUN_20261010_223725,V4,2026-10-10T22:37:25+08:00,2026-10-10T22:37:25+08:00,2026-10-11T21:00:00+08:00,22.376,False,False,False
V4_SHADOW,3098064,2026-10-11,德戊,威尔伯特 vs 条顿尼亚通尼斯,,,,,,,0,,,D:\codex\v3_legacy\outputs\football_odds_trader\raw\titan007\20261010\20261010_223725_titan007_odds_snapshot.csv,NOT_FINAL_STATE_0,78944f3cd099ab613e7d,RUN_20261010_223725,V4,2026-10-10T22:37:25+08:00,2026-10-10T22:37:25+08:00,2026-10-11T21:00:00+08:00,22.376,False,False,False
V4_SHADOW,3099378,2026-10-11,德戊,CSC 03卡塞尔 vs 费瓦德,,,,,,,0,,,D:\codex\v3_legacy\outputs\football_odds_trader\raw\titan007\20261010\20261010_223725_titan007_odds_snapshot.csv,NOT_FINAL_STATE_0,da3338155b1c74de85ec,RUN_20261010_223725,V4,2026-10-10T22:37:25+08:00,2026-10-10T22:37:25+08:00,2026-10-11T21:00:00+08:00,22.376,False,False,False
V4_SHADOW,3099382,2026-10-11,德戊,卡尔斯鲁厄青年队 vs 慕尔豪森,,,,,,,0,,,D:\codex\v3_legacy\outputs\football_odds_trader\raw\titan007\20261010\20261010_223725_titan007_odds_snapshot.csv,NOT_FINAL_STATE_0,d3ab5c89ba9a8113ee84,RUN_20261010_223725,V4,2026-10-10T22:37:25+08:00,2026-10-10T22:37:25+08:00,2026-10-11T21:00:00+08:00,22.376,False,False,False
V4_SHADOW,3099383,2026-10-11,德戊,雷特林根年轻人 vs FC 诺尔曼尼亚,,,,,,,0,,,D:\codex\v3_legacy\outputs\football_odds_trader\raw\titan007\20261010\20261010_223725_titan007_odds_snapshot.csv,NOT_FINAL_STATE_0,6efeda0e1f713e2677fd,RUN_20261010_223725,V4,2026-10-10T22:37:25+08:00,2026-10-10T22:37:25+08:00,2026-10-11T21:00:00+08:00,22.376,False,False,False
V4_SHADOW,3099390,2026-10-11,德戊,巴姆堡格 vs SV索尼克斯,,,,,,,0,,,D:\codex\v3_legacy\outputs\football_odds_trader\raw\titan007\20261010\20261010_223725_titan007_odds_snapshot.csv,NOT_FINAL_STATE_0,bcf3f4c0ef5374d69600,RUN_20261010_223725,V4,2026-10-10T22:37:25+08:00,2026-10-10T22:37:25+08:00,2026-10-11T21:00:00+08:00,22.376,False,False,False
V4_SHADOW,3099391,2026-10-11,德戊,TSV梅尔布施 vs 加兹韦勒,,,,,,,0,,,D:\codex\v3_legacy\outputs\football_odds_trader\raw\titan007\20261010\20261010_223725_titan007_odds_snapshot.csv,NOT_FINAL_STATE_0,c3162b9c6af6c8580736,RUN_20261010_223725,V4,2026-10-10T22:37:25+08:00,2026-10-10T22:37:25+08:00,2026-10-11T21:00:00+08:00,22.376,False,False,False
V4_SHADOW,3099392,2026-10-11,德戊,SV舍尔彭贝格 vs 胡派达尔,,,,,,,0,,,D:\codex\v3_legacy\outputs\football_odds_trader\raw\titan007\20261010\20261010_223725_titan007_odds_snapshot.csv,NOT_FINAL_STATE_0,3064fc0b0db7ac222091,RUN_20261010_223725,V4,2026-10-10T22:37:25+08:00,2026-10-10T22:37:25+08:00,2026-10-11T21:00:00+08:00,22.376,False,False,False
V4_SHADOW,3099393,2026-10-11,德戊,松斯贝克 vs 蒙海姆,,,,,,,0,,,D:\codex\v3_legacy\outputs\football_odds_trader\raw\titan007\20261010\20261010_223725_titan007_odds_snapshot.csv,NOT_FINAL_STATE_0,de1a7336e44a650981b7,RUN_20261010_223725,V4,2026-10-10T22:37:25+08:00,2026-10-10T22:37:25+08:00,2026-10-11T21:00:00+08:00,22.376,False,False,False
V4_SHADOW,3099394,2026-10-11,德戊,比勒费尔德B队 vs 普鲁士明斯特B队,,,,,,,0,,,D:\codex\v3_legacy\outputs\football_odds_trader\raw\titan007\20261010\20261010_223725_titan007_odds_snapshot.csv,NOT_FINAL_STATE_0,ced9264f7627db86c99b,RUN_20261010_223725,V4,2026-10-10T22:37:25+08:00,2026-10-10T22:37:25+08:00,2026-10-11T21:00:00+08:00,22.376,False,False,False
V4_SHADOW,3099395,2026-10-11,德戊,TSV维多利亚克拉霍尔茨 vs 洛马斯林根,,,,,,,0,,,D:\codex\v3_legacy\outputs\football_odds_trader\raw\titan007\20261010\20261010_223725_titan007_odds_snapshot.csv,NOT_FINAL_STATE_0,ca1dd536573077ee2966,RUN_20261010_223725,V4,2026-10-10T22:37:25+08:00,2026-10-10T22:37:25+08:00,2026-10-11T21:00:00+08:00,22.376,False,False,False
V4_SHADOW,3099396,2026-10-11,德戊,恩卓治特 vs 斯瑟姆比克,,,,,,,0,,,D:\codex\v3_legacy\outputs\football_odds_trader\raw\titan007\20261010\20261010_223725_titan007_odds_snapshot.csv,NOT_FINAL_STATE_0,1e4d576930f04a8d965b,RUN_20261010_223725,V4,2026-10-10T22:37:25+08:00,2026-10-10T22:37:25+08:00,2026-10-11T21:00:00+08:00,22.376,False,False,False
V4_SHADOW,3099397,2026-10-11,德戊,希尔特鲁普 vs 尔肯卫克,,,,,,,0,,,D:\codex\v3_legacy\outputs\football_odds_trader\raw\titan007\20261010\20261010_223725_titan007_odds_snapshot.csv,NOT_FINAL_STATE_0,1551567c2d7092bd50d5,RUN_20261010_223725,V4,2026-10-10T22:37:25+08:00,2026-10-10T22:37:25+08:00,2026-10-11T21:00:00+08:00,22.376,False,False,False
V4_SHADOW,3099398,2026-10-11,德戊,斯罗可候沃 vs SV利比斯塔德,,,,,,,0,,,D:\codex\v3_legacy\outputs\football_odds_trader\raw\titan007\20261010\20261010_223725_titan007_odds_snapshot.csv,NOT_FINAL_STATE_0,0f450c9c90ca95cc68e6,RUN_20261010_223725,V4,2026-10-10T22:37:25+08:00,2026-10-10T22:37:25+08:00,2026-10-11T21:00:00+08:00,22.376,False,False,False
V4_SHADOW,3099400,2026-10-11,德戊,弗雷登1921 vs 恩内珀塔尔,,,,,,,0,,,D:\codex\v3_legacy\outputs\football_odds_trader\raw\titan007\20261010\20261010_223725_titan007_odds_snapshot.csv,NOT_FINAL_STATE_0,bb2e76a3c2dc4d25f2cc,RUN_20261010_223725,V4,2026-10-10T22:37:25+08:00,2026-10-10T22:37:25+08:00,2026-10-11T21:00:00+08:00,22.376,False,False,False
V4_SHADOW,3099401,2026-10-11,德戊,维尔B队 vs 威斯特伐利亚1920,,,,,,,0,,,D:\codex\v3_legacy\outputs\football_odds_trader\raw\titan007\20261010\20261010_223725_titan007_odds_snapshot.csv,NOT_FINAL_STATE_0,fd56d20e82d5d9834a59,RUN_20261010_223725,V4,2026-10-10T22:37:25+08:00,2026-10-10T22:37:25+08:00,2026-10-11T21:00:00+08:00,22.376,False,False,False
V4_SHADOW,3099447,2026-10-11,德戊,亨内夫 vs 杜伦,,,,,,,0,,,D:\codex\v3_legacy\outputs\football_odds_trader\raw\titan007\20261010\20261010_223725_titan007_odds_snapshot.csv,NOT_FINAL_STATE_0,bc7fc71651f6dc71fd4c,RUN_20261010_223725,V4,2026-10-10T22:37:25+08:00,2026-10-10T22:37:25+08:00,2026-10-11T21:00:00+08:00,22.376,False,False,False
V4_SHADOW,3099448,2026-10-11,德戊,韦格堡贝克 vs 莫顿,,,,,,,0,,,D:\codex\v3_legacy\outputs\football_odds_trader\raw\titan007\20261010\20261010_223725_titan007_odds_snapshot.csv,NOT_FINAL_STATE_0,63585f8d6ddab9ac3248,RUN_20261010_223725,V4,2026-10-10T22:37:25+08:00,2026-10-10T22:37:25+08:00,2026-10-11T21:00:00+08:00,22.376,False,False,False
V4_SHADOW,3082620,2026-10-11,俄乙B南降,奥伦堡B队 vs 乌拉尔B队,,,,,,,0,,,D:\codex\v3_legacy\outputs\football_odds_trader\raw\titan007\20261010\20261010_223725_titan007_odds_snapshot.csv,NOT_FINAL_STATE_0,d89a20606c1370ec540b,RUN_20261010_223725,V4,2026-10-10T22:37:25+08:00,2026-10-10T22:37:25+08:00,2026-10-11T21:00:00+08:00,22.376,False,False,False
V4_SHADOW,2966284,2026-10-11,俄乙B西,舍克斯纳 vs 弗拉基米尔鱼雷,,,,,,,0,,,D:\codex\v3_legacy\outputs\football_odds_trader\raw\titan007\20261010\20261010_223725_titan007_odds_snapshot.csv,NOT_FINAL_STATE_0,7c0ca61382972ac233a2,RUN_20261010_223725,V4,2026-10-10T22:37:25+08:00,2026-10-10T22:37:25+08:00,2026-10-11T21:00:00+08:00,22.376,False,False,False
V4_SHADOW,2966287,2026-10-11,俄乙B西,莫斯科斯巴达B队 vs 扎维达,,,,,,,0,,,D:\codex\v3_legacy\outputs\football_odds_trader\raw\titan007\20261010\20261010_223725_titan007_odds_snapshot.csv,NOT_FINAL_STATE_0,7c1650b7fa7b42fe0a1c,RUN_20261010_223725,V4,2026-10-10T22:37:25+08:00,2026-10-10T22:37:25+08:00,2026-10-11T21:00:00+08:00,22.376,False,False,False
V4_SHADOW,3100122,2026-10-11,巴拉乙,卡巴列罗JLM vs 桑坦尼体育会,,,,,,,0,,,D:\codex\v3_legacy\outputs\football_odds_trader\raw\titan007\20261010\20261010_223725_titan007_odds_snapshot.csv,NOT_FINAL_STATE_0,c02159ed1f22d7b425cc,RUN_20261010_223725,V4,2026-10-10T22:37:25+08:00,2026-10-10T22:37:25+08:00,2026-10-11T21:00:00+08:00,22.376,False,False,False
V4_SHADOW,3100123,2026-10-11,巴拉乙,雷西斯滕SC vs 朱尼诺VH,,,,,,,0,,,D:\codex\v3_legacy\outputs\football_odds_trader\raw\titan007\20261010\20261010_223725_titan007_odds_snapshot.csv,NOT_FINAL_STATE_0,4c2e70a356571c9cdedb,RUN_20261010_223725,V4,2026-10-10T22:37:25+08:00,2026-10-10T22:37:25+08:00,2026-10-11T21:00:00+08:00,22.376,False,False,False
V4_SHADOW,3101403,2026-10-11,希丙,新阿尔塔基 vs AO阿格拉丰,,,,,,,0,,,D:\codex\v3_legacy\outputs\football_odds_trader\raw\titan007\20261010\20261010_223725_titan007_odds_snapshot.csv,NOT_FINAL_STATE_0,c02ecc7f040588de0bdd,RUN_20261010_223725,V4,2026-10-10T22:37:25+08:00,2026-10-10T22:37:25+08:00,2026-10-11T21:00:00+08:00,22.376,False,False,False
V4_SHADOW,3101416,2026-10-11,希丙,卢夫队 vs 亚菲利,,,,,,,0,,,D:\codex\v3_legacy\outputs\football_odds_trader\raw\titan007\20261010\20261010_223725_titan007_odds_snapshot.csv,NOT_FINAL_STATE_0,bf3ab339e5d89a560655,RUN_20261010_223725,V4,2026-10-10T22:37:25+08:00,2026-10-10T22:37:25+08:00,2026-10-11T21:00:00+08:00,22.376,False,False,False
V4_SHADOW,3099939,2026-10-11,津巴超,卡普斯联 vs 辛巴波拉,,,,,,,0,,,D:\codex\v3_legacy\outputs\football_odds_trader\raw\titan007\20261010\20261010_223725_titan007_odds_snapshot.csv,NOT_FINAL_STATE_0,8ad884b4a6d14f0e0902,RUN_20261010_223725,V4,2026-10-10T22:37:25+08:00,2026-10-10T22:37:25+08:00,2026-10-11T21:00:00+08:00,22.376,False,False,False
V4_SHADOW,3100500,2026-10-11,埃塞超,加莫陈茶 vs 埃塞俄比亚保险,,,,,,,0,,,D:\codex\v3_legacy\outputs\football_odds_trader\raw\titan007\20261010\20261010_223725_titan007_odds_snapshot.csv,NOT_FINAL_STATE_0,47d5c12d3f69c171a38c,RUN_20261010_223725,V4,2026-10-10T22:37:25+08:00,2026-10-10T22:37:25+08:00,2026-10-11T21:00:00+08:00,22.376,False,False,False
V4_SHADOW,3101054,2026-10-11,卢旺达联,阿玛加祖 vs 穆库尔,,,,,,,0,,,D:\codex\v3_legacy\outputs\football_odds_trader\raw\titan007\20261010\20261010_223725_titan007_odds_snapshot.csv,NOT_FINAL_STATE_0,47ace4c5f94be8b84223,RUN_20261010_223725,V4,2026-10-10T22:37:25+08:00,2026-10-10T22:37:25+08:00,2026-10-11T21:00:00+08:00,22.376,False,False,False
V4_SHADOW,3101055,2026-10-11,卢旺达联,松里泽 vs 卢旺达警察,,,,,,,0,,,D:\codex\v3_legacy\outputs\football_odds_trader\raw\titan007\20261010\20261010_223725_titan007_odds_snapshot.csv,NOT_FINAL_STATE_0,6b8d2bf5cee5f83683af,RUN_20261010_223725,V4,2026-10-10T22:37:25+08:00,2026-10-10T22:37:25+08:00,2026-10-11T21:00:00+08:00,22.376,False,False,False
V4_SHADOW,3066754,2026-10-11,比业余,弗莱尼 vs 圣吉罗斯联B队,,,,,,,0,,,D:\codex\v3_legacy\outputs\football_odds_trader\raw\titan007\20261010\20261010_223725_titan007_odds_snapshot.csv,NOT_FINAL_STATE_0,8e4cf1d9b1b1940435cd,RUN_20261010_223725,V4,2026-10-10T22:37:25+08:00,2026-10-10T22:37:25+08:00,2026-10-11T21:00:00+08:00,22.376,False,False,False
V4_SHADOW,3066755,2026-10-11,比业余,哈巴拉纽威 vs 蒙斯,,,,,,,0,,,D:\codex\v3_legacy\outputs\football_odds_trader\raw\titan007\20261010\20261010_223725_titan007_odds_snapshot.csv,NOT_FINAL_STATE_0,09eee40a023c45d22ff2,RUN_20261010_223725,V4,2026-10-10T22:37:25+08:00,2026-10-10T22:37:25+08:00,2026-10-11T21:00:00+08:00,22.376,False,False,False
V4_SHADOW,3066756,2026-10-11,比业余,标准列日B队 vs 安海耶,,,,,,,0,,,D:\codex\v3_legacy\outputs\football_odds_trader\raw\titan007\20261010\20261010_223725_titan007_odds_snapshot.csv,NOT_FINAL_STATE_0,ce00e461b8b62b06718f,RUN_20261010_223725,V4,2026-10-10T22:37:25+08:00,2026-10-10T22:37:25+08:00,2026-10-11T21:00:00+08:00,22.376,False,False,False
V4_SHADOW,3066893,2026-10-11,比业余,斯博文 vs 蒂嫩,,,,,,,0,,,D:\codex\v3_legacy\outputs\football_odds_trader\raw\titan007\20261010\20261010_223725_titan007_odds_snapshot.csv,NOT_FINAL_STATE_0,d72bcd6a7aa42a8efd39,RUN_20261010_223725,V4,2026-10-10T22:37:25+08:00,2026-10-10T22:37:25+08:00,2026-10-11T21:00:00+08:00,22.376,False,False,False
V4_SHADOW,3066894,2026-10-11,比业余,色格拉布鲁日B队 vs 利尔斯贝尔拉尔,,,,,,,0,,,D:\codex\v3_legacy\outputs\football_odds_trader\raw\titan007\20261010\20261010_223725_titan007_odds_snapshot.csv,NOT_FINAL_STATE_0,2846c1b0f633d3fb4db3,RUN_20261010_223725,V4,2026-10-10T22:37:25+08:00,2026-10-10T22:37:25+08:00,2026-10-11T21:00:00+08:00,22.376,False,False,False
V4_SHADOW,3066895,2026-10-11,比业余,哈里本克 vs 特汉斯,,,,,,,0,,,D:\codex\v3_legacy\outputs\football_odds_trader\raw\titan007\20261010\20261010_223725_titan007_odds_snapshot.csv,NOT_FINAL_STATE_0,62d247c1d5fab3e1d08d,RUN_20261010_223725,V4,2026-10-10T22:37:25+08:00,2026-10-10T22:37:25+08:00,2026-10-11T21:00:00+08:00,22.376,False,False,False
V4_SHADOW,3066896,2026-10-11,比业余,旧海弗莱鲁汶B队 vs 海斯特,,,,,,,0,,,D:\codex\v3_legacy\outputs\football_odds_trader\raw\titan007\20261010\20261010_223725_titan007_odds_snapshot.csv,NOT_FINAL_STATE_0,5d967fbaf8acbcb4227a,RUN_20261010_223725,V4,2026-10-10T22:37:25+08:00,2026-10-10T22:37:25+08:00,2026-10-11T21:00:00+08:00,22.376,False,False,False
V4_SHADOW,3066897,2026-10-11,比业余,梅勒尔贝克 vs 曼德尔联合,,,,,,,0,,,D:\codex\v3_legacy\outputs\football_odds_trader\raw\titan007\20261010\20261010_223725_titan007_odds_snapshot.csv,NOT_FINAL_STATE_0,ce440725d507217a75cf,RUN_20261010_223725,V4,2026-10-10T22:37:25+08:00,2026-10-10T22:37:25+08:00,2026-10-11T21:00:00+08:00,22.376,False,False,False
V4_SHADOW,3101411,2026-10-11,波兰丙,阿科尼亚 vs 英斯科,,,,,,,0,,,D:\codex\v3_legacy\outputs\football_odds_trader\raw\titan007\20261010\20261010_223725_titan007_odds_snapshot.csv,NOT_FINAL_STATE_0,5dc9b3ab44e405734cb9,RUN_20261010_223725,V4,2026-10-10T22:37:25+08:00,2026-10-10T22:37:25+08:00,2026-10-11T21:00:00+08:00,22.376,False,False,False
V4_SHADOW,3101414,2026-10-11,波兰丙,波贡巴列内克 vs 斯威特什切青II队,,,,,,,0,,,D:\codex\v3_legacy\outputs\football_odds_trader\raw\titan007\20261010\20261010_223725_titan007_odds_snapshot.csv,NOT_FINAL_STATE_0,630398a38ac338a3e342,RUN_20261010_223725,V4,2026-10-10T22:37:25+08:00,2026-10-10T22:37:25+08:00,2026-10-11T21:00:00+08:00,22.376,False,False,False
V4_SHADOW,3099362,2026-10-11,波兰丙,扎姆布朗 vs 佐维耶茨基,,,,,,,0,,,D:\codex\v3_legacy\outputs\football_odds_trader\raw\titan007\20261010\20261010_223725_titan007_odds_snapshot.csv,NOT_FINAL_STATE_0,965e1a3bc8f5838fca1b,RUN_20261010_223725,V4,2026-10-10T22:37:25+08:00,2026-10-10T22:37:25+08:00,2026-10-11T21:00:00+08:00,22.376,False,False,False
V4_SHADOW,3099363,2026-10-11,波兰丙,希特曼 vs 波拉尼,,,,,,,0,,,D:\codex\v3_legacy\outputs\football_odds_trader\raw\titan007\20261010\20261010_223725_titan007_odds_snapshot.csv,NOT_FINAL_STATE_0,a0ea822ac1db1ffd39d9,RUN_20261010_223725,V4,2026-10-10T22:37:25+08:00,2026-10-10T22:37:25+08:00,2026-10-11T21:00:00+08:00,22.376,False,False,False
V4_SHADOW,3101051,2026-10-11,赞比亚超,萨纳科 vs 孔科拉刀片,,,,,,,0,,,D:\codex\v3_legacy\outputs\football_odds_trader\raw\titan007\20261010\20261010_223725_titan007_odds_snapshot.csv,NOT_FINAL_STATE_0,a2a8baf18588cf043a1a,RUN_20261010_223725,V4,2026-10-10T22:37:25+08:00,2026-10-10T22:37:25+08:00,2026-10-11T21:00:00+08:00,22.376,False,False,False
V4_SHADOW,3101052,2026-10-11,赞比亚超,动力迪纳摩 vs 恩昌加流浪者,,,,,,,0,,,D:\codex\v3_legacy\outputs\football_odds_trader\raw\titan007\20261010\20261010_223725_titan007_odds_snapshot.csv,NOT_FINAL_STATE_0,4f941744abfeabe9cfc4,RUN_20261010_223725,V4,2026-10-10T22:37:25+08:00,2026-10-10T22:37:25+08:00,2026-10-11T21:00:00+08:00,22.376,False,False,False
V4_SHADOW,3044009,2026-10-11,瑞士乙,比尔 vs 巴素利B队,,,,,,,0,,,D:\codex\v3_legacy\outputs\football_odds_trader\raw\titan007\20261010\20261010_223725_titan007_odds_snapshot.csv,NOT_FINAL_STATE_0,9dccf728f01a788116fb,RUN_20261010_223725,V4,2026-10-10T22:37:25+08:00,2026-10-10T22:37:25+08:00,2026-10-11T21:00:00+08:00,22.376,False,False,False
V4_SHADOW,3099462,2026-10-11,意丁,卡斯特鲁姆法瓦拉 vs 华图斯,,,,,,,0,,,D:\codex\v3_legacy\outputs\football_odds_trader\raw\titan007\20261010\20261010_223725_titan007_odds_snapshot.csv,NOT_FINAL_STATE_0,93fd326fa66dc88377fb,RUN_20261010_223725,V4,2026-10-10T22:37:25+08:00,2026-10-10T22:37:25+08:00,2026-10-11T21:00:00+08:00,22.376,False,False,False
V4_SHADOW,3099463,2026-10-11,意丁,迪吉耶塞普拉亚托尔托拉 vs 莫蒂卡,,,,,,,0,,,D:\codex\v3_legacy\outputs\football_odds_trader\raw\titan007\20261010\20261010_223725_titan007_odds_snapshot.csv,NOT_FINAL_STATE_0,223b86751f281af83504,RUN_20261010_223725,V4,2026-10-10T22:37:25+08:00,2026-10-10T22:37:25+08:00,2026-10-11T21:00:00+08:00,22.376,False,False,False
V4_SHADOW,3099464,2026-10-11,意丁,恩纳 vs 阿沃拉,,,,,,,0,,,D:\codex\v3_legacy\outputs\football_odds_trader\raw\titan007\20261010\20261010_223725_titan007_odds_snapshot.csv,NOT_FINAL_STATE_0,8572d57cb992d0a5b33e,RUN_20261010_223725,V4,2026-10-10T22:37:25+08:00,2026-10-10T22:37:25+08:00,2026-10-11T21:00:00+08:00,22.376,False,False,False
V4_SHADOW,3099466,2026-10-11,意丁,雷吉纳 vs 维波纳桑,,,,,,,0,,,D:\codex\v3_legacy\outputs\football_odds_trader\raw\titan007\20261010\20261010_223725_titan007_odds_snapshot.csv,NOT_FINAL_STATE_0,2404ddb2c275b3eafdd8,RUN_20261010_223725,V4,2026-10-10T22:37:25+08:00,2026-10-10T22:37:25+08:00,2026-10-11T21:00:00+08:00,22.376,False,False,False
V4_SHADOW,3099467,2026-10-11,意丁,桑比亚塞 vs 特腊帕尼,,,,,,,0,,,D:\codex\v3_legacy\outputs\football_odds_trader\raw\titan007\20261010\20261010_223725_titan007_odds_snapshot.csv,NOT_FINAL_STATE_0,84945c4ce797461d0989,RUN_20261010_223725,V4,2026-10-10T22:37:25+08:00,2026-10-10T22:37:25+08:00,2026-10-11T21:00:00+08:00,22.376,False,False,False
V4_SHADOW,3099468,2026-10-11,意丁,锡拉库萨 vs 维哥雷兹亚,,,,,,,0,,,D:\codex\v3_legacy\outputs\football_odds_trader\raw\titan007\20261010\20261010_223725_titan007_odds_snapshot.csv,NOT_FINAL_STATE_0,035b3dbe8d21e3568a12,RUN_20261010_223725,V4,2026-10-10T22:37:25+08:00,2026-10-10T22:37:25+08:00,2026-10-11T21:00:00+08:00,22.376,False,False,False
V4_SHADOW,3099469,2026-10-11,意丁,ASD拉古萨 vs 尼萨FC,,,,,,,0,,,D:\codex\v3_legacy\outputs\football_odds_trader\raw\titan007\20261010\20261010_223725_titan007_odds_snapshot.csv,NOT_FINAL_STATE_0,301a3e1caeac40ed5e20,RUN_20261010_223725,V4,2026-10-10T22:37:25+08:00,2026-10-10T22:37:25+08:00,2026-10-11T21:00:00+08:00,22.376,False,False,False
V4_SHADOW,3099470,2026-10-11,意丁,阿莱森多里亚 vs 费赞尼瑟,,,,,,,0,,,D:\codex\v3_legacy\outputs\football_odds_trader\raw\titan007\20261010\20261010_223725_titan007_odds_snapshot.csv,NOT_FINAL_STATE_0,3925611f1222310ce83b,RUN_20261010_223725,V4,2026-10-10T22:37:25+08:00,2026-10-10T22:37:25+08:00,2026-10-11T21:00:00+08:00,22.376,False,False,False
V4_SHADOW,3099471,2026-10-11,意丁,阿斯蒂 vs 拉斯卡里斯,,,,,,,0,,,D:\codex\v3_legacy\outputs\football_odds_trader\raw\titan007\20261010\20261010_223725_titan007_odds_snapshot.csv,NOT_FINAL_STATE_0,bcae7e083b6f669e72c2,RUN_20261010_223725,V4,2026-10-10T22:37:25+08:00,2026-10-10T22:37:25+08:00,2026-10-11T21:00:00+08:00,22.376,False,False,False
V4_SHADOW,3099472,2026-10-11,意丁,布拉 vs ACSD萨鲁佐,,,,,,,0,,,D:\codex\v3_legacy\outputs\football_odds_trader\raw\titan007\20261010\20261010_223725_titan007_odds_snapshot.csv,NOT_FINAL_STATE_0,561c3b19d214c667a43e,RUN_20261010_223725,V4,2026-10-10T22:37:25+08:00,2026-10-10T22:37:25+08:00,2026-10-11T21:00:00+08:00,22.376,False,False,False
V4_SHADOW,3099473,2026-10-11,意丁,奇索拉 vs 德尔特霍纳,,,,,,,0,,,D:\codex\v3_legacy\outputs\football_odds_trader\raw\titan007\20261010\20261010_223725_titan007_odds_snapshot.csv,NOT_FINAL_STATE_0,51d94e03c4321d698578,RUN_20261010_223725,V4,2026-10-10T22:37:25+08:00,2026-10-10T22:37:25+08:00,2026-10-11T21:00:00+08:00,22.376,False,False,False
V4_SHADOW,3099474,2026-10-11,意丁,戈扎诺 vs 利高列那,,,,,,,0,,,D:\codex\v3_legacy\outputs\football_odds_trader\raw\titan007\20261010\20261010_223725_titan007_odds_snapshot.csv,NOT_FINAL_STATE_0,d9e735dad9199900a641,RUN_20261010_223725,V4,2026-10-10T22:37:25+08:00,2026-10-10T22:37:25+08:00,2026-10-11T21:00:00+08:00,22.376,False,False,False
V4_SHADOW,3099475,2026-10-11,意丁,ASD因佩里亚 vs 比尔利斯,,,,,,,0,,,D:\codex\v3_legacy\outputs\football_odds_trader\raw\titan007\20261010\20261010_223725_titan007_odds_snapshot.csv,NOT_FINAL_STATE_0,f7654ac16e1e1654e1f6,RUN_20261010_223725,V4,2026-10-10T22:37:25+08:00,2026-10-10T22:37:25+08:00,2026-10-11T21:00:00+08:00,22.376,False,False,False
V4_SHADOW,3099476,2026-10-11,意丁,米利西莫 vs 博尔戈塞,,,,,,,0,,,D:\codex\v3_legacy\outputs\football_odds_trader\raw\titan007\20261010\20261010_223725_titan007_odds_snapshot.csv,NOT_FINAL_STATE_0,a2d63541af2c3899f048,RUN_20261010_223725,V4,2026-10-10T22:37:25+08:00,2026-10-10T22:37:25+08:00,2026-10-11T21:00:00+08:00,22.376,False,False,False
V4_SHADOW,3099477,2026-10-11,意丁,斯莱万特 vs 泽勒·瓦拉泽,,,,,,,0,,,D:\codex\v3_legacy\outputs\football_odds_trader\raw\titan007\20261010\20261010_223725_titan007_odds_snapshot.csv,NOT_FINAL_STATE_0,427a41b742194aa33efb,RUN_20261010_223725,V4,2026-10-10T22:37:25+08:00,2026-10-10T22:37:25+08:00,2026-10-11T21:00:00+08:00,22.376,False,False,False
V4_SHADOW,3099478,2026-10-11,意丁,华伦扎纳 vs 桑雷美森,,,,,,,0,,,D:\codex\v3_legacy\outputs\football_odds_trader\raw\titan007\20261010\20261010_223725_titan007_odds_snapshot.csv,NOT_FINAL_STATE_0,8a30b254d15e2b1929b6,RUN_20261010_223725,V4,2026-10-10T22:37:25+08:00,2026-10-10T22:37:25+08:00,2026-10-11T21:00:00+08:00,22.376,False,False,False
V4_SHADOW,3099479,2026-10-11,意丁,米兰未来 vs 罗瓦托,,,,,,,0,,,D:\codex\v3_legacy\outputs\football_odds_trader\raw\titan007\20261010\20261010_223725_titan007_odds_snapshot.csv,NOT_FINAL_STATE_0,7453c89f1a93526a239b,RUN_20261010_223725,V4,2026-10-10T22:37:25+08:00,2026-10-10T22:37:25+08:00,2026-10-11T21:00:00+08:00,22.376,False,False,False
V4_SHADOW,3099481,2026-10-11,意丁,莱昂蒙扎布里安扎 vs 帕沃内斯,,,,,,,0,,,D:\codex\v3_legacy\outputs\football_odds_trader\raw\titan007\20261010\20261010_223725_titan007_odds_snapshot.csv,NOT_FINAL_STATE_0,77ee28f54e463234bdcf,RUN_20261010_223725,V4,2026-10-10T22:37:25+08:00,2026-10-10T22:37:25+08:00,2026-10-11T21:00:00+08:00,22.376,False,False,False
V4_SHADOW,3099482,2026-10-11,意丁,尼比亚瓦尔蒂顿 vs 西斯特拉诺,,,,,,,0,,,D:\codex\v3_legacy\outputs\football_odds_trader\raw\titan007\20261010\20261010_223725_titan007_odds_snapshot.csv,NOT_FINAL_STATE_0,c600ee5959e788be29ee,RUN_20261010_223725,V4,2026-10-10T22:37:25+08:00,2026-10-10T22:37:25+08:00,2026-10-11T21:00:00+08:00,22.376,False,False,False
V4_SHADOW,3099483,2026-10-11,意丁,AC帕拉索洛 vs 阿斯德卡尔迪罗,,,,,,,0,,,D:\codex\v3_legacy\outputs\football_odds_trader\raw\titan007\20261010\20261010_223725_titan007_odds_snapshot.csv,NOT_FINAL_STATE_0,f8531cfdbfc90c42ec87,RUN_20261010_223725,V4,2026-10-10T22:37:25+08:00,2026-10-10T22:37:25+08:00,2026-10-11T21:00:00+08:00,22.376,False,False,False
V4_SHADOW,3099484,2026-10-11,意丁,卡列皮纳 vs 瓦尔布伦巴纳,,,,,,,0,,,D:\codex\v3_legacy\outputs\football_odds_trader\raw\titan007\20261010\20261010_223725_titan007_odds_snapshot.csv,NOT_FINAL_STATE_0,98db1e4cacbcb13e7745,RUN_20261010_223725,V4,2026-10-10T22:37:25+08:00,2026-10-10T22:37:25+08:00,2026-10-11T21:00:00+08:00,22.376,False,False,False
V4_SHADOW,3099485,2026-10-11,意丁,斯坎佐罗夏特 vs 布鲁萨波特,,,,,,,0,,,D:\codex\v3_legacy\outputs\football_odds_trader\raw\titan007\20261010\20261010_223725_titan007_odds_snapshot.csv,NOT_FINAL_STATE_0,f2ee207efc9527ed2e96,RUN_20261010_223725,V4,2026-10-10T22:37:25+08:00,2026-10-10T22:37:25+08:00,2026-10-11T21:00:00+08:00,22.376,False,False,False
V4_SHADOW,3099486,2026-10-11,意丁,特里铁姆 vs 米兰奴俱乐部,,,,,,,0,,,D:\codex\v3_legacy\outputs\football_odds_trader\raw\titan007\20261010\20261010_223725_titan007_odds_snapshot.csv,NOT_FINAL_STATE_0,d445220ebdd728676ac9,RUN_20261010_223725,V4,2026-10-10T22:37:25+08:00,2026-10-10T22:37:25+08:00,2026-10-11T21:00:00+08:00,22.376,False,False,False
V4_SHADOW,3099488,2026-10-11,意丁,纳尔多 vs FBC格拉维纳,,,,,,,0,,,D:\codex\v3_legacy\outputs\football_odds_trader\raw\titan007\20261010\20261010_223725_titan007_odds_snapshot.csv,NOT_FINAL_STATE_0,58fec879e8cf4a15afcc,RUN_20261010_223725,V4,2026-10-10T22:37:25+08:00,2026-10-10T22:37:25+08:00,2026-10-11T21:00:00+08:00,22.376,False,False,False
V4_SHADOW,3099489,2026-10-11,意丁,比谢列1913 vs 帕勒梅斯1914,,,,,,,0,,,D:\codex\v3_legacy\outputs\football_odds_trader\raw\titan007\20261010\20261010_223725_titan007_odds_snapshot.csv,NOT_FINAL_STATE_0,2378badc0faa8bcfcad6,RUN_20261010_223725,V4,2026-10-10T22:37:25+08:00,2026-10-10T22:37:25+08:00,2026-10-11T21:00:00+08:00,22.376,False,False,False
V4_SHADOW,3099490,2026-10-11,意丁,伊波利谭纳 vs 马蒂纳,,,,,,,0,,,D:\codex\v3_legacy\outputs\football_odds_trader\raw\titan007\20261010\20261010_223725_titan007_odds_snapshot.csv,NOT_FINAL_STATE_0,88cd25c38393df434dc1,RUN_20261010_223725,V4,2026-10-10T22:37:25+08:00,2026-10-10T22:37:25+08:00,2026-10-11T21:00:00+08:00,22.376,False,False,False
V4_SHADOW,3099492,2026-10-11,意丁,伊斯基亚 vs 梅尔菲,,,,,,,0,,,D:\codex\v3_legacy\outputs\football_odds_trader\raw\titan007\20261010\20261010_223725_titan007_odds_snapshot.csv,NOT_FINAL_STATE_0,17b89955429dac9db479,RUN_20261010_223725,V4,2026-10-10T22:37:25+08:00,2026-10-10T22:37:25+08:00,2026-10-11T21:00:00+08:00,22.376,False,False,False
V4_SHADOW,3099494,2026-10-11,意丁,阿尔塔维拉 vs 克洛迪,,,,,,,0,,,D:\codex\v3_legacy\outputs\football_odds_trader\raw\titan007\20261010\20261010_223725_titan007_odds_snapshot.csv,NOT_FINAL_STATE_0,039ce63df676f00a2a5b,RUN_20261010_223725,V4,2026-10-10T22:37:25+08:00,2026-10-10T22:37:25+08:00,2026-10-11T21:00:00+08:00,22.376,False,False,False
V4_SHADOW,3099495,2026-10-11,意丁,皇室农业 vs 安德里亚,,,,,,,0,,,D:\codex\v3_legacy\outputs\football_odds_trader\raw\titan007\20261010\20261010_223725_titan007_odds_snapshot.csv,NOT_FINAL_STATE_0,42d080cd94f5773bab92,RUN_20261010_223725,V4,2026-10-10T22:37:25+08:00,2026-10-10T22:37:25+08:00,2026-10-11T21:00:00+08:00,22.376,False,False,False
V4_SHADOW,3099496,2026-10-11,意丁,巴萨诺 vs ASD布莱恩利格纳诺,,,,,,,0,,,D:\codex\v3_legacy\outputs\football_odds_trader\raw\titan007\20261010\20261010_223725_titan007_odds_snapshot.csv,NOT_FINAL_STATE_0,dbaccf4d059b5e72a4fc,RUN_20261010_223725,V4,2026-10-10T22:37:25+08:00,2026-10-10T22:37:25+08:00,2026-10-11T21:00:00+08:00,22.376,False,False,False
V4_SHADOW,3099498,2026-10-11,意丁,卡尔维诺阿莱 vs 桑多纳1922,,,,,,,0,,,D:\codex\v3_legacy\outputs\football_odds_trader\raw\titan007\20261010\20261010_223725_titan007_odds_snapshot.csv,NOT_FINAL_STATE_0,577be01b8fd19a6c6ce6,RUN_20261010_223725,V4,2026-10-10T22:37:25+08:00,2026-10-10T22:37:25+08:00,2026-10-11T21:00:00+08:00,22.376,False,False,False
V4_SHADOW,3099499,2026-10-11,意丁,ACD坎波达尔 vs 博尔扎诺,,,,,,,0,,,D:\codex\v3_legacy\outputs\football_odds_trader\raw\titan007\20261010\20261010_223725_titan007_odds_snapshot.csv,NOT_FINAL_STATE_0,cb3393f9862f56a040c4,RUN_20261010_223725,V4,2026-10-10T22:37:25+08:00,2026-10-10T22:37:25+08:00,2026-10-11T21:00:00+08:00,22.376,False,False,False
V4_SHADOW,3099500,2026-10-11,意丁,查林穆尼 vs 利哥纳诺萨卢斯,,,,,,,0,,,D:\codex\v3_legacy\outputs\football_odds_trader\raw\titan007\20261010\20261010_223725_titan007_odds_snapshot.csv,NOT_FINAL_STATE_0,f59c8f658fae3c630f46,RUN_20261010_223725,V4,2026-10-10T22:37:25+08:00,2026-10-10T22:37:25+08:00,2026-10-11T21:00:00+08:00,22.376,False,False,False
V4_SHADOW,3099501,2026-10-11,意丁,科内利亚诺 vs 梅斯特雷,,,,,,,0,,,D:\codex\v3_legacy\outputs\football_odds_trader\raw\titan007\20261010\20261010_223725_titan007_odds_snapshot.csv,NOT_FINAL_STATE_0,ba99e3656d29e3b84e9c,RUN_20261010_223725,V4,2026-10-10T22:37:25+08:00,2026-10-10T22:37:25+08:00,2026-10-11T21:00:00+08:00,22.376,False,False,False
V4_SHADOW,3099502,2026-10-11,意丁,奥伯马伊斯 vs 斯基奥足球俱乐部,,,,,,,0,,,D:\codex\v3_legacy\outputs\football_odds_trader\raw\titan007\20261010\20261010_223725_titan007_odds_snapshot.csv,NOT_FINAL_STATE_0,de98d07b9e29d9b4f271,RUN_20261010_223725,V4,2026-10-10T22:37:25+08:00,2026-10-10T22:37:25+08:00,2026-10-11T21:00:00+08:00,22.376,False,False,False
V4_SHADOW,3099503,2026-10-11,意丁,LME业余体育协会 vs 特里埃斯蒂纳,,,,,,,0,,,D:\codex\v3_legacy\outputs\football_odds_trader\raw\titan007\20261010\20261010_223725_titan007_odds_snapshot.csv,NOT_FINAL_STATE_0,3c30335466cc413976ac,RUN_20261010_223725,V4,2026-10-10T22:37:25+08:00,2026-10-10T22:37:25+08:00,2026-10-11T21:00:00+08:00,22.376,False,False,False
V4_SHADOW,3099504,2026-10-11,意丁,卢帕伦斯 vs AC埃斯特,,,,,,,0,,,D:\codex\v3_legacy\outputs\football_odds_trader\raw\titan007\20261010\20261010_223725_titan007_odds_snapshot.csv,NOT_FINAL_STATE_0,bf6dec09c13be8ebb0c8,RUN_20261010_223725,V4,2026-10-10T22:37:25+08:00,2026-10-10T22:37:25+08:00,2026-10-11T21:00:00+08:00,22.376,False,False,False
V4_SHADOW,3099505,2026-10-11,意丁,维鲁斯弗兰卡维拉 vs 皇家佛里奥,,,,,,,0,,,D:\codex\v3_legacy\outputs\football_odds_trader\raw\titan007\20261010\20261010_223725_titan007_odds_snapshot.csv,NOT_FINAL_STATE_0,0c489af88f089ec05690,RUN_20261010_223725,V4,2026-10-10T22:37:25+08:00,2026-10-10T22:37:25+08:00,2026-10-11T21:00:00+08:00,22.376,False,False,False
V4_SHADOW,3099506,2026-10-11,意丁,USD卡斯特兰泽 vs 阿科纳特瑟,,,,,,,0,,,D:\codex\v3_legacy\outputs\football_odds_trader\raw\titan007\20261010\20261010_223725_titan007_odds_snapshot.csv,NOT_FINAL_STATE_0,06971d99dc544949c235,RUN_20261010_223725,V4,2026-10-10T22:37:25+08:00,2026-10-10T22:37:25+08:00,2026-10-11T21:00:00+08:00,22.376,False,False,False
V4_SHADOW,3099507,2026-10-11,意丁,西塔德拉维斯摩德纳 vs USD卡萨特塞,,,,,,,0,,,D:\codex\v3_legacy\outputs\football_odds_trader\raw\titan007\20261010\20261010_223725_titan007_odds_snapshot.csv,NOT_FINAL_STATE_0,6aaae71fe0ae167dc9c7,RUN_20261010_223725,V4,2026-10-10T22:37:25+08:00,2026-10-10T22:37:25+08:00,2026-10-11T21:00:00+08:00,22.376,False,False,False
V4_SHADOW,3099508,2026-10-11,意丁,伦蒂吉奥 vs 彭特德拉,,,,,,,0,,,D:\codex\v3_legacy\outputs\football_odds_trader\raw\titan007\20261010\20261010_223725_titan007_odds_snapshot.csv,NOT_FINAL_STATE_0,17b96a595707c8f9c3c1,RUN_20261010_223725,V4,2026-10-10T22:37:25+08:00,2026-10-10T22:37:25+08:00,2026-10-11T21:00:00+08:00,22.376,False,False,False
V4_SHADOW,3099509,2026-10-11,意丁,巴维亚 vs 威雷斯,,,,,,,0,,,D:\codex\v3_legacy\outputs\football_odds_trader\raw\titan007\20261010\20261010_223725_titan007_odds_snapshot.csv,NOT_FINAL_STATE_0,a969e8e0bbbe2707ec8c,RUN_20261010_223725,V4,2026-10-10T22:37:25+08:00,2026-10-10T22:37:25+08:00,2026-10-11T21:00:00+08:00,22.376,False,False,False
V4_SHADOW,3099510,2026-10-11,意丁,比斯托伊斯 vs 科雷格塞,,,,,,,0,,,D:\codex\v3_legacy\outputs\football_odds_trader\raw\titan007\20261010\20261010_223725_titan007_odds_snapshot.csv,NOT_FINAL_STATE_0,d72278d53fea0d213711,RUN_20261010_223725,V4,2026-10-10T22:37:25+08:00,2026-10-10T22:37:25+08:00,2026-10-11T21:00:00+08:00,22.376,False,False,False
V4_SHADOW,3099511,2026-10-11,意丁,柏迪亚 vs ACD圣天使,,,,,,,0,,,D:\codex\v3_legacy\outputs\football_odds_trader\raw\titan007\20261010\20261010_223725_titan007_odds_snapshot.csv,NOT_FINAL_STATE_0,4f085ec443186249c707,RUN_20261010_223725,V4,2026-10-10T22:37:25+08:00,2026-10-10T22:37:25+08:00,2026-10-11T21:00:00+08:00,22.376,False,False,False
V4_SHADOW,3099512,2026-10-11,意丁,普罗塞斯托 vs 索尔比亚泰塞阿尔诺,,,,,,,0,,,D:\codex\v3_legacy\outputs\football_odds_trader\raw\titan007\20261010\20261010_223725_titan007_odds_snapshot.csv,NOT_FINAL_STATE_0,267882c4f92c874e739d,RUN_20261010_223725,V4,2026-10-10T22:37:25+08:00,2026-10-10T22:37:25+08:00,2026-10-11T21:00:00+08:00,22.376,False,False,False
V4_SHADOW,3099514,2026-10-11,意丁,奇塔瓦雷泽 vs 奥尔特普罗,,,,,,,0,,,D:\codex\v3_legacy\outputs\football_odds_trader\raw\titan007\20261010\20261010_223725_titan007_odds_snapshot.csv,NOT_FINAL_STATE_0,5434380ec0f4689ad407,RUN_20261010_223725,V4,2026-10-10T22:37:25+08:00,2026-10-10T22:37:25+08:00,2026-10-11T21:00:00+08:00,22.376,False,False,False
V4_SHADOW,3099515,2026-10-11,意丁,瓜沃兰纳 vs 塔拉努瓦特拉亚纳,,,,,,,0,,,D:\codex\v3_legacy\outputs\football_odds_trader\raw\titan007\20261010\20261010_223725_titan007_odds_snapshot.csv,NOT_FINAL_STATE_0,99aec5f894f898197286,RUN_20261010_223725,V4,2026-10-10T22:37:25+08:00,2026-10-10T22:37:25+08:00,2026-10-11T21:00:00+08:00,22.376,False,False,False
V4_SHADOW,3099516,2026-10-11,意丁,卢捷斯 vs 特拉纳,,,,,,,0,,,D:\codex\v3_legacy\outputs\football_odds_trader\raw\titan007\20261010\20261010_223725_titan007_odds_snapshot.csv,NOT_FINAL_STATE_0,f4378f53ef4d981100d8,RUN_20261010_223725,V4,2026-10-10T22:37:25+08:00,2026-10-10T22:37:25+08:00,2026-10-11T21:00:00+08:00,22.376,False,False,False
V4_SHADOW,3099517,2026-10-11,意丁,宾格 vs ASD萨索马尔科尼,,,,,,,0,,,D:\codex\v3_legacy\outputs\football_odds_trader\raw\titan007\20261010\20261010_223725_titan007_odds_snapshot.csv,NOT_FINAL_STATE_0,7a557cd522c9ff274b35,RUN_20261010_223725,V4,2026-10-10T22:37:25+08:00,2026-10-10T22:37:25+08:00,2026-10-11T21:00:00+08:00,22.376,False,False,False
V4_SHADOW,3099518,2026-10-11,意丁,蒙蒂维亚奇 vs ASD隆迪内拉马尔佐科,,,,,,,0,,,D:\codex\v3_legacy\outputs\football_odds_trader\raw\titan007\20261010\20261010_223725_titan007_odds_snapshot.csv,NOT_FINAL_STATE_0,585e2015b54723c49d29,RUN_20261010_223725,V4,2026-10-10T22:37:25+08:00,2026-10-10T22:37:25+08:00,2026-10-11T21:00:00+08:00,22.376,False,False,False
V4_SHADOW,3099519,2026-10-11,意丁,布拉图 vs 圣多纳托,,,,,,,0,,,D:\codex\v3_legacy\outputs\football_odds_trader\raw\titan007\20261010\20261010_223725_titan007_odds_snapshot.csv,NOT_FINAL_STATE_0,d4090622c434d4513342,RUN_20261010_223725,V4,2026-10-10T22:37:25+08:00,2026-10-10T22:37:25+08:00,2026-10-11T21:00:00+08:00,22.376,False,False,False
V4_SHADOW,3099520,2026-10-11,意丁,斯堪 vs 基维扎诺,,,,,,,0,,,D:\codex\v3_legacy\outputs\football_odds_trader\raw\titan007\20261010\20261010_223725_titan007_odds_snapshot.csv,NOT_FINAL_STATE_0,13ed980089aee79dd444,RUN_20261010_223725,V4,2026-10-10T22:37:25+08:00,2026-10-10T22:37:25+08:00,2026-10-11T21:00:00+08:00,22.376,False,False,False
V4_SHADOW,3099521,2026-10-11,意丁,普罗格雷索足球 vs 锡耶纳,,,,,,,0,,,D:\codex\v3_legacy\outputs\football_odds_trader\raw\titan007\20261010\20261010_223725_titan007_odds_snapshot.csv,NOT_FINAL_STATE_0,1bd897d5394ded006352,RUN_20261010_223725,V4,2026-10-10T22:37:25+08:00,2026-10-10T22:37:25+08:00,2026-10-11T21:00:00+08:00,22.376,False,False,False
V4_SHADOW,3099522,2026-10-11,意丁,ASD塞拉韦扎足球 vs 奇维塔卡斯提亚,,,,,,,0,,,D:\codex\v3_legacy\outputs\football_odds_trader\raw\titan007\20261010\20261010_223725_titan007_odds_snapshot.csv,NOT_FINAL_STATE_0,8b0e7f7ebae0d3722488,RUN_20261010_223725,V4,2026-10-10T22:37:25+08:00,2026-10-10T22:37:25+08:00,2026-10-11T21:00:00+08:00,22.376,False,False,False
V4_SHADOW,3099523,2026-10-11,意丁,塔乌 vs 格拉西纳,,,,,,,0,,,D:\codex\v3_legacy\outputs\football_odds_trader\raw\titan007\20261010\20261010_223725_titan007_odds_snapshot.csv,NOT_FINAL_STATE_0,9dc78923b801a30ff72b,RUN_20261010_223725,V4,2026-10-10T22:37:25+08:00,2026-10-10T22:37:25+08:00,2026-10-11T21:00:00+08:00,22.376,False,False,False
V4_SHADOW,3099524,2026-10-11,意丁,阿尔巴隆 vs 坎帕尼亚诺,,,,,,,0,,,D:\codex\v3_legacy\outputs\football_odds_trader\raw\titan007\20261010\20261010_223725_titan007_odds_snapshot.csv,NOT_FINAL_STATE_0,7dcd4f20e37ef0e95709,RUN_20261010_223725,V4,2026-10-10T22:37:25+08:00,2026-10-10T22:37:25+08:00,2026-10-11T21:00:00+08:00,22.376,False,False,False
V4_SHADOW,3099525,2026-10-11,意丁,安芝拉华尼奥 vs 尤尼波米齐亚,,,,,,,0,,,D:\codex\v3_legacy\outputs\football_odds_trader\raw\titan007\20261010\20261010_223725_titan007_odds_snapshot.csv,NOT_FINAL_STATE_0,6e2ee89b8d7736216584,RUN_20261010_223725,V4,2026-10-10T22:37:25+08:00,2026-10-10T22:37:25+08:00,2026-10-11T21:00:00+08:00,22.376,False,False,False
V4_SHADOW,3099526,2026-10-11,意丁,ASD阿拉诺瓦 vs 特拉斯提弗列,,,,,,,0,,,D:\codex\v3_legacy\outputs\football_odds_trader\raw\titan007\20261010\20261010_223725_titan007_odds_snapshot.csv,NOT_FINAL_STATE_0,60b588367f1d786a078c,RUN_20261010_223725,V4,2026-10-10T22:37:25+08:00,2026-10-10T22:37:25+08:00,2026-10-11T21:00:00+08:00,22.376,False,False,False
V4_SHADOW,3099527,2026-10-11,意丁,洛迪贾尼竞技 vs 萨尼斯,,,,,,,0,,,D:\codex\v3_legacy\outputs\football_odds_trader\raw\titan007\20261010\20261010_223725_titan007_odds_snapshot.csv,NOT_FINAL_STATE_0,296007f6f6e9ecf218df,RUN_20261010_223725,V4,2026-10-10T22:37:25+08:00,2026-10-10T22:37:25+08:00,2026-10-11T21:00:00+08:00,22.376,False,False,False
V4_SHADOW,3099528,2026-10-11,意丁,阿纳格尼城 vs 杰尔比,,,,,,,0,,,D:\codex\v3_legacy\outputs\football_odds_trader\raw\titan007\20261010\20261010_223725_titan007_odds_snapshot.csv,NOT_FINAL_STATE_0,5d8c8b5a7702ed27b8fa,RUN_20261010_223725,V4,2026-10-10T22:37:25+08:00,2026-10-10T22:37:25+08:00,2026-10-11T21:00:00+08:00,22.376,False,False,False
V4_SHADOW,3099529,2026-10-11,意丁,莫纳斯提尔 vs 拿特多尔切,,,,,,,0,,,D:\codex\v3_legacy\outputs\football_odds_trader\raw\titan007\20261010\20261010_223725_titan007_odds_snapshot.csv,NOT_FINAL_STATE_0,bd332cd18a5bed5c16b5,RUN_20261010_223725,V4,2026-10-10T22:37:25+08:00,2026-10-10T22:37:25+08:00,2026-10-11T21:00:00+08:00,22.376,False,False,False
V4_SHADOW,3099530,2026-10-11,意丁,奥塞塞综合体育 vs 韦纳夫罗,,,,,,,0,,,D:\codex\v3_legacy\outputs\football_odds_trader\raw\titan007\20261010\20261010_223725_titan007_odds_snapshot.csv,NOT_FINAL_STATE_0,174cbae6ac8c0a14f454,RUN_20261010_223725,V4,2026-10-10T22:37:25+08:00,2026-10-10T22:37:25+08:00,2026-10-11T21:00:00+08:00,22.376,False,False,False
V4_SHADOW,3099531,2026-10-11,意丁,佩格尼斯 vs 布多尼,,,,,,,0,,,D:\codex\v3_legacy\outputs\football_odds_trader\raw\titan007\20261010\20261010_223725_titan007_odds_snapshot.csv,NOT_FINAL_STATE_0,e37f2b6b7c5cc5b8b9d2,RUN_20261010_223725,V4,2026-10-10T22:37:25+08:00,2026-10-10T22:37:25+08:00,2026-10-11T21:00:00+08:00,22.376,False,False,False
V4_SHADOW,3099532,2026-10-11,意丁,萨拉布斯 vs 亚费拉戈勒瑟1944,,,,,,,0,,,D:\codex\v3_legacy\outputs\football_odds_trader\raw\titan007\20261010\20261010_223725_titan007_odds_snapshot.csv,NOT_FINAL_STATE_0,1e77101b99f260c52ad5,RUN_20261010_223725,V4,2026-10-10T22:37:25+08:00,2026-10-10T22:37:25+08:00,2026-10-11T21:00:00+08:00,22.376,False,False,False
V4_SHADOW,3099533,2026-10-11,意丁,安吉拉娜 vs 彼得拉伦盖塞综合体育俱乐部,,,,,,,0,,,D:\codex\v3_legacy\outputs\football_odds_trader\raw\titan007\20261010\20261010_223725_titan007_odds_snapshot.csv,NOT_FINAL_STATE_0,235bf756a656740dd0ee,RUN_20261010_223725,V4,2026-10-10T22:37:25+08:00,2026-10-10T22:37:25+08:00,2026-10-11T21:00:00+08:00,22.376,False,False,False
V4_SHADOW,3099534,2026-10-11,意丁,福索姆布隆 vs 特勒莫利,,,,,,,0,,,D:\codex\v3_legacy\outputs\football_odds_trader\raw\titan007\20261010\20261010_223725_titan007_odds_snapshot.csv,NOT_FINAL_STATE_0,9b0021b10fc9bc7bd482,RUN_20261010_223725,V4,2026-10-10T22:37:25+08:00,2026-10-10T22:37:25+08:00,2026-10-11T21:00:00+08:00,22.376,False,False,False
V4_SHADOW,3099535,2026-10-11,意丁,朱利亚诺瓦 vs 安科纳,,,,,,,0,,,D:\codex\v3_legacy\outputs\football_odds_trader\raw\titan007\20261010\20261010_223725_titan007_odds_snapshot.csv,NOT_FINAL_STATE_0,81ce634efd8cfb08a70c,RUN_20261010_223725,V4,2026-10-10T22:37:25+08:00,2026-10-10T22:37:25+08:00,2026-10-11T21:00:00+08:00,22.376,False,False,False
V4_SHADOW,3099536,2026-10-11,意丁,兰恰诺 vs 蒙特奇奥,,,,,,,0,,,D:\codex\v3_legacy\outputs\football_odds_trader\raw\titan007\20261010\20261010_223725_titan007_odds_snapshot.csv,NOT_FINAL_STATE_0,193593f2c743aa9180e6,RUN_20261010_223725,V4,2026-10-10T22:37:25+08:00,2026-10-10T22:37:25+08:00,2026-10-11T21:00:00+08:00,22.376,False,False,False
V4_SHADOW,3099537,2026-10-11,意丁,拉奎拉 vs 圣特基迪瑟,,,,,,,0,,,D:\codex\v3_legacy\outputs\football_odds_trader\raw\titan007\20261010\20261010_223725_titan007_odds_snapshot.csv,NOT_FINAL_STATE_0,2f04fb8e736b4c1300ca,RUN_20261010_223725,V4,2026-10-10T22:37:25+08:00,2026-10-10T22:37:25+08:00,2026-10-11T21:00:00+08:00,22.376,False,False,False
V4_SHADOW,3099538,2026-10-11,意丁,玛撤拉塔瑟 vs 佛利奴,,,,,,,0,,,D:\codex\v3_legacy\outputs\football_odds_trader\raw\titan007\20261010\20261010_223725_titan007_odds_snapshot.csv,NOT_FINAL_STATE_0,360dd6274c6285fa4de5,RUN_20261010_223725,V4,2026-10-10T22:37:25+08:00,2026-10-10T22:37:25+08:00,2026-10-11T21:00:00+08:00,22.376,False,False,False
V4_SHADOW,3099540,2026-10-11,意丁,ASD特斯塔纳体育 vs 特拉莫,,,,,,,0,,,D:\codex\v3_legacy\outputs\football_odds_trader\raw\titan007\20261010\20261010_223725_titan007_odds_snapshot.csv,NOT_FINAL_STATE_0,9c4d37e10a21f1d953f9,RUN_20261010_223725,V4,2026-10-10T22:37:25+08:00,2026-10-10T22:37:25+08:00,2026-10-11T21:00:00+08:00,22.376,False,False,False
V4_SHADOW,3099541,2026-10-11,意丁,塞尼加利亚 vs 阿斯科利竞技,,,,,,,0,,,D:\codex\v3_legacy\outputs\football_odds_trader\raw\titan007\20261010\20261010_223725_titan007_odds_snapshot.csv,NOT_FINAL_STATE_0,b6b40a11732f798e121d,RUN_20261010_223725,V4,2026-10-10T22:37:25+08:00,2026-10-10T22:37:25+08:00,2026-10-11T21:00:00+08:00,22.376,False,False,False
V4_SHADOW,3099219,2026-10-11,圣马甲,SP科莫斯 vs 杜加拿青年队,,,,,,,0,,,D:\codex\v3_legacy\outputs\football_odds_trader\raw\titan007\20261010\20261010_223725_titan007_odds_snapshot.csv,NOT_FINAL_STATE_0,ab2dfeea504735514dbd,RUN_20261010_223725,V4,2026-10-10T22:37:25+08:00,2026-10-10T22:37:25+08:00,2026-10-11T21:00:00+08:00,22.376,False,False,False
V4_SHADOW,3099220,2026-10-11,圣马甲,当马兰奴 vs 泰拜尼,,,,,,,0,,,D:\codex\v3_legacy\outputs\football_odds_trader\raw\titan007\20261010\20261010_223725_titan007_odds_snapshot.csv,NOT_FINAL_STATE_0,9df868b859b2b25eddc0,RUN_20261010_223725,V4,2026-10-10T22:37:25+08:00,2026-10-10T22:37:25+08:00,2026-10-11T21:00:00+08:00,22.376,False,False,False
V4_SHADOW,3099221,2026-10-11,圣马甲,维图斯 vs 圣马力诺学院U22,,,,,,,0,,,D:\codex\v3_legacy\outputs\football_odds_trader\raw\titan007\20261010\20261010_223725_titan007_odds_snapshot.csv,NOT_FINAL_STATE_0,25fedf37dc376ba96910,RUN_20261010_223725,V4,2026-10-10T22:37:25+08:00,2026-10-10T22:37:25+08:00,2026-10-11T21:00:00+08:00,22.376,False,False,False
V4_SHADOW,3101404,2026-10-11,乌干乙,安帕卡 vs 帕迪哈黑天使,,,,,,,0,,,D:\codex\v3_legacy\outputs\football_odds_trader\raw\titan007\20261010\20261010_223725_titan007_odds_snapshot.csv,NOT_FINAL_STATE_0,682c49a8e98ccb14a47c,RUN_20261010_223725,V4,2026-10-10T22:37:25+08:00,2026-10-10T22:37:25+08:00,2026-10-11T21:00:00+08:00,22.376,False,False,False
V4_SHADOW,3099456,2026-10-11,威女超,艾伯里斯特夫女足 vs 卡迪夫城市FC女足,,,,,,,0,,,D:\codex\v3_legacy\outputs\football_odds_trader\raw\titan007\20261010\20261010_223725_titan007_odds_snapshot.csv,NOT_FINAL_STATE_0,913df0b72678dc4e63b9,RUN_20261010_223725,V4,2026-10-10T22:37:25+08:00,2026-10-10T22:37:25+08:00,2026-10-11T21:00:00+08:00,22.376,False,False,False
V4_SHADOW,3099457,2026-10-11,威女超,优维克大学女足 vs 巴里镇联女足,,,,,,,0,,,D:\codex\v3_legacy\outputs\football_odds_trader\raw\titan007\20261010\20261010_223725_titan007_odds_snapshot.csv,NOT_FINAL_STATE_0,ee24b06d0b372555c755,RUN_20261010_223725,V4,2026-10-10T22:37:25+08:00,2026-10-10T22:37:25+08:00,2026-10-11T21:00:00+08:00,22.376,False,False,False
V4_SHADOW,3099458,2026-10-11,威女超,史云斯女足 vs 雷克瑟姆女足,,,,,,,0,,,D:\codex\v3_legacy\outputs\football_odds_trader\raw\titan007\20261010\20261010_223725_titan007_odds_snapshot.csv,NOT_FINAL_STATE_0,54276d4270c615a9ee28,RUN_20261010_223725,V4,2026-10-10T22:37:25+08:00,2026-10-10T22:37:25+08:00,2026-10-11T21:00:00+08:00,22.376,False,False,False
V4_SHADOW,3099459,2026-10-11,威女超,新圣徒女足 vs 布里顿费里女足,,,,,,,0,,,D:\codex\v3_legacy\outputs\football_odds_trader\raw\titan007\20261010\20261010_223725_titan007_odds_snapshot.csv,NOT_FINAL_STATE_0,caabd1d02dbb99e6bb33,RUN_20261010_223725,V4,2026-10-10T22:37:25+08:00,2026-10-10T22:37:25+08:00,2026-10-11T21:00:00+08:00,22.376,False,False,False
V4_SHADOW,3101410,2026-10-11,南非女联,约翰内斯堡大学女足 vs TUT FC 女足,,,,,,,0,,,D:\codex\v3_legacy\outputs\football_odds_trader\raw\titan007\20261010\20261010_223725_titan007_odds_snapshot.csv,NOT_FINAL_STATE_0,a9540649d37d227da466,RUN_20261010_223725,V4,2026-10-10T22:37:25+08:00,2026-10-10T22:37:25+08:00,2026-10-11T21:00:00+08:00,22.376,False,False,False
V4_SHADOW,3099605,2026-10-11,巴圣青联,布拉希尔青年队 vs 圣保罗青年队,,,,,,,0,,,D:\codex\v3_legacy\outputs\football_odds_trader\raw\titan007\20261010\20261010_223725_titan007_odds_snapshot.csv,NOT_FINAL_STATE_0,730c7d4691ecb20508ad,RUN_20261010_223725,V4,2026-10-10T22:37:25+08:00,2026-10-10T22:37:25+08:00,2026-10-11T21:00:00+08:00,22.376,False,False,False
V4_SHADOW,3099677,2026-10-11,土库曼超,阿什哈巴德 vs 金色世纪,,,,,,,0,,,D:\codex\v3_legacy\outputs\football_odds_trader\raw\titan007\20261010\20261010_223725_titan007_odds_snapshot.csv,NOT_FINAL_STATE_0,1d10a086fa0bdbe8a571,RUN_20261010_223725,V4,2026-10-10T22:37:25+08:00,2026-10-10T22:37:25+08:00,2026-10-11T21:00:00+08:00,22.376,False,False,False
V4_SHADOW,3099678,2026-10-11,土库曼超,内比治 vs 萨格丹,,,,,,,0,,,D:\codex\v3_legacy\outputs\football_odds_trader\raw\titan007\20261010\20261010_223725_titan007_odds_snapshot.csv,NOT_FINAL_STATE_0,c742118f800bd4fd91a0,RUN_20261010_223725,V4,2026-10-10T22:37:25+08:00,2026-10-10T22:37:25+08:00,2026-10-11T21:00:00+08:00,22.376,False,False,False
V4_SHADOW,3054222,2026-10-11,法U19,卡昂U19 vs 维尔赛斯U19,,,,,,,0,,,D:\codex\v3_legacy\outputs\football_odds_trader\raw\titan007\20261010\20261010_223725_titan007_odds_snapshot.csv,NOT_FINAL_STATE_0,beb099969ded3efd9c8a,RUN_20261010_223725,V4,2026-10-10T22:37:25+08:00,2026-10-10T22:37:25+08:00,2026-10-11T21:00:00+08:00,22.376,False,False,False
V4_SHADOW,3054224,2026-10-11,法U19,勒哈费尔U19 vs 阿美恩斯U19,,,,,,,0,,,D:\codex\v3_legacy\outputs\football_odds_trader\raw\titan007\20261010\20261010_223725_titan007_odds_snapshot.csv,NOT_FINAL_STATE_0,fac01a3505dc2b057dd5,RUN_20261010_223725,V4,2026-10-10T22:37:25+08:00,2026-10-10T22:37:25+08:00,2026-10-11T21:00:00+08:00,22.376,False,False,False
V4_SHADOW,3054225,2026-10-11,法U19,勒瓦卢瓦竞技U19 vs 华伦西恩斯U19,,,,,,,0,,,D:\codex\v3_legacy\outputs\football_odds_trader\raw\titan007\20261010\20261010_223725_titan007_odds_snapshot.csv,NOT_FINAL_STATE_0,406b0491af0400c5e8ed,RUN_20261010_223725,V4,2026-10-10T22:37:25+08:00,2026-10-10T22:37:25+08:00,2026-10-11T21:00:00+08:00,22.376,False,False,False
V4_SHADOW,3054226,2026-10-11,法U19,登卡基U19 vs 克维伊U19,,,,,,,0,,,D:\codex\v3_legacy\outputs\football_odds_trader\raw\titan007\20261010\20261010_223725_titan007_odds_snapshot.csv,NOT_FINAL_STATE_0,117a5cf46126556bb6a0,RUN_20261010_223725,V4,2026-10-10T22:37:25+08:00,2026-10-10T22:37:25+08:00,2026-10-11T21:00:00+08:00,22.376,False,False,False
V4_SHADOW,3054404,2026-10-11,法U19,迪安U19 vs 兰斯U19,,,,,,,0,,,D:\codex\v3_legacy\outputs\football_odds_trader\raw\titan007\20261010\20261010_223725_titan007_odds_snapshot.csv,NOT_FINAL_STATE_0,5ee974e2c57ab86bd27d,RUN_20261010_223725,V4,2026-10-10T22:37:25+08:00,2026-10-10T22:37:25+08:00,2026-10-11T21:00:00+08:00,22.376,False,False,False
V4_SHADOW,3054405,2026-10-11,法U19,史特拉斯堡U19 vs 蒙费梅伊U19,,,,,,,0,,,D:\codex\v3_legacy\outputs\football_odds_trader\raw\titan007\20261010\20261010_223725_titan007_odds_snapshot.csv,NOT_FINAL_STATE_0,ec5a1015e6441cdafc0c,RUN_20261010_223725,V4,2026-10-10T22:37:25+08:00,2026-10-10T22:37:25+08:00,2026-10-11T21:00:00+08:00,22.376,False,False,False
V4_SHADOW,3054406,2026-10-11,法U19,蓬塔利耶U19 vs 克莱蒙特U19,,,,,,,0,,,D:\codex\v3_legacy\outputs\football_odds_trader\raw\titan007\20261010\20261010_223725_titan007_odds_snapshot.csv,NOT_FINAL_STATE_0,cf926141148dcf176f8b,RUN_20261010_223725,V4,2026-10-10T22:37:25+08:00,2026-10-10T22:37:25+08:00,2026-10-11T21:00:00+08:00,22.376,False,False,False
V4_SHADOW,3054407,2026-10-11,法U19,特鲁瓦U19 vs 里昂U19,,,,,,,0,,,D:\codex\v3_legacy\outputs\football_odds_trader\raw\titan007\20261010\20261010_223725_titan007_odds_snapshot.csv,NOT_FINAL_STATE_0,fbf62d26b1533847b1c7,RUN_20261010_223725,V4,2026-10-10T22:37:25+08:00,2026-10-10T22:37:25+08:00,2026-10-11T21:00:00+08:00,22.376,False,False,False
V4_SHADOW,3054408,2026-10-11,法U19,巴黎FCU19 vs 梅斯U19,,,,,,,0,,,D:\codex\v3_legacy\outputs\football_odds_trader\raw\titan007\20261010\20261010_223725_titan007_odds_snapshot.csv,NOT_FINAL_STATE_0,46b2336017736e04e171,RUN_20261010_223725,V4,2026-10-10T22:37:25+08:00,2026-10-10T22:37:25+08:00,2026-10-11T21:00:00+08:00,22.376,False,False,False
V4_SHADOW,3054409,2026-10-11,法U19,索绍U19 vs 欧塞尔U19,,,,,,,0,,,D:\codex\v3_legacy\outputs\football_odds_trader\raw\titan007\20261010\20261010_223725_titan007_odds_snapshot.csv,NOT_FINAL_STATE_0,311f0ca40d3a62c7abd0,RUN_20261010_223725,V4,2026-10-10T22:37:25+08:00,2026-10-10T22:37:25+08:00,2026-10-11T21:00:00+08:00,22.376,False,False,False
V4_SHADOW,3054410,2026-10-11,法U19,阿纳西U19 vs 南锡U19,,,,,,,0,,,D:\codex\v3_legacy\outputs\football_odds_trader\raw\titan007\20261010\20261010_223725_titan007_odds_snapshot.csv,NOT_FINAL_STATE_0,46c57b4d1c6dec7a3402,RUN_20261010_223725,V4,2026-10-10T22:37:25+08:00,2026-10-10T22:37:25+08:00,2026-10-11T21:00:00+08:00,22.376,False,False,False
V4_SHADOW,3054587,2026-10-11,法U19,拉华尔U19 vs 韦图U19,,,,,,,0,,,D:\codex\v3_legacy\outputs\football_odds_trader\raw\titan007\20261010\20261010_223725_titan007_odds_snapshot.csv,NOT_FINAL_STATE_0,af17ab4ad1aeeacb6c7f,RUN_20261010_223725,V4,2026-10-10T22:37:25+08:00,2026-10-10T22:37:25+08:00,2026-10-11T21:00:00+08:00,22.376,False,False,False
V4_SHADOW,3054588,2026-10-11,法U19,南特U19 vs 昂热U19,,,,,,,0,,,D:\codex\v3_legacy\outputs\football_odds_trader\raw\titan007\20261010\20261010_223725_titan007_odds_snapshot.csv,NOT_FINAL_STATE_0,b7c7a6515315e7d692be,RUN_20261010_223725,V4,2026-10-10T22:37:25+08:00,2026-10-10T22:37:25+08:00,2026-10-11T21:00:00+08:00,22.376,False,False,False
V4_SHADOW,3054589,2026-10-11,法U19,梅里尼卡斯U19 vs 吉英坎U19,,,,,,,0,,,D:\codex\v3_legacy\outputs\football_odds_trader\raw\titan007\20261010\20261010_223725_titan007_odds_snapshot.csv,NOT_FINAL_STATE_0,fd26c9d2eb853cbf37ec,RUN_20261010_223725,V4,2026-10-10T22:37:25+08:00,2026-10-10T22:37:25+08:00,2026-10-11T21:00:00+08:00,22.376,False,False,False
V4_SHADOW,3054590,2026-10-11,法U19,罗连安特U19 vs 普特温U19,,,,,,,0,,,D:\codex\v3_legacy\outputs\football_odds_trader\raw\titan007\20261010\20261010_223725_titan007_odds_snapshot.csv,NOT_FINAL_STATE_0,4046c4dfbf1ef689e75d,RUN_20261010_223725,V4,2026-10-10T22:37:25+08:00,2026-10-10T22:37:25+08:00,2026-10-11T21:00:00+08:00,22.376,False,False,False
V4_SHADOW,3054591,2026-10-11,法U19,博里奥庆U19 vs 雷尼斯U19,,,,,,,0,,,D:\codex\v3_legacy\outputs\football_odds_trader\raw\titan007\20261010\20261010_223725_titan007_odds_snapshot.csv,NOT_FINAL_STATE_0,7e644606d1239a46ee22,RUN_20261010_223725,V4,2026-10-10T22:37:25+08:00,2026-10-10T22:37:25+08:00,2026-10-11T21:00:00+08:00,22.376,False,False,False
V4_SHADOW,3054592,2026-10-11,法U19,博库泽U19 vs 圣洛U19,,,,,,,0,,,D:\codex\v3_legacy\outputs\football_odds_trader\raw\titan007\20261010\20261010_223725_titan007_odds_snapshot.csv,NOT_FINAL_STATE_0,1f079e105c5a1d8c0f53,RUN_20261010_223725,V4,2026-10-10T22:37:25+08:00,2026-10-10T22:37:25+08:00,2026-10-11T21:00:00+08:00,22.376,False,False,False
V4_SHADOW,3054768,2026-10-11,法U19,蒙彼利埃U19 vs 圣伊天U19,,,,,,,0,,,D:\codex\v3_legacy\outputs\football_odds_trader\raw\titan007\20261010\20261010_223725_titan007_odds_snapshot.csv,NOT_FINAL_STATE_0,012508392450eafb6060,RUN_20261010_223725,V4,2026-10-10T22:37:25+08:00,2026-10-10T22:37:25+08:00,2026-10-11T21:00:00+08:00,22.376,False,False,False
V4_SHADOW,3054769,2026-10-11,法U19,奈斯U19 vs 巴斯蒂亚U19,,,,,,,0,,,D:\codex\v3_legacy\outputs\football_odds_trader\raw\titan007\20261010\20261010_223725_titan007_odds_snapshot.csv,NOT_FINAL_STATE_0,fe485f0aa3cc25f6f96c,RUN_20261010_223725,V4,2026-10-10T22:37:25+08:00,2026-10-10T22:37:25+08:00,2026-10-11T21:00:00+08:00,22.376,False,False,False
V4_SHADOW,3054770,2026-10-11,法U19,科隆米尔斯U19 vs 艾角U19,,,,,,,0,,,D:\codex\v3_legacy\outputs\football_odds_trader\raw\titan007\20261010\20261010_223725_titan007_odds_snapshot.csv,NOT_FINAL_STATE_0,4e49563caaaed13b272e,RUN_20261010_223725,V4,2026-10-10T22:37:25+08:00,2026-10-10T22:37:25+08:00,2026-10-11T21:00:00+08:00,22.376,False,False,False
V4_SHADOW,3054771,2026-10-11,法U19,博高U19 vs 凯维加U19,,,,,,,0,,,D:\codex\v3_legacy\outputs\football_odds_trader\raw\titan007\20261010\20261010_223725_titan007_odds_snapshot.csv,NOT_FINAL_STATE_0,1d106daf65409533ed58,RUN_20261010_223725,V4,2026-10-10T22:37:25+08:00,2026-10-10T22:37:25+08:00,2026-10-11T21:00:00+08:00,22.376,False,False,False
V4_SHADOW,3054773,2026-10-11,法U19,奥林匹克罗文宁U19 vs 马赛U19,,,,,,,0,,,D:\codex\v3_legacy\outputs\football_odds_trader\raw\titan007\20261010\20261010_223725_titan007_odds_snapshot.csv,NOT_FINAL_STATE_0,b665a0380d7686c07178,RUN_20261010_223725,V4,2026-10-10T22:37:25+08:00,2026-10-10T22:37:25+08:00,2026-10-11T21:00:00+08:00,22.376,False,False,False
V4_SHADOW,3054774,2026-10-11,法U19,摩纳哥U19 vs 巴尔马U19,,,,,,,0,,,D:\codex\v3_legacy\outputs\football_odds_trader\raw\titan007\20261010\20261010_223725_titan007_odds_snapshot.csv,NOT_FINAL_STATE_0,08a2a2d720666718fe74,RUN_20261010_223725,V4,2026-10-10T22:37:25+08:00,2026-10-10T22:37:25+08:00,2026-10-11T21:00:00+08:00,22.376,False,False,False
V4_SHADOW,2968092,2026-10-11,挪丙,孟达斯金 vs 斯塔贝克B队,,,,,,,0,,,D:\codex\v3_legacy\outputs\football_odds_trader\raw\titan007\20261010\20261010_223725_titan007_odds_snapshot.csv,NOT_FINAL_STATE_0,e090a016e1233adff41c,RUN_20261010_223725,V4,2026-10-10T22:37:25+08:00,2026-10-10T22:37:25+08:00,2026-10-11T21:00:00+08:00,22.376,False,False,False
V4_SHADOW,2968272,2026-10-11,挪丙,佛克朴林特 vs 哈斯达德,,,,,,,0,,,D:\codex\v3_legacy\outputs\football_odds_trader\raw\titan007\20261010\20261010_223725_titan007_odds_snapshot.csv,NOT_FINAL_STATE_0,cf8f54b09238f0eba669,RUN_20261010_223725,V4,2026-10-10T22:37:25+08:00,2026-10-10T22:37:25+08:00,2026-10-11T21:00:00+08:00,22.376,False,False,False
V4_SHADOW,3020357,2026-10-11,奥丙东,雷欧贝多夫 vs 多瑙弗里德,,,,,,,0,,,D:\codex\v3_legacy\outputs\football_odds_trader\raw\titan007\20261010\20261010_223725_titan007_odds_snapshot.csv,NOT_FINAL_STATE_0,6ce8dbc10438ee173ba6,RUN_20261010_223725,V4,2026-10-10T22:37:25+08:00,2026-10-10T22:37:25+08:00,2026-10-11T21:00:00+08:00,22.376,False,False,False
V4_SHADOW,3074496,2026-10-11,乌干超,姆巴拉拉市 vs 布莱克电力,,,,,,,0,,,D:\codex\v3_legacy\outputs\football_odds_trader\raw\titan007\20261010\20261010_223725_titan007_odds_snapshot.csv,NOT_FINAL_STATE_0,2856a71017f8771b5703,RUN_20261010_223725,V4,2026-10-10T22:37:25+08:00,2026-10-10T22:37:25+08:00,2026-10-11T21:00:00+08:00,22.376,False,False,False
V4_SHADOW,3101091,2026-10-11,比地区,艾尔斯特 vs KFC卡尔肯市,,,,,,,0,,,D:\codex\v3_legacy\outputs\football_odds_trader\raw\titan007\20261010\20261010_223725_titan007_odds_snapshot.csv,NOT_FINAL_STATE_0,1a653269036a1d16803c,RUN_20261010_223725,V4,2026-10-10T22:37:25+08:00,2026-10-10T22:37:25+08:00,2026-10-11T21:00:00+08:00,22.376,False,False,False
V4_SHADOW,3101193,2026-10-11,比地区,圣图尔登后备队 vs 卡比伦,,,,,,,0,,,D:\codex\v3_legacy\outputs\football_odds_trader\raw\titan007\20261010\20261010_223725_titan007_odds_snapshot.csv,NOT_FINAL_STATE_0,e506d8d9e45a25004e16,RUN_20261010_223725,V4,2026-10-10T22:37:25+08:00,2026-10-10T22:37:25+08:00,2026-10-11T21:00:00+08:00,22.376,False,False,False
V4_SHADOW,3101260,2026-10-11,比地区,曼尼格奥森 vs 卡拉明,,,,,,,0,,,D:\codex\v3_legacy\outputs\football_odds_trader\raw\titan007\20261010\20261010_223725_titan007_odds_snapshot.csv,NOT_FINAL_STATE_0,ef9721bb1b84fca0b169,RUN_20261010_223725,V4,2026-10-10T22:37:25+08:00,2026-10-10T22:37:25+08:00,2026-10-11T21:00:00+08:00,22.376,False,False,False
V4_SHADOW,3101261,2026-10-11,比地区,甘索任 vs 穆斯克龙,,,,,,,0,,,D:\codex\v3_legacy\outputs\football_odds_trader\raw\titan007\20261010\20261010_223725_titan007_odds_snapshot.csv,NOT_FINAL_STATE_0,e6b84eb8ea22f9b7d694,RUN_20261010_223725,V4,2026-10-10T22:37:25+08:00,2026-10-10T22:37:25+08:00,2026-10-11T21:00:00+08:00,22.376,False,False,False
V4_SHADOW,3101397,2026-10-11,英女联,诺士郡女足 vs 威森肖FC女足,,,,,,,0,,,D:\codex\v3_legacy\outputs\football_odds_trader\raw\titan007\20261010\20261010_223725_titan007_odds_snapshot.csv,NOT_FINAL_STATE_0,6c863d63061e34016831,RUN_20261010_223725,V4,2026-10-10T22:37:25+08:00,2026-10-10T22:37:25+08:00,2026-10-11T21:00:00+08:00,22.376,False,False,False
V4_SHADOW,3101399,2026-10-11,英女联,米尔顿凯恩斯女足 vs 杜尔维治女足,,,,,,,0,,,D:\codex\v3_legacy\outputs\football_odds_trader\raw\titan007\20261010\20261010_223725_titan007_odds_snapshot.csv,NOT_FINAL_STATE_0,f70ab23ed77895a895e5,RUN_20261010_223725,V4,2026-10-10T22:37:25+08:00,2026-10-10T22:37:25+08:00,2026-10-11T21:00:00+08:00,22.376,False,False,False
V4_SHADOW,3061325,2026-10-11,波斯乙,特沙尼 vs 伊格曼,,,,,,,0,,,D:\codex\v3_legacy\outputs\football_odds_trader\raw\titan007\20261010\20261010_223725_titan007_odds_snapshot.csv,NOT_FINAL_STATE_0,795edbc1787f7b490343,RUN_20261010_223725,V4,2026-10-10T22:37:25+08:00,2026-10-10T22:37:25+08:00,2026-10-11T21:00:00+08:00,22.376,False,False,False
V4_SHADOW,3032930,2026-10-11,阿联酋甲,酋长 vs 城市俱乐部,,,,,,,0,,,D:\codex\v3_legacy\outputs\football_odds_trader\raw\titan007\20261010\20261010_223725_titan007_odds_snapshot.csv,NOT_FINAL_STATE_0,c56709e8787b635b8149,RUN_20261010_223725,V4,2026-10-10T22:37:25+08:00,2026-10-10T22:37:25+08:00,2026-10-11T21:10:00+08:00,22.543,False,False,False
V4_SHADOW,3032932,2026-10-11,阿联酋甲,迪巴 vs 阿巴塔,,,,,,,0,,,D:\codex\v3_legacy\outputs\football_odds_trader\raw\titan007\20261010\20261010_223725_titan007_odds_snapshot.csv,NOT_FINAL_STATE_0,e75edf9fa67b32305122,RUN_20261010_223725,V4,2026-10-10T22:37:25+08:00,2026-10-10T22:37:25+08:00,2026-10-11T21:10:00+08:00,22.543,False,False,False
V4_SHADOW,3099399,2026-10-11,德戊,SP哈尔陶森 vs DJK部落,,,,,,,0,,,D:\codex\v3_legacy\outputs\football_odds_trader\raw\titan007\20261010\20261010_223725_titan007_odds_snapshot.csv,NOT_FINAL_STATE_0,0b5d459860b95e992af4,RUN_20261010_223725,V4,2026-10-10T22:37:25+08:00,2026-10-10T22:37:25+08:00,2026-10-11T21:15:00+08:00,22.626,False,False,False
V4_SHADOW,3099449,2026-10-11,德戊,胡尔特 vs SpVg弗雷兴20,,,,,,,0,,,D:\codex\v3_legacy\outputs\football_odds_trader\raw\titan007\20261010\20261010_223725_titan007_odds_snapshot.csv,NOT_FINAL_STATE_0,836e84d687a0f8c7bef1,RUN_20261010_223725,V4,2026-10-10T22:37:25+08:00,2026-10-10T22:37:25+08:00,2026-10-11T21:15:00+08:00,22.626,False,False,False
V4_SHADOW,3018824,2026-10-11,德甲,科隆 vs 门兴格拉德巴赫,,,,,,,0,,,D:\codex\v3_legacy\outputs\football_odds_trader\raw\titan007\20261010\20261010_223725_titan007_odds_snapshot.csv,NOT_FINAL_STATE_0,ab3b89cd1b59f413191d,RUN_20261010_223725,V4,2026-10-10T22:37:25+08:00,2026-10-10T22:37:25+08:00,2026-10-11T21:30:00+08:00,22.876,False,False,False
V4_SHADOW,3012308,2026-10-11,俄超,莫斯科中央陆军 vs 罗迪纳莫斯科,,,,,,,0,,,D:\codex\v3_legacy\outputs\football_odds_trader\raw\titan007\20261010\20261010_223725_titan007_odds_snapshot.csv,NOT_FINAL_STATE_0,776e417dea533bfe93f2,RUN_20261010_223725,V4,2026-10-10T22:37:25+08:00,2026-10-10T22:37:25+08:00,2026-10-11T21:30:00+08:00,22.876,False,False,False
V4_SHADOW,2913549,2026-10-11,挪乙,利云格尔 vs 侯尼霍斯,,,,,,,0,,,D:\codex\v3_legacy\outputs\football_odds_trader\raw\titan007\20261010\20261010_223725_titan007_odds_snapshot.csv,NOT_FINAL_STATE_0,b23680f525f2818ef086,RUN_20261010_223725,V4,2026-10-10T22:37:25+08:00,2026-10-10T22:37:25+08:00,2026-10-11T21:30:00+08:00,22.876,False,False,False
V4_SHADOW,3003446,2026-10-11,斯伐超,鲁森比洛克 vs 日利纳,,,,,,,0,,,D:\codex\v3_legacy\outputs\football_odds_trader\raw\titan007\20261010\20261010_223725_titan007_odds_snapshot.csv,NOT_FINAL_STATE_0,344953ea692d57dd9f7a,RUN_20261010_223725,V4,2026-10-10T22:37:25+08:00,2026-10-10T22:37:25+08:00,2026-10-11T21:30:00+08:00,22.876,False,False,False
V4_SHADOW,3067259,2026-10-11,突尼甲,沙希尔 vs CS哈曼利弗,,,,,,,0,,,D:\codex\v3_legacy\outputs\football_odds_trader\raw\titan007\20261010\20261010_223725_titan007_odds_snapshot.csv,NOT_FINAL_STATE_0,276c54b1368320a7e3ad,RUN_20261010_223725,V4,2026-10-10T22:37:25+08:00,2026-10-10T22:37:25+08:00,2026-10-11T21:30:00+08:00,22.876,False,False,False
V4_SHADOW,3067260,2026-10-11,突尼甲,奥姆兰 vs A.S.马沙,,,,,,,0,,,D:\codex\v3_legacy\outputs\football_odds_trader\raw\titan007\20261010\20261010_223725_titan007_odds_snapshot.csv,NOT_FINAL_STATE_0,bc144e57c9bb1684277b,RUN_20261010_223725,V4,2026-10-10T22:37:25+08:00,2026-10-10T22:37:25+08:00,2026-10-11T21:30:00+08:00,22.876,False,False,False
V4_SHADOW,3067261,2026-10-11,突尼甲,迈特莱维 vs 斯塔图里,,,,,,,0,,,D:\codex\v3_legacy\outputs\football_odds_trader\raw\titan007\20261010\20261010_223725_titan007_odds_snapshot.csv,NOT_FINAL_STATE_0,13dce9bee8a2071df108,RUN_20261010_223725,V4,2026-10-10T22:37:25+08:00,2026-10-10T22:37:25+08:00,2026-10-11T21:30:00+08:00,22.876,False,False,False
V4_SHADOW,3067263,2026-10-11,突尼甲,ES扎兹斯 vs 哈曼利弗,,,,,,,0,,,D:\codex\v3_legacy\outputs\football_odds_trader\raw\titan007\20261010\20261010_223725_titan007_odds_snapshot.csv,NOT_FINAL_STATE_0,9a2683b39efe8ad08e31,RUN_20261010_223725,V4,2026-10-10T22:37:25+08:00,2026-10-10T22:37:25+08:00,2026-10-11T21:30:00+08:00,22.876,False,False,False
V4_SHADOW,2931458,2026-10-11,爱沙甲,库雷撒勒 vs 塔林弗洛拉,,,,,,,0,,,D:\codex\v3_legacy\outputs\football_odds_trader\raw\titan007\20261010\20261010_223725_titan007_odds_snapshot.csv,NOT_FINAL_STATE_0,cb8f9f54fe9321226fd8,RUN_20261010_223725,V4,2026-10-10T22:37:25+08:00,2026-10-10T22:37:25+08:00,2026-10-11T21:30:00+08:00,22.876,False,False,False
V4_SHADOW,3021632,2026-10-11,马耳甲,哈姆伦斯巴达 vs 希伯尼安斯,,,,,,,0,,,D:\codex\v3_legacy\outputs\football_odds_trader\raw\titan007\20261010\20261010_223725_titan007_odds_snapshot.csv,NOT_FINAL_STATE_0,b43033b520e43d6c4c5e,RUN_20261010_223725,V4,2026-10-10T22:37:25+08:00,2026-10-10T22:37:25+08:00,2026-10-11T21:30:00+08:00,22.876,False,False,False
V4_SHADOW,3066293,2026-10-11,南非甲,开普敦城 vs 比斯足球俱乐部,,,,,,,0,,,D:\codex\v3_legacy\outputs\football_odds_trader\raw\titan007\20261010\20261010_223725_titan007_odds_snapshot.csv,NOT_FINAL_STATE_0,9d8aca1382dcc3417799,RUN_20261010_223725,V4,2026-10-10T22:37:25+08:00,2026-10-10T22:37:25+08:00,2026-10-11T21:30:00+08:00,22.876,False,False,False
V4_SHADOW,3066300,2026-10-11,南非甲,戈摩拉联 vs 乌平顿,,,,,,,0,,,D:\codex\v3_legacy\outputs\football_odds_trader\raw\titan007\20261010\20261010_223725_titan007_odds_snapshot.csv,NOT_FINAL_STATE_0,06f67d962a688152d1c0,RUN_20261010_223725,V4,2026-10-10T22:37:25+08:00,2026-10-10T22:37:25+08:00,2026-10-11T21:30:00+08:00,22.876,False,False,False
V4_SHADOW,3099379,2026-10-11,德戊,沃尔多夫 vs FC埃德斯海姆,,,,,,,0,,,D:\codex\v3_legacy\outputs\football_odds_trader\raw\titan007\20261010\20261010_223725_titan007_odds_snapshot.csv,NOT_FINAL_STATE_0,6b93d403543a6437603d,RUN_20261010_223725,V4,2026-10-10T22:37:25+08:00,2026-10-10T22:37:25+08:00,2026-10-11T21:30:00+08:00,22.876,False,False,False
V4_SHADOW,3099450,2026-10-11,德戊,埃因特拉赫特霍克佩尔 vs 祖尔皮奇氯化物,,,,,,,0,,,D:\codex\v3_legacy\outputs\football_odds_trader\raw\titan007\20261010\20261010_223725_titan007_odds_snapshot.csv,NOT_FINAL_STATE_0,817f6c7c55a77b94667d,RUN_20261010_223725,V4,2026-10-10T22:37:25+08:00,2026-10-10T22:37:25+08:00,2026-10-11T21:30:00+08:00,22.876,False,False,False
V4_SHADOW,3099451,2026-10-11,德戊,幸运科隆B队 vs 林登塔尔,,,,,,,0,,,D:\codex\v3_legacy\outputs\football_odds_trader\raw\titan007\20261010\20261010_223725_titan007_odds_snapshot.csv,NOT_FINAL_STATE_0,dfa3593e6f3cbc45daaa,RUN_20261010_223725,V4,2026-10-10T22:37:25+08:00,2026-10-10T22:37:25+08:00,2026-10-11T21:30:00+08:00,22.876,False,False,False
V4_SHADOW,3099452,2026-10-11,德戊,科尼希斯多夫 vs SPVG波茨1919,,,,,,,0,,,D:\codex\v3_legacy\outputs\football_odds_trader\raw\titan007\20261010\20261010_223725_titan007_odds_snapshot.csv,NOT_FINAL_STATE_0,ffa5ec6f7ed6070b0ca8,RUN_20261010_223725,V4,2026-10-10T22:37:25+08:00,2026-10-10T22:37:25+08:00,2026-10-11T21:30:00+08:00,22.876,False,False,False
V4_SHADOW,3101190,2026-10-11,奥丁,UFC锡岑海姆 vs 高灵,,,,,,,0,,,D:\codex\v3_legacy\outputs\football_odds_trader\raw\titan007\20261010\20261010_223725_titan007_odds_snapshot.csv,NOT_FINAL_STATE_0,c53a1170561b778f17b7,RUN_20261010_223725,V4,2026-10-10T22:37:25+08:00,2026-10-10T22:37:25+08:00,2026-10-11T21:30:00+08:00,22.876,False,False,False
V4_SHADOW,3044010,2026-10-11,瑞士乙,卢加诺U21 vs 克罗兹林根,,,,,,,0,,,D:\codex\v3_legacy\outputs\football_odds_trader\raw\titan007\20261010\20261010_223725_titan007_odds_snapshot.csv,NOT_FINAL_STATE_0,505df9b2635dcb522961,RUN_20261010_223725,V4,2026-10-10T22:37:25+08:00,2026-10-10T22:37:25+08:00,2026-10-11T21:30:00+08:00,22.876,False,False,False
V4_SHADOW,3068158,2026-10-11,克亚乙,瑟格斯塔 vs 萨格勒布迪那摩B队,,,,,,,0,,,D:\codex\v3_legacy\outputs\football_odds_trader\raw\titan007\20261010\20261010_223725_titan007_odds_snapshot.csv,NOT_FINAL_STATE_0,0460b776293cfc5b9070,RUN_20261010_223725,V4,2026-10-10T22:37:25+08:00,2026-10-10T22:37:25+08:00,2026-10-11T21:30:00+08:00,22.876,False,False,False
V4_SHADOW,3099491,2026-10-11,意丁,弗兰卡维拉FC vs 角斗士,,,,,,,0,,,D:\codex\v3_legacy\outputs\football_odds_trader\raw\titan007\20261010\20261010_223725_titan007_odds_snapshot.csv,NOT_FINAL_STATE_0,798562ecd48e01049d1a,RUN_20261010_223725,V4,2026-10-10T22:37:25+08:00,2026-10-10T22:37:25+08:00,2026-10-11T21:30:00+08:00,22.876,False,False,False
V4_SHADOW,3099960,2026-10-11,突尼乙,阿里亚纳 vs 卡拉亚体育,,,,,,,0,,,D:\codex\v3_legacy\outputs\football_odds_trader\raw\titan007\20261010\20261010_223725_titan007_odds_snapshot.csv,NOT_FINAL_STATE_0,0edab7706c33b61ecf8f,RUN_20261010_223725,V4,2026-10-10T22:37:25+08:00,2026-10-10T22:37:25+08:00,2026-10-11T21:30:00+08:00,22.876,False,False,False
V4_SHADOW,3099961,2026-10-11,突尼乙,布舍哈曼 vs 加贝申,,,,,,,0,,,D:\codex\v3_legacy\outputs\football_odds_trader\raw\titan007\20261010\20261010_223725_titan007_odds_snapshot.csv,NOT_FINAL_STATE_0,797a043c7903fa53b2fc,RUN_20261010_223725,V4,2026-10-10T22:37:25+08:00,2026-10-10T22:37:25+08:00,2026-10-11T21:30:00+08:00,22.876,False,False,False
V4_SHADOW,3099962,2026-10-11,突尼乙,梅德宁 vs 卡塞林,,,,,,,0,,,D:\codex\v3_legacy\outputs\football_odds_trader\raw\titan007\20261010\20261010_223725_titan007_odds_snapshot.csv,NOT_FINAL_STATE_0,6cc113b2c78b32ce566f,RUN_20261010_223725,V4,2026-10-10T22:37:25+08:00,2026-10-10T22:37:25+08:00,2026-10-11T21:30:00+08:00,22.876,False,False,False
V4_SHADOW,3099963,2026-10-11,突尼乙,卡罗安纳瑟 vs 古苏尔艾苏福,,,,,,,0,,,D:\codex\v3_legacy\outputs\football_odds_trader\raw\titan007\20261010\20261010_223725_titan007_odds_snapshot.csv,NOT_FINAL_STATE_0,84dbf1be0edc35236f08,RUN_20261010_223725,V4,2026-10-10T22:37:25+08:00,2026-10-10T22:37:25+08:00,2026-10-11T21:30:00+08:00,22.876,False,False,False
V4_SHADOW,3099964,2026-10-11,突尼乙,穆克宁竞技 vs JDB运动会,,,,,,,0,,,D:\codex\v3_legacy\outputs\football_odds_trader\raw\titan007\20261010\20261010_223725_titan007_odds_snapshot.csv,NOT_FINAL_STATE_0,45b38687c837f28282f5,RUN_20261010_223725,V4,2026-10-10T22:37:25+08:00,2026-10-10T22:37:25+08:00,2026-10-11T21:30:00+08:00,22.876,False,False,False
V4_SHADOW,3099965,2026-10-11,突尼乙,奥林匹克科夫 vs EGS加夫萨,,,,,,,0,,,D:\codex\v3_legacy\outputs\football_odds_trader\raw\titan007\20261010\20261010_223725_titan007_odds_snapshot.csv,NOT_FINAL_STATE_0,9cc462ca6e7cc8da558d,RUN_20261010_223725,V4,2026-10-10T22:37:25+08:00,2026-10-10T22:37:25+08:00,2026-10-11T21:30:00+08:00,22.876,False,False,False
V4_SHADOW,3099966,2026-10-11,突尼乙,阿洛斯 vs 泰塔温,,,,,,,0,,,D:\codex\v3_legacy\outputs\football_odds_trader\raw\titan007\20261010\20261010_223725_titan007_odds_snapshot.csv,NOT_FINAL_STATE_0,904fde553fca3cbc2b77,RUN_20261010_223725,V4,2026-10-10T22:37:25+08:00,2026-10-10T22:37:25+08:00,2026-10-11T21:30:00+08:00,22.876,False,False,False
V4_SHADOW,2968277,2026-10-11,挪丙,特罗姆瑟B队 vs 利勒斯特罗姆B队,,,,,,,0,,,D:\codex\v3_legacy\outputs\football_odds_trader\raw\titan007\20261010\20261010_223725_titan007_odds_snapshot.csv,NOT_FINAL_STATE_0,f26d5b72a29b8f917716,RUN_20261010_223725,V4,2026-10-10T22:37:25+08:00,2026-10-10T22:37:25+08:00,2026-10-11T21:30:00+08:00,22.876,False,False,False
V4_SHADOW,3099453,2026-10-11,德戊,VFL维查尔 vs 森博格SV,,,,,,,0,,,D:\codex\v3_legacy\outputs\football_odds_trader\raw\titan007\20261010\20261010_223725_titan007_odds_snapshot.csv,NOT_FINAL_STATE_0,956478247ba858e70a5e,RUN_20261010_223725,V4,2026-10-10T22:37:25+08:00,2026-10-10T22:37:25+08:00,2026-10-11T21:45:00+08:00,23.126,False,False,False
V4_SHADOW,3003585,2026-10-11,比甲,圣吉罗斯 vs 旧海弗莱鲁汶,,,,,,,0,,,D:\codex\v3_legacy\outputs\football_odds_trader\raw\titan007\20261010\20261010_223725_titan007_odds_snapshot.csv,NOT_FINAL_STATE_0,ea578ee28afecbd69712,RUN_20261010_223725,V4,2026-10-10T22:37:25+08:00,2026-10-10T22:37:25+08:00,2026-10-11T22:00:00+08:00,23.376,False,False,False
V4_SHADOW,3036443,2026-10-11,希腊超,伊拉克里斯 vs 莱瓦贾科斯,,,,,,,0,,,D:\codex\v3_legacy\outputs\football_odds_trader\raw\titan007\20261010\20261010_223725_titan007_odds_snapshot.csv,NOT_FINAL_STATE_0,9067ae121d1dd7ce7b44,RUN_20261010_223725,V4,2026-10-10T22:37:25+08:00,2026-10-10T22:37:25+08:00,2026-10-11T22:00:00+08:00,23.376,False,False,False
V4_SHADOW,3036444,2026-10-11,希腊超,基菲萨 vs 帕纳多里高斯,,,,,,,0,,,D:\codex\v3_legacy\outputs\football_odds_trader\raw\titan007\20261010\20261010_223725_titan007_odds_snapshot.csv,NOT_FINAL_STATE_0,e9eab7329fe28d28229d,RUN_20261010_223725,V4,2026-10-10T22:37:25+08:00,2026-10-10T22:37:25+08:00,2026-10-11T22:00:00+08:00,23.376,False,False,False
V4_SHADOW,3026482,2026-10-11,德地区东北,巴贝斯堡 vs 莱比锡火车头,,,,,,,0,,,D:\codex\v3_legacy\outputs\football_odds_trader\raw\titan007\20261010\20261010_223725_titan007_odds_snapshot.csv,NOT_FINAL_STATE_0,80e3b1276533fe5a8a3d,RUN_20261010_223725,V4,2026-10-10T22:37:25+08:00,2026-10-10T22:37:25+08:00,2026-10-11T22:00:00+08:00,23.376,False,False,False
V4_SHADOW,3026485,2026-10-11,德地区东北,卓尼特斯 vs 爱尔福特红白,,,,,,,0,,,D:\codex\v3_legacy\outputs\football_odds_trader\raw\titan007\20261010\20261010_223725_titan007_odds_snapshot.csv,NOT_FINAL_STATE_0,1276760c62e069f6756e,RUN_20261010_223725,V4,2026-10-10T22:37:25+08:00,2026-10-10T22:37:25+08:00,2026-10-11T22:00:00+08:00,23.376,False,False,False
V4_SHADOW,3099403,2026-10-11,葡乙,乔奥维尔 vs 华森,,,,,,,0,,,D:\codex\v3_legacy\outputs\football_odds_trader\raw\titan007\20261010\20261010_223725_titan007_odds_snapshot.csv,NOT_FINAL_STATE_0,abfdddbd5b159e58fa44,RUN_20261010_223725,V4,2026-10-10T22:37:25+08:00,2026-10-10T22:37:25+08:00,2026-10-11T22:00:00+08:00,23.376,False,False,False
V4_SHADOW,3099405,2026-10-11,葡乙,葡萄牙体育会 vs 卡尔达斯,,,,,,,0,,,D:\codex\v3_legacy\outputs\football_odds_trader\raw\titan007\20261010\20261010_223725_titan007_odds_snapshot.csv,NOT_FINAL_STATE_0,4270d06eb4f35589a778,RUN_20261010_223725,V4,2026-10-10T22:37:25+08:00,2026-10-10T22:37:25+08:00,2026-10-11T22:00:00+08:00,23.376,False,False,False
V4_SHADOW,3083303,2026-10-11,西协乙,赫罗纳B队 vs 西班牙人B队,,,,,,,0,,,D:\codex\v3_legacy\outputs\football_odds_trader\raw\titan007\20261010\20261010_223725_titan007_odds_snapshot.csv,NOT_FINAL_STATE_0,89670fd98609aa3b6d40,RUN_20261010_223725,V4,2026-10-10T22:37:25+08:00,2026-10-10T22:37:25+08:00,2026-10-11T22:00:00+08:00,23.376,False,False,False
V4_SHADOW,3005404,2026-10-11,比乙,艾斯登 vs 亨克B队,,,,,,,0,,,D:\codex\v3_legacy\outputs\football_odds_trader\raw\titan007\20261010\20261010_223725_titan007_odds_snapshot.csv,NOT_FINAL_STATE_0,b2fe2f3983bfaf6a6ca4,RUN_20261010_223725,V4,2026-10-10T22:37:25+08:00,2026-10-10T22:37:25+08:00,2026-10-11T22:00:00+08:00,23.376,False,False,False
V4_SHADOW,2920173,2026-10-11,瑞典乙北,阿西里斯卡 vs FBK卡尔斯塔德,,,,,,,0,,,D:\codex\v3_legacy\outputs\football_odds_trader\raw\titan007\20261010\20261010_223725_titan007_odds_snapshot.csv,NOT_FINAL_STATE_0,8aa8c6ae9275b68dfb37,RUN_20261010_223725,V4,2026-10-10T22:37:25+08:00,2026-10-10T22:37:25+08:00,2026-10-11T22:00:00+08:00,23.376,False,False,False
V4_SHADOW,2920174,2026-10-11,瑞典乙北,耶夫勒 vs 派提亚,,,,,,,0,,,D:\codex\v3_legacy\outputs\football_odds_trader\raw\titan007\20261010\20261010_223725_titan007_odds_snapshot.csv,NOT_FINAL_STATE_0,04b012eb10584b9fe454,RUN_20261010_223725,V4,2026-10-10T22:37:25+08:00,2026-10-10T22:37:25+08:00,2026-10-11T22:00:00+08:00,23.376,False,False,False
V4_SHADOW,2920175,2026-10-11,瑞典乙北,哈马比TFF vs 安高平,,,,,,,0,,,D:\codex\v3_legacy\outputs\football_odds_trader\raw\titan007\20261010\20261010_223725_titan007_odds_snapshot.csv,NOT_FINAL_STATE_0,7d61406901a47255a920,RUN_20261010_223725,V4,2026-10-10T22:37:25+08:00,2026-10-10T22:37:25+08:00,2026-10-11T22:00:00+08:00,23.376,False,False,False
V4_SHADOW,2913365,2026-10-11,挪乙,EIK通斯堡 vs 里塞克罗斯特,,,,,,,0,,,D:\codex\v3_legacy\outputs\football_odds_trader\raw\titan007\20261010\20261010_223725_titan007_odds_snapshot.csv,NOT_FINAL_STATE_0,b35e5b1573b1aeccfead,RUN_20261010_223725,V4,2026-10-10T22:37:25+08:00,2026-10-10T22:37:25+08:00,2026-10-11T22:00:00+08:00,23.376,False,False,False
V4_SHADOW,2998255,2026-10-11,丹麦超,布隆德比 vs 利恩比,,,,,,,0,,,D:\codex\v3_legacy\outputs\football_odds_trader\raw\titan007\20261010\20261010_223725_titan007_odds_snapshot.csv,NOT_FINAL_STATE_0,6e70c243dfcefe650df8,RUN_20261010_223725,V4,2026-10-10T22:37:25+08:00,2026-10-10T22:37:25+08:00,2026-10-11T22:00:00+08:00,23.376,False,False,False
V4_SHADOW,3022004,2026-10-11,俄甲,索契 vs 乌法,,,,,,,0,,,D:\codex\v3_legacy\outputs\football_odds_trader\raw\titan007\20261010\20261010_223725_titan007_odds_snapshot.csv,NOT_FINAL_STATE_0,18fceee4be1b4e473677,RUN_20261010_223725,V4,2026-10-10T22:37:25+08:00,2026-10-10T22:37:25+08:00,2026-10-11T22:00:00+08:00,23.376,False,False,False
V4_SHADOW,3009523,2026-10-11,捷丙,渥恩斯多夫 vs 贺拉戴克B队,,,,,,,0,,,D:\codex\v3_legacy\outputs\football_odds_trader\raw\titan007\20261010\20261010_223725_titan007_odds_snapshot.csv,NOT_FINAL_STATE_0,9a1a14e02ed0554398f5,RUN_20261010_223725,V4,2026-10-10T22:37:25+08:00,2026-10-10T22:37:25+08:00,2026-10-11T22:00:00+08:00,23.376,False,False,False
V4_SHADOW,3009525,2026-10-11,捷丙,索史尔扎普 vs 泽尼特卡斯拉夫,,,,,,,0,,,D:\codex\v3_legacy\outputs\football_odds_trader\raw\titan007\20261010\20261010_223725_titan007_odds_snapshot.csv,NOT_FINAL_STATE_0,fecdd98d3fb2e488d23e,RUN_20261010_223725,V4,2026-10-10T22:37:25+08:00,2026-10-10T22:37:25+08:00,2026-10-11T22:00:00+08:00,23.376,False,False,False
V4_SHADOW,3099098,2026-10-11,乌拉甲秋,尤文提度 vs 蒙特维多竞技,,,,,,,0,,,D:\codex\v3_legacy\outputs\football_odds_trader\raw\titan007\20261010\20261010_223725_titan007_odds_snapshot.csv,NOT_FINAL_STATE_0,bd880575120887efe002,RUN_20261010_223725,V4,2026-10-10T22:37:25+08:00,2026-10-10T22:37:25+08:00,2026-10-11T22:00:00+08:00,23.376,False,False,False
V4_SHADOW,3059462,2026-10-11,埃及超,奥林比亚艾卡纳 vs 马斯里,,,,,,,0,,,D:\codex\v3_legacy\outputs\football_odds_trader\raw\titan007\20261010\20261010_223725_titan007_odds_snapshot.csv,NOT_FINAL_STATE_0,9d40b9eba3c908991c09,RUN_20261010_223725,V4,2026-10-10T22:37:25+08:00,2026-10-10T22:37:25+08:00,2026-10-11T22:00:00+08:00,23.376,False,False,False
V4_SHADOW,3071338,2026-10-11,摩尔甲,佩特罗古 vs 基希讷乌野牛,,,,,,,0,,,D:\codex\v3_legacy\outputs\football_odds_trader\raw\titan007\20261010\20261010_223725_titan007_odds_snapshot.csv,NOT_FINAL_STATE_0,66cd8087de923af83474,RUN_20261010_223725,V4,2026-10-10T22:37:25+08:00,2026-10-10T22:37:25+08:00,2026-10-11T22:00:00+08:00,23.376,False,False,False
V4_SHADOW,3038462,2026-10-11,土乙红,叶内奥都斯 vs 基克拉尔利士邦,,,,,,,0,,,D:\codex\v3_legacy\outputs\football_odds_trader\raw\titan007\20261010\20261010_223725_titan007_odds_snapshot.csv,NOT_FINAL_STATE_0,f7eeb3d648a724d49e98,RUN_20261010_223725,V4,2026-10-10T22:37:25+08:00,2026-10-10T22:37:25+08:00,2026-10-11T22:00:00+08:00,23.376,False,False,False
V4_SHADOW,2953384,2026-10-11,哈萨克超,卡萨尔 vs 奥达巴斯,,,,,,,0,,,D:\codex\v3_legacy\outputs\football_odds_trader\raw\titan007\20261010\20261010_223725_titan007_odds_snapshot.csv,NOT_FINAL_STATE_0,fb7f24b8b343d5d64964,RUN_20261010_223725,V4,2026-10-10T22:37:25+08:00,2026-10-10T22:37:25+08:00,2026-10-11T22:00:00+08:00,23.376,False,False,False
V4_SHADOW,3046750,2026-10-11,卢森甲,迪弗当日 vs 沃尔弗丹格,,,,,,,0,,,D:\codex\v3_legacy\outputs\football_odds_trader\raw\titan007\20261010\20261010_223725_titan007_odds_snapshot.csv,NOT_FINAL_STATE_0,384d8de9b44fad69ff84,RUN_20261010_223725,V4,2026-10-10T22:37:25+08:00,2026-10-10T22:37:25+08:00,2026-10-11T22:00:00+08:00,23.376,False,False,False
V4_SHADOW,3046751,2026-10-11,卢森甲,艾特贝鲁克 vs 迪德朗日,,,,,,,0,,,D:\codex\v3_legacy\outputs\football_odds_trader\raw\titan007\20261010\20261010_223725_titan007_odds_snapshot.csv,NOT_FINAL_STATE_0,dbe76528c5eaac73f6dc,RUN_20261010_223725,V4,2026-10-10T22:37:25+08:00,2026-10-10T22:37:25+08:00,2026-10-11T22:00:00+08:00,23.376,False,False,False
V4_SHADOW,3046752,2026-10-11,卢森甲,史域夫 vs 维多利亚路斯博,,,,,,,0,,,D:\codex\v3_legacy\outputs\football_odds_trader\raw\titan007\20261010\20261010_223725_titan007_odds_snapshot.csv,NOT_FINAL_STATE_0,90662bc25dfe328ae837,RUN_20261010_223725,V4,2026-10-10T22:37:25+08:00,2026-10-10T22:37:25+08:00,2026-10-11T22:00:00+08:00,23.376,False,False,False
V4_SHADOW,3046753,2026-10-11,卢森甲,霍斯特尔特 vs 尼达克,,,,,,,0,,,D:\codex\v3_legacy\outputs\football_odds_trader\raw\titan007\20261010\20261010_223725_titan007_odds_snapshot.csv,NOT_FINAL_STATE_0,9c9830c38420f585240e,RUN_20261010_223725,V4,2026-10-10T22:37:25+08:00,2026-10-10T22:37:25+08:00,2026-10-11T22:00:00+08:00,23.376,False,False,False
V4_SHADOW,3046754,2026-10-11,卢森甲,卡尔杰 vs 埃斯克年青人,,,,,,,0,,,D:\codex\v3_legacy\outputs\football_odds_trader\raw\titan007\20261010\20261010_223725_titan007_odds_snapshot.csv,NOT_FINAL_STATE_0,d33b9276206d9909918d,RUN_20261010_223725,V4,2026-10-10T22:37:25+08:00,2026-10-10T22:37:25+08:00,2026-10-11T22:00:00+08:00,23.376,False,False,False
V4_SHADOW,3046755,2026-10-11,卢森甲,竞赛联 vs 阿特比森,,,,,,,0,,,D:\codex\v3_legacy\outputs\football_odds_trader\raw\titan007\20261010\20261010_223725_titan007_odds_snapshot.csv,NOT_FINAL_STATE_0,3e90bc70ed3991363dce,RUN_20261010_223725,V4,2026-10-10T22:37:25+08:00,2026-10-10T22:37:25+08:00,2026-10-11T22:00:00+08:00,23.376,False,False,False
V4_SHADOW,3046756,2026-10-11,卢森甲,拉米兰治 vs 蒙多夫,,,,,,,0,,,D:\codex\v3_legacy\outputs\football_odds_trader\raw\titan007\20261010\20261010_223725_titan007_odds_snapshot.csv,NOT_FINAL_STATE_0,e944ab4caab022751804,RUN_20261010_223725,V4,2026-10-10T22:37:25+08:00,2026-10-10T22:37:25+08:00,2026-10-11T22:00:00+08:00,23.376,False,False,False
V4_SHADOW,3046757,2026-10-11,卢森甲,维特泽 vs 施特拉森,,,,,,,0,,,D:\codex\v3_legacy\outputs\football_odds_trader\raw\titan007\20261010\20261010_223725_titan007_odds_snapshot.csv,NOT_FINAL_STATE_0,8c0402041effd047033a,RUN_20261010_223725,V4,2026-10-10T22:37:25+08:00,2026-10-10T22:37:25+08:00,2026-10-11T22:00:00+08:00,23.376,False,False,False
V4_SHADOW,2922089,2026-10-11,法罗甲,托尔斯港 vs 克拉克斯维克,,,,,,,0,,,D:\codex\v3_legacy\outputs\football_odds_trader\raw\titan007\20261010\20261010_223725_titan007_odds_snapshot.csv,NOT_FINAL_STATE_0,199fcdd31234b8c6f68d,RUN_20261010_223725,V4,2026-10-10T22:37:25+08:00,2026-10-10T22:37:25+08:00,2026-10-11T22:00:00+08:00,23.376,False,False,False
V4_SHADOW,2922090,2026-10-11,法罗甲,史卡拉 vs NSI鲁纳维克,,,,,,,0,,,D:\codex\v3_legacy\outputs\football_odds_trader\raw\titan007\20261010\20261010_223725_titan007_odds_snapshot.csv,NOT_FINAL_STATE_0,3103be9c08254d2c1528,RUN_20261010_223725,V4,2026-10-10T22:37:25+08:00,2026-10-10T22:37:25+08:00,2026-10-11T22:00:00+08:00,23.376,False,False,False
V4_SHADOW,3005996,2026-10-11,斯亚乙,波萨维吉 vs 拖里格拉瓦,,,,,,,0,,,D:\codex\v3_legacy\outputs\football_odds_trader\raw\titan007\20261010\20261010_223725_titan007_odds_snapshot.csv,NOT_FINAL_STATE_0,5c605cd5dc523d23352d,RUN_20261010_223725,V4,2026-10-10T22:37:25+08:00,2026-10-10T22:37:25+08:00,2026-10-11T22:00:00+08:00,23.376,False,False,False
V4_SHADOW,3005999,2026-10-11,斯亚乙,比摩治 vs 德拉维加,,,,,,,0,,,D:\codex\v3_legacy\outputs\football_odds_trader\raw\titan007\20261010\20261010_223725_titan007_odds_snapshot.csv,NOT_FINAL_STATE_0,26e46b6b66d8e9b6e0d3,RUN_20261010_223725,V4,2026-10-10T22:37:25+08:00,2026-10-10T22:37:25+08:00,2026-10-11T22:00:00+08:00,23.376,False,False,False
V4_SHADOW,3006000,2026-10-11,斯亚乙,NK斯沃博达卢布尔雅那 vs 比斯特里察,,,,,,,0,,,D:\codex\v3_legacy\outputs\football_odds_trader\raw\titan007\20261010\20261010_223725_titan007_odds_snapshot.csv,NOT_FINAL_STATE_0,5c2c1e28164e8184d1c6,RUN_20261010_223725,V4,2026-10-10T22:37:25+08:00,2026-10-10T22:37:25+08:00,2026-10-11T22:00:00+08:00,23.376,False,False,False
V4_SHADOW,2927557,2026-10-11,瑞典丙NS,辛内斯塔 vs 哥斯纳斯,,,,,,,0,,,D:\codex\v3_legacy\outputs\football_odds_trader\raw\titan007\20261010\20261010_223725_titan007_odds_snapshot.csv,NOT_FINAL_STATE_0,864fbc514e530c1efe2f,RUN_20261010_223725,V4,2026-10-10T22:37:25+08:00,2026-10-10T22:37:25+08:00,2026-10-11T22:00:00+08:00,23.376,False,False,False
V4_SHADOW,2926828,2026-10-11,瑞典丙SS,斯莱坡尼尔 vs 菲提亚,,,,,,,0,,,D:\codex\v3_legacy\outputs\football_odds_trader\raw\titan007\20261010\20261010_223725_titan007_odds_snapshot.csv,NOT_FINAL_STATE_0,dd12f246b63b95111e12,RUN_20261010_223725,V4,2026-10-10T22:37:25+08:00,2026-10-10T22:37:25+08:00,2026-10-11T22:00:00+08:00,23.376,False,False,False
V4_SHADOW,3046648,2026-10-11,瑞典丙升,卢克斯塔 vs 斯盖乐夫提,,,,,,,0,,,D:\codex\v3_legacy\outputs\football_odds_trader\raw\titan007\20261010\20261010_223725_titan007_odds_snapshot.csv,NOT_FINAL_STATE_0,db2e1f006fd93b1e5150,RUN_20261010_223725,V4,2026-10-10T22:37:25+08:00,2026-10-10T22:37:25+08:00,2026-10-11T22:00:00+08:00,23.376,False,False,False
V4_SHADOW,3100860,2026-10-11,印度超,丘吉尔兄弟 vs 孟买城,,,,,,,0,,,D:\codex\v3_legacy\outputs\football_odds_trader\raw\titan007\20261010\20261010_223725_titan007_odds_snapshot.csv,NOT_FINAL_STATE_0,07403db5401924e5f7f5,RUN_20261010_223725,V4,2026-10-10T22:37:25+08:00,2026-10-10T22:37:25+08:00,2026-10-11T22:00:00+08:00,23.376,False,False,False
V4_SHADOW,3033345,2026-10-11,土丙,耶尼阿马斯亚 vs 西利夫里士邦,,,,,,,0,,,D:\codex\v3_legacy\outputs\football_odds_trader\raw\titan007\20261010\20261010_223725_titan007_odds_snapshot.csv,NOT_FINAL_STATE_0,c18d8ffae45e493d3aef,RUN_20261010_223725,V4,2026-10-10T22:37:25+08:00,2026-10-10T22:37:25+08:00,2026-10-11T22:00:00+08:00,23.376,False,False,False
V4_SHADOW,3033346,2026-10-11,土丙,贝科兹伊沙克利 vs 因克勒珀士邦,,,,,,,0,,,D:\codex\v3_legacy\outputs\football_odds_trader\raw\titan007\20261010\20261010_223725_titan007_odds_snapshot.csv,NOT_FINAL_STATE_0,9c1d9a8f8afa37643502,RUN_20261010_223725,V4,2026-10-10T22:37:25+08:00,2026-10-10T22:37:25+08:00,2026-10-11T22:00:00+08:00,23.376,False,False,False
V4_SHADOW,3033347,2026-10-11,土丙,布尔瓦尔体育 vs 奥特士邦,,,,,,,0,,,D:\codex\v3_legacy\outputs\football_odds_trader\raw\titan007\20261010\20261010_223725_titan007_odds_snapshot.csv,NOT_FINAL_STATE_0,73c413b059a6c41064ee,RUN_20261010_223725,V4,2026-10-10T22:37:25+08:00,2026-10-10T22:37:25+08:00,2026-10-11T22:00:00+08:00,23.376,False,False,False
V4_SHADOW,3033348,2026-10-11,土丙,杜兹塞 vs 帕萨士邦,,,,,,,0,,,D:\codex\v3_legacy\outputs\football_odds_trader\raw\titan007\20261010\20261010_223725_titan007_odds_snapshot.csv,NOT_FINAL_STATE_0,4594c897f4144b6c856a,RUN_20261010_223725,V4,2026-10-10T22:37:25+08:00,2026-10-10T22:37:25+08:00,2026-10-11T22:00:00+08:00,23.376,False,False,False
V4_SHADOW,3033350,2026-10-11,土丙,高库克士邦 vs 加拉塔,,,,,,,0,,,D:\codex\v3_legacy\outputs\football_odds_trader\raw\titan007\20261010\20261010_223725_titan007_odds_snapshot.csv,NOT_FINAL_STATE_0,59cda37058de83d1df15,RUN_20261010_223725,V4,2026-10-10T22:37:25+08:00,2026-10-10T22:37:25+08:00,2026-10-11T22:00:00+08:00,23.376,False,False,False
V4_SHADOW,3033351,2026-10-11,土丙,埃格利士邦 vs 耶西尔亚洛瓦,,,,,,,0,,,D:\codex\v3_legacy\outputs\football_odds_trader\raw\titan007\20261010\20261010_223725_titan007_odds_snapshot.csv,NOT_FINAL_STATE_0,3d6eeea33b0716440edd,RUN_20261010_223725,V4,2026-10-10T22:37:25+08:00,2026-10-10T22:37:25+08:00,2026-10-11T22:00:00+08:00,23.376,False,False,False
V4_SHADOW,3033352,2026-10-11,土丙,库科切梅切 vs 卡拉布克德曼,,,,,,,0,,,D:\codex\v3_legacy\outputs\football_odds_trader\raw\titan007\20261010\20261010_223725_titan007_odds_snapshot.csv,NOT_FINAL_STATE_0,0c7f935833ae8044b09b,RUN_20261010_223725,V4,2026-10-10T22:37:25+08:00,2026-10-10T22:37:25+08:00,2026-10-11T22:00:00+08:00,23.376,False,False,False
V4_SHADOW,3033353,2026-10-11,土丙,托卡特 vs 祖古尔达克,,,,,,,0,,,D:\codex\v3_legacy\outputs\football_odds_trader\raw\titan007\20261010\20261010_223725_titan007_odds_snapshot.csv,NOT_FINAL_STATE_0,13029dab9ae6fa84f3c4,RUN_20261010_223725,V4,2026-10-10T22:37:25+08:00,2026-10-10T22:37:25+08:00,2026-10-11T22:00:00+08:00,23.376,False,False,False
V4_SHADOW,3033651,2026-10-11,土丙,凯斯特尔 vs 布尔萨耶尔德勒姆士邦,,,,,,,0,,,D:\codex\v3_legacy\outputs\football_odds_trader\raw\titan007\20261010\20261010_223725_titan007_odds_snapshot.csv,NOT_FINAL_STATE_0,b79561a3ba3b9ebe18f1,RUN_20261010_223725,V4,2026-10-10T22:37:25+08:00,2026-10-10T22:37:25+08:00,2026-10-11T22:00:00+08:00,23.376,False,False,False
V4_SHADOW,3033652,2026-10-11,土丙,巴里科斯士邦 vs 阿克谢希尔士邦,,,,,,,0,,,D:\codex\v3_legacy\outputs\football_odds_trader\raw\titan007\20261010\20261010_223725_titan007_odds_snapshot.csv,NOT_FINAL_STATE_0,5734a5dbd1e46d44ef6d,RUN_20261010_223725,V4,2026-10-10T22:37:25+08:00,2026-10-10T22:37:25+08:00,2026-10-11T22:00:00+08:00,23.376,False,False,False
V4_SHADOW,3033653,2026-10-11,土丙,布卡士邦SK vs 加济米勒,,,,,,,0,,,D:\codex\v3_legacy\outputs\football_odds_trader\raw\titan007\20261010\20261010_223725_titan007_odds_snapshot.csv,NOT_FINAL_STATE_0,11e5b69bd53389ef4a27,RUN_20261010_223725,V4,2026-10-10T22:37:25+08:00,2026-10-10T22:37:25+08:00,2026-10-11T22:00:00+08:00,23.376,False,False,False
V4_SHADOW,3033654,2026-10-11,土丙,尼路费 vs 凯佩兹比勒迪亚士邦,,,,,,,0,,,D:\codex\v3_legacy\outputs\football_odds_trader\raw\titan007\20261010\20261010_223725_titan007_odds_snapshot.csv,NOT_FINAL_STATE_0,b413c06a51e5fc00803e,RUN_20261010_223725,V4,2026-10-10T22:37:25+08:00,2026-10-10T22:37:25+08:00,2026-10-11T22:00:00+08:00,23.376,False,False,False
V4_SHADOW,3033655,2026-10-11,土丙,德尼兹利伊古雷勒 vs 阿华利古奇,,,,,,,0,,,D:\codex\v3_legacy\outputs\football_odds_trader\raw\titan007\20261010\20261010_223725_titan007_odds_snapshot.csv,NOT_FINAL_STATE_0,32cff02f5d0351d18894,RUN_20261010_223725,V4,2026-10-10T22:37:25+08:00,2026-10-10T22:37:25+08:00,2026-10-11T22:00:00+08:00,23.376,False,False,False
V4_SHADOW,3033656,2026-10-11,土丙,埃斯基谢希尔体育 vs 伊梅斯古特,,,,,,,0,,,D:\codex\v3_legacy\outputs\football_odds_trader\raw\titan007\20261010\20261010_223725_titan007_odds_snapshot.csv,NOT_FINAL_STATE_0,bbf28c54476f796ee5db,RUN_20261010_223725,V4,2026-10-10T22:37:25+08:00,2026-10-10T22:37:25+08:00,2026-10-11T22:00:00+08:00,23.376,False,False,False
V4_SHADOW,3033657,2026-10-11,土丙,卡尔希雅 vs 安那托利亚大学,,,,,,,0,,,D:\codex\v3_legacy\outputs\football_odds_trader\raw\titan007\20261010\20261010_223725_titan007_odds_snapshot.csv,NOT_FINAL_STATE_0,a99d85b451ed78f8437b,RUN_20261010_223725,V4,2026-10-10T22:37:25+08:00,2026-10-10T22:37:25+08:00,2026-10-11T22:00:00+08:00,23.376,False,False,False
V4_SHADOW,3033658,2026-10-11,土丙,索克1970 vs 贝卡士邦,,,,,,,0,,,D:\codex\v3_legacy\outputs\football_odds_trader\raw\titan007\20261010\20261010_223725_titan007_odds_snapshot.csv,NOT_FINAL_STATE_0,3e640eff22e33b5b96af,RUN_20261010_223725,V4,2026-10-10T22:37:25+08:00,2026-10-10T22:37:25+08:00,2026-10-11T22:00:00+08:00,23.376,False,False,False
V4_SHADOW,3033659,2026-10-11,土丙,乌塔斯乌沙克士邦 vs 阿尔塔伊,,,,,,,0,,,D:\codex\v3_legacy\outputs\football_odds_trader\raw\titan007\20261010\20261010_223725_titan007_odds_snapshot.csv,NOT_FINAL_STATE_0,eff3945177f6f32a43ff,RUN_20261010_223725,V4,2026-10-10T22:37:25+08:00,2026-10-10T22:37:25+08:00,2026-10-11T22:00:00+08:00,23.376,False,False,False
V4_SHADOW,3033957,2026-10-11,土丙,阿达莱特古库 vs 史立夫科,,,,,,,0,,,D:\codex\v3_legacy\outputs\football_odds_trader\raw\titan007\20261010\20261010_223725_titan007_odds_snapshot.csv,NOT_FINAL_STATE_0,5fd25b085695626b5103,RUN_20261010_223725,V4,2026-10-10T22:37:25+08:00,2026-10-10T22:37:25+08:00,2026-10-11T22:00:00+08:00,23.376,False,False,False
V4_SHADOW,3033958,2026-10-11,土丙,迪亚巴克尔体育 vs 土库克鲁兹卡雷,,,,,,,0,,,D:\codex\v3_legacy\outputs\football_odds_trader\raw\titan007\20261010\20261010_223725_titan007_odds_snapshot.csv,NOT_FINAL_STATE_0,a8126d964dfe4815aefb,RUN_20261010_223725,V4,2026-10-10T22:37:25+08:00,2026-10-10T22:37:25+08:00,2026-10-11T22:00:00+08:00,23.376,False,False,False
V4_SHADOW,3033959,2026-10-11,土丙,埃西亚斯38 vs 艾丹亚斯普,,,,,,,0,,,D:\codex\v3_legacy\outputs\football_odds_trader\raw\titan007\20261010\20261010_223725_titan007_odds_snapshot.csv,NOT_FINAL_STATE_0,6e2c899a23501c038334,RUN_20261010_223725,V4,2026-10-10T22:37:25+08:00,2026-10-10T22:37:25+08:00,2026-10-11T22:00:00+08:00,23.376,False,False,False
V4_SHADOW,3033960,2026-10-11,土丙,卡拉科普鲁 vs 比特利斯1916,,,,,,,0,,,D:\codex\v3_legacy\outputs\football_odds_trader\raw\titan007\20261010\20261010_223725_titan007_odds_snapshot.csv,NOT_FINAL_STATE_0,2b45469d0ae9a642e7a0,RUN_20261010_223725,V4,2026-10-10T22:37:25+08:00,2026-10-10T22:37:25+08:00,2026-10-11T22:00:00+08:00,23.376,False,False,False
V4_SHADOW,3033961,2026-10-11,土丙,基森海尔 vs 格里1970,,,,,,,0,,,D:\codex\v3_legacy\outputs\football_odds_trader\raw\titan007\20261010\20261010_223725_titan007_odds_snapshot.csv,NOT_FINAL_STATE_0,ed0b40b16bd7e4af12ba,RUN_20261010_223725,V4,2026-10-10T22:37:25+08:00,2026-10-10T22:37:25+08:00,2026-10-11T22:00:00+08:00,23.376,False,False,False
V4_SHADOW,3033962,2026-10-11,土丙,叶斯尔约特 vs 马拉蒂亚体育,,,,,,,0,,,D:\codex\v3_legacy\outputs\football_odds_trader\raw\titan007\20261010\20261010_223725_titan007_odds_snapshot.csv,NOT_FINAL_STATE_0,a99d16ef225c5815d27d,RUN_20261010_223725,V4,2026-10-10T22:37:25+08:00,2026-10-10T22:37:25+08:00,2026-10-11T22:00:00+08:00,23.376,False,False,False
V4_SHADOW,3033963,2026-10-11,土丙,马西达吉 vs 约兹加特,,,,,,,0,,,D:\codex\v3_legacy\outputs\football_odds_trader\raw\titan007\20261010\20261010_223725_titan007_odds_snapshot.csv,NOT_FINAL_STATE_0,7bff03537f3ecbe5ec6b,RUN_20261010_223725,V4,2026-10-10T22:37:25+08:00,2026-10-10T22:37:25+08:00,2026-10-11T22:00:00+08:00,23.376,False,False,False
V4_SHADOW,3033964,2026-10-11,土丙,尼日德 vs 卡雷曼,,,,,,,0,,,D:\codex\v3_legacy\outputs\football_odds_trader\raw\titan007\20261010\20261010_223725_titan007_odds_snapshot.csv,NOT_FINAL_STATE_0,24eed398329019655bc7,RUN_20261010_223725,V4,2026-10-10T22:37:25+08:00,2026-10-10T22:37:25+08:00,2026-10-11T22:00:00+08:00,23.376,False,False,False
V4_SHADOW,3033965,2026-10-11,土丙,新梅尔辛 vs 奥曼尼纽,,,,,,,0,,,D:\codex\v3_legacy\outputs\football_odds_trader\raw\titan007\20261010\20261010_223725_titan007_odds_snapshot.csv,NOT_FINAL_STATE_0,bc5e493f8de80c20e0dd,RUN_20261010_223725,V4,2026-10-10T22:37:25+08:00,2026-10-10T22:37:25+08:00,2026-10-11T22:00:00+08:00,23.376,False,False,False
V4_SHADOW,3034665,2026-10-11,英女南,哈斯塔联女足 vs 朴茨茅夫女足,,,,,,,0,,,D:\codex\v3_legacy\outputs\football_odds_trader\raw\titan007\20261010\20261010_223725_titan007_odds_snapshot.csv,NOT_FINAL_STATE_0,a5ea3072b387c9187059,RUN_20261010_223725,V4,2026-10-10T22:37:25+08:00,2026-10-10T22:37:25+08:00,2026-10-11T22:00:00+08:00,23.376,False,False,False
V4_SHADOW,3031429,2026-10-11,俄乙A,阿斯特拉罕沃尔加 vs 西伯尔,,,,,,,0,,,D:\codex\v3_legacy\outputs\football_odds_trader\raw\titan007\20261010\20261010_223725_titan007_odds_snapshot.csv,NOT_FINAL_STATE_0,0a7bd75b8a5ba2681334,RUN_20261010_223725,V4,2026-10-10T22:37:25+08:00,2026-10-10T22:37:25+08:00,2026-10-11T22:00:00+08:00,23.376,False,False,False
V4_SHADOW,3079023,2026-10-11,西丁,苏比扎 vs 比德扎拉,,,,,,,0,,,D:\codex\v3_legacy\outputs\football_odds_trader\raw\titan007\20261010\20261010_223725_titan007_odds_snapshot.csv,NOT_FINAL_STATE_0,88035bbdfa609a499cd2,RUN_20261010_223725,V4,2026-10-10T22:37:25+08:00,2026-10-10T22:37:25+08:00,2026-10-11T22:00:00+08:00,23.376,False,False,False
V4_SHADOW,3079628,2026-10-11,西丁,贝赛欧 vs 拉卡扎达,,,,,,,0,,,D:\codex\v3_legacy\outputs\football_odds_trader\raw\titan007\20261010\20261010_223725_titan007_odds_snapshot.csv,NOT_FINAL_STATE_0,320928ffcc807b4caeb8,RUN_20261010_223725,V4,2026-10-10T22:37:25+08:00,2026-10-10T22:37:25+08:00,2026-10-11T22:00:00+08:00,23.376,False,False,False
V4_SHADOW,3034534,2026-10-11,英女北,拉格比女足 vs 鲍德米尔圣迈克尔斯女足,,,,,,,0,,,D:\codex\v3_legacy\outputs\football_odds_trader\raw\titan007\20261010\20261010_223725_titan007_odds_snapshot.csv,NOT_FINAL_STATE_0,936718fcd5872e4ddf13,RUN_20261010_223725,V4,2026-10-10T22:37:25+08:00,2026-10-10T22:37:25+08:00,2026-10-11T22:00:00+08:00,23.376,False,False,False
V4_SHADOW,3099376,2026-10-11,德戊,达姆施塔特U21 vs 赫森卡瑟B队,,,,,,,0,,,D:\codex\v3_legacy\outputs\football_odds_trader\raw\titan007\20261010\20261010_223725_titan007_odds_snapshot.csv,NOT_FINAL_STATE_0,0bb7e172be89a1056cae,RUN_20261010_223725,V4,2026-10-10T22:37:25+08:00,2026-10-10T22:37:25+08:00,2026-10-11T22:00:00+08:00,23.376,False,False,False
V4_SHADOW,3065099,2026-10-11,安哥甲,洛比托学院 vs 艾高斯图,,,,,,,0,,,D:\codex\v3_legacy\outputs\football_odds_trader\raw\titan007\20261010\20261010_223725_titan007_odds_snapshot.csv,NOT_FINAL_STATE_0,6f38f122f5f61b411fec,RUN_20261010_223725,V4,2026-10-10T22:37:25+08:00,2026-10-10T22:37:25+08:00,2026-10-11T22:00:00+08:00,23.376,False,False,False
V4_SHADOW,3101191,2026-10-11,奥丁,弗洛里德斯多佛II队 vs SC红星奔腾,,,,,,,0,,,D:\codex\v3_legacy\outputs\football_odds_trader\raw\titan007\20261010\20261010_223725_titan007_odds_snapshot.csv,NOT_FINAL_STATE_0,91d9f6e5456cd6c4bd60,RUN_20261010_223725,V4,2026-10-10T22:37:25+08:00,2026-10-10T22:37:25+08:00,2026-10-11T22:00:00+08:00,23.376,False,False,False
V4_SHADOW,3099461,2026-10-11,意丁,巴勒莫竞技 vs 利卡塔,,,,,,,0,,,D:\codex\v3_legacy\outputs\football_odds_trader\raw\titan007\20261010\20261010_223725_titan007_odds_snapshot.csv,NOT_FINAL_STATE_0,1c4363a8866df2df6962,RUN_20261010_223725,V4,2026-10-10T22:37:25+08:00,2026-10-10T22:37:25+08:00,2026-10-11T22:00:00+08:00,23.376,False,False,False
V4_SHADOW,3099465,2026-10-11,意丁,戈拉 vs 米拉佐,,,,,,,0,,,D:\codex\v3_legacy\outputs\football_odds_trader\raw\titan007\20261010\20261010_223725_titan007_odds_snapshot.csv,NOT_FINAL_STATE_0,a3742e2b068f50b5c113,RUN_20261010_223725,V4,2026-10-10T22:37:25+08:00,2026-10-10T22:37:25+08:00,2026-10-11T22:00:00+08:00,23.376,False,False,False
V4_SHADOW,3099497,2026-10-11,意丁,AP图斯 vs 曼弗雷多尼亚,,,,,,,0,,,D:\codex\v3_legacy\outputs\football_odds_trader\raw\titan007\20261010\20261010_223725_titan007_odds_snapshot.csv,NOT_FINAL_STATE_0,2361925eab37f157e7a8,RUN_20261010_223725,V4,2026-10-10T22:37:25+08:00,2026-10-10T22:37:25+08:00,2026-10-11T22:00:00+08:00,23.376,False,False,False
V4_SHADOW,3099513,2026-10-11,意丁,热带科里亚诺 vs AC克丽玛1908,,,,,,,0,,,D:\codex\v3_legacy\outputs\football_odds_trader\raw\titan007\20261010\20261010_223725_titan007_odds_snapshot.csv,NOT_FINAL_STATE_0,51a5f5ebe77464342944,RUN_20261010_223725,V4,2026-10-10T22:37:25+08:00,2026-10-10T22:37:25+08:00,2026-10-11T22:00:00+08:00,23.376,False,False,False
V4_SHADOW,3099422,2026-10-11,葡锦标,布拉加B队 vs 提森斯,,,,,,,0,,,D:\codex\v3_legacy\outputs\football_odds_trader\raw\titan007\20261010\20261010_223725_titan007_odds_snapshot.csv,NOT_FINAL_STATE_0,18aa291e828e4a30edac,RUN_20261010_223725,V4,2026-10-10T22:37:25+08:00,2026-10-10T22:37:25+08:00,2026-10-11T22:00:00+08:00,23.376,False,False,False
V4_SHADOW,3099423,2026-10-11,葡锦标,布里托 vs 沙维斯B队,,,,,,,0,,,D:\codex\v3_legacy\outputs\football_odds_trader\raw\titan007\20261010\20261010_223725_titan007_odds_snapshot.csv,NOT_FINAL_STATE_0,29328b0a5425d23b7320,RUN_20261010_223725,V4,2026-10-10T22:37:25+08:00,2026-10-10T22:37:25+08:00,2026-10-11T22:00:00+08:00,23.376,False,False,False
V4_SHADOW,3099424,2026-10-11,葡锦标,塞洛罗森塞 vs 维拉米亚,,,,,,,0,,,D:\codex\v3_legacy\outputs\football_odds_trader\raw\titan007\20261010\20261010_223725_titan007_odds_snapshot.csv,NOT_FINAL_STATE_0,dac45823f3ff69014960,RUN_20261010_223725,V4,2026-10-10T22:37:25+08:00,2026-10-10T22:37:25+08:00,2026-10-11T22:00:00+08:00,23.376,False,False,False
V4_SHADOW,3099425,2026-10-11,葡锦标,布拉干萨 vs 蒙塔莱格里,,,,,,,0,,,D:\codex\v3_legacy\outputs\football_odds_trader\raw\titan007\20261010\20261010_223725_titan007_odds_snapshot.csv,NOT_FINAL_STATE_0,649e6ddffafa2cec603b,RUN_20261010_223725,V4,2026-10-10T22:37:25+08:00,2026-10-10T22:37:25+08:00,2026-10-11T22:00:00+08:00,23.376,False,False,False
V4_SHADOW,3099426,2026-10-11,葡锦标,玛雅 vs 方迪马里亚,,,,,,,0,,,D:\codex\v3_legacy\outputs\football_odds_trader\raw\titan007\20261010\20261010_223725_titan007_odds_snapshot.csv,NOT_FINAL_STATE_0,d3c299134e31e8502bee,RUN_20261010_223725,V4,2026-10-10T22:37:25+08:00,2026-10-10T22:37:25+08:00,2026-10-11T22:00:00+08:00,23.376,False,False,False
V4_SHADOW,3099427,2026-10-11,葡锦标,蓬特达巴萨 vs 列保度沙,,,,,,,0,,,D:\codex\v3_legacy\outputs\football_odds_trader\raw\titan007\20261010\20261010_223725_titan007_odds_snapshot.csv,NOT_FINAL_STATE_0,19d062f3d615bac82f39,RUN_20261010_223725,V4,2026-10-10T22:37:25+08:00,2026-10-10T22:37:25+08:00,2026-10-11T22:00:00+08:00,23.376,False,False,False
V4_SHADOW,3099428,2026-10-11,葡锦标,维尼艾什 vs 利马奴斯,,,,,,,0,,,D:\codex\v3_legacy\outputs\football_odds_trader\raw\titan007\20261010\20261010_223725_titan007_odds_snapshot.csv,NOT_FINAL_STATE_0,ee6f94bcd745115014af,RUN_20261010_223725,V4,2026-10-10T22:37:25+08:00,2026-10-10T22:37:25+08:00,2026-10-11T22:00:00+08:00,23.376,False,False,False
V4_SHADOW,3099429,2026-10-11,葡锦标,阿德卡斯特罗 vs 萨古伊罗斯,,,,,,,0,,,D:\codex\v3_legacy\outputs\football_odds_trader\raw\titan007\20261010\20261010_223725_titan007_odds_snapshot.csv,NOT_FINAL_STATE_0,aeac289004c52fc9ac87,RUN_20261010_223725,V4,2026-10-10T22:37:25+08:00,2026-10-10T22:37:25+08:00,2026-10-11T22:00:00+08:00,23.376,False,False,False
V4_SHADOW,3099430,2026-10-11,葡锦标,辛方伊 vs 阿尔潘多拉达,,,,,,,0,,,D:\codex\v3_legacy\outputs\football_odds_trader\raw\titan007\20261010\20261010_223725_titan007_odds_snapshot.csv,NOT_FINAL_STATE_0,01362b63e6d9e4106bd8,RUN_20261010_223725,V4,2026-10-10T22:37:25+08:00,2026-10-10T22:37:25+08:00,2026-10-11T22:00:00+08:00,23.376,False,False,False
V4_SHADOW,3099431,2026-10-11,葡锦标,奥华伦斯 vs 贝拉马尔,,,,,,,0,,,D:\codex\v3_legacy\outputs\football_odds_trader\raw\titan007\20261010\20261010_223725_titan007_odds_snapshot.csv,NOT_FINAL_STATE_0,bfffdfd51823a96ae88d,RUN_20261010_223725,V4,2026-10-10T22:37:25+08:00,2026-10-10T22:37:25+08:00,2026-10-11T22:00:00+08:00,23.376,False,False,False
V4_SHADOW,3099432,2026-10-11,葡锦标,索森斯 vs 卡赫塔,,,,,,,0,,,D:\codex\v3_legacy\outputs\football_odds_trader\raw\titan007\20261010\20261010_223725_titan007_odds_snapshot.csv,NOT_FINAL_STATE_0,96bcb1d7011a98e1276f,RUN_20261010_223725,V4,2026-10-10T22:37:25+08:00,2026-10-10T22:37:25+08:00,2026-10-11T22:00:00+08:00,23.376,False,False,False
V4_SHADOW,3099433,2026-10-11,葡锦标,拉马斯 vs 卡马查,,,,,,,0,,,D:\codex\v3_legacy\outputs\football_odds_trader\raw\titan007\20261010\20261010_223725_titan007_odds_snapshot.csv,NOT_FINAL_STATE_0,eceabd69feeab8137da8,RUN_20261010_223725,V4,2026-10-10T22:37:25+08:00,2026-10-10T22:37:25+08:00,2026-10-11T22:00:00+08:00,23.376,False,False,False
V4_SHADOW,3099434,2026-10-11,葡锦标,花地玛 vs 娜萨瑞诺斯,,,,,,,0,,,D:\codex\v3_legacy\outputs\football_odds_trader\raw\titan007\20261010\20261010_223725_titan007_odds_snapshot.csv,NOT_FINAL_STATE_0,cb8d19197a60746d05b5,RUN_20261010_223725,V4,2026-10-10T22:37:25+08:00,2026-10-10T22:37:25+08:00,2026-10-11T22:00:00+08:00,23.376,False,False,False
V4_SHADOW,3099435,2026-10-11,葡锦标,马尔韦拉竞技 vs 法森达斯,,,,,,,0,,,D:\codex\v3_legacy\outputs\football_odds_trader\raw\titan007\20261010\20261010_223725_titan007_odds_snapshot.csv,NOT_FINAL_STATE_0,83af2076138d1ef7b34c,RUN_20261010_223725,V4,2026-10-10T22:37:25+08:00,2026-10-10T22:37:25+08:00,2026-10-11T22:00:00+08:00,23.376,False,False,False
V4_SHADOW,3099436,2026-10-11,葡锦标,莫尔塔古 vs 本菲卡卡斯特罗,,,,,,,0,,,D:\codex\v3_legacy\outputs\football_odds_trader\raw\titan007\20261010\20261010_223725_titan007_odds_snapshot.csv,NOT_FINAL_STATE_0,7d79d156dc27548b159f,RUN_20261010_223725,V4,2026-10-10T22:37:25+08:00,2026-10-10T22:37:25+08:00,2026-10-11T22:00:00+08:00,23.376,False,False,False
V4_SHADOW,3099437,2026-10-11,葡锦标,诺古里尼斯 vs 纳瓦尔,,,,,,,0,,,D:\codex\v3_legacy\outputs\football_odds_trader\raw\titan007\20261010\20261010_223725_titan007_odds_snapshot.csv,NOT_FINAL_STATE_0,92ac4ab30fa39fd46ee3,RUN_20261010_223725,V4,2026-10-10T22:37:25+08:00,2026-10-10T22:37:25+08:00,2026-10-11T22:00:00+08:00,23.376,False,False,False
V4_SHADOW,3099438,2026-10-11,葡锦标,伊维斯 vs 乌尼奥山,,,,,,,0,,,D:\codex\v3_legacy\outputs\football_odds_trader\raw\titan007\20261010\20261010_223725_titan007_odds_snapshot.csv,NOT_FINAL_STATE_0,3c6cd34c9bc884fdf6b9,RUN_20261010_223725,V4,2026-10-10T22:37:25+08:00,2026-10-10T22:37:25+08:00,2026-10-11T22:00:00+08:00,23.376,False,False,False
V4_SHADOW,3099439,2026-10-11,葡锦标,奥利维拉 vs 阿尔维卡足球俱乐部B队,,,,,,,0,,,D:\codex\v3_legacy\outputs\football_odds_trader\raw\titan007\20261010\20261010_223725_titan007_odds_snapshot.csv,NOT_FINAL_STATE_0,515eca687fe162097796,RUN_20261010_223725,V4,2026-10-10T22:37:25+08:00,2026-10-10T22:37:25+08:00,2026-10-11T22:00:00+08:00,23.376,False,False,False
V4_SHADOW,3099440,2026-10-11,葡锦标,马里亚尔华斯 vs 施坦尼斯,,,,,,,0,,,D:\codex\v3_legacy\outputs\football_odds_trader\raw\titan007\20261010\20261010_223725_titan007_odds_snapshot.csv,NOT_FINAL_STATE_0,c0fec45c71dcdc2fe21b,RUN_20261010_223725,V4,2026-10-10T22:37:25+08:00,2026-10-10T22:37:25+08:00,2026-10-11T22:00:00+08:00,23.376,False,False,False
V4_SHADOW,3099441,2026-10-11,葡锦标,阿莫拉 vs 拉高亚,,,,,,,0,,,D:\codex\v3_legacy\outputs\football_odds_trader\raw\titan007\20261010\20261010_223725_titan007_odds_snapshot.csv,NOT_FINAL_STATE_0,fb844073c7cd6e0bef37,RUN_20261010_223725,V4,2026-10-10T22:37:25+08:00,2026-10-10T22:37:25+08:00,2026-10-11T22:00:00+08:00,23.376,False,False,False
V4_SHADOW,3099442,2026-10-11,葡锦标,伊莫塔尔 vs 波特尔,,,,,,,0,,,D:\codex\v3_legacy\outputs\football_odds_trader\raw\titan007\20261010\20261010_223725_titan007_odds_snapshot.csv,NOT_FINAL_STATE_0,3fa271c9b58dd29d6e1e,RUN_20261010_223725,V4,2026-10-10T22:37:25+08:00,2026-10-10T22:37:25+08:00,2026-10-11T22:00:00+08:00,23.376,False,False,False
V4_SHADOW,3099443,2026-10-11,葡锦标,艾禾拿青年 vs 艾积斯泰历伦斯,,,,,,,0,,,D:\codex\v3_legacy\outputs\football_odds_trader\raw\titan007\20261010\20261010_223725_titan007_odds_snapshot.csv,NOT_FINAL_STATE_0,5ad8c8733a74f2d808f1,RUN_20261010_223725,V4,2026-10-10T22:37:25+08:00,2026-10-10T22:37:25+08:00,2026-10-11T22:00:00+08:00,23.376,False,False,False
V4_SHADOW,3099445,2026-10-11,葡锦标,塞尔帕 vs 辛特伦斯,,,,,,,0,,,D:\codex\v3_legacy\outputs\football_odds_trader\raw\titan007\20261010\20261010_223725_titan007_odds_snapshot.csv,NOT_FINAL_STATE_0,6b451384ba63e9e88a0b,RUN_20261010_223725,V4,2026-10-10T22:37:25+08:00,2026-10-10T22:37:25+08:00,2026-10-11T22:00:00+08:00,23.376,False,False,False
V4_SHADOW,3099446,2026-10-11,葡锦标,塞图巴尔 vs 皇家体育队,,,,,,,0,,,D:\codex\v3_legacy\outputs\football_odds_trader\raw\titan007\20261010\20261010_223725_titan007_odds_snapshot.csv,NOT_FINAL_STATE_0,826067b8df56a5ed0e43,RUN_20261010_223725,V4,2026-10-10T22:37:25+08:00,2026-10-10T22:37:25+08:00,2026-10-11T22:00:00+08:00,23.376,False,False,False
V4_SHADOW,3019784,2026-10-11,瑞士丙,USI蓝衣军团 vs 伊查伦斯,,,,,,,0,,,D:\codex\v3_legacy\outputs\football_odds_trader\raw\titan007\20261010\20261010_223725_titan007_odds_snapshot.csv,NOT_FINAL_STATE_0,8b9f0aee6317d808ee3b,RUN_20261010_223725,V4,2026-10-10T22:37:25+08:00,2026-10-10T22:37:25+08:00,2026-10-11T22:00:00+08:00,23.376,False,False,False
V4_SHADOW,3033150,2026-10-11,葡U19,维塞岛U19 vs 摩里伦斯U19,,,,,,,0,,,D:\codex\v3_legacy\outputs\football_odds_trader\raw\titan007\20261010\20261010_223725_titan007_odds_snapshot.csv,NOT_FINAL_STATE_0,226978430583d31a15cd,RUN_20261010_223725,V4,2026-10-10T22:37:25+08:00,2026-10-10T22:37:25+08:00,2026-10-11T22:00:00+08:00,23.376,False,False,False
V4_SHADOW,3033240,2026-10-11,葡U19,辛达卡拉U19 vs 本菲卡U19,,,,,,,0,,,D:\codex\v3_legacy\outputs\football_odds_trader\raw\titan007\20261010\20261010_223725_titan007_odds_snapshot.csv,NOT_FINAL_STATE_0,d3aa6a68159244a7b079,RUN_20261010_223725,V4,2026-10-10T22:37:25+08:00,2026-10-10T22:37:25+08:00,2026-10-11T22:00:00+08:00,23.376,False,False,False
V4_SHADOW,3101053,2026-10-11,博茨超,博茨瓦纳警察XI SC vs 伊特斯逊,,,,,,,0,,,D:\codex\v3_legacy\outputs\football_odds_trader\raw\titan007\20261010\20261010_223725_titan007_odds_snapshot.csv,NOT_FINAL_STATE_0,cf92a4de908690fe59a9,RUN_20261010_223725,V4,2026-10-10T22:37:25+08:00,2026-10-10T22:37:25+08:00,2026-10-11T22:00:00+08:00,23.376,False,False,False
V4_SHADOW,3099604,2026-10-11,中亚女U17,塔吉克斯坦女足U17 vs 阿联酋女足U17,,,,,,,0,,,D:\codex\v3_legacy\outputs\football_odds_trader\raw\titan007\20261010\20261010_223725_titan007_odds_snapshot.csv,NOT_FINAL_STATE_0,ca25a17dad8a03d7a573,RUN_20261010_223725,V4,2026-10-10T22:37:25+08:00,2026-10-10T22:37:25+08:00,2026-10-11T22:00:00+08:00,23.376,False,False,False
V4_SHADOW,3100941,2026-10-11,阿根业余锦,门多萨 vs 阿特纳斯体育,,,,,,,0,,,D:\codex\v3_legacy\outputs\football_odds_trader\raw\titan007\20261010\20261010_223725_titan007_odds_snapshot.csv,NOT_FINAL_STATE_0,bdd4d9311d4b37ee772d,RUN_20261010_223725,V4,2026-10-10T22:37:25+08:00,2026-10-10T22:37:25+08:00,2026-10-11T22:00:00+08:00,23.376,False,False,False
V4_SHADOW,3101218,2026-10-11,约盾杯U21,连姆沙U21 vs 多格拉U21,,,,,,,0,,,D:\codex\v3_legacy\outputs\football_odds_trader\raw\titan007\20261010\20261010_223725_titan007_odds_snapshot.csv,NOT_FINAL_STATE_0,f93dba1c762be0ebff4f,RUN_20261010_223725,V4,2026-10-10T22:37:25+08:00,2026-10-10T22:37:25+08:00,2026-10-11T22:00:00+08:00,23.376,False,False,False
V4_SHADOW,3013721,2026-10-11,西甲,皇家社会 vs 拉科鲁尼亚,,,,,,,0,,,D:\codex\v3_legacy\outputs\football_odds_trader\raw\titan007\20261010\20261010_223725_titan007_odds_snapshot.csv,NOT_FINAL_STATE_0,8d3de5309d4cc370d1b4,RUN_20261010_223725,V4,2026-10-10T22:37:25+08:00,2026-10-10T22:37:25+08:00,2026-10-11T22:15:00+08:00,23.626,False,False,False
V4_SHADOW,3014110,2026-10-11,西乙,阿尔梅里亚 vs 莱加内斯,,,,,,,0,,,D:\codex\v3_legacy\outputs\football_odds_trader\raw\titan007\20261010\20261010_223725_titan007_odds_snapshot.csv,NOT_FINAL_STATE_0,86e84043b95798f5ab31,RUN_20261010_223725,V4,2026-10-10T22:37:25+08:00,2026-10-10T22:37:25+08:00,2026-10-11T22:15:00+08:00,23.626,False,False,False
V4_SHADOW,3032933,2026-10-11,阿联酋甲,福特维尔图斯 vs 阿尔富伊拉,,,,,,,0,,,D:\codex\v3_legacy\outputs\football_odds_trader\raw\titan007\20261010\20261010_223725_titan007_odds_snapshot.csv,NOT_FINAL_STATE_0,716fce182f4482090ff2,RUN_20261010_223725,V4,2026-10-10T22:37:25+08:00,2026-10-10T22:37:25+08:00,2026-10-11T22:15:00+08:00,23.626,False,False,False
V4_SHADOW,3023502,2026-10-11,葡超,里奥阿维 vs 葡萄牙国民,,,,,,,0,,,D:\codex\v3_legacy\outputs\football_odds_trader\raw\titan007\20261010\20261010_223725_titan007_odds_snapshot.csv,NOT_FINAL_STATE_0,b68662e2febed9bb6274,RUN_20261010_223725,V4,2026-10-10T22:37:25+08:00,2026-10-10T22:37:25+08:00,2026-10-11T22:30:00+08:00,23.876,False,False,False
V4_SHADOW,3000831,2026-10-11,瑞士超,圣加仑 vs 洛桑,,,,,,,0,,,D:\codex\v3_legacy\outputs\football_odds_trader\raw\titan007\20261010\20261010_223725_titan007_odds_snapshot.csv,NOT_FINAL_STATE_0,35efc5cdc07bfac19328,RUN_20261010_223725,V4,2026-10-10T22:37:25+08:00,2026-10-10T22:37:25+08:00,2026-10-11T22:30:00+08:00,23.876,False,False,False
V4_SHADOW,3000832,2026-10-11,瑞士超,瓦杜兹 vs 巴塞尔,,,,,,,0,,,D:\codex\v3_legacy\outputs\football_odds_trader\raw\titan007\20261010\20261010_223725_titan007_odds_snapshot.csv,NOT_FINAL_STATE_0,652167eca1d985bb72a7,RUN_20261010_223725,V4,2026-10-10T22:37:25+08:00,2026-10-10T22:37:25+08:00,2026-10-11T22:30:00+08:00,23.876,False,False,False
V4_SHADOW,2912287,2026-10-11,瑞典超,赫根 vs 奥尔格里特,,,,,,,0,,,D:\codex\v3_legacy\outputs\football_odds_trader\raw\titan007\20261010\20261010_223725_titan007_odds_snapshot.csv,NOT_FINAL_STATE_0,f4a5e3cf425acbdafde2,RUN_20261010_223725,V4,2026-10-10T22:37:25+08:00,2026-10-10T22:37:25+08:00,2026-10-11T22:30:00+08:00,23.876,False,False,False
V4_SHADOW,3014552,2026-10-11,西协甲,庞特贝德拉 vs 梅里达AD,,,,,,,0,,,D:\codex\v3_legacy\outputs\football_odds_trader\raw\titan007\20261010\20261010_223725_titan007_odds_snapshot.csv,NOT_FINAL_STATE_0,b447c18c6ad31f3a3ab3,RUN_20261010_223725,V4,2026-10-10T22:37:25+08:00,2026-10-10T22:37:25+08:00,2026-10-11T22:30:00+08:00,23.876,False,False,False
V4_SHADOW,3014553,2026-10-11,西协甲,邦弗拉甸拿 vs 皇家阿维勒斯,,,,,,,0,,,D:\codex\v3_legacy\outputs\football_odds_trader\raw\titan007\20261010\20261010_223725_titan007_odds_snapshot.csv,NOT_FINAL_STATE_0,259aac35032a71fd5681,RUN_20261010_223725,V4,2026-10-10T22:37:25+08:00,2026-10-10T22:37:25+08:00,2026-10-11T22:30:00+08:00,23.876,False,False,False
V4_SHADOW,3026065,2026-10-11,德丙,亚琛 vs 科隆胜利,,,,,,,0,,,D:\codex\v3_legacy\outputs\football_odds_trader\raw\titan007\20261010\20261010_223725_titan007_odds_snapshot.csv,NOT_FINAL_STATE_0,a788fa9825224bad5923,RUN_20261010_223725,V4,2026-10-10T22:37:25+08:00,2026-10-10T22:37:25+08:00,2026-10-11T22:30:00+08:00,23.876,False,False,False
V4_SHADOW,2998494,2026-10-11,保甲,查洛摩利 vs 索非亚列夫斯基,,,,,,,0,,,D:\codex\v3_legacy\outputs\football_odds_trader\raw\titan007\20261010\20261010_223725_titan007_odds_snapshot.csv,NOT_FINAL_STATE_0,3c6baae774d57c44dbf0,RUN_20261010_223725,V4,2026-10-10T22:37:25+08:00,2026-10-10T22:37:25+08:00,2026-10-11T22:30:00+08:00,23.876,False,False,False
V4_SHADOW,3041567,2026-10-11,阿塞超,FK萨法 vs 托武兹,,,,,,,0,,,D:\codex\v3_legacy\outputs\football_odds_trader\raw\titan007\20261010\20261010_223725_titan007_odds_snapshot.csv,NOT_FINAL_STATE_0,1cf75e6a5378443d88ca,RUN_20261010_223725,V4,2026-10-10T22:37:25+08:00,2026-10-10T22:37:25+08:00,2026-10-11T22:30:00+08:00,23.876,False,False,False
V4_SHADOW,3088424,2026-10-11,西室内足,佩尼斯科拉室内足球队 vs 科尔多瓦室内足球队,,,,,,,0,,,D:\codex\v3_legacy\outputs\football_odds_trader\raw\titan007\20261010\20261010_223725_titan007_odds_snapshot.csv,NOT_FINAL_STATE_0,c267670be3ea4517d866,RUN_20261010_223725,V4,2026-10-10T22:37:25+08:00,2026-10-10T22:37:25+08:00,2026-10-11T22:30:00+08:00,23.876,False,False,False
V4_SHADOW,3077756,2026-10-11,西丁,阿勒刹巴勒塔 vs 帕萨亚,,,,,,,0,,,D:\codex\v3_legacy\outputs\football_odds_trader\raw\titan007\20261010\20261010_223725_titan007_odds_snapshot.csv,NOT_FINAL_STATE_0,4a8c56de35b86f779511,RUN_20261010_223725,V4,2026-10-10T22:37:25+08:00,2026-10-10T22:37:25+08:00,2026-10-11T22:30:00+08:00,23.876,False,False,False
V4_SHADOW,3079021,2026-10-11,西丁,坎图拉瓜 vs 西尔波内罗,,,,,,,0,,,D:\codex\v3_legacy\outputs\football_odds_trader\raw\titan007\20261010\20261010_223725_titan007_odds_snapshot.csv,NOT_FINAL_STATE_0,f8144ac44a3cef3d1629,RUN_20261010_223725,V4,2026-10-10T22:37:25+08:00,2026-10-10T22:37:25+08:00,2026-10-11T22:30:00+08:00,23.876,False,False,False
V4_SHADOW,3030698,2026-10-11,西丁,佩拉拉达 vs 豪斯彼得利特,,,,,,,0,,,D:\codex\v3_legacy\outputs\football_odds_trader\raw\titan007\20261010\20261010_223725_titan007_odds_snapshot.csv,NOT_FINAL_STATE_0,86875b63e5e5199db176,RUN_20261010_223725,V4,2026-10-10T22:37:25+08:00,2026-10-10T22:37:25+08:00,2026-10-11T22:30:00+08:00,23.876,False,False,False
V4_SHADOW,3087182,2026-10-11,马耳乙,古达加联 vs 圣安德鲁斯卢索尔,,,,,,,0,,,D:\codex\v3_legacy\outputs\football_odds_trader\raw\titan007\20261010\20261010_223725_titan007_odds_snapshot.csv,NOT_FINAL_STATE_0,d4f0b3d907880696784c,RUN_20261010_223725,V4,2026-10-10T22:37:25+08:00,2026-10-10T22:37:25+08:00,2026-10-11T22:30:00+08:00,23.876,False,False,False
V4_SHADOW,3065101,2026-10-11,安哥甲,修罗体育会 vs CD圣萨尔瓦多,,,,,,,0,,,D:\codex\v3_legacy\outputs\football_odds_trader\raw\titan007\20261010\20261010_223725_titan007_odds_snapshot.csv,NOT_FINAL_STATE_0,6245409265c295af0f53,RUN_20261010_223725,V4,2026-10-10T22:37:25+08:00,2026-10-10T22:37:25+08:00,2026-10-11T22:30:00+08:00,23.876,False,False,False
V4_SHADOW,3065102,2026-10-11,安哥甲,FC罗安达 vs 里波洛,,,,,,,0,,,D:\codex\v3_legacy\outputs\football_odds_trader\raw\titan007\20261010\20261010_223725_titan007_odds_snapshot.csv,NOT_FINAL_STATE_0,659ae5a5036df21d212e,RUN_20261010_223725,V4,2026-10-10T22:37:25+08:00,2026-10-10T22:37:25+08:00,2026-10-11T22:30:00+08:00,23.876,False,False,False
V4_SHADOW,3065105,2026-10-11,安哥甲,马奥 vs 昂泽布拉沃斯,,,,,,,0,,,D:\codex\v3_legacy\outputs\football_odds_trader\raw\titan007\20261010\20261010_223725_titan007_odds_snapshot.csv,NOT_FINAL_STATE_0,3619a5ca46e8fa622607,RUN_20261010_223725,V4,2026-10-10T22:37:25+08:00,2026-10-10T22:37:25+08:00,2026-10-11T22:30:00+08:00,23.876,False,False,False
V4_SHADOW,3098272,2026-10-11,直布超,欧罗巴角 vs 哥连泰1975,,,,,,,0,,,D:\codex\v3_legacy\outputs\football_odds_trader\raw\titan007\20261010\20261010_223725_titan007_odds_snapshot.csv,NOT_FINAL_STATE_0,ac72bfa23a35878b4046,RUN_20261010_223725,V4,2026-10-10T22:37:25+08:00,2026-10-10T22:37:25+08:00,2026-10-11T22:30:00+08:00,23.876,False,False,False
V4_SHADOW,2996169,2026-10-11,荷甲,SBV精英 vs 格罗宁根,,,,,,,0,,,D:\codex\v3_legacy\outputs\football_odds_trader\raw\titan007\20261010\20261010_223725_titan007_odds_snapshot.csv,NOT_FINAL_STATE_0,bc84cc811678bb12509f,RUN_20261010_223725,V4,2026-10-10T22:37:25+08:00,2026-10-10T22:37:25+08:00,2026-10-11T22:45:00+08:00,24.126,False,False,False
V4_SHADOW,3011411,2026-10-11,匈甲,汉维特 vs 乌比斯迪,,,,,,,0,,,D:\codex\v3_legacy\outputs\football_odds_trader\raw\titan007\20261010\20261010_223725_titan007_odds_snapshot.csv,NOT_FINAL_STATE_0,2cdee74effa8712af76b,RUN_20261010_223725,V4,2026-10-10T22:37:25+08:00,2026-10-10T22:37:25+08:00,2026-10-11T22:45:00+08:00,24.126,False,False,False
V4_SHADOW,3093472,2026-10-11,科威特联,Al沙希尔 vs 法哈西尔,,,,,,,0,,,D:\codex\v3_legacy\outputs\football_odds_trader\raw\titan007\20261010\20261010_223725_titan007_odds_snapshot.csv,NOT_FINAL_STATE_0,b3a2dc2d9bb4d5393773,RUN_20261010_223725,V4,2026-10-10T22:37:25+08:00,2026-10-10T22:37:25+08:00,2026-10-11T22:45:00+08:00,24.126,False,False,False
V4_SHADOW,3010646,2026-10-11,奥甲,LASK林茨 vs 维也纳快速,,,,,,,0,,,D:\codex\v3_legacy\outputs\football_odds_trader\raw\titan007\20261010\20261010_223725_titan007_odds_snapshot.csv,NOT_FINAL_STATE_0,14b683553af6fd829732,RUN_20261010_223725,V4,2026-10-10T22:37:25+08:00,2026-10-10T22:37:25+08:00,2026-10-11T23:00:00+08:00,24.376,False,False,False
V4_SHADOW,2912906,2026-10-11,挪超,奥勒松 vs 萨普斯堡,,,,,,,0,,,D:\codex\v3_legacy\outputs\football_odds_trader\raw\titan007\20261010\20261010_223725_titan007_odds_snapshot.csv,NOT_FINAL_STATE_0,ce2de08dcdeb0d215592,RUN_20261010_223725,V4,2026-10-10T22:37:25+08:00,2026-10-10T22:37:25+08:00,2026-10-11T23:00:00+08:00,24.376,False,False,False
V4_SHADOW,2912913,2026-10-11,挪超,斯达 vs 汉坎,,,,,,,0,,,D:\codex\v3_legacy\outputs\football_odds_trader\raw\titan007\20261010\20261010_223725_titan007_odds_snapshot.csv,NOT_FINAL_STATE_0,25e5e741b64c05eca926,RUN_20261010_223725,V4,2026-10-10T22:37:25+08:00,2026-10-10T22:37:25+08:00,2026-10-11T23:00:00+08:00,24.376,False,False,False
V4_SHADOW,3010435,2026-10-11,罗甲,FK米耶尔库雷亚丘克 vs 克拉约瓦大学,,,,,,,0,,,D:\codex\v3_legacy\outputs\football_odds_trader\raw\titan007\20261010\20261010_223725_titan007_odds_snapshot.csv,NOT_FINAL_STATE_0,34545e9eba2e2effd5af,RUN_20261010_223725,V4,2026-10-10T22:37:25+08:00,2026-10-10T22:37:25+08:00,2026-10-11T23:00:00+08:00,24.376,False,False,False
V4_SHADOW,3083612,2026-10-11,西协乙,纳华尔卡内罗 vs 马德里体育会C队,,,,,,,0,,,D:\codex\v3_legacy\outputs\football_odds_trader\raw\titan007\20261010\20261010_223725_titan007_odds_snapshot.csv,NOT_FINAL_STATE_0,024cc0bdd15ff566a444,RUN_20261010_223725,V4,2026-10-10T22:37:25+08:00,2026-10-10T22:37:25+08:00,2026-10-11T23:00:00+08:00,24.376,False,False,False
V4_SHADOW,3083614,2026-10-11,西协乙,皇家阿维拉 vs 努曼西亚,,,,,,,0,,,D:\codex\v3_legacy\outputs\football_odds_trader\raw\titan007\20261010\20261010_223725_titan007_odds_snapshot.csv,NOT_FINAL_STATE_0,332a44f58fbfdee3bc63,RUN_20261010_223725,V4,2026-10-10T22:37:25+08:00,2026-10-10T22:37:25+08:00,2026-10-11T23:00:00+08:00,24.376,False,False,False
V4_SHADOW,3055079,2026-10-11,西协乙,阿罗萨 vs 博干蒂罗斯,,,,,,,0,,,D:\codex\v3_legacy\outputs\football_odds_trader\raw\titan007\20261010\20261010_223725_titan007_odds_snapshot.csv,NOT_FINAL_STATE_0,b589a0bae722e29fa2b0,RUN_20261010_223725,V4,2026-10-10T22:37:25+08:00,2026-10-10T22:37:25+08:00,2026-10-11T23:00:00+08:00,24.376,False,False,False
V4_SHADOW,3055080,2026-10-11,西协乙,克鲁肖 vs 甘普斯特拉,,,,,,,0,,,D:\codex\v3_legacy\outputs\football_odds_trader\raw\titan007\20261010\20261010_223725_titan007_odds_snapshot.csv,NOT_FINAL_STATE_0,4626c9309b2adaa01415,RUN_20261010_223725,V4,2026-10-10T22:37:25+08:00,2026-10-10T22:37:25+08:00,2026-10-11T23:00:00+08:00,24.376,False,False,False
V4_SHADOW,3015903,2026-10-11,西协乙,希叶扎 vs 英特城,,,,,,,0,,,D:\codex\v3_legacy\outputs\football_odds_trader\raw\titan007\20261010\20261010_223725_titan007_odds_snapshot.csv,NOT_FINAL_STATE_0,7661fccdafcf0f781808,RUN_20261010_223725,V4,2026-10-10T22:37:25+08:00,2026-10-10T22:37:25+08:00,2026-10-11T23:00:00+08:00,24.376,False,False,False
V4_SHADOW,3015910,2026-10-11,西协乙,UCAM穆西亚 vs 艾高亚诺,,,,,,,0,,,D:\codex\v3_legacy\outputs\football_odds_trader\raw\titan007\20261010\20261010_223725_titan007_odds_snapshot.csv,NOT_FINAL_STATE_0,641ac8c83759b25e25f9,RUN_20261010_223725,V4,2026-10-10T22:37:25+08:00,2026-10-10T22:37:25+08:00,2026-10-11T23:00:00+08:00,24.376,False,False,False
V4_SHADOW,3082997,2026-10-11,西协乙,巴达祖斯 vs 马贝尔拉,,,,,,,0,,,D:\codex\v3_legacy\outputs\football_odds_trader\raw\titan007\20261010\20261010_223725_titan007_odds_snapshot.csv,NOT_FINAL_STATE_0,c3016860db7f5b456b73,RUN_20261010_223725,V4,2026-10-10T22:37:25+08:00,2026-10-10T22:37:25+08:00,2026-10-11T23:00:00+08:00,24.376,False,False,False
V4_SHADOW,2914711,2026-10-11,瑞典甲,布拉格 vs 赫尔辛堡,,,,,,,0,,,D:\codex\v3_legacy\outputs\football_odds_trader\raw\titan007\20261010\20261010_223725_titan007_odds_snapshot.csv,NOT_FINAL_STATE_0,d5343b1cf43cc3f73eb0,RUN_20261010_223725,V4,2026-10-10T22:37:25+08:00,2026-10-10T22:37:25+08:00,2026-10-11T23:00:00+08:00,24.376,False,False,False
V4_SHADOW,2913162,2026-10-11,挪甲,阿萨纳 vs 松达尔,,,,,,,0,,,D:\codex\v3_legacy\outputs\football_odds_trader\raw\titan007\20261010\20261010_223725_titan007_odds_snapshot.csv,NOT_FINAL_STATE_0,9a20979f6a08d8a37c0f,RUN_20261010_223725,V4,2026-10-10T22:37:25+08:00,2026-10-10T22:37:25+08:00,2026-10-11T23:00:00+08:00,24.376,False,False,False
V4_SHADOW,2913163,2026-10-11,挪甲,埃格尔森德 vs 禾特,,,,,,,0,,,D:\codex\v3_legacy\outputs\football_odds_trader\raw\titan007\20261010\20261010_223725_titan007_odds_snapshot.csv,NOT_FINAL_STATE_0,210f4c06864736b6ee90,RUN_20261010_223725,V4,2026-10-10T22:37:25+08:00,2026-10-10T22:37:25+08:00,2026-10-11T23:00:00+08:00,24.376,False,False,False
V4_SHADOW,2913164,2026-10-11,挪甲,康斯文格 vs 兰黑姆,,,,,,,0,,,D:\codex\v3_legacy\outputs\football_odds_trader\raw\titan007\20261010\20261010_223725_titan007_odds_snapshot.csv,NOT_FINAL_STATE_0,109e566504e7daf80a5f,RUN_20261010_223725,V4,2026-10-10T22:37:25+08:00,2026-10-10T22:37:25+08:00,2026-10-11T23:00:00+08:00,24.376,False,False,False
V4_SHADOW,2913165,2026-10-11,挪甲,利恩 vs 斯托姆加斯特,,,,,,,0,,,D:\codex\v3_legacy\outputs\football_odds_trader\raw\titan007\20261010\20261010_223725_titan007_odds_snapshot.csv,NOT_FINAL_STATE_0,877077ceb2289c487151,RUN_20261010_223725,V4,2026-10-10T22:37:25+08:00,2026-10-10T22:37:25+08:00,2026-10-11T23:00:00+08:00,24.376,False,False,False
V4_SHADOW,2913166,2026-10-11,挪甲,奥德 vs 布莱尼,,,,,,,0,,,D:\codex\v3_legacy\outputs\football_odds_trader\raw\titan007\20261010\20261010_223725_titan007_odds_snapshot.csv,NOT_FINAL_STATE_0,7aa6e8a18d05f086aa38,RUN_20261010_223725,V4,2026-10-10T22:37:25+08:00,2026-10-10T22:37:25+08:00,2026-10-11T23:00:00+08:00,24.376,False,False,False
V4_SHADOW,2913167,2026-10-11,挪甲,诺霍斯 vs 莫斯,,,,,,,0,,,D:\codex\v3_legacy\outputs\football_odds_trader\raw\titan007\20261010\20261010_223725_titan007_odds_snapshot.csv,NOT_FINAL_STATE_0,c2cbc22b1f8e406125d6,RUN_20261010_223725,V4,2026-10-10T22:37:25+08:00,2026-10-10T22:37:25+08:00,2026-10-11T23:00:00+08:00,24.376,False,False,False
V4_SHADOW,2913168,2026-10-11,挪甲,桑德尼斯 vs 海于格松,,,,,,,0,,,D:\codex\v3_legacy\outputs\football_odds_trader\raw\titan007\20261010\20261010_223725_titan007_odds_snapshot.csv,NOT_FINAL_STATE_0,2d5f4f933f1cd8a24b5e,RUN_20261010_223725,V4,2026-10-10T22:37:25+08:00,2026-10-10T22:37:25+08:00,2026-10-11T23:00:00+08:00,24.376,False,False,False
V4_SHADOW,2913169,2026-10-11,挪甲,斯塔贝克 vs 斯托曼,,,,,,,0,,,D:\codex\v3_legacy\outputs\football_odds_trader\raw\titan007\20261010\20261010_223725_titan007_odds_snapshot.csv,NOT_FINAL_STATE_0,901f23ad35a2ae2af8c6,RUN_20261010_223725,V4,2026-10-10T22:37:25+08:00,2026-10-10T22:37:25+08:00,2026-10-11T23:00:00+08:00,24.376,False,False,False
V4_SHADOW,2913547,2026-10-11,挪乙,祖克伦 vs 格鲁德,,,,,,,0,,,D:\codex\v3_legacy\outputs\football_odds_trader\raw\titan007\20261010\20261010_223725_titan007_odds_snapshot.csv,NOT_FINAL_STATE_0,1f1708e907761cec9a92,RUN_20261010_223725,V4,2026-10-10T22:37:25+08:00,2026-10-10T22:37:25+08:00,2026-10-11T23:00:00+08:00,24.376,False,False,False
V4_SHADOW,3005004,2026-10-11,波兰甲,涅波沃米采 vs 比托姆,,,,,,,0,,,D:\codex\v3_legacy\outputs\football_odds_trader\raw\titan007\20261010\20261010_223725_titan007_odds_snapshot.csv,NOT_FINAL_STATE_0,aa76354ff1cc75aa34b1,RUN_20261010_223725,V4,2026-10-10T22:37:25+08:00,2026-10-10T22:37:25+08:00,2026-10-11T23:00:00+08:00,24.376,False,False,False
V4_SHADOW,3012523,2026-10-11,乌克超,切尔诺夫策 vs 普莱西亚,,,,,,,0,,,D:\codex\v3_legacy\outputs\football_odds_trader\raw\titan007\20261010\20261010_223725_titan007_odds_snapshot.csv,NOT_FINAL_STATE_0,f6ffb5d3560da8e4d857,RUN_20261010_223725,V4,2026-10-10T22:37:25+08:00,2026-10-10T22:37:25+08:00,2026-10-11T23:00:00+08:00,24.376,False,False,False
V4_SHADOW,2998972,2026-10-11,塞尔超,贝尔格莱德游击 vs 诺维帕扎尔,,,,,,,0,,,D:\codex\v3_legacy\outputs\football_odds_trader\raw\titan007\20261010\20261010_223725_titan007_odds_snapshot.csv,NOT_FINAL_STATE_0,938ebc7eebc49fba86f9,RUN_20261010_223725,V4,2026-10-10T22:37:25+08:00,2026-10-10T22:37:25+08:00,2026-10-11T23:00:00+08:00,24.376,False,False,False
V4_SHADOW,3077272,2026-10-11,希腊甲,奥林比亚高斯B队 vs 泰利普利斯B队,,,,,,,0,,,D:\codex\v3_legacy\outputs\football_odds_trader\raw\titan007\20261010\20261010_223725_titan007_odds_snapshot.csv,NOT_FINAL_STATE_0,a9170a9d1e45033ee1b5,RUN_20261010_223725,V4,2026-10-10T22:37:25+08:00,2026-10-10T22:37:25+08:00,2026-10-11T23:00:00+08:00,24.376,False,False,False
V4_SHADOW,3044404,2026-10-11,塞浦甲,阿诺索西斯 vs 帕福斯,,,,,,,0,,,D:\codex\v3_legacy\outputs\football_odds_trader\raw\titan007\20261010\20261010_223725_titan007_odds_snapshot.csv,NOT_FINAL_STATE_0,86e208e45f71d90c758a,RUN_20261010_223725,V4,2026-10-10T22:37:25+08:00,2026-10-10T22:37:25+08:00,2026-10-11T23:00:00+08:00,24.376,False,False,False
V4_SHADOW,2924138,2026-10-11,格鲁甲,巴塔米戴拿模 vs 第比利斯迪纳摩,,,,,,,0,,,D:\codex\v3_legacy\outputs\football_odds_trader\raw\titan007\20261010\20261010_223725_titan007_odds_snapshot.csv,NOT_FINAL_STATE_0,2929fb9c8924508dad02,RUN_20261010_223725,V4,2026-10-10T22:37:25+08:00,2026-10-10T22:37:25+08:00,2026-10-11T23:00:00+08:00,24.376,False,False,False
V4_SHADOW,3099617,2026-10-11,伊朗甲,弗兰德诺维 vs 拿芙马塞索利曼,,,,,,,0,,,D:\codex\v3_legacy\outputs\football_odds_trader\raw\titan007\20261010\20261010_223725_titan007_odds_snapshot.csv,NOT_FINAL_STATE_0,5b0ff4eb01c568f1f3fc,RUN_20261010_223725,V4,2026-10-10T22:37:25+08:00,2026-10-10T22:37:25+08:00,2026-10-11T23:00:00+08:00,24.376,False,False,False
V4_SHADOW,2957264,2026-10-11,拉脱甲,里加FCB队 vs 涅日克内,,,,,,,0,,,D:\codex\v3_legacy\outputs\football_odds_trader\raw\titan007\20261010\20261010_223725_titan007_odds_snapshot.csv,NOT_FINAL_STATE_0,3f6779984c4175cbe28b,RUN_20261010_223725,V4,2026-10-10T22:37:25+08:00,2026-10-10T22:37:25+08:00,2026-10-11T23:00:00+08:00,24.376,False,False,False
V4_SHADOW,3080748,2026-10-11,安道超,圣达哥林玛 vs 安道尔葡萄牙之家,,,,,,,0,,,D:\codex\v3_legacy\outputs\football_odds_trader\raw\titan007\20261010\20261010_223725_titan007_odds_snapshot.csv,NOT_FINAL_STATE_0,f2f0b9258e9bd5aa2d84,RUN_20261010_223725,V4,2026-10-10T22:37:25+08:00,2026-10-10T22:37:25+08:00,2026-10-11T23:00:00+08:00,24.376,False,False,False
V4_SHADOW,3081645,2026-10-11,尼日超,阿比亚勇士 vs 流浪联,,,,,,,0,,,D:\codex\v3_legacy\outputs\football_odds_trader\raw\titan007\20261010\20261010_223725_titan007_odds_snapshot.csv,NOT_FINAL_STATE_0,11dd655d1aa13d5b57e0,RUN_20261010_223725,V4,2026-10-10T22:37:25+08:00,2026-10-10T22:37:25+08:00,2026-10-11T23:00:00+08:00,24.376,False,False,False
V4_SHADOW,3081646,2026-10-11,尼日超,巴拉乌 vs 埃努古流浪者,,,,,,,0,,,D:\codex\v3_legacy\outputs\football_odds_trader\raw\titan007\20261010\20261010_223725_titan007_odds_snapshot.csv,NOT_FINAL_STATE_0,57393538ce553a44e5c7,RUN_20261010_223725,V4,2026-10-10T22:37:25+08:00,2026-10-10T22:37:25+08:00,2026-10-11T23:00:00+08:00,24.376,False,False,False
V4_SHADOW,3081648,2026-10-11,尼日超,昆哈里法特 vs 射击之星,,,,,,,0,,,D:\codex\v3_legacy\outputs\football_odds_trader\raw\titan007\20261010\20261010_223725_titan007_odds_snapshot.csv,NOT_FINAL_STATE_0,a55827aab48565203498,RUN_20261010_223725,V4,2026-10-10T22:37:25+08:00,2026-10-10T22:37:25+08:00,2026-10-11T23:00:00+08:00,24.376,False,False,False
V4_SHADOW,3081649,2026-10-11,尼日超,纳莎拉瓦 vs 多玛联,,,,,,,0,,,D:\codex\v3_legacy\outputs\football_odds_trader\raw\titan007\20261010\20261010_223725_titan007_odds_snapshot.csv,NOT_FINAL_STATE_0,5aabe1240bdd5c0c058f,RUN_20261010_223725,V4,2026-10-10T22:37:25+08:00,2026-10-10T22:37:25+08:00,2026-10-11T23:00:00+08:00,24.376,False,False,False
V4_SHADOW,3081650,2026-10-11,尼日超,高原联 vs 卡诺支柱,,,,,,,0,,,D:\codex\v3_legacy\outputs\football_odds_trader\raw\titan007\20261010\20261010_223725_titan007_odds_snapshot.csv,NOT_FINAL_STATE_0,9a093a4f99b3f75cf685,RUN_20261010_223725,V4,2026-10-10T22:37:25+08:00,2026-10-10T22:37:25+08:00,2026-10-11T23:00:00+08:00,24.376,False,False,False
V4_SHADOW,3081652,2026-10-11,尼日超,拉各斯竞技 vs 班德尔,,,,,,,0,,,D:\codex\v3_legacy\outputs\football_odds_trader\raw\titan007\20261010\20261010_223725_titan007_odds_snapshot.csv,NOT_FINAL_STATE_0,ef12d1d75e11d6556d93,RUN_20261010_223725,V4,2026-10-10T22:37:25+08:00,2026-10-10T22:37:25+08:00,2026-10-11T23:00:00+08:00,24.376,False,False,False
V4_SHADOW,3081653,2026-10-11,尼日超,瓦里狼 vs 拉各斯,,,,,,,0,,,D:\codex\v3_legacy\outputs\football_odds_trader\raw\titan007\20261010\20261010_223725_titan007_odds_snapshot.csv,NOT_FINAL_STATE_0,3c5b7e3ac5a66fb63289,RUN_20261010_223725,V4,2026-10-10T22:37:25+08:00,2026-10-10T22:37:25+08:00,2026-10-11T23:00:00+08:00,24.376,False,False,False
V4_SHADOW,3078702,2026-10-11,西丁,CD卡恩 vs 多瑞那,,,,,,,0,,,D:\codex\v3_legacy\outputs\football_odds_trader\raw\titan007\20261010\20261010_223725_titan007_odds_snapshot.csv,NOT_FINAL_STATE_0,cc1a9f0ad215340ef39a,RUN_20261010_223725,V4,2026-10-10T22:37:25+08:00,2026-10-10T22:37:25+08:00,2026-10-11T23:00:00+08:00,24.376,False,False,False
V4_SHADOW,3078703,2026-10-11,西丁,巴克列诺 vs 塞莱阿,,,,,,,0,,,D:\codex\v3_legacy\outputs\football_odds_trader\raw\titan007\20261010\20261010_223725_titan007_odds_snapshot.csv,NOT_FINAL_STATE_0,5122c0028203ea6a9971,RUN_20261010_223725,V4,2026-10-10T22:37:25+08:00,2026-10-10T22:37:25+08:00,2026-10-11T23:00:00+08:00,24.376,False,False,False
V4_SHADOW,3079937,2026-10-11,西丁,埃登斯B队 vs 乌德瓦尔德乌索,,,,,,,0,,,D:\codex\v3_legacy\outputs\football_odds_trader\raw\titan007\20261010\20261010_223725_titan007_odds_snapshot.csv,NOT_FINAL_STATE_0,58ffff0c5058b72a8ded,RUN_20261010_223725,V4,2026-10-10T22:37:25+08:00,2026-10-10T22:37:25+08:00,2026-10-11T23:00:00+08:00,24.376,False,False,False
V4_SHADOW,3080251,2026-10-11,西丁,柏伦西亚 vs 萨拉曼卡B队,,,,,,,0,,,D:\codex\v3_legacy\outputs\football_odds_trader\raw\titan007\20261010\20261010_223725_titan007_odds_snapshot.csv,NOT_FINAL_STATE_0,5ebb3d0410c4fef3c3f3,RUN_20261010_223725,V4,2026-10-10T22:37:25+08:00,2026-10-10T22:37:25+08:00,2026-10-11T23:00:00+08:00,24.376,False,False,False
V4_SHADOW,3060317,2026-10-11,西丁,比利亚体育 vs 维拉鲁比亚,,,,,,,0,,,D:\codex\v3_legacy\outputs\football_odds_trader\raw\titan007\20261010\20261010_223725_titan007_odds_snapshot.csv,NOT_FINAL_STATE_0,8990808f8daa462cc5ed,RUN_20261010_223725,V4,2026-10-10T22:37:25+08:00,2026-10-10T22:37:25+08:00,2026-10-11T23:00:00+08:00,24.376,False,False,False
V4_SHADOW,3060323,2026-10-11,西丁,CD托里霍斯 vs 诺布莱贾,,,,,,,0,,,D:\codex\v3_legacy\outputs\football_odds_trader\raw\titan007\20261010\20261010_223725_titan007_odds_snapshot.csv,NOT_FINAL_STATE_0,520fe6520655f3b27d08,RUN_20261010_223725,V4,2026-10-10T22:37:25+08:00,2026-10-10T22:37:25+08:00,2026-10-11T23:00:00+08:00,24.376,False,False,False
V4_SHADOW,3082694,2026-10-11,西丁,林恩斯 vs 乌特雷拉,,,,,,,0,,,D:\codex\v3_legacy\outputs\football_odds_trader\raw\titan007\20261010\20261010_223725_titan007_odds_snapshot.csv,NOT_FINAL_STATE_0,69fb91921f756d8cd330,RUN_20261010_223725,V4,2026-10-10T22:37:25+08:00,2026-10-10T22:37:25+08:00,2026-10-11T23:00:00+08:00,24.376,False,False,False
V4_SHADOW,3079629,2026-10-11,西丁,卡拉贺拿 vs 哈罗拉科鲁尼亚,,,,,,,0,,,D:\codex\v3_legacy\outputs\football_odds_trader\raw\titan007\20261010\20261010_223725_titan007_odds_snapshot.csv,NOT_FINAL_STATE_0,eaaae74dd606b62f902e,RUN_20261010_223725,V4,2026-10-10T22:37:25+08:00,2026-10-10T22:37:25+08:00,2026-10-11T23:00:00+08:00,24.376,False,False,False
V4_SHADOW,3079631,2026-10-11,西丁,塞尼卡尔 vs 圣马西亚尔,,,,,,,0,,,D:\codex\v3_legacy\outputs\football_odds_trader\raw\titan007\20261010\20261010_223725_titan007_odds_snapshot.csv,NOT_FINAL_STATE_0,80e4ab12a25e20f5bc5c,RUN_20261010_223725,V4,2026-10-10T22:37:25+08:00,2026-10-10T22:37:25+08:00,2026-10-11T23:00:00+08:00,24.376,False,False,False
V4_SHADOW,3079635,2026-10-11,西丁,维安纳斯 vs 卡拉桑西奥,,,,,,,0,,,D:\codex\v3_legacy\outputs\football_odds_trader\raw\titan007\20261010\20261010_223725_titan007_odds_snapshot.csv,NOT_FINAL_STATE_0,5903c3e34c4b614be971,RUN_20261010_223725,V4,2026-10-10T22:37:25+08:00,2026-10-10T22:37:25+08:00,2026-10-11T23:00:00+08:00,24.376,False,False,False
V4_SHADOW,3091067,2026-10-11,西丁,CD阿尔嘉德 vs 马尔梅诺尔圣哈维尔,,,,,,,0,,,D:\codex\v3_legacy\outputs\football_odds_trader\raw\titan007\20261010\20261010_223725_titan007_odds_snapshot.csv,NOT_FINAL_STATE_0,e8b5ed966eabe576ee01,RUN_20261010_223725,V4,2026-10-10T22:37:25+08:00,2026-10-10T22:37:25+08:00,2026-10-11T23:00:00+08:00,24.376,False,False,False
V4_SHADOW,3048672,2026-10-11,西丁,维拉贝斯竞赛 vs 伊斯塔登斯,,,,,,,0,,,D:\codex\v3_legacy\outputs\football_odds_trader\raw\titan007\20261010\20261010_223725_titan007_odds_snapshot.csv,NOT_FINAL_STATE_0,81fefe6436088940752b,RUN_20261010_223725,V4,2026-10-10T22:37:25+08:00,2026-10-10T22:37:25+08:00,2026-10-11T23:00:00+08:00,24.376,False,False,False
V4_SHADOW,3092857,2026-10-11,摩洛乙,海尼拉夫 vs 查巴穆罕默迪耶,,,,,,,0,,,D:\codex\v3_legacy\outputs\football_odds_trader\raw\titan007\20261010\20261010_223725_titan007_odds_snapshot.csv,NOT_FINAL_STATE_0,be7014b7721410755260,RUN_20261010_223725,V4,2026-10-10T22:37:25+08:00,2026-10-10T22:37:25+08:00,2026-10-11T23:00:00+08:00,24.376,False,False,False
V4_SHADOW,3092861,2026-10-11,摩洛乙,奥林比亚德车拉 vs 外傣菲斯,,,,,,,0,,,D:\codex\v3_legacy\outputs\football_odds_trader\raw\titan007\20261010\20261010_223725_titan007_odds_snapshot.csv,NOT_FINAL_STATE_0,beca84ed01188599bd27,RUN_20261010_223725,V4,2026-10-10T22:37:25+08:00,2026-10-10T22:37:25+08:00,2026-10-11T23:00:00+08:00,24.376,False,False,False
V4_SHADOW,3092862,2026-10-11,摩洛乙,祖尼斯体育 vs 莫罗迪亚,,,,,,,0,,,D:\codex\v3_legacy\outputs\football_odds_trader\raw\titan007\20261010\20261010_223725_titan007_odds_snapshot.csv,NOT_FINAL_STATE_0,33d654f7311d582f234e,RUN_20261010_223725,V4,2026-10-10T22:37:25+08:00,2026-10-10T22:37:25+08:00,2026-10-11T23:00:00+08:00,24.376,False,False,False
V4_SHADOW,2969816,2026-10-11,白俄甲,明斯克B队 vs 斯莫根,,,,,,,0,,,D:\codex\v3_legacy\outputs\football_odds_trader\raw\titan007\20261010\20261010_223725_titan007_odds_snapshot.csv,NOT_FINAL_STATE_0,2823c04645b58c12f325,RUN_20261010_223725,V4,2026-10-10T22:37:25+08:00,2026-10-10T22:37:25+08:00,2026-10-11T23:00:00+08:00,24.376,False,False,False
V4_SHADOW,3082592,2026-10-11,俄乙B南升,迪沙辛斯克 vs 下诺夫哥罗德胜利,,,,,,,0,,,D:\codex\v3_legacy\outputs\football_odds_trader\raw\titan007\20261010\20261010_223725_titan007_odds_snapshot.csv,NOT_FINAL_STATE_0,1b27b8f20e61bc78e110,RUN_20261010_223725,V4,2026-10-10T22:37:25+08:00,2026-10-10T22:37:25+08:00,2026-10-11T23:00:00+08:00,24.376,False,False,False
V4_SHADOW,3100501,2026-10-11,埃塞超,锡达马 vs NIGD银行,,,,,,,0,,,D:\codex\v3_legacy\outputs\football_odds_trader\raw\titan007\20261010\20261010_223725_titan007_odds_snapshot.csv,NOT_FINAL_STATE_0,98ace6d26456d3fc7b39,RUN_20261010_223725,V4,2026-10-10T22:37:25+08:00,2026-10-10T22:37:25+08:00,2026-10-11T23:00:00+08:00,24.376,False,False,False
V4_SHADOW,3099561,2026-10-11,匈丙,夏拿达斯 vs 莫索马格亚罗瓦,,,,,,,0,,,D:\codex\v3_legacy\outputs\football_odds_trader\raw\titan007\20261010\20261010_223725_titan007_odds_snapshot.csv,NOT_FINAL_STATE_0,57ac7869914bfaf84fbc,RUN_20261010_223725,V4,2026-10-10T22:37:25+08:00,2026-10-10T22:37:25+08:00,2026-10-11T23:00:00+08:00,24.376,False,False,False
V4_SHADOW,3099444,2026-10-11,葡锦标,辛达卡拉B队 vs 阿尔科切坦斯,,,,,,,0,,,D:\codex\v3_legacy\outputs\football_odds_trader\raw\titan007\20261010\20261010_223725_titan007_odds_snapshot.csv,NOT_FINAL_STATE_0,e8f876459882ac68870e,RUN_20261010_223725,V4,2026-10-10T22:37:25+08:00,2026-10-10T22:37:25+08:00,2026-10-11T23:00:00+08:00,24.376,False,False,False
V4_SHADOW,3101370,2026-10-11,克亚U19,萨格勒布迪纳摩U19 vs NK苏林 U19,,,,,,,0,,,D:\codex\v3_legacy\outputs\football_odds_trader\raw\titan007\20261010\20261010_223725_titan007_odds_snapshot.csv,NOT_FINAL_STATE_0,3568968365a37df59e3a,RUN_20261010_223725,V4,2026-10-10T22:37:25+08:00,2026-10-10T22:37:25+08:00,2026-10-11T23:00:00+08:00,24.376,False,False,False
V4_SHADOW,3081090,2026-10-11,加纳超,阿善提黄金 vs 萨马岛,,,,,,,0,,,D:\codex\v3_legacy\outputs\football_odds_trader\raw\titan007\20261010\20261010_223725_titan007_odds_snapshot.csv,NOT_FINAL_STATE_0,a66c92caeb8cd8d6e866,RUN_20261010_223725,V4,2026-10-10T22:37:25+08:00,2026-10-10T22:37:25+08:00,2026-10-11T23:00:00+08:00,24.376,False,False,False
V4_SHADOW,3081091,2026-10-11,加纳超,贝克联 vs 视觉FC,,,,,,,0,,,D:\codex\v3_legacy\outputs\football_odds_trader\raw\titan007\20261010\20261010_223725_titan007_odds_snapshot.csv,NOT_FINAL_STATE_0,4befd0d218ac64e33ed7,RUN_20261010_223725,V4,2026-10-10T22:37:25+08:00,2026-10-10T22:37:25+08:00,2026-10-11T23:00:00+08:00,24.376,False,False,False
V4_SHADOW,3081092,2026-10-11,加纳超,贝切 vs 德比比联合,,,,,,,0,,,D:\codex\v3_legacy\outputs\football_odds_trader\raw\titan007\20261010\20261010_223725_titan007_odds_snapshot.csv,NOT_FINAL_STATE_0,a1064a2900e1e1a38da3,RUN_20261010_223725,V4,2026-10-10T22:37:25+08:00,2026-10-10T22:37:25+08:00,2026-10-11T23:00:00+08:00,24.376,False,False,False
V4_SHADOW,3081093,2026-10-11,加纳超,比比亚尼金星 vs 巴萨克圣星,,,,,,,0,,,D:\codex\v3_legacy\outputs\football_odds_trader\raw\titan007\20261010\20261010_223725_titan007_odds_snapshot.csv,NOT_FINAL_STATE_0,0e4a21636836b7ffe83e,RUN_20261010_223725,V4,2026-10-10T22:37:25+08:00,2026-10-10T22:37:25+08:00,2026-10-11T23:00:00+08:00,24.376,False,False,False
V4_SHADOW,3081094,2026-10-11,加纳超,阿克拉赫斯 vs 加纳波特,,,,,,,0,,,D:\codex\v3_legacy\outputs\football_odds_trader\raw\titan007\20261010\20261010_223725_titan007_odds_snapshot.csv,NOT_FINAL_STATE_0,38dbb17fe915d306dac5,RUN_20261010_223725,V4,2026-10-10T22:37:25+08:00,2026-10-10T22:37:25+08:00,2026-10-11T23:00:00+08:00,24.376,False,False,False
V4_SHADOW,3081095,2026-10-11,加纳超,卡瑞拉联 vs 加纳梦想FC,,,,,,,0,,,D:\codex\v3_legacy\outputs\football_odds_trader\raw\titan007\20261010\20261010_223725_titan007_odds_snapshot.csv,NOT_FINAL_STATE_0,7be514fc28aed6d83d1d,RUN_20261010_223725,V4,2026-10-10T22:37:25+08:00,2026-10-10T22:37:25+08:00,2026-10-11T23:00:00+08:00,24.376,False,False,False
V4_SHADOW,3081096,2026-10-11,加纳超,梅德亚马 vs 狮心,,,,,,,0,,,D:\codex\v3_legacy\outputs\football_odds_trader\raw\titan007\20261010\20261010_223725_titan007_odds_snapshot.csv,NOT_FINAL_STATE_0,23e702290e30b926668f,RUN_20261010_223725,V4,2026-10-10T22:37:25+08:00,2026-10-10T22:37:25+08:00,2026-10-11T23:00:00+08:00,24.376,False,False,False
V4_SHADOW,3081098,2026-10-11,加纳超,使徒青年人 vs 阿杜亚纳,,,,,,,0,,,D:\codex\v3_legacy\outputs\football_odds_trader\raw\titan007\20261010\20261010_223725_titan007_odds_snapshot.csv,NOT_FINAL_STATE_0,b99b528b9244d2f153fe,RUN_20261010_223725,V4,2026-10-10T22:37:25+08:00,2026-10-10T22:37:25+08:00,2026-10-11T23:00:00+08:00,24.376,False,False,False
V4_SHADOW,3099387,2026-10-11,墨西U21,圣路易斯竞技U21 vs 桑托斯拉古纳U21,,,,,,,0,,,D:\codex\v3_legacy\outputs\football_odds_trader\raw\titan007\20261010\20261010_223725_titan007_odds_snapshot.csv,NOT_FINAL_STATE_0,dfab4bf22d6195eb864c,RUN_20261010_223725,V4,2026-10-10T22:37:25+08:00,2026-10-10T22:37:25+08:00,2026-10-11T23:00:00+08:00,24.376,False,False,False
V4_SHADOW,3099388,2026-10-11,墨西U21,美洲狮U21 vs 蓝十字U21,,,,,,,0,,,D:\codex\v3_legacy\outputs\football_odds_trader\raw\titan007\20261010\20261010_223725_titan007_odds_snapshot.csv,NOT_FINAL_STATE_0,57b230b657e403926b90,RUN_20261010_223725,V4,2026-10-10T22:37:25+08:00,2026-10-10T22:37:25+08:00,2026-10-11T23:00:00+08:00,24.376,False,False,False
V4_SHADOW,2995360,2026-10-11,法甲,雷恩 vs 欧塞尔,,,,,,,0,,,D:\codex\v3_legacy\outputs\football_odds_trader\raw\titan007\20261010\20261010_223725_titan007_odds_snapshot.csv,NOT_FINAL_STATE_0,3bd924d5644d7819c2e3,RUN_20261010_223725,V4,2026-10-10T22:37:25+08:00,2026-10-10T22:37:25+08:00,2026-10-11T23:15:00+08:00,24.626,False,False,False
V4_SHADOW,3040763,2026-10-11,意乙,帕多瓦 vs 凯勒雷斯,,,,,,,0,,,D:\codex\v3_legacy\outputs\football_odds_trader\raw\titan007\20261010\20261010_223725_titan007_odds_snapshot.csv,NOT_FINAL_STATE_0,d18caddd503ee7cddb0a,RUN_20261010_223725,V4,2026-10-10T22:37:25+08:00,2026-10-10T22:37:25+08:00,2026-10-11T23:15:00+08:00,24.626,False,False,False
V4_SHADOW,3099967,2026-10-11,国际友谊,尼加拉瓜U16 vs 波多黎各U16,,,,,,,0,,,D:\codex\v3_legacy\outputs\football_odds_trader\raw\titan007\20261010\20261010_223725_titan007_odds_snapshot.csv,NOT_FINAL_STATE_0,a680e17d0a1a0d2e9eb1,RUN_20261010_223725,V4,2026-10-10T22:37:25+08:00,2026-10-10T22:37:25+08:00,2026-10-11T23:15:00+08:00,24.626,False,False,False
V4_SHADOW,3099389,2026-10-11,墨西U21,帕丘卡U21 vs 尼卡萨U21,,,,,,,0,,,D:\codex\v3_legacy\outputs\football_odds_trader\raw\titan007\20261010\20261010_223725_titan007_odds_snapshot.csv,NOT_FINAL_STATE_0,1d20fcf190ab4eb76e8d,RUN_20261010_223725,V4,2026-10-10T22:37:25+08:00,2026-10-10T22:37:25+08:00,2026-10-11T23:15:00+08:00,24.626,False,False,False
V4_SHADOW,3003906,2026-10-11,英超,利物浦 vs 曼彻斯特城,,,,,,,0,,,D:\codex\v3_legacy\outputs\football_odds_trader\raw\titan007\20261010\20261010_223725_titan007_odds_snapshot.csv,NOT_FINAL_STATE_0,039535d7c1ee1356f9f9,RUN_20261010_223725,V4,2026-10-10T22:37:25+08:00,2026-10-10T22:37:25+08:00,2026-10-11T23:30:00+08:00,24.876,False,False,False
V4_SHADOW,3018825,2026-10-11,德甲,弗赖堡 vs 沙尔克04,,,,,N,,0,,,D:\codex\v3_legacy\outputs\football_odds_trader\raw\titan007\20261010\20261010_223725_titan007_odds_snapshot.csv,NOT_FINAL_STATE_0,a7afabcc18f4b5dfc636,RUN_20261010_223725,V4,2026-10-10T22:37:25+08:00,2026-10-10T22:37:25+08:00,2026-10-11T23:30:00+08:00,24.876,False,True,False
V4_SHADOW,2921253,2026-10-11,智利甲,维尼亚德马埃弗顿 vs 塞雷那,,,,,,,0,,,D:\codex\v3_legacy\outputs\football_odds_trader\raw\titan007\20261010\20261010_223725_titan007_odds_snapshot.csv,NOT_FINAL_STATE_0,fc55020ea21f57cfccd4,RUN_20261010_223725,V4,2026-10-10T22:37:25+08:00,2026-10-10T22:37:25+08:00,2026-10-11T23:30:00+08:00,24.876,False,False,False
V4_SHADOW,3099402,2026-10-11,葡乙,化夫 vs 泰罗芬斯,,,,,,,0,,,D:\codex\v3_legacy\outputs\football_odds_trader\raw\titan007\20261010\20261010_223725_titan007_odds_snapshot.csv,NOT_FINAL_STATE_0,b397541b6a0532bfc949,RUN_20261010_223725,V4,2026-10-10T22:37:25+08:00,2026-10-10T22:37:25+08:00,2026-10-11T23:30:00+08:00,24.876,False,False,False
V4_SHADOW,3082999,2026-10-11,西协乙,卢辛纳 vs 当贝尼托,,,,,,,0,,,D:\codex\v3_legacy\outputs\football_odds_trader\raw\titan007\20261010\20261010_223725_titan007_odds_snapshot.csv,NOT_FINAL_STATE_0,d2feebbfc6ef00409d88,RUN_20261010_223725,V4,2026-10-10T22:37:25+08:00,2026-10-10T22:37:25+08:00,2026-10-11T23:30:00+08:00,24.876,False,False,False
V4_SHADOW,3003165,2026-10-11,波兰超,什切青 vs 哥罗纳,,,,,,,0,,,D:\codex\v3_legacy\outputs\football_odds_trader\raw\titan007\20261010\20261010_223725_titan007_odds_snapshot.csv,NOT_FINAL_STATE_0,88cc33c1c8d27f16ed0c,RUN_20261010_223725,V4,2026-10-10T22:37:25+08:00,2026-10-10T22:37:25+08:00,2026-10-11T23:30:00+08:00,24.876,False,False,False
V4_SHADOW,3043242,2026-10-11,捷丙,利森B队 vs 布尔诺B队,,,,,,,0,,,D:\codex\v3_legacy\outputs\football_odds_trader\raw\titan007\20261010\20261010_223725_titan007_odds_snapshot.csv,NOT_FINAL_STATE_0,da665be19630b2180e47,RUN_20261010_223725,V4,2026-10-10T22:37:25+08:00,2026-10-10T22:37:25+08:00,2026-10-11T23:30:00+08:00,24.876,False,False,False
V4_SHADOW,3050584,2026-10-11,意丙,莱科 vs 阿尔希欧蕾,,,,,,,0,,,D:\codex\v3_legacy\outputs\football_odds_trader\raw\titan007\20261010\20261010_223725_titan007_odds_snapshot.csv,NOT_FINAL_STATE_0,29d4f99fa8c82a4de95f,RUN_20261010_223725,V4,2026-10-10T22:37:25+08:00,2026-10-10T22:37:25+08:00,2026-10-11T23:30:00+08:00,24.876,False,False,False
V4_SHADOW,3050589,2026-10-11,意丙,特伦托 vs US弗格尔,,,,,,,0,,,D:\codex\v3_legacy\outputs\football_odds_trader\raw\titan007\20261010\20261010_223725_titan007_odds_snapshot.csv,NOT_FINAL_STATE_0,5f9a48eeee08f7685a39,RUN_20261010_223725,V4,2026-10-10T22:37:25+08:00,2026-10-10T22:37:25+08:00,2026-10-11T23:30:00+08:00,24.876,False,False,False
V4_SHADOW,3050590,2026-10-11,意丙,特雷维索 vs 奥斯皮塔莱托,,,,,,,0,,,D:\codex\v3_legacy\outputs\football_odds_trader\raw\titan007\20261010\20261010_223725_titan007_odds_snapshot.csv,NOT_FINAL_STATE_0,fa365d0fa13c32994c45,RUN_20261010_223725,V4,2026-10-10T22:37:25+08:00,2026-10-10T22:37:25+08:00,2026-10-11T23:30:00+08:00,24.876,False,False,False
V4_SHADOW,3050961,2026-10-11,意丙,福尔利 vs 利沃诺,,,,,,,0,,,D:\codex\v3_legacy\outputs\football_odds_trader\raw\titan007\20261010\20261010_223725_titan007_odds_snapshot.csv,NOT_FINAL_STATE_0,fa28baf553dcd586dc84,RUN_20261010_223725,V4,2026-10-10T22:37:25+08:00,2026-10-10T22:37:25+08:00,2026-10-11T23:30:00+08:00,24.876,False,False,False
V4_SHADOW,3050963,2026-10-11,意丙,佩鲁贾 vs 瓦多,,,,,,,0,,,D:\codex\v3_legacy\outputs\football_odds_trader\raw\titan007\20261010\20261010_223725_titan007_odds_snapshot.csv,NOT_FINAL_STATE_0,34468af42ee7a0cbe945,RUN_20261010_223725,V4,2026-10-10T22:37:25+08:00,2026-10-10T22:37:25+08:00,2026-10-11T23:30:00+08:00,24.876,False,False,False
V4_SHADOW,3005793,2026-10-11,斯亚甲,布里涅格罗苏普列 vs 马里博尔,,,,,,,0,,,D:\codex\v3_legacy\outputs\football_odds_trader\raw\titan007\20261010\20261010_223725_titan007_odds_snapshot.csv,NOT_FINAL_STATE_0,4be1f65daff22afeae32,RUN_20261010_223725,V4,2026-10-10T22:37:25+08:00,2026-10-10T22:37:25+08:00,2026-10-11T23:30:00+08:00,24.876,False,False,False
V4_SHADOW,2926330,2026-10-11,智利乙,安托法加斯塔 vs 圣马洛科斯,,,,,,,0,,,D:\codex\v3_legacy\outputs\football_odds_trader\raw\titan007\20261010\20261010_223725_titan007_odds_snapshot.csv,NOT_FINAL_STATE_0,049b018da80350ab1470,RUN_20261010_223725,V4,2026-10-10T22:37:25+08:00,2026-10-10T22:37:25+08:00,2026-10-11T23:30:00+08:00,24.876,False,False,False
V4_SHADOW,3082012,2026-10-11,西丁,瓜迪亚纳 vs 谢利斯,,,,,,,0,,,D:\codex\v3_legacy\outputs\football_odds_trader\raw\titan007\20261010\20261010_223725_titan007_odds_snapshot.csv,NOT_FINAL_STATE_0,88e6cb2e81d2ef2ac614,RUN_20261010_223725,V4,2026-10-10T22:37:25+08:00,2026-10-10T22:37:25+08:00,2026-10-11T23:30:00+08:00,24.876,False,False,False
V4_SHADOW,3082013,2026-10-11,西丁,查赖斯 vs 卡韦萨德尔布埃,,,,,,,0,,,D:\codex\v3_legacy\outputs\football_odds_trader\raw\titan007\20261010\20261010_223725_titan007_odds_snapshot.csv,NOT_FINAL_STATE_0,a8ec479713d1f4af89f9,RUN_20261010_223725,V4,2026-10-10T22:37:25+08:00,2026-10-10T22:37:25+08:00,2026-10-11T23:30:00+08:00,24.876,False,False,False
V4_SHADOW,3048665,2026-10-11,西丁,安泰拉足球俱乐部 vs 巴可,,,,,,,0,,,D:\codex\v3_legacy\outputs\football_odds_trader\raw\titan007\20261010\20261010_223725_titan007_odds_snapshot.csv,NOT_FINAL_STATE_0,dd60436c208256b721d6,RUN_20261010_223725,V4,2026-10-10T22:37:25+08:00,2026-10-10T22:37:25+08:00,2026-10-11T23:30:00+08:00,24.876,False,False,False
V4_SHADOW,3048667,2026-10-11,西丁,波若 vs 维维罗,,,,,,,0,,,D:\codex\v3_legacy\outputs\football_odds_trader\raw\titan007\20261010\20261010_223725_titan007_odds_snapshot.csv,NOT_FINAL_STATE_0,a1196c196156194e9133,RUN_20261010_223725,V4,2026-10-10T22:37:25+08:00,2026-10-10T22:37:25+08:00,2026-10-11T23:30:00+08:00,24.876,False,False,False
V4_SHADOW,3048668,2026-10-11,西丁,奇迪戈 vs 安洛德拉斯,,,,,,,0,,,D:\codex\v3_legacy\outputs\football_odds_trader\raw\titan007\20261010\20261010_223725_titan007_odds_snapshot.csv,NOT_FINAL_STATE_0,934d824c61b54d0f2f2e,RUN_20261010_223725,V4,2026-10-10T22:37:25+08:00,2026-10-10T22:37:25+08:00,2026-10-11T23:30:00+08:00,24.876,False,False,False
V4_SHADOW,3100946,2026-10-11,以U19,彼达迪华马卡比U19 vs 海法夏普尔U19,,,,,,,0,,,D:\codex\v3_legacy\outputs\football_odds_trader\raw\titan007\20261010\20261010_223725_titan007_odds_snapshot.csv,NOT_FINAL_STATE_0,6bbaef371a6fa7ae70a0,RUN_20261010_223725,V4,2026-10-10T22:37:25+08:00,2026-10-10T22:37:25+08:00,2026-10-11T23:30:00+08:00,24.876,False,False,False
V4_SHADOW,3087183,2026-10-11,马耳乙,圣鲁西亚 vs 祖里耶克,,,,,,,0,,,D:\codex\v3_legacy\outputs\football_odds_trader\raw\titan007\20261010\20261010_223725_titan007_odds_snapshot.csv,NOT_FINAL_STATE_0,e79bc166231261eecad6,RUN_20261010_223725,V4,2026-10-10T22:37:25+08:00,2026-10-10T22:37:25+08:00,2026-10-11T23:30:00+08:00,24.876,False,False,False
V4_SHADOW,3100977,2026-10-11,科特超,斯特拉加美俱乐部 vs 亚穆苏克罗FC,,,,,,,0,,,D:\codex\v3_legacy\outputs\football_odds_trader\raw\titan007\20261010\20261010_223725_titan007_odds_snapshot.csv,NOT_FINAL_STATE_0,477ff47451ecf965552d,RUN_20261010_223725,V4,2026-10-10T22:37:25+08:00,2026-10-10T22:37:25+08:00,2026-10-11T23:30:00+08:00,24.876,False,False,False
V4_SHADOW,3100978,2026-10-11,科特超,穆纳阿库普 vs 阿博波,,,,,,,0,,,D:\codex\v3_legacy\outputs\football_odds_trader\raw\titan007\20261010\20261010_223725_titan007_odds_snapshot.csv,NOT_FINAL_STATE_0,4cfba9b6555147f1a563,RUN_20261010_223725,V4,2026-10-10T22:37:25+08:00,2026-10-10T22:37:25+08:00,2026-10-11T23:30:00+08:00,24.876,False,False,False
V4_SHADOW,3100353,2026-10-11,布法联,德尔福特维特斯 vs 科莫US,,,,,,,0,,,D:\codex\v3_legacy\outputs\football_odds_trader\raw\titan007\20261010\20261010_223725_titan007_odds_snapshot.csv,NOT_FINAL_STATE_0,2f367a97ef40a1178205,RUN_20261010_223725,V4,2026-10-10T22:37:25+08:00,2026-10-10T22:37:25+08:00,2026-10-11T23:30:00+08:00,24.876,False,False,False
V4_SHADOW,3061319,2026-10-11,波斯乙,加比拉 vs 捷堤斯特沃,,,,,,,0,,,D:\codex\v3_legacy\outputs\football_odds_trader\raw\titan007\20261010\20261010_223725_titan007_odds_snapshot.csv,NOT_FINAL_STATE_0,60b995b5a605d38a7c4e,RUN_20261010_223725,V4,2026-10-10T22:37:25+08:00,2026-10-10T22:37:25+08:00,2026-10-11T23:30:00+08:00,24.876,False,False,False
