version,match_id,list_date,competition,match,selected_team,selected_side,line,water,grade,score,result_state,result,pnl_1u,result_source,settlement_status,decision_id,run_id,model_id,quote_at,last_confirmed_at,kickoff_at,hours_from_last_refresh_to_kickoff,is_morning_baseline,is_latest_valid_prematch,real_money
V4_SHADOW,3095009,2026-09-30,国际友谊,葡萄牙U16 vs 丹麦U16,,,,,,2-1,-1,,,D:\codex\v3_legacy\outputs\football_odds_trader\raw\titan007\20261001\20261001_084801_titan007_odds_snapshot.csv,MISSING_V4_SIDE_LINE_WATER_OR_TEAM,,,V4,2026-09-30T15:11:04+08:00,2026-09-30T15:11:04+08:00,2026-09-30T18:00:00+08:00,2.816,False,False,False
V4_SHADOW,3095760,2026-09-30,亚运男足,乌兹别克斯坦U23<font color=#880000>(中)</font> vs 日本U23,日本U23,giving,-1.0,0.86,B,1-1,-1,L,-1.0,D:\codex\v3_legacy\outputs\football_odds_trader\raw\titan007\20261001\20261001_084801_titan007_odds_snapshot.csv,SETTLED,f236e2c61ad933545fdb,,V4,2026-09-30T15:11:04+08:00,2026-09-30T15:11:04+08:00,2026-09-30T18:30:00+08:00,3.316,False,True,False
V4_SHADOW,3096765,2026-09-30,印班超,科技FF vs 星联队,,,,,,1-2,-1,,,D:\codex\v3_legacy\outputs\football_odds_trader\raw\titan007\20261001\20261001_084801_titan007_odds_snapshot.csv,MISSING_V4_SIDE_LINE_WATER_OR_TEAM,,,V4,2026-09-30T15:11:04+08:00,2026-09-30T15:11:04+08:00,2026-09-30T18:30:00+08:00,3.316,False,False,False
V4_SHADOW,3095011,2026-09-30,国际友谊,克罗地亚U17 vs 匈牙利U17,,,,,,3-2,-1,,,D:\codex\v3_legacy\outputs\football_odds_trader\raw\titan007\20261001\20261001_084801_titan007_odds_snapshot.csv,MISSING_V4_SIDE_LINE_WATER_OR_TEAM,,,V4,2026-09-30T15:11:04+08:00,2026-09-30T15:11:04+08:00,2026-09-30T18:30:00+08:00,3.316,False,False,False
V4_SHADOW,3096784,2026-09-30,土U19联,伊斯坦堡士邦U19 vs 佩迪卡斯堡U19,,,,,N,3-0,-1,,,D:\codex\v3_legacy\outputs\football_odds_trader\raw\titan007\20261001\20261001_084801_titan007_odds_snapshot.csv,MISSING_V4_SIDE_LINE_WATER_OR_TEAM,79bd1cf6a03628aacbf7,,V4,2026-09-30T15:11:04+08:00,2026-09-30T15:11:04+08:00,2026-09-30T19:00:00+08:00,3.816,False,True,False
V4_SHADOW,3089939,2026-09-30,渝超,巴南队 vs 南川金佛山队,,,,,,3-1,-1,,,D:\codex\v3_legacy\outputs\football_odds_trader\raw\titan007\20261001\20261001_084801_titan007_odds_snapshot.csv,MISSING_V4_SIDE_LINE_WATER_OR_TEAM,,,V4,2026-09-30T15:11:04+08:00,2026-09-30T15:11:04+08:00,2026-09-30T19:00:00+08:00,3.816,False,False,False
V4_SHADOW,3096472,2026-09-30,香港U22,港会U22 vs 标准流浪U22,,,,,,4-2,-1,,,D:\codex\v3_legacy\outputs\football_odds_trader\raw\titan007\20261001\20261001_084801_titan007_odds_snapshot.csv,MISSING_V4_SIDE_LINE_WATER_OR_TEAM,,,V4,2026-09-30T15:11:04+08:00,2026-09-30T15:11:04+08:00,2026-09-30T19:00:00+08:00,3.816,False,False,False
V4_SHADOW,3096473,2026-09-30,中冠,邢台沙河万率 vs 新疆兵超,,,,,,1-0,-1,,,D:\codex\v3_legacy\outputs\football_odds_trader\raw\titan007\20261001\20261001_084801_titan007_odds_snapshot.csv,MISSING_V4_SIDE_LINE_WATER_OR_TEAM,,,V4,2026-09-30T15:11:04+08:00,2026-09-30T15:11:04+08:00,2026-09-30T19:30:00+08:00,4.316,False,False,False
V4_SHADOW,3096474,2026-09-30,中冠,青岛复力 vs 新疆金盾,,,,,,1-2,-1,,,D:\codex\v3_legacy\outputs\football_odds_trader\raw\titan007\20261001\20261001_084801_titan007_odds_snapshot.csv,MISSING_V4_SIDE_LINE_WATER_OR_TEAM,,,V4,2026-09-30T15:11:04+08:00,2026-09-30T15:11:04+08:00,2026-09-30T19:30:00+08:00,4.316,False,False,False
V4_SHADOW,3089940,2026-09-30,渝超,北碚缙云队 vs 城口原乡队,,,,,,7-0,-1,,,D:\codex\v3_legacy\outputs\football_odds_trader\raw\titan007\20261001\20261001_084801_titan007_odds_snapshot.csv,MISSING_V4_SIDE_LINE_WATER_OR_TEAM,,,V4,2026-09-30T15:11:04+08:00,2026-09-30T15:11:04+08:00,2026-09-30T19:30:00+08:00,4.316,False,False,False
V4_SHADOW,3095012,2026-09-30,国际友谊,中国U16 vs 澳大利亚U16,,,,,,0-1,-1,,,D:\codex\v3_legacy\outputs\football_odds_trader\raw\titan007\20261001\20261001_084801_titan007_odds_snapshot.csv,MISSING_V4_SIDE_LINE_WATER_OR_TEAM,,,V4,2026-09-30T15:11:04+08:00,2026-09-30T15:11:04+08:00,2026-09-30T19:35:00+08:00,4.399,False,False,False
V4_SHADOW,3074642,2026-09-30,以乙北,提拉特卡尔迈勒 vs 蒂亚雷,,,,,,,0,,,D:\codex\v3_legacy\outputs\football_odds_trader\raw\titan007\20260930\20260930_194055_titan007_odds_snapshot.csv,NOT_FINAL_STATE_0,,,V4,2026-09-30T15:11:04+08:00,2026-09-30T15:11:04+08:00,2026-09-30T19:30:00+08:00,4.316,False,False,False
V4_SHADOW,3074645,2026-09-30,以乙北,艾尔达马卡比 vs 莫敦提拉体育,,,,,,2-3,-1,,,D:\codex\v3_legacy\outputs\football_odds_trader\raw\titan007\20261001\20261001_084801_titan007_odds_snapshot.csv,MISSING_V4_SIDE_LINE_WATER_OR_TEAM,6a0d9d563254d26a8ae2,RUN_20260930_194055,V4,2026-09-30T19:40:55+08:00,2026-09-30T19:40:55+08:00,2026-09-30T20:00:00+08:00,0.318,False,False,False
V4_SHADOW,3094997,2026-09-30,不丹廷联,BFF学院U19 vs 廷布FC,,,,,,1-1,-1,,,D:\codex\v3_legacy\outputs\football_odds_trader\raw\titan007\20261001\20261001_084801_titan007_odds_snapshot.csv,MISSING_V4_SIDE_LINE_WATER_OR_TEAM,b190308f69d56798f725,RUN_20260930_194055,V4,2026-09-30T19:40:55+08:00,2026-09-30T19:40:55+08:00,2026-09-30T20:00:00+08:00,0.318,False,False,False
V4_SHADOW,3095013,2026-09-30,国际友谊,丹麦U19 vs 奥地利U19,,,,,N,0-1,-1,,,D:\codex\v3_legacy\outputs\football_odds_trader\raw\titan007\20261001\20261001_084801_titan007_odds_snapshot.csv,MISSING_V4_SIDE_LINE_WATER_OR_TEAM,296e727192c710301fbe,RUN_20260930_194055,V4,2026-09-30T19:40:55+08:00,2026-09-30T19:40:55+08:00,2026-09-30T20:00:00+08:00,0.318,False,True,False
V4_SHADOW,3096506,2026-09-30,国际友谊,埃塞俄比亚女足 vs 塞舌尔女足,,,,,,16-0,-1,,,D:\codex\v3_legacy\outputs\football_odds_trader\raw\titan007\20261001\20261001_084801_titan007_odds_snapshot.csv,MISSING_V4_SIDE_LINE_WATER_OR_TEAM,7417c36c6ba9ef195db6,RUN_20260930_194055,V4,2026-09-30T19:40:55+08:00,2026-09-30T19:40:55+08:00,2026-09-30T20:00:00+08:00,0.318,False,False,False
V4_SHADOW,3096783,2026-09-30,国际友谊,毛里求斯 vs 吉布提,,,,,,,-10,,,D:\codex\v3_legacy\outputs\football_odds_trader\raw\titan007\20261001\20261001_084801_titan007_odds_snapshot.csv,NOT_FINAL_STATE_-10,883da2877cc18b6916b9,RUN_20260930_194055,V4,2026-09-30T19:40:55+08:00,2026-09-30T19:40:55+08:00,2026-09-30T20:00:00+08:00,0.318,False,False,False
V4_SHADOW,3088957,2026-09-30,东盟杯,中国香港<font color=#880000>(中)</font> vs 文莱,文莱,receiving,3.0,1.49,B,2-0,-1,W,1.49,D:\codex\v3_legacy\outputs\football_odds_trader\raw\titan007\20261001\20261001_084801_titan007_odds_snapshot.csv,SETTLED,4da9c31480ad1d66fcaf,,V4,2026-09-30T15:11:04+08:00,2026-09-30T15:11:04+08:00,2026-09-30T20:00:00+08:00,4.816,False,True,False
V4_SHADOW,3094472,2026-09-30,非洲U23杯,吉布提U23 vs 南苏丹U23,,,,,,0-3,-1,,,D:\codex\v3_legacy\outputs\football_odds_trader\raw\titan007\20261001\20261001_084801_titan007_odds_snapshot.csv,MISSING_V4_SIDE_LINE_WATER_OR_TEAM,8ecc0df700972c381726,RUN_20260930_194055,V4,2026-09-30T19:40:55+08:00,2026-09-30T19:40:55+08:00,2026-09-30T20:00:00+08:00,0.318,False,False,False
V4_SHADOW,3074638,2026-09-30,以乙北,哈帕拉奥伊罗 vs 米格代尔哈曼,,,,,,1-1,-1,,,D:\codex\v3_legacy\outputs\football_odds_trader\raw\titan007\20261001\20261001_084801_titan007_odds_snapshot.csv,MISSING_V4_SIDE_LINE_WATER_OR_TEAM,3fa29e387bc6aab19300,RUN_20260930_194055,V4,2026-09-30T19:40:55+08:00,2026-09-30T19:40:55+08:00,2026-09-30T20:30:00+08:00,0.818,False,False,False
V4_SHADOW,3074951,2026-09-30,以乙南,辛桑特拉维夫 vs 哈萨隆,,,,,N,1-2,-1,,,D:\codex\v3_legacy\outputs\football_odds_trader\raw\titan007\20261001\20261001_084801_titan007_odds_snapshot.csv,MISSING_V4_SIDE_LINE_WATER_OR_TEAM,a3203a419278c212272c,RUN_20260930_194055,V4,2026-09-30T19:40:55+08:00,2026-09-30T19:40:55+08:00,2026-09-30T20:30:00+08:00,0.818,False,True,False
V4_SHADOW,3096665,2026-09-30,香港U22,东方体育会U22 vs 理文U22,,,,,,5-3,-1,,,D:\codex\v3_legacy\outputs\football_odds_trader\raw\titan007\20261001\20261001_084801_titan007_odds_snapshot.csv,MISSING_V4_SIDE_LINE_WATER_OR_TEAM,6523be437a16b004f546,RUN_20260930_194055,V4,2026-09-30T19:40:55+08:00,2026-09-30T19:40:55+08:00,2026-09-30T20:30:00+08:00,0.818,False,False,False
V4_SHADOW,3096667,2026-09-30,马维女联,FACT雷德斯女足 vs 尼亚萨大子弹女足,,,,,,1-3,-1,,,D:\codex\v3_legacy\outputs\football_odds_trader\raw\titan007\20261001\20261001_084801_titan007_odds_snapshot.csv,MISSING_V4_SIDE_LINE_WATER_OR_TEAM,e9692912b8055df4eee3,RUN_20260930_194055,V4,2026-09-30T19:40:55+08:00,2026-09-30T19:40:55+08:00,2026-09-30T20:30:00+08:00,0.818,False,False,False
V4_SHADOW,3096743,2026-09-30,马维女联,MDF狮子女足 vs 银色射手女足,,,,,,0-3,-1,,,D:\codex\v3_legacy\outputs\football_odds_trader\raw\titan007\20261001\20261001_084801_titan007_odds_snapshot.csv,MISSING_V4_SIDE_LINE_WATER_OR_TEAM,c1211b6321fc81e3bf6f,RUN_20260930_194055,V4,2026-09-30T19:40:55+08:00,2026-09-30T19:40:55+08:00,2026-09-30T20:30:00+08:00,0.818,False,False,False
V4_SHADOW,3047776,2026-09-30,瑞青超南,兰斯科罗纳U21 vs 法肯柏尔U21,,,,,,1-2,-1,,,D:\codex\v3_legacy\outputs\football_odds_trader\raw\titan007\20261001\20261001_084801_titan007_odds_snapshot.csv,MISSING_V4_SIDE_LINE_WATER_OR_TEAM,6f65b2ba39a7c3ae9e5f,RUN_20260930_194055,V4,2026-09-30T19:40:55+08:00,2026-09-30T19:40:55+08:00,2026-09-30T21:00:00+08:00,1.318,False,False,False
V4_SHADOW,3074949,2026-09-30,以乙南,玛拉基亚 vs 荷兹利亚夏普尔,,,,,N,0-0,-1,,,D:\codex\v3_legacy\outputs\football_odds_trader\raw\titan007\20261001\20261001_084801_titan007_odds_snapshot.csv,MISSING_V4_SIDE_LINE_WATER_OR_TEAM,1464f2c9b1aa3b7b8c31,RUN_20260930_194055,V4,2026-09-30T19:40:55+08:00,2026-09-30T19:40:55+08:00,2026-09-30T21:00:00+08:00,1.318,False,True,False
V4_SHADOW,3006202,2026-09-30,黑山乙,吉斯科普 vs 耶汀斯特沃BP,,,,,,1-1,-1,,,D:\codex\v3_legacy\outputs\football_odds_trader\raw\titan007\20261001\20261001_084801_titan007_odds_snapshot.csv,MISSING_V4_SIDE_LINE_WATER_OR_TEAM,e04d47d7ed99602157fd,RUN_20260930_194055,V4,2026-09-30T19:40:55+08:00,2026-09-30T19:40:55+08:00,2026-09-30T21:00:00+08:00,1.318,False,False,False
V4_SHADOW,3006203,2026-09-30,黑山乙,达尼洛夫格勒 vs 格瑞巴吉,,,,,C,0-1,-1,,,D:\codex\v3_legacy\outputs\football_odds_trader\raw\titan007\20261001\20261001_084801_titan007_odds_snapshot.csv,MISSING_V4_SIDE_LINE_WATER_OR_TEAM,4ad5d982820eef4e6529,RUN_20260930_194055,V4,2026-09-30T19:40:55+08:00,2026-09-30T19:40:55+08:00,2026-09-30T21:00:00+08:00,1.318,False,True,False
V4_SHADOW,3006204,2026-09-30,黑山乙,莫格伦 vs 洛夫琴,,,,,N,1-2,-1,,,D:\codex\v3_legacy\outputs\football_odds_trader\raw\titan007\20261001\20261001_084801_titan007_odds_snapshot.csv,MISSING_V4_SIDE_LINE_WATER_OR_TEAM,9fa51411046bbfbe4ff9,RUN_20260930_194055,V4,2026-09-30T19:40:55+08:00,2026-09-30T19:40:55+08:00,2026-09-30T21:00:00+08:00,1.318,False,False,False
V4_SHADOW,3006205,2026-09-30,黑山乙,鲁达 vs 贝雷尼,,,,,N,4-0,-1,,,D:\codex\v3_legacy\outputs\football_odds_trader\raw\titan007\20261001\20261001_084801_titan007_odds_snapshot.csv,MISSING_V4_SIDE_LINE_WATER_OR_TEAM,c76aa471647e220f9b6a,RUN_20260930_194055,V4,2026-09-30T19:40:55+08:00,2026-09-30T19:40:55+08:00,2026-09-30T21:00:00+08:00,1.318,False,False,False
V4_SHADOW,3096732,2026-09-30,拉脱女联,FS梅塔女足 vs 列加联女足,,,,,,0-4,-1,,,D:\codex\v3_legacy\outputs\football_odds_trader\raw\titan007\20261001\20261001_084801_titan007_odds_snapshot.csv,MISSING_V4_SIDE_LINE_WATER_OR_TEAM,5651623548f2eb904664,RUN_20260930_194055,V4,2026-09-30T19:40:55+08:00,2026-09-30T19:40:55+08:00,2026-09-30T21:00:00+08:00,1.318,False,False,False
V4_SHADOW,3094994,2026-09-30,意丁,阿莱森多里亚 vs ASD因佩里亚,,,,,N,2-1,-1,,,D:\codex\v3_legacy\outputs\football_odds_trader\raw\titan007\20261001\20261001_084801_titan007_odds_snapshot.csv,MISSING_V4_SIDE_LINE_WATER_OR_TEAM,35695a509d8f2880c7e9,RUN_20260930_194055,V4,2026-09-30T19:40:55+08:00,2026-09-30T19:40:55+08:00,2026-09-30T21:00:00+08:00,1.318,False,True,False
V4_SHADOW,3096689,2026-09-30,意丁,奇索拉 vs 博尔戈塞,,,,,,2-2,-1,,,D:\codex\v3_legacy\outputs\football_odds_trader\raw\titan007\20261001\20261001_084801_titan007_odds_snapshot.csv,MISSING_V4_SIDE_LINE_WATER_OR_TEAM,f19f55e21b28963300d7,RUN_20260930_194055,V4,2026-09-30T19:40:55+08:00,2026-09-30T19:40:55+08:00,2026-09-30T21:00:00+08:00,1.318,False,False,False
V4_SHADOW,3096661,2026-09-30,摩尔女杯,皇家苏塞斯女足 vs 新阿涅斯女足,,,,,,0-5,-1,,,D:\codex\v3_legacy\outputs\football_odds_trader\raw\titan007\20261001\20261001_084801_titan007_odds_snapshot.csv,MISSING_V4_SIDE_LINE_WATER_OR_TEAM,a66ae887f09c49a7b8b0,RUN_20260930_194055,V4,2026-09-30T19:40:55+08:00,2026-09-30T19:40:55+08:00,2026-09-30T21:00:00+08:00,1.318,False,False,False
V4_SHADOW,3096781,2026-09-30,巴青联,米底那青年队 vs 瓦斯科达伽马青年队,,,,,,0-1,-1,,,D:\codex\v3_legacy\outputs\football_odds_trader\raw\titan007\20261001\20261001_084801_titan007_odds_snapshot.csv,MISSING_V4_SIDE_LINE_WATER_OR_TEAM,61fb7ebf8b690b2522ae,RUN_20260930_194055,V4,2026-09-30T19:40:55+08:00,2026-09-30T19:40:55+08:00,2026-09-30T21:00:00+08:00,1.318,False,False,False
V4_SHADOW,3096679,2026-09-30,赞比女联,红箭队女足 vs 国家大会女足,,,,,,5-0,-1,,,D:\codex\v3_legacy\outputs\football_odds_trader\raw\titan007\20261001\20261001_084801_titan007_odds_snapshot.csv,MISSING_V4_SIDE_LINE_WATER_OR_TEAM,177c74e48a60059e04be,RUN_20260930_194055,V4,2026-09-30T19:40:55+08:00,2026-09-30T19:40:55+08:00,2026-09-30T21:00:00+08:00,1.318,False,False,False
V4_SHADOW,3096174,2026-09-30,国际友谊,塞舌尔 vs 斯里兰卡,,,,,C,0-2,-1,,,D:\codex\v3_legacy\outputs\football_odds_trader\raw\titan007\20261001\20261001_084801_titan007_odds_snapshot.csv,MISSING_V4_SIDE_LINE_WATER_OR_TEAM,ae75c5a6816d29b6076b,RUN_20260930_194055,V4,2026-09-30T19:40:55+08:00,2026-09-30T19:40:55+08:00,2026-09-30T21:00:00+08:00,1.318,False,True,False
V4_SHADOW,3096653,2026-09-30,巴拉丙,海耶斯总统 vs 锡尔维奥佩蒂罗西,,,,,N,2-1,-1,,,D:\codex\v3_legacy\outputs\football_odds_trader\raw\titan007\20261001\20261001_084801_titan007_odds_snapshot.csv,MISSING_V4_SIDE_LINE_WATER_OR_TEAM,96d464bcc14ea6e1abe7,RUN_20260930_194055,V4,2026-09-30T19:40:55+08:00,2026-09-30T19:40:55+08:00,2026-09-30T21:00:00+08:00,1.318,False,True,False
V4_SHADOW,3096656,2026-09-30,巴拉丙,哥伦比亚体育会 vs 亚特兰蒂斯SC,,,,,N,0-0,-1,,,D:\codex\v3_legacy\outputs\football_odds_trader\raw\titan007\20261001\20261001_084801_titan007_odds_snapshot.csv,MISSING_V4_SIDE_LINE_WATER_OR_TEAM,d9c960228f79b84da6b6,RUN_20260930_194055,V4,2026-09-30T19:40:55+08:00,2026-09-30T19:40:55+08:00,2026-09-30T21:00:00+08:00,1.318,False,False,False
V4_SHADOW,3096761,2026-09-30,巴拉女杯,卢捷诺体育会女足 vs 雷科莱塔女足,,,,,,0-0,-1,,,D:\codex\v3_legacy\outputs\football_odds_trader\raw\titan007\20261001\20261001_084801_titan007_odds_snapshot.csv,MISSING_V4_SIDE_LINE_WATER_OR_TEAM,c6f936206e9d88180346,RUN_20260930_194055,V4,2026-09-30T19:40:55+08:00,2026-09-30T19:40:55+08:00,2026-09-30T21:00:00+08:00,1.318,False,False,False
V4_SHADOW,2955882,2026-09-30,瑞青超北,佐加顿斯U21 vs 天狼星U21,,,,,,1-1,-1,,,D:\codex\v3_legacy\outputs\football_odds_trader\raw\titan007\20261001\20261001_084801_titan007_odds_snapshot.csv,MISSING_V4_SIDE_LINE_WATER_OR_TEAM,b16256d6a8b3ab063ad9,RUN_20260930_194055,V4,2026-09-30T19:40:55+08:00,2026-09-30T19:40:55+08:00,2026-09-30T21:30:00+08:00,1.818,False,False,False
V4_SHADOW,3096626,2026-09-30,埃及甲,埃及玛卡莎 vs 贝尼苏夫,,,,,,1-1,-1,,,D:\codex\v3_legacy\outputs\football_odds_trader\raw\titan007\20261001\20261001_084801_titan007_odds_snapshot.csv,MISSING_V4_SIDE_LINE_WATER_OR_TEAM,5a4f6aed106a11c21a0e,RUN_20260930_194055,V4,2026-09-30T19:40:55+08:00,2026-09-30T19:40:55+08:00,2026-09-30T21:30:00+08:00,1.818,False,False,False
V4_SHADOW,3096627,2026-09-30,埃及甲,阿拉曼 vs 穆斯塔克巴尔运动,,,,,,1-1,-1,,,D:\codex\v3_legacy\outputs\football_odds_trader\raw\titan007\20261001\20261001_084801_titan007_odds_snapshot.csv,MISSING_V4_SIDE_LINE_WATER_OR_TEAM,e254b858186b0bdaf115,RUN_20260930_194055,V4,2026-09-30T19:40:55+08:00,2026-09-30T19:40:55+08:00,2026-09-30T21:30:00+08:00,1.818,False,False,False
V4_SHADOW,3096709,2026-09-30,埃及甲,纳斯矿足球俱乐部 vs 克玛阿斯罔,,,,,C,2-1,-1,,,D:\codex\v3_legacy\outputs\football_odds_trader\raw\titan007\20261001\20261001_084801_titan007_odds_snapshot.csv,MISSING_V4_SIDE_LINE_WATER_OR_TEAM,e73f3dac25f296439c48,RUN_20260930_194055,V4,2026-09-30T19:40:55+08:00,2026-09-30T19:40:55+08:00,2026-09-30T21:30:00+08:00,1.818,False,True,False
V4_SHADOW,3096744,2026-09-30,埃及甲,克姆罕马达 vs 德尔福SC,,,,,C,1-3,-1,,,D:\codex\v3_legacy\outputs\football_odds_trader\raw\titan007\20261001\20261001_084801_titan007_odds_snapshot.csv,MISSING_V4_SIDE_LINE_WATER_OR_TEAM,b6f7c1ba3fd3b2771adb,RUN_20260930_194055,V4,2026-09-30T19:40:55+08:00,2026-09-30T19:40:55+08:00,2026-09-30T21:30:00+08:00,1.818,False,True,False
V4_SHADOW,3096747,2026-09-30,埃及甲,杰济拉 vs 诺高莫斯塔,,,,,,1-3,-1,,,D:\codex\v3_legacy\outputs\football_odds_trader\raw\titan007\20261001\20261001_084801_titan007_odds_snapshot.csv,MISSING_V4_SIDE_LINE_WATER_OR_TEAM,72277d732ff11f88e1f1,RUN_20260930_194055,V4,2026-09-30T19:40:55+08:00,2026-09-30T19:40:55+08:00,2026-09-30T21:30:00+08:00,1.818,False,False,False
V4_SHADOW,3096748,2026-09-30,埃及甲,GFC开罗 vs 本哈,,,,,,,-14,,,D:\codex\v3_legacy\outputs\football_odds_trader\raw\titan007\20261001\20261001_084801_titan007_odds_snapshot.csv,NOT_FINAL_STATE_-14,ec2e082b6c4cf537dc49,RUN_20260930_194055,V4,2026-09-30T19:40:55+08:00,2026-09-30T19:40:55+08:00,2026-09-30T21:30:00+08:00,1.818,False,False,False
V4_SHADOW,3096749,2026-09-30,埃及甲,米斯保险 vs 山瓦尼,,,,,,4-1,-1,,,D:\codex\v3_legacy\outputs\football_odds_trader\raw\titan007\20261001\20261001_084801_titan007_odds_snapshot.csv,MISSING_V4_SIDE_LINE_WATER_OR_TEAM,3c74d2cb33988cedae1a,RUN_20260930_194055,V4,2026-09-30T19:40:55+08:00,2026-09-30T19:40:55+08:00,2026-09-30T21:30:00+08:00,1.818,False,False,False
V4_SHADOW,3096750,2026-09-30,埃及甲,橙色体育FSI vs Al加纳特,,,,,,4-2,-1,,,D:\codex\v3_legacy\outputs\football_odds_trader\raw\titan007\20261001\20261001_084801_titan007_odds_snapshot.csv,MISSING_V4_SIDE_LINE_WATER_OR_TEAM,b9b2ce5f955f6dbf4b70,RUN_20260930_194055,V4,2026-09-30T19:40:55+08:00,2026-09-30T19:40:55+08:00,2026-09-30T21:30:00+08:00,1.818,False,False,False
V4_SHADOW,3096751,2026-09-30,埃及甲,玛特洛夫 vs El奥林比克,,,,,,0-1,-1,,,D:\codex\v3_legacy\outputs\football_odds_trader\raw\titan007\20261001\20261001_084801_titan007_odds_snapshot.csv,MISSING_V4_SIDE_LINE_WATER_OR_TEAM,5559cd391f12629e5de6,RUN_20260930_194055,V4,2026-09-30T19:40:55+08:00,2026-09-30T19:40:55+08:00,2026-09-30T21:30:00+08:00,1.818,False,False,False
V4_SHADOW,3096753,2026-09-30,埃及甲,阿布马塔米尔 vs 亚历山大石油,,,,,,1-3,-1,,,D:\codex\v3_legacy\outputs\football_odds_trader\raw\titan007\20261001\20261001_084801_titan007_odds_snapshot.csv,MISSING_V4_SIDE_LINE_WATER_OR_TEAM,5277e39244bb941f487e,RUN_20260930_194055,V4,2026-09-30T19:40:55+08:00,2026-09-30T19:40:55+08:00,2026-09-30T21:30:00+08:00,1.818,False,False,False
V4_SHADOW,3096754,2026-09-30,埃及甲,钻石SC vs 卡斯卡达,,,,,,2-1,-1,,,D:\codex\v3_legacy\outputs\football_odds_trader\raw\titan007\20261001\20261001_084801_titan007_odds_snapshot.csv,MISSING_V4_SIDE_LINE_WATER_OR_TEAM,9aaf4ffc48e0d3de1274,RUN_20260930_194055,V4,2026-09-30T19:40:55+08:00,2026-09-30T19:40:55+08:00,2026-09-30T21:30:00+08:00,1.818,False,False,False
V4_SHADOW,3089671,2026-09-30,非青杯外,摩洛哥U20 vs 阿尔及利亚U20,,,,,C,3-1,-1,,,D:\codex\v3_legacy\outputs\football_odds_trader\raw\titan007\20261001\20261001_084801_titan007_odds_snapshot.csv,MISSING_V4_SIDE_LINE_WATER_OR_TEAM,1c37dfdd99b2b5920b10,,V4,2026-09-30T15:11:04+08:00,2026-09-30T15:11:04+08:00,2026-09-30T21:30:00+08:00,6.316,False,True,False
V4_SHADOW,3096645,2026-09-30,阿后备,贝尔格拉诺防卫后备队 vs 阿卡苏索后备队,,,,,N,,-14,,,D:\codex\v3_legacy\outputs\football_odds_trader\raw\titan007\20261001\20261001_084801_titan007_odds_snapshot.csv,NOT_FINAL_STATE_-14,d03e7a2c716c67f3feaa,RUN_20260930_194055,V4,2026-09-30T19:40:55+08:00,2026-09-30T19:40:55+08:00,2026-09-30T21:30:00+08:00,1.818,False,True,False
V4_SHADOW,3096714,2026-09-30,印米佐超,邦警察FC vs 卡南FC,,,,,,1-2,-1,,,D:\codex\v3_legacy\outputs\football_odds_trader\raw\titan007\20261001\20261001_084801_titan007_odds_snapshot.csv,MISSING_V4_SIDE_LINE_WATER_OR_TEAM,dc9806f4a4a3f8c32cee,RUN_20260930_194055,V4,2026-09-30T19:40:55+08:00,2026-09-30T19:40:55+08:00,2026-09-30T21:30:00+08:00,1.818,False,False,False
V4_SHADOW,3095014,2026-09-30,国际友谊,阿尔巴尼亚U19 vs 立陶宛U19,,,,,N,3-2,-1,,,D:\codex\v3_legacy\outputs\football_odds_trader\raw\titan007\20261001\20261001_084801_titan007_odds_snapshot.csv,MISSING_V4_SIDE_LINE_WATER_OR_TEAM,63ddd26960a99145d0ba,RUN_20260930_194055,V4,2026-09-30T19:40:55+08:00,2026-09-30T19:40:55+08:00,2026-09-30T21:30:00+08:00,1.818,False,True,False
V4_SHADOW,3095015,2026-09-30,国际友谊,挪威U17 vs 奥地利U17,,,,,,1-2,-1,,,D:\codex\v3_legacy\outputs\football_odds_trader\raw\titan007\20261001\20261001_084801_titan007_odds_snapshot.csv,MISSING_V4_SIDE_LINE_WATER_OR_TEAM,008b8f96c44656e94971,RUN_20260930_194055,V4,2026-09-30T19:40:55+08:00,2026-09-30T19:40:55+08:00,2026-09-30T21:30:00+08:00,1.818,False,False,False
V4_SHADOW,3084259,2026-09-30,挪威杯,弗洛 vs 萨普斯堡,,,,,N,0-2,-1,,,D:\codex\v3_legacy\outputs\football_odds_trader\raw\titan007\20261001\20261001_084801_titan007_odds_snapshot.csv,MISSING_V4_SIDE_LINE_WATER_OR_TEAM,1d2ff414da5b598cbaa0,RUN_20260930_194055,V4,2026-09-30T19:40:55+08:00,2026-09-30T19:40:55+08:00,2026-09-30T22:00:00+08:00,2.318,False,True,False
V4_SHADOW,3095431,2026-09-30,球会友谊,马格拉伊 vs NK些里克,,,,,,0-6,-1,,,D:\codex\v3_legacy\outputs\football_odds_trader\raw\titan007\20261001\20261001_084801_titan007_odds_snapshot.csv,MISSING_V4_SIDE_LINE_WATER_OR_TEAM,835e10e46352393d9531,RUN_20260930_194055,V4,2026-09-30T19:40:55+08:00,2026-09-30T19:40:55+08:00,2026-09-30T22:00:00+08:00,2.318,False,False,False
V4_SHADOW,3096685,2026-09-30,球会友谊,FC斯特鲁加 vs 诺华兹,,,,,,2-2,-1,,,D:\codex\v3_legacy\outputs\football_odds_trader\raw\titan007\20261001\20261001_084801_titan007_odds_snapshot.csv,MISSING_V4_SIDE_LINE_WATER_OR_TEAM,7acc1b8b0c842eeacd34,RUN_20260930_194055,V4,2026-09-30T19:40:55+08:00,2026-09-30T19:40:55+08:00,2026-09-30T22:00:00+08:00,2.318,False,False,False
V4_SHADOW,2966438,2026-09-30,俄乙B中,FK雷阿萨 vs 圣潘萨,,,,,,2-0,-1,,,D:\codex\v3_legacy\outputs\football_odds_trader\raw\titan007\20261001\20261001_084801_titan007_odds_snapshot.csv,MISSING_V4_SIDE_LINE_WATER_OR_TEAM,842af92d2dec1db5c4e6,RUN_20260930_194055,V4,2026-09-30T19:40:55+08:00,2026-09-30T19:40:55+08:00,2026-09-30T22:00:00+08:00,2.318,False,False,False
V4_SHADOW,2961608,2026-09-30,挪女甲,布莱尼女足 vs 科尔波特女足,,,,,N,1-0,-1,,,D:\codex\v3_legacy\outputs\football_odds_trader\raw\titan007\20261001\20261001_084801_titan007_odds_snapshot.csv,MISSING_V4_SIDE_LINE_WATER_OR_TEAM,08c34d1711e2eb62d924,RUN_20260930_194055,V4,2026-09-30T19:40:55+08:00,2026-09-30T19:40:55+08:00,2026-09-30T22:00:00+08:00,2.318,False,True,False
V4_SHADOW,3096739,2026-09-30,阿后备,圣太摩后备队 vs 阿特兰大竞技后备队,,,,,N,,-14,,,D:\codex\v3_legacy\outputs\football_odds_trader\raw\titan007\20261001\20261001_084801_titan007_odds_snapshot.csv,NOT_FINAL_STATE_-14,c46eb0fc257aae7c3ef4,RUN_20260930_194055,V4,2026-09-30T19:40:55+08:00,2026-09-30T19:40:55+08:00,2026-09-30T22:00:00+08:00,2.318,False,False,False
V4_SHADOW,3095016,2026-09-30,国际友谊,荷兰U18 vs 挪威U18,,,,,,2-1,-1,,,D:\codex\v3_legacy\outputs\football_odds_trader\raw\titan007\20261001\20261001_084801_titan007_odds_snapshot.csv,MISSING_V4_SIDE_LINE_WATER_OR_TEAM,2571644bdbe0b6ff3b25,RUN_20260930_194055,V4,2026-09-30T19:40:55+08:00,2026-09-30T19:40:55+08:00,2026-09-30T22:00:00+08:00,2.318,False,False,False
V4_SHADOW,3095017,2026-09-30,国际友谊,摩尔多瓦U20<font color=#880000>(中)</font> vs 日本U20,,,,,,0-1,-1,,,D:\codex\v3_legacy\outputs\football_odds_trader\raw\titan007\20261001\20261001_084801_titan007_odds_snapshot.csv,MISSING_V4_SIDE_LINE_WATER_OR_TEAM,8f9b689214a2e49fea54,RUN_20260930_194055,V4,2026-09-30T19:40:55+08:00,2026-09-30T19:40:55+08:00,2026-09-30T22:00:00+08:00,2.318,False,False,False
V4_SHADOW,3095018,2026-09-30,国际友谊,捷克U18 vs 斯洛伐克U18,,,,,,3-2,-1,,,D:\codex\v3_legacy\outputs\football_odds_trader\raw\titan007\20261001\20261001_084801_titan007_odds_snapshot.csv,MISSING_V4_SIDE_LINE_WATER_OR_TEAM,9d7f05e4a5587c47ae89,RUN_20260930_194055,V4,2026-09-30T19:40:55+08:00,2026-09-30T19:40:55+08:00,2026-09-30T22:00:00+08:00,2.318,False,False,False
V4_SHADOW,3095019,2026-09-30,国际友谊,瑞士U18 vs 希腊U18,,,,,,2-4,-1,,,D:\codex\v3_legacy\outputs\football_odds_trader\raw\titan007\20261001\20261001_084801_titan007_odds_snapshot.csv,MISSING_V4_SIDE_LINE_WATER_OR_TEAM,1cd5ed14674dfa0798f2,RUN_20260930_194055,V4,2026-09-30T19:40:55+08:00,2026-09-30T19:40:55+08:00,2026-09-30T22:00:00+08:00,2.318,False,False,False
V4_SHADOW,3095020,2026-09-30,国际友谊,博茨瓦纳U23 vs 莫桑比克U23,,,,,,0-2,-1,,,D:\codex\v3_legacy\outputs\football_odds_trader\raw\titan007\20261001\20261001_084801_titan007_odds_snapshot.csv,MISSING_V4_SIDE_LINE_WATER_OR_TEAM,10dd6f43bdfbbaff86aa,RUN_20260930_194055,V4,2026-09-30T19:40:55+08:00,2026-09-30T19:40:55+08:00,2026-09-30T22:00:00+08:00,2.318,False,False,False
V4_SHADOW,3095021,2026-09-30,国际友谊,葡萄牙U17 vs 沙特阿拉伯U16,,,,,,2-0,-1,,,D:\codex\v3_legacy\outputs\football_odds_trader\raw\titan007\20261001\20261001_084801_titan007_odds_snapshot.csv,MISSING_V4_SIDE_LINE_WATER_OR_TEAM,d0e8a4c715937d296263,RUN_20260930_194055,V4,2026-09-30T19:40:55+08:00,2026-09-30T19:40:55+08:00,2026-09-30T22:00:00+08:00,2.318,False,False,False
V4_SHADOW,3086468,2026-09-30,女欧罗巴杯,化奴女足 vs 布拉格斯巴达女足,,,,,N,0-4,-1,,,D:\codex\v3_legacy\outputs\football_odds_trader\raw\titan007\20261001\20261001_084801_titan007_odds_snapshot.csv,MISSING_V4_SIDE_LINE_WATER_OR_TEAM,f82a825c1c1bc80fdd50,RUN_20260930_194055,V4,2026-09-30T19:40:55+08:00,2026-09-30T19:40:55+08:00,2026-09-30T22:00:00+08:00,2.318,False,True,False
V4_SHADOW,3086475,2026-09-30,女欧罗巴杯,ZHFK阿克托比女足 vs 阿贾克斯女足,ZHFK阿克托比女足,receiving,4.25,0.7,B,1-0,-1,W,0.7,D:\codex\v3_legacy\outputs\football_odds_trader\raw\titan007\20261001\20261001_084801_titan007_odds_snapshot.csv,SETTLED,78e40180d63eb6441799,,V4,2026-09-30T15:11:04+08:00,2026-09-30T15:11:04+08:00,2026-09-30T22:00:00+08:00,6.816,False,True,False
V4_SHADOW,3093615,2026-09-30,西亚U17,也门U17 vs 黎巴嫩U17,,,,,,2-1,-1,,,D:\codex\v3_legacy\outputs\football_odds_trader\raw\titan007\20261001\20261001_084801_titan007_odds_snapshot.csv,MISSING_V4_SIDE_LINE_WATER_OR_TEAM,8a68f68a4784f4283813,RUN_20260930_194055,V4,2026-09-30T19:40:55+08:00,2026-09-30T19:40:55+08:00,2026-09-30T22:00:00+08:00,2.318,False,False,False
V4_SHADOW,3096703,2026-09-30,波兰地杯,哥斯达拉 vs 皮亚斯青年队,,,,,,3-1,-1,,,D:\codex\v3_legacy\outputs\football_odds_trader\raw\titan007\20261001\20261001_084801_titan007_odds_snapshot.csv,MISSING_V4_SIDE_LINE_WATER_OR_TEAM,b254eced38c741f47a46,RUN_20260930_194055,V4,2026-09-30T19:40:55+08:00,2026-09-30T19:40:55+08:00,2026-09-30T22:15:00+08:00,2.568,False,False,False
V4_SHADOW,3074640,2026-09-30,以乙北,夏普尔布内慕斯慕斯 vs 基里亚特阿塔比亚里克,,,,,,1-0,-1,,,D:\codex\v3_legacy\outputs\football_odds_trader\raw\titan007\20261001\20261001_084801_titan007_odds_snapshot.csv,MISSING_V4_SIDE_LINE_WATER_OR_TEAM,e7cb8a384bdc081a252b,RUN_20260930_194055,V4,2026-09-30T19:40:55+08:00,2026-09-30T19:40:55+08:00,2026-09-30T22:30:00+08:00,2.818,False,False,False
V4_SHADOW,3074644,2026-09-30,以乙北,伊若尼内瑟 vs 贝塔纳哈里亚,,,,,,4-1,-1,,,D:\codex\v3_legacy\outputs\football_odds_trader\raw\titan007\20261001\20261001_084801_titan007_odds_snapshot.csv,MISSING_V4_SIDE_LINE_WATER_OR_TEAM,1c65f18b8cba3401bdfe,RUN_20260930_194055,V4,2026-09-30T19:40:55+08:00,2026-09-30T19:40:55+08:00,2026-09-30T22:30:00+08:00,2.818,False,False,False
V4_SHADOW,3094980,2026-09-30,皇后杯,布尔戈斯女足 vs 卡些连奴女足,,,,,N,0-4,-1,,,D:\codex\v3_legacy\outputs\football_odds_trader\raw\titan007\20261001\20261001_084801_titan007_odds_snapshot.csv,MISSING_V4_SIDE_LINE_WATER_OR_TEAM,7516274051fa726d104c,RUN_20260930_194055,V4,2026-09-30T19:40:55+08:00,2026-09-30T19:40:55+08:00,2026-09-30T23:00:00+08:00,3.318,False,True,False
V4_SHADOW,3074947,2026-09-30,以乙南,亚夫涅英 vs 拜特西蒙,,,,,,,0,,,D:\codex\v3_legacy\outputs\football_odds_trader\raw\titan007\20260930\20260930_194055_titan007_odds_snapshot.csv,NOT_FINAL_STATE_0,a215918be38c0e918eb0,RUN_20260930_194055,V4,2026-09-30T19:40:55+08:00,2026-09-30T19:40:55+08:00,2026-09-30T23:00:00+08:00,3.318,False,False,False
V4_SHADOW,3069111,2026-09-30,丹后备东,HB高治后备队 vs 灵比后备队,,,,,,,0,,,D:\codex\v3_legacy\outputs\football_odds_trader\raw\titan007\20260930\20260930_194055_titan007_odds_snapshot.csv,NOT_FINAL_STATE_0,9339d6fcea811d834741,RUN_20260930_194055,V4,2026-09-30T19:40:55+08:00,2026-09-30T19:40:55+08:00,2026-09-30T23:00:00+08:00,3.318,False,False,False
V4_SHADOW,3069122,2026-09-30,丹后备西,霍森斯后备队 vs 兰达斯后备队,,,,,,,0,,,D:\codex\v3_legacy\outputs\football_odds_trader\raw\titan007\20260930\20260930_194055_titan007_odds_snapshot.csv,NOT_FINAL_STATE_0,bec375a4331ae44d2e55,RUN_20260930_194055,V4,2026-09-30T19:40:55+08:00,2026-09-30T19:40:55+08:00,2026-09-30T23:00:00+08:00,3.318,False,False,False
V4_SHADOW,3069123,2026-09-30,丹后备西,施克堡后备队 vs 欧登塞后备队,,,,,,,0,,,D:\codex\v3_legacy\outputs\football_odds_trader\raw\titan007\20260930\20260930_194055_titan007_odds_snapshot.csv,NOT_FINAL_STATE_0,7d52c66440661f5fbc08,RUN_20260930_194055,V4,2026-09-30T19:40:55+08:00,2026-09-30T19:40:55+08:00,2026-09-30T23:00:00+08:00,3.318,False,False,False
V4_SHADOW,3006206,2026-09-30,黑山乙,泽塔 vs KOM朴高利卡,,,,,N,1-3,-1,,,D:\codex\v3_legacy\outputs\football_odds_trader\raw\titan007\20261001\20261001_084801_titan007_odds_snapshot.csv,MISSING_V4_SIDE_LINE_WATER_OR_TEAM,c5968a90c287b3c955b5,RUN_20260930_194055,V4,2026-09-30T19:40:55+08:00,2026-09-30T19:40:55+08:00,2026-09-30T23:00:00+08:00,3.318,False,True,False
V4_SHADOW,3096741,2026-09-30,阿后备,卡拉普莱后备队 vs 南埃斯特雷拉后备队,,,,,C,3-2,-1,,,D:\codex\v3_legacy\outputs\football_odds_trader\raw\titan007\20261001\20261001_084801_titan007_odds_snapshot.csv,MISSING_V4_SIDE_LINE_WATER_OR_TEAM,fd8b64c5fdea4f6f87e5,RUN_20260930_194055,V4,2026-09-30T19:40:55+08:00,2026-09-30T19:40:55+08:00,2026-09-30T23:00:00+08:00,3.318,False,True,False
V4_SHADOW,3096755,2026-09-30,阿后备,巴拉圭竞技后备队 vs 穆尼斯后备队,,,,,N,6-1,-1,,,D:\codex\v3_legacy\outputs\football_odds_trader\raw\titan007\20261001\20261001_084801_titan007_odds_snapshot.csv,MISSING_V4_SIDE_LINE_WATER_OR_TEAM,b87926cfa602f38b3bce,RUN_20260930_194055,V4,2026-09-30T19:40:55+08:00,2026-09-30T19:40:55+08:00,2026-09-30T23:00:00+08:00,3.318,False,True,False
V4_SHADOW,3096668,2026-09-30,哥伦地区,卢拉足球俱乐部 vs CD西克洛斯,,,,,,5-0,-1,,,D:\codex\v3_legacy\outputs\football_odds_trader\raw\titan007\20261001\20261001_084801_titan007_odds_snapshot.csv,MISSING_V4_SIDE_LINE_WATER_OR_TEAM,fa503736d10aa1e4c60d,RUN_20260930_194055,V4,2026-09-30T19:40:55+08:00,2026-09-30T19:40:55+08:00,2026-09-30T23:00:00+08:00,3.318,False,False,False
V4_SHADOW,3095022,2026-09-30,国际友谊,挪威U16 vs 瑞典U16,,,,,,4-0,-1,,,D:\codex\v3_legacy\outputs\football_odds_trader\raw\titan007\20261001\20261001_084801_titan007_odds_snapshot.csv,MISSING_V4_SIDE_LINE_WATER_OR_TEAM,9f895dc1d2b461ef5faf,RUN_20260930_194055,V4,2026-09-30T19:40:55+08:00,2026-09-30T19:40:55+08:00,2026-09-30T23:00:00+08:00,3.318,False,False,False
V4_SHADOW,3095023,2026-09-30,国际友谊,加拿大U18 vs 西班牙U18,,,,,,0-2,-1,,,D:\codex\v3_legacy\outputs\football_odds_trader\raw\titan007\20261001\20261001_084801_titan007_odds_snapshot.csv,MISSING_V4_SIDE_LINE_WATER_OR_TEAM,acd31c8638046aef5fbf,RUN_20260930_194055,V4,2026-09-30T19:40:55+08:00,2026-09-30T19:40:55+08:00,2026-09-30T23:00:00+08:00,3.318,False,False,False
V4_SHADOW,3095024,2026-09-30,国际友谊,土耳其U16 vs 罗马尼亚U16,,,,,,1-1,-1,,,D:\codex\v3_legacy\outputs\football_odds_trader\raw\titan007\20261001\20261001_084801_titan007_odds_snapshot.csv,MISSING_V4_SIDE_LINE_WATER_OR_TEAM,1f2d90796908fca89814,RUN_20260930_194055,V4,2026-09-30T19:40:55+08:00,2026-09-30T19:40:55+08:00,2026-09-30T23:00:00+08:00,3.318,False,False,False
V4_SHADOW,3096716,2026-09-30,国际友谊,巴西U18 vs 科特迪瓦U18,,,,,,2-1,-1,,,D:\codex\v3_legacy\outputs\football_odds_trader\raw\titan007\20261001\20261001_084801_titan007_odds_snapshot.csv,MISSING_V4_SIDE_LINE_WATER_OR_TEAM,74b598ce7d1b9589c4c9,RUN_20260930_194055,V4,2026-09-30T19:40:55+08:00,2026-09-30T19:40:55+08:00,2026-09-30T23:00:00+08:00,3.318,False,False,False
V4_SHADOW,3096484,2026-09-30,球会友谊,卡达西亚SC vs 索尔兹伯里FC,,,,,,3-2,-1,,,D:\codex\v3_legacy\outputs\football_odds_trader\raw\titan007\20261001\20261001_084801_titan007_odds_snapshot.csv,MISSING_V4_SIDE_LINE_WATER_OR_TEAM,b165a6ff2011e19abe14,RUN_20260930_194055,V4,2026-09-30T19:40:55+08:00,2026-09-30T19:40:55+08:00,2026-09-30T23:30:00+08:00,3.818,False,False,False
V4_SHADOW,3094981,2026-09-30,皇后杯,塞尔塔女足 vs 皇家奥维耶多女足,,,,,N,3-1,-1,,,D:\codex\v3_legacy\outputs\football_odds_trader\raw\titan007\20261001\20261001_084801_titan007_odds_snapshot.csv,MISSING_V4_SIDE_LINE_WATER_OR_TEAM,06b03ad45af886eb68ee,RUN_20260930_194055,V4,2026-09-30T19:40:55+08:00,2026-09-30T19:40:55+08:00,2026-09-30T23:30:00+08:00,3.818,False,True,False
V4_SHADOW,3001034,2026-09-30,非洲杯,厄立特里亚 vs 南非,南非,giving,-1.75,0.89,C,0-5,-1,W,0.89,D:\codex\v3_legacy\outputs\football_odds_trader\raw\titan007\20261001\20261001_084801_titan007_odds_snapshot.csv,SETTLED,88405bfbdcdd35670865,,V4,2026-09-30T15:11:04+08:00,2026-09-30T15:11:04+08:00,2026-10-01T00:00:00+08:00,8.816,False,True,False
V4_SHADOW,2781225,2026-09-30,欧青U21外,罗马尼亚U21 vs 芬兰U21,,,,,N,0-2,-1,,,D:\codex\v3_legacy\outputs\football_odds_trader\raw\titan007\20261001\20261001_084801_titan007_odds_snapshot.csv,MISSING_V4_SIDE_LINE_WATER_OR_TEAM,d3788b34b401fc90a476,RUN_20260930_194055,V4,2026-09-30T19:40:55+08:00,2026-09-30T19:40:55+08:00,2026-10-01T00:00:00+08:00,4.318,False,False,False
V4_SHADOW,2781256,2026-09-30,欧青U21外,捷克U21 vs 保加利亚U21,捷克U21,giving,-1.25,1.05,C,1-0,-1,HL,-0.5,D:\codex\v3_legacy\outputs\football_odds_trader\raw\titan007\20261001\20261001_084801_titan007_odds_snapshot.csv,SETTLED,d760fc427d99edb3e4b9,,V4,2026-09-30T15:11:04+08:00,2026-09-30T15:11:04+08:00,2026-10-01T00:00:00+08:00,8.816,False,True,False
V4_SHADOW,2781287,2026-09-30,欧青U21外,法罗群岛U21 vs 卢森堡U21,,,,,N,0-1,-1,,,D:\codex\v3_legacy\outputs\football_odds_trader\raw\titan007\20261001\20261001_084801_titan007_odds_snapshot.csv,MISSING_V4_SIDE_LINE_WATER_OR_TEAM,640909a86b1ba2632216,RUN_20260930_194055,V4,2026-09-30T19:40:55+08:00,2026-09-30T19:40:55+08:00,2026-10-01T00:00:00+08:00,4.318,False,True,False
V4_SHADOW,2781315,2026-09-30,欧青U21外,波兰U21 vs 瑞典U21,,,,,C,3-0,-1,,,D:\codex\v3_legacy\outputs\football_odds_trader\raw\titan007\20261001\20261001_084801_titan007_odds_snapshot.csv,MISSING_V4_SIDE_LINE_WATER_OR_TEAM,45a356be69a4fa1b8f7c,,V4,2026-09-30T15:11:04+08:00,2026-09-30T15:11:04+08:00,2026-10-01T00:00:00+08:00,8.816,False,True,False
V4_SHADOW,2781345,2026-09-30,欧青U21外,马耳他U21 vs 德国U21,,,,,,1-4,-1,,,D:\codex\v3_legacy\outputs\football_odds_trader\raw\titan007\20261001\20261001_084801_titan007_odds_snapshot.csv,MISSING_V4_SIDE_LINE_WATER_OR_TEAM,ba62bbfddbc0b1fdfcb3,RUN_20260930_194055,V4,2026-09-30T19:40:55+08:00,2026-09-30T19:40:55+08:00,2026-10-01T00:00:00+08:00,4.318,False,False,False
V4_SHADOW,3084260,2026-09-30,挪威杯,侯尼霍斯 vs KFUM奥斯陆,,,,,C,0-2,-1,,,D:\codex\v3_legacy\outputs\football_odds_trader\raw\titan007\20261001\20261001_084801_titan007_odds_snapshot.csv,MISSING_V4_SIDE_LINE_WATER_OR_TEAM,edb1c90225f3340210bd,RUN_20260930_194055,V4,2026-09-30T19:40:55+08:00,2026-09-30T19:40:55+08:00,2026-10-01T00:00:00+08:00,4.318,False,True,False
V4_SHADOW,3095432,2026-09-30,球会友谊,卡尔斯多夫 vs 格拉茨AK,,,,,N,1-5,-1,,,D:\codex\v3_legacy\outputs\football_odds_trader\raw\titan007\20261001\20261001_084801_titan007_odds_snapshot.csv,MISSING_V4_SIDE_LINE_WATER_OR_TEAM,0df9be0e1f10487ce8c3,RUN_20260930_194055,V4,2026-09-30T19:40:55+08:00,2026-09-30T19:40:55+08:00,2026-10-01T00:00:00+08:00,4.318,False,True,False
V4_SHADOW,3094982,2026-09-30,皇后杯,CD阿格尔女足 vs 阿波利纳里奥女足,,,,,,2-0,-1,,,D:\codex\v3_legacy\outputs\football_odds_trader\raw\titan007\20261001\20261001_084801_titan007_odds_snapshot.csv,MISSING_V4_SIDE_LINE_WATER_OR_TEAM,4060b68373ece4adf6f9,RUN_20260930_194055,V4,2026-09-30T19:40:55+08:00,2026-09-30T19:40:55+08:00,2026-10-01T00:00:00+08:00,4.318,False,False,False
V4_SHADOW,3094983,2026-09-30,皇后杯,利云特UD女足 vs 阿哈马女足,,,,,N,3-1,-1,,,D:\codex\v3_legacy\outputs\football_odds_trader\raw\titan007\20261001\20261001_084801_titan007_odds_snapshot.csv,MISSING_V4_SIDE_LINE_WATER_OR_TEAM,d8e1dff05ecd24b5673b,RUN_20260930_194055,V4,2026-09-30T19:40:55+08:00,2026-09-30T19:40:55+08:00,2026-10-01T00:00:00+08:00,4.318,False,True,False
V4_SHADOW,3094984,2026-09-30,皇后杯,韦尔瓦女足 vs 科尔多瓦女足,韦尔瓦女足,giving,-1.0,0.99,C,7-1,-1,W,0.99,D:\codex\v3_legacy\outputs\football_odds_trader\raw\titan007\20261001\20261001_084801_titan007_odds_snapshot.csv,SETTLED,acedd511b6d8e4034727,RUN_20260930_194055,V4,2026-09-30T19:40:55+08:00,2026-09-30T19:40:55+08:00,2026-10-01T00:00:00+08:00,4.318,False,True,False
V4_SHADOW,3096625,2026-09-30,芬K联,LAUTP vs 库穆IPS,,,,,,1-4,-1,,,D:\codex\v3_legacy\outputs\football_odds_trader\raw\titan007\20261001\20261001_084801_titan007_odds_snapshot.csv,MISSING_V4_SIDE_LINE_WATER_OR_TEAM,d080b0c0bceaf484250e,RUN_20260930_194055,V4,2026-09-30T19:40:55+08:00,2026-09-30T19:40:55+08:00,2026-10-01T00:00:00+08:00,4.318,False,False,False
V4_SHADOW,3096736,2026-09-30,以丙,塞克特兹亚 vs SC拉姆拉,,,,,,1-2,-1,,,D:\codex\v3_legacy\outputs\football_odds_trader\raw\titan007\20261001\20261001_084801_titan007_odds_snapshot.csv,MISSING_V4_SIDE_LINE_WATER_OR_TEAM,6d0a734addebfb457622,RUN_20260930_194055,V4,2026-09-30T19:40:55+08:00,2026-09-30T19:40:55+08:00,2026-10-01T00:00:00+08:00,4.318,False,False,False
V4_SHADOW,3096176,2026-09-30,国际友谊,立陶宛 vs 安道尔,立陶宛,giving,-0.75,0.82,C,3-0,-1,W,0.82,D:\codex\v3_legacy\outputs\football_odds_trader\raw\titan007\20261001\20261001_084801_titan007_odds_snapshot.csv,SETTLED,8e51db301e3dd232e565,,V4,2026-09-30T15:11:04+08:00,2026-09-30T15:11:04+08:00,2026-10-01T00:00:00+08:00,8.816,False,True,False
V4_SHADOW,3096712,2026-09-30,国际友谊,南非U23 vs 阿尔及利亚U23,,,,,,,0,,,D:\codex\v3_legacy\outputs\football_odds_trader\raw\titan007\20260930\20260930_194055_titan007_odds_snapshot.csv,NOT_FINAL_STATE_0,6452872a7851c02ae089,RUN_20260930_194055,V4,2026-09-30T19:40:55+08:00,2026-09-30T19:40:55+08:00,2026-10-01T00:00:00+08:00,4.318,False,False,False
V4_SHADOW,3086470,2026-09-30,女欧罗巴杯,SK布兰女足 vs 赫尔辛基女足,SK布兰女足,giving,-1.75,0.88,B,4-0,-1,W,0.88,D:\codex\v3_legacy\outputs\football_odds_trader\raw\titan007\20261001\20261001_084801_titan007_odds_snapshot.csv,SETTLED,093e606caf0c54a68792,RUN_20260930_194055,V4,2026-09-30T19:40:55+08:00,2026-09-30T19:40:55+08:00,2026-10-01T00:00:00+08:00,4.318,False,True,False
V4_SHADOW,3086472,2026-09-30,女欧罗巴杯,罗森博格女足 vs 利贝雷茨女足,,,,,N,4-1,-1,,,D:\codex\v3_legacy\outputs\football_odds_trader\raw\titan007\20261001\20261001_084801_titan007_odds_snapshot.csv,MISSING_V4_SIDE_LINE_WATER_OR_TEAM,3d128a9c9251c6768adc,RUN_20260930_194055,V4,2026-09-30T19:40:55+08:00,2026-09-30T19:40:55+08:00,2026-10-01T00:00:00+08:00,4.318,False,True,False
V4_SHADOW,3086474,2026-09-30,女欧罗巴杯,瓦勒伦加女足 vs 费耶诺德女足,,,,,N,2-1,-1,,,D:\codex\v3_legacy\outputs\football_odds_trader\raw\titan007\20261001\20261001_084801_titan007_odds_snapshot.csv,MISSING_V4_SIDE_LINE_WATER_OR_TEAM,ce769bb1ba8e4b62cefd,RUN_20260930_194055,V4,2026-09-30T19:40:55+08:00,2026-09-30T19:40:55+08:00,2026-10-01T00:00:00+08:00,4.318,False,True,False
V4_SHADOW,3086480,2026-09-30,女欧罗巴杯,迈加瓦斯巴达女足 vs PAOK沙朗历基女足,,,,,N,1-1,-1,,,D:\codex\v3_legacy\outputs\football_odds_trader\raw\titan007\20261001\20261001_084801_titan007_odds_snapshot.csv,MISSING_V4_SIDE_LINE_WATER_OR_TEAM,6ac561d8dabc6e7053c7,RUN_20260930_194055,V4,2026-09-30T19:40:55+08:00,2026-09-30T19:40:55+08:00,2026-10-01T00:00:00+08:00,4.318,False,True,False
V4_SHADOW,3086483,2026-09-30,女欧罗巴杯,约灵女足 vs PSV埃因霍温女足,,,,,N,0-0,-1,,,D:\codex\v3_legacy\outputs\football_odds_trader\raw\titan007\20261001\20261001_084801_titan007_odds_snapshot.csv,MISSING_V4_SIDE_LINE_WATER_OR_TEAM,90666d2d278bb8d3cf50,RUN_20260930_194055,V4,2026-09-30T19:40:55+08:00,2026-09-30T19:40:55+08:00,2026-10-01T00:00:00+08:00,4.318,False,True,False
V4_SHADOW,3094473,2026-09-30,非洲U23杯,安哥拉U23 vs 纳米比亚U23,,,,,,1-1,-1,,,D:\codex\v3_legacy\outputs\football_odds_trader\raw\titan007\20261001\20261001_084801_titan007_odds_snapshot.csv,MISSING_V4_SIDE_LINE_WATER_OR_TEAM,5eae1b80e5dd00e1cac7,RUN_20260930_194055,V4,2026-09-30T19:40:55+08:00,2026-09-30T19:40:55+08:00,2026-10-01T00:00:00+08:00,4.318,False,False,False
V4_SHADOW,3094474,2026-09-30,非洲U23杯,卢旺达U23 vs 苏丹U23,,,,,C,3-0,-1,,,D:\codex\v3_legacy\outputs\football_odds_trader\raw\titan007\20261001\20261001_084801_titan007_odds_snapshot.csv,MISSING_V4_SIDE_LINE_WATER_OR_TEAM,c153c745c54038b7d552,RUN_20260930_194055,V4,2026-09-30T19:40:55+08:00,2026-09-30T19:40:55+08:00,2026-10-01T00:00:00+08:00,4.318,False,True,False
V4_SHADOW,3094475,2026-09-30,非洲U23杯,多哥U23 vs 利比亚U23,,,,,N,1-1,-1,,,D:\codex\v3_legacy\outputs\football_odds_trader\raw\titan007\20261001\20261001_084801_titan007_odds_snapshot.csv,MISSING_V4_SIDE_LINE_WATER_OR_TEAM,221d5c226ab881d6fa82,RUN_20260930_194055,V4,2026-09-30T19:40:55+08:00,2026-09-30T19:40:55+08:00,2026-10-01T00:00:00+08:00,4.318,False,True,False
V4_SHADOW,3094476,2026-09-30,非洲U23杯,津巴布韦U23 vs 毛里求斯U23,,,,,,2-0,-1,,,D:\codex\v3_legacy\outputs\football_odds_trader\raw\titan007\20261001\20261001_084801_titan007_odds_snapshot.csv,MISSING_V4_SIDE_LINE_WATER_OR_TEAM,e57adcc6b5f69456fbec,RUN_20260930_194055,V4,2026-09-30T19:40:55+08:00,2026-09-30T19:40:55+08:00,2026-10-01T00:00:00+08:00,4.318,False,False,False
V4_SHADOW,3096730,2026-09-30,斯亚丙,多布罗夫斯 vs 哈迪纳,,,,,,0-3,-1,,,D:\codex\v3_legacy\outputs\football_odds_trader\raw\titan007\20261001\20261001_084801_titan007_odds_snapshot.csv,MISSING_V4_SIDE_LINE_WATER_OR_TEAM,e026914287d1cbd94f14,RUN_20260930_194055,V4,2026-09-30T19:40:55+08:00,2026-09-30T19:40:55+08:00,2026-10-01T00:30:00+08:00,4.818,False,False,False
V4_SHADOW,3095025,2026-09-30,国际友谊,葡萄牙U19 vs 荷兰U19,,,,,N,6-1,-1,,,D:\codex\v3_legacy\outputs\football_odds_trader\raw\titan007\20261001\20261001_084801_titan007_odds_snapshot.csv,MISSING_V4_SIDE_LINE_WATER_OR_TEAM,5e56a818e649a76b8619,RUN_20260930_194055,V4,2026-09-30T19:40:55+08:00,2026-09-30T19:40:55+08:00,2026-10-01T00:30:00+08:00,4.818,False,True,False
V4_SHADOW,3086453,2026-09-30,女欧罗巴杯,法兰克福女足 vs 哈夫纳夫约杜尔女足,哈夫纳夫约杜尔女足,receiving,3.0,0.82,B,4-1,-1,P,0.0,D:\codex\v3_legacy\outputs\football_odds_trader\raw\titan007\20261001\20261001_084801_titan007_odds_snapshot.csv,SETTLED,c48a145c99be1244b133,RUN_20260930_194055,V4,2026-09-30T19:40:55+08:00,2026-09-30T19:40:55+08:00,2026-10-01T00:30:00+08:00,4.818,False,True,False
V4_SHADOW,3086479,2026-09-30,女欧罗巴杯,格拉茨女足 vs 沃尔夫斯堡女足,,,,,N,0-2,-1,,,D:\codex\v3_legacy\outputs\football_odds_trader\raw\titan007\20261001\20261001_084801_titan007_odds_snapshot.csv,MISSING_V4_SIDE_LINE_WATER_OR_TEAM,ea5d0d1e279e0b6e7fba,RUN_20260930_194055,V4,2026-09-30T19:40:55+08:00,2026-09-30T19:40:55+08:00,2026-10-01T00:30:00+08:00,4.818,False,True,False
V4_SHADOW,3092357,2026-09-30,欧女杯,AS罗马女足 vs 巴塞罗那女足,AS罗马女足,receiving,3.25,0.76,B,0-6,-1,L,-1.0,D:\codex\v3_legacy\outputs\football_odds_trader\raw\titan007\20261001\20261001_084801_titan007_odds_snapshot.csv,SETTLED,e26e45985d3b91a78c2d,,V4,2026-09-30T15:11:04+08:00,2026-09-30T15:11:04+08:00,2026-10-01T00:45:00+08:00,9.566,False,True,False
V4_SHADOW,3092358,2026-09-30,欧女杯,赫根女足 vs 尤文图斯女足,,,,,N,0-3,-1,,,D:\codex\v3_legacy\outputs\football_odds_trader\raw\titan007\20261001\20261001_084801_titan007_odds_snapshot.csv,MISSING_V4_SIDE_LINE_WATER_OR_TEAM,a3526b9113a84539c379,RUN_20260930_194055,V4,2026-09-30T19:40:55+08:00,2026-09-30T19:40:55+08:00,2026-10-01T00:45:00+08:00,5.068,False,True,False
V4_SHADOW,3092359,2026-09-30,欧女杯,巴黎FC女足 vs 阿森纳女足,,,,,C,2-2,-1,,,D:\codex\v3_legacy\outputs\football_odds_trader\raw\titan007\20261001\20261001_084801_titan007_odds_snapshot.csv,MISSING_V4_SIDE_LINE_WATER_OR_TEAM,70578948906da40cceb2,,V4,2026-09-30T15:11:04+08:00,2026-09-30T15:11:04+08:00,2026-10-01T00:45:00+08:00,9.566,False,True,False
V4_SHADOW,3096733,2026-09-30,芬K联,赛博 vs 查普斯47,,,,,,0-1,-1,,,D:\codex\v3_legacy\outputs\football_odds_trader\raw\titan007\20261001\20261001_084801_titan007_odds_snapshot.csv,MISSING_V4_SIDE_LINE_WATER_OR_TEAM,97cc47bc92f4cce089a5,RUN_20260930_194055,V4,2026-09-30T19:40:55+08:00,2026-09-30T19:40:55+08:00,2026-10-01T00:45:00+08:00,5.068,False,False,False
V4_SHADOW,3074950,2026-09-30,以乙南,阿古达 vs 哈迪拉,,,,,C,0-4,-1,,,D:\codex\v3_legacy\outputs\football_odds_trader\raw\titan007\20261001\20261001_084801_titan007_odds_snapshot.csv,MISSING_V4_SIDE_LINE_WATER_OR_TEAM,bbd82f805b536ece1d5b,RUN_20260930_194055,V4,2026-09-30T19:40:55+08:00,2026-09-30T19:40:55+08:00,2026-10-01T00:50:00+08:00,5.151,False,True,False
V4_SHADOW,3096729,2026-09-30,芬K联,TPVB队 vs 坦佩雷II,,,,,,1-3,-1,,,D:\codex\v3_legacy\outputs\football_odds_trader\raw\titan007\20261001\20261001_084801_titan007_odds_snapshot.csv,MISSING_V4_SIDE_LINE_WATER_OR_TEAM,43bda1653607a7e57295,RUN_20260930_194055,V4,2026-09-30T19:40:55+08:00,2026-09-30T19:40:55+08:00,2026-10-01T00:50:00+08:00,5.151,False,False,False
V4_SHADOW,3074646,2026-09-30,以乙北,拿撒勒伊里特夏普尔 vs 塔姆拉,,,,,,2-3,-1,,,D:\codex\v3_legacy\outputs\football_odds_trader\raw\titan007\20261001\20261001_084801_titan007_odds_snapshot.csv,MISSING_V4_SIDE_LINE_WATER_OR_TEAM,a12f583cf479d024ec40,RUN_20260930_194055,V4,2026-09-30T19:40:55+08:00,2026-09-30T19:40:55+08:00,2026-10-01T00:55:00+08:00,5.235,False,False,False
V4_SHADOW,2781226,2026-09-30,欧青U21外,科索沃U21 vs 塞浦路斯U21,科索沃U21,giving,-1.75,0.99,C,2-1,-1,L,-1.0,D:\codex\v3_legacy\outputs\football_odds_trader\raw\titan007\20261001\20261001_084801_titan007_odds_snapshot.csv,SETTLED,b764308262eccb80cf71,,V4,2026-09-30T15:11:04+08:00,2026-09-30T15:11:04+08:00,2026-10-01T01:00:00+08:00,9.816,False,True,False
V4_SHADOW,3046677,2026-09-30,瑞典丙降,FC学院 vs IFK于默奥,,,,,N,6-0,-1,,,D:\codex\v3_legacy\outputs\football_odds_trader\raw\titan007\20261001\20261001_084801_titan007_odds_snapshot.csv,MISSING_V4_SIDE_LINE_WATER_OR_TEAM,d1d90ab5a1443a567a6b,RUN_20260930_194055,V4,2026-09-30T19:40:55+08:00,2026-09-30T19:40:55+08:00,2026-10-01T01:00:00+08:00,5.318,False,True,False
V4_SHADOW,3074944,2026-09-30,以乙南,马哈尼耶侯达 vs 迪莫纳体育,,,,,,2-3,-1,,,D:\codex\v3_legacy\outputs\football_odds_trader\raw\titan007\20261001\20261001_084801_titan007_odds_snapshot.csv,MISSING_V4_SIDE_LINE_WATER_OR_TEAM,3ed76a74080edebfbb1f,RUN_20260930_194055,V4,2026-09-30T19:40:55+08:00,2026-09-30T19:40:55+08:00,2026-10-01T01:00:00+08:00,5.318,False,False,False
V4_SHADOW,3074948,2026-09-30,以乙南,SC阿什杜德马卡比 vs 夏普尔霍,,,,,N,2-0,-1,,,D:\codex\v3_legacy\outputs\football_odds_trader\raw\titan007\20261001\20261001_084801_titan007_odds_snapshot.csv,MISSING_V4_SIDE_LINE_WATER_OR_TEAM,28506bfd82a3c4ad2ab8,RUN_20260930_194055,V4,2026-09-30T19:40:55+08:00,2026-09-30T19:40:55+08:00,2026-10-01T01:00:00+08:00,5.318,False,False,False
V4_SHADOW,3053462,2026-09-30,匈女甲,吉奥利女足 vs 费伦斯华路士女足,,,,,N,3-0,-1,,,D:\codex\v3_legacy\outputs\football_odds_trader\raw\titan007\20261001\20261001_084801_titan007_odds_snapshot.csv,MISSING_V4_SIDE_LINE_WATER_OR_TEAM,f685ae358ef151a95f1d,RUN_20260930_194055,V4,2026-09-30T19:40:55+08:00,2026-09-30T19:40:55+08:00,2026-10-01T01:00:00+08:00,5.318,False,True,False
V4_SHADOW,3089670,2026-09-30,非青杯外,埃及U20 vs 突尼斯U20,,,,,N,2-1,-1,,,D:\codex\v3_legacy\outputs\football_odds_trader\raw\titan007\20261001\20261001_084801_titan007_odds_snapshot.csv,MISSING_V4_SIDE_LINE_WATER_OR_TEAM,484b6a5ff5a22039efdd,RUN_20260930_194055,V4,2026-09-30T19:40:55+08:00,2026-09-30T19:40:55+08:00,2026-10-01T01:00:00+08:00,5.318,False,True,False
V4_SHADOW,3096684,2026-09-30,阿后备,梅洛后备队 vs 梅洛小阿根廷后备队,,,,,C,0-0,-1,,,D:\codex\v3_legacy\outputs\football_odds_trader\raw\titan007\20261001\20261001_084801_titan007_odds_snapshot.csv,MISSING_V4_SIDE_LINE_WATER_OR_TEAM,612647a41ab13688869c,RUN_20260930_194055,V4,2026-09-30T19:40:55+08:00,2026-09-30T19:40:55+08:00,2026-10-01T01:00:00+08:00,5.318,False,True,False
V4_SHADOW,3096742,2026-09-30,阿后备,罗萨里奥雄狮(后备) vs CA卢加诺后备队,,,,,,7-2,-1,,,D:\codex\v3_legacy\outputs\football_odds_trader\raw\titan007\20261001\20261001_084801_titan007_odds_snapshot.csv,MISSING_V4_SIDE_LINE_WATER_OR_TEAM,a8b0f416ac18e04e52a0,RUN_20260930_194055,V4,2026-09-30T19:40:55+08:00,2026-09-30T19:40:55+08:00,2026-10-01T01:00:00+08:00,5.318,False,False,False
V4_SHADOW,3096711,2026-09-30,国际友谊,卢森堡U19 vs 北马其顿U19,,,,,,1-0,-1,,,D:\codex\v3_legacy\outputs\football_odds_trader\raw\titan007\20261001\20261001_084801_titan007_odds_snapshot.csv,MISSING_V4_SIDE_LINE_WATER_OR_TEAM,99a2894ab3d6bd8aae7a,RUN_20260930_194055,V4,2026-09-30T19:40:55+08:00,2026-09-30T19:40:55+08:00,2026-10-01T01:00:00+08:00,5.318,False,False,False
V4_SHADOW,3096713,2026-09-30,国际友谊,科尼亚体育 vs 巴勒斯坦,,,,,,2-2,-1,,,D:\codex\v3_legacy\outputs\football_odds_trader\raw\titan007\20261001\20261001_084801_titan007_odds_snapshot.csv,MISSING_V4_SIDE_LINE_WATER_OR_TEAM,a1366e5e6d07cd886c76,RUN_20260930_194055,V4,2026-09-30T19:40:55+08:00,2026-09-30T19:40:55+08:00,2026-10-01T01:00:00+08:00,5.318,False,False,False
V4_SHADOW,3086473,2026-09-30,女欧罗巴杯,皇家社会女足 vs 赫斯女足,,,,,C,4-0,-1,,,D:\codex\v3_legacy\outputs\football_odds_trader\raw\titan007\20261001\20261001_084801_titan007_odds_snapshot.csv,MISSING_V4_SIDE_LINE_WATER_OR_TEAM,e1d107740241efabc338,RUN_20260930_194055,V4,2026-09-30T19:40:55+08:00,2026-09-30T19:40:55+08:00,2026-10-01T01:00:00+08:00,5.318,False,True,False
V4_SHADOW,3086477,2026-09-30,女欧罗巴杯,索斯诺维茨女足 vs 贝雷达比历克女足,,,,,N,1-0,-1,,,D:\codex\v3_legacy\outputs\football_odds_trader\raw\titan007\20261001\20261001_084801_titan007_odds_snapshot.csv,MISSING_V4_SIDE_LINE_WATER_OR_TEAM,7754699e35acee64d0ca,RUN_20260930_194055,V4,2026-09-30T19:40:55+08:00,2026-09-30T19:40:55+08:00,2026-10-01T01:00:00+08:00,5.318,False,True,False
V4_SHADOW,3086478,2026-09-30,女欧罗巴杯,费内巴切女足 vs 明斯克女足,,,,,C,1-0,-1,,,D:\codex\v3_legacy\outputs\football_odds_trader\raw\titan007\20261001\20261001_084801_titan007_odds_snapshot.csv,MISSING_V4_SIDE_LINE_WATER_OR_TEAM,37cda1ae8f6608222354,RUN_20260930_194055,V4,2026-09-30T19:40:55+08:00,2026-09-30T19:40:55+08:00,2026-10-01T01:00:00+08:00,5.318,False,True,False
V4_SHADOW,3086482,2026-09-30,女欧罗巴杯,马模女足 vs 圣珀尔滕女足,马模女足,giving,-1.0,0.82,B,3-0,-1,W,0.82,D:\codex\v3_legacy\outputs\football_odds_trader\raw\titan007\20261001\20261001_084801_titan007_odds_snapshot.csv,SETTLED,83a55957566887746b02,RUN_20260930_194055,V4,2026-09-30T19:40:55+08:00,2026-09-30T19:40:55+08:00,2026-10-01T01:00:00+08:00,5.318,False,True,False
V4_SHADOW,3093616,2026-09-30,西亚U17,叙利亚U17 vs 巴勒斯坦U17,,,,,,1-1,-1,,,D:\codex\v3_legacy\outputs\football_odds_trader\raw\titan007\20261001\20261001_084801_titan007_odds_snapshot.csv,MISSING_V4_SIDE_LINE_WATER_OR_TEAM,895f7b42533786f83031,RUN_20260930_194055,V4,2026-09-30T19:40:55+08:00,2026-09-30T19:40:55+08:00,2026-10-01T01:00:00+08:00,5.318,False,False,False
V4_SHADOW,3094987,2026-09-30,丹麦丁,霍布罗IKB队 vs 利森格,,,,,N,1-1,-1,,,D:\codex\v3_legacy\outputs\football_odds_trader\raw\titan007\20261001\20261001_084801_titan007_odds_snapshot.csv,MISSING_V4_SIDE_LINE_WATER_OR_TEAM,68645a525290accc8b2b,RUN_20260930_194055,V4,2026-09-30T19:40:55+08:00,2026-09-30T19:40:55+08:00,2026-10-01T01:15:00+08:00,5.568,False,True,False
V4_SHADOW,3043694,2026-09-30,德地区西,维登贝鲁克 vs 希根,,,,,,1-3,-1,,,D:\codex\v3_legacy\outputs\football_odds_trader\raw\titan007\20261001\20261001_084801_titan007_odds_snapshot.csv,MISSING_V4_SIDE_LINE_WATER_OR_TEAM,bdac466cb9bbd8a99222,RUN_20260930_194055,V4,2026-09-30T19:40:55+08:00,2026-09-30T19:40:55+08:00,2026-10-01T01:30:00+08:00,5.818,False,False,False
V4_SHADOW,3092414,2026-09-30,海湾运,巴林<font color=#880000>(中)</font> vs 也门,巴林<font color=#880000>(中)</font>,giving,-0.75,0.82,C,2-5,-1,L,-1.0,D:\codex\v3_legacy\outputs\football_odds_trader\raw\titan007\20261001\20261001_084801_titan007_odds_snapshot.csv,SETTLED,b32ddcdf5ee8ef51413c,,V4,2026-09-30T15:11:04+08:00,2026-09-30T15:11:04+08:00,2026-10-01T01:30:00+08:00,10.316,False,True,False
V4_SHADOW,3092415,2026-09-30,海湾运,阿联酋<font color=#880000>(中)</font> vs 卡塔尔,阿联酋<font color=#880000>(中)</font>,giving,-1.0,1.02,C,1-1,-1,L,-1.0,D:\codex\v3_legacy\outputs\football_odds_trader\raw\titan007\20261001\20261001_084801_titan007_odds_snapshot.csv,SETTLED,28deb18b1ffc22064829,,V4,2026-09-30T15:11:04+08:00,2026-09-30T15:11:04+08:00,2026-10-01T01:30:00+08:00,10.316,False,True,False
V4_SHADOW,3094985,2026-09-30,皇后杯,CE欧罗巴女足 vs 比利亚雷亚尔女足,,,,,N,4-0,-1,,,D:\codex\v3_legacy\outputs\football_odds_trader\raw\titan007\20261001\20261001_084801_titan007_odds_snapshot.csv,MISSING_V4_SIDE_LINE_WATER_OR_TEAM,e66abc65a6f7c29bf5e7,RUN_20260930_194055,V4,2026-09-30T19:40:55+08:00,2026-09-30T19:40:55+08:00,2026-10-01T01:30:00+08:00,5.818,False,True,False
V4_SHADOW,3074639,2026-09-30,以乙北,贝特谢安 vs 巴卡加尔巴,,,,,,2-1,-1,,,D:\codex\v3_legacy\outputs\football_odds_trader\raw\titan007\20261001\20261001_084801_titan007_odds_snapshot.csv,MISSING_V4_SIDE_LINE_WATER_OR_TEAM,64c01b7ba908206b1b5b,RUN_20260930_194055,V4,2026-09-30T19:40:55+08:00,2026-09-30T19:40:55+08:00,2026-10-01T01:30:00+08:00,5.818,False,False,False
V4_SHADOW,3095032,2026-09-30,西联杯,施斯达奥 vs 泰拿沙,,,,,C,4-1,-1,,,D:\codex\v3_legacy\outputs\football_odds_trader\raw\titan007\20261001\20261001_084801_titan007_odds_snapshot.csv,MISSING_V4_SIDE_LINE_WATER_OR_TEAM,f0578c11ae884083fb40,RUN_20260930_194055,V4,2026-09-30T19:40:55+08:00,2026-09-30T19:40:55+08:00,2026-10-01T01:30:00+08:00,5.818,False,True,False
V4_SHADOW,3093835,2026-09-30,德戊,维尔B队 vs FC基弗,,,,,,6-0,-1,,,D:\codex\v3_legacy\outputs\football_odds_trader\raw\titan007\20261001\20261001_084801_titan007_odds_snapshot.csv,MISSING_V4_SIDE_LINE_WATER_OR_TEAM,fb1dd280ff6ca539e494,RUN_20260930_194055,V4,2026-09-30T19:40:55+08:00,2026-09-30T19:40:55+08:00,2026-10-01T01:45:00+08:00,6.068,False,False,False
V4_SHADOW,3096691,2026-09-30,球会友谊,瑟扎赫 vs 温特图尔,,,,,,1-4,-1,,,D:\codex\v3_legacy\outputs\football_odds_trader\raw\titan007\20261001\20261001_084801_titan007_odds_snapshot.csv,MISSING_V4_SIDE_LINE_WATER_OR_TEAM,107dc6718aacfb6a61e4,RUN_20260930_194055,V4,2026-09-30T19:40:55+08:00,2026-09-30T19:40:55+08:00,2026-10-01T02:00:00+08:00,6.318,False,False,False
V4_SHADOW,3074952,2026-09-30,以乙南,泽里提拉 vs MS耶路撒冷,,,,,,0-2,-1,,,D:\codex\v3_legacy\outputs\football_odds_trader\raw\titan007\20261001\20261001_084801_titan007_odds_snapshot.csv,MISSING_V4_SIDE_LINE_WATER_OR_TEAM,b7078a4a5a55ca46ca41,RUN_20260930_194055,V4,2026-09-30T19:40:55+08:00,2026-09-30T19:40:55+08:00,2026-10-01T02:00:00+08:00,6.318,False,False,False
V4_SHADOW,3095210,2026-09-30,西联杯,纳华尔卡内罗 vs 穆尔西亚,,,,,N,3-1,-1,,,D:\codex\v3_legacy\outputs\football_odds_trader\raw\titan007\20261001\20261001_084801_titan007_odds_snapshot.csv,MISSING_V4_SIDE_LINE_WATER_OR_TEAM,c0039f38b9fda1e9616f,RUN_20260930_194055,V4,2026-09-30T19:40:55+08:00,2026-09-30T19:40:55+08:00,2026-10-01T02:00:00+08:00,6.318,False,True,False
V4_SHADOW,3058935,2026-09-30,英女杯,伯明翰城女足 vs 利物浦女足,,,,,C,3-4,-1,,,D:\codex\v3_legacy\outputs\football_odds_trader\raw\titan007\20261001\20261001_084801_titan007_odds_snapshot.csv,MISSING_V4_SIDE_LINE_WATER_OR_TEAM,b7daabb827bbbc7b33f0,,V4,2026-09-30T15:11:04+08:00,2026-09-30T15:11:04+08:00,2026-10-01T02:00:00+08:00,10.816,False,True,False
V4_SHADOW,3058936,2026-09-30,英女杯,水晶宫女足 vs 查尔顿竞技女足,,,,,C,3-0,-1,,,D:\codex\v3_legacy\outputs\football_odds_trader\raw\titan007\20261001\20261001_084801_titan007_odds_snapshot.csv,MISSING_V4_SIDE_LINE_WATER_OR_TEAM,dc79c1e85464259fb86a,,V4,2026-09-30T15:11:04+08:00,2026-09-30T15:11:04+08:00,2026-10-01T02:00:00+08:00,10.816,False,True,False
V4_SHADOW,3058937,2026-09-30,英女杯,达勒姆女足 vs 曼联女足,达勒姆女足,receiving,4.5,0.85,B,1-5,-1,W,0.85,D:\codex\v3_legacy\outputs\football_odds_trader\raw\titan007\20261001\20261001_084801_titan007_odds_snapshot.csv,SETTLED,1de04bc97c67e04161de,,V4,2026-09-30T15:11:04+08:00,2026-09-30T15:11:04+08:00,2026-10-01T02:00:00+08:00,10.816,False,True,False
V4_SHADOW,3058938,2026-09-30,英女杯,西汉姆联女足 vs 修咸顿女足,,,,,C,3-1,-1,,,D:\codex\v3_legacy\outputs\football_odds_trader\raw\titan007\20261001\20261001_084801_titan007_odds_snapshot.csv,MISSING_V4_SIDE_LINE_WATER_OR_TEAM,96f602de9509f2c6a2d9,,V4,2026-09-30T15:11:04+08:00,2026-09-30T15:11:04+08:00,2026-10-01T02:00:00+08:00,10.816,False,True,False
V4_SHADOW,3096766,2026-09-30,巴希甲,加芬尼卡青年队 vs 塞尔希培U20,,,,,,1-2,-1,,,D:\codex\v3_legacy\outputs\football_odds_trader\raw\titan007\20261001\20261001_084801_titan007_odds_snapshot.csv,MISSING_V4_SIDE_LINE_WATER_OR_TEAM,e76e9e78cd641040e2af,RUN_20260930_194055,V4,2026-09-30T19:40:55+08:00,2026-09-30T19:40:55+08:00,2026-10-01T02:00:00+08:00,6.318,False,False,False
V4_SHADOW,3066740,2026-09-30,比业余,莫伦贝克 vs 罗什福尔,,,,,N,1-1,-1,,,D:\codex\v3_legacy\outputs\football_odds_trader\raw\titan007\20261001\20261001_084801_titan007_odds_snapshot.csv,MISSING_V4_SIDE_LINE_WATER_OR_TEAM,7d74e4256946c729d8d4,RUN_20260930_194055,V4,2026-09-30T19:40:55+08:00,2026-09-30T19:40:55+08:00,2026-10-01T02:00:00+08:00,6.318,False,True,False
V4_SHADOW,3066742,2026-09-30,比业余,沙勒罗瓦B队 vs 哈巴拉纽威,,,,,N,0-0,-1,,,D:\codex\v3_legacy\outputs\football_odds_trader\raw\titan007\20261001\20261001_084801_titan007_odds_snapshot.csv,MISSING_V4_SIDE_LINE_WATER_OR_TEAM,c8cbcaadbeec7efc3fbd,RUN_20260930_194055,V4,2026-09-30T19:40:55+08:00,2026-09-30T19:40:55+08:00,2026-10-01T02:00:00+08:00,6.318,False,True,False
V4_SHADOW,3066743,2026-09-30,比业余,弗莱尼 vs ROC沙勒罗瓦,,,,,C,3-4,-1,,,D:\codex\v3_legacy\outputs\football_odds_trader\raw\titan007\20261001\20261001_084801_titan007_odds_snapshot.csv,MISSING_V4_SIDE_LINE_WATER_OR_TEAM,5b4782ca9f1d1ec0e8da,RUN_20260930_194055,V4,2026-09-30T19:40:55+08:00,2026-09-30T19:40:55+08:00,2026-10-01T02:00:00+08:00,6.318,False,True,False
V4_SHADOW,3066874,2026-09-30,比业余,侯特维尼恩 vs 曼德尔联合,,,,,N,2-1,-1,,,D:\codex\v3_legacy\outputs\football_odds_trader\raw\titan007\20261001\20261001_084801_titan007_odds_snapshot.csv,MISSING_V4_SIDE_LINE_WATER_OR_TEAM,e6107d3b25b08780cb79,RUN_20260930_194055,V4,2026-09-30T19:40:55+08:00,2026-09-30T19:40:55+08:00,2026-10-01T02:00:00+08:00,6.318,False,True,False
V4_SHADOW,3066875,2026-09-30,比业余,斯博文 vs 海斯特,,,,,N,3-1,-1,,,D:\codex\v3_legacy\outputs\football_odds_trader\raw\titan007\20261001\20261001_084801_titan007_odds_snapshot.csv,MISSING_V4_SIDE_LINE_WATER_OR_TEAM,cfa17bb3d23554fcafce,RUN_20260930_194055,V4,2026-09-30T19:40:55+08:00,2026-09-30T19:40:55+08:00,2026-10-01T02:00:00+08:00,6.318,False,False,False
V4_SHADOW,3066879,2026-09-30,比业余,梅勒尔贝克 vs 迪塞尔,,,,,N,1-1,-1,,,D:\codex\v3_legacy\outputs\football_odds_trader\raw\titan007\20261001\20261001_084801_titan007_odds_snapshot.csv,MISSING_V4_SIDE_LINE_WATER_OR_TEAM,946e66afd4d0c853d3dd,RUN_20260930_194055,V4,2026-09-30T19:40:55+08:00,2026-09-30T19:40:55+08:00,2026-10-01T02:00:00+08:00,6.318,False,True,False
V4_SHADOW,3066880,2026-09-30,比业余,罗斯勒黛赛尔 vs 特汉斯,,,,,N,0-1,-1,,,D:\codex\v3_legacy\outputs\football_odds_trader\raw\titan007\20261001\20261001_084801_titan007_odds_snapshot.csv,MISSING_V4_SIDE_LINE_WATER_OR_TEAM,faa79327a03e9bea7352,RUN_20260930_194055,V4,2026-09-30T19:40:55+08:00,2026-09-30T19:40:55+08:00,2026-10-01T02:00:00+08:00,6.318,False,True,False
V4_SHADOW,3066881,2026-09-30,比业余,泽勒特 vs 皇家克诺克,,,,,N,0-0,-1,,,D:\codex\v3_legacy\outputs\football_odds_trader\raw\titan007\20261001\20261001_084801_titan007_odds_snapshot.csv,MISSING_V4_SIDE_LINE_WATER_OR_TEAM,ea3f65ee2211b7ffdb2d,RUN_20260930_194055,V4,2026-09-30T19:40:55+08:00,2026-09-30T19:40:55+08:00,2026-10-01T02:00:00+08:00,6.318,False,True,False
V4_SHADOW,3095302,2026-09-30,阿女甲,河床女足 vs 小保加女足,,,,,N,1-2,-1,,,D:\codex\v3_legacy\outputs\football_odds_trader\raw\titan007\20261001\20261001_084801_titan007_odds_snapshot.csv,MISSING_V4_SIDE_LINE_WATER_OR_TEAM,b91d904e62fbe97ebc2a,RUN_20260930_194055,V4,2026-09-30T19:40:55+08:00,2026-09-30T19:40:55+08:00,2026-10-01T02:00:00+08:00,6.318,False,False,False
V4_SHADOW,3043997,2026-09-30,瑞士乙,克罗兹林根 vs 布鲁尔,,,,,N,3-0,-1,,,D:\codex\v3_legacy\outputs\football_odds_trader\raw\titan007\20261001\20261001_084801_titan007_odds_snapshot.csv,MISSING_V4_SIDE_LINE_WATER_OR_TEAM,7a6db9270886b23601e9,RUN_20260930_194055,V4,2026-09-30T19:40:55+08:00,2026-09-30T19:40:55+08:00,2026-10-01T02:00:00+08:00,6.318,False,True,False
V4_SHADOW,3094989,2026-09-30,阿后备,门多萨独立后备队 vs 贝尔格拉诺后备队,,,,,N,3-3,-1,,,D:\codex\v3_legacy\outputs\football_odds_trader\raw\titan007\20261001\20261001_084801_titan007_odds_snapshot.csv,MISSING_V4_SIDE_LINE_WATER_OR_TEAM,7687159b0b28215c6b38,RUN_20260930_194055,V4,2026-09-30T19:40:55+08:00,2026-09-30T19:40:55+08:00,2026-10-01T02:00:00+08:00,6.318,False,True,False
V4_SHADOW,3094990,2026-09-30,阿后备,科尔多瓦学院后备队 vs 竞技俱乐部后备队,,,,,N,2-2,-1,,,D:\codex\v3_legacy\outputs\football_odds_trader\raw\titan007\20261001\20261001_084801_titan007_odds_snapshot.csv,MISSING_V4_SIDE_LINE_WATER_OR_TEAM,48448fcec214182e44aa,RUN_20260930_194055,V4,2026-09-30T19:40:55+08:00,2026-09-30T19:40:55+08:00,2026-10-01T02:00:00+08:00,6.318,False,False,False
V4_SHADOW,3094991,2026-09-30,阿后备,普拉腾斯后备队 vs 飓风后备队,,,,,N,1-1,-1,,,D:\codex\v3_legacy\outputs\football_odds_trader\raw\titan007\20261001\20261001_084801_titan007_odds_snapshot.csv,MISSING_V4_SIDE_LINE_WATER_OR_TEAM,4bd76a3f4716edcc1812,RUN_20260930_194055,V4,2026-09-30T19:40:55+08:00,2026-09-30T19:40:55+08:00,2026-10-01T02:00:00+08:00,6.318,False,False,False
V4_SHADOW,3094992,2026-09-30,阿后备,基尔梅斯后备队 vs 里奥夸尔托后备队,,,,,C,1-1,-1,,,D:\codex\v3_legacy\outputs\football_odds_trader\raw\titan007\20261001\20261001_084801_titan007_odds_snapshot.csv,MISSING_V4_SIDE_LINE_WATER_OR_TEAM,1b7b039343f69b724d17,RUN_20260930_194055,V4,2026-09-30T19:40:55+08:00,2026-09-30T19:40:55+08:00,2026-10-01T02:00:00+08:00,6.318,False,True,False
V4_SHADOW,3094993,2026-09-30,阿后备,罗沙里奥中央后备队 vs 圣塔菲联后备队,,,,,C,2-0,-1,,,D:\codex\v3_legacy\outputs\football_odds_trader\raw\titan007\20261001\20261001_084801_titan007_odds_snapshot.csv,MISSING_V4_SIDE_LINE_WATER_OR_TEAM,8738962c972d553f7c42,,V4,2026-09-30T15:11:04+08:00,2026-09-30T15:11:04+08:00,2026-10-01T02:00:00+08:00,10.816,False,True,False
V4_SHADOW,3096762,2026-09-30,乌拉后备,蒙特维多城图尔克后备队 vs 蒙特维多竞技后备队,,,,,N,4-0,-1,,,D:\codex\v3_legacy\outputs\football_odds_trader\raw\titan007\20261001\20261001_084801_titan007_odds_snapshot.csv,MISSING_V4_SIDE_LINE_WATER_OR_TEAM,379fd1b7264d7ebaec2d,RUN_20260930_194055,V4,2026-09-30T19:40:55+08:00,2026-09-30T19:40:55+08:00,2026-10-01T02:00:00+08:00,6.318,False,True,False
V4_SHADOW,3096670,2026-09-30,巴高乙,维达撒法 vs 帕纳比爵士,,,,,,1-1,-1,,,D:\codex\v3_legacy\outputs\football_odds_trader\raw\titan007\20261001\20261001_084801_titan007_odds_snapshot.csv,MISSING_V4_SIDE_LINE_WATER_OR_TEAM,ccc4431319b05a3a5ae4,RUN_20260930_194055,V4,2026-09-30T19:40:55+08:00,2026-09-30T19:40:55+08:00,2026-10-01T02:00:00+08:00,6.318,False,False,False
V4_SHADOW,3096702,2026-09-30,巴高乙,雷亚SC vs 法鲁皮尔哈竞技,,,,,,4-0,-1,,,D:\codex\v3_legacy\outputs\football_odds_trader\raw\titan007\20261001\20261001_084801_titan007_odds_snapshot.csv,MISSING_V4_SIDE_LINE_WATER_OR_TEAM,beb497c888dea7fcffbf,RUN_20260930_194055,V4,2026-09-30T19:40:55+08:00,2026-09-30T19:40:55+08:00,2026-10-01T02:00:00+08:00,6.318,False,False,False
V4_SHADOW,3096757,2026-09-30,巴高乙,新奥里藏特 vs 1992俱乐部,,,,,,0-2,-1,,,D:\codex\v3_legacy\outputs\football_odds_trader\raw\titan007\20261001\20261001_084801_titan007_odds_snapshot.csv,MISSING_V4_SIDE_LINE_WATER_OR_TEAM,5666f5ea6216e433d5be,RUN_20260930_194055,V4,2026-09-30T19:40:55+08:00,2026-09-30T19:40:55+08:00,2026-10-01T02:00:00+08:00,6.318,False,False,False
V4_SHADOW,3065017,2026-09-30,超联杯,米杜士堡U21 vs 尤文图斯U21,,,,,N,1-0,-1,,,D:\codex\v3_legacy\outputs\football_odds_trader\raw\titan007\20261001\20261001_084801_titan007_odds_snapshot.csv,MISSING_V4_SIDE_LINE_WATER_OR_TEAM,da83f96bc5a5e1c60658,RUN_20260930_194055,V4,2026-09-30T19:40:55+08:00,2026-09-30T19:40:55+08:00,2026-10-01T02:00:00+08:00,6.318,False,False,False
V4_SHADOW,3065045,2026-09-30,超联杯,莱切斯特城U21 vs 皇家社会B队,,,,,N,0-4,-1,,,D:\codex\v3_legacy\outputs\football_odds_trader\raw\titan007\20261001\20261001_084801_titan007_odds_snapshot.csv,MISSING_V4_SIDE_LINE_WATER_OR_TEAM,d455f95486472079082a,RUN_20260930_194055,V4,2026-09-30T19:40:55+08:00,2026-09-30T19:40:55+08:00,2026-10-01T02:00:00+08:00,6.318,False,True,False
V4_SHADOW,3065046,2026-09-30,超联杯,诺丁汉森林U21 vs 葡萄牙体育B队,,,,,N,2-4,-1,,,D:\codex\v3_legacy\outputs\football_odds_trader\raw\titan007\20261001\20261001_084801_titan007_odds_snapshot.csv,MISSING_V4_SIDE_LINE_WATER_OR_TEAM,0013acd2c58313f575ee,RUN_20260930_194055,V4,2026-09-30T19:40:55+08:00,2026-09-30T19:40:55+08:00,2026-10-01T02:00:00+08:00,6.318,False,True,False
V4_SHADOW,3096708,2026-09-30,萨尔女联,CD法斯女足 vs AD梅塔帕女足,,,,,,6-0,-1,,,D:\codex\v3_legacy\outputs\football_odds_trader\raw\titan007\20261001\20261001_084801_titan007_odds_snapshot.csv,MISSING_V4_SIDE_LINE_WATER_OR_TEAM,6a73e143b3e334afe495,RUN_20260930_194055,V4,2026-09-30T19:40:55+08:00,2026-09-30T19:40:55+08:00,2026-10-01T02:00:00+08:00,6.318,False,False,False
V4_SHADOW,3096782,2026-09-30,巴青联,诺蒂卡青年队 vs 佩特洛利纳U20,,,,,,1-0,-1,,,D:\codex\v3_legacy\outputs\football_odds_trader\raw\titan007\20261001\20261001_084801_titan007_odds_snapshot.csv,MISSING_V4_SIDE_LINE_WATER_OR_TEAM,b6f5f24432857181b206,RUN_20260930_194055,V4,2026-09-30T19:40:55+08:00,2026-09-30T19:40:55+08:00,2026-10-01T02:00:00+08:00,6.318,False,False,False
V4_SHADOW,3096531,2026-09-30,比地区,胡图瓦兹 vs 斯哈尔贝克伊瓦尔,,,,,,2-2,-1,,,D:\codex\v3_legacy\outputs\football_odds_trader\raw\titan007\20261001\20261001_084801_titan007_odds_snapshot.csv,MISSING_V4_SIDE_LINE_WATER_OR_TEAM,5d3df90d54a3f4919da3,RUN_20260930_194055,V4,2026-09-30T19:40:55+08:00,2026-09-30T19:40:55+08:00,2026-10-01T02:00:00+08:00,6.318,False,False,False
V4_SHADOW,3096580,2026-09-30,比地区,圣图尔登后备队 vs 奈伦,,,,,,1-2,-1,,,D:\codex\v3_legacy\outputs\football_odds_trader\raw\titan007\20261001\20261001_084801_titan007_odds_snapshot.csv,MISSING_V4_SIDE_LINE_WATER_OR_TEAM,6cfe3a8679232f5ccf60,RUN_20260930_194055,V4,2026-09-30T19:40:55+08:00,2026-09-30T19:40:55+08:00,2026-10-01T02:00:00+08:00,6.318,False,False,False
V4_SHADOW,3096581,2026-09-30,比地区,威伦 vs 梅荷伦竞技,,,,,,2-3,-1,,,D:\codex\v3_legacy\outputs\football_odds_trader\raw\titan007\20261001\20261001_084801_titan007_odds_snapshot.csv,MISSING_V4_SIDE_LINE_WATER_OR_TEAM,5d37680f85105e64b683,RUN_20260930_194055,V4,2026-09-30T19:40:55+08:00,2026-09-30T19:40:55+08:00,2026-10-01T02:00:00+08:00,6.318,False,False,False
V4_SHADOW,3096767,2026-09-30,里约甲,奥拉里亚U20 vs 阿拉鲁U20,,,,,,3-0,-1,,,D:\codex\v3_legacy\outputs\football_odds_trader\raw\titan007\20261001\20261001_084801_titan007_odds_snapshot.csv,MISSING_V4_SIDE_LINE_WATER_OR_TEAM,98e09e2065961c237783,RUN_20260930_194055,V4,2026-09-30T19:40:55+08:00,2026-09-30T19:40:55+08:00,2026-10-01T02:00:00+08:00,6.318,False,False,False
V4_SHADOW,3096768,2026-09-30,里约甲,奥达克斯青年队 vs 雷森德青年队,,,,,,0-3,-1,,,D:\codex\v3_legacy\outputs\football_odds_trader\raw\titan007\20261001\20261001_084801_titan007_odds_snapshot.csv,MISSING_V4_SIDE_LINE_WATER_OR_TEAM,10459b903a11226ff248,RUN_20260930_194055,V4,2026-09-30T19:40:55+08:00,2026-09-30T19:40:55+08:00,2026-10-01T02:00:00+08:00,6.318,False,False,False
V4_SHADOW,3096769,2026-09-30,里约甲,邦苏塞索青年队 vs 圣贡萨洛U20,,,,,,2-0,-1,,,D:\codex\v3_legacy\outputs\football_odds_trader\raw\titan007\20261001\20261001_084801_titan007_odds_snapshot.csv,MISSING_V4_SIDE_LINE_WATER_OR_TEAM,64f27f1475a809b56dec,RUN_20260930_194055,V4,2026-09-30T19:40:55+08:00,2026-09-30T19:40:55+08:00,2026-10-01T02:00:00+08:00,6.318,False,False,False
V4_SHADOW,3096770,2026-09-30,里约甲,施兰奴RJ U20 vs 佩罗拉斯尼加斯U20,,,,,,4-2,-1,,,D:\codex\v3_legacy\outputs\football_odds_trader\raw\titan007\20261001\20261001_084801_titan007_odds_snapshot.csv,MISSING_V4_SIDE_LINE_WATER_OR_TEAM,f4e317080fa88b2b30d4,RUN_20260930_194055,V4,2026-09-30T19:40:55+08:00,2026-09-30T19:40:55+08:00,2026-10-01T02:00:00+08:00,6.318,False,False,False
V4_SHADOW,3096654,2026-09-30,巴拉丙,十月十二圣多明各 vs 奥林比亚伊达,,,,,,,-14,,,D:\codex\v3_legacy\outputs\football_odds_trader\raw\titan007\20261001\20261001_084801_titan007_odds_snapshot.csv,NOT_FINAL_STATE_-14,d65d76428cb00fdbf8c5,RUN_20260930_194055,V4,2026-09-30T19:40:55+08:00,2026-09-30T19:40:55+08:00,2026-10-01T02:00:00+08:00,6.318,False,False,False
V4_SHADOW,3096655,2026-09-30,巴拉丙,克里斯托巴尔科隆JAS vs 巴拉圭河床,巴拉圭河床,giving,-1.0,0.87,B,0-3,-1,W,0.87,D:\codex\v3_legacy\outputs\football_odds_trader\raw\titan007\20261001\20261001_084801_titan007_odds_snapshot.csv,SETTLED,a847358d6334992eab6e,,V4,2026-09-30T15:11:04+08:00,2026-09-30T15:11:04+08:00,2026-10-01T02:00:00+08:00,10.816,False,True,False
V4_SHADOW,3096658,2026-09-30,巴拉丙,克莱西亚莱斯竞技 vs 马丁莱德斯马,,,,,N,2-1,-1,,,D:\codex\v3_legacy\outputs\football_odds_trader\raw\titan007\20261001\20261001_084801_titan007_odds_snapshot.csv,MISSING_V4_SIDE_LINE_WATER_OR_TEAM,f3c6c46eda99d5e06798,RUN_20260930_194055,V4,2026-09-30T19:40:55+08:00,2026-09-30T19:40:55+08:00,2026-10-01T02:00:00+08:00,6.318,False,True,False
V4_SHADOW,3096660,2026-09-30,巴拉丙,费布雷诺 vs 林皮奥人体育,,,,,C,2-2,-1,,,D:\codex\v3_legacy\outputs\football_odds_trader\raw\titan007\20261001\20261001_084801_titan007_odds_snapshot.csv,MISSING_V4_SIDE_LINE_WATER_OR_TEAM,443f84fdc6a642d960c5,,V4,2026-09-30T15:11:04+08:00,2026-09-30T15:11:04+08:00,2026-10-01T02:00:00+08:00,10.816,False,True,False
V4_SHADOW,3096772,2026-09-30,巴阿拉杯,CSE U20 vs 阿塔莱亚U20,,,,,,4-1,-1,,,D:\codex\v3_legacy\outputs\football_odds_trader\raw\titan007\20261001\20261001_084801_titan007_odds_snapshot.csv,MISSING_V4_SIDE_LINE_WATER_OR_TEAM,d941555ad742f28ad786,RUN_20260930_194055,V4,2026-09-30T19:40:55+08:00,2026-09-30T19:40:55+08:00,2026-10-01T02:00:00+08:00,6.318,False,False,False
V4_SHADOW,3096773,2026-09-30,巴阿拉杯,庞特普雷塔U20 vs 特奥托尼奥体育U20,,,,,,2-2,-1,,,D:\codex\v3_legacy\outputs\football_odds_trader\raw\titan007\20261001\20261001_084801_titan007_odds_snapshot.csv,MISSING_V4_SIDE_LINE_WATER_OR_TEAM,977efdfbd06d7c779881,RUN_20260930_194055,V4,2026-09-30T19:40:55+08:00,2026-09-30T19:40:55+08:00,2026-10-01T02:00:00+08:00,6.318,False,False,False
V4_SHADOW,3086481,2026-09-30,女欧罗巴杯,格拉斯哥流浪女足 vs 哈马比女足,,,,,C,0-3,-1,,,D:\codex\v3_legacy\outputs\football_odds_trader\raw\titan007\20261001\20261001_084801_titan007_odds_snapshot.csv,MISSING_V4_SIDE_LINE_WATER_OR_TEAM,0881250f5876ca2884ea,RUN_20260930_194055,V4,2026-09-30T19:40:55+08:00,2026-09-30T19:40:55+08:00,2026-10-01T02:00:00+08:00,6.318,False,True,False
V4_SHADOW,3096758,2026-09-30,巴拉女杯,艾美利亚诺女足 vs 鲁毕奥女足,,,,,,4-2,-1,,,D:\codex\v3_legacy\outputs\football_odds_trader\raw\titan007\20261001\20261001_084801_titan007_odds_snapshot.csv,MISSING_V4_SIDE_LINE_WATER_OR_TEAM,ec0e1c316e23a612f074,RUN_20260930_194055,V4,2026-09-30T19:40:55+08:00,2026-09-30T19:40:55+08:00,2026-10-01T02:00:00+08:00,6.318,False,False,False
V4_SHADOW,3096774,2026-09-30,巴帕杯,巴拉纳青年队 vs 希望国际U20,,,,,,5-0,-1,,,D:\codex\v3_legacy\outputs\football_odds_trader\raw\titan007\20261001\20261001_084801_titan007_odds_snapshot.csv,MISSING_V4_SIDE_LINE_WATER_OR_TEAM,ed2aff285718bf49b057,RUN_20260930_194055,V4,2026-09-30T19:40:55+08:00,2026-09-30T19:40:55+08:00,2026-10-01T02:00:00+08:00,6.318,False,False,False
V4_SHADOW,3096677,2026-09-30,巴米女联,伊塔比里托女足 vs 亚美利加女足,,,,,,3-2,-1,,,D:\codex\v3_legacy\outputs\football_odds_trader\raw\titan007\20261001\20261001_084801_titan007_odds_snapshot.csv,MISSING_V4_SIDE_LINE_WATER_OR_TEAM,ae06bd0addbc6124b252,RUN_20260930_194055,V4,2026-09-30T19:40:55+08:00,2026-09-30T19:40:55+08:00,2026-10-01T02:00:00+08:00,6.318,False,False,False
V4_SHADOW,3054048,2026-09-30,瑞士丙2,沃伦 vs 史克奇,,,,,N,1-5,-1,,,D:\codex\v3_legacy\outputs\football_odds_trader\raw\titan007\20261001\20261001_084801_titan007_odds_snapshot.csv,MISSING_V4_SIDE_LINE_WATER_OR_TEAM,710b4ee44ab209d5f614,RUN_20260930_194055,V4,2026-09-30T19:40:55+08:00,2026-09-30T19:40:55+08:00,2026-10-01T02:15:00+08:00,6.568,False,False,False
V4_SHADOW,2781257,2026-09-30,欧青U21外,苏格兰U21 vs 阿塞拜疆U21,苏格兰U21,giving,-2.25,1.02,C,5-2,-1,W,1.02,D:\codex\v3_legacy\outputs\football_odds_trader\raw\titan007\20261001\20261001_084801_titan007_odds_snapshot.csv,SETTLED,401c1240af057ec74427,,V4,2026-09-30T15:11:04+08:00,2026-09-30T15:11:04+08:00,2026-10-01T02:30:00+08:00,11.316,False,True,False
V4_SHADOW,3095030,2026-09-30,西联杯,维尔瓦 vs 科尼尔CF,,,,,,2-1,-1,,,D:\codex\v3_legacy\outputs\football_odds_trader\raw\titan007\20261001\20261001_084801_titan007_odds_snapshot.csv,MISSING_V4_SIDE_LINE_WATER_OR_TEAM,e1854396537c7db68a66,RUN_20260930_194055,V4,2026-09-30T19:40:55+08:00,2026-09-30T19:40:55+08:00,2026-10-01T02:30:00+08:00,6.818,False,False,False
V4_SHADOW,3058939,2026-09-30,英女杯,阿斯顿维拉女足 vs 纽卡斯尔联女足,,,,,N,3-1,-1,,,D:\codex\v3_legacy\outputs\football_odds_trader\raw\titan007\20261001\20261001_084801_titan007_odds_snapshot.csv,MISSING_V4_SIDE_LINE_WATER_OR_TEAM,f3014cc0093154b84bdd,RUN_20260930_194055,V4,2026-09-30T19:40:55+08:00,2026-09-30T19:40:55+08:00,2026-10-01T02:30:00+08:00,6.818,False,True,False
V4_SHADOW,3058940,2026-09-30,英女杯,叶士域治女足 vs 伦敦城雌狮女足,叶士域治女足,receiving,3.0,0.95,B,0-1,-1,W,0.95,D:\codex\v3_legacy\outputs\football_odds_trader\raw\titan007\20261001\20261001_084801_titan007_odds_snapshot.csv,SETTLED,7ec4551f96615317804f,,V4,2026-09-30T15:11:04+08:00,2026-09-30T15:11:04+08:00,2026-10-01T02:30:00+08:00,11.316,False,True,False
V4_SHADOW,3066877,2026-09-30,比业余,哈里本克 vs 霍格斯特拉腾,,,,,N,3-3,-1,,,D:\codex\v3_legacy\outputs\football_odds_trader\raw\titan007\20261001\20261001_084801_titan007_odds_snapshot.csv,MISSING_V4_SIDE_LINE_WATER_OR_TEAM,3ac971affd991a38b7b4,RUN_20260930_194055,V4,2026-09-30T19:40:55+08:00,2026-09-30T19:40:55+08:00,2026-10-01T02:30:00+08:00,6.818,False,False,False
V4_SHADOW,3096760,2026-09-30,萨尔后备,亚古雷后备队 vs 国际FA后备队,,,,,,3-0,-1,,,D:\codex\v3_legacy\outputs\football_odds_trader\raw\titan007\20261001\20261001_084801_titan007_odds_snapshot.csv,MISSING_V4_SIDE_LINE_WATER_OR_TEAM,17aa2f2c27f0062a3ade,RUN_20260930_194055,V4,2026-09-30T19:40:55+08:00,2026-09-30T19:40:55+08:00,2026-10-01T02:30:00+08:00,6.818,False,False,False
V4_SHADOW,3096780,2026-09-30,乌拉业余杯,CA利托 vs 杜拉兹诺中心,,,,,,2-0,-1,,,D:\codex\v3_legacy\outputs\football_odds_trader\raw\titan007\20261001\20261001_084801_titan007_odds_snapshot.csv,MISSING_V4_SIDE_LINE_WATER_OR_TEAM,766fc45f6510c529c6ce,RUN_20260930_194055,V4,2026-09-30T19:40:55+08:00,2026-09-30T19:40:55+08:00,2026-10-01T02:30:00+08:00,6.818,False,False,False
V4_SHADOW,3096507,2026-09-30,国际友谊,西班牙U20 vs 墨西哥U20,,,,,,2-0,-1,,,D:\codex\v3_legacy\outputs\football_odds_trader\raw\titan007\20261001\20261001_084801_titan007_odds_snapshot.csv,MISSING_V4_SIDE_LINE_WATER_OR_TEAM,be18bab4e65c9e01242c,RUN_20260930_194055,V4,2026-09-30T19:40:55+08:00,2026-09-30T19:40:55+08:00,2026-10-01T02:30:00+08:00,6.818,False,False,False
V4_SHADOW,3027801,2026-09-30,英议联,伊斯特雷格 vs 南安联,,,,,N,1-1,-1,,,D:\codex\v3_legacy\outputs\football_odds_trader\raw\titan007\20261001\20261001_084801_titan007_odds_snapshot.csv,MISSING_V4_SIDE_LINE_WATER_OR_TEAM,88de99b3d8e537d0da2a,RUN_20260930_194055,V4,2026-09-30T19:40:55+08:00,2026-09-30T19:40:55+08:00,2026-10-01T02:45:00+08:00,7.068,False,True,False
V4_SHADOW,3027802,2026-09-30,英议联,谭禾夫 vs 瑟顿联,,,,,N,2-0,-1,,,D:\codex\v3_legacy\outputs\football_odds_trader\raw\titan007\20261001\20261001_084801_titan007_odds_snapshot.csv,MISSING_V4_SIDE_LINE_WATER_OR_TEAM,d25b9c567f416b702a09,RUN_20260930_194055,V4,2026-09-30T19:40:55+08:00,2026-09-30T19:40:55+08:00,2026-10-01T02:45:00+08:00,7.068,False,True,False
V4_SHADOW,3037414,2026-09-30,英依超,维特利弗 vs 布伦特伍德,,,,,N,1-2,-1,,,D:\codex\v3_legacy\outputs\football_odds_trader\raw\titan007\20261001\20261001_084801_titan007_odds_snapshot.csv,MISSING_V4_SIDE_LINE_WATER_OR_TEAM,82c4673e45eccaa6b593,RUN_20260930_194055,V4,2026-09-30T19:40:55+08:00,2026-09-30T19:40:55+08:00,2026-10-01T02:45:00+08:00,7.068,False,True,False
V4_SHADOW,3053097,2026-09-30,英南超,弗罗姆镇 vs 汤顿,,,,,N,2-2,-1,,,D:\codex\v3_legacy\outputs\football_odds_trader\raw\titan007\20261001\20261001_084801_titan007_odds_snapshot.csv,MISSING_V4_SIDE_LINE_WATER_OR_TEAM,deef2b49058dc79ec100,RUN_20260930_194055,V4,2026-09-30T19:40:55+08:00,2026-09-30T19:40:55+08:00,2026-10-01T02:45:00+08:00,7.068,False,True,False
V4_SHADOW,3053098,2026-09-30,英南超,戈斯波特 vs 布拉克内尔城,,,,,N,1-1,-1,,,D:\codex\v3_legacy\outputs\football_odds_trader\raw\titan007\20261001\20261001_084801_titan007_odds_snapshot.csv,MISSING_V4_SIDE_LINE_WATER_OR_TEAM,2b50a31ab45fea482ab9,RUN_20260930_194055,V4,2026-09-30T19:40:55+08:00,2026-09-30T19:40:55+08:00,2026-10-01T02:45:00+08:00,7.068,False,True,False
V4_SHADOW,3096771,2026-09-30,英依联甲,格雷斯竞技 vs 泰克利,,,,,N,1-2,-1,,,D:\codex\v3_legacy\outputs\football_odds_trader\raw\titan007\20261001\20261001_084801_titan007_odds_snapshot.csv,MISSING_V4_SIDE_LINE_WATER_OR_TEAM,810922a719c4f42e2c8a,RUN_20260930_194055,V4,2026-09-30T19:40:55+08:00,2026-09-30T19:40:55+08:00,2026-10-01T02:45:00+08:00,7.068,False,True,False
V4_SHADOW,3088434,2026-09-30,西室内足,FC巴塞罗那室内足球队 vs 帕鲁罗室内足球队,,,,,,6-1,-1,,,D:\codex\v3_legacy\outputs\football_odds_trader\raw\titan007\20261001\20261001_084801_titan007_odds_snapshot.csv,MISSING_V4_SIDE_LINE_WATER_OR_TEAM,e53e4d1fd604bbc73e05,RUN_20260930_194055,V4,2026-09-30T19:40:55+08:00,2026-09-30T19:40:55+08:00,2026-10-01T02:45:00+08:00,7.068,False,False,False
V4_SHADOW,3058941,2026-09-30,英女杯,布莱顿女足 vs 托特纳姆热刺女足,,,,,N,0-1,-1,,,D:\codex\v3_legacy\outputs\football_odds_trader\raw\titan007\20261001\20261001_084801_titan007_odds_snapshot.csv,MISSING_V4_SIDE_LINE_WATER_OR_TEAM,b845b044e4f7d68e3005,RUN_20260930_194055,V4,2026-09-30T19:40:55+08:00,2026-09-30T19:40:55+08:00,2026-10-01T02:45:00+08:00,7.068,False,False,False
V4_SHADOW,3096721,2026-09-30,英南甲,艾尔斯贝利 vs 沃尔萨姆阿比,,,,,N,2-3,-1,,,D:\codex\v3_legacy\outputs\football_odds_trader\raw\titan007\20261001\20261001_084801_titan007_odds_snapshot.csv,MISSING_V4_SIDE_LINE_WATER_OR_TEAM,be88023547b35ab34143,RUN_20260930_194055,V4,2026-09-30T19:40:55+08:00,2026-09-30T19:40:55+08:00,2026-10-01T02:45:00+08:00,7.068,False,True,False
V4_SHADOW,3096722,2026-09-30,英南甲,埃克斯茅斯镇 vs 域茅夫,,,,,C,2-5,-1,,,D:\codex\v3_legacy\outputs\football_odds_trader\raw\titan007\20261001\20261001_084801_titan007_odds_snapshot.csv,MISSING_V4_SIDE_LINE_WATER_OR_TEAM,adeb49057c9d3faef55c,RUN_20260930_194055,V4,2026-09-30T19:40:55+08:00,2026-09-30T19:40:55+08:00,2026-10-01T02:45:00+08:00,7.068,False,True,False
V4_SHADOW,3096724,2026-09-30,英南甲,史利布利德格 vs 拉克霍尔,,,,,N,0-1,-1,,,D:\codex\v3_legacy\outputs\football_odds_trader\raw\titan007\20261001\20261001_084801_titan007_odds_snapshot.csv,MISSING_V4_SIDE_LINE_WATER_OR_TEAM,c94a70eb1c770ba15baf,RUN_20260930_194055,V4,2026-09-30T19:40:55+08:00,2026-09-30T19:40:55+08:00,2026-10-01T02:45:00+08:00,7.068,False,False,False
V4_SHADOW,3096719,2026-09-30,英北甲,拉格比 vs 伯恩镇,,,,,N,1-2,-1,,,D:\codex\v3_legacy\outputs\football_odds_trader\raw\titan007\20261001\20261001_084801_titan007_odds_snapshot.csv,MISSING_V4_SIDE_LINE_WATER_OR_TEAM,46454cd9ec36783c4bc8,RUN_20260930_194055,V4,2026-09-30T19:40:55+08:00,2026-09-30T19:40:55+08:00,2026-10-01T02:45:00+08:00,7.068,False,True,False
V4_SHADOW,3096720,2026-09-30,英北甲,格里姆斯 vs 哈拉姆,,,,,N,3-0,-1,,,D:\codex\v3_legacy\outputs\football_odds_trader\raw\titan007\20261001\20261001_084801_titan007_odds_snapshot.csv,MISSING_V4_SIDE_LINE_WATER_OR_TEAM,39f9e39da99eaefc4124,RUN_20260930_194055,V4,2026-09-30T19:40:55+08:00,2026-09-30T19:40:55+08:00,2026-10-01T02:45:00+08:00,7.068,False,True,False
V4_SHADOW,3096723,2026-09-30,英北甲,柯尔比 vs 卡尔顿镇,,,,,N,0-0,-1,,,D:\codex\v3_legacy\outputs\football_odds_trader\raw\titan007\20261001\20261001_084801_titan007_odds_snapshot.csv,MISSING_V4_SIDE_LINE_WATER_OR_TEAM,5d6a88b7f82da65a3bfb,RUN_20260930_194055,V4,2026-09-30T19:40:55+08:00,2026-09-30T19:40:55+08:00,2026-10-01T02:45:00+08:00,7.068,False,True,False
V4_SHADOW,3086471,2026-09-30,女欧罗巴杯,葡萄牙体育女足 vs 邦比女足,,,,,N,2-2,-1,,,D:\codex\v3_legacy\outputs\football_odds_trader\raw\titan007\20261001\20261001_084801_titan007_odds_snapshot.csv,MISSING_V4_SIDE_LINE_WATER_OR_TEAM,8eea6ecb44d6ebf3e6c8,RUN_20260930_194055,V4,2026-09-30T19:40:55+08:00,2026-09-30T19:40:55+08:00,2026-10-01T02:45:00+08:00,7.068,False,True,False
V4_SHADOW,2781255,2026-09-30,欧青U21外,葡萄牙U21 vs 直布罗陀U21,,,,,,4-0,-1,,,D:\codex\v3_legacy\outputs\football_odds_trader\raw\titan007\20261001\20261001_084801_titan007_odds_snapshot.csv,MISSING_V4_SIDE_LINE_WATER_OR_TEAM,af3ebe64ba9816dea56c,RUN_20260930_194055,V4,2026-09-30T19:40:55+08:00,2026-09-30T19:40:55+08:00,2026-10-01T03:00:00+08:00,7.318,False,False,False
V4_SHADOW,3092360,2026-09-30,欧女杯,里昂女足 vs 切尔西女足,,,,,N,0-0,-1,,,D:\codex\v3_legacy\outputs\football_odds_trader\raw\titan007\20261001\20261001_084801_titan007_odds_snapshot.csv,MISSING_V4_SIDE_LINE_WATER_OR_TEAM,1c93002f1073cd3893f2,RUN_20260930_194055,V4,2026-09-30T19:40:55+08:00,2026-09-30T19:40:55+08:00,2026-10-01T03:00:00+08:00,7.318,False,True,False
V4_SHADOW,3092361,2026-09-30,欧女杯,本菲卡女足 vs 拜仁慕尼黑女足,,,,,C,0-3,-1,,,D:\codex\v3_legacy\outputs\football_odds_trader\raw\titan007\20261001\20261001_084801_titan007_odds_snapshot.csv,MISSING_V4_SIDE_LINE_WATER_OR_TEAM,9b27cc41e523cf2018c8,,V4,2026-09-30T15:11:04+08:00,2026-09-30T15:11:04+08:00,2026-10-01T03:00:00+08:00,11.816,False,True,False
V4_SHADOW,3094986,2026-09-30,皇后杯,桑佩尔女足 vs 赫塔菲女足,,,,,N,1-0,-1,,,D:\codex\v3_legacy\outputs\football_odds_trader\raw\titan007\20261001\20261001_084801_titan007_odds_snapshot.csv,MISSING_V4_SIDE_LINE_WATER_OR_TEAM,64c5503dd2e07d4414ad,RUN_20260930_194055,V4,2026-09-30T19:40:55+08:00,2026-09-30T19:40:55+08:00,2026-10-01T03:00:00+08:00,7.318,False,True,False
V4_SHADOW,3096663,2026-09-30,危地乙,科特匹克 vs 奎赫FC,,,,,C,1-0,-1,,,D:\codex\v3_legacy\outputs\football_odds_trader\raw\titan007\20261001\20261001_084801_titan007_odds_snapshot.csv,MISSING_V4_SIDE_LINE_WATER_OR_TEAM,8383de47a7185f38caf0,RUN_20260930_194055,V4,2026-09-30T19:40:55+08:00,2026-09-30T19:40:55+08:00,2026-10-01T03:00:00+08:00,7.318,False,True,False
V4_SHADOW,3096725,2026-09-30,北爱后备,克鲁萨德后备队 vs 邓甘嫩后备队,,,,,,3-3,-1,,,D:\codex\v3_legacy\outputs\football_odds_trader\raw\titan007\20261001\20261001_084801_titan007_odds_snapshot.csv,MISSING_V4_SIDE_LINE_WATER_OR_TEAM,e3647ae01b8e3dfb3f00,RUN_20260930_194055,V4,2026-09-30T19:40:55+08:00,2026-09-30T19:40:55+08:00,2026-10-01T03:00:00+08:00,7.318,False,False,False
V4_SHADOW,3096726,2026-09-30,北爱后备,林菲尔德后备队 vs 克里夫顿维尔后备队,,,,,,1-0,-1,,,D:\codex\v3_legacy\outputs\football_odds_trader\raw\titan007\20261001\20261001_084801_titan007_odds_snapshot.csv,MISSING_V4_SIDE_LINE_WATER_OR_TEAM,39c55562498bd910d178,RUN_20260930_194055,V4,2026-09-30T19:40:55+08:00,2026-09-30T19:40:55+08:00,2026-10-01T03:00:00+08:00,7.318,False,False,False
V4_SHADOW,3061665,2026-09-30,玻利杯,奥鲁罗 vs 阿拉维预备,,,,,,2-2,-1,,,D:\codex\v3_legacy\outputs\football_odds_trader\raw\titan007\20261001\20261001_084801_titan007_odds_snapshot.csv,MISSING_V4_SIDE_LINE_WATER_OR_TEAM,cf3b4bffe44509235957,RUN_20260930_194055,V4,2026-09-30T19:40:55+08:00,2026-09-30T19:40:55+08:00,2026-10-01T03:00:00+08:00,7.318,False,False,False
V4_SHADOW,3071640,2026-09-30,乌拉杯,防卫者体育 vs 佩莱扎,,,,,,0-1,-1,,,D:\codex\v3_legacy\outputs\football_odds_trader\raw\titan007\20261001\20261001_084801_titan007_odds_snapshot.csv,MISSING_V4_SIDE_LINE_WATER_OR_TEAM,eb0a6ca902a1f818c9d7,RUN_20260930_194055,V4,2026-09-30T19:40:55+08:00,2026-09-30T19:40:55+08:00,2026-10-01T03:00:00+08:00,7.318,False,False,False
V4_SHADOW,3071641,2026-09-30,乌拉杯,塞罗拉尔戈 vs 雷提斯塔,,,,,,1-0,-1,,,D:\codex\v3_legacy\outputs\football_odds_trader\raw\titan007\20261001\20261001_084801_titan007_odds_snapshot.csv,MISSING_V4_SIDE_LINE_WATER_OR_TEAM,df8460aabc9cb2ab89b3,RUN_20260930_194055,V4,2026-09-30T19:40:55+08:00,2026-09-30T19:40:55+08:00,2026-10-01T03:00:00+08:00,7.318,False,False,False
V4_SHADOW,3086476,2026-09-30,女欧罗巴杯,杜连斯女足 vs 梅塔利斯特1925女足,杜连斯女足,giving,-1.75,1.09,C,4-1,-1,W,1.09,D:\codex\v3_legacy\outputs\football_odds_trader\raw\titan007\20261001\20261001_084801_titan007_odds_snapshot.csv,SETTLED,9f4aef9b3974c29eee28,RUN_20260930_194055,V4,2026-09-30T19:40:55+08:00,2026-09-30T19:40:55+08:00,2026-10-01T03:00:00+08:00,7.318,False,True,False
V4_SHADOW,3096676,2026-09-30,墨希杯,阿特萨诺斯梅特佩克 vs 奥里沙斯特佩吉,,,,,,,-14,,,D:\codex\v3_legacy\outputs\football_odds_trader\raw\titan007\20261001\20261001_084801_titan007_odds_snapshot.csv,NOT_FINAL_STATE_-14,53aa8a2f5c1caea9765a,RUN_20260930_194055,V4,2026-09-30T19:40:55+08:00,2026-09-30T19:40:55+08:00,2026-10-01T03:00:00+08:00,7.318,False,False,False
V4_SHADOW,3095026,2026-09-30,委内乙,巴利纳斯竞技 vs 巴基西梅托,,,,,,1-2,-1,,,D:\codex\v3_legacy\outputs\football_odds_trader\raw\titan007\20261001\20261001_084801_titan007_odds_snapshot.csv,MISSING_V4_SIDE_LINE_WATER_OR_TEAM,d3a072cb0bd84439fcfc,RUN_20260930_194055,V4,2026-09-30T19:40:55+08:00,2026-09-30T19:40:55+08:00,2026-10-01T03:30:00+08:00,7.818,False,False,False
V4_SHADOW,3095027,2026-09-30,委内乙,艾尔维吉亚 vs FC萨莫拿B队,,,,,N,4-3,-1,,,D:\codex\v3_legacy\outputs\football_odds_trader\raw\titan007\20261001\20261001_084801_titan007_odds_snapshot.csv,MISSING_V4_SIDE_LINE_WATER_OR_TEAM,7891ca17c7a7a8a5e4e1,RUN_20260930_194055,V4,2026-09-30T19:40:55+08:00,2026-09-30T19:40:55+08:00,2026-10-01T03:30:00+08:00,7.818,False,True,False
V4_SHADOW,3095028,2026-09-30,委内乙,亚拉库雅诺斯 vs 卡贝略港学院B队,,,,,,3-0,-1,,,D:\codex\v3_legacy\outputs\football_odds_trader\raw\titan007\20261001\20261001_084801_titan007_odds_snapshot.csv,MISSING_V4_SIDE_LINE_WATER_OR_TEAM,d2b6c1507fa85301c84e,RUN_20260930_194055,V4,2026-09-30T19:40:55+08:00,2026-09-30T19:40:55+08:00,2026-10-01T04:00:00+08:00,8.318,False,False,False
V4_SHADOW,3096715,2026-09-30,多米联,萨尔塞多 vs 东部海豚,,,,,,1-0,-1,,,D:\codex\v3_legacy\outputs\football_odds_trader\raw\titan007\20261001\20261001_084801_titan007_odds_snapshot.csv,MISSING_V4_SIDE_LINE_WATER_OR_TEAM,6750c84e510f4b0582eb,RUN_20260930_194055,V4,2026-09-30T19:40:55+08:00,2026-09-30T19:40:55+08:00,2026-10-01T04:00:00+08:00,8.318,False,False,False
V4_SHADOW,3091341,2026-09-30,巴拉杯,独立FBC vs 巴拉圭国民,,,,,C,2-2,-1,,,D:\codex\v3_legacy\outputs\football_odds_trader\raw\titan007\20261001\20261001_084801_titan007_odds_snapshot.csv,MISSING_V4_SIDE_LINE_WATER_OR_TEAM,0dcc7065597a7284e038,,V4,2026-09-30T15:11:04+08:00,2026-09-30T15:11:04+08:00,2026-10-01T04:00:00+08:00,12.816,False,True,False
V4_SHADOW,3096662,2026-09-30,玻利联U19,石油独立U19 vs 皇家托马亚波U19,,,,,,2-2,-1,,,D:\codex\v3_legacy\outputs\football_odds_trader\raw\titan007\20261001\20261001_084801_titan007_odds_snapshot.csv,MISSING_V4_SIDE_LINE_WATER_OR_TEAM,1e9ad3261e5f3d48f285,RUN_20260930_194055,V4,2026-09-30T19:40:55+08:00,2026-09-30T19:40:55+08:00,2026-10-01T04:00:00+08:00,8.318,False,False,False
V4_SHADOW,3096664,2026-09-30,危地乙,AFF危地马拉 vs 弗拉贾内斯,,,,,N,1-2,-1,,,D:\codex\v3_legacy\outputs\football_odds_trader\raw\titan007\20261001\20261001_084801_titan007_odds_snapshot.csv,MISSING_V4_SIDE_LINE_WATER_OR_TEAM,b21a707da66b4f7b1b59,RUN_20260930_194055,V4,2026-09-30T19:40:55+08:00,2026-09-30T19:40:55+08:00,2026-10-01T05:00:00+08:00,9.318,False,True,False
V4_SHADOW,3095433,2026-09-30,智利女甲,艾斯潘诺拉女足 vs 天主教大学女足,,,,,C,0-1,-1,,,D:\codex\v3_legacy\outputs\football_odds_trader\raw\titan007\20261001\20261001_084801_titan007_odds_snapshot.csv,MISSING_V4_SIDE_LINE_WATER_OR_TEAM,4a0a134d00683a31bc1f,RUN_20260930_194055,V4,2026-09-30T19:40:55+08:00,2026-09-30T19:40:55+08:00,2026-10-01T05:00:00+08:00,9.318,False,True,False
V4_SHADOW,3096759,2026-09-30,萨尔后备,印加阿鲁巴后备队 vs 利梅诺后备队,,,,,,3-1,-1,,,D:\codex\v3_legacy\outputs\football_odds_trader\raw\titan007\20261001\20261001_084801_titan007_odds_snapshot.csv,MISSING_V4_SIDE_LINE_WATER_OR_TEAM,f05313691fe812a536e6,RUN_20260930_194055,V4,2026-09-30T19:40:55+08:00,2026-09-30T19:40:55+08:00,2026-10-01T05:30:00+08:00,9.818,False,False,False
V4_SHADOW,3096682,2026-09-30,危地乙,阿马蒂特兰 vs 圣露西亚FC,,,,,N,2-0,-1,,,D:\codex\v3_legacy\outputs\football_odds_trader\raw\titan007\20261001\20261001_084801_titan007_odds_snapshot.csv,MISSING_V4_SIDE_LINE_WATER_OR_TEAM,0ebb25023244b90e38ca,RUN_20260930_194055,V4,2026-09-30T19:40:55+08:00,2026-09-30T19:40:55+08:00,2026-10-01T05:30:00+08:00,9.818,False,False,False
V4_SHADOW,3096671,2026-09-30,墨西丙,皮耶达德 vs 韦朱特拉体育,,,,,,2-1,-1,,,D:\codex\v3_legacy\outputs\football_odds_trader\raw\titan007\20261001\20261001_084801_titan007_odds_snapshot.csv,MISSING_V4_SIDE_LINE_WATER_OR_TEAM,9da5b74d3f1d92104b3d,RUN_20260930_194055,V4,2026-09-30T19:40:55+08:00,2026-09-30T19:40:55+08:00,2026-10-01T06:00:00+08:00,10.318,False,False,False
V4_SHADOW,3094988,2026-09-30,阿后备,科尔多瓦中央SDE后备队 vs 纽维尔后备队,,,,,N,1-1,-1,,,D:\codex\v3_legacy\outputs\football_odds_trader\raw\titan007\20261001\20261001_084801_titan007_odds_snapshot.csv,MISSING_V4_SIDE_LINE_WATER_OR_TEAM,542527a4b14374ec014f,RUN_20260930_194055,V4,2026-09-30T19:40:55+08:00,2026-09-30T19:40:55+08:00,2026-10-01T06:00:00+08:00,10.318,False,True,False
V4_SHADOW,3096776,2026-09-30,巴伊乙,克鲁塞罗PB vs 芬默格,,,,,,3-1,-1,,,D:\codex\v3_legacy\outputs\football_odds_trader\raw\titan007\20261001\20261001_084801_titan007_odds_snapshot.csv,MISSING_V4_SIDE_LINE_WATER_OR_TEAM,86fcf693202e0ebcbb1d,RUN_20260930_194055,V4,2026-09-30T19:40:55+08:00,2026-09-30T19:40:55+08:00,2026-10-01T06:00:00+08:00,10.318,False,False,False
V4_SHADOW,3096775,2026-09-30,巴高乙,克鲁兹阿尔塔 vs 里奥格兰德,,,,,,4-0,-1,,,D:\codex\v3_legacy\outputs\football_odds_trader\raw\titan007\20261001\20261001_084801_titan007_odds_snapshot.csv,MISSING_V4_SIDE_LINE_WATER_OR_TEAM,ff6524918ced70dae716,RUN_20260930_194055,V4,2026-09-30T19:40:55+08:00,2026-09-30T19:40:55+08:00,2026-10-01T06:30:00+08:00,10.818,False,False,False
V4_SHADOW,3091342,2026-09-30,巴拉杯,波特诺山丘 vs 鲁毕奥,,,,,N,2-1,-1,,,D:\codex\v3_legacy\outputs\football_odds_trader\raw\titan007\20261001\20261001_084801_titan007_odds_snapshot.csv,MISSING_V4_SIDE_LINE_WATER_OR_TEAM,59b90dd9e9851b990132,RUN_20260930_194055,V4,2026-09-30T19:40:55+08:00,2026-09-30T19:40:55+08:00,2026-10-01T06:30:00+08:00,10.818,False,True,False
V4_SHADOW,3061666,2026-09-30,玻利杯,皇家托马亚波 vs 国民波托斯,,,,,,1-1,-1,,,D:\codex\v3_legacy\outputs\football_odds_trader\raw\titan007\20261001\20261001_084801_titan007_odds_snapshot.csv,MISSING_V4_SIDE_LINE_WATER_OR_TEAM,7bc7aa08dec27b10f63b,RUN_20260930_194055,V4,2026-09-30T19:40:55+08:00,2026-09-30T19:40:55+08:00,2026-10-01T06:30:00+08:00,10.818,False,False,False
V4_SHADOW,3057086,2026-09-30,乌拉甲秋,图尔克 vs 佩纳罗尔,,,,,N,,3,,,D:\codex\v3_legacy\outputs\football_odds_trader\raw\titan007\20261001\20261001_084801_titan007_odds_snapshot.csv,NOT_FINAL_STATE_3,03320ce96d050f7b9ff7,RUN_20260930_194055,V4,2026-09-30T19:40:55+08:00,2026-09-30T19:40:55+08:00,2026-10-01T07:00:00+08:00,11.318,False,True,False
V4_SHADOW,2942643,2026-09-30,美冠联,布鲁克林 vs 底特律城,,,,,C,,3,,,D:\codex\v3_legacy\outputs\football_odds_trader\raw\titan007\20261001\20261001_084801_titan007_odds_snapshot.csv,NOT_FINAL_STATE_3,703d48115f023a81bd02,,V4,2026-09-30T15:11:04+08:00,2026-09-30T15:11:04+08:00,2026-10-01T07:00:00+08:00,15.816,False,True,False
V4_SHADOW,2942645,2026-09-30,美冠联,迈阿密FC vs 运动Jax,,,,,C,,3,,,D:\codex\v3_legacy\outputs\football_odds_trader\raw\titan007\20261001\20261001_084801_titan007_odds_snapshot.csv,NOT_FINAL_STATE_3,240569230fd01b8eca8a,,V4,2026-09-30T15:11:04+08:00,2026-09-30T15:11:04+08:00,2026-10-01T07:00:00+08:00,15.816,False,True,False
V4_SHADOW,3096582,2026-09-30,智利杯,康塞普西翁 vs 希金斯,,,,,N,,3,,,D:\codex\v3_legacy\outputs\football_odds_trader\raw\titan007\20261001\20261001_084801_titan007_odds_snapshot.csv,NOT_FINAL_STATE_3,f21ff946e614ec101676,RUN_20260930_194055,V4,2026-09-30T19:40:55+08:00,2026-09-30T19:40:55+08:00,2026-10-01T07:00:00+08:00,11.318,False,True,False
V4_SHADOW,3095029,2026-09-30,委内乙,拉腊体育 vs 弗龙特拉,,,,,,,3,,,D:\codex\v3_legacy\outputs\football_odds_trader\raw\titan007\20261001\20261001_084801_titan007_odds_snapshot.csv,NOT_FINAL_STATE_3,ec8b15aef456dc0ab685,RUN_20260930_194055,V4,2026-09-30T19:40:55+08:00,2026-09-30T19:40:55+08:00,2026-10-01T07:00:00+08:00,11.318,False,False,False
V4_SHADOW,2937621,2026-09-30,加拿职,渥太华竞技 vs 骑兵队,,,,,N,,3,,,D:\codex\v3_legacy\outputs\football_odds_trader\raw\titan007\20261001\20261001_084801_titan007_odds_snapshot.csv,NOT_FINAL_STATE_3,b401c35355788b4ccf5f,RUN_20260930_194055,V4,2026-09-30T19:40:55+08:00,2026-09-30T19:40:55+08:00,2026-10-01T07:00:00+08:00,11.318,False,True,False
V4_SHADOW,3084581,2026-09-30,墨西乙A,克雷卡米诺斯B队 vs 扎奇FC,,,,,,,3,,,D:\codex\v3_legacy\outputs\football_odds_trader\raw\titan007\20261001\20261001_084801_titan007_odds_snapshot.csv,NOT_FINAL_STATE_3,525c575ef6b93e1b806f,RUN_20260930_194055,V4,2026-09-30T19:40:55+08:00,2026-09-30T19:40:55+08:00,2026-10-01T07:00:00+08:00,11.318,False,False,False
V4_SHADOW,2955301,2026-09-30,美甲,查塔努加红狼 vs 斯波坎速度,,,,,,,3,,,D:\codex\v3_legacy\outputs\football_odds_trader\raw\titan007\20261001\20261001_084801_titan007_odds_snapshot.csv,NOT_FINAL_STATE_3,7b60c2ae6b103e344fbc,RUN_20260930_194055,V4,2026-09-30T19:40:55+08:00,2026-09-30T19:40:55+08:00,2026-10-01T07:00:00+08:00,11.318,False,False,False
V4_SHADOW,3096678,2026-09-30,巴伊乙,奥托艾斯波特 vs 皮奎恩斯,,,,,,,3,,,D:\codex\v3_legacy\outputs\football_odds_trader\raw\titan007\20261001\20261001_084801_titan007_odds_snapshot.csv,NOT_FINAL_STATE_3,f334d5f30f2512f69093,RUN_20260930_194055,V4,2026-09-30T19:40:55+08:00,2026-09-30T19:40:55+08:00,2026-10-01T07:15:00+08:00,11.568,False,False,False
V4_SHADOW,3094996,2026-09-30,球会友谊,华盛顿联 vs 帕德博恩,,,,,N,,3,,,D:\codex\v3_legacy\outputs\football_odds_trader\raw\titan007\20261001\20261001_084801_titan007_odds_snapshot.csv,NOT_FINAL_STATE_3,c42368d5594cf1837adc,RUN_20260930_194055,V4,2026-09-30T19:40:55+08:00,2026-09-30T19:40:55+08:00,2026-10-01T07:30:00+08:00,11.818,False,True,False
V4_SHADOW,2942646,2026-09-30,美冠联,罗德岛 vs 印地十一,,,,,N,,3,,,D:\codex\v3_legacy\outputs\football_odds_trader\raw\titan007\20261001\20261001_084801_titan007_odds_snapshot.csv,NOT_FINAL_STATE_3,80626a81f7475a7ff452,RUN_20260930_194055,V4,2026-09-30T19:40:55+08:00,2026-09-30T19:40:55+08:00,2026-10-01T07:30:00+08:00,11.818,False,True,False
V4_SHADOW,3041927,2026-09-30,萨尔超春,FC阿里安沙 vs 萨卡特科卢卡,,,,,C,,1,,,D:\codex\v3_legacy\outputs\football_odds_trader\raw\titan007\20261001\20261001_084801_titan007_odds_snapshot.csv,NOT_FINAL_STATE_1,8d3f25201d97a23d0a8f,,V4,2026-09-30T15:11:04+08:00,2026-09-30T15:11:04+08:00,2026-10-01T08:00:00+08:00,16.816,False,True,False
V4_SHADOW,2942644,2026-09-30,美冠联,塔尔萨FC vs 新墨西哥联,,,,,N,,1,,,D:\codex\v3_legacy\outputs\football_odds_trader\raw\titan007\20261001\20261001_084801_titan007_odds_snapshot.csv,NOT_FINAL_STATE_1,6f759784878adb57f43f,RUN_20260930_194055,V4,2026-09-30T19:40:55+08:00,2026-09-30T19:40:55+08:00,2026-10-01T08:00:00+08:00,12.318,False,True,False
V4_SHADOW,3095418,2026-09-30,国际友谊,阿根廷 vs 玻利维亚,,,,,C,,1,,,D:\codex\v3_legacy\outputs\football_odds_trader\raw\titan007\20261001\20261001_084801_titan007_odds_snapshot.csv,NOT_FINAL_STATE_1,6ed907aec0beb4a2c80e,,V4,2026-09-30T15:11:04+08:00,2026-09-30T15:11:04+08:00,2026-10-01T08:00:00+08:00,16.816,False,True,False
V4_SHADOW,3061667,2026-09-30,玻利杯,奥利恩特 vs 最强者,,,,,,,-11,,,D:\codex\v3_legacy\outputs\football_odds_trader\raw\titan007\20261001\20261001_084801_titan007_odds_snapshot.csv,NOT_FINAL_STATE_-11,44f8b0e58e51d48193e0,RUN_20260930_194055,V4,2026-09-30T19:40:55+08:00,2026-09-30T19:40:55+08:00,2026-10-01T08:30:00+08:00,12.818,False,False,False
V4_SHADOW,3011777,2026-09-30,哥伦甲秋,国民竞技 vs 巴兰基亚青年,国民竞技,giving,-1.0,0.85,B,,0,,,D:\codex\v3_legacy\outputs\football_odds_trader\raw\titan007\20261001\20261001_084801_titan007_odds_snapshot.csv,NOT_FINAL_STATE_0,f3ac758b8381b7c5aafb,,V4,2026-09-30T15:11:04+08:00,2026-09-30T15:11:04+08:00,2026-10-01T09:00:00+08:00,17.816,False,True,False
V4_SHADOW,3096683,2026-09-30,危地乙,纽瓦罗莎CDF vs 米特兰,,,,,,,0,,,D:\codex\v3_legacy\outputs\football_odds_trader\raw\titan007\20261001\20261001_084801_titan007_odds_snapshot.csv,NOT_FINAL_STATE_0,c3796ed634356893fc7a,RUN_20260930_194055,V4,2026-09-30T19:40:55+08:00,2026-09-30T19:40:55+08:00,2026-10-01T09:00:00+08:00,13.318,False,False,False
V4_SHADOW,3041928,2026-09-30,萨尔超春,CD法斯 vs 梅塔帕,,,,,C,,0,,,D:\codex\v3_legacy\outputs\football_odds_trader\raw\titan007\20261001\20261001_084801_titan007_odds_snapshot.csv,NOT_FINAL_STATE_0,99425cc741cf6c8a9fab,,V4,2026-09-30T15:11:04+08:00,2026-09-30T15:11:04+08:00,2026-10-01T10:00:00+08:00,18.816,False,True,False
V4_SHADOW,2942647,2026-09-30,美冠联,萨克拉门托 vs 拉斯维加斯之光,萨克拉门托,giving,-0.75,0.85,C,,0,,,D:\codex\v3_legacy\outputs\football_odds_trader\raw\titan007\20261001\20261001_084801_titan007_odds_snapshot.csv,NOT_FINAL_STATE_0,b2d124bc3e988c399a58,,V4,2026-09-30T15:11:04+08:00,2026-09-30T15:11:04+08:00,2026-10-01T10:00:00+08:00,18.816,False,True,False
V4_SHADOW,3096178,2026-09-30,国际友谊,库克群岛 vs 塔希提群岛,,,,,,,0,,,D:\codex\v3_legacy\outputs\football_odds_trader\raw\titan007\20261001\20261001_084801_titan007_odds_snapshot.csv,NOT_FINAL_STATE_0,b99fbbdbe8d88f174021,RUN_20260930_194055,V4,2026-09-30T19:40:55+08:00,2026-09-30T19:40:55+08:00,2026-10-01T10:00:00+08:00,14.318,False,False,False
V4_SHADOW,3089773,2026-09-30,首相杯,巴布亚新几内亚 vs 所罗门群岛,所罗门群岛,giving,-0.25,1.06,C,1-1,-1,HL,-0.5,D:\codex\v3_legacy\outputs\football_odds_trader\raw\titan007\20261001\20261001_084801_titan007_odds_snapshot.csv,SETTLED,ebfb4792fe7eee4dfe70,RUN_20260930_085140,v4-market-dirichlet-20260913,2026-09-30T08:51:08+08:00,2026-09-30T08:51:08+08:00,2026-09-30T12:00:00+08:00,3.148,False,True,False
V4_SHADOW,3089007,2026-09-30,蒙古超,乌兰固木市 vs 猎人FC,,,,,,2-4,-1,,,D:\codex\v3_legacy\outputs\football_odds_trader\raw\titan007\20261001\20261001_084801_titan007_odds_snapshot.csv,MISSING_V4_SIDE_LINE_WATER_OR_TEAM,8ff05589053553337292,RUN_20260930_085140,v4-market-dirichlet-20260913,2026-09-30T08:51:08+08:00,2026-09-30T08:51:08+08:00,2026-09-30T16:00:00+08:00,7.148,False,False,False
V4_SHADOW,3096672,2026-09-30,印班超,鲁根FC vs SC班加罗尔,,,,,,3-3,-1,,,D:\codex\v3_legacy\outputs\football_odds_trader\raw\titan007\20261001\20261001_084801_titan007_odds_snapshot.csv,MISSING_V4_SIDE_LINE_WATER_OR_TEAM,c12549b60458f4cb561c,RUN_20260930_085140,v4-market-dirichlet-20260913,2026-09-30T08:51:08+08:00,2026-09-30T08:51:08+08:00,2026-09-30T13:30:00+08:00,4.648,False,False,False
V4_SHADOW,3095738,2026-09-30,亚运男足,韩国U23(中) vs 中国U23,,,,,,2-1,-1,,,D:\codex\v3_legacy\outputs\football_odds_trader\raw\titan007\20261001\20261001_084801_titan007_odds_snapshot.csv,MISSING_V4_SIDE_LINE_WATER_OR_TEAM,9ce8c11453882b811215,RUN_20260930_085140,v4-market-dirichlet-20260913,2026-09-30T08:51:08+08:00,2026-09-30T08:51:08+08:00,2026-09-30T14:00:00+08:00,5.148,False,False,False
V4_SHADOW,3095000,2026-09-30,国际友谊,越南U16 vs 吉尔吉斯斯坦U17,,,,,,0-3,-1,,,D:\codex\v3_legacy\outputs\football_odds_trader\raw\titan007\20261001\20261001_084801_titan007_odds_snapshot.csv,MISSING_V4_SIDE_LINE_WATER_OR_TEAM,1a77c99f13c202ff18f9,RUN_20260930_085140,v4-market-dirichlet-20260913,2026-09-30T08:51:08+08:00,2026-09-30T08:51:08+08:00,2026-09-30T14:00:00+08:00,5.148,False,False,False
V4_SHADOW,3096584,2026-09-30,中U21,云南玉昆U21 vs 江西庐山U21,,,,,,2-0,-1,,,D:\codex\v3_legacy\outputs\football_odds_trader\raw\titan007\20261001\20261001_084801_titan007_odds_snapshot.csv,MISSING_V4_SIDE_LINE_WATER_OR_TEAM,2167d5bf4be4641f1351,RUN_20260930_085140,v4-market-dirichlet-20260913,2026-09-30T08:51:08+08:00,2026-09-30T08:51:08+08:00,2026-09-30T14:00:00+08:00,5.148,False,False,False
V4_SHADOW,3096585,2026-09-30,中U21,温州茵才U21 vs 兰州陇原竞技U21,,,,,,6-0,-1,,,D:\codex\v3_legacy\outputs\football_odds_trader\raw\titan007\20261001\20261001_084801_titan007_odds_snapshot.csv,MISSING_V4_SIDE_LINE_WATER_OR_TEAM,f70d3ef252f1abeff1c8,RUN_20260930_085140,v4-market-dirichlet-20260913,2026-09-30T08:51:08+08:00,2026-09-30T08:51:08+08:00,2026-09-30T14:00:00+08:00,5.148,False,False,False
V4_SHADOW,3096586,2026-09-30,中U21,青岛西海岸U21 vs 宁波俱乐部U21,,,,,,2-1,-1,,,D:\codex\v3_legacy\outputs\football_odds_trader\raw\titan007\20261001\20261001_084801_titan007_odds_snapshot.csv,MISSING_V4_SIDE_LINE_WATER_OR_TEAM,67a44f6e84b504949104,RUN_20260930_085140,v4-market-dirichlet-20260913,2026-09-30T08:51:08+08:00,2026-09-30T08:51:08+08:00,2026-09-30T14:00:00+08:00,5.148,False,False,False
V4_SHADOW,3096587,2026-09-30,中U21,青岛红狮U21 vs 石家庄功夫U21,,,,,,1-4,-1,,,D:\codex\v3_legacy\outputs\football_odds_trader\raw\titan007\20261001\20261001_084801_titan007_odds_snapshot.csv,MISSING_V4_SIDE_LINE_WATER_OR_TEAM,0e3b299c20c45275c0f3,RUN_20260930_085140,v4-market-dirichlet-20260913,2026-09-30T08:51:08+08:00,2026-09-30T08:51:08+08:00,2026-09-30T14:00:00+08:00,5.148,False,False,False
V4_SHADOW,3096588,2026-09-30,中U21,辽宁铁人U21 vs 青岛海牛U21,,,,,,0-1,-1,,,D:\codex\v3_legacy\outputs\football_odds_trader\raw\titan007\20261001\20261001_084801_titan007_odds_snapshot.csv,MISSING_V4_SIDE_LINE_WATER_OR_TEAM,cd2ed5a6a22075e2b344,RUN_20260930_085140,v4-market-dirichlet-20260913,2026-09-30T08:51:08+08:00,2026-09-30T08:51:08+08:00,2026-09-30T14:00:00+08:00,5.148,False,False,False
V4_SHADOW,3096629,2026-09-30,印西隆联,米利姆SC vs 山杉,,,,,,1-3,-1,,,D:\codex\v3_legacy\outputs\football_odds_trader\raw\titan007\20261001\20261001_084801_titan007_odds_snapshot.csv,MISSING_V4_SIDE_LINE_WATER_OR_TEAM,bdb21850b329b2121bd2,RUN_20260930_085140,v4-market-dirichlet-20260913,2026-09-30T08:51:08+08:00,2026-09-30T08:51:08+08:00,2026-09-30T14:45:00+08:00,5.898,False,False,False
V4_SHADOW,3089774,2026-09-30,首相杯,斐济 vs 新喀里多尼亚,,,,,,2-1,-1,,,D:\codex\v3_legacy\outputs\football_odds_trader\raw\titan007\20261001\20261001_084801_titan007_odds_snapshot.csv,MISSING_V4_SIDE_LINE_WATER_OR_TEAM,7ae128e65040aa215b57,RUN_20260930_085140,v4-market-dirichlet-20260913,2026-09-30T08:51:08+08:00,2026-09-30T08:51:08+08:00,2026-09-30T15:00:00+08:00,6.148,False,False,False
V4_SHADOW,3095434,2026-09-30,球会友谊,阿格斯 vs 切塔泰迪瓦,阿格斯,giving,-2.25,0.82,C,2-1,-1,L,-1.0,D:\codex\v3_legacy\outputs\football_odds_trader\raw\titan007\20261001\20261001_084801_titan007_odds_snapshot.csv,SETTLED,03b4352718b77178aa9f,RUN_20260930_151103,v4-market-dirichlet-20260913,2026-09-30T15:11:04+08:00,2026-09-30T15:11:04+08:00,2026-09-30T15:30:00+08:00,0.316,False,True,False
V4_SHADOW,3096786,2026-09-30,土U19联,马尼萨U19 vs 布卡斯堡U19,,neutral,,,,3-1,-1,,,D:\codex\v3_legacy\outputs\football_odds_trader\raw\titan007\20261001\20261001_084801_titan007_odds_snapshot.csv,MISSING_V4_SIDE_LINE_WATER_OR_TEAM,f76a43adbdadcbbcf55d,RUN_20260930_151103,v4-market-dirichlet-20260913,2026-09-30T15:11:04+08:00,2026-09-30T15:11:04+08:00,2026-09-30T16:00:00+08:00,0.816,False,False,False
V4_SHADOW,3089006,2026-09-30,蒙古超,科布多 vs 乌兰巴托FC,,neutral,,,,0-4,-1,,,D:\codex\v3_legacy\outputs\football_odds_trader\raw\titan007\20261001\20261001_084801_titan007_odds_snapshot.csv,MISSING_V4_SIDE_LINE_WATER_OR_TEAM,594b4150382ce104537b,RUN_20260930_151103,v4-market-dirichlet-20260913,2026-09-30T15:11:04+08:00,2026-09-30T15:11:04+08:00,2026-09-30T16:00:00+08:00,0.816,False,False,False
V4_SHADOW,3096475,2026-09-30,中冠,广州黄埔志诚 vs 重庆瀚达,,,,,,4-1,-1,,,D:\codex\v3_legacy\outputs\football_odds_trader\raw\titan007\20261001\20261001_084801_titan007_odds_snapshot.csv,MISSING_V4_SIDE_LINE_WATER_OR_TEAM,8d90def28381049b6c5e,RUN_20260930_151103,v4-market-dirichlet-20260913,2026-09-30T15:11:04+08:00,2026-09-30T15:11:04+08:00,2026-09-30T16:00:00+08:00,0.816,False,False,False
V4_SHADOW,3096746,2026-09-30,印班超,麦格 vs 科达古FC,,,,,,4-3,-1,,,D:\codex\v3_legacy\outputs\football_odds_trader\raw\titan007\20261001\20261001_084801_titan007_odds_snapshot.csv,MISSING_V4_SIDE_LINE_WATER_OR_TEAM,a0a9e55c066cae68d8e4,RUN_20260930_151103,v4-market-dirichlet-20260913,2026-09-30T15:11:04+08:00,2026-09-30T15:11:04+08:00,2026-09-30T16:00:00+08:00,0.816,False,False,False
V4_SHADOW,3096785,2026-09-30,土U19联,贝伊奥卢新集市U19 vs 阿尔纳武特科伊市立U19,贝伊奥卢新集市U19,receiving,1.5,0.7,N,1-1,-1,W,0.7,D:\codex\v3_legacy\outputs\football_odds_trader\raw\titan007\20261001\20261001_084801_titan007_odds_snapshot.csv,SETTLED,cee19746711781fd5feb,RUN_20260930_151103,v4-market-dirichlet-20260913,2026-09-30T15:11:04+08:00,2026-09-30T15:11:04+08:00,2026-09-30T16:00:00+08:00,0.816,False,True,False
V4_SHADOW,3096756,2026-09-30,马统杯,槟城U20 vs 达罗塔晋C队U20,,,,,,0-3,-1,,,D:\codex\v3_legacy\outputs\football_odds_trader\raw\titan007\20261001\20261001_084801_titan007_odds_snapshot.csv,MISSING_V4_SIDE_LINE_WATER_OR_TEAM,,,V4,2026-09-30T15:11:04+08:00,2026-09-30T15:11:04+08:00,2026-09-30T16:45:00+08:00,1.566,False,False,False
V4_SHADOW,3096646,2026-09-30,缅甸U20,治尼兰德U20 vs 仰光联U20,,,,,,1-5,-1,,,D:\codex\v3_legacy\outputs\football_odds_trader\raw\titan007\20261001\20261001_084801_titan007_odds_snapshot.csv,MISSING_V4_SIDE_LINE_WATER_OR_TEAM,,,V4,2026-09-30T15:11:04+08:00,2026-09-30T15:11:04+08:00,2026-09-30T17:00:00+08:00,1.816,False,False,False
V4_SHADOW,3096651,2026-09-30,缅甸U20,仰光城U20 vs 伊洛瓦底U20,,,,,,0-1,-1,,,D:\codex\v3_legacy\outputs\football_odds_trader\raw\titan007\20261001\20261001_084801_titan007_odds_snapshot.csv,MISSING_V4_SIDE_LINE_WATER_OR_TEAM,,,V4,2026-09-30T15:11:04+08:00,2026-09-30T15:11:04+08:00,2026-09-30T17:00:00+08:00,1.816,False,False,False
V4_SHADOW,3095001,2026-09-30,国际友谊,瑞典U19 vs 捷克U19,,,,,,2-1,-1,,,D:\codex\v3_legacy\outputs\football_odds_trader\raw\titan007\20261001\20261001_084801_titan007_odds_snapshot.csv,MISSING_V4_SIDE_LINE_WATER_OR_TEAM,,,V4,2026-09-30T15:11:04+08:00,2026-09-30T15:11:04+08:00,2026-09-30T17:00:00+08:00,1.816,False,False,False
V4_SHADOW,3095003,2026-09-30,国际友谊,哥伦比亚U18 vs 埃及U18,,,,,,2-1,-1,,,D:\codex\v3_legacy\outputs\football_odds_trader\raw\titan007\20261001\20261001_084801_titan007_odds_snapshot.csv,MISSING_V4_SIDE_LINE_WATER_OR_TEAM,,,V4,2026-09-30T15:11:04+08:00,2026-09-30T15:11:04+08:00,2026-09-30T17:00:00+08:00,1.816,False,False,False
V4_SHADOW,3095004,2026-09-30,国际友谊,韩国U18 vs 英格兰U18,,,,,,1-2,-1,,,D:\codex\v3_legacy\outputs\football_odds_trader\raw\titan007\20261001\20261001_084801_titan007_odds_snapshot.csv,MISSING_V4_SIDE_LINE_WATER_OR_TEAM,,,V4,2026-09-30T15:11:04+08:00,2026-09-30T15:11:04+08:00,2026-09-30T17:00:00+08:00,1.816,False,False,False
V4_SHADOW,3095005,2026-09-30,国际友谊,波兰U17 vs 格鲁吉亚U17,,,,,,3-1,-1,,,D:\codex\v3_legacy\outputs\football_odds_trader\raw\titan007\20261001\20261001_084801_titan007_odds_snapshot.csv,MISSING_V4_SIDE_LINE_WATER_OR_TEAM,,,V4,2026-09-30T15:11:04+08:00,2026-09-30T15:11:04+08:00,2026-09-30T17:00:00+08:00,1.816,False,False,False
V4_SHADOW,3095006,2026-09-30,国际友谊,爱尔兰U17 vs 捷克U17,,,,,,3-2,-1,,,D:\codex\v3_legacy\outputs\football_odds_trader\raw\titan007\20261001\20261001_084801_titan007_odds_snapshot.csv,MISSING_V4_SIDE_LINE_WATER_OR_TEAM,,,V4,2026-09-30T15:11:04+08:00,2026-09-30T15:11:04+08:00,2026-09-30T17:00:00+08:00,1.816,False,False,False
V4_SHADOW,3095007,2026-09-30,国际友谊,苏格兰U19 vs 乌克兰U19,,,,,N,0-2,-1,,,D:\codex\v3_legacy\outputs\football_odds_trader\raw\titan007\20261001\20261001_084801_titan007_odds_snapshot.csv,MISSING_V4_SIDE_LINE_WATER_OR_TEAM,6ae2d099267872c8e83b,,V4,2026-09-30T15:11:04+08:00,2026-09-30T15:11:04+08:00,2026-09-30T17:00:00+08:00,1.816,False,True,False
V4_SHADOW,3096173,2026-09-30,国际友谊,塞尔维亚U17 vs 斯洛伐克U17,,,,,,2-3,-1,,,D:\codex\v3_legacy\outputs\football_odds_trader\raw\titan007\20261001\20261001_084801_titan007_odds_snapshot.csv,MISSING_V4_SIDE_LINE_WATER_OR_TEAM,,,V4,2026-09-30T15:11:04+08:00,2026-09-30T15:11:04+08:00,2026-09-30T17:00:00+08:00,1.816,False,False,False
V4_SHADOW,3088956,2026-09-30,东盟杯,东帝汶<font color=#880000>(中)</font> vs 柬埔寨,柬埔寨,giving,-1.25,0.77,C,2-2,-1,L,-1.0,D:\codex\v3_legacy\outputs\football_odds_trader\raw\titan007\20261001\20261001_084801_titan007_odds_snapshot.csv,SETTLED,b48c8e8637440748cb48,,V4,2026-09-30T15:11:04+08:00,2026-09-30T15:11:04+08:00,2026-09-30T17:00:00+08:00,1.816,False,True,False
V4_SHADOW,3095002,2026-09-30,国际友谊,芬兰U19 vs 德国U19,,,,,C,1-2,-1,,,D:\codex\v3_legacy\outputs\football_odds_trader\raw\titan007\20261001\20261001_084801_titan007_odds_snapshot.csv,MISSING_V4_SIDE_LINE_WATER_OR_TEAM,70e9817ca8fdad5f8bd6,,V4,2026-09-30T15:11:04+08:00,2026-09-30T15:11:04+08:00,2026-09-30T17:00:00+08:00,1.816,False,True,False
V4_SHADOW,3096644,2026-09-30,印米佐超,朗莱文佩MLS vs 赛卡玛坎FC,,,,,,2-2,-1,,,D:\codex\v3_legacy\outputs\football_odds_trader\raw\titan007\20261001\20261001_084801_titan007_odds_snapshot.csv,MISSING_V4_SIDE_LINE_WATER_OR_TEAM,,,V4,2026-09-30T15:11:04+08:00,2026-09-30T15:11:04+08:00,2026-09-30T17:30:00+08:00,2.316,False,False,False
V4_SHADOW,3096666,2026-09-30,马统杯,吉隆坡U20 vs 森比兰U20,,,,,,2-1,-1,,,D:\codex\v3_legacy\outputs\football_odds_trader\raw\titan007\20261001\20261001_084801_titan007_odds_snapshot.csv,MISSING_V4_SIDE_LINE_WATER_OR_TEAM,,,V4,2026-09-30T15:11:04+08:00,2026-09-30T15:11:04+08:00,2026-09-30T16:45:00+08:00,1.566,False,False,False
V4_SHADOW,3095008,2026-09-30,国际友谊,美国U18 vs 爱尔兰U18,,,,,,1-1,-1,,,D:\codex\v3_legacy\outputs\football_odds_trader\raw\titan007\20261001\20261001_084801_titan007_odds_snapshot.csv,MISSING_V4_SIDE_LINE_WATER_OR_TEAM,,,V4,2026-09-30T15:11:04+08:00,2026-09-30T15:11:04+08:00,2026-09-30T18:00:00+08:00,2.816,False,False,False
V4_SHADOW,3095010,2026-09-30,国际友谊,丹麦U17 vs 卡塔尔U17,,,,,,9-0,-1,,,D:\codex\v3_legacy\outputs\football_odds_trader\raw\titan007\20261001\20261001_084801_titan007_odds_snapshot.csv,MISSING_V4_SIDE_LINE_WATER_OR_TEAM,,,V4,2026-09-30T15:11:04+08:00,2026-09-30T15:11:04+08:00,2026-09-30T18:00:00+08:00,2.816,False,False,False
V4_SHADOW,3096530,2026-09-30,国际友谊,西班牙U18 vs 科特迪瓦U18,,,,,,,,,,D:\codex\v3_legacy\outputs\football_odds_trader\raw\titan007\20260930\20260930_194055_titan007_odds_snapshot.csv,NOT_FINAL_STATE_UNKNOWN,f89ff74c9dce3a400d5a,RUN_20260930_194055,V4,2026-09-30T19:40:55+08:00,2026-09-30T19:40:55+08:00,2026-09-30T23:00:00+08:00,3.318,False,False,False
V4_SHADOW,2955395,2026-09-30,美甲,格林维勒凯旋 vs 托曼塔FC,,,,,,,,,,D:\codex\v3_legacy\outputs\football_odds_trader\raw\titan007\20260930\20260930_194055_titan007_odds_snapshot.csv,NOT_FINAL_STATE_UNKNOWN,8296fbd08eb880399d2d,RUN_20260930_194055,V4,2026-09-30T19:40:55+08:00,2026-09-30T19:40:55+08:00,2026-10-01T04:00:00+08:00,8.318,False,False,False
V4_SHADOW,3096740,2026-09-30,阿后备,罗萨里奥阿根廷后备队 vs 鲁祖尼后备队,,,,,,,0,,,D:\codex\v3_legacy\outputs\football_odds_trader\raw\titan007\20260930\20260930_194055_titan007_odds_snapshot.csv,NOT_FINAL_STATE_0,f84b9c61b107f1a495e8,RUN_20260930_194055,V4,2026-09-30T19:40:55+08:00,2026-09-30T19:40:55+08:00,2026-10-01T01:00:00+08:00,5.318,False,False,False
V4_SHADOW,3089008,2026-10-01,蒙古超,西部科布多 vs 德仁FC,,,,,,,0,,,D:\codex\v3_legacy\outputs\football_odds_trader\raw\titan007\20261001\20261001_084801_titan007_odds_snapshot.csv,NOT_FINAL_STATE_0,957472df76be50946ab7,RUN_20261001_084801,V4,2026-10-01T08:48:01+08:00,2026-10-01T08:48:01+08:00,2026-10-01T13:00:00+08:00,4.2,False,False,False
V4_SHADOW,3095794,2026-10-01,麒麟杯,巴拿马 vs 新西兰,,,,,N,,0,,,D:\codex\v3_legacy\outputs\football_odds_trader\raw\titan007\20261001\20261001_084801_titan007_odds_snapshot.csv,NOT_FINAL_STATE_0,f59ab538527757ffd9cd,RUN_20261001_084801,V4,2026-10-01T08:48:01+08:00,2026-10-01T08:48:01+08:00,2026-10-01T14:10:00+08:00,5.366,False,False,False
V4_SHADOW,3095232,2026-10-01,国际友谊,斯洛伐克U19 vs 瑞士U19,,,,,N,,0,,,D:\codex\v3_legacy\outputs\football_odds_trader\raw\titan007\20261001\20261001_084801_titan007_odds_snapshot.csv,NOT_FINAL_STATE_0,dd9c24f04bc64c744d5b,RUN_20261001_084801,V4,2026-10-01T08:48:01+08:00,2026-10-01T08:48:01+08:00,2026-10-01T17:30:00+08:00,8.7,False,True,False
V4_SHADOW,3095233,2026-10-01,国际友谊,波兰U19 vs 哈萨克斯坦U19,,,,,C,,0,,,D:\codex\v3_legacy\outputs\football_odds_trader\raw\titan007\20261001\20261001_084801_titan007_odds_snapshot.csv,NOT_FINAL_STATE_0,4c227314478db7077d88,RUN_20261001_084801,V4,2026-10-01T08:48:01+08:00,2026-10-01T08:48:01+08:00,2026-10-01T17:30:00+08:00,8.7,False,True,False
V4_SHADOW,3095186,2026-10-01,麒麟杯,日本 vs 厄瓜多尔,,,,,N,,0,,,D:\codex\v3_legacy\outputs\football_odds_trader\raw\titan007\20261001\20261001_084801_titan007_odds_snapshot.csv,NOT_FINAL_STATE_0,6e6f292dff461dc0e44a,RUN_20261001_084801,V4,2026-10-01T08:48:01+08:00,2026-10-01T08:48:01+08:00,2026-10-01T18:10:00+08:00,9.366,False,True,False
V4_SHADOW,3095234,2026-10-01,国际友谊,法国U19 vs 土耳其U19,,,,,C,,0,,,D:\codex\v3_legacy\outputs\football_odds_trader\raw\titan007\20261001\20261001_084801_titan007_odds_snapshot.csv,NOT_FINAL_STATE_0,d0998e902db9e4c3c52d,RUN_20261001_084801,V4,2026-10-01T08:48:01+08:00,2026-10-01T08:48:01+08:00,2026-10-01T18:45:00+08:00,9.95,False,True,False
V4_SHADOW,3095212,2026-10-01,埃及甲,斯卡哈迪德 vs 霍尔比,,,,,N,,0,,,D:\codex\v3_legacy\outputs\football_odds_trader\raw\titan007\20261001\20261001_084801_titan007_odds_snapshot.csv,NOT_FINAL_STATE_0,c767adefc1f62b20d04d,RUN_20261001_084801,V4,2026-10-01T08:48:01+08:00,2026-10-01T08:48:01+08:00,2026-10-01T20:30:00+08:00,11.7,False,False,False
V4_SHADOW,3095213,2026-10-01,埃及甲,达雅洛特 vs 伊斯梅利,,,,,C,,0,,,D:\codex\v3_legacy\outputs\football_odds_trader\raw\titan007\20261001\20261001_084801_titan007_odds_snapshot.csv,NOT_FINAL_STATE_0,10be3514330dbab82250,RUN_20261001_084801,V4,2026-10-01T08:48:01+08:00,2026-10-01T08:48:01+08:00,2026-10-01T20:30:00+08:00,11.7,False,True,False
V4_SHADOW,3095214,2026-10-01,埃及甲,曼苏拉 vs 马萨尔FC,,,,,C,,0,,,D:\codex\v3_legacy\outputs\football_odds_trader\raw\titan007\20261001\20261001_084801_titan007_odds_snapshot.csv,NOT_FINAL_STATE_0,4419f542234f5884828a,RUN_20261001_084801,V4,2026-10-01T08:48:01+08:00,2026-10-01T08:48:01+08:00,2026-10-01T20:30:00+08:00,11.7,False,True,False
V4_SHADOW,3095215,2026-10-01,埃及甲,拉维耶纳 vs 开罗纳萨,,,,,N,,0,,,D:\codex\v3_legacy\outputs\football_odds_trader\raw\titan007\20261001\20261001_084801_titan007_odds_snapshot.csv,NOT_FINAL_STATE_0,be622f790c61f979969e,RUN_20261001_084801,V4,2026-10-01T08:48:01+08:00,2026-10-01T08:48:01+08:00,2026-10-01T20:30:00+08:00,11.7,False,True,False
V4_SHADOW,3095216,2026-10-01,埃及甲,佩哈亚克 vs 特萨纳体育,,,,,C,,0,,,D:\codex\v3_legacy\outputs\football_odds_trader\raw\titan007\20261001\20261001_084801_titan007_odds_snapshot.csv,NOT_FINAL_STATE_0,e27b1dd9dd8d8f0cb9ff,RUN_20261001_084801,V4,2026-10-01T08:48:01+08:00,2026-10-01T08:48:01+08:00,2026-10-01T20:30:00+08:00,11.7,False,True,False
V4_SHADOW,3088948,2026-10-01,东盟杯,印度尼西亚 vs 孟加拉国,孟加拉国,receiving,3.25,0.85,B,,0,,,D:\codex\v3_legacy\outputs\football_odds_trader\raw\titan007\20261001\20261001_084801_titan007_odds_snapshot.csv,NOT_FINAL_STATE_0,f4750ad58a11865ed75a,RUN_20261001_084801,V4,2026-10-01T08:48:01+08:00,2026-10-01T08:48:01+08:00,2026-10-01T20:30:00+08:00,11.7,False,True,False
V4_SHADOW,3088949,2026-10-01,东盟杯,马来西亚(中) vs 新加坡,马来西亚(中),giving,-1.25,0.99,B,,0,,,D:\codex\v3_legacy\outputs\football_odds_trader\raw\titan007\20261001\20261001_084801_titan007_odds_snapshot.csv,NOT_FINAL_STATE_0,75ac0a40a07acc0eb760,RUN_20261001_084801,V4,2026-10-01T08:48:01+08:00,2026-10-01T08:48:01+08:00,2026-10-01T20:30:00+08:00,11.7,False,True,False
V4_SHADOW,3084331,2026-10-01,阿联酋杯,迪拜联合 vs 哈塔,,,,,C,,0,,,D:\codex\v3_legacy\outputs\football_odds_trader\raw\titan007\20261001\20261001_084801_titan007_odds_snapshot.csv,NOT_FINAL_STATE_0,a015f084f1c334acef16,RUN_20261001_084801,V4,2026-10-01T08:48:01+08:00,2026-10-01T08:48:01+08:00,2026-10-01T21:15:00+08:00,12.45,False,True,False
V4_SHADOW,3084332,2026-10-01,阿联酋杯,沙迦 vs 迪哈夫拉,沙迦,giving,-1.0,0.92,B,,0,,,D:\codex\v3_legacy\outputs\football_odds_trader\raw\titan007\20261001\20261001_084801_titan007_odds_snapshot.csv,NOT_FINAL_STATE_0,e22df59d6561c3323ac0,RUN_20261001_084801,V4,2026-10-01T08:48:01+08:00,2026-10-01T08:48:01+08:00,2026-10-01T21:15:00+08:00,12.45,False,True,False
V4_SHADOW,3095236,2026-10-01,国际友谊,克罗地亚U19 vs 意大利U19,,,,,N,,0,,,D:\codex\v3_legacy\outputs\football_odds_trader\raw\titan007\20261001\20261001_084801_titan007_odds_snapshot.csv,NOT_FINAL_STATE_0,6247a360720b5fe217d0,RUN_20261001_084801,V4,2026-10-01T08:48:01+08:00,2026-10-01T08:48:01+08:00,2026-10-01T21:30:00+08:00,12.7,False,True,False
V4_SHADOW,3095238,2026-10-01,国际友谊,马尔代夫(中) vs 黎巴嫩,,,,,N,,0,,,D:\codex\v3_legacy\outputs\football_odds_trader\raw\titan007\20261001\20261001_084801_titan007_odds_snapshot.csv,NOT_FINAL_STATE_0,1f412dce3ff78579eec5,RUN_20261001_084801,V4,2026-10-01T08:48:01+08:00,2026-10-01T08:48:01+08:00,2026-10-01T22:00:00+08:00,13.2,False,True,False
V4_SHADOW,3095240,2026-10-01,国际友谊,乌兹别克斯坦 vs 叙利亚,乌兹别克斯坦,giving,-1.5,0.95,C,,0,,,D:\codex\v3_legacy\outputs\football_odds_trader\raw\titan007\20261001\20261001_084801_titan007_odds_snapshot.csv,NOT_FINAL_STATE_0,77905c34d7b22989e192,RUN_20261001_084801,V4,2026-10-01T08:48:01+08:00,2026-10-01T08:48:01+08:00,2026-10-01T22:00:00+08:00,13.2,False,True,False
V4_SHADOW,3095241,2026-10-01,国际友谊,卡塔尔U19 vs 爱尔兰U19,,,,,C,,0,,,D:\codex\v3_legacy\outputs\football_odds_trader\raw\titan007\20261001\20261001_084801_titan007_odds_snapshot.csv,NOT_FINAL_STATE_0,ff1ee33778039fd62543,RUN_20261001_084801,V4,2026-10-01T08:48:01+08:00,2026-10-01T08:48:01+08:00,2026-10-01T22:00:00+08:00,13.2,False,True,False
V4_SHADOW,3095242,2026-10-01,国际友谊,斯洛文尼亚U19 vs 法罗群岛U19,,,,,N,,0,,,D:\codex\v3_legacy\outputs\football_odds_trader\raw\titan007\20261001\20261001_084801_titan007_odds_snapshot.csv,NOT_FINAL_STATE_0,2af6848738be5fc31d2a,RUN_20261001_084801,V4,2026-10-01T08:48:01+08:00,2026-10-01T08:48:01+08:00,2026-10-01T22:00:00+08:00,13.2,False,True,False
V4_SHADOW,2781347,2026-10-01,欧青U21外,希腊U21 vs 拉脱维亚U21,,,,,N,,0,,,D:\codex\v3_legacy\outputs\football_odds_trader\raw\titan007\20261001\20261001_084801_titan007_odds_snapshot.csv,NOT_FINAL_STATE_0,f1d056819ea58578b5a8,RUN_20261001_084801,V4,2026-10-01T08:48:01+08:00,2026-10-01T08:48:01+08:00,2026-10-01T23:00:00+08:00,14.2,False,True,False
V4_SHADOW,3089305,2026-10-01,卡塔杯,加拉法 vs 米萨梅尔,,,,,C,,0,,,D:\codex\v3_legacy\outputs\football_odds_trader\raw\titan007\20261001\20261001_084801_titan007_odds_snapshot.csv,NOT_FINAL_STATE_0,2a0fea9291e5a5c94a68,RUN_20261001_084801,V4,2026-10-01T08:48:01+08:00,2026-10-01T08:48:01+08:00,2026-10-01T23:00:00+08:00,14.2,False,True,False
V4_SHADOW,3084333,2026-10-01,阿联酋杯,般尼亚斯 vs 阿布扎比统一,,,,,N,,0,,,D:\codex\v3_legacy\outputs\football_odds_trader\raw\titan007\20261001\20261001_084801_titan007_odds_snapshot.csv,NOT_FINAL_STATE_0,740763f7c0741fa6483e,RUN_20261001_084801,V4,2026-10-01T08:48:01+08:00,2026-10-01T08:48:01+08:00,2026-10-01T23:45:00+08:00,14.95,False,True,False
V4_SHADOW,2981575,2026-10-01,欧国联,阿塞拜疆 vs 列支敦士登,阿塞拜疆,giving,-2.25,1.04,B,,0,,,D:\codex\v3_legacy\outputs\football_odds_trader\raw\titan007\20261001\20261001_084801_titan007_odds_snapshot.csv,NOT_FINAL_STATE_0,37612b291732b58e1591,RUN_20261001_084801,V4,2026-10-01T08:48:01+08:00,2026-10-01T08:48:01+08:00,2026-10-02T00:00:00+08:00,15.2,False,True,False
V4_SHADOW,3001035,2026-10-01,非洲杯,几内亚 vs 肯尼亚,几内亚,giving,-0.75,0.78,B,,0,,,D:\codex\v3_legacy\outputs\football_odds_trader\raw\titan007\20261001\20261001_084801_titan007_odds_snapshot.csv,NOT_FINAL_STATE_0,695a490673a8652d5088,RUN_20261001_084801,V4,2026-10-01T08:48:01+08:00,2026-10-01T08:48:01+08:00,2026-10-02T00:00:00+08:00,15.2,False,True,False
V4_SHADOW,2781317,2026-10-01,欧青U21外,北马其顿U21 vs 黑山U21,,,,,N,,0,,,D:\codex\v3_legacy\outputs\football_odds_trader\raw\titan007\20261001\20261001_084801_titan007_odds_snapshot.csv,NOT_FINAL_STATE_0,82bb43f3118d48aad5b6,RUN_20261001_084801,V4,2026-10-01T08:48:01+08:00,2026-10-01T08:48:01+08:00,2026-10-02T00:00:00+08:00,15.2,False,False,False
V4_SHADOW,3085258,2026-10-01,挪威杯,巴洛姆 vs 利勒斯特罗姆,,,,,N,,0,,,D:\codex\v3_legacy\outputs\football_odds_trader\raw\titan007\20261001\20261001_084801_titan007_odds_snapshot.csv,NOT_FINAL_STATE_0,daaa1c54b344b63dec50,RUN_20261001_084801,V4,2026-10-01T08:48:01+08:00,2026-10-01T08:48:01+08:00,2026-10-02T00:00:00+08:00,15.2,False,True,False
V4_SHADOW,3085259,2026-10-01,挪威杯,玛达 vs 维京,,,,,C,,0,,,D:\codex\v3_legacy\outputs\football_odds_trader\raw\titan007\20261001\20261001_084801_titan007_odds_snapshot.csv,NOT_FINAL_STATE_0,b4340832cd1228b49a68,RUN_20261001_084801,V4,2026-10-01T08:48:01+08:00,2026-10-01T08:48:01+08:00,2026-10-02T00:00:00+08:00,15.2,False,True,False
V4_SHADOW,3001843,2026-10-01,以甲,特拉维夫叶胡达 vs 凯尔耶特,,,,,N,,0,,,D:\codex\v3_legacy\outputs\football_odds_trader\raw\titan007\20261001\20261001_084801_titan007_odds_snapshot.csv,NOT_FINAL_STATE_0,e0fce3171c46b9d01511,RUN_20261001_084801,V4,2026-10-01T08:48:01+08:00,2026-10-01T08:48:01+08:00,2026-10-02T00:00:00+08:00,15.2,False,True,False
V4_SHADOW,3001844,2026-10-01,以甲,阿富拉夏普尔 vs 里雄莱锡安夏普尔,,,,,N,,0,,,D:\codex\v3_legacy\outputs\football_odds_trader\raw\titan007\20261001\20261001_084801_titan007_odds_snapshot.csv,NOT_FINAL_STATE_0,8a84ed4b40bb54a71081,RUN_20261001_084801,V4,2026-10-01T08:48:01+08:00,2026-10-01T08:48:01+08:00,2026-10-02T00:00:00+08:00,15.2,False,True,False
V4_SHADOW,3001845,2026-10-01,以甲,拉那那夏普尔 vs 卡法尔卡瑟姆,,,,,N,,0,,,D:\codex\v3_legacy\outputs\football_odds_trader\raw\titan007\20261001\20261001_084801_titan007_odds_snapshot.csv,NOT_FINAL_STATE_0,5ec3c11ae818fc181d90,RUN_20261001_084801,V4,2026-10-01T08:48:01+08:00,2026-10-01T08:48:01+08:00,2026-10-02T00:00:00+08:00,15.2,False,True,False
V4_SHADOW,3001846,2026-10-01,以甲,奇亚亚蒙SC vs 法萨巴夏普尔,奇亚亚蒙SC,giving,-0.75,0.84,B,,0,,,D:\codex\v3_legacy\outputs\football_odds_trader\raw\titan007\20261001\20261001_084801_titan007_odds_snapshot.csv,NOT_FINAL_STATE_0,2a0702445ea137dafcde,RUN_20261001_084801,V4,2026-10-01T08:48:01+08:00,2026-10-01T08:48:01+08:00,2026-10-02T00:00:00+08:00,15.2,False,True,False
V4_SHADOW,3001847,2026-10-01,以甲,麦卡比 vs 夏雷姆,,,,,C,,0,,,D:\codex\v3_legacy\outputs\football_odds_trader\raw\titan007\20261001\20261001_084801_titan007_odds_snapshot.csv,NOT_FINAL_STATE_0,9a66fc20b85f72c7525e,RUN_20261001_084801,V4,2026-10-01T08:48:01+08:00,2026-10-01T08:48:01+08:00,2026-10-02T00:00:00+08:00,15.2,False,True,False
V4_SHADOW,3001848,2026-10-01,以甲,卡比利奥马卡比 vs 阿卡夏普尔,卡比利奥马卡比,giving,-0.5,0.78,C,,0,,,D:\codex\v3_legacy\outputs\football_odds_trader\raw\titan007\20261001\20261001_084801_titan007_odds_snapshot.csv,NOT_FINAL_STATE_0,5cb5d17d880403ec37b0,RUN_20261001_084801,V4,2026-10-01T08:48:01+08:00,2026-10-01T08:48:01+08:00,2026-10-02T00:00:00+08:00,15.2,False,True,False
V4_SHADOW,3001849,2026-10-01,以甲,阿基纳扎力 vs 莫迪恩,阿基纳扎力,giving,-0.25,0.96,C,,0,,,D:\codex\v3_legacy\outputs\football_odds_trader\raw\titan007\20261001\20261001_084801_titan007_odds_snapshot.csv,NOT_FINAL_STATE_0,c1bb30b3b4fe8083abad,RUN_20261001_084801,V4,2026-10-01T08:48:01+08:00,2026-10-01T08:48:01+08:00,2026-10-02T00:00:00+08:00,15.2,False,True,False
V4_SHADOW,3001850,2026-10-01,以甲,阿舒多 vs 赫兹立亚马卡比,,,,,N,,0,,,D:\codex\v3_legacy\outputs\football_odds_trader\raw\titan007\20261001\20261001_084801_titan007_odds_snapshot.csv,NOT_FINAL_STATE_0,25d55bbf4a95a7cddcb9,RUN_20261001_084801,V4,2026-10-01T08:48:01+08:00,2026-10-01T08:48:01+08:00,2026-10-02T00:00:00+08:00,15.2,False,True,False
V4_SHADOW,3095211,2026-10-01,波兰丙,波德拉谢比亚拉 vs 斯塔拉霍维采之星,,,,,N,,0,,,D:\codex\v3_legacy\outputs\football_odds_trader\raw\titan007\20261001\20261001_084801_titan007_odds_snapshot.csv,NOT_FINAL_STATE_0,7c7a7857743b518b5e37,RUN_20261001_084801,V4,2026-10-01T08:48:01+08:00,2026-10-01T08:48:01+08:00,2026-10-02T00:00:00+08:00,15.2,False,True,False
V4_SHADOW,3095245,2026-10-01,国际友谊,美国U20 vs 巴西U20,巴西U20,giving,-0.5,0.84,C,,0,,,D:\codex\v3_legacy\outputs\football_odds_trader\raw\titan007\20261001\20261001_084801_titan007_odds_snapshot.csv,NOT_FINAL_STATE_0,57bb18558186d5da9f17,RUN_20261001_084801,V4,2026-10-01T08:48:01+08:00,2026-10-01T08:48:01+08:00,2026-10-02T00:00:00+08:00,15.2,False,True,False
V4_SHADOW,2781316,2026-10-01,欧青U21外,亚美尼亚U21 vs 意大利U21,,,,,C,,0,,,D:\codex\v3_legacy\outputs\football_odds_trader\raw\titan007\20261001\20261001_084801_titan007_odds_snapshot.csv,NOT_FINAL_STATE_0,df22858a1c06ac5951b6,RUN_20261001_084801,V4,2026-10-01T08:48:01+08:00,2026-10-01T08:48:01+08:00,2026-10-02T00:30:00+08:00,15.7,False,True,False
V4_SHADOW,3092362,2026-10-01,欧女杯,靴尔科治女足 vs 塞尔维特女足,靴尔科治女足,giving,-1.5,0.83,B,,0,,,D:\codex\v3_legacy\outputs\football_odds_trader\raw\titan007\20261001\20261001_084801_titan007_odds_snapshot.csv,NOT_FINAL_STATE_0,213747e0d870f2fafa93,RUN_20261001_084801,V4,2026-10-01T08:48:01+08:00,2026-10-01T08:48:01+08:00,2026-10-02T00:45:00+08:00,15.95,False,True,False
V4_SHADOW,3092363,2026-10-01,欧女杯,奥地利维也纳女足 vs 国际米兰女足,国际米兰女足,giving,-0.75,0.94,B,,0,,,D:\codex\v3_legacy\outputs\football_odds_trader\raw\titan007\20261001\20261001_084801_titan007_odds_snapshot.csv,NOT_FINAL_STATE_0,e416ba3f288a24adc8c0,RUN_20261001_084801,V4,2026-10-01T08:48:01+08:00,2026-10-01T08:48:01+08:00,2026-10-02T00:45:00+08:00,15.95,False,True,False
V4_SHADOW,2781387,2026-10-01,欧青U21外,匈牙利U21 vs 立陶宛U21,匈牙利U21,giving,-1.25,1.02,C,,0,,,D:\codex\v3_legacy\outputs\football_odds_trader\raw\titan007\20261001\20261001_084801_titan007_odds_snapshot.csv,NOT_FINAL_STATE_0,491938d9658a5892b4d3,RUN_20261001_084801,V4,2026-10-01T08:48:01+08:00,2026-10-01T08:48:01+08:00,2026-10-02T01:00:00+08:00,16.2,False,True,False
V4_SHADOW,3089306,2026-10-01,卡塔杯,艾沙姆 vs 穆艾塔罗,,,,,N,,0,,,D:\codex\v3_legacy\outputs\football_odds_trader\raw\titan007\20261001\20261001_084801_titan007_odds_snapshot.csv,NOT_FINAL_STATE_0,8b533a63095760afba3c,RUN_20261001_084801,V4,2026-10-01T08:48:01+08:00,2026-10-01T08:48:01+08:00,2026-10-02T01:15:00+08:00,16.45,False,True,False
V4_SHADOW,3089307,2026-10-01,卡塔杯,卡塔尔体育 vs 阿尔比达SC,,,,,C,,0,,,D:\codex\v3_legacy\outputs\football_odds_trader\raw\titan007\20261001\20261001_084801_titan007_odds_snapshot.csv,NOT_FINAL_STATE_0,9c1420d086349dc9dab1,RUN_20261001_084801,V4,2026-10-01T08:48:01+08:00,2026-10-01T08:48:01+08:00,2026-10-02T01:15:00+08:00,16.45,False,True,False
V4_SHADOW,3095218,2026-10-01,阿后备,巴拉卡斯中央后备队 vs 甘拿斯亚门多萨后备队,,,,,N,,0,,,D:\codex\v3_legacy\outputs\football_odds_trader\raw\titan007\20261001\20261001_084801_titan007_odds_snapshot.csv,NOT_FINAL_STATE_0,c7ada13097bb55668af4,RUN_20261001_084801,V4,2026-10-01T08:48:01+08:00,2026-10-01T08:48:01+08:00,2026-10-02T02:00:00+08:00,17.2,False,False,False
V4_SHADOW,3095219,2026-10-01,阿后备,科隆竞技后备队 vs 利斯特雷后备队,,,,,N,,0,,,D:\codex\v3_legacy\outputs\football_odds_trader\raw\titan007\20261001\20261001_084801_titan007_odds_snapshot.csv,NOT_FINAL_STATE_0,14125cd735c3c8e30beb,RUN_20261001_084801,V4,2026-10-01T08:48:01+08:00,2026-10-01T08:48:01+08:00,2026-10-02T02:00:00+08:00,17.2,False,True,False
V4_SHADOW,3095220,2026-10-01,阿后备,CA独立队后备队 vs 小保加后备队,,,,,N,,0,,,D:\codex\v3_legacy\outputs\football_odds_trader\raw\titan007\20261001\20261001_084801_titan007_odds_snapshot.csv,NOT_FINAL_STATE_0,ddf532321d8854aa9fbb,RUN_20261001_084801,V4,2026-10-01T08:48:01+08:00,2026-10-01T08:48:01+08:00,2026-10-02T02:00:00+08:00,17.2,False,True,False
V4_SHADOW,2981441,2026-10-01,欧国联,希腊 vs 荷兰,荷兰,giving,-0.5,1.07,C,,0,,,D:\codex\v3_legacy\outputs\football_odds_trader\raw\titan007\20261001\20261001_084801_titan007_odds_snapshot.csv,NOT_FINAL_STATE_0,4c776099edb9c3227d72,RUN_20261001_084801,V4,2026-10-01T08:48:01+08:00,2026-10-01T08:48:01+08:00,2026-10-02T02:45:00+08:00,17.95,False,True,False
V4_SHADOW,2981442,2026-10-01,欧国联,德国 vs 塞尔维亚,,,,,C,,0,,,D:\codex\v3_legacy\outputs\football_odds_trader\raw\titan007\20261001\20261001_084801_titan007_odds_snapshot.csv,NOT_FINAL_STATE_0,fe4da734649b41209ca6,RUN_20261001_084801,V4,2026-10-01T08:48:01+08:00,2026-10-01T08:48:01+08:00,2026-10-02T02:45:00+08:00,17.95,False,True,False
V4_SHADOW,2981443,2026-10-01,欧国联,威尔士 vs 挪威,,,,,C,,0,,,D:\codex\v3_legacy\outputs\football_odds_trader\raw\titan007\20261001\20261001_084801_titan007_odds_snapshot.csv,NOT_FINAL_STATE_0,a932c09958701dc31f66,RUN_20261001_084801,V4,2026-10-01T08:48:01+08:00,2026-10-01T08:48:01+08:00,2026-10-02T02:45:00+08:00,17.95,False,True,False
V4_SHADOW,2981444,2026-10-01,欧国联,丹麦 vs 葡萄牙,,,,,C,,0,,,D:\codex\v3_legacy\outputs\football_odds_trader\raw\titan007\20261001\20261001_084801_titan007_odds_snapshot.csv,NOT_FINAL_STATE_0,f4d17b4c75703b5e305f,RUN_20261001_084801,V4,2026-10-01T08:48:01+08:00,2026-10-01T08:48:01+08:00,2026-10-02T02:45:00+08:00,17.95,False,True,False
V4_SHADOW,2981491,2026-10-01,欧国联,以色列(中) vs 科索沃,,,,,C,,0,,,D:\codex\v3_legacy\outputs\football_odds_trader\raw\titan007\20261001\20261001_084801_titan007_odds_snapshot.csv,NOT_FINAL_STATE_0,944154bb43908eefdb9e,RUN_20261001_084801,V4,2026-10-01T08:48:01+08:00,2026-10-01T08:48:01+08:00,2026-10-02T02:45:00+08:00,17.95,False,True,False
V4_SHADOW,2981492,2026-10-01,欧国联,爱尔兰 vs 奥地利,,,,,N,,0,,,D:\codex\v3_legacy\outputs\football_odds_trader\raw\titan007\20261001\20261001_084801_titan007_odds_snapshot.csv,NOT_FINAL_STATE_0,5133a29744ef89f912bc,RUN_20261001_084801,V4,2026-10-01T08:48:01+08:00,2026-10-01T08:48:01+08:00,2026-10-02T02:45:00+08:00,17.95,False,True,False
V4_SHADOW,2981576,2026-10-01,欧国联,马耳他 vs 直布罗陀,马耳他,giving,-1.5,1.01,B,,0,,,D:\codex\v3_legacy\outputs\football_odds_trader\raw\titan007\20261001\20261001_084801_titan007_odds_snapshot.csv,NOT_FINAL_STATE_0,285c4489f0193cbeb088,RUN_20261001_084801,V4,2026-10-01T08:48:01+08:00,2026-10-01T08:48:01+08:00,2026-10-02T02:45:00+08:00,17.95,False,True,False
V4_SHADOW,3020018,2026-10-01,法丙,巴斯蒂亚 vs 奥兰斯,,,,,N,,0,,,D:\codex\v3_legacy\outputs\football_odds_trader\raw\titan007\20261001\20261001_084801_titan007_odds_snapshot.csv,NOT_FINAL_STATE_0,9640ac239e889a5886d9,RUN_20261001_084801,V4,2026-10-01T08:48:01+08:00,2026-10-01T08:48:01+08:00,2026-10-02T02:45:00+08:00,17.95,False,True,False
V4_SHADOW,2781346,2026-10-01,欧青U21外,北爱尔兰U21 vs 格鲁吉亚U21,,,,,N,,0,,,D:\codex\v3_legacy\outputs\football_odds_trader\raw\titan007\20261001\20261001_084801_titan007_odds_snapshot.csv,NOT_FINAL_STATE_0,4f09b8e463057ec50e33,RUN_20261001_084801,V4,2026-10-01T08:48:01+08:00,2026-10-01T08:48:01+08:00,2026-10-02T02:45:00+08:00,17.95,False,True,False
V4_SHADOW,3095224,2026-10-01,阿后备,沙士菲后备队 vs 阿根廷JRS后备队,,,,,C,,0,,,D:\codex\v3_legacy\outputs\football_odds_trader\raw\titan007\20261001\20261001_084801_titan007_odds_snapshot.csv,NOT_FINAL_STATE_0,458ac0f6e3c913eaee6c,RUN_20261001_084801,V4,2026-10-01T08:48:01+08:00,2026-10-01T08:48:01+08:00,2026-10-02T02:45:00+08:00,17.95,False,True,False
V4_SHADOW,3092364,2026-10-01,欧女杯,曼彻斯特城女足 vs 皇家马德里女足,,,,,N,,0,,,D:\codex\v3_legacy\outputs\football_odds_trader\raw\titan007\20261001\20261001_084801_titan007_odds_snapshot.csv,NOT_FINAL_STATE_0,cd74602dd5925d65d28e,RUN_20261001_084801,V4,2026-10-01T08:48:01+08:00,2026-10-01T08:48:01+08:00,2026-10-02T03:00:00+08:00,18.2,False,True,False
V4_SHADOW,3092365,2026-10-01,欧女杯,巴黎圣日耳曼女足 vs 旧海弗莱鲁汶女足,,,,,C,,0,,,D:\codex\v3_legacy\outputs\football_odds_trader\raw\titan007\20261001\20261001_084801_titan007_odds_snapshot.csv,NOT_FINAL_STATE_0,38c34d02c71c5e74520d,RUN_20261001_084801,V4,2026-10-01T08:48:01+08:00,2026-10-01T08:48:01+08:00,2026-10-02T03:00:00+08:00,18.2,False,True,False
V4_SHADOW,3092499,2026-10-01,中北美国联,英属维尔京群岛 vs 蒙特塞拉特,,,,,N,,0,,,D:\codex\v3_legacy\outputs\football_odds_trader\raw\titan007\20261001\20261001_084801_titan007_odds_snapshot.csv,NOT_FINAL_STATE_0,fd5bd9b82f48a254ffa9,RUN_20261001_084801,V4,2026-10-01T08:48:01+08:00,2026-10-01T08:48:01+08:00,2026-10-02T03:00:00+08:00,18.2,False,True,False
V4_SHADOW,3092511,2026-10-01,中北美国联,美属维尔京群岛 vs 法属圣马丁岛,,,,,N,,0,,,D:\codex\v3_legacy\outputs\football_odds_trader\raw\titan007\20261001\20261001_084801_titan007_odds_snapshot.csv,NOT_FINAL_STATE_0,bd4210a17c33498ac9d9,RUN_20261001_084801,V4,2026-10-01T08:48:01+08:00,2026-10-01T08:48:01+08:00,2026-10-02T04:00:00+08:00,19.2,True,True,False
V4_SHADOW,3096177,2026-10-01,秘鲁联杯,水晶竞技队 vs AD塔尔玛,水晶竞技队,giving,-1.0,0.85,B,,0,,,D:\codex\v3_legacy\outputs\football_odds_trader\raw\titan007\20261001\20261001_084801_titan007_odds_snapshot.csv,NOT_FINAL_STATE_0,6c576e5952fef94764dc,RUN_20261001_084801,V4,2026-10-01T08:48:01+08:00,2026-10-01T08:48:01+08:00,2026-10-02T04:00:00+08:00,19.2,True,True,False
V4_SHADOW,3092452,2026-10-01,中北美国联,多米尼克(中) vs 圭亚那,,,,,N,,0,,,D:\codex\v3_legacy\outputs\football_odds_trader\raw\titan007\20261001\20261001_084801_titan007_odds_snapshot.csv,NOT_FINAL_STATE_0,49dd59eedb2b0ff86949,RUN_20261001_084801,V4,2026-10-01T08:48:01+08:00,2026-10-01T08:48:01+08:00,2026-10-02T05:00:00+08:00,20.2,True,True,False
V4_SHADOW,3041929,2026-10-01,萨尔超春,旧金山富尔特 vs 路斯天使,路斯天使,giving,-1.0,1.05,B,,0,,,D:\codex\v3_legacy\outputs\football_odds_trader\raw\titan007\20261001\20261001_084801_titan007_odds_snapshot.csv,NOT_FINAL_STATE_0,a5d96593cc86c482f601,RUN_20261001_084801,V4,2026-10-01T08:48:01+08:00,2026-10-01T08:48:01+08:00,2026-10-02T05:30:00+08:00,20.7,True,True,False
V4_SHADOW,3095221,2026-10-01,阿后备,河床后备队 vs 萨尔米安杜后备队,,,,,C,,0,,,D:\codex\v3_legacy\outputs\football_odds_trader\raw\titan007\20261001\20261001_084801_titan007_odds_snapshot.csv,NOT_FINAL_STATE_0,fddff40c19ab82ae3e9c,RUN_20261001_084801,V4,2026-10-01T08:48:01+08:00,2026-10-01T08:48:01+08:00,2026-10-02T06:00:00+08:00,21.2,True,True,False
V4_SHADOW,3092430,2026-10-01,中北美国联,库拉索 vs 特立尼达和多巴哥,,,,,C,,0,,,D:\codex\v3_legacy\outputs\football_odds_trader\raw\titan007\20261001\20261001_084801_titan007_odds_snapshot.csv,NOT_FINAL_STATE_0,7a2304160d1003958294,RUN_20261001_084801,V4,2026-10-01T08:48:01+08:00,2026-10-01T08:48:01+08:00,2026-10-02T06:00:00+08:00,21.2,True,True,False
V4_SHADOW,2940205,2026-10-01,巴西乙,巴西竞技 vs 累西腓体育,,,,,N,,0,,,D:\codex\v3_legacy\outputs\football_odds_trader\raw\titan007\20261001\20261001_084801_titan007_odds_snapshot.csv,NOT_FINAL_STATE_0,9f8fe2deceb8c67397bf,RUN_20261001_084801,V4,2026-10-01T08:48:01+08:00,2026-10-01T08:48:01+08:00,2026-10-02T07:30:00+08:00,22.7,False,False,False
V4_SHADOW,2940213,2026-10-01,巴西乙,诺瓦里桑蒂诺 vs 戈伊亚斯,诺瓦里桑蒂诺,giving,-0.75,0.86,B,,0,,,D:\codex\v3_legacy\outputs\football_odds_trader\raw\titan007\20261001\20261001_084801_titan007_odds_snapshot.csv,NOT_FINAL_STATE_0,e0cc15e8646eecb39398,RUN_20261001_084801,V4,2026-10-01T08:48:01+08:00,2026-10-01T08:48:01+08:00,2026-10-02T08:00:00+08:00,23.2,True,True,False
V4_SHADOW,3041930,2026-10-01,萨尔超春,印加阿鲁巴 vs 利梅诺,利梅诺,giving,-0.5,0.88,B,,0,,,D:\codex\v3_legacy\outputs\football_odds_trader\raw\titan007\20261001\20261001_084801_titan007_odds_snapshot.csv,NOT_FINAL_STATE_0,315bdf32b9e81fa1464b,RUN_20261001_084801,V4,2026-10-01T08:48:01+08:00,2026-10-01T08:48:01+08:00,2026-10-02T08:00:00+08:00,23.2,True,True,False
V4_SHADOW,3092431,2026-10-01,中北美国联,多米尼加共和国 vs 海地,,,,,N,,0,,,D:\codex\v3_legacy\outputs\football_odds_trader\raw\titan007\20261001\20261001_084801_titan007_odds_snapshot.csv,NOT_FINAL_STATE_0,31305db9355f715cab5a,RUN_20261001_084801,V4,2026-10-01T08:48:01+08:00,2026-10-01T08:48:01+08:00,2026-10-02T08:00:00+08:00,23.2,True,True,False
V4_SHADOW,3092453,2026-10-01,中北美国联,开曼群岛 vs 波多黎各,,,,,N,,0,,,D:\codex\v3_legacy\outputs\football_odds_trader\raw\titan007\20261001\20261001_084801_titan007_odds_snapshot.csv,NOT_FINAL_STATE_0,73138f7ffdf47218839b,RUN_20261001_084801,V4,2026-10-01T08:48:01+08:00,2026-10-01T08:48:01+08:00,2026-10-02T08:00:00+08:00,23.2,True,True,False
V4_SHADOW,3085729,2026-10-01,阿根廷杯,普拉腾斯(中) vs 拉普拉塔大学生,拉普拉塔大学生,giving,-0.25,0.89,C,,0,,,D:\codex\v3_legacy\outputs\football_odds_trader\raw\titan007\20261001\20261001_084801_titan007_odds_snapshot.csv,NOT_FINAL_STATE_0,60143c90dc7e33072ca2,RUN_20261001_084801,V4,2026-10-01T08:48:01+08:00,2026-10-01T08:48:01+08:00,2026-10-02T08:15:00+08:00,23.45,True,True,False
V4_SHADOW,3011923,2026-10-01,哥伦甲秋,波哥大国际 vs 云斯卡尔达斯,,,,,N,,0,,,D:\codex\v3_legacy\outputs\football_odds_trader\raw\titan007\20261001\20261001_084801_titan007_odds_snapshot.csv,NOT_FINAL_STATE_0,04fce603a18fcfe90a29,RUN_20261001_084801,V4,2026-10-01T08:48:01+08:00,2026-10-01T08:48:01+08:00,2026-10-02T09:00:00+08:00,24.2,False,False,False
V4_SHADOW,3092432,2026-10-01,中北美国联,尼加拉瓜 vs 哥斯达黎加,,,,,N,,0,,,D:\codex\v3_legacy\outputs\football_odds_trader\raw\titan007\20261001\20261001_084801_titan007_odds_snapshot.csv,NOT_FINAL_STATE_0,f56199ed65b989443c2e,RUN_20261001_084801,V4,2026-10-01T08:48:01+08:00,2026-10-01T08:48:01+08:00,2026-10-02T10:00:00+08:00,25.2,False,True,False
V4_SHADOW,3096864,2026-10-01,印班超,皇家班加鲁鲁 vs 阿格尼普拉,,,,,,,,,,D:\codex\v3_legacy\outputs\football_odds_trader\raw\titan007\20261001\20261001_084801_titan007_odds_snapshot.csv,NOT_FINAL_STATE_UNKNOWN,936d27e99f6ab7cf1440,RUN_20261001_084801,V4,2026-10-01T08:48:01+08:00,2026-10-01T08:48:01+08:00,2026-10-01T13:30:00+08:00,4.7,False,False,False
V4_SHADOW,3084339,2026-10-01,港联杯,北区 vs 冠忠南区,,,,,,,,,,D:\codex\v3_legacy\outputs\football_odds_trader\raw\titan007\20261001\20261001_084801_titan007_odds_snapshot.csv,NOT_FINAL_STATE_UNKNOWN,5b83064cd3ffa92b977e,RUN_20261001_084801,V4,2026-10-01T08:48:01+08:00,2026-10-01T08:48:01+08:00,2026-10-01T16:00:00+08:00,7.2,False,False,False
V4_SHADOW,3096884,2026-10-01,印西隆联,博克赛 vs 林蒂SC,,,,,,,,,,D:\codex\v3_legacy\outputs\football_odds_trader\raw\titan007\20261001\20261001_084801_titan007_odds_snapshot.csv,NOT_FINAL_STATE_UNKNOWN,7b6870c2080207a14264,RUN_20261001_084801,V4,2026-10-01T08:48:01+08:00,2026-10-01T08:48:01+08:00,2026-10-01T16:00:00+08:00,7.2,False,False,False
V4_SHADOW,3089009,2026-10-01,蒙古超,伊尔赤姆 vs 中央骏马,,,,,,,,,,D:\codex\v3_legacy\outputs\football_odds_trader\raw\titan007\20261001\20261001_084801_titan007_odds_snapshot.csv,NOT_FINAL_STATE_UNKNOWN,1bbf591b83b4060cc5bb,RUN_20261001_084801,V4,2026-10-01T08:48:01+08:00,2026-10-01T08:48:01+08:00,2026-10-01T16:00:00+08:00,7.2,False,False,False
V4_SHADOW,3096680,2026-10-01,中冠,吴川青年 vs 江苏常晋,,,,,,,,,,D:\codex\v3_legacy\outputs\football_odds_trader\raw\titan007\20261001\20261001_084801_titan007_odds_snapshot.csv,NOT_FINAL_STATE_UNKNOWN,b5359c01bc500f8ba435,RUN_20261001_084801,V4,2026-10-01T08:48:01+08:00,2026-10-01T08:48:01+08:00,2026-10-01T16:00:00+08:00,7.2,False,False,False
V4_SHADOW,3096885,2026-10-01,印班超,哈尔足球俱乐部 vs 孟加拉鲁联合会,,,,,,,,,,D:\codex\v3_legacy\outputs\football_odds_trader\raw\titan007\20261001\20261001_084801_titan007_odds_snapshot.csv,NOT_FINAL_STATE_UNKNOWN,2aab3a00d01c1a452256,RUN_20261001_084801,V4,2026-10-01T08:48:01+08:00,2026-10-01T08:48:01+08:00,2026-10-01T16:00:00+08:00,7.2,False,False,False
V4_SHADOW,3096876,2026-10-01,马统杯,触控电子U20 vs 登嘉楼U20,,,,,,,,,,D:\codex\v3_legacy\outputs\football_odds_trader\raw\titan007\20261001\20261001_084801_titan007_odds_snapshot.csv,NOT_FINAL_STATE_UNKNOWN,bc68bfbd313aa9564ce6,RUN_20261001_084801,V4,2026-10-01T08:48:01+08:00,2026-10-01T08:48:01+08:00,2026-10-01T16:45:00+08:00,7.95,False,False,False
V4_SHADOW,3095231,2026-10-01,国际友谊,德国U16 vs 希腊U16,,,,,,,,,,D:\codex\v3_legacy\outputs\football_odds_trader\raw\titan007\20261001\20261001_084801_titan007_odds_snapshot.csv,NOT_FINAL_STATE_UNKNOWN,a4ee7e93b81c249bbeca,RUN_20261001_084801,V4,2026-10-01T08:48:01+08:00,2026-10-01T08:48:01+08:00,2026-10-01T17:00:00+08:00,8.2,False,False,False
V4_SHADOW,3096717,2026-10-01,国际友谊,北马其顿U17 vs 卢森堡U17,,,,,,,,,,D:\codex\v3_legacy\outputs\football_odds_trader\raw\titan007\20261001\20261001_084801_titan007_odds_snapshot.csv,NOT_FINAL_STATE_UNKNOWN,9cbe662b80727dfa57bd,RUN_20261001_084801,V4,2026-10-01T08:48:01+08:00,2026-10-01T08:48:01+08:00,2026-10-01T17:00:00+08:00,8.2,False,False,False
V4_SHADOW,3096899,2026-10-01,乌克女杯,顿涅茨克矿工女足 vs 敖德萨海星女足,,,,,,,,,,D:\codex\v3_legacy\outputs\football_odds_trader\raw\titan007\20261001\20261001_084801_titan007_odds_snapshot.csv,NOT_FINAL_STATE_UNKNOWN,3e76d53c003e2cf0e156,RUN_20261001_084801,V4,2026-10-01T08:48:01+08:00,2026-10-01T08:48:01+08:00,2026-10-01T17:00:00+08:00,8.2,False,False,False
V4_SHADOW,3095230,2026-10-01,国际友谊,英格兰U17 vs 委内瑞拉U16,,,,,,,,,,D:\codex\v3_legacy\outputs\football_odds_trader\raw\titan007\20261001\20261001_084801_titan007_odds_snapshot.csv,NOT_FINAL_STATE_UNKNOWN,1dc75aa772efd2baf70a,RUN_20261001_084801,V4,2026-10-01T08:48:01+08:00,2026-10-01T08:48:01+08:00,2026-10-01T17:30:00+08:00,8.7,False,False,False
V4_SHADOW,3094426,2026-10-01,女欧U17,科索沃女足U17 vs 阿塞拜疆女足U17,,,,,,,,,,D:\codex\v3_legacy\outputs\football_odds_trader\raw\titan007\20261001\20261001_084801_titan007_odds_snapshot.csv,NOT_FINAL_STATE_UNKNOWN,d96b3080520ec10a2af6,RUN_20261001_084801,V4,2026-10-01T08:48:01+08:00,2026-10-01T08:48:01+08:00,2026-10-01T18:00:00+08:00,9.2,False,False,False
V4_SHADOW,3096706,2026-10-01,球会友谊,卢布尔雅那奥林匹亚 vs 比路朴,,,,,,,,,,D:\codex\v3_legacy\outputs\football_odds_trader\raw\titan007\20261001\20261001_084801_titan007_odds_snapshot.csv,NOT_FINAL_STATE_UNKNOWN,4696a649114c0002132a,RUN_20261001_084801,V4,2026-10-01T08:48:01+08:00,2026-10-01T08:48:01+08:00,2026-10-01T18:00:00+08:00,9.2,False,False,False
V4_SHADOW,3096898,2026-10-01,印班超,帕里克玛 vs ASC中心FC,,,,,,,,,,D:\codex\v3_legacy\outputs\football_odds_trader\raw\titan007\20261001\20261001_084801_titan007_odds_snapshot.csv,NOT_FINAL_STATE_UNKNOWN,f9be866993ee0d496ea2,RUN_20261001_084801,V4,2026-10-01T08:48:01+08:00,2026-10-01T08:48:01+08:00,2026-10-01T18:30:00+08:00,9.7,False,False,False
V4_SHADOW,3084340,2026-10-01,港联杯,沙田 vs 港会,,,,,,,,,,D:\codex\v3_legacy\outputs\football_odds_trader\raw\titan007\20261001\20261001_084801_titan007_odds_snapshot.csv,NOT_FINAL_STATE_UNKNOWN,3e86690a0db6ce86a2c7,RUN_20261001_084801,V4,2026-10-01T08:48:01+08:00,2026-10-01T08:48:01+08:00,2026-10-01T19:00:00+08:00,10.2,False,False,False
V4_SHADOW,3095443,2026-10-01,肯尼超降,蒙巴萨联 vs 卡里班吉鲨鱼,,,,,,,,,,D:\codex\v3_legacy\outputs\football_odds_trader\raw\titan007\20261001\20261001_084801_titan007_odds_snapshot.csv,NOT_FINAL_STATE_UNKNOWN,0346905e9f9bea60018c,RUN_20261001_084801,V4,2026-10-01T08:48:01+08:00,2026-10-01T08:48:01+08:00,2026-10-01T19:00:00+08:00,10.2,False,False,False
V4_SHADOW,3096681,2026-10-01,中冠,榆林矿工旅投 vs 大连聚惺晟恒,,,,,,,,,,D:\codex\v3_legacy\outputs\football_odds_trader\raw\titan007\20261001\20261001_084801_titan007_odds_snapshot.csv,NOT_FINAL_STATE_UNKNOWN,ab2b5a8c391e2ddca090,RUN_20261001_084801,V4,2026-10-01T08:48:01+08:00,2026-10-01T08:48:01+08:00,2026-10-01T19:00:00+08:00,10.2,False,False,False
V4_SHADOW,3096179,2026-10-01,球会友谊,欧本 vs 亚琛,,,,,,,,,,D:\codex\v3_legacy\outputs\football_odds_trader\raw\titan007\20261001\20261001_084801_titan007_odds_snapshot.csv,NOT_FINAL_STATE_UNKNOWN,619b762e0edf51c22fdf,RUN_20261001_084801,V4,2026-10-01T08:48:01+08:00,2026-10-01T08:48:01+08:00,2026-10-01T19:30:00+08:00,10.7,False,False,False
V4_SHADOW,3096182,2026-10-01,球会友谊,史特加青年队 vs 维尔茨堡踢球者,,,,,,,,,,D:\codex\v3_legacy\outputs\football_odds_trader\raw\titan007\20261001\20261001_084801_titan007_odds_snapshot.csv,NOT_FINAL_STATE_UNKNOWN,c37750e86ea23f8ffc3c,RUN_20261001_084801,V4,2026-10-01T08:48:01+08:00,2026-10-01T08:48:01+08:00,2026-10-01T19:30:00+08:00,10.7,False,False,False
V4_SHADOW,3096877,2026-10-01,印西隆联,里斯SC vs 西隆拉庄后备队,,,,,,,,,,D:\codex\v3_legacy\outputs\football_odds_trader\raw\titan007\20261001\20261001_084801_titan007_odds_snapshot.csv,NOT_FINAL_STATE_UNKNOWN,f73ebd0dde7756752d16,RUN_20261001_084801,V4,2026-10-01T08:48:01+08:00,2026-10-01T08:48:01+08:00,2026-10-01T19:30:00+08:00,10.7,False,False,False
V4_SHADOW,3096777,2026-10-01,以丙,伊胡德阿夫廷 vs 哈波尔布内伊,,,,,,,,,,D:\codex\v3_legacy\outputs\football_odds_trader\raw\titan007\20261001\20261001_084801_titan007_odds_snapshot.csv,NOT_FINAL_STATE_UNKNOWN,8d3ea84a316c398a9e30,RUN_20261001_084801,V4,2026-10-01T08:48:01+08:00,2026-10-01T08:48:01+08:00,2026-10-01T19:30:00+08:00,10.7,False,False,False
V4_SHADOW,3043400,2026-10-01,德地区北,汉堡青年队 vs 云达不莱梅业余队,,,,,,,,,,D:\codex\v3_legacy\outputs\football_odds_trader\raw\titan007\20261001\20261001_084801_titan007_odds_snapshot.csv,NOT_FINAL_STATE_UNKNOWN,a41ada3a61a257cf8552,RUN_20261001_084801,V4,2026-10-01T08:48:01+08:00,2026-10-01T08:48:01+08:00,2026-10-01T20:00:00+08:00,11.2,False,False,False
V4_SHADOW,3095436,2026-10-01,球会友谊,雷根斯堡 vs WSG蒂罗尔,,,,,,,,,,D:\codex\v3_legacy\outputs\football_odds_trader\raw\titan007\20261001\20261001_084801_titan007_odds_snapshot.csv,NOT_FINAL_STATE_UNKNOWN,f17e899093780e1f066e,RUN_20261001_084801,V4,2026-10-01T08:48:01+08:00,2026-10-01T08:48:01+08:00,2026-10-01T20:00:00+08:00,11.2,False,False,False
V4_SHADOW,2955811,2026-10-01,瑞青超西,哥德堡大力士U21 vs 奥尔格里特U21,,,,,,,,,,D:\codex\v3_legacy\outputs\football_odds_trader\raw\titan007\20261001\20261001_084801_titan007_odds_snapshot.csv,NOT_FINAL_STATE_UNKNOWN,253d085ff21f17a503a9,RUN_20261001_084801,V4,2026-10-01T08:48:01+08:00,2026-10-01T08:48:01+08:00,2026-10-01T20:00:00+08:00,11.2,False,False,False
V4_SHADOW,3096778,2026-10-01,以丙,FC卡巴比尔 vs 佐菲海法,,,,,,,,,,D:\codex\v3_legacy\outputs\football_odds_trader\raw\titan007\20261001\20261001_084801_titan007_odds_snapshot.csv,NOT_FINAL_STATE_UNKNOWN,9ea47a4106e291ee21ee,RUN_20261001_084801,V4,2026-10-01T08:48:01+08:00,2026-10-01T08:48:01+08:00,2026-10-01T20:00:00+08:00,11.2,False,False,False
V4_SHADOW,3095246,2026-10-01,国际友谊,美国U17 vs 比利时U17,,,,,,,,,,D:\codex\v3_legacy\outputs\football_odds_trader\raw\titan007\20261001\20261001_084801_titan007_odds_snapshot.csv,NOT_FINAL_STATE_UNKNOWN,53ba1cb70924cb411656,RUN_20261001_084801,V4,2026-10-01T08:48:01+08:00,2026-10-01T08:48:01+08:00,2026-10-01T20:00:00+08:00,11.2,False,False,False
V4_SHADOW,3096745,2026-10-01,马维女联,向前流浪者女足 vs 阿森特女足,,,,,,,,,,D:\codex\v3_legacy\outputs\football_odds_trader\raw\titan007\20261001\20261001_084801_titan007_odds_snapshot.csv,NOT_FINAL_STATE_UNKNOWN,ab30ce6638a2626aba20,RUN_20261001_084801,V4,2026-10-01T08:48:01+08:00,2026-10-01T08:48:01+08:00,2026-10-01T20:30:00+08:00,11.7,False,False,False
V4_SHADOW,3096752,2026-10-01,马维女联,伦菲女足 vs 恩托普瓦女足,,,,,,,,,,D:\codex\v3_legacy\outputs\football_odds_trader\raw\titan007\20261001\20261001_084801_titan007_odds_snapshot.csv,NOT_FINAL_STATE_UNKNOWN,2b98d9d30eb6a41fe3e3,RUN_20261001_084801,V4,2026-10-01T08:48:01+08:00,2026-10-01T08:48:01+08:00,2026-10-01T20:30:00+08:00,11.7,False,False,False
V4_SHADOW,3094427,2026-10-01,女欧U17,爱尔兰女足U17 vs 阿尔巴尼亚女足U17,,,,,,,,,,D:\codex\v3_legacy\outputs\football_odds_trader\raw\titan007\20261001\20261001_084801_titan007_odds_snapshot.csv,NOT_FINAL_STATE_UNKNOWN,006370a8138287d9e318,RUN_20261001_084801,V4,2026-10-01T08:48:01+08:00,2026-10-01T08:48:01+08:00,2026-10-01T21:00:00+08:00,12.2,False,False,False
V4_SHADOW,3096699,2026-10-01,球会友谊,斯特里达 vs 普斯卡什学院,,,,,,,,,,D:\codex\v3_legacy\outputs\football_odds_trader\raw\titan007\20261001\20261001_084801_titan007_odds_snapshot.csv,NOT_FINAL_STATE_UNKNOWN,394dc1c12c675a68ed8a,RUN_20261001_084801,V4,2026-10-01T08:48:01+08:00,2026-10-01T08:48:01+08:00,2026-10-01T21:00:00+08:00,12.2,False,False,False
V4_SHADOW,3096911,2026-10-01,球会友谊,史泰比亚 vs US普莱斯,,,,,,,,,,D:\codex\v3_legacy\outputs\football_odds_trader\raw\titan007\20261001\20261001_084801_titan007_odds_snapshot.csv,NOT_FINAL_STATE_UNKNOWN,b0e3ac2854f3d4b20174,RUN_20261001_084801,V4,2026-10-01T08:48:01+08:00,2026-10-01T08:48:01+08:00,2026-10-01T21:00:00+08:00,12.2,False,False,False
V4_SHADOW,3096932,2026-10-01,阿后备,萨尔塔迈特竞技后备队 vs 雷梅迪奥斯后备队,,,,,,,,,,D:\codex\v3_legacy\outputs\football_odds_trader\raw\titan007\20261001\20261001_084801_titan007_odds_snapshot.csv,NOT_FINAL_STATE_UNKNOWN,317dbe5e1b4f355a26f4,RUN_20261001_084801,V4,2026-10-01T08:48:01+08:00,2026-10-01T08:48:01+08:00,2026-10-01T21:00:00+08:00,12.2,False,False,False
V4_SHADOW,3096922,2026-10-01,赞比女联,ZISD女足 vs 绿鹰女足,,,,,,,,,,D:\codex\v3_legacy\outputs\football_odds_trader\raw\titan007\20261001\20261001_084801_titan007_odds_snapshot.csv,NOT_FINAL_STATE_UNKNOWN,82f2abf7ea6eb34fad34,RUN_20261001_084801,V4,2026-10-01T08:48:01+08:00,2026-10-01T08:48:01+08:00,2026-10-01T21:00:00+08:00,12.2,False,False,False
V4_SHADOW,3095235,2026-10-01,国际友谊,波兰U16 vs 奥地利U16,,,,,,,,,,D:\codex\v3_legacy\outputs\football_odds_trader\raw\titan007\20261001\20261001_084801_titan007_odds_snapshot.csv,NOT_FINAL_STATE_UNKNOWN,23e7a11d21a877f271c7,RUN_20261001_084801,V4,2026-10-01T08:48:01+08:00,2026-10-01T08:48:01+08:00,2026-10-01T21:00:00+08:00,12.2,False,False,False
V4_SHADOW,3096513,2026-10-01,国际友谊,中国U17 vs 坦桑尼亚U17,,,,,,,,,,D:\codex\v3_legacy\outputs\football_odds_trader\raw\titan007\20261001\20261001_084801_titan007_odds_snapshot.csv,NOT_FINAL_STATE_UNKNOWN,be81caa13f8b5a952b81,RUN_20261001_084801,V4,2026-10-01T08:48:01+08:00,2026-10-01T08:48:01+08:00,2026-10-01T21:00:00+08:00,12.2,False,False,False
V4_SHADOW,3074641,2026-10-01,以乙北,伊胡德格布内 vs 马卡比艾哈迈德,,,,,,,,,,D:\codex\v3_legacy\outputs\football_odds_trader\raw\titan007\20261001\20261001_084801_titan007_odds_snapshot.csv,NOT_FINAL_STATE_UNKNOWN,0344b24471f59400344f,RUN_20261001_084801,V4,2026-10-01T08:48:01+08:00,2026-10-01T08:48:01+08:00,2026-10-01T21:30:00+08:00,12.7,False,False,False
V4_SHADOW,3096707,2026-10-01,埃及甲,西拉SC vs 阿由西蒙,,,,,,,,,,D:\codex\v3_legacy\outputs\football_odds_trader\raw\titan007\20261001\20261001_084801_titan007_odds_snapshot.csv,NOT_FINAL_STATE_UNKNOWN,25ee83cd1ee7b0f27354,RUN_20261001_084801,V4,2026-10-01T08:48:01+08:00,2026-10-01T08:48:01+08:00,2026-10-01T21:30:00+08:00,12.7,False,False,False
V4_SHADOW,3095247,2026-10-01,阿曼杯,阿尔纳斯 vs 斯莫尔,,,,,,,,,,D:\codex\v3_legacy\outputs\football_odds_trader\raw\titan007\20261001\20261001_084801_titan007_odds_snapshot.csv,NOT_FINAL_STATE_UNKNOWN,1c13ce04a2955600c223,RUN_20261001_084801,V4,2026-10-01T08:48:01+08:00,2026-10-01T08:48:01+08:00,2026-10-01T21:30:00+08:00,12.7,False,False,False
V4_SHADOW,3096687,2026-10-01,球会友谊,沃尔夫斯堡 vs 哈韦尔斯,,,,,,,,,,D:\codex\v3_legacy\outputs\football_odds_trader\raw\titan007\20261001\20261001_084801_titan007_odds_snapshot.csv,NOT_FINAL_STATE_UNKNOWN,d8c25d3fc59a6ff2793a,RUN_20261001_084801,V4,2026-10-01T08:48:01+08:00,2026-10-01T08:48:01+08:00,2026-10-01T22:00:00+08:00,13.2,False,False,False
V4_SHADOW,3096697,2026-10-01,球会友谊,波勒米迪奥 vs 奥摩尼亚迈欧,,,,,,,,,,D:\codex\v3_legacy\outputs\football_odds_trader\raw\titan007\20261001\20261001_084801_titan007_odds_snapshot.csv,NOT_FINAL_STATE_UNKNOWN,0fbc286caa97de103cc5,RUN_20261001_084801,V4,2026-10-01T08:48:01+08:00,2026-10-01T08:48:01+08:00,2026-10-01T22:00:00+08:00,13.2,False,False,False
V4_SHADOW,3096926,2026-10-01,波兰丙,谢维日普热姆沙河 vs 洛禾卡杜华斯,,,,,,,,,,D:\codex\v3_legacy\outputs\football_odds_trader\raw\titan007\20261001\20261001_084801_titan007_odds_snapshot.csv,NOT_FINAL_STATE_UNKNOWN,cc589b8119c326f4736b,RUN_20261001_084801,V4,2026-10-01T08:48:01+08:00,2026-10-01T08:48:01+08:00,2026-10-01T22:00:00+08:00,13.2,False,False,False
V4_SHADOW,3095237,2026-10-01,国际友谊,德国U17 vs 以色列U17,,,,,,,,,,D:\codex\v3_legacy\outputs\football_odds_trader\raw\titan007\20261001\20261001_084801_titan007_odds_snapshot.csv,NOT_FINAL_STATE_UNKNOWN,198c5a0683c48eaf0da5,RUN_20261001_084801,V4,2026-10-01T08:48:01+08:00,2026-10-01T08:48:01+08:00,2026-10-01T22:00:00+08:00,13.2,False,False,False
V4_SHADOW,3095239,2026-10-01,国际友谊,瑞典U18 vs 乌拉圭U18,,,,,,,,,,D:\codex\v3_legacy\outputs\football_odds_trader\raw\titan007\20261001\20261001_084801_titan007_odds_snapshot.csv,NOT_FINAL_STATE_UNKNOWN,47ba36b4471e6875912c,RUN_20261001_084801,V4,2026-10-01T08:48:01+08:00,2026-10-01T08:48:01+08:00,2026-10-01T22:00:00+08:00,13.2,False,False,False
V4_SHADOW,3095243,2026-10-01,国际友谊,阿塞拜疆U19 vs 阿联酋U19,,,,,,,,,,D:\codex\v3_legacy\outputs\football_odds_trader\raw\titan007\20261001\20261001_084801_titan007_odds_snapshot.csv,NOT_FINAL_STATE_UNKNOWN,75c829eeb3bd81c213ae,RUN_20261001_084801,V4,2026-10-01T08:48:01+08:00,2026-10-01T08:48:01+08:00,2026-10-01T22:00:00+08:00,13.2,False,False,False
V4_SHADOW,3095248,2026-10-01,阿曼杯,巴赫拉 vs 费加亚,,,,,,,,,,D:\codex\v3_legacy\outputs\football_odds_trader\raw\titan007\20261001\20261001_084801_titan007_odds_snapshot.csv,NOT_FINAL_STATE_UNKNOWN,8668a296d49cc9e1c63a,RUN_20261001_084801,V4,2026-10-01T08:48:01+08:00,2026-10-01T08:48:01+08:00,2026-10-01T22:25:00+08:00,13.616,False,False,False
V4_SHADOW,3095250,2026-10-01,阿曼杯,玛斯纳亚 vs 伊卜里,,,,,,,,,,D:\codex\v3_legacy\outputs\football_odds_trader\raw\titan007\20261001\20261001_084801_titan007_odds_snapshot.csv,NOT_FINAL_STATE_UNKNOWN,3f3eff1ec92b7c41978f,RUN_20261001_084801,V4,2026-10-01T08:48:01+08:00,2026-10-01T08:48:01+08:00,2026-10-01T22:25:00+08:00,13.616,False,False,False
V4_SHADOW,3076982,2026-10-01,摩洛超,贝尔卡勒 vs 拉巴特皇家武装,,,,,,,,,,D:\codex\v3_legacy\outputs\football_odds_trader\raw\titan007\20261001\20261001_084801_titan007_odds_snapshot.csv,NOT_FINAL_STATE_UNKNOWN,ebe3738f5246e02006d3,RUN_20261001_084801,V4,2026-10-01T08:48:01+08:00,2026-10-01T08:48:01+08:00,2026-10-01T23:00:00+08:00,14.2,False,False,False
V4_SHADOW,3076985,2026-10-01,摩洛超,马格里布菲斯 vs 拉加竞技,,,,,,,,,,D:\codex\v3_legacy\outputs\football_odds_trader\raw\titan007\20261001\20261001_084801_titan007_odds_snapshot.csv,NOT_FINAL_STATE_UNKNOWN,e7159948b309ed1bc6c3,RUN_20261001_084801,V4,2026-10-01T08:48:01+08:00,2026-10-01T08:48:01+08:00,2026-10-01T23:00:00+08:00,14.2,False,False,False
V4_SHADOW,3076986,2026-10-01,摩洛超,泽马拉 vs 哈斯沙尼亚,,,,,,,,,,D:\codex\v3_legacy\outputs\football_odds_trader\raw\titan007\20261001\20261001_084801_titan007_odds_snapshot.csv,NOT_FINAL_STATE_UNKNOWN,a70882a9e5d54ee77e60,RUN_20261001_084801,V4,2026-10-01T08:48:01+08:00,2026-10-01T08:48:01+08:00,2026-10-01T23:00:00+08:00,14.2,False,False,False
V4_SHADOW,3076987,2026-10-01,摩洛超,卡萨布兰卡维达德 vs 梅克内斯,,,,,,,,,,D:\codex\v3_legacy\outputs\football_odds_trader\raw\titan007\20261001\20261001_084801_titan007_odds_snapshot.csv,NOT_FINAL_STATE_UNKNOWN,b68a3365fbd5d69948fd,RUN_20261001_084801,V4,2026-10-01T08:48:01+08:00,2026-10-01T08:48:01+08:00,2026-10-01T23:00:00+08:00,14.2,False,False,False
V4_SHADOW,3076988,2026-10-01,摩洛超,阿迈勒提兹尼特 vs DHJ哈斯沙尼亚,,,,,,,,,,D:\codex\v3_legacy\outputs\football_odds_trader\raw\titan007\20261001\20261001_084801_titan007_odds_snapshot.csv,NOT_FINAL_STATE_UNKNOWN,7187a036574e46567af2,RUN_20261001_084801,V4,2026-10-01T08:48:01+08:00,2026-10-01T08:48:01+08:00,2026-10-01T23:00:00+08:00,14.2,False,False,False
V4_SHADOW,3076990,2026-10-01,摩洛超,马拉肯查 vs 利替翰丹吉尔,,,,,,,,,,D:\codex\v3_legacy\outputs\football_odds_trader\raw\titan007\20261001\20261001_084801_titan007_odds_snapshot.csv,NOT_FINAL_STATE_UNKNOWN,a3836a452e14b14498a8,RUN_20261001_084801,V4,2026-10-01T08:48:01+08:00,2026-10-01T08:48:01+08:00,2026-10-01T23:00:00+08:00,14.2,False,False,False
V4_SHADOW,3095437,2026-10-01,国际友谊,塞尔维亚女足U17 vs 斯洛文尼亚女足U17,,,,,,,,,,D:\codex\v3_legacy\outputs\football_odds_trader\raw\titan007\20261001\20261001_084801_titan007_odds_snapshot.csv,NOT_FINAL_STATE_UNKNOWN,90772a0578129604c023,RUN_20261001_084801,V4,2026-10-01T08:48:01+08:00,2026-10-01T08:48:01+08:00,2026-10-01T23:00:00+08:00,14.2,False,False,False
V4_SHADOW,3081082,2026-10-01,加纳超,科图科 vs 卡瑞拉联,,,,,,,,,,D:\codex\v3_legacy\outputs\football_odds_trader\raw\titan007\20261001\20261001_084801_titan007_odds_snapshot.csv,NOT_FINAL_STATE_UNKNOWN,a070731830daace693c5,RUN_20261001_084801,V4,2026-10-01T08:48:01+08:00,2026-10-01T08:48:01+08:00,2026-10-01T23:00:00+08:00,14.2,False,False,False
V4_SHADOW,3093619,2026-10-01,西亚U17,约旦U17 vs 阿联酋U17,,,,,,,,,,D:\codex\v3_legacy\outputs\football_odds_trader\raw\titan007\20261001\20261001_084801_titan007_odds_snapshot.csv,NOT_FINAL_STATE_UNKNOWN,456d58965c557dd4d3b2,RUN_20261001_084801,V4,2026-10-01T08:48:01+08:00,2026-10-01T08:48:01+08:00,2026-10-01T23:00:00+08:00,14.2,False,False,False
V4_SHADOW,3095244,2026-10-01,球会友谊,斯图加特 vs 菲尔特,,,,,,,,,,D:\codex\v3_legacy\outputs\football_odds_trader\raw\titan007\20261001\20261001_084801_titan007_odds_snapshot.csv,NOT_FINAL_STATE_UNKNOWN,a9c79ae2c6faf026b9cf,RUN_20261001_084801,V4,2026-10-01T08:48:01+08:00,2026-10-01T08:48:01+08:00,2026-10-01T23:30:00+08:00,14.7,False,False,False
V4_SHADOW,3084261,2026-10-01,挪威杯,拉纳 vs 博德闪耀,,,,,,,,,,D:\codex\v3_legacy\outputs\football_odds_trader\raw\titan007\20261001\20261001_084801_titan007_odds_snapshot.csv,NOT_FINAL_STATE_UNKNOWN,620744f5a30aeea28015,RUN_20261001_084801,V4,2026-10-01T08:48:01+08:00,2026-10-01T08:48:01+08:00,2026-10-02T00:00:00+08:00,15.2,False,False,False
V4_SHADOW,3096686,2026-10-01,球会友谊,特拉布宗体育 vs 德罗赫达联,,,,,,,,,,D:\codex\v3_legacy\outputs\football_odds_trader\raw\titan007\20261001\20261001_084801_titan007_odds_snapshot.csv,NOT_FINAL_STATE_UNKNOWN,a2ad4ab023b6fc58a4fb,RUN_20261001_084801,V4,2026-10-01T08:48:01+08:00,2026-10-01T08:48:01+08:00,2026-10-02T00:00:00+08:00,15.2,False,False,False
V4_SHADOW,3074945,2026-10-01,以乙南,斯德罗 vs 艾佐尔夏普尔,,,,,,,,,,D:\codex\v3_legacy\outputs\football_odds_trader\raw\titan007\20261001\20261001_084801_titan007_odds_snapshot.csv,NOT_FINAL_STATE_UNKNOWN,4e019f1b55f028b3adc9,RUN_20261001_084801,V4,2026-10-01T08:48:01+08:00,2026-10-01T08:48:01+08:00,2026-10-02T00:00:00+08:00,15.2,False,False,False
V4_SHADOW,3086066,2026-10-01,约旦甲,伊哈连姆沙 vs 沙汉,,,,,,,,,,D:\codex\v3_legacy\outputs\football_odds_trader\raw\titan007\20261001\20261001_084801_titan007_odds_snapshot.csv,NOT_FINAL_STATE_UNKNOWN,b690d070fc126a90ee67,RUN_20261001_084801,V4,2026-10-01T08:48:01+08:00,2026-10-01T08:48:01+08:00,2026-10-02T00:00:00+08:00,15.2,False,False,False
V4_SHADOW,3086067,2026-10-01,约旦甲,杰拉什俱乐部 vs 艾尔利,,,,,,,,,,D:\codex\v3_legacy\outputs\football_odds_trader\raw\titan007\20261001\20261001_084801_titan007_odds_snapshot.csv,NOT_FINAL_STATE_UNKNOWN,486466d11beabf6a752d,RUN_20261001_084801,V4,2026-10-01T08:48:01+08:00,2026-10-01T08:48:01+08:00,2026-10-02T00:00:00+08:00,15.2,False,False,False
V4_SHADOW,3086068,2026-10-01,约旦甲,雅莫科 vs 安曼FC,,,,,,,,,,D:\codex\v3_legacy\outputs\football_odds_trader\raw\titan007\20261001\20261001_084801_titan007_odds_snapshot.csv,NOT_FINAL_STATE_UNKNOWN,054f8d4eaabe70b6197e,RUN_20261001_084801,V4,2026-10-01T08:48:01+08:00,2026-10-01T08:48:01+08:00,2026-10-02T00:00:00+08:00,15.2,False,False,False
V4_SHADOW,3096738,2026-10-01,芬K联,LAUTP II vs 库穆STPS,,,,,,,,,,D:\codex\v3_legacy\outputs\football_odds_trader\raw\titan007\20261001\20261001_084801_titan007_odds_snapshot.csv,NOT_FINAL_STATE_UNKNOWN,3df7fd666fee99f55844,RUN_20261001_084801,V4,2026-10-01T08:48:01+08:00,2026-10-01T08:48:01+08:00,2026-10-02T00:00:00+08:00,15.2,False,False,False
V4_SHADOW,3096735,2026-10-01,以丙,希罗米 vs 比达耶特拉维夫巴亚,,,,,,,,,,D:\codex\v3_legacy\outputs\football_odds_trader\raw\titan007\20261001\20261001_084801_titan007_odds_snapshot.csv,NOT_FINAL_STATE_UNKNOWN,47f5f7b44796160d2b2b,RUN_20261001_084801,V4,2026-10-01T08:48:01+08:00,2026-10-01T08:48:01+08:00,2026-10-02T00:00:00+08:00,15.2,False,False,False
V4_SHADOW,3096718,2026-10-01,国际友谊,摩洛哥U23 vs 马里U23,,,,,,,,,,D:\codex\v3_legacy\outputs\football_odds_trader\raw\titan007\20261001\20261001_084801_titan007_odds_snapshot.csv,NOT_FINAL_STATE_UNKNOWN,bf23abdcfe7f2b575706,RUN_20261001_084801,V4,2026-10-01T08:48:01+08:00,2026-10-01T08:48:01+08:00,2026-10-02T00:00:00+08:00,15.2,False,False,False
V4_SHADOW,3096514,2026-10-01,国际友谊,阿根廷U17 vs 墨西哥U17,,,,,,,,,,D:\codex\v3_legacy\outputs\football_odds_trader\raw\titan007\20261001\20261001_084801_titan007_odds_snapshot.csv,NOT_FINAL_STATE_UNKNOWN,a023e6874c783d8df0dc,RUN_20261001_084801,V4,2026-10-01T08:48:01+08:00,2026-10-01T08:48:01+08:00,2026-10-02T00:00:00+08:00,15.2,False,False,False
V4_SHADOW,3074643,2026-10-01,以乙北,夏普尔乌姆法咸姆 vs 卡米尔,,,,,,,,,,D:\codex\v3_legacy\outputs\football_odds_trader\raw\titan007\20261001\20261001_084801_titan007_odds_snapshot.csv,NOT_FINAL_STATE_UNKNOWN,0d0fbcb3067b0e8624c1,RUN_20261001_084801,V4,2026-10-01T08:48:01+08:00,2026-10-01T08:48:01+08:00,2026-10-02T00:30:00+08:00,15.7,False,False,False
V4_SHADOW,3074946,2026-10-01,以乙南,萨巴1928 vs 雷霍沃特夏普尔,,,,,,,,,,D:\codex\v3_legacy\outputs\football_odds_trader\raw\titan007\20261001\20261001_084801_titan007_odds_snapshot.csv,NOT_FINAL_STATE_UNKNOWN,345e0115f356d51fae16,RUN_20261001_084801,V4,2026-10-01T08:48:01+08:00,2026-10-01T08:48:01+08:00,2026-10-02T00:30:00+08:00,15.7,False,False,False
V4_SHADOW,3096737,2026-10-01,奥丁,韦斯切奇联 vs 沃克拉马克,,,,,,,,,,D:\codex\v3_legacy\outputs\football_odds_trader\raw\titan007\20261001\20261001_084801_titan007_odds_snapshot.csv,NOT_FINAL_STATE_UNKNOWN,ac57baf7a880a5333ad2,RUN_20261001_084801,V4,2026-10-01T08:48:01+08:00,2026-10-01T08:48:01+08:00,2026-10-02T00:45:00+08:00,15.95,False,False,False
V4_SHADOW,3096180,2026-10-01,球会友谊,列弗宁 vs 圣约翰,,,,,,,,,,D:\codex\v3_legacy\outputs\football_odds_trader\raw\titan007\20261001\20261001_084801_titan007_odds_snapshot.csv,NOT_FINAL_STATE_UNKNOWN,1092da38bbb543f0240f,RUN_20261001_084801,V4,2026-10-01T08:48:01+08:00,2026-10-01T08:48:01+08:00,2026-10-02T01:00:00+08:00,16.2,False,False,False
V4_SHADOW,3096933,2026-10-01,阿后备,男孩竞技后备队 vs 阿马格罗后备队,,,,,,,,,,D:\codex\v3_legacy\outputs\football_odds_trader\raw\titan007\20261001\20261001_084801_titan007_odds_snapshot.csv,NOT_FINAL_STATE_UNKNOWN,752738ad45f6d3615127,RUN_20261001_084801,V4,2026-10-01T08:48:01+08:00,2026-10-01T08:48:01+08:00,2026-10-02T01:00:00+08:00,16.2,False,False,False
V4_SHADOW,3096937,2026-10-01,阿后备,坎巴塞雷斯后备队 vs 萨卡兹斯帕斯后备队,,,,,,,,,,D:\codex\v3_legacy\outputs\football_odds_trader\raw\titan007\20261001\20261001_084801_titan007_odds_snapshot.csv,NOT_FINAL_STATE_UNKNOWN,687dedda7e27c5d67df8,RUN_20261001_084801,V4,2026-10-01T08:48:01+08:00,2026-10-01T08:48:01+08:00,2026-10-02T01:00:00+08:00,16.2,False,False,False
V4_SHADOW,3096938,2026-10-01,阿后备,菲尼斯竞技后备队 vs 巴拉卡斯体育会后备队,,,,,,,,,,D:\codex\v3_legacy\outputs\football_odds_trader\raw\titan007\20261001\20261001_084801_titan007_odds_snapshot.csv,NOT_FINAL_STATE_UNKNOWN,04ee24b30d6681a3f243,RUN_20261001_084801,V4,2026-10-01T08:48:01+08:00,2026-10-01T08:48:01+08:00,2026-10-02T01:00:00+08:00,16.2,False,False,False
V4_SHADOW,3096734,2026-10-01,以丙,贝特达甘 vs 夏普尔霍德,,,,,,,,,,D:\codex\v3_legacy\outputs\football_odds_trader\raw\titan007\20261001\20261001_084801_titan007_odds_snapshot.csv,NOT_FINAL_STATE_UNKNOWN,9a5971ea3f59bd4c565a,RUN_20261001_084801,V4,2026-10-01T08:48:01+08:00,2026-10-01T08:48:01+08:00,2026-10-02T01:00:00+08:00,16.2,False,False,False
V4_SHADOW,3096728,2026-10-01,以丙,阿布戈什FC vs 比尔舒华马卡比,,,,,,,,,,D:\codex\v3_legacy\outputs\football_odds_trader\raw\titan007\20261001\20261001_084801_titan007_odds_snapshot.csv,NOT_FINAL_STATE_UNKNOWN,2ab6d6a843a57010387b,RUN_20261001_084801,V4,2026-10-01T08:48:01+08:00,2026-10-01T08:48:01+08:00,2026-10-02T01:15:00+08:00,16.45,False,False,False
V4_SHADOW,3095031,2026-10-01,西联杯,圣塔玛塔 vs 叁蔓堤罗,,,,,,,,,,D:\codex\v3_legacy\outputs\football_odds_trader\raw\titan007\20261001\20261001_084801_titan007_odds_snapshot.csv,NOT_FINAL_STATE_UNKNOWN,9d231a7956a3d3fa07c1,RUN_20261001_084801,V4,2026-10-01T08:48:01+08:00,2026-10-01T08:48:01+08:00,2026-10-02T01:30:00+08:00,16.7,False,False,False
V4_SHADOW,3096669,2026-10-01,奥丁,圣普尔顿业余队 vs 威特尔,,,,,,,,,,D:\codex\v3_legacy\outputs\football_odds_trader\raw\titan007\20261001\20261001_084801_titan007_odds_snapshot.csv,NOT_FINAL_STATE_UNKNOWN,7a73cd2b96d252dec1c2,RUN_20261001_084801,V4,2026-10-01T08:48:01+08:00,2026-10-01T08:48:01+08:00,2026-10-02T01:30:00+08:00,16.7,False,False,False
V4_SHADOW,3096731,2026-10-01,以丙,AS侯隆莫 vs 雅坲奥托都西姆,,,,,,,,,,D:\codex\v3_legacy\outputs\football_odds_trader\raw\titan007\20261001\20261001_084801_titan007_odds_snapshot.csv,NOT_FINAL_STATE_UNKNOWN,fe4b8aa5ab7367d233b1,RUN_20261001_084801,V4,2026-10-01T08:48:01+08:00,2026-10-01T08:48:01+08:00,2026-10-02T01:30:00+08:00,16.7,False,False,False
V4_SHADOW,3096181,2026-10-01,球会友谊,皇家贝蒂斯 vs 休达,,,,,,,,,,D:\codex\v3_legacy\outputs\football_odds_trader\raw\titan007\20261001\20261001_084801_titan007_odds_snapshot.csv,NOT_FINAL_STATE_UNKNOWN,a6a63f7e23c684c88c13,RUN_20261001_084801,V4,2026-10-01T08:48:01+08:00,2026-10-01T08:48:01+08:00,2026-10-02T02:00:00+08:00,17.2,False,False,False
V4_SHADOW,3062658,2026-10-01,英U21杯,斯旺西U21 vs 吉林汉姆U21,,,,,,,,,,D:\codex\v3_legacy\outputs\football_odds_trader\raw\titan007\20261001\20261001_084801_titan007_odds_snapshot.csv,NOT_FINAL_STATE_UNKNOWN,9eee907c96de0594e3af,RUN_20261001_084801,V4,2026-10-01T08:48:01+08:00,2026-10-01T08:48:01+08:00,2026-10-02T02:00:00+08:00,17.2,False,False,False
V4_SHADOW,3096931,2026-10-01,阿后备,基尔梅斯阿根廷后备队 vs 阿梅尼奥后备队,,,,,,,,,,D:\codex\v3_legacy\outputs\football_odds_trader\raw\titan007\20261001\20261001_084801_titan007_odds_snapshot.csv,NOT_FINAL_STATE_UNKNOWN,da28ab148fc5a4079835,RUN_20261001_084801,V4,2026-10-01T08:48:01+08:00,2026-10-01T08:48:01+08:00,2026-10-02T02:00:00+08:00,17.2,False,False,False
V4_SHADOW,3096939,2026-10-01,阿后备,科勒加勒斯后备队 vs 特里斯顿后备队,,,,,,,,,,D:\codex\v3_legacy\outputs\football_odds_trader\raw\titan007\20261001\20261001_084801_titan007_odds_snapshot.csv,NOT_FINAL_STATE_UNKNOWN,5c5af86c18044403c68f,RUN_20261001_084801,V4,2026-10-01T08:48:01+08:00,2026-10-01T08:48:01+08:00,2026-10-02T02:00:00+08:00,17.2,False,False,False
V4_SHADOW,3095222,2026-10-01,阿后备,圣胡安圣马丁后备队 vs 拉鲁斯后备队,,,,,,,,,,D:\codex\v3_legacy\outputs\football_odds_trader\raw\titan007\20261001\20261001_084801_titan007_odds_snapshot.csv,NOT_FINAL_STATE_UNKNOWN,e7e1ec9d2d311a9e11cd,RUN_20261001_084801,V4,2026-10-01T08:48:01+08:00,2026-10-01T08:48:01+08:00,2026-10-02T02:00:00+08:00,17.2,False,False,False
V4_SHADOW,3095225,2026-10-01,里约乙,贝尔福罗舒RJ vs 圣塔库鲁RJ,,,,,,,,,,D:\codex\v3_legacy\outputs\football_odds_trader\raw\titan007\20261001\20261001_084801_titan007_odds_snapshot.csv,NOT_FINAL_STATE_UNKNOWN,38bf1bfa9cac9db4102a,RUN_20261001_084801,V4,2026-10-01T08:48:01+08:00,2026-10-01T08:48:01+08:00,2026-10-02T02:00:00+08:00,17.2,False,False,False
V4_SHADOW,3095226,2026-10-01,里约乙,布奥斯 vs 帕拉蒂RJ,,,,,,,,,,D:\codex\v3_legacy\outputs\football_odds_trader\raw\titan007\20261001\20261001_084801_titan007_odds_snapshot.csv,NOT_FINAL_STATE_UNKNOWN,f0f02aa9de7c193ab313,RUN_20261001_084801,V4,2026-10-01T08:48:01+08:00,2026-10-01T08:48:01+08:00,2026-10-02T02:00:00+08:00,17.2,False,False,False
V4_SHADOW,3095227,2026-10-01,里约乙,卡多佐莫雷拉RJ vs 沙瑞拉马卡恩斯RJ,,,,,,,,,,D:\codex\v3_legacy\outputs\football_odds_trader\raw\titan007\20261001\20261001_084801_titan007_odds_snapshot.csv,NOT_FINAL_STATE_UNKNOWN,bba8caed14a606b15b28,RUN_20261001_084801,V4,2026-10-01T08:48:01+08:00,2026-10-01T08:48:01+08:00,2026-10-02T02:00:00+08:00,17.2,False,False,False
V4_SHADOW,3095228,2026-10-01,里约乙,里约热内卢 vs 巴拉曼萨,,,,,,,,,,D:\codex\v3_legacy\outputs\football_odds_trader\raw\titan007\20261001\20261001_084801_titan007_odds_snapshot.csv,NOT_FINAL_STATE_UNKNOWN,c6ba7f48f618569bf7fd,RUN_20261001_084801,V4,2026-10-01T08:48:01+08:00,2026-10-01T08:48:01+08:00,2026-10-02T02:00:00+08:00,17.2,False,False,False
V4_SHADOW,3095229,2026-10-01,里约乙,帕杜阿努 vs 坎波斯AA,,,,,,,,,,D:\codex\v3_legacy\outputs\football_odds_trader\raw\titan007\20261001\20261001_084801_titan007_odds_snapshot.csv,NOT_FINAL_STATE_UNKNOWN,4cf6b31c45d27a8cd38d,RUN_20261001_084801,V4,2026-10-01T08:48:01+08:00,2026-10-01T08:48:01+08:00,2026-10-02T02:00:00+08:00,17.2,False,False,False
V4_SHADOW,2781227,2026-10-01,欧青U21外,圣马力诺U21 vs 西班牙U21,,,,,,,,,,D:\codex\v3_legacy\outputs\football_odds_trader\raw\titan007\20261001\20261001_084801_titan007_odds_snapshot.csv,NOT_FINAL_STATE_UNKNOWN,4e734873d3dc7ec9646f,RUN_20261001_084801,V4,2026-10-01T08:48:01+08:00,2026-10-01T08:48:01+08:00,2026-10-02T02:15:00+08:00,17.45,False,False,False
V4_SHADOW,3096855,2026-10-01,挪威U19,诺斯特兰德U19 vs 弗洛U19,,,,,,,,,,D:\codex\v3_legacy\outputs\football_odds_trader\raw\titan007\20261001\20261001_084801_titan007_odds_snapshot.csv,NOT_FINAL_STATE_UNKNOWN,b4e2ec0a5bc9a523d5cf,RUN_20261001_084801,V4,2026-10-01T08:48:01+08:00,2026-10-01T08:48:01+08:00,2026-10-02T02:15:00+08:00,17.45,False,False,False
V4_SHADOW,3096856,2026-10-01,挪威U19,基沙U19 vs 哈斯勒姆U19,,,,,,,,,,D:\codex\v3_legacy\outputs\football_odds_trader\raw\titan007\20261001\20261001_084801_titan007_odds_snapshot.csv,NOT_FINAL_STATE_UNKNOWN,3ff6fab901cba1387061,RUN_20261001_084801,V4,2026-10-01T08:48:01+08:00,2026-10-01T08:48:01+08:00,2026-10-02T02:15:00+08:00,17.45,False,False,False
V4_SHADOW,3096857,2026-10-01,挪威U19,格杰勒拉森U19 vs 格鲁吕U19,,,,,,,,,,D:\codex\v3_legacy\outputs\football_odds_trader\raw\titan007\20261001\20261001_084801_titan007_odds_snapshot.csv,NOT_FINAL_STATE_UNKNOWN,541797680dc7ee5cd855,RUN_20261001_084801,V4,2026-10-01T08:48:01+08:00,2026-10-01T08:48:01+08:00,2026-10-02T02:15:00+08:00,17.45,False,False,False
V4_SHADOW,3096859,2026-10-01,挪威U19,萨斯伯格U19 vs 克罗佛塔U19,,,,,,,,,,D:\codex\v3_legacy\outputs\football_odds_trader\raw\titan007\20261001\20261001_084801_titan007_odds_snapshot.csv,NOT_FINAL_STATE_UNKNOWN,1f38f0c22c42c3020263,RUN_20261001_084801,V4,2026-10-01T08:48:01+08:00,2026-10-01T08:48:01+08:00,2026-10-02T02:15:00+08:00,17.45,False,False,False
V4_SHADOW,3096858,2026-10-01,挪威U19,斯科德斯莫U19 vs 斯吉德U19,,,,,,,,,,D:\codex\v3_legacy\outputs\football_odds_trader\raw\titan007\20261001\20261001_084801_titan007_odds_snapshot.csv,NOT_FINAL_STATE_UNKNOWN,2f8712b770d3decd5597,RUN_20261001_084801,V4,2026-10-01T08:48:01+08:00,2026-10-01T08:48:01+08:00,2026-10-02T02:30:00+08:00,17.7,False,False,False
V4_SHADOW,3095217,2026-10-01,哥斯乙,卡里阿利 vs 圣塔安娜,,,,,,,,,,D:\codex\v3_legacy\outputs\football_odds_trader\raw\titan007\20261001\20261001_084801_titan007_odds_snapshot.csv,NOT_FINAL_STATE_UNKNOWN,2e937a9c0e895888f800,RUN_20261001_084801,V4,2026-10-01T08:48:01+08:00,2026-10-01T08:48:01+08:00,2026-10-02T03:00:00+08:00,18.2,False,False,False
V4_SHADOW,3095223,2026-10-01,阿后备,CA塔勒瑞斯后备队 vs 戈多伊克鲁斯后备队,,,,,,,,,,D:\codex\v3_legacy\outputs\football_odds_trader\raw\titan007\20261001\20261001_084801_titan007_odds_snapshot.csv,NOT_FINAL_STATE_UNKNOWN,a688d910179e6d7a5553,RUN_20261001_084801,V4,2026-10-01T08:48:01+08:00,2026-10-01T08:48:01+08:00,2026-10-02T04:00:00+08:00,19.2,False,False,False
V4_SHADOW,3096865,2026-10-01,冰岛U19,哈夫纳夫约杜尔U19 vs 凯夫拉维克拿尔维U19,,,,,,,,,,D:\codex\v3_legacy\outputs\football_odds_trader\raw\titan007\20261001\20261001_084801_titan007_odds_snapshot.csv,NOT_FINAL_STATE_UNKNOWN,07094d5a07d127e792b8,RUN_20261001_084801,V4,2026-10-01T08:48:01+08:00,2026-10-01T08:48:01+08:00,2026-10-02T04:00:00+08:00,19.2,False,False,False
V4_SHADOW,3071712,2026-10-01,厄瓜乙降,坎巴亚金融 vs 圣多明各体育,,,,,,,,,,D:\codex\v3_legacy\outputs\football_odds_trader\raw\titan007\20261001\20261001_084801_titan007_odds_snapshot.csv,NOT_FINAL_STATE_UNKNOWN,15f397d38caaeb763fac,RUN_20261001_084801,V4,2026-10-01T08:48:01+08:00,2026-10-01T08:48:01+08:00,2026-10-02T04:30:00+08:00,19.7,False,False,False
V4_SHADOW,3091343,2026-10-01,巴拉杯,亚松森奥林匹亚 vs 卢捷诺体育会,,,,,,,,,,D:\codex\v3_legacy\outputs\football_odds_trader\raw\titan007\20261001\20261001_084801_titan007_odds_snapshot.csv,NOT_FINAL_STATE_UNKNOWN,97b42c264e69bd4b06f7,RUN_20261001_084801,V4,2026-10-01T08:48:01+08:00,2026-10-01T08:48:01+08:00,2026-10-02T06:00:00+08:00,21.2,False,False,False
V4_SHADOW,3061668,2026-10-01,玻利杯,玻利瓦尔 vs 圣荷西德奥罗,,,,,,,,,,D:\codex\v3_legacy\outputs\football_odds_trader\raw\titan007\20261001\20261001_084801_titan007_odds_snapshot.csv,NOT_FINAL_STATE_UNKNOWN,b452ea5421d020aa6bee,RUN_20261001_084801,V4,2026-10-01T08:48:01+08:00,2026-10-01T08:48:01+08:00,2026-10-02T06:30:00+08:00,21.7,False,False,False
V4_SHADOW,3092505,2026-10-01,中北美国联,安圭拉 vs 安提瓜和巴布达,,,,,,,,,,D:\codex\v3_legacy\outputs\football_odds_trader\raw\titan007\20261001\20261001_084801_titan007_odds_snapshot.csv,NOT_FINAL_STATE_UNKNOWN,4cc07f5665286ddd0f84,RUN_20261001_084801,V4,2026-10-01T08:48:01+08:00,2026-10-01T08:48:01+08:00,2026-10-02T07:00:00+08:00,22.2,False,False,False
V4_SHADOW,3092455,2026-10-01,中北美国联,波多黎各 vs 开曼群岛,,,,,,,,,,D:\codex\v3_legacy\outputs\football_odds_trader\raw\titan007\20261001\20261001_084801_titan007_odds_snapshot.csv,NOT_FINAL_STATE_UNKNOWN,ea36f6b67855b532f72e,RUN_20261001_084801,V4,2026-10-01T08:48:01+08:00,2026-10-01T08:48:01+08:00,2026-10-02T08:00:00+08:00,23.2,False,False,False
V4_SHADOW,3061669,2026-10-01,玻利杯,布鲁明 vs 石油独立,,,,,,,,,,D:\codex\v3_legacy\outputs\football_odds_trader\raw\titan007\20261001\20261001_084801_titan007_odds_snapshot.csv,NOT_FINAL_STATE_UNKNOWN,e2d782cabaed4a830884,RUN_20261001_084801,V4,2026-10-01T08:48:01+08:00,2026-10-01T08:48:01+08:00,2026-10-02T08:30:00+08:00,23.7,False,False,False
