list_date,match_id,version,competition,match,fact_score,known_at_decision,new_after_decision,process_gap,error_hypothesis,preventability,evidence_confidence,research_hypothesis,review_status,decision_at,decision_hash,original_action_or_grade
2026-09-18,2908788,V3,美职业,纽约城 vs 纽约红牛,0-0,not reconstructed from future result,,,UNKNOWN,unknown,low,,PENDING_RESULT,2026-09-18T16:00:27+08:00,0b829ce1b59ea16d83ad,不投
2026-09-18,2908788,V4,美职业,纽约城 vs 纽约红牛,0-0,not reconstructed from future result,,,UNKNOWN,unknown,low,,PENDING_RESULT,2026-09-18T16:00:27.683383+08:00,2dfaa690bd103b65a4be,N
2026-09-18,2911374,V3,瑞典女超,马模女足 vs 佐加顿斯女足,0-0,not reconstructed from future result,,,UNKNOWN,unknown,low,,PENDING_RESULT,,,
2026-09-18,2911374,V4,瑞典女超,马模女足 vs 佐加顿斯女足,0-0,not reconstructed from future result,,,UNKNOWN,unknown,low,,PENDING_RESULT,2026-09-18T16:00:27.683383+08:00,fb35f31d46850816c584,
2026-09-18,2912902,V3,挪超,萨普斯堡 vs KFUM奥斯陆,0-0,not reconstructed from future result,,,UNKNOWN,unknown,low,,PENDING_RESULT,2026-09-18T16:00:27+08:00,e0826618cd0619904c96,不投
2026-09-18,2912902,V4,挪超,萨普斯堡 vs KFUM奥斯陆,0-0,not reconstructed from future result,,,UNKNOWN,unknown,low,,PENDING_RESULT,2026-09-18T16:00:27.683383+08:00,dbf495d74cd4ff9fc8c4,C
2026-09-18,2914406,V3,爱超,波希米亚人 vs 德罗赫达联,0-0,not reconstructed from future result,,,UNKNOWN,unknown,low,,PENDING_RESULT,,,
2026-09-18,2914406,V4,爱超,波希米亚人 vs 德罗赫达联,0-0,not reconstructed from future result,,,UNKNOWN,unknown,low,,PENDING_RESULT,2026-09-18T16:00:27.683383+08:00,21213fb24b06c824124c,N
2026-09-18,2914407,V3,爱超,德利城 vs 戈尔韦联,0-0,not reconstructed from future result,,,UNKNOWN,unknown,low,,PENDING_RESULT,,,
2026-09-18,2914407,V4,爱超,德利城 vs 戈尔韦联,0-0,not reconstructed from future result,,,UNKNOWN,unknown,low,,PENDING_RESULT,2026-09-18T16:00:27.683383+08:00,ab30d5ff2befa2e0068d,N
2026-09-18,2914408,V3,爱超,邓多克 vs 谢尔伯恩,0-0,not reconstructed from future result,,,UNKNOWN,unknown,low,,PENDING_RESULT,,,
2026-09-18,2914408,V4,爱超,邓多克 vs 谢尔伯恩,0-0,not reconstructed from future result,,,UNKNOWN,unknown,low,,PENDING_RESULT,2026-09-18T16:00:27.683383+08:00,18a54999576e433c9d0c,
2026-09-18,2914409,V3,爱超,沙姆洛克流浪 vs 沃特福德联队,0-0,not reconstructed from future result,,,UNKNOWN,unknown,low,,PENDING_RESULT,,,
2026-09-18,2914409,V4,爱超,沙姆洛克流浪 vs 沃特福德联队,0-0,not reconstructed from future result,,,UNKNOWN,unknown,low,,PENDING_RESULT,2026-09-18T16:00:27.683383+08:00,73ad432d4c1ff18d769b,N
2026-09-18,2914703,V3,瑞典甲,法尔肯堡 vs 奥斯特桑斯,0-0,not reconstructed from future result,,,UNKNOWN,unknown,low,,PENDING_RESULT,2026-09-18T16:00:27+08:00,5d5ef00f6048ea5ff1d8,不投
2026-09-18,2914703,V4,瑞典甲,法尔肯堡 vs 奥斯特桑斯,0-0,not reconstructed from future result,,,UNKNOWN,unknown,low,,PENDING_RESULT,2026-09-18T16:00:27.683383+08:00,0195625c93bb5c727925,N
2026-09-18,2917125,V3,瑞典女甲,宁高平女足 vs 胡思瓦娜女足,0-0,not reconstructed from future result,,,UNKNOWN,unknown,low,,PENDING_RESULT,,,
2026-09-18,2917125,V4,瑞典女甲,宁高平女足 vs 胡思瓦娜女足,0-0,not reconstructed from future result,,,UNKNOWN,unknown,low,,PENDING_RESULT,2026-09-18T16:00:27.683383+08:00,9d0d5a041468b69307c2,
2026-09-18,2921937,V3,芬甲,哈卡 vs 克鲁比04,0-0,not reconstructed from future result,,,UNKNOWN,unknown,low,,PENDING_RESULT,,,
2026-09-18,2921937,V4,芬甲,哈卡 vs 克鲁比04,0-0,not reconstructed from future result,,,UNKNOWN,unknown,low,,PENDING_RESULT,2026-09-18T16:00:27.683383+08:00,e576a4020ae1fac75570,C
2026-09-18,2921938,V3,芬甲,查普斯 vs EIF埃克纳斯,0-0,not reconstructed from future result,,,UNKNOWN,unknown,low,,PENDING_RESULT,,,
2026-09-18,2921938,V4,芬甲,查普斯 vs EIF埃克纳斯,0-0,not reconstructed from future result,,,UNKNOWN,unknown,low,,PENDING_RESULT,2026-09-18T16:00:27.683383+08:00,3dc2cad24060a4b6386a,C
2026-09-18,2922082,V3,法罗甲,B36托尔斯港 vs NSI鲁纳维克,0-0,not reconstructed from future result,,,UNKNOWN,unknown,low,,PENDING_RESULT,,,
2026-09-18,2922082,V4,法罗甲,B36托尔斯港 vs NSI鲁纳维克,0-0,not reconstructed from future result,,,UNKNOWN,unknown,low,,PENDING_RESULT,2026-09-18T16:00:27.683383+08:00,1142688e0340c087f02f,
2026-09-18,2922083,V3,法罗甲,克拉克斯维克 vs 史卡拉,0-0,not reconstructed from future result,,,UNKNOWN,unknown,low,,PENDING_RESULT,,,
2026-09-18,2922083,V4,法罗甲,克拉克斯维克 vs 史卡拉,0-0,not reconstructed from future result,,,UNKNOWN,unknown,low,,PENDING_RESULT,2026-09-18T16:00:27.683383+08:00,9b05de7e09aaff9a10b2,
2026-09-18,2926986,V3,瑞典丙VG,波尔赞 vs 兰维特IS,0-0,not reconstructed from future result,,,UNKNOWN,unknown,low,,PENDING_RESULT,,,
2026-09-18,2926986,V4,瑞典丙VG,波尔赞 vs 兰维特IS,0-0,not reconstructed from future result,,,UNKNOWN,unknown,low,,PENDING_RESULT,2026-09-18T16:00:27.683383+08:00,c8c3fc4230676bf8b749,
2026-09-18,2926991,V3,瑞典丙VG,拖斯兰达 vs 林多米,0-0,not reconstructed from future result,,,UNKNOWN,unknown,low,,PENDING_RESULT,,,
2026-09-18,2926991,V4,瑞典丙VG,拖斯兰达 vs 林多米,0-0,not reconstructed from future result,,,UNKNOWN,unknown,low,,PENDING_RESULT,2026-09-18T16:00:27.683383+08:00,61d721d0fb77e5892763,
2026-09-18,2927169,V3,瑞典丙SG,斯塔凡斯托普联 vs 奥斯特伦,0-0,not reconstructed from future result,,,UNKNOWN,unknown,low,,PENDING_RESULT,,,
2026-09-18,2927169,V4,瑞典丙SG,斯塔凡斯托普联 vs 奥斯特伦,0-0,not reconstructed from future result,,,UNKNOWN,unknown,low,,PENDING_RESULT,2026-09-18T16:00:27.683383+08:00,46331f7c87016ec325cd,
2026-09-18,2927172,V3,瑞典丙SG,利拉托格 vs 利勒罗,0-0,not reconstructed from future result,,,UNKNOWN,unknown,low,,PENDING_RESULT,,,
2026-09-18,2927172,V4,瑞典丙SG,利拉托格 vs 利勒罗,0-0,not reconstructed from future result,,,UNKNOWN,unknown,low,,PENDING_RESULT,2026-09-18T16:00:27.683383+08:00,11ead9c6ca95003640a6,
2026-09-18,2927352,V3,瑞典丙NG,赫雷斯塔兹 vs 库姆拉,0-0,not reconstructed from future result,,,UNKNOWN,unknown,low,,PENDING_RESULT,,,
2026-09-18,2927352,V4,瑞典丙NG,赫雷斯塔兹 vs 库姆拉,0-0,not reconstructed from future result,,,UNKNOWN,unknown,low,,PENDING_RESULT,2026-09-18T16:00:27.683383+08:00,694fd18695e0fa7df919,
2026-09-18,2927353,V3,瑞典丙NG,胡斯华纳 vs IFK斯克维德,0-0,not reconstructed from future result,,,UNKNOWN,unknown,low,,PENDING_RESULT,,,
2026-09-18,2927353,V4,瑞典丙NG,胡斯华纳 vs IFK斯克维德,0-0,not reconstructed from future result,,,UNKNOWN,unknown,low,,PENDING_RESULT,2026-09-18T16:00:27.683383+08:00,2829f007c5f6310118b4,
2026-09-18,2931449,V3,爱沙甲,哈留足球学院 vs 库雷撒勒,0-0,not reconstructed from future result,,,UNKNOWN,unknown,low,,PENDING_RESULT,,,
2026-09-18,2931449,V4,爱沙甲,哈留足球学院 vs 库雷撒勒,0-0,not reconstructed from future result,,,UNKNOWN,unknown,low,,PENDING_RESULT,2026-09-18T16:00:27.683383+08:00,d21f9fd74f28f2f4ec4b,N
2026-09-18,2934805,V3,阿乙曼特秋,BsAs交流会 vs 联合防卫队,0-0,not reconstructed from future result,,,UNKNOWN,unknown,low,,PENDING_RESULT,2026-09-18T16:00:27+08:00,c7607850f8b52049ecb9,不投
2026-09-18,2934805,V4,阿乙曼特秋,BsAs交流会 vs 联合防卫队,0-0,not reconstructed from future result,,,UNKNOWN,unknown,low,,PENDING_RESULT,2026-09-18T16:00:27.683383+08:00,f486d744b0e2da7b07d7,N
2026-09-18,2935279,V3,阿丙曼特,康巴塞雷斯 vs 乌尔奎萨,0-0,not reconstructed from future result,,,UNKNOWN,unknown,low,,PENDING_RESULT,,,
2026-09-18,2935279,V4,阿丙曼特,康巴塞雷斯 vs 乌尔奎萨,0-0,not reconstructed from future result,,,UNKNOWN,unknown,low,,PENDING_RESULT,2026-09-18T16:00:27.683383+08:00,71b0dde63365fe4a7013,
2026-09-18,2939053,V3,爱甲,阿斯隆城 vs 凯里FC,0-0,not reconstructed from future result,,,UNKNOWN,unknown,low,,PENDING_RESULT,,,
2026-09-18,2939053,V4,爱甲,阿斯隆城 vs 凯里FC,0-0,not reconstructed from future result,,,UNKNOWN,unknown,low,,PENDING_RESULT,2026-09-18T16:00:27.683383+08:00,1859631103570fcc802e,N
2026-09-18,2939054,V3,爱甲,布雷 vs 特瑞特联,0-0,not reconstructed from future result,,,UNKNOWN,unknown,low,,PENDING_RESULT,,,
2026-09-18,2939054,V4,爱甲,布雷 vs 特瑞特联,0-0,not reconstructed from future result,,,UNKNOWN,unknown,low,,PENDING_RESULT,2026-09-18T16:00:27.683383+08:00,823c6750d284adf75c91,N
2026-09-18,2939055,V3,爱甲,科克城 vs 都柏林大学,0-0,not reconstructed from future result,,,UNKNOWN,unknown,low,,PENDING_RESULT,,,
2026-09-18,2939055,V4,爱甲,科克城 vs 都柏林大学,0-0,not reconstructed from future result,,,UNKNOWN,unknown,low,,PENDING_RESULT,2026-09-18T16:00:27.683383+08:00,36fba456e1b07e56b6b6,C
2026-09-18,2939056,V3,爱甲,费恩哈普 vs 朗福德城,0-0,not reconstructed from future result,,,UNKNOWN,unknown,low,,PENDING_RESULT,,,
2026-09-18,2939056,V4,爱甲,费恩哈普 vs 朗福德城,0-0,not reconstructed from future result,,,UNKNOWN,unknown,low,,PENDING_RESULT,2026-09-18T16:00:27.683383+08:00,46f9efa221b6bf755bfd,N
2026-09-18,2939057,V3,爱甲,韦克斯福德 vs 科布漫步者,0-0,not reconstructed from future result,,,UNKNOWN,unknown,low,,PENDING_RESULT,,,
2026-09-18,2939057,V4,爱甲,韦克斯福德 vs 科布漫步者,0-0,not reconstructed from future result,,,UNKNOWN,unknown,low,,PENDING_RESULT,2026-09-18T16:00:27.683383+08:00,ae62f048260fac16a781,N
2026-09-18,2940186,V3,巴西乙,塞阿拉 vs 诺瓦里桑蒂诺,0-0,not reconstructed from future result,,,UNKNOWN,unknown,low,,PENDING_RESULT,2026-09-18T16:00:27+08:00,1e4aa8eb63f2d7bf2fb7,不投
2026-09-18,2940186,V4,巴西乙,塞阿拉 vs 诺瓦里桑蒂诺,0-0,not reconstructed from future result,,,UNKNOWN,unknown,low,,PENDING_RESULT,2026-09-18T16:00:27.683383+08:00,fe6e50e1c2dd1cc4a802,C
2026-09-18,2940192,V3,巴西乙,圣贝纳多 vs 戈亚尼亚竞技,0-0,not reconstructed from future result,,,UNKNOWN,unknown,low,,PENDING_RESULT,2026-09-18T16:00:27+08:00,b9f7f51c390e00fc88db,不投
2026-09-18,2940192,V4,巴西乙,圣贝纳多 vs 戈亚尼亚竞技,0-0,not reconstructed from future result,,,UNKNOWN,unknown,low,,PENDING_RESULT,2026-09-18T16:00:27.683383+08:00,da52b67cea3d039db646,
2026-09-18,2940194,V3,巴西乙,维拉诺瓦 vs 米内罗美洲,0-0,not reconstructed from future result,,,UNKNOWN,unknown,low,,PENDING_RESULT,2026-09-18T16:00:27+08:00,b19fb15419c031ef629f,不投
2026-09-18,2940194,V4,巴西乙,维拉诺瓦 vs 米内罗美洲,0-0,not reconstructed from future result,,,UNKNOWN,unknown,low,,PENDING_RESULT,2026-09-18T16:00:27.683383+08:00,81f6e91d7d60d1afc5c0,C
2026-09-18,2941112,V3,爱沙乙,卡勒威 vs 科罗拉二队,0-0,not reconstructed from future result,,,UNKNOWN,unknown,low,,PENDING_RESULT,,,
2026-09-18,2941112,V4,爱沙乙,卡勒威 vs 科罗拉二队,0-0,not reconstructed from future result,,,UNKNOWN,unknown,low,,PENDING_RESULT,2026-09-18T16:00:27.683383+08:00,275207840e742fa7dd11,
2026-09-18,2944778,V3,中超,浙江俱乐部绿城 vs 武汉三镇,0-0,not reconstructed from future result,,,UNKNOWN,unknown,low,,PENDING_RESULT,2026-09-18T16:00:27+08:00,e12b857c90b4b4d1201f,可投
2026-09-18,2944778,V4,中超,浙江俱乐部绿城 vs 武汉三镇,0-0,not reconstructed from future result,,,UNKNOWN,unknown,low,,PENDING_RESULT,2026-09-18T16:00:27.683383+08:00,ae9c9859f689c047ef85,N
2026-09-18,2948603,V3,白俄超,伯希纳博布鲁伊斯克 vs 明斯克,0-0,not reconstructed from future result,,,UNKNOWN,unknown,low,,PENDING_RESULT,,,
2026-09-18,2948603,V4,白俄超,伯希纳博布鲁伊斯克 vs 明斯克,0-0,not reconstructed from future result,,,UNKNOWN,unknown,low,,PENDING_RESULT,2026-09-18T16:00:27.683383+08:00,359d9fea38e7c7914dc5,N
2026-09-18,2948607,V3,白俄超,迪尼普罗加切夫 vs 阿森纳捷尔任斯克,0-0,not reconstructed from future result,,,UNKNOWN,unknown,low,,PENDING_RESULT,,,
2026-09-18,2948607,V4,白俄超,迪尼普罗加切夫 vs 阿森纳捷尔任斯克,0-0,not reconstructed from future result,,,UNKNOWN,unknown,low,,PENDING_RESULT,2026-09-18T16:00:27.683383+08:00,3044f86b62f2da60d7fd,N
2026-09-18,2951653,V3,中甲,延边龙鼎 vs 广东广州豹,0-0,not reconstructed from future result,,,UNKNOWN,unknown,low,,PENDING_RESULT,2026-09-18T16:00:27+08:00,510b3cc81d249bfee14e,不投
2026-09-18,2951653,V4,中甲,延边龙鼎 vs 广东广州豹,0-0,not reconstructed from future result,,,UNKNOWN,unknown,low,,PENDING_RESULT,2026-09-18T16:00:27.683383+08:00,36be5b412b1ddf87d7ea,N
2026-09-18,2951654,V3,中甲,大连鲲城 vs 宁波职业足球俱乐部,0-0,not reconstructed from future result,,,UNKNOWN,unknown,low,,PENDING_RESULT,2026-09-18T16:00:27+08:00,2d02fddc1929fb155d0b,不投
2026-09-18,2951654,V4,中甲,大连鲲城 vs 宁波职业足球俱乐部,0-0,not reconstructed from future result,,,UNKNOWN,unknown,low,,PENDING_RESULT,2026-09-18T16:00:27.683383+08:00,5f68ee20186d2201f6a2,N
2026-09-18,2951655,V3,中甲,南通支云 vs 广西恒宸,0-0,not reconstructed from future result,,,UNKNOWN,unknown,low,,PENDING_RESULT,2026-09-18T16:00:27+08:00,13b67bead69c4dd4ef2d,可投
2026-09-18,2951655,V4,中甲,南通支云 vs 广西恒宸,0-0,not reconstructed from future result,,,UNKNOWN,unknown,low,,PENDING_RESULT,2026-09-18T16:00:27.683383+08:00,969787d538d3a20e0558,C
2026-09-18,2952580,V3,俄青联,莫斯科切尔塔诺沃青年队 vs 莫斯科迪纳摩青年队,0-0,not reconstructed from future result,,,UNKNOWN,unknown,low,,PENDING_RESULT,,,
2026-09-18,2952580,V4,俄青联,莫斯科切尔塔诺沃青年队 vs 莫斯科迪纳摩青年队,0-0,not reconstructed from future result,,,UNKNOWN,unknown,low,,PENDING_RESULT,2026-09-18T16:00:27.683383+08:00,e570d90c9c48bef291b3,
2026-09-18,2952581,V3,俄青联,莫斯科中央陆军青年队 vs 法克尔青年队,0-0,not reconstructed from future result,,,UNKNOWN,unknown,low,,PENDING_RESULT,,,
2026-09-18,2952581,V4,俄青联,莫斯科中央陆军青年队 vs 法克尔青年队,0-0,not reconstructed from future result,,,UNKNOWN,unknown,low,,PENDING_RESULT,2026-09-18T16:00:27.683383+08:00,67931a4af40a0ee38878,N
2026-09-18,2952582,V3,俄青联,罗斯杜夫青年队 vs 阿尔玛兹安泰青年队,0-0,not reconstructed from future result,,,UNKNOWN,unknown,low,,PENDING_RESULT,,,
2026-09-18,2952582,V4,俄青联,罗斯杜夫青年队 vs 阿尔玛兹安泰青年队,0-0,not reconstructed from future result,,,UNKNOWN,unknown,low,,PENDING_RESULT,2026-09-18T16:00:27.683383+08:00,237c3373b2e9c183a15a,
2026-09-18,2952583,V3,俄青联,科诺普廖夫青年队 vs 喀山鲁宾青年队,0-0,not reconstructed from future result,,,UNKNOWN,unknown,low,,PENDING_RESULT,,,
2026-09-18,2952583,V4,俄青联,科诺普廖夫青年队 vs 喀山鲁宾青年队,0-0,not reconstructed from future result,,,UNKNOWN,unknown,low,,PENDING_RESULT,2026-09-18T16:00:27.683383+08:00,8aab8418ab51cb871e23,N
2026-09-18,2952584,V3,俄青联,克拉斯诺达尔青年队 vs 莫斯科火车头青年队,0-0,not reconstructed from future result,,,UNKNOWN,unknown,low,,PENDING_RESULT,,,
2026-09-18,2952584,V4,俄青联,克拉斯诺达尔青年队 vs 莫斯科火车头青年队,0-0,not reconstructed from future result,,,UNKNOWN,unknown,low,,PENDING_RESULT,2026-09-18T16:00:27.683383+08:00,6897075a825c49be5da9,
2026-09-18,2952585,V3,俄青联,莫斯科罗迪纳青年队 vs 诺夫哥罗德青年队,0-0,not reconstructed from future result,,,UNKNOWN,unknown,low,,PENDING_RESULT,,,
2026-09-18,2952585,V4,俄青联,莫斯科罗迪纳青年队 vs 诺夫哥罗德青年队,0-0,not reconstructed from future result,,,UNKNOWN,unknown,low,,PENDING_RESULT,2026-09-18T16:00:27.683383+08:00,84842f2f6dc8214f2f81,N
2026-09-18,2952586,V3,俄青联,乌拉尔青年队 vs 马哈奇卡拉青年队,0-0,not reconstructed from future result,,,UNKNOWN,unknown,low,,PENDING_RESULT,,,
2026-09-18,2952586,V4,俄青联,乌拉尔青年队 vs 马哈奇卡拉青年队,0-0,not reconstructed from future result,,,UNKNOWN,unknown,low,,PENDING_RESULT,2026-09-18T07:51:48.522282+08:00,d0cb287f6668e732d0c5,
2026-09-18,2952587,V3,俄青联,圣彼德斯堡青年队 vs 莫斯科斯巴达青年队,0-0,not reconstructed from future result,,,UNKNOWN,unknown,low,,PENDING_RESULT,,,
2026-09-18,2952587,V4,俄青联,圣彼德斯堡青年队 vs 莫斯科斯巴达青年队,0-0,not reconstructed from future result,,,UNKNOWN,unknown,low,,PENDING_RESULT,2026-09-18T16:00:27.683383+08:00,6684a3b6ba9075c51431,C
2026-09-18,2953374,V3,哈萨克超,阿克托比 vs 乌利塔哲兹卡兹甘,0-0,not reconstructed from future result,,,UNKNOWN,unknown,low,,PENDING_RESULT,2026-09-18T16:00:27+08:00,356e20b73e7d123a192d,不投
2026-09-18,2953374,V4,哈萨克超,阿克托比 vs 乌利塔哲兹卡兹甘,0-0,not reconstructed from future result,,,UNKNOWN,unknown,low,,PENDING_RESULT,2026-09-18T16:00:27.683383+08:00,47abf66dcc79555d32d3,C
2026-09-18,2953375,V3,哈萨克超,阿勒泰瑟美 vs 伊特什,0-0,not reconstructed from future result,,,UNKNOWN,unknown,low,,PENDING_RESULT,2026-09-18T16:00:27+08:00,87db6f6250a92161572f,不投
2026-09-18,2953375,V4,哈萨克超,阿勒泰瑟美 vs 伊特什,0-0,not reconstructed from future result,,,UNKNOWN,unknown,low,,PENDING_RESULT,2026-09-18T16:00:27.683383+08:00,2b608a519d362a4cd2a6,N
2026-09-18,2953378,V3,哈萨克超,克孜勒扎尔 vs 卡萨尔,0-0,not reconstructed from future result,,,UNKNOWN,unknown,low,,PENDING_RESULT,2026-09-18T16:00:27+08:00,11b310e65a7997ef0ff3,不投
2026-09-18,2953378,V4,哈萨克超,克孜勒扎尔 vs 卡萨尔,0-0,not reconstructed from future result,,,UNKNOWN,unknown,low,,PENDING_RESULT,2026-09-18T16:00:27.683383+08:00,1eb82dc226132c2f86cb,C
2026-09-18,2953379,V3,哈萨克超,奥肯咸特普斯 vs 热尼斯,0-0,not reconstructed from future result,,,UNKNOWN,unknown,low,,PENDING_RESULT,2026-09-18T16:00:27+08:00,3e02e4cd7f8172096bb1,不投
2026-09-18,2953379,V4,哈萨克超,奥肯咸特普斯 vs 热尼斯,0-0,not reconstructed from future result,,,UNKNOWN,unknown,low,,PENDING_RESULT,2026-09-18T16:00:27.683383+08:00,519af55cd2eb7775d6b2,N
2026-09-18,2953381,V3,哈萨克超,斯咸迪苏 vs 卡斯比阿克套,0-0,not reconstructed from future result,,,UNKNOWN,unknown,low,,PENDING_RESULT,2026-09-18T16:00:27+08:00,317f1d6cffdbbd53f15a,不投
2026-09-18,2953381,V4,哈萨克超,斯咸迪苏 vs 卡斯比阿克套,0-0,not reconstructed from future result,,,UNKNOWN,unknown,low,,PENDING_RESULT,2026-09-18T16:00:27.683383+08:00,a070857ab7007bb62b32,N
2026-09-18,2954809,V3,爱沙丙,帕尔努瓦夫鲁B队 vs 塔林军团,0-0,not reconstructed from future result,,,UNKNOWN,unknown,low,,PENDING_RESULT,,,
2026-09-18,2954809,V4,爱沙丙,帕尔努瓦夫鲁B队 vs 塔林军团,0-0,not reconstructed from future result,,,UNKNOWN,unknown,low,,PENDING_RESULT,2026-09-18T16:00:27.683383+08:00,95dc8cdee58e88b17a12,
2026-09-18,2957049,V3,美女职,圣地亚哥波浪女足 vs 堪萨斯城NWSL女足,0-0,not reconstructed from future result,,,UNKNOWN,unknown,low,,PENDING_RESULT,,,
2026-09-18,2957049,V4,美女职,圣地亚哥波浪女足 vs 堪萨斯城NWSL女足,0-0,not reconstructed from future result,,,UNKNOWN,unknown,low,,PENDING_RESULT,2026-09-18T16:00:27.683383+08:00,a8cff89f426c08bf01f4,N
2026-09-18,2962641,V3,阿甲,科尔多瓦中央SDE vs 防卫者,0-0,not reconstructed from future result,,,UNKNOWN,unknown,low,,PENDING_RESULT,2026-09-18T16:00:27+08:00,000abe4637d6d6d945ea,不投
2026-09-18,2962641,V4,阿甲,科尔多瓦中央SDE vs 防卫者,0-0,not reconstructed from future result,,,UNKNOWN,unknown,low,,PENDING_RESULT,2026-09-18T16:00:27.683383+08:00,51275a0935d73f8ebcba,
2026-09-18,2962647,V3,阿甲,竞技俱乐部 vs 萨尔米安杜,0-0,not reconstructed from future result,,,UNKNOWN,unknown,low,,PENDING_RESULT,2026-09-18T16:00:27+08:00,e4cc3b3f897fb4dd658b,不投
2026-09-18,2962647,V4,阿甲,竞技俱乐部 vs 萨尔米安杜,0-0,not reconstructed from future result,,,UNKNOWN,unknown,low,,PENDING_RESULT,2026-09-18T16:00:27.683383+08:00,4265c2d487a0b94d2b09,N
2026-09-18,2965036,V3,哈萨克甲,艾斯坦拿B队 vs 伊基巴斯图特,0-0,not reconstructed from future result,,,UNKNOWN,unknown,low,,PENDING_RESULT,2026-09-18T16:00:27+08:00,70eeddda33d3098ae39a,不投
2026-09-18,2965036,V4,哈萨克甲,艾斯坦拿B队 vs 伊基巴斯图特,0-0,not reconstructed from future result,,,UNKNOWN,unknown,low,,PENDING_RESULT,2026-09-18T16:00:27.683383+08:00,ca41ba073d59a1c5943d,
2026-09-18,2965037,V3,哈萨克甲,汗腾格里 vs 卡拉特B队,0-0,not reconstructed from future result,,,UNKNOWN,unknown,low,,PENDING_RESULT,2026-09-18T16:00:27+08:00,498baf5566e11975a056,不投
2026-09-18,2965037,V4,哈萨克甲,汗腾格里 vs 卡拉特B队,0-0,not reconstructed from future result,,,UNKNOWN,unknown,low,,PENDING_RESULT,2026-09-18T16:00:27.683383+08:00,238eb32f137a61d78f2d,
2026-09-18,2965040,V3,哈萨克甲,图兰突厥斯坦 vs 叶利迈塞米B队,0-0,not reconstructed from future result,,,UNKNOWN,unknown,low,,PENDING_RESULT,2026-09-18T16:00:27+08:00,3267e80cfb84bc7f268b,不投
2026-09-18,2965040,V4,哈萨克甲,图兰突厥斯坦 vs 叶利迈塞米B队,0-0,not reconstructed from future result,,,UNKNOWN,unknown,low,,PENDING_RESULT,2026-09-18T16:00:27.683383+08:00,3fa6026481b6e4e430b2,
2026-09-18,2969789,V3,白俄甲,高美尔B队 vs 明斯克迪纳摩后备队,0-0,not reconstructed from future result,,,UNKNOWN,unknown,low,,PENDING_RESULT,,,
2026-09-18,2969789,V4,白俄甲,高美尔B队 vs 明斯克迪纳摩后备队,0-0,not reconstructed from future result,,,UNKNOWN,unknown,low,,PENDING_RESULT,2026-09-18T16:00:27.683383+08:00,be169dcf150d37518586,
2026-09-18,2993801,V3,意甲,蒙扎 vs 萨索洛,0-0,not reconstructed from future result,,,UNKNOWN,unknown,low,,PENDING_RESULT,2026-09-18T16:00:27+08:00,72823eeee83b2750bd72,可投
2026-09-18,2993801,V4,意甲,蒙扎 vs 萨索洛,0-0,not reconstructed from future result,,,UNKNOWN,unknown,low,,PENDING_RESULT,2026-09-18T16:00:27.683383+08:00,abee9f87b02ddd978b10,
2026-09-18,2995348,V3,法甲,摩纳哥 vs 朗斯,0-0,not reconstructed from future result,,,UNKNOWN,unknown,low,,PENDING_RESULT,2026-09-18T16:00:27+08:00,e35cd0d3666a1f30244b,可投
2026-09-18,2995348,V4,法甲,摩纳哥 vs 朗斯,0-0,not reconstructed from future result,,,UNKNOWN,unknown,low,,PENDING_RESULT,2026-09-18T16:00:27.683383+08:00,8f8cb783ed34746a4a66,C
2026-09-18,2996154,V3,荷甲,格罗宁根 vs 兹沃勒,0-0,not reconstructed from future result,,,UNKNOWN,unknown,low,,PENDING_RESULT,2026-09-18T16:00:27+08:00,888384db40109551e540,可投
2026-09-18,2996154,V4,荷甲,格罗宁根 vs 兹沃勒,0-0,not reconstructed from future result,,,UNKNOWN,unknown,low,,PENDING_RESULT,2026-09-18T16:00:27.683383+08:00,6d830ccef0f7a9d18db0,N
2026-09-18,2996464,V3,荷乙,阿尔梅勒城 vs 赫拉克勒斯,0-0,not reconstructed from future result,,,UNKNOWN,unknown,low,,PENDING_RESULT,2026-09-18T16:00:27+08:00,ebb348c409841220889e,不投
2026-09-18,2996464,V4,荷乙,阿尔梅勒城 vs 赫拉克勒斯,0-0,not reconstructed from future result,,,UNKNOWN,unknown,low,,PENDING_RESULT,2026-09-18T16:00:27.683383+08:00,d4a09d77f7c46d308833,C
2026-09-18,2996465,V3,荷乙,邓伯什 vs 赫尔蒙德,0-0,not reconstructed from future result,,,UNKNOWN,unknown,low,,PENDING_RESULT,2026-09-18T16:00:27+08:00,d812357703d6346d90dd,可投
2026-09-18,2996465,V4,荷乙,邓伯什 vs 赫尔蒙德,0-0,not reconstructed from future result,,,UNKNOWN,unknown,low,,PENDING_RESULT,2026-09-18T16:00:27.683383+08:00,b3b709c649481fd53372,C
2026-09-18,2996466,V3,荷乙,FC埃因霍温 vs 埃门,0-0,not reconstructed from future result,,,UNKNOWN,unknown,low,,PENDING_RESULT,2026-09-18T16:00:27+08:00,62e111f4cfcc3c09d1ae,不投
2026-09-18,2996466,V4,荷乙,FC埃因霍温 vs 埃门,0-0,not reconstructed from future result,,,UNKNOWN,unknown,low,,PENDING_RESULT,2026-09-18T16:00:27.683383+08:00,4273f8ee71677047a0b6,N
2026-09-18,2996467,V3,荷乙,阿贾克斯青年队 vs 罗达JC,0-0,not reconstructed from future result,,,UNKNOWN,unknown,low,,PENDING_RESULT,,,
2026-09-18,2996467,V4,荷乙,阿贾克斯青年队 vs 罗达JC,0-0,not reconstructed from future result,,,UNKNOWN,unknown,low,,PENDING_RESULT,2026-09-18T16:00:27.683383+08:00,d0abe91524159db6adae,N
2026-09-18,2996468,V3,荷乙,阿尔克马尔青年队 vs 福伦丹,0-0,not reconstructed from future result,,,UNKNOWN,unknown,low,,PENDING_RESULT,,,
2026-09-18,2996468,V4,荷乙,阿尔克马尔青年队 vs 福伦丹,0-0,not reconstructed from future result,,,UNKNOWN,unknown,low,,PENDING_RESULT,2026-09-18T16:00:27.683383+08:00,097011d4cbd53c8ab568,N
2026-09-18,2996469,V3,荷乙,乌德勒支青年队 vs 芬洛,0-0,not reconstructed from future result,,,UNKNOWN,unknown,low,,PENDING_RESULT,,,
2026-09-18,2996469,V4,荷乙,乌德勒支青年队 vs 芬洛,0-0,not reconstructed from future result,,,UNKNOWN,unknown,low,,PENDING_RESULT,2026-09-18T16:00:27.683383+08:00,6db3fa3e0bc1d3371896,
2026-09-18,2996470,V3,荷乙,奥斯 vs 多德勒支,0-0,not reconstructed from future result,,,UNKNOWN,unknown,low,,PENDING_RESULT,2026-09-18T16:00:27+08:00,e502ce8c025eb6fb17c8,不投
2026-09-18,2996470,V4,荷乙,奥斯 vs 多德勒支,0-0,not reconstructed from future result,,,UNKNOWN,unknown,low,,PENDING_RESULT,2026-09-18T16:00:27.683383+08:00,b5126b2fa88fa8453178,
2026-09-18,2996471,V3,荷乙,瓦尔韦克 vs 马斯特里赫特,0-0,not reconstructed from future result,,,UNKNOWN,unknown,low,,PENDING_RESULT,2026-09-18T16:00:27+08:00,a597828da76018a22958,可投
2026-09-18,2996471,V4,荷乙,瓦尔韦克 vs 马斯特里赫特,0-0,not reconstructed from future result,,,UNKNOWN,unknown,low,,PENDING_RESULT,2026-09-18T16:00:27.683383+08:00,11db8598347abd961d75,N
2026-09-18,2997411,V3,墨西联秋,普埃布拉 vs 亚特兰特,0-0,not reconstructed from future result,,,UNKNOWN,unknown,low,,PENDING_RESULT,,,
2026-09-18,2997411,V4,墨西联秋,普埃布拉 vs 亚特兰特,0-0,not reconstructed from future result,,,UNKNOWN,unknown,low,,PENDING_RESULT,2026-09-18T16:00:27.683383+08:00,bcc07b2b3c38e89f43cc,N
2026-09-18,2997530,V3,克亚甲,鲁达士 vs 比路朴,0-0,not reconstructed from future result,,,UNKNOWN,unknown,low,,PENDING_RESULT,2026-09-18T16:00:27+08:00,7250ed64cb52b9cac2f5,不投
2026-09-18,2997530,V4,克亚甲,鲁达士 vs 比路朴,0-0,not reconstructed from future result,,,UNKNOWN,unknown,low,,PENDING_RESULT,2026-09-18T16:00:27.683383+08:00,16eb1999b5cf1d98269b,N
2026-09-18,2997726,V3,法乙,阿纳西 vs 第戎,0-0,not reconstructed from future result,,,UNKNOWN,unknown,low,,PENDING_RESULT,2026-09-18T16:00:27+08:00,f3e0c95ca5157c292087,不投
2026-09-18,2997726,V4,法乙,阿纳西 vs 第戎,0-0,not reconstructed from future result,,,UNKNOWN,unknown,low,,PENDING_RESULT,2026-09-18T16:00:27.683383+08:00,8811412ed4129119b573,C
2026-09-18,2997728,V3,法乙,格勒诺布尔 vs 克莱蒙,0-0,not reconstructed from future result,,,UNKNOWN,unknown,low,,PENDING_RESULT,2026-09-18T16:00:27+08:00,670e90000724dadace3d,不投
2026-09-18,2997728,V4,法乙,格勒诺布尔 vs 克莱蒙,0-0,not reconstructed from future result,,,UNKNOWN,unknown,low,,PENDING_RESULT,2026-09-18T16:00:27.683383+08:00,1cc56663f301c135229a,N
2026-09-18,2997730,V3,法乙,拉瓦勒 vs 索肖,0-0,not reconstructed from future result,,,UNKNOWN,unknown,low,,PENDING_RESULT,2026-09-18T16:00:27+08:00,c96173065522d6a0c40d,可投
2026-09-18,2997730,V4,法乙,拉瓦勒 vs 索肖,0-0,not reconstructed from future result,,,UNKNOWN,unknown,low,,PENDING_RESULT,2026-09-18T16:00:27.683383+08:00,03559dd53961345f9268,C
2026-09-18,2997732,V3,法乙,波城 vs USL敦刻尔克,0-0,not reconstructed from future result,,,UNKNOWN,unknown,low,,PENDING_RESULT,2026-09-18T16:00:27+08:00,c42bebef157e91e3002a,不投
2026-09-18,2997732,V4,法乙,波城 vs USL敦刻尔克,0-0,not reconstructed from future result,,,UNKNOWN,unknown,low,,PENDING_RESULT,2026-09-18T16:00:27.683383+08:00,47cdb9ccf2fa9845444a,N
2026-09-18,2997733,V3,法乙,兰斯 vs 蒙彼利埃,0-0,not reconstructed from future result,,,UNKNOWN,unknown,low,,PENDING_RESULT,2026-09-18T16:00:27+08:00,b5f1acd34389d16d0c8e,不投
2026-09-18,2997733,V4,法乙,兰斯 vs 蒙彼利埃,0-0,not reconstructed from future result,,,UNKNOWN,unknown,low,,PENDING_RESULT,2026-09-18T16:00:27.683383+08:00,d8198d0707e6a1798303,N
2026-09-18,2997734,V3,法乙,罗德兹 vs 南锡,0-0,not reconstructed from future result,,,UNKNOWN,unknown,low,,PENDING_RESULT,2026-09-18T16:00:27+08:00,0296a2968956f0204ac7,不投
2026-09-18,2997734,V4,法乙,罗德兹 vs 南锡,0-0,not reconstructed from future result,,,UNKNOWN,unknown,low,,PENDING_RESULT,2026-09-18T16:00:27.683383+08:00,125070e41c070f754e68,N
2026-09-18,2998121,V3,丹麦甲,科灵 vs 希勒罗德,0-0,not reconstructed from future result,,,UNKNOWN,unknown,low,,PENDING_RESULT,2026-09-18T16:00:27+08:00,ab3b61e418f5ba6de1b6,不投
2026-09-18,2998121,V4,丹麦甲,科灵 vs 希勒罗德,0-0,not reconstructed from future result,,,UNKNOWN,unknown,low,,PENDING_RESULT,2026-09-18T16:00:27.683383+08:00,d3d470ee9b851c3e5590,C
2026-09-18,2998250,V3,丹麦超,利恩比 vs 锡尔克堡,0-0,not reconstructed from future result,,,UNKNOWN,unknown,low,,PENDING_RESULT,2026-09-18T16:00:27+08:00,d85a3719d35d833151f8,可投
2026-09-18,2998250,V4,丹麦超,利恩比 vs 锡尔克堡,0-0,not reconstructed from future result,,,UNKNOWN,unknown,low,,PENDING_RESULT,2026-09-18T16:00:27.683383+08:00,c90786e8c9b2e3af70d0,N
2026-09-18,2998368,V3,北马其甲,斯肯迪亚 vs 贝斯基米,0-0,not reconstructed from future result,,,UNKNOWN,unknown,low,,PENDING_RESULT,,,
2026-09-18,2998368,V4,北马其甲,斯肯迪亚 vs 贝斯基米,0-0,not reconstructed from future result,,,UNKNOWN,unknown,low,,PENDING_RESULT,2026-09-18T16:00:27.683383+08:00,28a7548640e17a22e3a2,
2026-09-18,2998369,V3,北马其甲,施历斯 vs 蒂克韦什,0-0,not reconstructed from future result,,,UNKNOWN,unknown,low,,PENDING_RESULT,,,
2026-09-18,2998369,V4,北马其甲,施历斯 vs 蒂克韦什,0-0,not reconstructed from future result,,,UNKNOWN,unknown,low,,PENDING_RESULT,2026-09-18T16:00:27.683383+08:00,5700331cdf44500c1636,
2026-09-18,2998490,V3,保甲,索非亚斯拉维亚 vs 索非亚1948中央陆军,0-0,not reconstructed from future result,,,UNKNOWN,unknown,low,,PENDING_RESULT,,,
2026-09-18,2998490,V4,保甲,索非亚斯拉维亚 vs 索非亚1948中央陆军,0-0,not reconstructed from future result,,,UNKNOWN,unknown,low,,PENDING_RESULT,2026-09-18T16:00:27.683383+08:00,cd92fddb198d1f2b32b6,C
2026-09-18,3000081,V3,日职乙,八户云罗里 vs 宫崎棒牛鸟,0-3,not reconstructed from future result,,,NO_DEMONSTRATED_PROCESS_ERROR,unknown,source-state only,,SETTLED_CANDIDATE,2026-09-18T07:51:48+08:00,6b96e0e8771ef22b2891,不投
2026-09-18,3000081,V4,日职乙,八户云罗里 vs 宫崎棒牛鸟,0-3,not reconstructed from future result,,,NO_DEMONSTRATED_PROCESS_ERROR,unknown,source-state only,,SETTLED_CANDIDATE,2026-09-18T07:51:48.522282+08:00,b0d0c794b60a9a3009ad,C
2026-09-18,3000945,V3,瑞士甲,克里恩斯 vs 卡鲁日星,0-0,not reconstructed from future result,,,UNKNOWN,unknown,low,,PENDING_RESULT,2026-09-18T16:00:27+08:00,391efee40ef544bf9ac3,不投
2026-09-18,3000945,V4,瑞士甲,克里恩斯 vs 卡鲁日星,0-0,not reconstructed from future result,,,UNKNOWN,unknown,low,,PENDING_RESULT,2026-09-18T16:00:27.683383+08:00,a247a6f56571aacca970,
2026-09-18,3000946,V3,瑞士甲,韦尔 vs 尼奈斯,0-0,not reconstructed from future result,,,UNKNOWN,unknown,low,,PENDING_RESULT,2026-09-18T16:00:27+08:00,eef6718776179eeba068,不投
2026-09-18,3000946,V4,瑞士甲,韦尔 vs 尼奈斯,0-0,not reconstructed from future result,,,UNKNOWN,unknown,low,,PENDING_RESULT,2026-09-18T16:00:27.683383+08:00,7d5c9563c8fa3bafd423,B
2026-09-18,3000947,V3,瑞士甲,纳沙泰尔 vs 瑞普斯威尔,0-0,not reconstructed from future result,,,UNKNOWN,unknown,low,,PENDING_RESULT,2026-09-18T16:00:27+08:00,74585f0a06b6886f71d3,不投
2026-09-18,3000947,V4,瑞士甲,纳沙泰尔 vs 瑞普斯威尔,0-0,not reconstructed from future result,,,UNKNOWN,unknown,low,,PENDING_RESULT,2026-09-18T16:00:27.683383+08:00,d2a2f2638e40206942f6,
2026-09-18,3000948,V3,瑞士甲,温特图尔 vs 阿劳,0-0,not reconstructed from future result,,,UNKNOWN,unknown,low,,PENDING_RESULT,2026-09-18T16:00:27+08:00,fa8e1504c132ac2033b4,可投
2026-09-18,3000948,V4,瑞士甲,温特图尔 vs 阿劳,0-0,not reconstructed from future result,,,UNKNOWN,unknown,low,,PENDING_RESULT,2026-09-18T16:00:27.683383+08:00,570952ca8848c403a2a6,C
2026-09-18,3001185,V3,日职丙,熊本深红 vs 松本山雅,0-0,not reconstructed from future result,,,UNKNOWN,unknown,low,,PENDING_RESULT,2026-09-18T16:00:27+08:00,3a12b9ca309845c2c7bf,不投
2026-09-18,3001185,V4,日职丙,熊本深红 vs 松本山雅,0-0,not reconstructed from future result,,,UNKNOWN,unknown,low,,PENDING_RESULT,2026-09-18T16:00:27.683383+08:00,06e7382f5ff2302d912e,N
2026-09-18,3001188,V3,日职丙,大阪俱乐部 vs 福岛FC,0-0,not reconstructed from future result,,,UNKNOWN,unknown,low,,PENDING_RESULT,2026-09-18T16:00:27+08:00,dd5e6f46775d90339afc,不投
2026-09-18,3001188,V4,日职丙,大阪俱乐部 vs 福岛FC,0-0,not reconstructed from future result,,,UNKNOWN,unknown,low,,PENDING_RESULT,2026-09-18T16:00:27.683383+08:00,985250c4ab839cd7992d,N
2026-09-18,3001611,V3,以超,特拉维夫夏普尔 vs 迪克瓦夏普尔,0-0,not reconstructed from future result,,,UNKNOWN,unknown,low,,PENDING_RESULT,,,
2026-09-18,3001611,V4,以超,特拉维夫夏普尔 vs 迪克瓦夏普尔,0-0,not reconstructed from future result,,,UNKNOWN,unknown,low,,PENDING_RESULT,2026-09-18T16:00:27.683383+08:00,fb35d5ae4c970a5aa2ca,N
2026-09-18,3002265,V3,苏冠,女王公园 vs 艾尔联,0-0,not reconstructed from future result,,,UNKNOWN,unknown,low,,PENDING_RESULT,,,
2026-09-18,3002265,V4,苏冠,女王公园 vs 艾尔联,0-0,not reconstructed from future result,,,UNKNOWN,unknown,low,,PENDING_RESULT,2026-09-18T16:00:27.683383+08:00,e083ebafe8b2222d3ac1,N
2026-09-18,3003158,V3,波兰超,维德祖罗兹 vs KS莫摩斯,0-0,not reconstructed from future result,,,UNKNOWN,unknown,low,,PENDING_RESULT,,,
2026-09-18,3003158,V4,波兰超,维德祖罗兹 vs KS莫摩斯,0-0,not reconstructed from future result,,,UNKNOWN,unknown,low,,PENDING_RESULT,2026-09-18T16:00:27.683383+08:00,0b2d92f37d80ec778cbc,N
2026-09-18,3003159,V3,波兰超,克拉科夫 vs 史拉斯科,0-0,not reconstructed from future result,,,UNKNOWN,unknown,low,,PENDING_RESULT,,,
2026-09-18,3003159,V4,波兰超,克拉科夫 vs 史拉斯科,0-0,not reconstructed from future result,,,UNKNOWN,unknown,low,,PENDING_RESULT,2026-09-18T16:00:27.683383+08:00,c7096f97c0821ab53d94,C
2026-09-18,3003575,V3,比甲,根特 vs 标准列日,0-0,not reconstructed from future result,,,UNKNOWN,unknown,low,,PENDING_RESULT,2026-09-18T16:00:27+08:00,25a01d18f224ac254e0d,不投
2026-09-18,3003575,V4,比甲,根特 vs 标准列日,0-0,not reconstructed from future result,,,UNKNOWN,unknown,low,,PENDING_RESULT,2026-09-18T16:00:27.683383+08:00,45b05433c70659fb9a1e,C
2026-09-18,3003890,V3,英超,布伦特福德 vs 切尔西,0-0,not reconstructed from future result,,,UNKNOWN,unknown,low,,PENDING_RESULT,2026-09-18T16:00:27+08:00,dd6e38f1fa4cd30a5baf,可投
2026-09-18,3003890,V4,英超,布伦特福德 vs 切尔西,0-0,not reconstructed from future result,,,UNKNOWN,unknown,low,,PENDING_RESULT,2026-09-18T16:00:27.683383+08:00,e006db27646751db93ec,
2026-09-18,3004503,V3,黑山甲,波德戈里察未来 vs OFK彼德罗瓦茨,0-0,not reconstructed from future result,,,UNKNOWN,unknown,low,,PENDING_RESULT,,,
2026-09-18,3004503,V4,黑山甲,波德戈里察未来 vs OFK彼德罗瓦茨,0-0,not reconstructed from future result,,,UNKNOWN,unknown,low,,PENDING_RESULT,2026-09-18T16:00:27.683383+08:00,507f076b62a819657f99,
2026-09-18,3004995,V3,波兰甲,比托姆 vs 罗切霍茹夫,0-0,not reconstructed from future result,,,UNKNOWN,unknown,low,,PENDING_RESULT,,,
2026-09-18,3004995,V4,波兰甲,比托姆 vs 罗切霍茹夫,0-0,not reconstructed from future result,,,UNKNOWN,unknown,low,,PENDING_RESULT,2026-09-18T16:00:27.683383+08:00,a8ec65d06470b42c7cf7,N
2026-09-18,3004998,V3,波兰甲,瓦塔波兹南 vs 涅波沃米采,0-0,not reconstructed from future result,,,UNKNOWN,unknown,low,,PENDING_RESULT,,,
2026-09-18,3004998,V4,波兰甲,瓦塔波兹南 vs 涅波沃米采,0-0,not reconstructed from future result,,,UNKNOWN,unknown,low,,PENDING_RESULT,2026-09-18T16:00:27.683383+08:00,7f88341e52cdfb883831,N
2026-09-18,3005392,V3,比乙,布鲁日B队 vs 根特B队,0-0,not reconstructed from future result,,,UNKNOWN,unknown,low,,PENDING_RESULT,2026-09-18T16:00:27+08:00,0c23de92a40d4d498e4c,不投
2026-09-18,3005392,V4,比乙,布鲁日B队 vs 根特B队,0-0,not reconstructed from future result,,,UNKNOWN,unknown,low,,PENDING_RESULT,2026-09-18T16:00:27.683383+08:00,0374733005062c8005be,C
2026-09-18,3005393,V3,比乙,法兰波垒斯 vs 安德莱赫特B队,0-0,not reconstructed from future result,,,UNKNOWN,unknown,low,,PENDING_RESULT,2026-09-18T16:00:27+08:00,fe7cbb313b30db823141,不投
2026-09-18,3005393,V4,比乙,法兰波垒斯 vs 安德莱赫特B队,0-0,not reconstructed from future result,,,UNKNOWN,unknown,low,,PENDING_RESULT,2026-09-18T16:00:27.683383+08:00,a0af7cf764dd9ef00ef7,N
2026-09-18,3008237,V3,英冠,布里斯托城 vs 沃特福德,0-0,not reconstructed from future result,,,UNKNOWN,unknown,low,,PENDING_RESULT,2026-09-18T16:00:27+08:00,b88d30e219e540a927e9,不投
2026-09-18,3008237,V4,英冠,布里斯托城 vs 沃特福德,0-0,not reconstructed from future result,,,UNKNOWN,unknown,low,,PENDING_RESULT,2026-09-18T16:00:27.683383+08:00,cc82abaa437c726bff9e,N
2026-09-18,3008955,V3,北爱冠,邓迪拉 vs 斯特拉班竞技,0-0,not reconstructed from future result,,,UNKNOWN,unknown,low,,PENDING_RESULT,,,
2026-09-18,3008955,V4,北爱冠,邓迪拉 vs 斯特拉班竞技,0-0,not reconstructed from future result,,,UNKNOWN,unknown,low,,PENDING_RESULT,2026-09-18T16:00:27.683383+08:00,9c23b84e14254e1306f3,
2026-09-18,3008961,V3,北爱冠,纽维城 vs 安纳,0-0,not reconstructed from future result,,,UNKNOWN,unknown,low,,PENDING_RESULT,,,
2026-09-18,3008961,V4,北爱冠,纽维城 vs 安纳,0-0,not reconstructed from future result,,,UNKNOWN,unknown,low,,PENDING_RESULT,2026-09-18T16:00:27.683383+08:00,e22b7c7dc003314abefb,
2026-09-18,3010036,V3,秘鲁甲秋,利马联盟 vs AD塔尔玛,0-0,not reconstructed from future result,,,UNKNOWN,unknown,low,,PENDING_RESULT,,,
2026-09-18,3010036,V4,秘鲁甲秋,利马联盟 vs AD塔尔玛,0-0,not reconstructed from future result,,,UNKNOWN,unknown,low,,PENDING_RESULT,2026-09-18T16:00:27.683383+08:00,96d19c4fd43513f0fddd,
2026-09-18,3010039,V3,秘鲁甲秋,阿利亚加 vs 卡哈马卡商业联,0-0,not reconstructed from future result,,,UNKNOWN,unknown,low,,PENDING_RESULT,,,
2026-09-18,3010039,V4,秘鲁甲秋,阿利亚加 vs 卡哈马卡商业联,0-0,not reconstructed from future result,,,UNKNOWN,unknown,low,,PENDING_RESULT,2026-09-18T16:00:27.683383+08:00,a52d55c95ed05e053fea,N
2026-09-18,3010428,V3,罗甲,布加勒斯特快速 vs 阿格斯,0-0,not reconstructed from future result,,,UNKNOWN,unknown,low,,PENDING_RESULT,,,
2026-09-18,3010428,V4,罗甲,布加勒斯特快速 vs 阿格斯,0-0,not reconstructed from future result,,,UNKNOWN,unknown,low,,PENDING_RESULT,2026-09-18T16:00:27.683383+08:00,4fed898a9025ef7eff54,C
2026-09-18,3010433,V3,罗甲,阿拉德联队 vs 圣格奥尔基塞普西,0-0,not reconstructed from future result,,,UNKNOWN,unknown,low,,PENDING_RESULT,,,
2026-09-18,3010433,V4,罗甲,阿拉德联队 vs 圣格奥尔基塞普西,0-0,not reconstructed from future result,,,UNKNOWN,unknown,low,,PENDING_RESULT,2026-09-18T16:00:27.683383+08:00,1d351687e7afb8c9346c,N
2026-09-18,3010641,V3,奥甲,维也纳快速 vs WSG蒂罗尔,0-0,not reconstructed from future result,,,UNKNOWN,unknown,low,,PENDING_RESULT,,,
2026-09-18,3010641,V4,奥甲,维也纳快速 vs WSG蒂罗尔,0-0,not reconstructed from future result,,,UNKNOWN,unknown,low,,PENDING_RESULT,2026-09-18T16:00:27.683383+08:00,13e476399100a50bb35f,B
2026-09-18,3011287,V3,危地甲春,齐奥内斯交流会 vs 瓜斯塔托亚,0-0,not reconstructed from future result,,,UNKNOWN,unknown,low,,PENDING_RESULT,,,
2026-09-18,3011287,V4,危地甲春,齐奥内斯交流会 vs 瓜斯塔托亚,0-0,not reconstructed from future result,,,UNKNOWN,unknown,low,,PENDING_RESULT,2026-09-18T16:00:27.683383+08:00,3c1421d868ad5329097c,N
2026-09-18,3011408,V3,匈甲,普斯卡什学院 vs 汉维特,0-0,not reconstructed from future result,,,UNKNOWN,unknown,low,,PENDING_RESULT,,,
2026-09-18,3011408,V4,匈甲,普斯卡什学院 vs 汉维特,0-0,not reconstructed from future result,,,UNKNOWN,unknown,low,,PENDING_RESULT,2026-09-18T16:00:27.683383+08:00,b915daf878996fe667fd,N
2026-09-18,3011857,V3,哥伦甲秋,阿古拉斯多拉达斯 vs 佩雷拉,0-0,not reconstructed from future result,,,UNKNOWN,unknown,low,,PENDING_RESULT,2026-09-18T16:00:27+08:00,edab6fe39705a6576b37,不投
2026-09-18,3011857,V4,哥伦甲秋,阿古拉斯多拉达斯 vs 佩雷拉,0-0,not reconstructed from future result,,,UNKNOWN,unknown,low,,PENDING_RESULT,2026-09-18T16:00:27.683383+08:00,8be3c1d160c27cf55253,N
2026-09-18,3012199,V3,哥伦乙秋,帕特里奥坦斯 vs 马达莱纳联,0-0,not reconstructed from future result,,,UNKNOWN,unknown,low,,PENDING_RESULT,2026-09-18T16:00:27+08:00,33d177d8b02086101b01,不投
2026-09-18,3012199,V4,哥伦乙秋,帕特里奥坦斯 vs 马达莱纳联,0-0,not reconstructed from future result,,,UNKNOWN,unknown,low,,PENDING_RESULT,2026-09-18T16:00:27.683383+08:00,808ccfe2a7e0fb566ef3,N
2026-09-18,3012515,V3,乌克超,查诺莫斯 vs 奥博隆,0-0,not reconstructed from future result,,,UNKNOWN,unknown,low,,PENDING_RESULT,2026-09-18T16:00:27+08:00,0bf48f6ed870fe8d758e,不投
2026-09-18,3012515,V4,乌克超,查诺莫斯 vs 奥博隆,0-0,not reconstructed from future result,,,UNKNOWN,unknown,low,,PENDING_RESULT,2026-09-18T16:00:27.683383+08:00,0702777877a6afc7eb6b,
2026-09-18,3012521,V3,乌克超,普莱西亚 vs 克里夫巴斯,0-0,not reconstructed from future result,,,UNKNOWN,unknown,low,,PENDING_RESULT,2026-09-18T16:00:27+08:00,2310940b597c56345f78,不投
2026-09-18,3012521,V4,乌克超,普莱西亚 vs 克里夫巴斯,0-0,not reconstructed from future result,,,UNKNOWN,unknown,low,,PENDING_RESULT,2026-09-18T16:00:27.683383+08:00,0b3f26998b8583e5ba74,N
2026-09-18,3013095,V3,苏女超,凯尔特人女足 vs 马瑟韦尔女足,0-0,not reconstructed from future result,,,UNKNOWN,unknown,low,,PENDING_RESULT,,,
2026-09-18,3013095,V4,苏女超,凯尔特人女足 vs 马瑟韦尔女足,0-0,not reconstructed from future result,,,UNKNOWN,unknown,low,,PENDING_RESULT,2026-09-18T16:00:27.683383+08:00,1a3635f73c1d87f1f14a,
2026-09-18,3013706,V3,西甲,西班牙人 vs 埃尔切,0-0,not reconstructed from future result,,,UNKNOWN,unknown,low,,PENDING_RESULT,2026-09-18T16:00:27+08:00,bf5b596474b989f3694a,可投
2026-09-18,3013706,V4,西甲,西班牙人 vs 埃尔切,0-0,not reconstructed from future result,,,UNKNOWN,unknown,low,,PENDING_RESULT,2026-09-18T16:00:27.683383+08:00,2a277518087ea070d19c,C
2026-09-18,3014077,V3,西乙,阿尔巴塞特 vs 科尔多瓦,0-0,not reconstructed from future result,,,UNKNOWN,unknown,low,,PENDING_RESULT,2026-09-18T16:00:27+08:00,618e4d17f4fd0df0cfb7,可投
2026-09-18,3014077,V4,西乙,阿尔巴塞特 vs 科尔多瓦,0-0,not reconstructed from future result,,,UNKNOWN,unknown,low,,PENDING_RESULT,2026-09-18T16:00:27.683383+08:00,7afe154fe2be2e578842,C
2026-09-18,3014521,V3,西协甲,洛格朗尼斯 vs 庞特贝德拉,0-0,not reconstructed from future result,,,UNKNOWN,unknown,low,,PENDING_RESULT,2026-09-18T16:00:27+08:00,8c76cf61767526030c7e,不投
2026-09-18,3014521,V4,西协甲,洛格朗尼斯 vs 庞特贝德拉,0-0,not reconstructed from future result,,,UNKNOWN,unknown,low,,PENDING_RESULT,2026-09-18T16:00:27.683383+08:00,5ea5c99fd0bad9650a4f,N
2026-09-18,3017518,V3,意青联,白化莱夫青年队 vs 切辛纳青年队,0-0,not reconstructed from future result,,,UNKNOWN,unknown,low,,PENDING_RESULT,,,
2026-09-18,3017518,V4,意青联,白化莱夫青年队 vs 切辛纳青年队,0-0,not reconstructed from future result,,,UNKNOWN,unknown,low,,PENDING_RESULT,2026-09-18T16:00:27.683383+08:00,077dd2b6b7e24bde18f7,
2026-09-18,3017907,V3,奥乙,BW林茨 vs 阿德米拉,0-0,not reconstructed from future result,,,UNKNOWN,unknown,low,,PENDING_RESULT,,,
2026-09-18,3017907,V4,奥乙,BW林茨 vs 阿德米拉,0-0,not reconstructed from future result,,,UNKNOWN,unknown,low,,PENDING_RESULT,2026-09-18T16:00:27.683383+08:00,f24bbefd81c5aac9acc5,C
2026-09-18,3017908,V3,奥乙,弗洛里茨多夫 vs 列弗宁,0-0,not reconstructed from future result,,,UNKNOWN,unknown,low,,PENDING_RESULT,,,
2026-09-18,3017908,V4,奥乙,弗洛里茨多夫 vs 列弗宁,0-0,not reconstructed from future result,,,UNKNOWN,unknown,low,,PENDING_RESULT,2026-09-18T16:00:27.683383+08:00,4a52d5373da3c5095b69,C
2026-09-18,3017909,V3,奥乙,WSC赫塔威尔斯 vs 第一维也纳,0-0,not reconstructed from future result,,,UNKNOWN,unknown,low,,PENDING_RESULT,,,
2026-09-18,3017909,V4,奥乙,WSC赫塔威尔斯 vs 第一维也纳,0-0,not reconstructed from future result,,,UNKNOWN,unknown,low,,PENDING_RESULT,2026-09-18T16:00:27.683383+08:00,d178a50b2d2a7530fe30,N
2026-09-18,3017910,V3,奥乙,卡芬堡 vs 阿姆斯特顿,0-0,not reconstructed from future result,,,UNKNOWN,unknown,low,,PENDING_RESULT,,,
2026-09-18,3017910,V4,奥乙,卡芬堡 vs 阿姆斯特顿,0-0,not reconstructed from future result,,,UNKNOWN,unknown,low,,PENDING_RESULT,2026-09-18T16:00:27.683383+08:00,fc70538f042e1f081b22,N
2026-09-18,3018814,V3,德甲,拜仁慕尼黑 vs 柏林联合,0-0,not reconstructed from future result,,,UNKNOWN,unknown,low,,PENDING_RESULT,2026-09-18T16:00:27+08:00,c6d0da86b177ec3bd1d8,可投
2026-09-18,3018814,V4,德甲,拜仁慕尼黑 vs 柏林联合,0-0,not reconstructed from future result,,,UNKNOWN,unknown,low,,PENDING_RESULT,2026-09-18T16:00:27.683383+08:00,0881840cff0a4be5229b,A
2026-09-18,3019139,V3,德乙,菲尔特 vs 马格德堡,0-0,not reconstructed from future result,,,UNKNOWN,unknown,low,,PENDING_RESULT,2026-09-18T16:00:27+08:00,9ca43c2f0e179c054dc9,可投
2026-09-18,3019139,V4,德乙,菲尔特 vs 马格德堡,0-0,not reconstructed from future result,,,UNKNOWN,unknown,low,,PENDING_RESULT,2026-09-18T16:00:27.683383+08:00,e758dde39aa94e837903,C
2026-09-18,3019145,V3,德乙,沃尔夫斯堡 vs 达姆施塔特,0-0,not reconstructed from future result,,,UNKNOWN,unknown,low,,PENDING_RESULT,2026-09-18T16:00:27+08:00,237ec266b861673b3f66,可投
2026-09-18,3019145,V4,德乙,沃尔夫斯堡 vs 达姆施塔特,0-0,not reconstructed from future result,,,UNKNOWN,unknown,low,,PENDING_RESULT,2026-09-18T16:00:27.683383+08:00,cc70f106664898494767,C
2026-09-18,3019529,V3,威超,空中巴士 vs 弗林特镇,0-0,not reconstructed from future result,,,UNKNOWN,unknown,low,,PENDING_RESULT,,,
2026-09-18,3019529,V4,威超,空中巴士 vs 弗林特镇,0-0,not reconstructed from future result,,,UNKNOWN,unknown,low,,PENDING_RESULT,2026-09-18T16:00:27.683383+08:00,6a847b0983a8dfd51251,C
2026-09-18,3019530,V3,威超,阿曼福德 vs 佩尼邦,0-0,not reconstructed from future result,,,UNKNOWN,unknown,low,,PENDING_RESULT,,,
2026-09-18,3019530,V4,威超,阿曼福德 vs 佩尼邦,0-0,not reconstructed from future result,,,UNKNOWN,unknown,low,,PENDING_RESULT,2026-09-18T16:00:27.683383+08:00,2d7d8dd61aa3191ee84f,N
2026-09-18,3019531,V3,威超,布里顿费里 vs 特芬琳,0-0,not reconstructed from future result,,,UNKNOWN,unknown,low,,PENDING_RESULT,,,
2026-09-18,3019531,V4,威超,布里顿费里 vs 特芬琳,0-0,not reconstructed from future result,,,UNKNOWN,unknown,low,,PENDING_RESULT,2026-09-18T16:00:27.683383+08:00,edb9983ea2efa170e7fb,C
2026-09-18,3019532,V3,威超,卡那封 vs 卡姆比利安,0-0,not reconstructed from future result,,,UNKNOWN,unknown,low,,PENDING_RESULT,,,
2026-09-18,3019532,V4,威超,卡那封 vs 卡姆比利安,0-0,not reconstructed from future result,,,UNKNOWN,unknown,low,,PENDING_RESULT,2026-09-18T16:00:27.683383+08:00,af35e55c70090a3d9e6b,
2026-09-18,3019533,V3,威超,科尔温湾 vs 巴里镇联,0-0,not reconstructed from future result,,,UNKNOWN,unknown,low,,PENDING_RESULT,,,
2026-09-18,3019533,V4,威超,科尔温湾 vs 巴里镇联,0-0,not reconstructed from future result,,,UNKNOWN,unknown,low,,PENDING_RESULT,2026-09-18T16:00:27.683383+08:00,46cbf3537bf29460eb6f,C
2026-09-18,3019534,V3,威超,康纳斯码头 vs 卡迪夫都市大学,0-0,not reconstructed from future result,,,UNKNOWN,unknown,low,,PENDING_RESULT,,,
2026-09-18,3019534,V4,威超,康纳斯码头 vs 卡迪夫都市大学,0-0,not reconstructed from future result,,,UNKNOWN,unknown,low,,PENDING_RESULT,2026-09-18T16:00:27.683383+08:00,3a49f07b5584f5bba846,B
2026-09-18,3019535,V3,威超,西哈弗福德 vs 霍利韦尔,0-0,not reconstructed from future result,,,UNKNOWN,unknown,low,,PENDING_RESULT,,,
2026-09-18,3019535,V4,威超,西哈弗福德 vs 霍利韦尔,0-0,not reconstructed from future result,,,UNKNOWN,unknown,low,,PENDING_RESULT,2026-09-18T16:00:27.683383+08:00,da3028f9d33efe0179f0,
2026-09-18,3020327,V3,奥丙东,罗格尼兹 vs SV霍恩,0-0,not reconstructed from future result,,,UNKNOWN,unknown,low,,PENDING_RESULT,,,
2026-09-18,3020327,V4,奥丙东,罗格尼兹 vs SV霍恩,0-0,not reconstructed from future result,,,UNKNOWN,unknown,low,,PENDING_RESULT,2026-09-18T16:00:27.683383+08:00,3be1f59a49c713bda4c6,
2026-09-18,3020328,V3,奥丙东,特赖斯基兴 vs 曼斯多夫,0-0,not reconstructed from future result,,,UNKNOWN,unknown,low,,PENDING_RESULT,,,
2026-09-18,3020328,V4,奥丙东,特赖斯基兴 vs 曼斯多夫,0-0,not reconstructed from future result,,,UNKNOWN,unknown,low,,PENDING_RESULT,2026-09-18T16:00:27.683383+08:00,ce745995c8419bc63b6f,
2026-09-18,3020330,V3,奥丙东,法沃利特奈尔 vs 克林斯马,0-0,not reconstructed from future result,,,UNKNOWN,unknown,low,,PENDING_RESULT,,,
2026-09-18,3020330,V4,奥丙东,法沃利特奈尔 vs 克林斯马,0-0,not reconstructed from future result,,,UNKNOWN,unknown,low,,PENDING_RESULT,2026-09-18T16:00:27.683383+08:00,3111748da6a4877d0c46,
2026-09-18,3020331,V3,奥丙东,奥伯华特 vs 帕多夫,0-0,not reconstructed from future result,,,UNKNOWN,unknown,low,,PENDING_RESULT,,,
2026-09-18,3020331,V4,奥丙东,奥伯华特 vs 帕多夫,0-0,not reconstructed from future result,,,UNKNOWN,unknown,low,,PENDING_RESULT,2026-09-18T16:00:27.683383+08:00,1e90b88416b9d6b351ac,
2026-09-18,3020332,V3,奥丙东,维也纳SC vs 雷欧贝多夫,0-0,not reconstructed from future result,,,UNKNOWN,unknown,low,,PENDING_RESULT,,,
2026-09-18,3020332,V4,奥丙东,维也纳SC vs 雷欧贝多夫,0-0,not reconstructed from future result,,,UNKNOWN,unknown,low,,PENDING_RESULT,2026-09-18T16:00:27.683383+08:00,4f3b1cd28a793aa864b8,
2026-09-18,3020334,V3,奥丙东,马特斯堡 vs SV多瑙,0-0,not reconstructed from future result,,,UNKNOWN,unknown,low,,PENDING_RESULT,,,
2026-09-18,3020334,V4,奥丙东,马特斯堡 vs SV多瑙,0-0,not reconstructed from future result,,,UNKNOWN,unknown,low,,PENDING_RESULT,2026-09-18T16:00:27.683383+08:00,7313c3986c41135fceb0,
2026-09-18,3020888,V3,丹麦乙,阿玛盖尔 vs 纳斯特维德,0-0,not reconstructed from future result,,,UNKNOWN,unknown,low,,PENDING_RESULT,2026-09-18T16:00:27+08:00,081b3013195ed32754e6,不投
2026-09-18,3020888,V4,丹麦乙,阿玛盖尔 vs 纳斯特维德,0-0,not reconstructed from future result,,,UNKNOWN,unknown,low,,PENDING_RESULT,2026-09-18T16:00:27.683383+08:00,90834156abe941ee8e50,
2026-09-18,3020889,V3,丹麦乙,尼克宾 vs 海勒鲁普,0-0,not reconstructed from future result,,,UNKNOWN,unknown,low,,PENDING_RESULT,2026-09-18T16:00:27+08:00,2b6d2edf01f0466170a9,不投
2026-09-18,3020889,V4,丹麦乙,尼克宾 vs 海勒鲁普,0-0,not reconstructed from future result,,,UNKNOWN,unknown,low,,PENDING_RESULT,2026-09-18T16:00:27.683383+08:00,ea04edacff40b6fea2ce,
2026-09-18,3020890,V3,丹麦乙,罗斯基德 vs 法特列斯堡,0-0,not reconstructed from future result,,,UNKNOWN,unknown,low,,PENDING_RESULT,2026-09-18T16:00:27+08:00,6c03311e8a5e3e7e886a,不投
2026-09-18,3020890,V4,丹麦乙,罗斯基德 vs 法特列斯堡,0-0,not reconstructed from future result,,,UNKNOWN,unknown,low,,PENDING_RESULT,2026-09-18T16:00:27.683383+08:00,b1e10caadfbc2b065c06,
2026-09-18,3020891,V3,丹麦乙,斯基夫 vs B93哥本哈根,0-0,not reconstructed from future result,,,UNKNOWN,unknown,low,,PENDING_RESULT,2026-09-18T16:00:27+08:00,5d979ce5ae85e5f9301d,不投
2026-09-18,3020891,V4,丹麦乙,斯基夫 vs B93哥本哈根,0-0,not reconstructed from future result,,,UNKNOWN,unknown,low,,PENDING_RESULT,2026-09-18T16:00:27.683383+08:00,7848dcd22ed04e83a60e,
2026-09-18,3021020,V3,丹麦丙,霍尔贝克 vs 灵斯泰德,0-0,not reconstructed from future result,,,UNKNOWN,unknown,low,,PENDING_RESULT,,,
2026-09-18,3021020,V4,丹麦丙,霍尔贝克 vs 灵斯泰德,0-0,not reconstructed from future result,,,UNKNOWN,unknown,low,,PENDING_RESULT,2026-09-18T16:00:27.683383+08:00,d96d4a67189caede6948,
2026-09-18,3021988,V3,俄甲,切里宾斯克 vs 乌法,0-0,not reconstructed from future result,,,UNKNOWN,unknown,low,,PENDING_RESULT,2026-09-18T16:00:27+08:00,01a7d94642fe84d0c730,可投
2026-09-18,3021988,V4,俄甲,切里宾斯克 vs 乌法,0-0,not reconstructed from future result,,,UNKNOWN,unknown,low,,PENDING_RESULT,2026-09-18T16:00:27.683383+08:00,93f6acb29769a788de58,C
2026-09-18,3021989,V3,俄甲,下卡姆斯克石油 vs 乌拉尔,0-0,not reconstructed from future result,,,UNKNOWN,unknown,low,,PENDING_RESULT,2026-09-18T16:00:27+08:00,1e2579ff0031cc362c25,不投
2026-09-18,3021989,V4,俄甲,下卡姆斯克石油 vs 乌拉尔,0-0,not reconstructed from future result,,,UNKNOWN,unknown,low,,PENDING_RESULT,2026-09-18T16:00:27.683383+08:00,67a5c92f7a113aaa1474,N
2026-09-18,3021991,V3,俄甲,辛历克 vs 卡马斯,0-0,not reconstructed from future result,,,UNKNOWN,unknown,low,,PENDING_RESULT,2026-09-18T16:00:27+08:00,4d1401ee8e57f7719451,不投
2026-09-18,3021991,V4,俄甲,辛历克 vs 卡马斯,0-0,not reconstructed from future result,,,UNKNOWN,unknown,low,,PENDING_RESULT,2026-09-18T16:00:27.683383+08:00,15e21ebfb6f894812520,N
2026-09-18,3021992,V3,俄甲,索契 vs SKA哈巴罗夫斯克,0-0,not reconstructed from future result,,,UNKNOWN,unknown,low,,PENDING_RESULT,2026-09-18T16:00:27+08:00,521d15da54ad75cf5aa0,不投
2026-09-18,3021992,V4,俄甲,索契 vs SKA哈巴罗夫斯克,0-0,not reconstructed from future result,,,UNKNOWN,unknown,low,,PENDING_RESULT,2026-09-18T16:00:27.683383+08:00,83eba0355e0aba31cd55,N
2026-09-18,3021995,V3,俄甲,乌里扬诺夫斯克伏尔加 vs 科斯特罗马斯巴达,0-0,not reconstructed from future result,,,UNKNOWN,unknown,low,,PENDING_RESULT,2026-09-18T16:00:27+08:00,1ad63559e0874dcad388,不投
2026-09-18,3021995,V4,俄甲,乌里扬诺夫斯克伏尔加 vs 科斯特罗马斯巴达,0-0,not reconstructed from future result,,,UNKNOWN,unknown,low,,PENDING_RESULT,2026-09-18T16:00:27.683383+08:00,16f3e982dddc1aee42e5,
2026-09-18,3022305,V3,奥丙西,多恩比纳 vs FC劳特拉赫,0-0,not reconstructed from future result,,,UNKNOWN,unknown,low,,PENDING_RESULT,,,
2026-09-18,3022305,V4,奥丙西,多恩比纳 vs FC劳特拉赫,0-0,not reconstructed from future result,,,UNKNOWN,unknown,low,,PENDING_RESULT,2026-09-18T16:00:27.683383+08:00,d744ba31d947d5ae3333,
2026-09-18,3022539,V3,奥丙南,阿勒黑里根 vs 拉夫尼茨,0-0,not reconstructed from future result,,,UNKNOWN,unknown,low,,PENDING_RESULT,,,
2026-09-18,3022539,V4,奥丙南,阿勒黑里根 vs 拉夫尼茨,0-0,not reconstructed from future result,,,UNKNOWN,unknown,low,,PENDING_RESULT,2026-09-18T16:00:27.683383+08:00,e4ecbeb2d80d804a10ba,
2026-09-18,3022540,V3,奥丙南,杜斯兰堡 vs 卡尔斯多夫,0-0,not reconstructed from future result,,,UNKNOWN,unknown,low,,PENDING_RESULT,,,
2026-09-18,3022540,V4,奥丙南,杜斯兰堡 vs 卡尔斯多夫,0-0,not reconstructed from future result,,,UNKNOWN,unknown,low,,PENDING_RESULT,2026-09-18T16:00:27.683383+08:00,10b472adf6a9fe11230e,
2026-09-18,3022541,V3,奥丙南,维兹 vs 格来斯多夫,0-0,not reconstructed from future result,,,UNKNOWN,unknown,low,,PENDING_RESULT,,,
2026-09-18,3022541,V4,奥丙南,维兹 vs 格来斯多夫,0-0,not reconstructed from future result,,,UNKNOWN,unknown,low,,PENDING_RESULT,2026-09-18T16:00:27.683383+08:00,e2bc79dbcb525f8a0d75,
2026-09-18,3022543,V3,奥丙南,克马克特 vs 特赖巴赫,0-0,not reconstructed from future result,,,UNKNOWN,unknown,low,,PENDING_RESULT,,,
2026-09-18,3022543,V4,奥丙南,克马克特 vs 特赖巴赫,0-0,not reconstructed from future result,,,UNKNOWN,unknown,low,,PENDING_RESULT,2026-09-18T16:00:27.683383+08:00,33b0e0f7aaf12eeb1859,
2026-09-18,3022655,V3,奥丙北,瓦勒恩 vs 古尔腾,0-0,not reconstructed from future result,,,UNKNOWN,unknown,low,,PENDING_RESULT,,,
2026-09-18,3022655,V4,奥丙北,瓦勒恩 vs 古尔腾,0-0,not reconstructed from future result,,,UNKNOWN,unknown,low,,PENDING_RESULT,2026-09-18T16:00:27.683383+08:00,d1a9b512d4eb1d79b6e4,
2026-09-18,3022657,V3,奥丙北,库赫尔 vs OTSU哈莱恩,0-0,not reconstructed from future result,,,UNKNOWN,unknown,low,,PENDING_RESULT,,,
2026-09-18,3022657,V4,奥丙北,库赫尔 vs OTSU哈莱恩,0-0,not reconstructed from future result,,,UNKNOWN,unknown,low,,PENDING_RESULT,2026-09-18T16:00:27.683383+08:00,3d1ee657f23ec7790fc7,
2026-09-18,3022659,V3,奥丙北,席克臣 vs 格鲁瑙,0-0,not reconstructed from future result,,,UNKNOWN,unknown,low,,PENDING_RESULT,,,
2026-09-18,3022659,V4,奥丙北,席克臣 vs 格鲁瑙,0-0,not reconstructed from future result,,,UNKNOWN,unknown,low,,PENDING_RESULT,2026-09-18T16:00:27.683383+08:00,242a531eda006cc16a32,
2026-09-18,3022765,V3,奥丙北,前进斯太尔 vs 迪塔切,0-0,not reconstructed from future result,,,UNKNOWN,unknown,low,,PENDING_RESULT,,,
2026-09-18,3022765,V4,奥丙北,前进斯太尔 vs 迪塔切,0-0,not reconstructed from future result,,,UNKNOWN,unknown,low,,PENDING_RESULT,2026-09-18T16:00:27.683383+08:00,852aa6804301ddb35f21,
2026-09-18,3022843,V3,奥女甲,格拉茨女足 vs 维也纳快速女足,0-0,not reconstructed from future result,,,UNKNOWN,unknown,low,,PENDING_RESULT,,,
2026-09-18,3022843,V4,奥女甲,格拉茨女足 vs 维也纳快速女足,0-0,not reconstructed from future result,,,UNKNOWN,unknown,low,,PENDING_RESULT,2026-09-18T16:00:27.683383+08:00,e1767069369542607be1,
2026-09-18,3022966,V3,摩尔乙,斯塔利 vs 森布鲁B队,0-0,not reconstructed from future result,,,UNKNOWN,unknown,low,,PENDING_RESULT,,,
2026-09-18,3022966,V4,摩尔乙,斯塔利 vs 森布鲁B队,0-0,not reconstructed from future result,,,UNKNOWN,unknown,low,,PENDING_RESULT,2026-09-18T16:00:27.683383+08:00,e251a9c4b864938f1798,
2026-09-18,3022968,V3,摩尔乙,加高兹亚 vs FCM温格内,0-0,not reconstructed from future result,,,UNKNOWN,unknown,low,,PENDING_RESULT,,,
2026-09-18,3022968,V4,摩尔乙,加高兹亚 vs FCM温格内,0-0,not reconstructed from future result,,,UNKNOWN,unknown,low,,PENDING_RESULT,2026-09-18T16:00:27.683383+08:00,c9130a0ffc6e080088f6,
2026-09-18,3023012,V3,摩尔乙,亚洛维尼 vs 弗洛雷斯蒂,,not reconstructed from future result,,,UNKNOWN,unknown,low,,PENDING_RESULT,,,
2026-09-18,3023012,V4,摩尔乙,亚洛维尼 vs 弗洛雷斯蒂,,not reconstructed from future result,,,UNKNOWN,unknown,low,,PENDING_RESULT,2026-09-18T16:00:27.683383+08:00,4e398dd24a7a1651dc75,
2026-09-18,3023013,V3,摩尔乙,斯特乌切尼 vs 维多利巴尔达尔,0-0,not reconstructed from future result,,,UNKNOWN,unknown,low,,PENDING_RESULT,,,
2026-09-18,3023013,V4,摩尔乙,斯特乌切尼 vs 维多利巴尔达尔,0-0,not reconstructed from future result,,,UNKNOWN,unknown,low,,PENDING_RESULT,2026-09-18T16:00:27.683383+08:00,b2c55a31ea59f0111af5,
2026-09-18,3024455,V3,墨西甲春,皮拉塔斯 vs FC美利达,0-0,not reconstructed from future result,,,UNKNOWN,unknown,low,,PENDING_RESULT,,,
2026-09-18,3024455,V4,墨西甲春,皮拉塔斯 vs FC美利达,0-0,not reconstructed from future result,,,UNKNOWN,unknown,low,,PENDING_RESULT,2026-09-18T16:00:27.683383+08:00,66c32f2e2ee4fabc9680,N
2026-09-18,3024456,V3,墨西甲春,帕蒂特兰德莫雷洛斯 vs 扎卡特卡斯,0-0,not reconstructed from future result,,,UNKNOWN,unknown,low,,PENDING_RESULT,,,
2026-09-18,3024456,V4,墨西甲春,帕蒂特兰德莫雷洛斯 vs 扎卡特卡斯,0-0,not reconstructed from future result,,,UNKNOWN,unknown,low,,PENDING_RESULT,2026-09-18T16:00:27.683383+08:00,09c060be6c0e3972f1a1,N
2026-09-18,3024551,V3,阿美超,卡潘宝山 vs 乌拉尔图,0-0,not reconstructed from future result,,,UNKNOWN,unknown,low,,PENDING_RESULT,,,
2026-09-18,3024551,V4,阿美超,卡潘宝山 vs 乌拉尔图,0-0,not reconstructed from future result,,,UNKNOWN,unknown,low,,PENDING_RESULT,2026-09-18T16:00:27.683383+08:00,dbe61baaba78a9f2c513,N
2026-09-18,3024552,V3,阿美超,诺亚FC vs 万卡仁沙万,0-0,not reconstructed from future result,,,UNKNOWN,unknown,low,,PENDING_RESULT,,,
2026-09-18,3024552,V4,阿美超,诺亚FC vs 万卡仁沙万,0-0,not reconstructed from future result,,,UNKNOWN,unknown,low,,PENDING_RESULT,2026-09-18T16:00:27.683383+08:00,20cd41424b3a36696754,N
2026-09-18,3025657,V3,法女甲,勒阿弗尔女足 vs 里昂女足,0-0,not reconstructed from future result,,,UNKNOWN,unknown,low,,PENDING_RESULT,,,
2026-09-18,3025657,V4,法女甲,勒阿弗尔女足 vs 里昂女足,0-0,not reconstructed from future result,,,UNKNOWN,unknown,low,,PENDING_RESULT,2026-09-18T16:00:27.683383+08:00,2160beb06ace31b8db2a,
2026-09-18,3025659,V3,法女甲,巴黎圣日耳曼女足 vs 南特女足,0-0,not reconstructed from future result,,,UNKNOWN,unknown,low,,PENDING_RESULT,,,
2026-09-18,3025659,V4,法女甲,巴黎圣日耳曼女足 vs 南特女足,0-0,not reconstructed from future result,,,UNKNOWN,unknown,low,,PENDING_RESULT,2026-09-18T16:00:27.683383+08:00,a32cd78748646274e6cf,
2026-09-18,3025661,V3,法女甲,斯特拉斯堡女足 vs 巴黎FC女足,0-0,not reconstructed from future result,,,UNKNOWN,unknown,low,,PENDING_RESULT,,,
2026-09-18,3025661,V4,法女甲,斯特拉斯堡女足 vs 巴黎FC女足,0-0,not reconstructed from future result,,,UNKNOWN,unknown,low,,PENDING_RESULT,2026-09-18T16:00:27.683383+08:00,5e79e0befce544f3e9b7,
2026-09-18,3026062,V3,德丙,SC维尔 vs 维尔茨堡踢球者,0-0,not reconstructed from future result,,,UNKNOWN,unknown,low,,PENDING_RESULT,2026-09-18T16:00:27+08:00,9270e02b42cbfcc66656,可投
2026-09-18,3026062,V4,德丙,SC维尔 vs 维尔茨堡踢球者,0-0,not reconstructed from future result,,,UNKNOWN,unknown,low,,PENDING_RESULT,2026-09-18T16:00:27.683383+08:00,766b2200e1bb44fa225f,
2026-09-18,3026471,V3,德地区东北,茨维考FC vs 哈雷斯彻,0-0,not reconstructed from future result,,,UNKNOWN,unknown,low,,PENDING_RESULT,,,
2026-09-18,3026471,V4,德地区东北,茨维考FC vs 哈雷斯彻,0-0,not reconstructed from future result,,,UNKNOWN,unknown,low,,PENDING_RESULT,2026-09-18T16:00:27.683383+08:00,869f203ed1a286065d04,
2026-09-18,3026739,V3,土超,卡斯帕萨 vs 科尼亚体育,0-0,not reconstructed from future result,,,UNKNOWN,unknown,low,,PENDING_RESULT,2026-09-18T16:00:27+08:00,4aff946070eb0b5d0d07,不投
2026-09-18,3026739,V4,土超,卡斯帕萨 vs 科尼亚体育,0-0,not reconstructed from future result,,,UNKNOWN,unknown,low,,PENDING_RESULT,2026-09-18T16:00:27.683383+08:00,41c783bd20c1d102ee73,N
2026-09-18,3027032,V3,波斯甲,泽列兹尼察 vs NK些里克,0-0,not reconstructed from future result,,,UNKNOWN,unknown,low,,PENDING_RESULT,,,
2026-09-18,3027032,V4,波斯甲,泽列兹尼察 vs NK些里克,0-0,not reconstructed from future result,,,UNKNOWN,unknown,low,,PENDING_RESULT,2026-09-18T16:00:27.683383+08:00,937cbf91c6e738ebfcec,
2026-09-18,3027175,V3,德地区巴,奥布斯塔特 vs 拜仁慕尼黑青年队,0-0,not reconstructed from future result,,,UNKNOWN,unknown,low,,PENDING_RESULT,,,
2026-09-18,3027175,V4,德地区巴,奥布斯塔特 vs 拜仁慕尼黑青年队,0-0,not reconstructed from future result,,,UNKNOWN,unknown,low,,PENDING_RESULT,2026-09-18T16:00:27.683383+08:00,ac0aef6e3ed64178d542,
2026-09-18,3027177,V3,德地区巴,布赫巴赫 vs 舒云霍特,0-0,not reconstructed from future result,,,UNKNOWN,unknown,low,,PENDING_RESULT,,,
2026-09-18,3027177,V4,德地区巴,布赫巴赫 vs 舒云霍特,0-0,not reconstructed from future result,,,UNKNOWN,unknown,low,,PENDING_RESULT,2026-09-18T16:00:27.683383+08:00,70610e8d9d659b7468dc,
2026-09-18,3027767,V3,英议联,耶奥维尔 vs 索利赫尔,0-0,not reconstructed from future result,,,UNKNOWN,unknown,low,,PENDING_RESULT,,,
2026-09-18,3027767,V4,英议联,耶奥维尔 vs 索利赫尔,0-0,not reconstructed from future result,,,UNKNOWN,unknown,low,,PENDING_RESULT,2026-09-18T16:00:27.683383+08:00,7b2cf5f857562b9c9821,N
2026-09-18,3030156,V3,土甲,班迪马士邦 vs 尤姆尼耶士邦,0-0,not reconstructed from future result,,,UNKNOWN,unknown,low,,PENDING_RESULT,2026-09-18T16:00:27+08:00,dbb445edc4d9a6670ab3,不投
2026-09-18,3030156,V4,土甲,班迪马士邦 vs 尤姆尼耶士邦,0-0,not reconstructed from future result,,,UNKNOWN,unknown,low,,PENDING_RESULT,2026-09-18T16:00:27.683383+08:00,0b3f9918fb116c6d0293,C
2026-09-18,3030162,V3,土甲,慕拉斯堡 vs 厄德尔,0-0,not reconstructed from future result,,,UNKNOWN,unknown,low,,PENDING_RESULT,2026-09-18T16:00:27+08:00,616797868d6c17a13ce9,不投
2026-09-18,3030162,V4,土甲,慕拉斯堡 vs 厄德尔,0-0,not reconstructed from future result,,,UNKNOWN,unknown,low,,PENDING_RESULT,2026-09-18T16:00:27.683383+08:00,b0efb5c45913a2f5fdec,
2026-09-18,3031202,V3,立陶乙,考纳斯 vs FK特兰西B队,0-0,not reconstructed from future result,,,UNKNOWN,unknown,low,,PENDING_RESULT,,,
2026-09-18,3031202,V4,立陶乙,考纳斯 vs FK特兰西B队,0-0,not reconstructed from future result,,,UNKNOWN,unknown,low,,PENDING_RESULT,2026-09-18T16:00:27.683383+08:00,590a4b9677787dc727b0,C
2026-09-18,3031203,V3,立陶乙,黑格曼利图恩B队 vs DFK戴拿瓦,0-0,not reconstructed from future result,,,UNKNOWN,unknown,low,,PENDING_RESULT,,,
2026-09-18,3031203,V4,立陶乙,黑格曼利图恩B队 vs DFK戴拿瓦,0-0,not reconstructed from future result,,,UNKNOWN,unknown,low,,PENDING_RESULT,2026-09-18T16:00:27.683383+08:00,b81deb9b24485dbda6ed,
2026-09-18,3031204,V3,立陶乙,莱塔维 vs 托拉斯,0-0,not reconstructed from future result,,,UNKNOWN,unknown,low,,PENDING_RESULT,,,
2026-09-18,3031204,V4,立陶乙,莱塔维 vs 托拉斯,0-0,not reconstructed from future result,,,UNKNOWN,unknown,low,,PENDING_RESULT,2026-09-18T16:00:27.683383+08:00,f68ee55322d3da68953b,
2026-09-18,3031544,V3,德地区南,特里尔 vs 奥芬巴查,0-0,not reconstructed from future result,,,UNKNOWN,unknown,low,,PENDING_RESULT,,,
2026-09-18,3031544,V4,德地区南,特里尔 vs 奥芬巴查,0-0,not reconstructed from future result,,,UNKNOWN,unknown,low,,PENDING_RESULT,2026-09-18T16:00:27.683383+08:00,c68ce3329870f7a95835,
2026-09-18,3031546,V3,德地区南,FSV法兰克福 vs 史特加踢球者,0-0,not reconstructed from future result,,,UNKNOWN,unknown,low,,PENDING_RESULT,,,
2026-09-18,3031546,V4,德地区南,FSV法兰克福 vs 史特加踢球者,0-0,not reconstructed from future result,,,UNKNOWN,unknown,low,,PENDING_RESULT,2026-09-18T16:00:27.683383+08:00,57d6eca95900d708fbc4,
2026-09-18,3032804,V3,阿尔巴超,维拉斯尼亚 vs 图塔杜雷斯,0-0,not reconstructed from future result,,,UNKNOWN,unknown,low,,PENDING_RESULT,,,
2026-09-18,3032804,V4,阿尔巴超,维拉斯尼亚 vs 图塔杜雷斯,0-0,not reconstructed from future result,,,UNKNOWN,unknown,low,,PENDING_RESULT,2026-09-18T16:00:27.683383+08:00,039fee1b38138a34ca8c,
2026-09-18,3032920,V3,阿联酋甲,阿巴塔 vs 哈利亚,0-0,not reconstructed from future result,,,UNKNOWN,unknown,low,,PENDING_RESULT,2026-09-18T16:00:27+08:00,94810da7996e8ac15694,不投
2026-09-18,3032920,V4,阿联酋甲,阿巴塔 vs 哈利亚,0-0,not reconstructed from future result,,,UNKNOWN,unknown,low,,PENDING_RESULT,2026-09-18T16:00:27.683383+08:00,60ba1d33dcee9007a59c,N
2026-09-18,3032921,V3,阿联酋甲,阿尔富伊拉 vs 迪巴,0-0,not reconstructed from future result,,,UNKNOWN,unknown,low,,PENDING_RESULT,2026-09-18T16:00:27+08:00,097d15acffb4bd1e961f,不投
2026-09-18,3032921,V4,阿联酋甲,阿尔富伊拉 vs 迪巴,0-0,not reconstructed from future result,,,UNKNOWN,unknown,low,,PENDING_RESULT,2026-09-18T16:00:27.683383+08:00,f4135b09f67a181d2ec4,C
2026-09-18,3032922,V3,阿联酋甲,奥鲁巴 vs 酋长,0-0,not reconstructed from future result,,,UNKNOWN,unknown,low,,PENDING_RESULT,2026-09-18T16:00:27+08:00,531e6004d90318bffe76,不投
2026-09-18,3032922,V4,阿联酋甲,奥鲁巴 vs 酋长,0-0,not reconstructed from future result,,,UNKNOWN,unknown,low,,PENDING_RESULT,2026-09-18T16:00:27.683383+08:00,99280518dd28d51df884,N
2026-09-18,3032923,V3,阿联酋甲,富查伊拉 vs 阿联酋伊蒂法格,0-0,not reconstructed from future result,,,UNKNOWN,unknown,low,,PENDING_RESULT,2026-09-18T16:00:27+08:00,4d2dea34ec1982e684b2,不投
2026-09-18,3032923,V4,阿联酋甲,富查伊拉 vs 阿联酋伊蒂法格,0-0,not reconstructed from future result,,,UNKNOWN,unknown,low,,PENDING_RESULT,2026-09-18T16:00:27.683383+08:00,93d7c9f7a13b5a1afbd7,C
2026-09-18,3032924,V3,阿联酋甲,城市俱乐部 vs 阿拉比欧姆古温,0-0,not reconstructed from future result,,,UNKNOWN,unknown,low,,PENDING_RESULT,2026-09-18T16:00:27+08:00,c18e1a2b4d78ecedcfe1,不投
2026-09-18,3032924,V4,阿联酋甲,城市俱乐部 vs 阿拉比欧姆古温,0-0,not reconstructed from future result,,,UNKNOWN,unknown,low,,PENDING_RESULT,2026-09-18T16:00:27.683383+08:00,dbc9bfb912008c779bb4,C
2026-09-18,3032925,V3,阿联酋甲,海湾联 vs 阿尔咸拉,0-0,not reconstructed from future result,,,UNKNOWN,unknown,low,,PENDING_RESULT,2026-09-18T16:00:27+08:00,5400d011293b50e4ed73,不投
2026-09-18,3032925,V4,阿联酋甲,海湾联 vs 阿尔咸拉,0-0,not reconstructed from future result,,,UNKNOWN,unknown,low,,PENDING_RESULT,2026-09-18T16:00:27.683383+08:00,5c839f544e3aae4076b7,N
2026-09-18,3032926,V3,阿联酋甲,迪拜365 FC vs 福特维尔图斯,0-0,not reconstructed from future result,,,UNKNOWN,unknown,low,,PENDING_RESULT,2026-09-18T16:00:27+08:00,e558badc6a608d1381c2,不投
2026-09-18,3032926,V4,阿联酋甲,迪拜365 FC vs 福特维尔图斯,0-0,not reconstructed from future result,,,UNKNOWN,unknown,low,,PENDING_RESULT,2026-09-18T16:00:27.683383+08:00,06ad48dfbb11364b6534,N
2026-09-18,3034789,V3,德女联,霍芬海姆女足 vs 沃尔夫斯堡女足,0-0,not reconstructed from future result,,,UNKNOWN,unknown,low,,PENDING_RESULT,,,
2026-09-18,3034789,V4,德女联,霍芬海姆女足 vs 沃尔夫斯堡女足,0-0,not reconstructed from future result,,,UNKNOWN,unknown,low,,PENDING_RESULT,2026-09-18T16:00:27.683383+08:00,924206741585db94d3fd,
2026-09-18,3034790,V3,德女联,美因茨女足 vs 法兰克福女足,0-0,not reconstructed from future result,,,UNKNOWN,unknown,low,,PENDING_RESULT,,,
2026-09-18,3034790,V4,德女联,美因茨女足 vs 法兰克福女足,0-0,not reconstructed from future result,,,UNKNOWN,unknown,low,,PENDING_RESULT,2026-09-18T16:00:27.683383+08:00,42ed045e7803f68a8da1,
2026-09-18,3035909,V3,波兰乙,别尔斯科 vs 斯威特什切青,0-0,not reconstructed from future result,,,UNKNOWN,unknown,low,,PENDING_RESULT,,,
2026-09-18,3035909,V4,波兰乙,别尔斯科 vs 斯威特什切青,0-0,not reconstructed from future result,,,UNKNOWN,unknown,low,,PENDING_RESULT,2026-09-18T16:00:27.683383+08:00,329ac60b323a59286802,N
2026-09-18,3035911,V3,波兰乙,索克尔克勒泽威 vs 威亚斯威德尼克,0-0,not reconstructed from future result,,,UNKNOWN,unknown,low,,PENDING_RESULT,,,
2026-09-18,3035911,V4,波兰乙,索克尔克勒泽威 vs 威亚斯威德尼克,0-0,not reconstructed from future result,,,UNKNOWN,unknown,low,,PENDING_RESULT,2026-09-18T16:00:27.683383+08:00,4fbf62eaa2c34d7c28c4,
2026-09-18,3035916,V3,波兰乙,萨维斯沙 vs 莱茨纳,0-0,not reconstructed from future result,,,UNKNOWN,unknown,low,,PENDING_RESULT,,,
2026-09-18,3035916,V4,波兰乙,萨维斯沙 vs 莱茨纳,0-0,not reconstructed from future result,,,UNKNOWN,unknown,low,,PENDING_RESULT,2026-09-18T16:00:27.683383+08:00,7801dc7c21d6bef5f804,
2026-09-18,3036195,V3,巴马甲秋,FC旧金山 vs CD阿拉比,0-0,not reconstructed from future result,,,UNKNOWN,unknown,low,,PENDING_RESULT,,,
2026-09-18,3036195,V4,巴马甲秋,FC旧金山 vs CD阿拉比,0-0,not reconstructed from future result,,,UNKNOWN,unknown,low,,PENDING_RESULT,2026-09-18T16:00:27.683383+08:00,9b01fc1f4a90adab1d28,
2026-09-18,3037117,V3,泰超,阿尤塔亚联 vs 乌泰他尼,0-0,not reconstructed from future result,,,UNKNOWN,unknown,low,,PENDING_RESULT,,,
2026-09-18,3037117,V4,泰超,阿尤塔亚联 vs 乌泰他尼,0-0,not reconstructed from future result,,,UNKNOWN,unknown,low,,PENDING_RESULT,2026-09-18T16:00:27.683383+08:00,f96432f1412358f12f42,C
2026-09-18,3037913,V3,斯伐甲,塔特拉 vs 莫拉斯,0-0,not reconstructed from future result,,,UNKNOWN,unknown,low,,PENDING_RESULT,,,
2026-09-18,3037913,V4,斯伐甲,塔特拉 vs 莫拉斯,0-0,not reconstructed from future result,,,UNKNOWN,unknown,low,,PENDING_RESULT,2026-09-18T16:00:27.683383+08:00,8cfe16a077220af9804f,
2026-09-18,3038746,V3,法丁,基迪尔 vs 查迪利,0-0,not reconstructed from future result,,,UNKNOWN,unknown,low,,PENDING_RESULT,,,
2026-09-18,3038746,V4,法丁,基迪尔 vs 查迪利,0-0,not reconstructed from future result,,,UNKNOWN,unknown,low,,PENDING_RESULT,2026-09-18T16:00:27.683383+08:00,44251a1f1820a0a68bda,
2026-09-18,3038984,V3,法丁,安高曼 vs 巴奥尼,0-0,not reconstructed from future result,,,UNKNOWN,unknown,low,,PENDING_RESULT,,,
2026-09-18,3038984,V4,法丁,安高曼 vs 巴奥尼,0-0,not reconstructed from future result,,,UNKNOWN,unknown,low,,PENDING_RESULT,2026-09-18T16:00:27.683383+08:00,9611f20e16fce6880a2c,
2026-09-18,3038987,V3,法丁,格兰维尔 vs 圣马洛,0-0,not reconstructed from future result,,,UNKNOWN,unknown,low,,PENDING_RESULT,,,
2026-09-18,3038987,V4,法丁,格兰维尔 vs 圣马洛,0-0,not reconstructed from future result,,,UNKNOWN,unknown,low,,PENDING_RESULT,2026-09-18T16:00:27.683383+08:00,7efc3ab71880f677ef84,
2026-09-18,3040124,V3,捷乙,卡尔维纳 vs 哈纳卡,0-0,not reconstructed from future result,,,UNKNOWN,unknown,low,,PENDING_RESULT,2026-09-18T16:00:27+08:00,90d0547aec47a76b0094,不投
2026-09-18,3040124,V4,捷乙,卡尔维纳 vs 哈纳卡,0-0,not reconstructed from future result,,,UNKNOWN,unknown,low,,PENDING_RESULT,2026-09-18T16:00:27.683383+08:00,914460f951293b9d5801,N
2026-09-18,3040125,V3,捷乙,伊赫拉瓦 vs 布拉格斯拉维亚B队,0-0,not reconstructed from future result,,,UNKNOWN,unknown,low,,PENDING_RESULT,2026-09-18T16:00:27+08:00,4eba011970067acde10b,不投
2026-09-18,3040125,V4,捷乙,伊赫拉瓦 vs 布拉格斯拉维亚B队,0-0,not reconstructed from future result,,,UNKNOWN,unknown,low,,PENDING_RESULT,2026-09-18T16:00:27.683383+08:00,8120f60e06196b4a04fd,N
2026-09-18,3040126,V3,捷乙,普罗斯捷约夫 vs 杜库拉,0-0,not reconstructed from future result,,,UNKNOWN,unknown,low,,PENDING_RESULT,2026-09-18T16:00:27+08:00,7b05e41a1230f7292c84,不投
2026-09-18,3040126,V4,捷乙,普罗斯捷约夫 vs 杜库拉,0-0,not reconstructed from future result,,,UNKNOWN,unknown,low,,PENDING_RESULT,2026-09-18T16:00:27.683383+08:00,b4a5e859f7b305d7e85a,N
2026-09-18,3040131,V3,捷乙,奥帕瓦 vs 切斯卡阿森纳,0-0,not reconstructed from future result,,,UNKNOWN,unknown,low,,PENDING_RESULT,2026-09-18T16:00:27+08:00,39a6ef1fa732b5c837e0,不投
2026-09-18,3040131,V4,捷乙,奥帕瓦 vs 切斯卡阿森纳,0-0,not reconstructed from future result,,,UNKNOWN,unknown,low,,PENDING_RESULT,2026-09-18T16:00:27.683383+08:00,5871fe74eb323a89fb75,N
2026-09-18,3040749,V3,意乙,史泰比亚 vs 切塞纳,0-0,not reconstructed from future result,,,UNKNOWN,unknown,low,,PENDING_RESULT,2026-09-18T16:00:27+08:00,c3ae847186c4532bab6d,不投
2026-09-18,3040749,V4,意乙,史泰比亚 vs 切塞纳,0-0,not reconstructed from future result,,,UNKNOWN,unknown,low,,PENDING_RESULT,2026-09-18T16:00:27.683383+08:00,b3b6aa46b2964f1e18c1,N
2026-09-18,3041559,V3,阿塞超,卡巴拉 vs 内弗特奇,0-0,not reconstructed from future result,,,UNKNOWN,unknown,low,,PENDING_RESULT,,,
2026-09-18,3041559,V4,阿塞超,卡巴拉 vs 内弗特奇,0-0,not reconstructed from future result,,,UNKNOWN,unknown,low,,PENDING_RESULT,2026-09-18T16:00:27.683383+08:00,89f62e2c8cbedbd01c5b,C
2026-09-18,3041561,V3,阿塞超,卡拉巴克 vs FK萨法,0-0,not reconstructed from future result,,,UNKNOWN,unknown,low,,PENDING_RESULT,,,
2026-09-18,3041561,V4,阿塞超,卡拉巴克 vs FK萨法,0-0,not reconstructed from future result,,,UNKNOWN,unknown,low,,PENDING_RESULT,2026-09-18T16:00:27.683383+08:00,133fb819fabc61e97ee6,N
2026-09-18,3041913,V3,萨尔超春,印加阿鲁巴 vs 旧金山富尔特,0-0,not reconstructed from future result,,,UNKNOWN,unknown,low,,PENDING_RESULT,,,
2026-09-18,3041913,V4,萨尔超春,印加阿鲁巴 vs 旧金山富尔特,0-0,not reconstructed from future result,,,UNKNOWN,unknown,low,,PENDING_RESULT,2026-09-18T16:00:27.683383+08:00,4eb48aa02a18fc28a06f,
2026-09-18,3042565,V3,哥斯甲春,泽伦顿 vs 圣何塞体育,0-0,not reconstructed from future result,,,UNKNOWN,unknown,low,,PENDING_RESULT,,,
2026-09-18,3042565,V4,哥斯甲春,泽伦顿 vs 圣何塞体育,0-0,not reconstructed from future result,,,UNKNOWN,unknown,low,,PENDING_RESULT,2026-09-18T16:00:27.683383+08:00,cc0bbccf94efa88e04c4,C
2026-09-18,3043207,V3,捷丙,赫拉尼斯 vs 斯洛瓦科B队,0-0,not reconstructed from future result,,,UNKNOWN,unknown,low,,PENDING_RESULT,2026-09-18T16:00:27+08:00,e6a43e1cc4cd73abde72,不投
2026-09-18,3043207,V4,捷丙,赫拉尼斯 vs 斯洛瓦科B队,0-0,not reconstructed from future result,,,UNKNOWN,unknown,low,,PENDING_RESULT,2026-09-18T16:00:27.683383+08:00,dfcd8e2e6d0261d41846,
2026-09-18,3043682,V3,德地区西,罗迪豪森 vs 加特斯洛,0-0,not reconstructed from future result,,,UNKNOWN,unknown,low,,PENDING_RESULT,,,
2026-09-18,3043682,V4,德地区西,罗迪豪森 vs 加特斯洛,0-0,not reconstructed from future result,,,UNKNOWN,unknown,low,,PENDING_RESULT,2026-09-18T16:00:27.683383+08:00,4e0f521e44ffe017b507,N
2026-09-18,3043684,V3,德地区西,希根 vs 华登舒特,0-0,not reconstructed from future result,,,UNKNOWN,unknown,low,,PENDING_RESULT,,,
2026-09-18,3043684,V4,德地区西,希根 vs 华登舒特,0-0,not reconstructed from future result,,,UNKNOWN,unknown,low,,PENDING_RESULT,2026-09-18T16:00:27.683383+08:00,21da4bf279403f85969d,
2026-09-18,3044273,V3,乌克乙,卡尔本切尔卡瑟 vs 亚历山德里亚B队,0-0,not reconstructed from future result,,,UNKNOWN,unknown,low,,PENDING_RESULT,2026-09-18T16:00:27+08:00,679afcf89b18f887a07a,不投
2026-09-18,3044273,V4,乌克乙,卡尔本切尔卡瑟 vs 亚历山德里亚B队,0-0,not reconstructed from future result,,,UNKNOWN,unknown,low,,PENDING_RESULT,2026-09-18T16:00:27.683383+08:00,0d5c6273f0ca3aed711d,
2026-09-18,3044399,V3,塞浦甲,奥摩尼亚迈欧 vs AEK拉纳卡,0-0,not reconstructed from future result,,,UNKNOWN,unknown,low,,PENDING_RESULT,,,
2026-09-18,3044399,V4,塞浦甲,奥摩尼亚迈欧 vs AEK拉纳卡,0-0,not reconstructed from future result,,,UNKNOWN,unknown,low,,PENDING_RESULT,2026-09-18T16:00:27.683383+08:00,b1bcbd06c6acacad6b9b,C
2026-09-18,3044401,V3,塞浦甲,帕福斯 vs AEL利马索尔,0-0,not reconstructed from future result,,,UNKNOWN,unknown,low,,PENDING_RESULT,,,
2026-09-18,3044401,V4,塞浦甲,帕福斯 vs AEL利马索尔,0-0,not reconstructed from future result,,,UNKNOWN,unknown,low,,PENDING_RESULT,2026-09-18T16:00:27.683383+08:00,671c104b84107ac90aa0,N
2026-09-18,3047387,V3,新加坡联,裕廊 vs 后港联,0-0,not reconstructed from future result,,,UNKNOWN,unknown,low,,PENDING_RESULT,,,
2026-09-18,3047387,V4,新加坡联,裕廊 vs 后港联,0-0,not reconstructed from future result,,,UNKNOWN,unknown,low,,PENDING_RESULT,2026-09-18T16:00:27.683383+08:00,15ac6fd19390d6c4ebd3,
2026-09-18,3048494,V3,沙地甲,阿尔泰 vs 布凯里耶,0-0,not reconstructed from future result,,,UNKNOWN,unknown,low,,PENDING_RESULT,,,
2026-09-18,3048494,V4,沙地甲,阿尔泰 vs 布凯里耶,0-0,not reconstructed from future result,,,UNKNOWN,unknown,low,,PENDING_RESULT,2026-09-18T16:00:27.683383+08:00,ca6d27c784b2d47d5b1b,N
2026-09-18,3048495,V3,沙地甲,吉达里比亚 vs 阿尔萨克尔,0-0,not reconstructed from future result,,,UNKNOWN,unknown,low,,PENDING_RESULT,,,
2026-09-18,3048495,V4,沙地甲,吉达里比亚 vs 阿尔萨克尔,0-0,not reconstructed from future result,,,UNKNOWN,unknown,low,,PENDING_RESULT,2026-09-18T16:00:27.683383+08:00,c491f5255b85fa6e9129,
2026-09-18,3049663,V3,亚运男足,科威特U23<font color=#880000>(中)</font> vs 乌兹别克斯坦U23,0-0,not reconstructed from future result,,,UNKNOWN,unknown,low,,PENDING_RESULT,2026-09-18T16:00:27+08:00,a73e8e35c42db0983da2,不投
2026-09-18,3049663,V4,亚运男足,科威特U23<font color=#880000>(中)</font> vs 乌兹别克斯坦U23,0-0,not reconstructed from future result,,,UNKNOWN,unknown,low,,PENDING_RESULT,2026-09-18T16:00:27.683383+08:00,46d57d51621e46bbf67c,N
2026-09-18,3049664,V3,亚运男足,菲律宾U23<font color=#880000>(中)</font> vs 越南U23,0-0,not reconstructed from future result,,,UNKNOWN,unknown,low,,PENDING_RESULT,2026-09-18T07:51:48+08:00,37f2ae550108b608fc96,不投
2026-09-18,3049664,V4,亚运男足,菲律宾U23<font color=#880000>(中)</font> vs 越南U23,0-0,not reconstructed from future result,,,UNKNOWN,unknown,low,,PENDING_RESULT,2026-09-18T07:51:48.522282+08:00,9f818cd9f26a80319a75,N
2026-09-18,3049668,V3,亚运男足,沙特阿拉伯U23<font color=#880000>(中)</font> vs 卡塔尔U23,0-0,not reconstructed from future result,,,UNKNOWN,unknown,low,,PENDING_RESULT,2026-09-18T16:00:27+08:00,c14274bc8603c393935c,不投
2026-09-18,3049668,V4,亚运男足,沙特阿拉伯U23<font color=#880000>(中)</font> vs 卡塔尔U23,0-0,not reconstructed from future result,,,UNKNOWN,unknown,low,,PENDING_RESULT,2026-09-18T16:00:27.683383+08:00,e8ee97507d185dc0c82b,C
2026-09-18,3051961,V3,英总女超,曼彻斯特城女足 vs 利物浦女足,0-0,not reconstructed from future result,,,UNKNOWN,unknown,low,,PENDING_RESULT,,,
2026-09-18,3051961,V4,英总女超,曼彻斯特城女足 vs 利物浦女足,0-0,not reconstructed from future result,,,UNKNOWN,unknown,low,,PENDING_RESULT,2026-09-18T16:00:27.683383+08:00,01bc8c2d30b023b391b2,N
2026-09-18,3052141,V3,英女冠,狼队女足 vs 般尼女足,0-0,not reconstructed from future result,,,UNKNOWN,unknown,low,,PENDING_RESULT,,,
2026-09-18,3052141,V4,英女冠,狼队女足 vs 般尼女足,0-0,not reconstructed from future result,,,UNKNOWN,unknown,low,,PENDING_RESULT,2026-09-18T16:00:27.683383+08:00,1ae75c700f4885962cac,
2026-09-18,3052638,V3,德青联,特雷斯登U19 vs 莱比锡红牛U19,0-0,not reconstructed from future result,,,UNKNOWN,unknown,low,,PENDING_RESULT,,,
2026-09-18,3052638,V4,德青联,特雷斯登U19 vs 莱比锡红牛U19,0-0,not reconstructed from future result,,,UNKNOWN,unknown,low,,PENDING_RESULT,2026-09-18T16:00:27.683383+08:00,1963620406c213c940cc,
2026-09-18,3052953,V3,瑞女超,塞尔维特女足 vs 苏黎世女足,0-0,not reconstructed from future result,,,UNKNOWN,unknown,low,,PENDING_RESULT,,,
2026-09-18,3052953,V4,瑞女超,塞尔维特女足 vs 苏黎世女足,0-0,not reconstructed from future result,,,UNKNOWN,unknown,low,,PENDING_RESULT,2026-09-18T16:00:27.683383+08:00,622a853820e14dfd6a6b,
2026-09-18,3052956,V3,瑞女超,琉森女足 vs 伊韦尔东女足,0-0,not reconstructed from future result,,,UNKNOWN,unknown,low,,PENDING_RESULT,,,
2026-09-18,3052956,V4,瑞女超,琉森女足 vs 伊韦尔东女足,0-0,not reconstructed from future result,,,UNKNOWN,unknown,low,,PENDING_RESULT,2026-09-18T16:00:27.683383+08:00,bdbea64240f558d4df7b,
2026-09-18,3053911,V3,瑞士丙2,史克奇 vs FC黑星,0-0,not reconstructed from future result,,,UNKNOWN,unknown,low,,PENDING_RESULT,,,
2026-09-18,3053911,V4,瑞士丙2,史克奇 vs FC黑星,0-0,not reconstructed from future result,,,UNKNOWN,unknown,low,,PENDING_RESULT,2026-09-18T16:00:27.683383+08:00,81608a4c8f36de1d881c,
2026-09-18,3054921,V3,塞浦乙,伊拉克利斯耶罗拉 vs 亚吉纳帕,0-0,not reconstructed from future result,,,UNKNOWN,unknown,low,,PENDING_RESULT,,,
2026-09-18,3054921,V4,塞浦乙,伊拉克利斯耶罗拉 vs 亚吉纳帕,0-0,not reconstructed from future result,,,UNKNOWN,unknown,low,,PENDING_RESULT,2026-09-18T16:00:27.683383+08:00,377ede8624b340813554,
2026-09-18,3054922,V3,塞浦乙,斯巴达克斯基提 vs MEAP尼素奥,0-0,not reconstructed from future result,,,UNKNOWN,unknown,low,,PENDING_RESULT,,,
2026-09-18,3054922,V4,塞浦乙,斯巴达克斯基提 vs MEAP尼素奥,0-0,not reconstructed from future result,,,UNKNOWN,unknown,low,,PENDING_RESULT,2026-09-18T16:00:27.683383+08:00,079117b25a085d1f08e7,
2026-09-18,3056750,V3,阿尔甲,克莱夫 vs MC奥兰,0-0,not reconstructed from future result,,,UNKNOWN,unknown,low,,PENDING_RESULT,,,
2026-09-18,3056750,V4,阿尔甲,克莱夫 vs MC奥兰,0-0,not reconstructed from future result,,,UNKNOWN,unknown,low,,PENDING_RESULT,2026-09-18T16:00:27.683383+08:00,2f4fe216a69e2cc322b1,N
2026-09-18,3056754,V3,阿尔甲,汉舍莱 vs 阿科诺,0-0,not reconstructed from future result,,,UNKNOWN,unknown,low,,PENDING_RESULT,,,
2026-09-18,3056754,V4,阿尔甲,汉舍莱 vs 阿科诺,0-0,not reconstructed from future result,,,UNKNOWN,unknown,low,,PENDING_RESULT,2026-09-18T16:00:27.683383+08:00,6afa82301ff52feb5782,C
2026-09-18,3056755,V3,阿尔甲,MC阿尔及尔 vs MB卢斯特,0-0,not reconstructed from future result,,,UNKNOWN,unknown,low,,PENDING_RESULT,,,
2026-09-18,3056755,V4,阿尔甲,MC阿尔及尔 vs MB卢斯特,0-0,not reconstructed from future result,,,UNKNOWN,unknown,low,,PENDING_RESULT,2026-09-18T16:00:27.683383+08:00,69bd7b277bf160525196,N
2026-09-18,3057177,V3,西女超,阿拉维斯女足 vs 巴塞罗那女足,0-0,not reconstructed from future result,,,UNKNOWN,unknown,low,,PENDING_RESULT,,,
2026-09-18,3057177,V4,西女超,阿拉维斯女足 vs 巴塞罗那女足,0-0,not reconstructed from future result,,,UNKNOWN,unknown,low,,PENDING_RESULT,2026-09-18T16:00:27.683383+08:00,cda2011074aa2a2acb71,
2026-09-18,3059143,V3,玻利甲,石油独立 vs 圣安东尼奥布鲁布鲁,0-0,not reconstructed from future result,,,UNKNOWN,unknown,low,,PENDING_RESULT,2026-09-18T16:00:27+08:00,902c7b2e994c4252509e,不投
2026-09-18,3059143,V4,玻利甲,石油独立 vs 圣安东尼奥布鲁布鲁,0-0,not reconstructed from future result,,,UNKNOWN,unknown,low,,PENDING_RESULT,2026-09-18T16:00:27.683383+08:00,7ae3031c749bd5df5b9b,N
2026-09-18,3059191,V3,英乙U21,弗利特伍德U21 vs 斯旺西U21,0-0,not reconstructed from future result,,,UNKNOWN,unknown,low,,PENDING_RESULT,,,
2026-09-18,3059191,V4,英乙U21,弗利特伍德U21 vs 斯旺西U21,0-0,not reconstructed from future result,,,UNKNOWN,unknown,low,,PENDING_RESULT,2026-09-18T16:00:27.683383+08:00,2678b62e11fcb9895da2,N
2026-09-18,3059192,V3,英乙U21,卡迪夫城U21 vs 彼得堡联U21,0-0,not reconstructed from future result,,,UNKNOWN,unknown,low,,PENDING_RESULT,,,
2026-09-18,3059192,V4,英乙U21,卡迪夫城U21 vs 彼得堡联U21,0-0,not reconstructed from future result,,,UNKNOWN,unknown,low,,PENDING_RESULT,2026-09-18T16:00:27.683383+08:00,198fd8802f51e5047ed2,
2026-09-18,3059957,V3,圣马甲,利伯达斯 vs 费坦奴,0-0,not reconstructed from future result,,,UNKNOWN,unknown,low,,PENDING_RESULT,,,
2026-09-18,3059957,V4,圣马甲,利伯达斯 vs 费坦奴,0-0,not reconstructed from future result,,,UNKNOWN,unknown,low,,PENDING_RESULT,2026-09-18T16:00:27.683383+08:00,7323a13e99bc52ee71d1,
2026-09-18,3059958,V3,圣马甲,梅拿达 vs SP科莫斯,0-0,not reconstructed from future result,,,UNKNOWN,unknown,low,,PENDING_RESULT,,,
2026-09-18,3059958,V4,圣马甲,梅拿达 vs SP科莫斯,0-0,not reconstructed from future result,,,UNKNOWN,unknown,low,,PENDING_RESULT,2026-09-18T16:00:27.683383+08:00,945135cd527a380fd6e8,
2026-09-18,3059959,V3,圣马甲,特费奥里 vs 维图斯,0-0,not reconstructed from future result,,,UNKNOWN,unknown,low,,PENDING_RESULT,,,
2026-09-18,3059959,V4,圣马甲,特费奥里 vs 维图斯,0-0,not reconstructed from future result,,,UNKNOWN,unknown,low,,PENDING_RESULT,2026-09-18T16:00:27.683383+08:00,eba474f137f6a768e573,
2026-09-18,3059984,V3,西丁,马利诺 vs 皇家联合特内里费,0-0,not reconstructed from future result,,,UNKNOWN,unknown,low,,PENDING_RESULT,,,
2026-09-18,3059984,V4,西丁,马利诺 vs 皇家联合特内里费,0-0,not reconstructed from future result,,,UNKNOWN,unknown,low,,PENDING_RESULT,2026-09-18T16:00:27.683383+08:00,118df498c21ad12956ae,
2026-09-18,3062840,V3,印尼超,马兰 vs 佩斯克,0-0,not reconstructed from future result,,,UNKNOWN,unknown,low,,PENDING_RESULT,,,
2026-09-18,3062840,V4,印尼超,马兰 vs 佩斯克,0-0,not reconstructed from future result,,,UNKNOWN,unknown,low,,PENDING_RESULT,2026-09-18T16:00:27.683383+08:00,5d3ff3e3d66fd0b1e789,N
2026-09-18,3062841,V3,印尼超,马都拉联 vs 永亚卡达,0-0,not reconstructed from future result,,,UNKNOWN,unknown,low,,PENDING_RESULT,,,
2026-09-18,3062841,V4,印尼超,马都拉联 vs 永亚卡达,0-0,not reconstructed from future result,,,UNKNOWN,unknown,low,,PENDING_RESULT,2026-09-18T16:00:27.683383+08:00,46772e38c38e1cf7ad6c,N
2026-09-18,3065793,V3,英U21,伯明翰U21 vs 阿森纳U21,0-0,not reconstructed from future result,,,UNKNOWN,unknown,low,,PENDING_RESULT,,,
2026-09-18,3065793,V4,英U21,伯明翰U21 vs 阿森纳U21,0-0,not reconstructed from future result,,,UNKNOWN,unknown,low,,PENDING_RESULT,2026-09-18T16:00:27.683383+08:00,99c63a7d7d5233fbde63,
2026-09-18,3065794,V3,英U21,阿斯顿维拉U21 vs 米杜士堡U21,0-0,not reconstructed from future result,,,UNKNOWN,unknown,low,,PENDING_RESULT,,,
2026-09-18,3065794,V4,英U21,阿斯顿维拉U21 vs 米杜士堡U21,0-0,not reconstructed from future result,,,UNKNOWN,unknown,low,,PENDING_RESULT,2026-09-18T16:00:27.683383+08:00,906300c3ab96179a45a4,
2026-09-18,3065795,V3,英U21,般尼U21 vs 打比郡U21,0-0,not reconstructed from future result,,,UNKNOWN,unknown,low,,PENDING_RESULT,,,
2026-09-18,3065795,V4,英U21,般尼U21 vs 打比郡U21,0-0,not reconstructed from future result,,,UNKNOWN,unknown,low,,PENDING_RESULT,2026-09-18T16:00:27.683383+08:00,6865da80c704af219742,
2026-09-18,3065797,V3,英U21,莱切斯特城U21 vs 西汉姆U21,0-0,not reconstructed from future result,,,UNKNOWN,unknown,low,,PENDING_RESULT,,,
2026-09-18,3065797,V4,英U21,莱切斯特城U21 vs 西汉姆U21,0-0,not reconstructed from future result,,,UNKNOWN,unknown,low,,PENDING_RESULT,2026-09-18T16:00:27.683383+08:00,2a16b6d91b21fc8c40ab,
2026-09-18,3065798,V3,英U21,曼彻斯特联U21 vs 布伦特福德U21,0-0,not reconstructed from future result,,,UNKNOWN,unknown,low,,PENDING_RESULT,,,
2026-09-18,3065798,V4,英U21,曼彻斯特联U21 vs 布伦特福德U21,0-0,not reconstructed from future result,,,UNKNOWN,unknown,low,,PENDING_RESULT,2026-09-18T16:00:27.683383+08:00,17f8b426e4a3b2d224db,N
2026-09-18,3065799,V3,英U21,桑德兰U21 vs 诺域治U21,0-0,not reconstructed from future result,,,UNKNOWN,unknown,low,,PENDING_RESULT,,,
2026-09-18,3065799,V4,英U21,桑德兰U21 vs 诺域治U21,0-0,not reconstructed from future result,,,UNKNOWN,unknown,low,,PENDING_RESULT,2026-09-18T16:00:27.683383+08:00,82d8a17ee76fc9569053,
2026-09-18,3065800,V3,英U21,西布朗U21 vs 诺丁汉森林U21,0-0,not reconstructed from future result,,,UNKNOWN,unknown,low,,PENDING_RESULT,,,
2026-09-18,3065800,V4,英U21,西布朗U21 vs 诺丁汉森林U21,0-0,not reconstructed from future result,,,UNKNOWN,unknown,low,,PENDING_RESULT,2026-09-18T16:00:27.683383+08:00,a5ca578efc5c9a58d961,
2026-09-18,3065801,V3,英U21,狼队U21 vs 修咸顿U21,0-0,not reconstructed from future result,,,UNKNOWN,unknown,low,,PENDING_RESULT,,,
2026-09-18,3065801,V4,英U21,狼队U21 vs 修咸顿U21,0-0,not reconstructed from future result,,,UNKNOWN,unknown,low,,PENDING_RESULT,2026-09-18T16:00:27.683383+08:00,4eba064854f22b3e4d3c,
2026-09-18,3066285,V3,南非甲,海布里 vs 戈摩拉联,0-0,not reconstructed from future result,,,UNKNOWN,unknown,low,,PENDING_RESULT,,,
2026-09-18,3066285,V4,南非甲,海布里 vs 戈摩拉联,0-0,not reconstructed from future result,,,UNKNOWN,unknown,low,,PENDING_RESULT,2026-09-18T16:00:27.683383+08:00,e2e1783cf2f5b51efbed,
2026-09-18,3066286,V3,南非甲,卡斯里克之星 vs 文达,0-0,not reconstructed from future result,,,UNKNOWN,unknown,low,,PENDING_RESULT,,,
2026-09-18,3066286,V4,南非甲,卡斯里克之星 vs 文达,0-0,not reconstructed from future result,,,UNKNOWN,unknown,low,,PENDING_RESULT,2026-09-18T16:00:27.683383+08:00,02951a26a69f32953dae,N
2026-09-18,3068141,V3,克亚乙,扎达拉洛维 vs 瑟格斯塔,0-0,not reconstructed from future result,,,UNKNOWN,unknown,low,,PENDING_RESULT,2026-09-18T16:00:27+08:00,baa216afffa6cea71284,不投
2026-09-18,3068141,V4,克亚乙,扎达拉洛维 vs 瑟格斯塔,0-0,not reconstructed from future result,,,UNKNOWN,unknown,low,,PENDING_RESULT,2026-09-18T16:00:27.683383+08:00,87df6d23d530b88fbe37,
2026-09-18,3068143,V3,克亚乙,雷迪塞瓦特 vs 希巴利亚,0-0,not reconstructed from future result,,,UNKNOWN,unknown,low,,PENDING_RESULT,2026-09-18T16:00:27+08:00,fd17a12324ed8b3c2634,不投
2026-09-18,3068143,V4,克亚乙,雷迪塞瓦特 vs 希巴利亚,0-0,not reconstructed from future result,,,UNKNOWN,unknown,low,,PENDING_RESULT,2026-09-18T16:00:27.683383+08:00,1368b3877b41b938a106,N
2026-09-18,3069757,V3,比U21,华斯兰比华伦U21 vs 法郎波兰斯U21,0-0,not reconstructed from future result,,,UNKNOWN,unknown,low,,PENDING_RESULT,,,
2026-09-18,3069757,V4,比U21,华斯兰比华伦U21 vs 法郎波兰斯U21,0-0,not reconstructed from future result,,,UNKNOWN,unknown,low,,PENDING_RESULT,2026-09-18T16:00:27.683383+08:00,c77f25c301a5548cf69b,
2026-09-18,3069758,V3,比U21,莫伦贝克U21 vs 韦斯达路U21,0-0,not reconstructed from future result,,,UNKNOWN,unknown,low,,PENDING_RESULT,,,
2026-09-18,3069758,V4,比U21,莫伦贝克U21 vs 韦斯达路U21,0-0,not reconstructed from future result,,,UNKNOWN,unknown,low,,PENDING_RESULT,2026-09-18T16:00:27.683383+08:00,9b0fb6b1919b0ff98a04,
2026-09-18,3069759,V3,比U21,RFC色森U21 vs 比斯查U21,0-0,not reconstructed from future result,,,UNKNOWN,unknown,low,,PENDING_RESULT,,,
2026-09-18,3069759,V4,比U21,RFC色森U21 vs 比斯查U21,0-0,not reconstructed from future result,,,UNKNOWN,unknown,low,,PENDING_RESULT,2026-09-18T16:00:27.683383+08:00,2b5adcf6aafca4e93301,
2026-09-18,3069760,V3,比U21,科特赖克U21 vs 利亚斯U21,0-0,not reconstructed from future result,,,UNKNOWN,unknown,low,,PENDING_RESULT,,,
2026-09-18,3069760,V4,比U21,科特赖克U21 vs 利亚斯U21,0-0,not reconstructed from future result,,,UNKNOWN,unknown,low,,PENDING_RESULT,2026-09-18T16:00:27.683383+08:00,49e8c93a21f88717dbab,
2026-09-18,3069761,V3,比U21,拉路维尔U21 vs 哈塞尔特U21,0-0,not reconstructed from future result,,,UNKNOWN,unknown,low,,PENDING_RESULT,,,
2026-09-18,3069761,V4,比U21,拉路维尔U21 vs 哈塞尔特U21,0-0,not reconstructed from future result,,,UNKNOWN,unknown,low,,PENDING_RESULT,2026-09-18T16:00:27.683383+08:00,34f18fe7282a3a105007,
2026-09-18,3070291,V3,比女甲,皇家白星女足 vs 梅肯姆女足,0-0,not reconstructed from future result,,,UNKNOWN,unknown,low,,PENDING_RESULT,,,
2026-09-18,3070291,V4,比女甲,皇家白星女足 vs 梅肯姆女足,0-0,not reconstructed from future result,,,UNKNOWN,unknown,low,,PENDING_RESULT,2026-09-18T16:00:27.683383+08:00,ba59f0a54901638e72cf,
2026-09-18,3070292,V3,比女甲,维斯特洛女足 vs 旧海弗莱鲁汶B队女足,0-0,not reconstructed from future result,,,UNKNOWN,unknown,low,,PENDING_RESULT,,,
2026-09-18,3070292,V4,比女甲,维斯特洛女足 vs 旧海弗莱鲁汶B队女足,0-0,not reconstructed from future result,,,UNKNOWN,unknown,low,,PENDING_RESULT,2026-09-18T16:00:27.683383+08:00,7a009b6486e88761d9ff,
2026-09-18,3071910,V3,伊拉联,阿尔米纳 vs 杜赫克,0-0,not reconstructed from future result,,,UNKNOWN,unknown,low,,PENDING_RESULT,2026-09-18T16:00:27+08:00,c5270aa35651984643fc,不投
2026-09-18,3071910,V4,伊拉联,阿尔米纳 vs 杜赫克,0-0,not reconstructed from future result,,,UNKNOWN,unknown,low,,PENDING_RESULT,2026-09-18T16:00:27.683383+08:00,2c3adef4aa63821e95aa,
2026-09-18,3071911,V3,伊拉联,摩苏尔足球俱乐部 vs 纳弗特,0-0,not reconstructed from future result,,,UNKNOWN,unknown,low,,PENDING_RESULT,2026-09-18T16:00:27+08:00,11af22a0c521a5e7f343,不投
2026-09-18,3071911,V4,伊拉联,摩苏尔足球俱乐部 vs 纳弗特,0-0,not reconstructed from future result,,,UNKNOWN,unknown,low,,PENDING_RESULT,2026-09-18T16:00:27.683383+08:00,68832dff95b7639515ef,
2026-09-18,3071914,V3,伊拉联,塔拉巴 vs 阿尔乔兰SC,0-0,not reconstructed from future result,,,UNKNOWN,unknown,low,,PENDING_RESULT,2026-09-18T16:00:27+08:00,a408af181b2a6695c986,不投
2026-09-18,3071914,V4,伊拉联,塔拉巴 vs 阿尔乔兰SC,0-0,not reconstructed from future result,,,UNKNOWN,unknown,low,,PENDING_RESULT,2026-09-18T16:00:27.683383+08:00,6618e003c9dc25dded5b,
2026-09-18,3071917,V3,伊拉联,卡帕拉 vs 阿比尔,0-0,not reconstructed from future result,,,UNKNOWN,unknown,low,,PENDING_RESULT,2026-09-18T16:00:27+08:00,d06ce18f360fb1aa7279,不投
2026-09-18,3071917,V4,伊拉联,卡帕拉 vs 阿比尔,0-0,not reconstructed from future result,,,UNKNOWN,unknown,low,,PENDING_RESULT,2026-09-18T16:00:27.683383+08:00,36b32715cbbc3c78807c,
2026-09-18,3073280,V3,墨西乙,阿里卡老虎队 vs 乌尔姆岛,,not reconstructed from future result,,,UNKNOWN,unknown,low,,PENDING_RESULT,,,
2026-09-18,3073280,V4,墨西乙,阿里卡老虎队 vs 乌尔姆岛,,not reconstructed from future result,,,UNKNOWN,unknown,low,,PENDING_RESULT,2026-09-18T16:00:27.683383+08:00,1104fc339ca4c01ca854,
2026-09-18,3074183,V3,巴拉甲秋,巴拉圭国民 vs 五月二日体育会,0-0,not reconstructed from future result,,,UNKNOWN,unknown,low,,PENDING_RESULT,2026-09-18T16:00:27+08:00,95bd218c27286adad7cb,不投
2026-09-18,3074183,V4,巴拉甲秋,巴拉圭国民 vs 五月二日体育会,0-0,not reconstructed from future result,,,UNKNOWN,unknown,low,,PENDING_RESULT,2026-09-18T16:00:27.683383+08:00,f08c4cee2754d9c84693,N
2026-09-18,3074186,V3,巴拉甲秋,泰里尼登斯 vs 亚松森瓜拉尼,0-0,not reconstructed from future result,,,UNKNOWN,unknown,low,,PENDING_RESULT,2026-09-18T16:00:27+08:00,9948e7b36eb428b2c99a,不投
2026-09-18,3074186,V4,巴拉甲秋,泰里尼登斯 vs 亚松森瓜拉尼,0-0,not reconstructed from future result,,,UNKNOWN,unknown,low,,PENDING_RESULT,2026-09-18T16:00:27.683383+08:00,bb2dacc621ef280fd6df,N
2026-09-18,3074306,V3,芬乙B降,格力夫克 vs 穆莎,0-0,not reconstructed from future result,,,UNKNOWN,unknown,low,,PENDING_RESULT,,,
2026-09-18,3074306,V4,芬乙B降,格力夫克 vs 穆莎,0-0,not reconstructed from future result,,,UNKNOWN,unknown,low,,PENDING_RESULT,2026-09-18T16:00:27.683383+08:00,8e63c55a11becdfdbd31,N
2026-09-18,3074452,V3,巴拉乙,桑坦尼体育会 vs 索尔美洲队,0-0,not reconstructed from future result,,,UNKNOWN,unknown,low,,PENDING_RESULT,,,
2026-09-18,3074452,V4,巴拉乙,桑坦尼体育会 vs 索尔美洲队,0-0,not reconstructed from future result,,,UNKNOWN,unknown,low,,PENDING_RESULT,2026-09-18T16:00:27.683383+08:00,dbf3f6494dbc1f744f57,
2026-09-18,3074453,V3,巴拉乙,十一月三日队 vs 瓜伊利纳,0-0,not reconstructed from future result,,,UNKNOWN,unknown,low,,PENDING_RESULT,,,
2026-09-18,3074453,V4,巴拉乙,十一月三日队 vs 瓜伊利纳,0-0,not reconstructed from future result,,,UNKNOWN,unknown,low,,PENDING_RESULT,2026-09-18T16:00:27.683383+08:00,f4269fe4eb2e1a787608,N
2026-09-18,3074621,V3,以乙北,贝特谢安 vs 拿撒勒伊里特夏普尔,,not reconstructed from future result,,,UNKNOWN,unknown,low,,PENDING_RESULT,,,
2026-09-18,3074621,V4,以乙北,贝特谢安 vs 拿撒勒伊里特夏普尔,,not reconstructed from future result,,,UNKNOWN,unknown,low,,PENDING_RESULT,2026-09-18T16:00:27.683383+08:00,588df787f4494ae543a4,
2026-09-18,3074622,V3,以乙北,夏普尔布内慕斯慕斯 vs 贝塔纳哈里亚,0-0,not reconstructed from future result,,,UNKNOWN,unknown,low,,PENDING_RESULT,,,
2026-09-18,3074622,V4,以乙北,夏普尔布内慕斯慕斯 vs 贝塔纳哈里亚,0-0,not reconstructed from future result,,,UNKNOWN,unknown,low,,PENDING_RESULT,2026-09-18T16:00:27.683383+08:00,a5fcd693157e2ee5b3df,
2026-09-18,3074623,V3,以乙北,伊胡德格布内 vs 莫敦提拉体育,0-0,not reconstructed from future result,,,UNKNOWN,unknown,low,,PENDING_RESULT,,,
2026-09-18,3074623,V4,以乙北,伊胡德格布内 vs 莫敦提拉体育,0-0,not reconstructed from future result,,,UNKNOWN,unknown,low,,PENDING_RESULT,2026-09-18T16:00:27.683383+08:00,76b010b9a1c5b0671b80,
2026-09-18,3074626,V3,以乙北,伊若尼内瑟 vs 蒂亚雷,0-0,not reconstructed from future result,,,UNKNOWN,unknown,low,,PENDING_RESULT,,,
2026-09-18,3074626,V4,以乙北,伊若尼内瑟 vs 蒂亚雷,0-0,not reconstructed from future result,,,UNKNOWN,unknown,low,,PENDING_RESULT,2026-09-18T16:00:27.683383+08:00,80e803729b848f2abf49,
2026-09-18,3074628,V3,以乙北,马卡比艾哈迈德 vs 米格代尔哈曼,0-0,not reconstructed from future result,,,UNKNOWN,unknown,low,,PENDING_RESULT,,,
2026-09-18,3074628,V4,以乙北,马卡比艾哈迈德 vs 米格代尔哈曼,0-0,not reconstructed from future result,,,UNKNOWN,unknown,low,,PENDING_RESULT,2026-09-18T16:00:27.683383+08:00,cb37401b3b91ea1be828,
2026-09-18,3074780,V3,以乙北,塔姆拉 vs 提拉特卡尔迈勒,0-0,not reconstructed from future result,,,UNKNOWN,unknown,low,,PENDING_RESULT,,,
2026-09-18,3074780,V4,以乙北,塔姆拉 vs 提拉特卡尔迈勒,0-0,not reconstructed from future result,,,UNKNOWN,unknown,low,,PENDING_RESULT,2026-09-18T16:00:27.683383+08:00,2eb537ff2759c7fd8756,
2026-09-18,3074927,V3,以乙南,SC阿什杜德马卡比 vs 拜特西蒙,0-0,not reconstructed from future result,,,UNKNOWN,unknown,low,,PENDING_RESULT,,,
2026-09-18,3074927,V4,以乙南,SC阿什杜德马卡比 vs 拜特西蒙,0-0,not reconstructed from future result,,,UNKNOWN,unknown,low,,PENDING_RESULT,2026-09-18T16:00:27.683383+08:00,a4a1677d70beaf38ac2e,
2026-09-18,3074928,V3,以乙南,玛拉基亚 vs 艾佐尔夏普尔,0-0,not reconstructed from future result,,,UNKNOWN,unknown,low,,PENDING_RESULT,,,
2026-09-18,3074928,V4,以乙南,玛拉基亚 vs 艾佐尔夏普尔,0-0,not reconstructed from future result,,,UNKNOWN,unknown,low,,PENDING_RESULT,2026-09-18T16:00:27.683383+08:00,0bca5bd849411938617f,
2026-09-18,3074929,V3,以乙南,雷霍沃特夏普尔 vs 哈萨隆,0-0,not reconstructed from future result,,,UNKNOWN,unknown,low,,PENDING_RESULT,,,
2026-09-18,3074929,V4,以乙南,雷霍沃特夏普尔 vs 哈萨隆,0-0,not reconstructed from future result,,,UNKNOWN,unknown,low,,PENDING_RESULT,2026-09-18T16:00:27.683383+08:00,92afcb4b060655657ace,
2026-09-18,3074931,V3,以乙南,亚夫涅英 vs 荷兹利亚夏普尔,0-0,not reconstructed from future result,,,UNKNOWN,unknown,low,,PENDING_RESULT,,,
2026-09-18,3074931,V4,以乙南,亚夫涅英 vs 荷兹利亚夏普尔,0-0,not reconstructed from future result,,,UNKNOWN,unknown,low,,PENDING_RESULT,2026-09-18T16:00:27.683383+08:00,0911984dea0aa52f0e3d,
2026-09-18,3074932,V3,以乙南,阿古达 vs MS耶路撒冷,0-0,not reconstructed from future result,,,UNKNOWN,unknown,low,,PENDING_RESULT,,,
2026-09-18,3074932,V4,以乙南,阿古达 vs MS耶路撒冷,0-0,not reconstructed from future result,,,UNKNOWN,unknown,low,,PENDING_RESULT,2026-09-18T16:00:27.683383+08:00,5fd533e8f2819e0df7a2,
2026-09-18,3075376,V3,越南杯,归仁联 vs 胡志明市足球俱乐部,0-0,not reconstructed from future result,,,UNKNOWN,unknown,low,,PENDING_RESULT,2026-09-18T16:00:27+08:00,b02268c4eb18affc85a5,不投
2026-09-18,3075376,V4,越南杯,归仁联 vs 胡志明市足球俱乐部,0-0,not reconstructed from future result,,,UNKNOWN,unknown,low,,PENDING_RESULT,2026-09-18T16:00:27.683383+08:00,a853f7db88e346b4e465,
2026-09-18,3078365,V3,西丁,比尼萨冷 vs 普拉格斯卡尔维亚,0-0,not reconstructed from future result,,,UNKNOWN,unknown,low,,PENDING_RESULT,,,
2026-09-18,3078365,V4,西丁,比尼萨冷 vs 普拉格斯卡尔维亚,0-0,not reconstructed from future result,,,UNKNOWN,unknown,low,,PENDING_RESULT,2026-09-18T16:00:27.683383+08:00,0d3b8ace603495039199,
2026-09-18,3078988,V3,西丁,瓦尔特 vs 奥艾,0-0,not reconstructed from future result,,,UNKNOWN,unknown,low,,PENDING_RESULT,,,
2026-09-18,3078988,V4,西丁,瓦尔特 vs 奥艾,0-0,not reconstructed from future result,,,UNKNOWN,unknown,low,,PENDING_RESULT,2026-09-18T16:00:27.683383+08:00,e982b2dbd57497e7a742,
2026-09-18,3079600,V3,西丁,阿甘西洛 vs 卡拉贺拿,0-0,not reconstructed from future result,,,UNKNOWN,unknown,low,,PENDING_RESULT,,,
2026-09-18,3079600,V4,西丁,阿甘西洛 vs 卡拉贺拿,0-0,not reconstructed from future result,,,UNKNOWN,unknown,low,,PENDING_RESULT,2026-09-18T16:00:27.683383+08:00,86cc254e852f3eb6117a,
2026-09-18,3079602,V3,西丁,卡拉桑西奥 vs 安吉亚诺,0-0,not reconstructed from future result,,,UNKNOWN,unknown,low,,PENDING_RESULT,,,
2026-09-18,3079602,V4,西丁,卡拉桑西奥 vs 安吉亚诺,0-0,not reconstructed from future result,,,UNKNOWN,unknown,low,,PENDING_RESULT,2026-09-18T16:00:27.683383+08:00,5ba315b582e545e5d50f,
2026-09-18,3079605,V3,西丁,奥恩沙 vs 卡萨拉雷纳,0-0,not reconstructed from future result,,,UNKNOWN,unknown,low,,PENDING_RESULT,,,
2026-09-18,3079605,V4,西丁,奥恩沙 vs 卡萨拉雷纳,0-0,not reconstructed from future result,,,UNKNOWN,unknown,low,,PENDING_RESULT,2026-09-18T16:00:27.683383+08:00,bf29da7cdc212801d3fb,
2026-09-18,3079607,V3,西丁,圣马西亚尔 vs 科米利亚斯,0-0,not reconstructed from future result,,,UNKNOWN,unknown,low,,PENDING_RESULT,,,
2026-09-18,3079607,V4,西丁,圣马西亚尔 vs 科米利亚斯,0-0,not reconstructed from future result,,,UNKNOWN,unknown,low,,PENDING_RESULT,2026-09-18T16:00:27.683383+08:00,8e70beefa0d3783fc957,
2026-09-18,3079608,V3,西丁,雅古 vs 埃布罗河,0-0,not reconstructed from future result,,,UNKNOWN,unknown,low,,PENDING_RESULT,,,
2026-09-18,3079608,V4,西丁,雅古 vs 埃布罗河,0-0,not reconstructed from future result,,,UNKNOWN,unknown,low,,PENDING_RESULT,2026-09-18T16:00:27.683383+08:00,06d6f9001b948eabc470,
2026-09-18,3083888,V3,洪都甲春,帕兰德森 vs 洛沃斯墨,0-0,not reconstructed from future result,,,UNKNOWN,unknown,low,,PENDING_RESULT,,,
2026-09-18,3083888,V4,洪都甲春,帕兰德森 vs 洛沃斯墨,0-0,not reconstructed from future result,,,UNKNOWN,unknown,low,,PENDING_RESULT,2026-09-18T16:00:27.683383+08:00,69f5953cf24975f0bb85,
2026-09-18,3083889,V3,洪都甲春,乔洛马 vs 罗查星队,0-0,not reconstructed from future result,,,UNKNOWN,unknown,low,,PENDING_RESULT,,,
2026-09-18,3083889,V4,洪都甲春,乔洛马 vs 罗查星队,0-0,not reconstructed from future result,,,UNKNOWN,unknown,low,,PENDING_RESULT,2026-09-18T16:00:27.683383+08:00,bd2bc85e75e99c171fb9,
2026-09-18,3085193,V3,中美俱杯,CD奥林匹亚 vs 路斯天使,3-0,not reconstructed from future result,,,NO_DEMONSTRATED_PROCESS_ERROR,unknown,source-state only,,SETTLED_CANDIDATE,2026-09-18T07:51:48+08:00,6623f0066a54688ae6ef,可投
2026-09-18,3085193,V4,中美俱杯,CD奥林匹亚 vs 路斯天使,3-0,not reconstructed from future result,,,NO_DEMONSTRATED_PROCESS_ERROR,unknown,source-state only,,SETTLED_CANDIDATE,2026-09-18T07:51:48.522282+08:00,895caf8feceea6ff523e,N
2026-09-18,3085207,V3,芬超冠,奥卢 vs 图尔库国际,0-0,not reconstructed from future result,,,UNKNOWN,unknown,low,,PENDING_RESULT,,,
2026-09-18,3085207,V4,芬超冠,奥卢 vs 图尔库国际,0-0,not reconstructed from future result,,,UNKNOWN,unknown,low,,PENDING_RESULT,2026-09-18T16:00:27.683383+08:00,8589a6251f372822d87e,N
2026-09-18,3085208,V3,芬超冠,格尼斯坦 vs 赫尔辛基,0-0,not reconstructed from future result,,,UNKNOWN,unknown,low,,PENDING_RESULT,,,
2026-09-18,3085208,V4,芬超冠,格尼斯坦 vs 赫尔辛基,0-0,not reconstructed from future result,,,UNKNOWN,unknown,low,,PENDING_RESULT,2026-09-18T16:00:27.683383+08:00,b0f1b87e27b6b40992f9,N
2026-09-18,3085234,V3,芬超降,拉赫蒂 vs 雅罗,0-0,not reconstructed from future result,,,UNKNOWN,unknown,low,,PENDING_RESULT,,,
2026-09-18,3085234,V4,芬超降,拉赫蒂 vs 雅罗,0-0,not reconstructed from future result,,,UNKNOWN,unknown,low,,PENDING_RESULT,2026-09-18T16:00:27.683383+08:00,1ce3cc05770407131bf0,C
2026-09-18,3085235,V3,芬超降,塞伊奈约基 vs 玛丽港,0-0,not reconstructed from future result,,,UNKNOWN,unknown,low,,PENDING_RESULT,,,
2026-09-18,3085235,V4,芬超降,塞伊奈约基 vs 玛丽港,0-0,not reconstructed from future result,,,UNKNOWN,unknown,low,,PENDING_RESULT,2026-09-18T16:00:27.683383+08:00,db174b57788e08749166,N
2026-09-18,3085758,V3,约超联,阿拉毕 vs 亚吉拉安曼,0-0,not reconstructed from future result,,,UNKNOWN,unknown,low,,PENDING_RESULT,,,
2026-09-18,3085758,V4,约超联,阿拉毕 vs 亚吉拉安曼,0-0,not reconstructed from future result,,,UNKNOWN,unknown,low,,PENDING_RESULT,2026-09-18T16:00:27.683383+08:00,ac92df8d7adc25414f36,
2026-09-18,3085759,V3,约超联,安曼团结 vs 连姆沙,0-0,not reconstructed from future result,,,UNKNOWN,unknown,low,,PENDING_RESULT,,,
2026-09-18,3085759,V4,约超联,安曼团结 vs 连姆沙,0-0,not reconstructed from future result,,,UNKNOWN,unknown,low,,PENDING_RESULT,2026-09-18T16:00:27.683383+08:00,e1494fa9059dd33f4e69,C
2026-09-18,3086057,V3,约旦甲,伊哈连姆沙 vs 雅莫科,0-0,not reconstructed from future result,,,UNKNOWN,unknown,low,,PENDING_RESULT,,,
2026-09-18,3086057,V4,约旦甲,伊哈连姆沙 vs 雅莫科,0-0,not reconstructed from future result,,,UNKNOWN,unknown,low,,PENDING_RESULT,2026-09-18T16:00:27.683383+08:00,a233c3d41e3e5c23d14d,
2026-09-18,3086058,V3,约旦甲,杰拉什俱乐部 vs 萨赫勒霍兰,0-0,not reconstructed from future result,,,UNKNOWN,unknown,low,,PENDING_RESULT,,,
2026-09-18,3086058,V4,约旦甲,杰拉什俱乐部 vs 萨赫勒霍兰,0-0,not reconstructed from future result,,,UNKNOWN,unknown,low,,PENDING_RESULT,2026-09-18T16:00:27.683383+08:00,123714a5637e25a70d3e,
2026-09-18,3086059,V3,约旦甲,马恩 vs 哈舒梅亚,0-0,not reconstructed from future result,,,UNKNOWN,unknown,low,,PENDING_RESULT,,,
2026-09-18,3086059,V4,约旦甲,马恩 vs 哈舒梅亚,0-0,not reconstructed from future result,,,UNKNOWN,unknown,low,,PENDING_RESULT,2026-09-18T16:00:27.683383+08:00,17ad3b5f1690929f77ce,
2026-09-18,3086170,V3,印尼甲,查亚普拉 vs 北干巴鲁龙卷风,0-0,not reconstructed from future result,,,UNKNOWN,unknown,low,,PENDING_RESULT,,,
2026-09-18,3086170,V4,印尼甲,查亚普拉 vs 北干巴鲁龙卷风,0-0,not reconstructed from future result,,,UNKNOWN,unknown,low,,PENDING_RESULT,2026-09-18T16:00:27.683383+08:00,9d9c2aa5c2778c7bd235,N
2026-09-18,3086171,V3,印尼甲,普特拉锡纳 vs 佩斯卡德,0-0,not reconstructed from future result,,,UNKNOWN,unknown,low,,PENDING_RESULT,,,
2026-09-18,3086171,V4,印尼甲,普特拉锡纳 vs 佩斯卡德,0-0,not reconstructed from future result,,,UNKNOWN,unknown,low,,PENDING_RESULT,2026-09-18T16:00:27.683383+08:00,ad1a387d5f56b5a291ac,N
2026-09-18,3086346,V3,芬乙D降,KPV科高拉 vs 古比斯青年队,0-0,not reconstructed from future result,,,UNKNOWN,unknown,low,,PENDING_RESULT,,,
2026-09-18,3086346,V4,芬乙D降,KPV科高拉 vs 古比斯青年队,0-0,not reconstructed from future result,,,UNKNOWN,unknown,low,,PENDING_RESULT,2026-09-18T16:00:27.683383+08:00,7c4d977da99d25258baf,N
2026-09-18,3087139,V3,中乙,江西庐山 vs 山东泰山金钢山队,0-0,not reconstructed from future result,,,UNKNOWN,unknown,low,,PENDING_RESULT,2026-09-18T16:00:27+08:00,d0e55fdca2f6b14ce0a5,不投
2026-09-18,3087139,V4,中乙,江西庐山 vs 山东泰山金钢山队,0-0,not reconstructed from future result,,,UNKNOWN,unknown,low,,PENDING_RESULT,2026-09-18T16:00:27.683383+08:00,8fb26911d5d5eba5919b,
2026-09-18,3087168,V3,马耳乙,圣安德鲁斯卢索尔 vs 圣鲁西亚,0-0,not reconstructed from future result,,,UNKNOWN,unknown,low,,PENDING_RESULT,,,
2026-09-18,3087168,V4,马耳乙,圣安德鲁斯卢索尔 vs 圣鲁西亚,0-0,not reconstructed from future result,,,UNKNOWN,unknown,low,,PENDING_RESULT,2026-09-18T16:00:27.683383+08:00,e5ad2576926428f2d5f4,
2026-09-18,3087169,V3,马耳乙,斯维吉联 vs 佩塔,0-0,not reconstructed from future result,,,UNKNOWN,unknown,low,,PENDING_RESULT,,,
2026-09-18,3087169,V4,马耳乙,斯维吉联 vs 佩塔,0-0,not reconstructed from future result,,,UNKNOWN,unknown,low,,PENDING_RESULT,2026-09-18T16:00:27.683383+08:00,0dce23c38fdaacecc69a,
2026-09-18,3087658,V3,马耳甲,FC圣帕特里克 vs 拜基卡拉,0-0,not reconstructed from future result,,,UNKNOWN,unknown,low,,PENDING_RESULT,,,
2026-09-18,3087658,V4,马耳甲,FC圣帕特里克 vs 拜基卡拉,0-0,not reconstructed from future result,,,UNKNOWN,unknown,low,,PENDING_RESULT,2026-09-18T16:00:27.683383+08:00,8640e25c638f5f5c7059,N
2026-09-18,3087659,V3,马耳甲,哈姆伦斯巴达 vs 马沙斯洛克,0-0,not reconstructed from future result,,,UNKNOWN,unknown,low,,PENDING_RESULT,,,
2026-09-18,3087659,V4,马耳甲,哈姆伦斯巴达 vs 马沙斯洛克,0-0,not reconstructed from future result,,,UNKNOWN,unknown,low,,PENDING_RESULT,2026-09-18T16:00:27.683383+08:00,2dc718710e7cb0727da1,
2026-09-18,3087668,V3,中乙降A,长春喜都 vs 广东铭途,0-0,not reconstructed from future result,,,UNKNOWN,unknown,low,,PENDING_RESULT,,,
2026-09-18,3087668,V4,中乙降A,长春喜都 vs 广东铭途,0-0,not reconstructed from future result,,,UNKNOWN,unknown,low,,PENDING_RESULT,2026-09-18T07:51:48.522282+08:00,e97f8a7772de7190b4af,
2026-09-18,3087669,V3,中乙降A,兰州陇原竞技 vs 温州职业,0-0,not reconstructed from future result,,,UNKNOWN,unknown,low,,PENDING_RESULT,,,
2026-09-18,3087669,V4,中乙降A,兰州陇原竞技 vs 温州职业,0-0,not reconstructed from future result,,,UNKNOWN,unknown,low,,PENDING_RESULT,2026-09-18T07:51:48.522282+08:00,49246cbbc73528e94eb2,
2026-09-18,3087700,V3,中乙降B,武汉三镇B队 vs 南通海门珂缔缘,0-0,not reconstructed from future result,,,UNKNOWN,unknown,low,,PENDING_RESULT,,,
2026-09-18,3087700,V4,中乙降B,武汉三镇B队 vs 南通海门珂缔缘,0-0,not reconstructed from future result,,,UNKNOWN,unknown,low,,PENDING_RESULT,2026-09-18T16:00:27.683383+08:00,e62bd66dd32519795099,
2026-09-18,3087892,V3,匈U19,基斯华达U19 vs 汉维特U19,0-0,not reconstructed from future result,,,UNKNOWN,unknown,low,,PENDING_RESULT,,,
2026-09-18,3087892,V4,匈U19,基斯华达U19 vs 汉维特U19,0-0,not reconstructed from future result,,,UNKNOWN,unknown,low,,PENDING_RESULT,2026-09-18T16:00:27.683383+08:00,45a46338027ee6e0d326,
2026-09-18,3088394,V3,西室内足,FC巴塞罗那室内足球队 vs 佩尼斯科拉室内足球队,0-0,not reconstructed from future result,,,UNKNOWN,unknown,low,,PENDING_RESULT,,,
2026-09-18,3088394,V4,西室内足,FC巴塞罗那室内足球队 vs 佩尼斯科拉室内足球队,0-0,not reconstructed from future result,,,UNKNOWN,unknown,low,,PENDING_RESULT,2026-09-18T16:00:27.683383+08:00,2245cb1fcbc34806a3cd,
2026-09-18,3088400,V3,西室内足,帕鲁罗室内足球队 vs 卡特加斯能量室内足球队,0-0,not reconstructed from future result,,,UNKNOWN,unknown,low,,PENDING_RESULT,,,
2026-09-18,3088400,V4,西室内足,帕鲁罗室内足球队 vs 卡特加斯能量室内足球队,0-0,not reconstructed from future result,,,UNKNOWN,unknown,low,,PENDING_RESULT,2026-09-18T16:00:27.683383+08:00,64a979caeb3750fcc18b,
2026-09-18,3089349,V3,卢森杯,SC埃尔 vs 卡那斯,0-0,not reconstructed from future result,,,UNKNOWN,unknown,low,,PENDING_RESULT,2026-09-18T16:00:27+08:00,88de1ff9373f05cabd87,不投
2026-09-18,3089349,V4,卢森杯,SC埃尔 vs 卡那斯,0-0,not reconstructed from future result,,,UNKNOWN,unknown,low,,PENDING_RESULT,2026-09-18T16:00:27.683383+08:00,3a340565da53715110e0,
2026-09-18,3089637,V3,非青杯外,毛里求斯U20 vs 纳米比亚U20,0-0,not reconstructed from future result,,,UNKNOWN,unknown,low,,PENDING_RESULT,,,
2026-09-18,3089637,V4,非青杯外,毛里求斯U20 vs 纳米比亚U20,0-0,not reconstructed from future result,,,UNKNOWN,unknown,low,,PENDING_RESULT,2026-09-18T16:00:27.683383+08:00,aacbff917c79a17dbcc2,C
2026-09-18,3089638,V3,非青杯外,莫桑比克U20 vs 塞舌尔U20,0-0,not reconstructed from future result,,,UNKNOWN,unknown,low,,PENDING_RESULT,,,
2026-09-18,3089638,V4,非青杯外,莫桑比克U20 vs 塞舌尔U20,0-0,not reconstructed from future result,,,UNKNOWN,unknown,low,,PENDING_RESULT,2026-09-18T16:00:27.683383+08:00,b0389b7c12512e75c08c,
2026-09-18,3089649,V3,非青杯外,赞比亚U20 vs 马拉维U20,0-0,not reconstructed from future result,,,UNKNOWN,unknown,low,,PENDING_RESULT,,,
2026-09-18,3089649,V4,非青杯外,赞比亚U20 vs 马拉维U20,0-0,not reconstructed from future result,,,UNKNOWN,unknown,low,,PENDING_RESULT,2026-09-18T16:00:27.683383+08:00,9a5530b40c890cfc138c,
2026-09-18,3089650,V3,非青杯外,科摩罗U20 vs 博茨瓦纳U20,,not reconstructed from future result,,,UNKNOWN,unknown,low,,PENDING_RESULT,,,
2026-09-18,3089650,V4,非青杯外,科摩罗U20 vs 博茨瓦纳U20,,not reconstructed from future result,,,UNKNOWN,unknown,low,,PENDING_RESULT,2026-09-18T16:00:27.683383+08:00,b435813eef2fd92cc838,
2026-09-18,3089693,V3,南运男足,哥伦比亚U19 vs 巴拿马U19,0-0,not reconstructed from future result,,,UNKNOWN,unknown,low,,PENDING_RESULT,,,
2026-09-18,3089693,V4,南运男足,哥伦比亚U19 vs 巴拿马U19,0-0,not reconstructed from future result,,,UNKNOWN,unknown,low,,PENDING_RESULT,2026-09-18T16:00:27.683383+08:00,3bce4589457c1f7902e5,
2026-09-18,3089694,V3,南运男足,智利U19 vs 秘鲁U19,0-0,not reconstructed from future result,,,UNKNOWN,unknown,low,,PENDING_RESULT,,,
2026-09-18,3089694,V4,南运男足,智利U19 vs 秘鲁U19,0-0,not reconstructed from future result,,,UNKNOWN,unknown,low,,PENDING_RESULT,2026-09-18T16:00:27.683383+08:00,df0eb63237efdf1abe9b,
2026-09-18,3089706,V3,南美女运,委内瑞拉女足U17 vs 智利女足U20,0-0,not reconstructed from future result,,,UNKNOWN,unknown,low,,PENDING_RESULT,,,
2026-09-18,3089706,V4,南美女运,委内瑞拉女足U17 vs 智利女足U20,0-0,not reconstructed from future result,,,UNKNOWN,unknown,low,,PENDING_RESULT,2026-09-18T16:00:27.683383+08:00,4610417aac3e3c2ed189,
2026-09-18,3089707,V3,南美女运,乌拉圭女足U20 vs 巴拉圭女足U20,0-0,not reconstructed from future result,,,UNKNOWN,unknown,low,,PENDING_RESULT,,,
2026-09-18,3089707,V4,南美女运,乌拉圭女足U20 vs 巴拉圭女足U20,0-0,not reconstructed from future result,,,UNKNOWN,unknown,low,,PENDING_RESULT,2026-09-18T16:00:27.683383+08:00,7d4ce60d39109a07ace0,
2026-09-18,3089766,V3,首相杯,斐济 vs 所罗门群岛,0-0,not reconstructed from future result,,,UNKNOWN,unknown,low,,PENDING_RESULT,2026-09-18T07:51:48+08:00,8147bb62d5e296059ae2,不投
2026-09-18,3089766,V4,首相杯,斐济 vs 所罗门群岛,0-0,not reconstructed from future result,,,UNKNOWN,unknown,low,,PENDING_RESULT,2026-09-18T07:51:48.522282+08:00,452cd365e171ee375283,
2026-09-18,3089776,V3,冰女超冠,哈夫纳夫约杜尔女足 vs 加尔扎拜尔星女足,0-0,not reconstructed from future result,,,UNKNOWN,unknown,low,,PENDING_RESULT,,,
2026-09-18,3089776,V4,冰女超冠,哈夫纳夫约杜尔女足 vs 加尔扎拜尔星女足,0-0,not reconstructed from future result,,,UNKNOWN,unknown,low,,PENDING_RESULT,2026-09-18T16:00:27.683383+08:00,1b094773f828fbf3eb7e,
2026-09-18,3089777,V3,冰女超冠,韦斯特曼纳埃亚尔女足 vs 图罗杜尔女足,0-0,not reconstructed from future result,,,UNKNOWN,unknown,low,,PENDING_RESULT,,,
2026-09-18,3089777,V4,冰女超冠,韦斯特曼纳埃亚尔女足 vs 图罗杜尔女足,0-0,not reconstructed from future result,,,UNKNOWN,unknown,low,,PENDING_RESULT,2026-09-18T16:00:27.683383+08:00,e2ed8cc2d6e6ce0944ba,
2026-09-18,3089790,V3,冰女超降,弗拉姆女足 vs 维京古尔女足,0-0,not reconstructed from future result,,,UNKNOWN,unknown,low,,PENDING_RESULT,,,
2026-09-18,3089790,V4,冰女超降,弗拉姆女足 vs 维京古尔女足,0-0,not reconstructed from future result,,,UNKNOWN,unknown,low,,PENDING_RESULT,2026-09-18T16:00:27.683383+08:00,b0a74e8caa2f052bc848,
2026-09-18,3089799,V3,德戊,ASV查姆 vs 纽德罗森菲尔德,0-0,not reconstructed from future result,,,UNKNOWN,unknown,low,,PENDING_RESULT,,,
2026-09-18,3089799,V4,德戊,ASV查姆 vs 纽德罗森菲尔德,0-0,not reconstructed from future result,,,UNKNOWN,unknown,low,,PENDING_RESULT,2026-09-18T16:00:27.683383+08:00,0f1fab3fcb6ebffda08b,
2026-09-18,3089801,V3,德戊,TSV科恩 vs 阿莎芬堡,0-0,not reconstructed from future result,,,UNKNOWN,unknown,low,,PENDING_RESULT,,,
2026-09-18,3089801,V4,德戊,TSV科恩 vs 阿莎芬堡,0-0,not reconstructed from future result,,,UNKNOWN,unknown,low,,PENDING_RESULT,2026-09-18T16:00:27.683383+08:00,9b3dc60b27895209610b,
2026-09-18,3089802,V3,德戊,威登 vs DJK盖本巴赫,0-0,not reconstructed from future result,,,UNKNOWN,unknown,low,,PENDING_RESULT,,,
2026-09-18,3089802,V4,德戊,威登 vs DJK盖本巴赫,0-0,not reconstructed from future result,,,UNKNOWN,unknown,low,,PENDING_RESULT,2026-09-18T16:00:27.683383+08:00,0f2a2fba3edb89e18dce,
2026-09-18,3089803,V3,德戊,格罗斯巴多夫 vs 班贝格,0-0,not reconstructed from future result,,,UNKNOWN,unknown,low,,PENDING_RESULT,,,
2026-09-18,3089803,V4,德戊,格罗斯巴多夫 vs 班贝格,0-0,not reconstructed from future result,,,UNKNOWN,unknown,low,,PENDING_RESULT,2026-09-18T16:00:27.683383+08:00,0861aaf4fe45758bcb05,
2026-09-18,3089804,V3,德戊,黑木斯德腾 vs 贡德尔芬根,0-0,not reconstructed from future result,,,UNKNOWN,unknown,low,,PENDING_RESULT,,,
2026-09-18,3089804,V4,德戊,黑木斯德腾 vs 贡德尔芬根,0-0,not reconstructed from future result,,,UNKNOWN,unknown,low,,PENDING_RESULT,2026-09-18T16:00:27.683383+08:00,31ff2309d6afaf7f4360,
2026-09-18,3089805,V3,德戊,慕尼黑1860II队 vs SV埃尔巴赫,0-0,not reconstructed from future result,,,UNKNOWN,unknown,low,,PENDING_RESULT,,,
2026-09-18,3089805,V4,德戊,慕尼黑1860II队 vs SV埃尔巴赫,0-0,not reconstructed from future result,,,UNKNOWN,unknown,low,,PENDING_RESULT,2026-09-18T16:00:27.683383+08:00,c126dee52f72c93af77a,
2026-09-18,3089806,V3,德戊,施瓦伊格 vs 罗森海姆1860,0-0,not reconstructed from future result,,,UNKNOWN,unknown,low,,PENDING_RESULT,,,
2026-09-18,3089806,V4,德戊,施瓦伊格 vs 罗森海姆1860,0-0,not reconstructed from future result,,,UNKNOWN,unknown,low,,PENDING_RESULT,2026-09-18T16:00:27.683383+08:00,9e40b8024a74d167c25f,
2026-09-18,3089807,V3,斯伐丙,SFM森纳克 vs 杜纳斯卡,0-0,not reconstructed from future result,,,UNKNOWN,unknown,low,,PENDING_RESULT,,,
2026-09-18,3089807,V4,斯伐丙,SFM森纳克 vs 杜纳斯卡,0-0,not reconstructed from future result,,,UNKNOWN,unknown,low,,PENDING_RESULT,2026-09-18T16:00:27.683383+08:00,8e7a39f527fe830aeb40,
2026-09-18,3089808,V3,德戊,比尔斯特茨瓦克 vs FC祖德,0-0,not reconstructed from future result,,,UNKNOWN,unknown,low,,PENDING_RESULT,,,
2026-09-18,3089808,V4,德戊,比尔斯特茨瓦克 vs FC祖德,0-0,not reconstructed from future result,,,UNKNOWN,unknown,low,,PENDING_RESULT,2026-09-18T16:00:27.683383+08:00,4baa61618fb49b8326a6,
2026-09-18,3089809,V3,德戊,图拉哈克舍德 vs 布赫霍尔茨,0-0,not reconstructed from future result,,,UNKNOWN,unknown,low,,PENDING_RESULT,,,
2026-09-18,3089809,V4,德戊,图拉哈克舍德 vs 布赫霍尔茨,0-0,not reconstructed from future result,,,UNKNOWN,unknown,low,,PENDING_RESULT,2026-09-18T16:00:27.683383+08:00,ad298ed0adc4fb506bf0,
2026-09-18,3089810,V3,德戊,汉堡维多利亚 vs VfL平讷贝格,0-0,not reconstructed from future result,,,UNKNOWN,unknown,low,,PENDING_RESULT,,,
2026-09-18,3089810,V4,德戊,汉堡维多利亚 vs VfL平讷贝格,0-0,not reconstructed from future result,,,UNKNOWN,unknown,low,,PENDING_RESULT,2026-09-18T16:00:27.683383+08:00,e4768d65478a844224ad,
2026-09-18,3089811,V3,德戊,诺德施泰特B队 vs ETSV汉堡,0-0,not reconstructed from future result,,,UNKNOWN,unknown,low,,PENDING_RESULT,,,
2026-09-18,3089811,V4,德戊,诺德施泰特B队 vs ETSV汉堡,0-0,not reconstructed from future result,,,UNKNOWN,unknown,low,,PENDING_RESULT,2026-09-18T16:00:27.683383+08:00,f897eaefd6df8590b2e5,
2026-09-18,3089812,V3,波兰丙,罗姆查 vs 维亚扎布基,0-0,not reconstructed from future result,,,UNKNOWN,unknown,low,,PENDING_RESULT,,,
2026-09-18,3089812,V4,波兰丙,罗姆查 vs 维亚扎布基,0-0,not reconstructed from future result,,,UNKNOWN,unknown,low,,PENDING_RESULT,2026-09-18T16:00:27.683383+08:00,673219ae5cadf4ef0d08,
2026-09-18,3089813,V3,波兰丙,奥德拉比托姆 vs 巴里奇苏洛,0-0,not reconstructed from future result,,,UNKNOWN,unknown,low,,PENDING_RESULT,,,
2026-09-18,3089813,V4,波兰丙,奥德拉比托姆 vs 巴里奇苏洛,0-0,not reconstructed from future result,,,UNKNOWN,unknown,low,,PENDING_RESULT,2026-09-18T16:00:27.683383+08:00,a2bc5150710b80aff170,
2026-09-18,3089814,V3,波兰丙,包尔科维切 vs 索斯诺维克,0-0,not reconstructed from future result,,,UNKNOWN,unknown,low,,PENDING_RESULT,,,
2026-09-18,3089814,V4,波兰丙,包尔科维切 vs 索斯诺维克,0-0,not reconstructed from future result,,,UNKNOWN,unknown,low,,PENDING_RESULT,2026-09-18T16:00:27.683383+08:00,02142fbf176e8eaa63fd,
2026-09-18,3089815,V3,波兰丙,尼萨波隆尼亚 vs 琴斯托霍瓦B队,0-0,not reconstructed from future result,,,UNKNOWN,unknown,low,,PENDING_RESULT,,,
2026-09-18,3089815,V4,波兰丙,尼萨波隆尼亚 vs 琴斯托霍瓦B队,0-0,not reconstructed from future result,,,UNKNOWN,unknown,low,,PENDING_RESULT,2026-09-18T16:00:27.683383+08:00,d927ff4d60c7409c7025,
2026-09-18,3089816,V3,波兰丙,卢宾扎格勒比B队 vs 卡琳娜古宾,0-0,not reconstructed from future result,,,UNKNOWN,unknown,low,,PENDING_RESULT,,,
2026-09-18,3089816,V4,波兰丙,卢宾扎格勒比B队 vs 卡琳娜古宾,0-0,not reconstructed from future result,,,UNKNOWN,unknown,low,,PENDING_RESULT,2026-09-18T16:00:27.683383+08:00,1beaf78a519a3819013b,N
2026-09-18,3089818,V3,德戊,瑞尼肯多弗 vs 克洛斯特费尔德,0-0,not reconstructed from future result,,,UNKNOWN,unknown,low,,PENDING_RESULT,,,
2026-09-18,3089818,V4,德戊,瑞尼肯多弗 vs 克洛斯特费尔德,0-0,not reconstructed from future result,,,UNKNOWN,unknown,low,,PENDING_RESULT,2026-09-18T16:00:27.683383+08:00,712819dedd1403152594,
2026-09-18,3089819,V3,德戊,什未林梅克伦堡 vs 安高维斯马,0-0,not reconstructed from future result,,,UNKNOWN,unknown,low,,PENDING_RESULT,,,
2026-09-18,3089819,V4,德戊,什未林梅克伦堡 vs 安高维斯马,0-0,not reconstructed from future result,,,UNKNOWN,unknown,low,,PENDING_RESULT,2026-09-18T16:00:27.683383+08:00,ea6136f421477a3b4c5b,
2026-09-18,3089820,V3,德戊,FC法兰克福 vs 穆瑟维茨,0-0,not reconstructed from future result,,,UNKNOWN,unknown,low,,PENDING_RESULT,,,
2026-09-18,3089820,V4,德戊,FC法兰克福 vs 穆瑟维茨,0-0,not reconstructed from future result,,,UNKNOWN,unknown,low,,PENDING_RESULT,2026-09-18T16:00:27.683383+08:00,db71baee3f8337727849,
2026-09-18,3089821,V3,德戊,哈努尔SC 1960 vs 沃尔多夫,0-0,not reconstructed from future result,,,UNKNOWN,unknown,low,,PENDING_RESULT,,,
2026-09-18,3089821,V4,德戊,哈努尔SC 1960 vs 沃尔多夫,0-0,not reconstructed from future result,,,UNKNOWN,unknown,low,,PENDING_RESULT,2026-09-18T16:00:27.683383+08:00,a1f6d609c6334ccfe2e0,
2026-09-18,3089822,V3,德戊,威灵根 vs 辛根,0-0,not reconstructed from future result,,,UNKNOWN,unknown,low,,PENDING_RESULT,,,
2026-09-18,3089822,V4,德戊,威灵根 vs 辛根,0-0,not reconstructed from future result,,,UNKNOWN,unknown,low,,PENDING_RESULT,2026-09-18T16:00:27.683383+08:00,77d7c9b4fbb11654efa7,
2026-09-18,3089823,V3,德戊,诺汀根 vs 雷特林根年轻人,0-0,not reconstructed from future result,,,UNKNOWN,unknown,low,,PENDING_RESULT,,,
2026-09-18,3089823,V4,德戊,诺汀根 vs 雷特林根年轻人,0-0,not reconstructed from future result,,,UNKNOWN,unknown,low,,PENDING_RESULT,2026-09-18T16:00:27.683383+08:00,b0c65e110b5252eb7bcf,
2026-09-18,3089824,V3,墨西U21,华雷斯U21 vs 堤格雷斯UANL U21,0-0,not reconstructed from future result,,,UNKNOWN,unknown,low,,PENDING_RESULT,,,
2026-09-18,3089824,V4,墨西U21,华雷斯U21 vs 堤格雷斯UANL U21,0-0,not reconstructed from future result,,,UNKNOWN,unknown,low,,PENDING_RESULT,2026-09-18T16:00:27.683383+08:00,9565bc085b06005e3fc9,
2026-09-18,3089825,V3,墨西U21,普埃布拉U21 vs 亚特兰特U21,0-0,not reconstructed from future result,,,UNKNOWN,unknown,low,,PENDING_RESULT,,,
2026-09-18,3089825,V4,墨西U21,普埃布拉U21 vs 亚特兰特U21,0-0,not reconstructed from future result,,,UNKNOWN,unknown,low,,PENDING_RESULT,2026-09-18T16:00:27.683383+08:00,cff509eebc63f86a3eef,
2026-09-18,3089826,V3,德戊,SV索尼克斯 vs 条顿尼亚通尼斯,0-0,not reconstructed from future result,,,UNKNOWN,unknown,low,,PENDING_RESULT,,,
2026-09-18,3089826,V4,德戊,SV索尼克斯 vs 条顿尼亚通尼斯,0-0,not reconstructed from future result,,,UNKNOWN,unknown,low,,PENDING_RESULT,2026-09-18T16:00:27.683383+08:00,3c1da306dad54410a4c4,
2026-09-18,3089827,V3,埃及甲,斯卡哈迪德 vs 埃及电信,0-0,not reconstructed from future result,,,UNKNOWN,unknown,low,,PENDING_RESULT,,,
2026-09-18,3089827,V4,埃及甲,斯卡哈迪德 vs 埃及电信,0-0,not reconstructed from future result,,,UNKNOWN,unknown,low,,PENDING_RESULT,2026-09-18T16:00:27.683383+08:00,44aee2c1ca9f4b8d177c,N
2026-09-18,3089828,V3,埃及甲,巴拉蒂耶 vs 卡巴阿斯玛利,0-0,not reconstructed from future result,,,UNKNOWN,unknown,low,,PENDING_RESULT,,,
2026-09-18,3089828,V4,埃及甲,巴拉蒂耶 vs 卡巴阿斯玛利,0-0,not reconstructed from future result,,,UNKNOWN,unknown,low,,PENDING_RESULT,2026-09-18T16:00:27.683383+08:00,155179cc9bfeb6903e74,N
2026-09-18,3089829,V3,埃及甲,拉维耶纳 vs 马萨尔FC,0-0,not reconstructed from future result,,,UNKNOWN,unknown,low,,PENDING_RESULT,,,
2026-09-18,3089829,V4,埃及甲,拉维耶纳 vs 马萨尔FC,0-0,not reconstructed from future result,,,UNKNOWN,unknown,low,,PENDING_RESULT,2026-09-18T16:00:27.683383+08:00,1d9740796ab8d8cd271e,B
2026-09-18,3089830,V3,埃及甲,普斯SC vs 玛列亚特,0-0,not reconstructed from future result,,,UNKNOWN,unknown,low,,PENDING_RESULT,,,
2026-09-18,3089830,V4,埃及甲,普斯SC vs 玛列亚特,0-0,not reconstructed from future result,,,UNKNOWN,unknown,low,,PENDING_RESULT,2026-09-18T16:00:27.683383+08:00,556145bb34b266029c4b,
2026-09-18,3089831,V3,德戊,阿维韦勒 vs 斯科布伦茨,0-0,not reconstructed from future result,,,UNKNOWN,unknown,low,,PENDING_RESULT,,,
2026-09-18,3089831,V4,德戊,阿维韦勒 vs 斯科布伦茨,0-0,not reconstructed from future result,,,UNKNOWN,unknown,low,,PENDING_RESULT,2026-09-18T16:00:27.683383+08:00,c5f6e8f92df1e67a9c4c,
2026-09-18,3089832,V3,德戊,奥布兰德 vs KSV瓦坦体育不莱梅,0-0,not reconstructed from future result,,,UNKNOWN,unknown,low,,PENDING_RESULT,,,
2026-09-18,3089832,V4,德戊,奥布兰德 vs KSV瓦坦体育不莱梅,0-0,not reconstructed from future result,,,UNKNOWN,unknown,low,,PENDING_RESULT,2026-09-18T16:00:27.683383+08:00,2742b41952b81c05729c,
2026-09-18,3089833,V3,德戊,勒赫尔 vs ESC葛特斯,0-0,not reconstructed from future result,,,UNKNOWN,unknown,low,,PENDING_RESULT,,,
2026-09-18,3089833,V4,德戊,勒赫尔 vs ESC葛特斯,0-0,not reconstructed from future result,,,UNKNOWN,unknown,low,,PENDING_RESULT,2026-09-18T16:00:27.683383+08:00,c02e1b96d8154a555b7b,
2026-09-18,3089834,V3,不丹廷联,运输联足球俱乐部 vs RTC,0-0,not reconstructed from future result,,,UNKNOWN,unknown,low,,PENDING_RESULT,,,
2026-09-18,3089834,V4,不丹廷联,运输联足球俱乐部 vs RTC,0-0,not reconstructed from future result,,,UNKNOWN,unknown,low,,PENDING_RESULT,2026-09-18T16:00:27.683383+08:00,981484befee45c100991,
2026-09-18,3089835,V3,芬女甲,赫尔辛基B队女足 vs TPS土尔库女足,0-0,not reconstructed from future result,,,UNKNOWN,unknown,low,,PENDING_RESULT,,,
2026-09-18,3089835,V4,芬女甲,赫尔辛基B队女足 vs TPS土尔库女足,0-0,not reconstructed from future result,,,UNKNOWN,unknown,low,,PENDING_RESULT,2026-09-18T16:00:27.683383+08:00,6d486033c1734afacc72,
2026-09-18,3089836,V3,葡女锦,里奥阿维女足 vs 本菲卡女足,0-0,not reconstructed from future result,,,UNKNOWN,unknown,low,,PENDING_RESULT,,,
2026-09-18,3089836,V4,葡女锦,里奥阿维女足 vs 本菲卡女足,0-0,not reconstructed from future result,,,UNKNOWN,unknown,low,,PENDING_RESULT,2026-09-18T16:00:27.683383+08:00,b802f86ea6ddbc671f7a,
2026-09-18,3089837,V3,葡女锦,葡萄牙体育女足 vs 马里迪莫女足,0-0,not reconstructed from future result,,,UNKNOWN,unknown,low,,PENDING_RESULT,,,
2026-09-18,3089837,V4,葡女锦,葡萄牙体育女足 vs 马里迪莫女足,0-0,not reconstructed from future result,,,UNKNOWN,unknown,low,,PENDING_RESULT,2026-09-18T16:00:27.683383+08:00,e571eeb79ca6f8718429,
2026-09-18,3089838,V3,直布超,哥连泰1975 vs 布鲁诺斯喜鹊,0-0,not reconstructed from future result,,,UNKNOWN,unknown,low,,PENDING_RESULT,,,
2026-09-18,3089838,V4,直布超,哥连泰1975 vs 布鲁诺斯喜鹊,0-0,not reconstructed from future result,,,UNKNOWN,unknown,low,,PENDING_RESULT,2026-09-18T16:00:27.683383+08:00,b3f1a6b97ca28d39be8f,
2026-09-18,3089839,V3,阿塞甲,卡拉巴格汉肯迪 vs 莫克,0-0,not reconstructed from future result,,,UNKNOWN,unknown,low,,PENDING_RESULT,,,
2026-09-18,3089839,V4,阿塞甲,卡拉巴格汉肯迪 vs 莫克,0-0,not reconstructed from future result,,,UNKNOWN,unknown,low,,PENDING_RESULT,2026-09-18T16:00:27.683383+08:00,ea33936ad520622c0d30,
2026-09-18,3089840,V3,马来A1联,马来西亚大学 vs 雪兰莪U23,,not reconstructed from future result,,,UNKNOWN,unknown,low,,PENDING_RESULT,,,
2026-09-18,3089840,V4,马来A1联,马来西亚大学 vs 雪兰莪U23,,not reconstructed from future result,,,UNKNOWN,unknown,low,,PENDING_RESULT,2026-09-18T16:00:27.683383+08:00,6ac4d47e74950cd4bbcc,
2026-09-18,3089841,V3,北爱女超,德利城女足 vs 里斯布恩女足,0-0,not reconstructed from future result,,,UNKNOWN,unknown,low,,PENDING_RESULT,,,
2026-09-18,3089841,V4,北爱女超,德利城女足 vs 里斯布恩女足,0-0,not reconstructed from future result,,,UNKNOWN,unknown,low,,PENDING_RESULT,2026-09-18T16:00:27.683383+08:00,973385b4a8a690ab8ea9,
2026-09-18,3089842,V3,北爱女超,格伦杜兰女足 vs 连菲特女足,0-0,not reconstructed from future result,,,UNKNOWN,unknown,low,,PENDING_RESULT,,,
2026-09-18,3089842,V4,北爱女超,格伦杜兰女足 vs 连菲特女足,0-0,not reconstructed from future result,,,UNKNOWN,unknown,low,,PENDING_RESULT,2026-09-18T16:00:27.683383+08:00,b4dd1c214937ff554bc4,
2026-09-18,3089843,V3,北爱女超,克里夫顿维尔女足 vs 里斯本流浪女足,0-0,not reconstructed from future result,,,UNKNOWN,unknown,low,,PENDING_RESULT,,,
2026-09-18,3089843,V4,北爱女超,克里夫顿维尔女足 vs 里斯本流浪女足,0-0,not reconstructed from future result,,,UNKNOWN,unknown,low,,PENDING_RESULT,2026-09-18T16:00:27.683383+08:00,03964a6a5dac370daaae,
2026-09-18,3089844,V3,北爱女超,克鲁萨德前锋女足 vs 拉恩FC女足,0-0,not reconstructed from future result,,,UNKNOWN,unknown,low,,PENDING_RESULT,,,
2026-09-18,3089844,V4,北爱女超,克鲁萨德前锋女足 vs 拉恩FC女足,0-0,not reconstructed from future result,,,UNKNOWN,unknown,low,,PENDING_RESULT,2026-09-18T16:00:27.683383+08:00,d3dfa9031a3dd6efc354,
2026-09-18,3089846,V3,埃及甲,佩哈亚克 vs 三角洲联,0-0,not reconstructed from future result,,,UNKNOWN,unknown,low,,PENDING_RESULT,,,
2026-09-18,3089846,V4,埃及甲,佩哈亚克 vs 三角洲联,0-0,not reconstructed from future result,,,UNKNOWN,unknown,low,,PENDING_RESULT,2026-09-18T16:00:27.683383+08:00,560e6fd8b9a10ef2de69,C
2026-09-18,3089847,V3,葡杯,皇家体育队 vs 科英布拉大学,0-0,not reconstructed from future result,,,UNKNOWN,unknown,low,,PENDING_RESULT,2026-09-18T16:00:27+08:00,8ac71d1886c115fc65bc,不投
2026-09-18,3089847,V4,葡杯,皇家体育队 vs 科英布拉大学,0-0,not reconstructed from future result,,,UNKNOWN,unknown,low,,PENDING_RESULT,2026-09-18T16:00:27.683383+08:00,cee3f0567b7253cee804,C
2026-09-18,3089885,V3,墨西乙A,圣地亚哥足球俱乐部 vs 萨尔蒂洛,0-0,not reconstructed from future result,,,UNKNOWN,unknown,low,,PENDING_RESULT,,,
2026-09-18,3089885,V4,墨西乙A,圣地亚哥足球俱乐部 vs 萨尔蒂洛,0-0,not reconstructed from future result,,,UNKNOWN,unknown,low,,PENDING_RESULT,2026-09-18T16:00:27.683383+08:00,f77f19c8576823bf13cd,
2026-09-18,3089886,V3,墨西乙A,太平洋战士 vs 阿坎巴罗,0-0,not reconstructed from future result,,,UNKNOWN,unknown,low,,PENDING_RESULT,,,
2026-09-18,3089886,V4,墨西乙A,太平洋战士 vs 阿坎巴罗,0-0,not reconstructed from future result,,,UNKNOWN,unknown,low,,PENDING_RESULT,2026-09-18T16:00:27.683383+08:00,4ca196fd5a2ea8afc443,
2026-09-18,3089887,V3,墨西乙A,扎奇FC vs 弗雷斯尼洛,0-0,not reconstructed from future result,,,UNKNOWN,unknown,low,,PENDING_RESULT,,,
2026-09-18,3089887,V4,墨西乙A,扎奇FC vs 弗雷斯尼洛,0-0,not reconstructed from future result,,,UNKNOWN,unknown,low,,PENDING_RESULT,2026-09-18T16:00:27.683383+08:00,1c9c97bd4015eb03de4f,
2026-09-18,3089888,V3,球会友谊,西斯普林斯 vs 克赖斯特彻奇联,0-0,not reconstructed from future result,,,UNKNOWN,unknown,low,,PENDING_RESULT,,,
2026-09-18,3089888,V4,球会友谊,西斯普林斯 vs 克赖斯特彻奇联,0-0,not reconstructed from future result,,,UNKNOWN,unknown,low,,PENDING_RESULT,2026-09-18T16:00:27.683383+08:00,cb7dc52e13ce95cab469,
2026-09-18,3090220,V3,英足总杯,伍斯特 vs 斯特拉特福镇,0-0,not reconstructed from future result,,,UNKNOWN,unknown,low,,PENDING_RESULT,2026-09-18T16:00:27+08:00,363d66064b2c79e2becf,不投
2026-09-18,3090220,V4,英足总杯,伍斯特 vs 斯特拉特福镇,0-0,not reconstructed from future result,,,UNKNOWN,unknown,low,,PENDING_RESULT,2026-09-18T16:00:27.683383+08:00,353257021ff173bd776a,
2026-09-18,3090221,V3,英足总杯,耶特城 vs 茨伯翰,0-0,not reconstructed from future result,,,UNKNOWN,unknown,low,,PENDING_RESULT,2026-09-18T16:00:27+08:00,13c0563977d645f53435,不投
2026-09-18,3090221,V4,英足总杯,耶特城 vs 茨伯翰,0-0,not reconstructed from future result,,,UNKNOWN,unknown,low,,PENDING_RESULT,2026-09-18T16:00:27.683383+08:00,8294efdbb35f703e1f21,
2026-09-18,3090317,V3,波兰丙,佐维耶茨基 vs 斯维特,0-0,not reconstructed from future result,,,UNKNOWN,unknown,low,,PENDING_RESULT,,,
2026-09-18,3090317,V4,波兰丙,佐维耶茨基 vs 斯维特,0-0,not reconstructed from future result,,,UNKNOWN,unknown,low,,PENDING_RESULT,2026-09-18T16:00:27.683383+08:00,5ba3c2cb6508ffbaaf71,
2026-09-18,3090889,V3,哥斯乙,肯梅利塔 vs 科罗纳多,0-0,not reconstructed from future result,,,UNKNOWN,unknown,low,,PENDING_RESULT,2026-09-18T16:00:27+08:00,08b2a8bff9c76e37644c,不投
2026-09-18,3090889,V4,哥斯乙,肯梅利塔 vs 科罗纳多,0-0,not reconstructed from future result,,,UNKNOWN,unknown,low,,PENDING_RESULT,2026-09-18T16:00:27.683383+08:00,89707fbb09fa06f0ef2b,
2026-09-18,3090910,V3,阿根业余锦,安托尼亚那青年 vs 西波列蒂,0-0,not reconstructed from future result,,,UNKNOWN,unknown,low,,PENDING_RESULT,,,
2026-09-18,3090910,V4,阿根业余锦,安托尼亚那青年 vs 西波列蒂,0-0,not reconstructed from future result,,,UNKNOWN,unknown,low,,PENDING_RESULT,2026-09-18T16:00:27.683383+08:00,2de3d52572f4ce03b31b,
2026-09-18,3091524,V3,土U19联,卡斯帕萨U19 vs 干亚斯堡U19,0-0,not reconstructed from future result,,,UNKNOWN,unknown,low,,PENDING_RESULT,,,
2026-09-18,3091524,V4,土U19联,卡斯帕萨U19 vs 干亚斯堡U19,0-0,not reconstructed from future result,,,UNKNOWN,unknown,low,,PENDING_RESULT,2026-09-18T16:00:27.683383+08:00,130e714e5032a417aaa2,
2026-09-18,3091589,V3,国际友谊,北爱尔兰U16 vs 芬兰U16,0-0,not reconstructed from future result,,,UNKNOWN,unknown,low,,PENDING_RESULT,,,
2026-09-18,3091589,V4,国际友谊,北爱尔兰U16 vs 芬兰U16,0-0,not reconstructed from future result,,,UNKNOWN,unknown,low,,PENDING_RESULT,2026-09-18T16:00:27.683383+08:00,b81144628074bbd3ae41,
2026-09-18,3091668,V3,白俄女超,斯莫根女足 vs ABFF女足U19,0-0,not reconstructed from future result,,,UNKNOWN,unknown,low,,PENDING_RESULT,,,
2026-09-18,3091668,V4,白俄女超,斯莫根女足 vs ABFF女足U19,0-0,not reconstructed from future result,,,UNKNOWN,unknown,low,,PENDING_RESULT,2026-09-18T16:00:27.683383+08:00,20a41309cf2b7c2198dc,
2026-09-18,3091689,V3,科索沃超,KF格尼拉内 vs 普里斯堤纳,0-0,not reconstructed from future result,,,UNKNOWN,unknown,low,,PENDING_RESULT,,,
2026-09-18,3091689,V4,科索沃超,KF格尼拉内 vs 普里斯堤纳,0-0,not reconstructed from future result,,,UNKNOWN,unknown,low,,PENDING_RESULT,2026-09-18T16:00:27.683383+08:00,fa2430edf3517858c9b9,
2026-09-18,3091705,V3,克亚丙,卢斯高 vs 杜哥塞洛,0-0,not reconstructed from future result,,,UNKNOWN,unknown,low,,PENDING_RESULT,,,
2026-09-18,3091705,V4,克亚丙,卢斯高 vs 杜哥塞洛,0-0,not reconstructed from future result,,,UNKNOWN,unknown,low,,PENDING_RESULT,2026-09-18T16:00:27.683383+08:00,db2c0cc56a1e7ef8a7f1,
2026-09-18,3091706,V3,捷丁,科马罗夫 vs 康尼斯,0-0,not reconstructed from future result,,,UNKNOWN,unknown,low,,PENDING_RESULT,,,
2026-09-18,3091706,V4,捷丁,科马罗夫 vs 康尼斯,0-0,not reconstructed from future result,,,UNKNOWN,unknown,low,,PENDING_RESULT,2026-09-18T16:00:27.683383+08:00,f5ab22429a7d4c8e7d9c,
2026-09-18,3091730,V3,捷丁,赫鲁波卡伏尔塔维 vs 米勒夫斯科,0-0,not reconstructed from future result,,,UNKNOWN,unknown,low,,PENDING_RESULT,,,
2026-09-18,3091730,V4,捷丁,赫鲁波卡伏尔塔维 vs 米勒夫斯科,0-0,not reconstructed from future result,,,UNKNOWN,unknown,low,,PENDING_RESULT,2026-09-18T16:00:27.683383+08:00,8bfc1648ae5422b7cea6,
2026-09-18,3091731,V3,阿女甲,费罗卡利尔女足 vs 飓风队女足,0-0,not reconstructed from future result,,,UNKNOWN,unknown,low,,PENDING_RESULT,,,
2026-09-18,3091731,V4,阿女甲,费罗卡利尔女足 vs 飓风队女足,0-0,not reconstructed from future result,,,UNKNOWN,unknown,low,,PENDING_RESULT,2026-09-18T16:00:27.683383+08:00,3ad8577306da61d76076,
2026-09-18,3091733,V3,阿女甲,纽维尔老男孩女足 vs 甘拿斯亚女足,0-0,not reconstructed from future result,,,UNKNOWN,unknown,low,,PENDING_RESULT,,,
2026-09-18,3091733,V4,阿女甲,纽维尔老男孩女足 vs 甘拿斯亚女足,0-0,not reconstructed from future result,,,UNKNOWN,unknown,low,,PENDING_RESULT,2026-09-18T16:00:27.683383+08:00,c517651a443eb433b9ee,
2026-09-18,3091735,V3,阿女甲,竞技俱乐部女足 vs 班菲尔德女足,0-0,not reconstructed from future result,,,UNKNOWN,unknown,low,,PENDING_RESULT,,,
2026-09-18,3091735,V4,阿女甲,竞技俱乐部女足 vs 班菲尔德女足,0-0,not reconstructed from future result,,,UNKNOWN,unknown,low,,PENDING_RESULT,2026-09-18T16:00:27.683383+08:00,79b9e9abd58ef571eb47,
2026-09-18,3091741,V3,阿尔U20,ES塞提夫U20 vs CB米拉U20,0-0,not reconstructed from future result,,,UNKNOWN,unknown,low,,PENDING_RESULT,,,
2026-09-18,3091741,V4,阿尔U20,ES塞提夫U20 vs CB米拉U20,0-0,not reconstructed from future result,,,UNKNOWN,unknown,low,,PENDING_RESULT,2026-09-18T16:00:27.683383+08:00,68205748fe37c5fe13a1,
2026-09-18,3091742,V3,芬K联,帕卡 vs 库穆IPS,0-0,not reconstructed from future result,,,UNKNOWN,unknown,low,,PENDING_RESULT,,,
2026-09-18,3091742,V4,芬K联,帕卡 vs 库穆IPS,0-0,not reconstructed from future result,,,UNKNOWN,unknown,low,,PENDING_RESULT,2026-09-18T16:00:27.683383+08:00,e80906862d6396d55b61,
2026-09-18,3091748,V3,芬兰U21,查普斯U21 vs TPV U21,0-0,not reconstructed from future result,,,UNKNOWN,unknown,low,,PENDING_RESULT,,,
2026-09-18,3091748,V4,芬兰U21,查普斯U21 vs TPV U21,0-0,not reconstructed from future result,,,UNKNOWN,unknown,low,,PENDING_RESULT,2026-09-18T16:00:27.683383+08:00,21456aa7c97672468126,
2026-09-18,3091749,V3,捷丁,赫卢克 vs SFK霍莱绍夫,0-0,not reconstructed from future result,,,UNKNOWN,unknown,low,,PENDING_RESULT,,,
2026-09-18,3091749,V4,捷丁,赫卢克 vs SFK霍莱绍夫,0-0,not reconstructed from future result,,,UNKNOWN,unknown,low,,PENDING_RESULT,2026-09-18T16:00:27.683383+08:00,c87455deb3e7f674aeb2,
2026-09-18,3091750,V3,芬K联,JJK/2 vs 彗星,0-0,not reconstructed from future result,,,UNKNOWN,unknown,low,,PENDING_RESULT,,,
2026-09-18,3091750,V4,芬K联,JJK/2 vs 彗星,0-0,not reconstructed from future result,,,UNKNOWN,unknown,low,,PENDING_RESULT,2026-09-18T16:00:27.683383+08:00,a98963507b09cc559db4,
2026-09-18,3091751,V3,芬K联,皮帕斯 vs 吉提,0-0,not reconstructed from future result,,,UNKNOWN,unknown,low,,PENDING_RESULT,,,
2026-09-18,3091751,V4,芬K联,皮帕斯 vs 吉提,0-0,not reconstructed from future result,,,UNKNOWN,unknown,low,,PENDING_RESULT,2026-09-18T16:00:27.683383+08:00,79d910b05dc6d1e1b3c8,
2026-09-18,3091752,V3,捷丁,赫鲁钦 vs 普斯塔,0-0,not reconstructed from future result,,,UNKNOWN,unknown,low,,PENDING_RESULT,,,
2026-09-18,3091752,V4,捷丁,赫鲁钦 vs 普斯塔,0-0,not reconstructed from future result,,,UNKNOWN,unknown,low,,PENDING_RESULT,2026-09-18T16:00:27.683383+08:00,19f9c960a2c94eb1779f,
2026-09-18,3091753,V3,捷丁,梅泽里西 vs SK斯托纳瓦,0-0,not reconstructed from future result,,,UNKNOWN,unknown,low,,PENDING_RESULT,,,
2026-09-18,3091753,V4,捷丁,梅泽里西 vs SK斯托纳瓦,0-0,not reconstructed from future result,,,UNKNOWN,unknown,low,,PENDING_RESULT,2026-09-18T16:00:27.683383+08:00,539d1409bec19072ddef,
2026-09-18,3091754,V3,芬K联,ACF vs 卡亚普,0-0,not reconstructed from future result,,,UNKNOWN,unknown,low,,PENDING_RESULT,,,
2026-09-18,3091754,V4,芬K联,ACF vs 卡亚普,0-0,not reconstructed from future result,,,UNKNOWN,unknown,low,,PENDING_RESULT,2026-09-18T16:00:27.683383+08:00,6071f6fd9f13157832a7,
2026-09-18,3091755,V3,捷丁,卡罗维瓦利 vs 索科洛夫,0-0,not reconstructed from future result,,,UNKNOWN,unknown,low,,PENDING_RESULT,,,
2026-09-18,3091755,V4,捷丁,卡罗维瓦利 vs 索科洛夫,0-0,not reconstructed from future result,,,UNKNOWN,unknown,low,,PENDING_RESULT,2026-09-18T16:00:27.683383+08:00,87dc3b4baeaf7748b756,
2026-09-18,3091769,V3,阿尔U20,NRB贝尼乌尔本U20 vs NRB电报U20,0-0,not reconstructed from future result,,,UNKNOWN,unknown,low,,PENDING_RESULT,,,
2026-09-18,3091769,V4,阿尔U20,NRB贝尼乌尔本U20 vs NRB电报U20,0-0,not reconstructed from future result,,,UNKNOWN,unknown,low,,PENDING_RESULT,2026-09-18T16:00:27.683383+08:00,6d35865cd4af568ce507,
2026-09-18,3091770,V3,阿尔U20,AS库鲁布U20 vs US超亚U20,0-0,not reconstructed from future result,,,UNKNOWN,unknown,low,,PENDING_RESULT,,,
2026-09-18,3091770,V4,阿尔U20,AS库鲁布U20 vs US超亚U20,0-0,not reconstructed from future result,,,UNKNOWN,unknown,low,,PENDING_RESULT,2026-09-18T16:00:27.683383+08:00,5b8e3cb97b509583b60b,
2026-09-18,3091771,V3,阿尔U20,MO比捷亚U20 vs 比罗达特U20,0-0,not reconstructed from future result,,,UNKNOWN,unknown,low,,PENDING_RESULT,,,
2026-09-18,3091771,V4,阿尔U20,MO比捷亚U20 vs 比罗达特U20,0-0,not reconstructed from future result,,,UNKNOWN,unknown,low,,PENDING_RESULT,2026-09-18T16:00:27.683383+08:00,383840ffbf2338414089,
2026-09-18,3091773,V3,阿尔U20,USM康士坦丁U20 vs 比斯克拉U20,0-0,not reconstructed from future result,,,UNKNOWN,unknown,low,,PENDING_RESULT,,,
2026-09-18,3091773,V4,阿尔U20,USM康士坦丁U20 vs 比斯克拉U20,0-0,not reconstructed from future result,,,UNKNOWN,unknown,low,,PENDING_RESULT,2026-09-18T16:00:27.683383+08:00,ad920b7048c01d3574f1,
2026-09-18,3091775,V3,阿尔U20,USM阿尔及尔U20 vs 卡拜里U20,0-0,not reconstructed from future result,,,UNKNOWN,unknown,low,,PENDING_RESULT,,,
2026-09-18,3091775,V4,阿尔U20,USM阿尔及尔U20 vs 卡拜里U20,0-0,not reconstructed from future result,,,UNKNOWN,unknown,low,,PENDING_RESULT,2026-09-18T16:00:27.683383+08:00,082bf64c7fc94b17de36,
2026-09-18,3091786,V3,桑给超,姆温贝马昆比城 vs 米兰德戈,0-0,not reconstructed from future result,,,UNKNOWN,unknown,low,,PENDING_RESULT,,,
2026-09-18,3091786,V4,桑给超,姆温贝马昆比城 vs 米兰德戈,0-0,not reconstructed from future result,,,UNKNOWN,unknown,low,,PENDING_RESULT,2026-09-18T16:00:27.683383+08:00,adc69731db1d4fe9e28b,
2026-09-18,3091792,V3,孟加拉联,孟加拉国警察 vs 苒玛塔伽尼,0-0,not reconstructed from future result,,,UNKNOWN,unknown,low,,PENDING_RESULT,,,
2026-09-18,3091792,V4,孟加拉联,孟加拉国警察 vs 苒玛塔伽尼,0-0,not reconstructed from future result,,,UNKNOWN,unknown,low,,PENDING_RESULT,2026-09-18T16:00:27.683383+08:00,1e7711fbc445fa223c18,
2026-09-18,3091793,V3,孟加拉联,兄弟联盟 vs MSPCC城市,0-0,not reconstructed from future result,,,UNKNOWN,unknown,low,,PENDING_RESULT,,,
2026-09-18,3091793,V4,孟加拉联,兄弟联盟 vs MSPCC城市,0-0,not reconstructed from future result,,,UNKNOWN,unknown,low,,PENDING_RESULT,2026-09-18T16:00:27.683383+08:00,324cc7d0e7627244b8dd,
2026-09-18,3091794,V3,孟加拉联,法基拉普尔年轻人 vs 达卡流浪者,0-0,not reconstructed from future result,,,UNKNOWN,unknown,low,,PENDING_RESULT,,,
2026-09-18,3091794,V4,孟加拉联,法基拉普尔年轻人 vs 达卡流浪者,0-0,not reconstructed from future result,,,UNKNOWN,unknown,low,,PENDING_RESULT,2026-09-18T16:00:27.683383+08:00,2f40c6556527415e5f2f,
2026-09-18,3091795,V3,孟加拉联,福提斯 vs 乔塔格拉姆城,0-0,not reconstructed from future result,,,UNKNOWN,unknown,low,,PENDING_RESULT,,,
2026-09-18,3091795,V4,孟加拉联,福提斯 vs 乔塔格拉姆城,0-0,not reconstructed from future result,,,UNKNOWN,unknown,low,,PENDING_RESULT,2026-09-18T16:00:27.683383+08:00,8e1ff863513f243f4606,
2026-09-18,3091796,V3,孟加拉联,PWD体育 vs 阿巴哈尼,0-0,not reconstructed from future result,,,UNKNOWN,unknown,low,,PENDING_RESULT,,,
2026-09-18,3091796,V4,孟加拉联,PWD体育 vs 阿巴哈尼,0-0,not reconstructed from future result,,,UNKNOWN,unknown,low,,PENDING_RESULT,2026-09-18T16:00:27.683383+08:00,de37aac318d9c7479085,
2026-09-18,3091874,V3,厄瓜甲冠,奥卡斯 vs 马卡拉,0-0,not reconstructed from future result,,,UNKNOWN,unknown,low,,PENDING_RESULT,,,
2026-09-18,3091874,V4,厄瓜甲冠,奥卡斯 vs 马卡拉,0-0,not reconstructed from future result,,,UNKNOWN,unknown,low,,PENDING_RESULT,2026-09-18T16:00:27.683383+08:00,971aed6aea26a132ed8e,N
2026-09-18,3091973,V3,奥丁,USV格纳斯 vs SV威尔登,0-0,not reconstructed from future result,,,UNKNOWN,unknown,low,,PENDING_RESULT,,,
2026-09-18,3091973,V4,奥丁,USV格纳斯 vs SV威尔登,0-0,not reconstructed from future result,,,UNKNOWN,unknown,low,,PENDING_RESULT,2026-09-18T16:00:27.683383+08:00,ccc426a79e3f926f8c57,
2026-09-18,3091974,V3,加纳联,恩苏奥蓬忠诚FC vs 未来之星FC,0-0,not reconstructed from future result,,,UNKNOWN,unknown,low,,PENDING_RESULT,,,
2026-09-18,3091974,V4,加纳联,恩苏奥蓬忠诚FC vs 未来之星FC,0-0,not reconstructed from future result,,,UNKNOWN,unknown,low,,PENDING_RESULT,2026-09-18T16:00:27.683383+08:00,f6f8998679645c6930d4,
2026-09-18,3091977,V3,印米佐超,丁塔尔FC vs 艾藻尔,0-0,not reconstructed from future result,,,UNKNOWN,unknown,low,,PENDING_RESULT,,,
2026-09-18,3091977,V4,印米佐超,丁塔尔FC vs 艾藻尔,0-0,not reconstructed from future result,,,UNKNOWN,unknown,low,,PENDING_RESULT,2026-09-18T16:00:27.683383+08:00,3e4adf5762e439a18457,
2026-09-18,3091978,V3,澳维亚,阿尔戈海湾 vs 艾圣顿罗亚尔,0-0,not reconstructed from future result,,,UNKNOWN,unknown,low,,PENDING_RESULT,,,
2026-09-18,3091978,V4,澳维亚,阿尔戈海湾 vs 艾圣顿罗亚尔,0-0,not reconstructed from future result,,,UNKNOWN,unknown,low,,PENDING_RESULT,2026-09-18T16:00:27.683383+08:00,6adc9082c8737ad2c75e,
2026-09-18,3091979,V3,以丙,海法齐里 vs 雅科夫,0-0,not reconstructed from future result,,,UNKNOWN,unknown,low,,PENDING_RESULT,,,
2026-09-18,3091979,V4,以丙,海法齐里 vs 雅科夫,0-0,not reconstructed from future result,,,UNKNOWN,unknown,low,,PENDING_RESULT,2026-09-18T16:00:27.683383+08:00,1ea6460101c5b414fcd5,
2026-09-18,3091980,V3,约女联,安曼女足 vs 大主教女足,0-0,not reconstructed from future result,,,UNKNOWN,unknown,low,,PENDING_RESULT,,,
2026-09-18,3091980,V4,约女联,安曼女足 vs 大主教女足,0-0,not reconstructed from future result,,,UNKNOWN,unknown,low,,PENDING_RESULT,2026-09-18T16:00:27.683383+08:00,f6c10d155377a57b7996,
2026-09-18,3091981,V3,印班超,斯图拉德 vs 孟加拉鲁联合会,0-5,not reconstructed from future result,,,NO_DEMONSTRATED_PROCESS_ERROR,unknown,source-state only,,SETTLED_CANDIDATE,,,
2026-09-18,3091981,V4,印班超,斯图拉德 vs 孟加拉鲁联合会,0-5,not reconstructed from future result,,,NO_DEMONSTRATED_PROCESS_ERROR,unknown,source-state only,,SETTLED_CANDIDATE,2026-09-18T07:51:48.522282+08:00,1c8ea21fa3101e598cbf,
2026-09-18,3091984,V3,奥丁,UFV塔尔加 vs 纽马克特,0-0,not reconstructed from future result,,,UNKNOWN,unknown,low,,PENDING_RESULT,,,
2026-09-18,3091984,V4,奥丁,UFV塔尔加 vs 纽马克特,0-0,not reconstructed from future result,,,UNKNOWN,unknown,low,,PENDING_RESULT,2026-09-18T16:00:27.683383+08:00,8dcc86380904ab02907e,
2026-09-18,3091985,V3,印西隆联,莱特科尔SC vs 索默SC,0-0,not reconstructed from future result,,,UNKNOWN,unknown,low,,PENDING_RESULT,,,
2026-09-18,3091985,V4,印西隆联,莱特科尔SC vs 索默SC,0-0,not reconstructed from future result,,,UNKNOWN,unknown,low,,PENDING_RESULT,2026-09-18T16:00:27.683383+08:00,666d3472dc8525e18838,
2026-09-18,3092020,V3,克亚丙,NK托米斯拉夫塞尔纳 vs 普莱泰尔尼察,0-0,not reconstructed from future result,,,UNKNOWN,unknown,low,,PENDING_RESULT,,,
2026-09-18,3092020,V4,克亚丙,NK托米斯拉夫塞尔纳 vs 普莱泰尔尼察,0-0,not reconstructed from future result,,,UNKNOWN,unknown,low,,PENDING_RESULT,2026-09-18T16:00:27.683383+08:00,7eeddc6ad056dd2c1e41,
2026-09-18,3092021,V3,印班超,皇家班加鲁鲁 vs 班加鲁鲁B队,0-0,not reconstructed from future result,,,UNKNOWN,unknown,low,,PENDING_RESULT,,,
2026-09-18,3092021,V4,印班超,皇家班加鲁鲁 vs 班加鲁鲁B队,0-0,not reconstructed from future result,,,UNKNOWN,unknown,low,,PENDING_RESULT,2026-09-18T07:51:48.522282+08:00,df0e0723e98babdd122c,
2026-09-18,3092025,V3,巴马全联,阿马多尔后备队 vs 巴拿马城FC,0-0,not reconstructed from future result,,,UNKNOWN,unknown,low,,PENDING_RESULT,,,
2026-09-18,3092025,V4,巴马全联,阿马多尔后备队 vs 巴拿马城FC,0-0,not reconstructed from future result,,,UNKNOWN,unknown,low,,PENDING_RESULT,2026-09-18T16:00:27.683383+08:00,acb3b3e60dd21bfafe9d,
2026-09-18,3092026,V3,波兰丙,萨达兰 vs 维埃尔基,0-0,not reconstructed from future result,,,UNKNOWN,unknown,low,,PENDING_RESULT,,,
2026-09-18,3092026,V4,波兰丙,萨达兰 vs 维埃尔基,0-0,not reconstructed from future result,,,UNKNOWN,unknown,low,,PENDING_RESULT,2026-09-18T16:00:27.683383+08:00,368a983bd94728495b58,
2026-09-18,3092028,V3,巴马全联,陶罗后备队 vs CD阿拉比后备队,0-0,not reconstructed from future result,,,UNKNOWN,unknown,low,,PENDING_RESULT,,,
2026-09-18,3092028,V4,巴马全联,陶罗后备队 vs CD阿拉比后备队,0-0,not reconstructed from future result,,,UNKNOWN,unknown,low,,PENDING_RESULT,2026-09-18T16:00:27.683383+08:00,a90ec0ae63bf73daf35d,
2026-09-18,3092029,V3,哥斯女甲,自摩拉维亚女足 vs 阿拉朱埃伦塞女足,1-2,not reconstructed from future result,,,NO_DEMONSTRATED_PROCESS_ERROR,unknown,source-state only,,SETTLED_CANDIDATE,,,
2026-09-18,3092029,V4,哥斯女甲,自摩拉维亚女足 vs 阿拉朱埃伦塞女足,1-2,not reconstructed from future result,,,NO_DEMONSTRATED_PROCESS_ERROR,unknown,source-state only,,SETTLED_CANDIDATE,2026-09-18T07:51:48.522282+08:00,42a19c7fa304da5c3da9,
2026-09-18,3092033,V3,斯亚U19,佩利根U19 vs 慕拉U19,0-0,not reconstructed from future result,,,UNKNOWN,unknown,low,,PENDING_RESULT,,,
2026-09-18,3092033,V4,斯亚U19,佩利根U19 vs 慕拉U19,0-0,not reconstructed from future result,,,UNKNOWN,unknown,low,,PENDING_RESULT,2026-09-18T16:00:27.683383+08:00,94ea4e32001484d74838,
2026-09-18,3092036,V3,阿联U19,艾查捷拉U19 vs 纳萨U19,0-0,not reconstructed from future result,,,UNKNOWN,unknown,low,,PENDING_RESULT,,,
2026-09-18,3092036,V4,阿联U19,艾查捷拉U19 vs 纳萨U19,0-0,not reconstructed from future result,,,UNKNOWN,unknown,low,,PENDING_RESULT,2026-09-18T16:00:27.683383+08:00,7c39fd76349998a5718a,
2026-09-18,3092037,V3,美女超,DC电力女足 vs 坦帕湾太阳女足,0-0,not reconstructed from future result,,,UNKNOWN,unknown,low,,PENDING_RESULT,,,
2026-09-18,3092037,V4,美女超,DC电力女足 vs 坦帕湾太阳女足,0-0,not reconstructed from future result,,,UNKNOWN,unknown,low,,PENDING_RESULT,2026-09-18T16:00:27.683383+08:00,2c6172c1c74266b57830,
2026-09-18,3092039,V3,罗丙,布莱乔 vs 瑟拉特,0-0,not reconstructed from future result,,,UNKNOWN,unknown,low,,PENDING_RESULT,,,
2026-09-18,3092039,V4,罗丙,布莱乔 vs 瑟拉特,0-0,not reconstructed from future result,,,UNKNOWN,unknown,low,,PENDING_RESULT,2026-09-18T16:00:27.683383+08:00,15e4990008149056c787,
2026-09-18,3092040,V3,罗丙,维托鲁卢克 vs CS学术研究,0-0,not reconstructed from future result,,,UNKNOWN,unknown,low,,PENDING_RESULT,,,
2026-09-18,3092040,V4,罗丙,维托鲁卢克 vs CS学术研究,0-0,not reconstructed from future result,,,UNKNOWN,unknown,low,,PENDING_RESULT,2026-09-18T16:00:27.683383+08:00,fc6551ab09123b7156f3,
2026-09-18,3092041,V3,罗丙,科尔贝安卡未来 vs 佩特罗鲁贝尔卡,0-0,not reconstructed from future result,,,UNKNOWN,unknown,low,,PENDING_RESULT,,,
2026-09-18,3092041,V4,罗丙,科尔贝安卡未来 vs 佩特罗鲁贝尔卡,0-0,not reconstructed from future result,,,UNKNOWN,unknown,low,,PENDING_RESULT,2026-09-18T16:00:27.683383+08:00,c728ecf7f90ef61f99c1,
2026-09-18,3092043,V3,巴马女甲,特维科克尔女足 vs SD国民竞技女足,0-0,not reconstructed from future result,,,UNKNOWN,unknown,low,,PENDING_RESULT,,,
2026-09-18,3092043,V4,巴马女甲,特维科克尔女足 vs SD国民竞技女足,0-0,not reconstructed from future result,,,UNKNOWN,unknown,low,,PENDING_RESULT,2026-09-18T16:00:27.683383+08:00,6b53b0761d8b00d72da9,
2026-09-18,3092045,V3,罗丙,亚历山德里 vs 敦拿利久尔久,0-0,not reconstructed from future result,,,UNKNOWN,unknown,low,,PENDING_RESULT,,,
2026-09-18,3092045,V4,罗丙,亚历山德里 vs 敦拿利久尔久,0-0,not reconstructed from future result,,,UNKNOWN,unknown,low,,PENDING_RESULT,2026-09-18T16:00:27.683383+08:00,d6868d5825c26a5925f7,
2026-09-18,3092046,V3,墨西U19,华雷斯 U19 vs 泰格雷斯U19,0-0,not reconstructed from future result,,,UNKNOWN,unknown,low,,PENDING_RESULT,,,
2026-09-18,3092046,V4,墨西U19,华雷斯 U19 vs 泰格雷斯U19,0-0,not reconstructed from future result,,,UNKNOWN,unknown,low,,PENDING_RESULT,2026-09-18T16:00:27.683383+08:00,4d0ef797d4ee7386cab3,
2026-09-18,3092047,V3,墨西U19,普埃布拉U19 vs 阿特兰特U19,0-0,not reconstructed from future result,,,UNKNOWN,unknown,low,,PENDING_RESULT,,,
2026-09-18,3092047,V4,墨西U19,普埃布拉U19 vs 阿特兰特U19,0-0,not reconstructed from future result,,,UNKNOWN,unknown,low,,PENDING_RESULT,2026-09-18T16:00:27.683383+08:00,b0ee19f85bad9bf2b3e3,
2026-09-18,3092048,V3,巴拉后备,巴拉圭国民后备队 vs 马约后备队,0-0,not reconstructed from future result,,,UNKNOWN,unknown,low,,PENDING_RESULT,,,
2026-09-18,3092048,V4,巴拉后备,巴拉圭国民后备队 vs 马约后备队,0-0,not reconstructed from future result,,,UNKNOWN,unknown,low,,PENDING_RESULT,2026-09-18T16:00:27.683383+08:00,6ad0dfb0d3108747374c,
2026-09-18,3092049,V3,秘女联,梅尔加女足 vs 卡洛斯曼努奇女足,0-0,not reconstructed from future result,,,UNKNOWN,unknown,low,,PENDING_RESULT,,,
2026-09-18,3092049,V4,秘女联,梅尔加女足 vs 卡洛斯曼努奇女足,0-0,not reconstructed from future result,,,UNKNOWN,unknown,low,,PENDING_RESULT,2026-09-18T16:00:27.683383+08:00,6699662fd565a01c90ec,
2026-09-18,3092050,V3,波兰丙,格拉尼卡凯特津恩 vs 纳基奥尔茨坦,0-0,not reconstructed from future result,,,UNKNOWN,unknown,low,,PENDING_RESULT,,,
2026-09-18,3092050,V4,波兰丙,格拉尼卡凯特津恩 vs 纳基奥尔茨坦,0-0,not reconstructed from future result,,,UNKNOWN,unknown,low,,PENDING_RESULT,2026-09-18T16:00:27.683383+08:00,9efbd75a317f731b5e01,
2026-09-18,3092051,V3,中青U13,嘉定搏击U13 vs 重庆八中宏帆U13,0-0,not reconstructed from future result,,,UNKNOWN,unknown,low,,PENDING_RESULT,,,
2026-09-18,3092051,V4,中青U13,嘉定搏击U13 vs 重庆八中宏帆U13,0-0,not reconstructed from future result,,,UNKNOWN,unknown,low,,PENDING_RESULT,2026-09-18T16:00:27.683383+08:00,c7c1cc806a36d0114123,
2026-09-18,3092054,V3,中青U13,海港杨浦U13 vs 衢州信安U13,0-0,not reconstructed from future result,,,UNKNOWN,unknown,low,,PENDING_RESULT,,,
2026-09-18,3092054,V4,中青U13,海港杨浦U13 vs 衢州信安U13,0-0,not reconstructed from future result,,,UNKNOWN,unknown,low,,PENDING_RESULT,2026-09-18T16:00:27.683383+08:00,472dcc8e222875a1f7d1,
2026-09-18,3092055,V3,中青U13,山东泰山U13 vs 大连嗨球少年U13,0-0,not reconstructed from future result,,,UNKNOWN,unknown,low,,PENDING_RESULT,,,
2026-09-18,3092055,V4,中青U13,山东泰山U13 vs 大连嗨球少年U13,0-0,not reconstructed from future result,,,UNKNOWN,unknown,low,,PENDING_RESULT,2026-09-18T16:00:27.683383+08:00,e3f9b0881ce9b7253871,
2026-09-18,3092056,V3,奥丁,纽锡德尔 vs 奥普伦多尔夫,0-0,not reconstructed from future result,,,UNKNOWN,unknown,low,,PENDING_RESULT,,,
2026-09-18,3092056,V4,奥丁,纽锡德尔 vs 奥普伦多尔夫,0-0,not reconstructed from future result,,,UNKNOWN,unknown,low,,PENDING_RESULT,2026-09-18T16:00:27.683383+08:00,790438f00ace83b272c1,
2026-09-18,3092057,V3,奥丁,SV帕茨里 vs 京德堡,0-0,not reconstructed from future result,,,UNKNOWN,unknown,low,,PENDING_RESULT,,,
2026-09-18,3092057,V4,奥丁,SV帕茨里 vs 京德堡,0-0,not reconstructed from future result,,,UNKNOWN,unknown,low,,PENDING_RESULT,2026-09-18T16:00:27.683383+08:00,92c096604f40517627f3,
2026-09-18,3092058,V3,中青U13,长沙一中新华都U13 vs 欧亚实验中学U13,0-0,not reconstructed from future result,,,UNKNOWN,unknown,low,,PENDING_RESULT,,,
2026-09-18,3092058,V4,中青U13,长沙一中新华都U13 vs 欧亚实验中学U13,0-0,not reconstructed from future result,,,UNKNOWN,unknown,low,,PENDING_RESULT,2026-09-18T16:00:27.683383+08:00,df00f7dd60d5a1b9bca9,
2026-09-18,3092059,V3,波兰丙,保德比斯基B队 vs 普隆尼亚拉兹卡,0-0,not reconstructed from future result,,,UNKNOWN,unknown,low,,PENDING_RESULT,,,
2026-09-18,3092059,V4,波兰丙,保德比斯基B队 vs 普隆尼亚拉兹卡,0-0,not reconstructed from future result,,,UNKNOWN,unknown,low,,PENDING_RESULT,2026-09-18T16:00:27.683383+08:00,6547e4b344ee67a79f75,
2026-09-18,3092060,V3,沙地女联,吉达阿赫利女足 vs 希拉尔女足,0-0,not reconstructed from future result,,,UNKNOWN,unknown,low,,PENDING_RESULT,,,
2026-09-18,3092060,V4,沙地女联,吉达阿赫利女足 vs 希拉尔女足,0-0,not reconstructed from future result,,,UNKNOWN,unknown,low,,PENDING_RESULT,2026-09-18T16:00:27.683383+08:00,703e70fd4faebdf039ef,
2026-09-18,3092061,V3,巴拉丙,克莱西亚莱斯竞技 vs 林皮奥人体育,0-0,not reconstructed from future result,,,UNKNOWN,unknown,low,,PENDING_RESULT,,,
2026-09-18,3092061,V4,巴拉丙,克莱西亚莱斯竞技 vs 林皮奥人体育,0-0,not reconstructed from future result,,,UNKNOWN,unknown,low,,PENDING_RESULT,2026-09-18T16:00:27.683383+08:00,67e6fe6c25cf8758b7e2,
2026-09-18,3092062,V3,巴拉丙,奥杜巴雷 vs 亚特兰蒂斯SC,0-0,not reconstructed from future result,,,UNKNOWN,unknown,low,,PENDING_RESULT,,,
2026-09-18,3092062,V4,巴拉丙,奥杜巴雷 vs 亚特兰蒂斯SC,0-0,not reconstructed from future result,,,UNKNOWN,unknown,low,,PENDING_RESULT,2026-09-18T16:00:27.683383+08:00,f0425fa76eff1f243772,
2026-09-18,3092073,V3,秘鲁丙,亚马逊卡亚俄 vs 华莱联队,0-0,not reconstructed from future result,,,UNKNOWN,unknown,low,,PENDING_RESULT,,,
2026-09-18,3092073,V4,秘鲁丙,亚马逊卡亚俄 vs 华莱联队,0-0,not reconstructed from future result,,,UNKNOWN,unknown,low,,PENDING_RESULT,2026-09-18T16:00:27.683383+08:00,ebd764d42a61e4eaf658,
2026-09-18,3092074,V3,美女超,劳德代尔堡女足 vs 达拉斯特瑞尼特女足,0-0,not reconstructed from future result,,,UNKNOWN,unknown,low,,PENDING_RESULT,,,
2026-09-18,3092074,V4,美女超,劳德代尔堡女足 vs 达拉斯特瑞尼特女足,0-0,not reconstructed from future result,,,UNKNOWN,unknown,low,,PENDING_RESULT,2026-09-18T16:00:27.683383+08:00,8c8c7cadd7c5380b2415,
2026-09-18,3092075,V3,巴圣青联,哥梅里卡西亚铁特青年队 vs 佩纳博伦斯青年队,0-0,not reconstructed from future result,,,UNKNOWN,unknown,low,,PENDING_RESULT,,,
2026-09-18,3092075,V4,巴圣青联,哥梅里卡西亚铁特青年队 vs 佩纳博伦斯青年队,0-0,not reconstructed from future result,,,UNKNOWN,unknown,low,,PENDING_RESULT,2026-09-18T16:00:27.683383+08:00,ed6aeff438d138bcc972,
2026-09-18,3092076,V3,乌兹职联,塔什干火车头B队 vs 纳曼甘FA,0-0,not reconstructed from future result,,,UNKNOWN,unknown,low,,PENDING_RESULT,,,
2026-09-18,3092076,V4,乌兹职联,塔什干火车头B队 vs 纳曼甘FA,0-0,not reconstructed from future result,,,UNKNOWN,unknown,low,,PENDING_RESULT,2026-09-18T16:00:27.683383+08:00,3f7679091b7d08595dda,
2026-09-18,3092077,V3,巴圣青联,皮拉西卡巴青年队 vs 斯菲拉青年队,0-0,not reconstructed from future result,,,UNKNOWN,unknown,low,,PENDING_RESULT,,,
2026-09-18,3092077,V4,巴圣青联,皮拉西卡巴青年队 vs 斯菲拉青年队,0-0,not reconstructed from future result,,,UNKNOWN,unknown,low,,PENDING_RESULT,2026-09-18T16:00:27.683383+08:00,1524bf6cc1e2c9e65f8e,
2026-09-18,3092079,V3,巴圣青联,法林明高SP青年队 vs 费罗维亚里亚青年队,0-0,not reconstructed from future result,,,UNKNOWN,unknown,low,,PENDING_RESULT,,,
2026-09-18,3092079,V4,巴圣青联,法林明高SP青年队 vs 费罗维亚里亚青年队,0-0,not reconstructed from future result,,,UNKNOWN,unknown,low,,PENDING_RESULT,2026-09-18T16:00:27.683383+08:00,3c64d31aa9c78cf9db37,
2026-09-18,3092080,V3,巴圣青联,苏萨诺青年队 vs 瓜拉尼青年队,0-0,not reconstructed from future result,,,UNKNOWN,unknown,low,,PENDING_RESULT,,,
2026-09-18,3092080,V4,巴圣青联,苏萨诺青年队 vs 瓜拉尼青年队,0-0,not reconstructed from future result,,,UNKNOWN,unknown,low,,PENDING_RESULT,2026-09-18T16:00:27.683383+08:00,0b3bde3198af412c939b,
2026-09-18,3092082,V3,球会友谊,非洲年轻人 vs 圣格鲁吉,0-0,not reconstructed from future result,,,UNKNOWN,unknown,low,,PENDING_RESULT,,,
2026-09-18,3092082,V4,球会友谊,非洲年轻人 vs 圣格鲁吉,0-0,not reconstructed from future result,,,UNKNOWN,unknown,low,,PENDING_RESULT,2026-09-18T16:00:27.683383+08:00,e704563cce5d0c320694,
2026-09-18,3092084,V3,巴圣青联,庞特普雷塔青年队 vs 葡萄牙人青年队,0-0,not reconstructed from future result,,,UNKNOWN,unknown,low,,PENDING_RESULT,,,
2026-09-18,3092084,V4,巴圣青联,庞特普雷塔青年队 vs 葡萄牙人青年队,0-0,not reconstructed from future result,,,UNKNOWN,unknown,low,,PENDING_RESULT,2026-09-18T16:00:27.683383+08:00,14f2ff3f056d26b5ee0a,
2026-09-18,3092087,V3,丹麦丁,瓦谭斯波 vs 霍布罗IKB队,0-0,not reconstructed from future result,,,UNKNOWN,unknown,low,,PENDING_RESULT,,,
2026-09-18,3092087,V4,丹麦丁,瓦谭斯波 vs 霍布罗IKB队,0-0,not reconstructed from future result,,,UNKNOWN,unknown,low,,PENDING_RESULT,2026-09-18T16:00:27.683383+08:00,0984a61ae46bda70c340,
2026-09-18,3092088,V3,阿根业余锦,美达路基科 vs 埃塞伊萨,0-0,not reconstructed from future result,,,UNKNOWN,unknown,low,,PENDING_RESULT,,,
2026-09-18,3092088,V4,阿根业余锦,美达路基科 vs 埃塞伊萨,0-0,not reconstructed from future result,,,UNKNOWN,unknown,low,,PENDING_RESULT,2026-09-18T16:00:27.683383+08:00,d2ceadd914af2f9b41ab,
2026-09-18,3092106,V3,以丙,FC卡巴比尔 vs 悠纳,0-0,not reconstructed from future result,,,UNKNOWN,unknown,low,,PENDING_RESULT,,,
2026-09-18,3092106,V4,以丙,FC卡巴比尔 vs 悠纳,0-0,not reconstructed from future result,,,UNKNOWN,unknown,low,,PENDING_RESULT,2026-09-18T16:00:27.683383+08:00,4339ef308ad2c03fa83f,
2026-09-18,3092107,V3,以丙,MS内塔尼亚 vs 佐菲海法,0-0,not reconstructed from future result,,,UNKNOWN,unknown,low,,PENDING_RESULT,,,
2026-09-18,3092107,V4,以丙,MS内塔尼亚 vs 佐菲海法,0-0,not reconstructed from future result,,,UNKNOWN,unknown,low,,PENDING_RESULT,2026-09-18T16:00:27.683383+08:00,77804e267e7c8ff1c790,
2026-09-18,3092108,V3,波兰丙,苏勒约维克 vs 奥斯卡普日苏查,0-0,not reconstructed from future result,,,UNKNOWN,unknown,low,,PENDING_RESULT,,,
2026-09-18,3092108,V4,波兰丙,苏勒约维克 vs 奥斯卡普日苏查,0-0,not reconstructed from future result,,,UNKNOWN,unknown,low,,PENDING_RESULT,2026-09-18T16:00:27.683383+08:00,76ca968fa9b0a99b8110,
2026-09-18,3092109,V3,罗丙,ACS 西尔布拉吉 vs 维托鲁尔阿拉德,0-0,not reconstructed from future result,,,UNKNOWN,unknown,low,,PENDING_RESULT,,,
2026-09-18,3092109,V4,罗丙,ACS 西尔布拉吉 vs 维托鲁尔阿拉德,0-0,not reconstructed from future result,,,UNKNOWN,unknown,low,,PENDING_RESULT,2026-09-18T16:00:27.683383+08:00,bd8993a448f738f3a582,
2026-09-18,3092110,V3,罗丙,尤尼里亚巴斯科夫 vs ACS巴尔斯,0-0,not reconstructed from future result,,,UNKNOWN,unknown,low,,PENDING_RESULT,,,
2026-09-18,3092110,V4,罗丙,尤尼里亚巴斯科夫 vs ACS巴尔斯,0-0,not reconstructed from future result,,,UNKNOWN,unknown,low,,PENDING_RESULT,2026-09-18T16:00:27.683383+08:00,6b608b02cb667e0a993e,
2026-09-18,3092113,V3,罗丙,古吉尔 vs 艾巴尤利亚,0-0,not reconstructed from future result,,,UNKNOWN,unknown,low,,PENDING_RESULT,,,
2026-09-18,3092113,V4,罗丙,古吉尔 vs 艾巴尤利亚,0-0,not reconstructed from future result,,,UNKNOWN,unknown,low,,PENDING_RESULT,2026-09-18T16:00:27.683383+08:00,cbdc1d5cd36ff74a1348,
2026-09-18,3092114,V3,罗丙,阿尔巴尤利亚大学 vs 切塔泰迪瓦,0-0,not reconstructed from future result,,,UNKNOWN,unknown,low,,PENDING_RESULT,,,
2026-09-18,3092114,V4,罗丙,阿尔巴尤利亚大学 vs 切塔泰迪瓦,0-0,not reconstructed from future result,,,UNKNOWN,unknown,low,,PENDING_RESULT,2026-09-18T16:00:27.683383+08:00,c99b744596f0b17054e8,
2026-09-18,3092115,V3,北马女联,2014斯科普里女足 vs ZFK伊斯塔女足,0-0,not reconstructed from future result,,,UNKNOWN,unknown,low,,PENDING_RESULT,,,
2026-09-18,3092115,V4,北马女联,2014斯科普里女足 vs ZFK伊斯塔女足,0-0,not reconstructed from future result,,,UNKNOWN,unknown,low,,PENDING_RESULT,2026-09-18T16:00:27.683383+08:00,bdc250113199aa716f01,
2026-09-18,3092116,V3,罗丙,ACS谢普希B队 vs ACSKT巴索夫,0-0,not reconstructed from future result,,,UNKNOWN,unknown,low,,PENDING_RESULT,,,
2026-09-18,3092116,V4,罗丙,ACS谢普希B队 vs ACSKT巴索夫,0-0,not reconstructed from future result,,,UNKNOWN,unknown,low,,PENDING_RESULT,2026-09-18T16:00:27.683383+08:00,a303969304e8a2581fcd,
2026-09-18,3092118,V3,罗丙,CSM塔尔古久 vs 罗贝塔图尔努塞韦林,0-0,not reconstructed from future result,,,UNKNOWN,unknown,low,,PENDING_RESULT,,,
2026-09-18,3092118,V4,罗丙,CSM塔尔古久 vs 罗贝塔图尔努塞韦林,0-0,not reconstructed from future result,,,UNKNOWN,unknown,low,,PENDING_RESULT,2026-09-18T16:00:27.683383+08:00,7048385121488b6deb46,
2026-09-18,3092119,V3,罗丙,CS蒂米甚 vs 佩斯卡,0-0,not reconstructed from future result,,,UNKNOWN,unknown,low,,PENDING_RESULT,,,
2026-09-18,3092119,V4,罗丙,CS蒂米甚 vs 佩斯卡,0-0,not reconstructed from future result,,,UNKNOWN,unknown,low,,PENDING_RESULT,2026-09-18T16:00:27.683383+08:00,fdee3dde1867b388dda6,
2026-09-18,3092120,V3,威杯,斯旺西大学 vs 特雷托马斯蓝鸟,0-0,not reconstructed from future result,,,UNKNOWN,unknown,low,,PENDING_RESULT,2026-09-18T16:00:27+08:00,b3fc9c0e450eb2cec9cd,不投
2026-09-18,3092120,V4,威杯,斯旺西大学 vs 特雷托马斯蓝鸟,0-0,not reconstructed from future result,,,UNKNOWN,unknown,low,,PENDING_RESULT,2026-09-18T16:00:27.683383+08:00,a36a6c9f86d8a8f1b5d1,
2026-09-18,3092121,V3,威杯,卡菲利体育 vs 特奥温星队,0-0,not reconstructed from future result,,,UNKNOWN,unknown,low,,PENDING_RESULT,2026-09-18T16:00:27+08:00,4d93163c0ea0ceba8fa9,不投
2026-09-18,3092121,V4,威杯,卡菲利体育 vs 特奥温星队,0-0,not reconstructed from future result,,,UNKNOWN,unknown,low,,PENDING_RESULT,2026-09-18T16:00:27.683383+08:00,91436c4c712133e5be48,
2026-09-18,3092122,V3,斯亚U19,奥林比查U19 vs 贝尔廷齐U19,0-0,not reconstructed from future result,,,UNKNOWN,unknown,low,,PENDING_RESULT,,,
2026-09-18,3092122,V4,斯亚U19,奥林比查U19 vs 贝尔廷齐U19,0-0,not reconstructed from future result,,,UNKNOWN,unknown,low,,PENDING_RESULT,2026-09-18T16:00:27.683383+08:00,5f32b8858c83497cbc92,
2026-09-18,3092123,V3,斯亚U19,贾德兰德卡尼U19 vs 马里博尔U19,0-0,not reconstructed from future result,,,UNKNOWN,unknown,low,,PENDING_RESULT,,,
2026-09-18,3092123,V4,斯亚U19,贾德兰德卡尼U19 vs 马里博尔U19,0-0,not reconstructed from future result,,,UNKNOWN,unknown,low,,PENDING_RESULT,2026-09-18T16:00:27.683383+08:00,b14314f24797a8e3b873,
2026-09-18,3092124,V3,斯亚U19,拉多米尔杰U19 vs NK布拉沃U19,0-0,not reconstructed from future result,,,UNKNOWN,unknown,low,,PENDING_RESULT,,,
2026-09-18,3092124,V4,斯亚U19,拉多米尔杰U19 vs NK布拉沃U19,0-0,not reconstructed from future result,,,UNKNOWN,unknown,low,,PENDING_RESULT,2026-09-18T16:00:27.683383+08:00,7b7298e1eea3dd098a1d,
2026-09-18,3092126,V3,印班超,卡纳塔克邦 vs 班加罗尔梦联,0-0,not reconstructed from future result,,,UNKNOWN,unknown,low,,PENDING_RESULT,,,
2026-09-18,3092126,V4,印班超,卡纳塔克邦 vs 班加罗尔梦联,0-0,not reconstructed from future result,,,UNKNOWN,unknown,low,,PENDING_RESULT,2026-09-18T16:00:27.683383+08:00,980ca5764b86b80cb50e,
2026-09-18,3092127,V3,斯亚U19,特里格拉夫U19 vs NK布雷齐斯U19,0-0,not reconstructed from future result,,,UNKNOWN,unknown,low,,PENDING_RESULT,,,
2026-09-18,3092127,V4,斯亚U19,特里格拉夫U19 vs NK布雷齐斯U19,0-0,not reconstructed from future result,,,UNKNOWN,unknown,low,,PENDING_RESULT,2026-09-18T16:00:27.683383+08:00,f53cf7465f52df6baad6,
2026-09-18,3092128,V3,罗丙,克林塞尼 vs 阿希竞技场,0-0,not reconstructed from future result,,,UNKNOWN,unknown,low,,PENDING_RESULT,,,
2026-09-18,3092128,V4,罗丙,克林塞尼 vs 阿希竞技场,0-0,not reconstructed from future result,,,UNKNOWN,unknown,low,,PENDING_RESULT,2026-09-18T16:00:27.683383+08:00,e7bbd8386a43b38829e2,
2026-09-18,3092129,V3,缅甸U20,伊斯佩U20 vs 实皆联U20,0-0,not reconstructed from future result,,,UNKNOWN,unknown,low,,PENDING_RESULT,,,
2026-09-18,3092129,V4,缅甸U20,伊斯佩U20 vs 实皆联U20,0-0,not reconstructed from future result,,,UNKNOWN,unknown,low,,PENDING_RESULT,2026-09-18T16:00:27.683383+08:00,8063d4b9117037764a08,
2026-09-18,3092130,V3,缅甸U20,掸联U20 vs 治尼兰德U20,0-0,not reconstructed from future result,,,UNKNOWN,unknown,low,,PENDING_RESULT,,,
2026-09-18,3092130,V4,缅甸U20,掸联U20 vs 治尼兰德U20,0-0,not reconstructed from future result,,,UNKNOWN,unknown,low,,PENDING_RESULT,2026-09-18T16:00:27.683383+08:00,d0212591c107da777a72,
2026-09-18,3092131,V3,缅甸U20,蒂察尔阿尔曼U20 vs 亚大那保U20,0-0,not reconstructed from future result,,,UNKNOWN,unknown,low,,PENDING_RESULT,,,
2026-09-18,3092131,V4,缅甸U20,蒂察尔阿尔曼U20 vs 亚大那保U20,0-0,not reconstructed from future result,,,UNKNOWN,unknown,low,,PENDING_RESULT,2026-09-18T16:00:27.683383+08:00,fba57b3ad75f745a2d6c,
2026-09-18,3092132,V3,阿联U19,沙迦U19 vs 阿尔艾因U19,0-0,not reconstructed from future result,,,UNKNOWN,unknown,low,,PENDING_RESULT,,,
2026-09-18,3092132,V4,阿联U19,沙迦U19 vs 阿尔艾因U19,0-0,not reconstructed from future result,,,UNKNOWN,unknown,low,,PENDING_RESULT,2026-09-18T16:00:27.683383+08:00,ff09ad959a59cf25811a,
2026-09-18,3092133,V3,印米佐超,西钱马里FC vs 兰塔尔文格,0-0,not reconstructed from future result,,,UNKNOWN,unknown,low,,PENDING_RESULT,,,
2026-09-18,3092133,V4,印米佐超,西钱马里FC vs 兰塔尔文格,0-0,not reconstructed from future result,,,UNKNOWN,unknown,low,,PENDING_RESULT,2026-09-18T16:00:27.683383+08:00,8858b6641f84d7185bb1,
2026-09-18,3092134,V3,罗丙,吉田达 vs 尼拉博戈廷,0-0,not reconstructed from future result,,,UNKNOWN,unknown,low,,PENDING_RESULT,,,
2026-09-18,3092134,V4,罗丙,吉田达 vs 尼拉博戈廷,0-0,not reconstructed from future result,,,UNKNOWN,unknown,low,,PENDING_RESULT,2026-09-18T16:00:27.683383+08:00,9482eb4c9b6dfe97bc9f,
2026-09-18,3092135,V3,巴圣青联,皇家足球青年队 vs 陶巴特青年队,0-0,not reconstructed from future result,,,UNKNOWN,unknown,low,,PENDING_RESULT,,,
2026-09-18,3092135,V4,巴圣青联,皇家足球青年队 vs 陶巴特青年队,0-0,not reconstructed from future result,,,UNKNOWN,unknown,low,,PENDING_RESULT,2026-09-18T16:00:27.683383+08:00,3ac75c4c62a36096fff1,
2026-09-18,3092136,V3,马来A1联,雪兰莪U23 vs 马来西亚大学,0-0,not reconstructed from future result,,,UNKNOWN,unknown,low,,PENDING_RESULT,,,
2026-09-18,3092136,V4,马来A1联,雪兰莪U23 vs 马来西亚大学,0-0,not reconstructed from future result,,,UNKNOWN,unknown,low,,PENDING_RESULT,2026-09-18T16:00:27.683383+08:00,d718ffdf42f989d892b8,
2026-09-18,3092137,V3,墨西丙,勒丘扎斯 vs 查普利B队,0-0,not reconstructed from future result,,,UNKNOWN,unknown,low,,PENDING_RESULT,,,
2026-09-18,3092137,V4,墨西丙,勒丘扎斯 vs 查普利B队,0-0,not reconstructed from future result,,,UNKNOWN,unknown,low,,PENDING_RESULT,2026-09-18T16:00:27.683383+08:00,4dee900db52595a6beb7,
2026-09-18,3092138,V3,墨西丙,皇家圣科斯梅 vs 克雷卡米诺斯III,0-0,not reconstructed from future result,,,UNKNOWN,unknown,low,,PENDING_RESULT,,,
2026-09-18,3092138,V4,墨西丙,皇家圣科斯梅 vs 克雷卡米诺斯III,0-0,not reconstructed from future result,,,UNKNOWN,unknown,low,,PENDING_RESULT,2026-09-18T16:00:27.683383+08:00,a3a6fdb3cdeb40526c34,
2026-09-18,3092139,V3,墨西丙,科尔多瓦骑士 vs 蒙大拿足球俱乐部B队,0-0,not reconstructed from future result,,,UNKNOWN,unknown,low,,PENDING_RESULT,,,
2026-09-18,3092139,V4,墨西丙,科尔多瓦骑士 vs 蒙大拿足球俱乐部B队,0-0,not reconstructed from future result,,,UNKNOWN,unknown,low,,PENDING_RESULT,2026-09-18T16:00:27.683383+08:00,e11ee47c507920713280,
2026-09-18,3092140,V3,墨西丙,扎卡特卡斯B队 vs 圣安娜德尔孔德,0-0,not reconstructed from future result,,,UNKNOWN,unknown,low,,PENDING_RESULT,,,
2026-09-18,3092140,V4,墨西丙,扎卡特卡斯B队 vs 圣安娜德尔孔德,0-0,not reconstructed from future result,,,UNKNOWN,unknown,low,,PENDING_RESULT,2026-09-18T16:00:27.683383+08:00,10003a7639b49fb08b71,
2026-09-18,3092141,V3,墨西丙,瓦哈卡B队 vs 福马AC,0-0,not reconstructed from future result,,,UNKNOWN,unknown,low,,PENDING_RESULT,,,
2026-09-18,3092141,V4,墨西丙,瓦哈卡B队 vs 福马AC,0-0,not reconstructed from future result,,,UNKNOWN,unknown,low,,PENDING_RESULT,2026-09-18T16:00:27.683383+08:00,ac6ef3dc2249f054c48f,
2026-09-18,3092142,V3,墨西丙,阿特萨诺斯梅特II vs 阿约洛特斯勒玛FC,0-0,not reconstructed from future result,,,UNKNOWN,unknown,low,,PENDING_RESULT,,,
2026-09-18,3092142,V4,墨西丙,阿特萨诺斯梅特II vs 阿约洛特斯勒玛FC,0-0,not reconstructed from future result,,,UNKNOWN,unknown,low,,PENDING_RESULT,2026-09-18T16:00:27.683383+08:00,2c0592568eeed88bff98,
2026-09-18,3092143,V3,巴青联,PE美洲虎U20 vs 美国PE青年队,0-0,not reconstructed from future result,,,UNKNOWN,unknown,low,,PENDING_RESULT,,,
2026-09-18,3092143,V4,巴青联,PE美洲虎U20 vs 美国PE青年队,0-0,not reconstructed from future result,,,UNKNOWN,unknown,low,,PENDING_RESULT,2026-09-18T16:00:27.683383+08:00,71bd8069da90873e50d3,
2026-09-18,3092144,V3,墨西丙,阿兹特卡斯AMF vs 大洋洲足球俱乐部,0-0,not reconstructed from future result,,,UNKNOWN,unknown,low,,PENDING_RESULT,,,
2026-09-18,3092144,V4,墨西丙,阿兹特卡斯AMF vs 大洋洲足球俱乐部,0-0,not reconstructed from future result,,,UNKNOWN,unknown,low,,PENDING_RESULT,2026-09-18T16:00:27.683383+08:00,f06ad9ceeb7ede73bb07,
2026-09-18,3092145,V3,墨西丙,塞拉亚B队 vs 伊拉普阿托B队,0-0,not reconstructed from future result,,,UNKNOWN,unknown,low,,PENDING_RESULT,,,
2026-09-18,3092145,V4,墨西丙,塞拉亚B队 vs 伊拉普阿托B队,0-0,not reconstructed from future result,,,UNKNOWN,unknown,low,,PENDING_RESULT,2026-09-18T16:00:27.683383+08:00,fcaf30f7a360e6d665db,
2026-09-18,3092149,V3,奥丁,莫拉松科恩堡 vs 艾特米拿青年队,0-0,not reconstructed from future result,,,UNKNOWN,unknown,low,,PENDING_RESULT,,,
2026-09-18,3092149,V4,奥丁,莫拉松科恩堡 vs 艾特米拿青年队,0-0,not reconstructed from future result,,,UNKNOWN,unknown,low,,PENDING_RESULT,2026-09-18T16:00:27.683383+08:00,b8a96e85f81143e04577,
2026-09-18,3092150,V3,泰乙东北,苏拉纳里黑猫 vs 乌邦克鲁亚纳帕特,0-0,not reconstructed from future result,,,UNKNOWN,unknown,low,,PENDING_RESULT,,,
2026-09-18,3092150,V4,泰乙东北,苏拉纳里黑猫 vs 乌邦克鲁亚纳帕特,0-0,not reconstructed from future result,,,UNKNOWN,unknown,low,,PENDING_RESULT,2026-09-18T16:00:27.683383+08:00,78149c613f64d11ad878,
2026-09-18,3092156,V3,奥丁,朗根鲁可 vs 阿姆斯特顿II队,0-0,not reconstructed from future result,,,UNKNOWN,unknown,low,,PENDING_RESULT,,,
2026-09-18,3092156,V4,奥丁,朗根鲁可 vs 阿姆斯特顿II队,0-0,not reconstructed from future result,,,UNKNOWN,unknown,low,,PENDING_RESULT,2026-09-18T16:00:27.683383+08:00,0fad43d59fc9315f099f,
2026-09-18,3092158,V3,布法联,索拿贝尔 vs 美爵提FC,0-0,not reconstructed from future result,,,UNKNOWN,unknown,low,,PENDING_RESULT,,,
2026-09-18,3092158,V4,布法联,索拿贝尔 vs 美爵提FC,0-0,not reconstructed from future result,,,UNKNOWN,unknown,low,,PENDING_RESULT,2026-09-18T16:00:27.683383+08:00,998e1fc0996f0bc32138,
