list_date,match_id,version,competition,match,fact_score,known_at_decision,new_after_decision,process_gap,error_hypothesis,preventability,evidence_confidence,research_hypothesis,review_status,decision_at,decision_hash,original_action_or_grade
2026-10-04,2911385,V3,瑞典女超,佐加顿斯女足 vs AIK索尔纳女足,,not reconstructed from future result,,,UNKNOWN,unknown,low,,PENDING_RESULT,,,
2026-10-04,2911385,V4,瑞典女超,佐加顿斯女足 vs AIK索尔纳女足,,not reconstructed from future result,,,UNKNOWN,unknown,low,,PENDING_RESULT,2026-10-04T09:58:08.993953+08:00,3bc76b89d65facf9303f,B
2026-10-04,2911386,V3,瑞典女超,赫根女足 vs IK乌普撒拉女足,,not reconstructed from future result,,,UNKNOWN,unknown,low,,PENDING_RESULT,,,
2026-10-04,2911386,V4,瑞典女超,赫根女足 vs IK乌普撒拉女足,,not reconstructed from future result,,,UNKNOWN,unknown,low,,PENDING_RESULT,2026-10-04T10:07:42.469190+08:00,ae1038e357278b6cb11e,
2026-10-04,2911387,V3,瑞典女超,哈马比女足 vs 布洛马波卡纳女足,,not reconstructed from future result,,,UNKNOWN,unknown,low,,PENDING_RESULT,,,
2026-10-04,2911387,V4,瑞典女超,哈马比女足 vs 布洛马波卡纳女足,,not reconstructed from future result,,,UNKNOWN,unknown,low,,PENDING_RESULT,2026-10-04T10:07:42.469190+08:00,ef37a66b682ce8c3dcbe,N
2026-10-04,2911388,V3,瑞典女超,马模女足 vs 洛森格德女足,,not reconstructed from future result,,,UNKNOWN,unknown,low,,PENDING_RESULT,,,
2026-10-04,2911388,V4,瑞典女超,马模女足 vs 洛森格德女足,,not reconstructed from future result,,,UNKNOWN,unknown,low,,PENDING_RESULT,2026-10-04T10:07:42.469190+08:00,de399f80d45c1840f317,N
2026-10-04,2913154,V3,挪甲,布莱尼 vs 利恩,,not reconstructed from future result,,,UNKNOWN,unknown,low,,PENDING_RESULT,2026-10-04T10:07:41+08:00,23823f7421b055e0a5dc,不投
2026-10-04,2913154,V4,挪甲,布莱尼 vs 利恩,,not reconstructed from future result,,,UNKNOWN,unknown,low,,PENDING_RESULT,2026-10-04T09:58:08.993953+08:00,4296af452e674ccb7331,C
2026-10-04,2913357,V3,挪乙,巴提维格 vs 索特拉,,not reconstructed from future result,,,UNKNOWN,unknown,low,,PENDING_RESULT,2026-10-04T10:07:41+08:00,78138dc013aa4c252b3d,不投
2026-10-04,2913357,V4,挪乙,巴提维格 vs 索特拉,,not reconstructed from future result,,,UNKNOWN,unknown,low,,PENDING_RESULT,2026-10-04T09:58:08.993953+08:00,fd31903463da434aed92,C
2026-10-04,2913359,V3,挪乙,里塞克罗斯特 vs 谢夫,,not reconstructed from future result,,,UNKNOWN,unknown,low,,PENDING_RESULT,2026-10-04T09:02:52+08:00,b6027f35640efc65c8ff,不投
2026-10-04,2913359,V4,挪乙,里塞克罗斯特 vs 谢夫,,not reconstructed from future result,,,UNKNOWN,unknown,low,,PENDING_RESULT,2026-10-04T10:07:42.469190+08:00,e45ba3ca6b46a192e1ae,
2026-10-04,2913360,V3,挪乙,莫达伦 vs 特莱弗,,not reconstructed from future result,,,UNKNOWN,unknown,low,,PENDING_RESULT,2026-10-04T10:07:41+08:00,504775329dc0f527be20,不投
2026-10-04,2913360,V4,挪乙,莫达伦 vs 特莱弗,,not reconstructed from future result,,,UNKNOWN,unknown,low,,PENDING_RESULT,2026-10-04T10:07:42.469190+08:00,8aa2922ac783ae5c17c3,N
2026-10-04,2913363,V3,挪乙,桑韦肯 vs 阿伦达尔,,not reconstructed from future result,,,UNKNOWN,unknown,low,,PENDING_RESULT,2026-10-04T10:07:41+08:00,87ebbcef24ee41b39a37,不投
2026-10-04,2913363,V4,挪乙,桑韦肯 vs 阿伦达尔,,not reconstructed from future result,,,UNKNOWN,unknown,low,,PENDING_RESULT,2026-10-04T10:07:42.469190+08:00,0e5b76d724a11c19123d,N
2026-10-04,2913541,V3,挪乙,拉纳 vs 伊斯沃德,,not reconstructed from future result,,,UNKNOWN,unknown,low,,PENDING_RESULT,2026-10-04T09:02:52+08:00,bbe7e984b2a8f26827e2,可投
2026-10-04,2913541,V4,挪乙,拉纳 vs 伊斯沃德,,not reconstructed from future result,,,UNKNOWN,unknown,low,,PENDING_RESULT,2026-10-04T09:58:08.993953+08:00,f7e378e95399c0981dbc,B
2026-10-04,2913543,V3,挪乙,特罗姆斯达伦 vs 利云格尔,,not reconstructed from future result,,,UNKNOWN,unknown,low,,PENDING_RESULT,2026-10-04T10:07:41+08:00,4361efcdf375d0dcaf5b,不投
2026-10-04,2913543,V4,挪乙,特罗姆斯达伦 vs 利云格尔,,not reconstructed from future result,,,UNKNOWN,unknown,low,,PENDING_RESULT,2026-10-04T09:58:08.993953+08:00,a91af157209fc3e373d3,B
2026-10-04,2913544,V3,挪乙,特里格拉德 vs 祖克伦,,not reconstructed from future result,,,UNKNOWN,unknown,low,,PENDING_RESULT,2026-10-04T10:07:41+08:00,81e6f1b9206ed64ff45d,不投
2026-10-04,2913544,V4,挪乙,特里格拉德 vs 祖克伦,,not reconstructed from future result,,,UNKNOWN,unknown,low,,PENDING_RESULT,2026-10-04T09:58:08.993953+08:00,3ea7658c0a4d6dc7a7cd,B
2026-10-04,2913961,V3,挪女超,SK布兰女足 vs 弗特纳女足,,not reconstructed from future result,,,UNKNOWN,unknown,low,,PENDING_RESULT,,,
2026-10-04,2913961,V4,挪女超,SK布兰女足 vs 弗特纳女足,,not reconstructed from future result,,,UNKNOWN,unknown,low,,PENDING_RESULT,2026-10-04T10:07:42.469190+08:00,1fa4db037f95f8e9e41f,
2026-10-04,2913962,V3,挪女超,侯尼霍斯女足 vs 博德闪耀女足,,not reconstructed from future result,,,UNKNOWN,unknown,low,,PENDING_RESULT,,,
2026-10-04,2913962,V4,挪女超,侯尼霍斯女足 vs 博德闪耀女足,,not reconstructed from future result,,,UNKNOWN,unknown,low,,PENDING_RESULT,2026-10-04T10:07:42.469190+08:00,43ae317e3da11d8d33b0,
2026-10-04,2913963,V3,挪女超,利恩女足 vs 侯治森华特女足,,not reconstructed from future result,,,UNKNOWN,unknown,low,,PENDING_RESULT,,,
2026-10-04,2913963,V4,挪女超,利恩女足 vs 侯治森华特女足,,not reconstructed from future result,,,UNKNOWN,unknown,low,,PENDING_RESULT,2026-10-04T10:07:42.469190+08:00,dd05f6c6a3222b1fed64,
2026-10-04,2913964,V3,挪女超,莫尔德女足 vs 斯塔贝克女足,,not reconstructed from future result,,,UNKNOWN,unknown,low,,PENDING_RESULT,,,
2026-10-04,2913964,V4,挪女超,莫尔德女足 vs 斯塔贝克女足,,not reconstructed from future result,,,UNKNOWN,unknown,low,,PENDING_RESULT,2026-10-04T10:07:42.469190+08:00,ea575688c545b1987321,
2026-10-04,2913965,V3,挪女超,罗亚女足 vs 利尼史特朗女足,,not reconstructed from future result,,,UNKNOWN,unknown,low,,PENDING_RESULT,,,
2026-10-04,2913965,V4,挪女超,罗亚女足 vs 利尼史特朗女足,,not reconstructed from future result,,,UNKNOWN,unknown,low,,PENDING_RESULT,2026-10-04T10:07:42.469190+08:00,c33e890eb38f7ae39e40,
2026-10-04,2913966,V3,挪女超,瓦勒伦加女足 vs 罗森博格女足,,not reconstructed from future result,,,UNKNOWN,unknown,low,,PENDING_RESULT,,,
2026-10-04,2913966,V4,挪女超,瓦勒伦加女足 vs 罗森博格女足,,not reconstructed from future result,,,UNKNOWN,unknown,low,,PENDING_RESULT,2026-10-04T10:07:42.469190+08:00,2334e7b15587b93578c9,
2026-10-04,2916718,V3,阿乙,卡洛斯卡萨雷斯农业 vs 米德兰,,not reconstructed from future result,,,UNKNOWN,unknown,low,,PENDING_RESULT,2026-10-04T10:07:41+08:00,baf59c0af74be744cd0b,不投
2026-10-04,2916718,V4,阿乙,卡洛斯卡萨雷斯农业 vs 米德兰,,not reconstructed from future result,,,UNKNOWN,unknown,low,,PENDING_RESULT,2026-10-04T09:58:08.993953+08:00,d63715202abab3038dea,C
2026-10-04,2916719,V3,阿乙,拉费尔拿 vs 阿特兰大竞技,,not reconstructed from future result,,,UNKNOWN,unknown,low,,PENDING_RESULT,2026-10-04T10:07:41+08:00,160cbc092a276493a0b2,不投
2026-10-04,2916719,V4,阿乙,拉费尔拿 vs 阿特兰大竞技,,not reconstructed from future result,,,UNKNOWN,unknown,low,,PENDING_RESULT,2026-10-04T10:07:42.469190+08:00,26804d752bf203041b60,N
2026-10-04,2916720,V3,阿乙,北索尔塔中央 vs 科多巴竞赛会,,not reconstructed from future result,,,UNKNOWN,unknown,low,,PENDING_RESULT,2026-10-04T10:07:41+08:00,92ff46f0f515ccb5d1bf,不投
2026-10-04,2916720,V4,阿乙,北索尔塔中央 vs 科多巴竞赛会,,not reconstructed from future result,,,UNKNOWN,unknown,low,,PENDING_RESULT,2026-10-04T09:58:08.993953+08:00,af787a9c6ab7b4ca48df,B
2026-10-04,2916721,V3,阿乙,查卡里塔青年 vs 帕特罗纳图,,not reconstructed from future result,,,UNKNOWN,unknown,low,,PENDING_RESULT,,,
2026-10-04,2916721,V4,阿乙,查卡里塔青年 vs 帕特罗纳图,,not reconstructed from future result,,,UNKNOWN,unknown,low,,PENDING_RESULT,2026-10-04T09:58:08.993953+08:00,762f59329b031faf6db7,B
2026-10-04,2916722,V3,阿乙,查克佛伊维 vs 贝尔格拉诺防卫队,,not reconstructed from future result,,,UNKNOWN,unknown,low,,PENDING_RESULT,2026-10-04T10:07:41+08:00,af50f23a7a6027f8e09a,不投
2026-10-04,2916722,V4,阿乙,查克佛伊维 vs 贝尔格拉诺防卫队,,not reconstructed from future result,,,UNKNOWN,unknown,low,,PENDING_RESULT,2026-10-04T09:58:08.993953+08:00,0d174c0d34a96b6d5c45,C
2026-10-04,2916723,V3,阿乙,圭梅斯竞技 vs 科勒加勒斯,,not reconstructed from future result,,,UNKNOWN,unknown,low,,PENDING_RESULT,2026-10-04T10:07:41+08:00,feaf92f6bb7b3a1a2f33,不投
2026-10-04,2916723,V4,阿乙,圭梅斯竞技 vs 科勒加勒斯,,not reconstructed from future result,,,UNKNOWN,unknown,low,,PENDING_RESULT,2026-10-04T09:58:08.993953+08:00,a336b1e8830e0fe9b42c,B
2026-10-04,2916727,V3,阿乙,戈多伊克鲁斯 vs 洛斯安第斯,,not reconstructed from future result,,,UNKNOWN,unknown,low,,PENDING_RESULT,2026-10-04T10:07:41+08:00,7f6b9c144ced838426dc,不投
2026-10-04,2916727,V4,阿乙,戈多伊克鲁斯 vs 洛斯安第斯,,not reconstructed from future result,,,UNKNOWN,unknown,low,,PENDING_RESULT,2026-10-04T09:58:08.993953+08:00,9cb33b5a11e13170ef39,B
2026-10-04,2916729,V3,阿乙,圣胡安圣马丁 vs 阿马格罗,,not reconstructed from future result,,,UNKNOWN,unknown,low,,PENDING_RESULT,2026-10-04T10:07:41+08:00,f476058e0a460979f215,不投
2026-10-04,2916729,V4,阿乙,圣胡安圣马丁 vs 阿马格罗,,not reconstructed from future result,,,UNKNOWN,unknown,low,,PENDING_RESULT,2026-10-04T09:58:08.993953+08:00,3cd988a55a3ed0cc74d0,B
2026-10-04,2916730,V3,阿乙,图库曼圣马丁 vs 甘拿斯亚迪罗,,not reconstructed from future result,,,UNKNOWN,unknown,low,,PENDING_RESULT,2026-10-04T10:07:41+08:00,c6b162210cd8f9ce38b1,不投
2026-10-04,2916730,V4,阿乙,图库曼圣马丁 vs 甘拿斯亚迪罗,,not reconstructed from future result,,,UNKNOWN,unknown,low,,PENDING_RESULT,2026-10-04T09:58:08.993953+08:00,957973c754b6d8cf81e1,B
2026-10-04,2916732,V3,阿乙,圣德尔模 vs 阿尔米兰提布朗,,not reconstructed from future result,,,UNKNOWN,unknown,low,,PENDING_RESULT,2026-10-04T10:07:41+08:00,f333ae93fda0ac2440f6,不投
2026-10-04,2916732,V4,阿乙,圣德尔模 vs 阿尔米兰提布朗,,not reconstructed from future result,,,UNKNOWN,unknown,low,,PENDING_RESULT,2026-10-04T10:07:42.469190+08:00,0c9757a82d7183c2e66d,N
2026-10-04,2917136,V3,瑞典女甲,哥德堡女足 vs 艾林格萨斯女足,,not reconstructed from future result,,,UNKNOWN,unknown,low,,PENDING_RESULT,,,
2026-10-04,2917136,V4,瑞典女甲,哥德堡女足 vs 艾林格萨斯女足,,not reconstructed from future result,,,UNKNOWN,unknown,low,,PENDING_RESULT,2026-10-04T09:58:08.993953+08:00,e19028e3a780a868c9d7,B
2026-10-04,2917141,V3,瑞典女甲,乌美亚女足 vs 胡思瓦娜女足,,not reconstructed from future result,,,UNKNOWN,unknown,low,,PENDING_RESULT,,,
2026-10-04,2917141,V4,瑞典女甲,乌美亚女足 vs 胡思瓦娜女足,,not reconstructed from future result,,,UNKNOWN,unknown,low,,PENDING_RESULT,2026-10-04T10:07:42.469190+08:00,bc77c45eb420a9606307,
2026-10-04,2919929,V3,瑞典乙南,BK奥林匹克 vs 特雷勒堡,,not reconstructed from future result,,,UNKNOWN,unknown,low,,PENDING_RESULT,,,
2026-10-04,2919929,V4,瑞典乙南,BK奥林匹克 vs 特雷勒堡,,not reconstructed from future result,,,UNKNOWN,unknown,low,,PENDING_RESULT,2026-10-04T09:58:08.993953+08:00,a663db1cd1188cc27f7d,B
2026-10-04,2920170,V3,瑞典乙北,于默奥 vs 哈马比TFF,,not reconstructed from future result,,,UNKNOWN,unknown,low,,PENDING_RESULT,,,
2026-10-04,2920170,V4,瑞典乙北,于默奥 vs 哈马比TFF,,not reconstructed from future result,,,UNKNOWN,unknown,low,,PENDING_RESULT,2026-10-04T09:58:08.993953+08:00,5ddd50c51424d54eff96,B
2026-10-04,2920171,V3,瑞典乙北,维萨隆德 vs FC阿尔兰达,,not reconstructed from future result,,,UNKNOWN,unknown,low,,PENDING_RESULT,,,
2026-10-04,2920171,V4,瑞典乙北,维萨隆德 vs FC阿尔兰达,,not reconstructed from future result,,,UNKNOWN,unknown,low,,PENDING_RESULT,2026-10-04T10:07:42.469190+08:00,3d3ba1ddbc24c811b495,N
2026-10-04,2924109,V3,格鲁甲,伊比利亚1999 vs 第比利斯迪纳摩,,not reconstructed from future result,,,UNKNOWN,unknown,low,,PENDING_RESULT,,,
2026-10-04,2924109,V4,格鲁甲,伊比利亚1999 vs 第比利斯迪纳摩,,not reconstructed from future result,,,UNKNOWN,unknown,low,,PENDING_RESULT,2026-10-04T10:07:42.469190+08:00,e630b0628ccd8b7175c1,N
2026-10-04,2926242,V3,智利乙,安托法加斯塔 vs 塔尔卡流浪者,,not reconstructed from future result,,,UNKNOWN,unknown,low,,PENDING_RESULT,2026-10-04T09:02:52+08:00,5b4c11e0bf2e008a63e6,不投
2026-10-04,2926242,V4,智利乙,安托法加斯塔 vs 塔尔卡流浪者,,not reconstructed from future result,,,UNKNOWN,unknown,low,,PENDING_RESULT,2026-10-04T10:07:42.469190+08:00,bd8d7e6ff1932f1cf340,
2026-10-04,2926248,V3,智利乙,圣菲利浦联 vs 伊基克体育,,not reconstructed from future result,,,UNKNOWN,unknown,low,,PENDING_RESULT,2026-10-04T10:07:41+08:00,33222b1e726a9989d287,不投
2026-10-04,2926248,V4,智利乙,圣菲利浦联 vs 伊基克体育,,not reconstructed from future result,,,UNKNOWN,unknown,low,,PENDING_RESULT,2026-10-04T09:58:08.993953+08:00,9e92323e381dbf5dfb44,B
2026-10-04,2926249,V3,智利乙,坎尔托塔 vs 西班牙联合,,not reconstructed from future result,,,UNKNOWN,unknown,low,,PENDING_RESULT,2026-10-04T10:07:41+08:00,ed9f9c2e19c205e15596,不投
2026-10-04,2926249,V4,智利乙,坎尔托塔 vs 西班牙联合,,not reconstructed from future result,,,UNKNOWN,unknown,low,,PENDING_RESULT,2026-10-04T10:07:42.469190+08:00,9b6c2d561064434aa1bd,N
2026-10-04,2926819,V3,瑞典丙SS,纳卡伊利里亚 vs 卡斯隆德,,not reconstructed from future result,,,UNKNOWN,unknown,low,,PENDING_RESULT,,,
2026-10-04,2926819,V4,瑞典丙SS,纳卡伊利里亚 vs 卡斯隆德,,not reconstructed from future result,,,UNKNOWN,unknown,low,,PENDING_RESULT,2026-10-04T09:58:08.993953+08:00,e57b0c2c200440ba5485,B
2026-10-04,2926820,V3,瑞典丙SS,奥雷布洛西里安斯卡 vs 哈宁厄,,not reconstructed from future result,,,UNKNOWN,unknown,low,,PENDING_RESULT,,,
2026-10-04,2926820,V4,瑞典丙SS,奥雷布洛西里安斯卡 vs 哈宁厄,,not reconstructed from future result,,,UNKNOWN,unknown,low,,PENDING_RESULT,2026-10-04T10:07:42.469190+08:00,7d50954d454eccaa4cdb,
2026-10-04,2927003,V3,瑞典丙VG,阿斯特里 vs 瓦斯特拉弗罗伦达,,not reconstructed from future result,,,UNKNOWN,unknown,low,,PENDING_RESULT,,,
2026-10-04,2927003,V4,瑞典丙VG,阿斯特里 vs 瓦斯特拉弗罗伦达,,not reconstructed from future result,,,UNKNOWN,unknown,low,,PENDING_RESULT,2026-10-04T09:58:08.993953+08:00,fbac43682cca106c38b0,B
2026-10-04,2927184,V3,瑞典丙SG,贝尔加 vs 奥斯特伦,,not reconstructed from future result,,,UNKNOWN,unknown,low,,PENDING_RESULT,,,
2026-10-04,2927184,V4,瑞典丙SG,贝尔加 vs 奥斯特伦,,not reconstructed from future result,,,UNKNOWN,unknown,low,,PENDING_RESULT,2026-10-04T10:07:42.469190+08:00,cce26f4e25602febcb6d,
2026-10-04,2927185,V3,瑞典丙SG,IFK特雷勒堡 vs 拉佩高尔夫,,not reconstructed from future result,,,UNKNOWN,unknown,low,,PENDING_RESULT,,,
2026-10-04,2927185,V4,瑞典丙SG,IFK特雷勒堡 vs 拉佩高尔夫,,not reconstructed from future result,,,UNKNOWN,unknown,low,,PENDING_RESULT,2026-10-04T10:07:42.469190+08:00,67e0613b974841426139,
2026-10-04,2927186,V3,瑞典丙SG,卡尔期克朗 vs 利勒罗,,not reconstructed from future result,,,UNKNOWN,unknown,low,,PENDING_RESULT,,,
2026-10-04,2927186,V4,瑞典丙SG,卡尔期克朗 vs 利勒罗,,not reconstructed from future result,,,UNKNOWN,unknown,low,,PENDING_RESULT,2026-10-04T10:07:42.469190+08:00,0a6eeaf01d9b2ac2366f,
2026-10-04,2927367,V3,瑞典丙NG,阿拉佛斯 vs 慕达拉,,not reconstructed from future result,,,UNKNOWN,unknown,low,,PENDING_RESULT,,,
2026-10-04,2927367,V4,瑞典丙NG,阿拉佛斯 vs 慕达拉,,not reconstructed from future result,,,UNKNOWN,unknown,low,,PENDING_RESULT,2026-10-04T10:07:42.469190+08:00,1fdf9b22e13312cb1e2b,
2026-10-04,2927368,V3,瑞典丙NG,卡尔斯塔德B队 vs IK多特,,not reconstructed from future result,,,UNKNOWN,unknown,low,,PENDING_RESULT,,,
2026-10-04,2927368,V4,瑞典丙NG,卡尔斯塔德B队 vs IK多特,,not reconstructed from future result,,,UNKNOWN,unknown,low,,PENDING_RESULT,2026-10-04T10:07:42.469190+08:00,86fd12438f41c0ccc535,
2026-10-04,2927548,V3,瑞典丙NS,安格比 vs 赫尔格斯,,not reconstructed from future result,,,UNKNOWN,unknown,low,,PENDING_RESULT,,,
2026-10-04,2927548,V4,瑞典丙NS,安格比 vs 赫尔格斯,,not reconstructed from future result,,,UNKNOWN,unknown,low,,PENDING_RESULT,2026-10-04T09:58:08.993953+08:00,b8d6b07e5615fbe6a20d,C
2026-10-04,2927550,V3,瑞典丙NS,哥斯纳斯 vs IK弗兰卡,,not reconstructed from future result,,,UNKNOWN,unknown,low,,PENDING_RESULT,,,
2026-10-04,2927550,V4,瑞典丙NS,哥斯纳斯 vs IK弗兰卡,,not reconstructed from future result,,,UNKNOWN,unknown,low,,PENDING_RESULT,2026-10-04T10:07:42.469190+08:00,12a8c1f571c032a8e7d2,
2026-10-04,2934827,V3,阿乙曼特秋,BsAs交流会 vs 弗朗德里亚,,not reconstructed from future result,,,UNKNOWN,unknown,low,,PENDING_RESULT,2026-10-04T10:07:41+08:00,07831219a1fd2fa7a75c,不投
2026-10-04,2934827,V4,阿乙曼特秋,BsAs交流会 vs 弗朗德里亚,,not reconstructed from future result,,,UNKNOWN,unknown,low,,PENDING_RESULT,2026-10-04T09:58:08.993953+08:00,2b6047fdacf51c4ff72d,B
2026-10-04,2934834,V3,阿乙曼特秋,意大利亚诺 vs 埃斯卡拉达,,not reconstructed from future result,,,UNKNOWN,unknown,low,,PENDING_RESULT,2026-10-04T10:07:41+08:00,48adeaa6eaf450195cf3,不投
2026-10-04,2934834,V4,阿乙曼特秋,意大利亚诺 vs 埃斯卡拉达,,not reconstructed from future result,,,UNKNOWN,unknown,low,,PENDING_RESULT,2026-10-04T10:07:42.469190+08:00,0179a630e8055018d493,N
2026-10-04,2935304,V3,阿丙曼特,科尔多瓦罗萨里奥中央队 vs 尤潘基,,not reconstructed from future result,,,UNKNOWN,unknown,low,,PENDING_RESULT,,,
2026-10-04,2935304,V4,阿丙曼特,科尔多瓦罗萨里奥中央队 vs 尤潘基,,not reconstructed from future result,,,UNKNOWN,unknown,low,,PENDING_RESULT,2026-10-04T10:07:42.469190+08:00,6737cc31c52c5e6863e9,
2026-10-04,2935313,V3,阿丙曼特,CA卢加诺 vs 罗萨里奥阿根廷,,not reconstructed from future result,,,UNKNOWN,unknown,low,,PENDING_RESULT,,,
2026-10-04,2935313,V4,阿丙曼特,CA卢加诺 vs 罗萨里奥阿根廷,,not reconstructed from future result,,,UNKNOWN,unknown,low,,PENDING_RESULT,2026-10-04T10:07:42.469190+08:00,7d79ec70b61bacd33a1b,
2026-10-04,2935314,V3,阿丙曼特,波多黎各努埃沃 vs 乌尔奎萨,,not reconstructed from future result,,,UNKNOWN,unknown,low,,PENDING_RESULT,,,
2026-10-04,2935314,V4,阿丙曼特,波多黎各努埃沃 vs 乌尔奎萨,,not reconstructed from future result,,,UNKNOWN,unknown,low,,PENDING_RESULT,2026-10-04T10:07:42.469190+08:00,301af16cc114dd47e4b0,
2026-10-04,2935315,V3,阿丙曼特,萨卡兹斯帕斯 vs 埃斯特雷利亚科恩,,not reconstructed from future result,,,UNKNOWN,unknown,low,,PENDING_RESULT,,,
2026-10-04,2935315,V4,阿丙曼特,萨卡兹斯帕斯 vs 埃斯特雷利亚科恩,,not reconstructed from future result,,,UNKNOWN,unknown,low,,PENDING_RESULT,2026-10-04T10:07:42.469190+08:00,44897b1d1e79ac117747,
2026-10-04,2937624,V3,加拿职,魁北克苏普拉 vs 太平洋FC,,not reconstructed from future result,,,UNKNOWN,unknown,low,,PENDING_RESULT,,,
2026-10-04,2937624,V4,加拿职,魁北克苏普拉 vs 太平洋FC,,not reconstructed from future result,,,UNKNOWN,unknown,low,,PENDING_RESULT,2026-10-04T09:58:08.993953+08:00,38c46c3ed4fea22f49d7,C
2026-10-04,2940444,V3,韩K3联,唐津市民 vs 庆州水利,0-0,not reconstructed from future result,,,UNKNOWN,unknown,low,,PENDING_RESULT,2026-10-04T10:07:41+08:00,9bd08c54660fab687770,不投
2026-10-04,2940444,V4,韩K3联,唐津市民 vs 庆州水利,0-0,not reconstructed from future result,,,UNKNOWN,unknown,low,,PENDING_RESULT,2026-10-04T09:58:08.993953+08:00,8823a111025bc524db9b,C
2026-10-04,2940445,V3,韩K3联,木浦市 vs 釜山运输,0-0,not reconstructed from future result,,,UNKNOWN,unknown,low,,PENDING_RESULT,2026-10-04T10:07:41+08:00,ea395c9d7b8d4bcc0e85,不投
2026-10-04,2940445,V4,韩K3联,木浦市 vs 釜山运输,0-0,not reconstructed from future result,,,UNKNOWN,unknown,low,,PENDING_RESULT,2026-10-04T09:58:08.993953+08:00,9090ad9139987e3f9974,C
2026-10-04,2942653,V3,美冠联,拉斯维加斯之光 vs 圣安东尼奥,0-0,not reconstructed from future result,,,UNKNOWN,unknown,low,,PENDING_RESULT,2026-10-04T09:02:52+08:00,6e907e8e3e8caac0eaaa,可投
2026-10-04,2942653,V4,美冠联,拉斯维加斯之光 vs 圣安东尼奥,0-0,not reconstructed from future result,,,UNKNOWN,unknown,low,,PENDING_RESULT,2026-10-04T10:07:42.469190+08:00,e1f2e6082bf1bce5cf45,N
2026-10-04,2942656,V3,美冠联,新墨西哥联 vs 凤凰重生,,not reconstructed from future result,,,UNKNOWN,unknown,low,,PENDING_RESULT,2026-10-04T10:07:41+08:00,caa6ab092e0caf52db22,不投
2026-10-04,2942656,V4,美冠联,新墨西哥联 vs 凤凰重生,,not reconstructed from future result,,,UNKNOWN,unknown,low,,PENDING_RESULT,2026-10-04T09:58:08.993953+08:00,8f339057b71b929212eb,B
2026-10-04,2953722,V3,韩K4联,金川人力 vs 首尔中浪,,not reconstructed from future result,,,UNKNOWN,unknown,low,,PENDING_RESULT,,,
2026-10-04,2953722,V4,韩K4联,金川人力 vs 首尔中浪,,not reconstructed from future result,,,UNKNOWN,unknown,low,,PENDING_RESULT,2026-10-04T10:07:42.469190+08:00,a3431e5b2a2a503e237b,
2026-10-04,2953723,V3,韩K4联,西山先锋 vs 平昌FC,,not reconstructed from future result,,,UNKNOWN,unknown,low,,PENDING_RESULT,,,
2026-10-04,2953723,V4,韩K4联,西山先锋 vs 平昌FC,,not reconstructed from future result,,,UNKNOWN,unknown,low,,PENDING_RESULT,2026-10-04T10:07:42.469190+08:00,09ddaa7cac484ee3bcc4,
2026-10-04,2953724,V3,韩K4联,平泽市民 vs 世宗,,not reconstructed from future result,,,UNKNOWN,unknown,low,,PENDING_RESULT,,,
2026-10-04,2953724,V4,韩K4联,平泽市民 vs 世宗,,not reconstructed from future result,,,UNKNOWN,unknown,low,,PENDING_RESULT,2026-10-04T10:07:42.469190+08:00,f6eebebd9fd99a718ffe,
2026-10-04,2955404,V3,美甲,托曼塔FC vs 奥马哈,,not reconstructed from future result,,,UNKNOWN,unknown,low,,PENDING_RESULT,2026-10-04T09:02:52+08:00,ddf404775b64b10f2006,不投
2026-10-04,2955404,V4,美甲,托曼塔FC vs 奥马哈,,not reconstructed from future result,,,UNKNOWN,unknown,low,,PENDING_RESULT,2026-10-04T10:07:42.469190+08:00,ed3d6ed115d1e2427697,
2026-10-04,2956839,V3,日职女甲,FC爱媛女足 vs 维亚马特拉斯宫崎女足,0-0,not reconstructed from future result,,,UNKNOWN,unknown,low,,PENDING_RESULT,,,
2026-10-04,2956839,V4,日职女甲,FC爱媛女足 vs 维亚马特拉斯宫崎女足,0-0,not reconstructed from future result,,,UNKNOWN,unknown,low,,PENDING_RESULT,2026-10-04T09:58:08.993953+08:00,fcf79bd2c82cda049270,A
2026-10-04,2956840,V3,日职女甲,伊贺FC女足 vs 播磨阿尔比恩女足,0-0,not reconstructed from future result,,,UNKNOWN,unknown,low,,PENDING_RESULT,,,
2026-10-04,2956840,V4,日职女甲,伊贺FC女足 vs 播磨阿尔比恩女足,0-0,not reconstructed from future result,,,UNKNOWN,unknown,low,,PENDING_RESULT,2026-10-04T09:58:08.993953+08:00,e11016d77b727b5054f9,C
2026-10-04,2956841,V3,日职女甲,汤乡贝勒女足 vs 静冈产大女足,0-0,not reconstructed from future result,,,UNKNOWN,unknown,low,,PENDING_RESULT,,,
2026-10-04,2956841,V4,日职女甲,汤乡贝勒女足 vs 静冈产大女足,0-0,not reconstructed from future result,,,UNKNOWN,unknown,low,,PENDING_RESULT,2026-10-04T09:58:08.993953+08:00,38edc63a731aa06729dc,A
2026-10-04,2956842,V3,日职女甲,世田谷女足 vs 虎鲸鸭川女足,0-0,not reconstructed from future result,,,UNKNOWN,unknown,low,,PENDING_RESULT,,,
2026-10-04,2956842,V4,日职女甲,世田谷女足 vs 虎鲸鸭川女足,0-0,not reconstructed from future result,,,UNKNOWN,unknown,low,,PENDING_RESULT,2026-10-04T09:58:08.993953+08:00,1055f4a0d6895972c4f8,B
2026-10-04,2956843,V3,日职女甲,横滨海鸥女足 vs VONDS市原女足,0-0,not reconstructed from future result,,,UNKNOWN,unknown,low,,PENDING_RESULT,,,
2026-10-04,2956843,V4,日职女甲,横滨海鸥女足 vs VONDS市原女足,0-0,not reconstructed from future result,,,UNKNOWN,unknown,low,,PENDING_RESULT,2026-10-04T09:58:08.993953+08:00,66531d085a1720939bb3,A
2026-10-04,2957070,V3,美女职,哥谭女足 vs 天使城女足,,not reconstructed from future result,,,UNKNOWN,unknown,low,,PENDING_RESULT,,,
2026-10-04,2957070,V4,美女职,哥谭女足 vs 天使城女足,,not reconstructed from future result,,,UNKNOWN,unknown,low,,PENDING_RESULT,2026-10-04T09:58:08.993953+08:00,e86130fcc9417340e353,C
2026-10-04,2957071,V3,美女职,芝加哥红星女足 vs 丹佛峰会女足,,not reconstructed from future result,,,UNKNOWN,unknown,low,,PENDING_RESULT,,,
2026-10-04,2957071,V4,美女职,芝加哥红星女足 vs 丹佛峰会女足,,not reconstructed from future result,,,UNKNOWN,unknown,low,,PENDING_RESULT,2026-10-04T09:58:08.993953+08:00,69bad59306cccac83c30,C
2026-10-04,2957072,V3,美女职,休斯顿达斯女足 vs 华盛顿精神女足,,not reconstructed from future result,,,UNKNOWN,unknown,low,,PENDING_RESULT,,,
2026-10-04,2957072,V4,美女职,休斯顿达斯女足 vs 华盛顿精神女足,,not reconstructed from future result,,,UNKNOWN,unknown,low,,PENDING_RESULT,2026-10-04T09:58:08.993953+08:00,6a0caf748cac00e4c74f,C
2026-10-04,2961639,V3,挪女甲,弗利格女足 vs 费林根达伦女足,,not reconstructed from future result,,,UNKNOWN,unknown,low,,PENDING_RESULT,,,
2026-10-04,2961639,V4,挪女甲,弗利格女足 vs 费林根达伦女足,,not reconstructed from future result,,,UNKNOWN,unknown,low,,PENDING_RESULT,2026-10-04T10:07:42.469190+08:00,c9e29fde521f2654c64a,
2026-10-04,2961640,V3,挪女甲,科尔波特女足 vs 克莱波女足,,not reconstructed from future result,,,UNKNOWN,unknown,low,,PENDING_RESULT,,,
2026-10-04,2961640,V4,挪女甲,科尔波特女足 vs 克莱波女足,,not reconstructed from future result,,,UNKNOWN,unknown,low,,PENDING_RESULT,2026-10-04T10:07:42.469190+08:00,2b0eed6eb85d4af7d965,
2026-10-04,2961641,V3,挪女甲,史达女足 vs 特罗姆瑟女足,,not reconstructed from future result,,,UNKNOWN,unknown,low,,PENDING_RESULT,,,
2026-10-04,2961641,V4,挪女甲,史达女足 vs 特罗姆瑟女足,,not reconstructed from future result,,,UNKNOWN,unknown,low,,PENDING_RESULT,2026-10-04T10:07:42.469190+08:00,0f6b25eaecfa6f91b1d2,
2026-10-04,2962653,V3,阿甲,阿根廷青年人 vs 泰格雷,,not reconstructed from future result,,,UNKNOWN,unknown,low,,PENDING_RESULT,,,
2026-10-04,2962653,V4,阿甲,阿根廷青年人 vs 泰格雷,,not reconstructed from future result,,,UNKNOWN,unknown,low,,PENDING_RESULT,2026-10-04T09:58:08.993953+08:00,4cf86207a485f3f5ee77,A
2026-10-04,2962660,V3,阿甲,里奥夸尔托学生队 vs 竞技俱乐部,,not reconstructed from future result,,,UNKNOWN,unknown,low,,PENDING_RESULT,2026-10-04T10:07:41+08:00,4311e77d58155bf03851,不投
2026-10-04,2962660,V4,阿甲,里奥夸尔托学生队 vs 竞技俱乐部,,not reconstructed from future result,,,UNKNOWN,unknown,low,,PENDING_RESULT,2026-10-04T09:58:08.993953+08:00,fb02237636d8b4d4bc29,A
2026-10-04,2962661,V3,阿甲,飓风队 vs 阿尔多斯维,,not reconstructed from future result,,,UNKNOWN,unknown,low,,PENDING_RESULT,2026-10-04T10:07:41+08:00,93bc38e7674026be3b6f,不投
2026-10-04,2962661,V4,阿甲,飓风队 vs 阿尔多斯维,,not reconstructed from future result,,,UNKNOWN,unknown,low,,PENDING_RESULT,2026-10-04T09:58:08.993953+08:00,ec2d1ccec61a4bba3aed,A
2026-10-04,2962666,V3,阿甲,塔勒瑞斯 vs 贝尔格拉诺,,not reconstructed from future result,,,UNKNOWN,unknown,low,,PENDING_RESULT,2026-10-04T10:07:41+08:00,71c54d120663f590abd7,不投
2026-10-04,2962666,V4,阿甲,塔勒瑞斯 vs 贝尔格拉诺,,not reconstructed from future result,,,UNKNOWN,unknown,low,,PENDING_RESULT,2026-10-04T10:07:42.469190+08:00,a06e212e7377fe5662d2,N
2026-10-04,2966276,V3,俄乙B西,巴提卡BFU vs 多尔戈普鲁德尼,,not reconstructed from future result,,,UNKNOWN,unknown,low,,PENDING_RESULT,,,
2026-10-04,2966276,V4,俄乙B西,巴提卡BFU vs 多尔戈普鲁德尼,,not reconstructed from future result,,,UNKNOWN,unknown,low,,PENDING_RESULT,2026-10-04T10:07:42.469190+08:00,644b34737b0771dbe2df,
2026-10-04,2966277,V3,俄乙B西,沃洛格达迪纳摩 vs 圣彼得堡迪纳摩,,not reconstructed from future result,,,UNKNOWN,unknown,low,,PENDING_RESULT,,,
2026-10-04,2966277,V4,俄乙B西,沃洛格达迪纳摩 vs 圣彼得堡迪纳摩,,not reconstructed from future result,,,UNKNOWN,unknown,low,,PENDING_RESULT,2026-10-04T10:07:42.469190+08:00,d872ace860eb3b0618af,
2026-10-04,2966278,V3,俄乙B西,伊尔库茨克 vs 舍克斯纳,,not reconstructed from future result,,,UNKNOWN,unknown,low,,PENDING_RESULT,,,
2026-10-04,2966278,V4,俄乙B西,伊尔库茨克 vs 舍克斯纳,,not reconstructed from future result,,,UNKNOWN,unknown,low,,PENDING_RESULT,2026-10-04T10:07:42.469190+08:00,2145d60e88085af71ba9,
2026-10-04,2966279,V3,俄乙B西,卢基纳吉亚 vs 克伊斯克拉,,not reconstructed from future result,,,UNKNOWN,unknown,low,,PENDING_RESULT,,,
2026-10-04,2966279,V4,俄乙B西,卢基纳吉亚 vs 克伊斯克拉,,not reconstructed from future result,,,UNKNOWN,unknown,low,,PENDING_RESULT,2026-10-04T10:07:42.469190+08:00,8c6d4babb011cd7b417f,
2026-10-04,2966280,V3,俄乙B西,恩尼些尔B队 vs 莫斯科切尔塔诺沃,,not reconstructed from future result,,,UNKNOWN,unknown,low,,PENDING_RESULT,,,
2026-10-04,2966280,V4,俄乙B西,恩尼些尔B队 vs 莫斯科切尔塔诺沃,,not reconstructed from future result,,,UNKNOWN,unknown,low,,PENDING_RESULT,2026-10-04T10:07:42.469190+08:00,d2fc52d4d9a13298e4e6,
2026-10-04,2966515,V3,俄乙B中,FK雷阿萨 vs 阿华加德,,not reconstructed from future result,,,UNKNOWN,unknown,low,,PENDING_RESULT,,,
2026-10-04,2966515,V4,俄乙B中,FK雷阿萨 vs 阿华加德,,not reconstructed from future result,,,UNKNOWN,unknown,low,,PENDING_RESULT,2026-10-04T10:07:42.469190+08:00,cb3e0d1e4babe319f72b,
2026-10-04,2967534,V3,挪丙,巴洛姆 vs 瑞迪,,not reconstructed from future result,,,UNKNOWN,unknown,low,,PENDING_RESULT,,,
2026-10-04,2967534,V4,挪丙,巴洛姆 vs 瑞迪,,not reconstructed from future result,,,UNKNOWN,unknown,low,,PENDING_RESULT,2026-10-04T10:07:42.469190+08:00,02571903fd13375db977,N
2026-10-04,2967721,V3,挪丙,斯帕杰卡维克 vs 雷黑姆B队,,not reconstructed from future result,,,UNKNOWN,unknown,low,,PENDING_RESULT,,,
2026-10-04,2967721,V4,挪丙,斯帕杰卡维克 vs 雷黑姆B队,,not reconstructed from future result,,,UNKNOWN,unknown,low,,PENDING_RESULT,2026-10-04T10:07:42.469190+08:00,37b774826a2cafa39327,
2026-10-04,2968084,V3,挪丙,玛达 vs 布罗德,,not reconstructed from future result,,,UNKNOWN,unknown,low,,PENDING_RESULT,,,
2026-10-04,2968084,V4,挪丙,玛达 vs 布罗德,,not reconstructed from future result,,,UNKNOWN,unknown,low,,PENDING_RESULT,2026-10-04T10:07:42.469190+08:00,a08e13f23370c1d0ab7d,N
2026-10-04,2968086,V3,挪丙,斯塔贝克B队 vs 侯格辛特B队,,not reconstructed from future result,,,UNKNOWN,unknown,low,,PENDING_RESULT,,,
2026-10-04,2968086,V4,挪丙,斯塔贝克B队 vs 侯格辛特B队,,not reconstructed from future result,,,UNKNOWN,unknown,low,,PENDING_RESULT,2026-10-04T09:58:08.993953+08:00,b9b6052b6c6a112d1d41,B
2026-10-04,2968265,V3,挪丙,哈斯达德 vs 斯科德斯莫,,not reconstructed from future result,,,UNKNOWN,unknown,low,,PENDING_RESULT,,,
2026-10-04,2968265,V4,挪丙,哈斯达德 vs 斯科德斯莫,,not reconstructed from future result,,,UNKNOWN,unknown,low,,PENDING_RESULT,2026-10-04T10:07:42.469190+08:00,5259eb08380ca8a76af5,
2026-10-04,2968266,V3,挪丙,利勒斯特罗姆B队 vs 斯托姆加斯特B队,,not reconstructed from future result,,,UNKNOWN,unknown,low,,PENDING_RESULT,,,
2026-10-04,2968266,V4,挪丙,利勒斯特罗姆B队 vs 斯托姆加斯特B队,,not reconstructed from future result,,,UNKNOWN,unknown,low,,PENDING_RESULT,2026-10-04T10:07:42.469190+08:00,0843f62500a39221bce1,N
2026-10-04,2968267,V3,挪丙,斯克捷沃 vs 佛克朴林特,,not reconstructed from future result,,,UNKNOWN,unknown,low,,PENDING_RESULT,,,
2026-10-04,2968267,V4,挪丙,斯克捷沃 vs 佛克朴林特,,not reconstructed from future result,,,UNKNOWN,unknown,low,,PENDING_RESULT,2026-10-04T09:58:08.993953+08:00,33645112505e73066c41,C
2026-10-04,2969806,V3,白俄甲,坎普罗姆 vs 明斯克B队,,not reconstructed from future result,,,UNKNOWN,unknown,low,,PENDING_RESULT,,,
2026-10-04,2969806,V4,白俄甲,坎普罗姆 vs 明斯克B队,,not reconstructed from future result,,,UNKNOWN,unknown,low,,PENDING_RESULT,2026-10-04T10:07:42.469190+08:00,6c243d7bf52b7da8a9cd,
2026-10-04,2981449,V3,欧国联,荷兰 vs 塞尔维亚,,not reconstructed from future result,,,UNKNOWN,unknown,low,,PENDING_RESULT,,,
2026-10-04,2981449,V4,欧国联,荷兰 vs 塞尔维亚,,not reconstructed from future result,,,UNKNOWN,unknown,low,,PENDING_RESULT,2026-10-04T09:58:08.993953+08:00,b8b63bf5a23d3e70d1cd,B
2026-10-04,2981450,V3,欧国联,希腊 vs 德国,,not reconstructed from future result,,,UNKNOWN,unknown,low,,PENDING_RESULT,,,
2026-10-04,2981450,V4,欧国联,希腊 vs 德国,,not reconstructed from future result,,,UNKNOWN,unknown,low,,PENDING_RESULT,2026-10-04T09:58:08.993953+08:00,aa6a0af8976e03184f11,B
2026-10-04,2981451,V3,欧国联,葡萄牙 vs 挪威,,not reconstructed from future result,,,UNKNOWN,unknown,low,,PENDING_RESULT,,,
2026-10-04,2981451,V4,欧国联,葡萄牙 vs 挪威,,not reconstructed from future result,,,UNKNOWN,unknown,low,,PENDING_RESULT,2026-10-04T10:07:42.469190+08:00,8f94b3b25610d0431e2c,N
2026-10-04,2981452,V3,欧国联,威尔士 vs 丹麦,,not reconstructed from future result,,,UNKNOWN,unknown,low,,PENDING_RESULT,,,
2026-10-04,2981452,V4,欧国联,威尔士 vs 丹麦,,not reconstructed from future result,,,UNKNOWN,unknown,low,,PENDING_RESULT,2026-10-04T09:58:08.993953+08:00,bdff23dd2653b49ba061,B
2026-10-04,2981499,V3,欧国联,科索沃 vs 奥地利,,not reconstructed from future result,,,UNKNOWN,unknown,low,,PENDING_RESULT,,,
2026-10-04,2981499,V4,欧国联,科索沃 vs 奥地利,,not reconstructed from future result,,,UNKNOWN,unknown,low,,PENDING_RESULT,2026-10-04T09:58:08.993953+08:00,efd528eaf18f15201417,B
2026-10-04,2981500,V3,欧国联,爱尔兰(中) vs 以色列,,not reconstructed from future result,,,UNKNOWN,unknown,low,,PENDING_RESULT,,,
2026-10-04,2981500,V4,欧国联,爱尔兰(中) vs 以色列,,not reconstructed from future result,,,UNKNOWN,unknown,low,,PENDING_RESULT,2026-10-04T09:58:08.993953+08:00,e76b3ec52b6e28d20923,B
2026-10-04,2981577,V3,欧国联,阿塞拜疆 vs 立陶宛,,not reconstructed from future result,,,UNKNOWN,unknown,low,,PENDING_RESULT,,,
2026-10-04,2981577,V4,欧国联,阿塞拜疆 vs 立陶宛,,not reconstructed from future result,,,UNKNOWN,unknown,low,,PENDING_RESULT,2026-10-04T09:58:08.993953+08:00,5558e517cf71a5f44d78,B
2026-10-04,2981578,V3,欧国联,马耳他 vs 安道尔,,not reconstructed from future result,,,UNKNOWN,unknown,low,,PENDING_RESULT,,,
2026-10-04,2981578,V4,欧国联,马耳他 vs 安道尔,,not reconstructed from future result,,,UNKNOWN,unknown,low,,PENDING_RESULT,2026-10-04T09:58:08.993953+08:00,51a4242fdfb252cbf9c7,B
2026-10-04,2990283,V3,日职女乙,威蒂恩三重女足 vs 冈马白星女足,0-0,not reconstructed from future result,,,UNKNOWN,unknown,low,,PENDING_RESULT,,,
2026-10-04,2990283,V4,日职女乙,威蒂恩三重女足 vs 冈马白星女足,0-0,not reconstructed from future result,,,UNKNOWN,unknown,low,,PENDING_RESULT,2026-10-04T09:58:08.993953+08:00,461fcf4fec191f8d9407,A
2026-10-04,2990284,V3,日职女乙,吉备国际大学女足 vs 大和西芙德女足,0-0,not reconstructed from future result,,,UNKNOWN,unknown,low,,PENDING_RESULT,,,
2026-10-04,2990284,V4,日职女乙,吉备国际大学女足 vs 大和西芙德女足,0-0,not reconstructed from future result,,,UNKNOWN,unknown,low,,PENDING_RESULT,2026-10-04T09:58:08.993953+08:00,68dbabc74d6fc1922984,A
2026-10-04,2996493,V3,荷乙,芬洛 vs 罗达JC,,not reconstructed from future result,,,UNKNOWN,unknown,low,,PENDING_RESULT,2026-10-04T09:02:52+08:00,9ed499522ce70c68c784,可投
2026-10-04,2996493,V4,荷乙,芬洛 vs 罗达JC,,not reconstructed from future result,,,UNKNOWN,unknown,low,,PENDING_RESULT,2026-10-04T10:07:42.469190+08:00,202a1d23c3059bad14a8,N
2026-10-04,3000094,V3,日职乙,秋田蓝色闪电 vs 鸟栖沙岩,0-0,not reconstructed from future result,,,UNKNOWN,unknown,low,,PENDING_RESULT,2026-10-04T10:07:41+08:00,f575c87525d1e975604a,不投
2026-10-04,3000094,V4,日职乙,秋田蓝色闪电 vs 鸟栖沙岩,0-0,not reconstructed from future result,,,UNKNOWN,unknown,low,,PENDING_RESULT,2026-10-04T09:58:08.993953+08:00,8af93d15dff2c944689b,B
2026-10-04,3000096,V3,日职乙,札幌冈萨多 vs 磐城FC,0-0,not reconstructed from future result,,,UNKNOWN,unknown,low,,PENDING_RESULT,2026-10-04T10:07:41+08:00,dcdf56d75460f77b3530,不投
2026-10-04,3000096,V4,日职乙,札幌冈萨多 vs 磐城FC,0-0,not reconstructed from future result,,,UNKNOWN,unknown,low,,PENDING_RESULT,2026-10-04T09:58:08.993953+08:00,7760b28048c5f3a54045,C
2026-10-04,3000099,V3,日职乙,宫崎棒牛鸟 vs RB大宫松鼠,,not reconstructed from future result,,,UNKNOWN,unknown,low,,PENDING_RESULT,2026-10-04T09:02:52+08:00,0c12a3a9914652ce647f,可投
2026-10-04,3000099,V4,日职乙,宫崎棒牛鸟 vs RB大宫松鼠,,not reconstructed from future result,,,UNKNOWN,unknown,low,,PENDING_RESULT,2026-10-04T10:07:42.469190+08:00,df4e2090f60c35f09a95,N
2026-10-04,3000101,V3,日职乙,八户云罗里 vs 横滨FC,0-0,not reconstructed from future result,,,UNKNOWN,unknown,low,,PENDING_RESULT,2026-10-04T10:07:41+08:00,9a65ec346de3416ddca4,不投
2026-10-04,3000101,V4,日职乙,八户云罗里 vs 横滨FC,0-0,not reconstructed from future result,,,UNKNOWN,unknown,low,,PENDING_RESULT,2026-10-04T09:58:08.993953+08:00,7229e29acd11a473d64a,B
2026-10-04,3000102,V3,日职乙,仙台维加泰 vs 磐田喜悦,,not reconstructed from future result,,,UNKNOWN,unknown,low,,PENDING_RESULT,2026-10-04T10:07:41+08:00,781aca5e2e8452a931f8,不投
2026-10-04,3000102,V4,日职乙,仙台维加泰 vs 磐田喜悦,,not reconstructed from future result,,,UNKNOWN,unknown,low,,PENDING_RESULT,2026-10-04T09:58:08.993953+08:00,b8881f7ec20ccd370d2c,C
2026-10-04,3001204,V3,日职丙,鹿儿岛联 vs 福岛FC,,not reconstructed from future result,,,UNKNOWN,unknown,low,,PENDING_RESULT,2026-10-04T10:07:41+08:00,364a2f2d8b20354ca02b,不投
2026-10-04,3001204,V4,日职丙,鹿儿岛联 vs 福岛FC,,not reconstructed from future result,,,UNKNOWN,unknown,low,,PENDING_RESULT,2026-10-04T09:58:08.993953+08:00,f0b78143daf1d40adb11,C
2026-10-04,3001205,V3,日职丙,赞岐 vs 枥木SC,0-0,not reconstructed from future result,,,UNKNOWN,unknown,low,,PENDING_RESULT,2026-10-04T10:07:41+08:00,190b6c112ec8a9a759dd,不投
2026-10-04,3001205,V4,日职丙,赞岐 vs 枥木SC,0-0,not reconstructed from future result,,,UNKNOWN,unknown,low,,PENDING_RESULT,2026-10-04T09:58:08.993953+08:00,3c49dc763958e590a9e9,A
2026-10-04,3005586,V3,比女超,旧海弗莱鲁汶女足 vs 拉路维尔女足,,not reconstructed from future result,,,UNKNOWN,unknown,low,,PENDING_RESULT,,,
2026-10-04,3005586,V4,比女超,旧海弗莱鲁汶女足 vs 拉路维尔女足,,not reconstructed from future result,,,UNKNOWN,unknown,low,,PENDING_RESULT,2026-10-04T10:07:42.469190+08:00,846cb617fbb4afaf7e14,
2026-10-04,3005989,V3,斯亚乙,伊利利甲 vs ND贝尔廷齐,,not reconstructed from future result,,,UNKNOWN,unknown,low,,PENDING_RESULT,,,
2026-10-04,3005989,V4,斯亚乙,伊利利甲 vs ND贝尔廷齐,,not reconstructed from future result,,,UNKNOWN,unknown,low,,PENDING_RESULT,2026-10-04T10:07:42.469190+08:00,b549edff71c831c72acd,
2026-10-04,3005990,V3,斯亚乙,比斯特里察 vs 路达,,not reconstructed from future result,,,UNKNOWN,unknown,low,,PENDING_RESULT,,,
2026-10-04,3005990,V4,斯亚乙,比斯特里察 vs 路达,,not reconstructed from future result,,,UNKNOWN,unknown,low,,PENDING_RESULT,2026-10-04T10:07:42.469190+08:00,a44b59cf258f1fdc25da,
2026-10-04,3005992,V3,斯亚乙,拖里格拉瓦 vs 耶塞尼采,,not reconstructed from future result,,,UNKNOWN,unknown,low,,PENDING_RESULT,,,
2026-10-04,3005992,V4,斯亚乙,拖里格拉瓦 vs 耶塞尼采,,not reconstructed from future result,,,UNKNOWN,unknown,low,,PENDING_RESULT,2026-10-04T10:07:42.469190+08:00,d9f3bef61747075fe545,
2026-10-04,3006207,V3,黑山乙,贝雷尼 vs 耶汀斯特沃BP,,not reconstructed from future result,,,UNKNOWN,unknown,low,,PENDING_RESULT,,,
2026-10-04,3006207,V4,黑山乙,贝雷尼 vs 耶汀斯特沃BP,,not reconstructed from future result,,,UNKNOWN,unknown,low,,PENDING_RESULT,2026-10-04T10:07:42.469190+08:00,63d1fad8484e62b31635,
2026-10-04,3006210,V3,黑山乙,莫格伦 vs KOM朴高利卡,,not reconstructed from future result,,,UNKNOWN,unknown,low,,PENDING_RESULT,,,
2026-10-04,3006210,V4,黑山乙,莫格伦 vs KOM朴高利卡,,not reconstructed from future result,,,UNKNOWN,unknown,low,,PENDING_RESULT,2026-10-04T10:07:42.469190+08:00,27d92eea94677d253216,
2026-10-04,3006211,V3,黑山乙,泽塔 vs 格瑞巴吉,,not reconstructed from future result,,,UNKNOWN,unknown,low,,PENDING_RESULT,,,
2026-10-04,3006211,V4,黑山乙,泽塔 vs 格瑞巴吉,,not reconstructed from future result,,,UNKNOWN,unknown,low,,PENDING_RESULT,2026-10-04T10:07:42.469190+08:00,326f20a794952d7dc88c,
2026-10-04,3009390,V3,捷丙,艾德米拉布拉格 vs 多马日利采,,not reconstructed from future result,,,UNKNOWN,unknown,low,,PENDING_RESULT,2026-10-04T10:07:41+08:00,3eec1b9b7e51426352ca,不投
2026-10-04,3009390,V4,捷丙,艾德米拉布拉格 vs 多马日利采,,not reconstructed from future result,,,UNKNOWN,unknown,low,,PENDING_RESULT,2026-10-04T09:58:08.993953+08:00,c009c6e3b012edc64457,B
2026-10-04,3009391,V3,捷丙,布咸美恩斯1905B队 vs 皮斯克,,not reconstructed from future result,,,UNKNOWN,unknown,low,,PENDING_RESULT,2026-10-04T10:07:41+08:00,39bdf57c31f1ca5fab1e,不投
2026-10-04,3009391,V4,捷丙,布咸美恩斯1905B队 vs 皮斯克,,not reconstructed from future result,,,UNKNOWN,unknown,low,,PENDING_RESULT,2026-10-04T10:07:42.469190+08:00,b8fc2cdc184a99bdc43f,N
2026-10-04,3009396,V3,捷丙,布拉格斯拉维亚C队 vs 波夫塔维,,not reconstructed from future result,,,UNKNOWN,unknown,low,,PENDING_RESULT,2026-10-04T10:07:41+08:00,c82f1e8933d9e570c4f2,不投
2026-10-04,3009396,V4,捷丙,布拉格斯拉维亚C队 vs 波夫塔维,,not reconstructed from future result,,,UNKNOWN,unknown,low,,PENDING_RESULT,2026-10-04T09:58:08.993953+08:00,801b2880ceff768b73e8,B
2026-10-04,3009397,V3,捷丙,皮耳森B队 vs 杜卡拉B队,,not reconstructed from future result,,,UNKNOWN,unknown,low,,PENDING_RESULT,2026-10-04T10:07:41+08:00,72cf8a21d2cb323afef3,不投
2026-10-04,3009397,V4,捷丙,皮耳森B队 vs 杜卡拉B队,,not reconstructed from future result,,,UNKNOWN,unknown,low,,PENDING_RESULT,2026-10-04T09:58:08.993953+08:00,d10eb7e68bbbdcd31b83,B
2026-10-04,3009511,V3,捷丙,本纳特凯 vs 治鲁迪,,not reconstructed from future result,,,UNKNOWN,unknown,low,,PENDING_RESULT,2026-10-04T09:02:52+08:00,2ae2c55ed1950304356a,可投
2026-10-04,3009511,V4,捷丙,本纳特凯 vs 治鲁迪,,not reconstructed from future result,,,UNKNOWN,unknown,low,,PENDING_RESULT,2026-10-04T09:58:08.993953+08:00,fa0c47c298a771975b80,C
2026-10-04,3009512,V3,捷丙,索科尔布洛赞尼 vs 索史尔扎普,,not reconstructed from future result,,,UNKNOWN,unknown,low,,PENDING_RESULT,2026-10-04T10:07:41+08:00,ed57f057339d35b82be8,不投
2026-10-04,3009512,V4,捷丙,索科尔布洛赞尼 vs 索史尔扎普,,not reconstructed from future result,,,UNKNOWN,unknown,low,,PENDING_RESULT,2026-10-04T09:58:08.993953+08:00,4251d4ba4615aed76d1c,B
2026-10-04,3009513,V3,捷丙,泽尼特卡斯拉夫 vs 韦尔科哈姆雷,,not reconstructed from future result,,,UNKNOWN,unknown,low,,PENDING_RESULT,2026-10-04T10:07:41+08:00,3ef742cbe6a6b5c45989,不投
2026-10-04,3009513,V4,捷丙,泽尼特卡斯拉夫 vs 韦尔科哈姆雷,,not reconstructed from future result,,,UNKNOWN,unknown,low,,PENDING_RESULT,2026-10-04T09:58:08.993953+08:00,595694edc54383cd4a29,C
2026-10-04,3009514,V3,捷丙,贺拉戴克B队 vs 波利斯拉夫B队,,not reconstructed from future result,,,UNKNOWN,unknown,low,,PENDING_RESULT,2026-10-04T09:02:52+08:00,fd0d1f779784a043342b,不投
2026-10-04,3009514,V4,捷丙,贺拉戴克B队 vs 波利斯拉夫B队,,not reconstructed from future result,,,UNKNOWN,unknown,low,,PENDING_RESULT,2026-10-04T10:07:42.469190+08:00,ac7d05b7c27df3f53b5d,
2026-10-04,3009516,V3,捷丙,塔比历斯B队 vs 内拉托维斯,,not reconstructed from future result,,,UNKNOWN,unknown,low,,PENDING_RESULT,2026-10-04T10:07:41+08:00,da349276f19f82686479,不投
2026-10-04,3009516,V4,捷丙,塔比历斯B队 vs 内拉托维斯,,not reconstructed from future result,,,UNKNOWN,unknown,low,,PENDING_RESULT,2026-10-04T09:58:08.993953+08:00,d716ecb475ca06236a23,B
2026-10-04,3009517,V3,捷丙,渥恩斯多夫 vs 利巴域B队,,not reconstructed from future result,,,UNKNOWN,unknown,low,,PENDING_RESULT,2026-10-04T10:07:41+08:00,e8e29f046d9573a1a55f,不投
2026-10-04,3009517,V4,捷丙,渥恩斯多夫 vs 利巴域B队,,not reconstructed from future result,,,UNKNOWN,unknown,low,,PENDING_RESULT,2026-10-04T09:58:08.993953+08:00,66c3394ef09ce4aaa2a4,C
2026-10-04,3011295,V3,危地甲春,齐奥内斯交流会 vs 苏奇特佩基,,not reconstructed from future result,,,UNKNOWN,unknown,low,,PENDING_RESULT,,,
2026-10-04,3011295,V4,危地甲春,齐奥内斯交流会 vs 苏奇特佩基,,not reconstructed from future result,,,UNKNOWN,unknown,low,,PENDING_RESULT,2026-10-04T09:58:08.993953+08:00,ca24c50f8be10f898c48,B
2026-10-04,3011297,V3,危地甲春,瓜斯塔托亚 vs 奥罗拉,,not reconstructed from future result,,,UNKNOWN,unknown,low,,PENDING_RESULT,,,
2026-10-04,3011297,V4,危地甲春,瓜斯塔托亚 vs 奥罗拉,,not reconstructed from future result,,,UNKNOWN,unknown,low,,PENDING_RESULT,2026-10-04T09:58:08.993953+08:00,84c0885e8dc1b97dcc05,B
2026-10-04,3011613,V3,北爱超,FC宾高 vs 科尔雷恩,,not reconstructed from future result,,,UNKNOWN,unknown,low,,PENDING_RESULT,,,
2026-10-04,3011613,V4,北爱超,FC宾高 vs 科尔雷恩,,not reconstructed from future result,,,UNKNOWN,unknown,low,,PENDING_RESULT,2026-10-04T09:58:08.993953+08:00,0e753b08298a18cd83f9,B
2026-10-04,3011878,V3,哥伦甲秋,布卡拉曼加竞技 vs 巴兰基亚青年,,not reconstructed from future result,,,UNKNOWN,unknown,low,,PENDING_RESULT,,,
2026-10-04,3011878,V4,哥伦甲秋,布卡拉曼加竞技 vs 巴兰基亚青年,,not reconstructed from future result,,,UNKNOWN,unknown,low,,PENDING_RESULT,2026-10-04T09:58:08.993953+08:00,1c3cb15abac14f6dc1e4,B
2026-10-04,3011879,V3,哥伦甲秋,侨卡巴 vs 佩雷拉,,not reconstructed from future result,,,UNKNOWN,unknown,low,,PENDING_RESULT,2026-10-04T10:07:41+08:00,0f6f60708488a5b64c36,不投
2026-10-04,3011879,V4,哥伦甲秋,侨卡巴 vs 佩雷拉,,not reconstructed from future result,,,UNKNOWN,unknown,low,,PENDING_RESULT,2026-10-04T09:58:08.993953+08:00,e74d66423748ac0b7ee3,B
2026-10-04,3011882,V3,哥伦甲秋,帕斯托 vs 福塔雷绍查,,not reconstructed from future result,,,UNKNOWN,unknown,low,,PENDING_RESULT,2026-10-04T10:07:41+08:00,4a01aec5d48a0afccf7c,不投
2026-10-04,3011882,V4,哥伦甲秋,帕斯托 vs 福塔雷绍查,,not reconstructed from future result,,,UNKNOWN,unknown,low,,PENDING_RESULT,2026-10-04T09:58:08.993953+08:00,49fbfa7c7f04a24f83c2,B
2026-10-04,3011885,V3,哥伦甲秋,拉尼洛斯 vs 卡利美洲,,not reconstructed from future result,,,UNKNOWN,unknown,low,,PENDING_RESULT,2026-10-04T10:07:41+08:00,bf3453ecde512487b56e,不投
2026-10-04,3011885,V4,哥伦甲秋,拉尼洛斯 vs 卡利美洲,,not reconstructed from future result,,,UNKNOWN,unknown,low,,PENDING_RESULT,2026-10-04T09:58:08.993953+08:00,d14c988b602aaee4bd7f,B
2026-10-04,3012209,V3,哥伦乙秋,锡帕基拉老虎 vs 哥杜雷亚,,not reconstructed from future result,,,UNKNOWN,unknown,low,,PENDING_RESULT,2026-10-04T10:07:41+08:00,ea88c93dd8f2db20c6dc,不投
2026-10-04,3012209,V4,哥伦乙秋,锡帕基拉老虎 vs 哥杜雷亚,,not reconstructed from future result,,,UNKNOWN,unknown,low,,PENDING_RESULT,2026-10-04T10:07:42.469190+08:00,21e494cb80902ea4b33a,N
2026-10-04,3013105,V3,苏女超,凯尔特人女足 vs 斯巴顿斯女足,,not reconstructed from future result,,,UNKNOWN,unknown,low,,PENDING_RESULT,,,
2026-10-04,3013105,V4,苏女超,凯尔特人女足 vs 斯巴顿斯女足,,not reconstructed from future result,,,UNKNOWN,unknown,low,,PENDING_RESULT,2026-10-04T10:07:42.469190+08:00,eed08f0a077e74bfd0c2,
2026-10-04,3013106,V3,苏女超,希伯尼安女足 vs 赫斯女足,,not reconstructed from future result,,,UNKNOWN,unknown,low,,PENDING_RESULT,,,
2026-10-04,3013106,V4,苏女超,希伯尼安女足 vs 赫斯女足,,not reconstructed from future result,,,UNKNOWN,unknown,low,,PENDING_RESULT,2026-10-04T10:07:42.469190+08:00,9452724fd8121d8ab405,
2026-10-04,3013107,V3,苏女超,蒙特罗斯女足LFC vs 格拉斯哥城女足,,not reconstructed from future result,,,UNKNOWN,unknown,low,,PENDING_RESULT,,,
2026-10-04,3013107,V4,苏女超,蒙特罗斯女足LFC vs 格拉斯哥城女足,,not reconstructed from future result,,,UNKNOWN,unknown,low,,PENDING_RESULT,2026-10-04T10:07:42.469190+08:00,da4faf5408e4dca5948e,
2026-10-04,3013108,V3,苏女超,马瑟韦尔女足 vs 阿伯丁女足,,not reconstructed from future result,,,UNKNOWN,unknown,low,,PENDING_RESULT,,,
2026-10-04,3013108,V4,苏女超,马瑟韦尔女足 vs 阿伯丁女足,,not reconstructed from future result,,,UNKNOWN,unknown,low,,PENDING_RESULT,2026-10-04T10:07:42.469190+08:00,ed29f093f8c3f466509c,
2026-10-04,3013109,V3,苏女超,帕尔蒂克女足 vs 格拉斯哥流浪女足,,not reconstructed from future result,,,UNKNOWN,unknown,low,,PENDING_RESULT,,,
2026-10-04,3013109,V4,苏女超,帕尔蒂克女足 vs 格拉斯哥流浪女足,,not reconstructed from future result,,,UNKNOWN,unknown,low,,PENDING_RESULT,2026-10-04T10:07:42.469190+08:00,123c7868a0e77db46e50,
2026-10-04,3014102,V3,西乙,卡斯迪隆 vs 休达,,not reconstructed from future result,,,UNKNOWN,unknown,low,,PENDING_RESULT,2026-10-04T09:02:52+08:00,2f26eb832d6142a775f6,可投
2026-10-04,3014102,V4,西乙,卡斯迪隆 vs 休达,,not reconstructed from future result,,,UNKNOWN,unknown,low,,PENDING_RESULT,2026-10-04T09:58:08.993953+08:00,62ef9a7a815f7e6c376f,B
2026-10-04,3014105,V3,西乙,赫罗纳 vs 马洛卡,,not reconstructed from future result,,,UNKNOWN,unknown,low,,PENDING_RESULT,2026-10-04T10:07:41+08:00,7e13c88d317c3db15191,不投
2026-10-04,3014105,V4,西乙,赫罗纳 vs 马洛卡,,not reconstructed from future result,,,UNKNOWN,unknown,low,,PENDING_RESULT,2026-10-04T09:58:08.993953+08:00,723df91db561a23e78fb,B
2026-10-04,3014106,V3,西乙,拉斯帕尔马斯 vs 巴拉多利德,,not reconstructed from future result,,,UNKNOWN,unknown,low,,PENDING_RESULT,2026-10-04T10:07:41+08:00,43f472a12f5bf210c17c,不投
2026-10-04,3014106,V4,西乙,拉斯帕尔马斯 vs 巴拉多利德,,not reconstructed from future result,,,UNKNOWN,unknown,low,,PENDING_RESULT,2026-10-04T09:58:08.993953+08:00,0cd9d52d432568458447,B
2026-10-04,3014107,V3,西乙,皇家社会B队 vs 格拉纳达,,not reconstructed from future result,,,UNKNOWN,unknown,low,,PENDING_RESULT,2026-10-04T10:07:41+08:00,fc3d4019f140586a5e16,不投
2026-10-04,3014107,V4,西乙,皇家社会B队 vs 格拉纳达,,not reconstructed from future result,,,UNKNOWN,unknown,low,,PENDING_RESULT,2026-10-04T10:07:42.469190+08:00,2c0588a16b6b75059ca7,N
2026-10-04,3014108,V3,西乙,希洪竞技 vs 塞尔塔B队,,not reconstructed from future result,,,UNKNOWN,unknown,low,,PENDING_RESULT,2026-10-04T10:07:41+08:00,d4ef4b6afa74d46c7f7f,不投
2026-10-04,3014108,V4,西乙,希洪竞技 vs 塞尔塔B队,,not reconstructed from future result,,,UNKNOWN,unknown,low,,PENDING_RESULT,2026-10-04T09:58:08.993953+08:00,80d8d3a698a8e5e89796,B
2026-10-04,3014534,V3,西协甲,毕尔巴鄂竞技B队 vs 艾斯马度华,,not reconstructed from future result,,,UNKNOWN,unknown,low,,PENDING_RESULT,2026-10-04T10:07:41+08:00,0c915c35d8ceb68cf953,不投
2026-10-04,3014534,V4,西协甲,毕尔巴鄂竞技B队 vs 艾斯马度华,,not reconstructed from future result,,,UNKNOWN,unknown,low,,PENDING_RESULT,2026-10-04T09:58:08.993953+08:00,b735f387e2de7d0ab484,C
2026-10-04,3014537,V3,西协甲,梅里达AD vs 卡些连奴,,not reconstructed from future result,,,UNKNOWN,unknown,low,,PENDING_RESULT,2026-10-04T10:07:41+08:00,791378f3c86ba7a6d634,不投
2026-10-04,3014537,V4,西协甲,梅里达AD vs 卡些连奴,,not reconstructed from future result,,,UNKNOWN,unknown,low,,PENDING_RESULT,2026-10-04T10:07:42.469190+08:00,79f4ce0cb1a2b171bc66,N
2026-10-04,3014540,V3,西协甲,邦弗拉甸拿 vs 米兰德斯,,not reconstructed from future result,,,UNKNOWN,unknown,low,,PENDING_RESULT,2026-10-04T10:07:41+08:00,27326f9bbe5d74f4deff,不投
2026-10-04,3014540,V4,西协甲,邦弗拉甸拿 vs 米兰德斯,,not reconstructed from future result,,,UNKNOWN,unknown,low,,PENDING_RESULT,2026-10-04T10:07:42.469190+08:00,689d7127378062d40f60,N
2026-10-04,3014541,V3,西协甲,洛格朗尼斯 vs 拉科鲁尼亚B队,,not reconstructed from future result,,,UNKNOWN,unknown,low,,PENDING_RESULT,2026-10-04T10:07:41+08:00,7afeed77b72367e8cb37,不投
2026-10-04,3014541,V4,西协甲,洛格朗尼斯 vs 拉科鲁尼亚B队,,not reconstructed from future result,,,UNKNOWN,unknown,low,,PENDING_RESULT,2026-10-04T09:58:08.993953+08:00,381c2d4cf469f9128928,B
2026-10-04,3014543,V3,西协甲,萨莫拉 vs CD科瑞亚,,not reconstructed from future result,,,UNKNOWN,unknown,low,,PENDING_RESULT,2026-10-04T09:02:52+08:00,135144a467dc4a87b5e1,可投
2026-10-04,3014543,V4,西协甲,萨莫拉 vs CD科瑞亚,,not reconstructed from future result,,,UNKNOWN,unknown,low,,PENDING_RESULT,2026-10-04T09:58:08.993953+08:00,b1505fdc4c27dfa0a958,C
2026-10-04,3014915,V3,西协甲,艾基史拉斯 vs 瑞欧马加达宏达,,not reconstructed from future result,,,UNKNOWN,unknown,low,,PENDING_RESULT,2026-10-04T09:02:52+08:00,844e87ffc4b04af4ba9d,可投
2026-10-04,3014915,V4,西协甲,艾基史拉斯 vs 瑞欧马加达宏达,,not reconstructed from future result,,,UNKNOWN,unknown,low,,PENDING_RESULT,2026-10-04T09:58:08.993953+08:00,8f08c3ace70317e1d43b,C
2026-10-04,3014918,V3,西协甲,韦斯卡 vs CE欧罗巴,,not reconstructed from future result,,,UNKNOWN,unknown,low,,PENDING_RESULT,2026-10-04T10:07:41+08:00,96748f40e433d7805a7d,不投
2026-10-04,3014918,V4,西协甲,韦斯卡 vs CE欧罗巴,,not reconstructed from future result,,,UNKNOWN,unknown,low,,PENDING_RESULT,2026-10-04T09:58:08.993953+08:00,131e5dc67c3e05f11b2b,B
2026-10-04,3014919,V3,西协甲,穆尔西亚 vs 塔拉戈纳,,not reconstructed from future result,,,UNKNOWN,unknown,low,,PENDING_RESULT,2026-10-04T10:07:41+08:00,8b50b8164f943fbb641c,不投
2026-10-04,3014919,V4,西协甲,穆尔西亚 vs 塔拉戈纳,,not reconstructed from future result,,,UNKNOWN,unknown,low,,PENDING_RESULT,2026-10-04T09:58:08.993953+08:00,395110d87fbd86ece407,C
2026-10-04,3014922,V3,西协甲,比利亚雷亚尔B队 vs 伊维萨,,not reconstructed from future result,,,UNKNOWN,unknown,low,,PENDING_RESULT,2026-10-04T09:02:52+08:00,0541da65a7892a17c2f6,可投
2026-10-04,3014922,V4,西协甲,比利亚雷亚尔B队 vs 伊维萨,,not reconstructed from future result,,,UNKNOWN,unknown,low,,PENDING_RESULT,2026-10-04T09:58:08.993953+08:00,db98e991aa6ccb1d0d75,B
2026-10-04,3014923,V3,西协甲,萨拉戈萨 vs 特鲁埃尔,,not reconstructed from future result,,,UNKNOWN,unknown,low,,PENDING_RESULT,2026-10-04T10:07:41+08:00,d919847da3cde16bc3ba,不投
2026-10-04,3014923,V4,西协甲,萨拉戈萨 vs 特鲁埃尔,,not reconstructed from future result,,,UNKNOWN,unknown,low,,PENDING_RESULT,2026-10-04T09:58:08.993953+08:00,ebc5011c4ce8106dd610,B
2026-10-04,3015893,V3,西协乙3,巴利阿里 vs 珀布伦斯,,not reconstructed from future result,,,UNKNOWN,unknown,low,,PENDING_RESULT,,,
2026-10-04,3015893,V4,西协乙3,巴利阿里 vs 珀布伦斯,,not reconstructed from future result,,,UNKNOWN,unknown,low,,PENDING_RESULT,2026-10-04T09:58:08.993953+08:00,759809ee2fcc64c06f59,B
2026-10-04,3015894,V3,西协乙3,乌德卡斯特罗尼 vs 穆尔西亚城B队,,not reconstructed from future result,,,UNKNOWN,unknown,low,,PENDING_RESULT,,,
2026-10-04,3015894,V4,西协乙3,乌德卡斯特罗尼 vs 穆尔西亚城B队,,not reconstructed from future result,,,UNKNOWN,unknown,low,,PENDING_RESULT,2026-10-04T09:58:08.993953+08:00,fc4bf18de777b74fa586,B
2026-10-04,3015896,V3,西协乙3,英特城 vs 耶克拉诺,,not reconstructed from future result,,,UNKNOWN,unknown,low,,PENDING_RESULT,,,
2026-10-04,3015896,V4,西协乙3,英特城 vs 耶克拉诺,,not reconstructed from future result,,,UNKNOWN,unknown,low,,PENDING_RESULT,2026-10-04T09:58:08.993953+08:00,bcf48a613fec485f3c1d,B
2026-10-04,3015897,V3,西协乙3,皇家马洛卡B队 vs 艾高亚诺,,not reconstructed from future result,,,UNKNOWN,unknown,low,,PENDING_RESULT,,,
2026-10-04,3015897,V4,西协乙3,皇家马洛卡B队 vs 艾高亚诺,,not reconstructed from future result,,,UNKNOWN,unknown,low,,PENDING_RESULT,2026-10-04T09:58:08.993953+08:00,97a953bea4274ce64950,B
2026-10-04,3015898,V3,西协乙3,米涅拉 vs 拉奴西亚,,not reconstructed from future result,,,UNKNOWN,unknown,low,,PENDING_RESULT,,,
2026-10-04,3015898,V4,西协乙3,米涅拉 vs 拉奴西亚,,not reconstructed from future result,,,UNKNOWN,unknown,low,,PENDING_RESULT,2026-10-04T10:07:42.469190+08:00,d01ede9312f67432b3f7,N
2026-10-04,3015899,V3,西协乙3,奥瑞韦拉 vs 希叶扎,,not reconstructed from future result,,,UNKNOWN,unknown,low,,PENDING_RESULT,,,
2026-10-04,3015899,V4,西协乙3,奥瑞韦拉 vs 希叶扎,,not reconstructed from future result,,,UNKNOWN,unknown,low,,PENDING_RESULT,2026-10-04T10:07:42.469190+08:00,68c14fe22227b6cb8362,N
2026-10-04,3015901,V3,西协乙3,华伦西亚梅斯塔拉 vs 彭拿迪坡缇瓦,,not reconstructed from future result,,,UNKNOWN,unknown,low,,PENDING_RESULT,,,
2026-10-04,3015901,V4,西协乙3,华伦西亚梅斯塔拉 vs 彭拿迪坡缇瓦,,not reconstructed from future result,,,UNKNOWN,unknown,low,,PENDING_RESULT,2026-10-04T09:58:08.993953+08:00,cebb52e9e281cb39c9d0,B
2026-10-04,3017417,V3,荷女甲,迪加史卓普女足 vs 阿尔克马尔女足,,not reconstructed from future result,,,UNKNOWN,unknown,low,,PENDING_RESULT,,,
2026-10-04,3017417,V4,荷女甲,迪加史卓普女足 vs 阿尔克马尔女足,,not reconstructed from future result,,,UNKNOWN,unknown,low,,PENDING_RESULT,2026-10-04T10:07:42.469190+08:00,7cedb754e4d5e0d176c2,N
2026-10-04,3017418,V3,荷女甲,ADO海牙女足 vs PSV埃因霍温女足,,not reconstructed from future result,,,UNKNOWN,unknown,low,,PENDING_RESULT,,,
2026-10-04,3017418,V4,荷女甲,ADO海牙女足 vs PSV埃因霍温女足,,not reconstructed from future result,,,UNKNOWN,unknown,low,,PENDING_RESULT,2026-10-04T09:58:08.993953+08:00,12df68f2d03fac787de7,B
2026-10-04,3017419,V3,荷女甲,费耶诺德女足 vs 阿贾克斯女足,,not reconstructed from future result,,,UNKNOWN,unknown,low,,PENDING_RESULT,,,
2026-10-04,3017419,V4,荷女甲,费耶诺德女足 vs 阿贾克斯女足,,not reconstructed from future result,,,UNKNOWN,unknown,low,,PENDING_RESULT,2026-10-04T09:58:08.993953+08:00,0e4e1e206a6ea8c27f2b,B
2026-10-04,3017420,V3,荷女甲,施禾尼女足 vs 海伦芬女足,,not reconstructed from future result,,,UNKNOWN,unknown,low,,PENDING_RESULT,,,
2026-10-04,3017420,V4,荷女甲,施禾尼女足 vs 海伦芬女足,,not reconstructed from future result,,,UNKNOWN,unknown,low,,PENDING_RESULT,2026-10-04T10:07:42.469190+08:00,43852cd58e9a587a1a83,N
2026-10-04,3017421,V3,荷女甲,特温特女足 vs 乌德勒支女足,,not reconstructed from future result,,,UNKNOWN,unknown,low,,PENDING_RESULT,,,
2026-10-04,3017421,V4,荷女甲,特温特女足 vs 乌德勒支女足,,not reconstructed from future result,,,UNKNOWN,unknown,low,,PENDING_RESULT,2026-10-04T10:07:42.469190+08:00,38e82d772bf29e12f146,N
2026-10-04,3019770,V3,瑞士丙1,科夫拉纳 vs 锡永U21,,not reconstructed from future result,,,UNKNOWN,unknown,low,,PENDING_RESULT,,,
2026-10-04,3019770,V4,瑞士丙1,科夫拉纳 vs 锡永U21,,not reconstructed from future result,,,UNKNOWN,unknown,low,,PENDING_RESULT,2026-10-04T10:07:42.469190+08:00,e2a2bb3393767d2cac4c,
2026-10-04,3019776,V3,瑞士丙1,赛维特U21 vs 洛桑体育队U21,,not reconstructed from future result,,,UNKNOWN,unknown,low,,PENDING_RESULT,,,
2026-10-04,3019776,V4,瑞士丙1,赛维特U21 vs 洛桑体育队U21,,not reconstructed from future result,,,UNKNOWN,unknown,low,,PENDING_RESULT,2026-10-04T10:07:42.469190+08:00,f751ce3df720c01d0902,N
2026-10-04,3020344,V3,奥丙东,USV瓦尔特 vs 雷欧贝多夫,,not reconstructed from future result,,,UNKNOWN,unknown,low,,PENDING_RESULT,,,
2026-10-04,3020344,V4,奥丙东,USV瓦尔特 vs 雷欧贝多夫,,not reconstructed from future result,,,UNKNOWN,unknown,low,,PENDING_RESULT,2026-10-04T10:07:42.469190+08:00,15d354272873117f9545,N
2026-10-04,3020905,V3,丹麦乙,齐斯泰兹 vs 罗斯基德,,not reconstructed from future result,,,UNKNOWN,unknown,low,,PENDING_RESULT,2026-10-04T10:07:41+08:00,38717996e6188f5fcadd,不投
2026-10-04,3020905,V4,丹麦乙,齐斯泰兹 vs 罗斯基德,,not reconstructed from future result,,,UNKNOWN,unknown,low,,PENDING_RESULT,2026-10-04T09:58:08.993953+08:00,947f8107b943f7764134,B
2026-10-04,3022076,V3,俄甲,韦莱斯 vs 乌里扬诺夫斯克伏尔加,,not reconstructed from future result,,,UNKNOWN,unknown,low,,PENDING_RESULT,2026-10-04T09:02:52+08:00,4eedb73e584c31d9e761,不投
2026-10-04,3022076,V4,俄甲,韦莱斯 vs 乌里扬诺夫斯克伏尔加,,not reconstructed from future result,,,UNKNOWN,unknown,low,,PENDING_RESULT,2026-10-04T10:07:42.469190+08:00,7f45965c865b2910e7df,
2026-10-04,3022325,V3,奥丙西,禾顿斯B队 vs FC劳特拉赫,,not reconstructed from future result,,,UNKNOWN,unknown,low,,PENDING_RESULT,,,
2026-10-04,3022325,V4,奥丙西,禾顿斯B队 vs FC劳特拉赫,,not reconstructed from future result,,,UNKNOWN,unknown,low,,PENDING_RESULT,2026-10-04T10:07:42.469190+08:00,1cd8bd6bf5f7041195ae,
2026-10-04,3022562,V3,奥丙南,禾夫斯贝加业余队 vs 奥地利克拉根福,,not reconstructed from future result,,,UNKNOWN,unknown,low,,PENDING_RESULT,,,
2026-10-04,3022562,V4,奥丙南,禾夫斯贝加业余队 vs 奥地利克拉根福,,not reconstructed from future result,,,UNKNOWN,unknown,low,,PENDING_RESULT,2026-10-04T10:07:42.469190+08:00,850ae71b0b0c1484b684,
2026-10-04,3022849,V3,奥女甲,奥地利维也纳女足 vs 维也纳快速女足,,not reconstructed from future result,,,UNKNOWN,unknown,low,,PENDING_RESULT,,,
2026-10-04,3022849,V4,奥女甲,奥地利维也纳女足 vs 维也纳快速女足,,not reconstructed from future result,,,UNKNOWN,unknown,low,,PENDING_RESULT,2026-10-04T10:07:42.469190+08:00,b1225a8653980298755f,
2026-10-04,3022853,V3,奥女甲,圣珀尔滕女足 vs 格拉茨女足,,not reconstructed from future result,,,UNKNOWN,unknown,low,,PENDING_RESULT,,,
2026-10-04,3022853,V4,奥女甲,圣珀尔滕女足 vs 格拉茨女足,,not reconstructed from future result,,,UNKNOWN,unknown,low,,PENDING_RESULT,2026-10-04T10:07:42.469190+08:00,333163038f13463d355d,
2026-10-04,3023384,V3,波女超,华沙莱吉亚女足 vs UKS洛兹女足,,not reconstructed from future result,,,UNKNOWN,unknown,low,,PENDING_RESULT,,,
2026-10-04,3023384,V4,波女超,华沙莱吉亚女足 vs UKS洛兹女足,,not reconstructed from future result,,,UNKNOWN,unknown,low,,PENDING_RESULT,2026-10-04T10:07:42.469190+08:00,60e4ce0728b27b1a783a,
2026-10-04,3023385,V3,波女超,沙斯辛女足 vs 德比尔斯科女足,,not reconstructed from future result,,,UNKNOWN,unknown,low,,PENDING_RESULT,,,
2026-10-04,3023385,V4,波女超,沙斯辛女足 vs 德比尔斯科女足,,not reconstructed from future result,,,UNKNOWN,unknown,low,,PENDING_RESULT,2026-10-04T10:07:42.469190+08:00,89badf3093d2682e6b9e,
2026-10-04,3023386,V3,波女超,斯拉斯克女足 vs 索斯诺维茨女足,,not reconstructed from future result,,,UNKNOWN,unknown,low,,PENDING_RESULT,,,
2026-10-04,3023386,V4,波女超,斯拉斯克女足 vs 索斯诺维茨女足,,not reconstructed from future result,,,UNKNOWN,unknown,low,,PENDING_RESULT,2026-10-04T10:07:42.469190+08:00,9e1b53744a76f8de1869,
2026-10-04,3023387,V3,波女超,克拉科夫女足 vs 弗罗茨瓦夫女足,,not reconstructed from future result,,,UNKNOWN,unknown,low,,PENDING_RESULT,,,
2026-10-04,3023387,V4,波女超,克拉科夫女足 vs 弗罗茨瓦夫女足,,not reconstructed from future result,,,UNKNOWN,unknown,low,,PENDING_RESULT,2026-10-04T10:07:42.469190+08:00,0a83359e54998c60faa1,
2026-10-04,3024466,V3,墨西甲春,哥达拿查拉大学 vs 多拉多斯,,not reconstructed from future result,,,UNKNOWN,unknown,low,,PENDING_RESULT,,,
2026-10-04,3024466,V4,墨西甲春,哥达拿查拉大学 vs 多拉多斯,,not reconstructed from future result,,,UNKNOWN,unknown,low,,PENDING_RESULT,2026-10-04T10:07:42.469190+08:00,a4cfa73bba799a29513c,N
2026-10-04,3030514,V3,德女乙,门兴格拉德巴赫女足 vs 维多利亚柏林女足,,not reconstructed from future result,,,UNKNOWN,unknown,low,,PENDING_RESULT,,,
2026-10-04,3030514,V4,德女乙,门兴格拉德巴赫女足 vs 维多利亚柏林女足,,not reconstructed from future result,,,UNKNOWN,unknown,low,,PENDING_RESULT,2026-10-04T10:07:42.469190+08:00,6bf251f840635351cceb,
2026-10-04,3030515,V3,德女乙,科隆II女足 vs 安德尔纳女足,,not reconstructed from future result,,,UNKNOWN,unknown,low,,PENDING_RESULT,,,
2026-10-04,3030515,V4,德女乙,科隆II女足 vs 安德尔纳女足,,not reconstructed from future result,,,UNKNOWN,unknown,low,,PENDING_RESULT,2026-10-04T10:07:42.469190+08:00,459c9a84eb7ed37575d8,
2026-10-04,3030516,V3,德女乙,柏林赫塔女足 vs 霍芬海姆青年队女足,,not reconstructed from future result,,,UNKNOWN,unknown,low,,PENDING_RESULT,,,
2026-10-04,3030516,V4,德女乙,柏林赫塔女足 vs 霍芬海姆青年队女足,,not reconstructed from future result,,,UNKNOWN,unknown,low,,PENDING_RESULT,2026-10-04T10:07:42.469190+08:00,b1d3c9747f9f865a21aa,
2026-10-04,3030517,V3,德女乙,恩高斯达特女足 vs 波鸿女足,,not reconstructed from future result,,,UNKNOWN,unknown,low,,PENDING_RESULT,,,
2026-10-04,3030517,V4,德女乙,恩高斯达特女足 vs 波鸿女足,,not reconstructed from future result,,,UNKNOWN,unknown,low,,PENDING_RESULT,2026-10-04T10:07:42.469190+08:00,31e0bf8d2b85671c38c2,
2026-10-04,3030518,V3,德女乙,卡尔斯耶拿女足 vs SC桑德女足,,not reconstructed from future result,,,UNKNOWN,unknown,low,,PENDING_RESULT,,,
2026-10-04,3030518,V4,德女乙,卡尔斯耶拿女足 vs SC桑德女足,,not reconstructed from future result,,,UNKNOWN,unknown,low,,PENDING_RESULT,2026-10-04T10:07:42.469190+08:00,7b55fe70867a6ca43496,
2026-10-04,3030519,V3,德女乙,图尔宾女足 vs 法兰克福B队女足,,not reconstructed from future result,,,UNKNOWN,unknown,low,,PENDING_RESULT,,,
2026-10-04,3030519,V4,德女乙,图尔宾女足 vs 法兰克福B队女足,,not reconstructed from future result,,,UNKNOWN,unknown,low,,PENDING_RESULT,2026-10-04T10:07:42.469190+08:00,6621999a9126375330e4,
2026-10-04,3030520,V3,德女乙,埃森舍纳贝克女足 vs 梅彭女足,,not reconstructed from future result,,,UNKNOWN,unknown,low,,PENDING_RESULT,,,
2026-10-04,3030520,V4,德女乙,埃森舍纳贝克女足 vs 梅彭女足,,not reconstructed from future result,,,UNKNOWN,unknown,low,,PENDING_RESULT,2026-10-04T10:07:42.469190+08:00,9b6905ab3938bc6cf92d,
2026-10-04,3030683,V3,西丁,利尔达竞技 vs 坡巴拉马夫密,,not reconstructed from future result,,,UNKNOWN,unknown,low,,PENDING_RESULT,,,
2026-10-04,3030683,V4,西丁,利尔达竞技 vs 坡巴拉马夫密,,not reconstructed from future result,,,UNKNOWN,unknown,low,,PENDING_RESULT,2026-10-04T10:07:42.469190+08:00,05df1fb3f218252faa58,
2026-10-04,3030684,V3,西丁,切达约拉德尔瓦莱斯 vs 曼蒂诺,,not reconstructed from future result,,,UNKNOWN,unknown,low,,PENDING_RESULT,,,
2026-10-04,3030684,V4,西丁,切达约拉德尔瓦莱斯 vs 曼蒂诺,,not reconstructed from future result,,,UNKNOWN,unknown,low,,PENDING_RESULT,2026-10-04T10:07:42.469190+08:00,ef6f08eba2065ec82d61,N
2026-10-04,3030687,V3,西丁,豪斯彼得利特 vs 莫列鲁萨,,not reconstructed from future result,,,UNKNOWN,unknown,low,,PENDING_RESULT,,,
2026-10-04,3030687,V4,西丁,豪斯彼得利特 vs 莫列鲁萨,,not reconstructed from future result,,,UNKNOWN,unknown,low,,PENDING_RESULT,2026-10-04T09:58:08.993953+08:00,de2ebcc0053618d2993f,C
2026-10-04,3030688,V3,西丁,蒙塔尼萨 vs 莱斯卡拉,,not reconstructed from future result,,,UNKNOWN,unknown,low,,PENDING_RESULT,,,
2026-10-04,3030688,V4,西丁,蒙塔尼萨 vs 莱斯卡拉,,not reconstructed from future result,,,UNKNOWN,unknown,low,,PENDING_RESULT,2026-10-04T09:58:08.993953+08:00,f36df0321820cf43c888,C
2026-10-04,3030689,V3,西丁,圣克里斯托瓦尔 vs 格拉马,,not reconstructed from future result,,,UNKNOWN,unknown,low,,PENDING_RESULT,,,
2026-10-04,3030689,V4,西丁,圣克里斯托瓦尔 vs 格拉马,,not reconstructed from future result,,,UNKNOWN,unknown,low,,PENDING_RESULT,2026-10-04T09:58:08.993953+08:00,d28f1195d28ef14c5e66,C
2026-10-04,3030691,V3,西丁,比拉萨尔德马尔 vs CE优蹂帕B队,,not reconstructed from future result,,,UNKNOWN,unknown,low,,PENDING_RESULT,,,
2026-10-04,3030691,V4,西丁,比拉萨尔德马尔 vs CE优蹂帕B队,,not reconstructed from future result,,,UNKNOWN,unknown,low,,PENDING_RESULT,2026-10-04T10:07:42.469190+08:00,67483713b3c57f2965fc,N
2026-10-04,3031424,V3,俄乙A,阿兰尼亚瓦拉 vs 索科尔萨拉托夫,,not reconstructed from future result,,,UNKNOWN,unknown,low,,PENDING_RESULT,,,
2026-10-04,3031424,V4,俄乙A,阿兰尼亚瓦拉 vs 索科尔萨拉托夫,,not reconstructed from future result,,,UNKNOWN,unknown,low,,PENDING_RESULT,2026-10-04T10:07:42.469190+08:00,0e029eab6d5ce1cd4631,
2026-10-04,3031425,V3,俄乙A,符拉迪沃斯托克迪那摩 vs 阿斯特拉罕沃尔加,,not reconstructed from future result,,,UNKNOWN,unknown,low,,PENDING_RESULT,,,
2026-10-04,3031425,V4,俄乙A,符拉迪沃斯托克迪那摩 vs 阿斯特拉罕沃尔加,,not reconstructed from future result,,,UNKNOWN,unknown,low,,PENDING_RESULT,2026-10-04T10:07:42.469190+08:00,a54649f93dfbe19fd521,
2026-10-04,3031426,V3,俄乙A,马舒克KMV vs 基洛夫迪纳摩,,not reconstructed from future result,,,UNKNOWN,unknown,low,,PENDING_RESULT,,,
2026-10-04,3031426,V4,俄乙A,马舒克KMV vs 基洛夫迪纳摩,,not reconstructed from future result,,,UNKNOWN,unknown,low,,PENDING_RESULT,2026-10-04T10:07:42.469190+08:00,c7b3050d93aea4e9059e,
2026-10-04,3031427,V3,俄乙A,罗迪纳莫斯科B队 vs FK卡卢加,,not reconstructed from future result,,,UNKNOWN,unknown,low,,PENDING_RESULT,,,
2026-10-04,3031427,V4,俄乙A,罗迪纳莫斯科B队 vs FK卡卢加,,not reconstructed from future result,,,UNKNOWN,unknown,low,,PENDING_RESULT,2026-10-04T10:07:42.469190+08:00,74ffcc822e50f8c2b6db,
2026-10-04,3031428,V3,俄乙A,西伯尔 vs 布里安斯克迪纳摩,,not reconstructed from future result,,,UNKNOWN,unknown,low,,PENDING_RESULT,,,
2026-10-04,3031428,V4,俄乙A,西伯尔 vs 布里安斯克迪纳摩,,not reconstructed from future result,,,UNKNOWN,unknown,low,,PENDING_RESULT,2026-10-04T10:07:42.469190+08:00,be3a5e0db494030e0206,
2026-10-04,3032236,V3,土乙白,阿卡沙雷士邦 vs 安卡拉士邦,,not reconstructed from future result,,,UNKNOWN,unknown,low,,PENDING_RESULT,,,
2026-10-04,3032236,V4,土乙白,阿卡沙雷士邦 vs 安卡拉士邦,,not reconstructed from future result,,,UNKNOWN,unknown,low,,PENDING_RESULT,2026-10-04T10:07:42.469190+08:00,5350164fa5b24a648e6c,
2026-10-04,3032237,V3,土乙白,伊拉兹斯堡 vs 科鲁士邦,,not reconstructed from future result,,,UNKNOWN,unknown,low,,PENDING_RESULT,,,
2026-10-04,3032237,V4,土乙白,伊拉兹斯堡 vs 科鲁士邦,,not reconstructed from future result,,,UNKNOWN,unknown,low,,PENDING_RESULT,2026-10-04T10:07:42.469190+08:00,c119163e15e3a6d31ef9,
2026-10-04,3032241,V3,土乙白,加斯塔摩奴士邦 vs 乌特科伊,,not reconstructed from future result,,,UNKNOWN,unknown,low,,PENDING_RESULT,,,
2026-10-04,3032241,V4,土乙白,加斯塔摩奴士邦 vs 乌特科伊,,not reconstructed from future result,,,UNKNOWN,unknown,low,,PENDING_RESULT,2026-10-04T10:07:42.469190+08:00,8a88d2cd51da7d5a7cae,
2026-10-04,3034524,V3,英女北,打比郡女足 vs 西布朗维奇女足,,not reconstructed from future result,,,UNKNOWN,unknown,low,,PENDING_RESULT,,,
2026-10-04,3034524,V4,英女北,打比郡女足 vs 西布朗维奇女足,,not reconstructed from future result,,,UNKNOWN,unknown,low,,PENDING_RESULT,2026-10-04T10:07:42.469190+08:00,100bfdbcc81d1c127359,
2026-10-04,3034525,V3,英女北,侯城LFC女足 vs 鲍德米尔圣迈克尔斯女足,,not reconstructed from future result,,,UNKNOWN,unknown,low,,PENDING_RESULT,,,
2026-10-04,3034525,V4,英女北,侯城LFC女足 vs 鲍德米尔圣迈克尔斯女足,,not reconstructed from future result,,,UNKNOWN,unknown,low,,PENDING_RESULT,2026-10-04T10:07:42.469190+08:00,d910daabd04caf5d2e81,
2026-10-04,3034526,V3,英女北,拉夫伯勒闪电女足 vs 诺域治女足,,not reconstructed from future result,,,UNKNOWN,unknown,low,,PENDING_RESULT,,,
2026-10-04,3034526,V4,英女北,拉夫伯勒闪电女足 vs 诺域治女足,,not reconstructed from future result,,,UNKNOWN,unknown,low,,PENDING_RESULT,2026-10-04T10:07:42.469190+08:00,98301d8b05f44d5a163b,
2026-10-04,3034527,V3,英女北,米德尔斯堡女足 vs 彼德堡女足,,not reconstructed from future result,,,UNKNOWN,unknown,low,,PENDING_RESULT,,,
2026-10-04,3034527,V4,英女北,米德尔斯堡女足 vs 彼德堡女足,,not reconstructed from future result,,,UNKNOWN,unknown,low,,PENDING_RESULT,2026-10-04T10:07:42.469190+08:00,d5809819b07a4749500a,
2026-10-04,3034528,V3,英女北,拉格比女足 vs 利物浦菲德女足,,not reconstructed from future result,,,UNKNOWN,unknown,low,,PENDING_RESULT,,,
2026-10-04,3034528,V4,英女北,拉格比女足 vs 利物浦菲德女足,,not reconstructed from future result,,,UNKNOWN,unknown,low,,PENDING_RESULT,2026-10-04T10:07:42.469190+08:00,acf4b6bb0a904f3fe574,
2026-10-04,3034529,V3,英女北,斯托克城女足 vs 哈德斯菲尔德女足,,not reconstructed from future result,,,UNKNOWN,unknown,low,,PENDING_RESULT,,,
2026-10-04,3034529,V4,英女北,斯托克城女足 vs 哈德斯菲尔德女足,,not reconstructed from future result,,,UNKNOWN,unknown,low,,PENDING_RESULT,2026-10-04T10:07:42.469190+08:00,89e82741aef3a3727911,
2026-10-04,3034656,V3,英女南,般尼茅夫女足 vs 牛津联女足,,not reconstructed from future result,,,UNKNOWN,unknown,low,,PENDING_RESULT,,,
2026-10-04,3034656,V4,英女南,般尼茅夫女足 vs 牛津联女足,,not reconstructed from future result,,,UNKNOWN,unknown,low,,PENDING_RESULT,2026-10-04T10:07:42.469190+08:00,8d3620aeb8b0074b9b7c,
2026-10-04,3034657,V3,英女南,切尔滕汉姆女足 vs 哈斯塔联女足,,not reconstructed from future result,,,UNKNOWN,unknown,low,,PENDING_RESULT,,,
2026-10-04,3034657,V4,英女南,切尔滕汉姆女足 vs 哈斯塔联女足,,not reconstructed from future result,,,UNKNOWN,unknown,low,,PENDING_RESULT,2026-10-04T10:07:42.469190+08:00,fde509f5bef1037414c0,
2026-10-04,3034658,V3,英女南,富勒姆女足 vs 埃克塞特女足,,not reconstructed from future result,,,UNKNOWN,unknown,low,,PENDING_RESULT,,,
2026-10-04,3034658,V4,英女南,富勒姆女足 vs 埃克塞特女足,,not reconstructed from future result,,,UNKNOWN,unknown,low,,PENDING_RESULT,2026-10-04T10:07:42.469190+08:00,11d76c7aabba819d9293,
2026-10-04,3034659,V3,英女南,普利茅夫女足 vs 皇家贝德福德女足,,not reconstructed from future result,,,UNKNOWN,unknown,low,,PENDING_RESULT,,,
2026-10-04,3034659,V4,英女南,普利茅夫女足 vs 皇家贝德福德女足,,not reconstructed from future result,,,UNKNOWN,unknown,low,,PENDING_RESULT,2026-10-04T10:07:42.469190+08:00,985c5f4d675a13307736,
2026-10-04,3034660,V3,英女南,朴茨茅夫女足 vs 雷威斯女足,,not reconstructed from future result,,,UNKNOWN,unknown,low,,PENDING_RESULT,,,
2026-10-04,3034660,V4,英女南,朴茨茅夫女足 vs 雷威斯女足,,not reconstructed from future result,,,UNKNOWN,unknown,low,,PENDING_RESULT,2026-10-04T10:07:42.469190+08:00,5b9ad76521d9d5067720,
2026-10-04,3034661,V3,英女南,斯文登女足 vs AFC温布顿女足,,not reconstructed from future result,,,UNKNOWN,unknown,low,,PENDING_RESULT,,,
2026-10-04,3034661,V4,英女南,斯文登女足 vs AFC温布顿女足,,not reconstructed from future result,,,UNKNOWN,unknown,low,,PENDING_RESULT,2026-10-04T10:07:42.469190+08:00,9dd1797c43ced149711b,
2026-10-04,3034793,V3,德女联,纽伦堡女足 vs 霍芬海姆女足,,not reconstructed from future result,,,UNKNOWN,unknown,low,,PENDING_RESULT,,,
2026-10-04,3034793,V4,德女联,纽伦堡女足 vs 霍芬海姆女足,,not reconstructed from future result,,,UNKNOWN,unknown,low,,PENDING_RESULT,2026-10-04T09:58:08.993953+08:00,a41c126b9a0f552a9805,C
2026-10-04,3034798,V3,德女联,斯图加特女足 vs 柏林联女足,,not reconstructed from future result,,,UNKNOWN,unknown,low,,PENDING_RESULT,,,
2026-10-04,3034798,V4,德女联,斯图加特女足 vs 柏林联女足,,not reconstructed from future result,,,UNKNOWN,unknown,low,,PENDING_RESULT,2026-10-04T09:58:08.993953+08:00,06a579238dcf413d3d13,C
2026-10-04,3034799,V3,德女联,沃尔夫斯堡女足 vs 汉堡女足,,not reconstructed from future result,,,UNKNOWN,unknown,low,,PENDING_RESULT,,,
2026-10-04,3034799,V4,德女联,沃尔夫斯堡女足 vs 汉堡女足,,not reconstructed from future result,,,UNKNOWN,unknown,low,,PENDING_RESULT,2026-10-04T09:58:08.993953+08:00,255e4563bcbfa35348d9,C
2026-10-04,3035663,V3,乌克甲,罗姆内 vs 基督教体育,,not reconstructed from future result,,,UNKNOWN,unknown,low,,PENDING_RESULT,2026-10-04T10:07:41+08:00,8097b4e6096982437419,不投
2026-10-04,3035663,V4,乌克甲,罗姆内 vs 基督教体育,,not reconstructed from future result,,,UNKNOWN,unknown,low,,PENDING_RESULT,2026-10-04T09:58:08.993953+08:00,0a8c1cecc1aff7027e93,C
2026-10-04,3035665,V3,乌克甲,高华尤夫卡B队 vs 亚历山德里亚,,not reconstructed from future result,,,UNKNOWN,unknown,low,,PENDING_RESULT,2026-10-04T10:07:41+08:00,57f690ea7da3d1437acf,不投
2026-10-04,3035665,V4,乌克甲,高华尤夫卡B队 vs 亚历山德里亚,,not reconstructed from future result,,,UNKNOWN,unknown,low,,PENDING_RESULT,2026-10-04T09:58:08.993953+08:00,1226a91053cf9a5a6750,B
2026-10-04,3035666,V3,乌克甲,库利基夫 vs 普罗比霍洛登卡,,not reconstructed from future result,,,UNKNOWN,unknown,low,,PENDING_RESULT,2026-10-04T09:02:52+08:00,3efee3c3b96c95e4f048,不投
2026-10-04,3035666,V4,乌克甲,库利基夫 vs 普罗比霍洛登卡,,not reconstructed from future result,,,UNKNOWN,unknown,low,,PENDING_RESULT,2026-10-04T10:07:42.469190+08:00,2e545b5561e5088616f1,
2026-10-04,3035919,V3,波兰乙,莱茨纳 vs 霍吉尼赞卡,,not reconstructed from future result,,,UNKNOWN,unknown,low,,PENDING_RESULT,,,
2026-10-04,3035919,V4,波兰乙,莱茨纳 vs 霍吉尼赞卡,,not reconstructed from future result,,,UNKNOWN,unknown,low,,PENDING_RESULT,2026-10-04T10:07:42.469190+08:00,2f05b5ca6fa09d12bdc3,N
2026-10-04,3035922,V3,波兰乙,萨尼克 vs 斯塔沃拉,,not reconstructed from future result,,,UNKNOWN,unknown,low,,PENDING_RESULT,,,
2026-10-04,3035922,V4,波兰乙,萨尼克 vs 斯塔沃拉,,not reconstructed from future result,,,UNKNOWN,unknown,low,,PENDING_RESULT,2026-10-04T09:58:08.993953+08:00,9fc0a4df2ff906cdcec3,C
2026-10-04,3036078,V3,波兰乙,萨维斯沙 vs 格鲁达兹,,not reconstructed from future result,,,UNKNOWN,unknown,low,,PENDING_RESULT,,,
2026-10-04,3036078,V4,波兰乙,萨维斯沙 vs 格鲁达兹,,not reconstructed from future result,,,UNKNOWN,unknown,low,,PENDING_RESULT,2026-10-04T10:07:42.469190+08:00,a006a3fc905c19fa1b7a,
2026-10-04,3036210,V3,巴马甲秋,埃雷拉足球俱乐部 vs 阿利亚,,not reconstructed from future result,,,UNKNOWN,unknown,low,,PENDING_RESULT,,,
2026-10-04,3036210,V4,巴马甲秋,埃雷拉足球俱乐部 vs 阿利亚,,not reconstructed from future result,,,UNKNOWN,unknown,low,,PENDING_RESULT,2026-10-04T10:07:42.469190+08:00,f63487674bfb6c0ce968,
2026-10-04,3037936,V3,斯伐甲,阿特梅迪亚 vs 马尔泽尼斯,,not reconstructed from future result,,,UNKNOWN,unknown,low,,PENDING_RESULT,,,
2026-10-04,3037936,V4,斯伐甲,阿特梅迪亚 vs 马尔泽尼斯,,not reconstructed from future result,,,UNKNOWN,unknown,low,,PENDING_RESULT,2026-10-04T10:07:42.469190+08:00,8b522c62fd736114d0cf,
2026-10-04,3038452,V3,土乙红,阿达纳1954 vs 宾高尔,,not reconstructed from future result,,,UNKNOWN,unknown,low,,PENDING_RESULT,,,
2026-10-04,3038452,V4,土乙红,阿达纳1954 vs 宾高尔,,not reconstructed from future result,,,UNKNOWN,unknown,low,,PENDING_RESULT,2026-10-04T10:07:42.469190+08:00,717da2346205fa534e87,
2026-10-04,3038453,V3,土乙红,安卡拉古库 vs 伊尼高尔士邦,,not reconstructed from future result,,,UNKNOWN,unknown,low,,PENDING_RESULT,,,
2026-10-04,3038453,V4,土乙红,安卡拉古库 vs 伊尼高尔士邦,,not reconstructed from future result,,,UNKNOWN,unknown,low,,PENDING_RESULT,2026-10-04T10:07:42.469190+08:00,bb138653003e225331aa,
2026-10-04,3038455,V3,土乙红,伊斯肯德伦 vs 俄辛康士邦,,not reconstructed from future result,,,UNKNOWN,unknown,low,,PENDING_RESULT,,,
2026-10-04,3038455,V4,土乙红,伊斯肯德伦 vs 俄辛康士邦,,not reconstructed from future result,,,UNKNOWN,unknown,low,,PENDING_RESULT,2026-10-04T10:07:42.469190+08:00,71e76106651cc2ee17db,
2026-10-04,3038457,V3,土乙红,卡赫拉曼马拉什 vs 安卡拉德米斯堡,,not reconstructed from future result,,,UNKNOWN,unknown,low,,PENDING_RESULT,,,
2026-10-04,3038457,V4,土乙红,卡赫拉曼马拉什 vs 安卡拉德米斯堡,,not reconstructed from future result,,,UNKNOWN,unknown,low,,PENDING_RESULT,2026-10-04T10:07:42.469190+08:00,8d61e2090262bce9fcba,
2026-10-04,3038458,V3,土乙红,库塔艾士邦 vs 叶内奥都斯,,not reconstructed from future result,,,UNKNOWN,unknown,low,,PENDING_RESULT,,,
2026-10-04,3038458,V4,土乙红,库塔艾士邦 vs 叶内奥都斯,,not reconstructed from future result,,,UNKNOWN,unknown,low,,PENDING_RESULT,2026-10-04T10:07:42.469190+08:00,85a464057d44b9f0f85a,
2026-10-04,3039499,V3,波青联,波兹南莱赫青年队 vs 马特斯青年队,,not reconstructed from future result,,,UNKNOWN,unknown,low,,PENDING_RESULT,,,
2026-10-04,3039499,V4,波青联,波兹南莱赫青年队 vs 马特斯青年队,,not reconstructed from future result,,,UNKNOWN,unknown,low,,PENDING_RESULT,2026-10-04T10:07:42.469190+08:00,5aaff14fade7e230378b,
2026-10-04,3039500,V3,波青联,华沙普隆尼亚青年队 vs 历基亚U19,,not reconstructed from future result,,,UNKNOWN,unknown,low,,PENDING_RESULT,,,
2026-10-04,3039500,V4,波青联,华沙普隆尼亚青年队 vs 历基亚U19,,not reconstructed from future result,,,UNKNOWN,unknown,low,,PENDING_RESULT,2026-10-04T10:07:42.469190+08:00,7adee86556fe4b77d041,
2026-10-04,3039501,V3,波青联,斯塔泽舒夫青年队 vs 琴斯托霍瓦U18,,not reconstructed from future result,,,UNKNOWN,unknown,low,,PENDING_RESULT,,,
2026-10-04,3039501,V4,波青联,斯塔泽舒夫青年队 vs 琴斯托霍瓦U18,,not reconstructed from future result,,,UNKNOWN,unknown,low,,PENDING_RESULT,2026-10-04T10:07:42.469190+08:00,0d816bb3c44a2e6d2a2a,
2026-10-04,3040406,V3,丹女超,北西兰女足 vs 靴尔科治女足,,not reconstructed from future result,,,UNKNOWN,unknown,low,,PENDING_RESULT,,,
2026-10-04,3040406,V4,丹女超,北西兰女足 vs 靴尔科治女足,,not reconstructed from future result,,,UNKNOWN,unknown,low,,PENDING_RESULT,2026-10-04T09:58:08.993953+08:00,6ab87529cf631d41067a,B
2026-10-04,3040407,V3,丹女超,欧登塞女足 vs 约灵女足,,not reconstructed from future result,,,UNKNOWN,unknown,low,,PENDING_RESULT,,,
2026-10-04,3040407,V4,丹女超,欧登塞女足 vs 约灵女足,,not reconstructed from future result,,,UNKNOWN,unknown,low,,PENDING_RESULT,2026-10-04T09:58:08.993953+08:00,745dbf4a72b05f12140c,B
2026-10-04,3041934,V3,萨尔超春,萨卡特科卢卡 vs 利梅诺,,not reconstructed from future result,,,UNKNOWN,unknown,low,,PENDING_RESULT,,,
2026-10-04,3041934,V4,萨尔超春,萨卡特科卢卡 vs 利梅诺,,not reconstructed from future result,,,UNKNOWN,unknown,low,,PENDING_RESULT,2026-10-04T09:58:08.993953+08:00,5cd211aa278b90be6f3b,B
2026-10-04,3041935,V3,萨尔超春,国际FA vs 旧金山富尔特,,not reconstructed from future result,,,UNKNOWN,unknown,low,,PENDING_RESULT,,,
2026-10-04,3041935,V4,萨尔超春,国际FA vs 旧金山富尔特,,not reconstructed from future result,,,UNKNOWN,unknown,low,,PENDING_RESULT,2026-10-04T10:07:42.469190+08:00,7f51c8fa73d3ee27d05f,
2026-10-04,3041936,V3,萨尔超春,CD法斯 vs 印加阿鲁巴,,not reconstructed from future result,,,UNKNOWN,unknown,low,,PENDING_RESULT,,,
2026-10-04,3041936,V4,萨尔超春,CD法斯 vs 印加阿鲁巴,,not reconstructed from future result,,,UNKNOWN,unknown,low,,PENDING_RESULT,2026-10-04T09:58:08.993953+08:00,f010ce32ddb51104cab4,B
2026-10-04,3042384,V3,意女甲,AC米兰女足 vs 尤文图斯女足,,not reconstructed from future result,,,UNKNOWN,unknown,low,,PENDING_RESULT,,,
2026-10-04,3042384,V4,意女甲,AC米兰女足 vs 尤文图斯女足,,not reconstructed from future result,,,UNKNOWN,unknown,low,,PENDING_RESULT,2026-10-04T09:58:08.993953+08:00,2198038306432c2782ba,B
2026-10-04,3042386,V3,意女甲,FC科莫女足 vs 国际米兰女足,,not reconstructed from future result,,,UNKNOWN,unknown,low,,PENDING_RESULT,,,
2026-10-04,3042386,V4,意女甲,FC科莫女足 vs 国际米兰女足,,not reconstructed from future result,,,UNKNOWN,unknown,low,,PENDING_RESULT,2026-10-04T09:58:08.993953+08:00,23f99f64f93597a537d7,B
2026-10-04,3042388,V3,意女甲,拿玻里女足 vs 科莫女足,,not reconstructed from future result,,,UNKNOWN,unknown,low,,PENDING_RESULT,,,
2026-10-04,3042388,V4,意女甲,拿玻里女足 vs 科莫女足,,not reconstructed from future result,,,UNKNOWN,unknown,low,,PENDING_RESULT,2026-10-04T10:07:42.469190+08:00,f0c0e532a23583b742c2,N
2026-10-04,3043231,V3,捷丙,布尔诺B队 vs 布兰斯科,,not reconstructed from future result,,,UNKNOWN,unknown,low,,PENDING_RESULT,2026-10-04T10:07:41+08:00,1d717c11d04b03067521,不投
2026-10-04,3043231,V4,捷丙,布尔诺B队 vs 布兰斯科,,not reconstructed from future result,,,UNKNOWN,unknown,low,,PENDING_RESULT,2026-10-04T09:58:08.993953+08:00,85becddc99b527bf1a08,B
2026-10-04,3043232,V3,捷丙,卡尔维纳B队 vs 辛宁B队,,not reconstructed from future result,,,UNKNOWN,unknown,low,,PENDING_RESULT,2026-10-04T10:07:41+08:00,c24a2988d62c3ac7aa08,不投
2026-10-04,3043232,V4,捷丙,卡尔维纳B队 vs 辛宁B队,,not reconstructed from future result,,,UNKNOWN,unknown,low,,PENDING_RESULT,2026-10-04T10:07:42.469190+08:00,6dfb95df4b59af805467,N
2026-10-04,3043233,V3,捷丙,乌尼邱夫 vs 波兰卡,,not reconstructed from future result,,,UNKNOWN,unknown,low,,PENDING_RESULT,2026-10-04T10:07:41+08:00,a6f2f8ed09ee31721453,不投
2026-10-04,3043233,V4,捷丙,乌尼邱夫 vs 波兰卡,,not reconstructed from future result,,,UNKNOWN,unknown,low,,PENDING_RESULT,2026-10-04T09:58:08.993953+08:00,76ff6ea47713f43963a0,B
2026-10-04,3043402,V3,德地区北,HSC汉诺威 vs 舒宁根,,not reconstructed from future result,,,UNKNOWN,unknown,low,,PENDING_RESULT,,,
2026-10-04,3043402,V4,德地区北,HSC汉诺威 vs 舒宁根,,not reconstructed from future result,,,UNKNOWN,unknown,low,,PENDING_RESULT,2026-10-04T09:58:08.993953+08:00,ffa1f7593e8181ccff9a,C
2026-10-04,3043699,V3,德地区西,柏德博恩B队 vs 奥伯豪森,,not reconstructed from future result,,,UNKNOWN,unknown,low,,PENDING_RESULT,,,
2026-10-04,3043699,V4,德地区西,柏德博恩B队 vs 奥伯豪森,,not reconstructed from future result,,,UNKNOWN,unknown,low,,PENDING_RESULT,2026-10-04T10:07:42.469190+08:00,1614ada2b2747c2f8366,
2026-10-04,3043703,V3,德地区西,希根 vs 多蒙特业余队,,not reconstructed from future result,,,UNKNOWN,unknown,low,,PENDING_RESULT,,,
2026-10-04,3043703,V4,德地区西,希根 vs 多蒙特业余队,,not reconstructed from future result,,,UNKNOWN,unknown,low,,PENDING_RESULT,2026-10-04T10:07:42.469190+08:00,57053adf8ae89c037746,
2026-10-04,3044001,V3,瑞士乙,贝林佐纳 vs 苏黎世B队,,not reconstructed from future result,,,UNKNOWN,unknown,low,,PENDING_RESULT,,,
2026-10-04,3044001,V4,瑞士乙,贝林佐纳 vs 苏黎世B队,,not reconstructed from future result,,,UNKNOWN,unknown,low,,PENDING_RESULT,2026-10-04T10:07:42.469190+08:00,e676d953beaa84693a41,N
2026-10-04,3044287,V3,乌克乙,鲁克维尼基 vs 布拉茨拉夫文尼察,,not reconstructed from future result,,,UNKNOWN,unknown,low,,PENDING_RESULT,2026-10-04T09:02:52+08:00,4550f9aeb31d2201b074,不投
2026-10-04,3044287,V4,乌克乙,鲁克维尼基 vs 布拉茨拉夫文尼察,,not reconstructed from future result,,,UNKNOWN,unknown,low,,PENDING_RESULT,2026-10-04T10:07:42.469190+08:00,61e3a889207de6a3bacb,
2026-10-04,3045556,V3,湘超,岳阳队 vs 株洲队,,not reconstructed from future result,,,UNKNOWN,unknown,low,,PENDING_RESULT,,,
2026-10-04,3045556,V4,湘超,岳阳队 vs 株洲队,,not reconstructed from future result,,,UNKNOWN,unknown,low,,PENDING_RESULT,2026-10-04T10:07:42.469190+08:00,3cc92ad16c35ab2b0138,
2026-10-04,3045557,V3,湘超,永州队 vs 娄底队,,not reconstructed from future result,,,UNKNOWN,unknown,low,,PENDING_RESULT,,,
2026-10-04,3045557,V4,湘超,永州队 vs 娄底队,,not reconstructed from future result,,,UNKNOWN,unknown,low,,PENDING_RESULT,2026-10-04T10:07:42.469190+08:00,60300dbeb466c6c92040,
2026-10-04,3046050,V3,墨西女超春,尼卡沙女足 vs 克鲁兹女足,0-0,not reconstructed from future result,,,UNKNOWN,unknown,low,,PENDING_RESULT,,,
2026-10-04,3046050,V4,墨西女超春,尼卡沙女足 vs 克鲁兹女足,0-0,not reconstructed from future result,,,UNKNOWN,unknown,low,,PENDING_RESULT,2026-10-04T09:58:08.993953+08:00,25b9f66c03f64fb140a9,B
2026-10-04,3046051,V3,墨西女超春,瓜达拉哈拉女足 vs 华雷斯女足,,not reconstructed from future result,,,UNKNOWN,unknown,low,,PENDING_RESULT,,,
2026-10-04,3046051,V4,墨西女超春,瓜达拉哈拉女足 vs 华雷斯女足,,not reconstructed from future result,,,UNKNOWN,unknown,low,,PENDING_RESULT,2026-10-04T10:07:42.469190+08:00,12e0a5c806ec479b8bc0,N
2026-10-04,3046052,V3,墨西女超春,帕丘卡女足 vs 托卢卡女足,,not reconstructed from future result,,,UNKNOWN,unknown,low,,PENDING_RESULT,,,
2026-10-04,3046052,V4,墨西女超春,帕丘卡女足 vs 托卢卡女足,,not reconstructed from future result,,,UNKNOWN,unknown,low,,PENDING_RESULT,2026-10-04T10:07:42.469190+08:00,4ac772a537ce6491744a,N
2026-10-04,3046679,V3,瑞典丙降,弗兰斯塔 vs 斯图尔福什AIK,,not reconstructed from future result,,,UNKNOWN,unknown,low,,PENDING_RESULT,,,
2026-10-04,3046679,V4,瑞典丙降,弗兰斯塔 vs 斯图尔福什AIK,,not reconstructed from future result,,,UNKNOWN,unknown,low,,PENDING_RESULT,2026-10-04T10:07:42.469190+08:00,2a1766a231b7f45ae715,
2026-10-04,3048658,V3,西丁,巴可 vs 庞特贝德拉B队,,not reconstructed from future result,,,UNKNOWN,unknown,low,,PENDING_RESULT,,,
2026-10-04,3048658,V4,西丁,巴可 vs 庞特贝德拉B队,,not reconstructed from future result,,,UNKNOWN,unknown,low,,PENDING_RESULT,2026-10-04T10:07:42.469190+08:00,a24990709bb549e063ce,
2026-10-04,3048659,V3,西丁,伊斯塔登斯 vs 波若,,not reconstructed from future result,,,UNKNOWN,unknown,low,,PENDING_RESULT,,,
2026-10-04,3048659,V4,西丁,伊斯塔登斯 vs 波若,,not reconstructed from future result,,,UNKNOWN,unknown,low,,PENDING_RESULT,2026-10-04T10:07:42.469190+08:00,1f8c1f90dbed0402e3fe,
2026-10-04,3048660,V3,西丁,格兰朋那 vs 阿泰利科,,not reconstructed from future result,,,UNKNOWN,unknown,low,,PENDING_RESULT,,,
2026-10-04,3048660,V4,西丁,格兰朋那 vs 阿泰利科,,not reconstructed from future result,,,UNKNOWN,unknown,low,,PENDING_RESULT,2026-10-04T10:07:42.469190+08:00,b4f955fa06bbc2757bd1,
2026-10-04,3048661,V3,西丁,波多诺伏 vs 拉林,,not reconstructed from future result,,,UNKNOWN,unknown,low,,PENDING_RESULT,,,
2026-10-04,3048661,V4,西丁,波多诺伏 vs 拉林,,not reconstructed from future result,,,UNKNOWN,unknown,low,,PENDING_RESULT,2026-10-04T10:07:42.469190+08:00,dada859554258b26466b,
2026-10-04,3048663,V3,西丁,索摩扎斯 vs 施萃娜,,not reconstructed from future result,,,UNKNOWN,unknown,low,,PENDING_RESULT,,,
2026-10-04,3048663,V4,西丁,索摩扎斯 vs 施萃娜,,not reconstructed from future result,,,UNKNOWN,unknown,low,,PENDING_RESULT,2026-10-04T10:07:42.469190+08:00,58e05d47e2465faecc60,
2026-10-04,3048664,V3,西丁,维维罗 vs 奇迪戈,,not reconstructed from future result,,,UNKNOWN,unknown,low,,PENDING_RESULT,,,
2026-10-04,3048664,V4,西丁,维维罗 vs 奇迪戈,,not reconstructed from future result,,,UNKNOWN,unknown,low,,PENDING_RESULT,2026-10-04T10:07:42.469190+08:00,0dedcb72ea6949fd80d8,
2026-10-04,3050278,V3,塞尔甲,嘉沃伊万基卡 vs 波拉斯,,not reconstructed from future result,,,UNKNOWN,unknown,low,,PENDING_RESULT,,,
2026-10-04,3050278,V4,塞尔甲,嘉沃伊万基卡 vs 波拉斯,,not reconstructed from future result,,,UNKNOWN,unknown,low,,PENDING_RESULT,2026-10-04T10:07:42.469190+08:00,5178e67efb3683db2ad3,
2026-10-04,3050279,V3,塞尔甲,杰登斯渥 vs 杜博西卡,,not reconstructed from future result,,,UNKNOWN,unknown,low,,PENDING_RESULT,,,
2026-10-04,3050279,V4,塞尔甲,杰登斯渥 vs 杜博西卡,,not reconstructed from future result,,,UNKNOWN,unknown,low,,PENDING_RESULT,2026-10-04T10:07:42.469190+08:00,f66fbb04bd153ad661f7,
2026-10-04,3050282,V3,塞尔甲,萨博迪卡 vs 普罗莱特023,,not reconstructed from future result,,,UNKNOWN,unknown,low,,PENDING_RESULT,,,
2026-10-04,3050282,V4,塞尔甲,萨博迪卡 vs 普罗莱特023,,not reconstructed from future result,,,UNKNOWN,unknown,low,,PENDING_RESULT,2026-10-04T10:07:42.469190+08:00,0948b6e5a82db92c8a01,
2026-10-04,3050285,V3,塞尔甲,维尔沙克 vs FK梅塔拉卡,,not reconstructed from future result,,,UNKNOWN,unknown,low,,PENDING_RESULT,,,
2026-10-04,3050285,V4,塞尔甲,维尔沙克 vs FK梅塔拉卡,,not reconstructed from future result,,,UNKNOWN,unknown,low,,PENDING_RESULT,2026-10-04T10:07:42.469190+08:00,4e259911e29c1fb608df,
2026-10-04,3050571,V3,意丙,阿尔希欧蕾 vs 特伦托,,not reconstructed from future result,,,UNKNOWN,unknown,low,,PENDING_RESULT,2026-10-04T10:07:41+08:00,72b4b988dc11b465f2fe,不投
2026-10-04,3050571,V4,意丙,阿尔希欧蕾 vs 特伦托,,not reconstructed from future result,,,UNKNOWN,unknown,low,,PENDING_RESULT,2026-10-04T09:58:08.993953+08:00,b8e45c3ba27f3afb4ca0,B
2026-10-04,3050574,V3,意丙,多洛米蒂贝卢诺 vs 诺瓦拉,,not reconstructed from future result,,,UNKNOWN,unknown,low,,PENDING_RESULT,2026-10-04T10:07:41+08:00,d82fc4ea7c3a6dffee81,不投
2026-10-04,3050574,V4,意丙,多洛米蒂贝卢诺 vs 诺瓦拉,,not reconstructed from future result,,,UNKNOWN,unknown,low,,PENDING_RESULT,2026-10-04T10:07:42.469190+08:00,1c5c29b522426d304f66,N
2026-10-04,3050576,V3,意丙,祖云达斯U23 vs 隆美辛尼,,not reconstructed from future result,,,UNKNOWN,unknown,low,,PENDING_RESULT,,,
2026-10-04,3050576,V4,意丙,祖云达斯U23 vs 隆美辛尼,,not reconstructed from future result,,,UNKNOWN,unknown,low,,PENDING_RESULT,2026-10-04T10:07:42.469190+08:00,867a48898b4efc5e99f8,
2026-10-04,3050577,V3,意丙,莱科 vs 布雷西亚,,not reconstructed from future result,,,UNKNOWN,unknown,low,,PENDING_RESULT,2026-10-04T09:02:52+08:00,f936e30aed5a34c6ce3c,可投
2026-10-04,3050577,V4,意丙,莱科 vs 布雷西亚,,not reconstructed from future result,,,UNKNOWN,unknown,low,,PENDING_RESULT,2026-10-04T09:58:08.993953+08:00,0050934aee3a41426b5a,B
2026-10-04,3050580,V3,意丙,特雷维索 vs 吉安纳,,not reconstructed from future result,,,UNKNOWN,unknown,low,,PENDING_RESULT,2026-10-04T09:02:52+08:00,cff4c88bb7b1157526a1,可投
2026-10-04,3050580,V4,意丙,特雷维索 vs 吉安纳,,not reconstructed from future result,,,UNKNOWN,unknown,low,,PENDING_RESULT,2026-10-04T09:58:08.993953+08:00,0ab6ead17d89078c3651,B
2026-10-04,3050951,V3,意丙,亚特兰大U23 vs 比沙奴,,not reconstructed from future result,,,UNKNOWN,unknown,low,,PENDING_RESULT,,,
2026-10-04,3050951,V4,意丙,亚特兰大U23 vs 比沙奴,,not reconstructed from future result,,,UNKNOWN,unknown,low,,PENDING_RESULT,2026-10-04T10:07:42.469190+08:00,bfb8c1a78071572cf246,
2026-10-04,3050952,V3,意丙,坎伯巴索 vs 托里斯,,not reconstructed from future result,,,UNKNOWN,unknown,low,,PENDING_RESULT,2026-10-04T10:07:41+08:00,2e95702fcd75db8ed9fa,不投
2026-10-04,3050952,V4,意丙,坎伯巴索 vs 托里斯,,not reconstructed from future result,,,UNKNOWN,unknown,low,,PENDING_RESULT,2026-10-04T10:07:42.469190+08:00,9bd2120debeedb10faeb,N
2026-10-04,3050955,V3,意丙,圭多尼亚 vs 皮内托,,not reconstructed from future result,,,UNKNOWN,unknown,low,,PENDING_RESULT,2026-10-04T10:07:41+08:00,9161fc9d569edc4d899a,不投
2026-10-04,3050955,V4,意丙,圭多尼亚 vs 皮内托,,not reconstructed from future result,,,UNKNOWN,unknown,low,,PENDING_RESULT,2026-10-04T09:58:08.993953+08:00,2303447fd3abb931a972,B
2026-10-04,3050956,V3,意丙,拉蒂那 vs AS奥斯提亚马尔,,not reconstructed from future result,,,UNKNOWN,unknown,low,,PENDING_RESULT,2026-10-04T10:07:41+08:00,b6adb2b180a7b8d87215,不投
2026-10-04,3050956,V4,意丙,拉蒂那 vs AS奥斯提亚马尔,,not reconstructed from future result,,,UNKNOWN,unknown,low,,PENDING_RESULT,2026-10-04T10:07:42.469190+08:00,1d0dd874e620c74d61c5,N
2026-10-04,3050958,V3,意丙,皮阿尼斯 vs 拉维纳,,not reconstructed from future result,,,UNKNOWN,unknown,low,,PENDING_RESULT,2026-10-04T10:07:41+08:00,42393c9126747e37fa4a,不投
2026-10-04,3050958,V4,意丙,皮阿尼斯 vs 拉维纳,,not reconstructed from future result,,,UNKNOWN,unknown,low,,PENDING_RESULT,2026-10-04T09:58:08.993953+08:00,5129b3dd4bed523c8cf8,B
2026-10-04,3050959,V3,意丙,雷吉亚纳 vs 斯佩齐亚,,not reconstructed from future result,,,UNKNOWN,unknown,low,,PENDING_RESULT,2026-10-04T10:07:41+08:00,77cffeaa6799a23bfdaf,不投
2026-10-04,3050959,V4,意丙,雷吉亚纳 vs 斯佩齐亚,,not reconstructed from future result,,,UNKNOWN,unknown,low,,PENDING_RESULT,2026-10-04T10:07:42.469190+08:00,3b64f91d9ce493bf0f7b,N
2026-10-04,3051331,V3,意丙,切里尼奥拉 vs 阿尔塔穆拉,,not reconstructed from future result,,,UNKNOWN,unknown,low,,PENDING_RESULT,2026-10-04T10:07:41+08:00,f54c5c11db8fa7735ae4,不投
2026-10-04,3051331,V4,意丙,切里尼奥拉 vs 阿尔塔穆拉,,not reconstructed from future result,,,UNKNOWN,unknown,low,,PENDING_RESULT,2026-10-04T09:58:08.993953+08:00,9bfa30af71288225b991,B
2026-10-04,3051334,V3,意丙,科森扎 vs 福贾,,not reconstructed from future result,,,UNKNOWN,unknown,low,,PENDING_RESULT,2026-10-04T10:07:41+08:00,7c6716257d695d41b015,不投
2026-10-04,3051334,V4,意丙,科森扎 vs 福贾,,not reconstructed from future result,,,UNKNOWN,unknown,low,,PENDING_RESULT,2026-10-04T10:07:42.469190+08:00,82014c6f127c4a81c802,N
2026-10-04,3051338,V3,意丙,波坦察 vs AZ皮切尔诺,,not reconstructed from future result,,,UNKNOWN,unknown,low,,PENDING_RESULT,2026-10-04T10:07:41+08:00,3e748e0ece148e360db0,不投
2026-10-04,3051338,V4,意丙,波坦察 vs AZ皮切尔诺,,not reconstructed from future result,,,UNKNOWN,unknown,low,,PENDING_RESULT,2026-10-04T10:07:42.469190+08:00,d92ec3135ff3e8f68d09,N
2026-10-04,3051339,V3,意丙,萨勒尼塔纳 vs 巴里,,not reconstructed from future result,,,UNKNOWN,unknown,low,,PENDING_RESULT,2026-10-04T10:07:41+08:00,c16e2c11eace5d1e280c,不投
2026-10-04,3051339,V4,意丙,萨勒尼塔纳 vs 巴里,,not reconstructed from future result,,,UNKNOWN,unknown,low,,PENDING_RESULT,2026-10-04T10:07:42.469190+08:00,68ceb64560d579034182,N
2026-10-04,3051975,V3,英总女超,托特纳姆热刺女足 vs 伦敦城雌狮女足,,not reconstructed from future result,,,UNKNOWN,unknown,low,,PENDING_RESULT,,,
2026-10-04,3051975,V4,英总女超,托特纳姆热刺女足 vs 伦敦城雌狮女足,,not reconstructed from future result,,,UNKNOWN,unknown,low,,PENDING_RESULT,2026-10-04T10:07:42.469190+08:00,0bf4c339de8b18255322,N
2026-10-04,3051977,V3,英总女超,阿斯顿维拉女足 vs 水晶宫女足,,not reconstructed from future result,,,UNKNOWN,unknown,low,,PENDING_RESULT,,,
2026-10-04,3051977,V4,英总女超,阿斯顿维拉女足 vs 水晶宫女足,,not reconstructed from future result,,,UNKNOWN,unknown,low,,PENDING_RESULT,2026-10-04T09:58:08.993953+08:00,8c42289c0122ab38dc7d,B
2026-10-04,3051978,V3,英总女超,布莱顿女足 vs 查尔顿竞技女足,,not reconstructed from future result,,,UNKNOWN,unknown,low,,PENDING_RESULT,,,
2026-10-04,3051978,V4,英总女超,布莱顿女足 vs 查尔顿竞技女足,,not reconstructed from future result,,,UNKNOWN,unknown,low,,PENDING_RESULT,2026-10-04T09:58:08.993953+08:00,aedeb5daeb8a87ea7b72,B
2026-10-04,3051979,V3,英总女超,埃弗顿女足 vs 伯明翰城女足,,not reconstructed from future result,,,UNKNOWN,unknown,low,,PENDING_RESULT,,,
2026-10-04,3051979,V4,英总女超,埃弗顿女足 vs 伯明翰城女足,,not reconstructed from future result,,,UNKNOWN,unknown,low,,PENDING_RESULT,2026-10-04T09:58:08.993953+08:00,d4db6948abf618a83f44,C
2026-10-04,3051980,V3,英总女超,西汉姆联女足 vs 切尔西女足,,not reconstructed from future result,,,UNKNOWN,unknown,low,,PENDING_RESULT,,,
2026-10-04,3051980,V4,英总女超,西汉姆联女足 vs 切尔西女足,,not reconstructed from future result,,,UNKNOWN,unknown,low,,PENDING_RESULT,2026-10-04T09:58:08.993953+08:00,45a7fa195cb9c28de52e,B
2026-10-04,3051981,V3,英总女超,曼彻斯特城女足 vs 阿森纳女足,,not reconstructed from future result,,,UNKNOWN,unknown,low,,PENDING_RESULT,,,
2026-10-04,3051981,V4,英总女超,曼彻斯特城女足 vs 阿森纳女足,,not reconstructed from future result,,,UNKNOWN,unknown,low,,PENDING_RESULT,2026-10-04T10:07:42.469190+08:00,8ee12de842b2f24d78c2,N
2026-10-04,3052153,V3,英女冠,达勒姆女足 vs 纽卡斯尔联女足,,not reconstructed from future result,,,UNKNOWN,unknown,low,,PENDING_RESULT,,,
2026-10-04,3052153,V4,英女冠,达勒姆女足 vs 纽卡斯尔联女足,,not reconstructed from future result,,,UNKNOWN,unknown,low,,PENDING_RESULT,2026-10-04T09:58:08.993953+08:00,314fd340b96d35f531e7,C
2026-10-04,3052154,V3,英女冠,布里斯托学院女足 vs 修咸顿女足,,not reconstructed from future result,,,UNKNOWN,unknown,low,,PENDING_RESULT,,,
2026-10-04,3052154,V4,英女冠,布里斯托学院女足 vs 修咸顿女足,,not reconstructed from future result,,,UNKNOWN,unknown,low,,PENDING_RESULT,2026-10-04T09:58:08.993953+08:00,0d7ad473b496846e774b,C
2026-10-04,3052155,V3,英女冠,诺丁汉森林女足 vs 般尼女足,,not reconstructed from future result,,,UNKNOWN,unknown,low,,PENDING_RESULT,,,
2026-10-04,3052155,V4,英女冠,诺丁汉森林女足 vs 般尼女足,,not reconstructed from future result,,,UNKNOWN,unknown,low,,PENDING_RESULT,2026-10-04T10:07:42.469190+08:00,72053558c58e2e0303b7,N
2026-10-04,3052156,V3,英女冠,锡菲联女足 vs 叶士域治女足,,not reconstructed from future result,,,UNKNOWN,unknown,low,,PENDING_RESULT,,,
2026-10-04,3052156,V4,英女冠,锡菲联女足 vs 叶士域治女足,,not reconstructed from future result,,,UNKNOWN,unknown,low,,PENDING_RESULT,2026-10-04T09:58:08.993953+08:00,af5b3c4715c98d8ef1fc,C
2026-10-04,3052157,V3,英女冠,桑德兰女足 vs 莱切斯特城女足,,not reconstructed from future result,,,UNKNOWN,unknown,low,,PENDING_RESULT,,,
2026-10-04,3052157,V4,英女冠,桑德兰女足 vs 莱切斯特城女足,,not reconstructed from future result,,,UNKNOWN,unknown,low,,PENDING_RESULT,2026-10-04T10:07:42.469190+08:00,0f3f3ce8b56d79fb3dca,N
2026-10-04,3052158,V3,英女冠,狼队女足 vs 屈福特女足,,not reconstructed from future result,,,UNKNOWN,unknown,low,,PENDING_RESULT,,,
2026-10-04,3052158,V4,英女冠,狼队女足 vs 屈福特女足,,not reconstructed from future result,,,UNKNOWN,unknown,low,,PENDING_RESULT,2026-10-04T10:07:42.469190+08:00,3a3f6f5a3762e694912f,N
2026-10-04,3052959,V3,瑞女超,圣加仑女足 vs 塞尔维特女足,,not reconstructed from future result,,,UNKNOWN,unknown,low,,PENDING_RESULT,,,
2026-10-04,3052959,V4,瑞女超,圣加仑女足 vs 塞尔维特女足,,not reconstructed from future result,,,UNKNOWN,unknown,low,,PENDING_RESULT,2026-10-04T10:07:42.469190+08:00,0eafabf08c43eabf07af,
2026-10-04,3053933,V3,瑞士丙2,巴斯库尔 vs 杜安U21,,not reconstructed from future result,,,UNKNOWN,unknown,low,,PENDING_RESULT,,,
2026-10-04,3053933,V4,瑞士丙2,巴斯库尔 vs 杜安U21,,not reconstructed from future result,,,UNKNOWN,unknown,low,,PENDING_RESULT,2026-10-04T10:07:42.469190+08:00,47f4870dc4206883d929,
2026-10-04,3053934,V3,瑞士丙2,德勒蒙特 vs 草蜢U21,,not reconstructed from future result,,,UNKNOWN,unknown,low,,PENDING_RESULT,,,
2026-10-04,3053934,V4,瑞士丙2,德勒蒙特 vs 草蜢U21,,not reconstructed from future result,,,UNKNOWN,unknown,low,,PENDING_RESULT,2026-10-04T10:07:42.469190+08:00,9bde6600ea51246bd4e0,
2026-10-04,3054215,V3,法U19,克维伊U19 vs 里尔U19,,not reconstructed from future result,,,UNKNOWN,unknown,low,,PENDING_RESULT,,,
2026-10-04,3054215,V4,法U19,克维伊U19 vs 里尔U19,,not reconstructed from future result,,,UNKNOWN,unknown,low,,PENDING_RESULT,2026-10-04T10:07:42.469190+08:00,30949709ebda070c2ad1,
2026-10-04,3054217,V3,法U19,阿美恩斯U19 vs 勒瓦卢瓦竞技U19,,not reconstructed from future result,,,UNKNOWN,unknown,low,,PENDING_RESULT,,,
2026-10-04,3054217,V4,法U19,阿美恩斯U19 vs 勒瓦卢瓦竞技U19,,not reconstructed from future result,,,UNKNOWN,unknown,low,,PENDING_RESULT,2026-10-04T10:07:42.469190+08:00,2d24da67a3ce03f46fa6,
2026-10-04,3054218,V3,法U19,查尔特斯U19 vs 勒哈费尔U19,,not reconstructed from future result,,,UNKNOWN,unknown,low,,PENDING_RESULT,,,
2026-10-04,3054218,V4,法U19,查尔特斯U19 vs 勒哈费尔U19,,not reconstructed from future result,,,UNKNOWN,unknown,low,,PENDING_RESULT,2026-10-04T10:07:42.469190+08:00,3990288e6f3efa7e4f43,
2026-10-04,3054219,V3,法U19,维尔赛斯U19 vs 朗斯U19,,not reconstructed from future result,,,UNKNOWN,unknown,low,,PENDING_RESULT,,,
2026-10-04,3054219,V4,法U19,维尔赛斯U19 vs 朗斯U19,,not reconstructed from future result,,,UNKNOWN,unknown,low,,PENDING_RESULT,2026-10-04T10:07:42.469190+08:00,eebb0221064e4c93c769,
2026-10-04,3054221,V3,法U19,卢昂U19 vs 奥尔良U19,,not reconstructed from future result,,,UNKNOWN,unknown,low,,PENDING_RESULT,,,
2026-10-04,3054221,V4,法U19,卢昂U19 vs 奥尔良U19,,not reconstructed from future result,,,UNKNOWN,unknown,low,,PENDING_RESULT,2026-10-04T10:07:42.469190+08:00,7704d4deaa2214154e27,
2026-10-04,3054397,V3,法U19,梅斯U19 vs 索绍U19,,not reconstructed from future result,,,UNKNOWN,unknown,low,,PENDING_RESULT,,,
2026-10-04,3054397,V4,法U19,梅斯U19 vs 索绍U19,,not reconstructed from future result,,,UNKNOWN,unknown,low,,PENDING_RESULT,2026-10-04T10:07:42.469190+08:00,ac6a3199cfaa9270a13b,
2026-10-04,3054398,V3,法U19,里昂U19 vs 巴黎FCU19,,not reconstructed from future result,,,UNKNOWN,unknown,low,,PENDING_RESULT,,,
2026-10-04,3054398,V4,法U19,里昂U19 vs 巴黎FCU19,,not reconstructed from future result,,,UNKNOWN,unknown,low,,PENDING_RESULT,2026-10-04T10:07:42.469190+08:00,c8117a4cc11ae5778708,
2026-10-04,3054399,V3,法U19,克莱蒙特U19 vs 特鲁瓦U19,,not reconstructed from future result,,,UNKNOWN,unknown,low,,PENDING_RESULT,,,
2026-10-04,3054399,V4,法U19,克莱蒙特U19 vs 特鲁瓦U19,,not reconstructed from future result,,,UNKNOWN,unknown,low,,PENDING_RESULT,2026-10-04T10:07:42.469190+08:00,35650c3f9a39c2d4cb58,
2026-10-04,3054400,V3,法U19,蒙费梅伊U19 vs 蓬塔利耶U19,,not reconstructed from future result,,,UNKNOWN,unknown,low,,PENDING_RESULT,,,
2026-10-04,3054400,V4,法U19,蒙费梅伊U19 vs 蓬塔利耶U19,,not reconstructed from future result,,,UNKNOWN,unknown,low,,PENDING_RESULT,2026-10-04T10:07:42.469190+08:00,826c08fafed089f28789,
2026-10-04,3054401,V3,法U19,兰斯U19 vs 史特拉斯堡U19,,not reconstructed from future result,,,UNKNOWN,unknown,low,,PENDING_RESULT,,,
2026-10-04,3054401,V4,法U19,兰斯U19 vs 史特拉斯堡U19,,not reconstructed from future result,,,UNKNOWN,unknown,low,,PENDING_RESULT,2026-10-04T10:07:42.469190+08:00,e66102aed3090923d030,
2026-10-04,3054402,V3,法U19,南锡U19 vs 迪安U19,,not reconstructed from future result,,,UNKNOWN,unknown,low,,PENDING_RESULT,,,
2026-10-04,3054402,V4,法U19,南锡U19 vs 迪安U19,,not reconstructed from future result,,,UNKNOWN,unknown,low,,PENDING_RESULT,2026-10-04T10:07:42.469190+08:00,f7684e1e7e8a0c091293,
2026-10-04,3054403,V3,法U19,欧塞尔U19 vs 阿纳西U19,,not reconstructed from future result,,,UNKNOWN,unknown,low,,PENDING_RESULT,,,
2026-10-04,3054403,V4,法U19,欧塞尔U19 vs 阿纳西U19,,not reconstructed from future result,,,UNKNOWN,unknown,low,,PENDING_RESULT,2026-10-04T10:07:42.469190+08:00,1e6fb7025ca79b5cfe1e,
2026-10-04,3054579,V3,法U19,普特温U19 vs 博里奥庆U19,,not reconstructed from future result,,,UNKNOWN,unknown,low,,PENDING_RESULT,,,
2026-10-04,3054579,V4,法U19,普特温U19 vs 博里奥庆U19,,not reconstructed from future result,,,UNKNOWN,unknown,low,,PENDING_RESULT,2026-10-04T10:07:42.469190+08:00,28820ff42f81499e562b,
2026-10-04,3054580,V3,法U19,吉英坎U19 vs 罗连安特U19,,not reconstructed from future result,,,UNKNOWN,unknown,low,,PENDING_RESULT,,,
2026-10-04,3054580,V4,法U19,吉英坎U19 vs 罗连安特U19,,not reconstructed from future result,,,UNKNOWN,unknown,low,,PENDING_RESULT,2026-10-04T10:07:42.469190+08:00,59f3a7af8ea116755315,
2026-10-04,3054581,V3,法U19,昂热U19 vs 梅里尼卡斯U19,,not reconstructed from future result,,,UNKNOWN,unknown,low,,PENDING_RESULT,,,
2026-10-04,3054581,V4,法U19,昂热U19 vs 梅里尼卡斯U19,,not reconstructed from future result,,,UNKNOWN,unknown,low,,PENDING_RESULT,2026-10-04T10:07:42.469190+08:00,dd216924b21c2d941356,
2026-10-04,3054585,V3,法U19,雷尼斯U19 vs 博库泽U19,,not reconstructed from future result,,,UNKNOWN,unknown,low,,PENDING_RESULT,,,
2026-10-04,3054585,V4,法U19,雷尼斯U19 vs 博库泽U19,,not reconstructed from future result,,,UNKNOWN,unknown,low,,PENDING_RESULT,2026-10-04T10:07:42.469190+08:00,916520a16555bc14126b,
2026-10-04,3054762,V3,法U19,凯维加U19 vs 贝兹尔U19,,not reconstructed from future result,,,UNKNOWN,unknown,low,,PENDING_RESULT,,,
2026-10-04,3054762,V4,法U19,凯维加U19 vs 贝兹尔U19,,not reconstructed from future result,,,UNKNOWN,unknown,low,,PENDING_RESULT,2026-10-04T10:07:42.469190+08:00,43986a3032e5195c2382,
2026-10-04,3054764,V3,法U19,巴斯蒂亚U19 vs 科隆米尔斯U19,,not reconstructed from future result,,,UNKNOWN,unknown,low,,PENDING_RESULT,,,
2026-10-04,3054764,V4,法U19,巴斯蒂亚U19 vs 科隆米尔斯U19,,not reconstructed from future result,,,UNKNOWN,unknown,low,,PENDING_RESULT,2026-10-04T10:07:42.469190+08:00,1bf7a395ddedfff903b4,
2026-10-04,3054765,V3,法U19,圣伊天U19 vs 奈斯U19,,not reconstructed from future result,,,UNKNOWN,unknown,low,,PENDING_RESULT,,,
2026-10-04,3054765,V4,法U19,圣伊天U19 vs 奈斯U19,,not reconstructed from future result,,,UNKNOWN,unknown,low,,PENDING_RESULT,2026-10-04T10:07:42.469190+08:00,8a9518359189c9db5e3d,N
2026-10-04,3054766,V3,法U19,巴尔马U19 vs 蒙彼利埃U19,,not reconstructed from future result,,,UNKNOWN,unknown,low,,PENDING_RESULT,,,
2026-10-04,3054766,V4,法U19,巴尔马U19 vs 蒙彼利埃U19,,not reconstructed from future result,,,UNKNOWN,unknown,low,,PENDING_RESULT,2026-10-04T10:07:42.469190+08:00,6b5b427ed319be04e070,
2026-10-04,3054767,V3,法U19,马赛U19 vs 摩纳哥U19,,not reconstructed from future result,,,UNKNOWN,unknown,low,,PENDING_RESULT,,,
2026-10-04,3054767,V4,法U19,马赛U19 vs 摩纳哥U19,,not reconstructed from future result,,,UNKNOWN,unknown,low,,PENDING_RESULT,2026-10-04T10:07:42.469190+08:00,aa99de4ea269e9a38ae3,
2026-10-04,3055069,V3,西协乙1,博干蒂罗斯 vs 克鲁肖,,not reconstructed from future result,,,UNKNOWN,unknown,low,,PENDING_RESULT,,,
2026-10-04,3055069,V4,西协乙1,博干蒂罗斯 vs 克鲁肖,,not reconstructed from future result,,,UNKNOWN,unknown,low,,PENDING_RESULT,2026-10-04T10:07:42.469190+08:00,f33febea52c898ed2f16,N
2026-10-04,3055070,V3,西协乙1,甘普斯特拉 vs 皇家奥维耶多B队,,not reconstructed from future result,,,UNKNOWN,unknown,low,,PENDING_RESULT,,,
2026-10-04,3055070,V4,西协乙1,甘普斯特拉 vs 皇家奥维耶多B队,,not reconstructed from future result,,,UNKNOWN,unknown,low,,PENDING_RESULT,2026-10-04T10:07:42.469190+08:00,f01b9f0be1486e1fd4b3,N
2026-10-04,3055071,V3,西协乙1,格尼卡 vs 施斯达奥,,not reconstructed from future result,,,UNKNOWN,unknown,low,,PENDING_RESULT,,,
2026-10-04,3055071,V4,西协乙1,格尼卡 vs 施斯达奥,,not reconstructed from future result,,,UNKNOWN,unknown,low,,PENDING_RESULT,2026-10-04T10:07:42.469190+08:00,26b7743f750e6f58b312,N
2026-10-04,3055072,V3,西协乙1,奥尔伦斯 vs 阿罗萨,,not reconstructed from future result,,,UNKNOWN,unknown,low,,PENDING_RESULT,,,
2026-10-04,3055072,V4,西协乙1,奥尔伦斯 vs 阿罗萨,,not reconstructed from future result,,,UNKNOWN,unknown,low,,PENDING_RESULT,2026-10-04T10:07:42.469190+08:00,a0d8c44429ed0843659f,N
2026-10-04,3055862,V3,芬女超降,帕罗柯尔霍女足 vs HJS阿卡泰米阿女足,,not reconstructed from future result,,,UNKNOWN,unknown,low,,PENDING_RESULT,,,
2026-10-04,3055862,V4,芬女超降,帕罗柯尔霍女足 vs HJS阿卡泰米阿女足,,not reconstructed from future result,,,UNKNOWN,unknown,low,,PENDING_RESULT,2026-10-04T10:07:42.469190+08:00,2a0a9afabca818fdec8e,
2026-10-04,3055897,V3,芬女超冠,赫尔辛基女足 vs HPS 女足,,not reconstructed from future result,,,UNKNOWN,unknown,low,,PENDING_RESULT,,,
2026-10-04,3055897,V4,芬女超冠,赫尔辛基女足 vs HPS 女足,,not reconstructed from future result,,,UNKNOWN,unknown,low,,PENDING_RESULT,2026-10-04T10:07:42.469190+08:00,741270d827b2a6fcf9c2,
2026-10-04,3057193,V3,西女超,巴塞罗那女足 vs 皇家马德里女足,,not reconstructed from future result,,,UNKNOWN,unknown,low,,PENDING_RESULT,,,
2026-10-04,3057193,V4,西女超,巴塞罗那女足 vs 皇家马德里女足,,not reconstructed from future result,,,UNKNOWN,unknown,low,,PENDING_RESULT,2026-10-04T10:07:42.469190+08:00,36d364b1be121eecefe9,
2026-10-04,3057194,V3,西女超,格拉纳迪拉特内里费苏女足 vs 洛格罗尼奥女足,,not reconstructed from future result,,,UNKNOWN,unknown,low,,PENDING_RESULT,,,
2026-10-04,3057194,V4,西女超,格拉纳迪拉特内里费苏女足 vs 洛格罗尼奥女足,,not reconstructed from future result,,,UNKNOWN,unknown,low,,PENDING_RESULT,2026-10-04T10:07:42.469190+08:00,e73466e1ef2f700c7421,
2026-10-04,3057197,V3,西女超,格拉那达女足 vs 伊巴女足,,not reconstructed from future result,,,UNKNOWN,unknown,low,,PENDING_RESULT,,,
2026-10-04,3057197,V4,西女超,格拉那达女足 vs 伊巴女足,,not reconstructed from future result,,,UNKNOWN,unknown,low,,PENDING_RESULT,2026-10-04T10:07:42.469190+08:00,c67f621608c48d23e3dc,
2026-10-04,3057200,V3,西女超,华伦西亚女足 vs 皇家社会女足,,not reconstructed from future result,,,UNKNOWN,unknown,low,,PENDING_RESULT,,,
2026-10-04,3057200,V4,西女超,华伦西亚女足 vs 皇家社会女足,,not reconstructed from future result,,,UNKNOWN,unknown,low,,PENDING_RESULT,2026-10-04T10:07:42.469190+08:00,c09f46a33a0f6d488866,
2026-10-04,3058795,V3,布隆迪超,布马穆鲁 vs 弗拉博,,not reconstructed from future result,,,UNKNOWN,unknown,low,,PENDING_RESULT,,,
2026-10-04,3058795,V4,布隆迪超,布马穆鲁 vs 弗拉博,,not reconstructed from future result,,,UNKNOWN,unknown,low,,PENDING_RESULT,2026-10-04T10:07:42.469190+08:00,03b249d5b99728df096d,
2026-10-04,3058796,V3,布隆迪超,卡扬扎 vs 国际之星,,not reconstructed from future result,,,UNKNOWN,unknown,low,,PENDING_RESULT,,,
2026-10-04,3058796,V4,布隆迪超,卡扬扎 vs 国际之星,,not reconstructed from future result,,,UNKNOWN,unknown,low,,PENDING_RESULT,2026-10-04T10:07:42.469190+08:00,7e99868ef935dce92938,
2026-10-04,3058797,V3,布隆迪超,恩戈齐使者 vs 黑裤,,not reconstructed from future result,,,UNKNOWN,unknown,low,,PENDING_RESULT,,,
2026-10-04,3058797,V4,布隆迪超,恩戈齐使者 vs 黑裤,,not reconstructed from future result,,,UNKNOWN,unknown,low,,PENDING_RESULT,2026-10-04T10:07:42.469190+08:00,66c23c06efd09ab57101,
2026-10-04,3059801,V3,丹女甲,艾斯堡女足 vs 齐斯泰兹女足,,not reconstructed from future result,,,UNKNOWN,unknown,low,,PENDING_RESULT,,,
2026-10-04,3059801,V4,丹女甲,艾斯堡女足 vs 齐斯泰兹女足,,not reconstructed from future result,,,UNKNOWN,unknown,low,,PENDING_RESULT,2026-10-04T10:07:42.469190+08:00,57ade593d4eb217b0af6,
2026-10-04,3060001,V3,西丁,马利诺 vs UD帕尔亚斯,,not reconstructed from future result,,,UNKNOWN,unknown,low,,PENDING_RESULT,,,
2026-10-04,3060001,V4,西丁,马利诺 vs UD帕尔亚斯,,not reconstructed from future result,,,UNKNOWN,unknown,low,,PENDING_RESULT,2026-10-04T10:07:42.469190+08:00,96a21f98b59f4c7e77a7,
2026-10-04,3060007,V3,西丁,UD圣费尔南多 vs 埃斯特雷拉,,not reconstructed from future result,,,UNKNOWN,unknown,low,,PENDING_RESULT,,,
2026-10-04,3060007,V4,西丁,UD圣费尔南多 vs 埃斯特雷拉,,not reconstructed from future result,,,UNKNOWN,unknown,low,,PENDING_RESULT,2026-10-04T10:07:42.469190+08:00,06eea3ecb6f4eaf93dc7,
2026-10-04,3060307,V3,西丁,曼彻格城 vs 艾曼沙,,not reconstructed from future result,,,UNKNOWN,unknown,low,,PENDING_RESULT,,,
2026-10-04,3060307,V4,西丁,曼彻格城 vs 艾曼沙,,not reconstructed from future result,,,UNKNOWN,unknown,low,,PENDING_RESULT,2026-10-04T09:58:08.993953+08:00,b61684fb23948546b63a,C
2026-10-04,3060308,V3,西丁,巴拉索特飓风 vs AD圣克莱门特,,not reconstructed from future result,,,UNKNOWN,unknown,low,,PENDING_RESULT,,,
2026-10-04,3060308,V4,西丁,巴拉索特飓风 vs AD圣克莱门特,,not reconstructed from future result,,,UNKNOWN,unknown,low,,PENDING_RESULT,2026-10-04T10:07:42.469190+08:00,c50ce944925dafa9b372,
2026-10-04,3060312,V3,西丁,昆坦拿 vs 比利亚体育,,not reconstructed from future result,,,UNKNOWN,unknown,low,,PENDING_RESULT,,,
2026-10-04,3060312,V4,西丁,昆坦拿 vs 比利亚体育,,not reconstructed from future result,,,UNKNOWN,unknown,low,,PENDING_RESULT,2026-10-04T09:58:08.993953+08:00,3b645d605524869b5b04,C
2026-10-04,3060313,V3,西丁,索库埃利亚莫斯 vs CD瓜达拉哈拉B队,,not reconstructed from future result,,,UNKNOWN,unknown,low,,PENDING_RESULT,,,
2026-10-04,3060313,V4,西丁,索库埃利亚莫斯 vs CD瓜达拉哈拉B队,,not reconstructed from future result,,,UNKNOWN,unknown,low,,PENDING_RESULT,2026-10-04T10:07:42.469190+08:00,201e67ff074c0a3bee50,
2026-10-04,3060315,V3,西丁,维拉鲁比亚 vs CD托里霍斯,,not reconstructed from future result,,,UNKNOWN,unknown,low,,PENDING_RESULT,,,
2026-10-04,3060315,V4,西丁,维拉鲁比亚 vs CD托里霍斯,,not reconstructed from future result,,,UNKNOWN,unknown,low,,PENDING_RESULT,2026-10-04T10:07:42.469190+08:00,085d1ad0a655565b5ba7,
2026-10-04,3060613,V3,西丁,阿吉拉斯B队 vs 莫利嫩塞,,not reconstructed from future result,,,UNKNOWN,unknown,low,,PENDING_RESULT,,,
2026-10-04,3060613,V4,西丁,阿吉拉斯B队 vs 莫利嫩塞,,not reconstructed from future result,,,UNKNOWN,unknown,low,,PENDING_RESULT,2026-10-04T10:07:42.469190+08:00,f45dd1d83e9d43499936,
2026-10-04,3060614,V3,西丁,阿尔坎塔里拉 vs EF圣克鲁斯,,not reconstructed from future result,,,UNKNOWN,unknown,low,,PENDING_RESULT,,,
2026-10-04,3060614,V4,西丁,阿尔坎塔里拉 vs EF圣克鲁斯,,not reconstructed from future result,,,UNKNOWN,unknown,low,,PENDING_RESULT,2026-10-04T10:07:42.469190+08:00,669c3a1395b2719febb2,N
2026-10-04,3060615,V3,西丁,马里蒂莫体育 vs 布尔拉斯,,not reconstructed from future result,,,UNKNOWN,unknown,low,,PENDING_RESULT,,,
2026-10-04,3060615,V4,西丁,马里蒂莫体育 vs 布尔拉斯,,not reconstructed from future result,,,UNKNOWN,unknown,low,,PENDING_RESULT,2026-10-04T10:07:42.469190+08:00,5e2df6a04fac66784835,
2026-10-04,3060616,V3,西丁,科蒂拉斯 vs 巴拉阿佐,,not reconstructed from future result,,,UNKNOWN,unknown,low,,PENDING_RESULT,,,
2026-10-04,3060616,V4,西丁,科蒂拉斯 vs 巴拉阿佐,,not reconstructed from future result,,,UNKNOWN,unknown,low,,PENDING_RESULT,2026-10-04T10:07:42.469190+08:00,182a4b5fa1936b79b2f0,
2026-10-04,3060617,V3,西丁,卡泰真拿B队 vs CD阿尔嘉德,,not reconstructed from future result,,,UNKNOWN,unknown,low,,PENDING_RESULT,,,
2026-10-04,3060617,V4,西丁,卡泰真拿B队 vs CD阿尔嘉德,,not reconstructed from future result,,,UNKNOWN,unknown,low,,PENDING_RESULT,2026-10-04T09:58:08.993953+08:00,86e67aa6d37b6505ca7e,C
2026-10-04,3060618,V3,西丁,玛莎隆 vs SFC米勒娃,,not reconstructed from future result,,,UNKNOWN,unknown,low,,PENDING_RESULT,,,
2026-10-04,3060618,V4,西丁,玛莎隆 vs SFC米勒娃,,not reconstructed from future result,,,UNKNOWN,unknown,low,,PENDING_RESULT,2026-10-04T10:07:42.469190+08:00,ec765ea62d4da04fd5a4,
2026-10-04,3060619,V3,西丁,托塔纳 vs UCAM穆西亚B队,,not reconstructed from future result,,,UNKNOWN,unknown,low,,PENDING_RESULT,,,
2026-10-04,3060619,V4,西丁,托塔纳 vs UCAM穆西亚B队,,not reconstructed from future result,,,UNKNOWN,unknown,low,,PENDING_RESULT,2026-10-04T10:07:42.469190+08:00,a5bfcc08da9320eedffa,
2026-10-04,3060620,V3,西丁,AT普尔 vs 桑托梅拉,,not reconstructed from future result,,,UNKNOWN,unknown,low,,PENDING_RESULT,,,
2026-10-04,3060620,V4,西丁,AT普尔 vs 桑托梅拉,,not reconstructed from future result,,,UNKNOWN,unknown,low,,PENDING_RESULT,2026-10-04T10:07:42.469190+08:00,71eac357fe14d4ad0c01,
2026-10-04,3060621,V3,西丁,马尔梅诺尔圣哈维尔 vs UD洛杉矶加雷斯,,not reconstructed from future result,,,UNKNOWN,unknown,low,,PENDING_RESULT,,,
2026-10-04,3060621,V4,西丁,马尔梅诺尔圣哈维尔 vs UD洛杉矶加雷斯,,not reconstructed from future result,,,UNKNOWN,unknown,low,,PENDING_RESULT,2026-10-04T10:07:42.469190+08:00,e4ae5e601e60bbb3d12e,
2026-10-04,3061675,V3,玻利杯,圣荷西德奥罗 vs 布鲁明,,not reconstructed from future result,,,UNKNOWN,unknown,low,,PENDING_RESULT,2026-10-04T10:07:41+08:00,b9c67bd98d075b062c31,不投
2026-10-04,3061675,V4,玻利杯,圣荷西德奥罗 vs 布鲁明,,not reconstructed from future result,,,UNKNOWN,unknown,low,,PENDING_RESULT,2026-10-04T10:07:42.469190+08:00,c2684fe80d750381ba2a,N
2026-10-04,3061676,V3,玻利杯,瓜比拉 vs 奥利恩特,,not reconstructed from future result,,,UNKNOWN,unknown,low,,PENDING_RESULT,2026-10-04T10:07:41+08:00,ad34f68a7620f841ea11,不投
2026-10-04,3061676,V4,玻利杯,瓜比拉 vs 奥利恩特,,not reconstructed from future result,,,UNKNOWN,unknown,low,,PENDING_RESULT,2026-10-04T09:58:08.993953+08:00,d3951fa002e16a07c433,C
2026-10-04,3061677,V3,玻利杯,石油独立 vs 玻利瓦尔,,not reconstructed from future result,,,UNKNOWN,unknown,low,,PENDING_RESULT,2026-10-04T10:07:41+08:00,2922bab955db643cf1cb,不投
2026-10-04,3061677,V4,玻利杯,石油独立 vs 玻利瓦尔,,not reconstructed from future result,,,UNKNOWN,unknown,low,,PENDING_RESULT,2026-10-04T09:58:08.993953+08:00,617eb97c070bb0b3f3e2,B
2026-10-04,3061773,V3,西丁,阿姆迪瓦 vs CF卢卡,,not reconstructed from future result,,,UNKNOWN,unknown,low,,PENDING_RESULT,,,
2026-10-04,3061773,V4,西丁,阿姆迪瓦 vs CF卢卡,,not reconstructed from future result,,,UNKNOWN,unknown,low,,PENDING_RESULT,2026-10-04T10:07:42.469190+08:00,6eebc08697427b251ce6,
2026-10-04,3061774,V3,西丁,安道尔CF vs 艾甲,,not reconstructed from future result,,,UNKNOWN,unknown,low,,PENDING_RESULT,,,
2026-10-04,3061774,V4,西丁,安道尔CF vs 艾甲,,not reconstructed from future result,,,UNKNOWN,unknown,low,,PENDING_RESULT,2026-10-04T10:07:42.469190+08:00,7997379129fc74fe1076,
2026-10-04,3061775,V3,西丁,蒙松 vs 韦斯卡B队,,not reconstructed from future result,,,UNKNOWN,unknown,low,,PENDING_RESULT,,,
2026-10-04,3061775,V4,西丁,蒙松 vs 韦斯卡B队,,not reconstructed from future result,,,UNKNOWN,unknown,low,,PENDING_RESULT,2026-10-04T10:07:42.469190+08:00,65c4d6794aee12333243,
2026-10-04,3061776,V3,西丁,卡斯佩 vs 埃皮拉FC,,not reconstructed from future result,,,UNKNOWN,unknown,low,,PENDING_RESULT,,,
2026-10-04,3061776,V4,西丁,卡斯佩 vs 埃皮拉FC,,not reconstructed from future result,,,UNKNOWN,unknown,low,,PENDING_RESULT,2026-10-04T10:07:42.469190+08:00,b7725dcdfae262ba98b5,
2026-10-04,3061777,V3,西丁,谢塔莫 vs 贝尔奇特,,not reconstructed from future result,,,UNKNOWN,unknown,low,,PENDING_RESULT,,,
2026-10-04,3061777,V4,西丁,谢塔莫 vs 贝尔奇特,,not reconstructed from future result,,,UNKNOWN,unknown,low,,PENDING_RESULT,2026-10-04T10:07:42.469190+08:00,5561d56d557b543b0469,
2026-10-04,3061778,V3,西丁,弗拉加 vs 萨拉戈萨B队,,not reconstructed from future result,,,UNKNOWN,unknown,low,,PENDING_RESULT,,,
2026-10-04,3061778,V4,西丁,弗拉加 vs 萨拉戈萨B队,,not reconstructed from future result,,,UNKNOWN,unknown,low,,PENDING_RESULT,2026-10-04T10:07:42.469190+08:00,1a46e7a88f7cd31eaf4f,
2026-10-04,3061779,V3,西丁,阿尔穆尼亚 vs 卡阿特,,not reconstructed from future result,,,UNKNOWN,unknown,low,,PENDING_RESULT,,,
2026-10-04,3061779,V4,西丁,阿尔穆尼亚 vs 卡阿特,,not reconstructed from future result,,,UNKNOWN,unknown,low,,PENDING_RESULT,2026-10-04T10:07:42.469190+08:00,cf76482a4d02615e27b1,
2026-10-04,3061781,V3,西丁,塔马瑞特 vs 巴尔亚,,not reconstructed from future result,,,UNKNOWN,unknown,low,,PENDING_RESULT,,,
2026-10-04,3061781,V4,西丁,塔马瑞特 vs 巴尔亚,,not reconstructed from future result,,,UNKNOWN,unknown,low,,PENDING_RESULT,2026-10-04T10:07:42.469190+08:00,975ae31e7d47f7bb1d4e,
2026-10-04,3066750,V3,比业余,安海耶 vs 沙勒罗瓦B队,,not reconstructed from future result,,,UNKNOWN,unknown,low,,PENDING_RESULT,2026-10-04T10:07:41+08:00,66a10174c9c20c852ba5,不投
2026-10-04,3066750,V4,比业余,安海耶 vs 沙勒罗瓦B队,,not reconstructed from future result,,,UNKNOWN,unknown,low,,PENDING_RESULT,2026-10-04T10:07:42.469190+08:00,4a992a3752deda43e9df,N
2026-10-04,3066888,V3,比业余,皇家克诺克 vs 旧海弗莱鲁汶B队,,not reconstructed from future result,,,UNKNOWN,unknown,low,,PENDING_RESULT,2026-10-04T10:07:41+08:00,69ee626840cedeb4d0a9,不投
2026-10-04,3066888,V4,比业余,皇家克诺克 vs 旧海弗莱鲁汶B队,,not reconstructed from future result,,,UNKNOWN,unknown,low,,PENDING_RESULT,2026-10-04T10:07:42.469190+08:00,2018c740a853324cb219,N
2026-10-04,3066889,V3,比业余,蒂嫩 vs 梅勒尔贝克,,not reconstructed from future result,,,UNKNOWN,unknown,low,,PENDING_RESULT,2026-10-04T10:07:41+08:00,c8cdda71b53301887e54,不投
2026-10-04,3066889,V4,比业余,蒂嫩 vs 梅勒尔贝克,,not reconstructed from future result,,,UNKNOWN,unknown,low,,PENDING_RESULT,2026-10-04T10:07:42.469190+08:00,ec26b691205abf1e7ffd,N
2026-10-04,3070305,V3,比女甲,旧海弗莱鲁汶B队女足 vs 蒙斯女足,,not reconstructed from future result,,,UNKNOWN,unknown,low,,PENDING_RESULT,,,
2026-10-04,3070305,V4,比女甲,旧海弗莱鲁汶B队女足 vs 蒙斯女足,,not reconstructed from future result,,,UNKNOWN,unknown,low,,PENDING_RESULT,2026-10-04T10:07:42.469190+08:00,ed4096b64a90a1a70cc6,
2026-10-04,3070306,V3,比女甲,穆斯克龙女足 vs 维斯特洛女足,,not reconstructed from future result,,,UNKNOWN,unknown,low,,PENDING_RESULT,,,
2026-10-04,3070306,V4,比女甲,穆斯克龙女足 vs 维斯特洛女足,,not reconstructed from future result,,,UNKNOWN,unknown,low,,PENDING_RESULT,2026-10-04T10:07:42.469190+08:00,7cf69575fed8593fca1d,
2026-10-04,3071109,V3,日足联,冲绳SV vs 布瑞欧碧卡浦安,0-0,not reconstructed from future result,,,UNKNOWN,unknown,low,,PENDING_RESULT,,,
2026-10-04,3071109,V4,日足联,冲绳SV vs 布瑞欧碧卡浦安,0-0,not reconstructed from future result,,,UNKNOWN,unknown,low,,PENDING_RESULT,2026-10-04T09:58:08.993953+08:00,b0b692f039be92e02c7c,C
2026-10-04,3071110,V3,日足联,丸安冈崎 vs 润梅尔青森,0-0,not reconstructed from future result,,,UNKNOWN,unknown,low,,PENDING_RESULT,,,
2026-10-04,3071110,V4,日足联,丸安冈崎 vs 润梅尔青森,0-0,not reconstructed from future result,,,UNKNOWN,unknown,low,,PENDING_RESULT,2026-10-04T10:07:42.469190+08:00,8b7f744d5c13453472fa,N
2026-10-04,3071111,V3,日足联,J利斯 vs 平田町,0-0,not reconstructed from future result,,,UNKNOWN,unknown,low,,PENDING_RESULT,,,
2026-10-04,3071111,V4,日足联,J利斯 vs 平田町,0-0,not reconstructed from future result,,,UNKNOWN,unknown,low,,PENDING_RESULT,2026-10-04T10:07:42.469190+08:00,46b96d35360171a39c9b,N
2026-10-04,3071112,V3,日足联,横滨体育 vs 新宿创造,,not reconstructed from future result,,,UNKNOWN,unknown,low,,PENDING_RESULT,,,
2026-10-04,3071112,V4,日足联,横滨体育 vs 新宿创造,,not reconstructed from future result,,,UNKNOWN,unknown,low,,PENDING_RESULT,2026-10-04T10:07:42.469190+08:00,5d7b309632c9353668f5,N
2026-10-04,3073303,V3,墨西乙,塞拉亚 vs 贾奎斯,,not reconstructed from future result,,,UNKNOWN,unknown,low,,PENDING_RESULT,,,
2026-10-04,3073303,V4,墨西乙,塞拉亚 vs 贾奎斯,,not reconstructed from future result,,,UNKNOWN,unknown,low,,PENDING_RESULT,2026-10-04T10:07:42.469190+08:00,2076f01c8a1a9eba8760,
2026-10-04,3074339,V3,芬乙C降,TP-47托尔尼奥 vs 华渣高斯基,,not reconstructed from future result,,,UNKNOWN,unknown,low,,PENDING_RESULT,,,
2026-10-04,3074339,V4,芬乙C降,TP-47托尔尼奥 vs 华渣高斯基,,not reconstructed from future result,,,UNKNOWN,unknown,low,,PENDING_RESULT,2026-10-04T10:07:42.469190+08:00,827d6d2e31dc38762b17,N
2026-10-04,3075638,V3,法全乙,维米 vs 圣奥文奥蒙,,not reconstructed from future result,,,UNKNOWN,unknown,low,,PENDING_RESULT,,,
2026-10-04,3075638,V4,法全乙,维米 vs 圣奥文奥蒙,,not reconstructed from future result,,,UNKNOWN,unknown,low,,PENDING_RESULT,2026-10-04T10:07:42.469190+08:00,fca2e3918b50994b86f5,
2026-10-04,3075639,V3,法全乙,南锡B队 vs APM梅斯,,not reconstructed from future result,,,UNKNOWN,unknown,low,,PENDING_RESULT,,,
2026-10-04,3075639,V4,法全乙,南锡B队 vs APM梅斯,,not reconstructed from future result,,,UNKNOWN,unknown,low,,PENDING_RESULT,2026-10-04T10:07:42.469190+08:00,68a6f0ff967a24cdd5e7,
2026-10-04,3075641,V3,法全乙,史特拉斯堡B队 vs 索察B队,,not reconstructed from future result,,,UNKNOWN,unknown,low,,PENDING_RESULT,,,
2026-10-04,3075641,V4,法全乙,史特拉斯堡B队 vs 索察B队,,not reconstructed from future result,,,UNKNOWN,unknown,low,,PENDING_RESULT,2026-10-04T10:07:42.469190+08:00,8253762c1b28ef76aadf,
2026-10-04,3075643,V3,法全乙,曼德里厄 vs 维利法兰SJB,,not reconstructed from future result,,,UNKNOWN,unknown,low,,PENDING_RESULT,,,
2026-10-04,3075643,V4,法全乙,曼德里厄 vs 维利法兰SJB,,not reconstructed from future result,,,UNKNOWN,unknown,low,,PENDING_RESULT,2026-10-04T10:07:42.469190+08:00,f2ab41ccf6757e70abf7,
2026-10-04,3075644,V3,法全乙,LB沙托鲁B队 vs 圣吉纳维夫,,not reconstructed from future result,,,UNKNOWN,unknown,low,,PENDING_RESULT,,,
2026-10-04,3075644,V4,法全乙,LB沙托鲁B队 vs 圣吉纳维夫,,not reconstructed from future result,,,UNKNOWN,unknown,low,,PENDING_RESULT,2026-10-04T10:07:42.469190+08:00,b3478fe15e7f47e8e95b,
2026-10-04,3077264,V3,希腊甲,泰利普利斯B队 vs 卡迪沙斯,,not reconstructed from future result,,,UNKNOWN,unknown,low,,PENDING_RESULT,,,
2026-10-04,3077264,V4,希腊甲,泰利普利斯B队 vs 卡迪沙斯,,not reconstructed from future result,,,UNKNOWN,unknown,low,,PENDING_RESULT,2026-10-04T10:07:42.469190+08:00,0956be9d52b8a192dc21,N
2026-10-04,3077266,V3,希腊甲,萨坚索斯 vs 卡拉玛里亚斯,,not reconstructed from future result,,,UNKNOWN,unknown,low,,PENDING_RESULT,,,
2026-10-04,3077266,V4,希腊甲,萨坚索斯 vs 卡拉玛里亚斯,,not reconstructed from future result,,,UNKNOWN,unknown,low,,PENDING_RESULT,2026-10-04T10:07:42.469190+08:00,b09993152ff3034a9ca4,
2026-10-04,3077268,V3,希腊甲,皮尔戈斯 vs 帕尼奥尼奥斯,,not reconstructed from future result,,,UNKNOWN,unknown,low,,PENDING_RESULT,,,
2026-10-04,3077268,V4,希腊甲,皮尔戈斯 vs 帕尼奥尼奥斯,,not reconstructed from future result,,,UNKNOWN,unknown,low,,PENDING_RESULT,2026-10-04T09:58:08.993953+08:00,087f8587eca5927d3676,B
2026-10-04,3077269,V3,希腊甲,内斯托 vs 马尔科,,not reconstructed from future result,,,UNKNOWN,unknown,low,,PENDING_RESULT,,,
2026-10-04,3077269,V4,希腊甲,内斯托 vs 马尔科,,not reconstructed from future result,,,UNKNOWN,unknown,low,,PENDING_RESULT,2026-10-04T10:07:42.469190+08:00,53991ed2bfc85a5da328,
2026-10-04,3077270,V3,希腊甲,塞萨洛尼基B队 vs 赫拉斯锡鲁,,not reconstructed from future result,,,UNKNOWN,unknown,low,,PENDING_RESULT,,,
2026-10-04,3077270,V4,希腊甲,塞萨洛尼基B队 vs 赫拉斯锡鲁,,not reconstructed from future result,,,UNKNOWN,unknown,low,,PENDING_RESULT,2026-10-04T10:07:42.469190+08:00,0725f6e9044c966a403c,
2026-10-04,3077739,V3,西丁,埃拉维斯C队 vs 索杜沛,,not reconstructed from future result,,,UNKNOWN,unknown,low,,PENDING_RESULT,,,
2026-10-04,3077739,V4,西丁,埃拉维斯C队 vs 索杜沛,,not reconstructed from future result,,,UNKNOWN,unknown,low,,PENDING_RESULT,2026-10-04T10:07:42.469190+08:00,da873aed44398202f3bd,
2026-10-04,3077740,V3,西丁,艾慕瑞奥 vs 雷奥亚,,not reconstructed from future result,,,UNKNOWN,unknown,low,,PENDING_RESULT,,,
2026-10-04,3077740,V4,西丁,艾慕瑞奥 vs 雷奥亚,,not reconstructed from future result,,,UNKNOWN,unknown,low,,PENDING_RESULT,2026-10-04T10:07:42.469190+08:00,ad29a9e32a6bd801abde,
2026-10-04,3077742,V3,西丁,CD迪里奥 vs 比亚沙圣,,not reconstructed from future result,,,UNKNOWN,unknown,low,,PENDING_RESULT,,,
2026-10-04,3077742,V4,西丁,CD迪里奥 vs 比亚沙圣,,not reconstructed from future result,,,UNKNOWN,unknown,low,,PENDING_RESULT,2026-10-04T10:07:42.469190+08:00,aa8d2130837639c4a20b,
2026-10-04,3077743,V3,西丁,埃瓦尔C队 vs 皇家社会C队,,not reconstructed from future result,,,UNKNOWN,unknown,low,,PENDING_RESULT,,,
2026-10-04,3077743,V4,西丁,埃瓦尔C队 vs 皇家社会C队,,not reconstructed from future result,,,UNKNOWN,unknown,low,,PENDING_RESULT,2026-10-04T10:07:42.469190+08:00,d6a739ac07a58a6e1b60,
2026-10-04,3077746,V3,西丁,皇家联邦B队 vs 圣伊格纳西奥,,not reconstructed from future result,,,UNKNOWN,unknown,low,,PENDING_RESULT,,,
2026-10-04,3077746,V4,西丁,皇家联邦B队 vs 圣伊格纳西奥,,not reconstructed from future result,,,UNKNOWN,unknown,low,,PENDING_RESULT,2026-10-04T10:07:42.469190+08:00,fd3e233e028be813156e,
2026-10-04,3078070,V3,西丁,托瑞琼恩CF vs 阿达维联,,not reconstructed from future result,,,UNKNOWN,unknown,low,,PENDING_RESULT,,,
2026-10-04,3078070,V4,西丁,托瑞琼恩CF vs 阿达维联,,not reconstructed from future result,,,UNKNOWN,unknown,low,,PENDING_RESULT,2026-10-04T10:07:42.469190+08:00,0bc6cbaad501a0eb2fe3,
2026-10-04,3078071,V3,西丁,莫斯图勒士 vs 雷加利斯B队,,not reconstructed from future result,,,UNKNOWN,unknown,low,,PENDING_RESULT,,,
2026-10-04,3078071,V4,西丁,莫斯图勒士 vs 雷加利斯B队,,not reconstructed from future result,,,UNKNOWN,unknown,low,,PENDING_RESULT,2026-10-04T10:07:42.469190+08:00,532ddcb877759d070a17,
2026-10-04,3078072,V3,西丁,科罗尼亚莫斯卡多 vs 波卒埃洛,,not reconstructed from future result,,,UNKNOWN,unknown,low,,PENDING_RESULT,,,
2026-10-04,3078072,V4,西丁,科罗尼亚莫斯卡多 vs 波卒埃洛,,not reconstructed from future result,,,UNKNOWN,unknown,low,,PENDING_RESULT,2026-10-04T10:07:42.469190+08:00,98a57b43f968db1c8aa4,
2026-10-04,3078073,V3,西丁,富恩拉布雷达 vs 西耶洛,,not reconstructed from future result,,,UNKNOWN,unknown,low,,PENDING_RESULT,,,
2026-10-04,3078073,V4,西丁,富恩拉布雷达 vs 西耶洛,,not reconstructed from future result,,,UNKNOWN,unknown,low,,PENDING_RESULT,2026-10-04T10:07:42.469190+08:00,025548b3269081ea98b1,
2026-10-04,3078074,V3,西丁,CD 加拉帕加尔 vs 卡拉波苏埃洛,,not reconstructed from future result,,,UNKNOWN,unknown,low,,PENDING_RESULT,,,
2026-10-04,3078074,V4,西丁,CD 加拉帕加尔 vs 卡拉波苏埃洛,,not reconstructed from future result,,,UNKNOWN,unknown,low,,PENDING_RESULT,2026-10-04T09:58:08.993953+08:00,47afd9960a5636b81561,C
2026-10-04,3078076,V3,西丁,阿尔科文达斯 vs 华历简奴B队,,not reconstructed from future result,,,UNKNOWN,unknown,low,,PENDING_RESULT,,,
2026-10-04,3078076,V4,西丁,阿尔科文达斯 vs 华历简奴B队,,not reconstructed from future result,,,UNKNOWN,unknown,low,,PENDING_RESULT,2026-10-04T10:07:42.469190+08:00,cbcd9945d51ca2d8fe86,
2026-10-04,3078077,V3,西丁,圣瑟巴斯提安雷耶斯B队 vs 皇家阿安爵之,,not reconstructed from future result,,,UNKNOWN,unknown,low,,PENDING_RESULT,,,
2026-10-04,3078077,V4,西丁,圣瑟巴斯提安雷耶斯B队 vs 皇家阿安爵之,,not reconstructed from future result,,,UNKNOWN,unknown,low,,PENDING_RESULT,2026-10-04T10:07:42.469190+08:00,b9627dfa3841f2ad8f7c,
2026-10-04,3078078,V3,西丁,特里巴尔 vs 拉斯洛查斯,,not reconstructed from future result,,,UNKNOWN,unknown,low,,PENDING_RESULT,,,
2026-10-04,3078078,V4,西丁,特里巴尔 vs 拉斯洛查斯,,not reconstructed from future result,,,UNKNOWN,unknown,low,,PENDING_RESULT,2026-10-04T10:07:42.469190+08:00,671ba7e3f8cba634b561,N
2026-10-04,3078385,V3,西丁,伊比萨岛 vs 缚汶特拉,,not reconstructed from future result,,,UNKNOWN,unknown,low,,PENDING_RESULT,,,
2026-10-04,3078385,V4,西丁,伊比萨岛 vs 缚汶特拉,,not reconstructed from future result,,,UNKNOWN,unknown,low,,PENDING_RESULT,2026-10-04T09:58:08.993953+08:00,affb17456bee52fa6e28,C
2026-10-04,3078386,V3,西丁,波雷雷斯 vs 桑塔尼,,not reconstructed from future result,,,UNKNOWN,unknown,low,,PENDING_RESULT,,,
2026-10-04,3078386,V4,西丁,波雷雷斯 vs 桑塔尼,,not reconstructed from future result,,,UNKNOWN,unknown,low,,PENDING_RESULT,2026-10-04T10:07:42.469190+08:00,8629517ab9ef069707d6,N
2026-10-04,3078388,V3,西丁,CD卡达斯亚 vs 阿库迪亚,,not reconstructed from future result,,,UNKNOWN,unknown,low,,PENDING_RESULT,,,
2026-10-04,3078388,V4,西丁,CD卡达斯亚 vs 阿库迪亚,,not reconstructed from future result,,,UNKNOWN,unknown,low,,PENDING_RESULT,2026-10-04T10:07:42.469190+08:00,f262c03756b6f4f5e72b,
2026-10-04,3078391,V3,西丁,PE圣约尔迪 vs 伊维萨国际,,not reconstructed from future result,,,UNKNOWN,unknown,low,,PENDING_RESULT,,,
2026-10-04,3078391,V4,西丁,PE圣约尔迪 vs 伊维萨国际,,not reconstructed from future result,,,UNKNOWN,unknown,low,,PENDING_RESULT,2026-10-04T10:07:42.469190+08:00,0247b7ca859fd8e9797a,
2026-10-04,3078694,V3,西丁,卡斯特洛 vs 特罗佩松,,not reconstructed from future result,,,UNKNOWN,unknown,low,,PENDING_RESULT,,,
2026-10-04,3078694,V4,西丁,卡斯特洛 vs 特罗佩松,,not reconstructed from future result,,,UNKNOWN,unknown,low,,PENDING_RESULT,2026-10-04T10:07:42.469190+08:00,442d06548bbb242e44ba,
2026-10-04,3078697,V3,西丁,塞莱阿 vs CD纳华,,not reconstructed from future result,,,UNKNOWN,unknown,low,,PENDING_RESULT,,,
2026-10-04,3078697,V4,西丁,塞莱阿 vs CD纳华,,not reconstructed from future result,,,UNKNOWN,unknown,low,,PENDING_RESULT,2026-10-04T10:07:42.469190+08:00,f4e5b9d4b43066adc83f,
2026-10-04,3079011,V3,西丁,贝蒂加兹特 vs 多尼兹特贝,,not reconstructed from future result,,,UNKNOWN,unknown,low,,PENDING_RESULT,,,
2026-10-04,3079011,V4,西丁,贝蒂加兹特 vs 多尼兹特贝,,not reconstructed from future result,,,UNKNOWN,unknown,low,,PENDING_RESULT,2026-10-04T10:07:42.469190+08:00,b7e353b735578e97c234,
2026-10-04,3079014,V3,西丁,西尔波内罗 vs 木提维拉,,not reconstructed from future result,,,UNKNOWN,unknown,low,,PENDING_RESULT,,,
2026-10-04,3079014,V4,西丁,西尔波内罗 vs 木提维拉,,not reconstructed from future result,,,UNKNOWN,unknown,low,,PENDING_RESULT,2026-10-04T10:07:42.469190+08:00,1148f6f6bae093c3bf12,
2026-10-04,3079312,V3,西丁,马贝拉竞技 vs 特雷唐吉莫诺,,not reconstructed from future result,,,UNKNOWN,unknown,low,,PENDING_RESULT,,,
2026-10-04,3079312,V4,西丁,马贝拉竞技 vs 特雷唐吉莫诺,,not reconstructed from future result,,,UNKNOWN,unknown,low,,PENDING_RESULT,2026-10-04T10:07:42.469190+08:00,164f39463390e9a8db75,
2026-10-04,3079313,V3,西丁,波库纳竞技 vs 丘里亚纳,,not reconstructed from future result,,,UNKNOWN,unknown,low,,PENDING_RESULT,,,
2026-10-04,3079313,V4,西丁,波库纳竞技 vs 丘里亚纳,,not reconstructed from future result,,,UNKNOWN,unknown,low,,PENDING_RESULT,2026-10-04T10:07:42.469190+08:00,cd916b3ab734497a1d80,
2026-10-04,3079314,V3,西丁,唱诗班2017 vs 艾美利亚B队,,not reconstructed from future result,,,UNKNOWN,unknown,low,,PENDING_RESULT,,,
2026-10-04,3079314,V4,西丁,唱诗班2017 vs 艾美利亚B队,,not reconstructed from future result,,,UNKNOWN,unknown,low,,PENDING_RESULT,2026-10-04T10:07:42.469190+08:00,1a8761c7e9e06bb38d95,
2026-10-04,3079315,V3,西丁,奥利诺 vs 美利拉,,not reconstructed from future result,,,UNKNOWN,unknown,low,,PENDING_RESULT,,,
2026-10-04,3079315,V4,西丁,奥利诺 vs 美利拉,,not reconstructed from future result,,,UNKNOWN,unknown,low,,PENDING_RESULT,2026-10-04T10:07:42.469190+08:00,bb451339b2d5cc458c65,
2026-10-04,3079316,V3,西丁,CD休伊特 vs 拉曼恰竞技,,not reconstructed from future result,,,UNKNOWN,unknown,low,,PENDING_RESULT,,,
2026-10-04,3079316,V4,西丁,CD休伊特 vs 拉曼恰竞技,,not reconstructed from future result,,,UNKNOWN,unknown,low,,PENDING_RESULT,2026-10-04T10:07:42.469190+08:00,7409148473ccc9ac3ff3,
2026-10-04,3079318,V3,西丁,马拉加城 vs 马尔贝利,,not reconstructed from future result,,,UNKNOWN,unknown,low,,PENDING_RESULT,,,
2026-10-04,3079318,V4,西丁,马拉加城 vs 马尔贝利,,not reconstructed from future result,,,UNKNOWN,unknown,low,,PENDING_RESULT,2026-10-04T10:07:42.469190+08:00,56b427f99177065aa639,
2026-10-04,3079319,V3,西丁,托雷德尔马 vs 阿米拉竞技,,not reconstructed from future result,,,UNKNOWN,unknown,low,,PENDING_RESULT,,,
2026-10-04,3079319,V4,西丁,托雷德尔马 vs 阿米拉竞技,,not reconstructed from future result,,,UNKNOWN,unknown,low,,PENDING_RESULT,2026-10-04T10:07:42.469190+08:00,c64a2f92465c7b0f1b41,
2026-10-04,3079320,V3,西丁,圣佩德鲁 vs 莫特里尔,,not reconstructed from future result,,,UNKNOWN,unknown,low,,PENDING_RESULT,,,
2026-10-04,3079320,V4,西丁,圣佩德鲁 vs 莫特里尔,,not reconstructed from future result,,,UNKNOWN,unknown,low,,PENDING_RESULT,2026-10-04T10:07:42.469190+08:00,8d0d7bf4248924feef1f,
2026-10-04,3079618,V3,西丁,阿甘西洛 vs 维安纳斯,,not reconstructed from future result,,,UNKNOWN,unknown,low,,PENDING_RESULT,,,
2026-10-04,3079618,V4,西丁,阿甘西洛 vs 维安纳斯,,not reconstructed from future result,,,UNKNOWN,unknown,low,,PENDING_RESULT,2026-10-04T10:07:42.469190+08:00,10b64cc35aedff93acc4,
2026-10-04,3079619,V3,西丁,阿尔法罗 vs 卡拉贺拿,,not reconstructed from future result,,,UNKNOWN,unknown,low,,PENDING_RESULT,,,
2026-10-04,3079619,V4,西丁,阿尔法罗 vs 卡拉贺拿,,not reconstructed from future result,,,UNKNOWN,unknown,low,,PENDING_RESULT,2026-10-04T10:07:42.469190+08:00,3ae142c05f9a9fcbef3e,
2026-10-04,3079620,V3,西丁,卡拉桑西奥 vs 卡萨拉雷纳,,not reconstructed from future result,,,UNKNOWN,unknown,low,,PENDING_RESULT,,,
2026-10-04,3079620,V4,西丁,卡拉桑西奥 vs 卡萨拉雷纳,,not reconstructed from future result,,,UNKNOWN,unknown,low,,PENDING_RESULT,2026-10-04T10:07:42.469190+08:00,b9f90e267e6edeecfe4b,
2026-10-04,3079621,V3,西丁,拉卡扎达 vs 科米利亚斯,,not reconstructed from future result,,,UNKNOWN,unknown,low,,PENDING_RESULT,,,
2026-10-04,3079621,V4,西丁,拉卡扎达 vs 科米利亚斯,,not reconstructed from future result,,,UNKNOWN,unknown,low,,PENDING_RESULT,2026-10-04T09:58:08.993953+08:00,2b5607751a320a361a7a,C
2026-10-04,3079622,V3,西丁,哈罗拉科鲁尼亚 vs 安吉亚诺,,not reconstructed from future result,,,UNKNOWN,unknown,low,,PENDING_RESULT,,,
2026-10-04,3079622,V4,西丁,哈罗拉科鲁尼亚 vs 安吉亚诺,,not reconstructed from future result,,,UNKNOWN,unknown,low,,PENDING_RESULT,2026-10-04T10:07:42.469190+08:00,bf0cce39257f0be484ee,
2026-10-04,3079623,V3,西丁,奥恩沙 vs 瓦瑞,,not reconstructed from future result,,,UNKNOWN,unknown,low,,PENDING_RESULT,,,
2026-10-04,3079623,V4,西丁,奥恩沙 vs 瓦瑞,,not reconstructed from future result,,,UNKNOWN,unknown,low,,PENDING_RESULT,2026-10-04T10:07:42.469190+08:00,e36561d74f6a2e5d6cff,
2026-10-04,3079624,V3,西丁,普拉德洪 vs 贝赛欧,,not reconstructed from future result,,,UNKNOWN,unknown,low,,PENDING_RESULT,,,
2026-10-04,3079624,V4,西丁,普拉德洪 vs 贝赛欧,,not reconstructed from future result,,,UNKNOWN,unknown,low,,PENDING_RESULT,2026-10-04T10:07:42.469190+08:00,efa2435b5c22fd9c0f6c,
2026-10-04,3079625,V3,西丁,圣马西亚尔 vs 埃布罗河,,not reconstructed from future result,,,UNKNOWN,unknown,low,,PENDING_RESULT,,,
2026-10-04,3079625,V4,西丁,圣马西亚尔 vs 埃布罗河,,not reconstructed from future result,,,UNKNOWN,unknown,low,,PENDING_RESULT,2026-10-04T10:07:42.469190+08:00,c41f0e753fe1878b0570,
2026-10-04,3079930,V3,西丁,莱万特体育会 vs 克维伦特,,not reconstructed from future result,,,UNKNOWN,unknown,low,,PENDING_RESULT,,,
2026-10-04,3079930,V4,西丁,莱万特体育会 vs 克维伦特,,not reconstructed from future result,,,UNKNOWN,unknown,low,,PENDING_RESULT,2026-10-04T09:58:08.993953+08:00,7dd95df492bf50b34750,C
2026-10-04,3079932,V3,西丁,奥丁恩 vs 维拉利尔C队,,not reconstructed from future result,,,UNKNOWN,unknown,low,,PENDING_RESULT,,,
2026-10-04,3079932,V4,西丁,奥丁恩 vs 维拉利尔C队,,not reconstructed from future result,,,UNKNOWN,unknown,low,,PENDING_RESULT,2026-10-04T10:07:42.469190+08:00,1007628ff4ecdb565818,
2026-10-04,3079933,V3,西丁,萨古蒂诺 vs 尤铁尔,,not reconstructed from future result,,,UNKNOWN,unknown,low,,PENDING_RESULT,,,
2026-10-04,3079933,V4,西丁,萨古蒂诺 vs 尤铁尔,,not reconstructed from future result,,,UNKNOWN,unknown,low,,PENDING_RESULT,2026-10-04T10:07:42.469190+08:00,c4a7029e22b6cfd1d30e,
2026-10-04,3079934,V3,西丁,乌德瓦尔德乌索 vs 阿齐纳塔,,not reconstructed from future result,,,UNKNOWN,unknown,low,,PENDING_RESULT,,,
2026-10-04,3079934,V4,西丁,乌德瓦尔德乌索 vs 阿齐纳塔,,not reconstructed from future result,,,UNKNOWN,unknown,low,,PENDING_RESULT,2026-10-04T10:07:42.469190+08:00,1f02efd7c6dd3dcd5cd9,
2026-10-04,3079935,V3,西丁,CD布诺尔 vs 托伦CF,,not reconstructed from future result,,,UNKNOWN,unknown,low,,PENDING_RESULT,,,
2026-10-04,3079935,V4,西丁,CD布诺尔 vs 托伦CF,,not reconstructed from future result,,,UNKNOWN,unknown,low,,PENDING_RESULT,2026-10-04T10:07:42.469190+08:00,22f0bfb08627b0a04c58,
2026-10-04,3080237,V3,西丁,宾比贝 vs 拉维根德尔卡米诺,,not reconstructed from future result,,,UNKNOWN,unknown,low,,PENDING_RESULT,,,
2026-10-04,3080237,V4,西丁,宾比贝 vs 拉维根德尔卡米诺,,not reconstructed from future result,,,UNKNOWN,unknown,low,,PENDING_RESULT,2026-10-04T10:07:42.469190+08:00,bf40c0232df78ab39ca2,
2026-10-04,3080241,V3,西丁,克瑞斯图竞技 vs 尤尼恩斯塔斯CF B,,not reconstructed from future result,,,UNKNOWN,unknown,low,,PENDING_RESULT,,,
2026-10-04,3080241,V4,西丁,克瑞斯图竞技 vs 尤尼恩斯塔斯CF B,,not reconstructed from future result,,,UNKNOWN,unknown,low,,PENDING_RESULT,2026-10-04T09:58:08.993953+08:00,ee20a8d76b5fbe64ee50,C
2026-10-04,3080243,V3,西丁,圣塔玛塔 vs 祖皮特尔里昂斯B队,,not reconstructed from future result,,,UNKNOWN,unknown,low,,PENDING_RESULT,,,
2026-10-04,3080243,V4,西丁,圣塔玛塔 vs 祖皮特尔里昂斯B队,,not reconstructed from future result,,,UNKNOWN,unknown,low,,PENDING_RESULT,2026-10-04T10:07:42.469190+08:00,f6d24427cad40e9a38d3,
2026-10-04,3081081,V3,加纳超,阿杜亚纳 vs 斯韦德鲁全黑,,not reconstructed from future result,,,UNKNOWN,unknown,low,,PENDING_RESULT,,,
2026-10-04,3081081,V4,加纳超,阿杜亚纳 vs 斯韦德鲁全黑,,not reconstructed from future result,,,UNKNOWN,unknown,low,,PENDING_RESULT,2026-10-04T10:07:42.469190+08:00,f5115fd91425ebad5bf7,
2026-10-04,3081083,V3,加纳超,德比比联合 vs 梅德亚马,,not reconstructed from future result,,,UNKNOWN,unknown,low,,PENDING_RESULT,,,
2026-10-04,3081083,V4,加纳超,德比比联合 vs 梅德亚马,,not reconstructed from future result,,,UNKNOWN,unknown,low,,PENDING_RESULT,2026-10-04T10:07:42.469190+08:00,c3db648b32154b0e444b,
2026-10-04,3081085,V3,加纳超,狮心 vs 阿善提黄金,,not reconstructed from future result,,,UNKNOWN,unknown,low,,PENDING_RESULT,,,
2026-10-04,3081085,V4,加纳超,狮心 vs 阿善提黄金,,not reconstructed from future result,,,UNKNOWN,unknown,low,,PENDING_RESULT,2026-10-04T10:07:42.469190+08:00,b68059799bb1b8165406,
2026-10-04,3081086,V3,加纳超,巴萨克圣星 vs 贝切,,not reconstructed from future result,,,UNKNOWN,unknown,low,,PENDING_RESULT,,,
2026-10-04,3081086,V4,加纳超,巴萨克圣星 vs 贝切,,not reconstructed from future result,,,UNKNOWN,unknown,low,,PENDING_RESULT,2026-10-04T10:07:42.469190+08:00,31ae6953f4fcc42d5f35,
2026-10-04,3081087,V3,加纳超,加纳波特 vs 贝克联,,not reconstructed from future result,,,UNKNOWN,unknown,low,,PENDING_RESULT,,,
2026-10-04,3081087,V4,加纳超,加纳波特 vs 贝克联,,not reconstructed from future result,,,UNKNOWN,unknown,low,,PENDING_RESULT,2026-10-04T10:07:42.469190+08:00,839ca3c686db4f7599db,
2026-10-04,3081088,V3,加纳超,萨马岛 vs 使徒青年人,,not reconstructed from future result,,,UNKNOWN,unknown,low,,PENDING_RESULT,,,
2026-10-04,3081088,V4,加纳超,萨马岛 vs 使徒青年人,,not reconstructed from future result,,,UNKNOWN,unknown,low,,PENDING_RESULT,2026-10-04T10:07:42.469190+08:00,a8a7b4b487e900802d8d,
2026-10-04,3081634,V3,尼日超,多玛联 vs 瓦里狼,,not reconstructed from future result,,,UNKNOWN,unknown,low,,PENDING_RESULT,,,
2026-10-04,3081634,V4,尼日超,多玛联 vs 瓦里狼,,not reconstructed from future result,,,UNKNOWN,unknown,low,,PENDING_RESULT,2026-10-04T10:07:42.469190+08:00,9d1fa25a478c5d20dcb9,
2026-10-04,3081635,V3,尼日超,班德尔 vs 巴拉乌,,not reconstructed from future result,,,UNKNOWN,unknown,low,,PENDING_RESULT,,,
2026-10-04,3081635,V4,尼日超,班德尔 vs 巴拉乌,,not reconstructed from future result,,,UNKNOWN,unknown,low,,PENDING_RESULT,2026-10-04T10:07:42.469190+08:00,9949d45f9dde14f9ad1d,
2026-10-04,3081636,V3,尼日超,安耶巴 vs 高原联,,not reconstructed from future result,,,UNKNOWN,unknown,low,,PENDING_RESULT,,,
2026-10-04,3081636,V4,尼日超,安耶巴 vs 高原联,,not reconstructed from future result,,,UNKNOWN,unknown,low,,PENDING_RESULT,2026-10-04T10:07:42.469190+08:00,7a9b9fa1adc5a28a48f7,
2026-10-04,3081637,V3,尼日超,拉各斯 vs 卡齐纳联,,not reconstructed from future result,,,UNKNOWN,unknown,low,,PENDING_RESULT,,,
2026-10-04,3081637,V4,尼日超,拉各斯 vs 卡齐纳联,,not reconstructed from future result,,,UNKNOWN,unknown,low,,PENDING_RESULT,2026-10-04T10:07:42.469190+08:00,12a915497313260e9dab,
2026-10-04,3081639,V3,尼日超,卡瓦拉联 vs 瑞切尔,,not reconstructed from future result,,,UNKNOWN,unknown,low,,PENDING_RESULT,,,
2026-10-04,3081639,V4,尼日超,卡瓦拉联 vs 瑞切尔,,not reconstructed from future result,,,UNKNOWN,unknown,low,,PENDING_RESULT,2026-10-04T10:07:42.469190+08:00,d57c792b434a6e5cb027,
2026-10-04,3081640,V3,尼日超,尼日尔FC vs 昆哈里法特,,not reconstructed from future result,,,UNKNOWN,unknown,low,,PENDING_RESULT,,,
2026-10-04,3081640,V4,尼日超,尼日尔FC vs 昆哈里法特,,not reconstructed from future result,,,UNKNOWN,unknown,low,,PENDING_RESULT,2026-10-04T10:07:42.469190+08:00,244c5953491456aff1dc,
2026-10-04,3081641,V3,尼日超,埃努古流浪者 vs 阿比亚勇士,,not reconstructed from future result,,,UNKNOWN,unknown,low,,PENDING_RESULT,,,
2026-10-04,3081641,V4,尼日超,埃努古流浪者 vs 阿比亚勇士,,not reconstructed from future result,,,UNKNOWN,unknown,low,,PENDING_RESULT,2026-10-04T10:07:42.469190+08:00,93fc55f5d845482eb967,
2026-10-04,3081642,V3,尼日超,流浪联 vs 伊科罗杜城FC,,not reconstructed from future result,,,UNKNOWN,unknown,low,,PENDING_RESULT,,,
2026-10-04,3081642,V4,尼日超,流浪联 vs 伊科罗杜城FC,,not reconstructed from future result,,,UNKNOWN,unknown,low,,PENDING_RESULT,2026-10-04T10:07:42.469190+08:00,eb1b621ab99675ea7d06,
2026-10-04,3081643,V3,尼日超,射击之星 vs 纳莎拉瓦,,not reconstructed from future result,,,UNKNOWN,unknown,low,,PENDING_RESULT,,,
2026-10-04,3081643,V4,尼日超,射击之星 vs 纳莎拉瓦,,not reconstructed from future result,,,UNKNOWN,unknown,low,,PENDING_RESULT,2026-10-04T10:07:42.469190+08:00,37b47e6004dcb1775461,
2026-10-04,3082000,V3,西丁,阿苏阿加 vs 瓜迪亚纳,,not reconstructed from future result,,,UNKNOWN,unknown,low,,PENDING_RESULT,,,
2026-10-04,3082000,V4,西丁,阿苏阿加 vs 瓜迪亚纳,,not reconstructed from future result,,,UNKNOWN,unknown,low,,PENDING_RESULT,2026-10-04T10:07:42.469190+08:00,dfb925c9913f1565ba5c,
2026-10-04,3082001,V3,西丁,卡韦萨德尔布埃 vs 维拉洛尼斯,,not reconstructed from future result,,,UNKNOWN,unknown,low,,PENDING_RESULT,,,
2026-10-04,3082001,V4,西丁,卡韦萨德尔布埃 vs 维拉洛尼斯,,not reconstructed from future result,,,UNKNOWN,unknown,low,,PENDING_RESULT,2026-10-04T10:07:42.469190+08:00,0f66d481228429d21365,
2026-10-04,3082002,V3,西丁,谢利斯 vs 普拉森西亚,,not reconstructed from future result,,,UNKNOWN,unknown,low,,PENDING_RESULT,,,
2026-10-04,3082002,V4,西丁,谢利斯 vs 普拉森西亚,,not reconstructed from future result,,,UNKNOWN,unknown,low,,PENDING_RESULT,2026-10-04T10:07:42.469190+08:00,f2cba2b69fc9ce85f738,
2026-10-04,3082003,V3,西丁,勒伦塞 vs 桑塔阿玛利亚,,not reconstructed from future result,,,UNKNOWN,unknown,low,,PENDING_RESULT,,,
2026-10-04,3082003,V4,西丁,勒伦塞 vs 桑塔阿玛利亚,,not reconstructed from future result,,,UNKNOWN,unknown,low,,PENDING_RESULT,2026-10-04T10:07:42.469190+08:00,9aa048df045e6faca094,
2026-10-04,3082004,V3,西丁,蒙蒂霍 vs 查赖斯,,not reconstructed from future result,,,UNKNOWN,unknown,low,,PENDING_RESULT,,,
2026-10-04,3082004,V4,西丁,蒙蒂霍 vs 查赖斯,,not reconstructed from future result,,,UNKNOWN,unknown,low,,PENDING_RESULT,2026-10-04T10:07:42.469190+08:00,44b637d31f8178a9c5e1,
2026-10-04,3082005,V3,西丁,莫拉罗 vs CD格沃拉,,not reconstructed from future result,,,UNKNOWN,unknown,low,,PENDING_RESULT,,,
2026-10-04,3082005,V4,西丁,莫拉罗 vs CD格沃拉,,not reconstructed from future result,,,UNKNOWN,unknown,low,,PENDING_RESULT,2026-10-04T10:07:42.469190+08:00,16284c2fc533f7e9aae1,
2026-10-04,3082007,V3,西丁,CD昆塔纳 vs 卡斯图埃拉,,not reconstructed from future result,,,UNKNOWN,unknown,low,,PENDING_RESULT,,,
2026-10-04,3082007,V4,西丁,CD昆塔纳 vs 卡斯图埃拉,,not reconstructed from future result,,,UNKNOWN,unknown,low,,PENDING_RESULT,2026-10-04T10:07:42.469190+08:00,6f8ffbd48e487a3dae75,
2026-10-04,3082008,V3,西丁,SP维拉弗朗卡 vs 萨夫拉,,not reconstructed from future result,,,UNKNOWN,unknown,low,,PENDING_RESULT,,,
2026-10-04,3082008,V4,西丁,SP维拉弗朗卡 vs 萨夫拉,,not reconstructed from future result,,,UNKNOWN,unknown,low,,PENDING_RESULT,2026-10-04T10:07:42.469190+08:00,65e66bedb159bf1b1079,
2026-10-04,3082306,V3,西丁,安迪斯 vs 基杭印达斯特利亚,,not reconstructed from future result,,,UNKNOWN,unknown,low,,PENDING_RESULT,,,
2026-10-04,3082306,V4,西丁,安迪斯 vs 基杭印达斯特利亚,,not reconstructed from future result,,,UNKNOWN,unknown,low,,PENDING_RESULT,2026-10-04T10:07:42.469190+08:00,b0bd1597eb3c42f6a9d6,
2026-10-04,3082307,V3,西丁,阿斯图尔 vs 莫斯科尼亚,,not reconstructed from future result,,,UNKNOWN,unknown,low,,PENDING_RESULT,,,
2026-10-04,3082307,V4,西丁,阿斯图尔 vs 莫斯科尼亚,,not reconstructed from future result,,,UNKNOWN,unknown,low,,PENDING_RESULT,2026-10-04T10:07:42.469190+08:00,69c87da870feddaf6dab,
2026-10-04,3082308,V3,西丁,科瓦栋卡 vs 斯罗,,not reconstructed from future result,,,UNKNOWN,unknown,low,,PENDING_RESULT,,,
2026-10-04,3082308,V4,西丁,科瓦栋卡 vs 斯罗,,not reconstructed from future result,,,UNKNOWN,unknown,low,,PENDING_RESULT,2026-10-04T10:07:42.469190+08:00,8fda60fe3776e1a0a7d8,
2026-10-04,3082309,V3,西丁,希洪竞技B队 vs 兰格勒奥,,not reconstructed from future result,,,UNKNOWN,unknown,low,,PENDING_RESULT,,,
2026-10-04,3082309,V4,西丁,希洪竞技B队 vs 兰格勒奥,,not reconstructed from future result,,,UNKNOWN,unknown,low,,PENDING_RESULT,2026-10-04T09:58:08.993953+08:00,8b72b21d0e30df1212ec,C
2026-10-04,3082310,V3,西丁,利阿达 vs 阿维莱斯体育场,,not reconstructed from future result,,,UNKNOWN,unknown,low,,PENDING_RESULT,,,
2026-10-04,3082310,V4,西丁,利阿达 vs 阿维莱斯体育场,,not reconstructed from future result,,,UNKNOWN,unknown,low,,PENDING_RESULT,2026-10-04T09:58:08.993953+08:00,ab4e2dc8f41c821e4363,C
2026-10-04,3082312,V3,西丁,利亚内斯 vs 空达,,not reconstructed from future result,,,UNKNOWN,unknown,low,,PENDING_RESULT,,,
2026-10-04,3082312,V4,西丁,利亚内斯 vs 空达,,not reconstructed from future result,,,UNKNOWN,unknown,low,,PENDING_RESULT,2026-10-04T10:07:42.469190+08:00,fa9cc8787ad43889a285,
2026-10-04,3082313,V3,西丁,帕拉维亚诺 vs 考达尔,,not reconstructed from future result,,,UNKNOWN,unknown,low,,PENDING_RESULT,,,
2026-10-04,3082313,V4,西丁,帕拉维亚诺 vs 考达尔,,not reconstructed from future result,,,UNKNOWN,unknown,low,,PENDING_RESULT,2026-10-04T10:07:42.469190+08:00,eca484ded3dedca3ab6e,
2026-10-04,3082588,V3,俄乙B南升,阿克伦托格里蒂B队 vs 巴尔瑙尔迪纳摩,,not reconstructed from future result,,,UNKNOWN,unknown,low,,PENDING_RESULT,,,
2026-10-04,3082588,V4,俄乙B南升,阿克伦托格里蒂B队 vs 巴尔瑙尔迪纳摩,,not reconstructed from future result,,,UNKNOWN,unknown,low,,PENDING_RESULT,2026-10-04T10:07:42.469190+08:00,ca11714da01ef3fe5de1,
2026-10-04,3082589,V3,俄乙B南升,KDV托木斯克 vs 迪沙辛斯克,,not reconstructed from future result,,,UNKNOWN,unknown,low,,PENDING_RESULT,,,
2026-10-04,3082589,V4,俄乙B南升,KDV托木斯克 vs 迪沙辛斯克,,not reconstructed from future result,,,UNKNOWN,unknown,low,,PENDING_RESULT,2026-10-04T10:07:42.469190+08:00,f06829318a34bafafc60,
2026-10-04,3082590,V3,俄乙B南升,下诺夫哥罗德胜利 vs 苏维埃之翼B队,,not reconstructed from future result,,,UNKNOWN,unknown,low,,PENDING_RESULT,,,
2026-10-04,3082590,V4,俄乙B南升,下诺夫哥罗德胜利 vs 苏维埃之翼B队,,not reconstructed from future result,,,UNKNOWN,unknown,low,,PENDING_RESULT,2026-10-04T10:07:42.469190+08:00,bc8ad27549538051960e,
2026-10-04,3082615,V3,俄乙B南降,FK泽尼特伊热夫斯克 vs 奥伦堡B队,,not reconstructed from future result,,,UNKNOWN,unknown,low,,PENDING_RESULT,,,
2026-10-04,3082615,V4,俄乙B南降,FK泽尼特伊热夫斯克 vs 奥伦堡B队,,not reconstructed from future result,,,UNKNOWN,unknown,low,,PENDING_RESULT,2026-10-04T10:07:42.469190+08:00,2c950dd10de7add05688,
2026-10-04,3082616,V3,俄乙B南降,卡山鲁宾B队 vs 切亚宾斯克B队,,not reconstructed from future result,,,UNKNOWN,unknown,low,,PENDING_RESULT,,,
2026-10-04,3082616,V4,俄乙B南降,卡山鲁宾B队 vs 切亚宾斯克B队,,not reconstructed from future result,,,UNKNOWN,unknown,low,,PENDING_RESULT,2026-10-04T10:07:42.469190+08:00,8af8bad4af61e79b2389,
2026-10-04,3082617,V3,俄乙B南降,乌拉尔B队 vs 诺斯塔,,not reconstructed from future result,,,UNKNOWN,unknown,low,,PENDING_RESULT,,,
2026-10-04,3082617,V4,俄乙B南降,乌拉尔B队 vs 诺斯塔,,not reconstructed from future result,,,UNKNOWN,unknown,low,,PENDING_RESULT,2026-10-04T10:07:42.469190+08:00,b28ac5830b9b7816220f,
2026-10-04,3082680,V3,西丁,昂本斯竞技 vs 萨雷斯竞技,,not reconstructed from future result,,,UNKNOWN,unknown,low,,PENDING_RESULT,,,
2026-10-04,3082680,V4,西丁,昂本斯竞技 vs 萨雷斯竞技,,not reconstructed from future result,,,UNKNOWN,unknown,low,,PENDING_RESULT,2026-10-04T10:07:42.469190+08:00,3287732018e2b94d4efb,
2026-10-04,3082681,V3,西丁,乌特雷拉 vs 卡迪斯B队,,not reconstructed from future result,,,UNKNOWN,unknown,low,,PENDING_RESULT,,,
2026-10-04,3082681,V4,西丁,乌特雷拉 vs 卡迪斯B队,,not reconstructed from future result,,,UNKNOWN,unknown,low,,PENDING_RESULT,2026-10-04T10:07:42.469190+08:00,5aa6c9e6c358073ad2db,
2026-10-04,3082682,V3,西丁,奇克拉纳 vs 塞维利亚C队,,not reconstructed from future result,,,UNKNOWN,unknown,low,,PENDING_RESULT,,,
2026-10-04,3082682,V4,西丁,奇克拉纳 vs 塞维利亚C队,,not reconstructed from future result,,,UNKNOWN,unknown,low,,PENDING_RESULT,2026-10-04T09:58:08.993953+08:00,150ced2930ce811425fd,C
2026-10-04,3082683,V3,西丁,科尼尔CF vs 科尔多瓦B队,,not reconstructed from future result,,,UNKNOWN,unknown,low,,PENDING_RESULT,,,
2026-10-04,3082683,V4,西丁,科尼尔CF vs 科尔多瓦B队,,not reconstructed from future result,,,UNKNOWN,unknown,low,,PENDING_RESULT,2026-10-04T10:07:42.469190+08:00,1d4ea4ab001edbd5bf4a,
2026-10-04,3082685,V3,西丁,CD埃加布伦斯 vs 波卢洛斯CF,,not reconstructed from future result,,,UNKNOWN,unknown,low,,PENDING_RESULT,,,
2026-10-04,3082685,V4,西丁,CD埃加布伦斯 vs 波卢洛斯CF,,not reconstructed from future result,,,UNKNOWN,unknown,low,,PENDING_RESULT,2026-10-04T10:07:42.469190+08:00,04a7c028829436c56063,
2026-10-04,3082686,V3,西丁,坡左布朗科 vs 林恩斯,,not reconstructed from future result,,,UNKNOWN,unknown,low,,PENDING_RESULT,,,
2026-10-04,3082686,V4,西丁,坡左布朗科 vs 林恩斯,,not reconstructed from future result,,,UNKNOWN,unknown,low,,PENDING_RESULT,2026-10-04T10:07:42.469190+08:00,aebe44608c1fd50a0572,
2026-10-04,3082687,V3,西丁,圣洛克 vs 皇家贝蒂斯C队,,not reconstructed from future result,,,UNKNOWN,unknown,low,,PENDING_RESULT,,,
2026-10-04,3082687,V4,西丁,圣洛克 vs 皇家贝蒂斯C队,,not reconstructed from future result,,,UNKNOWN,unknown,low,,PENDING_RESULT,2026-10-04T10:07:42.469190+08:00,6f49d018010f2e09e8ee,
2026-10-04,3082688,V3,西丁,托马雷斯 vs 波特恩,,not reconstructed from future result,,,UNKNOWN,unknown,low,,PENDING_RESULT,,,
2026-10-04,3082688,V4,西丁,托马雷斯 vs 波特恩,,not reconstructed from future result,,,UNKNOWN,unknown,low,,PENDING_RESULT,2026-10-04T10:07:42.469190+08:00,dcc9cd8dd21f0b621711,
2026-10-04,3082986,V3,西协乙4,中央竞技队 vs 力纳雷斯体育会,,not reconstructed from future result,,,UNKNOWN,unknown,low,,PENDING_RESULT,,,
2026-10-04,3082986,V4,西协乙4,中央竞技队 vs 力纳雷斯体育会,,not reconstructed from future result,,,UNKNOWN,unknown,low,,PENDING_RESULT,2026-10-04T10:07:42.469190+08:00,1786f2ac6975498523a6,N
2026-10-04,3082988,V3,西协乙4,卢辛纳 vs 蓬特赫尼尔,,not reconstructed from future result,,,UNKNOWN,unknown,low,,PENDING_RESULT,,,
2026-10-04,3082988,V4,西协乙4,卢辛纳 vs 蓬特赫尼尔,,not reconstructed from future result,,,UNKNOWN,unknown,low,,PENDING_RESULT,2026-10-04T10:07:42.469190+08:00,aab3a270ab6615b11127,N
2026-10-04,3082989,V3,西协乙4,马贝尔拉 vs 皇家贝蒂斯B队,,not reconstructed from future result,,,UNKNOWN,unknown,low,,PENDING_RESULT,,,
2026-10-04,3082989,V4,西协乙4,马贝尔拉 vs 皇家贝蒂斯B队,,not reconstructed from future result,,,UNKNOWN,unknown,low,,PENDING_RESULT,2026-10-04T09:58:08.993953+08:00,c0dc99edbc8cdb72f25f,B
2026-10-04,3082990,V3,西协乙4,维尔瓦 vs 拉斯彭马斯竞技,,not reconstructed from future result,,,UNKNOWN,unknown,low,,PENDING_RESULT,,,
2026-10-04,3082990,V4,西协乙4,维尔瓦 vs 拉斯彭马斯竞技,,not reconstructed from future result,,,UNKNOWN,unknown,low,,PENDING_RESULT,2026-10-04T09:58:08.993953+08:00,ae1865f2e57f80ef268a,B
2026-10-04,3082991,V3,西协乙4,桑鲁玖诺 vs 拉斯拉古纳斯,,not reconstructed from future result,,,UNKNOWN,unknown,low,,PENDING_RESULT,,,
2026-10-04,3082991,V4,西协乙4,桑鲁玖诺 vs 拉斯拉古纳斯,,not reconstructed from future result,,,UNKNOWN,unknown,low,,PENDING_RESULT,2026-10-04T09:58:08.993953+08:00,15e294092a3a74c7d76e,B
2026-10-04,3082992,V3,西协乙4,塞维利亚体育会 vs 巴达祖斯,,not reconstructed from future result,,,UNKNOWN,unknown,low,,PENDING_RESULT,,,
2026-10-04,3082992,V4,西协乙4,塞维利亚体育会 vs 巴达祖斯,,not reconstructed from future result,,,UNKNOWN,unknown,low,,PENDING_RESULT,2026-10-04T09:58:08.993953+08:00,a9c2cecbf7e82b884931,C
2026-10-04,3082993,V3,西协乙4,塔玛拉赛特 vs 安东亚诺,,not reconstructed from future result,,,UNKNOWN,unknown,low,,PENDING_RESULT,,,
2026-10-04,3082993,V4,西协乙4,塔玛拉赛特 vs 安东亚诺,,not reconstructed from future result,,,UNKNOWN,unknown,low,,PENDING_RESULT,2026-10-04T10:07:42.469190+08:00,1f990442f41f80069403,N
2026-10-04,3082994,V3,西协乙4,萨雷斯 vs 特内里费B队,,not reconstructed from future result,,,UNKNOWN,unknown,low,,PENDING_RESULT,,,
2026-10-04,3082994,V4,西协乙4,萨雷斯 vs 特内里费B队,,not reconstructed from future result,,,UNKNOWN,unknown,low,,PENDING_RESULT,2026-10-04T09:58:08.993953+08:00,1220fdeae8ed42ef0a6e,C
2026-10-04,3083292,V3,西协乙2,阿尔内多 vs 伊波罗,,not reconstructed from future result,,,UNKNOWN,unknown,low,,PENDING_RESULT,,,
2026-10-04,3083292,V4,西协乙2,阿尔内多 vs 伊波罗,,not reconstructed from future result,,,UNKNOWN,unknown,low,,PENDING_RESULT,2026-10-04T09:58:08.993953+08:00,3f72562b30eee74bfc9c,B
2026-10-04,3083293,V3,西协乙2,巴巴斯托 vs 乌特波,,not reconstructed from future result,,,UNKNOWN,unknown,low,,PENDING_RESULT,,,
2026-10-04,3083293,V4,西协乙2,巴巴斯托 vs 乌特波,,not reconstructed from future result,,,UNKNOWN,unknown,low,,PENDING_RESULT,2026-10-04T10:07:42.469190+08:00,98fb71295ebd3d1d6d99,N
2026-10-04,3083295,V3,西协乙2,奥萨苏纳B队 vs 卡拉莫查,,not reconstructed from future result,,,UNKNOWN,unknown,low,,PENDING_RESULT,,,
2026-10-04,3083295,V4,西协乙2,奥萨苏纳B队 vs 卡拉莫查,,not reconstructed from future result,,,UNKNOWN,unknown,low,,PENDING_RESULT,2026-10-04T10:07:42.469190+08:00,6afafafcbef460df7a81,N
2026-10-04,3083297,V3,西协乙2,列乌斯 vs CE曼雷萨,,not reconstructed from future result,,,UNKNOWN,unknown,low,,PENDING_RESULT,,,
2026-10-04,3083297,V4,西协乙2,列乌斯 vs CE曼雷萨,,not reconstructed from future result,,,UNKNOWN,unknown,low,,PENDING_RESULT,2026-10-04T09:58:08.993953+08:00,5654c78eba92625c59a8,C
2026-10-04,3083298,V3,西协乙2,泰拿沙 vs 赫罗纳B队,,not reconstructed from future result,,,UNKNOWN,unknown,low,,PENDING_RESULT,,,
2026-10-04,3083298,V4,西协乙2,泰拿沙 vs 赫罗纳B队,,not reconstructed from future result,,,UNKNOWN,unknown,low,,PENDING_RESULT,2026-10-04T10:07:42.469190+08:00,d04bde0704477a1580c3,N
2026-10-04,3083299,V3,西协乙2,图德拉诺 vs 巴塞罗那B队,,not reconstructed from future result,,,UNKNOWN,unknown,low,,PENDING_RESULT,,,
2026-10-04,3083299,V4,西协乙2,图德拉诺 vs 巴塞罗那B队,,not reconstructed from future result,,,UNKNOWN,unknown,low,,PENDING_RESULT,2026-10-04T09:58:08.993953+08:00,7a5ff28f7be314cf9099,B
2026-10-04,3083300,V3,西协乙2,UD洛哥尼斯B vs 奥洛特,,not reconstructed from future result,,,UNKNOWN,unknown,low,,PENDING_RESULT,,,
2026-10-04,3083300,V4,西协乙2,UD洛哥尼斯B vs 奥洛特,,not reconstructed from future result,,,UNKNOWN,unknown,low,,PENDING_RESULT,2026-10-04T10:07:42.469190+08:00,fd3e31ac9d2aacc90290,N
2026-10-04,3083599,V3,西协乙5,马德里体育会C队 vs 干昆斯,,not reconstructed from future result,,,UNKNOWN,unknown,low,,PENDING_RESULT,,,
2026-10-04,3083599,V4,西协乙5,马德里体育会C队 vs 干昆斯,,not reconstructed from future result,,,UNKNOWN,unknown,low,,PENDING_RESULT,2026-10-04T09:58:08.993953+08:00,ba017f9b588c315b7b9a,B
2026-10-04,3083600,V3,西协乙5,托尔德西利亚斯 vs 叁蔓堤罗,,not reconstructed from future result,,,UNKNOWN,unknown,low,,PENDING_RESULT,,,
2026-10-04,3083600,V4,西协乙5,托尔德西利亚斯 vs 叁蔓堤罗,,not reconstructed from future result,,,UNKNOWN,unknown,low,,PENDING_RESULT,2026-10-04T09:58:08.993953+08:00,9bddf62b6b1cf3691086,C
2026-10-04,3083602,V3,西协乙5,赫塔菲B队 vs 努曼西亚,,not reconstructed from future result,,,UNKNOWN,unknown,low,,PENDING_RESULT,,,
2026-10-04,3083602,V4,西协乙5,赫塔菲B队 vs 努曼西亚,,not reconstructed from future result,,,UNKNOWN,unknown,low,,PENDING_RESULT,2026-10-04T09:58:08.993953+08:00,be25734974e60be91abb,B
2026-10-04,3083604,V3,西协乙5,艾卡拉亨拿利斯 vs 纳华尔卡内罗,,not reconstructed from future result,,,UNKNOWN,unknown,low,,PENDING_RESULT,,,
2026-10-04,3083604,V4,西协乙5,艾卡拉亨拿利斯 vs 纳华尔卡内罗,,not reconstructed from future result,,,UNKNOWN,unknown,low,,PENDING_RESULT,2026-10-04T10:07:42.469190+08:00,faf4ca03fdf43655ec67,N
2026-10-04,3083605,V3,西协乙5,圣瑟巴斯提安雷耶斯 vs 皇家阿维拉,,not reconstructed from future result,,,UNKNOWN,unknown,low,,PENDING_RESULT,,,
2026-10-04,3083605,V4,西协乙5,圣瑟巴斯提安雷耶斯 vs 皇家阿维拉,,not reconstructed from future result,,,UNKNOWN,unknown,low,,PENDING_RESULT,2026-10-04T09:58:08.993953+08:00,85eb6f944c787e1a96c9,B
2026-10-04,3083606,V3,西协乙5,巴拉多利德B队 vs 普尔托兰诺,,not reconstructed from future result,,,UNKNOWN,unknown,low,,PENDING_RESULT,,,
2026-10-04,3083606,V4,西协乙5,巴拉多利德B队 vs 普尔托兰诺,,not reconstructed from future result,,,UNKNOWN,unknown,low,,PENDING_RESULT,2026-10-04T09:58:08.993953+08:00,a3726fc8a1f311c4a905,C
2026-10-04,3084341,V3,港联杯,九龙城 vs 东区,,not reconstructed from future result,,,UNKNOWN,unknown,low,,PENDING_RESULT,2026-10-04T09:02:52+08:00,43231a9b4c16df0f5c09,可投
2026-10-04,3084341,V4,港联杯,九龙城 vs 东区,,not reconstructed from future result,,,UNKNOWN,unknown,low,,PENDING_RESULT,2026-10-04T09:58:08.993953+08:00,f25e8b1c94ac35222d1d,B
2026-10-04,3084342,V3,港联杯,标准流浪 vs 和富大埔,,not reconstructed from future result,,,UNKNOWN,unknown,low,,PENDING_RESULT,2026-10-04T09:02:52+08:00,bbd0de1f3a9b20673278,可投
2026-10-04,3084342,V4,港联杯,标准流浪 vs 和富大埔,,not reconstructed from future result,,,UNKNOWN,unknown,low,,PENDING_RESULT,2026-10-04T09:58:08.993953+08:00,c4ed77dad009d2bb8eb3,B
2026-10-04,3086197,V3,印尼甲,巴日托 vs 帕森拉,,not reconstructed from future result,,,UNKNOWN,unknown,low,,PENDING_RESULT,,,
2026-10-04,3086197,V4,印尼甲,巴日托 vs 帕森拉,,not reconstructed from future result,,,UNKNOWN,unknown,low,,PENDING_RESULT,2026-10-04T09:58:08.993953+08:00,7756825bc9892b94b92a,B
2026-10-04,3086198,V3,印尼甲,德尔特雷斯 vs 巴厘巴板,,not reconstructed from future result,,,UNKNOWN,unknown,low,,PENDING_RESULT,,,
2026-10-04,3086198,V4,印尼甲,德尔特雷斯 vs 巴厘巴板,,not reconstructed from future result,,,UNKNOWN,unknown,low,,PENDING_RESULT,2026-10-04T09:58:08.993953+08:00,e27ef159f59e3073281a,B
2026-10-04,3086199,V3,印尼甲,塞曼巴东 vs 北干巴鲁,,not reconstructed from future result,,,UNKNOWN,unknown,low,,PENDING_RESULT,,,
2026-10-04,3086199,V4,印尼甲,塞曼巴东 vs 北干巴鲁,,not reconstructed from future result,,,UNKNOWN,unknown,low,,PENDING_RESULT,2026-10-04T09:58:08.993953+08:00,2e5016dade1ed8e5d519,B
2026-10-04,3086984,V3,女日联杯,新泻天鹅女足 vs 大阪樱花女足,0-0,not reconstructed from future result,,,UNKNOWN,unknown,low,,PENDING_RESULT,2026-10-04T10:07:41+08:00,a05c5de2dbd9333c772e,不投
2026-10-04,3086984,V4,女日联杯,新泻天鹅女足 vs 大阪樱花女足,0-0,not reconstructed from future result,,,UNKNOWN,unknown,low,,PENDING_RESULT,2026-10-04T10:07:42.469190+08:00,df91038bbc2a18154172,N
2026-10-04,3086985,V3,女日联杯,伊分埼玉女足 vs 千叶市原女足,0-0,not reconstructed from future result,,,UNKNOWN,unknown,low,,PENDING_RESULT,2026-10-04T10:07:41+08:00,06fa3894f33d7dd491ec,不投
2026-10-04,3086985,V4,女日联杯,伊分埼玉女足 vs 千叶市原女足,0-0,not reconstructed from future result,,,UNKNOWN,unknown,low,,PENDING_RESULT,2026-10-04T09:58:08.993953+08:00,47c1b9e32a678c25c772,C
2026-10-04,3086986,V3,女日联杯,野岛斯特拉女足 vs RB大宫松鼠女足,0-0,not reconstructed from future result,,,UNKNOWN,unknown,low,,PENDING_RESULT,2026-10-04T10:07:41+08:00,96c894462666c80f7c11,不投
2026-10-04,3086986,V4,女日联杯,野岛斯特拉女足 vs RB大宫松鼠女足,0-0,not reconstructed from future result,,,UNKNOWN,unknown,low,,PENDING_RESULT,2026-10-04T10:07:42.469190+08:00,d94e9685704c7fb7411a,N
2026-10-04,3087020,V3,香港甲,中西区 vs 晋峰足球会,,not reconstructed from future result,,,UNKNOWN,unknown,low,,PENDING_RESULT,,,
2026-10-04,3087020,V4,香港甲,中西区 vs 晋峰足球会,,not reconstructed from future result,,,UNKNOWN,unknown,low,,PENDING_RESULT,2026-10-04T10:07:42.469190+08:00,ceeda52fa9fd613383e2,
2026-10-04,3087021,V3,香港甲,凯景 vs 腾翱,,not reconstructed from future result,,,UNKNOWN,unknown,low,,PENDING_RESULT,,,
2026-10-04,3087021,V4,香港甲,凯景 vs 腾翱,,not reconstructed from future result,,,UNKNOWN,unknown,low,,PENDING_RESULT,2026-10-04T10:07:42.469190+08:00,919e357fa68e795ba95c,
2026-10-04,3087022,V3,香港甲,公民 vs 天行元朗,,not reconstructed from future result,,,UNKNOWN,unknown,low,,PENDING_RESULT,,,
2026-10-04,3087022,V4,香港甲,公民 vs 天行元朗,,not reconstructed from future result,,,UNKNOWN,unknown,low,,PENDING_RESULT,2026-10-04T10:07:42.469190+08:00,1ca5b13c6d3c5f3cc235,
2026-10-04,3087023,V3,香港甲,深水埗 vs 领峰足球会,,not reconstructed from future result,,,UNKNOWN,unknown,low,,PENDING_RESULT,,,
2026-10-04,3087023,V4,香港甲,深水埗 vs 领峰足球会,,not reconstructed from future result,,,UNKNOWN,unknown,low,,PENDING_RESULT,2026-10-04T10:07:42.469190+08:00,12d2d2cd5b348385a686,
2026-10-04,3087024,V3,香港甲,南华 vs 东升,,not reconstructed from future result,,,UNKNOWN,unknown,low,,PENDING_RESULT,,,
2026-10-04,3087024,V4,香港甲,南华 vs 东升,,not reconstructed from future result,,,UNKNOWN,unknown,low,,PENDING_RESULT,2026-10-04T10:07:42.469190+08:00,381a141e20adecc364f1,
2026-10-04,3087025,V3,香港甲,和富社企 vs 三星FC,,not reconstructed from future result,,,UNKNOWN,unknown,low,,PENDING_RESULT,,,
2026-10-04,3087025,V4,香港甲,和富社企 vs 三星FC,,not reconstructed from future result,,,UNKNOWN,unknown,low,,PENDING_RESULT,2026-10-04T10:07:42.469190+08:00,f4d891deaa8847ec1302,
2026-10-04,3087026,V3,香港甲,浩运 vs 宏辉驹腾,,not reconstructed from future result,,,UNKNOWN,unknown,low,,PENDING_RESULT,,,
2026-10-04,3087026,V4,香港甲,浩运 vs 宏辉驹腾,,not reconstructed from future result,,,UNKNOWN,unknown,low,,PENDING_RESULT,2026-10-04T10:07:42.469190+08:00,f633b3311d9d7233c1d0,
2026-10-04,3087365,V3,中U21,陕西联合U21 vs 上海申花U21,,not reconstructed from future result,,,UNKNOWN,unknown,low,,PENDING_RESULT,,,
2026-10-04,3087365,V4,中U21,陕西联合U21 vs 上海申花U21,,not reconstructed from future result,,,UNKNOWN,unknown,low,,PENDING_RESULT,2026-10-04T10:07:42.469190+08:00,ce18292bcead3b4991df,
2026-10-04,3087367,V3,中U21,湖北青年星U21 vs 山东泰山U21,,not reconstructed from future result,,,UNKNOWN,unknown,low,,PENDING_RESULT,,,
2026-10-04,3087367,V4,中U21,湖北青年星U21 vs 山东泰山U21,,not reconstructed from future result,,,UNKNOWN,unknown,low,,PENDING_RESULT,2026-10-04T10:07:42.469190+08:00,3953ee5042b16cbd9728,
2026-10-04,3088411,V3,西室内足,埃西多室内足球队 vs MRA纳瓦拉室内足球队,,not reconstructed from future result,,,UNKNOWN,unknown,low,,PENDING_RESULT,,,
2026-10-04,3088411,V4,西室内足,埃西多室内足球队 vs MRA纳瓦拉室内足球队,,not reconstructed from future result,,,UNKNOWN,unknown,low,,PENDING_RESULT,2026-10-04T10:07:42.469190+08:00,28f0af810c1ea597f462,
2026-10-04,3088415,V3,西室内足,新阿波斯托利门室内足球队 vs FC巴塞罗那室内足球队,,not reconstructed from future result,,,UNKNOWN,unknown,low,,PENDING_RESULT,,,
2026-10-04,3088415,V4,西室内足,新阿波斯托利门室内足球队 vs FC巴塞罗那室内足球队,,not reconstructed from future result,,,UNKNOWN,unknown,low,,PENDING_RESULT,2026-10-04T10:07:42.469190+08:00,72c2c601cd9f58c2dbd4,
2026-10-04,3088635,V3,法女甲,弗勒里91女足 vs 巴黎圣日耳曼女足,,not reconstructed from future result,,,UNKNOWN,unknown,low,,PENDING_RESULT,,,
2026-10-04,3088635,V4,法女甲,弗勒里91女足 vs 巴黎圣日耳曼女足,,not reconstructed from future result,,,UNKNOWN,unknown,low,,PENDING_RESULT,2026-10-04T09:58:08.993953+08:00,431bf3750a6e4c8d90ac,B
2026-10-04,3089010,V3,蒙古超,中央骏马 vs 西部科布多,,not reconstructed from future result,,,UNKNOWN,unknown,low,,PENDING_RESULT,,,
2026-10-04,3089010,V4,蒙古超,中央骏马 vs 西部科布多,,not reconstructed from future result,,,UNKNOWN,unknown,low,,PENDING_RESULT,2026-10-04T10:07:42.469190+08:00,98ed0b1c70967d483efa,
2026-10-04,3089011,V3,蒙古超,德仁FC vs 科布多,,not reconstructed from future result,,,UNKNOWN,unknown,low,,PENDING_RESULT,,,
2026-10-04,3089011,V4,蒙古超,德仁FC vs 科布多,,not reconstructed from future result,,,UNKNOWN,unknown,low,,PENDING_RESULT,2026-10-04T10:07:42.469190+08:00,4ea0a1a6f9009330cec2,
2026-10-04,3089242,V3,伊朗甲,谢纳瓦尔格什姆 vs 瓦尔扎甘,,not reconstructed from future result,,,UNKNOWN,unknown,low,,PENDING_RESULT,,,
2026-10-04,3089242,V4,伊朗甲,谢纳瓦尔格什姆 vs 瓦尔扎甘,,not reconstructed from future result,,,UNKNOWN,unknown,low,,PENDING_RESULT,2026-10-04T10:07:42.469190+08:00,b957573ea1c715643570,
2026-10-04,3089243,V3,伊朗甲,加奇萨兰 vs 弗兰德诺维,,not reconstructed from future result,,,UNKNOWN,unknown,low,,PENDING_RESULT,,,
2026-10-04,3089243,V4,伊朗甲,加奇萨兰 vs 弗兰德诺维,,not reconstructed from future result,,,UNKNOWN,unknown,low,,PENDING_RESULT,2026-10-04T10:07:42.469190+08:00,aa1b23b6c8eb807d2308,
2026-10-04,3089244,V3,伊朗甲,拿芙马塞索利曼 vs 法尔德FC,,not reconstructed from future result,,,UNKNOWN,unknown,low,,PENDING_RESULT,,,
2026-10-04,3089244,V4,伊朗甲,拿芙马塞索利曼 vs 法尔德FC,,not reconstructed from future result,,,UNKNOWN,unknown,low,,PENDING_RESULT,2026-10-04T10:07:42.469190+08:00,ee404b81e44ff05224ec,
2026-10-04,3089245,V3,伊朗甲,沙辛班达尔 vs 塞柏,,not reconstructed from future result,,,UNKNOWN,unknown,low,,PENDING_RESULT,,,
2026-10-04,3089245,V4,伊朗甲,沙辛班达尔 vs 塞柏,,not reconstructed from future result,,,UNKNOWN,unknown,low,,PENDING_RESULT,2026-10-04T10:07:42.469190+08:00,4789cc218c56633c70d2,
2026-10-04,3089283,V3,西杯,普拉特 vs 圣拉费尔,,not reconstructed from future result,,,UNKNOWN,unknown,low,,PENDING_RESULT,2026-10-04T09:02:52+08:00,0c24a462f1e08377c657,不投
2026-10-04,3089283,V4,西杯,普拉特 vs 圣拉费尔,,not reconstructed from future result,,,UNKNOWN,unknown,low,,PENDING_RESULT,2026-10-04T10:07:42.469190+08:00,5de0ea616f55aeb2533b,
2026-10-04,3089284,V3,西杯,诺加 vs 里巴德塞拉,,not reconstructed from future result,,,UNKNOWN,unknown,low,,PENDING_RESULT,2026-10-04T09:02:52+08:00,76674d4cfe671249932b,不投
2026-10-04,3089284,V4,西杯,诺加 vs 里巴德塞拉,,not reconstructed from future result,,,UNKNOWN,unknown,low,,PENDING_RESULT,2026-10-04T10:07:42.469190+08:00,584c459a0685bddd17d8,
2026-10-04,3089286,V3,西杯,阿尔卡萨尔 vs CP塔拉尤埃拉,,not reconstructed from future result,,,UNKNOWN,unknown,low,,PENDING_RESULT,2026-10-04T09:02:52+08:00,f6da7b1a06779fd9fe24,不投
2026-10-04,3089286,V4,西杯,阿尔卡萨尔 vs CP塔拉尤埃拉,,not reconstructed from future result,,,UNKNOWN,unknown,low,,PENDING_RESULT,2026-10-04T10:07:42.469190+08:00,8edd84af5fa8c89755fd,
2026-10-04,3089287,V3,西杯,吉马尔竞技联盟 vs 霍塔莱扎竞技,,not reconstructed from future result,,,UNKNOWN,unknown,low,,PENDING_RESULT,2026-10-04T09:02:52+08:00,047f8a5fea2da404acef,不投
2026-10-04,3089287,V4,西杯,吉马尔竞技联盟 vs 霍塔莱扎竞技,,not reconstructed from future result,,,UNKNOWN,unknown,low,,PENDING_RESULT,2026-10-04T10:07:42.469190+08:00,ed471f19e32702b27c92,
2026-10-04,3089288,V3,西杯,UE塔夫 vs 玛拉瑟纳,,not reconstructed from future result,,,UNKNOWN,unknown,low,,PENDING_RESULT,2026-10-04T09:02:52+08:00,efacb2fc37a5c1197510,不投
2026-10-04,3089288,V4,西杯,UE塔夫 vs 玛拉瑟纳,,not reconstructed from future result,,,UNKNOWN,unknown,low,,PENDING_RESULT,2026-10-04T10:07:42.469190+08:00,5bf4f8b132139b1c1a6c,
2026-10-04,3089289,V3,西杯,CD圣若泽德索里亚 vs 奥伦塞人竞技,,not reconstructed from future result,,,UNKNOWN,unknown,low,,PENDING_RESULT,2026-10-04T09:02:52+08:00,77d29f062b5d867fc317,不投
2026-10-04,3089289,V4,西杯,CD圣若泽德索里亚 vs 奥伦塞人竞技,,not reconstructed from future result,,,UNKNOWN,unknown,low,,PENDING_RESULT,2026-10-04T10:07:42.469190+08:00,37872a9c42604a8d52d3,
2026-10-04,3089782,V3,冰女超冠,贝雷达比历克女足 vs 图罗杜尔女足,,not reconstructed from future result,,,UNKNOWN,unknown,low,,PENDING_RESULT,,,
2026-10-04,3089782,V4,冰女超冠,贝雷达比历克女足 vs 图罗杜尔女足,,not reconstructed from future result,,,UNKNOWN,unknown,low,,PENDING_RESULT,2026-10-04T09:58:08.993953+08:00,8fa80bf4e44aebaef5cd,C
2026-10-04,3089783,V3,冰女超冠,哈夫纳夫约杜尔女足 vs 韦斯特曼纳埃亚尔女足,,not reconstructed from future result,,,UNKNOWN,unknown,low,,PENDING_RESULT,,,
2026-10-04,3089783,V4,冰女超冠,哈夫纳夫约杜尔女足 vs 韦斯特曼纳埃亚尔女足,,not reconstructed from future result,,,UNKNOWN,unknown,low,,PENDING_RESULT,2026-10-04T09:58:08.993953+08:00,a107d1453f9f65cae5ae,C
2026-10-04,3089942,V3,渝超,酉阳桃花源队 vs 巫山红叶队,,not reconstructed from future result,,,UNKNOWN,unknown,low,,PENDING_RESULT,,,
2026-10-04,3089942,V4,渝超,酉阳桃花源队 vs 巫山红叶队,,not reconstructed from future result,,,UNKNOWN,unknown,low,,PENDING_RESULT,2026-10-04T10:07:42.469190+08:00,e8d7e1daa782300c895d,
2026-10-04,3092433,V3,中北美国联,特立尼达和多巴哥 vs 库拉索,,not reconstructed from future result,,,UNKNOWN,unknown,low,,PENDING_RESULT,2026-10-04T10:07:41+08:00,f30da26861aaa76ade3c,不投
2026-10-04,3092433,V4,中北美国联,特立尼达和多巴哥 vs 库拉索,,not reconstructed from future result,,,UNKNOWN,unknown,low,,PENDING_RESULT,2026-10-04T09:58:08.993953+08:00,8c864a565ff78a579c11,B
2026-10-04,3092434,V3,中北美国联,哥斯达黎加 vs 海地,,not reconstructed from future result,,,UNKNOWN,unknown,low,,PENDING_RESULT,2026-10-04T09:02:52+08:00,d060d0c828f69671460f,可投
2026-10-04,3092434,V4,中北美国联,哥斯达黎加 vs 海地,,not reconstructed from future result,,,UNKNOWN,unknown,low,,PENDING_RESULT,2026-10-04T09:58:08.993953+08:00,23457a6c88fce0e52f07,C
2026-10-04,3092435,V3,中北美国联,尼加拉瓜 vs 多米尼加共和国,,not reconstructed from future result,,,UNKNOWN,unknown,low,,PENDING_RESULT,2026-10-04T10:07:41+08:00,b4753ba06f657378d5c1,不投
2026-10-04,3092435,V4,中北美国联,尼加拉瓜 vs 多米尼加共和国,,not reconstructed from future result,,,UNKNOWN,unknown,low,,PENDING_RESULT,2026-10-04T09:58:08.993953+08:00,69917c36929ab152e6d5,B
2026-10-04,3092454,V3,中北美国联,圭亚那 vs 多米尼克,,not reconstructed from future result,,,UNKNOWN,unknown,low,,PENDING_RESULT,2026-10-04T10:07:41+08:00,a836360f6bd0d64ab81e,不投
2026-10-04,3092454,V4,中北美国联,圭亚那 vs 多米尼克,,not reconstructed from future result,,,UNKNOWN,unknown,low,,PENDING_RESULT,2026-10-04T10:07:42.469190+08:00,5936a2d07f54130a690a,N
2026-10-04,3092500,V3,中北美国联,特克斯和凯科斯群岛 vs 英属维尔京群岛,,not reconstructed from future result,,,UNKNOWN,unknown,low,,PENDING_RESULT,2026-10-04T09:02:52+08:00,14d975a12a09b6be946b,可投
2026-10-04,3092500,V4,中北美国联,特克斯和凯科斯群岛 vs 英属维尔京群岛,,not reconstructed from future result,,,UNKNOWN,unknown,low,,PENDING_RESULT,2026-10-04T10:07:42.469190+08:00,ef9d6c0ee769d859449d,N
2026-10-04,3092506,V3,中北美国联,阿鲁巴 vs 安圭拉,,not reconstructed from future result,,,UNKNOWN,unknown,low,,PENDING_RESULT,2026-10-04T10:07:41+08:00,a33a63297a27b717da11,不投
2026-10-04,3092506,V4,中北美国联,阿鲁巴 vs 安圭拉,,not reconstructed from future result,,,UNKNOWN,unknown,low,,PENDING_RESULT,2026-10-04T09:58:08.993953+08:00,b68234b51a936dcdde32,C
2026-10-04,3092512,V3,中北美国联,巴哈马 vs 美属维尔京群岛,,not reconstructed from future result,,,UNKNOWN,unknown,low,,PENDING_RESULT,2026-10-04T10:07:41+08:00,20ad1922265b7e610428,不投
2026-10-04,3092512,V4,中北美国联,巴哈马 vs 美属维尔京群岛,,not reconstructed from future result,,,UNKNOWN,unknown,low,,PENDING_RESULT,2026-10-04T09:58:08.993953+08:00,908170d19ed968b0f261,B
2026-10-04,3092850,V3,摩洛乙,克尼特拉 vs 雅各布曼苏尔,,not reconstructed from future result,,,UNKNOWN,unknown,low,,PENDING_RESULT,,,
2026-10-04,3092850,V4,摩洛乙,克尼特拉 vs 雅各布曼苏尔,,not reconstructed from future result,,,UNKNOWN,unknown,low,,PENDING_RESULT,2026-10-04T10:07:42.469190+08:00,00ac94c99551b076643e,
2026-10-04,3092853,V3,摩洛乙,奥林匹克萨非 vs 查巴本吉尔,,not reconstructed from future result,,,UNKNOWN,unknown,low,,PENDING_RESULT,,,
2026-10-04,3092853,V4,摩洛乙,奥林匹克萨非 vs 查巴本吉尔,,not reconstructed from future result,,,UNKNOWN,unknown,low,,PENDING_RESULT,2026-10-04T10:07:42.469190+08:00,d58a9b88770c9ae9d840,
2026-10-04,3092854,V3,摩洛乙,查巴穆罕默迪耶 vs 乌季达,,not reconstructed from future result,,,UNKNOWN,unknown,low,,PENDING_RESULT,,,
2026-10-04,3092854,V4,摩洛乙,查巴穆罕默迪耶 vs 乌季达,,not reconstructed from future result,,,UNKNOWN,unknown,low,,PENDING_RESULT,2026-10-04T10:07:42.469190+08:00,3a2e89037df96eb103ba,
2026-10-04,3092856,V3,摩洛乙,苏阿莱姆 vs 祖尼斯体育,,not reconstructed from future result,,,UNKNOWN,unknown,low,,PENDING_RESULT,,,
2026-10-04,3092856,V4,摩洛乙,苏阿莱姆 vs 祖尼斯体育,,not reconstructed from future result,,,UNKNOWN,unknown,low,,PENDING_RESULT,2026-10-04T10:07:42.469190+08:00,5318b7f6a870b90910cb,
2026-10-04,3094000,V3,牙买超,磨力尼斯联 vs 竞技联队,,not reconstructed from future result,,,UNKNOWN,unknown,low,,PENDING_RESULT,,,
2026-10-04,3094000,V4,牙买超,磨力尼斯联 vs 竞技联队,,not reconstructed from future result,,,UNKNOWN,unknown,low,,PENDING_RESULT,2026-10-04T09:58:08.993953+08:00,b3787f28db853e24ae45,B
2026-10-04,3094001,V3,牙买超,蒙特歌湾联 vs 敦伯霍登,,not reconstructed from future result,,,UNKNOWN,unknown,low,,PENDING_RESULT,,,
2026-10-04,3094001,V4,牙买超,蒙特歌湾联 vs 敦伯霍登,,not reconstructed from future result,,,UNKNOWN,unknown,low,,PENDING_RESULT,2026-10-04T10:07:42.469190+08:00,25c93cc661f6fc732a09,
2026-10-04,3094002,V3,牙买超,普莱森特法山 vs 卡瓦立尔,,not reconstructed from future result,,,UNKNOWN,unknown,low,,PENDING_RESULT,,,
2026-10-04,3094002,V4,牙买超,普莱森特法山 vs 卡瓦立尔,,not reconstructed from future result,,,UNKNOWN,unknown,low,,PENDING_RESULT,2026-10-04T09:58:08.993953+08:00,f77b33ac05bd4d8dd14f,C
2026-10-04,3094003,V3,牙买超,瑰宝海滩 vs 胡曼伯狮子,,not reconstructed from future result,,,UNKNOWN,unknown,low,,PENDING_RESULT,,,
2026-10-04,3094003,V4,牙买超,瑰宝海滩 vs 胡曼伯狮子,,not reconstructed from future result,,,UNKNOWN,unknown,low,,PENDING_RESULT,2026-10-04T10:07:42.469190+08:00,cd4ec4cca9eaf3f77cb2,
2026-10-04,3094004,V3,牙买超,特魯朱伊斯 vs 蒂沃利加登斯,,not reconstructed from future result,,,UNKNOWN,unknown,low,,PENDING_RESULT,,,
2026-10-04,3094004,V4,牙买超,特魯朱伊斯 vs 蒂沃利加登斯,,not reconstructed from future result,,,UNKNOWN,unknown,low,,PENDING_RESULT,2026-10-04T10:07:42.469190+08:00,90c6b5cab09200c1859b,
2026-10-04,3094041,V3,江苏联,盐城队 vs 宿迁队,,not reconstructed from future result,,,UNKNOWN,unknown,low,,PENDING_RESULT,,,
2026-10-04,3094041,V4,江苏联,盐城队 vs 宿迁队,,not reconstructed from future result,,,UNKNOWN,unknown,low,,PENDING_RESULT,2026-10-04T10:07:42.469190+08:00,f78835d77ba37753148b,
2026-10-04,3094042,V3,江苏联,苏州队 vs 常州队,,not reconstructed from future result,,,UNKNOWN,unknown,low,,PENDING_RESULT,,,
2026-10-04,3094042,V4,江苏联,苏州队 vs 常州队,,not reconstructed from future result,,,UNKNOWN,unknown,low,,PENDING_RESULT,2026-10-04T10:07:42.469190+08:00,2763acf0d1c5436320a6,
2026-10-04,3094428,V3,女欧U17,阿塞拜疆女足U17 vs 阿尔巴尼亚女足U17,,not reconstructed from future result,,,UNKNOWN,unknown,low,,PENDING_RESULT,,,
2026-10-04,3094428,V4,女欧U17,阿塞拜疆女足U17 vs 阿尔巴尼亚女足U17,,not reconstructed from future result,,,UNKNOWN,unknown,low,,PENDING_RESULT,2026-10-04T10:07:42.469190+08:00,02540589d3bf62db7cb2,
2026-10-04,3094429,V3,女欧U17,科索沃女足U17 vs 爱尔兰女足U17,,not reconstructed from future result,,,UNKNOWN,unknown,low,,PENDING_RESULT,,,
2026-10-04,3094429,V4,女欧U17,科索沃女足U17 vs 爱尔兰女足U17,,not reconstructed from future result,,,UNKNOWN,unknown,low,,PENDING_RESULT,2026-10-04T10:07:42.469190+08:00,d3367aaa361105a06296,
2026-10-04,3094478,V3,非洲U23杯,南苏丹U23 vs 吉布提U23,,not reconstructed from future result,,,UNKNOWN,unknown,low,,PENDING_RESULT,,,
2026-10-04,3094478,V4,非洲U23杯,南苏丹U23 vs 吉布提U23,,not reconstructed from future result,,,UNKNOWN,unknown,low,,PENDING_RESULT,2026-10-04T10:07:42.469190+08:00,eebc2052a18b1198b285,
2026-10-04,3094539,V3,克亚杯,乌克瓦 vs 萨格勒布迪纳摩,,not reconstructed from future result,,,UNKNOWN,unknown,low,,PENDING_RESULT,2026-10-04T09:02:52+08:00,6938de51b7f1734b27ee,不投
2026-10-04,3094539,V4,克亚杯,乌克瓦 vs 萨格勒布迪纳摩,,not reconstructed from future result,,,UNKNOWN,unknown,low,,PENDING_RESULT,2026-10-04T10:07:42.469190+08:00,7f84df7a2daae115c8d9,
2026-10-04,3094917,V3,乌拉甲秋,丹奴比奥 vs 塞罗拉尔戈,,not reconstructed from future result,,,UNKNOWN,unknown,low,,PENDING_RESULT,,,
2026-10-04,3094917,V4,乌拉甲秋,丹奴比奥 vs 塞罗拉尔戈,,not reconstructed from future result,,,UNKNOWN,unknown,low,,PENDING_RESULT,2026-10-04T10:07:42.469190+08:00,3b95f32d14585fd41909,N
2026-10-04,3094918,V3,乌拉甲秋,波士顿河 vs 尤文提度,,not reconstructed from future result,,,UNKNOWN,unknown,low,,PENDING_RESULT,,,
2026-10-04,3094918,V4,乌拉甲秋,波士顿河 vs 尤文提度,,not reconstructed from future result,,,UNKNOWN,unknown,low,,PENDING_RESULT,2026-10-04T10:07:42.469190+08:00,05d27d6249a3d08239b8,N
2026-10-04,3094919,V3,乌拉甲秋,塞路 vs 漫游者,,not reconstructed from future result,,,UNKNOWN,unknown,low,,PENDING_RESULT,,,
2026-10-04,3094919,V4,乌拉甲秋,塞路 vs 漫游者,,not reconstructed from future result,,,UNKNOWN,unknown,low,,PENDING_RESULT,2026-10-04T09:58:08.993953+08:00,d4058cb0a03f1e81de82,C
2026-10-04,3094920,V3,乌拉甲秋,蒙特维多竞技 vs 佩纳罗尔,,not reconstructed from future result,,,UNKNOWN,unknown,low,,PENDING_RESULT,,,
2026-10-04,3094920,V4,乌拉甲秋,蒙特维多竞技 vs 佩纳罗尔,,not reconstructed from future result,,,UNKNOWN,unknown,low,,PENDING_RESULT,2026-10-04T09:58:08.993953+08:00,aaade532a457ad66d4c3,B
2026-10-04,3095082,V3,保杯,索菲亚国民 vs 格纳火车头,,not reconstructed from future result,,,UNKNOWN,unknown,low,,PENDING_RESULT,2026-10-04T09:02:52+08:00,e7a7d84b343363b46705,不投
2026-10-04,3095082,V4,保杯,索菲亚国民 vs 格纳火车头,,not reconstructed from future result,,,UNKNOWN,unknown,low,,PENDING_RESULT,2026-10-04T10:07:42.469190+08:00,a2119308446c51982cf0,
2026-10-04,3095083,V3,保杯,扎格瑞特 vs 利斯基,,not reconstructed from future result,,,UNKNOWN,unknown,low,,PENDING_RESULT,2026-10-04T09:02:52+08:00,fbd37a02e8f1ba87d811,不投
2026-10-04,3095083,V4,保杯,扎格瑞特 vs 利斯基,,not reconstructed from future result,,,UNKNOWN,unknown,low,,PENDING_RESULT,2026-10-04T10:07:42.469190+08:00,5e5b1297c90948d85259,
2026-10-04,3095084,V3,保杯,普夫迪夫斯巴达 vs 伊赫蒂曼,,not reconstructed from future result,,,UNKNOWN,unknown,low,,PENDING_RESULT,2026-10-04T09:02:52+08:00,8724b766fb87bbd0a130,不投
2026-10-04,3095084,V4,保杯,普夫迪夫斯巴达 vs 伊赫蒂曼,,not reconstructed from future result,,,UNKNOWN,unknown,low,,PENDING_RESULT,2026-10-04T10:07:42.469190+08:00,9b7da373b3552040249f,
2026-10-04,3095085,V3,保杯,明约匹尼克 vs 贝尔罗,,not reconstructed from future result,,,UNKNOWN,unknown,low,,PENDING_RESULT,2026-10-04T09:02:52+08:00,2c7b374b24f2dada65b1,不投
2026-10-04,3095085,V4,保杯,明约匹尼克 vs 贝尔罗,,not reconstructed from future result,,,UNKNOWN,unknown,low,,PENDING_RESULT,2026-10-04T10:07:42.469190+08:00,dbe24fae4b38805bccc3,
2026-10-04,3095086,V3,保杯,比蒂维迪 vs FC蒙塔纳,,not reconstructed from future result,,,UNKNOWN,unknown,low,,PENDING_RESULT,2026-10-04T09:02:52+08:00,77f38c75f00258c79be9,不投
2026-10-04,3095086,V4,保杯,比蒂维迪 vs FC蒙塔纳,,not reconstructed from future result,,,UNKNOWN,unknown,low,,PENDING_RESULT,2026-10-04T10:07:42.469190+08:00,00f87f285c1e8ff01c12,
2026-10-04,3095087,V3,保杯,内夫托西米克 vs 斯夫格,,not reconstructed from future result,,,UNKNOWN,unknown,low,,PENDING_RESULT,2026-10-04T09:02:52+08:00,5b95a86a8cc491276753,不投
2026-10-04,3095087,V4,保杯,内夫托西米克 vs 斯夫格,,not reconstructed from future result,,,UNKNOWN,unknown,low,,PENDING_RESULT,2026-10-04T10:07:42.469190+08:00,ed34a6fa51b7115865fd,
2026-10-04,3095089,V3,保杯,比拉斯萨 vs 多布鲁察,,not reconstructed from future result,,,UNKNOWN,unknown,low,,PENDING_RESULT,2026-10-04T09:02:52+08:00,cd9ce17932b2b8ac1b96,不投
2026-10-04,3095089,V4,保杯,比拉斯萨 vs 多布鲁察,,not reconstructed from future result,,,UNKNOWN,unknown,low,,PENDING_RESULT,2026-10-04T10:07:42.469190+08:00,6c515037d056d5db4aab,
2026-10-04,3095090,V3,保杯,图恩滋贺1915 vs 赫巴,,not reconstructed from future result,,,UNKNOWN,unknown,low,,PENDING_RESULT,2026-10-04T09:02:52+08:00,1186102e3a90b2159e3c,不投
2026-10-04,3095090,V4,保杯,图恩滋贺1915 vs 赫巴,,not reconstructed from future result,,,UNKNOWN,unknown,low,,PENDING_RESULT,2026-10-04T10:07:42.469190+08:00,f90cd78dd4ef70715283,
2026-10-04,3095091,V3,保杯,梅兹拉火车头 vs 比林,,not reconstructed from future result,,,UNKNOWN,unknown,low,,PENDING_RESULT,2026-10-04T09:02:52+08:00,d2f700f9276fd7ff5efd,不投
2026-10-04,3095091,V4,保杯,梅兹拉火车头 vs 比林,,not reconstructed from future result,,,UNKNOWN,unknown,low,,PENDING_RESULT,2026-10-04T10:07:42.469190+08:00,f0a0dc4c3ac5decac2b5,
2026-10-04,3095094,V3,保杯,罗都帕 vs 内塞伯尔,,not reconstructed from future result,,,UNKNOWN,unknown,low,,PENDING_RESULT,2026-10-04T09:02:52+08:00,a4a3de6af5c541ead447,不投
2026-10-04,3095094,V4,保杯,罗都帕 vs 内塞伯尔,,not reconstructed from future result,,,UNKNOWN,unknown,low,,PENDING_RESULT,2026-10-04T10:07:42.469190+08:00,d2db2b2b494767be49c4,
2026-10-04,3095096,V3,保杯,宾高斯基 vs 斯维斯托夫,,not reconstructed from future result,,,UNKNOWN,unknown,low,,PENDING_RESULT,2026-10-04T09:02:52+08:00,b8d58b18b5a650ff7b75,不投
2026-10-04,3095096,V4,保杯,宾高斯基 vs 斯维斯托夫,,not reconstructed from future result,,,UNKNOWN,unknown,low,,PENDING_RESULT,2026-10-04T10:07:42.469190+08:00,002f5a9d16e530d28f8f,
2026-10-04,3095097,V3,保杯,苏曼 vs 布尔加斯1919,,not reconstructed from future result,,,UNKNOWN,unknown,low,,PENDING_RESULT,2026-10-04T09:02:52+08:00,b580df9b9510c1f50070,不投
2026-10-04,3095097,V4,保杯,苏曼 vs 布尔加斯1919,,not reconstructed from future result,,,UNKNOWN,unknown,low,,PENDING_RESULT,2026-10-04T10:07:42.469190+08:00,2202017ca9219c9f3269,
2026-10-04,3095098,V3,保杯,特罗扬 vs 马历克,,not reconstructed from future result,,,UNKNOWN,unknown,low,,PENDING_RESULT,2026-10-04T09:02:52+08:00,c107c5f31fa3609c58aa,不投
2026-10-04,3095098,V4,保杯,特罗扬 vs 马历克,,not reconstructed from future result,,,UNKNOWN,unknown,low,,PENDING_RESULT,2026-10-04T10:07:42.469190+08:00,2ad06d459c385c204786,
2026-10-04,3095607,V3,芬乙附,GBK科科拉 vs 奇芬,,not reconstructed from future result,,,UNKNOWN,unknown,low,,PENDING_RESULT,,,
2026-10-04,3095607,V4,芬乙附,GBK科科拉 vs 奇芬,,not reconstructed from future result,,,UNKNOWN,unknown,low,,PENDING_RESULT,2026-10-04T10:07:42.469190+08:00,8a3ef38e32d8bb1340aa,
2026-10-04,3095645,V3,墨西乙A,圣地亚哥足球俱乐部 vs 科库拉竞技,,not reconstructed from future result,,,UNKNOWN,unknown,low,,PENDING_RESULT,,,
2026-10-04,3095645,V4,墨西乙A,圣地亚哥足球俱乐部 vs 科库拉竞技,,not reconstructed from future result,,,UNKNOWN,unknown,low,,PENDING_RESULT,2026-10-04T10:07:42.469190+08:00,3fddc914fc90c3cb5626,
2026-10-04,3095974,V3,波兰丙,布斯科兹德鲁伊 vs 克拉科夫B队,,not reconstructed from future result,,,UNKNOWN,unknown,low,,PENDING_RESULT,,,
2026-10-04,3095974,V4,波兰丙,布斯科兹德鲁伊 vs 克拉科夫B队,,not reconstructed from future result,,,UNKNOWN,unknown,low,,PENDING_RESULT,2026-10-04T10:07:42.469190+08:00,df15e75813253fcdba23,
2026-10-04,3096061,V3,塞尔U19,马拉多特U19 vs 斯巴达苏波迪查U19,,not reconstructed from future result,,,UNKNOWN,unknown,low,,PENDING_RESULT,,,
2026-10-04,3096061,V4,塞尔U19,马拉多特U19 vs 斯巴达苏波迪查U19,,not reconstructed from future result,,,UNKNOWN,unknown,low,,PENDING_RESULT,2026-10-04T10:07:42.469190+08:00,91de21ee6fe710753d84,
2026-10-04,3096064,V3,塞尔U19,柏迪逊U19 vs 伏伊伏丁那U19,,not reconstructed from future result,,,UNKNOWN,unknown,low,,PENDING_RESULT,,,
2026-10-04,3096064,V4,塞尔U19,柏迪逊U19 vs 伏伊伏丁那U19,,not reconstructed from future result,,,UNKNOWN,unknown,low,,PENDING_RESULT,2026-10-04T10:07:42.469190+08:00,d67804a2205edd25c78d,
2026-10-04,3096065,V3,塞尔U19,托波拉U19 vs 沃日多瓦茨U19,,not reconstructed from future result,,,UNKNOWN,unknown,low,,PENDING_RESULT,,,
2026-10-04,3096065,V4,塞尔U19,托波拉U19 vs 沃日多瓦茨U19,,not reconstructed from future result,,,UNKNOWN,unknown,low,,PENDING_RESULT,2026-10-04T10:07:42.469190+08:00,a8aa1498cbeb4dc9c81c,
2026-10-04,3096247,V3,德戊,海利 vs 兰兹胡特,,not reconstructed from future result,,,UNKNOWN,unknown,low,,PENDING_RESULT,,,
2026-10-04,3096247,V4,德戊,海利 vs 兰兹胡特,,not reconstructed from future result,,,UNKNOWN,unknown,low,,PENDING_RESULT,2026-10-04T10:07:42.469190+08:00,a3654f7a00670976b5f1,
2026-10-04,3096248,V3,斯伐丙,特伦辛II队 vs 尼特拉,,not reconstructed from future result,,,UNKNOWN,unknown,low,,PENDING_RESULT,,,
2026-10-04,3096248,V4,斯伐丙,特伦辛II队 vs 尼特拉,,not reconstructed from future result,,,UNKNOWN,unknown,low,,PENDING_RESULT,2026-10-04T10:07:42.469190+08:00,957eba1a84c240ec6e67,
2026-10-04,3096249,V3,斯伐丙,贝鲁萨 vs 诺唯萨姆奇,,not reconstructed from future result,,,UNKNOWN,unknown,low,,PENDING_RESULT,,,
2026-10-04,3096249,V4,斯伐丙,贝鲁萨 vs 诺唯萨姆奇,,not reconstructed from future result,,,UNKNOWN,unknown,low,,PENDING_RESULT,2026-10-04T10:07:42.469190+08:00,50133ebe283467ec7c71,
2026-10-04,3096250,V3,斯伐丙,斯特里达B队 vs 科马尔诺二队,,not reconstructed from future result,,,UNKNOWN,unknown,low,,PENDING_RESULT,,,
2026-10-04,3096250,V4,斯伐丙,斯特里达B队 vs 科马尔诺二队,,not reconstructed from future result,,,UNKNOWN,unknown,low,,PENDING_RESULT,2026-10-04T10:07:42.469190+08:00,f661ec9766bd6683ecbc,
2026-10-04,3096251,V3,斯伐丙,拉斯拉维采 vs 诺瓦维斯,,not reconstructed from future result,,,UNKNOWN,unknown,low,,PENDING_RESULT,,,
2026-10-04,3096251,V4,斯伐丙,拉斯拉维采 vs 诺瓦维斯,,not reconstructed from future result,,,UNKNOWN,unknown,low,,PENDING_RESULT,2026-10-04T10:07:42.469190+08:00,034cbcd6380afcf30c5f,
2026-10-04,3096252,V3,斯伐丙,斯尼纳 vs 斯拉维亚克思雀,,not reconstructed from future result,,,UNKNOWN,unknown,low,,PENDING_RESULT,,,
2026-10-04,3096252,V4,斯伐丙,斯尼纳 vs 斯拉维亚克思雀,,not reconstructed from future result,,,UNKNOWN,unknown,low,,PENDING_RESULT,2026-10-04T10:07:42.469190+08:00,a1d681039a19e2b643f8,
2026-10-04,3096253,V3,斯伐丙,路梳比洛B队 vs 拜斯迪卡B队,,not reconstructed from future result,,,UNKNOWN,unknown,low,,PENDING_RESULT,,,
2026-10-04,3096253,V4,斯伐丙,路梳比洛B队 vs 拜斯迪卡B队,,not reconstructed from future result,,,UNKNOWN,unknown,low,,PENDING_RESULT,2026-10-04T10:07:42.469190+08:00,63eda2960de6e4675d25,
2026-10-04,3096254,V3,斯伐丙,巴尼克卡利诺沃 vs 梅泽布罗,,not reconstructed from future result,,,UNKNOWN,unknown,low,,PENDING_RESULT,,,
2026-10-04,3096254,V4,斯伐丙,巴尼克卡利诺沃 vs 梅泽布罗,,not reconstructed from future result,,,UNKNOWN,unknown,low,,PENDING_RESULT,2026-10-04T10:07:42.469190+08:00,dcdf500a62c8be70bed0,
2026-10-04,3096255,V3,德戊,帕隆玛 vs ETSV汉堡,,not reconstructed from future result,,,UNKNOWN,unknown,low,,PENDING_RESULT,,,
2026-10-04,3096255,V4,德戊,帕隆玛 vs ETSV汉堡,,not reconstructed from future result,,,UNKNOWN,unknown,low,,PENDING_RESULT,2026-10-04T10:07:42.469190+08:00,57ff99296d33a4e5ebbd,
2026-10-04,3096256,V3,德戊,VfL平讷贝格 vs FC祖德,,not reconstructed from future result,,,UNKNOWN,unknown,low,,PENDING_RESULT,,,
2026-10-04,3096256,V4,德戊,VfL平讷贝格 vs FC祖德,,not reconstructed from future result,,,UNKNOWN,unknown,low,,PENDING_RESULT,2026-10-04T10:07:42.469190+08:00,a31085b49627f9cb271d,
2026-10-04,3096258,V3,德戊,SSG尼古拉特斯拉 vs 布赫霍尔茨,,not reconstructed from future result,,,UNKNOWN,unknown,low,,PENDING_RESULT,,,
2026-10-04,3096258,V4,德戊,SSG尼古拉特斯拉 vs 布赫霍尔茨,,not reconstructed from future result,,,UNKNOWN,unknown,low,,PENDING_RESULT,2026-10-04T10:07:42.469190+08:00,a9b0a414598613d2e633,
2026-10-04,3096259,V3,波兰丙,希特曼 vs 切米亚卡,,not reconstructed from future result,,,UNKNOWN,unknown,low,,PENDING_RESULT,,,
2026-10-04,3096259,V4,波兰丙,希特曼 vs 切米亚卡,,not reconstructed from future result,,,UNKNOWN,unknown,low,,PENDING_RESULT,2026-10-04T10:07:42.469190+08:00,2261f77f5c312fdee9a7,
2026-10-04,3096260,V3,荷丁,灰母吉卢 vs UNA,,not reconstructed from future result,,,UNKNOWN,unknown,low,,PENDING_RESULT,,,
2026-10-04,3096260,V4,荷丁,灰母吉卢 vs UNA,,not reconstructed from future result,,,UNKNOWN,unknown,low,,PENDING_RESULT,2026-10-04T10:07:42.469190+08:00,e3d7e5aea4c0bcd97456,
2026-10-04,3096261,V3,荷丁,戈马特 vs 利斯,,not reconstructed from future result,,,UNKNOWN,unknown,low,,PENDING_RESULT,,,
2026-10-04,3096261,V4,荷丁,戈马特 vs 利斯,,not reconstructed from future result,,,UNKNOWN,unknown,low,,PENDING_RESULT,2026-10-04T10:07:42.469190+08:00,a52430b4ef9afc49bb6e,
2026-10-04,3096262,V3,荷丁,GOES vs UDI 19,,not reconstructed from future result,,,UNKNOWN,unknown,low,,PENDING_RESULT,,,
2026-10-04,3096262,V4,荷丁,GOES vs UDI 19,,not reconstructed from future result,,,UNKNOWN,unknown,low,,PENDING_RESULT,2026-10-04T10:07:42.469190+08:00,1808469fee3e1dbe2556,
2026-10-04,3096263,V3,德戊,柏林马克卡比 vs 罗斯托克B队,,not reconstructed from future result,,,UNKNOWN,unknown,low,,PENDING_RESULT,,,
2026-10-04,3096263,V4,德戊,柏林马克卡比 vs 罗斯托克B队,,not reconstructed from future result,,,UNKNOWN,unknown,low,,PENDING_RESULT,2026-10-04T10:07:42.469190+08:00,ce873161e59f8ce1dc0c,
2026-10-04,3096264,V3,德戊,欧德堡SV vs 海德,,not reconstructed from future result,,,UNKNOWN,unknown,low,,PENDING_RESULT,,,
2026-10-04,3096264,V4,德戊,欧德堡SV vs 海德,,not reconstructed from future result,,,UNKNOWN,unknown,low,,PENDING_RESULT,2026-10-04T10:07:42.469190+08:00,df54066d0794c65bc9f1,
2026-10-04,3096265,V3,德戊,图巴波尔海姆 vs FC吉森,,not reconstructed from future result,,,UNKNOWN,unknown,low,,PENDING_RESULT,,,
2026-10-04,3096265,V4,德戊,图巴波尔海姆 vs FC吉森,,not reconstructed from future result,,,UNKNOWN,unknown,low,,PENDING_RESULT,2026-10-04T10:07:42.469190+08:00,7ab520a127ab824ba5b3,
2026-10-04,3096266,V3,德戊,FC埃德斯海姆 vs 亨默特罗斯,,not reconstructed from future result,,,UNKNOWN,unknown,low,,PENDING_RESULT,,,
2026-10-04,3096266,V4,德戊,FC埃德斯海姆 vs 亨默特罗斯,,not reconstructed from future result,,,UNKNOWN,unknown,low,,PENDING_RESULT,2026-10-04T10:07:42.469190+08:00,eb630b561dba57dfa1e1,
2026-10-04,3096267,V3,德戊,哈努尔SC 1960 vs 洛特维哈达马尔,,not reconstructed from future result,,,UNKNOWN,unknown,low,,PENDING_RESULT,,,
2026-10-04,3096267,V4,德戊,哈努尔SC 1960 vs 洛特维哈达马尔,,not reconstructed from future result,,,UNKNOWN,unknown,low,,PENDING_RESULT,2026-10-04T10:07:42.469190+08:00,a067d41cb813d3357689,
2026-10-04,3096268,V3,德戊,赫森卡瑟B队 vs 保纳塔尔,,not reconstructed from future result,,,UNKNOWN,unknown,low,,PENDING_RESULT,,,
2026-10-04,3096268,V4,德戊,赫森卡瑟B队 vs 保纳塔尔,,not reconstructed from future result,,,UNKNOWN,unknown,low,,PENDING_RESULT,2026-10-04T10:07:42.469190+08:00,849a78d843c29659b8b7,
2026-10-04,3096269,V3,德戊,卡尔斯鲁厄青年队 vs 巴林根,,not reconstructed from future result,,,UNKNOWN,unknown,low,,PENDING_RESULT,,,
2026-10-04,3096269,V4,德戊,卡尔斯鲁厄青年队 vs 巴林根,,not reconstructed from future result,,,UNKNOWN,unknown,low,,PENDING_RESULT,2026-10-04T10:07:42.469190+08:00,f430008764180c4e06be,
2026-10-04,3096273,V3,德戊,前进诺德霍恩 vs SV梅彭II队,,not reconstructed from future result,,,UNKNOWN,unknown,low,,PENDING_RESULT,,,
2026-10-04,3096273,V4,德戊,前进诺德霍恩 vs SV梅彭II队,,not reconstructed from future result,,,UNKNOWN,unknown,low,,PENDING_RESULT,2026-10-04T10:07:42.469190+08:00,b8b00a835bfcc7498566,
2026-10-04,3096274,V3,德戊,沃尔斯费德 vs 布伦瑞克II队,,not reconstructed from future result,,,UNKNOWN,unknown,low,,PENDING_RESULT,,,
2026-10-04,3096274,V4,德戊,沃尔斯费德 vs 布伦瑞克II队,,not reconstructed from future result,,,UNKNOWN,unknown,low,,PENDING_RESULT,2026-10-04T10:07:42.469190+08:00,f1bc2d764bb87a8f4376,
2026-10-04,3096275,V3,德戊,SV索尼克斯 vs 杜塞尔多夫业余队,,not reconstructed from future result,,,UNKNOWN,unknown,low,,PENDING_RESULT,,,
2026-10-04,3096275,V4,德戊,SV索尼克斯 vs 杜塞尔多夫业余队,,not reconstructed from future result,,,UNKNOWN,unknown,low,,PENDING_RESULT,2026-10-04T10:07:42.469190+08:00,33d78c00dfd28210b40c,
2026-10-04,3096276,V3,德戊,布德里奇 vs 霍尔济姆SG,,not reconstructed from future result,,,UNKNOWN,unknown,low,,PENDING_RESULT,,,
2026-10-04,3096276,V4,德戊,布德里奇 vs 霍尔济姆SG,,not reconstructed from future result,,,UNKNOWN,unknown,low,,PENDING_RESULT,2026-10-04T10:07:42.469190+08:00,91da7b474f03379a5318,
2026-10-04,3096277,V3,德戊,索林根瓦尔德 vs TSV梅尔布施,,not reconstructed from future result,,,UNKNOWN,unknown,low,,PENDING_RESULT,,,
2026-10-04,3096277,V4,德戊,索林根瓦尔德 vs TSV梅尔布施,,not reconstructed from future result,,,UNKNOWN,unknown,low,,PENDING_RESULT,2026-10-04T10:07:42.469190+08:00,30c3901803375edb26a7,
2026-10-04,3096278,V3,德戊,尔肯卫克 vs 维尔B队,,not reconstructed from future result,,,UNKNOWN,unknown,low,,PENDING_RESULT,,,
2026-10-04,3096278,V4,德戊,尔肯卫克 vs 维尔B队,,not reconstructed from future result,,,UNKNOWN,unknown,low,,PENDING_RESULT,2026-10-04T10:07:42.469190+08:00,381855aa3e9ba1198e0a,
2026-10-04,3096279,V3,德戊,FC基弗 vs 希尔特鲁普,,not reconstructed from future result,,,UNKNOWN,unknown,low,,PENDING_RESULT,,,
2026-10-04,3096279,V4,德戊,FC基弗 vs 希尔特鲁普,,not reconstructed from future result,,,UNKNOWN,unknown,low,,PENDING_RESULT,2026-10-04T10:07:42.469190+08:00,7f76e74e465f5f289fb9,
2026-10-04,3096280,V3,德戊,洛马斯林根 vs 恩卓治特,,not reconstructed from future result,,,UNKNOWN,unknown,low,,PENDING_RESULT,,,
2026-10-04,3096280,V4,德戊,洛马斯林根 vs 恩卓治特,,not reconstructed from future result,,,UNKNOWN,unknown,low,,PENDING_RESULT,2026-10-04T10:07:42.469190+08:00,72e98ebfad92e24b4b69,
2026-10-04,3096281,V3,德戊,斯瑟姆比克 vs 斯罗可候沃,,not reconstructed from future result,,,UNKNOWN,unknown,low,,PENDING_RESULT,,,
2026-10-04,3096281,V4,德戊,斯瑟姆比克 vs 斯罗可候沃,,not reconstructed from future result,,,UNKNOWN,unknown,low,,PENDING_RESULT,2026-10-04T10:07:42.469190+08:00,7e075a99b8d67540254a,
2026-10-04,3096282,V3,德戊,威斯特伐利亚1920 vs 比勒费尔德B队,,not reconstructed from future result,,,UNKNOWN,unknown,low,,PENDING_RESULT,,,
2026-10-04,3096282,V4,德戊,威斯特伐利亚1920 vs 比勒费尔德B队,,not reconstructed from future result,,,UNKNOWN,unknown,low,,PENDING_RESULT,2026-10-04T10:07:42.469190+08:00,0206371383f850c77218,
2026-10-04,3096283,V3,德戊,恩内珀塔尔 vs ASC09多特蒙德,,not reconstructed from future result,,,UNKNOWN,unknown,low,,PENDING_RESULT,,,
2026-10-04,3096283,V4,德戊,恩内珀塔尔 vs ASC09多特蒙德,,not reconstructed from future result,,,UNKNOWN,unknown,low,,PENDING_RESULT,2026-10-04T10:07:42.469190+08:00,3e7f7bef2cfdedda063b,
2026-10-04,3096284,V3,德戊,DJK部落 vs 弗雷登1921,,not reconstructed from future result,,,UNKNOWN,unknown,low,,PENDING_RESULT,,,
2026-10-04,3096284,V4,德戊,DJK部落 vs 弗雷登1921,,not reconstructed from future result,,,UNKNOWN,unknown,low,,PENDING_RESULT,2026-10-04T10:07:42.469190+08:00,75d80fb0521fcc3182cc,
2026-10-04,3096285,V3,德戊,阿维韦勒 vs 皮尔马森斯,,not reconstructed from future result,,,UNKNOWN,unknown,low,,PENDING_RESULT,,,
2026-10-04,3096285,V4,德戊,阿维韦勒 vs 皮尔马森斯,,not reconstructed from future result,,,UNKNOWN,unknown,low,,PENDING_RESULT,2026-10-04T10:07:42.469190+08:00,4b6dad82a70d640078c1,
2026-10-04,3096286,V3,德戊,贡森海姆 vs 恩格尔斯,,not reconstructed from future result,,,UNKNOWN,unknown,low,,PENDING_RESULT,,,
2026-10-04,3096286,V4,德戊,贡森海姆 vs 恩格尔斯,,not reconstructed from future result,,,UNKNOWN,unknown,low,,PENDING_RESULT,2026-10-04T10:07:42.469190+08:00,279e696bdcf0dc9c46da,
2026-10-04,3096287,V3,德戊,奥德恩海姆 vs 肖特缅恩斯,,not reconstructed from future result,,,UNKNOWN,unknown,low,,PENDING_RESULT,,,
2026-10-04,3096287,V4,德戊,奥德恩海姆 vs 肖特缅恩斯,,not reconstructed from future result,,,UNKNOWN,unknown,low,,PENDING_RESULT,2026-10-04T10:07:42.469190+08:00,790d583a228a16a3dbf1,
2026-10-04,3096288,V3,法女乙,欧塞尔女足 vs RC鲁贝女足,,not reconstructed from future result,,,UNKNOWN,unknown,low,,PENDING_RESULT,,,
2026-10-04,3096288,V4,法女乙,欧塞尔女足 vs RC鲁贝女足,,not reconstructed from future result,,,UNKNOWN,unknown,low,,PENDING_RESULT,2026-10-04T10:07:42.469190+08:00,ca1e11a6089d25b69863,
2026-10-04,3096289,V3,法女乙,康城女足 vs 伊维恩女足,,not reconstructed from future result,,,UNKNOWN,unknown,low,,PENDING_RESULT,,,
2026-10-04,3096289,V4,法女乙,康城女足 vs 伊维恩女足,,not reconstructed from future result,,,UNKNOWN,unknown,low,,PENDING_RESULT,2026-10-04T10:07:42.469190+08:00,1faa95d9c91f6aeeecfc,
2026-10-04,3096290,V3,法女乙,里尔女足 vs 格勒诺布尔克莱女足,,not reconstructed from future result,,,UNKNOWN,unknown,low,,PENDING_RESULT,,,
2026-10-04,3096290,V4,法女乙,里尔女足 vs 格勒诺布尔克莱女足,,not reconstructed from future result,,,UNKNOWN,unknown,low,,PENDING_RESULT,2026-10-04T10:07:42.469190+08:00,c7ab78f4d7755fbf6665,
2026-10-04,3096291,V3,法女乙,梅斯女足 vs 利文斯女足,,not reconstructed from future result,,,UNKNOWN,unknown,low,,PENDING_RESULT,,,
2026-10-04,3096291,V4,法女乙,梅斯女足 vs 利文斯女足,,not reconstructed from future result,,,UNKNOWN,unknown,low,,PENDING_RESULT,2026-10-04T10:07:42.469190+08:00,29025b63ee58da4ac540,
2026-10-04,3096292,V3,法女乙,尼斯女足 vs 布尔吉女足,,not reconstructed from future result,,,UNKNOWN,unknown,low,,PENDING_RESULT,,,
2026-10-04,3096292,V4,法女乙,尼斯女足 vs 布尔吉女足,,not reconstructed from future result,,,UNKNOWN,unknown,low,,PENDING_RESULT,2026-10-04T10:07:42.469190+08:00,3c9db274bf474e22eb4f,
2026-10-04,3096293,V3,智利丙,萨拉曼卡 vs 利纳雷斯,,not reconstructed from future result,,,UNKNOWN,unknown,low,,PENDING_RESULT,2026-10-04T09:02:52+08:00,c58e53cb8e2d377be654,不投
2026-10-04,3096293,V4,智利丙,萨拉曼卡 vs 利纳雷斯,,not reconstructed from future result,,,UNKNOWN,unknown,low,,PENDING_RESULT,2026-10-04T10:07:42.469190+08:00,da113fac7574cff72532,
2026-10-04,3096294,V3,智利丙,哥查瓜 vs 奥索尔诺,,not reconstructed from future result,,,UNKNOWN,unknown,low,,PENDING_RESULT,2026-10-04T10:07:41+08:00,34fe7261283da0a4126d,不投
2026-10-04,3096294,V4,智利丙,哥查瓜 vs 奥索尔诺,,not reconstructed from future result,,,UNKNOWN,unknown,low,,PENDING_RESULT,2026-10-04T10:07:42.469190+08:00,c34de082689a8f0f4bb4,N
2026-10-04,3096297,V3,哥斯乙,FC阿塞里 vs 瓜达卢普,,not reconstructed from future result,,,UNKNOWN,unknown,low,,PENDING_RESULT,2026-10-04T10:07:41+08:00,b6e99d8ee526ac2d9c6e,不投
2026-10-04,3096297,V4,哥斯乙,FC阿塞里 vs 瓜达卢普,,not reconstructed from future result,,,UNKNOWN,unknown,low,,PENDING_RESULT,2026-10-04T09:58:08.993953+08:00,ab8cc90941291e288a6a,C
2026-10-04,3096298,V3,哥斯乙,希卡拉尔 vs AC科富帕,,not reconstructed from future result,,,UNKNOWN,unknown,low,,PENDING_RESULT,2026-10-04T09:02:52+08:00,5efd01f984f04c42ee7d,不投
2026-10-04,3096298,V4,哥斯乙,希卡拉尔 vs AC科富帕,,not reconstructed from future result,,,UNKNOWN,unknown,low,,PENDING_RESULT,2026-10-04T10:07:42.469190+08:00,c2659baeae842d91d0e8,
2026-10-04,3096302,V3,哥斯乙,圣塔安娜 vs 卡里阿利,,not reconstructed from future result,,,UNKNOWN,unknown,low,,PENDING_RESULT,2026-10-04T09:02:52+08:00,c58d7adab939ed289e5a,不投
2026-10-04,3096302,V4,哥斯乙,圣塔安娜 vs 卡里阿利,,not reconstructed from future result,,,UNKNOWN,unknown,low,,PENDING_RESULT,2026-10-04T10:07:42.469190+08:00,4a7ed47dc03894ef65cd,
2026-10-04,3096303,V3,葡锦标,阿德卡斯特罗 vs 卡赫塔,,not reconstructed from future result,,,UNKNOWN,unknown,low,,PENDING_RESULT,,,
2026-10-04,3096303,V4,葡锦标,阿德卡斯特罗 vs 卡赫塔,,not reconstructed from future result,,,UNKNOWN,unknown,low,,PENDING_RESULT,2026-10-04T10:07:42.469190+08:00,4825064fa696183a8e42,
2026-10-04,3096304,V3,葡锦标,辛达卡拉B队 vs 皇家体育队,,not reconstructed from future result,,,UNKNOWN,unknown,low,,PENDING_RESULT,,,
2026-10-04,3096304,V4,葡锦标,辛达卡拉B队 vs 皇家体育队,,not reconstructed from future result,,,UNKNOWN,unknown,low,,PENDING_RESULT,2026-10-04T10:07:42.469190+08:00,619f05348383e8140f13,
2026-10-04,3096305,V3,葡锦标,拉吉恩斯 vs 艾禾拿青年,,not reconstructed from future result,,,UNKNOWN,unknown,low,,PENDING_RESULT,,,
2026-10-04,3096305,V4,葡锦标,拉吉恩斯 vs 艾禾拿青年,,not reconstructed from future result,,,UNKNOWN,unknown,low,,PENDING_RESULT,2026-10-04T10:07:42.469190+08:00,d8e9ba1199a405c1bfbb,
2026-10-04,3096306,V3,芬女甲,科特卡女足 vs 拉迪女足,,not reconstructed from future result,,,UNKNOWN,unknown,low,,PENDING_RESULT,,,
2026-10-04,3096306,V4,芬女甲,科特卡女足 vs 拉迪女足,,not reconstructed from future result,,,UNKNOWN,unknown,low,,PENDING_RESULT,2026-10-04T10:07:42.469190+08:00,1975ceda11966ecd807d,
2026-10-04,3096307,V3,芬女甲,赫尔辛基B队女足 vs 昂斯女足,,not reconstructed from future result,,,UNKNOWN,unknown,low,,PENDING_RESULT,,,
2026-10-04,3096307,V4,芬女甲,赫尔辛基B队女足 vs 昂斯女足,,not reconstructed from future result,,,UNKNOWN,unknown,low,,PENDING_RESULT,2026-10-04T10:07:42.469190+08:00,aa7f9f377933976d412e,
2026-10-04,3096308,V3,德戊,亨内夫 vs 幸运科隆B队,,not reconstructed from future result,,,UNKNOWN,unknown,low,,PENDING_RESULT,,,
2026-10-04,3096308,V4,德戊,亨内夫 vs 幸运科隆B队,,not reconstructed from future result,,,UNKNOWN,unknown,low,,PENDING_RESULT,2026-10-04T10:07:42.469190+08:00,bae74714b7a79ed075ef,
2026-10-04,3096309,V3,德戊,莫顿 vs 埃因特拉赫特霍克佩尔,,not reconstructed from future result,,,UNKNOWN,unknown,low,,PENDING_RESULT,,,
2026-10-04,3096309,V4,德戊,莫顿 vs 埃因特拉赫特霍克佩尔,,not reconstructed from future result,,,UNKNOWN,unknown,low,,PENDING_RESULT,2026-10-04T10:07:42.469190+08:00,08f799404f6c083507ad,
2026-10-04,3096310,V3,德戊,SPVG波茨1919 vs 韦格堡贝克,,not reconstructed from future result,,,UNKNOWN,unknown,low,,PENDING_RESULT,,,
2026-10-04,3096310,V4,德戊,SPVG波茨1919 vs 韦格堡贝克,,not reconstructed from future result,,,UNKNOWN,unknown,low,,PENDING_RESULT,2026-10-04T10:07:42.469190+08:00,598c11c3ccdd1c08deb2,
2026-10-04,3096311,V3,德戊,祖尔皮奇氯化物 vs 博恩海姆,,not reconstructed from future result,,,UNKNOWN,unknown,low,,PENDING_RESULT,,,
2026-10-04,3096311,V4,德戊,祖尔皮奇氯化物 vs 博恩海姆,,not reconstructed from future result,,,UNKNOWN,unknown,low,,PENDING_RESULT,2026-10-04T10:07:42.469190+08:00,a5591ea9dcc4e61dab67,
2026-10-04,3096312,V3,德戊,SpVg弗雷兴20 vs VFL维查尔,,not reconstructed from future result,,,UNKNOWN,unknown,low,,PENDING_RESULT,,,
2026-10-04,3096312,V4,德戊,SpVg弗雷兴20 vs VFL维查尔,,not reconstructed from future result,,,UNKNOWN,unknown,low,,PENDING_RESULT,2026-10-04T10:07:42.469190+08:00,8bc59fdf0b9238c73fd2,
2026-10-04,3096313,V3,德戊,森博格SV vs 林登塔尔,,not reconstructed from future result,,,UNKNOWN,unknown,low,,PENDING_RESULT,,,
2026-10-04,3096313,V4,德戊,森博格SV vs 林登塔尔,,not reconstructed from future result,,,UNKNOWN,unknown,low,,PENDING_RESULT,2026-10-04T10:07:42.469190+08:00,7eda04d64a5c5e27ad6b,
2026-10-04,3096314,V3,德戊,诺因基兴 vs 胡尔特,,not reconstructed from future result,,,UNKNOWN,unknown,low,,PENDING_RESULT,,,
2026-10-04,3096314,V4,德戊,诺因基兴 vs 胡尔特,,not reconstructed from future result,,,UNKNOWN,unknown,low,,PENDING_RESULT,2026-10-04T10:07:42.469190+08:00,f4b2d33f15f399708f3e,
2026-10-04,3096315,V3,智利丙,维拉斯克斯 vs AC科林纳,,not reconstructed from future result,,,UNKNOWN,unknown,low,,PENDING_RESULT,2026-10-04T10:07:41+08:00,b8cbe6edf68977123d07,不投
2026-10-04,3096315,V4,智利丙,维拉斯克斯 vs AC科林纳,,not reconstructed from future result,,,UNKNOWN,unknown,low,,PENDING_RESULT,2026-10-04T09:58:08.993953+08:00,3619e899c245ba7cf5ff,C
2026-10-04,3096317,V3,威女超,巴里镇联女足 vs 史云斯女足,,not reconstructed from future result,,,UNKNOWN,unknown,low,,PENDING_RESULT,,,
2026-10-04,3096317,V4,威女超,巴里镇联女足 vs 史云斯女足,,not reconstructed from future result,,,UNKNOWN,unknown,low,,PENDING_RESULT,2026-10-04T10:07:42.469190+08:00,784728ef559eaa2212b6,
2026-10-04,3096318,V3,威女超,布里顿费里女足 vs 艾伯里斯特夫女足,,not reconstructed from future result,,,UNKNOWN,unknown,low,,PENDING_RESULT,,,
2026-10-04,3096318,V4,威女超,布里顿费里女足 vs 艾伯里斯特夫女足,,not reconstructed from future result,,,UNKNOWN,unknown,low,,PENDING_RESULT,2026-10-04T10:07:42.469190+08:00,777f742a032cef5084e8,
2026-10-04,3096319,V3,威女超,卡迪夫城市FC女足 vs 优维克大学女足,,not reconstructed from future result,,,UNKNOWN,unknown,low,,PENDING_RESULT,,,
2026-10-04,3096319,V4,威女超,卡迪夫城市FC女足 vs 优维克大学女足,,not reconstructed from future result,,,UNKNOWN,unknown,low,,PENDING_RESULT,2026-10-04T10:07:42.469190+08:00,ea0beef1d2c81ab2f377,
2026-10-04,3096320,V3,威女超,雷克瑟姆女足 vs 新圣徒女足,,not reconstructed from future result,,,UNKNOWN,unknown,low,,PENDING_RESULT,,,
2026-10-04,3096320,V4,威女超,雷克瑟姆女足 vs 新圣徒女足,,not reconstructed from future result,,,UNKNOWN,unknown,low,,PENDING_RESULT,2026-10-04T10:07:42.469190+08:00,2608c531a446efceb19f,
2026-10-04,3096321,V3,意丁,阿沃拉 vs ASD拉古萨,,not reconstructed from future result,,,UNKNOWN,unknown,low,,PENDING_RESULT,,,
2026-10-04,3096321,V4,意丁,阿沃拉 vs ASD拉古萨,,not reconstructed from future result,,,UNKNOWN,unknown,low,,PENDING_RESULT,2026-10-04T10:07:42.469190+08:00,ab17d46a98b0b3bf3876,
2026-10-04,3096322,V3,意丁,戈拉 vs 巴勒莫竞技,,not reconstructed from future result,,,UNKNOWN,unknown,low,,PENDING_RESULT,,,
2026-10-04,3096322,V4,意丁,戈拉 vs 巴勒莫竞技,,not reconstructed from future result,,,UNKNOWN,unknown,low,,PENDING_RESULT,2026-10-04T10:07:42.469190+08:00,00af029a6e1ccc9095d7,
2026-10-04,3096323,V3,意丁,华图斯 vs 尼萨FC,,not reconstructed from future result,,,UNKNOWN,unknown,low,,PENDING_RESULT,,,
2026-10-04,3096323,V4,意丁,华图斯 vs 尼萨FC,,not reconstructed from future result,,,UNKNOWN,unknown,low,,PENDING_RESULT,2026-10-04T10:07:42.469190+08:00,8ae073418bbae6cc0c06,
2026-10-04,3096324,V3,意丁,利卡塔 vs 桑比亚塞,,not reconstructed from future result,,,UNKNOWN,unknown,low,,PENDING_RESULT,,,
2026-10-04,3096324,V4,意丁,利卡塔 vs 桑比亚塞,,not reconstructed from future result,,,UNKNOWN,unknown,low,,PENDING_RESULT,2026-10-04T10:07:42.469190+08:00,d3fb1d313227dca8fb0f,
2026-10-04,3096325,V3,意丁,米拉佐 vs 锡拉库萨,,not reconstructed from future result,,,UNKNOWN,unknown,low,,PENDING_RESULT,,,
2026-10-04,3096325,V4,意丁,米拉佐 vs 锡拉库萨,,not reconstructed from future result,,,UNKNOWN,unknown,low,,PENDING_RESULT,2026-10-04T10:07:42.469190+08:00,5717bf93d046fdc44dd1,
2026-10-04,3096326,V3,意丁,莫蒂卡 vs 恩纳,,not reconstructed from future result,,,UNKNOWN,unknown,low,,PENDING_RESULT,,,
2026-10-04,3096326,V4,意丁,莫蒂卡 vs 恩纳,,not reconstructed from future result,,,UNKNOWN,unknown,low,,PENDING_RESULT,2026-10-04T10:07:42.469190+08:00,6539265fcd18e784291b,
2026-10-04,3096327,V3,意丁,特腊帕尼 vs 雷吉纳,,not reconstructed from future result,,,UNKNOWN,unknown,low,,PENDING_RESULT,,,
2026-10-04,3096327,V4,意丁,特腊帕尼 vs 雷吉纳,,not reconstructed from future result,,,UNKNOWN,unknown,low,,PENDING_RESULT,2026-10-04T10:07:42.469190+08:00,21f856ddec56c8af3c14,
2026-10-04,3096328,V3,意丁,维波纳桑 vs 迪吉耶塞普拉亚托尔托拉,,not reconstructed from future result,,,UNKNOWN,unknown,low,,PENDING_RESULT,,,
2026-10-04,3096328,V4,意丁,维波纳桑 vs 迪吉耶塞普拉亚托尔托拉,,not reconstructed from future result,,,UNKNOWN,unknown,low,,PENDING_RESULT,2026-10-04T10:07:42.469190+08:00,0cbb2da2b8d9a3f524ab,
2026-10-04,3096329,V3,意丁,维哥雷兹亚 vs 卡斯特鲁姆法瓦拉,,not reconstructed from future result,,,UNKNOWN,unknown,low,,PENDING_RESULT,,,
2026-10-04,3096329,V4,意丁,维哥雷兹亚 vs 卡斯特鲁姆法瓦拉,,not reconstructed from future result,,,UNKNOWN,unknown,low,,PENDING_RESULT,2026-10-04T10:07:42.469190+08:00,50e4a98d8293c6eaed12,
2026-10-04,3096330,V3,意丁,比尔利斯 vs 戈扎诺,,not reconstructed from future result,,,UNKNOWN,unknown,low,,PENDING_RESULT,,,
2026-10-04,3096330,V4,意丁,比尔利斯 vs 戈扎诺,,not reconstructed from future result,,,UNKNOWN,unknown,low,,PENDING_RESULT,2026-10-04T10:07:42.469190+08:00,e88ba6d824607c87d285,
2026-10-04,3096331,V3,意丁,阿斯蒂 vs 米利西莫,,not reconstructed from future result,,,UNKNOWN,unknown,low,,PENDING_RESULT,,,
2026-10-04,3096331,V4,意丁,阿斯蒂 vs 米利西莫,,not reconstructed from future result,,,UNKNOWN,unknown,low,,PENDING_RESULT,2026-10-04T10:07:42.469190+08:00,a6fe7b9e4a83308b2df7,
2026-10-04,3096332,V3,意丁,博尔戈塞 vs 斯莱万特,,not reconstructed from future result,,,UNKNOWN,unknown,low,,PENDING_RESULT,,,
2026-10-04,3096332,V4,意丁,博尔戈塞 vs 斯莱万特,,not reconstructed from future result,,,UNKNOWN,unknown,low,,PENDING_RESULT,2026-10-04T10:07:42.469190+08:00,ff7ed59567346a07a070,
2026-10-04,3096333,V3,意丁,泽勒·瓦拉泽 vs 奇索拉,,not reconstructed from future result,,,UNKNOWN,unknown,low,,PENDING_RESULT,,,
2026-10-04,3096333,V4,意丁,泽勒·瓦拉泽 vs 奇索拉,,not reconstructed from future result,,,UNKNOWN,unknown,low,,PENDING_RESULT,2026-10-04T10:07:42.469190+08:00,4941f9a6f2ea95fb2196,
2026-10-04,3096334,V3,意丁,德尔特霍纳 vs 阿莱森多里亚,,not reconstructed from future result,,,UNKNOWN,unknown,low,,PENDING_RESULT,,,
2026-10-04,3096334,V4,意丁,德尔特霍纳 vs 阿莱森多里亚,,not reconstructed from future result,,,UNKNOWN,unknown,low,,PENDING_RESULT,2026-10-04T10:07:42.469190+08:00,8baf560b86b95adfcbcc,
2026-10-04,3096335,V3,意丁,费赞尼瑟 vs 华伦扎纳,,not reconstructed from future result,,,UNKNOWN,unknown,low,,PENDING_RESULT,,,
2026-10-04,3096335,V4,意丁,费赞尼瑟 vs 华伦扎纳,,not reconstructed from future result,,,UNKNOWN,unknown,low,,PENDING_RESULT,2026-10-04T10:07:42.469190+08:00,08796729765e0356539c,
2026-10-04,3096336,V3,意丁,拉斯卡里斯 vs ASD因佩里亚,,not reconstructed from future result,,,UNKNOWN,unknown,low,,PENDING_RESULT,,,
2026-10-04,3096336,V4,意丁,拉斯卡里斯 vs ASD因佩里亚,,not reconstructed from future result,,,UNKNOWN,unknown,low,,PENDING_RESULT,2026-10-04T10:07:42.469190+08:00,d1e4c3bca8b07d4dce9f,
2026-10-04,3096337,V3,意丁,利高列那 vs ACSD萨鲁佐,,not reconstructed from future result,,,UNKNOWN,unknown,low,,PENDING_RESULT,,,
2026-10-04,3096337,V4,意丁,利高列那 vs ACSD萨鲁佐,,not reconstructed from future result,,,UNKNOWN,unknown,low,,PENDING_RESULT,2026-10-04T10:07:42.469190+08:00,1cfd2d0e0fa4fce23ce5,
2026-10-04,3096338,V3,意丁,桑雷美森 vs 布拉,,not reconstructed from future result,,,UNKNOWN,unknown,low,,PENDING_RESULT,,,
2026-10-04,3096338,V4,意丁,桑雷美森 vs 布拉,,not reconstructed from future result,,,UNKNOWN,unknown,low,,PENDING_RESULT,2026-10-04T10:07:42.469190+08:00,a2b293993edd37098e2d,
2026-10-04,3096339,V3,意丁,布鲁萨波特 vs AC帕拉索洛,,not reconstructed from future result,,,UNKNOWN,unknown,low,,PENDING_RESULT,,,
2026-10-04,3096339,V4,意丁,布鲁萨波特 vs AC帕拉索洛,,not reconstructed from future result,,,UNKNOWN,unknown,low,,PENDING_RESULT,2026-10-04T10:07:42.469190+08:00,41db9b1d7ef1d4c63dc9,
2026-10-04,3096340,V3,意丁,阿斯德卡尔迪罗 vs 尼比亚瓦尔蒂顿,,not reconstructed from future result,,,UNKNOWN,unknown,low,,PENDING_RESULT,,,
2026-10-04,3096340,V4,意丁,阿斯德卡尔迪罗 vs 尼比亚瓦尔蒂顿,,not reconstructed from future result,,,UNKNOWN,unknown,low,,PENDING_RESULT,2026-10-04T10:07:42.469190+08:00,11b7994f2c24e27e211e,
2026-10-04,3096342,V3,意丁,西斯特拉诺 vs 维德思维罗纳,,not reconstructed from future result,,,UNKNOWN,unknown,low,,PENDING_RESULT,,,
2026-10-04,3096342,V4,意丁,西斯特拉诺 vs 维德思维罗纳,,not reconstructed from future result,,,UNKNOWN,unknown,low,,PENDING_RESULT,2026-10-04T10:07:42.469190+08:00,4225ae24a7b1a82b7b81,
2026-10-04,3096343,V3,意丁,米兰奴俱乐部 vs 莱昂蒙扎布里安扎,,not reconstructed from future result,,,UNKNOWN,unknown,low,,PENDING_RESULT,,,
2026-10-04,3096343,V4,意丁,米兰奴俱乐部 vs 莱昂蒙扎布里安扎,,not reconstructed from future result,,,UNKNOWN,unknown,low,,PENDING_RESULT,2026-10-04T10:07:42.469190+08:00,758b9a0e315bfa51fe4b,
2026-10-04,3096344,V3,意丁,帕沃内斯 vs 米兰未来,,not reconstructed from future result,,,UNKNOWN,unknown,low,,PENDING_RESULT,,,
2026-10-04,3096344,V4,意丁,帕沃内斯 vs 米兰未来,,not reconstructed from future result,,,UNKNOWN,unknown,low,,PENDING_RESULT,2026-10-04T10:07:42.469190+08:00,4edc35bdf60f8eb5d317,
2026-10-04,3096345,V3,意丁,皮亚琴察 vs 斯坎佐罗夏特,,not reconstructed from future result,,,UNKNOWN,unknown,low,,PENDING_RESULT,,,
2026-10-04,3096345,V4,意丁,皮亚琴察 vs 斯坎佐罗夏特,,not reconstructed from future result,,,UNKNOWN,unknown,low,,PENDING_RESULT,2026-10-04T10:07:42.469190+08:00,c5ddcf683ecd8a15ce79,
2026-10-04,3096346,V3,意丁,罗瓦托 vs 卡列皮纳,,not reconstructed from future result,,,UNKNOWN,unknown,low,,PENDING_RESULT,,,
2026-10-04,3096346,V4,意丁,罗瓦托 vs 卡列皮纳,,not reconstructed from future result,,,UNKNOWN,unknown,low,,PENDING_RESULT,2026-10-04T10:07:42.469190+08:00,b607b53721d339c183a3,
2026-10-04,3096347,V3,意丁,瓦尔布伦巴纳 vs US佛罗伦萨,,not reconstructed from future result,,,UNKNOWN,unknown,low,,PENDING_RESULT,,,
2026-10-04,3096347,V4,意丁,瓦尔布伦巴纳 vs US佛罗伦萨,,not reconstructed from future result,,,UNKNOWN,unknown,low,,PENDING_RESULT,2026-10-04T10:07:42.469190+08:00,f1d88175fe1adf0601dd,
2026-10-04,3096348,V3,意丁,布林迪西 vs 皇室农业,,not reconstructed from future result,,,UNKNOWN,unknown,low,,PENDING_RESULT,,,
2026-10-04,3096348,V4,意丁,布林迪西 vs 皇室农业,,not reconstructed from future result,,,UNKNOWN,unknown,low,,PENDING_RESULT,2026-10-04T10:07:42.469190+08:00,9ed78fd3a6fe4a42bc2d,
2026-10-04,3096349,V3,意丁,安德里亚 vs 皇家佛里奥,,not reconstructed from future result,,,UNKNOWN,unknown,low,,PENDING_RESULT,,,
2026-10-04,3096349,V4,意丁,安德里亚 vs 皇家佛里奥,,not reconstructed from future result,,,UNKNOWN,unknown,low,,PENDING_RESULT,2026-10-04T10:07:42.469190+08:00,188141771d0d8834c26b,
2026-10-04,3096350,V3,意丁,角斗士 vs AP图斯,,not reconstructed from future result,,,UNKNOWN,unknown,low,,PENDING_RESULT,,,
2026-10-04,3096350,V4,意丁,角斗士 vs AP图斯,,not reconstructed from future result,,,UNKNOWN,unknown,low,,PENDING_RESULT,2026-10-04T10:07:42.469190+08:00,0b1c86aed05a95db24fb,
2026-10-04,3096351,V3,意丁,伊斯基亚 vs 伊波利谭纳,,not reconstructed from future result,,,UNKNOWN,unknown,low,,PENDING_RESULT,,,
2026-10-04,3096351,V4,意丁,伊斯基亚 vs 伊波利谭纳,,not reconstructed from future result,,,UNKNOWN,unknown,low,,PENDING_RESULT,2026-10-04T10:07:42.469190+08:00,de1a6d51c1c0a675e7f8,
2026-10-04,3096352,V3,意丁,曼弗雷多尼亚 vs 比谢列1913,,not reconstructed from future result,,,UNKNOWN,unknown,low,,PENDING_RESULT,,,
2026-10-04,3096352,V4,意丁,曼弗雷多尼亚 vs 比谢列1913,,not reconstructed from future result,,,UNKNOWN,unknown,low,,PENDING_RESULT,2026-10-04T10:07:42.469190+08:00,578817a96a3628213a96,
2026-10-04,3096353,V3,意丁,马蒂纳 vs 弗兰卡维拉FC,,not reconstructed from future result,,,UNKNOWN,unknown,low,,PENDING_RESULT,,,
2026-10-04,3096353,V4,意丁,马蒂纳 vs 弗兰卡维拉FC,,not reconstructed from future result,,,UNKNOWN,unknown,low,,PENDING_RESULT,2026-10-04T10:07:42.469190+08:00,42e08d0b083127ee67aa,
2026-10-04,3096354,V3,意丁,ASD布莱恩利格纳诺 vs 卢帕伦斯,,not reconstructed from future result,,,UNKNOWN,unknown,low,,PENDING_RESULT,,,
2026-10-04,3096354,V4,意丁,ASD布莱恩利格纳诺 vs 卢帕伦斯,,not reconstructed from future result,,,UNKNOWN,unknown,low,,PENDING_RESULT,2026-10-04T10:07:42.469190+08:00,e28d473693e9e099f8e7,
2026-10-04,3096355,V3,意丁,AC埃斯特 vs 科内利亚诺,,not reconstructed from future result,,,UNKNOWN,unknown,low,,PENDING_RESULT,,,
2026-10-04,3096355,V4,意丁,AC埃斯特 vs 科内利亚诺,,not reconstructed from future result,,,UNKNOWN,unknown,low,,PENDING_RESULT,2026-10-04T10:07:42.469190+08:00,7582340c441b708bce64,
2026-10-04,3096356,V3,意丁,梅尔菲 vs 诺瑟里纳,,not reconstructed from future result,,,UNKNOWN,unknown,low,,PENDING_RESULT,,,
2026-10-04,3096356,V4,意丁,梅尔菲 vs 诺瑟里纳,,not reconstructed from future result,,,UNKNOWN,unknown,low,,PENDING_RESULT,2026-10-04T10:07:42.469190+08:00,b34006e82439f3aa4a89,
2026-10-04,3096357,V3,意丁,利哥纳诺萨卢斯 vs 巴萨诺,,not reconstructed from future result,,,UNKNOWN,unknown,low,,PENDING_RESULT,,,
2026-10-04,3096357,V4,意丁,利哥纳诺萨卢斯 vs 巴萨诺,,not reconstructed from future result,,,UNKNOWN,unknown,low,,PENDING_RESULT,2026-10-04T10:07:42.469190+08:00,78744941763d498ca401,
2026-10-04,3096358,V3,意丁,帕勒梅斯1914 vs 纳尔多,,not reconstructed from future result,,,UNKNOWN,unknown,low,,PENDING_RESULT,,,
2026-10-04,3096358,V4,意丁,帕勒梅斯1914 vs 纳尔多,,not reconstructed from future result,,,UNKNOWN,unknown,low,,PENDING_RESULT,2026-10-04T10:07:42.469190+08:00,858d8cde74b37a699ff6,
2026-10-04,3096360,V3,意丁,梅斯特雷 vs ACD坎波达尔,,not reconstructed from future result,,,UNKNOWN,unknown,low,,PENDING_RESULT,,,
2026-10-04,3096360,V4,意丁,梅斯特雷 vs ACD坎波达尔,,not reconstructed from future result,,,UNKNOWN,unknown,low,,PENDING_RESULT,2026-10-04T10:07:42.469190+08:00,d28676bd8dfae8ff28b0,
2026-10-04,3096362,V3,意丁,特里埃斯蒂纳 vs 奥伯马伊斯,,not reconstructed from future result,,,UNKNOWN,unknown,low,,PENDING_RESULT,,,
2026-10-04,3096362,V4,意丁,特里埃斯蒂纳 vs 奥伯马伊斯,,not reconstructed from future result,,,UNKNOWN,unknown,low,,PENDING_RESULT,2026-10-04T10:07:42.469190+08:00,dc08abb1f2d4f7d64b48,
2026-10-04,3096363,V3,意丁,克洛迪 vs 桑多纳1922,,not reconstructed from future result,,,UNKNOWN,unknown,low,,PENDING_RESULT,,,
2026-10-04,3096363,V4,意丁,克洛迪 vs 桑多纳1922,,not reconstructed from future result,,,UNKNOWN,unknown,low,,PENDING_RESULT,2026-10-04T10:07:42.469190+08:00,d421dcb97d6a5a30eeca,
2026-10-04,3096364,V3,意丁,博尔扎诺 vs 卡尔维诺阿莱,,not reconstructed from future result,,,UNKNOWN,unknown,low,,PENDING_RESULT,,,
2026-10-04,3096364,V4,意丁,博尔扎诺 vs 卡尔维诺阿莱,,not reconstructed from future result,,,UNKNOWN,unknown,low,,PENDING_RESULT,2026-10-04T10:07:42.469190+08:00,c3731acc926448575cdf,
2026-10-04,3096365,V3,意丁,FBC格拉维纳 vs 维鲁斯弗兰卡维拉,,not reconstructed from future result,,,UNKNOWN,unknown,low,,PENDING_RESULT,,,
2026-10-04,3096365,V4,意丁,FBC格拉维纳 vs 维鲁斯弗兰卡维拉,,not reconstructed from future result,,,UNKNOWN,unknown,low,,PENDING_RESULT,2026-10-04T10:07:42.469190+08:00,3a1d865dea29e6273c0c,
2026-10-04,3096366,V3,意丁,阿科纳特瑟 vs 普罗塞斯托,,not reconstructed from future result,,,UNKNOWN,unknown,low,,PENDING_RESULT,,,
2026-10-04,3096366,V4,意丁,阿科纳特瑟 vs 普罗塞斯托,,not reconstructed from future result,,,UNKNOWN,unknown,low,,PENDING_RESULT,2026-10-04T10:07:42.469190+08:00,56fdc3defafc12168c0e,
2026-10-04,3096367,V3,意丁,科雷格塞 vs 巴维亚,,not reconstructed from future result,,,UNKNOWN,unknown,low,,PENDING_RESULT,,,
2026-10-04,3096367,V4,意丁,科雷格塞 vs 巴维亚,,not reconstructed from future result,,,UNKNOWN,unknown,low,,PENDING_RESULT,2026-10-04T10:07:42.469190+08:00,84dda2a40339463947b0,
2026-10-04,3096368,V3,意丁,AC克丽玛1908 vs 奇塔瓦雷泽,,not reconstructed from future result,,,UNKNOWN,unknown,low,,PENDING_RESULT,,,
2026-10-04,3096368,V4,意丁,AC克丽玛1908 vs 奇塔瓦雷泽,,not reconstructed from future result,,,UNKNOWN,unknown,low,,PENDING_RESULT,2026-10-04T10:07:42.469190+08:00,d5052c87729b69125430,
2026-10-04,3096369,V3,意丁,奥尔特普罗 vs 伦蒂吉奥,,not reconstructed from future result,,,UNKNOWN,unknown,low,,PENDING_RESULT,,,
2026-10-04,3096369,V4,意丁,奥尔特普罗 vs 伦蒂吉奥,,not reconstructed from future result,,,UNKNOWN,unknown,low,,PENDING_RESULT,2026-10-04T10:07:42.469190+08:00,e2e6639ae15d4897f0ae,
2026-10-04,3096370,V3,意丁,彭特德拉 vs 西塔德拉维斯摩德纳,,not reconstructed from future result,,,UNKNOWN,unknown,low,,PENDING_RESULT,,,
2026-10-04,3096370,V4,意丁,彭特德拉 vs 西塔德拉维斯摩德纳,,not reconstructed from future result,,,UNKNOWN,unknown,low,,PENDING_RESULT,2026-10-04T10:07:42.469190+08:00,5bea4c0ec15eba15e3c9,
2026-10-04,3096371,V3,意丁,ACD圣天使 vs USD卡斯特兰泽,,not reconstructed from future result,,,UNKNOWN,unknown,low,,PENDING_RESULT,,,
2026-10-04,3096371,V4,意丁,ACD圣天使 vs USD卡斯特兰泽,,not reconstructed from future result,,,UNKNOWN,unknown,low,,PENDING_RESULT,2026-10-04T10:07:42.469190+08:00,e07b623cdf79b69dfdfa,
2026-10-04,3096372,V3,意丁,索尔比亚泰塞阿尔诺 vs 热带科里亚诺,,not reconstructed from future result,,,UNKNOWN,unknown,low,,PENDING_RESULT,,,
2026-10-04,3096372,V4,意丁,索尔比亚泰塞阿尔诺 vs 热带科里亚诺,,not reconstructed from future result,,,UNKNOWN,unknown,low,,PENDING_RESULT,2026-10-04T10:07:42.469190+08:00,37b71e7d9e11e9ad3294,
2026-10-04,3096373,V3,意丁,USD卡萨特塞 vs 比斯托伊斯,,not reconstructed from future result,,,UNKNOWN,unknown,low,,PENDING_RESULT,,,
2026-10-04,3096373,V4,意丁,USD卡萨特塞 vs 比斯托伊斯,,not reconstructed from future result,,,UNKNOWN,unknown,low,,PENDING_RESULT,2026-10-04T10:07:42.469190+08:00,0eb394cc79c8a994723b,
2026-10-04,3096374,V3,意丁,威雷斯 vs 柏迪亚,,not reconstructed from future result,,,UNKNOWN,unknown,low,,PENDING_RESULT,,,
2026-10-04,3096374,V4,意丁,威雷斯 vs 柏迪亚,,not reconstructed from future result,,,UNKNOWN,unknown,low,,PENDING_RESULT,2026-10-04T10:07:42.469190+08:00,089a09b463edb8e03ed9,
2026-10-04,3096375,V3,意丁,奇维塔卡斯提亚 vs 瓜沃兰纳,,not reconstructed from future result,,,UNKNOWN,unknown,low,,PENDING_RESULT,,,
2026-10-04,3096375,V4,意丁,奇维塔卡斯提亚 vs 瓜沃兰纳,,not reconstructed from future result,,,UNKNOWN,unknown,low,,PENDING_RESULT,2026-10-04T10:07:42.469190+08:00,a760bee6dad0dfbb6409,
2026-10-04,3096376,V3,意丁,基维扎诺 vs 塔乌,,not reconstructed from future result,,,UNKNOWN,unknown,low,,PENDING_RESULT,,,
2026-10-04,3096376,V4,意丁,基维扎诺 vs 塔乌,,not reconstructed from future result,,,UNKNOWN,unknown,low,,PENDING_RESULT,2026-10-04T10:07:42.469190+08:00,defea648d05a0c01c634,
2026-10-04,3096377,V3,意丁,格拉西纳 vs 卢捷斯,,not reconstructed from future result,,,UNKNOWN,unknown,low,,PENDING_RESULT,,,
2026-10-04,3096377,V4,意丁,格拉西纳 vs 卢捷斯,,not reconstructed from future result,,,UNKNOWN,unknown,low,,PENDING_RESULT,2026-10-04T10:07:42.469190+08:00,902f26ae94216f94d246,
2026-10-04,3096378,V3,意丁,ASD隆迪内拉马尔佐科 vs 普罗格雷索足球,,not reconstructed from future result,,,UNKNOWN,unknown,low,,PENDING_RESULT,,,
2026-10-04,3096378,V4,意丁,ASD隆迪内拉马尔佐科 vs 普罗格雷索足球,,not reconstructed from future result,,,UNKNOWN,unknown,low,,PENDING_RESULT,2026-10-04T10:07:42.469190+08:00,c705b01071646f9eafdb,
2026-10-04,3096379,V3,意丁,圣多纳托 vs 宾格,,not reconstructed from future result,,,UNKNOWN,unknown,low,,PENDING_RESULT,,,
2026-10-04,3096379,V4,意丁,圣多纳托 vs 宾格,,not reconstructed from future result,,,UNKNOWN,unknown,low,,PENDING_RESULT,2026-10-04T10:07:42.469190+08:00,f39a6b2594b9e5f01ead,
2026-10-04,3096380,V3,意丁,ASD萨索马尔科尼 vs 斯堪,,not reconstructed from future result,,,UNKNOWN,unknown,low,,PENDING_RESULT,,,
2026-10-04,3096380,V4,意丁,ASD萨索马尔科尼 vs 斯堪,,not reconstructed from future result,,,UNKNOWN,unknown,low,,PENDING_RESULT,2026-10-04T10:07:42.469190+08:00,884e65f28a34b68a5425,
2026-10-04,3096381,V3,意丁,锡耶纳 vs ASD塞拉韦扎足球,,not reconstructed from future result,,,UNKNOWN,unknown,low,,PENDING_RESULT,,,
2026-10-04,3096381,V4,意丁,锡耶纳 vs ASD塞拉韦扎足球,,not reconstructed from future result,,,UNKNOWN,unknown,low,,PENDING_RESULT,2026-10-04T10:07:42.469190+08:00,66cfa1288ca4ca1659ea,
2026-10-04,3096382,V3,意丁,特拉纳 vs 蒙蒂维亚奇,,not reconstructed from future result,,,UNKNOWN,unknown,low,,PENDING_RESULT,,,
2026-10-04,3096382,V4,意丁,特拉纳 vs 蒙蒂维亚奇,,not reconstructed from future result,,,UNKNOWN,unknown,low,,PENDING_RESULT,2026-10-04T10:07:42.469190+08:00,cb5d713b7df339bffc08,
2026-10-04,3096384,V3,意丁,亚费拉戈勒瑟1944 vs 奥塞塞综合体育,,not reconstructed from future result,,,UNKNOWN,unknown,low,,PENDING_RESULT,,,
2026-10-04,3096384,V4,意丁,亚费拉戈勒瑟1944 vs 奥塞塞综合体育,,not reconstructed from future result,,,UNKNOWN,unknown,low,,PENDING_RESULT,2026-10-04T10:07:42.469190+08:00,7a8fd4278c81b2bf8d3e,
2026-10-04,3096385,V3,意丁,阿尔巴隆 vs 安芝拉华尼奥,,not reconstructed from future result,,,UNKNOWN,unknown,low,,PENDING_RESULT,,,
2026-10-04,3096385,V4,意丁,阿尔巴隆 vs 安芝拉华尼奥,,not reconstructed from future result,,,UNKNOWN,unknown,low,,PENDING_RESULT,2026-10-04T10:07:42.469190+08:00,8c18bf65feccd5dcf876,
2026-10-04,3096386,V3,意丁,布多尼 vs 莫纳斯提尔,,not reconstructed from future result,,,UNKNOWN,unknown,low,,PENDING_RESULT,,,
2026-10-04,3096386,V4,意丁,布多尼 vs 莫纳斯提尔,,not reconstructed from future result,,,UNKNOWN,unknown,low,,PENDING_RESULT,2026-10-04T10:07:42.469190+08:00,d1e4e3963382b7d637a4,
2026-10-04,3096387,V3,意丁,坎帕尼亚诺 vs ASD阿拉诺瓦,,not reconstructed from future result,,,UNKNOWN,unknown,low,,PENDING_RESULT,,,
2026-10-04,3096387,V4,意丁,坎帕尼亚诺 vs ASD阿拉诺瓦,,not reconstructed from future result,,,UNKNOWN,unknown,low,,PENDING_RESULT,2026-10-04T10:07:42.469190+08:00,0e07d8e2860ae1ed9e90,
2026-10-04,3096388,V3,意丁,杰尔比 vs 韦纳夫罗,,not reconstructed from future result,,,UNKNOWN,unknown,low,,PENDING_RESULT,,,
2026-10-04,3096388,V4,意丁,杰尔比 vs 韦纳夫罗,,not reconstructed from future result,,,UNKNOWN,unknown,low,,PENDING_RESULT,2026-10-04T10:07:42.469190+08:00,eb23addc199fd1862cb4,
2026-10-04,3096389,V3,意丁,拿特多尔切 vs 萨拉布斯,,not reconstructed from future result,,,UNKNOWN,unknown,low,,PENDING_RESULT,,,
2026-10-04,3096389,V4,意丁,拿特多尔切 vs 萨拉布斯,,not reconstructed from future result,,,UNKNOWN,unknown,low,,PENDING_RESULT,2026-10-04T10:07:42.469190+08:00,f4fcd851045eb605c8ac,
2026-10-04,3096390,V3,意丁,萨尼斯 vs 佩格尼斯,,not reconstructed from future result,,,UNKNOWN,unknown,low,,PENDING_RESULT,,,
2026-10-04,3096390,V4,意丁,萨尼斯 vs 佩格尼斯,,not reconstructed from future result,,,UNKNOWN,unknown,low,,PENDING_RESULT,2026-10-04T10:07:42.469190+08:00,879282397dff2dafa36d,
2026-10-04,3096391,V3,意丁,特拉斯提弗列 vs 阿纳格尼城,,not reconstructed from future result,,,UNKNOWN,unknown,low,,PENDING_RESULT,,,
2026-10-04,3096391,V4,意丁,特拉斯提弗列 vs 阿纳格尼城,,not reconstructed from future result,,,UNKNOWN,unknown,low,,PENDING_RESULT,2026-10-04T10:07:42.469190+08:00,205d31f0f076d135d41e,
2026-10-04,3096392,V3,意丁,尤尼波米齐亚 vs 洛迪贾尼竞技,,not reconstructed from future result,,,UNKNOWN,unknown,low,,PENDING_RESULT,,,
2026-10-04,3096392,V4,意丁,尤尼波米齐亚 vs 洛迪贾尼竞技,,not reconstructed from future result,,,UNKNOWN,unknown,low,,PENDING_RESULT,2026-10-04T10:07:42.469190+08:00,cb889f1c9f07bd654e7b,
2026-10-04,3096393,V3,意丁,安科纳 vs ASD特斯塔纳体育,,not reconstructed from future result,,,UNKNOWN,unknown,low,,PENDING_RESULT,,,
2026-10-04,3096393,V4,意丁,安科纳 vs ASD特斯塔纳体育,,not reconstructed from future result,,,UNKNOWN,unknown,low,,PENDING_RESULT,2026-10-04T10:07:42.469190+08:00,4a5afd87f923fd3bb180,
2026-10-04,3096394,V3,意丁,阿斯科利竞技 vs 福索姆布隆,,not reconstructed from future result,,,UNKNOWN,unknown,low,,PENDING_RESULT,,,
2026-10-04,3096394,V4,意丁,阿斯科利竞技 vs 福索姆布隆,,not reconstructed from future result,,,UNKNOWN,unknown,low,,PENDING_RESULT,2026-10-04T10:07:42.469190+08:00,45f31fd8ba1060e58b23,
2026-10-04,3096395,V3,意丁,佛利奴 vs 安吉拉娜,,not reconstructed from future result,,,UNKNOWN,unknown,low,,PENDING_RESULT,,,
2026-10-04,3096395,V4,意丁,佛利奴 vs 安吉拉娜,,not reconstructed from future result,,,UNKNOWN,unknown,low,,PENDING_RESULT,2026-10-04T10:07:42.469190+08:00,3af22cdffcdcddda11f4,
2026-10-04,3096396,V3,意丁,蒙特奇奥 vs 圣尼科洛,,not reconstructed from future result,,,UNKNOWN,unknown,low,,PENDING_RESULT,,,
2026-10-04,3096396,V4,意丁,蒙特奇奥 vs 圣尼科洛,,not reconstructed from future result,,,UNKNOWN,unknown,low,,PENDING_RESULT,2026-10-04T10:07:42.469190+08:00,2a971843a1a03d5c585f,
2026-10-04,3096397,V3,意丁,彼得拉伦盖塞综合体育俱乐部 vs 拉奎拉,,not reconstructed from future result,,,UNKNOWN,unknown,low,,PENDING_RESULT,,,
2026-10-04,3096397,V4,意丁,彼得拉伦盖塞综合体育俱乐部 vs 拉奎拉,,not reconstructed from future result,,,UNKNOWN,unknown,low,,PENDING_RESULT,2026-10-04T10:07:42.469190+08:00,dd1a85a66dcae8a8fdcf,
2026-10-04,3096398,V3,意丁,雷散特斯 vs 玛撤拉塔瑟,,not reconstructed from future result,,,UNKNOWN,unknown,low,,PENDING_RESULT,,,
2026-10-04,3096398,V4,意丁,雷散特斯 vs 玛撤拉塔瑟,,not reconstructed from future result,,,UNKNOWN,unknown,low,,PENDING_RESULT,2026-10-04T10:07:42.469190+08:00,a2121f4d44f0abdff549,
2026-10-04,3096399,V3,意丁,圣特基迪瑟 vs 朱利亚诺瓦,,not reconstructed from future result,,,UNKNOWN,unknown,low,,PENDING_RESULT,,,
2026-10-04,3096399,V4,意丁,圣特基迪瑟 vs 朱利亚诺瓦,,not reconstructed from future result,,,UNKNOWN,unknown,low,,PENDING_RESULT,2026-10-04T10:07:42.469190+08:00,c908f379824f22cc08be,
2026-10-04,3096400,V3,意丁,特拉莫 vs 塞尼加利亚,,not reconstructed from future result,,,UNKNOWN,unknown,low,,PENDING_RESULT,,,
2026-10-04,3096400,V4,意丁,特拉莫 vs 塞尼加利亚,,not reconstructed from future result,,,UNKNOWN,unknown,low,,PENDING_RESULT,2026-10-04T10:07:42.469190+08:00,1cd963508996f566b4c9,
2026-10-04,3096401,V3,意丁,特勒莫利 vs 兰恰诺,,not reconstructed from future result,,,UNKNOWN,unknown,low,,PENDING_RESULT,,,
2026-10-04,3096401,V4,意丁,特勒莫利 vs 兰恰诺,,not reconstructed from future result,,,UNKNOWN,unknown,low,,PENDING_RESULT,2026-10-04T10:07:42.469190+08:00,a5daf317e86934fdccb7,
2026-10-04,3096402,V3,罗女超,克雷奥瓦大学女足 vs 迅捷FC女足,,not reconstructed from future result,,,UNKNOWN,unknown,low,,PENDING_RESULT,,,
2026-10-04,3096402,V4,罗女超,克雷奥瓦大学女足 vs 迅捷FC女足,,not reconstructed from future result,,,UNKNOWN,unknown,low,,PENDING_RESULT,2026-10-04T10:07:42.469190+08:00,46ac88cb6ff073792e98,
2026-10-04,3096403,V3,墨西乙A,阿波达卡 vs 雷诺萨牛仔,,not reconstructed from future result,,,UNKNOWN,unknown,low,,PENDING_RESULT,,,
2026-10-04,3096403,V4,墨西乙A,阿波达卡 vs 雷诺萨牛仔,,not reconstructed from future result,,,UNKNOWN,unknown,low,,PENDING_RESULT,2026-10-04T10:07:42.469190+08:00,6b9bfeb12286687050e2,
2026-10-04,3096406,V3,委内乙,米纳文 vs 莫纳加斯B队,,not reconstructed from future result,,,UNKNOWN,unknown,low,,PENDING_RESULT,,,
2026-10-04,3096406,V4,委内乙,米纳文 vs 莫纳加斯B队,,not reconstructed from future result,,,UNKNOWN,unknown,low,,PENDING_RESULT,2026-10-04T10:07:42.469190+08:00,511061dda84fec2c4d7e,
2026-10-04,3096407,V3,委内乙,阿维拉竞技 vs 波多港,,not reconstructed from future result,,,UNKNOWN,unknown,low,,PENDING_RESULT,,,
2026-10-04,3096407,V4,委内乙,阿维拉竞技 vs 波多港,,not reconstructed from future result,,,UNKNOWN,unknown,low,,PENDING_RESULT,2026-10-04T10:07:42.469190+08:00,08c36665751895a6c245,
2026-10-04,3096408,V3,委内乙,麦尼拉斯 vs 米兰达,,not reconstructed from future result,,,UNKNOWN,unknown,low,,PENDING_RESULT,,,
2026-10-04,3096408,V4,委内乙,麦尼拉斯 vs 米兰达,,not reconstructed from future result,,,UNKNOWN,unknown,low,,PENDING_RESULT,2026-10-04T10:07:42.469190+08:00,7811f0408fc4bd774fef,
2026-10-04,3096409,V3,匈丙,汉维特二队 vs 克鲁勒,,not reconstructed from future result,,,UNKNOWN,unknown,low,,PENDING_RESULT,,,
2026-10-04,3096409,V4,匈丙,汉维特二队 vs 克鲁勒,,not reconstructed from future result,,,UNKNOWN,unknown,low,,PENDING_RESULT,2026-10-04T10:07:42.469190+08:00,4b326948bf2b6203d41a,
2026-10-04,3096411,V3,匈丙,塞格德II vs 霍德梅泽瓦沙海伊,,not reconstructed from future result,,,UNKNOWN,unknown,low,,PENDING_RESULT,,,
2026-10-04,3096411,V4,匈丙,塞格德II vs 霍德梅泽瓦沙海伊,,not reconstructed from future result,,,UNKNOWN,unknown,low,,PENDING_RESULT,2026-10-04T10:07:42.469190+08:00,be8497d1b30bacae58ef,
2026-10-04,3096413,V3,匈丙,布达佩斯1908 vs 索普龙,,not reconstructed from future result,,,UNKNOWN,unknown,low,,PENDING_RESULT,,,
2026-10-04,3096413,V4,匈丙,布达佩斯1908 vs 索普龙,,not reconstructed from future result,,,UNKNOWN,unknown,low,,PENDING_RESULT,2026-10-04T10:07:42.469190+08:00,40ac77bff42fbd364e76,
2026-10-04,3096414,V3,匈丙,达巴斯 vs 切贝尔,,not reconstructed from future result,,,UNKNOWN,unknown,low,,PENDING_RESULT,,,
2026-10-04,3096414,V4,匈丙,达巴斯 vs 切贝尔,,not reconstructed from future result,,,UNKNOWN,unknown,low,,PENDING_RESULT,2026-10-04T10:07:42.469190+08:00,3d93f5216bfa1c3fdee3,
2026-10-04,3096415,V3,匈丙,多罗吉 vs 夏拿达斯,,not reconstructed from future result,,,UNKNOWN,unknown,low,,PENDING_RESULT,,,
2026-10-04,3096415,V4,匈丙,多罗吉 vs 夏拿达斯,,not reconstructed from future result,,,UNKNOWN,unknown,low,,PENDING_RESULT,2026-10-04T10:07:42.469190+08:00,eea71ecf56202b92486a,
2026-10-04,3096416,V3,阿联U23,沙迦U23 vs 艾维赫达U23,,not reconstructed from future result,,,UNKNOWN,unknown,low,,PENDING_RESULT,,,
2026-10-04,3096416,V4,阿联U23,沙迦U23 vs 艾维赫达U23,,not reconstructed from future result,,,UNKNOWN,unknown,low,,PENDING_RESULT,2026-10-04T10:07:42.469190+08:00,f58eed7d080f3880cbaa,
2026-10-04,3096417,V3,北爱女超,克里夫顿维尔女足 vs 格伦杜兰女足,,not reconstructed from future result,,,UNKNOWN,unknown,low,,PENDING_RESULT,,,
2026-10-04,3096417,V4,北爱女超,克里夫顿维尔女足 vs 格伦杜兰女足,,not reconstructed from future result,,,UNKNOWN,unknown,low,,PENDING_RESULT,2026-10-04T10:07:42.469190+08:00,ea765a036a4020a1f03c,
2026-10-04,3096418,V3,北爱女超,克鲁萨德前锋女足 vs 德利城女足,,not reconstructed from future result,,,UNKNOWN,unknown,low,,PENDING_RESULT,,,
2026-10-04,3096418,V4,北爱女超,克鲁萨德前锋女足 vs 德利城女足,,not reconstructed from future result,,,UNKNOWN,unknown,low,,PENDING_RESULT,2026-10-04T10:07:42.469190+08:00,3119fe868993b8122fc2,
2026-10-04,3096419,V3,北爱女超,拉恩FC女足 vs 里斯布恩女足,,not reconstructed from future result,,,UNKNOWN,unknown,low,,PENDING_RESULT,,,
2026-10-04,3096419,V4,北爱女超,拉恩FC女足 vs 里斯布恩女足,,not reconstructed from future result,,,UNKNOWN,unknown,low,,PENDING_RESULT,2026-10-04T10:07:42.469190+08:00,f5dbf65a084489445584,
2026-10-04,3096420,V3,北爱女超,里斯本流浪女足 vs 连菲特女足,,not reconstructed from future result,,,UNKNOWN,unknown,low,,PENDING_RESULT,,,
2026-10-04,3096420,V4,北爱女超,里斯本流浪女足 vs 连菲特女足,,not reconstructed from future result,,,UNKNOWN,unknown,low,,PENDING_RESULT,2026-10-04T10:07:42.469190+08:00,8242304b97c218825bf3,
2026-10-04,3096421,V3,希腊女超,PAOK沙朗历基女足 vs 阿吉亚女足,,not reconstructed from future result,,,UNKNOWN,unknown,low,,PENDING_RESULT,,,
2026-10-04,3096421,V4,希腊女超,PAOK沙朗历基女足 vs 阿吉亚女足,,not reconstructed from future result,,,UNKNOWN,unknown,low,,PENDING_RESULT,2026-10-04T10:07:42.469190+08:00,d28e9f33585e75a0858e,
2026-10-04,3096423,V3,新西女超,伊斯特恩沙伯女足 vs 威灵顿凤凰女足后备队,0-0,not reconstructed from future result,,,UNKNOWN,unknown,low,,PENDING_RESULT,,,
2026-10-04,3096423,V4,新西女超,伊斯特恩沙伯女足 vs 威灵顿凤凰女足后备队,0-0,not reconstructed from future result,,,UNKNOWN,unknown,low,,PENDING_RESULT,2026-10-04T10:07:42.469190+08:00,155cafe377bf65add615,N
2026-10-04,3096424,V3,菲律甲,梅拉尔马尼拉 vs 菲律宾军队,,not reconstructed from future result,,,UNKNOWN,unknown,low,,PENDING_RESULT,,,
2026-10-04,3096424,V4,菲律甲,梅拉尔马尼拉 vs 菲律宾军队,,not reconstructed from future result,,,UNKNOWN,unknown,low,,PENDING_RESULT,2026-10-04T10:07:42.469190+08:00,b4c832e771846f5fea79,
2026-10-04,3096425,V3,菲律甲,达沃阿古拿斯 vs 图洛伊,,not reconstructed from future result,,,UNKNOWN,unknown,low,,PENDING_RESULT,,,
2026-10-04,3096425,V4,菲律甲,达沃阿古拿斯 vs 图洛伊,,not reconstructed from future result,,,UNKNOWN,unknown,low,,PENDING_RESULT,2026-10-04T10:07:42.469190+08:00,d6c8756b63059c040d82,
2026-10-04,3096426,V3,菲律甲,马尼拉挖掘者 vs 宿务俱乐部,,not reconstructed from future result,,,UNKNOWN,unknown,low,,PENDING_RESULT,,,
2026-10-04,3096426,V4,菲律甲,马尼拉挖掘者 vs 宿务俱乐部,,not reconstructed from future result,,,UNKNOWN,unknown,low,,PENDING_RESULT,2026-10-04T10:07:42.469190+08:00,f7dc1276671cb310b417,
2026-10-04,3096427,V3,葡女锦,布拉加女足 vs 本菲卡女足,,not reconstructed from future result,,,UNKNOWN,unknown,low,,PENDING_RESULT,,,
2026-10-04,3096427,V4,葡女锦,布拉加女足 vs 本菲卡女足,,not reconstructed from future result,,,UNKNOWN,unknown,low,,PENDING_RESULT,2026-10-04T10:07:42.469190+08:00,f14f6b8b17e5aa0bf54b,
2026-10-04,3096428,V3,葡女锦,拉辛女足 vs 波图女足,,not reconstructed from future result,,,UNKNOWN,unknown,low,,PENDING_RESULT,,,
2026-10-04,3096428,V4,葡女锦,拉辛女足 vs 波图女足,,not reconstructed from future result,,,UNKNOWN,unknown,low,,PENDING_RESULT,2026-10-04T10:07:42.469190+08:00,cdbd72e6dd100315cb4e,
2026-10-04,3096429,V3,葡女锦,里奥阿维女足 vs 马里迪莫女足,,not reconstructed from future result,,,UNKNOWN,unknown,low,,PENDING_RESULT,,,
2026-10-04,3096429,V4,葡女锦,里奥阿维女足 vs 马里迪莫女足,,not reconstructed from future result,,,UNKNOWN,unknown,low,,PENDING_RESULT,2026-10-04T10:07:42.469190+08:00,6c0e14354bf4884fae5b,
2026-10-04,3096430,V3,阿根业余锦,圣马丁福莫萨 vs 阿特纳斯体育,,not reconstructed from future result,,,UNKNOWN,unknown,low,,PENDING_RESULT,,,
2026-10-04,3096430,V4,阿根业余锦,圣马丁福莫萨 vs 阿特纳斯体育,,not reconstructed from future result,,,UNKNOWN,unknown,low,,PENDING_RESULT,2026-10-04T10:07:42.469190+08:00,08e35fce92566b0a0435,
2026-10-04,3096431,V3,阿根业余锦,阿尔瓦拉多 vs 贝尔格拉诺防卫队(VR),,not reconstructed from future result,,,UNKNOWN,unknown,low,,PENDING_RESULT,,,
2026-10-04,3096431,V4,阿根业余锦,阿尔瓦拉多 vs 贝尔格拉诺防卫队(VR),,not reconstructed from future result,,,UNKNOWN,unknown,low,,PENDING_RESULT,2026-10-04T10:07:42.469190+08:00,614d2fa1d1ae6eead72d,
2026-10-04,3096432,V3,阿根业余锦,奇维尔科伊体操 vs 奥林匹奥,,not reconstructed from future result,,,UNKNOWN,unknown,low,,PENDING_RESULT,,,
2026-10-04,3096432,V4,阿根业余锦,奇维尔科伊体操 vs 奥林匹奥,,not reconstructed from future result,,,UNKNOWN,unknown,low,,PENDING_RESULT,2026-10-04T10:07:42.469190+08:00,b8fe7cdde8ade559a333,
2026-10-04,3096433,V3,阿根业余锦,西波列蒂 vs 索尔福姆,,not reconstructed from future result,,,UNKNOWN,unknown,low,,PENDING_RESULT,,,
2026-10-04,3096433,V4,阿根业余锦,西波列蒂 vs 索尔福姆,,not reconstructed from future result,,,UNKNOWN,unknown,low,,PENDING_RESULT,2026-10-04T10:07:42.469190+08:00,98ed9f055ef799d55ece,
2026-10-04,3096434,V3,乌拉乙,科尔隆 vs 奥瑞多拉巴斯,,not reconstructed from future result,,,UNKNOWN,unknown,low,,PENDING_RESULT,2026-10-04T10:07:41+08:00,5aa94a8103a04d9c049a,不投
2026-10-04,3096434,V4,乌拉乙,科尔隆 vs 奥瑞多拉巴斯,,not reconstructed from future result,,,UNKNOWN,unknown,low,,PENDING_RESULT,2026-10-04T10:07:42.469190+08:00,c740c8e3ecfe565d7aae,N
2026-10-04,3096435,V3,乌拉乙,芬斯 vs 蒙特维迪奥,,not reconstructed from future result,,,UNKNOWN,unknown,low,,PENDING_RESULT,2026-10-04T10:07:41+08:00,5152e9c1b325fb72c4f5,不投
2026-10-04,3096435,V4,乌拉乙,芬斯 vs 蒙特维迪奥,,not reconstructed from future result,,,UNKNOWN,unknown,low,,PENDING_RESULT,2026-10-04T09:58:08.993953+08:00,5f428a7238ca984025be,B
2026-10-04,3096436,V3,乌拉乙,佩莱扎 vs 切里托,,not reconstructed from future result,,,UNKNOWN,unknown,low,,PENDING_RESULT,2026-10-04T10:07:41+08:00,7cf76b120a009d3e926e,不投
2026-10-04,3096436,V4,乌拉乙,佩莱扎 vs 切里托,,not reconstructed from future result,,,UNKNOWN,unknown,low,,PENDING_RESULT,2026-10-04T10:07:42.469190+08:00,659a85b8f75b89abd87c,N
2026-10-04,3096437,V3,乌拉乙,LA卢兹 vs 蒙得维的亚河床,,not reconstructed from future result,,,UNKNOWN,unknown,low,,PENDING_RESULT,2026-10-04T10:07:41+08:00,d9950a11be14c85df125,不投
2026-10-04,3096437,V4,乌拉乙,LA卢兹 vs 蒙得维的亚河床,,not reconstructed from future result,,,UNKNOWN,unknown,low,,PENDING_RESULT,2026-10-04T10:07:42.469190+08:00,c19bd8582a7025d45e81,N
2026-10-04,3096439,V3,委内乙,卡贝略港学院B队 vs 拉腊体育,,not reconstructed from future result,,,UNKNOWN,unknown,low,,PENDING_RESULT,,,
2026-10-04,3096439,V4,委内乙,卡贝略港学院B队 vs 拉腊体育,,not reconstructed from future result,,,UNKNOWN,unknown,low,,PENDING_RESULT,2026-10-04T10:07:42.469190+08:00,a5785443c0b2df076861,
2026-10-04,3096440,V3,委内乙,乌勒纳 vs 巴利纳斯竞技,,not reconstructed from future result,,,UNKNOWN,unknown,low,,PENDING_RESULT,,,
2026-10-04,3096440,V4,委内乙,乌勒纳 vs 巴利纳斯竞技,,not reconstructed from future result,,,UNKNOWN,unknown,low,,PENDING_RESULT,2026-10-04T10:07:42.469190+08:00,73e9ac415140e2c151c1,
2026-10-04,3096441,V3,委内乙,FC萨莫拿B队 vs 亚拉库雅诺斯,,not reconstructed from future result,,,UNKNOWN,unknown,low,,PENDING_RESULT,,,
2026-10-04,3096441,V4,委内乙,FC萨莫拿B队 vs 亚拉库雅诺斯,,not reconstructed from future result,,,UNKNOWN,unknown,low,,PENDING_RESULT,2026-10-04T10:07:42.469190+08:00,aa431078fd6f082b9068,
2026-10-04,3096442,V3,国际友谊,德国U16 vs 奥地利U16,,not reconstructed from future result,,,UNKNOWN,unknown,low,,PENDING_RESULT,,,
2026-10-04,3096442,V4,国际友谊,德国U16 vs 奥地利U16,,not reconstructed from future result,,,UNKNOWN,unknown,low,,PENDING_RESULT,2026-10-04T10:07:42.469190+08:00,7cd97bf1042aa9b4388f,
2026-10-04,3096443,V3,国际友谊,巴西U20 vs 墨西哥U20,,not reconstructed from future result,,,UNKNOWN,unknown,low,,PENDING_RESULT,,,
2026-10-04,3096443,V4,国际友谊,巴西U20 vs 墨西哥U20,,not reconstructed from future result,,,UNKNOWN,unknown,low,,PENDING_RESULT,2026-10-04T09:58:08.993953+08:00,3afdabbdb17433b06f0e,C
2026-10-04,3096444,V3,国际友谊,波兰U16 vs 希腊U16,,not reconstructed from future result,,,UNKNOWN,unknown,low,,PENDING_RESULT,,,
2026-10-04,3096444,V4,国际友谊,波兰U16 vs 希腊U16,,not reconstructed from future result,,,UNKNOWN,unknown,low,,PENDING_RESULT,2026-10-04T10:07:42.469190+08:00,c8f2571f330725e02551,
2026-10-04,3096445,V3,国际友谊,法罗群岛U19 vs 阿联酋U19,,not reconstructed from future result,,,UNKNOWN,unknown,low,,PENDING_RESULT,,,
2026-10-04,3096445,V4,国际友谊,法罗群岛U19 vs 阿联酋U19,,not reconstructed from future result,,,UNKNOWN,unknown,low,,PENDING_RESULT,2026-10-04T10:07:42.469190+08:00,f01682f4bfeb5fc0b0eb,
2026-10-04,3096446,V3,国际友谊,克罗地亚U19 vs 土耳其U19,,not reconstructed from future result,,,UNKNOWN,unknown,low,,PENDING_RESULT,,,
2026-10-04,3096446,V4,国际友谊,克罗地亚U19 vs 土耳其U19,,not reconstructed from future result,,,UNKNOWN,unknown,low,,PENDING_RESULT,2026-10-04T10:07:42.469190+08:00,4b13711028d4ca49e01c,
2026-10-04,3096447,V3,国际友谊,德国U17 vs 英格兰U17,,not reconstructed from future result,,,UNKNOWN,unknown,low,,PENDING_RESULT,,,
2026-10-04,3096447,V4,国际友谊,德国U17 vs 英格兰U17,,not reconstructed from future result,,,UNKNOWN,unknown,low,,PENDING_RESULT,2026-10-04T10:07:42.469190+08:00,b684f9615a45c756b820,
2026-10-04,3096448,V3,国际友谊,以色列U17 vs 委内瑞拉U16,,not reconstructed from future result,,,UNKNOWN,unknown,low,,PENDING_RESULT,,,
2026-10-04,3096448,V4,国际友谊,以色列U17 vs 委内瑞拉U16,,not reconstructed from future result,,,UNKNOWN,unknown,low,,PENDING_RESULT,2026-10-04T10:07:42.469190+08:00,146dc9684359a1b3f310,
2026-10-04,3096449,V3,国际友谊,丹麦U20 vs 美国U20,,not reconstructed from future result,,,UNKNOWN,unknown,low,,PENDING_RESULT,,,
2026-10-04,3096449,V4,国际友谊,丹麦U20 vs 美国U20,,not reconstructed from future result,,,UNKNOWN,unknown,low,,PENDING_RESULT,2026-10-04T09:58:08.993953+08:00,fef544beb873c0467c60,C
2026-10-04,3096450,V3,国际友谊,乌兹别克斯坦U20 vs 沙特阿拉伯U20,,not reconstructed from future result,,,UNKNOWN,unknown,low,,PENDING_RESULT,,,
2026-10-04,3096450,V4,国际友谊,乌兹别克斯坦U20 vs 沙特阿拉伯U20,,not reconstructed from future result,,,UNKNOWN,unknown,low,,PENDING_RESULT,2026-10-04T10:07:42.469190+08:00,e91d053778d870e99f76,
2026-10-04,3096451,V3,球会友谊,汉堡 vs 哥本哈根,,not reconstructed from future result,,,UNKNOWN,unknown,low,,PENDING_RESULT,,,
2026-10-04,3096451,V4,球会友谊,汉堡 vs 哥本哈根,,not reconstructed from future result,,,UNKNOWN,unknown,low,,PENDING_RESULT,2026-10-04T10:07:42.469190+08:00,cf5f42baba7438476f2a,N
2026-10-04,3096452,V3,国际友谊,吉尔吉斯斯坦 vs 黎巴嫩,,not reconstructed from future result,,,UNKNOWN,unknown,low,,PENDING_RESULT,,,
2026-10-04,3096452,V4,国际友谊,吉尔吉斯斯坦 vs 黎巴嫩,,not reconstructed from future result,,,UNKNOWN,unknown,low,,PENDING_RESULT,2026-10-04T10:07:42.469190+08:00,b5c323c006bfd563cc04,
2026-10-04,3096453,V3,国际友谊,阿塞拜疆U19 vs 爱尔兰U19,,not reconstructed from future result,,,UNKNOWN,unknown,low,,PENDING_RESULT,,,
2026-10-04,3096453,V4,国际友谊,阿塞拜疆U19 vs 爱尔兰U19,,not reconstructed from future result,,,UNKNOWN,unknown,low,,PENDING_RESULT,2026-10-04T10:07:42.469190+08:00,7d0bcfc0a44951f6ff0b,
2026-10-04,3096454,V3,国际友谊,斯洛文尼亚U19 vs 卡塔尔U19,,not reconstructed from future result,,,UNKNOWN,unknown,low,,PENDING_RESULT,,,
2026-10-04,3096454,V4,国际友谊,斯洛文尼亚U19 vs 卡塔尔U19,,not reconstructed from future result,,,UNKNOWN,unknown,low,,PENDING_RESULT,2026-10-04T10:07:42.469190+08:00,78ae5fc7c1b2d7eee04b,
2026-10-04,3096455,V3,球会友谊,卢多戈雷茨 vs 查洛摩利,,not reconstructed from future result,,,UNKNOWN,unknown,low,,PENDING_RESULT,,,
2026-10-04,3096455,V4,球会友谊,卢多戈雷茨 vs 查洛摩利,,not reconstructed from future result,,,UNKNOWN,unknown,low,,PENDING_RESULT,2026-10-04T10:07:42.469190+08:00,f3cbf3627a294a5be551,
2026-10-04,3096456,V3,国际友谊,玻利维亚 vs 冈比亚,,not reconstructed from future result,,,UNKNOWN,unknown,low,,PENDING_RESULT,,,
2026-10-04,3096456,V4,国际友谊,玻利维亚 vs 冈比亚,,not reconstructed from future result,,,UNKNOWN,unknown,low,,PENDING_RESULT,2026-10-04T10:07:42.469190+08:00,95ac6b33963698119315,
2026-10-04,3096583,V3,智利杯,希金斯 vs 康塞普西翁,,not reconstructed from future result,,,UNKNOWN,unknown,low,,PENDING_RESULT,2026-10-04T09:02:52+08:00,e5e2ecdafb0dbc190d32,不投
2026-10-04,3096583,V4,智利杯,希金斯 vs 康塞普西翁,,not reconstructed from future result,,,UNKNOWN,unknown,low,,PENDING_RESULT,2026-10-04T10:07:42.469190+08:00,b246af2381cab2937fa1,
2026-10-04,3097027,V3,阿女甲,甘拿斯亚女足 vs 班菲尔德女足,,not reconstructed from future result,,,UNKNOWN,unknown,low,,PENDING_RESULT,,,
2026-10-04,3097027,V4,阿女甲,甘拿斯亚女足 vs 班菲尔德女足,,not reconstructed from future result,,,UNKNOWN,unknown,low,,PENDING_RESULT,2026-10-04T10:07:42.469190+08:00,b7d72cb9e734fb938a60,
2026-10-04,3097034,V3,突尼乙,布哈杰拉 vs 史利玛内,,not reconstructed from future result,,,UNKNOWN,unknown,low,,PENDING_RESULT,,,
2026-10-04,3097034,V4,突尼乙,布哈杰拉 vs 史利玛内,,not reconstructed from future result,,,UNKNOWN,unknown,low,,PENDING_RESULT,2026-10-04T10:07:42.469190+08:00,635ac0e791a373798220,
2026-10-04,3097035,V3,突尼乙,JDB运动会 vs 阿里亚纳,,not reconstructed from future result,,,UNKNOWN,unknown,low,,PENDING_RESULT,,,
2026-10-04,3097035,V4,突尼乙,JDB运动会 vs 阿里亚纳,,not reconstructed from future result,,,UNKNOWN,unknown,low,,PENDING_RESULT,2026-10-04T10:07:42.469190+08:00,53df802dd5d226eb874f,
2026-10-04,3097036,V3,突尼乙,卡拉亚体育 vs 卡罗安纳瑟,,not reconstructed from future result,,,UNKNOWN,unknown,low,,PENDING_RESULT,,,
2026-10-04,3097036,V4,突尼乙,卡拉亚体育 vs 卡罗安纳瑟,,not reconstructed from future result,,,UNKNOWN,unknown,low,,PENDING_RESULT,2026-10-04T10:07:42.469190+08:00,525775f6a7b2cc26e77d,
2026-10-04,3097037,V3,突尼乙,卡塞林 vs 奥林匹克科夫,,not reconstructed from future result,,,UNKNOWN,unknown,low,,PENDING_RESULT,,,
2026-10-04,3097037,V4,突尼乙,卡塞林 vs 奥林匹克科夫,,not reconstructed from future result,,,UNKNOWN,unknown,low,,PENDING_RESULT,2026-10-04T10:07:42.469190+08:00,a53dd6df63987375935c,
2026-10-04,3097038,V3,突尼乙,科巴 vs EGS加夫萨,,not reconstructed from future result,,,UNKNOWN,unknown,low,,PENDING_RESULT,,,
2026-10-04,3097038,V4,突尼乙,科巴 vs EGS加夫萨,,not reconstructed from future result,,,UNKNOWN,unknown,low,,PENDING_RESULT,2026-10-04T10:07:42.469190+08:00,26fbc2d48675ca5fd2c9,
2026-10-04,3097039,V3,突尼乙,古苏尔艾苏福 vs 梅德宁,,not reconstructed from future result,,,UNKNOWN,unknown,low,,PENDING_RESULT,,,
2026-10-04,3097039,V4,突尼乙,古苏尔艾苏福 vs 梅德宁,,not reconstructed from future result,,,UNKNOWN,unknown,low,,PENDING_RESULT,2026-10-04T10:07:42.469190+08:00,5ac16d3d38350ba44212,
2026-10-04,3097040,V3,突尼乙,莱德耶夫 vs 布舍哈曼,,not reconstructed from future result,,,UNKNOWN,unknown,low,,PENDING_RESULT,,,
2026-10-04,3097040,V4,突尼乙,莱德耶夫 vs 布舍哈曼,,not reconstructed from future result,,,UNKNOWN,unknown,low,,PENDING_RESULT,2026-10-04T10:07:42.469190+08:00,5fb6110ffb39394983a6,
2026-10-04,3097041,V3,突尼乙,加贝申 vs 穆克宁竞技,,not reconstructed from future result,,,UNKNOWN,unknown,low,,PENDING_RESULT,,,
2026-10-04,3097041,V4,突尼乙,加贝申 vs 穆克宁竞技,,not reconstructed from future result,,,UNKNOWN,unknown,low,,PENDING_RESULT,2026-10-04T10:07:42.469190+08:00,b7c8977d993f1a3be15c,
2026-10-04,3097053,V3,球会友谊,AEK雅典(中) vs 帕纳多里高斯,,not reconstructed from future result,,,UNKNOWN,unknown,low,,PENDING_RESULT,,,
2026-10-04,3097053,V4,球会友谊,AEK雅典(中) vs 帕纳多里高斯,,not reconstructed from future result,,,UNKNOWN,unknown,low,,PENDING_RESULT,2026-10-04T10:07:42.469190+08:00,645675a8cc76a7bbffb1,
2026-10-04,3097057,V3,马来A1联,雪兰莪大学AAK vs 武装部队,,not reconstructed from future result,,,UNKNOWN,unknown,low,,PENDING_RESULT,,,
2026-10-04,3097057,V4,马来A1联,雪兰莪大学AAK vs 武装部队,,not reconstructed from future result,,,UNKNOWN,unknown,low,,PENDING_RESULT,2026-10-04T10:07:42.469190+08:00,0f2de5fd80b5b3b3af00,
2026-10-04,3097058,V3,马来A1联,达曼沙拿联 vs 曼戎市,,not reconstructed from future result,,,UNKNOWN,unknown,low,,PENDING_RESULT,,,
2026-10-04,3097058,V4,马来A1联,达曼沙拿联 vs 曼戎市,,not reconstructed from future result,,,UNKNOWN,unknown,low,,PENDING_RESULT,2026-10-04T10:07:42.469190+08:00,9688f93728ccced24eaf,
2026-10-04,3097073,V3,球会友谊,莫斯科迪纳摩 vs 罗迪纳莫斯科,,not reconstructed from future result,,,UNKNOWN,unknown,low,,PENDING_RESULT,,,
2026-10-04,3097073,V4,球会友谊,莫斯科迪纳摩 vs 罗迪纳莫斯科,,not reconstructed from future result,,,UNKNOWN,unknown,low,,PENDING_RESULT,2026-10-04T10:07:42.469190+08:00,e9c964ee4a0af8dfb712,
2026-10-04,3097077,V3,球会友谊,莫斯科中央陆军 vs 图拉兵工厂,,not reconstructed from future result,,,UNKNOWN,unknown,low,,PENDING_RESULT,,,
2026-10-04,3097077,V4,球会友谊,莫斯科中央陆军 vs 图拉兵工厂,,not reconstructed from future result,,,UNKNOWN,unknown,low,,PENDING_RESULT,2026-10-04T10:07:42.469190+08:00,159a36cebfd6ea35da32,
2026-10-04,3097083,V3,马来A1联,USM FC vs 帕拉克,,not reconstructed from future result,,,UNKNOWN,unknown,low,,PENDING_RESULT,,,
2026-10-04,3097083,V4,马来A1联,USM FC vs 帕拉克,,not reconstructed from future result,,,UNKNOWN,unknown,low,,PENDING_RESULT,2026-10-04T10:07:42.469190+08:00,4699ce2378fdced36e64,
2026-10-04,3097101,V3,球会友谊,莫尔德 vs 克里斯蒂安松,,not reconstructed from future result,,,UNKNOWN,unknown,low,,PENDING_RESULT,,,
2026-10-04,3097101,V4,球会友谊,莫尔德 vs 克里斯蒂安松,,not reconstructed from future result,,,UNKNOWN,unknown,low,,PENDING_RESULT,2026-10-04T10:07:42.469190+08:00,e0ec4ab749c549731ddc,
2026-10-04,3097109,V3,智利女甲,科洛科洛女足 vs 伊库伊奎女足,,not reconstructed from future result,,,UNKNOWN,unknown,low,,PENDING_RESULT,,,
2026-10-04,3097109,V4,智利女甲,科洛科洛女足 vs 伊库伊奎女足,,not reconstructed from future result,,,UNKNOWN,unknown,low,,PENDING_RESULT,2026-10-04T10:07:42.469190+08:00,78d84ea26f983628c50f,
2026-10-04,3097112,V3,智利女甲,天主教大学女足 vs 艾斯潘诺拉女足,,not reconstructed from future result,,,UNKNOWN,unknown,low,,PENDING_RESULT,,,
2026-10-04,3097112,V4,智利女甲,天主教大学女足 vs 艾斯潘诺拉女足,,not reconstructed from future result,,,UNKNOWN,unknown,low,,PENDING_RESULT,2026-10-04T10:07:42.469190+08:00,588dafe3d74f11de4386,
2026-10-04,3097133,V3,球会友谊,瓜达拉哈拉 vs 墨西哥美洲,,not reconstructed from future result,,,UNKNOWN,unknown,low,,PENDING_RESULT,,,
2026-10-04,3097133,V4,球会友谊,瓜达拉哈拉 vs 墨西哥美洲,,not reconstructed from future result,,,UNKNOWN,unknown,low,,PENDING_RESULT,2026-10-04T10:07:42.469190+08:00,e20fdf1062e8104c23e6,
2026-10-04,3097212,V3,布法联,玛伢 vs CFFEB,,not reconstructed from future result,,,UNKNOWN,unknown,low,,PENDING_RESULT,,,
2026-10-04,3097212,V4,布法联,玛伢 vs CFFEB,,not reconstructed from future result,,,UNKNOWN,unknown,low,,PENDING_RESULT,2026-10-04T10:07:42.469190+08:00,c17ee469498e6bd880e8,
2026-10-04,3097213,V3,布法联,卡斯卡德竞技 vs 焦点体育FC,,not reconstructed from future result,,,UNKNOWN,unknown,low,,PENDING_RESULT,,,
2026-10-04,3097213,V4,布法联,卡斯卡德竞技 vs 焦点体育FC,,not reconstructed from future result,,,UNKNOWN,unknown,low,,PENDING_RESULT,2026-10-04T10:07:42.469190+08:00,c03cda5970f89b85e086,
2026-10-04,3097214,V3,布法联,RC卡迪奥戈 vs US武装部队,,not reconstructed from future result,,,UNKNOWN,unknown,low,,PENDING_RESULT,,,
2026-10-04,3097214,V4,布法联,RC卡迪奥戈 vs US武装部队,,not reconstructed from future result,,,UNKNOWN,unknown,low,,PENDING_RESULT,2026-10-04T10:07:42.469190+08:00,4661a7840b5685573dfb,
2026-10-04,3097216,V3,阿联杯,阿拉比欧姆古温 vs 奥鲁巴,,not reconstructed from future result,,,UNKNOWN,unknown,low,,PENDING_RESULT,2026-10-04T09:02:52+08:00,4dd2b86cd15704511f8c,不投
2026-10-04,3097216,V4,阿联杯,阿拉比欧姆古温 vs 奥鲁巴,,not reconstructed from future result,,,UNKNOWN,unknown,low,,PENDING_RESULT,2026-10-04T10:07:42.469190+08:00,29035cc4afc0a71c9dbb,
2026-10-04,3097217,V3,阿联杯,阿尔富伊拉 vs 迪巴,,not reconstructed from future result,,,UNKNOWN,unknown,low,,PENDING_RESULT,2026-10-04T09:02:52+08:00,287b5203c0a56eccfac4,不投
2026-10-04,3097217,V4,阿联杯,阿尔富伊拉 vs 迪巴,,not reconstructed from future result,,,UNKNOWN,unknown,low,,PENDING_RESULT,2026-10-04T10:07:42.469190+08:00,16f6aa9267e14dd4d13d,
2026-10-04,3097220,V3,国际友谊,俄罗斯U19 vs 亚美尼亚U20,,not reconstructed from future result,,,UNKNOWN,unknown,low,,PENDING_RESULT,,,
2026-10-04,3097220,V4,国际友谊,俄罗斯U19 vs 亚美尼亚U20,,not reconstructed from future result,,,UNKNOWN,unknown,low,,PENDING_RESULT,2026-10-04T10:07:42.469190+08:00,a3718f0f7cf21f494ccc,
2026-10-04,3097221,V3,国际友谊,北马其顿U18 vs 黑山U18,,not reconstructed from future result,,,UNKNOWN,unknown,low,,PENDING_RESULT,,,
2026-10-04,3097221,V4,国际友谊,北马其顿U18 vs 黑山U18,,not reconstructed from future result,,,UNKNOWN,unknown,low,,PENDING_RESULT,2026-10-04T10:07:42.469190+08:00,69eeba7f1123cc37fc9e,
2026-10-04,3097222,V3,国际友谊,墨西哥U17 vs 中国U17,,not reconstructed from future result,,,UNKNOWN,unknown,low,,PENDING_RESULT,,,
2026-10-04,3097222,V4,国际友谊,墨西哥U17 vs 中国U17,,not reconstructed from future result,,,UNKNOWN,unknown,low,,PENDING_RESULT,2026-10-04T10:07:42.469190+08:00,192795b4e8892ff266a9,
2026-10-04,3097223,V3,国际友谊,坦桑尼亚U17 vs 阿根廷U17,,not reconstructed from future result,,,UNKNOWN,unknown,low,,PENDING_RESULT,,,
2026-10-04,3097223,V4,国际友谊,坦桑尼亚U17 vs 阿根廷U17,,not reconstructed from future result,,,UNKNOWN,unknown,low,,PENDING_RESULT,2026-10-04T10:07:42.469190+08:00,ca7e44848ee87b11dac2,
2026-10-04,3097224,V3,国际友谊,缅甸U17 vs 印度U17,,not reconstructed from future result,,,UNKNOWN,unknown,low,,PENDING_RESULT,,,
2026-10-04,3097224,V4,国际友谊,缅甸U17 vs 印度U17,,not reconstructed from future result,,,UNKNOWN,unknown,low,,PENDING_RESULT,2026-10-04T10:07:42.469190+08:00,9ec5c7db5ecffeeab950,
2026-10-04,3097225,V3,国际友谊,巴拉诺维治 vs 白俄罗斯U21,,not reconstructed from future result,,,UNKNOWN,unknown,low,,PENDING_RESULT,,,
2026-10-04,3097225,V4,国际友谊,巴拉诺维治 vs 白俄罗斯U21,,not reconstructed from future result,,,UNKNOWN,unknown,low,,PENDING_RESULT,2026-10-04T10:07:42.469190+08:00,0f456db16a2cf93eba04,
2026-10-04,3097226,V3,国际友谊,塞内加尔 vs 科摩罗,,not reconstructed from future result,,,UNKNOWN,unknown,low,,PENDING_RESULT,,,
2026-10-04,3097226,V4,国际友谊,塞内加尔 vs 科摩罗,,not reconstructed from future result,,,UNKNOWN,unknown,low,,PENDING_RESULT,2026-10-04T10:07:42.469190+08:00,d107b04cd7bd8dc67573,
2026-10-04,3097227,V3,国际友谊,埃及 vs 南非,,not reconstructed from future result,,,UNKNOWN,unknown,low,,PENDING_RESULT,,,
2026-10-04,3097227,V4,国际友谊,埃及 vs 南非,,not reconstructed from future result,,,UNKNOWN,unknown,low,,PENDING_RESULT,2026-10-04T09:58:08.993953+08:00,c42d2ccbfe8aad0d38ac,C
2026-10-04,3097228,V3,国际友谊,塞尔维亚女足U17 vs 斯洛文尼亚女足U17,,not reconstructed from future result,,,UNKNOWN,unknown,low,,PENDING_RESULT,,,
2026-10-04,3097228,V4,国际友谊,塞尔维亚女足U17 vs 斯洛文尼亚女足U17,,not reconstructed from future result,,,UNKNOWN,unknown,low,,PENDING_RESULT,2026-10-04T10:07:42.469190+08:00,f2802871ecf04aca08c6,
2026-10-04,3097229,V3,国际友谊,南非U23 vs 阿尔及利亚U23,,not reconstructed from future result,,,UNKNOWN,unknown,low,,PENDING_RESULT,,,
2026-10-04,3097229,V4,国际友谊,南非U23 vs 阿尔及利亚U23,,not reconstructed from future result,,,UNKNOWN,unknown,low,,PENDING_RESULT,2026-10-04T10:07:42.469190+08:00,da34f68d3ae72ef4fcf0,
2026-10-04,3097230,V3,国际友谊,摩洛哥 vs 马里,,not reconstructed from future result,,,UNKNOWN,unknown,low,,PENDING_RESULT,,,
2026-10-04,3097230,V4,国际友谊,摩洛哥 vs 马里,,not reconstructed from future result,,,UNKNOWN,unknown,low,,PENDING_RESULT,2026-10-04T09:58:08.993953+08:00,70222350df96ff1290fb,C
2026-10-04,3097231,V3,球会友谊,明斯克迪纳摩 vs 明斯克大学X实验室,,not reconstructed from future result,,,UNKNOWN,unknown,low,,PENDING_RESULT,,,
2026-10-04,3097231,V4,球会友谊,明斯克迪纳摩 vs 明斯克大学X实验室,,not reconstructed from future result,,,UNKNOWN,unknown,low,,PENDING_RESULT,2026-10-04T10:07:42.469190+08:00,a0b4c5d2cff55aab2f85,
2026-10-04,3097232,V3,球会友谊,CSM斯拉蒂纳 vs 克拉约瓦大学,,not reconstructed from future result,,,UNKNOWN,unknown,low,,PENDING_RESULT,,,
2026-10-04,3097232,V4,球会友谊,CSM斯拉蒂纳 vs 克拉约瓦大学,,not reconstructed from future result,,,UNKNOWN,unknown,low,,PENDING_RESULT,2026-10-04T10:07:42.469190+08:00,87bc5d1517f095a84e1c,
2026-10-04,3097323,V3,科特超,ASEC米莫萨 vs 斯特拉加美俱乐部,,not reconstructed from future result,,,UNKNOWN,unknown,low,,PENDING_RESULT,,,
2026-10-04,3097323,V4,科特超,ASEC米莫萨 vs 斯特拉加美俱乐部,,not reconstructed from future result,,,UNKNOWN,unknown,low,,PENDING_RESULT,2026-10-04T10:07:42.469190+08:00,d04085bfb2916d1ec0a1,
2026-10-04,3097324,V3,科特超,德耶卡努 vs 皇家军队,,not reconstructed from future result,,,UNKNOWN,unknown,low,,PENDING_RESULT,,,
2026-10-04,3097324,V4,科特超,德耶卡努 vs 皇家军队,,not reconstructed from future result,,,UNKNOWN,unknown,low,,PENDING_RESULT,2026-10-04T10:07:42.469190+08:00,a3640141e2c63fb282e5,
2026-10-04,3097325,V3,科特超,US乔洛戈 vs 圣佩德罗FC,,not reconstructed from future result,,,UNKNOWN,unknown,low,,PENDING_RESULT,,,
2026-10-04,3097325,V4,科特超,US乔洛戈 vs 圣佩德罗FC,,not reconstructed from future result,,,UNKNOWN,unknown,low,,PENDING_RESULT,2026-10-04T10:07:42.469190+08:00,cdff7105549c2bede512,
2026-10-04,3097331,V3,泰乙北,帕克纳姆波 vs 清莱托威,,not reconstructed from future result,,,UNKNOWN,unknown,low,,PENDING_RESULT,,,
2026-10-04,3097331,V4,泰乙北,帕克纳姆波 vs 清莱托威,,not reconstructed from future result,,,UNKNOWN,unknown,low,,PENDING_RESULT,2026-10-04T10:07:42.469190+08:00,8bccf13b47005ab5ac34,
2026-10-04,3097332,V3,泰乙北,凯郎联 vs 甘烹碧,,not reconstructed from future result,,,UNKNOWN,unknown,low,,PENDING_RESULT,,,
2026-10-04,3097332,V4,泰乙北,凯郎联 vs 甘烹碧,,not reconstructed from future result,,,UNKNOWN,unknown,low,,PENDING_RESULT,2026-10-04T10:07:42.469190+08:00,12b17aefef1d06cc47fb,
2026-10-04,3097333,V3,泰乙中,博乐大学 vs 昂同,,not reconstructed from future result,,,UNKNOWN,unknown,low,,PENDING_RESULT,,,
2026-10-04,3097333,V4,泰乙中,博乐大学 vs 昂同,,not reconstructed from future result,,,UNKNOWN,unknown,low,,PENDING_RESULT,2026-10-04T10:07:42.469190+08:00,03c2832c5739f0e2c52d,
2026-10-04,3097335,V3,泰乙中,巴吞他尼大学 vs 湛杵日联,,not reconstructed from future result,,,UNKNOWN,unknown,low,,PENDING_RESULT,,,
2026-10-04,3097335,V4,泰乙中,巴吞他尼大学 vs 湛杵日联,,not reconstructed from future result,,,UNKNOWN,unknown,low,,PENDING_RESULT,2026-10-04T10:07:42.469190+08:00,4948bf9a394324581ec7,
2026-10-04,3097336,V3,泰乙中,辛布里勇士队 vs 北曼谷学院,,not reconstructed from future result,,,UNKNOWN,unknown,low,,PENDING_RESULT,,,
2026-10-04,3097336,V4,泰乙中,辛布里勇士队 vs 北曼谷学院,,not reconstructed from future result,,,UNKNOWN,unknown,low,,PENDING_RESULT,2026-10-04T10:07:42.469190+08:00,5722fd347c1ce47dc24e,
2026-10-04,3097337,V3,泰乙东北,耶梭通府 vs 皮查亚邦迪特大学,,not reconstructed from future result,,,UNKNOWN,unknown,low,,PENDING_RESULT,,,
2026-10-04,3097337,V4,泰乙东北,耶梭通府 vs 皮查亚邦迪特大学,,not reconstructed from future result,,,UNKNOWN,unknown,low,,PENDING_RESULT,2026-10-04T10:07:42.469190+08:00,931c8e9b9a5c1fa13aac,
2026-10-04,3097457,V3,肯尼女联,马塔雷联女足 vs 卡约尔女足,,not reconstructed from future result,,,UNKNOWN,unknown,low,,PENDING_RESULT,,,
2026-10-04,3097457,V4,肯尼女联,马塔雷联女足 vs 卡约尔女足,,not reconstructed from future result,,,UNKNOWN,unknown,low,,PENDING_RESULT,2026-10-04T10:07:42.469190+08:00,295942f9dde23197bc85,
2026-10-04,3097464,V3,赞比亚超,武道之星 vs 红箭队,,not reconstructed from future result,,,UNKNOWN,unknown,low,,PENDING_RESULT,,,
2026-10-04,3097464,V4,赞比亚超,武道之星 vs 红箭队,,not reconstructed from future result,,,UNKNOWN,unknown,low,,PENDING_RESULT,2026-10-04T10:07:42.469190+08:00,66c980aa79871c1d28f4,
2026-10-04,3097471,V3,乌兹职联,苏尔松多里奥 vs 布哈拉FA,,not reconstructed from future result,,,UNKNOWN,unknown,low,,PENDING_RESULT,,,
2026-10-04,3097471,V4,乌兹职联,苏尔松多里奥 vs 布哈拉FA,,not reconstructed from future result,,,UNKNOWN,unknown,low,,PENDING_RESULT,2026-10-04T10:07:42.469190+08:00,49ff5b36de9af168cb2d,
2026-10-04,3097472,V3,乌兹职联,宾约哥B队克立基 vs FA共和国B 队,,not reconstructed from future result,,,UNKNOWN,unknown,low,,PENDING_RESULT,,,
2026-10-04,3097472,V4,乌兹职联,宾约哥B队克立基 vs FA共和国B 队,,not reconstructed from future result,,,UNKNOWN,unknown,low,,PENDING_RESULT,2026-10-04T10:07:42.469190+08:00,34bf5530b8b6cac8a840,
2026-10-04,3097474,V3,乌兹职联,塔什干VFA vs 古里斯坦,,not reconstructed from future result,,,UNKNOWN,unknown,low,,PENDING_RESULT,,,
2026-10-04,3097474,V4,乌兹职联,塔什干VFA vs 古里斯坦,,not reconstructed from future result,,,UNKNOWN,unknown,low,,PENDING_RESULT,2026-10-04T10:07:42.469190+08:00,4ef7a5bcd04d6486b876,
2026-10-04,3097475,V3,乌兹职联,吉扎克FA vs 萨马尔罕沙洲,,not reconstructed from future result,,,UNKNOWN,unknown,low,,PENDING_RESULT,,,
2026-10-04,3097475,V4,乌兹职联,吉扎克FA vs 萨马尔罕沙洲,,not reconstructed from future result,,,UNKNOWN,unknown,low,,PENDING_RESULT,2026-10-04T10:07:42.469190+08:00,f18636234ed9bbbd7607,
2026-10-04,3097477,V3,乌兹职联,达利亚FA vs 火车头BFK,,not reconstructed from future result,,,UNKNOWN,unknown,low,,PENDING_RESULT,,,
2026-10-04,3097477,V4,乌兹职联,达利亚FA vs 火车头BFK,,not reconstructed from future result,,,UNKNOWN,unknown,low,,PENDING_RESULT,2026-10-04T10:07:42.469190+08:00,54c59afdb1d486bc4f9b,
2026-10-04,3097484,V3,西地区联,波连萨与港 vs 阿拉罗,,not reconstructed from future result,,,UNKNOWN,unknown,low,,PENDING_RESULT,,,
2026-10-04,3097484,V4,西地区联,波连萨与港 vs 阿拉罗,,not reconstructed from future result,,,UNKNOWN,unknown,low,,PENDING_RESULT,2026-10-04T10:07:42.469190+08:00,c2d927d7bb113a9bec36,
2026-10-04,3097493,V3,危地乙,阿马蒂特兰 vs 科特匹克,,not reconstructed from future result,,,UNKNOWN,unknown,low,,PENDING_RESULT,,,
2026-10-04,3097493,V4,危地乙,阿马蒂特兰 vs 科特匹克,,not reconstructed from future result,,,UNKNOWN,unknown,low,,PENDING_RESULT,2026-10-04T10:07:42.469190+08:00,91f9d71bacc56ffe1e46,
2026-10-04,3097495,V3,智利丁,阿瓜拉 vs CD东方竞技,,not reconstructed from future result,,,UNKNOWN,unknown,low,,PENDING_RESULT,,,
2026-10-04,3097495,V4,智利丁,阿瓜拉 vs CD东方竞技,,not reconstructed from future result,,,UNKNOWN,unknown,low,,PENDING_RESULT,2026-10-04T10:07:42.469190+08:00,7fffb2aff994294015a8,
2026-10-04,3097496,V3,智利丁,富图罗 vs 卡夫雷罗,,not reconstructed from future result,,,UNKNOWN,unknown,low,,PENDING_RESULT,,,
2026-10-04,3097496,V4,智利丁,富图罗 vs 卡夫雷罗,,not reconstructed from future result,,,UNKNOWN,unknown,low,,PENDING_RESULT,2026-10-04T10:07:42.469190+08:00,10e0b351bef460d21e28,
2026-10-04,3097497,V3,智利丁,拿华塔尔卡瓦诺 vs 帝国联,,not reconstructed from future result,,,UNKNOWN,unknown,low,,PENDING_RESULT,,,
2026-10-04,3097497,V4,智利丁,拿华塔尔卡瓦诺 vs 帝国联,,not reconstructed from future result,,,UNKNOWN,unknown,low,,PENDING_RESULT,2026-10-04T10:07:42.469190+08:00,143767b5515aafdcf0f7,
2026-10-04,3097504,V3,意女乙,弗洛西诺尼女足 vs 布雷西亚女足,,not reconstructed from future result,,,UNKNOWN,unknown,low,,PENDING_RESULT,,,
2026-10-04,3097504,V4,意女乙,弗洛西诺尼女足 vs 布雷西亚女足,,not reconstructed from future result,,,UNKNOWN,unknown,low,,PENDING_RESULT,2026-10-04T10:07:42.469190+08:00,5c17faf88878500a8854,
2026-10-04,3097522,V3,日地区联,新泻管理大学B队 vs 阿蒂斯塔阿萨马,,not reconstructed from future result,,,UNKNOWN,unknown,low,,PENDING_RESULT,,,
2026-10-04,3097522,V4,日地区联,新泻管理大学B队 vs 阿蒂斯塔阿萨马,,not reconstructed from future result,,,UNKNOWN,unknown,low,,PENDING_RESULT,2026-10-04T10:07:42.469190+08:00,afb558b0ca0b8c3f04ff,
2026-10-04,3097525,V3,日地区联,富山新庄 vs 福井联,0-0,not reconstructed from future result,,,UNKNOWN,unknown,low,,PENDING_RESULT,,,
2026-10-04,3097525,V4,日地区联,富山新庄 vs 福井联,0-0,not reconstructed from future result,,,UNKNOWN,unknown,low,,PENDING_RESULT,2026-10-04T10:07:42.469190+08:00,e3156dee3272c48a6aa1,N
2026-10-04,3097533,V3,意女乙,AGSM维罗纳女足 vs 蒙卡列里女足,,not reconstructed from future result,,,UNKNOWN,unknown,low,,PENDING_RESULT,,,
2026-10-04,3097533,V4,意女乙,AGSM维罗纳女足 vs 蒙卡列里女足,,not reconstructed from future result,,,UNKNOWN,unknown,low,,PENDING_RESULT,2026-10-04T10:07:42.469190+08:00,ceab7a542fb2c2bf4e63,
2026-10-04,3097539,V3,意卓联,ASD萨拉里亚 vs 费伦蒂诺卡尔西奥,,not reconstructed from future result,,,UNKNOWN,unknown,low,,PENDING_RESULT,,,
2026-10-04,3097539,V4,意卓联,ASD萨拉里亚 vs 费伦蒂诺卡尔西奥,,not reconstructed from future result,,,UNKNOWN,unknown,low,,PENDING_RESULT,2026-10-04T10:07:42.469190+08:00,ab38498103c9705e232e,
2026-10-04,3097545,V3,意卓联,阿皮切1964 vs ASD桑塞维里诺,,not reconstructed from future result,,,UNKNOWN,unknown,low,,PENDING_RESULT,,,
2026-10-04,3097545,V4,意卓联,阿皮切1964 vs ASD桑塞维里诺,,not reconstructed from future result,,,UNKNOWN,unknown,low,,PENDING_RESULT,2026-10-04T10:07:42.469190+08:00,cdd3d3bf7e240b5e9293,
2026-10-04,3097547,V3,意卓联,艾可拉 vs 庞贝,,not reconstructed from future result,,,UNKNOWN,unknown,low,,PENDING_RESULT,,,
2026-10-04,3097547,V4,意卓联,艾可拉 vs 庞贝,,not reconstructed from future result,,,UNKNOWN,unknown,low,,PENDING_RESULT,2026-10-04T10:07:42.469190+08:00,e95428955a3fcdd70a6d,
2026-10-04,3097556,V3,国际友谊,保加利亚U17 vs 马耳他U17,,not reconstructed from future result,,,UNKNOWN,unknown,low,,PENDING_RESULT,,,
2026-10-04,3097556,V4,国际友谊,保加利亚U17 vs 马耳他U17,,not reconstructed from future result,,,UNKNOWN,unknown,low,,PENDING_RESULT,2026-10-04T10:07:42.469190+08:00,0d5eb77eaa34864d1fb3,
2026-10-04,3097557,V3,国际友谊,法国U18 vs 塞内加尔U18,,not reconstructed from future result,,,UNKNOWN,unknown,low,,PENDING_RESULT,,,
2026-10-04,3097557,V4,国际友谊,法国U18 vs 塞内加尔U18,,not reconstructed from future result,,,UNKNOWN,unknown,low,,PENDING_RESULT,2026-10-04T10:07:42.469190+08:00,df2ad04f268b72e6264b,
2026-10-04,3097573,V3,奥丁,维瓦宾特 vs 赫福特,,not reconstructed from future result,,,UNKNOWN,unknown,low,,PENDING_RESULT,,,
2026-10-04,3097573,V4,奥丁,维瓦宾特 vs 赫福特,,not reconstructed from future result,,,UNKNOWN,unknown,low,,PENDING_RESULT,2026-10-04T09:58:08.993953+08:00,3c8572cbe7d51d47a6c1,C
2026-10-04,3097577,V3,奥丁,席克臣II队 vs 施特拉施华尔臣,,not reconstructed from future result,,,UNKNOWN,unknown,low,,PENDING_RESULT,,,
2026-10-04,3097577,V4,奥丁,席克臣II队 vs 施特拉施华尔臣,,not reconstructed from future result,,,UNKNOWN,unknown,low,,PENDING_RESULT,2026-10-04T10:07:42.469190+08:00,206d0761ba34b73f3096,
2026-10-04,3097638,V3,意卓联,沃尔图诺 vs 夸利亚诺流浪者1998,,not reconstructed from future result,,,UNKNOWN,unknown,low,,PENDING_RESULT,,,
2026-10-04,3097638,V4,意卓联,沃尔图诺 vs 夸利亚诺流浪者1998,,not reconstructed from future result,,,UNKNOWN,unknown,low,,PENDING_RESULT,2026-10-04T10:07:42.469190+08:00,0d1dbd1355e299dcc9af,
2026-10-04,3097639,V3,意卓联,弗朗卡西奥 vs 华斯托,,not reconstructed from future result,,,UNKNOWN,unknown,low,,PENDING_RESULT,,,
2026-10-04,3097639,V4,意卓联,弗朗卡西奥 vs 华斯托,,not reconstructed from future result,,,UNKNOWN,unknown,low,,PENDING_RESULT,2026-10-04T10:07:42.469190+08:00,e385aa4b335528d77824,
2026-10-04,3097640,V3,科索U19,马利舍瓦U19 vs KF格尼拉内U19,,not reconstructed from future result,,,UNKNOWN,unknown,low,,PENDING_RESULT,,,
2026-10-04,3097640,V4,科索U19,马利舍瓦U19 vs KF格尼拉内U19,,not reconstructed from future result,,,UNKNOWN,unknown,low,,PENDING_RESULT,2026-10-04T10:07:42.469190+08:00,33a4d1b929a92304ee46,
2026-10-04,3097643,V3,贝宁甲,索贝马 vs 霍迪奥足球俱乐部,,not reconstructed from future result,,,UNKNOWN,unknown,low,,PENDING_RESULT,,,
2026-10-04,3097643,V4,贝宁甲,索贝马 vs 霍迪奥足球俱乐部,,not reconstructed from future result,,,UNKNOWN,unknown,low,,PENDING_RESULT,2026-10-04T10:07:42.469190+08:00,f7b79baa23a23091f9e4,
2026-10-04,3097648,V3,南非女联,约翰内斯堡大学女足 vs TUT FC 女足,,not reconstructed from future result,,,UNKNOWN,unknown,low,,PENDING_RESULT,,,
2026-10-04,3097648,V4,南非女联,约翰内斯堡大学女足 vs TUT FC 女足,,not reconstructed from future result,,,UNKNOWN,unknown,low,,PENDING_RESULT,2026-10-04T10:07:42.469190+08:00,573fb3eeb9d78d7c2657,
2026-10-04,3097679,V3,加拿北女超,AFC多伦多女足 vs 温哥华崛起女足,,not reconstructed from future result,,,UNKNOWN,unknown,low,,PENDING_RESULT,,,
2026-10-04,3097679,V4,加拿北女超,AFC多伦多女足 vs 温哥华崛起女足,,not reconstructed from future result,,,UNKNOWN,unknown,low,,PENDING_RESULT,2026-10-04T10:07:42.469190+08:00,47e33989acb065ec794a,
2026-10-04,3097701,V3,克亚丙,萨达亚 vs NK奥姆,,not reconstructed from future result,,,UNKNOWN,unknown,low,,PENDING_RESULT,,,
2026-10-04,3097701,V4,克亚丙,萨达亚 vs NK奥姆,,not reconstructed from future result,,,UNKNOWN,unknown,low,,PENDING_RESULT,2026-10-04T10:07:42.469190+08:00,a5eceb0b494ebbfcdee6,
2026-10-04,3097702,V3,爱尔高联,米德勒顿 vs 布拉尼联,,not reconstructed from future result,,,UNKNOWN,unknown,low,,PENDING_RESULT,,,
2026-10-04,3097702,V4,爱尔高联,米德勒顿 vs 布拉尼联,,not reconstructed from future result,,,UNKNOWN,unknown,low,,PENDING_RESULT,2026-10-04T10:07:42.469190+08:00,fc9acd5854fe7b763e2a,
2026-10-04,3097703,V3,香港丙,淦源 vs 港峰,,not reconstructed from future result,,,UNKNOWN,unknown,low,,PENDING_RESULT,,,
2026-10-04,3097703,V4,香港丙,淦源 vs 港峰,,not reconstructed from future result,,,UNKNOWN,unknown,low,,PENDING_RESULT,2026-10-04T10:07:42.469190+08:00,cc65dd84532e27753237,
2026-10-04,3097704,V3,香港丙,离岛 vs 香港西贡,,not reconstructed from future result,,,UNKNOWN,unknown,low,,PENDING_RESULT,,,
2026-10-04,3097704,V4,香港丙,离岛 vs 香港西贡,,not reconstructed from future result,,,UNKNOWN,unknown,low,,PENDING_RESULT,2026-10-04T10:07:42.469190+08:00,488e29feefef92b3aad5,
2026-10-04,3097705,V3,香港丙,屯门足球俱乐部 vs 瑞丰体育会,,not reconstructed from future result,,,UNKNOWN,unknown,low,,PENDING_RESULT,,,
2026-10-04,3097705,V4,香港丙,屯门足球俱乐部 vs 瑞丰体育会,,not reconstructed from future result,,,UNKNOWN,unknown,low,,PENDING_RESULT,2026-10-04T10:07:42.469190+08:00,2e425f24ea8b0e5f4107,
2026-10-04,3097712,V3,比地区,欧本U21 vs 歇尔联,,not reconstructed from future result,,,UNKNOWN,unknown,low,,PENDING_RESULT,,,
2026-10-04,3097712,V4,比地区,欧本U21 vs 歇尔联,,not reconstructed from future result,,,UNKNOWN,unknown,low,,PENDING_RESULT,2026-10-04T10:07:42.469190+08:00,a15ab0222d7e0b5dbc3f,
2026-10-04,3097713,V3,比地区,禾特阿博泰勒 vs 拖侯特,,not reconstructed from future result,,,UNKNOWN,unknown,low,,PENDING_RESULT,,,
2026-10-04,3097713,V4,比地区,禾特阿博泰勒 vs 拖侯特,,not reconstructed from future result,,,UNKNOWN,unknown,low,,PENDING_RESULT,2026-10-04T10:07:42.469190+08:00,87dde091447c4a740a5f,
2026-10-04,3097714,V3,比地区,鲁普尔布姆 vs 圣图尔登后备队,,not reconstructed from future result,,,UNKNOWN,unknown,low,,PENDING_RESULT,,,
2026-10-04,3097714,V4,比地区,鲁普尔布姆 vs 圣图尔登后备队,,not reconstructed from future result,,,UNKNOWN,unknown,low,,PENDING_RESULT,2026-10-04T10:07:42.469190+08:00,4344945559d7026d49a8,
2026-10-04,3097715,V3,比地区,班尼瑟 vs 甘索任,,not reconstructed from future result,,,UNKNOWN,unknown,low,,PENDING_RESULT,,,
2026-10-04,3097715,V4,比地区,班尼瑟 vs 甘索任,,not reconstructed from future result,,,UNKNOWN,unknown,low,,PENDING_RESULT,2026-10-04T10:07:42.469190+08:00,6a2238dccc81949c32de,
2026-10-04,3097717,V3,科特甲,威廉姆斯体育 vs AGIR FC,,not reconstructed from future result,,,UNKNOWN,unknown,low,,PENDING_RESULT,,,
2026-10-04,3097717,V4,科特甲,威廉姆斯体育 vs AGIR FC,,not reconstructed from future result,,,UNKNOWN,unknown,low,,PENDING_RESULT,2026-10-04T10:07:42.469190+08:00,9b9f3ee95bab5c5a362c,
2026-10-04,3097718,V3,科特甲,非洲竞技队 vs 马尔科里SC,,not reconstructed from future result,,,UNKNOWN,unknown,low,,PENDING_RESULT,,,
2026-10-04,3097718,V4,科特甲,非洲竞技队 vs 马尔科里SC,,not reconstructed from future result,,,UNKNOWN,unknown,low,,PENDING_RESULT,2026-10-04T10:07:42.469190+08:00,84101016ef70d6237303,
2026-10-04,3097725,V3,乌拉乙,南德阿美利加 vs 萨尔托俱乐部,,not reconstructed from future result,,,UNKNOWN,unknown,low,,PENDING_RESULT,2026-10-04T09:02:52+08:00,3dcc69d0d04629fe104c,不投
2026-10-04,3097725,V4,乌拉乙,南德阿美利加 vs 萨尔托俱乐部,,not reconstructed from future result,,,UNKNOWN,unknown,low,,PENDING_RESULT,2026-10-04T10:07:42.469190+08:00,02664f7616361ded01d3,
2026-10-04,3097728,V3,克亚女联,HNK哥里卡女足 vs 奥斯积克女足,,not reconstructed from future result,,,UNKNOWN,unknown,low,,PENDING_RESULT,,,
2026-10-04,3097728,V4,克亚女联,HNK哥里卡女足 vs 奥斯积克女足,,not reconstructed from future result,,,UNKNOWN,unknown,low,,PENDING_RESULT,2026-10-04T10:07:42.469190+08:00,a4d82830f52df8fb6051,
2026-10-04,3097731,V3,匈女杯,卡辛巴斯凯女足 vs MOL费哈瓦女足,,not reconstructed from future result,,,UNKNOWN,unknown,low,,PENDING_RESULT,2026-10-04T09:02:52+08:00,2ec1c03f4d615ccda450,不投
2026-10-04,3097731,V4,匈女杯,卡辛巴斯凯女足 vs MOL费哈瓦女足,,not reconstructed from future result,,,UNKNOWN,unknown,low,,PENDING_RESULT,2026-10-04T10:07:42.469190+08:00,07681381d99bcee32db4,
2026-10-04,3097732,V3,匈女杯,阿斯特拉女足 vs 普斯卡什学院女足,,not reconstructed from future result,,,UNKNOWN,unknown,low,,PENDING_RESULT,,,
2026-10-04,3097732,V4,匈女杯,阿斯特拉女足 vs 普斯卡什学院女足,,not reconstructed from future result,,,UNKNOWN,unknown,low,,PENDING_RESULT,2026-10-04T10:07:42.469190+08:00,79a13a6a50e852d11713,
2026-10-04,3097735,V3,美甲杯,哈特福德竞技 vs 路易斯维尔FC,,not reconstructed from future result,,,UNKNOWN,unknown,low,,PENDING_RESULT,2026-10-04T09:02:52+08:00,834446b202f5ed781fc3,不投
2026-10-04,3097735,V4,美甲杯,哈特福德竞技 vs 路易斯维尔FC,,not reconstructed from future result,,,UNKNOWN,unknown,low,,PENDING_RESULT,2026-10-04T10:07:42.469190+08:00,158019d4e35058fe512e,
2026-10-04,3097738,V3,香港丙,崇创首饰 vs 连城天浪,,not reconstructed from future result,,,UNKNOWN,unknown,low,,PENDING_RESULT,,,
2026-10-04,3097738,V4,香港丙,崇创首饰 vs 连城天浪,,not reconstructed from future result,,,UNKNOWN,unknown,low,,PENDING_RESULT,2026-10-04T10:07:42.469190+08:00,4247988858338c3735f3,
2026-10-04,3097739,V3,香港丙,翱翔FC vs 启毅足球会,,not reconstructed from future result,,,UNKNOWN,unknown,low,,PENDING_RESULT,,,
2026-10-04,3097739,V4,香港丙,翱翔FC vs 启毅足球会,,not reconstructed from future result,,,UNKNOWN,unknown,low,,PENDING_RESULT,2026-10-04T10:07:42.469190+08:00,53e06133d79e6327190b,
2026-10-04,3097755,V3,捷女乙,利森女足 vs 奥洛莫茨女足,,not reconstructed from future result,,,UNKNOWN,unknown,low,,PENDING_RESULT,,,
2026-10-04,3097755,V4,捷女乙,利森女足 vs 奥洛莫茨女足,,not reconstructed from future result,,,UNKNOWN,unknown,low,,PENDING_RESULT,2026-10-04T10:07:42.469190+08:00,49f0fba59a7485927fb8,
2026-10-04,3097756,V3,捷女乙,帕都拜斯女足 vs 布拉格斯巴达女足B队,,not reconstructed from future result,,,UNKNOWN,unknown,low,,PENDING_RESULT,,,
2026-10-04,3097756,V4,捷女乙,帕都拜斯女足 vs 布拉格斯巴达女足B队,,not reconstructed from future result,,,UNKNOWN,unknown,low,,PENDING_RESULT,2026-10-04T10:07:42.469190+08:00,bd518c361be3f2201eeb,
2026-10-04,3097758,V3,日联U21,浦和红钻U21 vs FC东京U21,,not reconstructed from future result,,,UNKNOWN,unknown,low,,PENDING_RESULT,,,
2026-10-04,3097758,V4,日联U21,浦和红钻U21 vs FC东京U21,,not reconstructed from future result,,,UNKNOWN,unknown,low,,PENDING_RESULT,2026-10-04T10:07:42.469190+08:00,f35d2a5a3476547af11d,
2026-10-04,3097764,V3,捷戊,卡罗维瓦利 vs 卡罗维瓦利B队,,not reconstructed from future result,,,UNKNOWN,unknown,low,,PENDING_RESULT,,,
2026-10-04,3097764,V4,捷戊,卡罗维瓦利 vs 卡罗维瓦利B队,,not reconstructed from future result,,,UNKNOWN,unknown,low,,PENDING_RESULT,2026-10-04T10:07:42.469190+08:00,5d1de813c8356f62579b,
2026-10-04,3097765,V3,南非后备,马鲁莫加兰斯后备队 vs 瑟库库内联后备队,,not reconstructed from future result,,,UNKNOWN,unknown,low,,PENDING_RESULT,,,
2026-10-04,3097765,V4,南非后备,马鲁莫加兰斯后备队 vs 瑟库库内联后备队,,not reconstructed from future result,,,UNKNOWN,unknown,low,,PENDING_RESULT,2026-10-04T10:07:42.469190+08:00,ebd8fa96b94d2cb94c44,
2026-10-04,3097766,V3,南非后备,贝联后备队 vs 金箭后备队,,not reconstructed from future result,,,UNKNOWN,unknown,low,,PENDING_RESULT,,,
2026-10-04,3097766,V4,南非后备,贝联后备队 vs 金箭后备队,,not reconstructed from future result,,,UNKNOWN,unknown,low,,PENDING_RESULT,2026-10-04T10:07:42.469190+08:00,d9a3ee38d2ac33b64191,
2026-10-04,3097767,V3,斯亚丙,SD乌迪内 vs 萨姆皮安,,not reconstructed from future result,,,UNKNOWN,unknown,low,,PENDING_RESULT,,,
2026-10-04,3097767,V4,斯亚丙,SD乌迪内 vs 萨姆皮安,,not reconstructed from future result,,,UNKNOWN,unknown,low,,PENDING_RESULT,2026-10-04T10:07:42.469190+08:00,23bb51eabb1815ea50f6,
2026-10-04,3097768,V3,印盾联,ATK莫亨巴根 vs 米勒瓦普甲比,,not reconstructed from future result,,,UNKNOWN,unknown,low,,PENDING_RESULT,2026-10-04T09:02:52+08:00,d370f1bbc1b193d7b7ab,不投
2026-10-04,3097768,V4,印盾联,ATK莫亨巴根 vs 米勒瓦普甲比,,not reconstructed from future result,,,UNKNOWN,unknown,low,,PENDING_RESULT,2026-10-04T10:07:42.469190+08:00,dbda0b7facbc745b4966,
2026-10-04,3097769,V3,日联U21,大阪钢巴U21 vs 长崎成功丸U21,,not reconstructed from future result,,,UNKNOWN,unknown,low,,PENDING_RESULT,,,
2026-10-04,3097769,V4,日联U21,大阪钢巴U21 vs 长崎成功丸U21,,not reconstructed from future result,,,UNKNOWN,unknown,low,,PENDING_RESULT,2026-10-04T10:07:42.469190+08:00,f404f3b8849ad166dbcc,
2026-10-04,3097770,V3,日联U21,冈山绿雉U21 vs 名古屋鲸八U21,,not reconstructed from future result,,,UNKNOWN,unknown,low,,PENDING_RESULT,,,
2026-10-04,3097770,V4,日联U21,冈山绿雉U21 vs 名古屋鲸八U21,,not reconstructed from future result,,,UNKNOWN,unknown,low,,PENDING_RESULT,2026-10-04T10:07:42.469190+08:00,ae6158020a7f8ababc83,
2026-10-04,3097771,V3,波兰丙,索科尔斯尼亚瓦 vs 亚斯沃,,not reconstructed from future result,,,UNKNOWN,unknown,low,,PENDING_RESULT,,,
2026-10-04,3097771,V4,波兰丙,索科尔斯尼亚瓦 vs 亚斯沃,,not reconstructed from future result,,,UNKNOWN,unknown,low,,PENDING_RESULT,2026-10-04T10:07:42.469190+08:00,31800920f3748741da38,
2026-10-04,3097772,V3,波兰丙,格拉尼卡凯特津恩 vs 索科尔奥斯罗达,,not reconstructed from future result,,,UNKNOWN,unknown,low,,PENDING_RESULT,,,
2026-10-04,3097772,V4,波兰丙,格拉尼卡凯特津恩 vs 索科尔奥斯罗达,,not reconstructed from future result,,,UNKNOWN,unknown,low,,PENDING_RESULT,2026-10-04T10:07:42.469190+08:00,fb6815e694b71abedde0,
2026-10-04,3097773,V3,波兰丙,利玛诺维亚 vs 泽布日多夫斯卡,,not reconstructed from future result,,,UNKNOWN,unknown,low,,PENDING_RESULT,,,
2026-10-04,3097773,V4,波兰丙,利玛诺维亚 vs 泽布日多夫斯卡,,not reconstructed from future result,,,UNKNOWN,unknown,low,,PENDING_RESULT,2026-10-04T10:07:42.469190+08:00,a317b2d482efeafe64d4,
2026-10-04,3097774,V3,西地区联,霍塔 vs 萨瓦德尔B队,,not reconstructed from future result,,,UNKNOWN,unknown,low,,PENDING_RESULT,,,
2026-10-04,3097774,V4,西地区联,霍塔 vs 萨瓦德尔B队,,not reconstructed from future result,,,UNKNOWN,unknown,low,,PENDING_RESULT,2026-10-04T10:07:42.469190+08:00,492a2b70100037cc8fc6,
2026-10-04,3097775,V3,希丙,蒂耶拉卡西卡 vs 帕斯基安尼纳,,not reconstructed from future result,,,UNKNOWN,unknown,low,,PENDING_RESULT,,,
2026-10-04,3097775,V4,希丙,蒂耶拉卡西卡 vs 帕斯基安尼纳,,not reconstructed from future result,,,UNKNOWN,unknown,low,,PENDING_RESULT,2026-10-04T10:07:42.469190+08:00,f1a8467022e1334b76fb,
2026-10-04,3097778,V3,西青U19,毕尔巴鄂竞技U19 vs CD贝托诺U19,,not reconstructed from future result,,,UNKNOWN,unknown,low,,PENDING_RESULT,,,
2026-10-04,3097778,V4,西青U19,毕尔巴鄂竞技U19 vs CD贝托诺U19,,not reconstructed from future result,,,UNKNOWN,unknown,low,,PENDING_RESULT,2026-10-04T10:07:42.469190+08:00,496616d71db8bc0f373f,
2026-10-04,3097779,V3,西青U19,索拉雷斯U19 vs 甘普斯特拉U19,,not reconstructed from future result,,,UNKNOWN,unknown,low,,PENDING_RESULT,,,
2026-10-04,3097779,V4,西青U19,索拉雷斯U19 vs 甘普斯特拉U19,,not reconstructed from future result,,,UNKNOWN,unknown,low,,PENDING_RESULT,2026-10-04T10:07:42.469190+08:00,41b2c0f36cdc86dde41b,
2026-10-04,3097780,V3,西青U19,阿米拉竞技U19 vs 格拉那达U19,,not reconstructed from future result,,,UNKNOWN,unknown,low,,PENDING_RESULT,,,
2026-10-04,3097780,V4,西青U19,阿米拉竞技U19 vs 格拉那达U19,,not reconstructed from future result,,,UNKNOWN,unknown,low,,PENDING_RESULT,2026-10-04T10:07:42.469190+08:00,1a493240caede9693366,
2026-10-04,3097781,V3,西青U19,托马雷斯U19 vs 卡迪兹U19,,not reconstructed from future result,,,UNKNOWN,unknown,low,,PENDING_RESULT,,,
2026-10-04,3097781,V4,西青U19,托马雷斯U19 vs 卡迪兹U19,,not reconstructed from future result,,,UNKNOWN,unknown,low,,PENDING_RESULT,2026-10-04T10:07:42.469190+08:00,4067a505021f955f92a0,
2026-10-04,3097782,V3,西青U19,阿科本达U19 vs 皇家马德里U19,,not reconstructed from future result,,,UNKNOWN,unknown,low,,PENDING_RESULT,,,
2026-10-04,3097782,V4,西青U19,阿科本达U19 vs 皇家马德里U19,,not reconstructed from future result,,,UNKNOWN,unknown,low,,PENDING_RESULT,2026-10-04T10:07:42.469190+08:00,79fe4f1fec133a889656,
2026-10-04,3097783,V3,瑞士丁,法瓦尼奥戈 vs 罗蒙托斯,,not reconstructed from future result,,,UNKNOWN,unknown,low,,PENDING_RESULT,,,
2026-10-04,3097783,V4,瑞士丁,法瓦尼奥戈 vs 罗蒙托斯,,not reconstructed from future result,,,UNKNOWN,unknown,low,,PENDING_RESULT,2026-10-04T10:07:42.469190+08:00,0dee8bcac276c1018f39,
2026-10-04,3097784,V3,瑞女乙,温特图尔女足 vs 甘巴罗尼奥女足,,not reconstructed from future result,,,UNKNOWN,unknown,low,,PENDING_RESULT,,,
2026-10-04,3097784,V4,瑞女乙,温特图尔女足 vs 甘巴罗尼奥女足,,not reconstructed from future result,,,UNKNOWN,unknown,low,,PENDING_RESULT,2026-10-04T10:07:42.469190+08:00,2cddd1051af1a4e09f64,
2026-10-04,3097785,V3,西女甲,巴塞罗那B队女足 vs 阿哈马女足,,not reconstructed from future result,,,UNKNOWN,unknown,low,,PENDING_RESULT,,,
2026-10-04,3097785,V4,西女甲,巴塞罗那B队女足 vs 阿哈马女足,,not reconstructed from future result,,,UNKNOWN,unknown,low,,PENDING_RESULT,2026-10-04T10:07:42.469190+08:00,6cd7b4d8fc4abb544de9,
2026-10-04,3097786,V3,瑞士丁,伊韦尔顿B队 vs FC伯乐,,not reconstructed from future result,,,UNKNOWN,unknown,low,,PENDING_RESULT,,,
2026-10-04,3097786,V4,瑞士丁,伊韦尔顿B队 vs FC伯乐,,not reconstructed from future result,,,UNKNOWN,unknown,low,,PENDING_RESULT,2026-10-04T10:07:42.469190+08:00,a43c8ac48787a28b462e,
2026-10-04,3097787,V3,南非女联,奥尔斯塔尔斯女足FC vs 林德兰尼FC女足,,not reconstructed from future result,,,UNKNOWN,unknown,low,,PENDING_RESULT,,,
2026-10-04,3097787,V4,南非女联,奥尔斯塔尔斯女足FC vs 林德兰尼FC女足,,not reconstructed from future result,,,UNKNOWN,unknown,low,,PENDING_RESULT,2026-10-04T10:07:42.469190+08:00,1b0347c5b875981b56f6,
2026-10-04,3097788,V3,西女丙,萨拉戈萨女足 vs 瓦尔德菲耶罗女足,,not reconstructed from future result,,,UNKNOWN,unknown,low,,PENDING_RESULT,,,
2026-10-04,3097788,V4,西女丙,萨拉戈萨女足 vs 瓦尔德菲耶罗女足,,not reconstructed from future result,,,UNKNOWN,unknown,low,,PENDING_RESULT,2026-10-04T10:07:42.469190+08:00,a650b125c6dd06c07981,
2026-10-04,3097789,V3,西女丙,德利西亚斯女足 vs 埃尔甘乔女足,,not reconstructed from future result,,,UNKNOWN,unknown,low,,PENDING_RESULT,,,
2026-10-04,3097789,V4,西女丙,德利西亚斯女足 vs 埃尔甘乔女足,,not reconstructed from future result,,,UNKNOWN,unknown,low,,PENDING_RESULT,2026-10-04T10:07:42.469190+08:00,9f493c2c6ecd5dd179e6,
2026-10-04,3097790,V3,挪威U19,乌拉恩U19 vs 卡芬姆U19,,not reconstructed from future result,,,UNKNOWN,unknown,low,,PENDING_RESULT,,,
2026-10-04,3097790,V4,挪威U19,乌拉恩U19 vs 卡芬姆U19,,not reconstructed from future result,,,UNKNOWN,unknown,low,,PENDING_RESULT,2026-10-04T10:07:42.469190+08:00,6c3197a573f9ed699d65,
2026-10-04,3097791,V3,西地区联,UD卡里奥 vs CF阿莫多瓦,,not reconstructed from future result,,,UNKNOWN,unknown,low,,PENDING_RESULT,,,
2026-10-04,3097791,V4,西地区联,UD卡里奥 vs CF阿莫多瓦,,not reconstructed from future result,,,UNKNOWN,unknown,low,,PENDING_RESULT,2026-10-04T10:07:42.469190+08:00,55c423ce163c7cf34b01,
2026-10-04,3097792,V3,西地区联,曼列乌 vs 鲁比,,not reconstructed from future result,,,UNKNOWN,unknown,low,,PENDING_RESULT,,,
2026-10-04,3097792,V4,西地区联,曼列乌 vs 鲁比,,not reconstructed from future result,,,UNKNOWN,unknown,low,,PENDING_RESULT,2026-10-04T10:07:42.469190+08:00,54811a9a32461a85d1a3,
2026-10-04,3097793,V3,西地区联,马德里埃斯珀 vs UP维索,,not reconstructed from future result,,,UNKNOWN,unknown,low,,PENDING_RESULT,,,
2026-10-04,3097793,V4,西地区联,马德里埃斯珀 vs UP维索,,not reconstructed from future result,,,UNKNOWN,unknown,low,,PENDING_RESULT,2026-10-04T10:07:42.469190+08:00,b4f8baa0849de9a41cdf,
2026-10-04,3097794,V3,危地乙,弗拉贾内斯 vs 圣贝尼托,,not reconstructed from future result,,,UNKNOWN,unknown,low,,PENDING_RESULT,,,
2026-10-04,3097794,V4,危地乙,弗拉贾内斯 vs 圣贝尼托,,not reconstructed from future result,,,UNKNOWN,unknown,low,,PENDING_RESULT,2026-10-04T10:07:42.469190+08:00,e6120c1fd9801a012d52,
2026-10-04,3097795,V3,危地乙,圣露西亚FC vs 阿瓜卡坦,,not reconstructed from future result,,,UNKNOWN,unknown,low,,PENDING_RESULT,,,
2026-10-04,3097795,V4,危地乙,圣露西亚FC vs 阿瓜卡坦,,not reconstructed from future result,,,UNKNOWN,unknown,low,,PENDING_RESULT,2026-10-04T10:07:42.469190+08:00,393984564f2a6cc940ef,
2026-10-04,3097796,V3,危地乙,米特兰 vs CSD奇基穆利利亚,,not reconstructed from future result,,,UNKNOWN,unknown,low,,PENDING_RESULT,,,
2026-10-04,3097796,V4,危地乙,米特兰 vs CSD奇基穆利利亚,,not reconstructed from future result,,,UNKNOWN,unknown,low,,PENDING_RESULT,2026-10-04T10:07:42.469190+08:00,5bb9dec7e5fa7e09806d,
2026-10-04,3097797,V3,危地乙,萨卡兹斯帕斯GT vs 冠军学院,,not reconstructed from future result,,,UNKNOWN,unknown,low,,PENDING_RESULT,,,
2026-10-04,3097797,V4,危地乙,萨卡兹斯帕斯GT vs 冠军学院,,not reconstructed from future result,,,UNKNOWN,unknown,low,,PENDING_RESULT,2026-10-04T10:07:42.469190+08:00,7a8786a2b6cb727a000c,
2026-10-04,3097798,V3,西地区联,CDF库维略斯 vs 巴捏扎,,not reconstructed from future result,,,UNKNOWN,unknown,low,,PENDING_RESULT,,,
2026-10-04,3097798,V4,西地区联,CDF库维略斯 vs 巴捏扎,,not reconstructed from future result,,,UNKNOWN,unknown,low,,PENDING_RESULT,2026-10-04T10:07:42.469190+08:00,45f6ca9ea863c304cf99,
2026-10-04,3097801,V3,美女超,坦帕湾太阳女足 vs 列克星敦女足,,not reconstructed from future result,,,UNKNOWN,unknown,low,,PENDING_RESULT,,,
2026-10-04,3097801,V4,美女超,坦帕湾太阳女足 vs 列克星敦女足,,not reconstructed from future result,,,UNKNOWN,unknown,low,,PENDING_RESULT,2026-10-04T10:07:42.469190+08:00,8b3c2fabb300bdeb6588,
2026-10-04,3097802,V3,球会友谊,高华尤夫卡 vs 柔亚,,not reconstructed from future result,,,UNKNOWN,unknown,low,,PENDING_RESULT,,,
2026-10-04,3097802,V4,球会友谊,高华尤夫卡 vs 柔亚,,not reconstructed from future result,,,UNKNOWN,unknown,low,,PENDING_RESULT,2026-10-04T10:07:42.469190+08:00,9ccd20a6b4f221e3640b,
2026-10-04,3097803,V3,克亚女联,ZNK斯普利特女足 vs NK 梅迪穆耶女足,,not reconstructed from future result,,,UNKNOWN,unknown,low,,PENDING_RESULT,,,
2026-10-04,3097803,V4,克亚女联,ZNK斯普利特女足 vs NK 梅迪穆耶女足,,not reconstructed from future result,,,UNKNOWN,unknown,low,,PENDING_RESULT,2026-10-04T10:07:42.469190+08:00,a6e54648d54caf3e360b,
2026-10-04,3097804,V3,球会友谊,KF格尼拉内 vs 贝斯基米,,not reconstructed from future result,,,UNKNOWN,unknown,low,,PENDING_RESULT,,,
2026-10-04,3097804,V4,球会友谊,KF格尼拉内 vs 贝斯基米,,not reconstructed from future result,,,UNKNOWN,unknown,low,,PENDING_RESULT,2026-10-04T10:07:42.469190+08:00,220d645a4a9c413061ab,
2026-10-04,3097805,V3,球会友谊,意诺西斯 vs 阿诺索西斯,,not reconstructed from future result,,,UNKNOWN,unknown,low,,PENDING_RESULT,,,
2026-10-04,3097805,V4,球会友谊,意诺西斯 vs 阿诺索西斯,,not reconstructed from future result,,,UNKNOWN,unknown,low,,PENDING_RESULT,2026-10-04T10:07:42.469190+08:00,713378dce400694c0aa4,
2026-10-04,3097806,V3,球会友谊,杜阿拉迪纳摩 vs 穆翁戈皇家雄鹰,,not reconstructed from future result,,,UNKNOWN,unknown,low,,PENDING_RESULT,,,
2026-10-04,3097806,V4,球会友谊,杜阿拉迪纳摩 vs 穆翁戈皇家雄鹰,,not reconstructed from future result,,,UNKNOWN,unknown,low,,PENDING_RESULT,2026-10-04T10:07:42.469190+08:00,b6f63129cae75059479e,
2026-10-04,3097807,V3,球会友谊,圣彼得堡泽尼特 vs 鲍里索夫巴特,,not reconstructed from future result,,,UNKNOWN,unknown,low,,PENDING_RESULT,,,
2026-10-04,3097807,V4,球会友谊,圣彼得堡泽尼特 vs 鲍里索夫巴特,,not reconstructed from future result,,,UNKNOWN,unknown,low,,PENDING_RESULT,2026-10-04T10:07:42.469190+08:00,461526f7ea6258469cd9,
2026-10-04,3097808,V3,阿根业余锦,阿根廷门多萨 vs 拉科莫迪斯,,not reconstructed from future result,,,UNKNOWN,unknown,low,,PENDING_RESULT,,,
2026-10-04,3097808,V4,阿根业余锦,阿根廷门多萨 vs 拉科莫迪斯,,not reconstructed from future result,,,UNKNOWN,unknown,low,,PENDING_RESULT,2026-10-04T10:07:42.469190+08:00,7d75cf8dada12953f337,
2026-10-04,3097809,V3,西青U19,赫罗纳U19 vs CD奥贝尔纳U19,,not reconstructed from future result,,,UNKNOWN,unknown,low,,PENDING_RESULT,,,
2026-10-04,3097809,V4,西青U19,赫罗纳U19 vs CD奥贝尔纳U19,,not reconstructed from future result,,,UNKNOWN,unknown,low,,PENDING_RESULT,2026-10-04T10:07:42.469190+08:00,06cf1874b87cd78454ce,
2026-10-04,3097810,V3,尼拉森联,马蒂亚斯俱乐部 vs 马德里斯,,not reconstructed from future result,,,UNKNOWN,unknown,low,,PENDING_RESULT,,,
2026-10-04,3097810,V4,尼拉森联,马蒂亚斯俱乐部 vs 马德里斯,,not reconstructed from future result,,,UNKNOWN,unknown,low,,PENDING_RESULT,2026-10-04T10:07:42.469190+08:00,ee242d5a315a96ad095d,
2026-10-04,3097811,V3,危地丁,大学队SC(GT) vs 冠军学院B队,,not reconstructed from future result,,,UNKNOWN,unknown,low,,PENDING_RESULT,,,
2026-10-04,3097811,V4,危地丁,大学队SC(GT) vs 冠军学院B队,,not reconstructed from future result,,,UNKNOWN,unknown,low,,PENDING_RESULT,2026-10-04T10:07:42.469190+08:00,9ce25aaab19afefb5137,
2026-10-04,3097812,V3,危地乙,阿库阿帕 vs AFF危地马拉,,not reconstructed from future result,,,UNKNOWN,unknown,low,,PENDING_RESULT,,,
2026-10-04,3097812,V4,危地乙,阿库阿帕 vs AFF危地马拉,,not reconstructed from future result,,,UNKNOWN,unknown,low,,PENDING_RESULT,2026-10-04T10:07:42.469190+08:00,a01abd9a5dcb8f930e23,
