list_date,match_id,version,competition,match,fact_score,known_at_decision,new_after_decision,process_gap,error_hypothesis,preventability,evidence_confidence,research_hypothesis,review_status,decision_at,decision_hash,original_action_or_grade
2026-10-04,2911385,V3,瑞典女超,佐加顿斯女足 vs AIK索尔纳女足,,not reconstructed from future result,,,UNKNOWN,unknown,low,,PENDING_RESULT,,,
2026-10-04,2911385,V4,瑞典女超,佐加顿斯女足 vs AIK索尔纳女足,,not reconstructed from future result,,,UNKNOWN,unknown,low,,PENDING_RESULT,2026-10-04T09:58:08.993953+08:00,3bc76b89d65facf9303f,B
2026-10-04,2911386,V3,瑞典女超,赫根女足 vs IK乌普撒拉女足,,not reconstructed from future result,,,UNKNOWN,unknown,low,,PENDING_RESULT,,,
2026-10-04,2911386,V4,瑞典女超,赫根女足 vs IK乌普撒拉女足,,not reconstructed from future result,,,UNKNOWN,unknown,low,,PENDING_RESULT,2026-10-04T12:07:48.788371+08:00,26203a2f4fb433200c79,
2026-10-04,2911387,V3,瑞典女超,哈马比女足 vs 布洛马波卡纳女足,,not reconstructed from future result,,,UNKNOWN,unknown,low,,PENDING_RESULT,,,
2026-10-04,2911387,V4,瑞典女超,哈马比女足 vs 布洛马波卡纳女足,,not reconstructed from future result,,,UNKNOWN,unknown,low,,PENDING_RESULT,2026-10-04T12:07:48.788371+08:00,6bcac2f4dd20979acea7,N
2026-10-04,2911388,V3,瑞典女超,马模女足 vs 洛森格德女足,,not reconstructed from future result,,,UNKNOWN,unknown,low,,PENDING_RESULT,,,
2026-10-04,2911388,V4,瑞典女超,马模女足 vs 洛森格德女足,,not reconstructed from future result,,,UNKNOWN,unknown,low,,PENDING_RESULT,2026-10-04T12:07:48.788371+08:00,a5e7627e103e6e1d3a42,N
2026-10-04,2913154,V3,挪甲,布莱尼 vs 利恩,,not reconstructed from future result,,,UNKNOWN,unknown,low,,PENDING_RESULT,2026-10-04T12:07:48+08:00,11e8bca97a144f96c6eb,不投
2026-10-04,2913154,V4,挪甲,布莱尼 vs 利恩,,not reconstructed from future result,,,UNKNOWN,unknown,low,,PENDING_RESULT,2026-10-04T09:58:08.993953+08:00,4296af452e674ccb7331,C
2026-10-04,2913357,V3,挪乙,巴提维格 vs 索特拉,,not reconstructed from future result,,,UNKNOWN,unknown,low,,PENDING_RESULT,2026-10-04T12:07:48+08:00,6a3acead6fabdf397cf2,不投
2026-10-04,2913357,V4,挪乙,巴提维格 vs 索特拉,,not reconstructed from future result,,,UNKNOWN,unknown,low,,PENDING_RESULT,2026-10-04T09:58:08.993953+08:00,fd31903463da434aed92,C
2026-10-04,2913359,V3,挪乙,里塞克罗斯特 vs 谢夫,,not reconstructed from future result,,,UNKNOWN,unknown,low,,PENDING_RESULT,2026-10-04T09:02:52+08:00,b6027f35640efc65c8ff,不投
2026-10-04,2913359,V4,挪乙,里塞克罗斯特 vs 谢夫,,not reconstructed from future result,,,UNKNOWN,unknown,low,,PENDING_RESULT,2026-10-04T12:07:48.788371+08:00,c22721c2f130df691e80,
2026-10-04,2913360,V3,挪乙,莫达伦 vs 特莱弗,,not reconstructed from future result,,,UNKNOWN,unknown,low,,PENDING_RESULT,2026-10-04T12:07:48+08:00,aa8b8ac62faf3f8639d6,不投
2026-10-04,2913360,V4,挪乙,莫达伦 vs 特莱弗,,not reconstructed from future result,,,UNKNOWN,unknown,low,,PENDING_RESULT,2026-10-04T12:07:48.788371+08:00,1fb9f053356efadec368,N
2026-10-04,2913363,V3,挪乙,桑韦肯 vs 阿伦达尔,,not reconstructed from future result,,,UNKNOWN,unknown,low,,PENDING_RESULT,2026-10-04T12:07:48+08:00,64960f8c31226c03ea0c,不投
2026-10-04,2913363,V4,挪乙,桑韦肯 vs 阿伦达尔,,not reconstructed from future result,,,UNKNOWN,unknown,low,,PENDING_RESULT,2026-10-04T12:07:48.788371+08:00,5d45fae5adfd613c8b1c,N
2026-10-04,2913541,V3,挪乙,拉纳 vs 伊斯沃德,,not reconstructed from future result,,,UNKNOWN,unknown,low,,PENDING_RESULT,2026-10-04T09:02:52+08:00,bbe7e984b2a8f26827e2,可投
2026-10-04,2913541,V4,挪乙,拉纳 vs 伊斯沃德,,not reconstructed from future result,,,UNKNOWN,unknown,low,,PENDING_RESULT,2026-10-04T09:58:08.993953+08:00,f7e378e95399c0981dbc,B
2026-10-04,2913543,V3,挪乙,特罗姆斯达伦 vs 利云格尔,,not reconstructed from future result,,,UNKNOWN,unknown,low,,PENDING_RESULT,2026-10-04T12:07:48+08:00,770f95800c313a0a127e,不投
2026-10-04,2913543,V4,挪乙,特罗姆斯达伦 vs 利云格尔,,not reconstructed from future result,,,UNKNOWN,unknown,low,,PENDING_RESULT,2026-10-04T09:58:08.993953+08:00,a91af157209fc3e373d3,B
2026-10-04,2913544,V3,挪乙,特里格拉德 vs 祖克伦,,not reconstructed from future result,,,UNKNOWN,unknown,low,,PENDING_RESULT,2026-10-04T12:07:48+08:00,75ad6b32f0c250008daa,不投
2026-10-04,2913544,V4,挪乙,特里格拉德 vs 祖克伦,,not reconstructed from future result,,,UNKNOWN,unknown,low,,PENDING_RESULT,2026-10-04T09:58:08.993953+08:00,3ea7658c0a4d6dc7a7cd,B
2026-10-04,2913961,V3,挪女超,SK布兰女足 vs 弗特纳女足,,not reconstructed from future result,,,UNKNOWN,unknown,low,,PENDING_RESULT,,,
2026-10-04,2913961,V4,挪女超,SK布兰女足 vs 弗特纳女足,,not reconstructed from future result,,,UNKNOWN,unknown,low,,PENDING_RESULT,2026-10-04T12:07:48.788371+08:00,4fe44d444244a20bf1c4,
2026-10-04,2913962,V3,挪女超,侯尼霍斯女足 vs 博德闪耀女足,,not reconstructed from future result,,,UNKNOWN,unknown,low,,PENDING_RESULT,,,
2026-10-04,2913962,V4,挪女超,侯尼霍斯女足 vs 博德闪耀女足,,not reconstructed from future result,,,UNKNOWN,unknown,low,,PENDING_RESULT,2026-10-04T12:07:48.788371+08:00,7bba5181734ef6040547,
2026-10-04,2913963,V3,挪女超,利恩女足 vs 侯治森华特女足,,not reconstructed from future result,,,UNKNOWN,unknown,low,,PENDING_RESULT,,,
2026-10-04,2913963,V4,挪女超,利恩女足 vs 侯治森华特女足,,not reconstructed from future result,,,UNKNOWN,unknown,low,,PENDING_RESULT,2026-10-04T12:07:48.788371+08:00,08bce72a24afd1f6f0e6,
2026-10-04,2913964,V3,挪女超,莫尔德女足 vs 斯塔贝克女足,,not reconstructed from future result,,,UNKNOWN,unknown,low,,PENDING_RESULT,,,
2026-10-04,2913964,V4,挪女超,莫尔德女足 vs 斯塔贝克女足,,not reconstructed from future result,,,UNKNOWN,unknown,low,,PENDING_RESULT,2026-10-04T12:07:48.788371+08:00,1f4135f1d6834f0c0ba9,
2026-10-04,2913965,V3,挪女超,罗亚女足 vs 利尼史特朗女足,,not reconstructed from future result,,,UNKNOWN,unknown,low,,PENDING_RESULT,,,
2026-10-04,2913965,V4,挪女超,罗亚女足 vs 利尼史特朗女足,,not reconstructed from future result,,,UNKNOWN,unknown,low,,PENDING_RESULT,2026-10-04T12:07:48.788371+08:00,1a17e79535ed1b67c8ba,
2026-10-04,2913966,V3,挪女超,瓦勒伦加女足 vs 罗森博格女足,,not reconstructed from future result,,,UNKNOWN,unknown,low,,PENDING_RESULT,,,
2026-10-04,2913966,V4,挪女超,瓦勒伦加女足 vs 罗森博格女足,,not reconstructed from future result,,,UNKNOWN,unknown,low,,PENDING_RESULT,2026-10-04T12:07:48.788371+08:00,3827114dfe2a57e34209,
2026-10-04,2916718,V3,阿乙,卡洛斯卡萨雷斯农业 vs 米德兰,,not reconstructed from future result,,,UNKNOWN,unknown,low,,PENDING_RESULT,2026-10-04T12:07:48+08:00,800160d849409486689c,不投
2026-10-04,2916718,V4,阿乙,卡洛斯卡萨雷斯农业 vs 米德兰,,not reconstructed from future result,,,UNKNOWN,unknown,low,,PENDING_RESULT,2026-10-04T09:58:08.993953+08:00,d63715202abab3038dea,C
2026-10-04,2916719,V3,阿乙,拉费尔拿 vs 阿特兰大竞技,,not reconstructed from future result,,,UNKNOWN,unknown,low,,PENDING_RESULT,2026-10-04T12:07:48+08:00,280f94d6adc45dc0947c,不投
2026-10-04,2916719,V4,阿乙,拉费尔拿 vs 阿特兰大竞技,,not reconstructed from future result,,,UNKNOWN,unknown,low,,PENDING_RESULT,2026-10-04T12:07:48.788371+08:00,bed34fa6fcca4f3bed52,N
2026-10-04,2916720,V3,阿乙,北索尔塔中央 vs 科多巴竞赛会,,not reconstructed from future result,,,UNKNOWN,unknown,low,,PENDING_RESULT,2026-10-04T12:07:48+08:00,ce247471a1e418861e57,不投
2026-10-04,2916720,V4,阿乙,北索尔塔中央 vs 科多巴竞赛会,,not reconstructed from future result,,,UNKNOWN,unknown,low,,PENDING_RESULT,2026-10-04T09:58:08.993953+08:00,af787a9c6ab7b4ca48df,B
2026-10-04,2916721,V3,阿乙,查卡里塔青年 vs 帕特罗纳图,,not reconstructed from future result,,,UNKNOWN,unknown,low,,PENDING_RESULT,,,
2026-10-04,2916721,V4,阿乙,查卡里塔青年 vs 帕特罗纳图,,not reconstructed from future result,,,UNKNOWN,unknown,low,,PENDING_RESULT,2026-10-04T09:58:08.993953+08:00,762f59329b031faf6db7,B
2026-10-04,2916722,V3,阿乙,查克佛伊维 vs 贝尔格拉诺防卫队,,not reconstructed from future result,,,UNKNOWN,unknown,low,,PENDING_RESULT,2026-10-04T12:07:48+08:00,f1469e2e2502dc3b801f,不投
2026-10-04,2916722,V4,阿乙,查克佛伊维 vs 贝尔格拉诺防卫队,,not reconstructed from future result,,,UNKNOWN,unknown,low,,PENDING_RESULT,2026-10-04T09:58:08.993953+08:00,0d174c0d34a96b6d5c45,C
2026-10-04,2916723,V3,阿乙,圭梅斯竞技 vs 科勒加勒斯,,not reconstructed from future result,,,UNKNOWN,unknown,low,,PENDING_RESULT,2026-10-04T12:07:48+08:00,bc91bbeea1bd08ddca72,不投
2026-10-04,2916723,V4,阿乙,圭梅斯竞技 vs 科勒加勒斯,,not reconstructed from future result,,,UNKNOWN,unknown,low,,PENDING_RESULT,2026-10-04T09:58:08.993953+08:00,a336b1e8830e0fe9b42c,B
2026-10-04,2916727,V3,阿乙,戈多伊克鲁斯 vs 洛斯安第斯,,not reconstructed from future result,,,UNKNOWN,unknown,low,,PENDING_RESULT,2026-10-04T12:07:48+08:00,b4127e715447d93ee551,不投
2026-10-04,2916727,V4,阿乙,戈多伊克鲁斯 vs 洛斯安第斯,,not reconstructed from future result,,,UNKNOWN,unknown,low,,PENDING_RESULT,2026-10-04T09:58:08.993953+08:00,9cb33b5a11e13170ef39,B
2026-10-04,2916729,V3,阿乙,圣胡安圣马丁 vs 阿马格罗,,not reconstructed from future result,,,UNKNOWN,unknown,low,,PENDING_RESULT,2026-10-04T12:07:48+08:00,8c6fca9867e828c1c5ee,不投
2026-10-04,2916729,V4,阿乙,圣胡安圣马丁 vs 阿马格罗,,not reconstructed from future result,,,UNKNOWN,unknown,low,,PENDING_RESULT,2026-10-04T09:58:08.993953+08:00,3cd988a55a3ed0cc74d0,B
2026-10-04,2916730,V3,阿乙,图库曼圣马丁 vs 甘拿斯亚迪罗,,not reconstructed from future result,,,UNKNOWN,unknown,low,,PENDING_RESULT,2026-10-04T12:07:48+08:00,926bbe12742ed9f2ec29,不投
2026-10-04,2916730,V4,阿乙,图库曼圣马丁 vs 甘拿斯亚迪罗,,not reconstructed from future result,,,UNKNOWN,unknown,low,,PENDING_RESULT,2026-10-04T09:58:08.993953+08:00,957973c754b6d8cf81e1,B
2026-10-04,2916732,V3,阿乙,圣德尔模 vs 阿尔米兰提布朗,,not reconstructed from future result,,,UNKNOWN,unknown,low,,PENDING_RESULT,2026-10-04T12:07:48+08:00,3ac67ae4df8b09ea5367,不投
2026-10-04,2916732,V4,阿乙,圣德尔模 vs 阿尔米兰提布朗,,not reconstructed from future result,,,UNKNOWN,unknown,low,,PENDING_RESULT,2026-10-04T12:07:48.788371+08:00,4d12a654067e09975977,N
2026-10-04,2917136,V3,瑞典女甲,哥德堡女足 vs 艾林格萨斯女足,,not reconstructed from future result,,,UNKNOWN,unknown,low,,PENDING_RESULT,,,
2026-10-04,2917136,V4,瑞典女甲,哥德堡女足 vs 艾林格萨斯女足,,not reconstructed from future result,,,UNKNOWN,unknown,low,,PENDING_RESULT,2026-10-04T09:58:08.993953+08:00,e19028e3a780a868c9d7,B
2026-10-04,2917141,V3,瑞典女甲,乌美亚女足 vs 胡思瓦娜女足,,not reconstructed from future result,,,UNKNOWN,unknown,low,,PENDING_RESULT,,,
2026-10-04,2917141,V4,瑞典女甲,乌美亚女足 vs 胡思瓦娜女足,,not reconstructed from future result,,,UNKNOWN,unknown,low,,PENDING_RESULT,2026-10-04T12:07:48.788371+08:00,c30cdc6c4fe2a05f737d,
2026-10-04,2919929,V3,瑞典乙南,BK奥林匹克 vs 特雷勒堡,,not reconstructed from future result,,,UNKNOWN,unknown,low,,PENDING_RESULT,,,
2026-10-04,2919929,V4,瑞典乙南,BK奥林匹克 vs 特雷勒堡,,not reconstructed from future result,,,UNKNOWN,unknown,low,,PENDING_RESULT,2026-10-04T09:58:08.993953+08:00,a663db1cd1188cc27f7d,B
2026-10-04,2920170,V3,瑞典乙北,于默奥 vs 哈马比TFF,,not reconstructed from future result,,,UNKNOWN,unknown,low,,PENDING_RESULT,,,
2026-10-04,2920170,V4,瑞典乙北,于默奥 vs 哈马比TFF,,not reconstructed from future result,,,UNKNOWN,unknown,low,,PENDING_RESULT,2026-10-04T09:58:08.993953+08:00,5ddd50c51424d54eff96,B
2026-10-04,2920171,V3,瑞典乙北,维萨隆德 vs FC阿尔兰达,,not reconstructed from future result,,,UNKNOWN,unknown,low,,PENDING_RESULT,,,
2026-10-04,2920171,V4,瑞典乙北,维萨隆德 vs FC阿尔兰达,,not reconstructed from future result,,,UNKNOWN,unknown,low,,PENDING_RESULT,2026-10-04T12:07:48.788371+08:00,0ded14004b2eb074fce4,N
2026-10-04,2924109,V3,格鲁甲,伊比利亚1999 vs 第比利斯迪纳摩,,not reconstructed from future result,,,UNKNOWN,unknown,low,,PENDING_RESULT,,,
2026-10-04,2924109,V4,格鲁甲,伊比利亚1999 vs 第比利斯迪纳摩,,not reconstructed from future result,,,UNKNOWN,unknown,low,,PENDING_RESULT,2026-10-04T12:07:48.788371+08:00,09d235d8efb315170342,N
2026-10-04,2926242,V3,智利乙,安托法加斯塔 vs 塔尔卡流浪者,,not reconstructed from future result,,,UNKNOWN,unknown,low,,PENDING_RESULT,2026-10-04T09:02:52+08:00,5b4c11e0bf2e008a63e6,不投
2026-10-04,2926242,V4,智利乙,安托法加斯塔 vs 塔尔卡流浪者,,not reconstructed from future result,,,UNKNOWN,unknown,low,,PENDING_RESULT,2026-10-04T12:07:48.788371+08:00,bee5315ff9a94eb5436d,
2026-10-04,2926248,V3,智利乙,圣菲利浦联 vs 伊基克体育,,not reconstructed from future result,,,UNKNOWN,unknown,low,,PENDING_RESULT,2026-10-04T12:07:48+08:00,38799265fa59da0598db,不投
2026-10-04,2926248,V4,智利乙,圣菲利浦联 vs 伊基克体育,,not reconstructed from future result,,,UNKNOWN,unknown,low,,PENDING_RESULT,2026-10-04T09:58:08.993953+08:00,9e92323e381dbf5dfb44,B
2026-10-04,2926249,V3,智利乙,坎尔托塔 vs 西班牙联合,,not reconstructed from future result,,,UNKNOWN,unknown,low,,PENDING_RESULT,2026-10-04T12:07:48+08:00,8fd0754c433f86f05ce0,不投
2026-10-04,2926249,V4,智利乙,坎尔托塔 vs 西班牙联合,,not reconstructed from future result,,,UNKNOWN,unknown,low,,PENDING_RESULT,2026-10-04T12:07:48.788371+08:00,cfd9f0c693fe6cd5ab22,N
2026-10-04,2926819,V3,瑞典丙SS,纳卡伊利里亚 vs 卡斯隆德,,not reconstructed from future result,,,UNKNOWN,unknown,low,,PENDING_RESULT,,,
2026-10-04,2926819,V4,瑞典丙SS,纳卡伊利里亚 vs 卡斯隆德,,not reconstructed from future result,,,UNKNOWN,unknown,low,,PENDING_RESULT,2026-10-04T09:58:08.993953+08:00,e57b0c2c200440ba5485,B
2026-10-04,2926820,V3,瑞典丙SS,奥雷布洛西里安斯卡 vs 哈宁厄,,not reconstructed from future result,,,UNKNOWN,unknown,low,,PENDING_RESULT,,,
2026-10-04,2926820,V4,瑞典丙SS,奥雷布洛西里安斯卡 vs 哈宁厄,,not reconstructed from future result,,,UNKNOWN,unknown,low,,PENDING_RESULT,2026-10-04T12:07:48.788371+08:00,a85e06c14307b7985973,
2026-10-04,2927003,V3,瑞典丙VG,阿斯特里 vs 瓦斯特拉弗罗伦达,,not reconstructed from future result,,,UNKNOWN,unknown,low,,PENDING_RESULT,,,
2026-10-04,2927003,V4,瑞典丙VG,阿斯特里 vs 瓦斯特拉弗罗伦达,,not reconstructed from future result,,,UNKNOWN,unknown,low,,PENDING_RESULT,2026-10-04T09:58:08.993953+08:00,fbac43682cca106c38b0,B
2026-10-04,2927184,V3,瑞典丙SG,贝尔加 vs 奥斯特伦,,not reconstructed from future result,,,UNKNOWN,unknown,low,,PENDING_RESULT,,,
2026-10-04,2927184,V4,瑞典丙SG,贝尔加 vs 奥斯特伦,,not reconstructed from future result,,,UNKNOWN,unknown,low,,PENDING_RESULT,2026-10-04T12:07:48.788371+08:00,0979db6f115407fdc9ed,
2026-10-04,2927185,V3,瑞典丙SG,IFK特雷勒堡 vs 拉佩高尔夫,,not reconstructed from future result,,,UNKNOWN,unknown,low,,PENDING_RESULT,,,
2026-10-04,2927185,V4,瑞典丙SG,IFK特雷勒堡 vs 拉佩高尔夫,,not reconstructed from future result,,,UNKNOWN,unknown,low,,PENDING_RESULT,2026-10-04T12:07:48.788371+08:00,a66e24f59ee24191d31c,
2026-10-04,2927186,V3,瑞典丙SG,卡尔期克朗 vs 利勒罗,,not reconstructed from future result,,,UNKNOWN,unknown,low,,PENDING_RESULT,,,
2026-10-04,2927186,V4,瑞典丙SG,卡尔期克朗 vs 利勒罗,,not reconstructed from future result,,,UNKNOWN,unknown,low,,PENDING_RESULT,2026-10-04T12:07:48.788371+08:00,2900a7c789b66e8986e4,
2026-10-04,2927367,V3,瑞典丙NG,阿拉佛斯 vs 慕达拉,,not reconstructed from future result,,,UNKNOWN,unknown,low,,PENDING_RESULT,,,
2026-10-04,2927367,V4,瑞典丙NG,阿拉佛斯 vs 慕达拉,,not reconstructed from future result,,,UNKNOWN,unknown,low,,PENDING_RESULT,2026-10-04T12:07:48.788371+08:00,e685a8b4aa3ca17c0f61,
2026-10-04,2927368,V3,瑞典丙NG,卡尔斯塔德B队 vs IK多特,,not reconstructed from future result,,,UNKNOWN,unknown,low,,PENDING_RESULT,,,
2026-10-04,2927368,V4,瑞典丙NG,卡尔斯塔德B队 vs IK多特,,not reconstructed from future result,,,UNKNOWN,unknown,low,,PENDING_RESULT,2026-10-04T12:07:48.788371+08:00,9610f696bb90eff23959,
2026-10-04,2927548,V3,瑞典丙NS,安格比 vs 赫尔格斯,,not reconstructed from future result,,,UNKNOWN,unknown,low,,PENDING_RESULT,,,
2026-10-04,2927548,V4,瑞典丙NS,安格比 vs 赫尔格斯,,not reconstructed from future result,,,UNKNOWN,unknown,low,,PENDING_RESULT,2026-10-04T09:58:08.993953+08:00,b8d6b07e5615fbe6a20d,C
2026-10-04,2927550,V3,瑞典丙NS,哥斯纳斯 vs IK弗兰卡,,not reconstructed from future result,,,UNKNOWN,unknown,low,,PENDING_RESULT,,,
2026-10-04,2927550,V4,瑞典丙NS,哥斯纳斯 vs IK弗兰卡,,not reconstructed from future result,,,UNKNOWN,unknown,low,,PENDING_RESULT,2026-10-04T12:07:48.788371+08:00,b20082c70ce5beca53bf,
2026-10-04,2934827,V3,阿乙曼特秋,BsAs交流会 vs 弗朗德里亚,,not reconstructed from future result,,,UNKNOWN,unknown,low,,PENDING_RESULT,2026-10-04T12:07:48+08:00,24973281311ad0b499c2,不投
2026-10-04,2934827,V4,阿乙曼特秋,BsAs交流会 vs 弗朗德里亚,,not reconstructed from future result,,,UNKNOWN,unknown,low,,PENDING_RESULT,2026-10-04T09:58:08.993953+08:00,2b6047fdacf51c4ff72d,B
2026-10-04,2934834,V3,阿乙曼特秋,意大利亚诺 vs 埃斯卡拉达,,not reconstructed from future result,,,UNKNOWN,unknown,low,,PENDING_RESULT,2026-10-04T12:07:48+08:00,20ea500f37977258e5bb,不投
2026-10-04,2934834,V4,阿乙曼特秋,意大利亚诺 vs 埃斯卡拉达,,not reconstructed from future result,,,UNKNOWN,unknown,low,,PENDING_RESULT,2026-10-04T12:07:48.788371+08:00,66fda5e016ad0e371228,N
2026-10-04,2935304,V3,阿丙曼特,科尔多瓦罗萨里奥中央队 vs 尤潘基,,not reconstructed from future result,,,UNKNOWN,unknown,low,,PENDING_RESULT,,,
2026-10-04,2935304,V4,阿丙曼特,科尔多瓦罗萨里奥中央队 vs 尤潘基,,not reconstructed from future result,,,UNKNOWN,unknown,low,,PENDING_RESULT,2026-10-04T12:07:48.788371+08:00,0f583c56d8671534db10,
2026-10-04,2935313,V3,阿丙曼特,CA卢加诺 vs 罗萨里奥阿根廷,,not reconstructed from future result,,,UNKNOWN,unknown,low,,PENDING_RESULT,,,
2026-10-04,2935313,V4,阿丙曼特,CA卢加诺 vs 罗萨里奥阿根廷,,not reconstructed from future result,,,UNKNOWN,unknown,low,,PENDING_RESULT,2026-10-04T12:07:48.788371+08:00,9f3e3ecac0186b5688f1,
2026-10-04,2935314,V3,阿丙曼特,波多黎各努埃沃 vs 乌尔奎萨,,not reconstructed from future result,,,UNKNOWN,unknown,low,,PENDING_RESULT,,,
2026-10-04,2935314,V4,阿丙曼特,波多黎各努埃沃 vs 乌尔奎萨,,not reconstructed from future result,,,UNKNOWN,unknown,low,,PENDING_RESULT,2026-10-04T12:07:48.788371+08:00,39c966321eef96390cee,
2026-10-04,2935315,V3,阿丙曼特,萨卡兹斯帕斯 vs 埃斯特雷利亚科恩,,not reconstructed from future result,,,UNKNOWN,unknown,low,,PENDING_RESULT,,,
2026-10-04,2935315,V4,阿丙曼特,萨卡兹斯帕斯 vs 埃斯特雷利亚科恩,,not reconstructed from future result,,,UNKNOWN,unknown,low,,PENDING_RESULT,2026-10-04T12:07:48.788371+08:00,8944db0c09c5658b86c4,
2026-10-04,2937624,V3,加拿职,魁北克苏普拉 vs 太平洋FC,,not reconstructed from future result,,,UNKNOWN,unknown,low,,PENDING_RESULT,,,
2026-10-04,2937624,V4,加拿职,魁北克苏普拉 vs 太平洋FC,,not reconstructed from future result,,,UNKNOWN,unknown,low,,PENDING_RESULT,2026-10-04T09:58:08.993953+08:00,38c46c3ed4fea22f49d7,C
2026-10-04,2940444,V3,韩K3联,唐津市民 vs 庆州水利,0-0,not reconstructed from future result,,,UNKNOWN,unknown,low,,PENDING_RESULT,2026-10-04T12:07:48+08:00,e94ab8a65afabbeb1eca,不投
2026-10-04,2940444,V4,韩K3联,唐津市民 vs 庆州水利,0-0,not reconstructed from future result,,,UNKNOWN,unknown,low,,PENDING_RESULT,2026-10-04T09:58:08.993953+08:00,8823a111025bc524db9b,C
2026-10-04,2940445,V3,韩K3联,木浦市 vs 釜山运输,0-0,not reconstructed from future result,,,UNKNOWN,unknown,low,,PENDING_RESULT,2026-10-04T12:07:48+08:00,21eec8e6c01af999c724,不投
2026-10-04,2940445,V4,韩K3联,木浦市 vs 釜山运输,0-0,not reconstructed from future result,,,UNKNOWN,unknown,low,,PENDING_RESULT,2026-10-04T09:58:08.993953+08:00,9090ad9139987e3f9974,C
2026-10-04,2942653,V3,美冠联,拉斯维加斯之光 vs 圣安东尼奥,0-0,not reconstructed from future result,,,UNKNOWN,unknown,low,,PENDING_RESULT,2026-10-04T09:02:52+08:00,6e907e8e3e8caac0eaaa,可投
2026-10-04,2942653,V4,美冠联,拉斯维加斯之光 vs 圣安东尼奥,0-0,not reconstructed from future result,,,UNKNOWN,unknown,low,,PENDING_RESULT,2026-10-04T10:07:42.469190+08:00,e1f2e6082bf1bce5cf45,N
2026-10-04,2942656,V3,美冠联,新墨西哥联 vs 凤凰重生,,not reconstructed from future result,,,UNKNOWN,unknown,low,,PENDING_RESULT,2026-10-04T12:07:48+08:00,a52892ea58fb66065045,不投
2026-10-04,2942656,V4,美冠联,新墨西哥联 vs 凤凰重生,,not reconstructed from future result,,,UNKNOWN,unknown,low,,PENDING_RESULT,2026-10-04T09:58:08.993953+08:00,8f339057b71b929212eb,B
2026-10-04,2953722,V3,韩K4联,金川人力 vs 首尔中浪,,not reconstructed from future result,,,UNKNOWN,unknown,low,,PENDING_RESULT,,,
2026-10-04,2953722,V4,韩K4联,金川人力 vs 首尔中浪,,not reconstructed from future result,,,UNKNOWN,unknown,low,,PENDING_RESULT,2026-10-04T12:07:48.788371+08:00,2c3d6ee798881f98261d,
2026-10-04,2953723,V3,韩K4联,西山先锋 vs 平昌FC,,not reconstructed from future result,,,UNKNOWN,unknown,low,,PENDING_RESULT,,,
2026-10-04,2953723,V4,韩K4联,西山先锋 vs 平昌FC,,not reconstructed from future result,,,UNKNOWN,unknown,low,,PENDING_RESULT,2026-10-04T12:07:48.788371+08:00,6b63eb49a2145c633a59,
2026-10-04,2953724,V3,韩K4联,平泽市民 vs 世宗,,not reconstructed from future result,,,UNKNOWN,unknown,low,,PENDING_RESULT,,,
2026-10-04,2953724,V4,韩K4联,平泽市民 vs 世宗,,not reconstructed from future result,,,UNKNOWN,unknown,low,,PENDING_RESULT,2026-10-04T12:07:48.788371+08:00,278d95b660f8e8b49a46,
2026-10-04,2955404,V3,美甲,托曼塔FC vs 奥马哈,,not reconstructed from future result,,,UNKNOWN,unknown,low,,PENDING_RESULT,2026-10-04T09:02:52+08:00,ddf404775b64b10f2006,不投
2026-10-04,2955404,V4,美甲,托曼塔FC vs 奥马哈,,not reconstructed from future result,,,UNKNOWN,unknown,low,,PENDING_RESULT,2026-10-04T12:07:48.788371+08:00,bb862d2d0817b5024049,
2026-10-04,2956839,V3,日职女甲,FC爱媛女足 vs 维亚马特拉斯宫崎女足,0-0,not reconstructed from future result,,,UNKNOWN,unknown,low,,PENDING_RESULT,,,
2026-10-04,2956839,V4,日职女甲,FC爱媛女足 vs 维亚马特拉斯宫崎女足,0-0,not reconstructed from future result,,,UNKNOWN,unknown,low,,PENDING_RESULT,2026-10-04T09:58:08.993953+08:00,fcf79bd2c82cda049270,A
2026-10-04,2956840,V3,日职女甲,伊贺FC女足 vs 播磨阿尔比恩女足,0-0,not reconstructed from future result,,,UNKNOWN,unknown,low,,PENDING_RESULT,,,
2026-10-04,2956840,V4,日职女甲,伊贺FC女足 vs 播磨阿尔比恩女足,0-0,not reconstructed from future result,,,UNKNOWN,unknown,low,,PENDING_RESULT,2026-10-04T09:58:08.993953+08:00,e11016d77b727b5054f9,C
2026-10-04,2956841,V3,日职女甲,汤乡贝勒女足 vs 静冈产大女足,0-0,not reconstructed from future result,,,UNKNOWN,unknown,low,,PENDING_RESULT,,,
2026-10-04,2956841,V4,日职女甲,汤乡贝勒女足 vs 静冈产大女足,0-0,not reconstructed from future result,,,UNKNOWN,unknown,low,,PENDING_RESULT,2026-10-04T09:58:08.993953+08:00,38edc63a731aa06729dc,A
2026-10-04,2956842,V3,日职女甲,世田谷女足 vs 虎鲸鸭川女足,0-0,not reconstructed from future result,,,UNKNOWN,unknown,low,,PENDING_RESULT,,,
2026-10-04,2956842,V4,日职女甲,世田谷女足 vs 虎鲸鸭川女足,0-0,not reconstructed from future result,,,UNKNOWN,unknown,low,,PENDING_RESULT,2026-10-04T09:58:08.993953+08:00,1055f4a0d6895972c4f8,B
2026-10-04,2956843,V3,日职女甲,横滨海鸥女足 vs VONDS市原女足,0-0,not reconstructed from future result,,,UNKNOWN,unknown,low,,PENDING_RESULT,,,
2026-10-04,2956843,V4,日职女甲,横滨海鸥女足 vs VONDS市原女足,0-0,not reconstructed from future result,,,UNKNOWN,unknown,low,,PENDING_RESULT,2026-10-04T09:58:08.993953+08:00,66531d085a1720939bb3,A
2026-10-04,2957070,V3,美女职,哥谭女足 vs 天使城女足,,not reconstructed from future result,,,UNKNOWN,unknown,low,,PENDING_RESULT,,,
2026-10-04,2957070,V4,美女职,哥谭女足 vs 天使城女足,,not reconstructed from future result,,,UNKNOWN,unknown,low,,PENDING_RESULT,2026-10-04T09:58:08.993953+08:00,e86130fcc9417340e353,C
2026-10-04,2957071,V3,美女职,芝加哥红星女足 vs 丹佛峰会女足,,not reconstructed from future result,,,UNKNOWN,unknown,low,,PENDING_RESULT,,,
2026-10-04,2957071,V4,美女职,芝加哥红星女足 vs 丹佛峰会女足,,not reconstructed from future result,,,UNKNOWN,unknown,low,,PENDING_RESULT,2026-10-04T09:58:08.993953+08:00,69bad59306cccac83c30,C
2026-10-04,2957072,V3,美女职,休斯顿达斯女足 vs 华盛顿精神女足,,not reconstructed from future result,,,UNKNOWN,unknown,low,,PENDING_RESULT,,,
2026-10-04,2957072,V4,美女职,休斯顿达斯女足 vs 华盛顿精神女足,,not reconstructed from future result,,,UNKNOWN,unknown,low,,PENDING_RESULT,2026-10-04T09:58:08.993953+08:00,6a0caf748cac00e4c74f,C
2026-10-04,2961639,V3,挪女甲,弗利格女足 vs 费林根达伦女足,,not reconstructed from future result,,,UNKNOWN,unknown,low,,PENDING_RESULT,,,
2026-10-04,2961639,V4,挪女甲,弗利格女足 vs 费林根达伦女足,,not reconstructed from future result,,,UNKNOWN,unknown,low,,PENDING_RESULT,2026-10-04T12:07:48.788371+08:00,1b2fedbd8cbb387c7b0d,
2026-10-04,2961640,V3,挪女甲,科尔波特女足 vs 克莱波女足,,not reconstructed from future result,,,UNKNOWN,unknown,low,,PENDING_RESULT,,,
2026-10-04,2961640,V4,挪女甲,科尔波特女足 vs 克莱波女足,,not reconstructed from future result,,,UNKNOWN,unknown,low,,PENDING_RESULT,2026-10-04T12:07:48.788371+08:00,c0248b22d57337d834ac,
2026-10-04,2961641,V3,挪女甲,史达女足 vs 特罗姆瑟女足,,not reconstructed from future result,,,UNKNOWN,unknown,low,,PENDING_RESULT,,,
2026-10-04,2961641,V4,挪女甲,史达女足 vs 特罗姆瑟女足,,not reconstructed from future result,,,UNKNOWN,unknown,low,,PENDING_RESULT,2026-10-04T12:07:48.788371+08:00,4e2344c1d61933919002,
2026-10-04,2962653,V3,阿甲,阿根廷青年人 vs 泰格雷,,not reconstructed from future result,,,UNKNOWN,unknown,low,,PENDING_RESULT,,,
2026-10-04,2962653,V4,阿甲,阿根廷青年人 vs 泰格雷,,not reconstructed from future result,,,UNKNOWN,unknown,low,,PENDING_RESULT,2026-10-04T09:58:08.993953+08:00,4cf86207a485f3f5ee77,A
2026-10-04,2962660,V3,阿甲,里奥夸尔托学生队 vs 竞技俱乐部,,not reconstructed from future result,,,UNKNOWN,unknown,low,,PENDING_RESULT,2026-10-04T12:07:48+08:00,823c3a861890c211ad46,不投
2026-10-04,2962660,V4,阿甲,里奥夸尔托学生队 vs 竞技俱乐部,,not reconstructed from future result,,,UNKNOWN,unknown,low,,PENDING_RESULT,2026-10-04T09:58:08.993953+08:00,fb02237636d8b4d4bc29,A
2026-10-04,2962661,V3,阿甲,飓风队 vs 阿尔多斯维,,not reconstructed from future result,,,UNKNOWN,unknown,low,,PENDING_RESULT,2026-10-04T12:07:48+08:00,7919ded491cccba4e184,不投
2026-10-04,2962661,V4,阿甲,飓风队 vs 阿尔多斯维,,not reconstructed from future result,,,UNKNOWN,unknown,low,,PENDING_RESULT,2026-10-04T09:58:08.993953+08:00,ec2d1ccec61a4bba3aed,A
2026-10-04,2962666,V3,阿甲,塔勒瑞斯 vs 贝尔格拉诺,,not reconstructed from future result,,,UNKNOWN,unknown,low,,PENDING_RESULT,2026-10-04T12:07:48+08:00,f12b6e24fae160727a8b,不投
2026-10-04,2962666,V4,阿甲,塔勒瑞斯 vs 贝尔格拉诺,,not reconstructed from future result,,,UNKNOWN,unknown,low,,PENDING_RESULT,2026-10-04T12:07:48.788371+08:00,0307c2bb356ca2fed8dd,N
2026-10-04,2966276,V3,俄乙B西,巴提卡BFU vs 多尔戈普鲁德尼,,not reconstructed from future result,,,UNKNOWN,unknown,low,,PENDING_RESULT,,,
2026-10-04,2966276,V4,俄乙B西,巴提卡BFU vs 多尔戈普鲁德尼,,not reconstructed from future result,,,UNKNOWN,unknown,low,,PENDING_RESULT,2026-10-04T12:07:48.788371+08:00,54e3c88e9552e12fe9d4,
2026-10-04,2966277,V3,俄乙B西,沃洛格达迪纳摩 vs 圣彼得堡迪纳摩,,not reconstructed from future result,,,UNKNOWN,unknown,low,,PENDING_RESULT,,,
2026-10-04,2966277,V4,俄乙B西,沃洛格达迪纳摩 vs 圣彼得堡迪纳摩,,not reconstructed from future result,,,UNKNOWN,unknown,low,,PENDING_RESULT,2026-10-04T12:07:48.788371+08:00,52e583166a498f2580d0,
2026-10-04,2966278,V3,俄乙B西,伊尔库茨克 vs 舍克斯纳,,not reconstructed from future result,,,UNKNOWN,unknown,low,,PENDING_RESULT,,,
2026-10-04,2966278,V4,俄乙B西,伊尔库茨克 vs 舍克斯纳,,not reconstructed from future result,,,UNKNOWN,unknown,low,,PENDING_RESULT,2026-10-04T12:07:48.788371+08:00,f65c39f929764217f54b,
2026-10-04,2966279,V3,俄乙B西,卢基纳吉亚 vs 克伊斯克拉,,not reconstructed from future result,,,UNKNOWN,unknown,low,,PENDING_RESULT,,,
2026-10-04,2966279,V4,俄乙B西,卢基纳吉亚 vs 克伊斯克拉,,not reconstructed from future result,,,UNKNOWN,unknown,low,,PENDING_RESULT,2026-10-04T12:07:48.788371+08:00,935493b52c281f4b5652,
2026-10-04,2966280,V3,俄乙B西,恩尼些尔B队 vs 莫斯科切尔塔诺沃,,not reconstructed from future result,,,UNKNOWN,unknown,low,,PENDING_RESULT,,,
2026-10-04,2966280,V4,俄乙B西,恩尼些尔B队 vs 莫斯科切尔塔诺沃,,not reconstructed from future result,,,UNKNOWN,unknown,low,,PENDING_RESULT,2026-10-04T12:07:48.788371+08:00,ca2b1681dc1a074e1672,
2026-10-04,2966515,V3,俄乙B中,FK雷阿萨 vs 阿华加德,,not reconstructed from future result,,,UNKNOWN,unknown,low,,PENDING_RESULT,,,
2026-10-04,2966515,V4,俄乙B中,FK雷阿萨 vs 阿华加德,,not reconstructed from future result,,,UNKNOWN,unknown,low,,PENDING_RESULT,2026-10-04T12:07:48.788371+08:00,e066d36b34d2d1f22977,
2026-10-04,2967534,V3,挪丙,巴洛姆 vs 瑞迪,,not reconstructed from future result,,,UNKNOWN,unknown,low,,PENDING_RESULT,,,
2026-10-04,2967534,V4,挪丙,巴洛姆 vs 瑞迪,,not reconstructed from future result,,,UNKNOWN,unknown,low,,PENDING_RESULT,2026-10-04T12:07:48.788371+08:00,deb1386a85ba51bf1609,N
2026-10-04,2967721,V3,挪丙,斯帕杰卡维克 vs 雷黑姆B队,,not reconstructed from future result,,,UNKNOWN,unknown,low,,PENDING_RESULT,,,
2026-10-04,2967721,V4,挪丙,斯帕杰卡维克 vs 雷黑姆B队,,not reconstructed from future result,,,UNKNOWN,unknown,low,,PENDING_RESULT,2026-10-04T12:07:48.788371+08:00,26336fa83ac235402175,
2026-10-04,2968084,V3,挪丙,玛达 vs 布罗德,,not reconstructed from future result,,,UNKNOWN,unknown,low,,PENDING_RESULT,,,
2026-10-04,2968084,V4,挪丙,玛达 vs 布罗德,,not reconstructed from future result,,,UNKNOWN,unknown,low,,PENDING_RESULT,2026-10-04T12:07:48.788371+08:00,fe014b0306f857ff7b52,N
2026-10-04,2968086,V3,挪丙,斯塔贝克B队 vs 侯格辛特B队,,not reconstructed from future result,,,UNKNOWN,unknown,low,,PENDING_RESULT,,,
2026-10-04,2968086,V4,挪丙,斯塔贝克B队 vs 侯格辛特B队,,not reconstructed from future result,,,UNKNOWN,unknown,low,,PENDING_RESULT,2026-10-04T09:58:08.993953+08:00,b9b6052b6c6a112d1d41,B
2026-10-04,2968265,V3,挪丙,哈斯达德 vs 斯科德斯莫,,not reconstructed from future result,,,UNKNOWN,unknown,low,,PENDING_RESULT,,,
2026-10-04,2968265,V4,挪丙,哈斯达德 vs 斯科德斯莫,,not reconstructed from future result,,,UNKNOWN,unknown,low,,PENDING_RESULT,2026-10-04T12:07:48.788371+08:00,209c036f3675c795f31d,
2026-10-04,2968266,V3,挪丙,利勒斯特罗姆B队 vs 斯托姆加斯特B队,,not reconstructed from future result,,,UNKNOWN,unknown,low,,PENDING_RESULT,,,
2026-10-04,2968266,V4,挪丙,利勒斯特罗姆B队 vs 斯托姆加斯特B队,,not reconstructed from future result,,,UNKNOWN,unknown,low,,PENDING_RESULT,2026-10-04T12:07:48.788371+08:00,0a7958776905da4ccf5d,N
2026-10-04,2968267,V3,挪丙,斯克捷沃 vs 佛克朴林特,,not reconstructed from future result,,,UNKNOWN,unknown,low,,PENDING_RESULT,,,
2026-10-04,2968267,V4,挪丙,斯克捷沃 vs 佛克朴林特,,not reconstructed from future result,,,UNKNOWN,unknown,low,,PENDING_RESULT,2026-10-04T09:58:08.993953+08:00,33645112505e73066c41,C
2026-10-04,2969806,V3,白俄甲,坎普罗姆 vs 明斯克B队,,not reconstructed from future result,,,UNKNOWN,unknown,low,,PENDING_RESULT,,,
2026-10-04,2969806,V4,白俄甲,坎普罗姆 vs 明斯克B队,,not reconstructed from future result,,,UNKNOWN,unknown,low,,PENDING_RESULT,2026-10-04T12:07:48.788371+08:00,b2e8e673c6993b11530b,
2026-10-04,2981449,V3,欧国联,荷兰 vs 塞尔维亚,,not reconstructed from future result,,,UNKNOWN,unknown,low,,PENDING_RESULT,,,
2026-10-04,2981449,V4,欧国联,荷兰 vs 塞尔维亚,,not reconstructed from future result,,,UNKNOWN,unknown,low,,PENDING_RESULT,2026-10-04T09:58:08.993953+08:00,b8b63bf5a23d3e70d1cd,B
2026-10-04,2981450,V3,欧国联,希腊 vs 德国,,not reconstructed from future result,,,UNKNOWN,unknown,low,,PENDING_RESULT,,,
2026-10-04,2981450,V4,欧国联,希腊 vs 德国,,not reconstructed from future result,,,UNKNOWN,unknown,low,,PENDING_RESULT,2026-10-04T09:58:08.993953+08:00,aa6a0af8976e03184f11,B
2026-10-04,2981451,V3,欧国联,葡萄牙 vs 挪威,,not reconstructed from future result,,,UNKNOWN,unknown,low,,PENDING_RESULT,,,
2026-10-04,2981451,V4,欧国联,葡萄牙 vs 挪威,,not reconstructed from future result,,,UNKNOWN,unknown,low,,PENDING_RESULT,2026-10-04T12:07:48.788371+08:00,36ab0ba4f2f64a2ee40e,N
2026-10-04,2981452,V3,欧国联,威尔士 vs 丹麦,,not reconstructed from future result,,,UNKNOWN,unknown,low,,PENDING_RESULT,,,
2026-10-04,2981452,V4,欧国联,威尔士 vs 丹麦,,not reconstructed from future result,,,UNKNOWN,unknown,low,,PENDING_RESULT,2026-10-04T09:58:08.993953+08:00,bdff23dd2653b49ba061,B
2026-10-04,2981499,V3,欧国联,科索沃 vs 奥地利,,not reconstructed from future result,,,UNKNOWN,unknown,low,,PENDING_RESULT,,,
2026-10-04,2981499,V4,欧国联,科索沃 vs 奥地利,,not reconstructed from future result,,,UNKNOWN,unknown,low,,PENDING_RESULT,2026-10-04T09:58:08.993953+08:00,efd528eaf18f15201417,B
2026-10-04,2981500,V3,欧国联,爱尔兰(中) vs 以色列,,not reconstructed from future result,,,UNKNOWN,unknown,low,,PENDING_RESULT,,,
2026-10-04,2981500,V4,欧国联,爱尔兰(中) vs 以色列,,not reconstructed from future result,,,UNKNOWN,unknown,low,,PENDING_RESULT,2026-10-04T09:58:08.993953+08:00,e76b3ec52b6e28d20923,B
2026-10-04,2981577,V3,欧国联,阿塞拜疆 vs 立陶宛,,not reconstructed from future result,,,UNKNOWN,unknown,low,,PENDING_RESULT,,,
2026-10-04,2981577,V4,欧国联,阿塞拜疆 vs 立陶宛,,not reconstructed from future result,,,UNKNOWN,unknown,low,,PENDING_RESULT,2026-10-04T09:58:08.993953+08:00,5558e517cf71a5f44d78,B
2026-10-04,2981578,V3,欧国联,马耳他 vs 安道尔,,not reconstructed from future result,,,UNKNOWN,unknown,low,,PENDING_RESULT,,,
2026-10-04,2981578,V4,欧国联,马耳他 vs 安道尔,,not reconstructed from future result,,,UNKNOWN,unknown,low,,PENDING_RESULT,2026-10-04T09:58:08.993953+08:00,51a4242fdfb252cbf9c7,B
2026-10-04,2990283,V3,日职女乙,威蒂恩三重女足 vs 冈马白星女足,0-0,not reconstructed from future result,,,UNKNOWN,unknown,low,,PENDING_RESULT,,,
2026-10-04,2990283,V4,日职女乙,威蒂恩三重女足 vs 冈马白星女足,0-0,not reconstructed from future result,,,UNKNOWN,unknown,low,,PENDING_RESULT,2026-10-04T09:58:08.993953+08:00,461fcf4fec191f8d9407,A
2026-10-04,2990284,V3,日职女乙,吉备国际大学女足 vs 大和西芙德女足,0-0,not reconstructed from future result,,,UNKNOWN,unknown,low,,PENDING_RESULT,,,
2026-10-04,2990284,V4,日职女乙,吉备国际大学女足 vs 大和西芙德女足,0-0,not reconstructed from future result,,,UNKNOWN,unknown,low,,PENDING_RESULT,2026-10-04T09:58:08.993953+08:00,68dbabc74d6fc1922984,A
2026-10-04,2996493,V3,荷乙,芬洛 vs 罗达JC,,not reconstructed from future result,,,UNKNOWN,unknown,low,,PENDING_RESULT,2026-10-04T09:02:52+08:00,9ed499522ce70c68c784,可投
2026-10-04,2996493,V4,荷乙,芬洛 vs 罗达JC,,not reconstructed from future result,,,UNKNOWN,unknown,low,,PENDING_RESULT,2026-10-04T12:07:48.788371+08:00,a357c92da55d3afeedce,N
2026-10-04,3000094,V3,日职乙,秋田蓝色闪电 vs 鸟栖沙岩,0-0,not reconstructed from future result,,,UNKNOWN,unknown,low,,PENDING_RESULT,2026-10-04T12:07:48+08:00,89f87004b9d66259703d,不投
2026-10-04,3000094,V4,日职乙,秋田蓝色闪电 vs 鸟栖沙岩,0-0,not reconstructed from future result,,,UNKNOWN,unknown,low,,PENDING_RESULT,2026-10-04T09:58:08.993953+08:00,8af93d15dff2c944689b,B
2026-10-04,3000096,V3,日职乙,札幌冈萨多 vs 磐城FC,0-0,not reconstructed from future result,,,UNKNOWN,unknown,low,,PENDING_RESULT,2026-10-04T10:07:41+08:00,dcdf56d75460f77b3530,不投
2026-10-04,3000096,V4,日职乙,札幌冈萨多 vs 磐城FC,0-0,not reconstructed from future result,,,UNKNOWN,unknown,low,,PENDING_RESULT,2026-10-04T09:58:08.993953+08:00,7760b28048c5f3a54045,C
2026-10-04,3000099,V3,日职乙,宫崎棒牛鸟 vs RB大宫松鼠,,not reconstructed from future result,,,UNKNOWN,unknown,low,,PENDING_RESULT,2026-10-04T09:02:52+08:00,0c12a3a9914652ce647f,可投
2026-10-04,3000099,V4,日职乙,宫崎棒牛鸟 vs RB大宫松鼠,,not reconstructed from future result,,,UNKNOWN,unknown,low,,PENDING_RESULT,2026-10-04T12:07:48.788371+08:00,bc6edbbc6a00759b610a,N
2026-10-04,3000101,V3,日职乙,八户云罗里 vs 横滨FC,0-0,not reconstructed from future result,,,UNKNOWN,unknown,low,,PENDING_RESULT,2026-10-04T10:07:41+08:00,9a65ec346de3416ddca4,不投
2026-10-04,3000101,V4,日职乙,八户云罗里 vs 横滨FC,0-0,not reconstructed from future result,,,UNKNOWN,unknown,low,,PENDING_RESULT,2026-10-04T09:58:08.993953+08:00,7229e29acd11a473d64a,B
2026-10-04,3000102,V3,日职乙,仙台维加泰 vs 磐田喜悦,,not reconstructed from future result,,,UNKNOWN,unknown,low,,PENDING_RESULT,2026-10-04T12:07:48+08:00,a53a112c1492c27dacd4,不投
2026-10-04,3000102,V4,日职乙,仙台维加泰 vs 磐田喜悦,,not reconstructed from future result,,,UNKNOWN,unknown,low,,PENDING_RESULT,2026-10-04T09:58:08.993953+08:00,b8881f7ec20ccd370d2c,C
2026-10-04,3001204,V3,日职丙,鹿儿岛联 vs 福岛FC,,not reconstructed from future result,,,UNKNOWN,unknown,low,,PENDING_RESULT,2026-10-04T12:07:48+08:00,9c4ad8f68692772299e2,不投
2026-10-04,3001204,V4,日职丙,鹿儿岛联 vs 福岛FC,,not reconstructed from future result,,,UNKNOWN,unknown,low,,PENDING_RESULT,2026-10-04T09:58:08.993953+08:00,f0b78143daf1d40adb11,C
2026-10-04,3001205,V3,日职丙,赞岐 vs 枥木SC,0-0,not reconstructed from future result,,,UNKNOWN,unknown,low,,PENDING_RESULT,2026-10-04T12:07:48+08:00,387277a09fa6169852cb,不投
2026-10-04,3001205,V4,日职丙,赞岐 vs 枥木SC,0-0,not reconstructed from future result,,,UNKNOWN,unknown,low,,PENDING_RESULT,2026-10-04T09:58:08.993953+08:00,3c49dc763958e590a9e9,A
2026-10-04,3005586,V3,比女超,旧海弗莱鲁汶女足 vs 拉路维尔女足,,not reconstructed from future result,,,UNKNOWN,unknown,low,,PENDING_RESULT,,,
2026-10-04,3005586,V4,比女超,旧海弗莱鲁汶女足 vs 拉路维尔女足,,not reconstructed from future result,,,UNKNOWN,unknown,low,,PENDING_RESULT,2026-10-04T12:07:48.788371+08:00,cedb64f10156121c231f,
2026-10-04,3005989,V3,斯亚乙,伊利利甲 vs ND贝尔廷齐,,not reconstructed from future result,,,UNKNOWN,unknown,low,,PENDING_RESULT,,,
2026-10-04,3005989,V4,斯亚乙,伊利利甲 vs ND贝尔廷齐,,not reconstructed from future result,,,UNKNOWN,unknown,low,,PENDING_RESULT,2026-10-04T12:07:48.788371+08:00,5b6989536ae23f1055bc,
2026-10-04,3005990,V3,斯亚乙,比斯特里察 vs 路达,,not reconstructed from future result,,,UNKNOWN,unknown,low,,PENDING_RESULT,,,
2026-10-04,3005990,V4,斯亚乙,比斯特里察 vs 路达,,not reconstructed from future result,,,UNKNOWN,unknown,low,,PENDING_RESULT,2026-10-04T12:07:48.788371+08:00,0e225a9e8b33f014cc4c,
2026-10-04,3005992,V3,斯亚乙,拖里格拉瓦 vs 耶塞尼采,,not reconstructed from future result,,,UNKNOWN,unknown,low,,PENDING_RESULT,,,
2026-10-04,3005992,V4,斯亚乙,拖里格拉瓦 vs 耶塞尼采,,not reconstructed from future result,,,UNKNOWN,unknown,low,,PENDING_RESULT,2026-10-04T12:07:48.788371+08:00,7c617fbe1b922398e804,
2026-10-04,3006207,V3,黑山乙,贝雷尼 vs 耶汀斯特沃BP,,not reconstructed from future result,,,UNKNOWN,unknown,low,,PENDING_RESULT,,,
2026-10-04,3006207,V4,黑山乙,贝雷尼 vs 耶汀斯特沃BP,,not reconstructed from future result,,,UNKNOWN,unknown,low,,PENDING_RESULT,2026-10-04T12:07:48.788371+08:00,a8cdd113fb1f18d395fc,
2026-10-04,3006210,V3,黑山乙,莫格伦 vs KOM朴高利卡,,not reconstructed from future result,,,UNKNOWN,unknown,low,,PENDING_RESULT,,,
2026-10-04,3006210,V4,黑山乙,莫格伦 vs KOM朴高利卡,,not reconstructed from future result,,,UNKNOWN,unknown,low,,PENDING_RESULT,2026-10-04T12:07:48.788371+08:00,54f813f3b8c62b06e151,
2026-10-04,3006211,V3,黑山乙,泽塔 vs 格瑞巴吉,,not reconstructed from future result,,,UNKNOWN,unknown,low,,PENDING_RESULT,,,
2026-10-04,3006211,V4,黑山乙,泽塔 vs 格瑞巴吉,,not reconstructed from future result,,,UNKNOWN,unknown,low,,PENDING_RESULT,2026-10-04T12:07:48.788371+08:00,01d5a00fdabca5ad9fad,
2026-10-04,3009390,V3,捷丙,艾德米拉布拉格 vs 多马日利采,,not reconstructed from future result,,,UNKNOWN,unknown,low,,PENDING_RESULT,2026-10-04T12:07:48+08:00,b56e57edc1b4d96bca35,不投
2026-10-04,3009390,V4,捷丙,艾德米拉布拉格 vs 多马日利采,,not reconstructed from future result,,,UNKNOWN,unknown,low,,PENDING_RESULT,2026-10-04T09:58:08.993953+08:00,c009c6e3b012edc64457,B
2026-10-04,3009391,V3,捷丙,布咸美恩斯1905B队 vs 皮斯克,,not reconstructed from future result,,,UNKNOWN,unknown,low,,PENDING_RESULT,2026-10-04T12:07:48+08:00,b59514110ac88ba2fe5d,不投
2026-10-04,3009391,V4,捷丙,布咸美恩斯1905B队 vs 皮斯克,,not reconstructed from future result,,,UNKNOWN,unknown,low,,PENDING_RESULT,2026-10-04T12:07:48.788371+08:00,3d03e5263c1e8eb39a36,N
2026-10-04,3009396,V3,捷丙,布拉格斯拉维亚C队 vs 波夫塔维,,not reconstructed from future result,,,UNKNOWN,unknown,low,,PENDING_RESULT,2026-10-04T12:07:48+08:00,593f17a51210f7e3c22a,不投
2026-10-04,3009396,V4,捷丙,布拉格斯拉维亚C队 vs 波夫塔维,,not reconstructed from future result,,,UNKNOWN,unknown,low,,PENDING_RESULT,2026-10-04T09:58:08.993953+08:00,801b2880ceff768b73e8,B
2026-10-04,3009397,V3,捷丙,皮耳森B队 vs 杜卡拉B队,,not reconstructed from future result,,,UNKNOWN,unknown,low,,PENDING_RESULT,2026-10-04T12:07:48+08:00,0ced315c1c88726b343f,不投
2026-10-04,3009397,V4,捷丙,皮耳森B队 vs 杜卡拉B队,,not reconstructed from future result,,,UNKNOWN,unknown,low,,PENDING_RESULT,2026-10-04T09:58:08.993953+08:00,d10eb7e68bbbdcd31b83,B
2026-10-04,3009511,V3,捷丙,本纳特凯 vs 治鲁迪,,not reconstructed from future result,,,UNKNOWN,unknown,low,,PENDING_RESULT,2026-10-04T09:02:52+08:00,2ae2c55ed1950304356a,可投
2026-10-04,3009511,V4,捷丙,本纳特凯 vs 治鲁迪,,not reconstructed from future result,,,UNKNOWN,unknown,low,,PENDING_RESULT,2026-10-04T09:58:08.993953+08:00,fa0c47c298a771975b80,C
2026-10-04,3009512,V3,捷丙,索科尔布洛赞尼 vs 索史尔扎普,,not reconstructed from future result,,,UNKNOWN,unknown,low,,PENDING_RESULT,2026-10-04T12:07:48+08:00,9efd214b4d2e16e153ce,不投
2026-10-04,3009512,V4,捷丙,索科尔布洛赞尼 vs 索史尔扎普,,not reconstructed from future result,,,UNKNOWN,unknown,low,,PENDING_RESULT,2026-10-04T09:58:08.993953+08:00,4251d4ba4615aed76d1c,B
2026-10-04,3009513,V3,捷丙,泽尼特卡斯拉夫 vs 韦尔科哈姆雷,,not reconstructed from future result,,,UNKNOWN,unknown,low,,PENDING_RESULT,2026-10-04T12:07:48+08:00,4f7703a71c5d3970166e,不投
2026-10-04,3009513,V4,捷丙,泽尼特卡斯拉夫 vs 韦尔科哈姆雷,,not reconstructed from future result,,,UNKNOWN,unknown,low,,PENDING_RESULT,2026-10-04T09:58:08.993953+08:00,595694edc54383cd4a29,C
2026-10-04,3009514,V3,捷丙,贺拉戴克B队 vs 波利斯拉夫B队,,not reconstructed from future result,,,UNKNOWN,unknown,low,,PENDING_RESULT,2026-10-04T09:02:52+08:00,fd0d1f779784a043342b,不投
2026-10-04,3009514,V4,捷丙,贺拉戴克B队 vs 波利斯拉夫B队,,not reconstructed from future result,,,UNKNOWN,unknown,low,,PENDING_RESULT,2026-10-04T12:07:48.788371+08:00,3685b20d52115c4b4bbd,
2026-10-04,3009516,V3,捷丙,塔比历斯B队 vs 内拉托维斯,,not reconstructed from future result,,,UNKNOWN,unknown,low,,PENDING_RESULT,2026-10-04T12:07:48+08:00,3aee28e6c7edd1aa6f10,不投
2026-10-04,3009516,V4,捷丙,塔比历斯B队 vs 内拉托维斯,,not reconstructed from future result,,,UNKNOWN,unknown,low,,PENDING_RESULT,2026-10-04T09:58:08.993953+08:00,d716ecb475ca06236a23,B
2026-10-04,3009517,V3,捷丙,渥恩斯多夫 vs 利巴域B队,,not reconstructed from future result,,,UNKNOWN,unknown,low,,PENDING_RESULT,2026-10-04T12:07:48+08:00,b197d8ca5692e68bc165,不投
2026-10-04,3009517,V4,捷丙,渥恩斯多夫 vs 利巴域B队,,not reconstructed from future result,,,UNKNOWN,unknown,low,,PENDING_RESULT,2026-10-04T09:58:08.993953+08:00,66c3394ef09ce4aaa2a4,C
2026-10-04,3011295,V3,危地甲春,齐奥内斯交流会 vs 苏奇特佩基,,not reconstructed from future result,,,UNKNOWN,unknown,low,,PENDING_RESULT,,,
2026-10-04,3011295,V4,危地甲春,齐奥内斯交流会 vs 苏奇特佩基,,not reconstructed from future result,,,UNKNOWN,unknown,low,,PENDING_RESULT,2026-10-04T09:58:08.993953+08:00,ca24c50f8be10f898c48,B
2026-10-04,3011297,V3,危地甲春,瓜斯塔托亚 vs 奥罗拉,,not reconstructed from future result,,,UNKNOWN,unknown,low,,PENDING_RESULT,,,
2026-10-04,3011297,V4,危地甲春,瓜斯塔托亚 vs 奥罗拉,,not reconstructed from future result,,,UNKNOWN,unknown,low,,PENDING_RESULT,2026-10-04T09:58:08.993953+08:00,84c0885e8dc1b97dcc05,B
2026-10-04,3011613,V3,北爱超,FC宾高 vs 科尔雷恩,,not reconstructed from future result,,,UNKNOWN,unknown,low,,PENDING_RESULT,,,
2026-10-04,3011613,V4,北爱超,FC宾高 vs 科尔雷恩,,not reconstructed from future result,,,UNKNOWN,unknown,low,,PENDING_RESULT,2026-10-04T09:58:08.993953+08:00,0e753b08298a18cd83f9,B
2026-10-04,3011878,V3,哥伦甲秋,布卡拉曼加竞技 vs 巴兰基亚青年,,not reconstructed from future result,,,UNKNOWN,unknown,low,,PENDING_RESULT,,,
2026-10-04,3011878,V4,哥伦甲秋,布卡拉曼加竞技 vs 巴兰基亚青年,,not reconstructed from future result,,,UNKNOWN,unknown,low,,PENDING_RESULT,2026-10-04T09:58:08.993953+08:00,1c3cb15abac14f6dc1e4,B
2026-10-04,3011879,V3,哥伦甲秋,侨卡巴 vs 佩雷拉,,not reconstructed from future result,,,UNKNOWN,unknown,low,,PENDING_RESULT,2026-10-04T12:07:48+08:00,befcb9ac379098063c6f,不投
2026-10-04,3011879,V4,哥伦甲秋,侨卡巴 vs 佩雷拉,,not reconstructed from future result,,,UNKNOWN,unknown,low,,PENDING_RESULT,2026-10-04T09:58:08.993953+08:00,e74d66423748ac0b7ee3,B
2026-10-04,3011882,V3,哥伦甲秋,帕斯托 vs 福塔雷绍查,,not reconstructed from future result,,,UNKNOWN,unknown,low,,PENDING_RESULT,2026-10-04T12:07:48+08:00,861430b1a731ad0069e8,不投
2026-10-04,3011882,V4,哥伦甲秋,帕斯托 vs 福塔雷绍查,,not reconstructed from future result,,,UNKNOWN,unknown,low,,PENDING_RESULT,2026-10-04T09:58:08.993953+08:00,49fbfa7c7f04a24f83c2,B
2026-10-04,3011885,V3,哥伦甲秋,拉尼洛斯 vs 卡利美洲,,not reconstructed from future result,,,UNKNOWN,unknown,low,,PENDING_RESULT,2026-10-04T12:07:48+08:00,d80d65d171c42454b6de,不投
2026-10-04,3011885,V4,哥伦甲秋,拉尼洛斯 vs 卡利美洲,,not reconstructed from future result,,,UNKNOWN,unknown,low,,PENDING_RESULT,2026-10-04T09:58:08.993953+08:00,d14c988b602aaee4bd7f,B
2026-10-04,3012209,V3,哥伦乙秋,锡帕基拉老虎 vs 哥杜雷亚,,not reconstructed from future result,,,UNKNOWN,unknown,low,,PENDING_RESULT,2026-10-04T12:07:48+08:00,9ec3c45de551a5a20e45,不投
2026-10-04,3012209,V4,哥伦乙秋,锡帕基拉老虎 vs 哥杜雷亚,,not reconstructed from future result,,,UNKNOWN,unknown,low,,PENDING_RESULT,2026-10-04T12:07:48.788371+08:00,1f19741fa9b5ee38a962,N
2026-10-04,3013105,V3,苏女超,凯尔特人女足 vs 斯巴顿斯女足,,not reconstructed from future result,,,UNKNOWN,unknown,low,,PENDING_RESULT,,,
2026-10-04,3013105,V4,苏女超,凯尔特人女足 vs 斯巴顿斯女足,,not reconstructed from future result,,,UNKNOWN,unknown,low,,PENDING_RESULT,2026-10-04T12:07:48.788371+08:00,4e674f709959288ec463,
2026-10-04,3013106,V3,苏女超,希伯尼安女足 vs 赫斯女足,,not reconstructed from future result,,,UNKNOWN,unknown,low,,PENDING_RESULT,,,
2026-10-04,3013106,V4,苏女超,希伯尼安女足 vs 赫斯女足,,not reconstructed from future result,,,UNKNOWN,unknown,low,,PENDING_RESULT,2026-10-04T12:07:48.788371+08:00,c87b52de3aecc5ff64c1,
2026-10-04,3013107,V3,苏女超,蒙特罗斯女足LFC vs 格拉斯哥城女足,,not reconstructed from future result,,,UNKNOWN,unknown,low,,PENDING_RESULT,,,
2026-10-04,3013107,V4,苏女超,蒙特罗斯女足LFC vs 格拉斯哥城女足,,not reconstructed from future result,,,UNKNOWN,unknown,low,,PENDING_RESULT,2026-10-04T12:07:48.788371+08:00,683e45c04075a8edd72e,
2026-10-04,3013108,V3,苏女超,马瑟韦尔女足 vs 阿伯丁女足,,not reconstructed from future result,,,UNKNOWN,unknown,low,,PENDING_RESULT,,,
2026-10-04,3013108,V4,苏女超,马瑟韦尔女足 vs 阿伯丁女足,,not reconstructed from future result,,,UNKNOWN,unknown,low,,PENDING_RESULT,2026-10-04T12:07:48.788371+08:00,43fb20d2a49457abf30a,
2026-10-04,3013109,V3,苏女超,帕尔蒂克女足 vs 格拉斯哥流浪女足,,not reconstructed from future result,,,UNKNOWN,unknown,low,,PENDING_RESULT,,,
2026-10-04,3013109,V4,苏女超,帕尔蒂克女足 vs 格拉斯哥流浪女足,,not reconstructed from future result,,,UNKNOWN,unknown,low,,PENDING_RESULT,2026-10-04T12:07:48.788371+08:00,2158a65d31082883a843,
2026-10-04,3014102,V3,西乙,卡斯迪隆 vs 休达,,not reconstructed from future result,,,UNKNOWN,unknown,low,,PENDING_RESULT,2026-10-04T09:02:52+08:00,2f26eb832d6142a775f6,可投
2026-10-04,3014102,V4,西乙,卡斯迪隆 vs 休达,,not reconstructed from future result,,,UNKNOWN,unknown,low,,PENDING_RESULT,2026-10-04T09:58:08.993953+08:00,62ef9a7a815f7e6c376f,B
2026-10-04,3014105,V3,西乙,赫罗纳 vs 马洛卡,,not reconstructed from future result,,,UNKNOWN,unknown,low,,PENDING_RESULT,2026-10-04T12:07:48+08:00,950d6e63c3c692901dc6,不投
2026-10-04,3014105,V4,西乙,赫罗纳 vs 马洛卡,,not reconstructed from future result,,,UNKNOWN,unknown,low,,PENDING_RESULT,2026-10-04T09:58:08.993953+08:00,723df91db561a23e78fb,B
2026-10-04,3014106,V3,西乙,拉斯帕尔马斯 vs 巴拉多利德,,not reconstructed from future result,,,UNKNOWN,unknown,low,,PENDING_RESULT,2026-10-04T12:07:48+08:00,a44f9ff3d0c3e53cfc11,不投
2026-10-04,3014106,V4,西乙,拉斯帕尔马斯 vs 巴拉多利德,,not reconstructed from future result,,,UNKNOWN,unknown,low,,PENDING_RESULT,2026-10-04T09:58:08.993953+08:00,0cd9d52d432568458447,B
2026-10-04,3014107,V3,西乙,皇家社会B队 vs 格拉纳达,,not reconstructed from future result,,,UNKNOWN,unknown,low,,PENDING_RESULT,2026-10-04T12:07:48+08:00,c662664ee4b9417df43f,不投
2026-10-04,3014107,V4,西乙,皇家社会B队 vs 格拉纳达,,not reconstructed from future result,,,UNKNOWN,unknown,low,,PENDING_RESULT,2026-10-04T12:07:48.788371+08:00,9f746d1af71a6f3e51c4,N
2026-10-04,3014108,V3,西乙,希洪竞技 vs 塞尔塔B队,,not reconstructed from future result,,,UNKNOWN,unknown,low,,PENDING_RESULT,2026-10-04T12:07:48+08:00,8494f1ff6b598777ab34,不投
2026-10-04,3014108,V4,西乙,希洪竞技 vs 塞尔塔B队,,not reconstructed from future result,,,UNKNOWN,unknown,low,,PENDING_RESULT,2026-10-04T09:58:08.993953+08:00,80d8d3a698a8e5e89796,B
2026-10-04,3014534,V3,西协甲,毕尔巴鄂竞技B队 vs 艾斯马度华,,not reconstructed from future result,,,UNKNOWN,unknown,low,,PENDING_RESULT,2026-10-04T12:07:48+08:00,0ba76638494a7041527a,不投
2026-10-04,3014534,V4,西协甲,毕尔巴鄂竞技B队 vs 艾斯马度华,,not reconstructed from future result,,,UNKNOWN,unknown,low,,PENDING_RESULT,2026-10-04T09:58:08.993953+08:00,b735f387e2de7d0ab484,C
2026-10-04,3014537,V3,西协甲,梅里达AD vs 卡些连奴,,not reconstructed from future result,,,UNKNOWN,unknown,low,,PENDING_RESULT,2026-10-04T12:07:48+08:00,e0aadfbda960f446dfd5,不投
2026-10-04,3014537,V4,西协甲,梅里达AD vs 卡些连奴,,not reconstructed from future result,,,UNKNOWN,unknown,low,,PENDING_RESULT,2026-10-04T12:07:48.788371+08:00,a694e8eb6ba46d8dbaa6,N
2026-10-04,3014540,V3,西协甲,邦弗拉甸拿 vs 米兰德斯,,not reconstructed from future result,,,UNKNOWN,unknown,low,,PENDING_RESULT,2026-10-04T12:07:48+08:00,06fa482c3d07057f8912,不投
2026-10-04,3014540,V4,西协甲,邦弗拉甸拿 vs 米兰德斯,,not reconstructed from future result,,,UNKNOWN,unknown,low,,PENDING_RESULT,2026-10-04T12:07:48.788371+08:00,59f5723c04d6ccce4484,N
2026-10-04,3014541,V3,西协甲,洛格朗尼斯 vs 拉科鲁尼亚B队,,not reconstructed from future result,,,UNKNOWN,unknown,low,,PENDING_RESULT,2026-10-04T12:07:48+08:00,fa6ecce669bb2015bf36,不投
2026-10-04,3014541,V4,西协甲,洛格朗尼斯 vs 拉科鲁尼亚B队,,not reconstructed from future result,,,UNKNOWN,unknown,low,,PENDING_RESULT,2026-10-04T09:58:08.993953+08:00,381c2d4cf469f9128928,B
2026-10-04,3014543,V3,西协甲,萨莫拉 vs CD科瑞亚,,not reconstructed from future result,,,UNKNOWN,unknown,low,,PENDING_RESULT,2026-10-04T09:02:52+08:00,135144a467dc4a87b5e1,可投
2026-10-04,3014543,V4,西协甲,萨莫拉 vs CD科瑞亚,,not reconstructed from future result,,,UNKNOWN,unknown,low,,PENDING_RESULT,2026-10-04T09:58:08.993953+08:00,b1505fdc4c27dfa0a958,C
2026-10-04,3014915,V3,西协甲,艾基史拉斯 vs 瑞欧马加达宏达,,not reconstructed from future result,,,UNKNOWN,unknown,low,,PENDING_RESULT,2026-10-04T09:02:52+08:00,844e87ffc4b04af4ba9d,可投
2026-10-04,3014915,V4,西协甲,艾基史拉斯 vs 瑞欧马加达宏达,,not reconstructed from future result,,,UNKNOWN,unknown,low,,PENDING_RESULT,2026-10-04T09:58:08.993953+08:00,8f08c3ace70317e1d43b,C
2026-10-04,3014918,V3,西协甲,韦斯卡 vs CE欧罗巴,,not reconstructed from future result,,,UNKNOWN,unknown,low,,PENDING_RESULT,2026-10-04T12:07:48+08:00,88020969bc883a514e15,不投
2026-10-04,3014918,V4,西协甲,韦斯卡 vs CE欧罗巴,,not reconstructed from future result,,,UNKNOWN,unknown,low,,PENDING_RESULT,2026-10-04T09:58:08.993953+08:00,131e5dc67c3e05f11b2b,B
2026-10-04,3014919,V3,西协甲,穆尔西亚 vs 塔拉戈纳,,not reconstructed from future result,,,UNKNOWN,unknown,low,,PENDING_RESULT,2026-10-04T12:07:48+08:00,0c1b9ce3aafa715ff8c6,不投
2026-10-04,3014919,V4,西协甲,穆尔西亚 vs 塔拉戈纳,,not reconstructed from future result,,,UNKNOWN,unknown,low,,PENDING_RESULT,2026-10-04T09:58:08.993953+08:00,395110d87fbd86ece407,C
2026-10-04,3014922,V3,西协甲,比利亚雷亚尔B队 vs 伊维萨,,not reconstructed from future result,,,UNKNOWN,unknown,low,,PENDING_RESULT,2026-10-04T09:02:52+08:00,0541da65a7892a17c2f6,可投
2026-10-04,3014922,V4,西协甲,比利亚雷亚尔B队 vs 伊维萨,,not reconstructed from future result,,,UNKNOWN,unknown,low,,PENDING_RESULT,2026-10-04T09:58:08.993953+08:00,db98e991aa6ccb1d0d75,B
2026-10-04,3014923,V3,西协甲,萨拉戈萨 vs 特鲁埃尔,,not reconstructed from future result,,,UNKNOWN,unknown,low,,PENDING_RESULT,2026-10-04T12:07:48+08:00,afa557059bdd5c3a2277,不投
2026-10-04,3014923,V4,西协甲,萨拉戈萨 vs 特鲁埃尔,,not reconstructed from future result,,,UNKNOWN,unknown,low,,PENDING_RESULT,2026-10-04T09:58:08.993953+08:00,ebc5011c4ce8106dd610,B
2026-10-04,3015893,V3,西协乙3,巴利阿里 vs 珀布伦斯,,not reconstructed from future result,,,UNKNOWN,unknown,low,,PENDING_RESULT,,,
2026-10-04,3015893,V4,西协乙3,巴利阿里 vs 珀布伦斯,,not reconstructed from future result,,,UNKNOWN,unknown,low,,PENDING_RESULT,2026-10-04T09:58:08.993953+08:00,759809ee2fcc64c06f59,B
2026-10-04,3015894,V3,西协乙3,乌德卡斯特罗尼 vs 穆尔西亚城B队,,not reconstructed from future result,,,UNKNOWN,unknown,low,,PENDING_RESULT,,,
2026-10-04,3015894,V4,西协乙3,乌德卡斯特罗尼 vs 穆尔西亚城B队,,not reconstructed from future result,,,UNKNOWN,unknown,low,,PENDING_RESULT,2026-10-04T09:58:08.993953+08:00,fc4bf18de777b74fa586,B
2026-10-04,3015896,V3,西协乙3,英特城 vs 耶克拉诺,,not reconstructed from future result,,,UNKNOWN,unknown,low,,PENDING_RESULT,,,
2026-10-04,3015896,V4,西协乙3,英特城 vs 耶克拉诺,,not reconstructed from future result,,,UNKNOWN,unknown,low,,PENDING_RESULT,2026-10-04T09:58:08.993953+08:00,bcf48a613fec485f3c1d,B
2026-10-04,3015897,V3,西协乙3,皇家马洛卡B队 vs 艾高亚诺,,not reconstructed from future result,,,UNKNOWN,unknown,low,,PENDING_RESULT,,,
2026-10-04,3015897,V4,西协乙3,皇家马洛卡B队 vs 艾高亚诺,,not reconstructed from future result,,,UNKNOWN,unknown,low,,PENDING_RESULT,2026-10-04T09:58:08.993953+08:00,97a953bea4274ce64950,B
2026-10-04,3015898,V3,西协乙3,米涅拉 vs 拉奴西亚,,not reconstructed from future result,,,UNKNOWN,unknown,low,,PENDING_RESULT,,,
2026-10-04,3015898,V4,西协乙3,米涅拉 vs 拉奴西亚,,not reconstructed from future result,,,UNKNOWN,unknown,low,,PENDING_RESULT,2026-10-04T12:07:48.788371+08:00,81aa5103da7c6b142029,N
2026-10-04,3015899,V3,西协乙3,奥瑞韦拉 vs 希叶扎,,not reconstructed from future result,,,UNKNOWN,unknown,low,,PENDING_RESULT,,,
2026-10-04,3015899,V4,西协乙3,奥瑞韦拉 vs 希叶扎,,not reconstructed from future result,,,UNKNOWN,unknown,low,,PENDING_RESULT,2026-10-04T12:07:48.788371+08:00,463db78f99fd5facdd92,N
2026-10-04,3015901,V3,西协乙3,华伦西亚梅斯塔拉 vs 彭拿迪坡缇瓦,,not reconstructed from future result,,,UNKNOWN,unknown,low,,PENDING_RESULT,,,
2026-10-04,3015901,V4,西协乙3,华伦西亚梅斯塔拉 vs 彭拿迪坡缇瓦,,not reconstructed from future result,,,UNKNOWN,unknown,low,,PENDING_RESULT,2026-10-04T09:58:08.993953+08:00,cebb52e9e281cb39c9d0,B
2026-10-04,3017417,V3,荷女甲,迪加史卓普女足 vs 阿尔克马尔女足,,not reconstructed from future result,,,UNKNOWN,unknown,low,,PENDING_RESULT,,,
2026-10-04,3017417,V4,荷女甲,迪加史卓普女足 vs 阿尔克马尔女足,,not reconstructed from future result,,,UNKNOWN,unknown,low,,PENDING_RESULT,2026-10-04T12:07:48.788371+08:00,380f87f3c486f86f575e,N
2026-10-04,3017418,V3,荷女甲,ADO海牙女足 vs PSV埃因霍温女足,,not reconstructed from future result,,,UNKNOWN,unknown,low,,PENDING_RESULT,,,
2026-10-04,3017418,V4,荷女甲,ADO海牙女足 vs PSV埃因霍温女足,,not reconstructed from future result,,,UNKNOWN,unknown,low,,PENDING_RESULT,2026-10-04T09:58:08.993953+08:00,12df68f2d03fac787de7,B
2026-10-04,3017419,V3,荷女甲,费耶诺德女足 vs 阿贾克斯女足,,not reconstructed from future result,,,UNKNOWN,unknown,low,,PENDING_RESULT,,,
2026-10-04,3017419,V4,荷女甲,费耶诺德女足 vs 阿贾克斯女足,,not reconstructed from future result,,,UNKNOWN,unknown,low,,PENDING_RESULT,2026-10-04T09:58:08.993953+08:00,0e4e1e206a6ea8c27f2b,B
2026-10-04,3017420,V3,荷女甲,施禾尼女足 vs 海伦芬女足,,not reconstructed from future result,,,UNKNOWN,unknown,low,,PENDING_RESULT,,,
2026-10-04,3017420,V4,荷女甲,施禾尼女足 vs 海伦芬女足,,not reconstructed from future result,,,UNKNOWN,unknown,low,,PENDING_RESULT,2026-10-04T12:07:48.788371+08:00,69981fc4e0eae4210f85,N
2026-10-04,3017421,V3,荷女甲,特温特女足 vs 乌德勒支女足,,not reconstructed from future result,,,UNKNOWN,unknown,low,,PENDING_RESULT,,,
2026-10-04,3017421,V4,荷女甲,特温特女足 vs 乌德勒支女足,,not reconstructed from future result,,,UNKNOWN,unknown,low,,PENDING_RESULT,2026-10-04T12:07:48.788371+08:00,993342f8bfff9081bed7,N
2026-10-04,3019770,V3,瑞士丙1,科夫拉纳 vs 锡永U21,,not reconstructed from future result,,,UNKNOWN,unknown,low,,PENDING_RESULT,,,
2026-10-04,3019770,V4,瑞士丙1,科夫拉纳 vs 锡永U21,,not reconstructed from future result,,,UNKNOWN,unknown,low,,PENDING_RESULT,2026-10-04T12:07:48.788371+08:00,527ac8c4c53c3d3830c1,
2026-10-04,3019776,V3,瑞士丙1,赛维特U21 vs 洛桑体育队U21,,not reconstructed from future result,,,UNKNOWN,unknown,low,,PENDING_RESULT,,,
2026-10-04,3019776,V4,瑞士丙1,赛维特U21 vs 洛桑体育队U21,,not reconstructed from future result,,,UNKNOWN,unknown,low,,PENDING_RESULT,2026-10-04T12:07:48.788371+08:00,78815d336f245063ddcd,N
2026-10-04,3020344,V3,奥丙东,USV瓦尔特 vs 雷欧贝多夫,,not reconstructed from future result,,,UNKNOWN,unknown,low,,PENDING_RESULT,,,
2026-10-04,3020344,V4,奥丙东,USV瓦尔特 vs 雷欧贝多夫,,not reconstructed from future result,,,UNKNOWN,unknown,low,,PENDING_RESULT,2026-10-04T12:07:48.788371+08:00,1ca85e15ea8407eff158,N
2026-10-04,3020905,V3,丹麦乙,齐斯泰兹 vs 罗斯基德,,not reconstructed from future result,,,UNKNOWN,unknown,low,,PENDING_RESULT,2026-10-04T12:07:48+08:00,b233906a4dd4055c01b6,不投
2026-10-04,3020905,V4,丹麦乙,齐斯泰兹 vs 罗斯基德,,not reconstructed from future result,,,UNKNOWN,unknown,low,,PENDING_RESULT,2026-10-04T09:58:08.993953+08:00,947f8107b943f7764134,B
2026-10-04,3022076,V3,俄甲,韦莱斯 vs 乌里扬诺夫斯克伏尔加,,not reconstructed from future result,,,UNKNOWN,unknown,low,,PENDING_RESULT,2026-10-04T09:02:52+08:00,4eedb73e584c31d9e761,不投
2026-10-04,3022076,V4,俄甲,韦莱斯 vs 乌里扬诺夫斯克伏尔加,,not reconstructed from future result,,,UNKNOWN,unknown,low,,PENDING_RESULT,2026-10-04T12:07:48.788371+08:00,3d22428df66123919d15,
2026-10-04,3022325,V3,奥丙西,禾顿斯B队 vs FC劳特拉赫,,not reconstructed from future result,,,UNKNOWN,unknown,low,,PENDING_RESULT,,,
2026-10-04,3022325,V4,奥丙西,禾顿斯B队 vs FC劳特拉赫,,not reconstructed from future result,,,UNKNOWN,unknown,low,,PENDING_RESULT,2026-10-04T12:07:48.788371+08:00,bdf2bb67f1c2dcbe4743,
2026-10-04,3022562,V3,奥丙南,禾夫斯贝加业余队 vs 奥地利克拉根福,,not reconstructed from future result,,,UNKNOWN,unknown,low,,PENDING_RESULT,,,
2026-10-04,3022562,V4,奥丙南,禾夫斯贝加业余队 vs 奥地利克拉根福,,not reconstructed from future result,,,UNKNOWN,unknown,low,,PENDING_RESULT,2026-10-04T12:07:48.788371+08:00,c35d920582d98e83e29b,
2026-10-04,3022849,V3,奥女甲,奥地利维也纳女足 vs 维也纳快速女足,,not reconstructed from future result,,,UNKNOWN,unknown,low,,PENDING_RESULT,,,
2026-10-04,3022849,V4,奥女甲,奥地利维也纳女足 vs 维也纳快速女足,,not reconstructed from future result,,,UNKNOWN,unknown,low,,PENDING_RESULT,2026-10-04T12:07:48.788371+08:00,0fe279891faa0f91111d,
2026-10-04,3022853,V3,奥女甲,圣珀尔滕女足 vs 格拉茨女足,,not reconstructed from future result,,,UNKNOWN,unknown,low,,PENDING_RESULT,,,
2026-10-04,3022853,V4,奥女甲,圣珀尔滕女足 vs 格拉茨女足,,not reconstructed from future result,,,UNKNOWN,unknown,low,,PENDING_RESULT,2026-10-04T12:07:48.788371+08:00,99820757c723898db72c,
2026-10-04,3023384,V3,波女超,华沙莱吉亚女足 vs UKS洛兹女足,,not reconstructed from future result,,,UNKNOWN,unknown,low,,PENDING_RESULT,,,
2026-10-04,3023384,V4,波女超,华沙莱吉亚女足 vs UKS洛兹女足,,not reconstructed from future result,,,UNKNOWN,unknown,low,,PENDING_RESULT,2026-10-04T12:07:48.788371+08:00,fa6a65f5d9cc69edd05c,
2026-10-04,3023385,V3,波女超,沙斯辛女足 vs 德比尔斯科女足,,not reconstructed from future result,,,UNKNOWN,unknown,low,,PENDING_RESULT,,,
2026-10-04,3023385,V4,波女超,沙斯辛女足 vs 德比尔斯科女足,,not reconstructed from future result,,,UNKNOWN,unknown,low,,PENDING_RESULT,2026-10-04T12:07:48.788371+08:00,52d3c14bb8366a7623f1,
2026-10-04,3023386,V3,波女超,斯拉斯克女足 vs 索斯诺维茨女足,,not reconstructed from future result,,,UNKNOWN,unknown,low,,PENDING_RESULT,,,
2026-10-04,3023386,V4,波女超,斯拉斯克女足 vs 索斯诺维茨女足,,not reconstructed from future result,,,UNKNOWN,unknown,low,,PENDING_RESULT,2026-10-04T12:07:48.788371+08:00,860b388ce6aed12f306c,
2026-10-04,3023387,V3,波女超,克拉科夫女足 vs 弗罗茨瓦夫女足,,not reconstructed from future result,,,UNKNOWN,unknown,low,,PENDING_RESULT,,,
2026-10-04,3023387,V4,波女超,克拉科夫女足 vs 弗罗茨瓦夫女足,,not reconstructed from future result,,,UNKNOWN,unknown,low,,PENDING_RESULT,2026-10-04T12:07:48.788371+08:00,5ce0fd95f8eb9576c112,
2026-10-04,3024466,V3,墨西甲春,哥达拿查拉大学 vs 多拉多斯,,not reconstructed from future result,,,UNKNOWN,unknown,low,,PENDING_RESULT,,,
2026-10-04,3024466,V4,墨西甲春,哥达拿查拉大学 vs 多拉多斯,,not reconstructed from future result,,,UNKNOWN,unknown,low,,PENDING_RESULT,2026-10-04T12:07:48.788371+08:00,56dd1ddf3811090a1921,N
2026-10-04,3030514,V3,德女乙,门兴格拉德巴赫女足 vs 维多利亚柏林女足,,not reconstructed from future result,,,UNKNOWN,unknown,low,,PENDING_RESULT,,,
2026-10-04,3030514,V4,德女乙,门兴格拉德巴赫女足 vs 维多利亚柏林女足,,not reconstructed from future result,,,UNKNOWN,unknown,low,,PENDING_RESULT,2026-10-04T12:07:48.788371+08:00,910a34ae203cdff5c272,
2026-10-04,3030515,V3,德女乙,科隆II女足 vs 安德尔纳女足,,not reconstructed from future result,,,UNKNOWN,unknown,low,,PENDING_RESULT,,,
2026-10-04,3030515,V4,德女乙,科隆II女足 vs 安德尔纳女足,,not reconstructed from future result,,,UNKNOWN,unknown,low,,PENDING_RESULT,2026-10-04T12:07:48.788371+08:00,224e6cb28fd369826d92,
2026-10-04,3030516,V3,德女乙,柏林赫塔女足 vs 霍芬海姆青年队女足,,not reconstructed from future result,,,UNKNOWN,unknown,low,,PENDING_RESULT,,,
2026-10-04,3030516,V4,德女乙,柏林赫塔女足 vs 霍芬海姆青年队女足,,not reconstructed from future result,,,UNKNOWN,unknown,low,,PENDING_RESULT,2026-10-04T12:07:48.788371+08:00,6485df5a6dbe64efa149,
2026-10-04,3030517,V3,德女乙,恩高斯达特女足 vs 波鸿女足,,not reconstructed from future result,,,UNKNOWN,unknown,low,,PENDING_RESULT,,,
2026-10-04,3030517,V4,德女乙,恩高斯达特女足 vs 波鸿女足,,not reconstructed from future result,,,UNKNOWN,unknown,low,,PENDING_RESULT,2026-10-04T12:07:48.788371+08:00,abec6f4f357a102cb323,
2026-10-04,3030518,V3,德女乙,卡尔斯耶拿女足 vs SC桑德女足,,not reconstructed from future result,,,UNKNOWN,unknown,low,,PENDING_RESULT,,,
2026-10-04,3030518,V4,德女乙,卡尔斯耶拿女足 vs SC桑德女足,,not reconstructed from future result,,,UNKNOWN,unknown,low,,PENDING_RESULT,2026-10-04T12:07:48.788371+08:00,87242a63e951c5ae8b9f,
2026-10-04,3030519,V3,德女乙,图尔宾女足 vs 法兰克福B队女足,,not reconstructed from future result,,,UNKNOWN,unknown,low,,PENDING_RESULT,,,
2026-10-04,3030519,V4,德女乙,图尔宾女足 vs 法兰克福B队女足,,not reconstructed from future result,,,UNKNOWN,unknown,low,,PENDING_RESULT,2026-10-04T12:07:48.788371+08:00,e3e8ba6851ec88b9441b,
2026-10-04,3030520,V3,德女乙,埃森舍纳贝克女足 vs 梅彭女足,,not reconstructed from future result,,,UNKNOWN,unknown,low,,PENDING_RESULT,,,
2026-10-04,3030520,V4,德女乙,埃森舍纳贝克女足 vs 梅彭女足,,not reconstructed from future result,,,UNKNOWN,unknown,low,,PENDING_RESULT,2026-10-04T12:07:48.788371+08:00,6dd0c6c316943581a499,
2026-10-04,3030683,V3,西丁,利尔达竞技 vs 坡巴拉马夫密,,not reconstructed from future result,,,UNKNOWN,unknown,low,,PENDING_RESULT,,,
2026-10-04,3030683,V4,西丁,利尔达竞技 vs 坡巴拉马夫密,,not reconstructed from future result,,,UNKNOWN,unknown,low,,PENDING_RESULT,2026-10-04T12:07:48.788371+08:00,786ebc3b334260490267,
2026-10-04,3030684,V3,西丁,切达约拉德尔瓦莱斯 vs 曼蒂诺,,not reconstructed from future result,,,UNKNOWN,unknown,low,,PENDING_RESULT,,,
2026-10-04,3030684,V4,西丁,切达约拉德尔瓦莱斯 vs 曼蒂诺,,not reconstructed from future result,,,UNKNOWN,unknown,low,,PENDING_RESULT,2026-10-04T12:07:48.788371+08:00,15007e0206cc1ab01c38,N
2026-10-04,3030687,V3,西丁,豪斯彼得利特 vs 莫列鲁萨,,not reconstructed from future result,,,UNKNOWN,unknown,low,,PENDING_RESULT,,,
2026-10-04,3030687,V4,西丁,豪斯彼得利特 vs 莫列鲁萨,,not reconstructed from future result,,,UNKNOWN,unknown,low,,PENDING_RESULT,2026-10-04T09:58:08.993953+08:00,de2ebcc0053618d2993f,C
2026-10-04,3030688,V3,西丁,蒙塔尼萨 vs 莱斯卡拉,,not reconstructed from future result,,,UNKNOWN,unknown,low,,PENDING_RESULT,,,
2026-10-04,3030688,V4,西丁,蒙塔尼萨 vs 莱斯卡拉,,not reconstructed from future result,,,UNKNOWN,unknown,low,,PENDING_RESULT,2026-10-04T09:58:08.993953+08:00,f36df0321820cf43c888,C
2026-10-04,3030689,V3,西丁,圣克里斯托瓦尔 vs 格拉马,,not reconstructed from future result,,,UNKNOWN,unknown,low,,PENDING_RESULT,,,
2026-10-04,3030689,V4,西丁,圣克里斯托瓦尔 vs 格拉马,,not reconstructed from future result,,,UNKNOWN,unknown,low,,PENDING_RESULT,2026-10-04T09:58:08.993953+08:00,d28f1195d28ef14c5e66,C
2026-10-04,3030691,V3,西丁,比拉萨尔德马尔 vs CE优蹂帕B队,,not reconstructed from future result,,,UNKNOWN,unknown,low,,PENDING_RESULT,,,
2026-10-04,3030691,V4,西丁,比拉萨尔德马尔 vs CE优蹂帕B队,,not reconstructed from future result,,,UNKNOWN,unknown,low,,PENDING_RESULT,2026-10-04T12:07:48.788371+08:00,576c0d51612e85660b25,N
2026-10-04,3031424,V3,俄乙A,阿兰尼亚瓦拉 vs 索科尔萨拉托夫,,not reconstructed from future result,,,UNKNOWN,unknown,low,,PENDING_RESULT,,,
2026-10-04,3031424,V4,俄乙A,阿兰尼亚瓦拉 vs 索科尔萨拉托夫,,not reconstructed from future result,,,UNKNOWN,unknown,low,,PENDING_RESULT,2026-10-04T12:07:48.788371+08:00,d149e422ea2f875a2e57,
2026-10-04,3031425,V3,俄乙A,符拉迪沃斯托克迪那摩 vs 阿斯特拉罕沃尔加,,not reconstructed from future result,,,UNKNOWN,unknown,low,,PENDING_RESULT,,,
2026-10-04,3031425,V4,俄乙A,符拉迪沃斯托克迪那摩 vs 阿斯特拉罕沃尔加,,not reconstructed from future result,,,UNKNOWN,unknown,low,,PENDING_RESULT,2026-10-04T10:07:42.469190+08:00,a54649f93dfbe19fd521,
2026-10-04,3031426,V3,俄乙A,马舒克KMV vs 基洛夫迪纳摩,,not reconstructed from future result,,,UNKNOWN,unknown,low,,PENDING_RESULT,,,
2026-10-04,3031426,V4,俄乙A,马舒克KMV vs 基洛夫迪纳摩,,not reconstructed from future result,,,UNKNOWN,unknown,low,,PENDING_RESULT,2026-10-04T12:07:48.788371+08:00,aece80c4f9243bad6180,
2026-10-04,3031427,V3,俄乙A,罗迪纳莫斯科B队 vs FK卡卢加,,not reconstructed from future result,,,UNKNOWN,unknown,low,,PENDING_RESULT,,,
2026-10-04,3031427,V4,俄乙A,罗迪纳莫斯科B队 vs FK卡卢加,,not reconstructed from future result,,,UNKNOWN,unknown,low,,PENDING_RESULT,2026-10-04T12:07:48.788371+08:00,0b8b8b4108a5e5e04e21,
2026-10-04,3031428,V3,俄乙A,西伯尔 vs 布里安斯克迪纳摩,,not reconstructed from future result,,,UNKNOWN,unknown,low,,PENDING_RESULT,,,
2026-10-04,3031428,V4,俄乙A,西伯尔 vs 布里安斯克迪纳摩,,not reconstructed from future result,,,UNKNOWN,unknown,low,,PENDING_RESULT,2026-10-04T12:07:48.788371+08:00,13f61dded599fd2499fb,
2026-10-04,3032236,V3,土乙白,阿卡沙雷士邦 vs 安卡拉士邦,,not reconstructed from future result,,,UNKNOWN,unknown,low,,PENDING_RESULT,,,
2026-10-04,3032236,V4,土乙白,阿卡沙雷士邦 vs 安卡拉士邦,,not reconstructed from future result,,,UNKNOWN,unknown,low,,PENDING_RESULT,2026-10-04T12:07:48.788371+08:00,2dd1543647918d255246,
2026-10-04,3032237,V3,土乙白,伊拉兹斯堡 vs 科鲁士邦,,not reconstructed from future result,,,UNKNOWN,unknown,low,,PENDING_RESULT,,,
2026-10-04,3032237,V4,土乙白,伊拉兹斯堡 vs 科鲁士邦,,not reconstructed from future result,,,UNKNOWN,unknown,low,,PENDING_RESULT,2026-10-04T12:07:48.788371+08:00,4607d8eb02be10318321,
2026-10-04,3032241,V3,土乙白,加斯塔摩奴士邦 vs 乌特科伊,,not reconstructed from future result,,,UNKNOWN,unknown,low,,PENDING_RESULT,,,
2026-10-04,3032241,V4,土乙白,加斯塔摩奴士邦 vs 乌特科伊,,not reconstructed from future result,,,UNKNOWN,unknown,low,,PENDING_RESULT,2026-10-04T12:07:48.788371+08:00,62a89599d94e7e0a417b,
2026-10-04,3034524,V3,英女北,打比郡女足 vs 西布朗维奇女足,,not reconstructed from future result,,,UNKNOWN,unknown,low,,PENDING_RESULT,,,
2026-10-04,3034524,V4,英女北,打比郡女足 vs 西布朗维奇女足,,not reconstructed from future result,,,UNKNOWN,unknown,low,,PENDING_RESULT,2026-10-04T12:07:48.788371+08:00,5866750f27380065cc7c,
2026-10-04,3034525,V3,英女北,侯城LFC女足 vs 鲍德米尔圣迈克尔斯女足,,not reconstructed from future result,,,UNKNOWN,unknown,low,,PENDING_RESULT,,,
2026-10-04,3034525,V4,英女北,侯城LFC女足 vs 鲍德米尔圣迈克尔斯女足,,not reconstructed from future result,,,UNKNOWN,unknown,low,,PENDING_RESULT,2026-10-04T12:07:48.788371+08:00,98dad0ddf054aa2889f6,
2026-10-04,3034526,V3,英女北,拉夫伯勒闪电女足 vs 诺域治女足,,not reconstructed from future result,,,UNKNOWN,unknown,low,,PENDING_RESULT,,,
2026-10-04,3034526,V4,英女北,拉夫伯勒闪电女足 vs 诺域治女足,,not reconstructed from future result,,,UNKNOWN,unknown,low,,PENDING_RESULT,2026-10-04T12:07:48.788371+08:00,c612f6d0d9f3ea254eaf,
2026-10-04,3034527,V3,英女北,米德尔斯堡女足 vs 彼德堡女足,,not reconstructed from future result,,,UNKNOWN,unknown,low,,PENDING_RESULT,,,
2026-10-04,3034527,V4,英女北,米德尔斯堡女足 vs 彼德堡女足,,not reconstructed from future result,,,UNKNOWN,unknown,low,,PENDING_RESULT,2026-10-04T12:07:48.788371+08:00,cbe0004c9cd7d2dd334b,
2026-10-04,3034528,V3,英女北,拉格比女足 vs 利物浦菲德女足,,not reconstructed from future result,,,UNKNOWN,unknown,low,,PENDING_RESULT,,,
2026-10-04,3034528,V4,英女北,拉格比女足 vs 利物浦菲德女足,,not reconstructed from future result,,,UNKNOWN,unknown,low,,PENDING_RESULT,2026-10-04T12:07:48.788371+08:00,4403b5f7718877eee8c2,
2026-10-04,3034529,V3,英女北,斯托克城女足 vs 哈德斯菲尔德女足,,not reconstructed from future result,,,UNKNOWN,unknown,low,,PENDING_RESULT,,,
2026-10-04,3034529,V4,英女北,斯托克城女足 vs 哈德斯菲尔德女足,,not reconstructed from future result,,,UNKNOWN,unknown,low,,PENDING_RESULT,2026-10-04T12:07:48.788371+08:00,7215648b135cb61f5c34,
2026-10-04,3034656,V3,英女南,般尼茅夫女足 vs 牛津联女足,,not reconstructed from future result,,,UNKNOWN,unknown,low,,PENDING_RESULT,,,
2026-10-04,3034656,V4,英女南,般尼茅夫女足 vs 牛津联女足,,not reconstructed from future result,,,UNKNOWN,unknown,low,,PENDING_RESULT,2026-10-04T12:07:48.788371+08:00,f844652b0eafc514e47f,
2026-10-04,3034657,V3,英女南,切尔滕汉姆女足 vs 哈斯塔联女足,,not reconstructed from future result,,,UNKNOWN,unknown,low,,PENDING_RESULT,,,
2026-10-04,3034657,V4,英女南,切尔滕汉姆女足 vs 哈斯塔联女足,,not reconstructed from future result,,,UNKNOWN,unknown,low,,PENDING_RESULT,2026-10-04T12:07:48.788371+08:00,85a03bbed602d8df6a0f,
2026-10-04,3034658,V3,英女南,富勒姆女足 vs 埃克塞特女足,,not reconstructed from future result,,,UNKNOWN,unknown,low,,PENDING_RESULT,,,
2026-10-04,3034658,V4,英女南,富勒姆女足 vs 埃克塞特女足,,not reconstructed from future result,,,UNKNOWN,unknown,low,,PENDING_RESULT,2026-10-04T12:07:48.788371+08:00,837b9af5b3d8b632b714,
2026-10-04,3034659,V3,英女南,普利茅夫女足 vs 皇家贝德福德女足,,not reconstructed from future result,,,UNKNOWN,unknown,low,,PENDING_RESULT,,,
2026-10-04,3034659,V4,英女南,普利茅夫女足 vs 皇家贝德福德女足,,not reconstructed from future result,,,UNKNOWN,unknown,low,,PENDING_RESULT,2026-10-04T12:07:48.788371+08:00,3a104c40605873a4bc2d,
2026-10-04,3034660,V3,英女南,朴茨茅夫女足 vs 雷威斯女足,,not reconstructed from future result,,,UNKNOWN,unknown,low,,PENDING_RESULT,,,
2026-10-04,3034660,V4,英女南,朴茨茅夫女足 vs 雷威斯女足,,not reconstructed from future result,,,UNKNOWN,unknown,low,,PENDING_RESULT,2026-10-04T12:07:48.788371+08:00,49c4222698e552b287a0,
2026-10-04,3034661,V3,英女南,斯文登女足 vs AFC温布顿女足,,not reconstructed from future result,,,UNKNOWN,unknown,low,,PENDING_RESULT,,,
2026-10-04,3034661,V4,英女南,斯文登女足 vs AFC温布顿女足,,not reconstructed from future result,,,UNKNOWN,unknown,low,,PENDING_RESULT,2026-10-04T12:07:48.788371+08:00,329585475989191129f2,
2026-10-04,3034793,V3,德女联,纽伦堡女足 vs 霍芬海姆女足,,not reconstructed from future result,,,UNKNOWN,unknown,low,,PENDING_RESULT,,,
2026-10-04,3034793,V4,德女联,纽伦堡女足 vs 霍芬海姆女足,,not reconstructed from future result,,,UNKNOWN,unknown,low,,PENDING_RESULT,2026-10-04T09:58:08.993953+08:00,a41c126b9a0f552a9805,C
2026-10-04,3034798,V3,德女联,斯图加特女足 vs 柏林联女足,,not reconstructed from future result,,,UNKNOWN,unknown,low,,PENDING_RESULT,,,
2026-10-04,3034798,V4,德女联,斯图加特女足 vs 柏林联女足,,not reconstructed from future result,,,UNKNOWN,unknown,low,,PENDING_RESULT,2026-10-04T09:58:08.993953+08:00,06a579238dcf413d3d13,C
2026-10-04,3034799,V3,德女联,沃尔夫斯堡女足 vs 汉堡女足,,not reconstructed from future result,,,UNKNOWN,unknown,low,,PENDING_RESULT,,,
2026-10-04,3034799,V4,德女联,沃尔夫斯堡女足 vs 汉堡女足,,not reconstructed from future result,,,UNKNOWN,unknown,low,,PENDING_RESULT,2026-10-04T09:58:08.993953+08:00,255e4563bcbfa35348d9,C
2026-10-04,3035663,V3,乌克甲,罗姆内 vs 基督教体育,,not reconstructed from future result,,,UNKNOWN,unknown,low,,PENDING_RESULT,2026-10-04T12:07:48+08:00,50db07d0775301e3b9a2,不投
2026-10-04,3035663,V4,乌克甲,罗姆内 vs 基督教体育,,not reconstructed from future result,,,UNKNOWN,unknown,low,,PENDING_RESULT,2026-10-04T09:58:08.993953+08:00,0a8c1cecc1aff7027e93,C
2026-10-04,3035665,V3,乌克甲,高华尤夫卡B队 vs 亚历山德里亚,,not reconstructed from future result,,,UNKNOWN,unknown,low,,PENDING_RESULT,2026-10-04T12:07:48+08:00,132ba24981f7014f355f,不投
2026-10-04,3035665,V4,乌克甲,高华尤夫卡B队 vs 亚历山德里亚,,not reconstructed from future result,,,UNKNOWN,unknown,low,,PENDING_RESULT,2026-10-04T09:58:08.993953+08:00,1226a91053cf9a5a6750,B
2026-10-04,3035666,V3,乌克甲,库利基夫 vs 普罗比霍洛登卡,,not reconstructed from future result,,,UNKNOWN,unknown,low,,PENDING_RESULT,2026-10-04T09:02:52+08:00,3efee3c3b96c95e4f048,不投
2026-10-04,3035666,V4,乌克甲,库利基夫 vs 普罗比霍洛登卡,,not reconstructed from future result,,,UNKNOWN,unknown,low,,PENDING_RESULT,2026-10-04T12:07:48.788371+08:00,6b062c0ad97f4cc30d30,
2026-10-04,3035919,V3,波兰乙,莱茨纳 vs 霍吉尼赞卡,,not reconstructed from future result,,,UNKNOWN,unknown,low,,PENDING_RESULT,,,
2026-10-04,3035919,V4,波兰乙,莱茨纳 vs 霍吉尼赞卡,,not reconstructed from future result,,,UNKNOWN,unknown,low,,PENDING_RESULT,2026-10-04T12:07:48.788371+08:00,85bcece7267205fd26f8,N
2026-10-04,3035922,V3,波兰乙,萨尼克 vs 斯塔沃拉,,not reconstructed from future result,,,UNKNOWN,unknown,low,,PENDING_RESULT,,,
2026-10-04,3035922,V4,波兰乙,萨尼克 vs 斯塔沃拉,,not reconstructed from future result,,,UNKNOWN,unknown,low,,PENDING_RESULT,2026-10-04T09:58:08.993953+08:00,9fc0a4df2ff906cdcec3,C
2026-10-04,3036078,V3,波兰乙,萨维斯沙 vs 格鲁达兹,,not reconstructed from future result,,,UNKNOWN,unknown,low,,PENDING_RESULT,,,
2026-10-04,3036078,V4,波兰乙,萨维斯沙 vs 格鲁达兹,,not reconstructed from future result,,,UNKNOWN,unknown,low,,PENDING_RESULT,2026-10-04T12:07:48.788371+08:00,062270e7e31870d287a1,
2026-10-04,3036210,V3,巴马甲秋,埃雷拉足球俱乐部 vs 阿利亚,,not reconstructed from future result,,,UNKNOWN,unknown,low,,PENDING_RESULT,,,
2026-10-04,3036210,V4,巴马甲秋,埃雷拉足球俱乐部 vs 阿利亚,,not reconstructed from future result,,,UNKNOWN,unknown,low,,PENDING_RESULT,2026-10-04T12:07:48.788371+08:00,282dd6cefc2101005776,
2026-10-04,3037936,V3,斯伐甲,阿特梅迪亚 vs 马尔泽尼斯,,not reconstructed from future result,,,UNKNOWN,unknown,low,,PENDING_RESULT,,,
2026-10-04,3037936,V4,斯伐甲,阿特梅迪亚 vs 马尔泽尼斯,,not reconstructed from future result,,,UNKNOWN,unknown,low,,PENDING_RESULT,2026-10-04T12:07:48.788371+08:00,3ee0b6201a7d26f631b8,
2026-10-04,3038452,V3,土乙红,阿达纳1954 vs 宾高尔,,not reconstructed from future result,,,UNKNOWN,unknown,low,,PENDING_RESULT,,,
2026-10-04,3038452,V4,土乙红,阿达纳1954 vs 宾高尔,,not reconstructed from future result,,,UNKNOWN,unknown,low,,PENDING_RESULT,2026-10-04T12:07:48.788371+08:00,26f810a447dba7301b36,
2026-10-04,3038453,V3,土乙红,安卡拉古库 vs 伊尼高尔士邦,,not reconstructed from future result,,,UNKNOWN,unknown,low,,PENDING_RESULT,,,
2026-10-04,3038453,V4,土乙红,安卡拉古库 vs 伊尼高尔士邦,,not reconstructed from future result,,,UNKNOWN,unknown,low,,PENDING_RESULT,2026-10-04T12:07:48.788371+08:00,869c0247c45fbb0385fc,
2026-10-04,3038455,V3,土乙红,伊斯肯德伦 vs 俄辛康士邦,,not reconstructed from future result,,,UNKNOWN,unknown,low,,PENDING_RESULT,,,
2026-10-04,3038455,V4,土乙红,伊斯肯德伦 vs 俄辛康士邦,,not reconstructed from future result,,,UNKNOWN,unknown,low,,PENDING_RESULT,2026-10-04T12:07:48.788371+08:00,8c212e9e68bf82a3abe3,
2026-10-04,3038457,V3,土乙红,卡赫拉曼马拉什 vs 安卡拉德米斯堡,,not reconstructed from future result,,,UNKNOWN,unknown,low,,PENDING_RESULT,,,
2026-10-04,3038457,V4,土乙红,卡赫拉曼马拉什 vs 安卡拉德米斯堡,,not reconstructed from future result,,,UNKNOWN,unknown,low,,PENDING_RESULT,2026-10-04T12:07:48.788371+08:00,5d2376c7543a528b8c41,
2026-10-04,3038458,V3,土乙红,库塔艾士邦 vs 叶内奥都斯,,not reconstructed from future result,,,UNKNOWN,unknown,low,,PENDING_RESULT,,,
2026-10-04,3038458,V4,土乙红,库塔艾士邦 vs 叶内奥都斯,,not reconstructed from future result,,,UNKNOWN,unknown,low,,PENDING_RESULT,2026-10-04T12:07:48.788371+08:00,6cb51e8b71b4a70beb2d,
2026-10-04,3039499,V3,波青联,波兹南莱赫青年队 vs 马特斯青年队,,not reconstructed from future result,,,UNKNOWN,unknown,low,,PENDING_RESULT,,,
2026-10-04,3039499,V4,波青联,波兹南莱赫青年队 vs 马特斯青年队,,not reconstructed from future result,,,UNKNOWN,unknown,low,,PENDING_RESULT,2026-10-04T12:07:48.788371+08:00,9fc37368b080094632db,
2026-10-04,3039500,V3,波青联,华沙普隆尼亚青年队 vs 历基亚U19,,not reconstructed from future result,,,UNKNOWN,unknown,low,,PENDING_RESULT,,,
2026-10-04,3039500,V4,波青联,华沙普隆尼亚青年队 vs 历基亚U19,,not reconstructed from future result,,,UNKNOWN,unknown,low,,PENDING_RESULT,2026-10-04T12:07:48.788371+08:00,845e33198f1db77dd21f,
2026-10-04,3039501,V3,波青联,斯塔泽舒夫青年队 vs 琴斯托霍瓦U18,,not reconstructed from future result,,,UNKNOWN,unknown,low,,PENDING_RESULT,,,
2026-10-04,3039501,V4,波青联,斯塔泽舒夫青年队 vs 琴斯托霍瓦U18,,not reconstructed from future result,,,UNKNOWN,unknown,low,,PENDING_RESULT,2026-10-04T12:07:48.788371+08:00,ea7b804bcef05e3b0d80,
2026-10-04,3040406,V3,丹女超,北西兰女足 vs 靴尔科治女足,,not reconstructed from future result,,,UNKNOWN,unknown,low,,PENDING_RESULT,,,
2026-10-04,3040406,V4,丹女超,北西兰女足 vs 靴尔科治女足,,not reconstructed from future result,,,UNKNOWN,unknown,low,,PENDING_RESULT,2026-10-04T09:58:08.993953+08:00,6ab87529cf631d41067a,B
2026-10-04,3040407,V3,丹女超,欧登塞女足 vs 约灵女足,,not reconstructed from future result,,,UNKNOWN,unknown,low,,PENDING_RESULT,,,
2026-10-04,3040407,V4,丹女超,欧登塞女足 vs 约灵女足,,not reconstructed from future result,,,UNKNOWN,unknown,low,,PENDING_RESULT,2026-10-04T09:58:08.993953+08:00,745dbf4a72b05f12140c,B
2026-10-04,3041934,V3,萨尔超春,萨卡特科卢卡 vs 利梅诺,,not reconstructed from future result,,,UNKNOWN,unknown,low,,PENDING_RESULT,,,
2026-10-04,3041934,V4,萨尔超春,萨卡特科卢卡 vs 利梅诺,,not reconstructed from future result,,,UNKNOWN,unknown,low,,PENDING_RESULT,2026-10-04T09:58:08.993953+08:00,5cd211aa278b90be6f3b,B
2026-10-04,3041935,V3,萨尔超春,国际FA vs 旧金山富尔特,,not reconstructed from future result,,,UNKNOWN,unknown,low,,PENDING_RESULT,,,
2026-10-04,3041935,V4,萨尔超春,国际FA vs 旧金山富尔特,,not reconstructed from future result,,,UNKNOWN,unknown,low,,PENDING_RESULT,2026-10-04T12:07:48.788371+08:00,afc496a3910c929861ee,
2026-10-04,3041936,V3,萨尔超春,CD法斯 vs 印加阿鲁巴,,not reconstructed from future result,,,UNKNOWN,unknown,low,,PENDING_RESULT,,,
2026-10-04,3041936,V4,萨尔超春,CD法斯 vs 印加阿鲁巴,,not reconstructed from future result,,,UNKNOWN,unknown,low,,PENDING_RESULT,2026-10-04T09:58:08.993953+08:00,f010ce32ddb51104cab4,B
2026-10-04,3042384,V3,意女甲,AC米兰女足 vs 尤文图斯女足,,not reconstructed from future result,,,UNKNOWN,unknown,low,,PENDING_RESULT,,,
2026-10-04,3042384,V4,意女甲,AC米兰女足 vs 尤文图斯女足,,not reconstructed from future result,,,UNKNOWN,unknown,low,,PENDING_RESULT,2026-10-04T09:58:08.993953+08:00,2198038306432c2782ba,B
2026-10-04,3042386,V3,意女甲,FC科莫女足 vs 国际米兰女足,,not reconstructed from future result,,,UNKNOWN,unknown,low,,PENDING_RESULT,,,
2026-10-04,3042386,V4,意女甲,FC科莫女足 vs 国际米兰女足,,not reconstructed from future result,,,UNKNOWN,unknown,low,,PENDING_RESULT,2026-10-04T09:58:08.993953+08:00,23f99f64f93597a537d7,B
2026-10-04,3042388,V3,意女甲,拿玻里女足 vs 科莫女足,,not reconstructed from future result,,,UNKNOWN,unknown,low,,PENDING_RESULT,,,
2026-10-04,3042388,V4,意女甲,拿玻里女足 vs 科莫女足,,not reconstructed from future result,,,UNKNOWN,unknown,low,,PENDING_RESULT,2026-10-04T12:07:48.788371+08:00,add7eafd01137b4b1b23,N
2026-10-04,3043231,V3,捷丙,布尔诺B队 vs 布兰斯科,,not reconstructed from future result,,,UNKNOWN,unknown,low,,PENDING_RESULT,2026-10-04T12:07:48+08:00,5c264ae122ff851e3e4c,不投
2026-10-04,3043231,V4,捷丙,布尔诺B队 vs 布兰斯科,,not reconstructed from future result,,,UNKNOWN,unknown,low,,PENDING_RESULT,2026-10-04T09:58:08.993953+08:00,85becddc99b527bf1a08,B
2026-10-04,3043232,V3,捷丙,卡尔维纳B队 vs 辛宁B队,,not reconstructed from future result,,,UNKNOWN,unknown,low,,PENDING_RESULT,2026-10-04T12:07:48+08:00,78a1b5edf55375cd898f,不投
2026-10-04,3043232,V4,捷丙,卡尔维纳B队 vs 辛宁B队,,not reconstructed from future result,,,UNKNOWN,unknown,low,,PENDING_RESULT,2026-10-04T12:07:48.788371+08:00,987f4563c823015deead,N
2026-10-04,3043233,V3,捷丙,乌尼邱夫 vs 波兰卡,,not reconstructed from future result,,,UNKNOWN,unknown,low,,PENDING_RESULT,2026-10-04T12:07:48+08:00,6e9e5ffaccaa86a8cd47,不投
2026-10-04,3043233,V4,捷丙,乌尼邱夫 vs 波兰卡,,not reconstructed from future result,,,UNKNOWN,unknown,low,,PENDING_RESULT,2026-10-04T09:58:08.993953+08:00,76ff6ea47713f43963a0,B
2026-10-04,3043402,V3,德地区北,HSC汉诺威 vs 舒宁根,,not reconstructed from future result,,,UNKNOWN,unknown,low,,PENDING_RESULT,,,
2026-10-04,3043402,V4,德地区北,HSC汉诺威 vs 舒宁根,,not reconstructed from future result,,,UNKNOWN,unknown,low,,PENDING_RESULT,2026-10-04T09:58:08.993953+08:00,ffa1f7593e8181ccff9a,C
2026-10-04,3043699,V3,德地区西,柏德博恩B队 vs 奥伯豪森,,not reconstructed from future result,,,UNKNOWN,unknown,low,,PENDING_RESULT,,,
2026-10-04,3043699,V4,德地区西,柏德博恩B队 vs 奥伯豪森,,not reconstructed from future result,,,UNKNOWN,unknown,low,,PENDING_RESULT,2026-10-04T12:07:48.788371+08:00,c86872d082bbc006f1de,
2026-10-04,3043703,V3,德地区西,希根 vs 多蒙特业余队,,not reconstructed from future result,,,UNKNOWN,unknown,low,,PENDING_RESULT,,,
2026-10-04,3043703,V4,德地区西,希根 vs 多蒙特业余队,,not reconstructed from future result,,,UNKNOWN,unknown,low,,PENDING_RESULT,2026-10-04T12:07:48.788371+08:00,6ed77365f832b6d47264,
2026-10-04,3044001,V3,瑞士乙,贝林佐纳 vs 苏黎世B队,,not reconstructed from future result,,,UNKNOWN,unknown,low,,PENDING_RESULT,,,
2026-10-04,3044001,V4,瑞士乙,贝林佐纳 vs 苏黎世B队,,not reconstructed from future result,,,UNKNOWN,unknown,low,,PENDING_RESULT,2026-10-04T12:07:48.788371+08:00,b00c9f2ab444e01c1641,N
2026-10-04,3044287,V3,乌克乙,鲁克维尼基 vs 布拉茨拉夫文尼察,,not reconstructed from future result,,,UNKNOWN,unknown,low,,PENDING_RESULT,2026-10-04T09:02:52+08:00,4550f9aeb31d2201b074,不投
2026-10-04,3044287,V4,乌克乙,鲁克维尼基 vs 布拉茨拉夫文尼察,,not reconstructed from future result,,,UNKNOWN,unknown,low,,PENDING_RESULT,2026-10-04T12:07:48.788371+08:00,46dca275cf8f9294859f,
2026-10-04,3045556,V3,湘超,岳阳队 vs 株洲队,,not reconstructed from future result,,,UNKNOWN,unknown,low,,PENDING_RESULT,,,
2026-10-04,3045556,V4,湘超,岳阳队 vs 株洲队,,not reconstructed from future result,,,UNKNOWN,unknown,low,,PENDING_RESULT,2026-10-04T12:07:48.788371+08:00,b03e902b15c304a97672,
2026-10-04,3045557,V3,湘超,永州队 vs 娄底队,,not reconstructed from future result,,,UNKNOWN,unknown,low,,PENDING_RESULT,,,
2026-10-04,3045557,V4,湘超,永州队 vs 娄底队,,not reconstructed from future result,,,UNKNOWN,unknown,low,,PENDING_RESULT,2026-10-04T12:07:48.788371+08:00,5c4c1ae54ab664b7d8ba,
2026-10-04,3046050,V3,墨西女超春,尼卡沙女足 vs 克鲁兹女足,0-0,not reconstructed from future result,,,UNKNOWN,unknown,low,,PENDING_RESULT,,,
2026-10-04,3046050,V4,墨西女超春,尼卡沙女足 vs 克鲁兹女足,0-0,not reconstructed from future result,,,UNKNOWN,unknown,low,,PENDING_RESULT,2026-10-04T09:58:08.993953+08:00,25b9f66c03f64fb140a9,B
2026-10-04,3046051,V3,墨西女超春,瓜达拉哈拉女足 vs 华雷斯女足,,not reconstructed from future result,,,UNKNOWN,unknown,low,,PENDING_RESULT,,,
2026-10-04,3046051,V4,墨西女超春,瓜达拉哈拉女足 vs 华雷斯女足,,not reconstructed from future result,,,UNKNOWN,unknown,low,,PENDING_RESULT,2026-10-04T12:07:48.788371+08:00,6272b56fc6536e8fc801,N
2026-10-04,3046052,V3,墨西女超春,帕丘卡女足 vs 托卢卡女足,,not reconstructed from future result,,,UNKNOWN,unknown,low,,PENDING_RESULT,,,
2026-10-04,3046052,V4,墨西女超春,帕丘卡女足 vs 托卢卡女足,,not reconstructed from future result,,,UNKNOWN,unknown,low,,PENDING_RESULT,2026-10-04T12:07:48.788371+08:00,92da35497e255caf2574,N
2026-10-04,3046679,V3,瑞典丙降,弗兰斯塔 vs 斯图尔福什AIK,,not reconstructed from future result,,,UNKNOWN,unknown,low,,PENDING_RESULT,,,
2026-10-04,3046679,V4,瑞典丙降,弗兰斯塔 vs 斯图尔福什AIK,,not reconstructed from future result,,,UNKNOWN,unknown,low,,PENDING_RESULT,2026-10-04T12:07:48.788371+08:00,dcfa8ee7f0002dbf669d,
2026-10-04,3048658,V3,西丁,巴可 vs 庞特贝德拉B队,,not reconstructed from future result,,,UNKNOWN,unknown,low,,PENDING_RESULT,,,
2026-10-04,3048658,V4,西丁,巴可 vs 庞特贝德拉B队,,not reconstructed from future result,,,UNKNOWN,unknown,low,,PENDING_RESULT,2026-10-04T12:07:48.788371+08:00,fa67a8fd200cdb9ac223,
2026-10-04,3048659,V3,西丁,伊斯塔登斯 vs 波若,,not reconstructed from future result,,,UNKNOWN,unknown,low,,PENDING_RESULT,,,
2026-10-04,3048659,V4,西丁,伊斯塔登斯 vs 波若,,not reconstructed from future result,,,UNKNOWN,unknown,low,,PENDING_RESULT,2026-10-04T12:07:48.788371+08:00,bfccfaed147bcb4f78be,
2026-10-04,3048660,V3,西丁,格兰朋那 vs 阿泰利科,,not reconstructed from future result,,,UNKNOWN,unknown,low,,PENDING_RESULT,,,
2026-10-04,3048660,V4,西丁,格兰朋那 vs 阿泰利科,,not reconstructed from future result,,,UNKNOWN,unknown,low,,PENDING_RESULT,2026-10-04T12:07:48.788371+08:00,abde028403873daae1a6,
2026-10-04,3048661,V3,西丁,波多诺伏 vs 拉林,,not reconstructed from future result,,,UNKNOWN,unknown,low,,PENDING_RESULT,,,
2026-10-04,3048661,V4,西丁,波多诺伏 vs 拉林,,not reconstructed from future result,,,UNKNOWN,unknown,low,,PENDING_RESULT,2026-10-04T12:07:48.788371+08:00,25d5908d3256da953f99,
2026-10-04,3048663,V3,西丁,索摩扎斯 vs 施萃娜,,not reconstructed from future result,,,UNKNOWN,unknown,low,,PENDING_RESULT,,,
2026-10-04,3048663,V4,西丁,索摩扎斯 vs 施萃娜,,not reconstructed from future result,,,UNKNOWN,unknown,low,,PENDING_RESULT,2026-10-04T12:07:48.788371+08:00,bb8ba41d5b647e101459,
2026-10-04,3048664,V3,西丁,维维罗 vs 奇迪戈,,not reconstructed from future result,,,UNKNOWN,unknown,low,,PENDING_RESULT,,,
2026-10-04,3048664,V4,西丁,维维罗 vs 奇迪戈,,not reconstructed from future result,,,UNKNOWN,unknown,low,,PENDING_RESULT,2026-10-04T12:07:48.788371+08:00,4df520f4720d5e74b814,
2026-10-04,3050278,V3,塞尔甲,嘉沃伊万基卡 vs 波拉斯,,not reconstructed from future result,,,UNKNOWN,unknown,low,,PENDING_RESULT,,,
2026-10-04,3050278,V4,塞尔甲,嘉沃伊万基卡 vs 波拉斯,,not reconstructed from future result,,,UNKNOWN,unknown,low,,PENDING_RESULT,2026-10-04T12:07:48.788371+08:00,172b597a09e016ebfd2a,
2026-10-04,3050279,V3,塞尔甲,杰登斯渥 vs 杜博西卡,,not reconstructed from future result,,,UNKNOWN,unknown,low,,PENDING_RESULT,,,
2026-10-04,3050279,V4,塞尔甲,杰登斯渥 vs 杜博西卡,,not reconstructed from future result,,,UNKNOWN,unknown,low,,PENDING_RESULT,2026-10-04T12:07:48.788371+08:00,2a9bd889e877b5e2eaa0,
2026-10-04,3050282,V3,塞尔甲,萨博迪卡 vs 普罗莱特023,,not reconstructed from future result,,,UNKNOWN,unknown,low,,PENDING_RESULT,,,
2026-10-04,3050282,V4,塞尔甲,萨博迪卡 vs 普罗莱特023,,not reconstructed from future result,,,UNKNOWN,unknown,low,,PENDING_RESULT,2026-10-04T12:07:48.788371+08:00,f3c2a2c9d764cfa10c16,
2026-10-04,3050285,V3,塞尔甲,维尔沙克 vs FK梅塔拉卡,,not reconstructed from future result,,,UNKNOWN,unknown,low,,PENDING_RESULT,,,
2026-10-04,3050285,V4,塞尔甲,维尔沙克 vs FK梅塔拉卡,,not reconstructed from future result,,,UNKNOWN,unknown,low,,PENDING_RESULT,2026-10-04T12:07:48.788371+08:00,90302204c7463f1032d6,
2026-10-04,3050571,V3,意丙,阿尔希欧蕾 vs 特伦托,,not reconstructed from future result,,,UNKNOWN,unknown,low,,PENDING_RESULT,2026-10-04T12:07:48+08:00,1dc81e3871426bc4853c,不投
2026-10-04,3050571,V4,意丙,阿尔希欧蕾 vs 特伦托,,not reconstructed from future result,,,UNKNOWN,unknown,low,,PENDING_RESULT,2026-10-04T09:58:08.993953+08:00,b8e45c3ba27f3afb4ca0,B
2026-10-04,3050574,V3,意丙,多洛米蒂贝卢诺 vs 诺瓦拉,,not reconstructed from future result,,,UNKNOWN,unknown,low,,PENDING_RESULT,2026-10-04T12:07:48+08:00,0a9c26f0a0588c4ff7fc,不投
2026-10-04,3050574,V4,意丙,多洛米蒂贝卢诺 vs 诺瓦拉,,not reconstructed from future result,,,UNKNOWN,unknown,low,,PENDING_RESULT,2026-10-04T12:07:48.788371+08:00,9fb9e603bf828295eb5e,N
2026-10-04,3050576,V3,意丙,祖云达斯U23 vs 隆美辛尼,,not reconstructed from future result,,,UNKNOWN,unknown,low,,PENDING_RESULT,,,
2026-10-04,3050576,V4,意丙,祖云达斯U23 vs 隆美辛尼,,not reconstructed from future result,,,UNKNOWN,unknown,low,,PENDING_RESULT,2026-10-04T12:07:48.788371+08:00,bebe39538f723539c285,
2026-10-04,3050577,V3,意丙,莱科 vs 布雷西亚,,not reconstructed from future result,,,UNKNOWN,unknown,low,,PENDING_RESULT,2026-10-04T09:02:52+08:00,f936e30aed5a34c6ce3c,可投
2026-10-04,3050577,V4,意丙,莱科 vs 布雷西亚,,not reconstructed from future result,,,UNKNOWN,unknown,low,,PENDING_RESULT,2026-10-04T09:58:08.993953+08:00,0050934aee3a41426b5a,B
2026-10-04,3050580,V3,意丙,特雷维索 vs 吉安纳,,not reconstructed from future result,,,UNKNOWN,unknown,low,,PENDING_RESULT,2026-10-04T09:02:52+08:00,cff4c88bb7b1157526a1,可投
2026-10-04,3050580,V4,意丙,特雷维索 vs 吉安纳,,not reconstructed from future result,,,UNKNOWN,unknown,low,,PENDING_RESULT,2026-10-04T09:58:08.993953+08:00,0ab6ead17d89078c3651,B
2026-10-04,3050951,V3,意丙,亚特兰大U23 vs 比沙奴,,not reconstructed from future result,,,UNKNOWN,unknown,low,,PENDING_RESULT,,,
2026-10-04,3050951,V4,意丙,亚特兰大U23 vs 比沙奴,,not reconstructed from future result,,,UNKNOWN,unknown,low,,PENDING_RESULT,2026-10-04T12:07:48.788371+08:00,0e19a014ea4ef9d59861,
2026-10-04,3050952,V3,意丙,坎伯巴索 vs 托里斯,,not reconstructed from future result,,,UNKNOWN,unknown,low,,PENDING_RESULT,2026-10-04T12:07:48+08:00,bb74f2f76fe0d546a80c,不投
2026-10-04,3050952,V4,意丙,坎伯巴索 vs 托里斯,,not reconstructed from future result,,,UNKNOWN,unknown,low,,PENDING_RESULT,2026-10-04T12:07:48.788371+08:00,8c7605a4f5850985f383,N
2026-10-04,3050955,V3,意丙,圭多尼亚 vs 皮内托,,not reconstructed from future result,,,UNKNOWN,unknown,low,,PENDING_RESULT,2026-10-04T12:07:48+08:00,52ec0b3dd5a12e44d24b,不投
2026-10-04,3050955,V4,意丙,圭多尼亚 vs 皮内托,,not reconstructed from future result,,,UNKNOWN,unknown,low,,PENDING_RESULT,2026-10-04T09:58:08.993953+08:00,2303447fd3abb931a972,B
2026-10-04,3050956,V3,意丙,拉蒂那 vs AS奥斯提亚马尔,,not reconstructed from future result,,,UNKNOWN,unknown,low,,PENDING_RESULT,2026-10-04T12:07:48+08:00,05b3b36c4e2cb2bf6775,不投
2026-10-04,3050956,V4,意丙,拉蒂那 vs AS奥斯提亚马尔,,not reconstructed from future result,,,UNKNOWN,unknown,low,,PENDING_RESULT,2026-10-04T12:07:48.788371+08:00,8e93aab5fee5287b2ced,N
2026-10-04,3050958,V3,意丙,皮阿尼斯 vs 拉维纳,,not reconstructed from future result,,,UNKNOWN,unknown,low,,PENDING_RESULT,2026-10-04T12:07:48+08:00,008209122a4e6012a1fb,不投
2026-10-04,3050958,V4,意丙,皮阿尼斯 vs 拉维纳,,not reconstructed from future result,,,UNKNOWN,unknown,low,,PENDING_RESULT,2026-10-04T09:58:08.993953+08:00,5129b3dd4bed523c8cf8,B
2026-10-04,3050959,V3,意丙,雷吉亚纳 vs 斯佩齐亚,,not reconstructed from future result,,,UNKNOWN,unknown,low,,PENDING_RESULT,2026-10-04T12:07:48+08:00,8e1fade4a7f44da06b7d,不投
2026-10-04,3050959,V4,意丙,雷吉亚纳 vs 斯佩齐亚,,not reconstructed from future result,,,UNKNOWN,unknown,low,,PENDING_RESULT,2026-10-04T12:07:48.788371+08:00,79ab2702ee03d3f98c0b,N
2026-10-04,3051331,V3,意丙,切里尼奥拉 vs 阿尔塔穆拉,,not reconstructed from future result,,,UNKNOWN,unknown,low,,PENDING_RESULT,2026-10-04T12:07:48+08:00,059fe1cc2c98658af907,不投
2026-10-04,3051331,V4,意丙,切里尼奥拉 vs 阿尔塔穆拉,,not reconstructed from future result,,,UNKNOWN,unknown,low,,PENDING_RESULT,2026-10-04T09:58:08.993953+08:00,9bfa30af71288225b991,B
2026-10-04,3051334,V3,意丙,科森扎 vs 福贾,,not reconstructed from future result,,,UNKNOWN,unknown,low,,PENDING_RESULT,2026-10-04T12:07:48+08:00,cb09ed9a0ed551ab3c71,不投
2026-10-04,3051334,V4,意丙,科森扎 vs 福贾,,not reconstructed from future result,,,UNKNOWN,unknown,low,,PENDING_RESULT,2026-10-04T12:07:48.788371+08:00,c0bfc99da5772244cf98,N
2026-10-04,3051338,V3,意丙,波坦察 vs AZ皮切尔诺,,not reconstructed from future result,,,UNKNOWN,unknown,low,,PENDING_RESULT,2026-10-04T12:07:48+08:00,43b5628e074f05d38d58,不投
2026-10-04,3051338,V4,意丙,波坦察 vs AZ皮切尔诺,,not reconstructed from future result,,,UNKNOWN,unknown,low,,PENDING_RESULT,2026-10-04T12:07:48.788371+08:00,827d82c4c37756dda5d0,N
2026-10-04,3051339,V3,意丙,萨勒尼塔纳 vs 巴里,,not reconstructed from future result,,,UNKNOWN,unknown,low,,PENDING_RESULT,2026-10-04T12:07:48+08:00,9d0500752e7d7de1f091,不投
2026-10-04,3051339,V4,意丙,萨勒尼塔纳 vs 巴里,,not reconstructed from future result,,,UNKNOWN,unknown,low,,PENDING_RESULT,2026-10-04T12:07:48.788371+08:00,730c39071fb05484bfd6,N
2026-10-04,3051975,V3,英总女超,托特纳姆热刺女足 vs 伦敦城雌狮女足,,not reconstructed from future result,,,UNKNOWN,unknown,low,,PENDING_RESULT,,,
2026-10-04,3051975,V4,英总女超,托特纳姆热刺女足 vs 伦敦城雌狮女足,,not reconstructed from future result,,,UNKNOWN,unknown,low,,PENDING_RESULT,2026-10-04T12:07:48.788371+08:00,e0d03afba529ca01ad07,N
2026-10-04,3051977,V3,英总女超,阿斯顿维拉女足 vs 水晶宫女足,,not reconstructed from future result,,,UNKNOWN,unknown,low,,PENDING_RESULT,,,
2026-10-04,3051977,V4,英总女超,阿斯顿维拉女足 vs 水晶宫女足,,not reconstructed from future result,,,UNKNOWN,unknown,low,,PENDING_RESULT,2026-10-04T09:58:08.993953+08:00,8c42289c0122ab38dc7d,B
2026-10-04,3051978,V3,英总女超,布莱顿女足 vs 查尔顿竞技女足,,not reconstructed from future result,,,UNKNOWN,unknown,low,,PENDING_RESULT,,,
2026-10-04,3051978,V4,英总女超,布莱顿女足 vs 查尔顿竞技女足,,not reconstructed from future result,,,UNKNOWN,unknown,low,,PENDING_RESULT,2026-10-04T09:58:08.993953+08:00,aedeb5daeb8a87ea7b72,B
2026-10-04,3051979,V3,英总女超,埃弗顿女足 vs 伯明翰城女足,,not reconstructed from future result,,,UNKNOWN,unknown,low,,PENDING_RESULT,,,
2026-10-04,3051979,V4,英总女超,埃弗顿女足 vs 伯明翰城女足,,not reconstructed from future result,,,UNKNOWN,unknown,low,,PENDING_RESULT,2026-10-04T09:58:08.993953+08:00,d4db6948abf618a83f44,C
2026-10-04,3051980,V3,英总女超,西汉姆联女足 vs 切尔西女足,,not reconstructed from future result,,,UNKNOWN,unknown,low,,PENDING_RESULT,,,
2026-10-04,3051980,V4,英总女超,西汉姆联女足 vs 切尔西女足,,not reconstructed from future result,,,UNKNOWN,unknown,low,,PENDING_RESULT,2026-10-04T09:58:08.993953+08:00,45a7fa195cb9c28de52e,B
2026-10-04,3051981,V3,英总女超,曼彻斯特城女足 vs 阿森纳女足,,not reconstructed from future result,,,UNKNOWN,unknown,low,,PENDING_RESULT,,,
2026-10-04,3051981,V4,英总女超,曼彻斯特城女足 vs 阿森纳女足,,not reconstructed from future result,,,UNKNOWN,unknown,low,,PENDING_RESULT,2026-10-04T12:07:48.788371+08:00,af64c29d45f7b6342342,N
2026-10-04,3052153,V3,英女冠,达勒姆女足 vs 纽卡斯尔联女足,,not reconstructed from future result,,,UNKNOWN,unknown,low,,PENDING_RESULT,,,
2026-10-04,3052153,V4,英女冠,达勒姆女足 vs 纽卡斯尔联女足,,not reconstructed from future result,,,UNKNOWN,unknown,low,,PENDING_RESULT,2026-10-04T09:58:08.993953+08:00,314fd340b96d35f531e7,C
2026-10-04,3052154,V3,英女冠,布里斯托学院女足 vs 修咸顿女足,,not reconstructed from future result,,,UNKNOWN,unknown,low,,PENDING_RESULT,,,
2026-10-04,3052154,V4,英女冠,布里斯托学院女足 vs 修咸顿女足,,not reconstructed from future result,,,UNKNOWN,unknown,low,,PENDING_RESULT,2026-10-04T09:58:08.993953+08:00,0d7ad473b496846e774b,C
2026-10-04,3052155,V3,英女冠,诺丁汉森林女足 vs 般尼女足,,not reconstructed from future result,,,UNKNOWN,unknown,low,,PENDING_RESULT,,,
2026-10-04,3052155,V4,英女冠,诺丁汉森林女足 vs 般尼女足,,not reconstructed from future result,,,UNKNOWN,unknown,low,,PENDING_RESULT,2026-10-04T12:07:48.788371+08:00,310eca012c0775d05371,N
2026-10-04,3052156,V3,英女冠,锡菲联女足 vs 叶士域治女足,,not reconstructed from future result,,,UNKNOWN,unknown,low,,PENDING_RESULT,,,
2026-10-04,3052156,V4,英女冠,锡菲联女足 vs 叶士域治女足,,not reconstructed from future result,,,UNKNOWN,unknown,low,,PENDING_RESULT,2026-10-04T09:58:08.993953+08:00,af5b3c4715c98d8ef1fc,C
2026-10-04,3052157,V3,英女冠,桑德兰女足 vs 莱切斯特城女足,,not reconstructed from future result,,,UNKNOWN,unknown,low,,PENDING_RESULT,,,
2026-10-04,3052157,V4,英女冠,桑德兰女足 vs 莱切斯特城女足,,not reconstructed from future result,,,UNKNOWN,unknown,low,,PENDING_RESULT,2026-10-04T12:07:48.788371+08:00,cd965f6e5aa63b31cb7b,N
2026-10-04,3052158,V3,英女冠,狼队女足 vs 屈福特女足,,not reconstructed from future result,,,UNKNOWN,unknown,low,,PENDING_RESULT,,,
2026-10-04,3052158,V4,英女冠,狼队女足 vs 屈福特女足,,not reconstructed from future result,,,UNKNOWN,unknown,low,,PENDING_RESULT,2026-10-04T12:07:48.788371+08:00,3d867acbcb3f33154ca6,N
2026-10-04,3052959,V3,瑞女超,圣加仑女足 vs 塞尔维特女足,,not reconstructed from future result,,,UNKNOWN,unknown,low,,PENDING_RESULT,,,
2026-10-04,3052959,V4,瑞女超,圣加仑女足 vs 塞尔维特女足,,not reconstructed from future result,,,UNKNOWN,unknown,low,,PENDING_RESULT,2026-10-04T12:07:48.788371+08:00,f807eda813aaddea4668,
2026-10-04,3053933,V3,瑞士丙2,巴斯库尔 vs 杜安U21,,not reconstructed from future result,,,UNKNOWN,unknown,low,,PENDING_RESULT,,,
2026-10-04,3053933,V4,瑞士丙2,巴斯库尔 vs 杜安U21,,not reconstructed from future result,,,UNKNOWN,unknown,low,,PENDING_RESULT,2026-10-04T12:07:48.788371+08:00,3f0ccfe5ce567a5fb59f,
2026-10-04,3053934,V3,瑞士丙2,德勒蒙特 vs 草蜢U21,,not reconstructed from future result,,,UNKNOWN,unknown,low,,PENDING_RESULT,,,
2026-10-04,3053934,V4,瑞士丙2,德勒蒙特 vs 草蜢U21,,not reconstructed from future result,,,UNKNOWN,unknown,low,,PENDING_RESULT,2026-10-04T12:07:48.788371+08:00,2462cd43efcb31efd652,
2026-10-04,3054215,V3,法U19,克维伊U19 vs 里尔U19,,not reconstructed from future result,,,UNKNOWN,unknown,low,,PENDING_RESULT,,,
2026-10-04,3054215,V4,法U19,克维伊U19 vs 里尔U19,,not reconstructed from future result,,,UNKNOWN,unknown,low,,PENDING_RESULT,2026-10-04T12:07:48.788371+08:00,8ceee0718fe172aece6a,
2026-10-04,3054217,V3,法U19,阿美恩斯U19 vs 勒瓦卢瓦竞技U19,,not reconstructed from future result,,,UNKNOWN,unknown,low,,PENDING_RESULT,,,
2026-10-04,3054217,V4,法U19,阿美恩斯U19 vs 勒瓦卢瓦竞技U19,,not reconstructed from future result,,,UNKNOWN,unknown,low,,PENDING_RESULT,2026-10-04T12:07:48.788371+08:00,a7723af88ba30a1acbc3,
2026-10-04,3054218,V3,法U19,查尔特斯U19 vs 勒哈费尔U19,,not reconstructed from future result,,,UNKNOWN,unknown,low,,PENDING_RESULT,,,
2026-10-04,3054218,V4,法U19,查尔特斯U19 vs 勒哈费尔U19,,not reconstructed from future result,,,UNKNOWN,unknown,low,,PENDING_RESULT,2026-10-04T12:07:48.788371+08:00,05f4dcd430a4eda2a9fa,
2026-10-04,3054219,V3,法U19,维尔赛斯U19 vs 朗斯U19,,not reconstructed from future result,,,UNKNOWN,unknown,low,,PENDING_RESULT,,,
2026-10-04,3054219,V4,法U19,维尔赛斯U19 vs 朗斯U19,,not reconstructed from future result,,,UNKNOWN,unknown,low,,PENDING_RESULT,2026-10-04T12:07:48.788371+08:00,484a6f66304e45b5dbe7,
2026-10-04,3054221,V3,法U19,卢昂U19 vs 奥尔良U19,,not reconstructed from future result,,,UNKNOWN,unknown,low,,PENDING_RESULT,,,
2026-10-04,3054221,V4,法U19,卢昂U19 vs 奥尔良U19,,not reconstructed from future result,,,UNKNOWN,unknown,low,,PENDING_RESULT,2026-10-04T12:07:48.788371+08:00,13c53ca283fadbaf5b27,
2026-10-04,3054397,V3,法U19,梅斯U19 vs 索绍U19,,not reconstructed from future result,,,UNKNOWN,unknown,low,,PENDING_RESULT,,,
2026-10-04,3054397,V4,法U19,梅斯U19 vs 索绍U19,,not reconstructed from future result,,,UNKNOWN,unknown,low,,PENDING_RESULT,2026-10-04T12:07:48.788371+08:00,fa1bc6fd0cff805513e8,
2026-10-04,3054398,V3,法U19,里昂U19 vs 巴黎FCU19,,not reconstructed from future result,,,UNKNOWN,unknown,low,,PENDING_RESULT,,,
2026-10-04,3054398,V4,法U19,里昂U19 vs 巴黎FCU19,,not reconstructed from future result,,,UNKNOWN,unknown,low,,PENDING_RESULT,2026-10-04T12:07:48.788371+08:00,727c4d2c949b8c93a306,
2026-10-04,3054399,V3,法U19,克莱蒙特U19 vs 特鲁瓦U19,,not reconstructed from future result,,,UNKNOWN,unknown,low,,PENDING_RESULT,,,
2026-10-04,3054399,V4,法U19,克莱蒙特U19 vs 特鲁瓦U19,,not reconstructed from future result,,,UNKNOWN,unknown,low,,PENDING_RESULT,2026-10-04T12:07:48.788371+08:00,970809de007faa2e6155,
2026-10-04,3054400,V3,法U19,蒙费梅伊U19 vs 蓬塔利耶U19,,not reconstructed from future result,,,UNKNOWN,unknown,low,,PENDING_RESULT,,,
2026-10-04,3054400,V4,法U19,蒙费梅伊U19 vs 蓬塔利耶U19,,not reconstructed from future result,,,UNKNOWN,unknown,low,,PENDING_RESULT,2026-10-04T12:07:48.788371+08:00,dcd01fb83b91f47e433f,
2026-10-04,3054401,V3,法U19,兰斯U19 vs 史特拉斯堡U19,,not reconstructed from future result,,,UNKNOWN,unknown,low,,PENDING_RESULT,,,
2026-10-04,3054401,V4,法U19,兰斯U19 vs 史特拉斯堡U19,,not reconstructed from future result,,,UNKNOWN,unknown,low,,PENDING_RESULT,2026-10-04T12:07:48.788371+08:00,f7cbcc8d4320001f328d,
2026-10-04,3054402,V3,法U19,南锡U19 vs 迪安U19,,not reconstructed from future result,,,UNKNOWN,unknown,low,,PENDING_RESULT,,,
2026-10-04,3054402,V4,法U19,南锡U19 vs 迪安U19,,not reconstructed from future result,,,UNKNOWN,unknown,low,,PENDING_RESULT,2026-10-04T12:07:48.788371+08:00,e6ea3502c25cee82f927,
2026-10-04,3054403,V3,法U19,欧塞尔U19 vs 阿纳西U19,,not reconstructed from future result,,,UNKNOWN,unknown,low,,PENDING_RESULT,,,
2026-10-04,3054403,V4,法U19,欧塞尔U19 vs 阿纳西U19,,not reconstructed from future result,,,UNKNOWN,unknown,low,,PENDING_RESULT,2026-10-04T12:07:48.788371+08:00,2c87a06e69b8f8a1c8b9,
2026-10-04,3054579,V3,法U19,普特温U19 vs 博里奥庆U19,,not reconstructed from future result,,,UNKNOWN,unknown,low,,PENDING_RESULT,,,
2026-10-04,3054579,V4,法U19,普特温U19 vs 博里奥庆U19,,not reconstructed from future result,,,UNKNOWN,unknown,low,,PENDING_RESULT,2026-10-04T12:07:48.788371+08:00,4e55fcd89c75091038fd,
2026-10-04,3054580,V3,法U19,吉英坎U19 vs 罗连安特U19,,not reconstructed from future result,,,UNKNOWN,unknown,low,,PENDING_RESULT,,,
2026-10-04,3054580,V4,法U19,吉英坎U19 vs 罗连安特U19,,not reconstructed from future result,,,UNKNOWN,unknown,low,,PENDING_RESULT,2026-10-04T12:07:48.788371+08:00,99272db9bef4f3ba14cd,
2026-10-04,3054581,V3,法U19,昂热U19 vs 梅里尼卡斯U19,,not reconstructed from future result,,,UNKNOWN,unknown,low,,PENDING_RESULT,,,
2026-10-04,3054581,V4,法U19,昂热U19 vs 梅里尼卡斯U19,,not reconstructed from future result,,,UNKNOWN,unknown,low,,PENDING_RESULT,2026-10-04T12:07:48.788371+08:00,047d7dff647266cbe46e,
2026-10-04,3054585,V3,法U19,雷尼斯U19 vs 博库泽U19,,not reconstructed from future result,,,UNKNOWN,unknown,low,,PENDING_RESULT,,,
2026-10-04,3054585,V4,法U19,雷尼斯U19 vs 博库泽U19,,not reconstructed from future result,,,UNKNOWN,unknown,low,,PENDING_RESULT,2026-10-04T12:07:48.788371+08:00,ee517c8b5c087ce12472,
2026-10-04,3054762,V3,法U19,凯维加U19 vs 贝兹尔U19,,not reconstructed from future result,,,UNKNOWN,unknown,low,,PENDING_RESULT,,,
2026-10-04,3054762,V4,法U19,凯维加U19 vs 贝兹尔U19,,not reconstructed from future result,,,UNKNOWN,unknown,low,,PENDING_RESULT,2026-10-04T12:07:48.788371+08:00,d49dcc95790c6d83689e,
2026-10-04,3054764,V3,法U19,巴斯蒂亚U19 vs 科隆米尔斯U19,,not reconstructed from future result,,,UNKNOWN,unknown,low,,PENDING_RESULT,,,
2026-10-04,3054764,V4,法U19,巴斯蒂亚U19 vs 科隆米尔斯U19,,not reconstructed from future result,,,UNKNOWN,unknown,low,,PENDING_RESULT,2026-10-04T12:07:48.788371+08:00,593e4d1ee9ab5293aafd,
2026-10-04,3054765,V3,法U19,圣伊天U19 vs 奈斯U19,,not reconstructed from future result,,,UNKNOWN,unknown,low,,PENDING_RESULT,,,
2026-10-04,3054765,V4,法U19,圣伊天U19 vs 奈斯U19,,not reconstructed from future result,,,UNKNOWN,unknown,low,,PENDING_RESULT,2026-10-04T12:07:48.788371+08:00,f770d49efb362c955099,N
2026-10-04,3054766,V3,法U19,巴尔马U19 vs 蒙彼利埃U19,,not reconstructed from future result,,,UNKNOWN,unknown,low,,PENDING_RESULT,,,
2026-10-04,3054766,V4,法U19,巴尔马U19 vs 蒙彼利埃U19,,not reconstructed from future result,,,UNKNOWN,unknown,low,,PENDING_RESULT,2026-10-04T12:07:48.788371+08:00,cb75804099b2ea57399a,
2026-10-04,3054767,V3,法U19,马赛U19 vs 摩纳哥U19,,not reconstructed from future result,,,UNKNOWN,unknown,low,,PENDING_RESULT,,,
2026-10-04,3054767,V4,法U19,马赛U19 vs 摩纳哥U19,,not reconstructed from future result,,,UNKNOWN,unknown,low,,PENDING_RESULT,2026-10-04T12:07:48.788371+08:00,119eb39c093c28eccacf,
2026-10-04,3055069,V3,西协乙1,博干蒂罗斯 vs 克鲁肖,,not reconstructed from future result,,,UNKNOWN,unknown,low,,PENDING_RESULT,,,
2026-10-04,3055069,V4,西协乙1,博干蒂罗斯 vs 克鲁肖,,not reconstructed from future result,,,UNKNOWN,unknown,low,,PENDING_RESULT,2026-10-04T12:07:48.788371+08:00,c8580f576ea052fb5b6d,N
2026-10-04,3055070,V3,西协乙1,甘普斯特拉 vs 皇家奥维耶多B队,,not reconstructed from future result,,,UNKNOWN,unknown,low,,PENDING_RESULT,,,
2026-10-04,3055070,V4,西协乙1,甘普斯特拉 vs 皇家奥维耶多B队,,not reconstructed from future result,,,UNKNOWN,unknown,low,,PENDING_RESULT,2026-10-04T12:07:48.788371+08:00,71c839e090e7183eef64,N
2026-10-04,3055071,V3,西协乙1,格尼卡 vs 施斯达奥,,not reconstructed from future result,,,UNKNOWN,unknown,low,,PENDING_RESULT,,,
2026-10-04,3055071,V4,西协乙1,格尼卡 vs 施斯达奥,,not reconstructed from future result,,,UNKNOWN,unknown,low,,PENDING_RESULT,2026-10-04T12:07:48.788371+08:00,326db3b0ffe257abf186,N
2026-10-04,3055072,V3,西协乙1,奥尔伦斯 vs 阿罗萨,,not reconstructed from future result,,,UNKNOWN,unknown,low,,PENDING_RESULT,,,
2026-10-04,3055072,V4,西协乙1,奥尔伦斯 vs 阿罗萨,,not reconstructed from future result,,,UNKNOWN,unknown,low,,PENDING_RESULT,2026-10-04T12:07:48.788371+08:00,fa1012ce467bbf236cb1,N
2026-10-04,3055862,V3,芬女超降,帕罗柯尔霍女足 vs HJS阿卡泰米阿女足,,not reconstructed from future result,,,UNKNOWN,unknown,low,,PENDING_RESULT,,,
2026-10-04,3055862,V4,芬女超降,帕罗柯尔霍女足 vs HJS阿卡泰米阿女足,,not reconstructed from future result,,,UNKNOWN,unknown,low,,PENDING_RESULT,2026-10-04T12:07:48.788371+08:00,a5cef860cf6e1f926e2b,
2026-10-04,3055897,V3,芬女超冠,赫尔辛基女足 vs HPS 女足,,not reconstructed from future result,,,UNKNOWN,unknown,low,,PENDING_RESULT,,,
2026-10-04,3055897,V4,芬女超冠,赫尔辛基女足 vs HPS 女足,,not reconstructed from future result,,,UNKNOWN,unknown,low,,PENDING_RESULT,2026-10-04T12:07:48.788371+08:00,86fdc6a741def0d29d50,
2026-10-04,3057193,V3,西女超,巴塞罗那女足 vs 皇家马德里女足,,not reconstructed from future result,,,UNKNOWN,unknown,low,,PENDING_RESULT,,,
2026-10-04,3057193,V4,西女超,巴塞罗那女足 vs 皇家马德里女足,,not reconstructed from future result,,,UNKNOWN,unknown,low,,PENDING_RESULT,2026-10-04T12:07:48.788371+08:00,716ef299266fbb4f2f29,
2026-10-04,3057194,V3,西女超,格拉纳迪拉特内里费苏女足 vs 洛格罗尼奥女足,,not reconstructed from future result,,,UNKNOWN,unknown,low,,PENDING_RESULT,,,
2026-10-04,3057194,V4,西女超,格拉纳迪拉特内里费苏女足 vs 洛格罗尼奥女足,,not reconstructed from future result,,,UNKNOWN,unknown,low,,PENDING_RESULT,2026-10-04T12:07:48.788371+08:00,194160504fb192b5b60d,
2026-10-04,3057197,V3,西女超,格拉那达女足 vs 伊巴女足,,not reconstructed from future result,,,UNKNOWN,unknown,low,,PENDING_RESULT,,,
2026-10-04,3057197,V4,西女超,格拉那达女足 vs 伊巴女足,,not reconstructed from future result,,,UNKNOWN,unknown,low,,PENDING_RESULT,2026-10-04T12:07:48.788371+08:00,3e2d15f8d9837ff56fee,
2026-10-04,3057200,V3,西女超,华伦西亚女足 vs 皇家社会女足,,not reconstructed from future result,,,UNKNOWN,unknown,low,,PENDING_RESULT,,,
2026-10-04,3057200,V4,西女超,华伦西亚女足 vs 皇家社会女足,,not reconstructed from future result,,,UNKNOWN,unknown,low,,PENDING_RESULT,2026-10-04T12:07:48.788371+08:00,a2c4a43c7d7e3a090e5f,
2026-10-04,3058795,V3,布隆迪超,布马穆鲁 vs 弗拉博,,not reconstructed from future result,,,UNKNOWN,unknown,low,,PENDING_RESULT,,,
2026-10-04,3058795,V4,布隆迪超,布马穆鲁 vs 弗拉博,,not reconstructed from future result,,,UNKNOWN,unknown,low,,PENDING_RESULT,2026-10-04T12:07:48.788371+08:00,7237e4641d38e34266a5,
2026-10-04,3058796,V3,布隆迪超,卡扬扎 vs 国际之星,,not reconstructed from future result,,,UNKNOWN,unknown,low,,PENDING_RESULT,,,
2026-10-04,3058796,V4,布隆迪超,卡扬扎 vs 国际之星,,not reconstructed from future result,,,UNKNOWN,unknown,low,,PENDING_RESULT,2026-10-04T12:07:48.788371+08:00,42ea7be781b7d4f55789,
2026-10-04,3058797,V3,布隆迪超,恩戈齐使者 vs 黑裤,,not reconstructed from future result,,,UNKNOWN,unknown,low,,PENDING_RESULT,,,
2026-10-04,3058797,V4,布隆迪超,恩戈齐使者 vs 黑裤,,not reconstructed from future result,,,UNKNOWN,unknown,low,,PENDING_RESULT,2026-10-04T12:07:48.788371+08:00,8985ecf25ce15d8bee19,
2026-10-04,3059801,V3,丹女甲,艾斯堡女足 vs 齐斯泰兹女足,,not reconstructed from future result,,,UNKNOWN,unknown,low,,PENDING_RESULT,,,
2026-10-04,3059801,V4,丹女甲,艾斯堡女足 vs 齐斯泰兹女足,,not reconstructed from future result,,,UNKNOWN,unknown,low,,PENDING_RESULT,2026-10-04T12:07:48.788371+08:00,349ed7f35b159d227e59,
2026-10-04,3060001,V3,西丁,马利诺 vs UD帕尔亚斯,,not reconstructed from future result,,,UNKNOWN,unknown,low,,PENDING_RESULT,,,
2026-10-04,3060001,V4,西丁,马利诺 vs UD帕尔亚斯,,not reconstructed from future result,,,UNKNOWN,unknown,low,,PENDING_RESULT,2026-10-04T12:07:48.788371+08:00,280d1edc31a81189dafa,
2026-10-04,3060007,V3,西丁,UD圣费尔南多 vs 埃斯特雷拉,,not reconstructed from future result,,,UNKNOWN,unknown,low,,PENDING_RESULT,,,
2026-10-04,3060007,V4,西丁,UD圣费尔南多 vs 埃斯特雷拉,,not reconstructed from future result,,,UNKNOWN,unknown,low,,PENDING_RESULT,2026-10-04T12:07:48.788371+08:00,4008709b4fed8ff8dad3,
2026-10-04,3060307,V3,西丁,曼彻格城 vs 艾曼沙,,not reconstructed from future result,,,UNKNOWN,unknown,low,,PENDING_RESULT,,,
2026-10-04,3060307,V4,西丁,曼彻格城 vs 艾曼沙,,not reconstructed from future result,,,UNKNOWN,unknown,low,,PENDING_RESULT,2026-10-04T09:58:08.993953+08:00,b61684fb23948546b63a,C
2026-10-04,3060308,V3,西丁,巴拉索特飓风 vs AD圣克莱门特,,not reconstructed from future result,,,UNKNOWN,unknown,low,,PENDING_RESULT,,,
2026-10-04,3060308,V4,西丁,巴拉索特飓风 vs AD圣克莱门特,,not reconstructed from future result,,,UNKNOWN,unknown,low,,PENDING_RESULT,2026-10-04T12:07:48.788371+08:00,aa3b77399dc3e37a8570,
2026-10-04,3060312,V3,西丁,昆坦拿 vs 比利亚体育,,not reconstructed from future result,,,UNKNOWN,unknown,low,,PENDING_RESULT,,,
2026-10-04,3060312,V4,西丁,昆坦拿 vs 比利亚体育,,not reconstructed from future result,,,UNKNOWN,unknown,low,,PENDING_RESULT,2026-10-04T09:58:08.993953+08:00,3b645d605524869b5b04,C
2026-10-04,3060313,V3,西丁,索库埃利亚莫斯 vs CD瓜达拉哈拉B队,,not reconstructed from future result,,,UNKNOWN,unknown,low,,PENDING_RESULT,,,
2026-10-04,3060313,V4,西丁,索库埃利亚莫斯 vs CD瓜达拉哈拉B队,,not reconstructed from future result,,,UNKNOWN,unknown,low,,PENDING_RESULT,2026-10-04T12:07:48.788371+08:00,3642e93bcd15aa68eb20,
2026-10-04,3060315,V3,西丁,维拉鲁比亚 vs CD托里霍斯,,not reconstructed from future result,,,UNKNOWN,unknown,low,,PENDING_RESULT,,,
2026-10-04,3060315,V4,西丁,维拉鲁比亚 vs CD托里霍斯,,not reconstructed from future result,,,UNKNOWN,unknown,low,,PENDING_RESULT,2026-10-04T12:07:48.788371+08:00,7b2f128cbd99d291422a,
2026-10-04,3060613,V3,西丁,阿吉拉斯B队 vs 莫利嫩塞,,not reconstructed from future result,,,UNKNOWN,unknown,low,,PENDING_RESULT,,,
2026-10-04,3060613,V4,西丁,阿吉拉斯B队 vs 莫利嫩塞,,not reconstructed from future result,,,UNKNOWN,unknown,low,,PENDING_RESULT,2026-10-04T12:07:48.788371+08:00,d23cd360ab653ce8606f,
2026-10-04,3060614,V3,西丁,阿尔坎塔里拉 vs EF圣克鲁斯,,not reconstructed from future result,,,UNKNOWN,unknown,low,,PENDING_RESULT,,,
2026-10-04,3060614,V4,西丁,阿尔坎塔里拉 vs EF圣克鲁斯,,not reconstructed from future result,,,UNKNOWN,unknown,low,,PENDING_RESULT,2026-10-04T12:07:48.788371+08:00,a2c12861d2d0375889f4,N
2026-10-04,3060615,V3,西丁,马里蒂莫体育 vs 布尔拉斯,,not reconstructed from future result,,,UNKNOWN,unknown,low,,PENDING_RESULT,,,
2026-10-04,3060615,V4,西丁,马里蒂莫体育 vs 布尔拉斯,,not reconstructed from future result,,,UNKNOWN,unknown,low,,PENDING_RESULT,2026-10-04T12:07:48.788371+08:00,0903f3f1cd1d154df264,
2026-10-04,3060616,V3,西丁,科蒂拉斯 vs 巴拉阿佐,,not reconstructed from future result,,,UNKNOWN,unknown,low,,PENDING_RESULT,,,
2026-10-04,3060616,V4,西丁,科蒂拉斯 vs 巴拉阿佐,,not reconstructed from future result,,,UNKNOWN,unknown,low,,PENDING_RESULT,2026-10-04T12:07:48.788371+08:00,45e7384e03c4a0ec9ecd,
2026-10-04,3060617,V3,西丁,卡泰真拿B队 vs CD阿尔嘉德,,not reconstructed from future result,,,UNKNOWN,unknown,low,,PENDING_RESULT,,,
2026-10-04,3060617,V4,西丁,卡泰真拿B队 vs CD阿尔嘉德,,not reconstructed from future result,,,UNKNOWN,unknown,low,,PENDING_RESULT,2026-10-04T09:58:08.993953+08:00,86e67aa6d37b6505ca7e,C
2026-10-04,3060618,V3,西丁,玛莎隆 vs SFC米勒娃,,not reconstructed from future result,,,UNKNOWN,unknown,low,,PENDING_RESULT,,,
2026-10-04,3060618,V4,西丁,玛莎隆 vs SFC米勒娃,,not reconstructed from future result,,,UNKNOWN,unknown,low,,PENDING_RESULT,2026-10-04T12:07:48.788371+08:00,5b933b8bddecdfe2597e,
2026-10-04,3060619,V3,西丁,托塔纳 vs UCAM穆西亚B队,,not reconstructed from future result,,,UNKNOWN,unknown,low,,PENDING_RESULT,,,
2026-10-04,3060619,V4,西丁,托塔纳 vs UCAM穆西亚B队,,not reconstructed from future result,,,UNKNOWN,unknown,low,,PENDING_RESULT,2026-10-04T12:07:48.788371+08:00,4f8da9ee14a96bc85118,
2026-10-04,3060620,V3,西丁,AT普尔 vs 桑托梅拉,,not reconstructed from future result,,,UNKNOWN,unknown,low,,PENDING_RESULT,,,
2026-10-04,3060620,V4,西丁,AT普尔 vs 桑托梅拉,,not reconstructed from future result,,,UNKNOWN,unknown,low,,PENDING_RESULT,2026-10-04T12:07:48.788371+08:00,c6d547c75753114ff653,
2026-10-04,3060621,V3,西丁,马尔梅诺尔圣哈维尔 vs UD洛杉矶加雷斯,,not reconstructed from future result,,,UNKNOWN,unknown,low,,PENDING_RESULT,,,
2026-10-04,3060621,V4,西丁,马尔梅诺尔圣哈维尔 vs UD洛杉矶加雷斯,,not reconstructed from future result,,,UNKNOWN,unknown,low,,PENDING_RESULT,2026-10-04T12:07:48.788371+08:00,ae7c34b3406d5a32467a,
2026-10-04,3061675,V3,玻利杯,圣荷西德奥罗 vs 布鲁明,,not reconstructed from future result,,,UNKNOWN,unknown,low,,PENDING_RESULT,2026-10-04T12:07:48+08:00,1be24306f2215f827bb4,不投
2026-10-04,3061675,V4,玻利杯,圣荷西德奥罗 vs 布鲁明,,not reconstructed from future result,,,UNKNOWN,unknown,low,,PENDING_RESULT,2026-10-04T12:07:48.788371+08:00,4348a1f11e73f61a11d2,N
2026-10-04,3061676,V3,玻利杯,瓜比拉 vs 奥利恩特,,not reconstructed from future result,,,UNKNOWN,unknown,low,,PENDING_RESULT,2026-10-04T12:07:48+08:00,1712aad933b595e4fbeb,不投
2026-10-04,3061676,V4,玻利杯,瓜比拉 vs 奥利恩特,,not reconstructed from future result,,,UNKNOWN,unknown,low,,PENDING_RESULT,2026-10-04T09:58:08.993953+08:00,d3951fa002e16a07c433,C
2026-10-04,3061677,V3,玻利杯,石油独立 vs 玻利瓦尔,,not reconstructed from future result,,,UNKNOWN,unknown,low,,PENDING_RESULT,2026-10-04T12:07:48+08:00,a0acfa40bc79c4117b22,不投
2026-10-04,3061677,V4,玻利杯,石油独立 vs 玻利瓦尔,,not reconstructed from future result,,,UNKNOWN,unknown,low,,PENDING_RESULT,2026-10-04T09:58:08.993953+08:00,617eb97c070bb0b3f3e2,B
2026-10-04,3061773,V3,西丁,阿姆迪瓦 vs CF卢卡,,not reconstructed from future result,,,UNKNOWN,unknown,low,,PENDING_RESULT,,,
2026-10-04,3061773,V4,西丁,阿姆迪瓦 vs CF卢卡,,not reconstructed from future result,,,UNKNOWN,unknown,low,,PENDING_RESULT,2026-10-04T12:07:48.788371+08:00,d276792a189cd997bc90,
2026-10-04,3061774,V3,西丁,安道尔CF vs 艾甲,,not reconstructed from future result,,,UNKNOWN,unknown,low,,PENDING_RESULT,,,
2026-10-04,3061774,V4,西丁,安道尔CF vs 艾甲,,not reconstructed from future result,,,UNKNOWN,unknown,low,,PENDING_RESULT,2026-10-04T12:07:48.788371+08:00,305b77e968facc49bec7,
2026-10-04,3061775,V3,西丁,蒙松 vs 韦斯卡B队,,not reconstructed from future result,,,UNKNOWN,unknown,low,,PENDING_RESULT,,,
2026-10-04,3061775,V4,西丁,蒙松 vs 韦斯卡B队,,not reconstructed from future result,,,UNKNOWN,unknown,low,,PENDING_RESULT,2026-10-04T12:07:48.788371+08:00,6e1d80cbb10f69cc3c30,
2026-10-04,3061776,V3,西丁,卡斯佩 vs 埃皮拉FC,,not reconstructed from future result,,,UNKNOWN,unknown,low,,PENDING_RESULT,,,
2026-10-04,3061776,V4,西丁,卡斯佩 vs 埃皮拉FC,,not reconstructed from future result,,,UNKNOWN,unknown,low,,PENDING_RESULT,2026-10-04T12:07:48.788371+08:00,f931ed419598d9d5ae02,
2026-10-04,3061777,V3,西丁,谢塔莫 vs 贝尔奇特,,not reconstructed from future result,,,UNKNOWN,unknown,low,,PENDING_RESULT,,,
2026-10-04,3061777,V4,西丁,谢塔莫 vs 贝尔奇特,,not reconstructed from future result,,,UNKNOWN,unknown,low,,PENDING_RESULT,2026-10-04T12:07:48.788371+08:00,a1ad375c9a0dbad65ac5,
2026-10-04,3061778,V3,西丁,弗拉加 vs 萨拉戈萨B队,,not reconstructed from future result,,,UNKNOWN,unknown,low,,PENDING_RESULT,,,
2026-10-04,3061778,V4,西丁,弗拉加 vs 萨拉戈萨B队,,not reconstructed from future result,,,UNKNOWN,unknown,low,,PENDING_RESULT,2026-10-04T12:07:48.788371+08:00,2d38d98336cf0de59622,
2026-10-04,3061779,V3,西丁,阿尔穆尼亚 vs 卡阿特,,not reconstructed from future result,,,UNKNOWN,unknown,low,,PENDING_RESULT,,,
2026-10-04,3061779,V4,西丁,阿尔穆尼亚 vs 卡阿特,,not reconstructed from future result,,,UNKNOWN,unknown,low,,PENDING_RESULT,2026-10-04T12:07:48.788371+08:00,cd7251128e1fdeb6b384,
2026-10-04,3061781,V3,西丁,塔马瑞特 vs 巴尔亚,,not reconstructed from future result,,,UNKNOWN,unknown,low,,PENDING_RESULT,,,
2026-10-04,3061781,V4,西丁,塔马瑞特 vs 巴尔亚,,not reconstructed from future result,,,UNKNOWN,unknown,low,,PENDING_RESULT,2026-10-04T12:07:48.788371+08:00,0bf58b45178ea5a4723c,
2026-10-04,3066750,V3,比业余,安海耶 vs 沙勒罗瓦B队,,not reconstructed from future result,,,UNKNOWN,unknown,low,,PENDING_RESULT,2026-10-04T12:07:48+08:00,7c936238870a73ef167d,不投
2026-10-04,3066750,V4,比业余,安海耶 vs 沙勒罗瓦B队,,not reconstructed from future result,,,UNKNOWN,unknown,low,,PENDING_RESULT,2026-10-04T12:07:48.788371+08:00,489565a9ea377c7788cc,N
2026-10-04,3066888,V3,比业余,皇家克诺克 vs 旧海弗莱鲁汶B队,,not reconstructed from future result,,,UNKNOWN,unknown,low,,PENDING_RESULT,2026-10-04T12:07:48+08:00,1be15a35fdfe0df8a30d,不投
2026-10-04,3066888,V4,比业余,皇家克诺克 vs 旧海弗莱鲁汶B队,,not reconstructed from future result,,,UNKNOWN,unknown,low,,PENDING_RESULT,2026-10-04T12:07:48.788371+08:00,fff3a9feff6874217a5c,N
2026-10-04,3066889,V3,比业余,蒂嫩 vs 梅勒尔贝克,,not reconstructed from future result,,,UNKNOWN,unknown,low,,PENDING_RESULT,2026-10-04T12:07:48+08:00,752e41978c2b32fd4f86,不投
2026-10-04,3066889,V4,比业余,蒂嫩 vs 梅勒尔贝克,,not reconstructed from future result,,,UNKNOWN,unknown,low,,PENDING_RESULT,2026-10-04T12:07:48.788371+08:00,e045136a35209f0fabda,N
2026-10-04,3070305,V3,比女甲,旧海弗莱鲁汶B队女足 vs 蒙斯女足,,not reconstructed from future result,,,UNKNOWN,unknown,low,,PENDING_RESULT,,,
2026-10-04,3070305,V4,比女甲,旧海弗莱鲁汶B队女足 vs 蒙斯女足,,not reconstructed from future result,,,UNKNOWN,unknown,low,,PENDING_RESULT,2026-10-04T12:07:48.788371+08:00,38404e330d39604a29d2,
2026-10-04,3070306,V3,比女甲,穆斯克龙女足 vs 维斯特洛女足,,not reconstructed from future result,,,UNKNOWN,unknown,low,,PENDING_RESULT,,,
2026-10-04,3070306,V4,比女甲,穆斯克龙女足 vs 维斯特洛女足,,not reconstructed from future result,,,UNKNOWN,unknown,low,,PENDING_RESULT,2026-10-04T12:07:48.788371+08:00,56f175a6684ad50b23a1,
2026-10-04,3071109,V3,日足联,冲绳SV vs 布瑞欧碧卡浦安,0-0,not reconstructed from future result,,,UNKNOWN,unknown,low,,PENDING_RESULT,,,
2026-10-04,3071109,V4,日足联,冲绳SV vs 布瑞欧碧卡浦安,0-0,not reconstructed from future result,,,UNKNOWN,unknown,low,,PENDING_RESULT,2026-10-04T09:58:08.993953+08:00,b0b692f039be92e02c7c,C
2026-10-04,3071110,V3,日足联,丸安冈崎 vs 润梅尔青森,0-0,not reconstructed from future result,,,UNKNOWN,unknown,low,,PENDING_RESULT,,,
2026-10-04,3071110,V4,日足联,丸安冈崎 vs 润梅尔青森,0-0,not reconstructed from future result,,,UNKNOWN,unknown,low,,PENDING_RESULT,2026-10-04T10:07:42.469190+08:00,8b7f744d5c13453472fa,N
2026-10-04,3071111,V3,日足联,J利斯 vs 平田町,0-0,not reconstructed from future result,,,UNKNOWN,unknown,low,,PENDING_RESULT,,,
2026-10-04,3071111,V4,日足联,J利斯 vs 平田町,0-0,not reconstructed from future result,,,UNKNOWN,unknown,low,,PENDING_RESULT,2026-10-04T10:07:42.469190+08:00,46b96d35360171a39c9b,N
2026-10-04,3071112,V3,日足联,横滨体育 vs 新宿创造,,not reconstructed from future result,,,UNKNOWN,unknown,low,,PENDING_RESULT,,,
2026-10-04,3071112,V4,日足联,横滨体育 vs 新宿创造,,not reconstructed from future result,,,UNKNOWN,unknown,low,,PENDING_RESULT,2026-10-04T12:07:48.788371+08:00,91e8cbe952b694bacbcc,N
2026-10-04,3073303,V3,墨西乙,塞拉亚 vs 贾奎斯,,not reconstructed from future result,,,UNKNOWN,unknown,low,,PENDING_RESULT,,,
2026-10-04,3073303,V4,墨西乙,塞拉亚 vs 贾奎斯,,not reconstructed from future result,,,UNKNOWN,unknown,low,,PENDING_RESULT,2026-10-04T12:07:48.788371+08:00,b3aefeb9747dae35d2c0,
2026-10-04,3074339,V3,芬乙C降,TP-47托尔尼奥 vs 华渣高斯基,,not reconstructed from future result,,,UNKNOWN,unknown,low,,PENDING_RESULT,,,
2026-10-04,3074339,V4,芬乙C降,TP-47托尔尼奥 vs 华渣高斯基,,not reconstructed from future result,,,UNKNOWN,unknown,low,,PENDING_RESULT,2026-10-04T12:07:48.788371+08:00,94cd1bf2264b4cd5b5d9,N
2026-10-04,3075638,V3,法全乙,维米 vs 圣奥文奥蒙,,not reconstructed from future result,,,UNKNOWN,unknown,low,,PENDING_RESULT,,,
2026-10-04,3075638,V4,法全乙,维米 vs 圣奥文奥蒙,,not reconstructed from future result,,,UNKNOWN,unknown,low,,PENDING_RESULT,2026-10-04T12:07:48.788371+08:00,0cc1afa00721e4c5ae9d,
2026-10-04,3075639,V3,法全乙,南锡B队 vs APM梅斯,,not reconstructed from future result,,,UNKNOWN,unknown,low,,PENDING_RESULT,,,
2026-10-04,3075639,V4,法全乙,南锡B队 vs APM梅斯,,not reconstructed from future result,,,UNKNOWN,unknown,low,,PENDING_RESULT,2026-10-04T12:07:48.788371+08:00,99e25cca76973ccb2d73,
2026-10-04,3075641,V3,法全乙,史特拉斯堡B队 vs 索察B队,,not reconstructed from future result,,,UNKNOWN,unknown,low,,PENDING_RESULT,,,
2026-10-04,3075641,V4,法全乙,史特拉斯堡B队 vs 索察B队,,not reconstructed from future result,,,UNKNOWN,unknown,low,,PENDING_RESULT,2026-10-04T12:07:48.788371+08:00,2b367ca7185a40000f86,
2026-10-04,3075643,V3,法全乙,曼德里厄 vs 维利法兰SJB,,not reconstructed from future result,,,UNKNOWN,unknown,low,,PENDING_RESULT,,,
2026-10-04,3075643,V4,法全乙,曼德里厄 vs 维利法兰SJB,,not reconstructed from future result,,,UNKNOWN,unknown,low,,PENDING_RESULT,2026-10-04T12:07:48.788371+08:00,2d38eac1c96dbedb015a,
2026-10-04,3075644,V3,法全乙,LB沙托鲁B队 vs 圣吉纳维夫,,not reconstructed from future result,,,UNKNOWN,unknown,low,,PENDING_RESULT,,,
2026-10-04,3075644,V4,法全乙,LB沙托鲁B队 vs 圣吉纳维夫,,not reconstructed from future result,,,UNKNOWN,unknown,low,,PENDING_RESULT,2026-10-04T12:07:48.788371+08:00,b22fb66f1398293429de,
2026-10-04,3077264,V3,希腊甲,泰利普利斯B队 vs 卡迪沙斯,,not reconstructed from future result,,,UNKNOWN,unknown,low,,PENDING_RESULT,,,
2026-10-04,3077264,V4,希腊甲,泰利普利斯B队 vs 卡迪沙斯,,not reconstructed from future result,,,UNKNOWN,unknown,low,,PENDING_RESULT,2026-10-04T12:07:48.788371+08:00,c2d1a6828404736478e1,N
2026-10-04,3077266,V3,希腊甲,萨坚索斯 vs 卡拉玛里亚斯,,not reconstructed from future result,,,UNKNOWN,unknown,low,,PENDING_RESULT,,,
2026-10-04,3077266,V4,希腊甲,萨坚索斯 vs 卡拉玛里亚斯,,not reconstructed from future result,,,UNKNOWN,unknown,low,,PENDING_RESULT,2026-10-04T12:07:48.788371+08:00,f6ee4f7802290e78acd7,
2026-10-04,3077268,V3,希腊甲,皮尔戈斯 vs 帕尼奥尼奥斯,,not reconstructed from future result,,,UNKNOWN,unknown,low,,PENDING_RESULT,,,
2026-10-04,3077268,V4,希腊甲,皮尔戈斯 vs 帕尼奥尼奥斯,,not reconstructed from future result,,,UNKNOWN,unknown,low,,PENDING_RESULT,2026-10-04T09:58:08.993953+08:00,087f8587eca5927d3676,B
2026-10-04,3077269,V3,希腊甲,内斯托 vs 马尔科,,not reconstructed from future result,,,UNKNOWN,unknown,low,,PENDING_RESULT,,,
2026-10-04,3077269,V4,希腊甲,内斯托 vs 马尔科,,not reconstructed from future result,,,UNKNOWN,unknown,low,,PENDING_RESULT,2026-10-04T12:07:48.788371+08:00,d6d2ea0791a3983927ea,
2026-10-04,3077270,V3,希腊甲,塞萨洛尼基B队 vs 赫拉斯锡鲁,,not reconstructed from future result,,,UNKNOWN,unknown,low,,PENDING_RESULT,,,
2026-10-04,3077270,V4,希腊甲,塞萨洛尼基B队 vs 赫拉斯锡鲁,,not reconstructed from future result,,,UNKNOWN,unknown,low,,PENDING_RESULT,2026-10-04T12:07:48.788371+08:00,f88ffb4152b72be1d952,
2026-10-04,3077739,V3,西丁,埃拉维斯C队 vs 索杜沛,,not reconstructed from future result,,,UNKNOWN,unknown,low,,PENDING_RESULT,,,
2026-10-04,3077739,V4,西丁,埃拉维斯C队 vs 索杜沛,,not reconstructed from future result,,,UNKNOWN,unknown,low,,PENDING_RESULT,2026-10-04T12:07:48.788371+08:00,cc4103af941931fab68a,
2026-10-04,3077740,V3,西丁,艾慕瑞奥 vs 雷奥亚,,not reconstructed from future result,,,UNKNOWN,unknown,low,,PENDING_RESULT,,,
2026-10-04,3077740,V4,西丁,艾慕瑞奥 vs 雷奥亚,,not reconstructed from future result,,,UNKNOWN,unknown,low,,PENDING_RESULT,2026-10-04T12:07:48.788371+08:00,2095f781745f74362ecc,
2026-10-04,3077742,V3,西丁,CD迪里奥 vs 比亚沙圣,,not reconstructed from future result,,,UNKNOWN,unknown,low,,PENDING_RESULT,,,
2026-10-04,3077742,V4,西丁,CD迪里奥 vs 比亚沙圣,,not reconstructed from future result,,,UNKNOWN,unknown,low,,PENDING_RESULT,2026-10-04T12:07:48.788371+08:00,d763283f52932f7bf039,
2026-10-04,3077743,V3,西丁,埃瓦尔C队 vs 皇家社会C队,,not reconstructed from future result,,,UNKNOWN,unknown,low,,PENDING_RESULT,,,
2026-10-04,3077743,V4,西丁,埃瓦尔C队 vs 皇家社会C队,,not reconstructed from future result,,,UNKNOWN,unknown,low,,PENDING_RESULT,2026-10-04T12:07:48.788371+08:00,0cef2e1804aac62cd16e,
2026-10-04,3077746,V3,西丁,皇家联邦B队 vs 圣伊格纳西奥,,not reconstructed from future result,,,UNKNOWN,unknown,low,,PENDING_RESULT,,,
2026-10-04,3077746,V4,西丁,皇家联邦B队 vs 圣伊格纳西奥,,not reconstructed from future result,,,UNKNOWN,unknown,low,,PENDING_RESULT,2026-10-04T12:07:48.788371+08:00,db84df5f44c6c7990aa1,
2026-10-04,3078070,V3,西丁,托瑞琼恩CF vs 阿达维联,,not reconstructed from future result,,,UNKNOWN,unknown,low,,PENDING_RESULT,,,
2026-10-04,3078070,V4,西丁,托瑞琼恩CF vs 阿达维联,,not reconstructed from future result,,,UNKNOWN,unknown,low,,PENDING_RESULT,2026-10-04T12:07:48.788371+08:00,2374975c7e62fde6796b,
2026-10-04,3078071,V3,西丁,莫斯图勒士 vs 雷加利斯B队,,not reconstructed from future result,,,UNKNOWN,unknown,low,,PENDING_RESULT,,,
2026-10-04,3078071,V4,西丁,莫斯图勒士 vs 雷加利斯B队,,not reconstructed from future result,,,UNKNOWN,unknown,low,,PENDING_RESULT,2026-10-04T12:07:48.788371+08:00,2f2165ab6e91e5c96b8a,
2026-10-04,3078072,V3,西丁,科罗尼亚莫斯卡多 vs 波卒埃洛,,not reconstructed from future result,,,UNKNOWN,unknown,low,,PENDING_RESULT,,,
2026-10-04,3078072,V4,西丁,科罗尼亚莫斯卡多 vs 波卒埃洛,,not reconstructed from future result,,,UNKNOWN,unknown,low,,PENDING_RESULT,2026-10-04T12:07:48.788371+08:00,234423287f5c4d11b3a0,
2026-10-04,3078073,V3,西丁,富恩拉布雷达 vs 西耶洛,,not reconstructed from future result,,,UNKNOWN,unknown,low,,PENDING_RESULT,,,
2026-10-04,3078073,V4,西丁,富恩拉布雷达 vs 西耶洛,,not reconstructed from future result,,,UNKNOWN,unknown,low,,PENDING_RESULT,2026-10-04T12:07:48.788371+08:00,16aad3cc299d9b59c9fe,
2026-10-04,3078074,V3,西丁,CD 加拉帕加尔 vs 卡拉波苏埃洛,,not reconstructed from future result,,,UNKNOWN,unknown,low,,PENDING_RESULT,,,
2026-10-04,3078074,V4,西丁,CD 加拉帕加尔 vs 卡拉波苏埃洛,,not reconstructed from future result,,,UNKNOWN,unknown,low,,PENDING_RESULT,2026-10-04T09:58:08.993953+08:00,47afd9960a5636b81561,C
2026-10-04,3078076,V3,西丁,阿尔科文达斯 vs 华历简奴B队,,not reconstructed from future result,,,UNKNOWN,unknown,low,,PENDING_RESULT,,,
2026-10-04,3078076,V4,西丁,阿尔科文达斯 vs 华历简奴B队,,not reconstructed from future result,,,UNKNOWN,unknown,low,,PENDING_RESULT,2026-10-04T12:07:48.788371+08:00,bdd0c71717f66803b6b1,
2026-10-04,3078077,V3,西丁,圣瑟巴斯提安雷耶斯B队 vs 皇家阿安爵之,,not reconstructed from future result,,,UNKNOWN,unknown,low,,PENDING_RESULT,,,
2026-10-04,3078077,V4,西丁,圣瑟巴斯提安雷耶斯B队 vs 皇家阿安爵之,,not reconstructed from future result,,,UNKNOWN,unknown,low,,PENDING_RESULT,2026-10-04T12:07:48.788371+08:00,d9eb71026df6ff0f1167,
2026-10-04,3078078,V3,西丁,特里巴尔 vs 拉斯洛查斯,,not reconstructed from future result,,,UNKNOWN,unknown,low,,PENDING_RESULT,,,
2026-10-04,3078078,V4,西丁,特里巴尔 vs 拉斯洛查斯,,not reconstructed from future result,,,UNKNOWN,unknown,low,,PENDING_RESULT,2026-10-04T12:07:48.788371+08:00,49bdf77b0c985c1d6602,N
2026-10-04,3078385,V3,西丁,伊比萨岛 vs 缚汶特拉,,not reconstructed from future result,,,UNKNOWN,unknown,low,,PENDING_RESULT,,,
2026-10-04,3078385,V4,西丁,伊比萨岛 vs 缚汶特拉,,not reconstructed from future result,,,UNKNOWN,unknown,low,,PENDING_RESULT,2026-10-04T09:58:08.993953+08:00,affb17456bee52fa6e28,C
2026-10-04,3078386,V3,西丁,波雷雷斯 vs 桑塔尼,,not reconstructed from future result,,,UNKNOWN,unknown,low,,PENDING_RESULT,,,
2026-10-04,3078386,V4,西丁,波雷雷斯 vs 桑塔尼,,not reconstructed from future result,,,UNKNOWN,unknown,low,,PENDING_RESULT,2026-10-04T12:07:48.788371+08:00,906b1efc3450af2793b1,N
2026-10-04,3078388,V3,西丁,CD卡达斯亚 vs 阿库迪亚,,not reconstructed from future result,,,UNKNOWN,unknown,low,,PENDING_RESULT,,,
2026-10-04,3078388,V4,西丁,CD卡达斯亚 vs 阿库迪亚,,not reconstructed from future result,,,UNKNOWN,unknown,low,,PENDING_RESULT,2026-10-04T12:07:48.788371+08:00,ce8f69cfdd22ac3c716f,
2026-10-04,3078391,V3,西丁,PE圣约尔迪 vs 伊维萨国际,,not reconstructed from future result,,,UNKNOWN,unknown,low,,PENDING_RESULT,,,
2026-10-04,3078391,V4,西丁,PE圣约尔迪 vs 伊维萨国际,,not reconstructed from future result,,,UNKNOWN,unknown,low,,PENDING_RESULT,2026-10-04T12:07:48.788371+08:00,cc32512eaf3f1d44a747,
2026-10-04,3078694,V3,西丁,卡斯特洛 vs 特罗佩松,,not reconstructed from future result,,,UNKNOWN,unknown,low,,PENDING_RESULT,,,
2026-10-04,3078694,V4,西丁,卡斯特洛 vs 特罗佩松,,not reconstructed from future result,,,UNKNOWN,unknown,low,,PENDING_RESULT,2026-10-04T12:07:48.788371+08:00,bff2c1118e4ba7b84c5b,
2026-10-04,3078697,V3,西丁,塞莱阿 vs CD纳华,,not reconstructed from future result,,,UNKNOWN,unknown,low,,PENDING_RESULT,,,
2026-10-04,3078697,V4,西丁,塞莱阿 vs CD纳华,,not reconstructed from future result,,,UNKNOWN,unknown,low,,PENDING_RESULT,2026-10-04T12:07:48.788371+08:00,c98909046015807d5f46,
2026-10-04,3079011,V3,西丁,贝蒂加兹特 vs 多尼兹特贝,,not reconstructed from future result,,,UNKNOWN,unknown,low,,PENDING_RESULT,,,
2026-10-04,3079011,V4,西丁,贝蒂加兹特 vs 多尼兹特贝,,not reconstructed from future result,,,UNKNOWN,unknown,low,,PENDING_RESULT,2026-10-04T12:07:48.788371+08:00,f127e08debf3cc440c1c,
2026-10-04,3079014,V3,西丁,西尔波内罗 vs 木提维拉,,not reconstructed from future result,,,UNKNOWN,unknown,low,,PENDING_RESULT,,,
2026-10-04,3079014,V4,西丁,西尔波内罗 vs 木提维拉,,not reconstructed from future result,,,UNKNOWN,unknown,low,,PENDING_RESULT,2026-10-04T12:07:48.788371+08:00,b0db29ca3066321d23db,
2026-10-04,3079312,V3,西丁,马贝拉竞技 vs 特雷唐吉莫诺,,not reconstructed from future result,,,UNKNOWN,unknown,low,,PENDING_RESULT,,,
2026-10-04,3079312,V4,西丁,马贝拉竞技 vs 特雷唐吉莫诺,,not reconstructed from future result,,,UNKNOWN,unknown,low,,PENDING_RESULT,2026-10-04T12:07:48.788371+08:00,ef22465b938ded1fa315,
2026-10-04,3079313,V3,西丁,波库纳竞技 vs 丘里亚纳,,not reconstructed from future result,,,UNKNOWN,unknown,low,,PENDING_RESULT,,,
2026-10-04,3079313,V4,西丁,波库纳竞技 vs 丘里亚纳,,not reconstructed from future result,,,UNKNOWN,unknown,low,,PENDING_RESULT,2026-10-04T12:07:48.788371+08:00,c03759b9badb88184ec7,
2026-10-04,3079314,V3,西丁,唱诗班2017 vs 艾美利亚B队,,not reconstructed from future result,,,UNKNOWN,unknown,low,,PENDING_RESULT,,,
2026-10-04,3079314,V4,西丁,唱诗班2017 vs 艾美利亚B队,,not reconstructed from future result,,,UNKNOWN,unknown,low,,PENDING_RESULT,2026-10-04T12:07:48.788371+08:00,5f7b3fa8198309015876,
2026-10-04,3079315,V3,西丁,奥利诺 vs 美利拉,,not reconstructed from future result,,,UNKNOWN,unknown,low,,PENDING_RESULT,,,
2026-10-04,3079315,V4,西丁,奥利诺 vs 美利拉,,not reconstructed from future result,,,UNKNOWN,unknown,low,,PENDING_RESULT,2026-10-04T12:07:48.788371+08:00,79419f0cbf13cc0caef0,
2026-10-04,3079316,V3,西丁,CD休伊特 vs 拉曼恰竞技,,not reconstructed from future result,,,UNKNOWN,unknown,low,,PENDING_RESULT,,,
2026-10-04,3079316,V4,西丁,CD休伊特 vs 拉曼恰竞技,,not reconstructed from future result,,,UNKNOWN,unknown,low,,PENDING_RESULT,2026-10-04T12:07:48.788371+08:00,a1ed4533fa9c9cfc3059,
2026-10-04,3079318,V3,西丁,马拉加城 vs 马尔贝利,,not reconstructed from future result,,,UNKNOWN,unknown,low,,PENDING_RESULT,,,
2026-10-04,3079318,V4,西丁,马拉加城 vs 马尔贝利,,not reconstructed from future result,,,UNKNOWN,unknown,low,,PENDING_RESULT,2026-10-04T12:07:48.788371+08:00,b71081f471706392f2bd,
2026-10-04,3079319,V3,西丁,托雷德尔马 vs 阿米拉竞技,,not reconstructed from future result,,,UNKNOWN,unknown,low,,PENDING_RESULT,,,
2026-10-04,3079319,V4,西丁,托雷德尔马 vs 阿米拉竞技,,not reconstructed from future result,,,UNKNOWN,unknown,low,,PENDING_RESULT,2026-10-04T12:07:48.788371+08:00,717b26541aa4f8e3478d,
2026-10-04,3079320,V3,西丁,圣佩德鲁 vs 莫特里尔,,not reconstructed from future result,,,UNKNOWN,unknown,low,,PENDING_RESULT,,,
2026-10-04,3079320,V4,西丁,圣佩德鲁 vs 莫特里尔,,not reconstructed from future result,,,UNKNOWN,unknown,low,,PENDING_RESULT,2026-10-04T12:07:48.788371+08:00,3408a83528aa92d27d16,
2026-10-04,3079618,V3,西丁,阿甘西洛 vs 维安纳斯,,not reconstructed from future result,,,UNKNOWN,unknown,low,,PENDING_RESULT,,,
2026-10-04,3079618,V4,西丁,阿甘西洛 vs 维安纳斯,,not reconstructed from future result,,,UNKNOWN,unknown,low,,PENDING_RESULT,2026-10-04T12:07:48.788371+08:00,1fc94489a29a8402272a,
2026-10-04,3079619,V3,西丁,阿尔法罗 vs 卡拉贺拿,,not reconstructed from future result,,,UNKNOWN,unknown,low,,PENDING_RESULT,,,
2026-10-04,3079619,V4,西丁,阿尔法罗 vs 卡拉贺拿,,not reconstructed from future result,,,UNKNOWN,unknown,low,,PENDING_RESULT,2026-10-04T12:07:48.788371+08:00,4483ca74ed9f61008bd6,
2026-10-04,3079620,V3,西丁,卡拉桑西奥 vs 卡萨拉雷纳,,not reconstructed from future result,,,UNKNOWN,unknown,low,,PENDING_RESULT,,,
2026-10-04,3079620,V4,西丁,卡拉桑西奥 vs 卡萨拉雷纳,,not reconstructed from future result,,,UNKNOWN,unknown,low,,PENDING_RESULT,2026-10-04T12:07:48.788371+08:00,51deed2df7664979376e,
2026-10-04,3079621,V3,西丁,拉卡扎达 vs 科米利亚斯,,not reconstructed from future result,,,UNKNOWN,unknown,low,,PENDING_RESULT,,,
2026-10-04,3079621,V4,西丁,拉卡扎达 vs 科米利亚斯,,not reconstructed from future result,,,UNKNOWN,unknown,low,,PENDING_RESULT,2026-10-04T09:58:08.993953+08:00,2b5607751a320a361a7a,C
2026-10-04,3079622,V3,西丁,哈罗拉科鲁尼亚 vs 安吉亚诺,,not reconstructed from future result,,,UNKNOWN,unknown,low,,PENDING_RESULT,,,
2026-10-04,3079622,V4,西丁,哈罗拉科鲁尼亚 vs 安吉亚诺,,not reconstructed from future result,,,UNKNOWN,unknown,low,,PENDING_RESULT,2026-10-04T12:07:48.788371+08:00,56d6560a0900ba405207,
2026-10-04,3079623,V3,西丁,奥恩沙 vs 瓦瑞,,not reconstructed from future result,,,UNKNOWN,unknown,low,,PENDING_RESULT,,,
2026-10-04,3079623,V4,西丁,奥恩沙 vs 瓦瑞,,not reconstructed from future result,,,UNKNOWN,unknown,low,,PENDING_RESULT,2026-10-04T12:07:48.788371+08:00,1a748e952222716df380,
2026-10-04,3079624,V3,西丁,普拉德洪 vs 贝赛欧,,not reconstructed from future result,,,UNKNOWN,unknown,low,,PENDING_RESULT,,,
2026-10-04,3079624,V4,西丁,普拉德洪 vs 贝赛欧,,not reconstructed from future result,,,UNKNOWN,unknown,low,,PENDING_RESULT,2026-10-04T12:07:48.788371+08:00,aff6b13d0b9b37d7f691,
2026-10-04,3079625,V3,西丁,圣马西亚尔 vs 埃布罗河,,not reconstructed from future result,,,UNKNOWN,unknown,low,,PENDING_RESULT,,,
2026-10-04,3079625,V4,西丁,圣马西亚尔 vs 埃布罗河,,not reconstructed from future result,,,UNKNOWN,unknown,low,,PENDING_RESULT,2026-10-04T12:07:48.788371+08:00,e32d42777cad258b02f6,
2026-10-04,3079930,V3,西丁,莱万特体育会 vs 克维伦特,,not reconstructed from future result,,,UNKNOWN,unknown,low,,PENDING_RESULT,,,
2026-10-04,3079930,V4,西丁,莱万特体育会 vs 克维伦特,,not reconstructed from future result,,,UNKNOWN,unknown,low,,PENDING_RESULT,2026-10-04T09:58:08.993953+08:00,7dd95df492bf50b34750,C
2026-10-04,3079932,V3,西丁,奥丁恩 vs 维拉利尔C队,,not reconstructed from future result,,,UNKNOWN,unknown,low,,PENDING_RESULT,,,
2026-10-04,3079932,V4,西丁,奥丁恩 vs 维拉利尔C队,,not reconstructed from future result,,,UNKNOWN,unknown,low,,PENDING_RESULT,2026-10-04T12:07:48.788371+08:00,032af1e4538e09da48df,
2026-10-04,3079933,V3,西丁,萨古蒂诺 vs 尤铁尔,,not reconstructed from future result,,,UNKNOWN,unknown,low,,PENDING_RESULT,,,
2026-10-04,3079933,V4,西丁,萨古蒂诺 vs 尤铁尔,,not reconstructed from future result,,,UNKNOWN,unknown,low,,PENDING_RESULT,2026-10-04T12:07:48.788371+08:00,bfc6ddb2f01d56d4ad71,
2026-10-04,3079934,V3,西丁,乌德瓦尔德乌索 vs 阿齐纳塔,,not reconstructed from future result,,,UNKNOWN,unknown,low,,PENDING_RESULT,,,
2026-10-04,3079934,V4,西丁,乌德瓦尔德乌索 vs 阿齐纳塔,,not reconstructed from future result,,,UNKNOWN,unknown,low,,PENDING_RESULT,2026-10-04T12:07:48.788371+08:00,6c4124bdf468564582a0,
2026-10-04,3079935,V3,西丁,CD布诺尔 vs 托伦CF,,not reconstructed from future result,,,UNKNOWN,unknown,low,,PENDING_RESULT,,,
2026-10-04,3079935,V4,西丁,CD布诺尔 vs 托伦CF,,not reconstructed from future result,,,UNKNOWN,unknown,low,,PENDING_RESULT,2026-10-04T12:07:48.788371+08:00,7a9a29bc99a37a41225e,
2026-10-04,3080237,V3,西丁,宾比贝 vs 拉维根德尔卡米诺,,not reconstructed from future result,,,UNKNOWN,unknown,low,,PENDING_RESULT,,,
2026-10-04,3080237,V4,西丁,宾比贝 vs 拉维根德尔卡米诺,,not reconstructed from future result,,,UNKNOWN,unknown,low,,PENDING_RESULT,2026-10-04T12:07:48.788371+08:00,513cddcfcda9d2e9c7e3,
2026-10-04,3080241,V3,西丁,克瑞斯图竞技 vs 尤尼恩斯塔斯CF B,,not reconstructed from future result,,,UNKNOWN,unknown,low,,PENDING_RESULT,,,
2026-10-04,3080241,V4,西丁,克瑞斯图竞技 vs 尤尼恩斯塔斯CF B,,not reconstructed from future result,,,UNKNOWN,unknown,low,,PENDING_RESULT,2026-10-04T09:58:08.993953+08:00,ee20a8d76b5fbe64ee50,C
2026-10-04,3080243,V3,西丁,圣塔玛塔 vs 祖皮特尔里昂斯B队,,not reconstructed from future result,,,UNKNOWN,unknown,low,,PENDING_RESULT,,,
2026-10-04,3080243,V4,西丁,圣塔玛塔 vs 祖皮特尔里昂斯B队,,not reconstructed from future result,,,UNKNOWN,unknown,low,,PENDING_RESULT,2026-10-04T12:07:48.788371+08:00,e0e63888e812c4ea573d,
2026-10-04,3081081,V3,加纳超,阿杜亚纳 vs 斯韦德鲁全黑,,not reconstructed from future result,,,UNKNOWN,unknown,low,,PENDING_RESULT,,,
2026-10-04,3081081,V4,加纳超,阿杜亚纳 vs 斯韦德鲁全黑,,not reconstructed from future result,,,UNKNOWN,unknown,low,,PENDING_RESULT,2026-10-04T12:07:48.788371+08:00,9efcabb6a57835635e50,
2026-10-04,3081083,V3,加纳超,德比比联合 vs 梅德亚马,,not reconstructed from future result,,,UNKNOWN,unknown,low,,PENDING_RESULT,,,
2026-10-04,3081083,V4,加纳超,德比比联合 vs 梅德亚马,,not reconstructed from future result,,,UNKNOWN,unknown,low,,PENDING_RESULT,2026-10-04T12:07:48.788371+08:00,41e5fab1cccc07f674f7,
2026-10-04,3081085,V3,加纳超,狮心 vs 阿善提黄金,,not reconstructed from future result,,,UNKNOWN,unknown,low,,PENDING_RESULT,,,
2026-10-04,3081085,V4,加纳超,狮心 vs 阿善提黄金,,not reconstructed from future result,,,UNKNOWN,unknown,low,,PENDING_RESULT,2026-10-04T12:07:48.788371+08:00,47e5453cfdb58eddba51,
2026-10-04,3081086,V3,加纳超,巴萨克圣星 vs 贝切,,not reconstructed from future result,,,UNKNOWN,unknown,low,,PENDING_RESULT,,,
2026-10-04,3081086,V4,加纳超,巴萨克圣星 vs 贝切,,not reconstructed from future result,,,UNKNOWN,unknown,low,,PENDING_RESULT,2026-10-04T12:07:48.788371+08:00,9abeeadaa7a7fda19d3a,
2026-10-04,3081087,V3,加纳超,加纳波特 vs 贝克联,,not reconstructed from future result,,,UNKNOWN,unknown,low,,PENDING_RESULT,,,
2026-10-04,3081087,V4,加纳超,加纳波特 vs 贝克联,,not reconstructed from future result,,,UNKNOWN,unknown,low,,PENDING_RESULT,2026-10-04T12:07:48.788371+08:00,df2eeb29ff3e75c35cc9,
2026-10-04,3081088,V3,加纳超,萨马岛 vs 使徒青年人,,not reconstructed from future result,,,UNKNOWN,unknown,low,,PENDING_RESULT,,,
2026-10-04,3081088,V4,加纳超,萨马岛 vs 使徒青年人,,not reconstructed from future result,,,UNKNOWN,unknown,low,,PENDING_RESULT,2026-10-04T12:07:48.788371+08:00,dad886ee63fb5cdb230b,
2026-10-04,3081634,V3,尼日超,多玛联 vs 瓦里狼,,not reconstructed from future result,,,UNKNOWN,unknown,low,,PENDING_RESULT,,,
2026-10-04,3081634,V4,尼日超,多玛联 vs 瓦里狼,,not reconstructed from future result,,,UNKNOWN,unknown,low,,PENDING_RESULT,2026-10-04T12:07:48.788371+08:00,a8475b0c741412322056,
2026-10-04,3081635,V3,尼日超,班德尔 vs 巴拉乌,,not reconstructed from future result,,,UNKNOWN,unknown,low,,PENDING_RESULT,,,
2026-10-04,3081635,V4,尼日超,班德尔 vs 巴拉乌,,not reconstructed from future result,,,UNKNOWN,unknown,low,,PENDING_RESULT,2026-10-04T12:07:48.788371+08:00,d337816281256bb72cc5,
2026-10-04,3081636,V3,尼日超,安耶巴 vs 高原联,,not reconstructed from future result,,,UNKNOWN,unknown,low,,PENDING_RESULT,,,
2026-10-04,3081636,V4,尼日超,安耶巴 vs 高原联,,not reconstructed from future result,,,UNKNOWN,unknown,low,,PENDING_RESULT,2026-10-04T12:07:48.788371+08:00,2431493b7bc2114faa04,
2026-10-04,3081637,V3,尼日超,拉各斯 vs 卡齐纳联,,not reconstructed from future result,,,UNKNOWN,unknown,low,,PENDING_RESULT,,,
2026-10-04,3081637,V4,尼日超,拉各斯 vs 卡齐纳联,,not reconstructed from future result,,,UNKNOWN,unknown,low,,PENDING_RESULT,2026-10-04T12:07:48.788371+08:00,36ed46415477dab38f10,
2026-10-04,3081639,V3,尼日超,卡瓦拉联 vs 瑞切尔,,not reconstructed from future result,,,UNKNOWN,unknown,low,,PENDING_RESULT,,,
2026-10-04,3081639,V4,尼日超,卡瓦拉联 vs 瑞切尔,,not reconstructed from future result,,,UNKNOWN,unknown,low,,PENDING_RESULT,2026-10-04T12:07:48.788371+08:00,fdc9a46c4c24bf91afd2,
2026-10-04,3081640,V3,尼日超,尼日尔FC vs 昆哈里法特,,not reconstructed from future result,,,UNKNOWN,unknown,low,,PENDING_RESULT,,,
2026-10-04,3081640,V4,尼日超,尼日尔FC vs 昆哈里法特,,not reconstructed from future result,,,UNKNOWN,unknown,low,,PENDING_RESULT,2026-10-04T12:07:48.788371+08:00,e7d66187d790326b0347,
2026-10-04,3081641,V3,尼日超,埃努古流浪者 vs 阿比亚勇士,,not reconstructed from future result,,,UNKNOWN,unknown,low,,PENDING_RESULT,,,
2026-10-04,3081641,V4,尼日超,埃努古流浪者 vs 阿比亚勇士,,not reconstructed from future result,,,UNKNOWN,unknown,low,,PENDING_RESULT,2026-10-04T12:07:48.788371+08:00,5deb80a10708d4ae0967,
2026-10-04,3081642,V3,尼日超,流浪联 vs 伊科罗杜城FC,,not reconstructed from future result,,,UNKNOWN,unknown,low,,PENDING_RESULT,,,
2026-10-04,3081642,V4,尼日超,流浪联 vs 伊科罗杜城FC,,not reconstructed from future result,,,UNKNOWN,unknown,low,,PENDING_RESULT,2026-10-04T12:07:48.788371+08:00,77c5dfa7885e785edc9d,
2026-10-04,3081643,V3,尼日超,射击之星 vs 纳莎拉瓦,,not reconstructed from future result,,,UNKNOWN,unknown,low,,PENDING_RESULT,,,
2026-10-04,3081643,V4,尼日超,射击之星 vs 纳莎拉瓦,,not reconstructed from future result,,,UNKNOWN,unknown,low,,PENDING_RESULT,2026-10-04T12:07:48.788371+08:00,fe8420f44259b68ac252,
2026-10-04,3082000,V3,西丁,阿苏阿加 vs 瓜迪亚纳,,not reconstructed from future result,,,UNKNOWN,unknown,low,,PENDING_RESULT,,,
2026-10-04,3082000,V4,西丁,阿苏阿加 vs 瓜迪亚纳,,not reconstructed from future result,,,UNKNOWN,unknown,low,,PENDING_RESULT,2026-10-04T12:07:48.788371+08:00,1cd5897df74bf345ed22,
2026-10-04,3082001,V3,西丁,卡韦萨德尔布埃 vs 维拉洛尼斯,,not reconstructed from future result,,,UNKNOWN,unknown,low,,PENDING_RESULT,,,
2026-10-04,3082001,V4,西丁,卡韦萨德尔布埃 vs 维拉洛尼斯,,not reconstructed from future result,,,UNKNOWN,unknown,low,,PENDING_RESULT,2026-10-04T12:07:48.788371+08:00,969ef5379c0dc59d23e2,
2026-10-04,3082002,V3,西丁,谢利斯 vs 普拉森西亚,,not reconstructed from future result,,,UNKNOWN,unknown,low,,PENDING_RESULT,,,
2026-10-04,3082002,V4,西丁,谢利斯 vs 普拉森西亚,,not reconstructed from future result,,,UNKNOWN,unknown,low,,PENDING_RESULT,2026-10-04T12:07:48.788371+08:00,5a1c4bdfd7b04b4e674d,
2026-10-04,3082003,V3,西丁,勒伦塞 vs 桑塔阿玛利亚,,not reconstructed from future result,,,UNKNOWN,unknown,low,,PENDING_RESULT,,,
2026-10-04,3082003,V4,西丁,勒伦塞 vs 桑塔阿玛利亚,,not reconstructed from future result,,,UNKNOWN,unknown,low,,PENDING_RESULT,2026-10-04T12:07:48.788371+08:00,442445b1d990f44bad04,
2026-10-04,3082004,V3,西丁,蒙蒂霍 vs 查赖斯,,not reconstructed from future result,,,UNKNOWN,unknown,low,,PENDING_RESULT,,,
2026-10-04,3082004,V4,西丁,蒙蒂霍 vs 查赖斯,,not reconstructed from future result,,,UNKNOWN,unknown,low,,PENDING_RESULT,2026-10-04T12:07:48.788371+08:00,5fd1e845138c5d206461,
2026-10-04,3082005,V3,西丁,莫拉罗 vs CD格沃拉,,not reconstructed from future result,,,UNKNOWN,unknown,low,,PENDING_RESULT,,,
2026-10-04,3082005,V4,西丁,莫拉罗 vs CD格沃拉,,not reconstructed from future result,,,UNKNOWN,unknown,low,,PENDING_RESULT,2026-10-04T12:07:48.788371+08:00,dadcd306a8ff196dccaa,
2026-10-04,3082007,V3,西丁,CD昆塔纳 vs 卡斯图埃拉,,not reconstructed from future result,,,UNKNOWN,unknown,low,,PENDING_RESULT,,,
2026-10-04,3082007,V4,西丁,CD昆塔纳 vs 卡斯图埃拉,,not reconstructed from future result,,,UNKNOWN,unknown,low,,PENDING_RESULT,2026-10-04T12:07:48.788371+08:00,e614e5bb24fcd3d4352f,
2026-10-04,3082008,V3,西丁,SP维拉弗朗卡 vs 萨夫拉,,not reconstructed from future result,,,UNKNOWN,unknown,low,,PENDING_RESULT,,,
2026-10-04,3082008,V4,西丁,SP维拉弗朗卡 vs 萨夫拉,,not reconstructed from future result,,,UNKNOWN,unknown,low,,PENDING_RESULT,2026-10-04T12:07:48.788371+08:00,9d1824bfa45c6d102ecf,
2026-10-04,3082306,V3,西丁,安迪斯 vs 基杭印达斯特利亚,,not reconstructed from future result,,,UNKNOWN,unknown,low,,PENDING_RESULT,,,
2026-10-04,3082306,V4,西丁,安迪斯 vs 基杭印达斯特利亚,,not reconstructed from future result,,,UNKNOWN,unknown,low,,PENDING_RESULT,2026-10-04T12:07:48.788371+08:00,b92d440f1c3f0ad07987,
2026-10-04,3082307,V3,西丁,阿斯图尔 vs 莫斯科尼亚,,not reconstructed from future result,,,UNKNOWN,unknown,low,,PENDING_RESULT,,,
2026-10-04,3082307,V4,西丁,阿斯图尔 vs 莫斯科尼亚,,not reconstructed from future result,,,UNKNOWN,unknown,low,,PENDING_RESULT,2026-10-04T12:07:48.788371+08:00,91ca94869491d30bf241,
2026-10-04,3082308,V3,西丁,科瓦栋卡 vs 斯罗,,not reconstructed from future result,,,UNKNOWN,unknown,low,,PENDING_RESULT,,,
2026-10-04,3082308,V4,西丁,科瓦栋卡 vs 斯罗,,not reconstructed from future result,,,UNKNOWN,unknown,low,,PENDING_RESULT,2026-10-04T12:07:48.788371+08:00,383408f8173cb06a5b93,
2026-10-04,3082309,V3,西丁,希洪竞技B队 vs 兰格勒奥,,not reconstructed from future result,,,UNKNOWN,unknown,low,,PENDING_RESULT,,,
2026-10-04,3082309,V4,西丁,希洪竞技B队 vs 兰格勒奥,,not reconstructed from future result,,,UNKNOWN,unknown,low,,PENDING_RESULT,2026-10-04T09:58:08.993953+08:00,8b72b21d0e30df1212ec,C
2026-10-04,3082310,V3,西丁,利阿达 vs 阿维莱斯体育场,,not reconstructed from future result,,,UNKNOWN,unknown,low,,PENDING_RESULT,,,
2026-10-04,3082310,V4,西丁,利阿达 vs 阿维莱斯体育场,,not reconstructed from future result,,,UNKNOWN,unknown,low,,PENDING_RESULT,2026-10-04T09:58:08.993953+08:00,ab4e2dc8f41c821e4363,C
2026-10-04,3082312,V3,西丁,利亚内斯 vs 空达,,not reconstructed from future result,,,UNKNOWN,unknown,low,,PENDING_RESULT,,,
2026-10-04,3082312,V4,西丁,利亚内斯 vs 空达,,not reconstructed from future result,,,UNKNOWN,unknown,low,,PENDING_RESULT,2026-10-04T12:07:48.788371+08:00,2c78b5ddf0171f5dab51,
2026-10-04,3082313,V3,西丁,帕拉维亚诺 vs 考达尔,,not reconstructed from future result,,,UNKNOWN,unknown,low,,PENDING_RESULT,,,
2026-10-04,3082313,V4,西丁,帕拉维亚诺 vs 考达尔,,not reconstructed from future result,,,UNKNOWN,unknown,low,,PENDING_RESULT,2026-10-04T12:07:48.788371+08:00,c4234e8aba02dd58bf5c,
2026-10-04,3082588,V3,俄乙B南升,阿克伦托格里蒂B队 vs 巴尔瑙尔迪纳摩,,not reconstructed from future result,,,UNKNOWN,unknown,low,,PENDING_RESULT,,,
2026-10-04,3082588,V4,俄乙B南升,阿克伦托格里蒂B队 vs 巴尔瑙尔迪纳摩,,not reconstructed from future result,,,UNKNOWN,unknown,low,,PENDING_RESULT,2026-10-04T12:07:48.788371+08:00,903466b5dc2d5305cf6c,
2026-10-04,3082589,V3,俄乙B南升,KDV托木斯克 vs 迪沙辛斯克,,not reconstructed from future result,,,UNKNOWN,unknown,low,,PENDING_RESULT,,,
2026-10-04,3082589,V4,俄乙B南升,KDV托木斯克 vs 迪沙辛斯克,,not reconstructed from future result,,,UNKNOWN,unknown,low,,PENDING_RESULT,2026-10-04T12:07:48.788371+08:00,623c5e1dd0d16e1157a2,
2026-10-04,3082590,V3,俄乙B南升,下诺夫哥罗德胜利 vs 苏维埃之翼B队,,not reconstructed from future result,,,UNKNOWN,unknown,low,,PENDING_RESULT,,,
2026-10-04,3082590,V4,俄乙B南升,下诺夫哥罗德胜利 vs 苏维埃之翼B队,,not reconstructed from future result,,,UNKNOWN,unknown,low,,PENDING_RESULT,2026-10-04T12:07:48.788371+08:00,4a5cd9ecb27e05349434,
2026-10-04,3082615,V3,俄乙B南降,FK泽尼特伊热夫斯克 vs 奥伦堡B队,,not reconstructed from future result,,,UNKNOWN,unknown,low,,PENDING_RESULT,,,
2026-10-04,3082615,V4,俄乙B南降,FK泽尼特伊热夫斯克 vs 奥伦堡B队,,not reconstructed from future result,,,UNKNOWN,unknown,low,,PENDING_RESULT,2026-10-04T12:07:48.788371+08:00,a7df7ded5bf52d7d4b87,
2026-10-04,3082616,V3,俄乙B南降,卡山鲁宾B队 vs 切亚宾斯克B队,,not reconstructed from future result,,,UNKNOWN,unknown,low,,PENDING_RESULT,,,
2026-10-04,3082616,V4,俄乙B南降,卡山鲁宾B队 vs 切亚宾斯克B队,,not reconstructed from future result,,,UNKNOWN,unknown,low,,PENDING_RESULT,2026-10-04T12:07:48.788371+08:00,1f0eba0efc441c842037,
2026-10-04,3082617,V3,俄乙B南降,乌拉尔B队 vs 诺斯塔,,not reconstructed from future result,,,UNKNOWN,unknown,low,,PENDING_RESULT,,,
2026-10-04,3082617,V4,俄乙B南降,乌拉尔B队 vs 诺斯塔,,not reconstructed from future result,,,UNKNOWN,unknown,low,,PENDING_RESULT,2026-10-04T12:07:48.788371+08:00,76ea2d847276f5df3138,
2026-10-04,3082680,V3,西丁,昂本斯竞技 vs 萨雷斯竞技,,not reconstructed from future result,,,UNKNOWN,unknown,low,,PENDING_RESULT,,,
2026-10-04,3082680,V4,西丁,昂本斯竞技 vs 萨雷斯竞技,,not reconstructed from future result,,,UNKNOWN,unknown,low,,PENDING_RESULT,2026-10-04T12:07:48.788371+08:00,f6522c070fbe9961d6f2,
2026-10-04,3082681,V3,西丁,乌特雷拉 vs 卡迪斯B队,,not reconstructed from future result,,,UNKNOWN,unknown,low,,PENDING_RESULT,,,
2026-10-04,3082681,V4,西丁,乌特雷拉 vs 卡迪斯B队,,not reconstructed from future result,,,UNKNOWN,unknown,low,,PENDING_RESULT,2026-10-04T12:07:48.788371+08:00,069f1d1681dc9d99340d,
2026-10-04,3082682,V3,西丁,奇克拉纳 vs 塞维利亚C队,,not reconstructed from future result,,,UNKNOWN,unknown,low,,PENDING_RESULT,,,
2026-10-04,3082682,V4,西丁,奇克拉纳 vs 塞维利亚C队,,not reconstructed from future result,,,UNKNOWN,unknown,low,,PENDING_RESULT,2026-10-04T09:58:08.993953+08:00,150ced2930ce811425fd,C
2026-10-04,3082683,V3,西丁,科尼尔CF vs 科尔多瓦B队,,not reconstructed from future result,,,UNKNOWN,unknown,low,,PENDING_RESULT,,,
2026-10-04,3082683,V4,西丁,科尼尔CF vs 科尔多瓦B队,,not reconstructed from future result,,,UNKNOWN,unknown,low,,PENDING_RESULT,2026-10-04T12:07:48.788371+08:00,63725305fa57c3f4f858,
2026-10-04,3082685,V3,西丁,CD埃加布伦斯 vs 波卢洛斯CF,,not reconstructed from future result,,,UNKNOWN,unknown,low,,PENDING_RESULT,,,
2026-10-04,3082685,V4,西丁,CD埃加布伦斯 vs 波卢洛斯CF,,not reconstructed from future result,,,UNKNOWN,unknown,low,,PENDING_RESULT,2026-10-04T12:07:48.788371+08:00,122ca27f371b3cccdcb6,
2026-10-04,3082686,V3,西丁,坡左布朗科 vs 林恩斯,,not reconstructed from future result,,,UNKNOWN,unknown,low,,PENDING_RESULT,,,
2026-10-04,3082686,V4,西丁,坡左布朗科 vs 林恩斯,,not reconstructed from future result,,,UNKNOWN,unknown,low,,PENDING_RESULT,2026-10-04T12:07:48.788371+08:00,32d873134ed011c7d620,
2026-10-04,3082687,V3,西丁,圣洛克 vs 皇家贝蒂斯C队,,not reconstructed from future result,,,UNKNOWN,unknown,low,,PENDING_RESULT,,,
2026-10-04,3082687,V4,西丁,圣洛克 vs 皇家贝蒂斯C队,,not reconstructed from future result,,,UNKNOWN,unknown,low,,PENDING_RESULT,2026-10-04T12:07:48.788371+08:00,b091846fc66b51fbf055,
2026-10-04,3082688,V3,西丁,托马雷斯 vs 波特恩,,not reconstructed from future result,,,UNKNOWN,unknown,low,,PENDING_RESULT,,,
2026-10-04,3082688,V4,西丁,托马雷斯 vs 波特恩,,not reconstructed from future result,,,UNKNOWN,unknown,low,,PENDING_RESULT,2026-10-04T12:07:48.788371+08:00,51e3a85d9ba90cb77af7,
2026-10-04,3082986,V3,西协乙4,中央竞技队 vs 力纳雷斯体育会,,not reconstructed from future result,,,UNKNOWN,unknown,low,,PENDING_RESULT,,,
2026-10-04,3082986,V4,西协乙4,中央竞技队 vs 力纳雷斯体育会,,not reconstructed from future result,,,UNKNOWN,unknown,low,,PENDING_RESULT,2026-10-04T12:07:48.788371+08:00,78870e577e52761ab91d,N
2026-10-04,3082988,V3,西协乙4,卢辛纳 vs 蓬特赫尼尔,,not reconstructed from future result,,,UNKNOWN,unknown,low,,PENDING_RESULT,,,
2026-10-04,3082988,V4,西协乙4,卢辛纳 vs 蓬特赫尼尔,,not reconstructed from future result,,,UNKNOWN,unknown,low,,PENDING_RESULT,2026-10-04T12:07:48.788371+08:00,d30d734fbd7b90d4edf5,N
2026-10-04,3082989,V3,西协乙4,马贝尔拉 vs 皇家贝蒂斯B队,,not reconstructed from future result,,,UNKNOWN,unknown,low,,PENDING_RESULT,,,
2026-10-04,3082989,V4,西协乙4,马贝尔拉 vs 皇家贝蒂斯B队,,not reconstructed from future result,,,UNKNOWN,unknown,low,,PENDING_RESULT,2026-10-04T09:58:08.993953+08:00,c0dc99edbc8cdb72f25f,B
2026-10-04,3082990,V3,西协乙4,维尔瓦 vs 拉斯彭马斯竞技,,not reconstructed from future result,,,UNKNOWN,unknown,low,,PENDING_RESULT,,,
2026-10-04,3082990,V4,西协乙4,维尔瓦 vs 拉斯彭马斯竞技,,not reconstructed from future result,,,UNKNOWN,unknown,low,,PENDING_RESULT,2026-10-04T09:58:08.993953+08:00,ae1865f2e57f80ef268a,B
2026-10-04,3082991,V3,西协乙4,桑鲁玖诺 vs 拉斯拉古纳斯,,not reconstructed from future result,,,UNKNOWN,unknown,low,,PENDING_RESULT,,,
2026-10-04,3082991,V4,西协乙4,桑鲁玖诺 vs 拉斯拉古纳斯,,not reconstructed from future result,,,UNKNOWN,unknown,low,,PENDING_RESULT,2026-10-04T09:58:08.993953+08:00,15e294092a3a74c7d76e,B
2026-10-04,3082992,V3,西协乙4,塞维利亚体育会 vs 巴达祖斯,,not reconstructed from future result,,,UNKNOWN,unknown,low,,PENDING_RESULT,,,
2026-10-04,3082992,V4,西协乙4,塞维利亚体育会 vs 巴达祖斯,,not reconstructed from future result,,,UNKNOWN,unknown,low,,PENDING_RESULT,2026-10-04T09:58:08.993953+08:00,a9c2cecbf7e82b884931,C
2026-10-04,3082993,V3,西协乙4,塔玛拉赛特 vs 安东亚诺,,not reconstructed from future result,,,UNKNOWN,unknown,low,,PENDING_RESULT,,,
2026-10-04,3082993,V4,西协乙4,塔玛拉赛特 vs 安东亚诺,,not reconstructed from future result,,,UNKNOWN,unknown,low,,PENDING_RESULT,2026-10-04T12:07:48.788371+08:00,d3cd9544b1270b0e487a,N
2026-10-04,3082994,V3,西协乙4,萨雷斯 vs 特内里费B队,,not reconstructed from future result,,,UNKNOWN,unknown,low,,PENDING_RESULT,,,
2026-10-04,3082994,V4,西协乙4,萨雷斯 vs 特内里费B队,,not reconstructed from future result,,,UNKNOWN,unknown,low,,PENDING_RESULT,2026-10-04T09:58:08.993953+08:00,1220fdeae8ed42ef0a6e,C
2026-10-04,3083292,V3,西协乙2,阿尔内多 vs 伊波罗,,not reconstructed from future result,,,UNKNOWN,unknown,low,,PENDING_RESULT,,,
2026-10-04,3083292,V4,西协乙2,阿尔内多 vs 伊波罗,,not reconstructed from future result,,,UNKNOWN,unknown,low,,PENDING_RESULT,2026-10-04T09:58:08.993953+08:00,3f72562b30eee74bfc9c,B
2026-10-04,3083293,V3,西协乙2,巴巴斯托 vs 乌特波,,not reconstructed from future result,,,UNKNOWN,unknown,low,,PENDING_RESULT,,,
2026-10-04,3083293,V4,西协乙2,巴巴斯托 vs 乌特波,,not reconstructed from future result,,,UNKNOWN,unknown,low,,PENDING_RESULT,2026-10-04T12:07:48.788371+08:00,c3673ebb80b9bc243893,N
2026-10-04,3083295,V3,西协乙2,奥萨苏纳B队 vs 卡拉莫查,,not reconstructed from future result,,,UNKNOWN,unknown,low,,PENDING_RESULT,,,
2026-10-04,3083295,V4,西协乙2,奥萨苏纳B队 vs 卡拉莫查,,not reconstructed from future result,,,UNKNOWN,unknown,low,,PENDING_RESULT,2026-10-04T12:07:48.788371+08:00,370aa98b65a8cbb44e23,N
2026-10-04,3083297,V3,西协乙2,列乌斯 vs CE曼雷萨,,not reconstructed from future result,,,UNKNOWN,unknown,low,,PENDING_RESULT,,,
2026-10-04,3083297,V4,西协乙2,列乌斯 vs CE曼雷萨,,not reconstructed from future result,,,UNKNOWN,unknown,low,,PENDING_RESULT,2026-10-04T09:58:08.993953+08:00,5654c78eba92625c59a8,C
2026-10-04,3083298,V3,西协乙2,泰拿沙 vs 赫罗纳B队,,not reconstructed from future result,,,UNKNOWN,unknown,low,,PENDING_RESULT,,,
2026-10-04,3083298,V4,西协乙2,泰拿沙 vs 赫罗纳B队,,not reconstructed from future result,,,UNKNOWN,unknown,low,,PENDING_RESULT,2026-10-04T12:07:48.788371+08:00,f1f980e307f90da67f35,N
2026-10-04,3083299,V3,西协乙2,图德拉诺 vs 巴塞罗那B队,,not reconstructed from future result,,,UNKNOWN,unknown,low,,PENDING_RESULT,,,
2026-10-04,3083299,V4,西协乙2,图德拉诺 vs 巴塞罗那B队,,not reconstructed from future result,,,UNKNOWN,unknown,low,,PENDING_RESULT,2026-10-04T09:58:08.993953+08:00,7a5ff28f7be314cf9099,B
2026-10-04,3083300,V3,西协乙2,UD洛哥尼斯B vs 奥洛特,,not reconstructed from future result,,,UNKNOWN,unknown,low,,PENDING_RESULT,,,
2026-10-04,3083300,V4,西协乙2,UD洛哥尼斯B vs 奥洛特,,not reconstructed from future result,,,UNKNOWN,unknown,low,,PENDING_RESULT,2026-10-04T12:07:48.788371+08:00,d80dc810c878a9b4f6e8,N
2026-10-04,3083599,V3,西协乙5,马德里体育会C队 vs 干昆斯,,not reconstructed from future result,,,UNKNOWN,unknown,low,,PENDING_RESULT,,,
2026-10-04,3083599,V4,西协乙5,马德里体育会C队 vs 干昆斯,,not reconstructed from future result,,,UNKNOWN,unknown,low,,PENDING_RESULT,2026-10-04T09:58:08.993953+08:00,ba017f9b588c315b7b9a,B
2026-10-04,3083600,V3,西协乙5,托尔德西利亚斯 vs 叁蔓堤罗,,not reconstructed from future result,,,UNKNOWN,unknown,low,,PENDING_RESULT,,,
2026-10-04,3083600,V4,西协乙5,托尔德西利亚斯 vs 叁蔓堤罗,,not reconstructed from future result,,,UNKNOWN,unknown,low,,PENDING_RESULT,2026-10-04T09:58:08.993953+08:00,9bddf62b6b1cf3691086,C
2026-10-04,3083602,V3,西协乙5,赫塔菲B队 vs 努曼西亚,,not reconstructed from future result,,,UNKNOWN,unknown,low,,PENDING_RESULT,,,
2026-10-04,3083602,V4,西协乙5,赫塔菲B队 vs 努曼西亚,,not reconstructed from future result,,,UNKNOWN,unknown,low,,PENDING_RESULT,2026-10-04T09:58:08.993953+08:00,be25734974e60be91abb,B
2026-10-04,3083604,V3,西协乙5,艾卡拉亨拿利斯 vs 纳华尔卡内罗,,not reconstructed from future result,,,UNKNOWN,unknown,low,,PENDING_RESULT,,,
2026-10-04,3083604,V4,西协乙5,艾卡拉亨拿利斯 vs 纳华尔卡内罗,,not reconstructed from future result,,,UNKNOWN,unknown,low,,PENDING_RESULT,2026-10-04T12:07:48.788371+08:00,326c1a212b1065afd111,N
2026-10-04,3083605,V3,西协乙5,圣瑟巴斯提安雷耶斯 vs 皇家阿维拉,,not reconstructed from future result,,,UNKNOWN,unknown,low,,PENDING_RESULT,,,
2026-10-04,3083605,V4,西协乙5,圣瑟巴斯提安雷耶斯 vs 皇家阿维拉,,not reconstructed from future result,,,UNKNOWN,unknown,low,,PENDING_RESULT,2026-10-04T09:58:08.993953+08:00,85eb6f944c787e1a96c9,B
2026-10-04,3083606,V3,西协乙5,巴拉多利德B队 vs 普尔托兰诺,,not reconstructed from future result,,,UNKNOWN,unknown,low,,PENDING_RESULT,,,
2026-10-04,3083606,V4,西协乙5,巴拉多利德B队 vs 普尔托兰诺,,not reconstructed from future result,,,UNKNOWN,unknown,low,,PENDING_RESULT,2026-10-04T09:58:08.993953+08:00,a3726fc8a1f311c4a905,C
2026-10-04,3084341,V3,港联杯,九龙城 vs 东区,,not reconstructed from future result,,,UNKNOWN,unknown,low,,PENDING_RESULT,2026-10-04T09:02:52+08:00,43231a9b4c16df0f5c09,可投
2026-10-04,3084341,V4,港联杯,九龙城 vs 东区,,not reconstructed from future result,,,UNKNOWN,unknown,low,,PENDING_RESULT,2026-10-04T09:58:08.993953+08:00,f25e8b1c94ac35222d1d,B
2026-10-04,3084342,V3,港联杯,标准流浪 vs 和富大埔,,not reconstructed from future result,,,UNKNOWN,unknown,low,,PENDING_RESULT,2026-10-04T09:02:52+08:00,bbd0de1f3a9b20673278,可投
2026-10-04,3084342,V4,港联杯,标准流浪 vs 和富大埔,,not reconstructed from future result,,,UNKNOWN,unknown,low,,PENDING_RESULT,2026-10-04T09:58:08.993953+08:00,c4ed77dad009d2bb8eb3,B
2026-10-04,3086197,V3,印尼甲,巴日托 vs 帕森拉,,not reconstructed from future result,,,UNKNOWN,unknown,low,,PENDING_RESULT,,,
2026-10-04,3086197,V4,印尼甲,巴日托 vs 帕森拉,,not reconstructed from future result,,,UNKNOWN,unknown,low,,PENDING_RESULT,2026-10-04T09:58:08.993953+08:00,7756825bc9892b94b92a,B
2026-10-04,3086198,V3,印尼甲,德尔特雷斯 vs 巴厘巴板,,not reconstructed from future result,,,UNKNOWN,unknown,low,,PENDING_RESULT,,,
2026-10-04,3086198,V4,印尼甲,德尔特雷斯 vs 巴厘巴板,,not reconstructed from future result,,,UNKNOWN,unknown,low,,PENDING_RESULT,2026-10-04T09:58:08.993953+08:00,e27ef159f59e3073281a,B
2026-10-04,3086199,V3,印尼甲,塞曼巴东 vs 北干巴鲁,,not reconstructed from future result,,,UNKNOWN,unknown,low,,PENDING_RESULT,,,
2026-10-04,3086199,V4,印尼甲,塞曼巴东 vs 北干巴鲁,,not reconstructed from future result,,,UNKNOWN,unknown,low,,PENDING_RESULT,2026-10-04T09:58:08.993953+08:00,2e5016dade1ed8e5d519,B
2026-10-04,3086984,V3,女日联杯,新泻天鹅女足 vs 大阪樱花女足,0-0,not reconstructed from future result,,,UNKNOWN,unknown,low,,PENDING_RESULT,2026-10-04T10:07:41+08:00,a05c5de2dbd9333c772e,不投
2026-10-04,3086984,V4,女日联杯,新泻天鹅女足 vs 大阪樱花女足,0-0,not reconstructed from future result,,,UNKNOWN,unknown,low,,PENDING_RESULT,2026-10-04T10:07:42.469190+08:00,df91038bbc2a18154172,N
2026-10-04,3086985,V3,女日联杯,伊分埼玉女足 vs 千叶市原女足,0-0,not reconstructed from future result,,,UNKNOWN,unknown,low,,PENDING_RESULT,2026-10-04T10:07:41+08:00,06fa3894f33d7dd491ec,不投
2026-10-04,3086985,V4,女日联杯,伊分埼玉女足 vs 千叶市原女足,0-0,not reconstructed from future result,,,UNKNOWN,unknown,low,,PENDING_RESULT,2026-10-04T09:58:08.993953+08:00,47c1b9e32a678c25c772,C
2026-10-04,3086986,V3,女日联杯,野岛斯特拉女足 vs RB大宫松鼠女足,0-0,not reconstructed from future result,,,UNKNOWN,unknown,low,,PENDING_RESULT,2026-10-04T12:07:48+08:00,3530a8546f47af487978,不投
2026-10-04,3086986,V4,女日联杯,野岛斯特拉女足 vs RB大宫松鼠女足,0-0,not reconstructed from future result,,,UNKNOWN,unknown,low,,PENDING_RESULT,2026-10-04T12:07:48.788371+08:00,fd3030eb5e49f5126f54,N
2026-10-04,3087020,V3,香港甲,中西区 vs 晋峰足球会,,not reconstructed from future result,,,UNKNOWN,unknown,low,,PENDING_RESULT,,,
2026-10-04,3087020,V4,香港甲,中西区 vs 晋峰足球会,,not reconstructed from future result,,,UNKNOWN,unknown,low,,PENDING_RESULT,2026-10-04T12:07:48.788371+08:00,44f847417bf2a1830608,
2026-10-04,3087021,V3,香港甲,凯景 vs 腾翱,,not reconstructed from future result,,,UNKNOWN,unknown,low,,PENDING_RESULT,,,
2026-10-04,3087021,V4,香港甲,凯景 vs 腾翱,,not reconstructed from future result,,,UNKNOWN,unknown,low,,PENDING_RESULT,2026-10-04T12:07:48.788371+08:00,b86b8e78e753fe3fd8e4,
2026-10-04,3087022,V3,香港甲,公民 vs 天行元朗,,not reconstructed from future result,,,UNKNOWN,unknown,low,,PENDING_RESULT,,,
2026-10-04,3087022,V4,香港甲,公民 vs 天行元朗,,not reconstructed from future result,,,UNKNOWN,unknown,low,,PENDING_RESULT,2026-10-04T12:07:48.788371+08:00,f01f4938d0eef2efe8a7,
2026-10-04,3087023,V3,香港甲,深水埗 vs 领峰足球会,,not reconstructed from future result,,,UNKNOWN,unknown,low,,PENDING_RESULT,,,
2026-10-04,3087023,V4,香港甲,深水埗 vs 领峰足球会,,not reconstructed from future result,,,UNKNOWN,unknown,low,,PENDING_RESULT,2026-10-04T12:07:48.788371+08:00,43808af99ca562c7d829,
2026-10-04,3087024,V3,香港甲,南华 vs 东升,,not reconstructed from future result,,,UNKNOWN,unknown,low,,PENDING_RESULT,,,
2026-10-04,3087024,V4,香港甲,南华 vs 东升,,not reconstructed from future result,,,UNKNOWN,unknown,low,,PENDING_RESULT,2026-10-04T12:07:48.788371+08:00,2c5bbb9aa8dd4e2bfef3,
2026-10-04,3087025,V3,香港甲,和富社企 vs 三星FC,,not reconstructed from future result,,,UNKNOWN,unknown,low,,PENDING_RESULT,,,
2026-10-04,3087025,V4,香港甲,和富社企 vs 三星FC,,not reconstructed from future result,,,UNKNOWN,unknown,low,,PENDING_RESULT,2026-10-04T12:07:48.788371+08:00,95c883bcc89d50a88ce2,
2026-10-04,3087026,V3,香港甲,浩运 vs 宏辉驹腾,,not reconstructed from future result,,,UNKNOWN,unknown,low,,PENDING_RESULT,,,
2026-10-04,3087026,V4,香港甲,浩运 vs 宏辉驹腾,,not reconstructed from future result,,,UNKNOWN,unknown,low,,PENDING_RESULT,2026-10-04T12:07:48.788371+08:00,7094ad58f6cb56e453bb,
2026-10-04,3087365,V3,中U21,陕西联合U21 vs 上海申花U21,,not reconstructed from future result,,,UNKNOWN,unknown,low,,PENDING_RESULT,,,
2026-10-04,3087365,V4,中U21,陕西联合U21 vs 上海申花U21,,not reconstructed from future result,,,UNKNOWN,unknown,low,,PENDING_RESULT,2026-10-04T12:07:48.788371+08:00,f8f4c92def1d2844c0c7,
2026-10-04,3087367,V3,中U21,湖北青年星U21 vs 山东泰山U21,,not reconstructed from future result,,,UNKNOWN,unknown,low,,PENDING_RESULT,,,
2026-10-04,3087367,V4,中U21,湖北青年星U21 vs 山东泰山U21,,not reconstructed from future result,,,UNKNOWN,unknown,low,,PENDING_RESULT,2026-10-04T12:07:48.788371+08:00,4a27fb4dbcd2aa663a14,
2026-10-04,3088411,V3,西室内足,埃西多室内足球队 vs MRA纳瓦拉室内足球队,,not reconstructed from future result,,,UNKNOWN,unknown,low,,PENDING_RESULT,,,
2026-10-04,3088411,V4,西室内足,埃西多室内足球队 vs MRA纳瓦拉室内足球队,,not reconstructed from future result,,,UNKNOWN,unknown,low,,PENDING_RESULT,2026-10-04T12:07:48.788371+08:00,1cb805236d0755df0cd8,
2026-10-04,3088415,V3,西室内足,新阿波斯托利门室内足球队 vs FC巴塞罗那室内足球队,,not reconstructed from future result,,,UNKNOWN,unknown,low,,PENDING_RESULT,,,
2026-10-04,3088415,V4,西室内足,新阿波斯托利门室内足球队 vs FC巴塞罗那室内足球队,,not reconstructed from future result,,,UNKNOWN,unknown,low,,PENDING_RESULT,2026-10-04T12:07:48.788371+08:00,190a3ccc179ba3f04579,
2026-10-04,3088635,V3,法女甲,弗勒里91女足 vs 巴黎圣日耳曼女足,,not reconstructed from future result,,,UNKNOWN,unknown,low,,PENDING_RESULT,,,
2026-10-04,3088635,V4,法女甲,弗勒里91女足 vs 巴黎圣日耳曼女足,,not reconstructed from future result,,,UNKNOWN,unknown,low,,PENDING_RESULT,2026-10-04T09:58:08.993953+08:00,431bf3750a6e4c8d90ac,B
2026-10-04,3089010,V3,蒙古超,中央骏马 vs 西部科布多,,not reconstructed from future result,,,UNKNOWN,unknown,low,,PENDING_RESULT,,,
2026-10-04,3089010,V4,蒙古超,中央骏马 vs 西部科布多,,not reconstructed from future result,,,UNKNOWN,unknown,low,,PENDING_RESULT,2026-10-04T12:07:48.788371+08:00,2aef1063735d5a14296d,
2026-10-04,3089011,V3,蒙古超,德仁FC vs 科布多,,not reconstructed from future result,,,UNKNOWN,unknown,low,,PENDING_RESULT,,,
2026-10-04,3089011,V4,蒙古超,德仁FC vs 科布多,,not reconstructed from future result,,,UNKNOWN,unknown,low,,PENDING_RESULT,2026-10-04T12:07:48.788371+08:00,c2819971cf735ad217b8,
2026-10-04,3089242,V3,伊朗甲,谢纳瓦尔格什姆 vs 瓦尔扎甘,,not reconstructed from future result,,,UNKNOWN,unknown,low,,PENDING_RESULT,,,
2026-10-04,3089242,V4,伊朗甲,谢纳瓦尔格什姆 vs 瓦尔扎甘,,not reconstructed from future result,,,UNKNOWN,unknown,low,,PENDING_RESULT,2026-10-04T12:07:48.788371+08:00,2f1752baddb97cd6f41a,
2026-10-04,3089243,V3,伊朗甲,加奇萨兰 vs 弗兰德诺维,,not reconstructed from future result,,,UNKNOWN,unknown,low,,PENDING_RESULT,,,
2026-10-04,3089243,V4,伊朗甲,加奇萨兰 vs 弗兰德诺维,,not reconstructed from future result,,,UNKNOWN,unknown,low,,PENDING_RESULT,2026-10-04T12:07:48.788371+08:00,74277469bf7980df794e,
2026-10-04,3089244,V3,伊朗甲,拿芙马塞索利曼 vs 法尔德FC,,not reconstructed from future result,,,UNKNOWN,unknown,low,,PENDING_RESULT,,,
2026-10-04,3089244,V4,伊朗甲,拿芙马塞索利曼 vs 法尔德FC,,not reconstructed from future result,,,UNKNOWN,unknown,low,,PENDING_RESULT,2026-10-04T12:07:48.788371+08:00,578d7fbeb763cfbdb250,
2026-10-04,3089245,V3,伊朗甲,沙辛班达尔 vs 塞柏,,not reconstructed from future result,,,UNKNOWN,unknown,low,,PENDING_RESULT,,,
2026-10-04,3089245,V4,伊朗甲,沙辛班达尔 vs 塞柏,,not reconstructed from future result,,,UNKNOWN,unknown,low,,PENDING_RESULT,2026-10-04T12:07:48.788371+08:00,829b361441bca8ba2ec7,
2026-10-04,3089283,V3,西杯,普拉特 vs 圣拉费尔,,not reconstructed from future result,,,UNKNOWN,unknown,low,,PENDING_RESULT,2026-10-04T09:02:52+08:00,0c24a462f1e08377c657,不投
2026-10-04,3089283,V4,西杯,普拉特 vs 圣拉费尔,,not reconstructed from future result,,,UNKNOWN,unknown,low,,PENDING_RESULT,2026-10-04T12:07:48.788371+08:00,e8fe2cdb3bc4598094d5,
2026-10-04,3089284,V3,西杯,诺加 vs 里巴德塞拉,,not reconstructed from future result,,,UNKNOWN,unknown,low,,PENDING_RESULT,2026-10-04T09:02:52+08:00,76674d4cfe671249932b,不投
2026-10-04,3089284,V4,西杯,诺加 vs 里巴德塞拉,,not reconstructed from future result,,,UNKNOWN,unknown,low,,PENDING_RESULT,2026-10-04T12:07:48.788371+08:00,ef2be2805417146da9a1,
2026-10-04,3089286,V3,西杯,阿尔卡萨尔 vs CP塔拉尤埃拉,,not reconstructed from future result,,,UNKNOWN,unknown,low,,PENDING_RESULT,2026-10-04T09:02:52+08:00,f6da7b1a06779fd9fe24,不投
2026-10-04,3089286,V4,西杯,阿尔卡萨尔 vs CP塔拉尤埃拉,,not reconstructed from future result,,,UNKNOWN,unknown,low,,PENDING_RESULT,2026-10-04T12:07:48.788371+08:00,fbf3a80c4877d24f973f,
2026-10-04,3089287,V3,西杯,吉马尔竞技联盟 vs 霍塔莱扎竞技,,not reconstructed from future result,,,UNKNOWN,unknown,low,,PENDING_RESULT,2026-10-04T09:02:52+08:00,047f8a5fea2da404acef,不投
2026-10-04,3089287,V4,西杯,吉马尔竞技联盟 vs 霍塔莱扎竞技,,not reconstructed from future result,,,UNKNOWN,unknown,low,,PENDING_RESULT,2026-10-04T12:07:48.788371+08:00,42545ce78bebdbf54eb2,
2026-10-04,3089288,V3,西杯,UE塔夫 vs 玛拉瑟纳,,not reconstructed from future result,,,UNKNOWN,unknown,low,,PENDING_RESULT,2026-10-04T09:02:52+08:00,efacb2fc37a5c1197510,不投
2026-10-04,3089288,V4,西杯,UE塔夫 vs 玛拉瑟纳,,not reconstructed from future result,,,UNKNOWN,unknown,low,,PENDING_RESULT,2026-10-04T12:07:48.788371+08:00,935149da75bfca11ff32,
2026-10-04,3089289,V3,西杯,CD圣若泽德索里亚 vs 奥伦塞人竞技,,not reconstructed from future result,,,UNKNOWN,unknown,low,,PENDING_RESULT,2026-10-04T09:02:52+08:00,77d29f062b5d867fc317,不投
2026-10-04,3089289,V4,西杯,CD圣若泽德索里亚 vs 奥伦塞人竞技,,not reconstructed from future result,,,UNKNOWN,unknown,low,,PENDING_RESULT,2026-10-04T12:07:48.788371+08:00,777cf8d8cf4ad8d33b4d,
2026-10-04,3089782,V3,冰女超冠,贝雷达比历克女足 vs 图罗杜尔女足,,not reconstructed from future result,,,UNKNOWN,unknown,low,,PENDING_RESULT,,,
2026-10-04,3089782,V4,冰女超冠,贝雷达比历克女足 vs 图罗杜尔女足,,not reconstructed from future result,,,UNKNOWN,unknown,low,,PENDING_RESULT,2026-10-04T09:58:08.993953+08:00,8fa80bf4e44aebaef5cd,C
2026-10-04,3089783,V3,冰女超冠,哈夫纳夫约杜尔女足 vs 韦斯特曼纳埃亚尔女足,,not reconstructed from future result,,,UNKNOWN,unknown,low,,PENDING_RESULT,,,
2026-10-04,3089783,V4,冰女超冠,哈夫纳夫约杜尔女足 vs 韦斯特曼纳埃亚尔女足,,not reconstructed from future result,,,UNKNOWN,unknown,low,,PENDING_RESULT,2026-10-04T09:58:08.993953+08:00,a107d1453f9f65cae5ae,C
2026-10-04,3089942,V3,渝超,酉阳桃花源队 vs 巫山红叶队,,not reconstructed from future result,,,UNKNOWN,unknown,low,,PENDING_RESULT,,,
2026-10-04,3089942,V4,渝超,酉阳桃花源队 vs 巫山红叶队,,not reconstructed from future result,,,UNKNOWN,unknown,low,,PENDING_RESULT,2026-10-04T12:07:48.788371+08:00,600b469502cf50bfa2b8,
2026-10-04,3092433,V3,中北美国联,特立尼达和多巴哥 vs 库拉索,,not reconstructed from future result,,,UNKNOWN,unknown,low,,PENDING_RESULT,2026-10-04T12:07:48+08:00,83405caf24744916f3e7,不投
2026-10-04,3092433,V4,中北美国联,特立尼达和多巴哥 vs 库拉索,,not reconstructed from future result,,,UNKNOWN,unknown,low,,PENDING_RESULT,2026-10-04T09:58:08.993953+08:00,8c864a565ff78a579c11,B
2026-10-04,3092434,V3,中北美国联,哥斯达黎加 vs 海地,,not reconstructed from future result,,,UNKNOWN,unknown,low,,PENDING_RESULT,2026-10-04T09:02:52+08:00,d060d0c828f69671460f,可投
2026-10-04,3092434,V4,中北美国联,哥斯达黎加 vs 海地,,not reconstructed from future result,,,UNKNOWN,unknown,low,,PENDING_RESULT,2026-10-04T09:58:08.993953+08:00,23457a6c88fce0e52f07,C
2026-10-04,3092435,V3,中北美国联,尼加拉瓜 vs 多米尼加共和国,,not reconstructed from future result,,,UNKNOWN,unknown,low,,PENDING_RESULT,2026-10-04T12:07:48+08:00,6d30ce90525057475bda,不投
2026-10-04,3092435,V4,中北美国联,尼加拉瓜 vs 多米尼加共和国,,not reconstructed from future result,,,UNKNOWN,unknown,low,,PENDING_RESULT,2026-10-04T09:58:08.993953+08:00,69917c36929ab152e6d5,B
2026-10-04,3092454,V3,中北美国联,圭亚那 vs 多米尼克,,not reconstructed from future result,,,UNKNOWN,unknown,low,,PENDING_RESULT,2026-10-04T12:07:48+08:00,586934692d0bedacdadd,不投
2026-10-04,3092454,V4,中北美国联,圭亚那 vs 多米尼克,,not reconstructed from future result,,,UNKNOWN,unknown,low,,PENDING_RESULT,2026-10-04T12:07:48.788371+08:00,fca44b1423a2469640c2,N
2026-10-04,3092500,V3,中北美国联,特克斯和凯科斯群岛 vs 英属维尔京群岛,,not reconstructed from future result,,,UNKNOWN,unknown,low,,PENDING_RESULT,2026-10-04T09:02:52+08:00,14d975a12a09b6be946b,可投
2026-10-04,3092500,V4,中北美国联,特克斯和凯科斯群岛 vs 英属维尔京群岛,,not reconstructed from future result,,,UNKNOWN,unknown,low,,PENDING_RESULT,2026-10-04T12:07:48.788371+08:00,7cf8587f780d69def1e6,N
2026-10-04,3092506,V3,中北美国联,阿鲁巴 vs 安圭拉,,not reconstructed from future result,,,UNKNOWN,unknown,low,,PENDING_RESULT,2026-10-04T12:07:48+08:00,d19ea56bde2b5f05a81a,不投
2026-10-04,3092506,V4,中北美国联,阿鲁巴 vs 安圭拉,,not reconstructed from future result,,,UNKNOWN,unknown,low,,PENDING_RESULT,2026-10-04T09:58:08.993953+08:00,b68234b51a936dcdde32,C
2026-10-04,3092512,V3,中北美国联,巴哈马 vs 美属维尔京群岛,,not reconstructed from future result,,,UNKNOWN,unknown,low,,PENDING_RESULT,2026-10-04T12:07:48+08:00,b6f8f3f7a48308c55540,不投
2026-10-04,3092512,V4,中北美国联,巴哈马 vs 美属维尔京群岛,,not reconstructed from future result,,,UNKNOWN,unknown,low,,PENDING_RESULT,2026-10-04T09:58:08.993953+08:00,908170d19ed968b0f261,B
2026-10-04,3092850,V3,摩洛乙,克尼特拉 vs 雅各布曼苏尔,,not reconstructed from future result,,,UNKNOWN,unknown,low,,PENDING_RESULT,,,
2026-10-04,3092850,V4,摩洛乙,克尼特拉 vs 雅各布曼苏尔,,not reconstructed from future result,,,UNKNOWN,unknown,low,,PENDING_RESULT,2026-10-04T12:07:48.788371+08:00,41b7e634d82759cfae8e,
2026-10-04,3092853,V3,摩洛乙,奥林匹克萨非 vs 查巴本吉尔,,not reconstructed from future result,,,UNKNOWN,unknown,low,,PENDING_RESULT,,,
2026-10-04,3092853,V4,摩洛乙,奥林匹克萨非 vs 查巴本吉尔,,not reconstructed from future result,,,UNKNOWN,unknown,low,,PENDING_RESULT,2026-10-04T12:07:48.788371+08:00,e7e6f0341f91976d2e0a,
2026-10-04,3092854,V3,摩洛乙,查巴穆罕默迪耶 vs 乌季达,,not reconstructed from future result,,,UNKNOWN,unknown,low,,PENDING_RESULT,,,
2026-10-04,3092854,V4,摩洛乙,查巴穆罕默迪耶 vs 乌季达,,not reconstructed from future result,,,UNKNOWN,unknown,low,,PENDING_RESULT,2026-10-04T12:07:48.788371+08:00,11dcf05afbe3cca45ede,
2026-10-04,3092856,V3,摩洛乙,苏阿莱姆 vs 祖尼斯体育,,not reconstructed from future result,,,UNKNOWN,unknown,low,,PENDING_RESULT,,,
2026-10-04,3092856,V4,摩洛乙,苏阿莱姆 vs 祖尼斯体育,,not reconstructed from future result,,,UNKNOWN,unknown,low,,PENDING_RESULT,2026-10-04T12:07:48.788371+08:00,6b617694d6c8658b708c,
2026-10-04,3094000,V3,牙买超,磨力尼斯联 vs 竞技联队,,not reconstructed from future result,,,UNKNOWN,unknown,low,,PENDING_RESULT,,,
2026-10-04,3094000,V4,牙买超,磨力尼斯联 vs 竞技联队,,not reconstructed from future result,,,UNKNOWN,unknown,low,,PENDING_RESULT,2026-10-04T09:58:08.993953+08:00,b3787f28db853e24ae45,B
2026-10-04,3094001,V3,牙买超,蒙特歌湾联 vs 敦伯霍登,,not reconstructed from future result,,,UNKNOWN,unknown,low,,PENDING_RESULT,,,
2026-10-04,3094001,V4,牙买超,蒙特歌湾联 vs 敦伯霍登,,not reconstructed from future result,,,UNKNOWN,unknown,low,,PENDING_RESULT,2026-10-04T12:07:48.788371+08:00,9e45508b367f52e05fd3,
2026-10-04,3094002,V3,牙买超,普莱森特法山 vs 卡瓦立尔,,not reconstructed from future result,,,UNKNOWN,unknown,low,,PENDING_RESULT,,,
2026-10-04,3094002,V4,牙买超,普莱森特法山 vs 卡瓦立尔,,not reconstructed from future result,,,UNKNOWN,unknown,low,,PENDING_RESULT,2026-10-04T09:58:08.993953+08:00,f77b33ac05bd4d8dd14f,C
2026-10-04,3094003,V3,牙买超,瑰宝海滩 vs 胡曼伯狮子,,not reconstructed from future result,,,UNKNOWN,unknown,low,,PENDING_RESULT,,,
2026-10-04,3094003,V4,牙买超,瑰宝海滩 vs 胡曼伯狮子,,not reconstructed from future result,,,UNKNOWN,unknown,low,,PENDING_RESULT,2026-10-04T12:07:48.788371+08:00,abae1a1621a48a769186,
2026-10-04,3094004,V3,牙买超,特魯朱伊斯 vs 蒂沃利加登斯,,not reconstructed from future result,,,UNKNOWN,unknown,low,,PENDING_RESULT,,,
2026-10-04,3094004,V4,牙买超,特魯朱伊斯 vs 蒂沃利加登斯,,not reconstructed from future result,,,UNKNOWN,unknown,low,,PENDING_RESULT,2026-10-04T12:07:48.788371+08:00,e57c95a1d6444e49f315,
2026-10-04,3094041,V3,江苏联,盐城队 vs 宿迁队,,not reconstructed from future result,,,UNKNOWN,unknown,low,,PENDING_RESULT,,,
2026-10-04,3094041,V4,江苏联,盐城队 vs 宿迁队,,not reconstructed from future result,,,UNKNOWN,unknown,low,,PENDING_RESULT,2026-10-04T12:07:48.788371+08:00,3d8ff243932870731936,
2026-10-04,3094042,V3,江苏联,苏州队 vs 常州队,,not reconstructed from future result,,,UNKNOWN,unknown,low,,PENDING_RESULT,,,
2026-10-04,3094042,V4,江苏联,苏州队 vs 常州队,,not reconstructed from future result,,,UNKNOWN,unknown,low,,PENDING_RESULT,2026-10-04T12:07:48.788371+08:00,147e55470bda75af8025,
2026-10-04,3094428,V3,女欧U17,阿塞拜疆女足U17 vs 阿尔巴尼亚女足U17,,not reconstructed from future result,,,UNKNOWN,unknown,low,,PENDING_RESULT,,,
2026-10-04,3094428,V4,女欧U17,阿塞拜疆女足U17 vs 阿尔巴尼亚女足U17,,not reconstructed from future result,,,UNKNOWN,unknown,low,,PENDING_RESULT,2026-10-04T12:07:48.788371+08:00,877170c06be9729002cd,
2026-10-04,3094429,V3,女欧U17,科索沃女足U17 vs 爱尔兰女足U17,,not reconstructed from future result,,,UNKNOWN,unknown,low,,PENDING_RESULT,,,
2026-10-04,3094429,V4,女欧U17,科索沃女足U17 vs 爱尔兰女足U17,,not reconstructed from future result,,,UNKNOWN,unknown,low,,PENDING_RESULT,2026-10-04T12:07:48.788371+08:00,b694d1f7d875dc09ef2e,
2026-10-04,3094478,V3,非洲U23杯,南苏丹U23 vs 吉布提U23,,not reconstructed from future result,,,UNKNOWN,unknown,low,,PENDING_RESULT,,,
2026-10-04,3094478,V4,非洲U23杯,南苏丹U23 vs 吉布提U23,,not reconstructed from future result,,,UNKNOWN,unknown,low,,PENDING_RESULT,2026-10-04T12:07:48.788371+08:00,25a823c28376fb8504a2,
2026-10-04,3094539,V3,克亚杯,乌克瓦 vs 萨格勒布迪纳摩,,not reconstructed from future result,,,UNKNOWN,unknown,low,,PENDING_RESULT,2026-10-04T09:02:52+08:00,6938de51b7f1734b27ee,不投
2026-10-04,3094539,V4,克亚杯,乌克瓦 vs 萨格勒布迪纳摩,,not reconstructed from future result,,,UNKNOWN,unknown,low,,PENDING_RESULT,2026-10-04T12:07:48.788371+08:00,8d58bac7a637f561725a,
2026-10-04,3094917,V3,乌拉甲秋,丹奴比奥 vs 塞罗拉尔戈,,not reconstructed from future result,,,UNKNOWN,unknown,low,,PENDING_RESULT,,,
2026-10-04,3094917,V4,乌拉甲秋,丹奴比奥 vs 塞罗拉尔戈,,not reconstructed from future result,,,UNKNOWN,unknown,low,,PENDING_RESULT,2026-10-04T12:07:48.788371+08:00,b65b8e7d4a57c69c405e,N
2026-10-04,3094918,V3,乌拉甲秋,波士顿河 vs 尤文提度,,not reconstructed from future result,,,UNKNOWN,unknown,low,,PENDING_RESULT,,,
2026-10-04,3094918,V4,乌拉甲秋,波士顿河 vs 尤文提度,,not reconstructed from future result,,,UNKNOWN,unknown,low,,PENDING_RESULT,2026-10-04T12:07:48.788371+08:00,3b7c3c0566cd7132e033,N
2026-10-04,3094919,V3,乌拉甲秋,塞路 vs 漫游者,,not reconstructed from future result,,,UNKNOWN,unknown,low,,PENDING_RESULT,,,
2026-10-04,3094919,V4,乌拉甲秋,塞路 vs 漫游者,,not reconstructed from future result,,,UNKNOWN,unknown,low,,PENDING_RESULT,2026-10-04T09:58:08.993953+08:00,d4058cb0a03f1e81de82,C
2026-10-04,3094920,V3,乌拉甲秋,蒙特维多竞技 vs 佩纳罗尔,,not reconstructed from future result,,,UNKNOWN,unknown,low,,PENDING_RESULT,,,
2026-10-04,3094920,V4,乌拉甲秋,蒙特维多竞技 vs 佩纳罗尔,,not reconstructed from future result,,,UNKNOWN,unknown,low,,PENDING_RESULT,2026-10-04T09:58:08.993953+08:00,aaade532a457ad66d4c3,B
2026-10-04,3095082,V3,保杯,索菲亚国民 vs 格纳火车头,,not reconstructed from future result,,,UNKNOWN,unknown,low,,PENDING_RESULT,2026-10-04T09:02:52+08:00,e7a7d84b343363b46705,不投
2026-10-04,3095082,V4,保杯,索菲亚国民 vs 格纳火车头,,not reconstructed from future result,,,UNKNOWN,unknown,low,,PENDING_RESULT,2026-10-04T12:07:48.788371+08:00,c06ed89a93a5ab50dff6,
2026-10-04,3095083,V3,保杯,扎格瑞特 vs 利斯基,,not reconstructed from future result,,,UNKNOWN,unknown,low,,PENDING_RESULT,2026-10-04T09:02:52+08:00,fbd37a02e8f1ba87d811,不投
2026-10-04,3095083,V4,保杯,扎格瑞特 vs 利斯基,,not reconstructed from future result,,,UNKNOWN,unknown,low,,PENDING_RESULT,2026-10-04T12:07:48.788371+08:00,0af2af0fb57ad353b9e3,
2026-10-04,3095084,V3,保杯,普夫迪夫斯巴达 vs 伊赫蒂曼,,not reconstructed from future result,,,UNKNOWN,unknown,low,,PENDING_RESULT,2026-10-04T09:02:52+08:00,8724b766fb87bbd0a130,不投
2026-10-04,3095084,V4,保杯,普夫迪夫斯巴达 vs 伊赫蒂曼,,not reconstructed from future result,,,UNKNOWN,unknown,low,,PENDING_RESULT,2026-10-04T12:07:48.788371+08:00,f31cbb0260077c4fca8e,
2026-10-04,3095085,V3,保杯,明约匹尼克 vs 贝尔罗,,not reconstructed from future result,,,UNKNOWN,unknown,low,,PENDING_RESULT,2026-10-04T09:02:52+08:00,2c7b374b24f2dada65b1,不投
2026-10-04,3095085,V4,保杯,明约匹尼克 vs 贝尔罗,,not reconstructed from future result,,,UNKNOWN,unknown,low,,PENDING_RESULT,2026-10-04T12:07:48.788371+08:00,611da28b3f4a379a60ab,
2026-10-04,3095086,V3,保杯,比蒂维迪 vs FC蒙塔纳,,not reconstructed from future result,,,UNKNOWN,unknown,low,,PENDING_RESULT,2026-10-04T09:02:52+08:00,77f38c75f00258c79be9,不投
2026-10-04,3095086,V4,保杯,比蒂维迪 vs FC蒙塔纳,,not reconstructed from future result,,,UNKNOWN,unknown,low,,PENDING_RESULT,2026-10-04T12:07:48.788371+08:00,a8d5d40d5c7774a2a0a5,
2026-10-04,3095087,V3,保杯,内夫托西米克 vs 斯夫格,,not reconstructed from future result,,,UNKNOWN,unknown,low,,PENDING_RESULT,2026-10-04T09:02:52+08:00,5b95a86a8cc491276753,不投
2026-10-04,3095087,V4,保杯,内夫托西米克 vs 斯夫格,,not reconstructed from future result,,,UNKNOWN,unknown,low,,PENDING_RESULT,2026-10-04T12:07:48.788371+08:00,76558592ccd34e49308a,
2026-10-04,3095089,V3,保杯,比拉斯萨 vs 多布鲁察,,not reconstructed from future result,,,UNKNOWN,unknown,low,,PENDING_RESULT,2026-10-04T09:02:52+08:00,cd9ce17932b2b8ac1b96,不投
2026-10-04,3095089,V4,保杯,比拉斯萨 vs 多布鲁察,,not reconstructed from future result,,,UNKNOWN,unknown,low,,PENDING_RESULT,2026-10-04T12:07:48.788371+08:00,e8491c66160a98297d7b,
2026-10-04,3095090,V3,保杯,图恩滋贺1915 vs 赫巴,,not reconstructed from future result,,,UNKNOWN,unknown,low,,PENDING_RESULT,2026-10-04T09:02:52+08:00,1186102e3a90b2159e3c,不投
2026-10-04,3095090,V4,保杯,图恩滋贺1915 vs 赫巴,,not reconstructed from future result,,,UNKNOWN,unknown,low,,PENDING_RESULT,2026-10-04T12:07:48.788371+08:00,95aee648f026322121d1,
2026-10-04,3095091,V3,保杯,梅兹拉火车头 vs 比林,,not reconstructed from future result,,,UNKNOWN,unknown,low,,PENDING_RESULT,2026-10-04T09:02:52+08:00,d2f700f9276fd7ff5efd,不投
2026-10-04,3095091,V4,保杯,梅兹拉火车头 vs 比林,,not reconstructed from future result,,,UNKNOWN,unknown,low,,PENDING_RESULT,2026-10-04T12:07:48.788371+08:00,931c335a965f39e0b540,
2026-10-04,3095094,V3,保杯,罗都帕 vs 内塞伯尔,,not reconstructed from future result,,,UNKNOWN,unknown,low,,PENDING_RESULT,2026-10-04T09:02:52+08:00,a4a3de6af5c541ead447,不投
2026-10-04,3095094,V4,保杯,罗都帕 vs 内塞伯尔,,not reconstructed from future result,,,UNKNOWN,unknown,low,,PENDING_RESULT,2026-10-04T12:07:48.788371+08:00,2b90a78c95e7db2e6164,
2026-10-04,3095096,V3,保杯,宾高斯基 vs 斯维斯托夫,,not reconstructed from future result,,,UNKNOWN,unknown,low,,PENDING_RESULT,2026-10-04T09:02:52+08:00,b8d58b18b5a650ff7b75,不投
2026-10-04,3095096,V4,保杯,宾高斯基 vs 斯维斯托夫,,not reconstructed from future result,,,UNKNOWN,unknown,low,,PENDING_RESULT,2026-10-04T12:07:48.788371+08:00,7b836de7f27ad8baa375,
2026-10-04,3095097,V3,保杯,苏曼 vs 布尔加斯1919,,not reconstructed from future result,,,UNKNOWN,unknown,low,,PENDING_RESULT,2026-10-04T09:02:52+08:00,b580df9b9510c1f50070,不投
2026-10-04,3095097,V4,保杯,苏曼 vs 布尔加斯1919,,not reconstructed from future result,,,UNKNOWN,unknown,low,,PENDING_RESULT,2026-10-04T12:07:48.788371+08:00,5ffb87655b8cbb7be85a,
2026-10-04,3095098,V3,保杯,特罗扬 vs 马历克,,not reconstructed from future result,,,UNKNOWN,unknown,low,,PENDING_RESULT,2026-10-04T09:02:52+08:00,c107c5f31fa3609c58aa,不投
2026-10-04,3095098,V4,保杯,特罗扬 vs 马历克,,not reconstructed from future result,,,UNKNOWN,unknown,low,,PENDING_RESULT,2026-10-04T12:07:48.788371+08:00,0b4251a3e49fe848a8dd,
2026-10-04,3095607,V3,芬乙附,GBK科科拉 vs 奇芬,,not reconstructed from future result,,,UNKNOWN,unknown,low,,PENDING_RESULT,,,
2026-10-04,3095607,V4,芬乙附,GBK科科拉 vs 奇芬,,not reconstructed from future result,,,UNKNOWN,unknown,low,,PENDING_RESULT,2026-10-04T12:07:48.788371+08:00,49ab64902b78bac3110e,
2026-10-04,3095645,V3,墨西乙A,圣地亚哥足球俱乐部 vs 科库拉竞技,,not reconstructed from future result,,,UNKNOWN,unknown,low,,PENDING_RESULT,,,
2026-10-04,3095645,V4,墨西乙A,圣地亚哥足球俱乐部 vs 科库拉竞技,,not reconstructed from future result,,,UNKNOWN,unknown,low,,PENDING_RESULT,2026-10-04T12:07:48.788371+08:00,77f13d376f1044e4db16,
2026-10-04,3095974,V3,波兰丙,布斯科兹德鲁伊 vs 克拉科夫B队,,not reconstructed from future result,,,UNKNOWN,unknown,low,,PENDING_RESULT,,,
2026-10-04,3095974,V4,波兰丙,布斯科兹德鲁伊 vs 克拉科夫B队,,not reconstructed from future result,,,UNKNOWN,unknown,low,,PENDING_RESULT,2026-10-04T12:07:48.788371+08:00,66f4b46aeafc20e67d72,
2026-10-04,3096061,V3,塞尔U19,马拉多特U19 vs 斯巴达苏波迪查U19,,not reconstructed from future result,,,UNKNOWN,unknown,low,,PENDING_RESULT,,,
2026-10-04,3096061,V4,塞尔U19,马拉多特U19 vs 斯巴达苏波迪查U19,,not reconstructed from future result,,,UNKNOWN,unknown,low,,PENDING_RESULT,2026-10-04T12:07:48.788371+08:00,41ab3c41933ac1ca8dee,
2026-10-04,3096064,V3,塞尔U19,柏迪逊U19 vs 伏伊伏丁那U19,,not reconstructed from future result,,,UNKNOWN,unknown,low,,PENDING_RESULT,,,
2026-10-04,3096064,V4,塞尔U19,柏迪逊U19 vs 伏伊伏丁那U19,,not reconstructed from future result,,,UNKNOWN,unknown,low,,PENDING_RESULT,2026-10-04T12:07:48.788371+08:00,724b65a08e386165ed5f,
2026-10-04,3096065,V3,塞尔U19,托波拉U19 vs 沃日多瓦茨U19,,not reconstructed from future result,,,UNKNOWN,unknown,low,,PENDING_RESULT,,,
2026-10-04,3096065,V4,塞尔U19,托波拉U19 vs 沃日多瓦茨U19,,not reconstructed from future result,,,UNKNOWN,unknown,low,,PENDING_RESULT,2026-10-04T12:07:48.788371+08:00,7e7b9a204a40017d6cbd,
2026-10-04,3096247,V3,德戊,海利 vs 兰兹胡特,,not reconstructed from future result,,,UNKNOWN,unknown,low,,PENDING_RESULT,,,
2026-10-04,3096247,V4,德戊,海利 vs 兰兹胡特,,not reconstructed from future result,,,UNKNOWN,unknown,low,,PENDING_RESULT,2026-10-04T12:07:48.788371+08:00,ed18be0d1bc40e889824,
2026-10-04,3096248,V3,斯伐丙,特伦辛II队 vs 尼特拉,,not reconstructed from future result,,,UNKNOWN,unknown,low,,PENDING_RESULT,,,
2026-10-04,3096248,V4,斯伐丙,特伦辛II队 vs 尼特拉,,not reconstructed from future result,,,UNKNOWN,unknown,low,,PENDING_RESULT,2026-10-04T12:07:48.788371+08:00,e71e6d6e22b5c1bd2a80,
2026-10-04,3096249,V3,斯伐丙,贝鲁萨 vs 诺唯萨姆奇,,not reconstructed from future result,,,UNKNOWN,unknown,low,,PENDING_RESULT,,,
2026-10-04,3096249,V4,斯伐丙,贝鲁萨 vs 诺唯萨姆奇,,not reconstructed from future result,,,UNKNOWN,unknown,low,,PENDING_RESULT,2026-10-04T12:07:48.788371+08:00,614b25b6a17d589f40b4,
2026-10-04,3096250,V3,斯伐丙,斯特里达B队 vs 科马尔诺二队,,not reconstructed from future result,,,UNKNOWN,unknown,low,,PENDING_RESULT,,,
2026-10-04,3096250,V4,斯伐丙,斯特里达B队 vs 科马尔诺二队,,not reconstructed from future result,,,UNKNOWN,unknown,low,,PENDING_RESULT,2026-10-04T12:07:48.788371+08:00,bc00fc5e08614abe4409,
2026-10-04,3096251,V3,斯伐丙,拉斯拉维采 vs 诺瓦维斯,,not reconstructed from future result,,,UNKNOWN,unknown,low,,PENDING_RESULT,,,
2026-10-04,3096251,V4,斯伐丙,拉斯拉维采 vs 诺瓦维斯,,not reconstructed from future result,,,UNKNOWN,unknown,low,,PENDING_RESULT,2026-10-04T12:07:48.788371+08:00,22dd098b4ce549be24ba,
2026-10-04,3096252,V3,斯伐丙,斯尼纳 vs 斯拉维亚克思雀,,not reconstructed from future result,,,UNKNOWN,unknown,low,,PENDING_RESULT,,,
2026-10-04,3096252,V4,斯伐丙,斯尼纳 vs 斯拉维亚克思雀,,not reconstructed from future result,,,UNKNOWN,unknown,low,,PENDING_RESULT,2026-10-04T12:07:48.788371+08:00,41ffce481199afab1672,
2026-10-04,3096253,V3,斯伐丙,路梳比洛B队 vs 拜斯迪卡B队,,not reconstructed from future result,,,UNKNOWN,unknown,low,,PENDING_RESULT,,,
2026-10-04,3096253,V4,斯伐丙,路梳比洛B队 vs 拜斯迪卡B队,,not reconstructed from future result,,,UNKNOWN,unknown,low,,PENDING_RESULT,2026-10-04T12:07:48.788371+08:00,888601585a81cb734f2f,
2026-10-04,3096254,V3,斯伐丙,巴尼克卡利诺沃 vs 梅泽布罗,,not reconstructed from future result,,,UNKNOWN,unknown,low,,PENDING_RESULT,,,
2026-10-04,3096254,V4,斯伐丙,巴尼克卡利诺沃 vs 梅泽布罗,,not reconstructed from future result,,,UNKNOWN,unknown,low,,PENDING_RESULT,2026-10-04T12:07:48.788371+08:00,bec3167ba13ec1741c7a,
2026-10-04,3096255,V3,德戊,帕隆玛 vs ETSV汉堡,,not reconstructed from future result,,,UNKNOWN,unknown,low,,PENDING_RESULT,,,
2026-10-04,3096255,V4,德戊,帕隆玛 vs ETSV汉堡,,not reconstructed from future result,,,UNKNOWN,unknown,low,,PENDING_RESULT,2026-10-04T12:07:48.788371+08:00,e9bd1ec22eadc5521772,
2026-10-04,3096256,V3,德戊,VfL平讷贝格 vs FC祖德,,not reconstructed from future result,,,UNKNOWN,unknown,low,,PENDING_RESULT,,,
2026-10-04,3096256,V4,德戊,VfL平讷贝格 vs FC祖德,,not reconstructed from future result,,,UNKNOWN,unknown,low,,PENDING_RESULT,2026-10-04T12:07:48.788371+08:00,3c0e3c5954683e26a09e,
2026-10-04,3096258,V3,德戊,SSG尼古拉特斯拉 vs 布赫霍尔茨,,not reconstructed from future result,,,UNKNOWN,unknown,low,,PENDING_RESULT,,,
2026-10-04,3096258,V4,德戊,SSG尼古拉特斯拉 vs 布赫霍尔茨,,not reconstructed from future result,,,UNKNOWN,unknown,low,,PENDING_RESULT,2026-10-04T12:07:48.788371+08:00,eeaecdd8feb4104fe371,
2026-10-04,3096259,V3,波兰丙,希特曼 vs 切米亚卡,,not reconstructed from future result,,,UNKNOWN,unknown,low,,PENDING_RESULT,,,
2026-10-04,3096259,V4,波兰丙,希特曼 vs 切米亚卡,,not reconstructed from future result,,,UNKNOWN,unknown,low,,PENDING_RESULT,2026-10-04T12:07:48.788371+08:00,c621c2cf5f9c9c96992f,
2026-10-04,3096260,V3,荷丁,灰母吉卢 vs UNA,,not reconstructed from future result,,,UNKNOWN,unknown,low,,PENDING_RESULT,,,
2026-10-04,3096260,V4,荷丁,灰母吉卢 vs UNA,,not reconstructed from future result,,,UNKNOWN,unknown,low,,PENDING_RESULT,2026-10-04T12:07:48.788371+08:00,4c099a9923ec8478a7f0,
2026-10-04,3096261,V3,荷丁,戈马特 vs 利斯,,not reconstructed from future result,,,UNKNOWN,unknown,low,,PENDING_RESULT,,,
2026-10-04,3096261,V4,荷丁,戈马特 vs 利斯,,not reconstructed from future result,,,UNKNOWN,unknown,low,,PENDING_RESULT,2026-10-04T12:07:48.788371+08:00,8f5356dad65a29e22f18,
2026-10-04,3096262,V3,荷丁,GOES vs UDI 19,,not reconstructed from future result,,,UNKNOWN,unknown,low,,PENDING_RESULT,,,
2026-10-04,3096262,V4,荷丁,GOES vs UDI 19,,not reconstructed from future result,,,UNKNOWN,unknown,low,,PENDING_RESULT,2026-10-04T12:07:48.788371+08:00,4a6752bd2d69529da08e,
2026-10-04,3096263,V3,德戊,柏林马克卡比 vs 罗斯托克B队,,not reconstructed from future result,,,UNKNOWN,unknown,low,,PENDING_RESULT,,,
2026-10-04,3096263,V4,德戊,柏林马克卡比 vs 罗斯托克B队,,not reconstructed from future result,,,UNKNOWN,unknown,low,,PENDING_RESULT,2026-10-04T12:07:48.788371+08:00,6d723fbaaaa4690d7c53,
2026-10-04,3096264,V3,德戊,欧德堡SV vs 海德,,not reconstructed from future result,,,UNKNOWN,unknown,low,,PENDING_RESULT,,,
2026-10-04,3096264,V4,德戊,欧德堡SV vs 海德,,not reconstructed from future result,,,UNKNOWN,unknown,low,,PENDING_RESULT,2026-10-04T12:07:48.788371+08:00,434e8b817057c31919a7,
2026-10-04,3096265,V3,德戊,图巴波尔海姆 vs FC吉森,,not reconstructed from future result,,,UNKNOWN,unknown,low,,PENDING_RESULT,,,
2026-10-04,3096265,V4,德戊,图巴波尔海姆 vs FC吉森,,not reconstructed from future result,,,UNKNOWN,unknown,low,,PENDING_RESULT,2026-10-04T12:07:48.788371+08:00,73219751770c112917b0,
2026-10-04,3096266,V3,德戊,FC埃德斯海姆 vs 亨默特罗斯,,not reconstructed from future result,,,UNKNOWN,unknown,low,,PENDING_RESULT,,,
2026-10-04,3096266,V4,德戊,FC埃德斯海姆 vs 亨默特罗斯,,not reconstructed from future result,,,UNKNOWN,unknown,low,,PENDING_RESULT,2026-10-04T12:07:48.788371+08:00,d6ff2969a8d7c5ee40d2,
2026-10-04,3096267,V3,德戊,哈努尔SC 1960 vs 洛特维哈达马尔,,not reconstructed from future result,,,UNKNOWN,unknown,low,,PENDING_RESULT,,,
2026-10-04,3096267,V4,德戊,哈努尔SC 1960 vs 洛特维哈达马尔,,not reconstructed from future result,,,UNKNOWN,unknown,low,,PENDING_RESULT,2026-10-04T12:07:48.788371+08:00,1272058626b3a7e1d392,
2026-10-04,3096268,V3,德戊,赫森卡瑟B队 vs 保纳塔尔,,not reconstructed from future result,,,UNKNOWN,unknown,low,,PENDING_RESULT,,,
2026-10-04,3096268,V4,德戊,赫森卡瑟B队 vs 保纳塔尔,,not reconstructed from future result,,,UNKNOWN,unknown,low,,PENDING_RESULT,2026-10-04T12:07:48.788371+08:00,e9ca5a98060d4abae495,
2026-10-04,3096269,V3,德戊,卡尔斯鲁厄青年队 vs 巴林根,,not reconstructed from future result,,,UNKNOWN,unknown,low,,PENDING_RESULT,,,
2026-10-04,3096269,V4,德戊,卡尔斯鲁厄青年队 vs 巴林根,,not reconstructed from future result,,,UNKNOWN,unknown,low,,PENDING_RESULT,2026-10-04T12:07:48.788371+08:00,49be03a84e686179e463,
2026-10-04,3096273,V3,德戊,前进诺德霍恩 vs SV梅彭II队,,not reconstructed from future result,,,UNKNOWN,unknown,low,,PENDING_RESULT,,,
2026-10-04,3096273,V4,德戊,前进诺德霍恩 vs SV梅彭II队,,not reconstructed from future result,,,UNKNOWN,unknown,low,,PENDING_RESULT,2026-10-04T12:07:48.788371+08:00,f6a749d17be808845940,
2026-10-04,3096274,V3,德戊,沃尔斯费德 vs 布伦瑞克II队,,not reconstructed from future result,,,UNKNOWN,unknown,low,,PENDING_RESULT,,,
2026-10-04,3096274,V4,德戊,沃尔斯费德 vs 布伦瑞克II队,,not reconstructed from future result,,,UNKNOWN,unknown,low,,PENDING_RESULT,2026-10-04T12:07:48.788371+08:00,b7ae3734b48070da19c1,
2026-10-04,3096275,V3,德戊,SV索尼克斯 vs 杜塞尔多夫业余队,,not reconstructed from future result,,,UNKNOWN,unknown,low,,PENDING_RESULT,,,
2026-10-04,3096275,V4,德戊,SV索尼克斯 vs 杜塞尔多夫业余队,,not reconstructed from future result,,,UNKNOWN,unknown,low,,PENDING_RESULT,2026-10-04T12:07:48.788371+08:00,421bf1d435b6ff2c96f3,
2026-10-04,3096276,V3,德戊,布德里奇 vs 霍尔济姆SG,,not reconstructed from future result,,,UNKNOWN,unknown,low,,PENDING_RESULT,,,
2026-10-04,3096276,V4,德戊,布德里奇 vs 霍尔济姆SG,,not reconstructed from future result,,,UNKNOWN,unknown,low,,PENDING_RESULT,2026-10-04T12:07:48.788371+08:00,60c07e4d26eb4ee4ce5c,
2026-10-04,3096277,V3,德戊,索林根瓦尔德 vs TSV梅尔布施,,not reconstructed from future result,,,UNKNOWN,unknown,low,,PENDING_RESULT,,,
2026-10-04,3096277,V4,德戊,索林根瓦尔德 vs TSV梅尔布施,,not reconstructed from future result,,,UNKNOWN,unknown,low,,PENDING_RESULT,2026-10-04T12:07:48.788371+08:00,ad0071f723396a19064c,
2026-10-04,3096278,V3,德戊,尔肯卫克 vs 维尔B队,,not reconstructed from future result,,,UNKNOWN,unknown,low,,PENDING_RESULT,,,
2026-10-04,3096278,V4,德戊,尔肯卫克 vs 维尔B队,,not reconstructed from future result,,,UNKNOWN,unknown,low,,PENDING_RESULT,2026-10-04T12:07:48.788371+08:00,6b738d53d3c666d6c68a,
2026-10-04,3096279,V3,德戊,FC基弗 vs 希尔特鲁普,,not reconstructed from future result,,,UNKNOWN,unknown,low,,PENDING_RESULT,,,
2026-10-04,3096279,V4,德戊,FC基弗 vs 希尔特鲁普,,not reconstructed from future result,,,UNKNOWN,unknown,low,,PENDING_RESULT,2026-10-04T12:07:48.788371+08:00,233bb3f75988c28aeef2,
2026-10-04,3096280,V3,德戊,洛马斯林根 vs 恩卓治特,,not reconstructed from future result,,,UNKNOWN,unknown,low,,PENDING_RESULT,,,
2026-10-04,3096280,V4,德戊,洛马斯林根 vs 恩卓治特,,not reconstructed from future result,,,UNKNOWN,unknown,low,,PENDING_RESULT,2026-10-04T12:07:48.788371+08:00,7defddbdeefaeef4a11c,
2026-10-04,3096281,V3,德戊,斯瑟姆比克 vs 斯罗可候沃,,not reconstructed from future result,,,UNKNOWN,unknown,low,,PENDING_RESULT,,,
2026-10-04,3096281,V4,德戊,斯瑟姆比克 vs 斯罗可候沃,,not reconstructed from future result,,,UNKNOWN,unknown,low,,PENDING_RESULT,2026-10-04T12:07:48.788371+08:00,295cf71e4deb8ae08e35,
2026-10-04,3096282,V3,德戊,威斯特伐利亚1920 vs 比勒费尔德B队,,not reconstructed from future result,,,UNKNOWN,unknown,low,,PENDING_RESULT,,,
2026-10-04,3096282,V4,德戊,威斯特伐利亚1920 vs 比勒费尔德B队,,not reconstructed from future result,,,UNKNOWN,unknown,low,,PENDING_RESULT,2026-10-04T12:07:48.788371+08:00,07c02ea94a6ad59c47f1,
2026-10-04,3096283,V3,德戊,恩内珀塔尔 vs ASC09多特蒙德,,not reconstructed from future result,,,UNKNOWN,unknown,low,,PENDING_RESULT,,,
2026-10-04,3096283,V4,德戊,恩内珀塔尔 vs ASC09多特蒙德,,not reconstructed from future result,,,UNKNOWN,unknown,low,,PENDING_RESULT,2026-10-04T12:07:48.788371+08:00,21c42b61b3f835e0304b,
2026-10-04,3096284,V3,德戊,DJK部落 vs 弗雷登1921,,not reconstructed from future result,,,UNKNOWN,unknown,low,,PENDING_RESULT,,,
2026-10-04,3096284,V4,德戊,DJK部落 vs 弗雷登1921,,not reconstructed from future result,,,UNKNOWN,unknown,low,,PENDING_RESULT,2026-10-04T12:07:48.788371+08:00,9533a722a34fc0ea4d25,
2026-10-04,3096285,V3,德戊,阿维韦勒 vs 皮尔马森斯,,not reconstructed from future result,,,UNKNOWN,unknown,low,,PENDING_RESULT,,,
2026-10-04,3096285,V4,德戊,阿维韦勒 vs 皮尔马森斯,,not reconstructed from future result,,,UNKNOWN,unknown,low,,PENDING_RESULT,2026-10-04T12:07:48.788371+08:00,4a2bd5cb5089243ca65c,
2026-10-04,3096286,V3,德戊,贡森海姆 vs 恩格尔斯,,not reconstructed from future result,,,UNKNOWN,unknown,low,,PENDING_RESULT,,,
2026-10-04,3096286,V4,德戊,贡森海姆 vs 恩格尔斯,,not reconstructed from future result,,,UNKNOWN,unknown,low,,PENDING_RESULT,2026-10-04T12:07:48.788371+08:00,1fb58538188105573c38,
2026-10-04,3096287,V3,德戊,奥德恩海姆 vs 肖特缅恩斯,,not reconstructed from future result,,,UNKNOWN,unknown,low,,PENDING_RESULT,,,
2026-10-04,3096287,V4,德戊,奥德恩海姆 vs 肖特缅恩斯,,not reconstructed from future result,,,UNKNOWN,unknown,low,,PENDING_RESULT,2026-10-04T12:07:48.788371+08:00,ff005a57c79fc78dc32d,
2026-10-04,3096288,V3,法女乙,欧塞尔女足 vs RC鲁贝女足,,not reconstructed from future result,,,UNKNOWN,unknown,low,,PENDING_RESULT,,,
2026-10-04,3096288,V4,法女乙,欧塞尔女足 vs RC鲁贝女足,,not reconstructed from future result,,,UNKNOWN,unknown,low,,PENDING_RESULT,2026-10-04T12:07:48.788371+08:00,13c43a0ac7dabd16097a,
2026-10-04,3096289,V3,法女乙,康城女足 vs 伊维恩女足,,not reconstructed from future result,,,UNKNOWN,unknown,low,,PENDING_RESULT,,,
2026-10-04,3096289,V4,法女乙,康城女足 vs 伊维恩女足,,not reconstructed from future result,,,UNKNOWN,unknown,low,,PENDING_RESULT,2026-10-04T12:07:48.788371+08:00,bccb68787d4d6181084c,
2026-10-04,3096290,V3,法女乙,里尔女足 vs 格勒诺布尔克莱女足,,not reconstructed from future result,,,UNKNOWN,unknown,low,,PENDING_RESULT,,,
2026-10-04,3096290,V4,法女乙,里尔女足 vs 格勒诺布尔克莱女足,,not reconstructed from future result,,,UNKNOWN,unknown,low,,PENDING_RESULT,2026-10-04T12:07:48.788371+08:00,18e949d1c75abecdea94,
2026-10-04,3096291,V3,法女乙,梅斯女足 vs 利文斯女足,,not reconstructed from future result,,,UNKNOWN,unknown,low,,PENDING_RESULT,,,
2026-10-04,3096291,V4,法女乙,梅斯女足 vs 利文斯女足,,not reconstructed from future result,,,UNKNOWN,unknown,low,,PENDING_RESULT,2026-10-04T12:07:48.788371+08:00,0e0aa8c2f35c71c43c6e,
2026-10-04,3096292,V3,法女乙,尼斯女足 vs 布尔吉女足,,not reconstructed from future result,,,UNKNOWN,unknown,low,,PENDING_RESULT,,,
2026-10-04,3096292,V4,法女乙,尼斯女足 vs 布尔吉女足,,not reconstructed from future result,,,UNKNOWN,unknown,low,,PENDING_RESULT,2026-10-04T12:07:48.788371+08:00,1e0092a09c1ef00021c8,
2026-10-04,3096293,V3,智利丙,萨拉曼卡 vs 利纳雷斯,,not reconstructed from future result,,,UNKNOWN,unknown,low,,PENDING_RESULT,2026-10-04T09:02:52+08:00,c58e53cb8e2d377be654,不投
2026-10-04,3096293,V4,智利丙,萨拉曼卡 vs 利纳雷斯,,not reconstructed from future result,,,UNKNOWN,unknown,low,,PENDING_RESULT,2026-10-04T12:07:48.788371+08:00,ba2836a138c5a726adb1,
2026-10-04,3096294,V3,智利丙,哥查瓜 vs 奥索尔诺,,not reconstructed from future result,,,UNKNOWN,unknown,low,,PENDING_RESULT,2026-10-04T12:07:48+08:00,5c914a92a15182729a8f,不投
2026-10-04,3096294,V4,智利丙,哥查瓜 vs 奥索尔诺,,not reconstructed from future result,,,UNKNOWN,unknown,low,,PENDING_RESULT,2026-10-04T12:07:48.788371+08:00,c2173a725294b36cac25,N
2026-10-04,3096297,V3,哥斯乙,FC阿塞里 vs 瓜达卢普,,not reconstructed from future result,,,UNKNOWN,unknown,low,,PENDING_RESULT,2026-10-04T12:07:48+08:00,bcf2fd63cf23a63b2634,不投
2026-10-04,3096297,V4,哥斯乙,FC阿塞里 vs 瓜达卢普,,not reconstructed from future result,,,UNKNOWN,unknown,low,,PENDING_RESULT,2026-10-04T09:58:08.993953+08:00,ab8cc90941291e288a6a,C
2026-10-04,3096298,V3,哥斯乙,希卡拉尔 vs AC科富帕,,not reconstructed from future result,,,UNKNOWN,unknown,low,,PENDING_RESULT,2026-10-04T09:02:52+08:00,5efd01f984f04c42ee7d,不投
2026-10-04,3096298,V4,哥斯乙,希卡拉尔 vs AC科富帕,,not reconstructed from future result,,,UNKNOWN,unknown,low,,PENDING_RESULT,2026-10-04T12:07:48.788371+08:00,7c55b14c24b5ef13e44d,
2026-10-04,3096302,V3,哥斯乙,圣塔安娜 vs 卡里阿利,,not reconstructed from future result,,,UNKNOWN,unknown,low,,PENDING_RESULT,2026-10-04T09:02:52+08:00,c58d7adab939ed289e5a,不投
2026-10-04,3096302,V4,哥斯乙,圣塔安娜 vs 卡里阿利,,not reconstructed from future result,,,UNKNOWN,unknown,low,,PENDING_RESULT,2026-10-04T12:07:48.788371+08:00,55fd2a4378c390f5f6bd,
2026-10-04,3096303,V3,葡锦标,阿德卡斯特罗 vs 卡赫塔,,not reconstructed from future result,,,UNKNOWN,unknown,low,,PENDING_RESULT,,,
2026-10-04,3096303,V4,葡锦标,阿德卡斯特罗 vs 卡赫塔,,not reconstructed from future result,,,UNKNOWN,unknown,low,,PENDING_RESULT,2026-10-04T12:07:48.788371+08:00,1c952e3e325366af702b,
2026-10-04,3096304,V3,葡锦标,辛达卡拉B队 vs 皇家体育队,,not reconstructed from future result,,,UNKNOWN,unknown,low,,PENDING_RESULT,,,
2026-10-04,3096304,V4,葡锦标,辛达卡拉B队 vs 皇家体育队,,not reconstructed from future result,,,UNKNOWN,unknown,low,,PENDING_RESULT,2026-10-04T12:07:48.788371+08:00,01714ded05af0f4d2001,
2026-10-04,3096305,V3,葡锦标,拉吉恩斯 vs 艾禾拿青年,,not reconstructed from future result,,,UNKNOWN,unknown,low,,PENDING_RESULT,,,
2026-10-04,3096305,V4,葡锦标,拉吉恩斯 vs 艾禾拿青年,,not reconstructed from future result,,,UNKNOWN,unknown,low,,PENDING_RESULT,2026-10-04T12:07:48.788371+08:00,926ab87a4a16000dd980,
2026-10-04,3096306,V3,芬女甲,科特卡女足 vs 拉迪女足,,not reconstructed from future result,,,UNKNOWN,unknown,low,,PENDING_RESULT,,,
2026-10-04,3096306,V4,芬女甲,科特卡女足 vs 拉迪女足,,not reconstructed from future result,,,UNKNOWN,unknown,low,,PENDING_RESULT,2026-10-04T12:07:48.788371+08:00,b69c8e12cef20d17b04c,
2026-10-04,3096307,V3,芬女甲,赫尔辛基B队女足 vs 昂斯女足,,not reconstructed from future result,,,UNKNOWN,unknown,low,,PENDING_RESULT,,,
2026-10-04,3096307,V4,芬女甲,赫尔辛基B队女足 vs 昂斯女足,,not reconstructed from future result,,,UNKNOWN,unknown,low,,PENDING_RESULT,2026-10-04T12:07:48.788371+08:00,bdeafea55b2e2a2bfc08,
2026-10-04,3096308,V3,德戊,亨内夫 vs 幸运科隆B队,,not reconstructed from future result,,,UNKNOWN,unknown,low,,PENDING_RESULT,,,
2026-10-04,3096308,V4,德戊,亨内夫 vs 幸运科隆B队,,not reconstructed from future result,,,UNKNOWN,unknown,low,,PENDING_RESULT,2026-10-04T12:07:48.788371+08:00,546291a7e688438e6313,
2026-10-04,3096309,V3,德戊,莫顿 vs 埃因特拉赫特霍克佩尔,,not reconstructed from future result,,,UNKNOWN,unknown,low,,PENDING_RESULT,,,
2026-10-04,3096309,V4,德戊,莫顿 vs 埃因特拉赫特霍克佩尔,,not reconstructed from future result,,,UNKNOWN,unknown,low,,PENDING_RESULT,2026-10-04T12:07:48.788371+08:00,960f2f35ac35bc8ed3e4,
2026-10-04,3096310,V3,德戊,SPVG波茨1919 vs 韦格堡贝克,,not reconstructed from future result,,,UNKNOWN,unknown,low,,PENDING_RESULT,,,
2026-10-04,3096310,V4,德戊,SPVG波茨1919 vs 韦格堡贝克,,not reconstructed from future result,,,UNKNOWN,unknown,low,,PENDING_RESULT,2026-10-04T12:07:48.788371+08:00,8b4493c206eeff52af2e,
2026-10-04,3096311,V3,德戊,祖尔皮奇氯化物 vs 博恩海姆,,not reconstructed from future result,,,UNKNOWN,unknown,low,,PENDING_RESULT,,,
2026-10-04,3096311,V4,德戊,祖尔皮奇氯化物 vs 博恩海姆,,not reconstructed from future result,,,UNKNOWN,unknown,low,,PENDING_RESULT,2026-10-04T12:07:48.788371+08:00,523c720fbe99568462b9,
2026-10-04,3096312,V3,德戊,SpVg弗雷兴20 vs VFL维查尔,,not reconstructed from future result,,,UNKNOWN,unknown,low,,PENDING_RESULT,,,
2026-10-04,3096312,V4,德戊,SpVg弗雷兴20 vs VFL维查尔,,not reconstructed from future result,,,UNKNOWN,unknown,low,,PENDING_RESULT,2026-10-04T12:07:48.788371+08:00,740bf183f42466ecd399,
2026-10-04,3096313,V3,德戊,森博格SV vs 林登塔尔,,not reconstructed from future result,,,UNKNOWN,unknown,low,,PENDING_RESULT,,,
2026-10-04,3096313,V4,德戊,森博格SV vs 林登塔尔,,not reconstructed from future result,,,UNKNOWN,unknown,low,,PENDING_RESULT,2026-10-04T12:07:48.788371+08:00,0ac867952c3c219dfa95,
2026-10-04,3096314,V3,德戊,诺因基兴 vs 胡尔特,,not reconstructed from future result,,,UNKNOWN,unknown,low,,PENDING_RESULT,,,
2026-10-04,3096314,V4,德戊,诺因基兴 vs 胡尔特,,not reconstructed from future result,,,UNKNOWN,unknown,low,,PENDING_RESULT,2026-10-04T12:07:48.788371+08:00,d44c2e2d5fa52ab8e06e,
2026-10-04,3096315,V3,智利丙,维拉斯克斯 vs AC科林纳,,not reconstructed from future result,,,UNKNOWN,unknown,low,,PENDING_RESULT,2026-10-04T12:07:48+08:00,c8e9684a34fa07d5884f,不投
2026-10-04,3096315,V4,智利丙,维拉斯克斯 vs AC科林纳,,not reconstructed from future result,,,UNKNOWN,unknown,low,,PENDING_RESULT,2026-10-04T09:58:08.993953+08:00,3619e899c245ba7cf5ff,C
2026-10-04,3096317,V3,威女超,巴里镇联女足 vs 史云斯女足,,not reconstructed from future result,,,UNKNOWN,unknown,low,,PENDING_RESULT,,,
2026-10-04,3096317,V4,威女超,巴里镇联女足 vs 史云斯女足,,not reconstructed from future result,,,UNKNOWN,unknown,low,,PENDING_RESULT,2026-10-04T12:07:48.788371+08:00,46a5d0ed8561a9b9ca98,
2026-10-04,3096318,V3,威女超,布里顿费里女足 vs 艾伯里斯特夫女足,,not reconstructed from future result,,,UNKNOWN,unknown,low,,PENDING_RESULT,,,
2026-10-04,3096318,V4,威女超,布里顿费里女足 vs 艾伯里斯特夫女足,,not reconstructed from future result,,,UNKNOWN,unknown,low,,PENDING_RESULT,2026-10-04T12:07:48.788371+08:00,c9e34fee52e017849689,
2026-10-04,3096319,V3,威女超,卡迪夫城市FC女足 vs 优维克大学女足,,not reconstructed from future result,,,UNKNOWN,unknown,low,,PENDING_RESULT,,,
2026-10-04,3096319,V4,威女超,卡迪夫城市FC女足 vs 优维克大学女足,,not reconstructed from future result,,,UNKNOWN,unknown,low,,PENDING_RESULT,2026-10-04T12:07:48.788371+08:00,f1501c5ef5f25cd1f3e4,
2026-10-04,3096320,V3,威女超,雷克瑟姆女足 vs 新圣徒女足,,not reconstructed from future result,,,UNKNOWN,unknown,low,,PENDING_RESULT,,,
2026-10-04,3096320,V4,威女超,雷克瑟姆女足 vs 新圣徒女足,,not reconstructed from future result,,,UNKNOWN,unknown,low,,PENDING_RESULT,2026-10-04T12:07:48.788371+08:00,200ecd819f6b90c693b5,
2026-10-04,3096321,V3,意丁,阿沃拉 vs ASD拉古萨,,not reconstructed from future result,,,UNKNOWN,unknown,low,,PENDING_RESULT,,,
2026-10-04,3096321,V4,意丁,阿沃拉 vs ASD拉古萨,,not reconstructed from future result,,,UNKNOWN,unknown,low,,PENDING_RESULT,2026-10-04T12:07:48.788371+08:00,459bb59c596378dad4bd,
2026-10-04,3096322,V3,意丁,戈拉 vs 巴勒莫竞技,,not reconstructed from future result,,,UNKNOWN,unknown,low,,PENDING_RESULT,,,
2026-10-04,3096322,V4,意丁,戈拉 vs 巴勒莫竞技,,not reconstructed from future result,,,UNKNOWN,unknown,low,,PENDING_RESULT,2026-10-04T12:07:48.788371+08:00,dee7891791c22ca6e9af,
2026-10-04,3096323,V3,意丁,华图斯 vs 尼萨FC,,not reconstructed from future result,,,UNKNOWN,unknown,low,,PENDING_RESULT,,,
2026-10-04,3096323,V4,意丁,华图斯 vs 尼萨FC,,not reconstructed from future result,,,UNKNOWN,unknown,low,,PENDING_RESULT,2026-10-04T12:07:48.788371+08:00,9be27f2b6ab4a3c617b6,
2026-10-04,3096324,V3,意丁,利卡塔 vs 桑比亚塞,,not reconstructed from future result,,,UNKNOWN,unknown,low,,PENDING_RESULT,,,
2026-10-04,3096324,V4,意丁,利卡塔 vs 桑比亚塞,,not reconstructed from future result,,,UNKNOWN,unknown,low,,PENDING_RESULT,2026-10-04T12:07:48.788371+08:00,949b51aadeea7357c092,
2026-10-04,3096325,V3,意丁,米拉佐 vs 锡拉库萨,,not reconstructed from future result,,,UNKNOWN,unknown,low,,PENDING_RESULT,,,
2026-10-04,3096325,V4,意丁,米拉佐 vs 锡拉库萨,,not reconstructed from future result,,,UNKNOWN,unknown,low,,PENDING_RESULT,2026-10-04T12:07:48.788371+08:00,a95be7c14f30496bc1ed,
2026-10-04,3096326,V3,意丁,莫蒂卡 vs 恩纳,,not reconstructed from future result,,,UNKNOWN,unknown,low,,PENDING_RESULT,,,
2026-10-04,3096326,V4,意丁,莫蒂卡 vs 恩纳,,not reconstructed from future result,,,UNKNOWN,unknown,low,,PENDING_RESULT,2026-10-04T12:07:48.788371+08:00,af1469a2d44a1567ab3f,
2026-10-04,3096327,V3,意丁,特腊帕尼 vs 雷吉纳,,not reconstructed from future result,,,UNKNOWN,unknown,low,,PENDING_RESULT,,,
2026-10-04,3096327,V4,意丁,特腊帕尼 vs 雷吉纳,,not reconstructed from future result,,,UNKNOWN,unknown,low,,PENDING_RESULT,2026-10-04T12:07:48.788371+08:00,89c8b3f5a23cd638f9a0,
2026-10-04,3096328,V3,意丁,维波纳桑 vs 迪吉耶塞普拉亚托尔托拉,,not reconstructed from future result,,,UNKNOWN,unknown,low,,PENDING_RESULT,,,
2026-10-04,3096328,V4,意丁,维波纳桑 vs 迪吉耶塞普拉亚托尔托拉,,not reconstructed from future result,,,UNKNOWN,unknown,low,,PENDING_RESULT,2026-10-04T12:07:48.788371+08:00,7bdea5fbd9f6e14a41bc,
2026-10-04,3096329,V3,意丁,维哥雷兹亚 vs 卡斯特鲁姆法瓦拉,,not reconstructed from future result,,,UNKNOWN,unknown,low,,PENDING_RESULT,,,
2026-10-04,3096329,V4,意丁,维哥雷兹亚 vs 卡斯特鲁姆法瓦拉,,not reconstructed from future result,,,UNKNOWN,unknown,low,,PENDING_RESULT,2026-10-04T12:07:48.788371+08:00,5a02f751ec36c1550aa6,
2026-10-04,3096330,V3,意丁,比尔利斯 vs 戈扎诺,,not reconstructed from future result,,,UNKNOWN,unknown,low,,PENDING_RESULT,,,
2026-10-04,3096330,V4,意丁,比尔利斯 vs 戈扎诺,,not reconstructed from future result,,,UNKNOWN,unknown,low,,PENDING_RESULT,2026-10-04T12:07:48.788371+08:00,b2b21cd49b4c5cd913dc,
2026-10-04,3096331,V3,意丁,阿斯蒂 vs 米利西莫,,not reconstructed from future result,,,UNKNOWN,unknown,low,,PENDING_RESULT,,,
2026-10-04,3096331,V4,意丁,阿斯蒂 vs 米利西莫,,not reconstructed from future result,,,UNKNOWN,unknown,low,,PENDING_RESULT,2026-10-04T12:07:48.788371+08:00,1807512f8a2cfcd12564,
2026-10-04,3096332,V3,意丁,博尔戈塞 vs 斯莱万特,,not reconstructed from future result,,,UNKNOWN,unknown,low,,PENDING_RESULT,,,
2026-10-04,3096332,V4,意丁,博尔戈塞 vs 斯莱万特,,not reconstructed from future result,,,UNKNOWN,unknown,low,,PENDING_RESULT,2026-10-04T12:07:48.788371+08:00,c7529670696dce8e2fba,
2026-10-04,3096333,V3,意丁,泽勒·瓦拉泽 vs 奇索拉,,not reconstructed from future result,,,UNKNOWN,unknown,low,,PENDING_RESULT,,,
2026-10-04,3096333,V4,意丁,泽勒·瓦拉泽 vs 奇索拉,,not reconstructed from future result,,,UNKNOWN,unknown,low,,PENDING_RESULT,2026-10-04T12:07:48.788371+08:00,16d95f7f0492826536e1,
2026-10-04,3096334,V3,意丁,德尔特霍纳 vs 阿莱森多里亚,,not reconstructed from future result,,,UNKNOWN,unknown,low,,PENDING_RESULT,,,
2026-10-04,3096334,V4,意丁,德尔特霍纳 vs 阿莱森多里亚,,not reconstructed from future result,,,UNKNOWN,unknown,low,,PENDING_RESULT,2026-10-04T12:07:48.788371+08:00,f3f26ebf91374091e145,
2026-10-04,3096335,V3,意丁,费赞尼瑟 vs 华伦扎纳,,not reconstructed from future result,,,UNKNOWN,unknown,low,,PENDING_RESULT,,,
2026-10-04,3096335,V4,意丁,费赞尼瑟 vs 华伦扎纳,,not reconstructed from future result,,,UNKNOWN,unknown,low,,PENDING_RESULT,2026-10-04T12:07:48.788371+08:00,c432f5fa8f1dcfd0d72b,
2026-10-04,3096336,V3,意丁,拉斯卡里斯 vs ASD因佩里亚,,not reconstructed from future result,,,UNKNOWN,unknown,low,,PENDING_RESULT,,,
2026-10-04,3096336,V4,意丁,拉斯卡里斯 vs ASD因佩里亚,,not reconstructed from future result,,,UNKNOWN,unknown,low,,PENDING_RESULT,2026-10-04T12:07:48.788371+08:00,b93e771a326bc727f9e6,
2026-10-04,3096337,V3,意丁,利高列那 vs ACSD萨鲁佐,,not reconstructed from future result,,,UNKNOWN,unknown,low,,PENDING_RESULT,,,
2026-10-04,3096337,V4,意丁,利高列那 vs ACSD萨鲁佐,,not reconstructed from future result,,,UNKNOWN,unknown,low,,PENDING_RESULT,2026-10-04T12:07:48.788371+08:00,8f1092537d3563118541,
2026-10-04,3096338,V3,意丁,桑雷美森 vs 布拉,,not reconstructed from future result,,,UNKNOWN,unknown,low,,PENDING_RESULT,,,
2026-10-04,3096338,V4,意丁,桑雷美森 vs 布拉,,not reconstructed from future result,,,UNKNOWN,unknown,low,,PENDING_RESULT,2026-10-04T12:07:48.788371+08:00,aa4e51a6b66a439bd9f2,
2026-10-04,3096339,V3,意丁,布鲁萨波特 vs AC帕拉索洛,,not reconstructed from future result,,,UNKNOWN,unknown,low,,PENDING_RESULT,,,
2026-10-04,3096339,V4,意丁,布鲁萨波特 vs AC帕拉索洛,,not reconstructed from future result,,,UNKNOWN,unknown,low,,PENDING_RESULT,2026-10-04T12:07:48.788371+08:00,c5218e2ca7c748ff5e30,
2026-10-04,3096340,V3,意丁,阿斯德卡尔迪罗 vs 尼比亚瓦尔蒂顿,,not reconstructed from future result,,,UNKNOWN,unknown,low,,PENDING_RESULT,,,
2026-10-04,3096340,V4,意丁,阿斯德卡尔迪罗 vs 尼比亚瓦尔蒂顿,,not reconstructed from future result,,,UNKNOWN,unknown,low,,PENDING_RESULT,2026-10-04T12:07:48.788371+08:00,de5d30b136326f54b87a,
2026-10-04,3096342,V3,意丁,西斯特拉诺 vs 维德思维罗纳,,not reconstructed from future result,,,UNKNOWN,unknown,low,,PENDING_RESULT,,,
2026-10-04,3096342,V4,意丁,西斯特拉诺 vs 维德思维罗纳,,not reconstructed from future result,,,UNKNOWN,unknown,low,,PENDING_RESULT,2026-10-04T12:07:48.788371+08:00,370e2ce298c911639746,
2026-10-04,3096343,V3,意丁,米兰奴俱乐部 vs 莱昂蒙扎布里安扎,,not reconstructed from future result,,,UNKNOWN,unknown,low,,PENDING_RESULT,,,
2026-10-04,3096343,V4,意丁,米兰奴俱乐部 vs 莱昂蒙扎布里安扎,,not reconstructed from future result,,,UNKNOWN,unknown,low,,PENDING_RESULT,2026-10-04T12:07:48.788371+08:00,885f6672974b4551f63e,
2026-10-04,3096344,V3,意丁,帕沃内斯 vs 米兰未来,,not reconstructed from future result,,,UNKNOWN,unknown,low,,PENDING_RESULT,,,
2026-10-04,3096344,V4,意丁,帕沃内斯 vs 米兰未来,,not reconstructed from future result,,,UNKNOWN,unknown,low,,PENDING_RESULT,2026-10-04T12:07:48.788371+08:00,f0ffb7127fa1f180bcf6,
2026-10-04,3096345,V3,意丁,皮亚琴察 vs 斯坎佐罗夏特,,not reconstructed from future result,,,UNKNOWN,unknown,low,,PENDING_RESULT,,,
2026-10-04,3096345,V4,意丁,皮亚琴察 vs 斯坎佐罗夏特,,not reconstructed from future result,,,UNKNOWN,unknown,low,,PENDING_RESULT,2026-10-04T12:07:48.788371+08:00,cc4570a1edf614a69696,
2026-10-04,3096346,V3,意丁,罗瓦托 vs 卡列皮纳,,not reconstructed from future result,,,UNKNOWN,unknown,low,,PENDING_RESULT,,,
2026-10-04,3096346,V4,意丁,罗瓦托 vs 卡列皮纳,,not reconstructed from future result,,,UNKNOWN,unknown,low,,PENDING_RESULT,2026-10-04T12:07:48.788371+08:00,ed4ad887e75050241762,
2026-10-04,3096347,V3,意丁,瓦尔布伦巴纳 vs US佛罗伦萨,,not reconstructed from future result,,,UNKNOWN,unknown,low,,PENDING_RESULT,,,
2026-10-04,3096347,V4,意丁,瓦尔布伦巴纳 vs US佛罗伦萨,,not reconstructed from future result,,,UNKNOWN,unknown,low,,PENDING_RESULT,2026-10-04T12:07:48.788371+08:00,5cb392e421c2711fac62,
2026-10-04,3096348,V3,意丁,布林迪西 vs 皇室农业,,not reconstructed from future result,,,UNKNOWN,unknown,low,,PENDING_RESULT,,,
2026-10-04,3096348,V4,意丁,布林迪西 vs 皇室农业,,not reconstructed from future result,,,UNKNOWN,unknown,low,,PENDING_RESULT,2026-10-04T12:07:48.788371+08:00,ab637b4504542ebff7cf,
2026-10-04,3096349,V3,意丁,安德里亚 vs 皇家佛里奥,,not reconstructed from future result,,,UNKNOWN,unknown,low,,PENDING_RESULT,,,
2026-10-04,3096349,V4,意丁,安德里亚 vs 皇家佛里奥,,not reconstructed from future result,,,UNKNOWN,unknown,low,,PENDING_RESULT,2026-10-04T12:07:48.788371+08:00,71e4efe05f6d822ee0ab,
2026-10-04,3096350,V3,意丁,角斗士 vs AP图斯,,not reconstructed from future result,,,UNKNOWN,unknown,low,,PENDING_RESULT,,,
2026-10-04,3096350,V4,意丁,角斗士 vs AP图斯,,not reconstructed from future result,,,UNKNOWN,unknown,low,,PENDING_RESULT,2026-10-04T12:07:48.788371+08:00,4ee6ae5c037fd3513e40,
2026-10-04,3096351,V3,意丁,伊斯基亚 vs 伊波利谭纳,,not reconstructed from future result,,,UNKNOWN,unknown,low,,PENDING_RESULT,,,
2026-10-04,3096351,V4,意丁,伊斯基亚 vs 伊波利谭纳,,not reconstructed from future result,,,UNKNOWN,unknown,low,,PENDING_RESULT,2026-10-04T12:07:48.788371+08:00,771ff550d8138195420e,
2026-10-04,3096352,V3,意丁,曼弗雷多尼亚 vs 比谢列1913,,not reconstructed from future result,,,UNKNOWN,unknown,low,,PENDING_RESULT,,,
2026-10-04,3096352,V4,意丁,曼弗雷多尼亚 vs 比谢列1913,,not reconstructed from future result,,,UNKNOWN,unknown,low,,PENDING_RESULT,2026-10-04T12:07:48.788371+08:00,d17b98845579c8d899f2,
2026-10-04,3096353,V3,意丁,马蒂纳 vs 弗兰卡维拉FC,,not reconstructed from future result,,,UNKNOWN,unknown,low,,PENDING_RESULT,,,
2026-10-04,3096353,V4,意丁,马蒂纳 vs 弗兰卡维拉FC,,not reconstructed from future result,,,UNKNOWN,unknown,low,,PENDING_RESULT,2026-10-04T12:07:48.788371+08:00,470e3debeb16450a197c,
2026-10-04,3096354,V3,意丁,ASD布莱恩利格纳诺 vs 卢帕伦斯,,not reconstructed from future result,,,UNKNOWN,unknown,low,,PENDING_RESULT,,,
2026-10-04,3096354,V4,意丁,ASD布莱恩利格纳诺 vs 卢帕伦斯,,not reconstructed from future result,,,UNKNOWN,unknown,low,,PENDING_RESULT,2026-10-04T12:07:48.788371+08:00,c42f75e0e194b8a4f08c,
2026-10-04,3096355,V3,意丁,AC埃斯特 vs 科内利亚诺,,not reconstructed from future result,,,UNKNOWN,unknown,low,,PENDING_RESULT,,,
2026-10-04,3096355,V4,意丁,AC埃斯特 vs 科内利亚诺,,not reconstructed from future result,,,UNKNOWN,unknown,low,,PENDING_RESULT,2026-10-04T12:07:48.788371+08:00,a60c4e7cfd6aa75330b7,
2026-10-04,3096356,V3,意丁,梅尔菲 vs 诺瑟里纳,,not reconstructed from future result,,,UNKNOWN,unknown,low,,PENDING_RESULT,,,
2026-10-04,3096356,V4,意丁,梅尔菲 vs 诺瑟里纳,,not reconstructed from future result,,,UNKNOWN,unknown,low,,PENDING_RESULT,2026-10-04T12:07:48.788371+08:00,b71e8e51cc9ee2342bce,
2026-10-04,3096357,V3,意丁,利哥纳诺萨卢斯 vs 巴萨诺,,not reconstructed from future result,,,UNKNOWN,unknown,low,,PENDING_RESULT,,,
2026-10-04,3096357,V4,意丁,利哥纳诺萨卢斯 vs 巴萨诺,,not reconstructed from future result,,,UNKNOWN,unknown,low,,PENDING_RESULT,2026-10-04T12:07:48.788371+08:00,3a9e989ebe5a070421f7,
2026-10-04,3096358,V3,意丁,帕勒梅斯1914 vs 纳尔多,,not reconstructed from future result,,,UNKNOWN,unknown,low,,PENDING_RESULT,,,
2026-10-04,3096358,V4,意丁,帕勒梅斯1914 vs 纳尔多,,not reconstructed from future result,,,UNKNOWN,unknown,low,,PENDING_RESULT,2026-10-04T12:07:48.788371+08:00,1fccd881b2655b12c625,
2026-10-04,3096360,V3,意丁,梅斯特雷 vs ACD坎波达尔,,not reconstructed from future result,,,UNKNOWN,unknown,low,,PENDING_RESULT,,,
2026-10-04,3096360,V4,意丁,梅斯特雷 vs ACD坎波达尔,,not reconstructed from future result,,,UNKNOWN,unknown,low,,PENDING_RESULT,2026-10-04T12:07:48.788371+08:00,d72f8db89da2274df6e8,
2026-10-04,3096362,V3,意丁,特里埃斯蒂纳 vs 奥伯马伊斯,,not reconstructed from future result,,,UNKNOWN,unknown,low,,PENDING_RESULT,,,
2026-10-04,3096362,V4,意丁,特里埃斯蒂纳 vs 奥伯马伊斯,,not reconstructed from future result,,,UNKNOWN,unknown,low,,PENDING_RESULT,2026-10-04T12:07:48.788371+08:00,e5c49c02258e440172a2,
2026-10-04,3096363,V3,意丁,克洛迪 vs 桑多纳1922,,not reconstructed from future result,,,UNKNOWN,unknown,low,,PENDING_RESULT,,,
2026-10-04,3096363,V4,意丁,克洛迪 vs 桑多纳1922,,not reconstructed from future result,,,UNKNOWN,unknown,low,,PENDING_RESULT,2026-10-04T12:07:48.788371+08:00,93da7556a0a37b347e60,
2026-10-04,3096364,V3,意丁,博尔扎诺 vs 卡尔维诺阿莱,,not reconstructed from future result,,,UNKNOWN,unknown,low,,PENDING_RESULT,,,
2026-10-04,3096364,V4,意丁,博尔扎诺 vs 卡尔维诺阿莱,,not reconstructed from future result,,,UNKNOWN,unknown,low,,PENDING_RESULT,2026-10-04T12:07:48.788371+08:00,952547d2e651db38738d,
2026-10-04,3096365,V3,意丁,FBC格拉维纳 vs 维鲁斯弗兰卡维拉,,not reconstructed from future result,,,UNKNOWN,unknown,low,,PENDING_RESULT,,,
2026-10-04,3096365,V4,意丁,FBC格拉维纳 vs 维鲁斯弗兰卡维拉,,not reconstructed from future result,,,UNKNOWN,unknown,low,,PENDING_RESULT,2026-10-04T12:07:48.788371+08:00,1bbc44af30b9a2725ea1,
2026-10-04,3096366,V3,意丁,阿科纳特瑟 vs 普罗塞斯托,,not reconstructed from future result,,,UNKNOWN,unknown,low,,PENDING_RESULT,,,
2026-10-04,3096366,V4,意丁,阿科纳特瑟 vs 普罗塞斯托,,not reconstructed from future result,,,UNKNOWN,unknown,low,,PENDING_RESULT,2026-10-04T12:07:48.788371+08:00,0e3c6722f10489f6d646,
2026-10-04,3096367,V3,意丁,科雷格塞 vs 巴维亚,,not reconstructed from future result,,,UNKNOWN,unknown,low,,PENDING_RESULT,,,
2026-10-04,3096367,V4,意丁,科雷格塞 vs 巴维亚,,not reconstructed from future result,,,UNKNOWN,unknown,low,,PENDING_RESULT,2026-10-04T12:07:48.788371+08:00,be00f275847b429d5aab,
2026-10-04,3096368,V3,意丁,AC克丽玛1908 vs 奇塔瓦雷泽,,not reconstructed from future result,,,UNKNOWN,unknown,low,,PENDING_RESULT,,,
2026-10-04,3096368,V4,意丁,AC克丽玛1908 vs 奇塔瓦雷泽,,not reconstructed from future result,,,UNKNOWN,unknown,low,,PENDING_RESULT,2026-10-04T12:07:48.788371+08:00,9d0c5a532b4295790536,
2026-10-04,3096369,V3,意丁,奥尔特普罗 vs 伦蒂吉奥,,not reconstructed from future result,,,UNKNOWN,unknown,low,,PENDING_RESULT,,,
2026-10-04,3096369,V4,意丁,奥尔特普罗 vs 伦蒂吉奥,,not reconstructed from future result,,,UNKNOWN,unknown,low,,PENDING_RESULT,2026-10-04T12:07:48.788371+08:00,1ef1f71dc3ac67f9a18d,
2026-10-04,3096370,V3,意丁,彭特德拉 vs 西塔德拉维斯摩德纳,,not reconstructed from future result,,,UNKNOWN,unknown,low,,PENDING_RESULT,,,
2026-10-04,3096370,V4,意丁,彭特德拉 vs 西塔德拉维斯摩德纳,,not reconstructed from future result,,,UNKNOWN,unknown,low,,PENDING_RESULT,2026-10-04T12:07:48.788371+08:00,1021cc816e8e8c4d4707,
2026-10-04,3096371,V3,意丁,ACD圣天使 vs USD卡斯特兰泽,,not reconstructed from future result,,,UNKNOWN,unknown,low,,PENDING_RESULT,,,
2026-10-04,3096371,V4,意丁,ACD圣天使 vs USD卡斯特兰泽,,not reconstructed from future result,,,UNKNOWN,unknown,low,,PENDING_RESULT,2026-10-04T12:07:48.788371+08:00,63152c0f1dc1b7a9c495,
2026-10-04,3096372,V3,意丁,索尔比亚泰塞阿尔诺 vs 热带科里亚诺,,not reconstructed from future result,,,UNKNOWN,unknown,low,,PENDING_RESULT,,,
2026-10-04,3096372,V4,意丁,索尔比亚泰塞阿尔诺 vs 热带科里亚诺,,not reconstructed from future result,,,UNKNOWN,unknown,low,,PENDING_RESULT,2026-10-04T12:07:48.788371+08:00,f7cdc9c908685ecf8542,
2026-10-04,3096373,V3,意丁,USD卡萨特塞 vs 比斯托伊斯,,not reconstructed from future result,,,UNKNOWN,unknown,low,,PENDING_RESULT,,,
2026-10-04,3096373,V4,意丁,USD卡萨特塞 vs 比斯托伊斯,,not reconstructed from future result,,,UNKNOWN,unknown,low,,PENDING_RESULT,2026-10-04T12:07:48.788371+08:00,7bce59d0b615db443646,
2026-10-04,3096374,V3,意丁,威雷斯 vs 柏迪亚,,not reconstructed from future result,,,UNKNOWN,unknown,low,,PENDING_RESULT,,,
2026-10-04,3096374,V4,意丁,威雷斯 vs 柏迪亚,,not reconstructed from future result,,,UNKNOWN,unknown,low,,PENDING_RESULT,2026-10-04T12:07:48.788371+08:00,2e964073b6c5aa60e4c5,
2026-10-04,3096375,V3,意丁,奇维塔卡斯提亚 vs 瓜沃兰纳,,not reconstructed from future result,,,UNKNOWN,unknown,low,,PENDING_RESULT,,,
2026-10-04,3096375,V4,意丁,奇维塔卡斯提亚 vs 瓜沃兰纳,,not reconstructed from future result,,,UNKNOWN,unknown,low,,PENDING_RESULT,2026-10-04T12:07:48.788371+08:00,702131bb19a222d2b9d6,
2026-10-04,3096376,V3,意丁,基维扎诺 vs 塔乌,,not reconstructed from future result,,,UNKNOWN,unknown,low,,PENDING_RESULT,,,
2026-10-04,3096376,V4,意丁,基维扎诺 vs 塔乌,,not reconstructed from future result,,,UNKNOWN,unknown,low,,PENDING_RESULT,2026-10-04T12:07:48.788371+08:00,3120d2344792fba43b65,
2026-10-04,3096377,V3,意丁,格拉西纳 vs 卢捷斯,,not reconstructed from future result,,,UNKNOWN,unknown,low,,PENDING_RESULT,,,
2026-10-04,3096377,V4,意丁,格拉西纳 vs 卢捷斯,,not reconstructed from future result,,,UNKNOWN,unknown,low,,PENDING_RESULT,2026-10-04T12:07:48.788371+08:00,ce3dc196570d78f8036b,
2026-10-04,3096378,V3,意丁,ASD隆迪内拉马尔佐科 vs 普罗格雷索足球,,not reconstructed from future result,,,UNKNOWN,unknown,low,,PENDING_RESULT,,,
2026-10-04,3096378,V4,意丁,ASD隆迪内拉马尔佐科 vs 普罗格雷索足球,,not reconstructed from future result,,,UNKNOWN,unknown,low,,PENDING_RESULT,2026-10-04T12:07:48.788371+08:00,a5d5de907f1838759b8a,
2026-10-04,3096379,V3,意丁,圣多纳托 vs 宾格,,not reconstructed from future result,,,UNKNOWN,unknown,low,,PENDING_RESULT,,,
2026-10-04,3096379,V4,意丁,圣多纳托 vs 宾格,,not reconstructed from future result,,,UNKNOWN,unknown,low,,PENDING_RESULT,2026-10-04T12:07:48.788371+08:00,3bfb7009e56e11ae7a8e,
2026-10-04,3096380,V3,意丁,ASD萨索马尔科尼 vs 斯堪,,not reconstructed from future result,,,UNKNOWN,unknown,low,,PENDING_RESULT,,,
2026-10-04,3096380,V4,意丁,ASD萨索马尔科尼 vs 斯堪,,not reconstructed from future result,,,UNKNOWN,unknown,low,,PENDING_RESULT,2026-10-04T12:07:48.788371+08:00,4ff9a5308d2f0a374d04,
2026-10-04,3096381,V3,意丁,锡耶纳 vs ASD塞拉韦扎足球,,not reconstructed from future result,,,UNKNOWN,unknown,low,,PENDING_RESULT,,,
2026-10-04,3096381,V4,意丁,锡耶纳 vs ASD塞拉韦扎足球,,not reconstructed from future result,,,UNKNOWN,unknown,low,,PENDING_RESULT,2026-10-04T12:07:48.788371+08:00,0bff697246b11bb5aaae,
2026-10-04,3096382,V3,意丁,特拉纳 vs 蒙蒂维亚奇,,not reconstructed from future result,,,UNKNOWN,unknown,low,,PENDING_RESULT,,,
2026-10-04,3096382,V4,意丁,特拉纳 vs 蒙蒂维亚奇,,not reconstructed from future result,,,UNKNOWN,unknown,low,,PENDING_RESULT,2026-10-04T12:07:48.788371+08:00,24cdaf17ffca4a4e6471,
2026-10-04,3096384,V3,意丁,亚费拉戈勒瑟1944 vs 奥塞塞综合体育,,not reconstructed from future result,,,UNKNOWN,unknown,low,,PENDING_RESULT,,,
2026-10-04,3096384,V4,意丁,亚费拉戈勒瑟1944 vs 奥塞塞综合体育,,not reconstructed from future result,,,UNKNOWN,unknown,low,,PENDING_RESULT,2026-10-04T12:07:48.788371+08:00,2a26b26ab52f21d90027,
2026-10-04,3096385,V3,意丁,阿尔巴隆 vs 安芝拉华尼奥,,not reconstructed from future result,,,UNKNOWN,unknown,low,,PENDING_RESULT,,,
2026-10-04,3096385,V4,意丁,阿尔巴隆 vs 安芝拉华尼奥,,not reconstructed from future result,,,UNKNOWN,unknown,low,,PENDING_RESULT,2026-10-04T12:07:48.788371+08:00,6e02d99d9cb54982c0a6,
2026-10-04,3096386,V3,意丁,布多尼 vs 莫纳斯提尔,,not reconstructed from future result,,,UNKNOWN,unknown,low,,PENDING_RESULT,,,
2026-10-04,3096386,V4,意丁,布多尼 vs 莫纳斯提尔,,not reconstructed from future result,,,UNKNOWN,unknown,low,,PENDING_RESULT,2026-10-04T12:07:48.788371+08:00,adf1a00c6907b28e4d7b,
2026-10-04,3096387,V3,意丁,坎帕尼亚诺 vs ASD阿拉诺瓦,,not reconstructed from future result,,,UNKNOWN,unknown,low,,PENDING_RESULT,,,
2026-10-04,3096387,V4,意丁,坎帕尼亚诺 vs ASD阿拉诺瓦,,not reconstructed from future result,,,UNKNOWN,unknown,low,,PENDING_RESULT,2026-10-04T12:07:48.788371+08:00,b0a9033bb03b82efdf11,
2026-10-04,3096388,V3,意丁,杰尔比 vs 韦纳夫罗,,not reconstructed from future result,,,UNKNOWN,unknown,low,,PENDING_RESULT,,,
2026-10-04,3096388,V4,意丁,杰尔比 vs 韦纳夫罗,,not reconstructed from future result,,,UNKNOWN,unknown,low,,PENDING_RESULT,2026-10-04T12:07:48.788371+08:00,c755fc9ee58884f5f266,
2026-10-04,3096389,V3,意丁,拿特多尔切 vs 萨拉布斯,,not reconstructed from future result,,,UNKNOWN,unknown,low,,PENDING_RESULT,,,
2026-10-04,3096389,V4,意丁,拿特多尔切 vs 萨拉布斯,,not reconstructed from future result,,,UNKNOWN,unknown,low,,PENDING_RESULT,2026-10-04T12:07:48.788371+08:00,1bb603cff14f0fcc73ea,
2026-10-04,3096390,V3,意丁,萨尼斯 vs 佩格尼斯,,not reconstructed from future result,,,UNKNOWN,unknown,low,,PENDING_RESULT,,,
2026-10-04,3096390,V4,意丁,萨尼斯 vs 佩格尼斯,,not reconstructed from future result,,,UNKNOWN,unknown,low,,PENDING_RESULT,2026-10-04T12:07:48.788371+08:00,93c4cdc427f5ad379dde,
2026-10-04,3096391,V3,意丁,特拉斯提弗列 vs 阿纳格尼城,,not reconstructed from future result,,,UNKNOWN,unknown,low,,PENDING_RESULT,,,
2026-10-04,3096391,V4,意丁,特拉斯提弗列 vs 阿纳格尼城,,not reconstructed from future result,,,UNKNOWN,unknown,low,,PENDING_RESULT,2026-10-04T12:07:48.788371+08:00,61bc207f1113a3827f89,
2026-10-04,3096392,V3,意丁,尤尼波米齐亚 vs 洛迪贾尼竞技,,not reconstructed from future result,,,UNKNOWN,unknown,low,,PENDING_RESULT,,,
2026-10-04,3096392,V4,意丁,尤尼波米齐亚 vs 洛迪贾尼竞技,,not reconstructed from future result,,,UNKNOWN,unknown,low,,PENDING_RESULT,2026-10-04T12:07:48.788371+08:00,c6361cf2a4e9109b80b6,
2026-10-04,3096393,V3,意丁,安科纳 vs ASD特斯塔纳体育,,not reconstructed from future result,,,UNKNOWN,unknown,low,,PENDING_RESULT,,,
2026-10-04,3096393,V4,意丁,安科纳 vs ASD特斯塔纳体育,,not reconstructed from future result,,,UNKNOWN,unknown,low,,PENDING_RESULT,2026-10-04T12:07:48.788371+08:00,5ab883f00dc09fdf5df4,
2026-10-04,3096394,V3,意丁,阿斯科利竞技 vs 福索姆布隆,,not reconstructed from future result,,,UNKNOWN,unknown,low,,PENDING_RESULT,,,
2026-10-04,3096394,V4,意丁,阿斯科利竞技 vs 福索姆布隆,,not reconstructed from future result,,,UNKNOWN,unknown,low,,PENDING_RESULT,2026-10-04T12:07:48.788371+08:00,b0e6e7036b5fdfd70d52,
2026-10-04,3096395,V3,意丁,佛利奴 vs 安吉拉娜,,not reconstructed from future result,,,UNKNOWN,unknown,low,,PENDING_RESULT,,,
2026-10-04,3096395,V4,意丁,佛利奴 vs 安吉拉娜,,not reconstructed from future result,,,UNKNOWN,unknown,low,,PENDING_RESULT,2026-10-04T12:07:48.788371+08:00,1c710b5d1c7baf7bcff3,
2026-10-04,3096396,V3,意丁,蒙特奇奥 vs 圣尼科洛,,not reconstructed from future result,,,UNKNOWN,unknown,low,,PENDING_RESULT,,,
2026-10-04,3096396,V4,意丁,蒙特奇奥 vs 圣尼科洛,,not reconstructed from future result,,,UNKNOWN,unknown,low,,PENDING_RESULT,2026-10-04T12:07:48.788371+08:00,1cc3abb0a38abdf387a1,
2026-10-04,3096397,V3,意丁,彼得拉伦盖塞综合体育俱乐部 vs 拉奎拉,,not reconstructed from future result,,,UNKNOWN,unknown,low,,PENDING_RESULT,,,
2026-10-04,3096397,V4,意丁,彼得拉伦盖塞综合体育俱乐部 vs 拉奎拉,,not reconstructed from future result,,,UNKNOWN,unknown,low,,PENDING_RESULT,2026-10-04T12:07:48.788371+08:00,64b81120c8c3f4a25788,
2026-10-04,3096398,V3,意丁,雷散特斯 vs 玛撤拉塔瑟,,not reconstructed from future result,,,UNKNOWN,unknown,low,,PENDING_RESULT,,,
2026-10-04,3096398,V4,意丁,雷散特斯 vs 玛撤拉塔瑟,,not reconstructed from future result,,,UNKNOWN,unknown,low,,PENDING_RESULT,2026-10-04T12:07:48.788371+08:00,ad70c1a269d4a64a6a57,
2026-10-04,3096399,V3,意丁,圣特基迪瑟 vs 朱利亚诺瓦,,not reconstructed from future result,,,UNKNOWN,unknown,low,,PENDING_RESULT,,,
2026-10-04,3096399,V4,意丁,圣特基迪瑟 vs 朱利亚诺瓦,,not reconstructed from future result,,,UNKNOWN,unknown,low,,PENDING_RESULT,2026-10-04T12:07:48.788371+08:00,247751c616736b598435,
2026-10-04,3096400,V3,意丁,特拉莫 vs 塞尼加利亚,,not reconstructed from future result,,,UNKNOWN,unknown,low,,PENDING_RESULT,,,
2026-10-04,3096400,V4,意丁,特拉莫 vs 塞尼加利亚,,not reconstructed from future result,,,UNKNOWN,unknown,low,,PENDING_RESULT,2026-10-04T12:07:48.788371+08:00,c00f394533c1c31a4c07,
2026-10-04,3096401,V3,意丁,特勒莫利 vs 兰恰诺,,not reconstructed from future result,,,UNKNOWN,unknown,low,,PENDING_RESULT,,,
2026-10-04,3096401,V4,意丁,特勒莫利 vs 兰恰诺,,not reconstructed from future result,,,UNKNOWN,unknown,low,,PENDING_RESULT,2026-10-04T12:07:48.788371+08:00,383945fac1134dfbb23b,
2026-10-04,3096402,V3,罗女超,克雷奥瓦大学女足 vs 迅捷FC女足,,not reconstructed from future result,,,UNKNOWN,unknown,low,,PENDING_RESULT,,,
2026-10-04,3096402,V4,罗女超,克雷奥瓦大学女足 vs 迅捷FC女足,,not reconstructed from future result,,,UNKNOWN,unknown,low,,PENDING_RESULT,2026-10-04T12:07:48.788371+08:00,b3378cfa0eb73730d356,
2026-10-04,3096403,V3,墨西乙A,阿波达卡 vs 雷诺萨牛仔,,not reconstructed from future result,,,UNKNOWN,unknown,low,,PENDING_RESULT,,,
2026-10-04,3096403,V4,墨西乙A,阿波达卡 vs 雷诺萨牛仔,,not reconstructed from future result,,,UNKNOWN,unknown,low,,PENDING_RESULT,2026-10-04T12:07:48.788371+08:00,d6bcda1c3bd95b1e7aca,
2026-10-04,3096406,V3,委内乙,米纳文 vs 莫纳加斯B队,,not reconstructed from future result,,,UNKNOWN,unknown,low,,PENDING_RESULT,,,
2026-10-04,3096406,V4,委内乙,米纳文 vs 莫纳加斯B队,,not reconstructed from future result,,,UNKNOWN,unknown,low,,PENDING_RESULT,2026-10-04T12:07:48.788371+08:00,76d366142e338a005938,
2026-10-04,3096407,V3,委内乙,阿维拉竞技 vs 波多港,,not reconstructed from future result,,,UNKNOWN,unknown,low,,PENDING_RESULT,,,
2026-10-04,3096407,V4,委内乙,阿维拉竞技 vs 波多港,,not reconstructed from future result,,,UNKNOWN,unknown,low,,PENDING_RESULT,2026-10-04T12:07:48.788371+08:00,6cdfe5e70552448bf912,
2026-10-04,3096408,V3,委内乙,麦尼拉斯 vs 米兰达,,not reconstructed from future result,,,UNKNOWN,unknown,low,,PENDING_RESULT,,,
2026-10-04,3096408,V4,委内乙,麦尼拉斯 vs 米兰达,,not reconstructed from future result,,,UNKNOWN,unknown,low,,PENDING_RESULT,2026-10-04T12:07:48.788371+08:00,724899e2ebc2a45ebafd,
2026-10-04,3096409,V3,匈丙,汉维特二队 vs 克鲁勒,,not reconstructed from future result,,,UNKNOWN,unknown,low,,PENDING_RESULT,,,
2026-10-04,3096409,V4,匈丙,汉维特二队 vs 克鲁勒,,not reconstructed from future result,,,UNKNOWN,unknown,low,,PENDING_RESULT,2026-10-04T12:07:48.788371+08:00,ac37d3da9bee267b1365,
2026-10-04,3096411,V3,匈丙,塞格德II vs 霍德梅泽瓦沙海伊,,not reconstructed from future result,,,UNKNOWN,unknown,low,,PENDING_RESULT,,,
2026-10-04,3096411,V4,匈丙,塞格德II vs 霍德梅泽瓦沙海伊,,not reconstructed from future result,,,UNKNOWN,unknown,low,,PENDING_RESULT,2026-10-04T12:07:48.788371+08:00,22d0791dd16090048811,
2026-10-04,3096413,V3,匈丙,布达佩斯1908 vs 索普龙,,not reconstructed from future result,,,UNKNOWN,unknown,low,,PENDING_RESULT,,,
2026-10-04,3096413,V4,匈丙,布达佩斯1908 vs 索普龙,,not reconstructed from future result,,,UNKNOWN,unknown,low,,PENDING_RESULT,2026-10-04T12:07:48.788371+08:00,21c3b60c3671794c5d11,
2026-10-04,3096414,V3,匈丙,达巴斯 vs 切贝尔,,not reconstructed from future result,,,UNKNOWN,unknown,low,,PENDING_RESULT,,,
2026-10-04,3096414,V4,匈丙,达巴斯 vs 切贝尔,,not reconstructed from future result,,,UNKNOWN,unknown,low,,PENDING_RESULT,2026-10-04T12:07:48.788371+08:00,c8152ce249af1694fea6,
2026-10-04,3096415,V3,匈丙,多罗吉 vs 夏拿达斯,,not reconstructed from future result,,,UNKNOWN,unknown,low,,PENDING_RESULT,,,
2026-10-04,3096415,V4,匈丙,多罗吉 vs 夏拿达斯,,not reconstructed from future result,,,UNKNOWN,unknown,low,,PENDING_RESULT,2026-10-04T12:07:48.788371+08:00,9c84d81ce019641b9f8e,
2026-10-04,3096416,V3,阿联U23,沙迦U23 vs 艾维赫达U23,,not reconstructed from future result,,,UNKNOWN,unknown,low,,PENDING_RESULT,,,
2026-10-04,3096416,V4,阿联U23,沙迦U23 vs 艾维赫达U23,,not reconstructed from future result,,,UNKNOWN,unknown,low,,PENDING_RESULT,2026-10-04T12:07:48.788371+08:00,aba3014e2802517f4bc1,
2026-10-04,3096417,V3,北爱女超,克里夫顿维尔女足 vs 格伦杜兰女足,,not reconstructed from future result,,,UNKNOWN,unknown,low,,PENDING_RESULT,,,
2026-10-04,3096417,V4,北爱女超,克里夫顿维尔女足 vs 格伦杜兰女足,,not reconstructed from future result,,,UNKNOWN,unknown,low,,PENDING_RESULT,2026-10-04T12:07:48.788371+08:00,82dde8fd4d441dba21cc,
2026-10-04,3096418,V3,北爱女超,克鲁萨德前锋女足 vs 德利城女足,,not reconstructed from future result,,,UNKNOWN,unknown,low,,PENDING_RESULT,,,
2026-10-04,3096418,V4,北爱女超,克鲁萨德前锋女足 vs 德利城女足,,not reconstructed from future result,,,UNKNOWN,unknown,low,,PENDING_RESULT,2026-10-04T12:07:48.788371+08:00,1a2983a9fb9522dc2bfe,
2026-10-04,3096419,V3,北爱女超,拉恩FC女足 vs 里斯布恩女足,,not reconstructed from future result,,,UNKNOWN,unknown,low,,PENDING_RESULT,,,
2026-10-04,3096419,V4,北爱女超,拉恩FC女足 vs 里斯布恩女足,,not reconstructed from future result,,,UNKNOWN,unknown,low,,PENDING_RESULT,2026-10-04T12:07:48.788371+08:00,3ed5bcb1254881cb2220,
2026-10-04,3096420,V3,北爱女超,里斯本流浪女足 vs 连菲特女足,,not reconstructed from future result,,,UNKNOWN,unknown,low,,PENDING_RESULT,,,
2026-10-04,3096420,V4,北爱女超,里斯本流浪女足 vs 连菲特女足,,not reconstructed from future result,,,UNKNOWN,unknown,low,,PENDING_RESULT,2026-10-04T12:07:48.788371+08:00,e2ccc59e1f70bd58041c,
2026-10-04,3096421,V3,希腊女超,PAOK沙朗历基女足 vs 阿吉亚女足,,not reconstructed from future result,,,UNKNOWN,unknown,low,,PENDING_RESULT,,,
2026-10-04,3096421,V4,希腊女超,PAOK沙朗历基女足 vs 阿吉亚女足,,not reconstructed from future result,,,UNKNOWN,unknown,low,,PENDING_RESULT,2026-10-04T12:07:48.788371+08:00,5eb69fe3615c64f6deca,
2026-10-04,3096423,V3,新西女超,伊斯特恩沙伯女足 vs 威灵顿凤凰女足后备队,0-0,not reconstructed from future result,,,UNKNOWN,unknown,low,,PENDING_RESULT,,,
2026-10-04,3096423,V4,新西女超,伊斯特恩沙伯女足 vs 威灵顿凤凰女足后备队,0-0,not reconstructed from future result,,,UNKNOWN,unknown,low,,PENDING_RESULT,2026-10-04T10:07:42.469190+08:00,155cafe377bf65add615,N
2026-10-04,3096424,V3,菲律甲,梅拉尔马尼拉 vs 菲律宾军队,,not reconstructed from future result,,,UNKNOWN,unknown,low,,PENDING_RESULT,,,
2026-10-04,3096424,V4,菲律甲,梅拉尔马尼拉 vs 菲律宾军队,,not reconstructed from future result,,,UNKNOWN,unknown,low,,PENDING_RESULT,2026-10-04T12:07:48.788371+08:00,bae157e64a3c515e564d,
2026-10-04,3096425,V3,菲律甲,达沃阿古拿斯 vs 图洛伊,,not reconstructed from future result,,,UNKNOWN,unknown,low,,PENDING_RESULT,,,
2026-10-04,3096425,V4,菲律甲,达沃阿古拿斯 vs 图洛伊,,not reconstructed from future result,,,UNKNOWN,unknown,low,,PENDING_RESULT,2026-10-04T12:07:48.788371+08:00,0ce6fc2f118032d40b15,
2026-10-04,3096426,V3,菲律甲,马尼拉挖掘者 vs 宿务俱乐部,,not reconstructed from future result,,,UNKNOWN,unknown,low,,PENDING_RESULT,,,
2026-10-04,3096426,V4,菲律甲,马尼拉挖掘者 vs 宿务俱乐部,,not reconstructed from future result,,,UNKNOWN,unknown,low,,PENDING_RESULT,2026-10-04T12:07:48.788371+08:00,fadcb0bf1c9cab794220,
2026-10-04,3096427,V3,葡女锦,布拉加女足 vs 本菲卡女足,,not reconstructed from future result,,,UNKNOWN,unknown,low,,PENDING_RESULT,,,
2026-10-04,3096427,V4,葡女锦,布拉加女足 vs 本菲卡女足,,not reconstructed from future result,,,UNKNOWN,unknown,low,,PENDING_RESULT,2026-10-04T12:07:48.788371+08:00,8144f59e9d70da07ba8b,
2026-10-04,3096428,V3,葡女锦,拉辛女足 vs 波图女足,,not reconstructed from future result,,,UNKNOWN,unknown,low,,PENDING_RESULT,,,
2026-10-04,3096428,V4,葡女锦,拉辛女足 vs 波图女足,,not reconstructed from future result,,,UNKNOWN,unknown,low,,PENDING_RESULT,2026-10-04T12:07:48.788371+08:00,2d974dbf2ced36d2741e,
2026-10-04,3096429,V3,葡女锦,里奥阿维女足 vs 马里迪莫女足,,not reconstructed from future result,,,UNKNOWN,unknown,low,,PENDING_RESULT,,,
2026-10-04,3096429,V4,葡女锦,里奥阿维女足 vs 马里迪莫女足,,not reconstructed from future result,,,UNKNOWN,unknown,low,,PENDING_RESULT,2026-10-04T12:07:48.788371+08:00,4100deb953d378677329,
2026-10-04,3096430,V3,阿根业余锦,圣马丁福莫萨 vs 阿特纳斯体育,,not reconstructed from future result,,,UNKNOWN,unknown,low,,PENDING_RESULT,,,
2026-10-04,3096430,V4,阿根业余锦,圣马丁福莫萨 vs 阿特纳斯体育,,not reconstructed from future result,,,UNKNOWN,unknown,low,,PENDING_RESULT,2026-10-04T12:07:48.788371+08:00,4ee20ffe76ce7209d53b,
2026-10-04,3096431,V3,阿根业余锦,阿尔瓦拉多 vs 贝尔格拉诺防卫队(VR),,not reconstructed from future result,,,UNKNOWN,unknown,low,,PENDING_RESULT,,,
2026-10-04,3096431,V4,阿根业余锦,阿尔瓦拉多 vs 贝尔格拉诺防卫队(VR),,not reconstructed from future result,,,UNKNOWN,unknown,low,,PENDING_RESULT,2026-10-04T12:07:48.788371+08:00,c8076fa287f98f7dccc7,
2026-10-04,3096432,V3,阿根业余锦,奇维尔科伊体操 vs 奥林匹奥,,not reconstructed from future result,,,UNKNOWN,unknown,low,,PENDING_RESULT,,,
2026-10-04,3096432,V4,阿根业余锦,奇维尔科伊体操 vs 奥林匹奥,,not reconstructed from future result,,,UNKNOWN,unknown,low,,PENDING_RESULT,2026-10-04T12:07:48.788371+08:00,8a067543c36138204176,
2026-10-04,3096433,V3,阿根业余锦,西波列蒂 vs 索尔福姆,,not reconstructed from future result,,,UNKNOWN,unknown,low,,PENDING_RESULT,,,
2026-10-04,3096433,V4,阿根业余锦,西波列蒂 vs 索尔福姆,,not reconstructed from future result,,,UNKNOWN,unknown,low,,PENDING_RESULT,2026-10-04T12:07:48.788371+08:00,9776d967e57ba152f2fb,
2026-10-04,3096434,V3,乌拉乙,科尔隆 vs 奥瑞多拉巴斯,,not reconstructed from future result,,,UNKNOWN,unknown,low,,PENDING_RESULT,2026-10-04T12:07:48+08:00,6a379d97131ac7037fc2,不投
2026-10-04,3096434,V4,乌拉乙,科尔隆 vs 奥瑞多拉巴斯,,not reconstructed from future result,,,UNKNOWN,unknown,low,,PENDING_RESULT,2026-10-04T12:07:48.788371+08:00,bcedad28260795355883,N
2026-10-04,3096435,V3,乌拉乙,芬斯 vs 蒙特维迪奥,,not reconstructed from future result,,,UNKNOWN,unknown,low,,PENDING_RESULT,2026-10-04T12:07:48+08:00,5775d73854ee70115f45,不投
2026-10-04,3096435,V4,乌拉乙,芬斯 vs 蒙特维迪奥,,not reconstructed from future result,,,UNKNOWN,unknown,low,,PENDING_RESULT,2026-10-04T09:58:08.993953+08:00,5f428a7238ca984025be,B
2026-10-04,3096436,V3,乌拉乙,佩莱扎 vs 切里托,,not reconstructed from future result,,,UNKNOWN,unknown,low,,PENDING_RESULT,2026-10-04T12:07:48+08:00,ef3f1fc817805eb01301,不投
2026-10-04,3096436,V4,乌拉乙,佩莱扎 vs 切里托,,not reconstructed from future result,,,UNKNOWN,unknown,low,,PENDING_RESULT,2026-10-04T12:07:48.788371+08:00,97494ff8ec7e0aee0cea,N
2026-10-04,3096437,V3,乌拉乙,LA卢兹 vs 蒙得维的亚河床,,not reconstructed from future result,,,UNKNOWN,unknown,low,,PENDING_RESULT,2026-10-04T12:07:48+08:00,4164ef48e10ddfad4b41,不投
2026-10-04,3096437,V4,乌拉乙,LA卢兹 vs 蒙得维的亚河床,,not reconstructed from future result,,,UNKNOWN,unknown,low,,PENDING_RESULT,2026-10-04T12:07:48.788371+08:00,f3fda921015fe224e10b,N
2026-10-04,3096439,V3,委内乙,卡贝略港学院B队 vs 拉腊体育,,not reconstructed from future result,,,UNKNOWN,unknown,low,,PENDING_RESULT,,,
2026-10-04,3096439,V4,委内乙,卡贝略港学院B队 vs 拉腊体育,,not reconstructed from future result,,,UNKNOWN,unknown,low,,PENDING_RESULT,2026-10-04T12:07:48.788371+08:00,ee1c880190fc96d9e9a4,
2026-10-04,3096440,V3,委内乙,乌勒纳 vs 巴利纳斯竞技,,not reconstructed from future result,,,UNKNOWN,unknown,low,,PENDING_RESULT,,,
2026-10-04,3096440,V4,委内乙,乌勒纳 vs 巴利纳斯竞技,,not reconstructed from future result,,,UNKNOWN,unknown,low,,PENDING_RESULT,2026-10-04T12:07:48.788371+08:00,43cd0e1dd9e64db3a1db,
2026-10-04,3096441,V3,委内乙,FC萨莫拿B队 vs 亚拉库雅诺斯,,not reconstructed from future result,,,UNKNOWN,unknown,low,,PENDING_RESULT,,,
2026-10-04,3096441,V4,委内乙,FC萨莫拿B队 vs 亚拉库雅诺斯,,not reconstructed from future result,,,UNKNOWN,unknown,low,,PENDING_RESULT,2026-10-04T12:07:48.788371+08:00,4cd65fe1d3f06a47b09d,
2026-10-04,3096442,V3,国际友谊,德国U16 vs 奥地利U16,,not reconstructed from future result,,,UNKNOWN,unknown,low,,PENDING_RESULT,,,
2026-10-04,3096442,V4,国际友谊,德国U16 vs 奥地利U16,,not reconstructed from future result,,,UNKNOWN,unknown,low,,PENDING_RESULT,2026-10-04T12:07:48.788371+08:00,101ee45dc67bd6bcd774,
2026-10-04,3096443,V3,国际友谊,巴西U20 vs 墨西哥U20,,not reconstructed from future result,,,UNKNOWN,unknown,low,,PENDING_RESULT,,,
2026-10-04,3096443,V4,国际友谊,巴西U20 vs 墨西哥U20,,not reconstructed from future result,,,UNKNOWN,unknown,low,,PENDING_RESULT,2026-10-04T09:58:08.993953+08:00,3afdabbdb17433b06f0e,C
2026-10-04,3096444,V3,国际友谊,波兰U16 vs 希腊U16,,not reconstructed from future result,,,UNKNOWN,unknown,low,,PENDING_RESULT,,,
2026-10-04,3096444,V4,国际友谊,波兰U16 vs 希腊U16,,not reconstructed from future result,,,UNKNOWN,unknown,low,,PENDING_RESULT,2026-10-04T12:07:48.788371+08:00,974d0dc7d407de2cf33f,
2026-10-04,3096445,V3,国际友谊,法罗群岛U19 vs 阿联酋U19,,not reconstructed from future result,,,UNKNOWN,unknown,low,,PENDING_RESULT,,,
2026-10-04,3096445,V4,国际友谊,法罗群岛U19 vs 阿联酋U19,,not reconstructed from future result,,,UNKNOWN,unknown,low,,PENDING_RESULT,2026-10-04T12:07:48.788371+08:00,4baf89d5d5dc897d9c5c,
2026-10-04,3096446,V3,国际友谊,克罗地亚U19 vs 土耳其U19,,not reconstructed from future result,,,UNKNOWN,unknown,low,,PENDING_RESULT,,,
2026-10-04,3096446,V4,国际友谊,克罗地亚U19 vs 土耳其U19,,not reconstructed from future result,,,UNKNOWN,unknown,low,,PENDING_RESULT,2026-10-04T12:07:48.788371+08:00,f9d5a2f8da7a035e8d25,
2026-10-04,3096447,V3,国际友谊,德国U17 vs 英格兰U17,,not reconstructed from future result,,,UNKNOWN,unknown,low,,PENDING_RESULT,,,
2026-10-04,3096447,V4,国际友谊,德国U17 vs 英格兰U17,,not reconstructed from future result,,,UNKNOWN,unknown,low,,PENDING_RESULT,2026-10-04T12:07:48.788371+08:00,cdb9ae35a0966e55aac0,
2026-10-04,3096448,V3,国际友谊,以色列U17 vs 委内瑞拉U16,,not reconstructed from future result,,,UNKNOWN,unknown,low,,PENDING_RESULT,,,
2026-10-04,3096448,V4,国际友谊,以色列U17 vs 委内瑞拉U16,,not reconstructed from future result,,,UNKNOWN,unknown,low,,PENDING_RESULT,2026-10-04T12:07:48.788371+08:00,ab51a0fab73084191ac2,
2026-10-04,3096449,V3,国际友谊,丹麦U20 vs 美国U20,,not reconstructed from future result,,,UNKNOWN,unknown,low,,PENDING_RESULT,,,
2026-10-04,3096449,V4,国际友谊,丹麦U20 vs 美国U20,,not reconstructed from future result,,,UNKNOWN,unknown,low,,PENDING_RESULT,2026-10-04T09:58:08.993953+08:00,fef544beb873c0467c60,C
2026-10-04,3096450,V3,国际友谊,乌兹别克斯坦U20 vs 沙特阿拉伯U20,,not reconstructed from future result,,,UNKNOWN,unknown,low,,PENDING_RESULT,,,
2026-10-04,3096450,V4,国际友谊,乌兹别克斯坦U20 vs 沙特阿拉伯U20,,not reconstructed from future result,,,UNKNOWN,unknown,low,,PENDING_RESULT,2026-10-04T12:07:48.788371+08:00,ece8dd5e79d253c7c04f,
2026-10-04,3096451,V3,球会友谊,汉堡 vs 哥本哈根,,not reconstructed from future result,,,UNKNOWN,unknown,low,,PENDING_RESULT,,,
2026-10-04,3096451,V4,球会友谊,汉堡 vs 哥本哈根,,not reconstructed from future result,,,UNKNOWN,unknown,low,,PENDING_RESULT,2026-10-04T12:07:48.788371+08:00,cdb6e7457b609dce976b,N
2026-10-04,3096452,V3,国际友谊,吉尔吉斯斯坦 vs 黎巴嫩,,not reconstructed from future result,,,UNKNOWN,unknown,low,,PENDING_RESULT,,,
2026-10-04,3096452,V4,国际友谊,吉尔吉斯斯坦 vs 黎巴嫩,,not reconstructed from future result,,,UNKNOWN,unknown,low,,PENDING_RESULT,2026-10-04T12:07:48.788371+08:00,6cc4f33fe527ad07023d,
2026-10-04,3096453,V3,国际友谊,阿塞拜疆U19 vs 爱尔兰U19,,not reconstructed from future result,,,UNKNOWN,unknown,low,,PENDING_RESULT,,,
2026-10-04,3096453,V4,国际友谊,阿塞拜疆U19 vs 爱尔兰U19,,not reconstructed from future result,,,UNKNOWN,unknown,low,,PENDING_RESULT,2026-10-04T12:07:48.788371+08:00,4e4da2b1a5497cfd3cae,
2026-10-04,3096454,V3,国际友谊,斯洛文尼亚U19 vs 卡塔尔U19,,not reconstructed from future result,,,UNKNOWN,unknown,low,,PENDING_RESULT,,,
2026-10-04,3096454,V4,国际友谊,斯洛文尼亚U19 vs 卡塔尔U19,,not reconstructed from future result,,,UNKNOWN,unknown,low,,PENDING_RESULT,2026-10-04T12:07:48.788371+08:00,267205ba635b6ceb0c3f,
2026-10-04,3096455,V3,球会友谊,卢多戈雷茨 vs 查洛摩利,,not reconstructed from future result,,,UNKNOWN,unknown,low,,PENDING_RESULT,,,
2026-10-04,3096455,V4,球会友谊,卢多戈雷茨 vs 查洛摩利,,not reconstructed from future result,,,UNKNOWN,unknown,low,,PENDING_RESULT,2026-10-04T12:07:48.788371+08:00,4158678d2dc4ea7cec4c,
2026-10-04,3096456,V3,国际友谊,玻利维亚 vs 冈比亚,,not reconstructed from future result,,,UNKNOWN,unknown,low,,PENDING_RESULT,,,
2026-10-04,3096456,V4,国际友谊,玻利维亚 vs 冈比亚,,not reconstructed from future result,,,UNKNOWN,unknown,low,,PENDING_RESULT,2026-10-04T12:07:48.788371+08:00,d813fad9b02bedc3d435,
2026-10-04,3096583,V3,智利杯,希金斯 vs 康塞普西翁,,not reconstructed from future result,,,UNKNOWN,unknown,low,,PENDING_RESULT,2026-10-04T09:02:52+08:00,e5e2ecdafb0dbc190d32,不投
2026-10-04,3096583,V4,智利杯,希金斯 vs 康塞普西翁,,not reconstructed from future result,,,UNKNOWN,unknown,low,,PENDING_RESULT,2026-10-04T12:07:48.788371+08:00,4b02b0e9dcfd62ac813a,
2026-10-04,3097027,V3,阿女甲,甘拿斯亚女足 vs 班菲尔德女足,,not reconstructed from future result,,,UNKNOWN,unknown,low,,PENDING_RESULT,,,
2026-10-04,3097027,V4,阿女甲,甘拿斯亚女足 vs 班菲尔德女足,,not reconstructed from future result,,,UNKNOWN,unknown,low,,PENDING_RESULT,2026-10-04T12:07:48.788371+08:00,3d3626ee8efec110b0ef,
2026-10-04,3097034,V3,突尼乙,布哈杰拉 vs 史利玛内,,not reconstructed from future result,,,UNKNOWN,unknown,low,,PENDING_RESULT,,,
2026-10-04,3097034,V4,突尼乙,布哈杰拉 vs 史利玛内,,not reconstructed from future result,,,UNKNOWN,unknown,low,,PENDING_RESULT,2026-10-04T12:07:48.788371+08:00,c77ad1b1b3e218ddc31e,
2026-10-04,3097035,V3,突尼乙,JDB运动会 vs 阿里亚纳,,not reconstructed from future result,,,UNKNOWN,unknown,low,,PENDING_RESULT,,,
2026-10-04,3097035,V4,突尼乙,JDB运动会 vs 阿里亚纳,,not reconstructed from future result,,,UNKNOWN,unknown,low,,PENDING_RESULT,2026-10-04T12:07:48.788371+08:00,0e87c46d4ee8c1869107,
2026-10-04,3097036,V3,突尼乙,卡拉亚体育 vs 卡罗安纳瑟,,not reconstructed from future result,,,UNKNOWN,unknown,low,,PENDING_RESULT,,,
2026-10-04,3097036,V4,突尼乙,卡拉亚体育 vs 卡罗安纳瑟,,not reconstructed from future result,,,UNKNOWN,unknown,low,,PENDING_RESULT,2026-10-04T12:07:48.788371+08:00,b7292a0f0e5ece141289,
2026-10-04,3097037,V3,突尼乙,卡塞林 vs 奥林匹克科夫,,not reconstructed from future result,,,UNKNOWN,unknown,low,,PENDING_RESULT,,,
2026-10-04,3097037,V4,突尼乙,卡塞林 vs 奥林匹克科夫,,not reconstructed from future result,,,UNKNOWN,unknown,low,,PENDING_RESULT,2026-10-04T12:07:48.788371+08:00,8814b12a40669d8ab490,
2026-10-04,3097038,V3,突尼乙,科巴 vs EGS加夫萨,,not reconstructed from future result,,,UNKNOWN,unknown,low,,PENDING_RESULT,,,
2026-10-04,3097038,V4,突尼乙,科巴 vs EGS加夫萨,,not reconstructed from future result,,,UNKNOWN,unknown,low,,PENDING_RESULT,2026-10-04T12:07:48.788371+08:00,823ec3c7cd467ab8edfb,
2026-10-04,3097039,V3,突尼乙,古苏尔艾苏福 vs 梅德宁,,not reconstructed from future result,,,UNKNOWN,unknown,low,,PENDING_RESULT,,,
2026-10-04,3097039,V4,突尼乙,古苏尔艾苏福 vs 梅德宁,,not reconstructed from future result,,,UNKNOWN,unknown,low,,PENDING_RESULT,2026-10-04T12:07:48.788371+08:00,51b811ece987f9628bc3,
2026-10-04,3097040,V3,突尼乙,莱德耶夫 vs 布舍哈曼,,not reconstructed from future result,,,UNKNOWN,unknown,low,,PENDING_RESULT,,,
2026-10-04,3097040,V4,突尼乙,莱德耶夫 vs 布舍哈曼,,not reconstructed from future result,,,UNKNOWN,unknown,low,,PENDING_RESULT,2026-10-04T12:07:48.788371+08:00,5e6eca7ce6b6bf10ffc9,
2026-10-04,3097041,V3,突尼乙,加贝申 vs 穆克宁竞技,,not reconstructed from future result,,,UNKNOWN,unknown,low,,PENDING_RESULT,,,
2026-10-04,3097041,V4,突尼乙,加贝申 vs 穆克宁竞技,,not reconstructed from future result,,,UNKNOWN,unknown,low,,PENDING_RESULT,2026-10-04T12:07:48.788371+08:00,a04164500429bd8a50dc,
2026-10-04,3097053,V3,球会友谊,AEK雅典(中) vs 帕纳多里高斯,,not reconstructed from future result,,,UNKNOWN,unknown,low,,PENDING_RESULT,,,
2026-10-04,3097053,V4,球会友谊,AEK雅典(中) vs 帕纳多里高斯,,not reconstructed from future result,,,UNKNOWN,unknown,low,,PENDING_RESULT,2026-10-04T12:07:48.788371+08:00,081952998e4859bcc752,
2026-10-04,3097057,V3,马来A1联,雪兰莪大学AAK vs 武装部队,,not reconstructed from future result,,,UNKNOWN,unknown,low,,PENDING_RESULT,,,
2026-10-04,3097057,V4,马来A1联,雪兰莪大学AAK vs 武装部队,,not reconstructed from future result,,,UNKNOWN,unknown,low,,PENDING_RESULT,2026-10-04T12:07:48.788371+08:00,a9e3c9ec3f3e28c4f3fa,
2026-10-04,3097058,V3,马来A1联,达曼沙拿联 vs 曼戎市,,not reconstructed from future result,,,UNKNOWN,unknown,low,,PENDING_RESULT,,,
2026-10-04,3097058,V4,马来A1联,达曼沙拿联 vs 曼戎市,,not reconstructed from future result,,,UNKNOWN,unknown,low,,PENDING_RESULT,2026-10-04T12:07:48.788371+08:00,c0007760b9efc84f2a66,
2026-10-04,3097073,V3,球会友谊,莫斯科迪纳摩 vs 罗迪纳莫斯科,,not reconstructed from future result,,,UNKNOWN,unknown,low,,PENDING_RESULT,,,
2026-10-04,3097073,V4,球会友谊,莫斯科迪纳摩 vs 罗迪纳莫斯科,,not reconstructed from future result,,,UNKNOWN,unknown,low,,PENDING_RESULT,2026-10-04T12:07:48.788371+08:00,139faac8c734122ef11d,
2026-10-04,3097077,V3,球会友谊,莫斯科中央陆军 vs 图拉兵工厂,,not reconstructed from future result,,,UNKNOWN,unknown,low,,PENDING_RESULT,,,
2026-10-04,3097077,V4,球会友谊,莫斯科中央陆军 vs 图拉兵工厂,,not reconstructed from future result,,,UNKNOWN,unknown,low,,PENDING_RESULT,2026-10-04T12:07:48.788371+08:00,a16699b6c864695cfbf3,
2026-10-04,3097083,V3,马来A1联,USM FC vs 帕拉克,,not reconstructed from future result,,,UNKNOWN,unknown,low,,PENDING_RESULT,,,
2026-10-04,3097083,V4,马来A1联,USM FC vs 帕拉克,,not reconstructed from future result,,,UNKNOWN,unknown,low,,PENDING_RESULT,2026-10-04T12:07:48.788371+08:00,044ce9d54791ab5b08d5,
2026-10-04,3097101,V3,球会友谊,莫尔德 vs 克里斯蒂安松,,not reconstructed from future result,,,UNKNOWN,unknown,low,,PENDING_RESULT,,,
2026-10-04,3097101,V4,球会友谊,莫尔德 vs 克里斯蒂安松,,not reconstructed from future result,,,UNKNOWN,unknown,low,,PENDING_RESULT,2026-10-04T12:07:48.788371+08:00,c6af8a1a547a6607c328,
2026-10-04,3097109,V3,智利女甲,科洛科洛女足 vs 伊库伊奎女足,,not reconstructed from future result,,,UNKNOWN,unknown,low,,PENDING_RESULT,,,
2026-10-04,3097109,V4,智利女甲,科洛科洛女足 vs 伊库伊奎女足,,not reconstructed from future result,,,UNKNOWN,unknown,low,,PENDING_RESULT,2026-10-04T12:07:48.788371+08:00,4b6603a5b8d3173a8dac,
2026-10-04,3097112,V3,智利女甲,天主教大学女足 vs 艾斯潘诺拉女足,,not reconstructed from future result,,,UNKNOWN,unknown,low,,PENDING_RESULT,,,
2026-10-04,3097112,V4,智利女甲,天主教大学女足 vs 艾斯潘诺拉女足,,not reconstructed from future result,,,UNKNOWN,unknown,low,,PENDING_RESULT,2026-10-04T12:07:48.788371+08:00,40e37114a23273e2c7d7,
2026-10-04,3097133,V3,球会友谊,瓜达拉哈拉 vs 墨西哥美洲,,not reconstructed from future result,,,UNKNOWN,unknown,low,,PENDING_RESULT,,,
2026-10-04,3097133,V4,球会友谊,瓜达拉哈拉 vs 墨西哥美洲,,not reconstructed from future result,,,UNKNOWN,unknown,low,,PENDING_RESULT,2026-10-04T12:07:48.788371+08:00,215e3176bab8448826f7,
2026-10-04,3097212,V3,布法联,玛伢 vs CFFEB,,not reconstructed from future result,,,UNKNOWN,unknown,low,,PENDING_RESULT,,,
2026-10-04,3097212,V4,布法联,玛伢 vs CFFEB,,not reconstructed from future result,,,UNKNOWN,unknown,low,,PENDING_RESULT,2026-10-04T12:07:48.788371+08:00,0ba2b0a956e01de1f960,
2026-10-04,3097213,V3,布法联,卡斯卡德竞技 vs 焦点体育FC,,not reconstructed from future result,,,UNKNOWN,unknown,low,,PENDING_RESULT,,,
2026-10-04,3097213,V4,布法联,卡斯卡德竞技 vs 焦点体育FC,,not reconstructed from future result,,,UNKNOWN,unknown,low,,PENDING_RESULT,2026-10-04T12:07:48.788371+08:00,a91cdb1a93bd0019289e,
2026-10-04,3097214,V3,布法联,RC卡迪奥戈 vs US武装部队,,not reconstructed from future result,,,UNKNOWN,unknown,low,,PENDING_RESULT,,,
2026-10-04,3097214,V4,布法联,RC卡迪奥戈 vs US武装部队,,not reconstructed from future result,,,UNKNOWN,unknown,low,,PENDING_RESULT,2026-10-04T12:07:48.788371+08:00,ead642e9d3b6300c81d9,
2026-10-04,3097216,V3,阿联杯,阿拉比欧姆古温 vs 奥鲁巴,,not reconstructed from future result,,,UNKNOWN,unknown,low,,PENDING_RESULT,2026-10-04T09:02:52+08:00,4dd2b86cd15704511f8c,不投
2026-10-04,3097216,V4,阿联杯,阿拉比欧姆古温 vs 奥鲁巴,,not reconstructed from future result,,,UNKNOWN,unknown,low,,PENDING_RESULT,2026-10-04T12:07:48.788371+08:00,2b302ad1c47e69586cfd,
2026-10-04,3097217,V3,阿联杯,阿尔富伊拉 vs 迪巴,,not reconstructed from future result,,,UNKNOWN,unknown,low,,PENDING_RESULT,2026-10-04T09:02:52+08:00,287b5203c0a56eccfac4,不投
2026-10-04,3097217,V4,阿联杯,阿尔富伊拉 vs 迪巴,,not reconstructed from future result,,,UNKNOWN,unknown,low,,PENDING_RESULT,2026-10-04T12:07:48.788371+08:00,f23279a8e7169b5a204b,
2026-10-04,3097220,V3,国际友谊,俄罗斯U19 vs 亚美尼亚U20,,not reconstructed from future result,,,UNKNOWN,unknown,low,,PENDING_RESULT,,,
2026-10-04,3097220,V4,国际友谊,俄罗斯U19 vs 亚美尼亚U20,,not reconstructed from future result,,,UNKNOWN,unknown,low,,PENDING_RESULT,2026-10-04T12:07:48.788371+08:00,1d9ae7eb3842b9eead05,
2026-10-04,3097221,V3,国际友谊,北马其顿U18 vs 黑山U18,,not reconstructed from future result,,,UNKNOWN,unknown,low,,PENDING_RESULT,,,
2026-10-04,3097221,V4,国际友谊,北马其顿U18 vs 黑山U18,,not reconstructed from future result,,,UNKNOWN,unknown,low,,PENDING_RESULT,2026-10-04T12:07:48.788371+08:00,45e1f8e45e7970d67bbc,
2026-10-04,3097222,V3,国际友谊,墨西哥U17 vs 中国U17,,not reconstructed from future result,,,UNKNOWN,unknown,low,,PENDING_RESULT,,,
2026-10-04,3097222,V4,国际友谊,墨西哥U17 vs 中国U17,,not reconstructed from future result,,,UNKNOWN,unknown,low,,PENDING_RESULT,2026-10-04T12:07:48.788371+08:00,24ff5037b518d085fdb4,
2026-10-04,3097223,V3,国际友谊,坦桑尼亚U17 vs 阿根廷U17,,not reconstructed from future result,,,UNKNOWN,unknown,low,,PENDING_RESULT,,,
2026-10-04,3097223,V4,国际友谊,坦桑尼亚U17 vs 阿根廷U17,,not reconstructed from future result,,,UNKNOWN,unknown,low,,PENDING_RESULT,2026-10-04T12:07:48.788371+08:00,1a445aedd962754c446f,
2026-10-04,3097224,V3,国际友谊,缅甸U17 vs 印度U17,,not reconstructed from future result,,,UNKNOWN,unknown,low,,PENDING_RESULT,,,
2026-10-04,3097224,V4,国际友谊,缅甸U17 vs 印度U17,,not reconstructed from future result,,,UNKNOWN,unknown,low,,PENDING_RESULT,2026-10-04T12:07:48.788371+08:00,5b72234eaa742898f8f9,
2026-10-04,3097225,V3,国际友谊,巴拉诺维治 vs 白俄罗斯U21,,not reconstructed from future result,,,UNKNOWN,unknown,low,,PENDING_RESULT,,,
2026-10-04,3097225,V4,国际友谊,巴拉诺维治 vs 白俄罗斯U21,,not reconstructed from future result,,,UNKNOWN,unknown,low,,PENDING_RESULT,2026-10-04T12:07:48.788371+08:00,5effa4d50de9d3255e97,
2026-10-04,3097226,V3,国际友谊,塞内加尔 vs 科摩罗,,not reconstructed from future result,,,UNKNOWN,unknown,low,,PENDING_RESULT,,,
2026-10-04,3097226,V4,国际友谊,塞内加尔 vs 科摩罗,,not reconstructed from future result,,,UNKNOWN,unknown,low,,PENDING_RESULT,2026-10-04T12:07:48.788371+08:00,ce508dc2c3d2642c6a4f,
2026-10-04,3097227,V3,国际友谊,埃及 vs 南非,,not reconstructed from future result,,,UNKNOWN,unknown,low,,PENDING_RESULT,,,
2026-10-04,3097227,V4,国际友谊,埃及 vs 南非,,not reconstructed from future result,,,UNKNOWN,unknown,low,,PENDING_RESULT,2026-10-04T09:58:08.993953+08:00,c42d2ccbfe8aad0d38ac,C
2026-10-04,3097228,V3,国际友谊,塞尔维亚女足U17 vs 斯洛文尼亚女足U17,,not reconstructed from future result,,,UNKNOWN,unknown,low,,PENDING_RESULT,,,
2026-10-04,3097228,V4,国际友谊,塞尔维亚女足U17 vs 斯洛文尼亚女足U17,,not reconstructed from future result,,,UNKNOWN,unknown,low,,PENDING_RESULT,2026-10-04T12:07:48.788371+08:00,da4c8b9a553dbb0df41a,
2026-10-04,3097229,V3,国际友谊,南非U23 vs 阿尔及利亚U23,,not reconstructed from future result,,,UNKNOWN,unknown,low,,PENDING_RESULT,,,
2026-10-04,3097229,V4,国际友谊,南非U23 vs 阿尔及利亚U23,,not reconstructed from future result,,,UNKNOWN,unknown,low,,PENDING_RESULT,2026-10-04T12:07:48.788371+08:00,20fa0e2a54c53e4424bc,
2026-10-04,3097230,V3,国际友谊,摩洛哥 vs 马里,,not reconstructed from future result,,,UNKNOWN,unknown,low,,PENDING_RESULT,,,
2026-10-04,3097230,V4,国际友谊,摩洛哥 vs 马里,,not reconstructed from future result,,,UNKNOWN,unknown,low,,PENDING_RESULT,2026-10-04T09:58:08.993953+08:00,70222350df96ff1290fb,C
2026-10-04,3097231,V3,球会友谊,明斯克迪纳摩 vs 明斯克大学X实验室,,not reconstructed from future result,,,UNKNOWN,unknown,low,,PENDING_RESULT,,,
2026-10-04,3097231,V4,球会友谊,明斯克迪纳摩 vs 明斯克大学X实验室,,not reconstructed from future result,,,UNKNOWN,unknown,low,,PENDING_RESULT,2026-10-04T12:07:48.788371+08:00,3e6d62368326700ac473,
2026-10-04,3097232,V3,球会友谊,CSM斯拉蒂纳 vs 克拉约瓦大学,,not reconstructed from future result,,,UNKNOWN,unknown,low,,PENDING_RESULT,,,
2026-10-04,3097232,V4,球会友谊,CSM斯拉蒂纳 vs 克拉约瓦大学,,not reconstructed from future result,,,UNKNOWN,unknown,low,,PENDING_RESULT,2026-10-04T12:07:48.788371+08:00,a4c7759559bfe57adaaa,
2026-10-04,3097323,V3,科特超,ASEC米莫萨 vs 斯特拉加美俱乐部,,not reconstructed from future result,,,UNKNOWN,unknown,low,,PENDING_RESULT,,,
2026-10-04,3097323,V4,科特超,ASEC米莫萨 vs 斯特拉加美俱乐部,,not reconstructed from future result,,,UNKNOWN,unknown,low,,PENDING_RESULT,2026-10-04T12:07:48.788371+08:00,f8b89853f30da01a979e,
2026-10-04,3097324,V3,科特超,德耶卡努 vs 皇家军队,,not reconstructed from future result,,,UNKNOWN,unknown,low,,PENDING_RESULT,,,
2026-10-04,3097324,V4,科特超,德耶卡努 vs 皇家军队,,not reconstructed from future result,,,UNKNOWN,unknown,low,,PENDING_RESULT,2026-10-04T12:07:48.788371+08:00,4c43dbe23dba3adb846b,
2026-10-04,3097325,V3,科特超,US乔洛戈 vs 圣佩德罗FC,,not reconstructed from future result,,,UNKNOWN,unknown,low,,PENDING_RESULT,,,
2026-10-04,3097325,V4,科特超,US乔洛戈 vs 圣佩德罗FC,,not reconstructed from future result,,,UNKNOWN,unknown,low,,PENDING_RESULT,2026-10-04T12:07:48.788371+08:00,ce22d09d058b88ad4542,
2026-10-04,3097331,V3,泰乙北,帕克纳姆波 vs 清莱托威,,not reconstructed from future result,,,UNKNOWN,unknown,low,,PENDING_RESULT,,,
2026-10-04,3097331,V4,泰乙北,帕克纳姆波 vs 清莱托威,,not reconstructed from future result,,,UNKNOWN,unknown,low,,PENDING_RESULT,2026-10-04T12:07:48.788371+08:00,e682cffbc63045a73ab9,
2026-10-04,3097332,V3,泰乙北,凯郎联 vs 甘烹碧,,not reconstructed from future result,,,UNKNOWN,unknown,low,,PENDING_RESULT,,,
2026-10-04,3097332,V4,泰乙北,凯郎联 vs 甘烹碧,,not reconstructed from future result,,,UNKNOWN,unknown,low,,PENDING_RESULT,2026-10-04T12:07:48.788371+08:00,3f785afe64fcfbc9ea7f,
2026-10-04,3097333,V3,泰乙中,博乐大学 vs 昂同,,not reconstructed from future result,,,UNKNOWN,unknown,low,,PENDING_RESULT,,,
2026-10-04,3097333,V4,泰乙中,博乐大学 vs 昂同,,not reconstructed from future result,,,UNKNOWN,unknown,low,,PENDING_RESULT,2026-10-04T12:07:48.788371+08:00,4b7be063bedcdab2b4b2,
2026-10-04,3097335,V3,泰乙中,巴吞他尼大学 vs 湛杵日联,,not reconstructed from future result,,,UNKNOWN,unknown,low,,PENDING_RESULT,,,
2026-10-04,3097335,V4,泰乙中,巴吞他尼大学 vs 湛杵日联,,not reconstructed from future result,,,UNKNOWN,unknown,low,,PENDING_RESULT,2026-10-04T12:07:48.788371+08:00,db955f76034cdfc7a0fc,
2026-10-04,3097336,V3,泰乙中,辛布里勇士队 vs 北曼谷学院,,not reconstructed from future result,,,UNKNOWN,unknown,low,,PENDING_RESULT,,,
2026-10-04,3097336,V4,泰乙中,辛布里勇士队 vs 北曼谷学院,,not reconstructed from future result,,,UNKNOWN,unknown,low,,PENDING_RESULT,2026-10-04T12:07:48.788371+08:00,0c66ae91284aabfe99e2,
2026-10-04,3097337,V3,泰乙东北,耶梭通府 vs 皮查亚邦迪特大学,,not reconstructed from future result,,,UNKNOWN,unknown,low,,PENDING_RESULT,,,
2026-10-04,3097337,V4,泰乙东北,耶梭通府 vs 皮查亚邦迪特大学,,not reconstructed from future result,,,UNKNOWN,unknown,low,,PENDING_RESULT,2026-10-04T12:07:48.788371+08:00,3476c2c52af4758d06de,
2026-10-04,3097457,V3,肯尼女联,马塔雷联女足 vs 卡约尔女足,,not reconstructed from future result,,,UNKNOWN,unknown,low,,PENDING_RESULT,,,
2026-10-04,3097457,V4,肯尼女联,马塔雷联女足 vs 卡约尔女足,,not reconstructed from future result,,,UNKNOWN,unknown,low,,PENDING_RESULT,2026-10-04T12:07:48.788371+08:00,dfba763192f539c7c8a5,
2026-10-04,3097464,V3,赞比亚超,武道之星 vs 红箭队,,not reconstructed from future result,,,UNKNOWN,unknown,low,,PENDING_RESULT,,,
2026-10-04,3097464,V4,赞比亚超,武道之星 vs 红箭队,,not reconstructed from future result,,,UNKNOWN,unknown,low,,PENDING_RESULT,2026-10-04T12:07:48.788371+08:00,e282ee89da0e38dcf1d7,
2026-10-04,3097471,V3,乌兹职联,苏尔松多里奥 vs 布哈拉FA,,not reconstructed from future result,,,UNKNOWN,unknown,low,,PENDING_RESULT,,,
2026-10-04,3097471,V4,乌兹职联,苏尔松多里奥 vs 布哈拉FA,,not reconstructed from future result,,,UNKNOWN,unknown,low,,PENDING_RESULT,2026-10-04T12:07:48.788371+08:00,170690429ad3bf5c5302,
2026-10-04,3097472,V3,乌兹职联,宾约哥B队克立基 vs FA共和国B 队,,not reconstructed from future result,,,UNKNOWN,unknown,low,,PENDING_RESULT,,,
2026-10-04,3097472,V4,乌兹职联,宾约哥B队克立基 vs FA共和国B 队,,not reconstructed from future result,,,UNKNOWN,unknown,low,,PENDING_RESULT,2026-10-04T12:07:48.788371+08:00,c8ddd33356b181a869da,
2026-10-04,3097474,V3,乌兹职联,塔什干VFA vs 古里斯坦,,not reconstructed from future result,,,UNKNOWN,unknown,low,,PENDING_RESULT,,,
2026-10-04,3097474,V4,乌兹职联,塔什干VFA vs 古里斯坦,,not reconstructed from future result,,,UNKNOWN,unknown,low,,PENDING_RESULT,2026-10-04T12:07:48.788371+08:00,78588eb7c9e1338226ef,
2026-10-04,3097475,V3,乌兹职联,吉扎克FA vs 萨马尔罕沙洲,,not reconstructed from future result,,,UNKNOWN,unknown,low,,PENDING_RESULT,,,
2026-10-04,3097475,V4,乌兹职联,吉扎克FA vs 萨马尔罕沙洲,,not reconstructed from future result,,,UNKNOWN,unknown,low,,PENDING_RESULT,2026-10-04T12:07:48.788371+08:00,f870dfbf05278d31e7a7,
2026-10-04,3097477,V3,乌兹职联,达利亚FA vs 火车头BFK,,not reconstructed from future result,,,UNKNOWN,unknown,low,,PENDING_RESULT,,,
2026-10-04,3097477,V4,乌兹职联,达利亚FA vs 火车头BFK,,not reconstructed from future result,,,UNKNOWN,unknown,low,,PENDING_RESULT,2026-10-04T12:07:48.788371+08:00,b52c9550932b103f69a1,
2026-10-04,3097484,V3,西地区联,波连萨与港 vs 阿拉罗,,not reconstructed from future result,,,UNKNOWN,unknown,low,,PENDING_RESULT,,,
2026-10-04,3097484,V4,西地区联,波连萨与港 vs 阿拉罗,,not reconstructed from future result,,,UNKNOWN,unknown,low,,PENDING_RESULT,2026-10-04T12:07:48.788371+08:00,7f6448883dcdb8e06099,
2026-10-04,3097493,V3,危地乙,阿马蒂特兰 vs 科特匹克,,not reconstructed from future result,,,UNKNOWN,unknown,low,,PENDING_RESULT,,,
2026-10-04,3097493,V4,危地乙,阿马蒂特兰 vs 科特匹克,,not reconstructed from future result,,,UNKNOWN,unknown,low,,PENDING_RESULT,2026-10-04T12:07:48.788371+08:00,3bb6c90960464c22b01d,
2026-10-04,3097495,V3,智利丁,阿瓜拉 vs CD东方竞技,,not reconstructed from future result,,,UNKNOWN,unknown,low,,PENDING_RESULT,,,
2026-10-04,3097495,V4,智利丁,阿瓜拉 vs CD东方竞技,,not reconstructed from future result,,,UNKNOWN,unknown,low,,PENDING_RESULT,2026-10-04T12:07:48.788371+08:00,f8cdfd5a575cd1c54b4b,
2026-10-04,3097496,V3,智利丁,富图罗 vs 卡夫雷罗,,not reconstructed from future result,,,UNKNOWN,unknown,low,,PENDING_RESULT,,,
2026-10-04,3097496,V4,智利丁,富图罗 vs 卡夫雷罗,,not reconstructed from future result,,,UNKNOWN,unknown,low,,PENDING_RESULT,2026-10-04T12:07:48.788371+08:00,f62ddeab2ed0707b0ef9,
2026-10-04,3097497,V3,智利丁,拿华塔尔卡瓦诺 vs 帝国联,,not reconstructed from future result,,,UNKNOWN,unknown,low,,PENDING_RESULT,,,
2026-10-04,3097497,V4,智利丁,拿华塔尔卡瓦诺 vs 帝国联,,not reconstructed from future result,,,UNKNOWN,unknown,low,,PENDING_RESULT,2026-10-04T12:07:48.788371+08:00,542f1c53300c1b9cf758,
2026-10-04,3097504,V3,意女乙,弗洛西诺尼女足 vs 布雷西亚女足,,not reconstructed from future result,,,UNKNOWN,unknown,low,,PENDING_RESULT,,,
2026-10-04,3097504,V4,意女乙,弗洛西诺尼女足 vs 布雷西亚女足,,not reconstructed from future result,,,UNKNOWN,unknown,low,,PENDING_RESULT,2026-10-04T12:07:48.788371+08:00,83a5a38ef52617e458e6,
2026-10-04,3097522,V3,日地区联,新泻管理大学B队 vs 阿蒂斯塔阿萨马,,not reconstructed from future result,,,UNKNOWN,unknown,low,,PENDING_RESULT,,,
2026-10-04,3097522,V4,日地区联,新泻管理大学B队 vs 阿蒂斯塔阿萨马,,not reconstructed from future result,,,UNKNOWN,unknown,low,,PENDING_RESULT,2026-10-04T12:07:48.788371+08:00,d150982aa51368bd2b7a,
2026-10-04,3097525,V3,日地区联,富山新庄 vs 福井联,0-0,not reconstructed from future result,,,UNKNOWN,unknown,low,,PENDING_RESULT,,,
2026-10-04,3097525,V4,日地区联,富山新庄 vs 福井联,0-0,not reconstructed from future result,,,UNKNOWN,unknown,low,,PENDING_RESULT,2026-10-04T12:07:48.788371+08:00,6761d33a204127db3d81,N
2026-10-04,3097533,V3,意女乙,AGSM维罗纳女足 vs 蒙卡列里女足,,not reconstructed from future result,,,UNKNOWN,unknown,low,,PENDING_RESULT,,,
2026-10-04,3097533,V4,意女乙,AGSM维罗纳女足 vs 蒙卡列里女足,,not reconstructed from future result,,,UNKNOWN,unknown,low,,PENDING_RESULT,2026-10-04T12:07:48.788371+08:00,e93c27a6ecc671ebc2e5,
2026-10-04,3097539,V3,意卓联,ASD萨拉里亚 vs 费伦蒂诺卡尔西奥,,not reconstructed from future result,,,UNKNOWN,unknown,low,,PENDING_RESULT,,,
2026-10-04,3097539,V4,意卓联,ASD萨拉里亚 vs 费伦蒂诺卡尔西奥,,not reconstructed from future result,,,UNKNOWN,unknown,low,,PENDING_RESULT,2026-10-04T12:07:48.788371+08:00,3ec94cddc87b336b4480,
2026-10-04,3097545,V3,意卓联,阿皮切1964 vs ASD桑塞维里诺,,not reconstructed from future result,,,UNKNOWN,unknown,low,,PENDING_RESULT,,,
2026-10-04,3097545,V4,意卓联,阿皮切1964 vs ASD桑塞维里诺,,not reconstructed from future result,,,UNKNOWN,unknown,low,,PENDING_RESULT,2026-10-04T12:07:48.788371+08:00,c49a59ff562d2f16d331,
2026-10-04,3097547,V3,意卓联,艾可拉 vs 庞贝,,not reconstructed from future result,,,UNKNOWN,unknown,low,,PENDING_RESULT,,,
2026-10-04,3097547,V4,意卓联,艾可拉 vs 庞贝,,not reconstructed from future result,,,UNKNOWN,unknown,low,,PENDING_RESULT,2026-10-04T12:07:48.788371+08:00,99d4d0e69aff244c71c3,
2026-10-04,3097556,V3,国际友谊,保加利亚U17 vs 马耳他U17,,not reconstructed from future result,,,UNKNOWN,unknown,low,,PENDING_RESULT,,,
2026-10-04,3097556,V4,国际友谊,保加利亚U17 vs 马耳他U17,,not reconstructed from future result,,,UNKNOWN,unknown,low,,PENDING_RESULT,2026-10-04T12:07:48.788371+08:00,d92cc5c5429c6f8be3ea,
2026-10-04,3097557,V3,国际友谊,法国U18 vs 塞内加尔U18,,not reconstructed from future result,,,UNKNOWN,unknown,low,,PENDING_RESULT,,,
2026-10-04,3097557,V4,国际友谊,法国U18 vs 塞内加尔U18,,not reconstructed from future result,,,UNKNOWN,unknown,low,,PENDING_RESULT,2026-10-04T12:07:48.788371+08:00,447209cd575a56028d3a,
2026-10-04,3097573,V3,奥丁,维瓦宾特 vs 赫福特,,not reconstructed from future result,,,UNKNOWN,unknown,low,,PENDING_RESULT,,,
2026-10-04,3097573,V4,奥丁,维瓦宾特 vs 赫福特,,not reconstructed from future result,,,UNKNOWN,unknown,low,,PENDING_RESULT,2026-10-04T09:58:08.993953+08:00,3c8572cbe7d51d47a6c1,C
2026-10-04,3097577,V3,奥丁,席克臣II队 vs 施特拉施华尔臣,,not reconstructed from future result,,,UNKNOWN,unknown,low,,PENDING_RESULT,,,
2026-10-04,3097577,V4,奥丁,席克臣II队 vs 施特拉施华尔臣,,not reconstructed from future result,,,UNKNOWN,unknown,low,,PENDING_RESULT,2026-10-04T12:07:48.788371+08:00,a4e400225537dd2efaa0,
2026-10-04,3097638,V3,意卓联,沃尔图诺 vs 夸利亚诺流浪者1998,,not reconstructed from future result,,,UNKNOWN,unknown,low,,PENDING_RESULT,,,
2026-10-04,3097638,V4,意卓联,沃尔图诺 vs 夸利亚诺流浪者1998,,not reconstructed from future result,,,UNKNOWN,unknown,low,,PENDING_RESULT,2026-10-04T12:07:48.788371+08:00,fb45993319d7c320639f,
2026-10-04,3097639,V3,意卓联,弗朗卡西奥 vs 华斯托,,not reconstructed from future result,,,UNKNOWN,unknown,low,,PENDING_RESULT,,,
2026-10-04,3097639,V4,意卓联,弗朗卡西奥 vs 华斯托,,not reconstructed from future result,,,UNKNOWN,unknown,low,,PENDING_RESULT,2026-10-04T12:07:48.788371+08:00,31752c1c5bff1b176889,
2026-10-04,3097640,V3,科索U19,马利舍瓦U19 vs KF格尼拉内U19,,not reconstructed from future result,,,UNKNOWN,unknown,low,,PENDING_RESULT,,,
2026-10-04,3097640,V4,科索U19,马利舍瓦U19 vs KF格尼拉内U19,,not reconstructed from future result,,,UNKNOWN,unknown,low,,PENDING_RESULT,2026-10-04T12:07:48.788371+08:00,e82801590abd74e38069,
2026-10-04,3097643,V3,贝宁甲,索贝马 vs 霍迪奥足球俱乐部,,not reconstructed from future result,,,UNKNOWN,unknown,low,,PENDING_RESULT,,,
2026-10-04,3097643,V4,贝宁甲,索贝马 vs 霍迪奥足球俱乐部,,not reconstructed from future result,,,UNKNOWN,unknown,low,,PENDING_RESULT,2026-10-04T12:07:48.788371+08:00,0fa4dcbef7495f86804b,
2026-10-04,3097648,V3,南非女联,约翰内斯堡大学女足 vs TUT FC 女足,,not reconstructed from future result,,,UNKNOWN,unknown,low,,PENDING_RESULT,,,
2026-10-04,3097648,V4,南非女联,约翰内斯堡大学女足 vs TUT FC 女足,,not reconstructed from future result,,,UNKNOWN,unknown,low,,PENDING_RESULT,2026-10-04T12:07:48.788371+08:00,0f3e0dc112e4b1687db8,
2026-10-04,3097679,V3,加拿北女超,AFC多伦多女足 vs 温哥华崛起女足,,not reconstructed from future result,,,UNKNOWN,unknown,low,,PENDING_RESULT,,,
2026-10-04,3097679,V4,加拿北女超,AFC多伦多女足 vs 温哥华崛起女足,,not reconstructed from future result,,,UNKNOWN,unknown,low,,PENDING_RESULT,2026-10-04T12:07:48.788371+08:00,db035b79de6f4c4a3842,
2026-10-04,3097701,V3,克亚丙,萨达亚 vs NK奥姆,,not reconstructed from future result,,,UNKNOWN,unknown,low,,PENDING_RESULT,,,
2026-10-04,3097701,V4,克亚丙,萨达亚 vs NK奥姆,,not reconstructed from future result,,,UNKNOWN,unknown,low,,PENDING_RESULT,2026-10-04T12:07:48.788371+08:00,a3fecabbcd43cc3700ec,
2026-10-04,3097702,V3,爱尔高联,米德勒顿 vs 布拉尼联,,not reconstructed from future result,,,UNKNOWN,unknown,low,,PENDING_RESULT,,,
2026-10-04,3097702,V4,爱尔高联,米德勒顿 vs 布拉尼联,,not reconstructed from future result,,,UNKNOWN,unknown,low,,PENDING_RESULT,2026-10-04T12:07:48.788371+08:00,af0bb0850e5182b7f8ca,
2026-10-04,3097703,V3,香港丙,淦源 vs 港峰,,not reconstructed from future result,,,UNKNOWN,unknown,low,,PENDING_RESULT,,,
2026-10-04,3097703,V4,香港丙,淦源 vs 港峰,,not reconstructed from future result,,,UNKNOWN,unknown,low,,PENDING_RESULT,2026-10-04T12:07:48.788371+08:00,c6432121fc4f3ad9168d,
2026-10-04,3097704,V3,香港丙,离岛 vs 香港西贡,,not reconstructed from future result,,,UNKNOWN,unknown,low,,PENDING_RESULT,,,
2026-10-04,3097704,V4,香港丙,离岛 vs 香港西贡,,not reconstructed from future result,,,UNKNOWN,unknown,low,,PENDING_RESULT,2026-10-04T12:07:48.788371+08:00,b74b6dca4c6a8bd25f75,
2026-10-04,3097705,V3,香港丙,屯门足球俱乐部 vs 瑞丰体育会,,not reconstructed from future result,,,UNKNOWN,unknown,low,,PENDING_RESULT,,,
2026-10-04,3097705,V4,香港丙,屯门足球俱乐部 vs 瑞丰体育会,,not reconstructed from future result,,,UNKNOWN,unknown,low,,PENDING_RESULT,2026-10-04T12:07:48.788371+08:00,8f3b20daae5834388840,
2026-10-04,3097712,V3,比地区,欧本U21 vs 歇尔联,,not reconstructed from future result,,,UNKNOWN,unknown,low,,PENDING_RESULT,,,
2026-10-04,3097712,V4,比地区,欧本U21 vs 歇尔联,,not reconstructed from future result,,,UNKNOWN,unknown,low,,PENDING_RESULT,2026-10-04T12:07:48.788371+08:00,7c6a62c4f905ea3453c6,
2026-10-04,3097713,V3,比地区,禾特阿博泰勒 vs 拖侯特,,not reconstructed from future result,,,UNKNOWN,unknown,low,,PENDING_RESULT,,,
2026-10-04,3097713,V4,比地区,禾特阿博泰勒 vs 拖侯特,,not reconstructed from future result,,,UNKNOWN,unknown,low,,PENDING_RESULT,2026-10-04T12:07:48.788371+08:00,5b77e46eefcde956353d,
2026-10-04,3097714,V3,比地区,鲁普尔布姆 vs 圣图尔登后备队,,not reconstructed from future result,,,UNKNOWN,unknown,low,,PENDING_RESULT,,,
2026-10-04,3097714,V4,比地区,鲁普尔布姆 vs 圣图尔登后备队,,not reconstructed from future result,,,UNKNOWN,unknown,low,,PENDING_RESULT,2026-10-04T12:07:48.788371+08:00,5c3ade2bd627bdd317d1,
2026-10-04,3097715,V3,比地区,班尼瑟 vs 甘索任,,not reconstructed from future result,,,UNKNOWN,unknown,low,,PENDING_RESULT,,,
2026-10-04,3097715,V4,比地区,班尼瑟 vs 甘索任,,not reconstructed from future result,,,UNKNOWN,unknown,low,,PENDING_RESULT,2026-10-04T12:07:48.788371+08:00,6a264bcd344b68d6ea24,
2026-10-04,3097717,V3,科特甲,威廉姆斯体育 vs AGIR FC,,not reconstructed from future result,,,UNKNOWN,unknown,low,,PENDING_RESULT,,,
2026-10-04,3097717,V4,科特甲,威廉姆斯体育 vs AGIR FC,,not reconstructed from future result,,,UNKNOWN,unknown,low,,PENDING_RESULT,2026-10-04T12:07:48.788371+08:00,1da8f0dbe3bb87667271,
2026-10-04,3097718,V3,科特甲,非洲竞技队 vs 马尔科里SC,,not reconstructed from future result,,,UNKNOWN,unknown,low,,PENDING_RESULT,,,
2026-10-04,3097718,V4,科特甲,非洲竞技队 vs 马尔科里SC,,not reconstructed from future result,,,UNKNOWN,unknown,low,,PENDING_RESULT,2026-10-04T12:07:48.788371+08:00,cacd7a5d7fcf9aa0d255,
2026-10-04,3097725,V3,乌拉乙,南德阿美利加 vs 萨尔托俱乐部,,not reconstructed from future result,,,UNKNOWN,unknown,low,,PENDING_RESULT,2026-10-04T09:02:52+08:00,3dcc69d0d04629fe104c,不投
2026-10-04,3097725,V4,乌拉乙,南德阿美利加 vs 萨尔托俱乐部,,not reconstructed from future result,,,UNKNOWN,unknown,low,,PENDING_RESULT,2026-10-04T12:07:48.788371+08:00,225a91c32d39a4b72d99,
2026-10-04,3097728,V3,克亚女联,HNK哥里卡女足 vs 奥斯积克女足,,not reconstructed from future result,,,UNKNOWN,unknown,low,,PENDING_RESULT,,,
2026-10-04,3097728,V4,克亚女联,HNK哥里卡女足 vs 奥斯积克女足,,not reconstructed from future result,,,UNKNOWN,unknown,low,,PENDING_RESULT,2026-10-04T12:07:48.788371+08:00,8b3d1de790ae1b64835e,
2026-10-04,3097731,V3,匈女杯,卡辛巴斯凯女足 vs MOL费哈瓦女足,,not reconstructed from future result,,,UNKNOWN,unknown,low,,PENDING_RESULT,2026-10-04T09:02:52+08:00,2ec1c03f4d615ccda450,不投
2026-10-04,3097731,V4,匈女杯,卡辛巴斯凯女足 vs MOL费哈瓦女足,,not reconstructed from future result,,,UNKNOWN,unknown,low,,PENDING_RESULT,2026-10-04T12:07:48.788371+08:00,402215ff0611cb1821e8,
2026-10-04,3097732,V3,匈女杯,阿斯特拉女足 vs 普斯卡什学院女足,,not reconstructed from future result,,,UNKNOWN,unknown,low,,PENDING_RESULT,,,
2026-10-04,3097732,V4,匈女杯,阿斯特拉女足 vs 普斯卡什学院女足,,not reconstructed from future result,,,UNKNOWN,unknown,low,,PENDING_RESULT,2026-10-04T12:07:48.788371+08:00,b566b25d42f5e83d9ee3,
2026-10-04,3097735,V3,美甲杯,哈特福德竞技 vs 路易斯维尔FC,,not reconstructed from future result,,,UNKNOWN,unknown,low,,PENDING_RESULT,2026-10-04T09:02:52+08:00,834446b202f5ed781fc3,不投
2026-10-04,3097735,V4,美甲杯,哈特福德竞技 vs 路易斯维尔FC,,not reconstructed from future result,,,UNKNOWN,unknown,low,,PENDING_RESULT,2026-10-04T12:07:48.788371+08:00,472cc1b7d9da5217b9aa,
2026-10-04,3097738,V3,香港丙,崇创首饰 vs 连城天浪,,not reconstructed from future result,,,UNKNOWN,unknown,low,,PENDING_RESULT,,,
2026-10-04,3097738,V4,香港丙,崇创首饰 vs 连城天浪,,not reconstructed from future result,,,UNKNOWN,unknown,low,,PENDING_RESULT,2026-10-04T12:07:48.788371+08:00,b44731583dc87d08492d,
2026-10-04,3097739,V3,香港丙,翱翔FC vs 启毅足球会,,not reconstructed from future result,,,UNKNOWN,unknown,low,,PENDING_RESULT,,,
2026-10-04,3097739,V4,香港丙,翱翔FC vs 启毅足球会,,not reconstructed from future result,,,UNKNOWN,unknown,low,,PENDING_RESULT,2026-10-04T12:07:48.788371+08:00,22b2da721bc168924d71,
2026-10-04,3097755,V3,捷女乙,利森女足 vs 奥洛莫茨女足,,not reconstructed from future result,,,UNKNOWN,unknown,low,,PENDING_RESULT,,,
2026-10-04,3097755,V4,捷女乙,利森女足 vs 奥洛莫茨女足,,not reconstructed from future result,,,UNKNOWN,unknown,low,,PENDING_RESULT,2026-10-04T12:07:48.788371+08:00,8ccd1d949d58b36414a1,
2026-10-04,3097756,V3,捷女乙,帕都拜斯女足 vs 布拉格斯巴达女足B队,,not reconstructed from future result,,,UNKNOWN,unknown,low,,PENDING_RESULT,,,
2026-10-04,3097756,V4,捷女乙,帕都拜斯女足 vs 布拉格斯巴达女足B队,,not reconstructed from future result,,,UNKNOWN,unknown,low,,PENDING_RESULT,2026-10-04T12:07:48.788371+08:00,ae19c2d63064e04728b4,
2026-10-04,3097758,V3,日联U21,浦和红钻U21 vs FC东京U21,,not reconstructed from future result,,,UNKNOWN,unknown,low,,PENDING_RESULT,,,
2026-10-04,3097758,V4,日联U21,浦和红钻U21 vs FC东京U21,,not reconstructed from future result,,,UNKNOWN,unknown,low,,PENDING_RESULT,2026-10-04T12:07:48.788371+08:00,e93164a8a1474b459cc9,
2026-10-04,3097764,V3,捷戊,卡罗维瓦利 vs 卡罗维瓦利B队,,not reconstructed from future result,,,UNKNOWN,unknown,low,,PENDING_RESULT,,,
2026-10-04,3097764,V4,捷戊,卡罗维瓦利 vs 卡罗维瓦利B队,,not reconstructed from future result,,,UNKNOWN,unknown,low,,PENDING_RESULT,2026-10-04T12:07:48.788371+08:00,37e76ab3d1b24d56d64b,
2026-10-04,3097765,V3,南非后备,马鲁莫加兰斯后备队 vs 瑟库库内联后备队,,not reconstructed from future result,,,UNKNOWN,unknown,low,,PENDING_RESULT,,,
2026-10-04,3097765,V4,南非后备,马鲁莫加兰斯后备队 vs 瑟库库内联后备队,,not reconstructed from future result,,,UNKNOWN,unknown,low,,PENDING_RESULT,2026-10-04T12:07:48.788371+08:00,de1ea9f4c7acdbf78a74,
2026-10-04,3097766,V3,南非后备,贝联后备队 vs 金箭后备队,,not reconstructed from future result,,,UNKNOWN,unknown,low,,PENDING_RESULT,,,
2026-10-04,3097766,V4,南非后备,贝联后备队 vs 金箭后备队,,not reconstructed from future result,,,UNKNOWN,unknown,low,,PENDING_RESULT,2026-10-04T12:07:48.788371+08:00,c99d07d9a8de93055708,
2026-10-04,3097767,V3,斯亚丙,SD乌迪内 vs 萨姆皮安,,not reconstructed from future result,,,UNKNOWN,unknown,low,,PENDING_RESULT,,,
2026-10-04,3097767,V4,斯亚丙,SD乌迪内 vs 萨姆皮安,,not reconstructed from future result,,,UNKNOWN,unknown,low,,PENDING_RESULT,2026-10-04T12:07:48.788371+08:00,9508597a12321eb5c1fd,
2026-10-04,3097768,V3,印盾联,ATK莫亨巴根 vs 米勒瓦普甲比,,not reconstructed from future result,,,UNKNOWN,unknown,low,,PENDING_RESULT,2026-10-04T09:02:52+08:00,d370f1bbc1b193d7b7ab,不投
2026-10-04,3097768,V4,印盾联,ATK莫亨巴根 vs 米勒瓦普甲比,,not reconstructed from future result,,,UNKNOWN,unknown,low,,PENDING_RESULT,2026-10-04T12:07:48.788371+08:00,80ecc299cbeb0644ca40,
2026-10-04,3097769,V3,日联U21,大阪钢巴U21 vs 长崎成功丸U21,,not reconstructed from future result,,,UNKNOWN,unknown,low,,PENDING_RESULT,,,
2026-10-04,3097769,V4,日联U21,大阪钢巴U21 vs 长崎成功丸U21,,not reconstructed from future result,,,UNKNOWN,unknown,low,,PENDING_RESULT,2026-10-04T12:07:48.788371+08:00,6e2e98148a7a38648c95,
2026-10-04,3097770,V3,日联U21,冈山绿雉U21 vs 名古屋鲸八U21,,not reconstructed from future result,,,UNKNOWN,unknown,low,,PENDING_RESULT,,,
2026-10-04,3097770,V4,日联U21,冈山绿雉U21 vs 名古屋鲸八U21,,not reconstructed from future result,,,UNKNOWN,unknown,low,,PENDING_RESULT,2026-10-04T12:07:48.788371+08:00,23d9907c084ce21e1470,
2026-10-04,3097771,V3,波兰丙,索科尔斯尼亚瓦 vs 亚斯沃,,not reconstructed from future result,,,UNKNOWN,unknown,low,,PENDING_RESULT,,,
2026-10-04,3097771,V4,波兰丙,索科尔斯尼亚瓦 vs 亚斯沃,,not reconstructed from future result,,,UNKNOWN,unknown,low,,PENDING_RESULT,2026-10-04T12:07:48.788371+08:00,ce9d75f42d238fa03b96,
2026-10-04,3097772,V3,波兰丙,格拉尼卡凯特津恩 vs 索科尔奥斯罗达,,not reconstructed from future result,,,UNKNOWN,unknown,low,,PENDING_RESULT,,,
2026-10-04,3097772,V4,波兰丙,格拉尼卡凯特津恩 vs 索科尔奥斯罗达,,not reconstructed from future result,,,UNKNOWN,unknown,low,,PENDING_RESULT,2026-10-04T12:07:48.788371+08:00,a39f92a0ef3ca5ac8cf5,
2026-10-04,3097773,V3,波兰丙,利玛诺维亚 vs 泽布日多夫斯卡,,not reconstructed from future result,,,UNKNOWN,unknown,low,,PENDING_RESULT,,,
2026-10-04,3097773,V4,波兰丙,利玛诺维亚 vs 泽布日多夫斯卡,,not reconstructed from future result,,,UNKNOWN,unknown,low,,PENDING_RESULT,2026-10-04T12:07:48.788371+08:00,89ffe58ace5c3562ab21,
2026-10-04,3097774,V3,西地区联,霍塔 vs 萨瓦德尔B队,,not reconstructed from future result,,,UNKNOWN,unknown,low,,PENDING_RESULT,,,
2026-10-04,3097774,V4,西地区联,霍塔 vs 萨瓦德尔B队,,not reconstructed from future result,,,UNKNOWN,unknown,low,,PENDING_RESULT,2026-10-04T12:07:48.788371+08:00,ce43092f8d8b4e080c96,
2026-10-04,3097775,V3,希丙,蒂耶拉卡西卡 vs 帕斯基安尼纳,,not reconstructed from future result,,,UNKNOWN,unknown,low,,PENDING_RESULT,,,
2026-10-04,3097775,V4,希丙,蒂耶拉卡西卡 vs 帕斯基安尼纳,,not reconstructed from future result,,,UNKNOWN,unknown,low,,PENDING_RESULT,2026-10-04T12:07:48.788371+08:00,93b104260384421170e5,
2026-10-04,3097778,V3,西青U19,毕尔巴鄂竞技U19 vs CD贝托诺U19,,not reconstructed from future result,,,UNKNOWN,unknown,low,,PENDING_RESULT,,,
2026-10-04,3097778,V4,西青U19,毕尔巴鄂竞技U19 vs CD贝托诺U19,,not reconstructed from future result,,,UNKNOWN,unknown,low,,PENDING_RESULT,2026-10-04T12:07:48.788371+08:00,e6b23070b33c8583ae33,
2026-10-04,3097779,V3,西青U19,索拉雷斯U19 vs 甘普斯特拉U19,,not reconstructed from future result,,,UNKNOWN,unknown,low,,PENDING_RESULT,,,
2026-10-04,3097779,V4,西青U19,索拉雷斯U19 vs 甘普斯特拉U19,,not reconstructed from future result,,,UNKNOWN,unknown,low,,PENDING_RESULT,2026-10-04T12:07:48.788371+08:00,b501dc9d23965f540ad3,
2026-10-04,3097780,V3,西青U19,阿米拉竞技U19 vs 格拉那达U19,,not reconstructed from future result,,,UNKNOWN,unknown,low,,PENDING_RESULT,,,
2026-10-04,3097780,V4,西青U19,阿米拉竞技U19 vs 格拉那达U19,,not reconstructed from future result,,,UNKNOWN,unknown,low,,PENDING_RESULT,2026-10-04T12:07:48.788371+08:00,4f5d444be1c876a4bb49,
2026-10-04,3097781,V3,西青U19,托马雷斯U19 vs 卡迪兹U19,,not reconstructed from future result,,,UNKNOWN,unknown,low,,PENDING_RESULT,,,
2026-10-04,3097781,V4,西青U19,托马雷斯U19 vs 卡迪兹U19,,not reconstructed from future result,,,UNKNOWN,unknown,low,,PENDING_RESULT,2026-10-04T12:07:48.788371+08:00,32495eb6177c7b45406d,
2026-10-04,3097782,V3,西青U19,阿科本达U19 vs 皇家马德里U19,,not reconstructed from future result,,,UNKNOWN,unknown,low,,PENDING_RESULT,,,
2026-10-04,3097782,V4,西青U19,阿科本达U19 vs 皇家马德里U19,,not reconstructed from future result,,,UNKNOWN,unknown,low,,PENDING_RESULT,2026-10-04T12:07:48.788371+08:00,0556c0adf8f0ac0f50db,
2026-10-04,3097783,V3,瑞士丁,法瓦尼奥戈 vs 罗蒙托斯,,not reconstructed from future result,,,UNKNOWN,unknown,low,,PENDING_RESULT,,,
2026-10-04,3097783,V4,瑞士丁,法瓦尼奥戈 vs 罗蒙托斯,,not reconstructed from future result,,,UNKNOWN,unknown,low,,PENDING_RESULT,2026-10-04T12:07:48.788371+08:00,1011be33836721705876,
2026-10-04,3097784,V3,瑞女乙,温特图尔女足 vs 甘巴罗尼奥女足,,not reconstructed from future result,,,UNKNOWN,unknown,low,,PENDING_RESULT,,,
2026-10-04,3097784,V4,瑞女乙,温特图尔女足 vs 甘巴罗尼奥女足,,not reconstructed from future result,,,UNKNOWN,unknown,low,,PENDING_RESULT,2026-10-04T12:07:48.788371+08:00,8bcac74b1f59cd5fef55,
2026-10-04,3097785,V3,西女甲,巴塞罗那B队女足 vs 阿哈马女足,,not reconstructed from future result,,,UNKNOWN,unknown,low,,PENDING_RESULT,,,
2026-10-04,3097785,V4,西女甲,巴塞罗那B队女足 vs 阿哈马女足,,not reconstructed from future result,,,UNKNOWN,unknown,low,,PENDING_RESULT,2026-10-04T12:07:48.788371+08:00,36ba9ababaf7e96f22a5,
2026-10-04,3097786,V3,瑞士丁,伊韦尔顿B队 vs FC伯乐,,not reconstructed from future result,,,UNKNOWN,unknown,low,,PENDING_RESULT,,,
2026-10-04,3097786,V4,瑞士丁,伊韦尔顿B队 vs FC伯乐,,not reconstructed from future result,,,UNKNOWN,unknown,low,,PENDING_RESULT,2026-10-04T12:07:48.788371+08:00,2b327a778e8186bcd993,
2026-10-04,3097787,V3,南非女联,奥尔斯塔尔斯女足FC vs 林德兰尼FC女足,,not reconstructed from future result,,,UNKNOWN,unknown,low,,PENDING_RESULT,,,
2026-10-04,3097787,V4,南非女联,奥尔斯塔尔斯女足FC vs 林德兰尼FC女足,,not reconstructed from future result,,,UNKNOWN,unknown,low,,PENDING_RESULT,2026-10-04T12:07:48.788371+08:00,d575e0ec28d9d082fa5f,
2026-10-04,3097788,V3,西女丙,萨拉戈萨女足 vs 瓦尔德菲耶罗女足,,not reconstructed from future result,,,UNKNOWN,unknown,low,,PENDING_RESULT,,,
2026-10-04,3097788,V4,西女丙,萨拉戈萨女足 vs 瓦尔德菲耶罗女足,,not reconstructed from future result,,,UNKNOWN,unknown,low,,PENDING_RESULT,2026-10-04T12:07:48.788371+08:00,dad39681052c7655873c,
2026-10-04,3097789,V3,西女丙,德利西亚斯女足 vs 埃尔甘乔女足,,not reconstructed from future result,,,UNKNOWN,unknown,low,,PENDING_RESULT,,,
2026-10-04,3097789,V4,西女丙,德利西亚斯女足 vs 埃尔甘乔女足,,not reconstructed from future result,,,UNKNOWN,unknown,low,,PENDING_RESULT,2026-10-04T12:07:48.788371+08:00,cf41e4aacbd5506bfae4,
2026-10-04,3097790,V3,挪威U19,乌拉恩U19 vs 卡芬姆U19,,not reconstructed from future result,,,UNKNOWN,unknown,low,,PENDING_RESULT,,,
2026-10-04,3097790,V4,挪威U19,乌拉恩U19 vs 卡芬姆U19,,not reconstructed from future result,,,UNKNOWN,unknown,low,,PENDING_RESULT,2026-10-04T12:07:48.788371+08:00,66cb18cd8819240eea79,
2026-10-04,3097791,V3,西地区联,UD卡里奥 vs CF阿莫多瓦,,not reconstructed from future result,,,UNKNOWN,unknown,low,,PENDING_RESULT,,,
2026-10-04,3097791,V4,西地区联,UD卡里奥 vs CF阿莫多瓦,,not reconstructed from future result,,,UNKNOWN,unknown,low,,PENDING_RESULT,2026-10-04T12:07:48.788371+08:00,a523c5f64934357f5117,
2026-10-04,3097792,V3,西地区联,曼列乌 vs 鲁比,,not reconstructed from future result,,,UNKNOWN,unknown,low,,PENDING_RESULT,,,
2026-10-04,3097792,V4,西地区联,曼列乌 vs 鲁比,,not reconstructed from future result,,,UNKNOWN,unknown,low,,PENDING_RESULT,2026-10-04T12:07:48.788371+08:00,5e4627df5691b150cc91,
2026-10-04,3097793,V3,西地区联,马德里埃斯珀 vs UP维索,,not reconstructed from future result,,,UNKNOWN,unknown,low,,PENDING_RESULT,,,
2026-10-04,3097793,V4,西地区联,马德里埃斯珀 vs UP维索,,not reconstructed from future result,,,UNKNOWN,unknown,low,,PENDING_RESULT,2026-10-04T12:07:48.788371+08:00,1608f139ab09baa5e9a1,
2026-10-04,3097794,V3,危地乙,弗拉贾内斯 vs 圣贝尼托,,not reconstructed from future result,,,UNKNOWN,unknown,low,,PENDING_RESULT,,,
2026-10-04,3097794,V4,危地乙,弗拉贾内斯 vs 圣贝尼托,,not reconstructed from future result,,,UNKNOWN,unknown,low,,PENDING_RESULT,2026-10-04T12:07:48.788371+08:00,01106dfd494a421b3b70,
2026-10-04,3097795,V3,危地乙,圣露西亚FC vs 阿瓜卡坦,,not reconstructed from future result,,,UNKNOWN,unknown,low,,PENDING_RESULT,,,
2026-10-04,3097795,V4,危地乙,圣露西亚FC vs 阿瓜卡坦,,not reconstructed from future result,,,UNKNOWN,unknown,low,,PENDING_RESULT,2026-10-04T12:07:48.788371+08:00,ea58811f79b1e5c23f74,
2026-10-04,3097796,V3,危地乙,米特兰 vs CSD奇基穆利利亚,,not reconstructed from future result,,,UNKNOWN,unknown,low,,PENDING_RESULT,,,
2026-10-04,3097796,V4,危地乙,米特兰 vs CSD奇基穆利利亚,,not reconstructed from future result,,,UNKNOWN,unknown,low,,PENDING_RESULT,2026-10-04T12:07:48.788371+08:00,2836c37dd8a67bb32d50,
2026-10-04,3097797,V3,危地乙,萨卡兹斯帕斯GT vs 冠军学院,,not reconstructed from future result,,,UNKNOWN,unknown,low,,PENDING_RESULT,,,
2026-10-04,3097797,V4,危地乙,萨卡兹斯帕斯GT vs 冠军学院,,not reconstructed from future result,,,UNKNOWN,unknown,low,,PENDING_RESULT,2026-10-04T12:07:48.788371+08:00,c2894d5dfa39e18d0321,
2026-10-04,3097798,V3,西地区联,CDF库维略斯 vs 巴捏扎,,not reconstructed from future result,,,UNKNOWN,unknown,low,,PENDING_RESULT,,,
2026-10-04,3097798,V4,西地区联,CDF库维略斯 vs 巴捏扎,,not reconstructed from future result,,,UNKNOWN,unknown,low,,PENDING_RESULT,2026-10-04T12:07:48.788371+08:00,dc197e66f55d26f5490a,
2026-10-04,3097801,V3,美女超,坦帕湾太阳女足 vs 列克星敦女足,,not reconstructed from future result,,,UNKNOWN,unknown,low,,PENDING_RESULT,,,
2026-10-04,3097801,V4,美女超,坦帕湾太阳女足 vs 列克星敦女足,,not reconstructed from future result,,,UNKNOWN,unknown,low,,PENDING_RESULT,2026-10-04T12:07:48.788371+08:00,20a0e80dbf48cc3377b7,
2026-10-04,3097802,V3,球会友谊,高华尤夫卡 vs 柔亚,,not reconstructed from future result,,,UNKNOWN,unknown,low,,PENDING_RESULT,,,
2026-10-04,3097802,V4,球会友谊,高华尤夫卡 vs 柔亚,,not reconstructed from future result,,,UNKNOWN,unknown,low,,PENDING_RESULT,2026-10-04T12:07:48.788371+08:00,77ea2f1ffe4c89c49b21,
2026-10-04,3097803,V3,克亚女联,ZNK斯普利特女足 vs NK 梅迪穆耶女足,,not reconstructed from future result,,,UNKNOWN,unknown,low,,PENDING_RESULT,,,
2026-10-04,3097803,V4,克亚女联,ZNK斯普利特女足 vs NK 梅迪穆耶女足,,not reconstructed from future result,,,UNKNOWN,unknown,low,,PENDING_RESULT,2026-10-04T12:07:48.788371+08:00,84401900fe72e835fab1,
2026-10-04,3097804,V3,球会友谊,KF格尼拉内 vs 贝斯基米,,not reconstructed from future result,,,UNKNOWN,unknown,low,,PENDING_RESULT,,,
2026-10-04,3097804,V4,球会友谊,KF格尼拉内 vs 贝斯基米,,not reconstructed from future result,,,UNKNOWN,unknown,low,,PENDING_RESULT,2026-10-04T12:07:48.788371+08:00,cd2300a482bc65676649,
2026-10-04,3097805,V3,球会友谊,意诺西斯 vs 阿诺索西斯,,not reconstructed from future result,,,UNKNOWN,unknown,low,,PENDING_RESULT,,,
2026-10-04,3097805,V4,球会友谊,意诺西斯 vs 阿诺索西斯,,not reconstructed from future result,,,UNKNOWN,unknown,low,,PENDING_RESULT,2026-10-04T12:07:48.788371+08:00,5b74e7a0af085261169c,
2026-10-04,3097806,V3,球会友谊,杜阿拉迪纳摩 vs 穆翁戈皇家雄鹰,,not reconstructed from future result,,,UNKNOWN,unknown,low,,PENDING_RESULT,,,
2026-10-04,3097806,V4,球会友谊,杜阿拉迪纳摩 vs 穆翁戈皇家雄鹰,,not reconstructed from future result,,,UNKNOWN,unknown,low,,PENDING_RESULT,2026-10-04T12:07:48.788371+08:00,32c52899902d17ad5f91,
2026-10-04,3097807,V3,球会友谊,圣彼得堡泽尼特 vs 鲍里索夫巴特,,not reconstructed from future result,,,UNKNOWN,unknown,low,,PENDING_RESULT,,,
2026-10-04,3097807,V4,球会友谊,圣彼得堡泽尼特 vs 鲍里索夫巴特,,not reconstructed from future result,,,UNKNOWN,unknown,low,,PENDING_RESULT,2026-10-04T12:07:48.788371+08:00,372d8434f8e3f6a15e41,
2026-10-04,3097808,V3,阿根业余锦,阿根廷门多萨 vs 拉科莫迪斯,,not reconstructed from future result,,,UNKNOWN,unknown,low,,PENDING_RESULT,,,
2026-10-04,3097808,V4,阿根业余锦,阿根廷门多萨 vs 拉科莫迪斯,,not reconstructed from future result,,,UNKNOWN,unknown,low,,PENDING_RESULT,2026-10-04T12:07:48.788371+08:00,55baacabdef9f8541d89,
2026-10-04,3097809,V3,西青U19,赫罗纳U19 vs CD奥贝尔纳U19,,not reconstructed from future result,,,UNKNOWN,unknown,low,,PENDING_RESULT,,,
2026-10-04,3097809,V4,西青U19,赫罗纳U19 vs CD奥贝尔纳U19,,not reconstructed from future result,,,UNKNOWN,unknown,low,,PENDING_RESULT,2026-10-04T12:07:48.788371+08:00,9ed06f89f4b5e4aa5737,
2026-10-04,3097810,V3,尼拉森联,马蒂亚斯俱乐部 vs 马德里斯,,not reconstructed from future result,,,UNKNOWN,unknown,low,,PENDING_RESULT,,,
2026-10-04,3097810,V4,尼拉森联,马蒂亚斯俱乐部 vs 马德里斯,,not reconstructed from future result,,,UNKNOWN,unknown,low,,PENDING_RESULT,2026-10-04T12:07:48.788371+08:00,9a422b622e15d5608d62,
2026-10-04,3097811,V3,危地丁,大学队SC(GT) vs 冠军学院B队,,not reconstructed from future result,,,UNKNOWN,unknown,low,,PENDING_RESULT,,,
2026-10-04,3097811,V4,危地丁,大学队SC(GT) vs 冠军学院B队,,not reconstructed from future result,,,UNKNOWN,unknown,low,,PENDING_RESULT,2026-10-04T12:07:48.788371+08:00,ab17f2305c5dd487dc35,
2026-10-04,3097812,V3,危地乙,阿库阿帕 vs AFF危地马拉,,not reconstructed from future result,,,UNKNOWN,unknown,low,,PENDING_RESULT,,,
2026-10-04,3097812,V4,危地乙,阿库阿帕 vs AFF危地马拉,,not reconstructed from future result,,,UNKNOWN,unknown,low,,PENDING_RESULT,2026-10-04T12:07:48.788371+08:00,addc37b11284bb9dbda4,
