list_date,match_id,version,competition,match,fact_score,known_at_decision,new_after_decision,process_gap,error_hypothesis,preventability,evidence_confidence,research_hypothesis,review_status,decision_at,decision_hash,original_action_or_grade
2026-09-25,2781222,V3,欧青U21外,芬兰U21 vs 西班牙U21,0-0,not reconstructed from future result,,,UNKNOWN,unknown,low,,PENDING_RESULT,,,
2026-09-25,2781222,V4,欧青U21外,芬兰U21 vs 西班牙U21,0-0,not reconstructed from future result,,,UNKNOWN,unknown,low,,PENDING_RESULT,2026-09-25T11:34:53.768266+08:00,2035f49ad89a9082c94c,N
2026-09-25,2781223,V3,欧青U21外,塞浦路斯U21 vs 罗马尼亚U21,0-0,not reconstructed from future result,,,UNKNOWN,unknown,low,,PENDING_RESULT,,,
2026-09-25,2781223,V4,欧青U21外,塞浦路斯U21 vs 罗马尼亚U21,0-0,not reconstructed from future result,,,UNKNOWN,unknown,low,,PENDING_RESULT,2026-09-25T11:34:53.768266+08:00,7b6f456444c97ddccb63,
2026-09-25,2781253,V3,欧青U21外,保加利亚U21 vs 葡萄牙U21,0-0,not reconstructed from future result,,,UNKNOWN,unknown,low,,PENDING_RESULT,,,
2026-09-25,2781253,V4,欧青U21外,保加利亚U21 vs 葡萄牙U21,0-0,not reconstructed from future result,,,UNKNOWN,unknown,low,,PENDING_RESULT,2026-09-25T09:06:45.777321+08:00,fdfd690a093ab9981c08,C
2026-09-25,2781254,V3,欧青U21外,阿塞拜疆U21 vs 捷克U21,0-0,not reconstructed from future result,,,UNKNOWN,unknown,low,,PENDING_RESULT,,,
2026-09-25,2781254,V4,欧青U21外,阿塞拜疆U21 vs 捷克U21,0-0,not reconstructed from future result,,,UNKNOWN,unknown,low,,PENDING_RESULT,2026-09-25T11:34:53.768266+08:00,8a4b124c0f5d7fd9c26f,N
2026-09-25,2781282,V3,欧青U21外,爱沙尼亚U21 vs 法罗群岛U21,0-0,not reconstructed from future result,,,UNKNOWN,unknown,low,,PENDING_RESULT,,,
2026-09-25,2781282,V4,欧青U21外,爱沙尼亚U21 vs 法罗群岛U21,0-0,not reconstructed from future result,,,UNKNOWN,unknown,low,,PENDING_RESULT,2026-09-25T11:34:53.768266+08:00,f0f876bb4acb30f4a181,
2026-09-25,2781283,V3,欧青U21外,瑞士U21 vs 卢森堡U21,0-0,not reconstructed from future result,,,UNKNOWN,unknown,low,,PENDING_RESULT,,,
2026-09-25,2781283,V4,欧青U21外,瑞士U21 vs 卢森堡U21,0-0,not reconstructed from future result,,,UNKNOWN,unknown,low,,PENDING_RESULT,2026-09-25T11:34:53.768266+08:00,4c9b62d10acd1378fd6e,N
2026-09-25,2781284,V3,欧青U21外,冰岛U21 vs 法国U21,0-0,not reconstructed from future result,,,UNKNOWN,unknown,low,,PENDING_RESULT,,,
2026-09-25,2781284,V4,欧青U21外,冰岛U21 vs 法国U21,0-0,not reconstructed from future result,,,UNKNOWN,unknown,low,,PENDING_RESULT,2026-09-25T11:34:53.768266+08:00,d40f4e6ad215e3d43aba,N
2026-09-25,2781365,V3,欧青U21外,荷兰U21 vs 挪威U21,0-0,not reconstructed from future result,,,UNKNOWN,unknown,low,,PENDING_RESULT,,,
2026-09-25,2781365,V4,欧青U21外,荷兰U21 vs 挪威U21,0-0,not reconstructed from future result,,,UNKNOWN,unknown,low,,PENDING_RESULT,2026-09-25T11:34:53.768266+08:00,1e8a66f3d3256824fa3a,N
2026-09-25,2781433,V3,欧青U21外,英格兰U21 vs 哈萨克斯坦U21,0-0,not reconstructed from future result,,,UNKNOWN,unknown,low,,PENDING_RESULT,,,
2026-09-25,2781433,V4,欧青U21外,英格兰U21 vs 哈萨克斯坦U21,0-0,not reconstructed from future result,,,UNKNOWN,unknown,low,,PENDING_RESULT,2026-09-25T11:34:53.768266+08:00,e84281c85eca74dc348a,N
2026-09-25,2781434,V3,欧青U21外,斯洛伐克U21 vs 爱尔兰U21,0-0,not reconstructed from future result,,,UNKNOWN,unknown,low,,PENDING_RESULT,,,
2026-09-25,2781434,V4,欧青U21外,斯洛伐克U21 vs 爱尔兰U21,0-0,not reconstructed from future result,,,UNKNOWN,unknown,low,,PENDING_RESULT,2026-09-25T11:34:53.768266+08:00,aee12d99d3a65142be47,
2026-09-25,2913955,V3,挪女超,博德闪耀女足 vs 罗亚女足,0-0,not reconstructed from future result,,,UNKNOWN,unknown,low,,PENDING_RESULT,,,
2026-09-25,2913955,V4,挪女超,博德闪耀女足 vs 罗亚女足,0-0,not reconstructed from future result,,,UNKNOWN,unknown,low,,PENDING_RESULT,2026-09-25T11:34:53.768266+08:00,5cd2b5d76a5c63b6154f,
2026-09-25,2914303,V3,爱超,戈尔韦联 vs 谢尔伯恩,0-0,not reconstructed from future result,,,UNKNOWN,unknown,low,,PENDING_RESULT,,,
2026-09-25,2914303,V4,爱超,戈尔韦联 vs 谢尔伯恩,0-0,not reconstructed from future result,,,UNKNOWN,unknown,low,,PENDING_RESULT,2026-09-25T11:34:53.768266+08:00,e87cbf9e5c1e02deab84,
2026-09-25,2917132,V3,瑞典女甲,奥雷布罗斯女足 vs 宁高平女足,0-0,not reconstructed from future result,,,UNKNOWN,unknown,low,,PENDING_RESULT,,,
2026-09-25,2917132,V4,瑞典女甲,奥雷布罗斯女足 vs 宁高平女足,0-0,not reconstructed from future result,,,UNKNOWN,unknown,low,,PENDING_RESULT,2026-09-25T11:34:53.768266+08:00,34d39551a6cac6dbc9a9,
2026-09-25,2919918,V3,瑞典乙南,隆德斯 vs 克里斯堤斯塔,0-0,not reconstructed from future result,,,UNKNOWN,unknown,low,,PENDING_RESULT,,,
2026-09-25,2919918,V4,瑞典乙南,隆德斯 vs 克里斯堤斯塔,0-0,not reconstructed from future result,,,UNKNOWN,unknown,low,,PENDING_RESULT,2026-09-25T11:34:53.768266+08:00,ac16472faedd429aa1ec,
2026-09-25,2920159,V3,瑞典乙北,哈马比TFF vs 斯托克松德,0-0,not reconstructed from future result,,,UNKNOWN,unknown,low,,PENDING_RESULT,,,
2026-09-25,2920159,V4,瑞典乙北,哈马比TFF vs 斯托克松德,0-0,not reconstructed from future result,,,UNKNOWN,unknown,low,,PENDING_RESULT,2026-09-25T11:34:53.768266+08:00,e08fa53c63a97d67c796,
2026-09-25,2921942,V3,芬甲,科特卡 vs MP米克力,0-0,not reconstructed from future result,,,UNKNOWN,unknown,low,,PENDING_RESULT,,,
2026-09-25,2921942,V4,芬甲,科特卡 vs MP米克力,0-0,not reconstructed from future result,,,UNKNOWN,unknown,low,,PENDING_RESULT,2026-09-25T09:06:45.777321+08:00,4c38404577e474e965c9,B
2026-09-25,2921943,V3,芬甲,卡亚尼卡帕 vs 哈卡,0-0,not reconstructed from future result,,,UNKNOWN,unknown,low,,PENDING_RESULT,,,
2026-09-25,2921943,V4,芬甲,卡亚尼卡帕 vs 哈卡,0-0,not reconstructed from future result,,,UNKNOWN,unknown,low,,PENDING_RESULT,2026-09-25T09:06:45.777321+08:00,f358f5a3032f7f3366c0,C
2026-09-25,2926995,V3,瑞典丙VG,达斯托普斯 vs 波尔赞,0-0,not reconstructed from future result,,,UNKNOWN,unknown,low,,PENDING_RESULT,,,
2026-09-25,2926995,V4,瑞典丙VG,达斯托普斯 vs 波尔赞,0-0,not reconstructed from future result,,,UNKNOWN,unknown,low,,PENDING_RESULT,2026-09-25T11:34:53.768266+08:00,79bf14f38ba25781a2b1,
2026-09-25,2926997,V3,瑞典丙VG,兰维特IS vs 拖斯兰达,0-0,not reconstructed from future result,,,UNKNOWN,unknown,low,,PENDING_RESULT,,,
2026-09-25,2926997,V4,瑞典丙VG,兰维特IS vs 拖斯兰达,0-0,not reconstructed from future result,,,UNKNOWN,unknown,low,,PENDING_RESULT,2026-09-25T11:34:53.768266+08:00,9fcb3657032e97f2d048,
2026-09-25,2927179,V3,瑞典丙SG,拉佩高尔夫 vs 华克斯乔诺拉,0-0,not reconstructed from future result,,,UNKNOWN,unknown,low,,PENDING_RESULT,,,
2026-09-25,2927179,V4,瑞典丙SG,拉佩高尔夫 vs 华克斯乔诺拉,0-0,not reconstructed from future result,,,UNKNOWN,unknown,low,,PENDING_RESULT,2026-09-25T11:34:53.768266+08:00,1e894f242ed2cf736c81,
2026-09-25,2927362,V3,瑞典丙NG,华纳斯堡斯 vs 阿拉佛斯,0-0,not reconstructed from future result,,,UNKNOWN,unknown,low,,PENDING_RESULT,,,
2026-09-25,2927362,V4,瑞典丙NG,华纳斯堡斯 vs 阿拉佛斯,0-0,not reconstructed from future result,,,UNKNOWN,unknown,low,,PENDING_RESULT,2026-09-25T11:34:53.768266+08:00,4ec81755952d7ad755c0,
2026-09-25,2934821,V3,阿乙曼特秋,伊希库斯尼斯塔史 vs 皇家皮拉尔,0-0,not reconstructed from future result,,,UNKNOWN,unknown,low,,PENDING_RESULT,2026-09-25T11:34:53+08:00,41a9b5b9b19855342a57,不投
2026-09-25,2934821,V4,阿乙曼特秋,伊希库斯尼斯塔史 vs 皇家皮拉尔,0-0,not reconstructed from future result,,,UNKNOWN,unknown,low,,PENDING_RESULT,2026-09-25T11:34:53.768266+08:00,2f94e4942fd7cc300f24,
2026-09-25,2934823,V3,阿乙曼特秋,意杜萨高 vs 联合防卫队,0-0,not reconstructed from future result,,,UNKNOWN,unknown,low,,PENDING_RESULT,2026-09-25T11:34:53+08:00,4f880046b812caa363e6,不投
2026-09-25,2934823,V4,阿乙曼特秋,意杜萨高 vs 联合防卫队,0-0,not reconstructed from future result,,,UNKNOWN,unknown,low,,PENDING_RESULT,2026-09-25T11:34:53.768266+08:00,bf4432cc0532c6aaedd7,
2026-09-25,2935300,V3,阿丙曼特,梅塞德斯 vs 波多黎各努埃沃,0-0,not reconstructed from future result,,,UNKNOWN,unknown,low,,PENDING_RESULT,,,
2026-09-25,2935300,V4,阿丙曼特,梅塞德斯 vs 波多黎各努埃沃,0-0,not reconstructed from future result,,,UNKNOWN,unknown,low,,PENDING_RESULT,2026-09-25T11:34:53.768266+08:00,a4292f73819c52fda4ea,
2026-09-25,2937617,V3,加拿职,骑兵队 vs 魁北克苏普拉,0-0,not reconstructed from future result,,,UNKNOWN,unknown,low,,PENDING_RESULT,,,
2026-09-25,2937617,V4,加拿职,骑兵队 vs 魁北克苏普拉,0-0,not reconstructed from future result,,,UNKNOWN,unknown,low,,PENDING_RESULT,2026-09-25T11:34:53.768266+08:00,05784239f376651cf449,
2026-09-25,2939058,V3,爱甲,科布漫步者 vs 阿斯隆城,0-0,not reconstructed from future result,,,UNKNOWN,unknown,low,,PENDING_RESULT,,,
2026-09-25,2939058,V4,爱甲,科布漫步者 vs 阿斯隆城,0-0,not reconstructed from future result,,,UNKNOWN,unknown,low,,PENDING_RESULT,2026-09-25T11:34:53.768266+08:00,b86693495717c8387ba2,N
2026-09-25,2939059,V3,爱甲,凯里FC vs 韦克斯福德,0-0,not reconstructed from future result,,,UNKNOWN,unknown,low,,PENDING_RESULT,,,
2026-09-25,2939059,V4,爱甲,凯里FC vs 韦克斯福德,0-0,not reconstructed from future result,,,UNKNOWN,unknown,low,,PENDING_RESULT,2026-09-25T11:34:53.768266+08:00,431cf1d178334a523ac9,
2026-09-25,2939060,V3,爱甲,特瑞特联 vs 费恩哈普,0-0,not reconstructed from future result,,,UNKNOWN,unknown,low,,PENDING_RESULT,,,
2026-09-25,2939060,V4,爱甲,特瑞特联 vs 费恩哈普,0-0,not reconstructed from future result,,,UNKNOWN,unknown,low,,PENDING_RESULT,2026-09-25T11:34:53.768266+08:00,cc9200299b79f7968070,C
2026-09-25,2939061,V3,爱甲,都柏林大学 vs 布雷,0-0,not reconstructed from future result,,,UNKNOWN,unknown,low,,PENDING_RESULT,,,
2026-09-25,2939061,V4,爱甲,都柏林大学 vs 布雷,0-0,not reconstructed from future result,,,UNKNOWN,unknown,low,,PENDING_RESULT,2026-09-25T11:34:53.768266+08:00,d4f1aad9b714795434fa,
2026-09-25,2940202,V3,巴西乙,诺瓦里桑蒂诺 vs 圣贝纳多,0-0,not reconstructed from future result,,,UNKNOWN,unknown,low,,PENDING_RESULT,2026-09-25T11:34:53+08:00,cdeccb449dcc1b12c495,不投
2026-09-25,2940202,V4,巴西乙,诺瓦里桑蒂诺 vs 圣贝纳多,0-0,not reconstructed from future result,,,UNKNOWN,unknown,low,,PENDING_RESULT,2026-09-25T09:06:45.777321+08:00,e79a67eea43aa316c95c,C
2026-09-25,2940204,V3,巴西乙,维拉诺瓦 vs 隆迪那,0-0,not reconstructed from future result,,,UNKNOWN,unknown,low,,PENDING_RESULT,2026-09-25T11:34:53+08:00,73854f0d5ce421108458,不投
2026-09-25,2940204,V4,巴西乙,维拉诺瓦 vs 隆迪那,0-0,not reconstructed from future result,,,UNKNOWN,unknown,low,,PENDING_RESULT,2026-09-25T09:06:45.777321+08:00,015c4f8a689da551f670,C
2026-09-25,2942632,V3,美冠联,埃尔帕索机车 vs 塔尔萨FC,0-0,not reconstructed from future result,,,UNKNOWN,unknown,low,,PENDING_RESULT,2026-09-25T09:06:45+08:00,3d9ab843cce218f85675,可投
2026-09-25,2942632,V4,美冠联,埃尔帕索机车 vs 塔尔萨FC,0-0,not reconstructed from future result,,,UNKNOWN,unknown,low,,PENDING_RESULT,2026-09-25T11:34:53.768266+08:00,4f9e7809f3c351fa7a75,
2026-09-25,2942633,V3,美冠联,哈特福德竞技 vs 路易斯维尔FC,0-0,not reconstructed from future result,,,UNKNOWN,unknown,low,,PENDING_RESULT,2026-09-25T11:34:53+08:00,6a04f4a255a0d6d43e98,不投
2026-09-25,2942633,V4,美冠联,哈特福德竞技 vs 路易斯维尔FC,0-0,not reconstructed from future result,,,UNKNOWN,unknown,low,,PENDING_RESULT,2026-09-25T11:34:53.768266+08:00,a16ebc02d824d0036860,
2026-09-25,2942642,V3,美冠联,运动Jax vs 劳顿联,0-0,not reconstructed from future result,,,UNKNOWN,unknown,low,,PENDING_RESULT,2026-09-25T09:06:45+08:00,f16c651a5166591bf840,可投
2026-09-25,2942642,V4,美冠联,运动Jax vs 劳顿联,0-0,not reconstructed from future result,,,UNKNOWN,unknown,low,,PENDING_RESULT,2026-09-25T11:34:53.768266+08:00,79a589a8ccbc17bcc845,N
2026-09-25,2951575,V3,中甲,无锡吴钩 vs 广西恒宸,0-0,not reconstructed from future result,,,UNKNOWN,unknown,low,,PENDING_RESULT,2026-09-25T11:34:53+08:00,4c4f6fbb123836221fed,不投
2026-09-25,2951575,V4,中甲,无锡吴钩 vs 广西恒宸,0-0,not reconstructed from future result,,,UNKNOWN,unknown,low,,PENDING_RESULT,2026-09-25T11:34:53.768266+08:00,930f5e78f38a95757142,N
2026-09-25,2957057,V3,美女职,路易维尔竞赛女足 vs 圣地亚哥波浪女足,0-0,not reconstructed from future result,,,UNKNOWN,unknown,low,,PENDING_RESULT,,,
2026-09-25,2957057,V4,美女职,路易维尔竞赛女足 vs 圣地亚哥波浪女足,0-0,not reconstructed from future result,,,UNKNOWN,unknown,low,,PENDING_RESULT,2026-09-25T11:34:53.768266+08:00,7adb66ba9884d1979e9f,N
2026-09-25,2957058,V3,美女职,哥谭女足 vs 芝加哥红星女足,0-0,not reconstructed from future result,,,UNKNOWN,unknown,low,,PENDING_RESULT,,,
2026-09-25,2957058,V4,美女职,哥谭女足 vs 芝加哥红星女足,0-0,not reconstructed from future result,,,UNKNOWN,unknown,low,,PENDING_RESULT,2026-09-25T11:34:53.768266+08:00,57c793c47b1ceae49287,N
2026-09-25,2957059,V3,美女职,西雅图统治女足 vs 波士顿传奇女足,0-0,not reconstructed from future result,,,UNKNOWN,unknown,low,,PENDING_RESULT,,,
2026-09-25,2957059,V4,美女职,西雅图统治女足 vs 波士顿传奇女足,0-0,not reconstructed from future result,,,UNKNOWN,unknown,low,,PENDING_RESULT,2026-09-25T11:34:53.768266+08:00,e16d993056d17f82f7aa,N
2026-09-25,2967709,V3,挪丙,阿勒桑B队 vs 罗森博格B队,0-0,not reconstructed from future result,,,UNKNOWN,unknown,low,,PENDING_RESULT,,,
2026-09-25,2967709,V4,挪丙,阿勒桑B队 vs 罗森博格B队,0-0,not reconstructed from future result,,,UNKNOWN,unknown,low,,PENDING_RESULT,2026-09-25T11:34:53.768266+08:00,a7cc531e54c1b5e4693e,
2026-09-25,2968080,V3,挪丙,瓦尔豪格 vs 约尔珀兰斯塔尔,0-0,not reconstructed from future result,,,UNKNOWN,unknown,low,,PENDING_RESULT,,,
2026-09-25,2968080,V4,挪丙,瓦尔豪格 vs 约尔珀兰斯塔尔,0-0,not reconstructed from future result,,,UNKNOWN,unknown,low,,PENDING_RESULT,2026-09-25T11:34:53.768266+08:00,bff229ec2910c5175a23,
2026-09-25,2969797,V3,白俄甲,斯洛尼姆 vs 波里索夫巴特B队,0-0,not reconstructed from future result,,,UNKNOWN,unknown,low,,PENDING_RESULT,,,
2026-09-25,2969797,V4,白俄甲,斯洛尼姆 vs 波里索夫巴特B队,0-0,not reconstructed from future result,,,UNKNOWN,unknown,low,,PENDING_RESULT,2026-09-25T11:34:53.768266+08:00,00da21132d4befc4c71a,
2026-09-25,2969798,V3,白俄甲,利达 vs 斯莫根,0-0,not reconstructed from future result,,,UNKNOWN,unknown,low,,PENDING_RESULT,,,
2026-09-25,2969798,V4,白俄甲,利达 vs 斯莫根,0-0,not reconstructed from future result,,,UNKNOWN,unknown,low,,PENDING_RESULT,2026-09-25T11:34:53.768266+08:00,14e739f3d236096aac19,
2026-09-25,2981429,V3,欧国联,意大利 vs 比利时,0-0,not reconstructed from future result,,,UNKNOWN,unknown,low,,PENDING_RESULT,,,
2026-09-25,2981429,V4,欧国联,意大利 vs 比利时,0-0,not reconstructed from future result,,,UNKNOWN,unknown,low,,PENDING_RESULT,2026-09-25T11:34:53.768266+08:00,4c2596c651d512a52c5e,N
2026-09-25,2981430,V3,欧国联,土耳其 vs 法国,0-0,not reconstructed from future result,,,UNKNOWN,unknown,low,,PENDING_RESULT,,,
2026-09-25,2981430,V4,欧国联,土耳其 vs 法国,0-0,not reconstructed from future result,,,UNKNOWN,unknown,low,,PENDING_RESULT,2026-09-25T09:06:45.777321+08:00,d5c54e367a902b9abf6f,B
2026-09-25,2981477,V3,欧国联,格鲁吉亚 vs 北爱尔兰,0-0,not reconstructed from future result,,,UNKNOWN,unknown,low,,PENDING_RESULT,,,
2026-09-25,2981477,V4,欧国联,格鲁吉亚 vs 北爱尔兰,0-0,not reconstructed from future result,,,UNKNOWN,unknown,low,,PENDING_RESULT,2026-09-25T11:34:53.768266+08:00,ec58b6f0c32d34acb3fa,N
2026-09-25,2981478,V3,欧国联,匈牙利 vs 乌克兰,0-0,not reconstructed from future result,,,UNKNOWN,unknown,low,,PENDING_RESULT,,,
2026-09-25,2981478,V4,欧国联,匈牙利 vs 乌克兰,0-0,not reconstructed from future result,,,UNKNOWN,unknown,low,,PENDING_RESULT,2026-09-25T11:34:53.768266+08:00,666f42a254f00c73c003,N
2026-09-25,2981479,V3,欧国联,波兰 vs 波黑,0-0,not reconstructed from future result,,,UNKNOWN,unknown,low,,PENDING_RESULT,,,
2026-09-25,2981479,V4,欧国联,波兰 vs 波黑,0-0,not reconstructed from future result,,,UNKNOWN,unknown,low,,PENDING_RESULT,2026-09-25T11:34:53.768266+08:00,bf0e09f42a4cc755646a,N
2026-09-25,2981480,V3,欧国联,瑞典 vs 罗马尼亚,0-0,not reconstructed from future result,,,UNKNOWN,unknown,low,,PENDING_RESULT,,,
2026-09-25,2981480,V4,欧国联,瑞典 vs 罗马尼亚,0-0,not reconstructed from future result,,,UNKNOWN,unknown,low,,PENDING_RESULT,2026-09-25T09:06:45.777321+08:00,4209fb14452028ba3b20,C
2026-09-25,2981523,V3,欧国联,亚美尼亚 vs 拉脱维亚,0-0,not reconstructed from future result,,,UNKNOWN,unknown,low,,PENDING_RESULT,,,
2026-09-25,2981523,V4,欧国联,亚美尼亚 vs 拉脱维亚,0-0,not reconstructed from future result,,,UNKNOWN,unknown,low,,PENDING_RESULT,2026-09-25T11:34:53.768266+08:00,d670ba96fa5dd4fa2060,N
2026-09-25,2981524,V3,欧国联,黑山 vs 塞浦路斯,0-0,not reconstructed from future result,,,UNKNOWN,unknown,low,,PENDING_RESULT,,,
2026-09-25,2981524,V4,欧国联,黑山 vs 塞浦路斯,0-0,not reconstructed from future result,,,UNKNOWN,unknown,low,,PENDING_RESULT,2026-09-25T11:34:53.768266+08:00,04f06d69a9ef79b3123b,N
2026-09-25,2996476,V3,荷乙,多德勒支 vs 阿尔梅勒城,0-0,not reconstructed from future result,,,UNKNOWN,unknown,low,,PENDING_RESULT,2026-09-25T09:06:45+08:00,fc03cf12447ebbf783df,可投
2026-09-25,2996476,V4,荷乙,多德勒支 vs 阿尔梅勒城,0-0,not reconstructed from future result,,,UNKNOWN,unknown,low,,PENDING_RESULT,2026-09-25T11:34:53.768266+08:00,3d963137dabc988339c1,N
2026-09-25,2997420,V3,墨西联秋,亚特兰特 vs 蒙特雷,0-0,not reconstructed from future result,,,UNKNOWN,unknown,low,,PENDING_RESULT,,,
2026-09-25,2997420,V4,墨西联秋,亚特兰特 vs 蒙特雷,0-0,not reconstructed from future result,,,UNKNOWN,unknown,low,,PENDING_RESULT,2026-09-25T11:34:53.768266+08:00,6722fe332009a051a278,N
2026-09-25,3000996,V3,非洲杯,摩洛哥 vs 加蓬,0-0,not reconstructed from future result,,,UNKNOWN,unknown,low,,PENDING_RESULT,2026-09-25T11:34:53+08:00,7fc4351dd67d07e4cd5e,可投
2026-09-25,3000996,V4,非洲杯,摩洛哥 vs 加蓬,0-0,not reconstructed from future result,,,UNKNOWN,unknown,low,,PENDING_RESULT,2026-09-25T11:34:53.768266+08:00,6a73bbb2847874445e84,N
2026-09-25,3000997,V3,非洲杯,尼日尔<font color=#880000>(中)</font> vs 莱索托,0-0,not reconstructed from future result,,,UNKNOWN,unknown,low,,PENDING_RESULT,2026-09-25T11:34:53+08:00,2a386062da1084cc7b96,不投
2026-09-25,3000997,V4,非洲杯,尼日尔<font color=#880000>(中)</font> vs 莱索托,0-0,not reconstructed from future result,,,UNKNOWN,unknown,low,,PENDING_RESULT,2026-09-25T11:34:53.768266+08:00,a48b3b22cfc540e80ebb,N
2026-09-25,3001008,V3,非洲杯,马拉维 vs 南苏丹,0-0,not reconstructed from future result,,,UNKNOWN,unknown,low,,PENDING_RESULT,2026-09-25T09:06:45+08:00,e5fcbabc770c35ef42d7,可投
2026-09-25,3001008,V4,非洲杯,马拉维 vs 南苏丹,0-0,not reconstructed from future result,,,UNKNOWN,unknown,low,,PENDING_RESULT,2026-09-25T11:34:53.768266+08:00,02a6db00bb5163d42104,
2026-09-25,3001009,V3,非洲杯,埃及 vs 安哥拉,0-0,not reconstructed from future result,,,UNKNOWN,unknown,low,,PENDING_RESULT,2026-09-25T11:34:53+08:00,ba127a76c60c43f1ea83,可投
2026-09-25,3001009,V4,非洲杯,埃及 vs 安哥拉,0-0,not reconstructed from future result,,,UNKNOWN,unknown,low,,PENDING_RESULT,2026-09-25T11:34:53.768266+08:00,05b5a4c3361515fa9212,N
2026-09-25,3001021,V3,非洲杯,冈比亚 vs 索马里,0-0,not reconstructed from future result,,,UNKNOWN,unknown,low,,PENDING_RESULT,2026-09-25T09:06:45+08:00,01d45c4a35155bb2f4d5,可投
2026-09-25,3001021,V4,非洲杯,冈比亚 vs 索马里,0-0,not reconstructed from future result,,,UNKNOWN,unknown,low,,PENDING_RESULT,2026-09-25T09:06:45.777321+08:00,6e3761039a4ab6f776f8,C
2026-09-25,3001057,V3,非洲杯,布基纳法索 vs 贝宁,0-0,not reconstructed from future result,,,UNKNOWN,unknown,low,,PENDING_RESULT,2026-09-25T11:34:53+08:00,b36763e6d7f30cdd8759,可投
2026-09-25,3001057,V4,非洲杯,布基纳法索 vs 贝宁,0-0,not reconstructed from future result,,,UNKNOWN,unknown,low,,PENDING_RESULT,2026-09-25T11:34:53.768266+08:00,c6395fc13d9e069f6ed3,C
2026-09-25,3001092,V3,非洲杯,阿尔及利亚 vs 赞比亚,0-0,not reconstructed from future result,,,UNKNOWN,unknown,low,,PENDING_RESULT,2026-09-25T11:34:53+08:00,37c9b285287dc3a57e86,不投
2026-09-25,3001092,V4,非洲杯,阿尔及利亚 vs 赞比亚,0-0,not reconstructed from future result,,,UNKNOWN,unknown,low,,PENDING_RESULT,2026-09-25T11:34:53.768266+08:00,e488eb811bff9bfa5bb5,N
2026-09-25,3001093,V3,非洲杯,多哥 vs 布隆迪,0-0,not reconstructed from future result,,,UNKNOWN,unknown,low,,PENDING_RESULT,2026-09-25T11:34:53+08:00,e8d900e7873a8e22e316,不投
2026-09-25,3001093,V4,非洲杯,多哥 vs 布隆迪,0-0,not reconstructed from future result,,,UNKNOWN,unknown,low,,PENDING_RESULT,2026-09-25T11:34:53.768266+08:00,deee56a4809716b6a287,N
2026-09-25,3001104,V3,非洲杯,苏丹<font color=#880000>(中)</font> vs 埃塞俄比亚,0-0,not reconstructed from future result,,,UNKNOWN,unknown,low,,PENDING_RESULT,2026-09-25T09:06:45+08:00,66ada0fc342a9cabf68a,可投
2026-09-25,3001104,V4,非洲杯,苏丹<font color=#880000>(中)</font> vs 埃塞俄比亚,0-0,not reconstructed from future result,,,UNKNOWN,unknown,low,,PENDING_RESULT,2026-09-25T11:34:53.768266+08:00,d5a195082d55388a6088,
2026-09-25,3001113,V3,非洲杯,莫桑比克 vs 塞内加尔,0-0,not reconstructed from future result,,,UNKNOWN,unknown,low,,PENDING_RESULT,2026-09-25T11:34:53+08:00,ae365a345fb30cb221cb,不投
2026-09-25,3001113,V4,非洲杯,莫桑比克 vs 塞内加尔,0-0,not reconstructed from future result,,,UNKNOWN,unknown,low,,PENDING_RESULT,2026-09-25T11:34:53.768266+08:00,aa5d7d6c772a0dcc1882,C
2026-09-25,3001116,V3,非洲杯,马里 vs 佛得角,0-0,not reconstructed from future result,,,UNKNOWN,unknown,low,,PENDING_RESULT,2026-09-25T11:34:53+08:00,d977b471355e09338771,不投
2026-09-25,3001116,V4,非洲杯,马里 vs 佛得角,0-0,not reconstructed from future result,,,UNKNOWN,unknown,low,,PENDING_RESULT,2026-09-25T11:34:53.768266+08:00,9cf0a87a9c1086f0b9e9,N
2026-09-25,3001117,V3,非洲杯,卢旺达 vs 利比里亚,0-0,not reconstructed from future result,,,UNKNOWN,unknown,low,,PENDING_RESULT,2026-09-25T09:06:45+08:00,fdb36df6ec2aa343f699,可投
2026-09-25,3001117,V4,非洲杯,卢旺达 vs 利比里亚,0-0,not reconstructed from future result,,,UNKNOWN,unknown,low,,PENDING_RESULT,2026-09-25T09:06:45.777321+08:00,389ef14a389ab6c3d2d8,C
2026-09-25,3001128,V3,非洲杯,尼日利亚 vs 马达加斯加,0-0,not reconstructed from future result,,,UNKNOWN,unknown,low,,PENDING_RESULT,2026-09-25T09:06:45+08:00,3d8a6217fb0827f5323c,可投
2026-09-25,3001128,V4,非洲杯,尼日利亚 vs 马达加斯加,0-0,not reconstructed from future result,,,UNKNOWN,unknown,low,,PENDING_RESULT,2026-09-25T11:34:53.768266+08:00,2f9a8091d20890bc583a,N
2026-09-25,3001129,V3,非洲杯,坦桑尼亚 vs 几内亚比绍,0-0,not reconstructed from future result,,,UNKNOWN,unknown,low,,PENDING_RESULT,2026-09-25T11:34:53+08:00,136129c123d21342aaff,不投
2026-09-25,3001129,V4,非洲杯,坦桑尼亚 vs 几内亚比绍,0-0,not reconstructed from future result,,,UNKNOWN,unknown,low,,PENDING_RESULT,2026-09-25T11:34:53.768266+08:00,b3970a2f308d0b61b6ed,N
2026-09-25,3002267,V3,苏冠,阿布罗斯 vs 女王公园,0-0,not reconstructed from future result,,,UNKNOWN,unknown,low,,PENDING_RESULT,,,
2026-09-25,3002267,V4,苏冠,阿布罗斯 vs 女王公园,0-0,not reconstructed from future result,,,UNKNOWN,unknown,low,,PENDING_RESULT,2026-09-25T11:34:53.768266+08:00,f2d3a880f63f82b2ae93,N
2026-09-25,3002268,V3,苏冠,艾尔联 vs 斯坦豪斯摩尔,0-0,not reconstructed from future result,,,UNKNOWN,unknown,low,,PENDING_RESULT,,,
2026-09-25,3002268,V4,苏冠,艾尔联 vs 斯坦豪斯摩尔,0-0,not reconstructed from future result,,,UNKNOWN,unknown,low,,PENDING_RESULT,2026-09-25T11:34:53.768266+08:00,a8042f04dff226f3a422,N
2026-09-25,3002269,V3,苏冠,邓弗姆林 vs 帕尔蒂克,,not reconstructed from future result,,,UNKNOWN,unknown,low,,PENDING_RESULT,,,
2026-09-25,3002269,V4,苏冠,邓弗姆林 vs 帕尔蒂克,,not reconstructed from future result,,,UNKNOWN,unknown,low,,PENDING_RESULT,2026-09-25T11:34:53.768266+08:00,9e0f6917216273003a8f,
2026-09-25,3002270,V3,苏冠,因弗内斯 vs 摩顿,0-0,not reconstructed from future result,,,UNKNOWN,unknown,low,,PENDING_RESULT,,,
2026-09-25,3002270,V4,苏冠,因弗内斯 vs 摩顿,0-0,not reconstructed from future result,,,UNKNOWN,unknown,low,,PENDING_RESULT,2026-09-25T11:34:53.768266+08:00,ec9be98ce1ad6507b9e7,N
2026-09-25,3002271,V3,苏冠,拉茨流浪者 vs 利文斯顿,0-0,not reconstructed from future result,,,UNKNOWN,unknown,low,,PENDING_RESULT,,,
2026-09-25,3002271,V4,苏冠,拉茨流浪者 vs 利文斯顿,0-0,not reconstructed from future result,,,UNKNOWN,unknown,low,,PENDING_RESULT,2026-09-25T11:34:53.768266+08:00,dc89955447aa42f9c4e9,
2026-09-25,3002878,V3,苏高联,斯特拉斯佩蓟 vs 霍瑞斯,0-0,not reconstructed from future result,,,UNKNOWN,unknown,low,,PENDING_RESULT,,,
2026-09-25,3002878,V4,苏高联,斯特拉斯佩蓟 vs 霍瑞斯,0-0,not reconstructed from future result,,,UNKNOWN,unknown,low,,PENDING_RESULT,2026-09-25T11:34:53.768266+08:00,5193dcc1592eabe15e60,
2026-09-25,3005579,V3,比女超,亨克女足 vs 真特女足,0-0,not reconstructed from future result,,,UNKNOWN,unknown,low,,PENDING_RESULT,,,
2026-09-25,3005579,V4,比女超,亨克女足 vs 真特女足,0-0,not reconstructed from future result,,,UNKNOWN,unknown,low,,PENDING_RESULT,2026-09-25T11:34:53.768266+08:00,2badb2f924f43404d83b,
2026-09-25,3005979,V3,斯亚乙,加德兰戴卡尼 vs 伊利利甲,0-0,not reconstructed from future result,,,UNKNOWN,unknown,low,,PENDING_RESULT,,,
2026-09-25,3005979,V4,斯亚乙,加德兰戴卡尼 vs 伊利利甲,0-0,not reconstructed from future result,,,UNKNOWN,unknown,low,,PENDING_RESULT,2026-09-25T11:34:53.768266+08:00,e21467d23a71697a44a9,
2026-09-25,3008835,V3,捷U19,般奴U19 vs 塔比历斯U19,0-0,not reconstructed from future result,,,UNKNOWN,unknown,low,,PENDING_RESULT,,,
2026-09-25,3008835,V4,捷U19,般奴U19 vs 塔比历斯U19,0-0,not reconstructed from future result,,,UNKNOWN,unknown,low,,PENDING_RESULT,2026-09-25T11:34:53.768266+08:00,a9ead557cea28572ae14,
2026-09-25,3008842,V3,捷U19,布拉格斯巴达U19 vs 波利斯拉夫U19,0-0,not reconstructed from future result,,,UNKNOWN,unknown,low,,PENDING_RESULT,,,
2026-09-25,3008842,V4,捷U19,布拉格斯巴达U19 vs 波利斯拉夫U19,0-0,not reconstructed from future result,,,UNKNOWN,unknown,low,,PENDING_RESULT,2026-09-25T11:34:53.768266+08:00,cac594b4c68b65262f36,
2026-09-25,3008966,V3,北爱冠,基拿云 vs 劳夫哥尔,0-0,not reconstructed from future result,,,UNKNOWN,unknown,low,,PENDING_RESULT,,,
2026-09-25,3008966,V4,北爱冠,基拿云 vs 劳夫哥尔,0-0,not reconstructed from future result,,,UNKNOWN,unknown,low,,PENDING_RESULT,2026-09-25T11:34:53.768266+08:00,7d7b3a7969609c101ee1,
2026-09-25,3008968,V3,北爱冠,纽维城 vs 韦德斯,0-0,not reconstructed from future result,,,UNKNOWN,unknown,low,,PENDING_RESULT,,,
2026-09-25,3008968,V4,北爱冠,纽维城 vs 韦德斯,0-0,not reconstructed from future result,,,UNKNOWN,unknown,low,,PENDING_RESULT,2026-09-25T11:34:53.768266+08:00,8f085ef7541a45ca202a,
2026-09-25,3008970,V3,北爱冠,拉夫利兰流浪者 vs 沃伦点城,0-0,not reconstructed from future result,,,UNKNOWN,unknown,low,,PENDING_RESULT,,,
2026-09-25,3008970,V4,北爱冠,拉夫利兰流浪者 vs 沃伦点城,0-0,not reconstructed from future result,,,UNKNOWN,unknown,low,,PENDING_RESULT,2026-09-25T11:34:53.768266+08:00,1f40f7cf12de75ccb77b,
2026-09-25,3009387,V3,捷丙,皮斯克 vs 普里布拉姆B队,0-0,not reconstructed from future result,,,UNKNOWN,unknown,low,,PENDING_RESULT,2026-09-25T11:34:53+08:00,5ff94a961181b3ff321b,不投
2026-09-25,3009387,V4,捷丙,皮斯克 vs 普里布拉姆B队,0-0,not reconstructed from future result,,,UNKNOWN,unknown,low,,PENDING_RESULT,2026-09-25T11:34:53.768266+08:00,8b5fb5698b47b67e6da1,
2026-09-25,3011608,V3,北爱超,科尔雷恩 vs 林菲尔德,0-0,not reconstructed from future result,,,UNKNOWN,unknown,low,,PENDING_RESULT,,,
2026-09-25,3011608,V4,北爱超,科尔雷恩 vs 林菲尔德,0-0,not reconstructed from future result,,,UNKNOWN,unknown,low,,PENDING_RESULT,2026-09-25T11:34:53.768266+08:00,2e187c070a11e99c9e45,N
2026-09-25,3011611,V3,北爱超,拉恩 vs 邓甘嫩,,not reconstructed from future result,,,UNKNOWN,unknown,low,,PENDING_RESULT,,,
2026-09-25,3011611,V4,北爱超,拉恩 vs 邓甘嫩,,not reconstructed from future result,,,UNKNOWN,unknown,low,,PENDING_RESULT,2026-09-25T11:34:53.768266+08:00,1f536548a0ed64fd8eaa,
2026-09-25,3011869,V3,哥伦甲秋,茨高 vs 帕斯托,0-0,not reconstructed from future result,,,UNKNOWN,unknown,low,,PENDING_RESULT,2026-09-25T11:34:53+08:00,7944bd994c9fe7d388ad,不投
2026-09-25,3011869,V4,哥伦甲秋,茨高 vs 帕斯托,0-0,not reconstructed from future result,,,UNKNOWN,unknown,low,,PENDING_RESULT,2026-09-25T11:34:53.768266+08:00,07063d395eef9103ec93,
2026-09-25,3011874,V3,哥伦甲秋,云斯卡尔达斯 vs 布卡拉曼加竞技,0-0,not reconstructed from future result,,,UNKNOWN,unknown,low,,PENDING_RESULT,2026-09-25T11:34:53+08:00,ff49011080c811f06e26,不投
2026-09-25,3011874,V4,哥伦甲秋,云斯卡尔达斯 vs 布卡拉曼加竞技,0-0,not reconstructed from future result,,,UNKNOWN,unknown,low,,PENDING_RESULT,2026-09-25T11:34:53.768266+08:00,7da7f903b83a49a1b1c0,N
2026-09-25,3014092,V3,西乙,赫罗纳 vs 阿尔巴塞特,0-0,not reconstructed from future result,,,UNKNOWN,unknown,low,,PENDING_RESULT,2026-09-25T11:34:53+08:00,67748a8ce5b066b3dea6,不投
2026-09-25,3014092,V4,西乙,赫罗纳 vs 阿尔巴塞特,0-0,not reconstructed from future result,,,UNKNOWN,unknown,low,,PENDING_RESULT,2026-09-25T09:06:45.777321+08:00,7be58d19c9fce18b545c,C
2026-09-25,3014905,V3,西协甲,马德里竞技B队 vs 比利亚雷亚尔B队,0-0,not reconstructed from future result,,,UNKNOWN,unknown,low,,PENDING_RESULT,2026-09-25T11:34:53+08:00,485a71641aea887de9e8,不投
2026-09-25,3014905,V4,西协甲,马德里竞技B队 vs 比利亚雷亚尔B队,0-0,not reconstructed from future result,,,UNKNOWN,unknown,low,,PENDING_RESULT,2026-09-25T11:34:53.768266+08:00,80c47d3a533a00803d1c,
2026-09-25,3014909,V3,西协甲,伊维萨 vs 萨拉戈萨,0-0,not reconstructed from future result,,,UNKNOWN,unknown,low,,PENDING_RESULT,2026-09-25T11:34:53+08:00,2a5c9cf67bc344be671d,不投
2026-09-25,3014909,V4,西协甲,伊维萨 vs 萨拉戈萨,0-0,not reconstructed from future result,,,UNKNOWN,unknown,low,,PENDING_RESULT,2026-09-25T11:34:53.768266+08:00,05656b3ca7d6de761be8,
2026-09-25,3019763,V3,瑞士丙1,洛桑体育队U21 vs 伊查伦斯,0-0,not reconstructed from future result,,,UNKNOWN,unknown,low,,PENDING_RESULT,,,
2026-09-25,3019763,V4,瑞士丙1,洛桑体育队U21 vs 伊查伦斯,0-0,not reconstructed from future result,,,UNKNOWN,unknown,low,,PENDING_RESULT,2026-09-25T11:34:53.768266+08:00,3d00a7b951e224d80a80,
2026-09-25,3020335,V3,奥丙东,曼斯多夫 vs 奥伯华特,0-0,not reconstructed from future result,,,UNKNOWN,unknown,low,,PENDING_RESULT,,,
2026-09-25,3020335,V4,奥丙东,曼斯多夫 vs 奥伯华特,0-0,not reconstructed from future result,,,UNKNOWN,unknown,low,,PENDING_RESULT,2026-09-25T11:34:53.768266+08:00,544025771cf5cc8905df,
2026-09-25,3020336,V3,奥丙东,帕多夫 vs 法沃利特奈尔,0-0,not reconstructed from future result,,,UNKNOWN,unknown,low,,PENDING_RESULT,,,
2026-09-25,3020336,V4,奥丙东,帕多夫 vs 法沃利特奈尔,0-0,not reconstructed from future result,,,UNKNOWN,unknown,low,,PENDING_RESULT,2026-09-25T11:34:53.768266+08:00,fb1da96178f2093e0a0d,
2026-09-25,3020337,V3,奥丙东,SV霍恩 vs 特赖斯基兴,0-0,not reconstructed from future result,,,UNKNOWN,unknown,low,,PENDING_RESULT,,,
2026-09-25,3020337,V4,奥丙东,SV霍恩 vs 特赖斯基兴,0-0,not reconstructed from future result,,,UNKNOWN,unknown,low,,PENDING_RESULT,2026-09-25T11:34:53.768266+08:00,84343be2b04f4609bac4,
2026-09-25,3020338,V3,奥丙东,克林斯马 vs 马特斯堡,0-0,not reconstructed from future result,,,UNKNOWN,unknown,low,,PENDING_RESULT,,,
2026-09-25,3020338,V4,奥丙东,克林斯马 vs 马特斯堡,0-0,not reconstructed from future result,,,UNKNOWN,unknown,low,,PENDING_RESULT,2026-09-25T11:34:53.768266+08:00,054e0c3d2445978f0783,
2026-09-25,3020894,V3,丹麦乙,海勒鲁普 vs 罗斯基德,0-0,not reconstructed from future result,,,UNKNOWN,unknown,low,,PENDING_RESULT,2026-09-25T11:34:53+08:00,77456afa806ac5056357,不投
2026-09-25,3020894,V4,丹麦乙,海勒鲁普 vs 罗斯基德,0-0,not reconstructed from future result,,,UNKNOWN,unknown,low,,PENDING_RESULT,2026-09-25T11:34:53.768266+08:00,26986c9cb13e8f2d4776,
2026-09-25,3021026,V3,丹麦丙,希尔星格 vs 霍尔贝克,0-0,not reconstructed from future result,,,UNKNOWN,unknown,low,,PENDING_RESULT,,,
2026-09-25,3021026,V4,丹麦丙,希尔星格 vs 霍尔贝克,0-0,not reconstructed from future result,,,UNKNOWN,unknown,low,,PENDING_RESULT,2026-09-25T11:34:53.768266+08:00,7628d90b62537ac989ec,N
2026-09-25,3021176,V3,威冠北,班戈1876 vs 巴克利镇,0-0,not reconstructed from future result,,,UNKNOWN,unknown,low,,PENDING_RESULT,,,
2026-09-25,3021176,V4,威冠北,班戈1876 vs 巴克利镇,0-0,not reconstructed from future result,,,UNKNOWN,unknown,low,,PENDING_RESULT,2026-09-25T11:34:53.768266+08:00,61b0cc175ec7a89ce0f1,
2026-09-25,3021182,V3,威冠北,拉辛城 vs 匹赫高,0-0,not reconstructed from future result,,,UNKNOWN,unknown,low,,PENDING_RESULT,,,
2026-09-25,3021182,V4,威冠北,拉辛城 vs 匹赫高,0-0,not reconstructed from future result,,,UNKNOWN,unknown,low,,PENDING_RESULT,2026-09-25T11:34:53.768266+08:00,f65ce0db73a0f9bafd39,
2026-09-25,3021415,V3,威冠南,亚分利多 vs 纽波特城,0-0,not reconstructed from future result,,,UNKNOWN,unknown,low,,PENDING_RESULT,,,
2026-09-25,3021415,V4,威冠南,亚分利多 vs 纽波特城,0-0,not reconstructed from future result,,,UNKNOWN,unknown,low,,PENDING_RESULT,2026-09-25T11:34:53.768266+08:00,7364fea000e1ce193935,
2026-09-25,3021416,V3,威冠南,巴格兰龙 vs 卡马顿,0-0,not reconstructed from future result,,,UNKNOWN,unknown,low,,PENDING_RESULT,,,
2026-09-25,3021416,V4,威冠南,巴格兰龙 vs 卡马顿,0-0,not reconstructed from future result,,,UNKNOWN,unknown,low,,PENDING_RESULT,2026-09-25T11:34:53.768266+08:00,49aa4425c7eaf2fb295b,
2026-09-25,3021417,V3,威冠南,卡菲利体育 vs 帕地普利德,0-0,not reconstructed from future result,,,UNKNOWN,unknown,low,,PENDING_RESULT,,,
2026-09-25,3021417,V4,威冠南,卡菲利体育 vs 帕地普利德,0-0,not reconstructed from future result,,,UNKNOWN,unknown,low,,PENDING_RESULT,2026-09-25T11:34:53.768266+08:00,c5e6f8c8f8ce0334c7d2,
2026-09-25,3021418,V3,威冠南,艾伯里斯特夫 vs 斯旺西大学,0-0,not reconstructed from future result,,,UNKNOWN,unknown,low,,PENDING_RESULT,,,
2026-09-25,3021418,V4,威冠南,艾伯里斯特夫 vs 斯旺西大学,0-0,not reconstructed from future result,,,UNKNOWN,unknown,low,,PENDING_RESULT,2026-09-25T11:34:53.768266+08:00,cbf3be1cca4fd7cf20bb,
2026-09-25,3022547,V3,奥丙南,阿勒黑里根 vs 杜斯兰堡,0-0,not reconstructed from future result,,,UNKNOWN,unknown,low,,PENDING_RESULT,,,
2026-09-25,3022547,V4,奥丙南,阿勒黑里根 vs 杜斯兰堡,0-0,not reconstructed from future result,,,UNKNOWN,unknown,low,,PENDING_RESULT,2026-09-25T11:34:53.768266+08:00,fa5f95fd1e5c2bd5c6e7,N
2026-09-25,3022549,V3,奥丙南,维兹 vs 拉夫尼茨,0-0,not reconstructed from future result,,,UNKNOWN,unknown,low,,PENDING_RESULT,,,
2026-09-25,3022549,V4,奥丙南,维兹 vs 拉夫尼茨,0-0,not reconstructed from future result,,,UNKNOWN,unknown,low,,PENDING_RESULT,2026-09-25T11:34:53.768266+08:00,c4cbcf904f0dbdc4f5ba,
2026-09-25,3022551,V3,奥丙南,沃夫堡 vs 布雷堡,0-0,not reconstructed from future result,,,UNKNOWN,unknown,low,,PENDING_RESULT,,,
2026-09-25,3022551,V4,奥丙南,沃夫堡 vs 布雷堡,0-0,not reconstructed from future result,,,UNKNOWN,unknown,low,,PENDING_RESULT,2026-09-25T11:34:53.768266+08:00,4971fb243931b0a3ac75,N
2026-09-25,3022552,V3,奥丙南,阿图斯维尔登 vs 克马克特,0-0,not reconstructed from future result,,,UNKNOWN,unknown,low,,PENDING_RESULT,,,
2026-09-25,3022552,V4,奥丙南,阿图斯维尔登 vs 克马克特,0-0,not reconstructed from future result,,,UNKNOWN,unknown,low,,PENDING_RESULT,2026-09-25T11:34:53.768266+08:00,f62863405508f6d2c283,
2026-09-25,3022666,V3,奥丙北,斯哈尔巴赫 vs 库赫尔,0-0,not reconstructed from future result,,,UNKNOWN,unknown,low,,PENDING_RESULT,,,
2026-09-25,3022666,V4,奥丙北,斯哈尔巴赫 vs 库赫尔,0-0,not reconstructed from future result,,,UNKNOWN,unknown,low,,PENDING_RESULT,2026-09-25T11:34:53.768266+08:00,6cceae463f64b9e3b35f,
2026-09-25,3022667,V3,奥丙北,OTSU哈莱恩 vs 平古萨伏登,0-0,not reconstructed from future result,,,UNKNOWN,unknown,low,,PENDING_RESULT,,,
2026-09-25,3022667,V4,奥丙北,OTSU哈莱恩 vs 平古萨伏登,0-0,not reconstructed from future result,,,UNKNOWN,unknown,low,,PENDING_RESULT,2026-09-25T11:34:53.768266+08:00,dfe1c5f77b8641e7ba28,
2026-09-25,3022668,V3,奥丙北,格鲁瑙 vs 迪塔切,0-0,not reconstructed from future result,,,UNKNOWN,unknown,low,,PENDING_RESULT,,,
2026-09-25,3022668,V4,奥丙北,格鲁瑙 vs 迪塔切,0-0,not reconstructed from future result,,,UNKNOWN,unknown,low,,PENDING_RESULT,2026-09-25T11:34:53.768266+08:00,a320c01ed67eca9ca83f,
2026-09-25,3024463,V3,墨西甲春,克雷卡米诺斯 vs 坦皮科马德罗,0-0,not reconstructed from future result,,,UNKNOWN,unknown,low,,PENDING_RESULT,,,
2026-09-25,3024463,V4,墨西甲春,克雷卡米诺斯 vs 坦皮科马德罗,0-0,not reconstructed from future result,,,UNKNOWN,unknown,low,,PENDING_RESULT,2026-09-25T11:34:53.768266+08:00,9c622a2e5589ec5eb933,N
2026-09-25,3026473,V3,德地区东北,柏林迪纳摩 vs 葛瑞福斯瓦尔德,0-0,not reconstructed from future result,,,UNKNOWN,unknown,low,,PENDING_RESULT,,,
2026-09-25,3026473,V4,德地区东北,柏林迪纳摩 vs 葛瑞福斯瓦尔德,0-0,not reconstructed from future result,,,UNKNOWN,unknown,low,,PENDING_RESULT,2026-09-25T11:34:53.768266+08:00,01e353b46550847033c0,
2026-09-25,3026478,V3,德地区东北,马迪堡青年队 vs 艾尔格里尼克,0-0,not reconstructed from future result,,,UNKNOWN,unknown,low,,PENDING_RESULT,,,
2026-09-25,3026478,V4,德地区东北,马迪堡青年队 vs 艾尔格里尼克,0-0,not reconstructed from future result,,,UNKNOWN,unknown,low,,PENDING_RESULT,2026-09-25T11:34:53.768266+08:00,7851ce48ac7fcdaa09ff,N
2026-09-25,3026480,V3,德地区东北,SV塔斯马尼亚柏林 vs 耶拿,0-0,not reconstructed from future result,,,UNKNOWN,unknown,low,,PENDING_RESULT,,,
2026-09-25,3026480,V4,德地区东北,SV塔斯马尼亚柏林 vs 耶拿,0-0,not reconstructed from future result,,,UNKNOWN,unknown,low,,PENDING_RESULT,2026-09-25T11:34:53.768266+08:00,b106d23749123106d9d1,
2026-09-25,3027184,V3,德地区巴,拜仁慕尼黑青年队 vs TSV施瓦本奥格斯堡,0-0,not reconstructed from future result,,,UNKNOWN,unknown,low,,PENDING_RESULT,,,
2026-09-25,3027184,V4,德地区巴,拜仁慕尼黑青年队 vs TSV施瓦本奥格斯堡,0-0,not reconstructed from future result,,,UNKNOWN,unknown,low,,PENDING_RESULT,2026-09-25T11:34:53.768266+08:00,af49084393fbc636c85d,
2026-09-25,3027186,V3,德地区巴,埃特斯多夫 vs 拜列治,0-0,not reconstructed from future result,,,UNKNOWN,unknown,low,,PENDING_RESULT,,,
2026-09-25,3027186,V4,德地区巴,埃特斯多夫 vs 拜列治,0-0,not reconstructed from future result,,,UNKNOWN,unknown,low,,PENDING_RESULT,2026-09-25T11:34:53.768266+08:00,6c2e81eb0d954c298367,
2026-09-25,3027187,V3,德地区巴,菲尔特青年队 vs 纽伦堡青年队,0-0,not reconstructed from future result,,,UNKNOWN,unknown,low,,PENDING_RESULT,,,
2026-09-25,3027187,V4,德地区巴,菲尔特青年队 vs 纽伦堡青年队,0-0,not reconstructed from future result,,,UNKNOWN,unknown,low,,PENDING_RESULT,2026-09-25T11:34:53.768266+08:00,9634f2a8479c20166508,
2026-09-25,3027189,V3,德地区巴,梅明根 vs 布赫巴赫,0-0,not reconstructed from future result,,,UNKNOWN,unknown,low,,PENDING_RESULT,,,
2026-09-25,3027189,V4,德地区巴,梅明根 vs 布赫巴赫,0-0,not reconstructed from future result,,,UNKNOWN,unknown,low,,PENDING_RESULT,2026-09-25T11:34:53.768266+08:00,bc0a8cb063aa7e1a7990,
2026-09-25,3031559,V3,德地区南,瓦尔多夫 vs 桑德豪森,0-0,not reconstructed from future result,,,UNKNOWN,unknown,low,,PENDING_RESULT,,,
2026-09-25,3031559,V4,德地区南,瓦尔多夫 vs 桑德豪森,0-0,not reconstructed from future result,,,UNKNOWN,unknown,low,,PENDING_RESULT,2026-09-25T11:34:53.768266+08:00,fad6d2edbbd71c7771cc,
2026-09-25,3036201,V3,巴马甲秋,CD阿拉比 vs 埃雷拉足球俱乐部,0-0,not reconstructed from future result,,,UNKNOWN,unknown,low,,PENDING_RESULT,,,
2026-09-25,3036201,V4,巴马甲秋,CD阿拉比 vs 埃雷拉足球俱乐部,0-0,not reconstructed from future result,,,UNKNOWN,unknown,low,,PENDING_RESULT,2026-09-25T11:34:53.768266+08:00,6a6701394ba52bba3160,
2026-09-25,3036379,V3,苏挑杯,斯巴顿斯 vs 登地U21,0-0,not reconstructed from future result,,,UNKNOWN,unknown,low,,PENDING_RESULT,,,
2026-09-25,3036379,V4,苏挑杯,斯巴顿斯 vs 登地U21,0-0,not reconstructed from future result,,,UNKNOWN,unknown,low,,PENDING_RESULT,2026-09-25T11:34:53.768266+08:00,3a2943cc78d3ab98eb28,
2026-09-25,3037921,V3,斯伐甲,杜纳达纳 vs 国际巴迪斯拉华,0-0,not reconstructed from future result,,,UNKNOWN,unknown,low,,PENDING_RESULT,,,
2026-09-25,3037921,V4,斯伐甲,杜纳达纳 vs 国际巴迪斯拉华,0-0,not reconstructed from future result,,,UNKNOWN,unknown,low,,PENDING_RESULT,2026-09-25T11:34:53.768266+08:00,3f2d629d373a328b39d4,N
2026-09-25,3043216,V3,捷丙,卡尔维纳B队 vs 利森B队,0-0,not reconstructed from future result,,,UNKNOWN,unknown,low,,PENDING_RESULT,2026-09-25T09:06:45+08:00,431c40f8eb8c2e614449,可投
2026-09-25,3043216,V4,捷丙,卡尔维纳B队 vs 利森B队,0-0,not reconstructed from future result,,,UNKNOWN,unknown,low,,PENDING_RESULT,2026-09-25T11:34:53.768266+08:00,0564685fb82ab571d005,N
2026-09-25,3043222,V3,捷丙,斯洛瓦科B队 vs 布尔诺B队,0-0,not reconstructed from future result,,,UNKNOWN,unknown,low,,PENDING_RESULT,2026-09-25T09:06:45+08:00,42a9abae95937bc72f13,可投
2026-09-25,3043222,V4,捷丙,斯洛瓦科B队 vs 布尔诺B队,0-0,not reconstructed from future result,,,UNKNOWN,unknown,low,,PENDING_RESULT,2026-09-25T11:34:53.768266+08:00,47cfe62c74421b40eb18,
2026-09-25,3043223,V3,捷丙,辛宁B队 vs 维特科维斯,0-0,not reconstructed from future result,,,UNKNOWN,unknown,low,,PENDING_RESULT,2026-09-25T09:06:45+08:00,017b0825152cbeb6cbea,可投
2026-09-25,3043223,V4,捷丙,辛宁B队 vs 维特科维斯,0-0,not reconstructed from future result,,,UNKNOWN,unknown,low,,PENDING_RESULT,2026-09-25T11:34:53.768266+08:00,890641e1c14b10ac747c,
2026-09-25,3043393,V3,德地区北,舒宁根 vs 德罗特尔森,0-0,not reconstructed from future result,,,UNKNOWN,unknown,low,,PENDING_RESULT,,,
2026-09-25,3043393,V4,德地区北,舒宁根 vs 德罗特尔森,0-0,not reconstructed from future result,,,UNKNOWN,unknown,low,,PENDING_RESULT,2026-09-25T11:34:53.768266+08:00,1f0195fccda6d9b354ba,
2026-09-25,3043555,V3,德地区北,卢比克 vs 托德斯费尔德,0-0,not reconstructed from future result,,,UNKNOWN,unknown,low,,PENDING_RESULT,,,
2026-09-25,3043555,V4,德地区北,卢比克 vs 托德斯费尔德,0-0,not reconstructed from future result,,,UNKNOWN,unknown,low,,PENDING_RESULT,2026-09-25T11:34:53.768266+08:00,5cd1e25cef2205081722,
2026-09-25,3043689,V3,德地区西,加特斯洛 vs 柏德博恩B队,0-0,not reconstructed from future result,,,UNKNOWN,unknown,low,,PENDING_RESULT,,,
2026-09-25,3043689,V4,德地区西,加特斯洛 vs 柏德博恩B队,0-0,not reconstructed from future result,,,UNKNOWN,unknown,low,,PENDING_RESULT,2026-09-25T11:34:53.768266+08:00,0cf51d633228b31ba666,
2026-09-25,3044277,V3,乌克乙,特诺皮尔B队 vs 普迪亚,0-0,not reconstructed from future result,,,UNKNOWN,unknown,low,,PENDING_RESULT,2026-09-25T11:34:53+08:00,ee5edde0f3dd856522f9,不投
2026-09-25,3044277,V4,乌克乙,特诺皮尔B队 vs 普迪亚,0-0,not reconstructed from future result,,,UNKNOWN,unknown,low,,PENDING_RESULT,2026-09-25T11:34:53.768266+08:00,5c6a5caee8975c4addc5,
2026-09-25,3044284,V3,乌克乙,卡尔本切尔卡瑟 vs SC波尔塔瓦B队,0-0,not reconstructed from future result,,,UNKNOWN,unknown,low,,PENDING_RESULT,2026-09-25T11:34:53+08:00,6de32f9675d0a439b975,不投
2026-09-25,3044284,V4,乌克乙,卡尔本切尔卡瑟 vs SC波尔塔瓦B队,0-0,not reconstructed from future result,,,UNKNOWN,unknown,low,,PENDING_RESULT,2026-09-25T11:34:53.768266+08:00,7d70d8df8591f1bc5255,
2026-09-25,3045544,V3,湘超,湘潭队 vs 常德队,0-0,not reconstructed from future result,,,UNKNOWN,unknown,low,,PENDING_RESULT,,,
2026-09-25,3045544,V4,湘超,湘潭队 vs 常德队,0-0,not reconstructed from future result,,,UNKNOWN,unknown,low,,PENDING_RESULT,2026-09-25T11:34:53.768266+08:00,5405b4cccb97426c8312,
2026-09-25,3045545,V3,湘超,邵阳队 vs 益阳队,0-0,not reconstructed from future result,,,UNKNOWN,unknown,low,,PENDING_RESULT,,,
2026-09-25,3045545,V4,湘超,邵阳队 vs 益阳队,0-0,not reconstructed from future result,,,UNKNOWN,unknown,low,,PENDING_RESULT,2026-09-25T11:34:53.768266+08:00,8176ccbd58d2e50de478,
2026-09-25,3046035,V3,墨西女超春,克鲁兹女足 vs 瓜达拉哈拉女足,0-0,not reconstructed from future result,,,UNKNOWN,unknown,low,,PENDING_RESULT,,,
2026-09-25,3046035,V4,墨西女超春,克鲁兹女足 vs 瓜达拉哈拉女足,0-0,not reconstructed from future result,,,UNKNOWN,unknown,low,,PENDING_RESULT,2026-09-25T11:34:53.768266+08:00,b267139aacaa0885f9fa,N
2026-09-25,3053518,V3,匈女甲,佩奇女足 vs 乌比斯迪女足,0-0,not reconstructed from future result,,,UNKNOWN,unknown,low,,PENDING_RESULT,,,
2026-09-25,3053518,V4,匈女甲,佩奇女足 vs 乌比斯迪女足,0-0,not reconstructed from future result,,,UNKNOWN,unknown,low,,PENDING_RESULT,2026-09-25T11:34:53.768266+08:00,c749f52a0f4c34dc8341,N
2026-09-25,3054220,V3,法U19,巴黎圣日耳曼U19 vs 卡昂U19,0-0,not reconstructed from future result,,,UNKNOWN,unknown,low,,PENDING_RESULT,,,
2026-09-25,3054220,V4,法U19,巴黎圣日耳曼U19 vs 卡昂U19,0-0,not reconstructed from future result,,,UNKNOWN,unknown,low,,PENDING_RESULT,2026-09-25T11:34:53.768266+08:00,92ee38cc1634bf47bb11,C
2026-09-25,3056241,V3,葡U23,马里迪莫U23 vs 本菲卡U23,0-0,not reconstructed from future result,,,UNKNOWN,unknown,low,,PENDING_RESULT,,,
2026-09-25,3056241,V4,葡U23,马里迪莫U23 vs 本菲卡U23,0-0,not reconstructed from future result,,,UNKNOWN,unknown,low,,PENDING_RESULT,2026-09-25T11:34:53.768266+08:00,7a2a02dbdbabd88789c8,
2026-09-25,3059198,V3,英乙U21,班士利U21 vs 谢菲尔德联队U21,0-0,not reconstructed from future result,,,UNKNOWN,unknown,low,,PENDING_RESULT,,,
2026-09-25,3059198,V4,英乙U21,班士利U21 vs 谢菲尔德联队U21,0-0,not reconstructed from future result,,,UNKNOWN,unknown,low,,PENDING_RESULT,2026-09-25T11:34:53.768266+08:00,bfb41554f0bacbdd9255,
2026-09-25,3059199,V3,英乙U21,高车士打U21 vs 谢周三U21,0-0,not reconstructed from future result,,,UNKNOWN,unknown,low,,PENDING_RESULT,,,
2026-09-25,3059199,V4,英乙U21,高车士打U21 vs 谢周三U21,0-0,not reconstructed from future result,,,UNKNOWN,unknown,low,,PENDING_RESULT,2026-09-25T11:34:53.768266+08:00,e1a44f69037cf2f72527,
2026-09-25,3059861,V3,捷女甲,柏辛域陀尼亚女足 vs 史洛特女足,0-0,not reconstructed from future result,,,UNKNOWN,unknown,low,,PENDING_RESULT,,,
2026-09-25,3059861,V4,捷女甲,柏辛域陀尼亚女足 vs 史洛特女足,0-0,not reconstructed from future result,,,UNKNOWN,unknown,low,,PENDING_RESULT,2026-09-25T11:34:53.768266+08:00,a94c62be0fc775142438,
2026-09-25,3059992,V3,西丁,埃斯特雷拉 vs 拉斯帕尔马斯C队,0-0,not reconstructed from future result,,,UNKNOWN,unknown,low,,PENDING_RESULT,,,
2026-09-25,3059992,V4,西丁,埃斯特雷拉 vs 拉斯帕尔马斯C队,0-0,not reconstructed from future result,,,UNKNOWN,unknown,low,,PENDING_RESULT,2026-09-25T11:34:53.768266+08:00,49c716e5c93019592ec0,
2026-09-25,3059997,V3,西丁,特内里费C队 vs 阿纳扎,0-0,not reconstructed from future result,,,UNKNOWN,unknown,low,,PENDING_RESULT,,,
2026-09-25,3059997,V4,西丁,特内里费C队 vs 阿纳扎,0-0,not reconstructed from future result,,,UNKNOWN,unknown,low,,PENDING_RESULT,2026-09-25T11:34:53.768266+08:00,77bb5d0f2b2f9a7fa4aa,
2026-09-25,3061654,V3,玻利杯,学术DB vs 欧若拉,0-0,not reconstructed from future result,,,UNKNOWN,unknown,low,,PENDING_RESULT,2026-09-25T11:34:53+08:00,eaa1740ce1a2df6aa401,不投
2026-09-25,3061654,V4,玻利杯,学术DB vs 欧若拉,0-0,not reconstructed from future result,,,UNKNOWN,unknown,low,,PENDING_RESULT,2026-09-25T11:34:53.768266+08:00,23ccb4eb0f41c604b04d,
2026-09-25,3061655,V3,玻利杯,国民波托斯 vs 阿拉维预备,0-0,not reconstructed from future result,,,UNKNOWN,unknown,low,,PENDING_RESULT,,,
2026-09-25,3061655,V4,玻利杯,国民波托斯 vs 阿拉维预备,0-0,not reconstructed from future result,,,UNKNOWN,unknown,low,,PENDING_RESULT,2026-09-25T11:34:53.768266+08:00,ceeaba312374c1dbe4fb,
2026-09-25,3061656,V3,玻利杯,圣安东尼奥布鲁布鲁 vs 皇家帕托斯,0-0,not reconstructed from future result,,,UNKNOWN,unknown,low,,PENDING_RESULT,2026-09-25T11:34:53+08:00,9385504fb45af502ca08,不投
2026-09-25,3061656,V4,玻利杯,圣安东尼奥布鲁布鲁 vs 皇家帕托斯,0-0,not reconstructed from future result,,,UNKNOWN,unknown,low,,PENDING_RESULT,2026-09-25T11:34:53.768266+08:00,34a0aed2bbafd451119b,
2026-09-25,3064936,V3,阿曼杯,斯莫尔 vs 迪赫弗,0-0,not reconstructed from future result,,,UNKNOWN,unknown,low,,PENDING_RESULT,2026-09-25T11:34:53+08:00,6c2a5a9b9e0cddcf2e4e,不投
2026-09-25,3064936,V4,阿曼杯,斯莫尔 vs 迪赫弗,0-0,not reconstructed from future result,,,UNKNOWN,unknown,low,,PENDING_RESULT,2026-09-25T11:34:53.768266+08:00,3afa5b74bd4d5903fe6b,
2026-09-25,3064937,V3,阿曼杯,费加亚 vs 阿尔纳斯,0-0,not reconstructed from future result,,,UNKNOWN,unknown,low,,PENDING_RESULT,2026-09-25T11:34:53+08:00,2e58b72404cd2f74cec1,不投
2026-09-25,3064937,V4,阿曼杯,费加亚 vs 阿尔纳斯,0-0,not reconstructed from future result,,,UNKNOWN,unknown,low,,PENDING_RESULT,2026-09-25T11:34:53.768266+08:00,1b1dd8b6229572721a7d,
2026-09-25,3064948,V3,阿曼杯,伊卜里 vs 拿达,0-0,not reconstructed from future result,,,UNKNOWN,unknown,low,,PENDING_RESULT,2026-09-25T11:34:53+08:00,c8ad1f764e0806abd269,不投
2026-09-25,3064948,V4,阿曼杯,伊卜里 vs 拿达,0-0,not reconstructed from future result,,,UNKNOWN,unknown,low,,PENDING_RESULT,2026-09-25T11:34:53.768266+08:00,eb282aeb52e959beb544,
2026-09-25,3064949,V3,阿曼杯,萨汉姆 vs 玛斯纳亚,0-0,not reconstructed from future result,,,UNKNOWN,unknown,low,,PENDING_RESULT,2026-09-25T11:34:53+08:00,a3308ee3bdda65c3077f,不投
2026-09-25,3064949,V4,阿曼杯,萨汉姆 vs 玛斯纳亚,0-0,not reconstructed from future result,,,UNKNOWN,unknown,low,,PENDING_RESULT,2026-09-25T11:34:53.768266+08:00,eea416af7091c0310342,
2026-09-25,3068150,V3,克亚乙,萨格勒布迪那摩B队 vs 扎达拉洛维,0-0,not reconstructed from future result,,,UNKNOWN,unknown,low,,PENDING_RESULT,2026-09-25T11:34:53+08:00,4215f2ea187c1d4b9b9e,不投
2026-09-25,3068150,V4,克亚乙,萨格勒布迪那摩B队 vs 扎达拉洛维,0-0,not reconstructed from future result,,,UNKNOWN,unknown,low,,PENDING_RESULT,2026-09-25T11:34:53.768266+08:00,8534d932efe68d31d109,
2026-09-25,3071530,V3,欧洲U20,意大利U20 vs 英格兰U20,0-0,not reconstructed from future result,,,UNKNOWN,unknown,low,,PENDING_RESULT,,,
2026-09-25,3071530,V4,欧洲U20,意大利U20 vs 英格兰U20,0-0,not reconstructed from future result,,,UNKNOWN,unknown,low,,PENDING_RESULT,2026-09-25T11:34:53.768266+08:00,6b0207c3f45e403e44c3,
2026-09-25,3071533,V3,欧洲U20,德国U20 vs 法国U20,0-0,not reconstructed from future result,,,UNKNOWN,unknown,low,,PENDING_RESULT,,,
2026-09-25,3071533,V4,欧洲U20,德国U20 vs 法国U20,0-0,not reconstructed from future result,,,UNKNOWN,unknown,low,,PENDING_RESULT,2026-09-25T11:34:53.768266+08:00,9a81fb57741562abd0c2,
2026-09-25,3071709,V3,厄瓜乙降,国家报队 vs 坎巴亚金融,0-0,not reconstructed from future result,,,UNKNOWN,unknown,low,,PENDING_RESULT,,,
2026-09-25,3071709,V4,厄瓜乙降,国家报队 vs 坎巴亚金融,0-0,not reconstructed from future result,,,UNKNOWN,unknown,low,,PENDING_RESULT,2026-09-25T11:34:53.768266+08:00,200d48fdccefd262e882,
2026-09-25,3073288,V3,墨西乙,瓦拉塔曲通MFC vs 阿里卡老虎队,0-0,not reconstructed from future result,,,UNKNOWN,unknown,low,,PENDING_RESULT,,,
2026-09-25,3073288,V4,墨西乙,瓦拉塔曲通MFC vs 阿里卡老虎队,0-0,not reconstructed from future result,,,UNKNOWN,unknown,low,,PENDING_RESULT,2026-09-25T11:34:53.768266+08:00,16e6aeeda223f804d289,
2026-09-25,3073289,V3,墨西乙,查普利 vs PD坎昆,0-0,not reconstructed from future result,,,UNKNOWN,unknown,low,,PENDING_RESULT,,,
2026-09-25,3073289,V4,墨西乙,查普利 vs PD坎昆,0-0,not reconstructed from future result,,,UNKNOWN,unknown,low,,PENDING_RESULT,2026-09-25T11:34:53.768266+08:00,9801c14c374c88d61a3f,
2026-09-25,3074188,V3,巴拉甲秋,巴拉圭国民 vs 艾美利亚诺体育,0-0,not reconstructed from future result,,,UNKNOWN,unknown,low,,PENDING_RESULT,2026-09-25T11:34:53+08:00,9f6fe74ef0ce43377757,不投
2026-09-25,3074188,V4,巴拉甲秋,巴拉圭国民 vs 艾美利亚诺体育,0-0,not reconstructed from future result,,,UNKNOWN,unknown,low,,PENDING_RESULT,2026-09-25T11:34:53.768266+08:00,46f90a7fffc4cacfc936,
2026-09-25,3074191,V3,巴拉甲秋,卢捷诺体育会 vs 亚松森瓜拉尼,0-0,not reconstructed from future result,,,UNKNOWN,unknown,low,,PENDING_RESULT,2026-09-25T11:34:53+08:00,8ec942f4a955186e3ba3,不投
2026-09-25,3074191,V4,巴拉甲秋,卢捷诺体育会 vs 亚松森瓜拉尼,0-0,not reconstructed from future result,,,UNKNOWN,unknown,low,,PENDING_RESULT,2026-09-25T11:34:53.768266+08:00,731f53932cf086fc36bf,N
2026-09-25,3079000,V3,西丁,多尼兹特贝 vs 瓦尔特,0-0,not reconstructed from future result,,,UNKNOWN,unknown,low,,PENDING_RESULT,,,
2026-09-25,3079000,V4,西丁,多尼兹特贝 vs 瓦尔特,0-0,not reconstructed from future result,,,UNKNOWN,unknown,low,,PENDING_RESULT,2026-09-25T11:34:53.768266+08:00,be7f2e56057726f5c53c,
2026-09-25,3082586,V3,俄乙B南升,巴尔瑙尔迪纳摩 vs 下诺夫哥罗德胜利,0-0,not reconstructed from future result,,,UNKNOWN,unknown,low,,PENDING_RESULT,,,
2026-09-25,3082586,V4,俄乙B南升,巴尔瑙尔迪纳摩 vs 下诺夫哥罗德胜利,0-0,not reconstructed from future result,,,UNKNOWN,unknown,low,,PENDING_RESULT,2026-09-25T11:34:53.768266+08:00,4927044d6a180f60ec2a,
2026-09-25,3085351,V3,越南甲,胡志明市足球俱乐部 vs 范亨大学,0-0,not reconstructed from future result,,,UNKNOWN,unknown,low,,PENDING_RESULT,,,
2026-09-25,3085351,V4,越南甲,胡志明市足球俱乐部 vs 范亨大学,0-0,not reconstructed from future result,,,UNKNOWN,unknown,low,,PENDING_RESULT,2026-09-25T11:34:53.768266+08:00,85d34454044797b2e336,
2026-09-25,3086062,V3,约旦甲,沙汉 vs 阿喀巴,0-0,not reconstructed from future result,,,UNKNOWN,unknown,low,,PENDING_RESULT,,,
2026-09-25,3086062,V4,约旦甲,沙汉 vs 阿喀巴,0-0,not reconstructed from future result,,,UNKNOWN,unknown,low,,PENDING_RESULT,2026-09-25T11:34:53.768266+08:00,d1decf2dea3643dd2607,
2026-09-25,3086063,V3,约旦甲,安曼FC vs 伊哈连姆沙,0-0,not reconstructed from future result,,,UNKNOWN,unknown,low,,PENDING_RESULT,,,
2026-09-25,3086063,V4,约旦甲,安曼FC vs 伊哈连姆沙,0-0,not reconstructed from future result,,,UNKNOWN,unknown,low,,PENDING_RESULT,2026-09-25T11:34:53.768266+08:00,e2b145bfb49c94df7740,
2026-09-25,3086180,V3,印尼甲,巴厘巴板 vs 德扬FC,0-0,not reconstructed from future result,,,UNKNOWN,unknown,low,,PENDING_RESULT,,,
2026-09-25,3086180,V4,印尼甲,巴厘巴板 vs 德扬FC,0-0,not reconstructed from future result,,,UNKNOWN,unknown,low,,PENDING_RESULT,2026-09-25T11:34:53.768266+08:00,a3a27c3fae563545443e,
2026-09-25,3086364,V3,芬乙D升,坦佩雷 vs 韦斯屈莱,0-0,not reconstructed from future result,,,UNKNOWN,unknown,low,,PENDING_RESULT,,,
2026-09-25,3086364,V4,芬乙D升,坦佩雷 vs 韦斯屈莱,0-0,not reconstructed from future result,,,UNKNOWN,unknown,low,,PENDING_RESULT,2026-09-25T11:34:53.768266+08:00,289116015fdc9493696f,N
2026-09-25,3086928,V3,智利杯,科洛科洛 vs 奥达斯,0-0,not reconstructed from future result,,,UNKNOWN,unknown,low,,PENDING_RESULT,2026-09-25T11:34:53+08:00,021704549f248831638e,不投
2026-09-25,3086928,V4,智利杯,科洛科洛 vs 奥达斯,0-0,not reconstructed from future result,,,UNKNOWN,unknown,low,,PENDING_RESULT,2026-09-25T11:34:53.768266+08:00,f861fd4010bceca0dad3,C
2026-09-25,3088402,V3,西室内足,FC巴塞罗那室内足球队 vs 卡塔格纳室内足球队,0-0,not reconstructed from future result,,,UNKNOWN,unknown,low,,PENDING_RESULT,,,
2026-09-25,3088402,V4,西室内足,FC巴塞罗那室内足球队 vs 卡塔格纳室内足球队,0-0,not reconstructed from future result,,,UNKNOWN,unknown,low,,PENDING_RESULT,2026-09-25T11:34:53.768266+08:00,24ab1bf307ec04300873,
2026-09-25,3088408,V3,西室内足,MRA纳瓦拉室内足球队 vs 帕尔马室内足球队,0-0,not reconstructed from future result,,,UNKNOWN,unknown,low,,PENDING_RESULT,,,
2026-09-25,3088408,V4,西室内足,MRA纳瓦拉室内足球队 vs 帕尔马室内足球队,0-0,not reconstructed from future result,,,UNKNOWN,unknown,low,,PENDING_RESULT,2026-09-25T11:34:53.768266+08:00,ad567552f1c02545b06a,
2026-09-25,3088940,V3,东盟杯,孟加拉国<font color=#880000>(中)</font> vs 马来西亚,0-0,not reconstructed from future result,,,UNKNOWN,unknown,low,,PENDING_RESULT,2026-09-25T11:34:53+08:00,9420e3c990591ba4660b,不投
2026-09-25,3088940,V4,东盟杯,孟加拉国<font color=#880000>(中)</font> vs 马来西亚,0-0,not reconstructed from future result,,,UNKNOWN,unknown,low,,PENDING_RESULT,2026-09-25T11:34:53.768266+08:00,3e8a62e01e9da5b8e25b,N
2026-09-25,3088941,V3,东盟杯,印度尼西亚 vs 新加坡,0-0,not reconstructed from future result,,,UNKNOWN,unknown,low,,PENDING_RESULT,2026-09-25T09:06:45+08:00,d3fcf2b4126946d4f0db,可投
2026-09-25,3088941,V4,东盟杯,印度尼西亚 vs 新加坡,0-0,not reconstructed from future result,,,UNKNOWN,unknown,low,,PENDING_RESULT,2026-09-25T09:06:45.777321+08:00,ae1f576b9ade1b7f0ad1,C
2026-09-25,3089792,V3,冰女超降,索尔阿克雷里女足 vs 弗拉姆女足,0-0,not reconstructed from future result,,,UNKNOWN,unknown,low,,PENDING_RESULT,,,
2026-09-25,3089792,V4,冰女超降,索尔阿克雷里女足 vs 弗拉姆女足,0-0,not reconstructed from future result,,,UNKNOWN,unknown,low,,PENDING_RESULT,2026-09-25T11:34:53.768266+08:00,a2361e5713c6b25f0190,N
2026-09-25,3089793,V3,冰女超降,瓦路尔女足 vs 维京古尔女足,0-0,not reconstructed from future result,,,UNKNOWN,unknown,low,,PENDING_RESULT,,,
2026-09-25,3089793,V4,冰女超降,瓦路尔女足 vs 维京古尔女足,0-0,not reconstructed from future result,,,UNKNOWN,unknown,low,,PENDING_RESULT,2026-09-25T11:34:53.768266+08:00,9de7084d6df51bce3672,N
2026-09-25,3089933,V3,渝超,梁平运虹队 vs 合川钓鱼城队,0-0,not reconstructed from future result,,,UNKNOWN,unknown,low,,PENDING_RESULT,,,
2026-09-25,3089933,V4,渝超,梁平运虹队 vs 合川钓鱼城队,0-0,not reconstructed from future result,,,UNKNOWN,unknown,low,,PENDING_RESULT,2026-09-25T11:34:53.768266+08:00,9356f2ee44fe757b89cf,
2026-09-25,3089934,V3,渝超,巫山红叶队 vs 石柱红队,0-0,not reconstructed from future result,,,UNKNOWN,unknown,low,,PENDING_RESULT,,,
2026-09-25,3089934,V4,渝超,巫山红叶队 vs 石柱红队,0-0,not reconstructed from future result,,,UNKNOWN,unknown,low,,PENDING_RESULT,2026-09-25T11:34:53.768266+08:00,07f1acf34235deecc60f,
2026-09-25,3089935,V3,渝超,江津润通动力队 vs 大足石刻队,0-0,not reconstructed from future result,,,UNKNOWN,unknown,low,,PENDING_RESULT,,,
2026-09-25,3089935,V4,渝超,江津润通动力队 vs 大足石刻队,0-0,not reconstructed from future result,,,UNKNOWN,unknown,low,,PENDING_RESULT,2026-09-25T11:34:53.768266+08:00,5ccb076a1f77e13f60d0,
2026-09-25,3089936,V3,渝超,万州飞马队 vs 北碚缙云队,0-0,not reconstructed from future result,,,UNKNOWN,unknown,low,,PENDING_RESULT,,,
2026-09-25,3089936,V4,渝超,万州飞马队 vs 北碚缙云队,0-0,not reconstructed from future result,,,UNKNOWN,unknown,low,,PENDING_RESULT,2026-09-25T11:34:53.768266+08:00,25a50edc3656beec4640,
2026-09-25,3091495,V3,国际友谊,澳大利亚 vs 巴西,0-0,not reconstructed from future result,,,UNKNOWN,unknown,low,,PENDING_RESULT,,,
2026-09-25,3091495,V4,国际友谊,澳大利亚 vs 巴西,0-0,not reconstructed from future result,,,UNKNOWN,unknown,low,,PENDING_RESULT,2026-09-25T09:06:45.777321+08:00,8d0939bc91ff83877264,C
2026-09-25,3091778,V3,也统杯,沃达特 vs 舒亚萨纳,0-0,not reconstructed from future result,,,UNKNOWN,unknown,low,,PENDING_RESULT,2026-09-25T11:34:53+08:00,0e9a1f16a947411949d0,不投
2026-09-25,3091778,V4,也统杯,沃达特 vs 舒亚萨纳,0-0,not reconstructed from future result,,,UNKNOWN,unknown,low,,PENDING_RESULT,2026-09-25T11:34:53.768266+08:00,4da47be85302acb17e96,
2026-09-25,3091799,V3,孟加拉联,法基拉普尔年轻人 vs 穆罕默德SC,0-0,not reconstructed from future result,,,UNKNOWN,unknown,low,,PENDING_RESULT,,,
2026-09-25,3091799,V4,孟加拉联,法基拉普尔年轻人 vs 穆罕默德SC,0-0,not reconstructed from future result,,,UNKNOWN,unknown,low,,PENDING_RESULT,2026-09-25T11:34:53.768266+08:00,cd448fff20fc5086b7e2,
2026-09-25,3092436,V3,中北美国联,牙买加 vs 危地马拉,0-0,not reconstructed from future result,,,UNKNOWN,unknown,low,,PENDING_RESULT,2026-09-25T11:34:53+08:00,58825d525f9e535a9381,不投
2026-09-25,3092436,V4,中北美国联,牙买加 vs 危地马拉,0-0,not reconstructed from future result,,,UNKNOWN,unknown,low,,PENDING_RESULT,2026-09-25T11:34:53.768266+08:00,5ead1b43ffa84a1fe114,
2026-09-25,3092437,V3,中北美国联,洪都拉斯 vs 苏里南,0-0,not reconstructed from future result,,,UNKNOWN,unknown,low,,PENDING_RESULT,2026-09-25T11:34:53+08:00,59630dbc7ec254d05a93,不投
2026-09-25,3092437,V4,中北美国联,洪都拉斯 vs 苏里南,0-0,not reconstructed from future result,,,UNKNOWN,unknown,low,,PENDING_RESULT,2026-09-25T11:34:53.768266+08:00,6ebb1290fd2c66638631,N
2026-09-25,3092460,V3,中北美国联,百慕大群岛 vs 瓜德罗普,0-0,not reconstructed from future result,,,UNKNOWN,unknown,low,,PENDING_RESULT,2026-09-25T09:06:45+08:00,6a002a123588ca00cda7,可投
2026-09-25,3092460,V4,中北美国联,百慕大群岛 vs 瓜德罗普,0-0,not reconstructed from future result,,,UNKNOWN,unknown,low,,PENDING_RESULT,2026-09-25T11:34:53.768266+08:00,386d414aab4bb5e9eda8,
2026-09-25,3092461,V3,中北美国联,巴巴多斯 vs 圣卢西亚,0-0,not reconstructed from future result,,,UNKNOWN,unknown,low,,PENDING_RESULT,2026-09-25T09:06:45+08:00,4a9c6da0566f40b2114d,可投
2026-09-25,3092461,V4,中北美国联,巴巴多斯 vs 圣卢西亚,0-0,not reconstructed from future result,,,UNKNOWN,unknown,low,,PENDING_RESULT,2026-09-25T11:34:53.768266+08:00,6810d23e2bc917f27605,
2026-09-25,3092472,V3,中北美国联,格林纳达 vs 古巴,0-0,not reconstructed from future result,,,UNKNOWN,unknown,low,,PENDING_RESULT,2026-09-25T11:34:53+08:00,3a9dcfa807756a9becfd,不投
2026-09-25,3092472,V4,中北美国联,格林纳达 vs 古巴,0-0,not reconstructed from future result,,,UNKNOWN,unknown,low,,PENDING_RESULT,2026-09-25T11:34:53.768266+08:00,76bfaf046dbbae338c6b,
2026-09-25,3092473,V3,中北美国联,博奈尔 vs 圣基茨和尼维斯,0-0,not reconstructed from future result,,,UNKNOWN,unknown,low,,PENDING_RESULT,2026-09-25T11:34:53+08:00,a1924a3e694f3af9b505,不投
2026-09-25,3092473,V4,中北美国联,博奈尔 vs 圣基茨和尼维斯,0-0,not reconstructed from future result,,,UNKNOWN,unknown,low,,PENDING_RESULT,2026-09-25T11:34:53.768266+08:00,d8b75e44be31dc16f792,
2026-09-25,3092968,V3,德戊,阿莎芬堡 vs 巴伐利亚霍夫,0-0,not reconstructed from future result,,,UNKNOWN,unknown,low,,PENDING_RESULT,,,
2026-09-25,3092968,V4,德戊,阿莎芬堡 vs 巴伐利亚霍夫,0-0,not reconstructed from future result,,,UNKNOWN,unknown,low,,PENDING_RESULT,2026-09-25T11:34:53.768266+08:00,c84916951d9b31fb0577,
2026-09-25,3092969,V3,德戊,DJK盖本巴赫 vs 幸运雷根斯堡,0-0,not reconstructed from future result,,,UNKNOWN,unknown,low,,PENDING_RESULT,,,
2026-09-25,3092969,V4,德戊,DJK盖本巴赫 vs 幸运雷根斯堡,0-0,not reconstructed from future result,,,UNKNOWN,unknown,low,,PENDING_RESULT,2026-09-25T11:34:53.768266+08:00,aae71a90c7afcae3a0a1,
2026-09-25,3092970,V3,德戊,纽德罗森菲尔德 vs DJK鲍思高班贝格,0-0,not reconstructed from future result,,,UNKNOWN,unknown,low,,PENDING_RESULT,,,
2026-09-25,3092970,V4,德戊,纽德罗森菲尔德 vs DJK鲍思高班贝格,0-0,not reconstructed from future result,,,UNKNOWN,unknown,low,,PENDING_RESULT,2026-09-25T11:34:53.768266+08:00,30c2a16aa2df0b4908f8,
2026-09-25,3092971,V3,德戊,印戈斯塔德青年队 vs DJK阿默,0-0,not reconstructed from future result,,,UNKNOWN,unknown,low,,PENDING_RESULT,,,
2026-09-25,3092971,V4,德戊,印戈斯塔德青年队 vs DJK阿默,0-0,not reconstructed from future result,,,UNKNOWN,unknown,low,,PENDING_RESULT,2026-09-25T11:34:53.768266+08:00,bb70ac71dea2b34832ed,
2026-09-25,3092972,V3,德戊,SV埃尔巴赫 vs 皮平斯列特,0-0,not reconstructed from future result,,,UNKNOWN,unknown,low,,PENDING_RESULT,,,
2026-09-25,3092972,V4,德戊,SV埃尔巴赫 vs 皮平斯列特,0-0,not reconstructed from future result,,,UNKNOWN,unknown,low,,PENDING_RESULT,2026-09-25T11:34:53.768266+08:00,7b5ca6f63ed130ecb6bc,
2026-09-25,3092973,V3,德戊,罗森海姆1860 vs TSV科特恩,0-0,not reconstructed from future result,,,UNKNOWN,unknown,low,,PENDING_RESULT,,,
2026-09-25,3092973,V4,德戊,罗森海姆1860 vs TSV科特恩,0-0,not reconstructed from future result,,,UNKNOWN,unknown,low,,PENDING_RESULT,2026-09-25T11:34:53.768266+08:00,49993ab6e965a3c9ad59,
2026-09-25,3092974,V3,德戊,海利 vs 施瓦伊格,0-0,not reconstructed from future result,,,UNKNOWN,unknown,low,,PENDING_RESULT,,,
2026-09-25,3092974,V4,德戊,海利 vs 施瓦伊格,0-0,not reconstructed from future result,,,UNKNOWN,unknown,low,,PENDING_RESULT,2026-09-25T11:34:53.768266+08:00,29aaf77ff511c8fb0492,
2026-09-25,3092975,V3,斯伐丙,米亚瓦斯巴达 vs 贾巴斯柯沃,0-0,not reconstructed from future result,,,UNKNOWN,unknown,low,,PENDING_RESULT,,,
2026-09-25,3092975,V4,斯伐丙,米亚瓦斯巴达 vs 贾巴斯柯沃,0-0,not reconstructed from future result,,,UNKNOWN,unknown,low,,PENDING_RESULT,2026-09-25T11:34:53.768266+08:00,19ac694abcd5642be209,
2026-09-25,3092976,V3,斯伐丙,科马尔诺二队 vs FC普列维扎,0-0,not reconstructed from future result,,,UNKNOWN,unknown,low,,PENDING_RESULT,,,
2026-09-25,3092976,V4,斯伐丙,科马尔诺二队 vs FC普列维扎,0-0,not reconstructed from future result,,,UNKNOWN,unknown,low,,PENDING_RESULT,2026-09-25T11:34:53.768266+08:00,8a9bf15fb24586868fdb,
2026-09-25,3092977,V3,斯伐丙,斯拉维亚克思雀 vs 梅泽夫,0-0,not reconstructed from future result,,,UNKNOWN,unknown,low,,PENDING_RESULT,,,
2026-09-25,3092977,V4,斯伐丙,斯拉维亚克思雀 vs 梅泽夫,0-0,not reconstructed from future result,,,UNKNOWN,unknown,low,,PENDING_RESULT,2026-09-25T11:34:53.768266+08:00,d375d4b06b8c84cb1794,
2026-09-25,3092978,V3,波兰丙,华沙普洛克B队 vs 比亚韦斯托克雅盖隆B队,0-0,not reconstructed from future result,,,UNKNOWN,unknown,low,,PENDING_RESULT,,,
2026-09-25,3092978,V4,波兰丙,华沙普洛克B队 vs 比亚韦斯托克雅盖隆B队,0-0,not reconstructed from future result,,,UNKNOWN,unknown,low,,PENDING_RESULT,2026-09-25T11:34:53.768266+08:00,654ef9975f12d571fe1c,
2026-09-25,3092979,V3,波兰丙,斯维特 vs 罗姆查,0-0,not reconstructed from future result,,,UNKNOWN,unknown,low,,PENDING_RESULT,,,
2026-09-25,3092979,V4,波兰丙,斯维特 vs 罗姆查,0-0,not reconstructed from future result,,,UNKNOWN,unknown,low,,PENDING_RESULT,2026-09-25T11:34:53.768266+08:00,822eeba03eb36f560720,
2026-09-25,3092980,V3,波兰丙,维亚扎布基 vs 姆拉维安卡,0-0,not reconstructed from future result,,,UNKNOWN,unknown,low,,PENDING_RESULT,,,
2026-09-25,3092980,V4,波兰丙,维亚扎布基 vs 姆拉维安卡,0-0,not reconstructed from future result,,,UNKNOWN,unknown,low,,PENDING_RESULT,2026-09-25T11:34:53.768266+08:00,ce5a5efea98a25e93cf3,
2026-09-25,3092981,V3,波兰丙,克拉科夫B队 vs 波拉尼,0-0,not reconstructed from future result,,,UNKNOWN,unknown,low,,PENDING_RESULT,,,
2026-09-25,3092981,V4,波兰丙,克拉科夫B队 vs 波拉尼,0-0,not reconstructed from future result,,,UNKNOWN,unknown,low,,PENDING_RESULT,2026-09-25T11:34:53.768266+08:00,31a71d0c175bcef43433,
2026-09-25,3092982,V3,波兰丙,MKS李曼欧 vs W.登比察,0-0,not reconstructed from future result,,,UNKNOWN,unknown,low,,PENDING_RESULT,,,
2026-09-25,3092982,V4,波兰丙,MKS李曼欧 vs W.登比察,0-0,not reconstructed from future result,,,UNKNOWN,unknown,low,,PENDING_RESULT,2026-09-25T11:34:53.768266+08:00,130b94937542c20637ec,
2026-09-25,3092983,V3,德戊,萨伦多夫赫塔 vs 瑞尼肯多弗,0-0,not reconstructed from future result,,,UNKNOWN,unknown,low,,PENDING_RESULT,,,
2026-09-25,3092983,V4,德戊,萨伦多夫赫塔 vs 瑞尼肯多弗,0-0,not reconstructed from future result,,,UNKNOWN,unknown,low,,PENDING_RESULT,2026-09-25T11:34:53.768266+08:00,24295108e8f20b052241,
2026-09-25,3092984,V3,德戊,塔比柏林 vs 利希滕贝格47,0-0,not reconstructed from future result,,,UNKNOWN,unknown,low,,PENDING_RESULT,,,
2026-09-25,3092984,V4,德戊,塔比柏林 vs 利希滕贝格47,0-0,not reconstructed from future result,,,UNKNOWN,unknown,low,,PENDING_RESULT,2026-09-25T11:34:53.768266+08:00,d9f3019f170d1af01d60,
2026-09-25,3092985,V3,德戊,安高维斯马 vs 罗斯托克B队,0-0,not reconstructed from future result,,,UNKNOWN,unknown,low,,PENDING_RESULT,,,
2026-09-25,3092985,V4,德戊,安高维斯马 vs 罗斯托克B队,0-0,not reconstructed from future result,,,UNKNOWN,unknown,low,,PENDING_RESULT,2026-09-25T11:34:53.768266+08:00,b5b73ee7fdc3ce1806eb,
2026-09-25,3092986,V3,德戊,奥尔巴赫 vs 艾伦堡,0-0,not reconstructed from future result,,,UNKNOWN,unknown,low,,PENDING_RESULT,,,
2026-09-25,3092986,V4,德戊,奥尔巴赫 vs 艾伦堡,0-0,not reconstructed from future result,,,UNKNOWN,unknown,low,,PENDING_RESULT,2026-09-25T11:34:53.768266+08:00,9a740e64b75d4f134bed,
2026-09-25,3092987,V3,德戊,SG联盟 vs VFL哈雷,0-0,not reconstructed from future result,,,UNKNOWN,unknown,low,,PENDING_RESULT,,,
2026-09-25,3092987,V4,德戊,SG联盟 vs VFL哈雷,0-0,not reconstructed from future result,,,UNKNOWN,unknown,low,,PENDING_RESULT,2026-09-25T11:34:53.768266+08:00,4c0abfb8ef7eb5a24887,
2026-09-25,3092988,V3,德戊,霍恩韦斯特特 vs 卢贝克,0-0,not reconstructed from future result,,,UNKNOWN,unknown,low,,PENDING_RESULT,,,
2026-09-25,3092988,V4,德戊,霍恩韦斯特特 vs 卢贝克,0-0,not reconstructed from future result,,,UNKNOWN,unknown,low,,PENDING_RESULT,2026-09-25T11:34:53.768266+08:00,e89f84b4dde5e8bd726e,
2026-09-25,3092989,V3,德戊,乌特弗拉肯巴赫 vs 斯塔德阿伦道夫,0-0,not reconstructed from future result,,,UNKNOWN,unknown,low,,PENDING_RESULT,,,
2026-09-25,3092989,V4,德戊,乌特弗拉肯巴赫 vs 斯塔德阿伦道夫,0-0,not reconstructed from future result,,,UNKNOWN,unknown,low,,PENDING_RESULT,2026-09-25T11:34:53.768266+08:00,a416cd6ac6c0c00109fc,
2026-09-25,3092990,V3,德戊,普福尔茨海姆 vs 卡尔斯鲁厄青年队,0-0,not reconstructed from future result,,,UNKNOWN,unknown,low,,PENDING_RESULT,,,
2026-09-25,3092990,V4,德戊,普福尔茨海姆 vs 卡尔斯鲁厄青年队,0-0,not reconstructed from future result,,,UNKNOWN,unknown,low,,PENDING_RESULT,2026-09-25T11:34:53.768266+08:00,79b078384aede34aab67,
2026-09-25,3092991,V3,墨西U21,亚特兰特U21 vs 蒙特雷U21,0-0,not reconstructed from future result,,,UNKNOWN,unknown,low,,PENDING_RESULT,,,
2026-09-25,3092991,V4,墨西U21,亚特兰特U21 vs 蒙特雷U21,0-0,not reconstructed from future result,,,UNKNOWN,unknown,low,,PENDING_RESULT,2026-09-25T11:34:53.768266+08:00,e4b386e547cb048f31b7,
2026-09-25,3092992,V3,墨西U21,堤华纳U21 vs 阿特拉斯U21,0-0,not reconstructed from future result,,,UNKNOWN,unknown,low,,PENDING_RESULT,,,
2026-09-25,3092992,V4,墨西U21,堤华纳U21 vs 阿特拉斯U21,0-0,not reconstructed from future result,,,UNKNOWN,unknown,low,,PENDING_RESULT,2026-09-25T11:34:53.768266+08:00,4b3001b1caa18d9f317f,
2026-09-25,3092993,V3,德戊,霍尔济姆SG vs SV索尼克斯,0-0,not reconstructed from future result,,,UNKNOWN,unknown,low,,PENDING_RESULT,,,
2026-09-25,3092993,V4,德戊,霍尔济姆SG vs SV索尼克斯,0-0,not reconstructed from future result,,,UNKNOWN,unknown,low,,PENDING_RESULT,2026-09-25T11:34:53.768266+08:00,02c4ab31db591393b2c4,
2026-09-25,3092994,V3,埃及甲,霍尔比 vs 坦塔,0-0,not reconstructed from future result,,,UNKNOWN,unknown,low,,PENDING_RESULT,,,
2026-09-25,3092994,V4,埃及甲,霍尔比 vs 坦塔,0-0,not reconstructed from future result,,,UNKNOWN,unknown,low,,PENDING_RESULT,2026-09-25T11:34:53.768266+08:00,a727c891ac13a4679bc1,N
2026-09-25,3092995,V3,埃及甲,哈伊赫多 vs 达雅洛特,0-0,not reconstructed from future result,,,UNKNOWN,unknown,low,,PENDING_RESULT,,,
2026-09-25,3092995,V4,埃及甲,哈伊赫多 vs 达雅洛特,0-0,not reconstructed from future result,,,UNKNOWN,unknown,low,,PENDING_RESULT,2026-09-25T11:34:53.768266+08:00,733f56c8eeb30b79682b,N
2026-09-25,3092996,V3,埃及甲,特萨纳体育 vs 巴拉蒂耶,0-0,not reconstructed from future result,,,UNKNOWN,unknown,low,,PENDING_RESULT,,,
2026-09-25,3092996,V4,埃及甲,特萨纳体育 vs 巴拉蒂耶,0-0,not reconstructed from future result,,,UNKNOWN,unknown,low,,PENDING_RESULT,2026-09-25T11:34:53.768266+08:00,fe46081390e380f5dc90,C
2026-09-25,3092997,V3,埃及甲,埃及电信 vs 拉维耶纳,0-0,not reconstructed from future result,,,UNKNOWN,unknown,low,,PENDING_RESULT,,,
2026-09-25,3092997,V4,埃及甲,埃及电信 vs 拉维耶纳,0-0,not reconstructed from future result,,,UNKNOWN,unknown,low,,PENDING_RESULT,2026-09-25T11:34:53.768266+08:00,40162eedde2ecc4424fe,N
2026-09-25,3092998,V3,里约乙,索琼斯坎波斯AA vs 圣克里斯托旺RJ,0-0,not reconstructed from future result,,,UNKNOWN,unknown,low,,PENDING_RESULT,,,
2026-09-25,3092998,V4,里约乙,索琼斯坎波斯AA vs 圣克里斯托旺RJ,0-0,not reconstructed from future result,,,UNKNOWN,unknown,low,,PENDING_RESULT,2026-09-25T11:34:53.768266+08:00,a710970e3793cab471f7,
2026-09-25,3092999,V3,德戊,恩格尔斯 vs 奥尔斯马赫,0-0,not reconstructed from future result,,,UNKNOWN,unknown,low,,PENDING_RESULT,,,
2026-09-25,3092999,V4,德戊,恩格尔斯 vs 奥尔斯马赫,0-0,not reconstructed from future result,,,UNKNOWN,unknown,low,,PENDING_RESULT,2026-09-25T11:34:53.768266+08:00,131607dc06b8d9ccfbd9,
2026-09-25,3093000,V3,德戊,比梅夏云 vs 伍特默豪森,0-0,not reconstructed from future result,,,UNKNOWN,unknown,low,,PENDING_RESULT,,,
2026-09-25,3093000,V4,德戊,比梅夏云 vs 伍特默豪森,0-0,not reconstructed from future result,,,UNKNOWN,unknown,low,,PENDING_RESULT,2026-09-25T11:34:53.768266+08:00,1c5cc71c674fdc3e7805,
2026-09-25,3093001,V3,德戊,云达不莱梅C队 vs 勒赫尔,0-0,not reconstructed from future result,,,UNKNOWN,unknown,low,,PENDING_RESULT,,,
2026-09-25,3093001,V4,德戊,云达不莱梅C队 vs 勒赫尔,0-0,not reconstructed from future result,,,UNKNOWN,unknown,low,,PENDING_RESULT,2026-09-25T11:34:53.768266+08:00,8f180e9aba3d6b92afb9,
2026-09-25,3093002,V3,不丹廷联,廷布FC vs 坦桑FC,0-0,not reconstructed from future result,,,UNKNOWN,unknown,low,,PENDING_RESULT,,,
2026-09-25,3093002,V4,不丹廷联,廷布FC vs 坦桑FC,0-0,not reconstructed from future result,,,UNKNOWN,unknown,low,,PENDING_RESULT,2026-09-25T11:34:53.768266+08:00,fbcc111b3697a5c3c01d,
2026-09-25,3093003,V3,德戊,韦格堡贝克 vs 杜伦,0-0,not reconstructed from future result,,,UNKNOWN,unknown,low,,PENDING_RESULT,,,
2026-09-25,3093003,V4,德戊,韦格堡贝克 vs 杜伦,0-0,not reconstructed from future result,,,UNKNOWN,unknown,low,,PENDING_RESULT,2026-09-25T11:34:53.768266+08:00,be68d717c29a123c2fbe,
2026-09-25,3093004,V3,德戊,VFL维查尔 vs 诺因基兴,0-0,not reconstructed from future result,,,UNKNOWN,unknown,low,,PENDING_RESULT,,,
2026-09-25,3093004,V4,德戊,VFL维查尔 vs 诺因基兴,0-0,not reconstructed from future result,,,UNKNOWN,unknown,low,,PENDING_RESULT,2026-09-25T11:34:53.768266+08:00,2a8abfc121cca40f975e,
2026-09-25,3093005,V3,阿后备,科隆竞技后备队 vs 圣塔菲联后备队,0-0,not reconstructed from future result,,,UNKNOWN,unknown,low,,PENDING_RESULT,,,
2026-09-25,3093005,V4,阿后备,科隆竞技后备队 vs 圣塔菲联后备队,0-0,not reconstructed from future result,,,UNKNOWN,unknown,low,,PENDING_RESULT,2026-09-25T11:34:53.768266+08:00,9c0387b594e465e6202d,N
2026-09-25,3093006,V3,阿后备,河床后备队 vs 小保加后备队,0-0,not reconstructed from future result,,,UNKNOWN,unknown,low,,PENDING_RESULT,,,
2026-09-25,3093006,V4,阿后备,河床后备队 vs 小保加后备队,0-0,not reconstructed from future result,,,UNKNOWN,unknown,low,,PENDING_RESULT,2026-09-25T11:34:53.768266+08:00,e2181240831aaea0f2bc,
2026-09-25,3093007,V3,阿后备,圣胡安圣马丁后备队 vs 戈多伊克鲁斯后备队,0-0,not reconstructed from future result,,,UNKNOWN,unknown,low,,PENDING_RESULT,,,
2026-09-25,3093007,V4,阿后备,圣胡安圣马丁后备队 vs 戈多伊克鲁斯后备队,0-0,not reconstructed from future result,,,UNKNOWN,unknown,low,,PENDING_RESULT,2026-09-25T11:34:53.768266+08:00,8c243327aaaf5329bb51,N
2026-09-25,3093008,V3,智利丁,阿瓜拉 vs 卡夫雷罗,0-0,not reconstructed from future result,,,UNKNOWN,unknown,low,,PENDING_RESULT,,,
2026-09-25,3093008,V4,智利丁,阿瓜拉 vs 卡夫雷罗,0-0,not reconstructed from future result,,,UNKNOWN,unknown,low,,PENDING_RESULT,2026-09-25T11:34:53.768266+08:00,b35444131754c0fa8aaf,
2026-09-25,3093009,V3,智利丁,马尔雷考古 vs 富图罗,0-0,not reconstructed from future result,,,UNKNOWN,unknown,low,,PENDING_RESULT,,,
2026-09-25,3093009,V4,智利丁,马尔雷考古 vs 富图罗,0-0,not reconstructed from future result,,,UNKNOWN,unknown,low,,PENDING_RESULT,2026-09-25T11:34:53.768266+08:00,91f2fdef8185a291e42e,
2026-09-25,3093010,V3,智利丁,劳塔罗布因 vs 上普恩特,0-0,not reconstructed from future result,,,UNKNOWN,unknown,low,,PENDING_RESULT,,,
2026-09-25,3093010,V4,智利丁,劳塔罗布因 vs 上普恩特,0-0,not reconstructed from future result,,,UNKNOWN,unknown,low,,PENDING_RESULT,2026-09-25T11:34:53.768266+08:00,ff60ee57f44bacb48fa7,
2026-09-25,3093011,V3,智利丁,金特罗 vs CD兰卡瓜苏尔,0-0,not reconstructed from future result,,,UNKNOWN,unknown,low,,PENDING_RESULT,,,
2026-09-25,3093011,V4,智利丁,金特罗 vs CD兰卡瓜苏尔,0-0,not reconstructed from future result,,,UNKNOWN,unknown,low,,PENDING_RESULT,2026-09-25T11:34:53.768266+08:00,4bf0cd4932eef693bbe8,
2026-09-25,3093012,V3,智利丁,罗德林多罗马 vs 拿华塔尔卡瓦诺,0-0,not reconstructed from future result,,,UNKNOWN,unknown,low,,PENDING_RESULT,,,
2026-09-25,3093012,V4,智利丁,罗德林多罗马 vs 拿华塔尔卡瓦诺,0-0,not reconstructed from future result,,,UNKNOWN,unknown,low,,PENDING_RESULT,2026-09-25T11:34:53.768266+08:00,3dc934bdfce4297543a6,
2026-09-25,3093013,V3,智利丁,CD东方竞技 vs CD康士提图松联,0-0,not reconstructed from future result,,,UNKNOWN,unknown,low,,PENDING_RESULT,,,
2026-09-25,3093013,V4,智利丁,CD东方竞技 vs CD康士提图松联,0-0,not reconstructed from future result,,,UNKNOWN,unknown,low,,PENDING_RESULT,2026-09-25T11:34:53.768266+08:00,5623dda33d3a916f159a,
2026-09-25,3093014,V3,智利丁,帝国联 vs 赤马巴瑞,0-0,not reconstructed from future result,,,UNKNOWN,unknown,low,,PENDING_RESULT,,,
2026-09-25,3093014,V4,智利丁,帝国联 vs 赤马巴瑞,0-0,not reconstructed from future result,,,UNKNOWN,unknown,low,,PENDING_RESULT,2026-09-25T11:34:53.768266+08:00,9132efe9ba1409eee195,
2026-09-25,3093015,V3,北爱女超,德利城女足 vs 拉恩FC女足,0-0,not reconstructed from future result,,,UNKNOWN,unknown,low,,PENDING_RESULT,,,
2026-09-25,3093015,V4,北爱女超,德利城女足 vs 拉恩FC女足,0-0,not reconstructed from future result,,,UNKNOWN,unknown,low,,PENDING_RESULT,2026-09-25T11:34:53.768266+08:00,8e7a08bfd49219e4f19c,
2026-09-25,3093016,V3,北爱女超,连菲特女足 vs 克里夫顿维尔女足,0-0,not reconstructed from future result,,,UNKNOWN,unknown,low,,PENDING_RESULT,,,
2026-09-25,3093016,V4,北爱女超,连菲特女足 vs 克里夫顿维尔女足,0-0,not reconstructed from future result,,,UNKNOWN,unknown,low,,PENDING_RESULT,2026-09-25T11:34:53.768266+08:00,882e1dc773e652b1af6a,
2026-09-25,3093017,V3,北爱女超,里斯布恩女足 vs 克鲁萨德前锋女足,0-0,not reconstructed from future result,,,UNKNOWN,unknown,low,,PENDING_RESULT,,,
2026-09-25,3093017,V4,北爱女超,里斯布恩女足 vs 克鲁萨德前锋女足,0-0,not reconstructed from future result,,,UNKNOWN,unknown,low,,PENDING_RESULT,2026-09-25T11:34:53.768266+08:00,67ab99ee43b5579529b9,
2026-09-25,3093018,V3,秘鲁乙,比尼斯纳勒 vs 学术界体育,0-0,not reconstructed from future result,,,UNKNOWN,unknown,low,,PENDING_RESULT,,,
2026-09-25,3093018,V4,秘鲁乙,比尼斯纳勒 vs 学术界体育,0-0,not reconstructed from future result,,,UNKNOWN,unknown,low,,PENDING_RESULT,2026-09-25T11:34:53.768266+08:00,e284d7ee709de4216fb0,
2026-09-25,3093019,V3,秘鲁乙,ADA哈恩 vs 拉库巴,0-0,not reconstructed from future result,,,UNKNOWN,unknown,low,,PENDING_RESULT,,,
2026-09-25,3093019,V4,秘鲁乙,ADA哈恩 vs 拉库巴,0-0,not reconstructed from future result,,,UNKNOWN,unknown,low,,PENDING_RESULT,2026-09-25T11:34:53.768266+08:00,ac46fe03d51fbc90918e,
2026-09-25,3093020,V3,秘鲁乙,科梅尔奇 vs 汉卡约B队,0-0,not reconstructed from future result,,,UNKNOWN,unknown,low,,PENDING_RESULT,,,
2026-09-25,3093020,V4,秘鲁乙,科梅尔奇 vs 汉卡约B队,0-0,not reconstructed from future result,,,UNKNOWN,unknown,low,,PENDING_RESULT,2026-09-25T11:34:53.768266+08:00,ea1e81a733a9d32aa0ef,
2026-09-25,3093021,V3,巴圣青联,斯菲拉青年队 vs 皮拉西卡巴青年队,0-0,not reconstructed from future result,,,UNKNOWN,unknown,low,,PENDING_RESULT,,,
2026-09-25,3093021,V4,巴圣青联,斯菲拉青年队 vs 皮拉西卡巴青年队,0-0,not reconstructed from future result,,,UNKNOWN,unknown,low,,PENDING_RESULT,2026-09-25T11:34:53.768266+08:00,fdc6d319c6d3a93e1a69,
2026-09-25,3093022,V3,巴圣青联,瓜拉尼青年队 vs 苏萨诺青年队,0-0,not reconstructed from future result,,,UNKNOWN,unknown,low,,PENDING_RESULT,,,
2026-09-25,3093022,V4,巴圣青联,瓜拉尼青年队 vs 苏萨诺青年队,0-0,not reconstructed from future result,,,UNKNOWN,unknown,low,,PENDING_RESULT,2026-09-25T11:34:53.768266+08:00,8462e4cf4e9d724b7414,
2026-09-25,3093023,V3,巴圣青联,阿故圣塔SP青年队 vs 卡皮瓦里亚诺青年队,0-0,not reconstructed from future result,,,UNKNOWN,unknown,low,,PENDING_RESULT,,,
2026-09-25,3093023,V4,巴圣青联,阿故圣塔SP青年队 vs 卡皮瓦里亚诺青年队,0-0,not reconstructed from future result,,,UNKNOWN,unknown,low,,PENDING_RESULT,2026-09-25T11:34:53.768266+08:00,41a0f7717d98c38a96c0,
2026-09-25,3093024,V3,巴圣青联,布拉希尔青年队 vs 欧斯特青年队,0-0,not reconstructed from future result,,,UNKNOWN,unknown,low,,PENDING_RESULT,,,
2026-09-25,3093024,V4,巴圣青联,布拉希尔青年队 vs 欧斯特青年队,0-0,not reconstructed from future result,,,UNKNOWN,unknown,low,,PENDING_RESULT,2026-09-25T11:34:53.768266+08:00,875d0ece19a6bb869f5e,
2026-09-25,3093025,V3,巴圣青联,圣保罗青年队 vs EC圣贝拿度青年队,0-0,not reconstructed from future result,,,UNKNOWN,unknown,low,,PENDING_RESULT,,,
2026-09-25,3093025,V4,巴圣青联,圣保罗青年队 vs EC圣贝拿度青年队,0-0,not reconstructed from future result,,,UNKNOWN,unknown,low,,PENDING_RESULT,2026-09-25T11:34:53.768266+08:00,822483098718a3e0f681,
2026-09-25,3093026,V3,巴圣青联,山度士青年队 vs 加巴库阿拉SP青年队,0-0,not reconstructed from future result,,,UNKNOWN,unknown,low,,PENDING_RESULT,,,
2026-09-25,3093026,V4,巴圣青联,山度士青年队 vs 加巴库阿拉SP青年队,0-0,not reconstructed from future result,,,UNKNOWN,unknown,low,,PENDING_RESULT,2026-09-25T11:34:53.768266+08:00,5709e20a66a6292a2d66,
2026-09-25,3093027,V3,巴圣青联,科林蒂安青年队 vs 德昭青年队,0-0,not reconstructed from future result,,,UNKNOWN,unknown,low,,PENDING_RESULT,,,
2026-09-25,3093027,V4,巴圣青联,科林蒂安青年队 vs 德昭青年队,0-0,not reconstructed from future result,,,UNKNOWN,unknown,low,,PENDING_RESULT,2026-09-25T11:34:53.768266+08:00,54fff39c68129e5740f5,
2026-09-25,3093028,V3,巴圣青联,帕尔梅拉斯青年队 vs 伊图阿诺青年队,0-0,not reconstructed from future result,,,UNKNOWN,unknown,low,,PENDING_RESULT,,,
2026-09-25,3093028,V4,巴圣青联,帕尔梅拉斯青年队 vs 伊图阿诺青年队,0-0,not reconstructed from future result,,,UNKNOWN,unknown,low,,PENDING_RESULT,2026-09-25T11:34:53.768266+08:00,441f12633c62a7867898,
2026-09-25,3093029,V3,巴圣青联,圣安德雷青年队 vs 赦陶宁欧青年队,0-0,not reconstructed from future result,,,UNKNOWN,unknown,low,,PENDING_RESULT,,,
2026-09-25,3093029,V4,巴圣青联,圣安德雷青年队 vs 赦陶宁欧青年队,0-0,not reconstructed from future result,,,UNKNOWN,unknown,low,,PENDING_RESULT,2026-09-25T11:34:53.768266+08:00,03899827767510d07742,
2026-09-25,3093030,V3,国际友谊,波兰U17 vs 捷克U17,0-0,not reconstructed from future result,,,UNKNOWN,unknown,low,,PENDING_RESULT,,,
2026-09-25,3093030,V4,国际友谊,波兰U17 vs 捷克U17,0-0,not reconstructed from future result,,,UNKNOWN,unknown,low,,PENDING_RESULT,2026-09-25T11:34:53.768266+08:00,ff2947aaa24d78e29185,
2026-09-25,3093031,V3,国际友谊,瑞典U17 vs 威尔士U17,0-0,not reconstructed from future result,,,UNKNOWN,unknown,low,,PENDING_RESULT,,,
2026-09-25,3093031,V4,国际友谊,瑞典U17 vs 威尔士U17,0-0,not reconstructed from future result,,,UNKNOWN,unknown,low,,PENDING_RESULT,2026-09-25T11:34:53.768266+08:00,c5750ef589cf446875be,
2026-09-25,3093032,V3,国际友谊,波兰U19 vs 瑞士U19,0-0,not reconstructed from future result,,,UNKNOWN,unknown,low,,PENDING_RESULT,,,
2026-09-25,3093032,V4,国际友谊,波兰U19 vs 瑞士U19,0-0,not reconstructed from future result,,,UNKNOWN,unknown,low,,PENDING_RESULT,2026-09-25T11:34:53.768266+08:00,9118f5187d71408b32d7,
2026-09-25,3093033,V3,国际友谊,爱尔兰U17 vs 格鲁吉亚U17,0-0,not reconstructed from future result,,,UNKNOWN,unknown,low,,PENDING_RESULT,,,
2026-09-25,3093033,V4,国际友谊,爱尔兰U17 vs 格鲁吉亚U17,0-0,not reconstructed from future result,,,UNKNOWN,unknown,low,,PENDING_RESULT,2026-09-25T11:34:53.768266+08:00,095b6363bffeffd1053e,
2026-09-25,3093034,V3,国际友谊,奥地利U18 vs 日本U18,0-0,not reconstructed from future result,,,UNKNOWN,unknown,low,,PENDING_RESULT,,,
2026-09-25,3093034,V4,国际友谊,奥地利U18 vs 日本U18,0-0,not reconstructed from future result,,,UNKNOWN,unknown,low,,PENDING_RESULT,2026-09-25T11:34:53.768266+08:00,7a59c02f9c668f3edaaa,
2026-09-25,3093035,V3,国际友谊,法国U19 vs 意大利U19,0-0,not reconstructed from future result,,,UNKNOWN,unknown,low,,PENDING_RESULT,,,
2026-09-25,3093035,V4,国际友谊,法国U19 vs 意大利U19,0-0,not reconstructed from future result,,,UNKNOWN,unknown,low,,PENDING_RESULT,2026-09-25T11:34:53.768266+08:00,d0fd84cc98250fd60cd1,N
2026-09-25,3093036,V3,国际友谊,塞尔维亚U18 vs 俄罗斯U17,0-0,not reconstructed from future result,,,UNKNOWN,unknown,low,,PENDING_RESULT,,,
2026-09-25,3093036,V4,国际友谊,塞尔维亚U18 vs 俄罗斯U17,0-0,not reconstructed from future result,,,UNKNOWN,unknown,low,,PENDING_RESULT,2026-09-25T11:34:53.768266+08:00,09fd328b9a8af562dd9a,
2026-09-25,3093037,V3,国际友谊,北爱尔兰U17 vs 瑞士U17,0-0,not reconstructed from future result,,,UNKNOWN,unknown,low,,PENDING_RESULT,,,
2026-09-25,3093037,V4,国际友谊,北爱尔兰U17 vs 瑞士U17,0-0,not reconstructed from future result,,,UNKNOWN,unknown,low,,PENDING_RESULT,2026-09-25T11:34:53.768266+08:00,eab3a3d17336f3035469,
2026-09-25,3093038,V3,国际友谊,斯洛伐克U19 vs 哈萨克斯坦U19,0-0,not reconstructed from future result,,,UNKNOWN,unknown,low,,PENDING_RESULT,,,
2026-09-25,3093038,V4,国际友谊,斯洛伐克U19 vs 哈萨克斯坦U19,0-0,not reconstructed from future result,,,UNKNOWN,unknown,low,,PENDING_RESULT,2026-09-25T11:34:53.768266+08:00,46e2974b72dce847c15b,N
2026-09-25,3093039,V3,马来A1联,武装部队 vs 本加山,0-0,not reconstructed from future result,,,UNKNOWN,unknown,low,,PENDING_RESULT,,,
2026-09-25,3093039,V4,马来A1联,武装部队 vs 本加山,0-0,not reconstructed from future result,,,UNKNOWN,unknown,low,,PENDING_RESULT,2026-09-25T11:34:53.768266+08:00,f68e685e87ab944b4c93,
2026-09-25,3093040,V3,马来A1联,吉兰丹WTS FC vs 吉打FA,0-0,not reconstructed from future result,,,UNKNOWN,unknown,low,,PENDING_RESULT,,,
2026-09-25,3093040,V4,马来A1联,吉兰丹WTS FC vs 吉打FA,0-0,not reconstructed from future result,,,UNKNOWN,unknown,low,,PENDING_RESULT,2026-09-25T11:34:53.768266+08:00,e0ca1e59e1fb1a8b2500,
2026-09-25,3093041,V3,国际友谊,印度 vs 巴拿马,0-0,not reconstructed from future result,,,UNKNOWN,unknown,low,,PENDING_RESULT,,,
2026-09-25,3093041,V4,国际友谊,印度 vs 巴拿马,0-0,not reconstructed from future result,,,UNKNOWN,unknown,low,,PENDING_RESULT,2026-09-25T11:34:53.768266+08:00,8337bdc955a6dd6ce138,N
2026-09-25,3093042,V3,国际友谊,塞尔维亚U21 vs 伊拉克U23,0-0,not reconstructed from future result,,,UNKNOWN,unknown,low,,PENDING_RESULT,,,
2026-09-25,3093042,V4,国际友谊,塞尔维亚U21 vs 伊拉克U23,0-0,not reconstructed from future result,,,UNKNOWN,unknown,low,,PENDING_RESULT,2026-09-25T11:34:53.768266+08:00,813960f993308cceacd8,
2026-09-25,3093043,V3,国际友谊,法国U18 vs 乌克兰U18,0-0,not reconstructed from future result,,,UNKNOWN,unknown,low,,PENDING_RESULT,,,
2026-09-25,3093043,V4,国际友谊,法国U18 vs 乌克兰U18,0-0,not reconstructed from future result,,,UNKNOWN,unknown,low,,PENDING_RESULT,2026-09-25T11:34:53.768266+08:00,1274a4da80cdb6f8211f,
2026-09-25,3093044,V3,国际友谊,英格兰U19 vs 爱尔兰U19,0-0,not reconstructed from future result,,,UNKNOWN,unknown,low,,PENDING_RESULT,,,
2026-09-25,3093044,V4,国际友谊,英格兰U19 vs 爱尔兰U19,0-0,not reconstructed from future result,,,UNKNOWN,unknown,low,,PENDING_RESULT,2026-09-25T11:34:53.768266+08:00,0ba1e4101f36c96467c7,
2026-09-25,3093046,V3,墨西乙A,阿卡特兰 vs 圣地亚哥足球俱乐部,0-0,not reconstructed from future result,,,UNKNOWN,unknown,low,,PENDING_RESULT,,,
2026-09-25,3093046,V4,墨西乙A,阿卡特兰 vs 圣地亚哥足球俱乐部,0-0,not reconstructed from future result,,,UNKNOWN,unknown,low,,PENDING_RESULT,2026-09-25T11:34:53.768266+08:00,69e94f1bdd785cdeb1be,
2026-09-25,3093047,V3,新西女超,卡洛里女足 vs 芬瑟布尔斯联女足,0-0,not reconstructed from future result,,,UNKNOWN,unknown,low,,PENDING_RESULT,,,
2026-09-25,3093047,V4,新西女超,卡洛里女足 vs 芬瑟布尔斯联女足,0-0,not reconstructed from future result,,,UNKNOWN,unknown,low,,PENDING_RESULT,2026-09-25T11:34:53.768266+08:00,5bb8b2d85646bf9e6a8d,
2026-09-25,3093049,V3,英挑杯,艾维利 vs 威尔,0-0,not reconstructed from future result,,,UNKNOWN,unknown,low,,PENDING_RESULT,2026-09-25T11:34:53+08:00,676b384ab7a12f02dc40,不投
2026-09-25,3093049,V4,英挑杯,艾维利 vs 威尔,0-0,not reconstructed from future result,,,UNKNOWN,unknown,low,,PENDING_RESULT,2026-09-25T11:34:53.768266+08:00,29ebd249d6958e5076c6,
2026-09-25,3093055,V3,英挑杯,毕格尔斯瓦德 vs 三桥,0-0,not reconstructed from future result,,,UNKNOWN,unknown,low,,PENDING_RESULT,2026-09-25T11:34:53+08:00,3fad9976805dd53bbd04,不投
2026-09-25,3093055,V4,英挑杯,毕格尔斯瓦德 vs 三桥,0-0,not reconstructed from future result,,,UNKNOWN,unknown,low,,PENDING_RESULT,2026-09-25T11:34:53.768266+08:00,40349e9dd11916483249,
2026-09-25,3093397,V3,墨西乙A,皇家炼油工 vs 切尔沃FC,0-0,not reconstructed from future result,,,UNKNOWN,unknown,low,,PENDING_RESULT,,,
2026-09-25,3093397,V4,墨西乙A,皇家炼油工 vs 切尔沃FC,0-0,not reconstructed from future result,,,UNKNOWN,unknown,low,,PENDING_RESULT,2026-09-25T11:34:53.768266+08:00,6f7db0feb347f345b45a,
2026-09-25,3093982,V3,秘鲁乙,卡洛斯曼努西 vs 圣马丁大学,0-0,not reconstructed from future result,,,UNKNOWN,unknown,low,,PENDING_RESULT,,,
2026-09-25,3093982,V4,秘鲁乙,卡洛斯曼努西 vs 圣马丁大学,0-0,not reconstructed from future result,,,UNKNOWN,unknown,low,,PENDING_RESULT,2026-09-25T11:34:53.768266+08:00,97745f01ff297845ad5a,
2026-09-25,3094108,V3,国际友谊,芬兰U17 vs 法国U17,0-0,not reconstructed from future result,,,UNKNOWN,unknown,low,,PENDING_RESULT,,,
2026-09-25,3094108,V4,国际友谊,芬兰U17 vs 法国U17,0-0,not reconstructed from future result,,,UNKNOWN,unknown,low,,PENDING_RESULT,2026-09-25T11:34:53.768266+08:00,702eb3bfafe43aaa5d6b,
2026-09-25,3094109,V3,巴拉乙,独立FBC vs 卡拉普瓜,0-0,not reconstructed from future result,,,UNKNOWN,unknown,low,,PENDING_RESULT,,,
2026-09-25,3094109,V4,巴拉乙,独立FBC vs 卡拉普瓜,0-0,not reconstructed from future result,,,UNKNOWN,unknown,low,,PENDING_RESULT,2026-09-25T11:34:53.768266+08:00,f14b5514154e9925ee88,
2026-09-25,3094110,V3,巴拉乙,卡巴列罗JLM vs 十一月三日队,0-0,not reconstructed from future result,,,UNKNOWN,unknown,low,,PENDING_RESULT,,,
2026-09-25,3094110,V4,巴拉乙,卡巴列罗JLM vs 十一月三日队,0-0,not reconstructed from future result,,,UNKNOWN,unknown,low,,PENDING_RESULT,2026-09-25T11:34:53.768266+08:00,76dbfc600836f34c1162,
2026-09-25,3094301,V3,球会友谊,斯图加特 vs 海登海姆,0-0,not reconstructed from future result,,,UNKNOWN,unknown,low,,PENDING_RESULT,,,
2026-09-25,3094301,V4,球会友谊,斯图加特 vs 海登海姆,0-0,not reconstructed from future result,,,UNKNOWN,unknown,low,,PENDING_RESULT,2026-09-25T11:34:53.768266+08:00,b063c87b1e492616855c,
2026-09-25,3094302,V3,丹麦丁,戈尔斯列夫 vs 希利云,0-0,not reconstructed from future result,,,UNKNOWN,unknown,low,,PENDING_RESULT,,,
2026-09-25,3094302,V4,丹麦丁,戈尔斯列夫 vs 希利云,0-0,not reconstructed from future result,,,UNKNOWN,unknown,low,,PENDING_RESULT,2026-09-25T11:34:53.768266+08:00,b5de29e0777439f608e9,
2026-09-25,3094303,V3,丹麦丁,贺森斯弗雷亚 vs 马利恩尔斯特,0-0,not reconstructed from future result,,,UNKNOWN,unknown,low,,PENDING_RESULT,,,
2026-09-25,3094303,V4,丹麦丁,贺森斯弗雷亚 vs 马利恩尔斯特,0-0,not reconstructed from future result,,,UNKNOWN,unknown,low,,PENDING_RESULT,2026-09-25T11:34:53.768266+08:00,3e0f8c0c09fe639a8fc0,
2026-09-25,3094304,V3,丹麦丁,利森格 vs 沃鲁普,0-0,not reconstructed from future result,,,UNKNOWN,unknown,low,,PENDING_RESULT,,,
2026-09-25,3094304,V4,丹麦丁,利森格 vs 沃鲁普,0-0,not reconstructed from future result,,,UNKNOWN,unknown,low,,PENDING_RESULT,2026-09-25T11:34:53.768266+08:00,d17cfffd52e0dce56a5a,
2026-09-25,3094305,V3,丹麦丁,瓦谭斯波 vs 弗格尔巴肯,0-0,not reconstructed from future result,,,UNKNOWN,unknown,low,,PENDING_RESULT,,,
2026-09-25,3094305,V4,丹麦丁,瓦谭斯波 vs 弗格尔巴肯,0-0,not reconstructed from future result,,,UNKNOWN,unknown,low,,PENDING_RESULT,2026-09-25T11:34:53.768266+08:00,a4ed9a1bd40ab7a4f7ac,
2026-09-25,3094331,V3,布法联,CFFEB vs 雷伊姆,0-0,not reconstructed from future result,,,UNKNOWN,unknown,low,,PENDING_RESULT,,,
2026-09-25,3094331,V4,布法联,CFFEB vs 雷伊姆,0-0,not reconstructed from future result,,,UNKNOWN,unknown,low,,PENDING_RESULT,2026-09-25T11:34:53.768266+08:00,6ebbae066d6d740bbdfe,
2026-09-25,3094456,V3,亚运女足,朝鲜女足<font color=#880000>(中)</font> vs 中国台湾女足,0-0,not reconstructed from future result,,,UNKNOWN,unknown,low,,PENDING_RESULT,2026-09-25T11:34:53+08:00,d43c2a3767a6871e33e8,不投
2026-09-25,3094456,V4,亚运女足,朝鲜女足<font color=#880000>(中)</font> vs 中国台湾女足,0-0,not reconstructed from future result,,,UNKNOWN,unknown,low,,PENDING_RESULT,2026-09-25T09:06:45.777321+08:00,536725d8afff1226eeab,C
2026-09-25,3094457,V3,亚运女足,中国女足<font color=#880000>(中)</font> vs 越南女足,0-0,not reconstructed from future result,,,UNKNOWN,unknown,low,,PENDING_RESULT,2026-09-25T11:34:53+08:00,8e8076ecc59f6b473c58,不投
2026-09-25,3094457,V4,亚运女足,中国女足<font color=#880000>(中)</font> vs 越南女足,0-0,not reconstructed from future result,,,UNKNOWN,unknown,low,,PENDING_RESULT,2026-09-25T11:34:53.768266+08:00,a1c423a1618b46188e0a,N
2026-09-25,3094458,V3,亚运女足,日本女足 vs 菲律宾女足,0-0,not reconstructed from future result,,,UNKNOWN,unknown,low,,PENDING_RESULT,2026-09-25T11:34:53+08:00,ac8614cfcafef9d08faa,不投
2026-09-25,3094458,V4,亚运女足,日本女足 vs 菲律宾女足,0-0,not reconstructed from future result,,,UNKNOWN,unknown,low,,PENDING_RESULT,2026-09-25T11:34:53.768266+08:00,050fcc6d30e63004db6f,N
2026-09-25,3094459,V3,亚运女足,韩国女足<font color=#880000>(中)</font> vs 乌兹别克斯坦女足,0-0,not reconstructed from future result,,,UNKNOWN,unknown,low,,PENDING_RESULT,2026-09-25T11:34:53+08:00,20501dc56d36ae9d91c2,不投
2026-09-25,3094459,V4,亚运女足,韩国女足<font color=#880000>(中)</font> vs 乌兹别克斯坦女足,0-0,not reconstructed from future result,,,UNKNOWN,unknown,low,,PENDING_RESULT,2026-09-25T11:34:53.768266+08:00,67f5d1001be71775c8a9,N
2026-09-25,3094511,V3,球会友谊,莫哈末丹 vs 米勒瓦普甲比,0-0,not reconstructed from future result,,,UNKNOWN,unknown,low,,PENDING_RESULT,,,
2026-09-25,3094511,V4,球会友谊,莫哈末丹 vs 米勒瓦普甲比,0-0,not reconstructed from future result,,,UNKNOWN,unknown,low,,PENDING_RESULT,2026-09-25T11:34:53.768266+08:00,8312e32a5b17ca3515e5,
2026-09-25,3094761,V3,埃及甲,三角洲联 vs 伊斯梅利,0-0,not reconstructed from future result,,,UNKNOWN,unknown,low,,PENDING_RESULT,,,
2026-09-25,3094761,V4,埃及甲,三角洲联 vs 伊斯梅利,0-0,not reconstructed from future result,,,UNKNOWN,unknown,low,,PENDING_RESULT,2026-09-25T11:34:53.768266+08:00,3260c80d877ca38067c8,N
2026-09-25,3094762,V3,国际友谊,白俄罗斯U17 vs 俄罗斯U16,0-0,not reconstructed from future result,,,UNKNOWN,unknown,low,,PENDING_RESULT,,,
2026-09-25,3094762,V4,国际友谊,白俄罗斯U17 vs 俄罗斯U16,0-0,not reconstructed from future result,,,UNKNOWN,unknown,low,,PENDING_RESULT,2026-09-25T11:34:53.768266+08:00,94b295b591d3ee2f52a7,
2026-09-25,3094763,V3,国际友谊,保加利亚U17 vs 爱沙尼亚U17,0-0,not reconstructed from future result,,,UNKNOWN,unknown,low,,PENDING_RESULT,,,
2026-09-25,3094763,V4,国际友谊,保加利亚U17 vs 爱沙尼亚U17,0-0,not reconstructed from future result,,,UNKNOWN,unknown,low,,PENDING_RESULT,2026-09-25T11:34:53.768266+08:00,6ba17f85fb9b7564d34a,
2026-09-25,3094764,V3,国际友谊,黑山U17 vs 阿尔巴尼亚U17,0-0,not reconstructed from future result,,,UNKNOWN,unknown,low,,PENDING_RESULT,,,
2026-09-25,3094764,V4,国际友谊,黑山U17 vs 阿尔巴尼亚U17,0-0,not reconstructed from future result,,,UNKNOWN,unknown,low,,PENDING_RESULT,2026-09-25T11:34:53.768266+08:00,df54f82cefa995abf859,
2026-09-25,3094768,V3,亚运男足,乌兹别克斯坦U23<font color=#880000>(中)</font> vs 沙特阿拉伯U23,0-0,not reconstructed from future result,,,UNKNOWN,unknown,low,,PENDING_RESULT,2026-09-25T11:34:53+08:00,38a11b607098d4987bd8,不投
2026-09-25,3094768,V4,亚运男足,乌兹别克斯坦U23<font color=#880000>(中)</font> vs 沙特阿拉伯U23,0-0,not reconstructed from future result,,,UNKNOWN,unknown,low,,PENDING_RESULT,2026-09-25T11:34:53.768266+08:00,d822596bb7937143a410,C
2026-09-25,3094769,V3,亚运男足,韩国U23<font color=#880000>(中)</font> vs 越南U23,0-0,not reconstructed from future result,,,UNKNOWN,unknown,low,,PENDING_RESULT,2026-09-25T11:34:53+08:00,0c34ceca930103b5ea62,不投
2026-09-25,3094769,V4,亚运男足,韩国U23<font color=#880000>(中)</font> vs 越南U23,0-0,not reconstructed from future result,,,UNKNOWN,unknown,low,,PENDING_RESULT,2026-09-25T09:06:45.777321+08:00,482aff3c445a3822cf53,C
2026-09-25,3094833,V3,钱潮杯,江苏U15 vs 河南实验U15,0-0,not reconstructed from future result,,,UNKNOWN,unknown,low,,PENDING_RESULT,2026-09-25T11:34:53+08:00,960c3ca2de8f4dd11f54,不投
2026-09-25,3094833,V4,钱潮杯,江苏U15 vs 河南实验U15,0-0,not reconstructed from future result,,,UNKNOWN,unknown,low,,PENDING_RESULT,2026-09-25T11:34:53.768266+08:00,1ac4957103406052e1b2,
2026-09-25,3094836,V3,秘女联,基拉斯女足 vs 弗拉门戈FBC女足,0-0,not reconstructed from future result,,,UNKNOWN,unknown,low,,PENDING_RESULT,,,
2026-09-25,3094836,V4,秘女联,基拉斯女足 vs 弗拉门戈FBC女足,0-0,not reconstructed from future result,,,UNKNOWN,unknown,low,,PENDING_RESULT,2026-09-25T11:34:53.768266+08:00,8d36943c69ed749ddaad,
2026-09-25,3094837,V3,智利女甲,伊库伊奎女足 vs 科洛科洛女足,0-0,not reconstructed from future result,,,UNKNOWN,unknown,low,,PENDING_RESULT,,,
2026-09-25,3094837,V4,智利女甲,伊库伊奎女足 vs 科洛科洛女足,0-0,not reconstructed from future result,,,UNKNOWN,unknown,low,,PENDING_RESULT,2026-09-25T11:34:53.768266+08:00,bbd0dbc84020d5be75bb,
2026-09-25,3094838,V3,委内乙,卡贝略港学院B队 vs 艾尔维吉亚,0-0,not reconstructed from future result,,,UNKNOWN,unknown,low,,PENDING_RESULT,,,
2026-09-25,3094838,V4,委内乙,卡贝略港学院B队 vs 艾尔维吉亚,0-0,not reconstructed from future result,,,UNKNOWN,unknown,low,,PENDING_RESULT,2026-09-25T11:34:53.768266+08:00,6186475d98e701763b4c,
2026-09-25,3094840,V3,球会友谊,吉拉希奇 vs 萨拉热窝,0-0,not reconstructed from future result,,,UNKNOWN,unknown,low,,PENDING_RESULT,,,
2026-09-25,3094840,V4,球会友谊,吉拉希奇 vs 萨拉热窝,0-0,not reconstructed from future result,,,UNKNOWN,unknown,low,,PENDING_RESULT,2026-09-25T11:34:53.768266+08:00,57f7f2567b2a05fafe50,
2026-09-25,3094844,V3,阿尔U20,比罗达特U20 vs 寇巴U20,0-0,not reconstructed from future result,,,UNKNOWN,unknown,low,,PENDING_RESULT,,,
2026-09-25,3094844,V4,阿尔U20,比罗达特U20 vs 寇巴U20,0-0,not reconstructed from future result,,,UNKNOWN,unknown,low,,PENDING_RESULT,2026-09-25T11:34:53.768266+08:00,5a100fc70ecb479d0710,
2026-09-25,3094849,V3,捷丁,雷马洛夫 vs 卡罗维瓦利,0-0,not reconstructed from future result,,,UNKNOWN,unknown,low,,PENDING_RESULT,,,
2026-09-25,3094849,V4,捷丁,雷马洛夫 vs 卡罗维瓦利,0-0,not reconstructed from future result,,,UNKNOWN,unknown,low,,PENDING_RESULT,2026-09-25T11:34:53.768266+08:00,87aa23d02160e10a653b,
2026-09-25,3094851,V3,捷戊,FK莫科维斯 vs 卢哈科维奇,0-0,not reconstructed from future result,,,UNKNOWN,unknown,low,,PENDING_RESULT,,,
2026-09-25,3094851,V4,捷戊,FK莫科维斯 vs 卢哈科维奇,0-0,not reconstructed from future result,,,UNKNOWN,unknown,low,,PENDING_RESULT,2026-09-25T11:34:53.768266+08:00,d7131eaf42fc6cec5637,
2026-09-25,3094873,V3,捷丁,斯拉沃伊维瑟荷德 vs 索科尔霍斯托什,0-0,not reconstructed from future result,,,UNKNOWN,unknown,low,,PENDING_RESULT,,,
2026-09-25,3094873,V4,捷丁,斯拉沃伊维瑟荷德 vs 索科尔霍斯托什,0-0,not reconstructed from future result,,,UNKNOWN,unknown,low,,PENDING_RESULT,2026-09-25T11:34:53.768266+08:00,5626c8bc3043823da688,
2026-09-25,3094874,V3,捷丁,TJ塔特拉 vs 般奴斯巴达,0-0,not reconstructed from future result,,,UNKNOWN,unknown,low,,PENDING_RESULT,,,
2026-09-25,3094874,V4,捷丁,TJ塔特拉 vs 般奴斯巴达,0-0,not reconstructed from future result,,,UNKNOWN,unknown,low,,PENDING_RESULT,2026-09-25T11:34:53.768266+08:00,3afa42cfe9f08f69397a,
2026-09-25,3094879,V3,芬K联,努普斯 vs PPJ罗霍拉赫蒂,0-0,not reconstructed from future result,,,UNKNOWN,unknown,low,,PENDING_RESULT,,,
2026-09-25,3094879,V4,芬K联,努普斯 vs PPJ罗霍拉赫蒂,0-0,not reconstructed from future result,,,UNKNOWN,unknown,low,,PENDING_RESULT,2026-09-25T11:34:53.768266+08:00,fb621e503def051e08d3,
2026-09-25,3094884,V3,芬K联,诺帕斯 vs TPVB队,0-0,not reconstructed from future result,,,UNKNOWN,unknown,low,,PENDING_RESULT,,,
2026-09-25,3094884,V4,芬K联,诺帕斯 vs TPVB队,0-0,not reconstructed from future result,,,UNKNOWN,unknown,low,,PENDING_RESULT,2026-09-25T11:34:53.768266+08:00,cf70a5fcb55c68715aaf,
2026-09-25,3094885,V3,芬K联,托特 vs HPS B队,0-0,not reconstructed from future result,,,UNKNOWN,unknown,low,,PENDING_RESULT,,,
2026-09-25,3094885,V4,芬K联,托特 vs HPS B队,0-0,not reconstructed from future result,,,UNKNOWN,unknown,low,,PENDING_RESULT,2026-09-25T11:34:53.768266+08:00,c607f58171aca330d687,
2026-09-25,3094887,V3,捷丁,SK巴托夫 vs FK诺夫萨迪克,0-0,not reconstructed from future result,,,UNKNOWN,unknown,low,,PENDING_RESULT,,,
2026-09-25,3094887,V4,捷丁,SK巴托夫 vs FK诺夫萨迪克,0-0,not reconstructed from future result,,,UNKNOWN,unknown,low,,PENDING_RESULT,2026-09-25T11:34:53.768266+08:00,6216463fc3601cb76cf2,
2026-09-25,3094889,V3,芬K联,爱斯柏 vs 格兰库拉后备队,0-0,not reconstructed from future result,,,UNKNOWN,unknown,low,,PENDING_RESULT,,,
2026-09-25,3094889,V4,芬K联,爱斯柏 vs 格兰库拉后备队,0-0,not reconstructed from future result,,,UNKNOWN,unknown,low,,PENDING_RESULT,2026-09-25T11:34:53.768266+08:00,bd5b204b1e4874efef11,
2026-09-25,3094892,V3,印米佐超,卡南FC vs 丁塔尔FC,0-0,not reconstructed from future result,,,UNKNOWN,unknown,low,,PENDING_RESULT,,,
2026-09-25,3094892,V4,印米佐超,卡南FC vs 丁塔尔FC,0-0,not reconstructed from future result,,,UNKNOWN,unknown,low,,PENDING_RESULT,2026-09-25T11:34:53.768266+08:00,a497c473df18ee94bd23,
2026-09-25,3094893,V3,印班超,SC班加罗尔 vs 科技FF,0-0,not reconstructed from future result,,,UNKNOWN,unknown,low,,PENDING_RESULT,,,
2026-09-25,3094893,V4,印班超,SC班加罗尔 vs 科技FF,0-0,not reconstructed from future result,,,UNKNOWN,unknown,low,,PENDING_RESULT,2026-09-25T11:34:53.768266+08:00,915c794af0d7bb5574e3,
2026-09-25,3094894,V3,阿尔U20,卡拜里U20 vs MO比捷亚U20,0-0,not reconstructed from future result,,,UNKNOWN,unknown,low,,PENDING_RESULT,,,
2026-09-25,3094894,V4,阿尔U20,卡拜里U20 vs MO比捷亚U20,0-0,not reconstructed from future result,,,UNKNOWN,unknown,low,,PENDING_RESULT,2026-09-25T11:34:53.768266+08:00,b496602d17320704e05e,
2026-09-25,3094895,V3,阿尔U20,奥德阿库U20 vs 巴拉特U20,0-0,not reconstructed from future result,,,UNKNOWN,unknown,low,,PENDING_RESULT,,,
2026-09-25,3094895,V4,阿尔U20,奥德阿库U20 vs 巴拉特U20,0-0,not reconstructed from future result,,,UNKNOWN,unknown,low,,PENDING_RESULT,2026-09-25T11:34:53.768266+08:00,58ba2f5661817a8bfdc0,
2026-09-25,3094896,V3,阿尔U20,埃尔比亚尔U20 vs USM阿尔及尔U20,0-0,not reconstructed from future result,,,UNKNOWN,unknown,low,,PENDING_RESULT,,,
2026-09-25,3094896,V4,阿尔U20,埃尔比亚尔U20 vs USM阿尔及尔U20,0-0,not reconstructed from future result,,,UNKNOWN,unknown,low,,PENDING_RESULT,2026-09-25T11:34:53.768266+08:00,9c9c7a37e3077906a3cf,
2026-09-25,3094897,V3,印西隆联,南基维伊拉特 vs 马沃莱SC,0-0,not reconstructed from future result,,,UNKNOWN,unknown,low,,PENDING_RESULT,,,
2026-09-25,3094897,V4,印西隆联,南基维伊拉特 vs 马沃莱SC,0-0,not reconstructed from future result,,,UNKNOWN,unknown,low,,PENDING_RESULT,2026-09-25T11:34:53.768266+08:00,57a3e5d61310671ec60e,
2026-09-25,3094898,V3,阿尔U20,MC阿尔及尔U20 vs 阿克农U20,0-0,not reconstructed from future result,,,UNKNOWN,unknown,low,,PENDING_RESULT,,,
2026-09-25,3094898,V4,阿尔U20,MC阿尔及尔U20 vs 阿克农U20,0-0,not reconstructed from future result,,,UNKNOWN,unknown,low,,PENDING_RESULT,2026-09-25T11:34:53.768266+08:00,c13210c73e3442b72d81,
2026-09-25,3094899,V3,印班超,班加罗尔城 vs 科达古FC,0-0,not reconstructed from future result,,,UNKNOWN,unknown,low,,PENDING_RESULT,,,
2026-09-25,3094899,V4,印班超,班加罗尔城 vs 科达古FC,0-0,not reconstructed from future result,,,UNKNOWN,unknown,low,,PENDING_RESULT,2026-09-25T11:34:53.768266+08:00,6542ccc2d3d936f1734b,
2026-09-25,3094901,V3,加纳联,阿特拉姆德 vs 阿克拉狮子,0-0,not reconstructed from future result,,,UNKNOWN,unknown,low,,PENDING_RESULT,,,
2026-09-25,3094901,V4,加纳联,阿特拉姆德 vs 阿克拉狮子,0-0,not reconstructed from future result,,,UNKNOWN,unknown,low,,PENDING_RESULT,2026-09-25T11:34:53.768266+08:00,6f3a1e138bac1937b8d9,
2026-09-25,3094902,V3,印米佐超,艾藻尔 vs 朗莱文佩MLS,0-0,not reconstructed from future result,,,UNKNOWN,unknown,low,,PENDING_RESULT,,,
2026-09-25,3094902,V4,印米佐超,艾藻尔 vs 朗莱文佩MLS,0-0,not reconstructed from future result,,,UNKNOWN,unknown,low,,PENDING_RESULT,2026-09-25T11:34:53.768266+08:00,dfa0c03568958892ea48,
2026-09-25,3094922,V3,国际友谊,希腊U19 vs 奥林比亚高斯U19,0-0,not reconstructed from future result,,,UNKNOWN,unknown,low,,PENDING_RESULT,,,
2026-09-25,3094922,V4,国际友谊,希腊U19 vs 奥林比亚高斯U19,0-0,not reconstructed from future result,,,UNKNOWN,unknown,low,,PENDING_RESULT,2026-09-25T11:34:53.768266+08:00,4f233aee4ab2b6dd56bb,
2026-09-25,3094961,V3,埃及甲,本哈 vs 葛赫瑞雅特西平,0-0,not reconstructed from future result,,,UNKNOWN,unknown,low,,PENDING_RESULT,,,
2026-09-25,3094961,V4,埃及甲,本哈 vs 葛赫瑞雅特西平,0-0,not reconstructed from future result,,,UNKNOWN,unknown,low,,PENDING_RESULT,2026-09-25T11:34:53.768266+08:00,3b70485a284330eeea59,
2026-09-25,3095034,V3,奥丁,圣安纳 vs 瓦尔特斯多夫,0-0,not reconstructed from future result,,,UNKNOWN,unknown,low,,PENDING_RESULT,,,
2026-09-25,3095034,V4,奥丁,圣安纳 vs 瓦尔特斯多夫,0-0,not reconstructed from future result,,,UNKNOWN,unknown,low,,PENDING_RESULT,2026-09-25T11:34:53.768266+08:00,7749ab943a737f103261,
2026-09-25,3095035,V3,奥丁,梅尔尼格 vs PSV维也纳,0-0,not reconstructed from future result,,,UNKNOWN,unknown,low,,PENDING_RESULT,,,
2026-09-25,3095035,V4,奥丁,梅尔尼格 vs PSV维也纳,0-0,not reconstructed from future result,,,UNKNOWN,unknown,low,,PENDING_RESULT,2026-09-25T11:34:53.768266+08:00,f120f8d51114513fee81,
2026-09-25,3095076,V3,奥丁,SV谢尔曼 vs USV格纳斯,0-0,not reconstructed from future result,,,UNKNOWN,unknown,low,,PENDING_RESULT,,,
2026-09-25,3095076,V4,奥丁,SV谢尔曼 vs USV格纳斯,0-0,not reconstructed from future result,,,UNKNOWN,unknown,low,,PENDING_RESULT,2026-09-25T11:34:53.768266+08:00,07fa21e05be4103698cb,N
2026-09-25,3095078,V3,奥丁,KAC 1909 vs 史毕达,0-0,not reconstructed from future result,,,UNKNOWN,unknown,low,,PENDING_RESULT,,,
2026-09-25,3095078,V4,奥丁,KAC 1909 vs 史毕达,0-0,not reconstructed from future result,,,UNKNOWN,unknown,low,,PENDING_RESULT,2026-09-25T11:34:53.768266+08:00,6fac965269244de81b82,N
2026-09-25,3095079,V3,非青杯外,南非U20<font color=#880000>(中)</font> vs 赞比亚U20,0-0,not reconstructed from future result,,,UNKNOWN,unknown,low,,PENDING_RESULT,,,
2026-09-25,3095079,V4,非青杯外,南非U20<font color=#880000>(中)</font> vs 赞比亚U20,0-0,not reconstructed from future result,,,UNKNOWN,unknown,low,,PENDING_RESULT,2026-09-25T11:34:53.768266+08:00,c46f1f47892aa9a6fb22,
2026-09-25,3095080,V3,非青杯外,纳米比亚U20 vs 莫桑比克U20,0-0,not reconstructed from future result,,,UNKNOWN,unknown,low,,PENDING_RESULT,,,
2026-09-25,3095080,V4,非青杯外,纳米比亚U20 vs 莫桑比克U20,0-0,not reconstructed from future result,,,UNKNOWN,unknown,low,,PENDING_RESULT,2026-09-25T11:34:53.768266+08:00,8abb6aeb26e62d057ed4,N
2026-09-25,3095081,V3,球会友谊,佩纳菲尔 vs 拉科鲁尼亚,0-0,not reconstructed from future result,,,UNKNOWN,unknown,low,,PENDING_RESULT,,,
2026-09-25,3095081,V4,球会友谊,佩纳菲尔 vs 拉科鲁尼亚,0-0,not reconstructed from future result,,,UNKNOWN,unknown,low,,PENDING_RESULT,2026-09-25T11:34:53.768266+08:00,f084f8ed03b5b24469d4,
2026-09-25,3095102,V3,波兰丙,卢布林安卡 vs 斯维德尼赞卡,0-0,not reconstructed from future result,,,UNKNOWN,unknown,low,,PENDING_RESULT,,,
2026-09-25,3095102,V4,波兰丙,卢布林安卡 vs 斯维德尼赞卡,0-0,not reconstructed from future result,,,UNKNOWN,unknown,low,,PENDING_RESULT,2026-09-25T11:34:53.768266+08:00,4a6c1b6bec6292a5e845,
2026-09-25,3095103,V3,科索沃甲,乌罗舍瓦茨 vs 科里库二队,0-0,not reconstructed from future result,,,UNKNOWN,unknown,low,,PENDING_RESULT,,,
2026-09-25,3095103,V4,科索沃甲,乌罗舍瓦茨 vs 科里库二队,0-0,not reconstructed from future result,,,UNKNOWN,unknown,low,,PENDING_RESULT,2026-09-25T11:34:53.768266+08:00,0e57106ebc803c473f75,
2026-09-25,3095104,V3,沙地女联,吉达女足 vs 卡达西亚女足,0-0,not reconstructed from future result,,,UNKNOWN,unknown,low,,PENDING_RESULT,,,
2026-09-25,3095104,V4,沙地女联,吉达女足 vs 卡达西亚女足,0-0,not reconstructed from future result,,,UNKNOWN,unknown,low,,PENDING_RESULT,2026-09-25T11:34:53.768266+08:00,6ed8c799ca4f4f5488d2,
2026-09-25,3095105,V3,沙地女联,艾纳斯女足 vs 阿尔乌拉女足,0-0,not reconstructed from future result,,,UNKNOWN,unknown,low,,PENDING_RESULT,,,
2026-09-25,3095105,V4,沙地女联,艾纳斯女足 vs 阿尔乌拉女足,0-0,not reconstructed from future result,,,UNKNOWN,unknown,low,,PENDING_RESULT,2026-09-25T11:34:53.768266+08:00,ae500844302255022935,
2026-09-25,3095106,V3,墨西丙,皮奥内罗斯 vs 科萨里奥斯德坎,0-0,not reconstructed from future result,,,UNKNOWN,unknown,low,,PENDING_RESULT,,,
2026-09-25,3095106,V4,墨西丙,皮奥内罗斯 vs 科萨里奥斯德坎,0-0,not reconstructed from future result,,,UNKNOWN,unknown,low,,PENDING_RESULT,2026-09-25T11:34:53.768266+08:00,0f640c4d86deb361b75b,
2026-09-25,3095107,V3,罗丙,ACS媒体 vs CS布雷亚萨,0-0,not reconstructed from future result,,,UNKNOWN,unknown,low,,PENDING_RESULT,,,
2026-09-25,3095107,V4,罗丙,ACS媒体 vs CS布雷亚萨,0-0,not reconstructed from future result,,,UNKNOWN,unknown,low,,PENDING_RESULT,2026-09-25T11:34:53.768266+08:00,4fafe3e899cf1ded0f9c,
2026-09-25,3095108,V3,塞尔女甲,ZFK马希纳女足 vs ZFK米卢塔尼亚克女足,0-0,not reconstructed from future result,,,UNKNOWN,unknown,low,,PENDING_RESULT,,,
2026-09-25,3095108,V4,塞尔女甲,ZFK马希纳女足 vs ZFK米卢塔尼亚克女足,0-0,not reconstructed from future result,,,UNKNOWN,unknown,low,,PENDING_RESULT,2026-09-25T11:34:53.768266+08:00,e935a503001e30d6ae97,
2026-09-25,3095109,V3,爱尔高联,凯尔特巡路者 vs 托尔卡流浪,0-0,not reconstructed from future result,,,UNKNOWN,unknown,low,,PENDING_RESULT,,,
2026-09-25,3095109,V4,爱尔高联,凯尔特巡路者 vs 托尔卡流浪,0-0,not reconstructed from future result,,,UNKNOWN,unknown,low,,PENDING_RESULT,2026-09-25T11:34:53.768266+08:00,7d728fdaafa23beeb8e4,
2026-09-25,3095110,V3,球会友谊,苏黎世<font color=#880000>(中)</font> vs 纳沙泰尔,0-0,not reconstructed from future result,,,UNKNOWN,unknown,low,,PENDING_RESULT,,,
2026-09-25,3095110,V4,球会友谊,苏黎世<font color=#880000>(中)</font> vs 纳沙泰尔,0-0,not reconstructed from future result,,,UNKNOWN,unknown,low,,PENDING_RESULT,2026-09-25T11:34:53.768266+08:00,198d4b6fd09310fce573,
2026-09-25,3095111,V3,爱尔高联,基巴拉克联 vs 基尔斯特罗唐尼,0-0,not reconstructed from future result,,,UNKNOWN,unknown,low,,PENDING_RESULT,,,
2026-09-25,3095111,V4,爱尔高联,基巴拉克联 vs 基尔斯特罗唐尼,0-0,not reconstructed from future result,,,UNKNOWN,unknown,low,,PENDING_RESULT,2026-09-25T11:34:53.768266+08:00,beb603a1bbf840f7179b,
2026-09-25,3095112,V3,巴马全联,佐利奴 vs 乌梅西特后备队,0-0,not reconstructed from future result,,,UNKNOWN,unknown,low,,PENDING_RESULT,,,
2026-09-25,3095112,V4,巴马全联,佐利奴 vs 乌梅西特后备队,0-0,not reconstructed from future result,,,UNKNOWN,unknown,low,,PENDING_RESULT,2026-09-25T11:34:53.768266+08:00,d52cf0a4c7a07034ce5d,
2026-09-25,3095113,V3,巴马女甲,拉科奇里基峰女足 vs 奇里基条纹女足,0-0,not reconstructed from future result,,,UNKNOWN,unknown,low,,PENDING_RESULT,,,
2026-09-25,3095113,V4,巴马女甲,拉科奇里基峰女足 vs 奇里基条纹女足,0-0,not reconstructed from future result,,,UNKNOWN,unknown,low,,PENDING_RESULT,2026-09-25T11:34:53.768266+08:00,ac293201ff9b846d3b75,
2026-09-25,3095114,V3,中U21,江西庐山U21 vs 青岛西海岸U21,0-0,not reconstructed from future result,,,UNKNOWN,unknown,low,,PENDING_RESULT,,,
2026-09-25,3095114,V4,中U21,江西庐山U21 vs 青岛西海岸U21,0-0,not reconstructed from future result,,,UNKNOWN,unknown,low,,PENDING_RESULT,2026-09-25T11:34:53.768266+08:00,5d62bb75a6c54c072f2f,
2026-09-25,3095115,V3,中U21,青岛海牛U21 vs 宁波俱乐部U21,0-0,not reconstructed from future result,,,UNKNOWN,unknown,low,,PENDING_RESULT,,,
2026-09-25,3095115,V4,中U21,青岛海牛U21 vs 宁波俱乐部U21,0-0,not reconstructed from future result,,,UNKNOWN,unknown,low,,PENDING_RESULT,2026-09-25T11:34:53.768266+08:00,bf077f333ce79bd6b320,
2026-09-25,3095116,V3,中U21,云南玉昆U21 vs 辽宁铁人U21,0-0,not reconstructed from future result,,,UNKNOWN,unknown,low,,PENDING_RESULT,,,
2026-09-25,3095116,V4,中U21,云南玉昆U21 vs 辽宁铁人U21,0-0,not reconstructed from future result,,,UNKNOWN,unknown,low,,PENDING_RESULT,2026-09-25T11:34:53.768266+08:00,d48b0b1a70f86a6cee71,
2026-09-25,3095117,V3,中U21,南通支云U21 vs 青岛红狮U21,0-0,not reconstructed from future result,,,UNKNOWN,unknown,low,,PENDING_RESULT,,,
2026-09-25,3095117,V4,中U21,南通支云U21 vs 青岛红狮U21,0-0,not reconstructed from future result,,,UNKNOWN,unknown,low,,PENDING_RESULT,2026-09-25T11:34:53.768266+08:00,a831cbab8fd44ab19013,
2026-09-25,3095118,V3,中U21,温州茵才U21 vs 石家庄功夫U21,0-0,not reconstructed from future result,,,UNKNOWN,unknown,low,,PENDING_RESULT,,,
2026-09-25,3095118,V4,中U21,温州茵才U21 vs 石家庄功夫U21,0-0,not reconstructed from future result,,,UNKNOWN,unknown,low,,PENDING_RESULT,2026-09-25T11:34:53.768266+08:00,372f302b261471c3f9b5,
2026-09-25,3095119,V3,阿联酋乙,新星 vs 拉姆斯,0-0,not reconstructed from future result,,,UNKNOWN,unknown,low,,PENDING_RESULT,,,
2026-09-25,3095119,V4,阿联酋乙,新星 vs 拉姆斯,0-0,not reconstructed from future result,,,UNKNOWN,unknown,low,,PENDING_RESULT,2026-09-25T11:34:53.768266+08:00,70b67a0265ddd35837c6,
2026-09-25,3095120,V3,巴马全联,埃斯塔后备队 vs 科斯塔埃斯特角,0-0,not reconstructed from future result,,,UNKNOWN,unknown,low,,PENDING_RESULT,,,
2026-09-25,3095120,V4,巴马全联,埃斯塔后备队 vs 科斯塔埃斯特角,0-0,not reconstructed from future result,,,UNKNOWN,unknown,low,,PENDING_RESULT,2026-09-25T11:34:53.768266+08:00,14a6989e508eafe3e9ca,
2026-09-25,3095121,V3,波兰丙,维尔兹卡帕尔林 vs 索科尔博泽波尔维尔基,0-0,not reconstructed from future result,,,UNKNOWN,unknown,low,,PENDING_RESULT,,,
2026-09-25,3095121,V4,波兰丙,维尔兹卡帕尔林 vs 索科尔博泽波尔维尔基,0-0,not reconstructed from future result,,,UNKNOWN,unknown,low,,PENDING_RESULT,2026-09-25T11:34:53.768266+08:00,63bee759d98e2f2d2502,
2026-09-25,3095122,V3,北马女联,ZFK伊斯塔女足 vs 卢积波特女足,0-0,not reconstructed from future result,,,UNKNOWN,unknown,low,,PENDING_RESULT,,,
2026-09-25,3095122,V4,北马女联,ZFK伊斯塔女足 vs 卢积波特女足,0-0,not reconstructed from future result,,,UNKNOWN,unknown,low,,PENDING_RESULT,2026-09-25T11:34:53.768266+08:00,9d9771424eef89cdb5c0,
2026-09-25,3095123,V3,罗丙,布莱乔 vs 佩特罗鲁贝尔卡,0-0,not reconstructed from future result,,,UNKNOWN,unknown,low,,PENDING_RESULT,,,
2026-09-25,3095123,V4,罗丙,布莱乔 vs 佩特罗鲁贝尔卡,0-0,not reconstructed from future result,,,UNKNOWN,unknown,low,,PENDING_RESULT,2026-09-25T11:34:53.768266+08:00,47eaebe7d1959359d84e,
2026-09-25,3095125,V3,美超,国际迈阿密学院 vs 运动迈阿密,0-0,not reconstructed from future result,,,UNKNOWN,unknown,low,,PENDING_RESULT,,,
2026-09-25,3095125,V4,美超,国际迈阿密学院 vs 运动迈阿密,0-0,not reconstructed from future result,,,UNKNOWN,unknown,low,,PENDING_RESULT,2026-09-25T11:34:53.768266+08:00,5276563ec3c68f9dd49d,
2026-09-25,3095126,V3,西地区联,圣维森特尼奥 vs 巴尔德拉卡尔萨达,0-0,not reconstructed from future result,,,UNKNOWN,unknown,low,,PENDING_RESULT,,,
2026-09-25,3095126,V4,西地区联,圣维森特尼奥 vs 巴尔德拉卡尔萨达,0-0,not reconstructed from future result,,,UNKNOWN,unknown,low,,PENDING_RESULT,2026-09-25T11:34:53.768266+08:00,223b3934a0a49fe8dbe0,
2026-09-25,3095128,V3,美女超,列克星敦女足 vs 达拉斯特瑞尼特女足,0-0,not reconstructed from future result,,,UNKNOWN,unknown,low,,PENDING_RESULT,,,
2026-09-25,3095128,V4,美女超,列克星敦女足 vs 达拉斯特瑞尼特女足,0-0,not reconstructed from future result,,,UNKNOWN,unknown,low,,PENDING_RESULT,2026-09-25T11:34:53.768266+08:00,eed6bd653be3a7cc24ce,
2026-09-25,3095132,V3,哥斯乙,肯梅利塔 vs 圣塔安娜,0-0,not reconstructed from future result,,,UNKNOWN,unknown,low,,PENDING_RESULT,2026-09-25T11:34:53+08:00,129c2abf64fb29c6e38e,不投
2026-09-25,3095132,V4,哥斯乙,肯梅利塔 vs 圣塔安娜,0-0,not reconstructed from future result,,,UNKNOWN,unknown,low,,PENDING_RESULT,2026-09-25T11:34:53.768266+08:00,932a458642e31d469467,
2026-09-25,3095133,V3,巴南U20杯,巴西国际青年 vs 兰登U20,0-0,not reconstructed from future result,,,UNKNOWN,unknown,low,,PENDING_RESULT,,,
2026-09-25,3095133,V4,巴南U20杯,巴西国际青年 vs 兰登U20,0-0,not reconstructed from future result,,,UNKNOWN,unknown,low,,PENDING_RESULT,2026-09-25T11:34:53.768266+08:00,edd91ade999bfdba3965,
2026-09-25,3095134,V3,巴南U20杯,格雷米奥青年队 vs 圣荷西RS青年队,0-0,not reconstructed from future result,,,UNKNOWN,unknown,low,,PENDING_RESULT,,,
2026-09-25,3095134,V4,巴南U20杯,格雷米奥青年队 vs 圣荷西RS青年队,0-0,not reconstructed from future result,,,UNKNOWN,unknown,low,,PENDING_RESULT,2026-09-25T11:34:53.768266+08:00,f9ba7014066d90f174f7,
2026-09-25,3095136,V3,爱尔高联,闪点竞技 vs 圣弗朗西斯,0-0,not reconstructed from future result,,,UNKNOWN,unknown,low,,PENDING_RESULT,,,
2026-09-25,3095136,V4,爱尔高联,闪点竞技 vs 圣弗朗西斯,0-0,not reconstructed from future result,,,UNKNOWN,unknown,low,,PENDING_RESULT,2026-09-25T11:34:53.768266+08:00,c67789da29d69aaf56f4,
2026-09-25,3095137,V3,阿女甲,阿根廷独立女足 vs 费罗卡利尔女足,0-0,not reconstructed from future result,,,UNKNOWN,unknown,low,,PENDING_RESULT,,,
2026-09-25,3095137,V4,阿女甲,阿根廷独立女足 vs 费罗卡利尔女足,0-0,not reconstructed from future result,,,UNKNOWN,unknown,low,,PENDING_RESULT,2026-09-25T11:34:53.768266+08:00,544bb42f9f735ac44d8f,N
2026-09-25,3095139,V3,洪都后备,洛沃斯墨后备队 vs 乔洛马后备队,0-0,not reconstructed from future result,,,UNKNOWN,unknown,low,,PENDING_RESULT,,,
2026-09-25,3095139,V4,洪都后备,洛沃斯墨后备队 vs 乔洛马后备队,0-0,not reconstructed from future result,,,UNKNOWN,unknown,low,,PENDING_RESULT,2026-09-25T11:34:53.768266+08:00,15f46482e42215e703e1,
2026-09-25,3095140,V3,哥伦U19,拉尼洛斯U19 vs 圣达菲独立U19,0-0,not reconstructed from future result,,,UNKNOWN,unknown,low,,PENDING_RESULT,,,
2026-09-25,3095140,V4,哥伦U19,拉尼洛斯U19 vs 圣达菲独立U19,0-0,not reconstructed from future result,,,UNKNOWN,unknown,low,,PENDING_RESULT,2026-09-25T11:34:53.768266+08:00,ad37bbdf8eead66cc11b,
2026-09-25,3095141,V3,墨西丙,西科谷FC vs 哈尔库尼加SC,0-0,not reconstructed from future result,,,UNKNOWN,unknown,low,,PENDING_RESULT,,,
2026-09-25,3095141,V4,墨西丙,西科谷FC vs 哈尔库尼加SC,0-0,not reconstructed from future result,,,UNKNOWN,unknown,low,,PENDING_RESULT,2026-09-25T11:34:53.768266+08:00,d6e8621b29264fdcb2b1,
2026-09-25,3095142,V3,巴拉丙,奥林比亚伊达 vs 哥伦比亚体育会,0-0,not reconstructed from future result,,,UNKNOWN,unknown,low,,PENDING_RESULT,,,
2026-09-25,3095142,V4,巴拉丙,奥林比亚伊达 vs 哥伦比亚体育会,0-0,not reconstructed from future result,,,UNKNOWN,unknown,low,,PENDING_RESULT,2026-09-25T11:34:53.768266+08:00,073e4e6a73c95e421272,
2026-09-25,3095143,V3,巴拉丙,亚特兰蒂斯SC vs 瑟提姆比勒,0-0,not reconstructed from future result,,,UNKNOWN,unknown,low,,PENDING_RESULT,,,
2026-09-25,3095143,V4,巴拉丙,亚特兰蒂斯SC vs 瑟提姆比勒,0-0,not reconstructed from future result,,,UNKNOWN,unknown,low,,PENDING_RESULT,2026-09-25T11:34:53.768266+08:00,1111343f37e160b6ee1a,
2026-09-25,3095144,V3,球会友谊,欧克莱卡诺 vs 墨尔本城,0-0,not reconstructed from future result,,,UNKNOWN,unknown,low,,PENDING_RESULT,,,
2026-09-25,3095144,V4,球会友谊,欧克莱卡诺 vs 墨尔本城,0-0,not reconstructed from future result,,,UNKNOWN,unknown,low,,PENDING_RESULT,2026-09-25T11:34:53.768266+08:00,3ec82e9cacbbce397151,
2026-09-25,3095158,V3,印西隆联,林蒂SC vs 米利姆SC,0-0,not reconstructed from future result,,,UNKNOWN,unknown,low,,PENDING_RESULT,,,
2026-09-25,3095158,V4,印西隆联,林蒂SC vs 米利姆SC,0-0,not reconstructed from future result,,,UNKNOWN,unknown,low,,PENDING_RESULT,2026-09-25T11:34:53.768266+08:00,198fa856b3919352ea5c,
2026-09-25,3095159,V3,巴拉后备,巴拉圭国民后备队 vs 艾美利亚诺体育后备队,0-0,not reconstructed from future result,,,UNKNOWN,unknown,low,,PENDING_RESULT,,,
2026-09-25,3095159,V4,巴拉后备,巴拉圭国民后备队 vs 艾美利亚诺体育后备队,0-0,not reconstructed from future result,,,UNKNOWN,unknown,low,,PENDING_RESULT,2026-09-25T11:34:53.768266+08:00,6b03d0fbfdd62f6a74f1,
2026-09-25,3095160,V3,南运男足,智利U19<font color=#880000>(中)</font> vs 秘鲁U19,0-0,not reconstructed from future result,,,UNKNOWN,unknown,low,,PENDING_RESULT,,,
2026-09-25,3095160,V4,南运男足,智利U19<font color=#880000>(中)</font> vs 秘鲁U19,0-0,not reconstructed from future result,,,UNKNOWN,unknown,low,,PENDING_RESULT,2026-09-25T11:34:53.768266+08:00,d50ca5b4b429cc1ebcd1,
2026-09-25,3095161,V3,南运男足,阿根廷U19 vs 巴拉圭U19,0-0,not reconstructed from future result,,,UNKNOWN,unknown,low,,PENDING_RESULT,,,
2026-09-25,3095161,V4,南运男足,阿根廷U19 vs 巴拉圭U19,0-0,not reconstructed from future result,,,UNKNOWN,unknown,low,,PENDING_RESULT,2026-09-25T11:34:53.768266+08:00,00da6245b1dd05443e49,
2026-09-25,3095162,V3,埃及甲,山瓦尼 vs 钻石SC,0-0,not reconstructed from future result,,,UNKNOWN,unknown,low,,PENDING_RESULT,,,
2026-09-25,3095162,V4,埃及甲,山瓦尼 vs 钻石SC,0-0,not reconstructed from future result,,,UNKNOWN,unknown,low,,PENDING_RESULT,2026-09-25T11:34:53.768266+08:00,a8237a60e3e4631e8334,
2026-09-25,3095163,V3,埃及甲,Al加纳特 vs 莱弗尔斯FC,0-0,not reconstructed from future result,,,UNKNOWN,unknown,low,,PENDING_RESULT,,,
2026-09-25,3095163,V4,埃及甲,Al加纳特 vs 莱弗尔斯FC,0-0,not reconstructed from future result,,,UNKNOWN,unknown,low,,PENDING_RESULT,2026-09-25T11:34:53.768266+08:00,db627739f7e6889cc6ba,
2026-09-25,3095164,V3,埃及甲,瑞亚SC vs 米斯保险,0-0,not reconstructed from future result,,,UNKNOWN,unknown,low,,PENDING_RESULT,,,
2026-09-25,3095164,V4,埃及甲,瑞亚SC vs 米斯保险,0-0,not reconstructed from future result,,,UNKNOWN,unknown,low,,PENDING_RESULT,2026-09-25T11:34:53.768266+08:00,d30ccfcce7a33f5a782a,
2026-09-25,3095165,V3,埃及甲,埃尔奥布尔 vs 阿拉曼,0-0,not reconstructed from future result,,,UNKNOWN,unknown,low,,PENDING_RESULT,,,
2026-09-25,3095165,V4,埃及甲,埃尔奥布尔 vs 阿拉曼,0-0,not reconstructed from future result,,,UNKNOWN,unknown,low,,PENDING_RESULT,2026-09-25T11:34:53.768266+08:00,b31c098b1273f3aba0f0,
2026-09-25,3095166,V3,埃及甲,卡斯卡达 vs 橙色体育FSI,0-0,not reconstructed from future result,,,UNKNOWN,unknown,low,,PENDING_RESULT,,,
2026-09-25,3095166,V4,埃及甲,卡斯卡达 vs 橙色体育FSI,0-0,not reconstructed from future result,,,UNKNOWN,unknown,low,,PENDING_RESULT,2026-09-25T11:34:53.768266+08:00,c8b42f45304057e13eee,
2026-09-25,3095167,V3,阿联酋乙,精确FC vs 阿拉伯猎鹰FC,0-0,not reconstructed from future result,,,UNKNOWN,unknown,low,,PENDING_RESULT,,,
2026-09-25,3095167,V4,阿联酋乙,精确FC vs 阿拉伯猎鹰FC,0-0,not reconstructed from future result,,,UNKNOWN,unknown,low,,PENDING_RESULT,2026-09-25T11:34:53.768266+08:00,4228e6a9ceb2bfc19169,
2026-09-25,3095168,V3,阿联酋乙,迪拜现代体育俱乐部 vs 马斯福特,0-0,not reconstructed from future result,,,UNKNOWN,unknown,low,,PENDING_RESULT,,,
2026-09-25,3095168,V4,阿联酋乙,迪拜现代体育俱乐部 vs 马斯福特,0-0,not reconstructed from future result,,,UNKNOWN,unknown,low,,PENDING_RESULT,2026-09-25T11:34:53.768266+08:00,f4e531153d233eaa568e,
2026-09-25,3095169,V3,洪都后备,独立CA后备队 vs 胡蒂卡尔帕后备,0-0,not reconstructed from future result,,,UNKNOWN,unknown,low,,PENDING_RESULT,,,
2026-09-25,3095169,V4,洪都后备,独立CA后备队 vs 胡蒂卡尔帕后备,0-0,not reconstructed from future result,,,UNKNOWN,unknown,low,,PENDING_RESULT,2026-09-25T11:34:53.768266+08:00,6f6e7d8773bb1f402a3c,
2026-09-25,3095170,V3,墨西丙,环足足球俱乐部 vs CD摩西,0-0,not reconstructed from future result,,,UNKNOWN,unknown,low,,PENDING_RESULT,,,
2026-09-25,3095170,V4,墨西丙,环足足球俱乐部 vs CD摩西,0-0,not reconstructed from future result,,,UNKNOWN,unknown,low,,PENDING_RESULT,2026-09-25T11:34:53.768266+08:00,3320cfcd8ec90f9c9a58,
2026-09-25,3095171,V3,墨西丙,卡德雷塔 vs 皇家圣科斯梅,0-0,not reconstructed from future result,,,UNKNOWN,unknown,low,,PENDING_RESULT,,,
2026-09-25,3095171,V4,墨西丙,卡德雷塔 vs 皇家圣科斯梅,0-0,not reconstructed from future result,,,UNKNOWN,unknown,low,,PENDING_RESULT,2026-09-25T11:34:53.768266+08:00,d9b57f98fef1c74055b5,
2026-09-25,3095172,V3,墨西丙,德尔苏雷斯特大学FC vs 德拉贡斯FC青训营,0-0,not reconstructed from future result,,,UNKNOWN,unknown,low,,PENDING_RESULT,,,
2026-09-25,3095172,V4,墨西丙,德尔苏雷斯特大学FC vs 德拉贡斯FC青训营,0-0,not reconstructed from future result,,,UNKNOWN,unknown,low,,PENDING_RESULT,2026-09-25T11:34:53.768266+08:00,f787ee9a54e7c8e3a6e9,
2026-09-25,3095173,V3,墨西丙,帝卡玛轰炸机 vs 帕丘卡土佐,0-0,not reconstructed from future result,,,UNKNOWN,unknown,low,,PENDING_RESULT,,,
2026-09-25,3095173,V4,墨西丙,帝卡玛轰炸机 vs 帕丘卡土佐,0-0,not reconstructed from future result,,,UNKNOWN,unknown,low,,PENDING_RESULT,2026-09-25T11:34:53.768266+08:00,b821d3438b2c6154061d,
2026-09-25,3095174,V3,洪都后备,奥兰乔FC后备 vs 伊斯柏纳后备队,0-0,not reconstructed from future result,,,UNKNOWN,unknown,low,,PENDING_RESULT,,,
2026-09-25,3095174,V4,洪都后备,奥兰乔FC后备 vs 伊斯柏纳后备队,0-0,not reconstructed from future result,,,UNKNOWN,unknown,low,,PENDING_RESULT,2026-09-25T11:34:53.768266+08:00,5c8ea1994cca56064a9e,
2026-09-25,3095175,V3,墨西丙,克雷卡米诺斯III vs 富卡,0-0,not reconstructed from future result,,,UNKNOWN,unknown,low,,PENDING_RESULT,,,
2026-09-25,3095175,V4,墨西丙,克雷卡米诺斯III vs 富卡,0-0,not reconstructed from future result,,,UNKNOWN,unknown,low,,PENDING_RESULT,2026-09-25T11:34:53.768266+08:00,99815b19fce61a65ffd0,
2026-09-25,3095176,V3,洪都后备,摩塔瓜后备队 vs 科马亚瓜创世纪后备队,0-0,not reconstructed from future result,,,UNKNOWN,unknown,low,,PENDING_RESULT,,,
2026-09-25,3095176,V4,洪都后备,摩塔瓜后备队 vs 科马亚瓜创世纪后备队,0-0,not reconstructed from future result,,,UNKNOWN,unknown,low,,PENDING_RESULT,2026-09-25T11:34:53.768266+08:00,700082d44adcf6968874,
2026-09-25,3095177,V3,墨西丙,F波利泰尼科 vs 阿兹特卡斯AMF,0-0,not reconstructed from future result,,,UNKNOWN,unknown,low,,PENDING_RESULT,,,
2026-09-25,3095177,V4,墨西丙,F波利泰尼科 vs 阿兹特卡斯AMF,0-0,not reconstructed from future result,,,UNKNOWN,unknown,low,,PENDING_RESULT,2026-09-25T11:34:53.768266+08:00,6e81a1e37fffdc3ae8d3,
2026-09-25,3095178,V3,墨西丙,帕丘卡III vs 特奥蒂瓦坎,0-0,not reconstructed from future result,,,UNKNOWN,unknown,low,,PENDING_RESULT,,,
2026-09-25,3095178,V4,墨西丙,帕丘卡III vs 特奥蒂瓦坎,0-0,not reconstructed from future result,,,UNKNOWN,unknown,low,,PENDING_RESULT,2026-09-25T11:34:53.768266+08:00,eecfcb9e7a8e5570188f,
2026-09-25,3095179,V3,墨西丙,大洋洲足球俱乐部 vs 墨西哥城扎西英雄,0-0,not reconstructed from future result,,,UNKNOWN,unknown,low,,PENDING_RESULT,,,
2026-09-25,3095179,V4,墨西丙,大洋洲足球俱乐部 vs 墨西哥城扎西英雄,0-0,not reconstructed from future result,,,UNKNOWN,unknown,low,,PENDING_RESULT,2026-09-25T11:34:53.768266+08:00,6ddf5aba22e82391551c,
2026-09-25,3095180,V3,英依联甲,贝德丰特体育 vs 泽西公牛,0-0,not reconstructed from future result,,,UNKNOWN,unknown,low,,PENDING_RESULT,,,
2026-09-25,3095180,V4,英依联甲,贝德丰特体育 vs 泽西公牛,0-0,not reconstructed from future result,,,UNKNOWN,unknown,low,,PENDING_RESULT,2026-09-25T11:34:53.768266+08:00,bc204207e20e28992dd5,
2026-09-25,3095181,V3,巴青联,CFRJ马里卡RJU20 vs 沃尔特雷东达U20,0-0,not reconstructed from future result,,,UNKNOWN,unknown,low,,PENDING_RESULT,,,
2026-09-25,3095181,V4,巴青联,CFRJ马里卡RJU20 vs 沃尔特雷东达U20,0-0,not reconstructed from future result,,,UNKNOWN,unknown,low,,PENDING_RESULT,2026-09-25T11:34:53.768266+08:00,b60b55464566164bb7e6,
2026-09-25,3095182,V3,巴U20杯,艾帕尔斯登瑟青年队 vs 瓜纳巴拉市U20,0-0,not reconstructed from future result,,,UNKNOWN,unknown,low,,PENDING_RESULT,,,
2026-09-25,3095182,V4,巴U20杯,艾帕尔斯登瑟青年队 vs 瓜纳巴拉市U20,0-0,not reconstructed from future result,,,UNKNOWN,unknown,low,,PENDING_RESULT,2026-09-25T11:34:53.768266+08:00,85f3311d3c09388986dd,
2026-09-25,3095183,V3,巴米乙,因特米纳斯 vs 国民AC MG,0-0,not reconstructed from future result,,,UNKNOWN,unknown,low,,PENDING_RESULT,,,
2026-09-25,3095183,V4,巴米乙,因特米纳斯 vs 国民AC MG,0-0,not reconstructed from future result,,,UNKNOWN,unknown,low,,PENDING_RESULT,2026-09-25T11:34:53.768266+08:00,ba149e8e2ad29655df7c,
2026-09-25,3095184,V3,墨西丙,科尔韦拉克鲁 vs 曼塔鳐鱼,0-0,not reconstructed from future result,,,UNKNOWN,unknown,low,,PENDING_RESULT,,,
2026-09-25,3095184,V4,墨西丙,科尔韦拉克鲁 vs 曼塔鳐鱼,0-0,not reconstructed from future result,,,UNKNOWN,unknown,low,,PENDING_RESULT,2026-09-25T11:34:53.768266+08:00,3024aab31fbde99f1ecb,
2026-09-25,3095187,V3,奥丁,UFC费灵 vs SV帕茨里,0-0,not reconstructed from future result,,,UNKNOWN,unknown,low,,PENDING_RESULT,,,
2026-09-25,3095187,V4,奥丁,UFC费灵 vs SV帕茨里,0-0,not reconstructed from future result,,,UNKNOWN,unknown,low,,PENDING_RESULT,2026-09-25T11:34:53.768266+08:00,4447532e8114ac78b2e4,
2026-09-25,3095189,V3,奥丁,哈尔布特恩 vs 奥普伦多尔夫,0-0,not reconstructed from future result,,,UNKNOWN,unknown,low,,PENDING_RESULT,,,
2026-09-25,3095189,V4,奥丁,哈尔布特恩 vs 奥普伦多尔夫,0-0,not reconstructed from future result,,,UNKNOWN,unknown,low,,PENDING_RESULT,2026-09-25T11:34:53.768266+08:00,7f13513bb29709a19445,
2026-09-25,3095193,V3,克亚丙,乌利亚尼克 vs 斯拉瓦尼亚,0-0,not reconstructed from future result,,,UNKNOWN,unknown,low,,PENDING_RESULT,,,
2026-09-25,3095193,V4,克亚丙,乌利亚尼克 vs 斯拉瓦尼亚,0-0,not reconstructed from future result,,,UNKNOWN,unknown,low,,PENDING_RESULT,2026-09-25T11:34:53.768266+08:00,fba119266f33e89d31ce,
2026-09-25,3095195,V3,克亚丙,德拉格沃尔雅克 vs 拉德尼克克里泽维奇,0-0,not reconstructed from future result,,,UNKNOWN,unknown,low,,PENDING_RESULT,,,
2026-09-25,3095195,V4,克亚丙,德拉格沃尔雅克 vs 拉德尼克克里泽维奇,0-0,not reconstructed from future result,,,UNKNOWN,unknown,low,,PENDING_RESULT,2026-09-25T11:34:53.768266+08:00,c925c0e710ca446bb3e7,
2026-09-25,3095196,V3,奥丁,维也纳利尼恩 vs 弗洛里德斯多佛II队,0-0,not reconstructed from future result,,,UNKNOWN,unknown,low,,PENDING_RESULT,,,
2026-09-25,3095196,V4,奥丁,维也纳利尼恩 vs 弗洛里德斯多佛II队,0-0,not reconstructed from future result,,,UNKNOWN,unknown,low,,PENDING_RESULT,2026-09-25T11:34:53.768266+08:00,7c05b62bbd18299b77a0,N
2026-09-25,3095197,V3,奥丁,巴德萨尔布龙 vs FC德意志克,0-0,not reconstructed from future result,,,UNKNOWN,unknown,low,,PENDING_RESULT,,,
2026-09-25,3095197,V4,奥丁,巴德萨尔布龙 vs FC德意志克,0-0,not reconstructed from future result,,,UNKNOWN,unknown,low,,PENDING_RESULT,2026-09-25T11:34:53.768266+08:00,8928b0fd3e6c4e852648,
2026-09-25,3095200,V3,波兰丙,塔尔努夫 vs 利玛诺维亚,0-0,not reconstructed from future result,,,UNKNOWN,unknown,low,,PENDING_RESULT,,,
2026-09-25,3095200,V4,波兰丙,塔尔努夫 vs 利玛诺维亚,0-0,not reconstructed from future result,,,UNKNOWN,unknown,low,,PENDING_RESULT,2026-09-25T11:34:53.768266+08:00,1ff92a532610b2b69f87,
2026-09-25,3095201,V3,罗丙,费兰斯 vs 帕塞斯蒂奥塔绍,0-0,not reconstructed from future result,,,UNKNOWN,unknown,low,,PENDING_RESULT,,,
2026-09-25,3095201,V4,罗丙,费兰斯 vs 帕塞斯蒂奥塔绍,0-0,not reconstructed from future result,,,UNKNOWN,unknown,low,,PENDING_RESULT,2026-09-25T11:34:53.768266+08:00,3525db18830ce3284cbc,
2026-09-25,3095202,V3,波兰丙,比斯库皮耶克 vs 马祖尔麋鹿,0-0,not reconstructed from future result,,,UNKNOWN,unknown,low,,PENDING_RESULT,,,
2026-09-25,3095202,V4,波兰丙,比斯库皮耶克 vs 马祖尔麋鹿,0-0,not reconstructed from future result,,,UNKNOWN,unknown,low,,PENDING_RESULT,2026-09-25T11:34:53.768266+08:00,1b70dbbf4481b9b58a35,
2026-09-25,3095203,V3,罗丙,CS蒂米甚 vs 阿尔巴尤利亚大学,0-0,not reconstructed from future result,,,UNKNOWN,unknown,low,,PENDING_RESULT,,,
2026-09-25,3095203,V4,罗丙,CS蒂米甚 vs 阿尔巴尤利亚大学,0-0,not reconstructed from future result,,,UNKNOWN,unknown,low,,PENDING_RESULT,2026-09-25T11:34:53.768266+08:00,a4a852a50de6be523a68,
2026-09-25,3095204,V3,罗丙,科尔贝安卡未来 vs 帕勒斯,0-0,not reconstructed from future result,,,UNKNOWN,unknown,low,,PENDING_RESULT,,,
2026-09-25,3095204,V4,罗丙,科尔贝安卡未来 vs 帕勒斯,0-0,not reconstructed from future result,,,UNKNOWN,unknown,low,,PENDING_RESULT,2026-09-25T11:34:53.768266+08:00,d441c263e84249bc84ce,
2026-09-25,3095205,V3,罗丙,克林塞尼 vs 布格勒斯特迪纳摩B队,0-0,not reconstructed from future result,,,UNKNOWN,unknown,low,,PENDING_RESULT,,,
2026-09-25,3095205,V4,罗丙,克林塞尼 vs 布格勒斯特迪纳摩B队,0-0,not reconstructed from future result,,,UNKNOWN,unknown,low,,PENDING_RESULT,2026-09-25T11:34:53.768266+08:00,c9905941025850276031,
2026-09-25,3095206,V3,罗丙,克鲁日桑纳塔特 vs 贝利费利克斯,0-0,not reconstructed from future result,,,UNKNOWN,unknown,low,,PENDING_RESULT,,,
2026-09-25,3095206,V4,罗丙,克鲁日桑纳塔特 vs 贝利费利克斯,0-0,not reconstructed from future result,,,UNKNOWN,unknown,low,,PENDING_RESULT,2026-09-25T11:34:53.768266+08:00,6373c4c5b783ed69615a,
2026-09-25,3095207,V3,罗丙,布加勒斯特氧气 vs 沃伦塔利B队,0-0,not reconstructed from future result,,,UNKNOWN,unknown,low,,PENDING_RESULT,,,
2026-09-25,3095207,V4,罗丙,布加勒斯特氧气 vs 沃伦塔利B队,0-0,not reconstructed from future result,,,UNKNOWN,unknown,low,,PENDING_RESULT,2026-09-25T11:34:53.768266+08:00,13f0d06a31a3421b477d,
2026-09-25,3095208,V3,瑞士丁,康戈迪亚洛桑 vs 乌契II队,0-0,not reconstructed from future result,,,UNKNOWN,unknown,low,,PENDING_RESULT,,,
2026-09-25,3095208,V4,瑞士丁,康戈迪亚洛桑 vs 乌契II队,0-0,not reconstructed from future result,,,UNKNOWN,unknown,low,,PENDING_RESULT,2026-09-25T11:34:53.768266+08:00,d96dc4bab7dfdb3a82cf,
2026-09-25,3095209,V3,桑给超,玛芬兹奥 vs 姆温贝马昆比城,0-0,not reconstructed from future result,,,UNKNOWN,unknown,low,,PENDING_RESULT,,,
2026-09-25,3095209,V4,桑给超,玛芬兹奥 vs 姆温贝马昆比城,0-0,not reconstructed from future result,,,UNKNOWN,unknown,low,,PENDING_RESULT,2026-09-25T11:34:53.768266+08:00,b0e85ba116f097935ad7,
2026-09-25,3095262,V3,秘鲁丙,体育生队后备队 vs 帕里亚科托,0-0,not reconstructed from future result,,,UNKNOWN,unknown,low,,PENDING_RESULT,,,
2026-09-25,3095262,V4,秘鲁丙,体育生队后备队 vs 帕里亚科托,0-0,not reconstructed from future result,,,UNKNOWN,unknown,low,,PENDING_RESULT,2026-09-25T11:34:53.768266+08:00,ac5f248833095f4bbf97,
