match_id,list_date,kickoff,kickoff_at,model_id,model_version,side_mapping_version,run_id,decision_at,quote_at,last_confirmed_at,quote_age_at_decision,hours_from_decision_to_kickoff,hours_from_last_refresh_to_kickoff,is_morning_baseline,is_latest_valid_prematch,parent_decision_id,monitoring_bucket,prior_snapshot_id,market,competition,analysis_status,grade,rank,reason_codes,decision_id,started_lock,real_money,normalized_intent,intent_source,candidate_side,candidate_team,candidate_water,candidate_handicap,reverse_team,reverse_side,reverse_water,selected_team,selected_side,selected_handicap_signed,selected_water_hk,probabilities,ev_mean,ev_p05,ev_p10,ev_p50,ev_p90,ev_p95,p_ev_positive,diagnostic_giving,diagnostic_receiving,direction_rule_version,score,result,pnl_1u,settlement_status,result_state,result_source,settlement_updated_at,settlement
3093695,2026-09-21,2026-09-21T14:45:00+08:00,2026-09-21T14:45:00+08:00,v4-market-dirichlet-20260913,V4_DIRECTION_FIXED_R1,V4_DIRECTION_FIXED_R1,RUN_20260921_081936,2026-09-21T08:20:31.444281+08:00,2026-09-21T08:19:36+08:00,2026-09-21T08:19:36+08:00,0.015,6.408,6.423,False,False,3e8ce58c322a83763189,,prior-2026-09-21-v1,"{""snapshot_id"": ""snapshot"", ""source"": ""LEGACY_RAW_FIELD_EXPORT"", ""observed_at"": ""2026-09-21T08:20:31.444281+08:00"", ""home_team"": ""农格特伊迈SC"", ""away_team"": ""马尔基SC"", ""competition"": ""印西隆联"", ""home_handicap_signed"": null, ""away_handicap_signed"": null, ""home_water_hk"": null, ""away_water_hk"": null, ""quote_at"": ""2026-09-21T08:19:36+08:00"", ""last_confirmed_at"": ""2026-09-21T08:19:36+08:00"", ""run_id"": ""RUN_20260921_081936""}",印西隆联,NOT_PREMATCH,,,"[""STARTED_DECISION_LOCKED""]",0c9dfcb7c3ec4ad65593,True,False,,,,,,,,,,,,,,,,,,,,,,,,,,,,,,,,
3088010,2026-09-21,2026-09-21T15:00:00+08:00,2026-09-21T15:00:00+08:00,v4-market-dirichlet-20260913,V4_DIRECTION_FIXED_R1,V4_DIRECTION_FIXED_R1,RUN_20260921_081936,2026-09-21T08:20:31.444281+08:00,2026-09-21T08:19:36+08:00,2026-09-21T08:19:36+08:00,0.015,6.658,6.673,False,True,c306459c7a8509846ebe,,prior-2026-09-21-v1,"{""snapshot_id"": ""snapshot"", ""source"": ""LEGACY_RAW_FIELD_EXPORT"", ""observed_at"": ""2026-09-21T08:20:31.444281+08:00"", ""home_team"": ""孟加拉国女足(中)"", ""away_team"": ""缅甸女足"", ""competition"": ""亚运女足"", ""home_handicap_signed"": -1.0, ""away_handicap_signed"": 1.0, ""home_water_hk"": 0.58, ""away_water_hk"": 1.13, ""titan_home_handicap_signed"": -1.0, ""titan_away_handicap_signed"": 1.0, ""giving_team"": ""缅甸女足"", ""receiving_team"": ""孟加拉国女足(中)"", ""giving_water"": 1.13, ""receiving_water"": 0.58, ""side_identity"": ""Titan signed AH"", ""quote_at"": ""2026-09-21T08:19:36+08:00"", ""last_confirmed_at"": ""2026-09-21T08:19:36+08:00"", ""run_id"": ""RUN_20260921_081936""}",亚运女足,FROZEN_PREMATCH_DECISION,N,,"[""STARTED_DECISION_LOCKED""]",4a8f092e63731d7fea6c,True,False,诱上/阻下,MARKET_MOVE_SHALLOWER_WITH_GIVING_WATER_RESISTANCE,receiving,孟加拉国女足(中),0.58,1.0,缅甸女足,giving,1.13,孟加拉国女足(中),receiving,1.0,0.58,"{""W"": 0.42105263157894735, ""HW"": 0.0, ""P"": 0.2236842105263158, ""HL"": 0.0, ""L"": 0.35526315789473684}",-0.1110526315789474,-0.24119934697728654,-0.21418673383769454,-0.10889253259454137,-0.00943854312330955,0.018860632656937937,0.0812,"{""team"": ""缅甸女足"", ""water"": 1.13, ""EV_mean"": -0.019605263157894737, ""EV_p10"": -0.15243921029956908, ""P_EV_gt_0"": 0.4314, ""status"": ""DIAGNOSTIC_ONLY""}","{""team"": ""孟加拉国女足(中)"", ""water"": 0.58, ""EV_mean"": -0.1110526315789474, ""EV_p10"": -0.2166340508564743, ""P_EV_gt_0"": 0.0802, ""status"": ""DIAGNOSTIC_ONLY""}",V4_DIRECTION_FIXED_R1,,,,,,,,
3088011,2026-09-21,2026-09-21T15:00:00+08:00,2026-09-21T15:00:00+08:00,v4-market-dirichlet-20260913,V4_DIRECTION_FIXED_R1,V4_DIRECTION_FIXED_R1,RUN_20260921_081936,2026-09-21T08:20:31.444281+08:00,2026-09-21T08:19:36+08:00,2026-09-21T08:19:36+08:00,0.015,6.658,6.673,False,True,4988c76166deb318bbd1,,prior-2026-09-21-v1,"{""snapshot_id"": ""snapshot"", ""source"": ""LEGACY_RAW_FIELD_EXPORT"", ""observed_at"": ""2026-09-21T08:20:31.444281+08:00"", ""home_team"": ""韩国女足(中)"", ""away_team"": ""朝鲜女足"", ""competition"": ""亚运女足"", ""home_handicap_signed"": -1.5, ""away_handicap_signed"": 1.5, ""home_water_hk"": 0.81, ""away_water_hk"": 0.89, ""titan_home_handicap_signed"": -1.5, ""titan_away_handicap_signed"": 1.5, ""giving_team"": ""朝鲜女足"", ""receiving_team"": ""韩国女足(中)"", ""giving_water"": 0.89, ""receiving_water"": 0.81, ""side_identity"": ""Titan signed AH"", ""quote_at"": ""2026-09-21T08:19:36+08:00"", ""last_confirmed_at"": ""2026-09-21T08:19:36+08:00"", ""run_id"": ""RUN_20260921_081936""}",亚运女足,FROZEN_PREMATCH_DECISION,C,,"[""STARTED_DECISION_LOCKED""]",8e1d60d8599ad16188ec,True,False,阻上/诱下,MARKET_MOVE_DEEPER_WITH_GIVING_WATER_RISE,giving,朝鲜女足,0.89,1.5,韩国女足(中),receiving,0.81,朝鲜女足,giving,-1.5,0.89,"{""W"": 0.59375, ""HW"": 0.0, ""P"": 0.0, ""HL"": 0.0, ""L"": 0.40625}",0.1221875,-0.15988281543360833,-0.09597791513164539,0.12665789639644498,0.3286813444167792,0.3830537054842021,0.7732,"{""team"": ""朝鲜女足"", ""water"": 0.89, ""EV_mean"": 0.1221875, ""EV_p10"": -0.09371176573539247, ""P_EV_gt_0"": 0.77, ""status"": ""DIAGNOSTIC_ONLY""}","{""team"": ""韩国女足(中)"", ""water"": 0.81, ""EV_mean"": -0.26468749999999996, ""EV_p10"": -0.4562508936109312, ""P_EV_gt_0"": 0.0482, ""status"": ""DIAGNOSTIC_ONLY""}",V4_DIRECTION_FIXED_R1,,,,,,,,
3088016,2026-09-21,2026-09-21T15:00:00+08:00,2026-09-21T15:00:00+08:00,v4-market-dirichlet-20260913,V4_DIRECTION_FIXED_R1,V4_DIRECTION_FIXED_R1,RUN_20260921_081936,2026-09-21T08:20:31.444281+08:00,2026-09-21T08:19:36+08:00,2026-09-21T08:19:36+08:00,0.015,6.658,6.673,False,True,93edeb8e53dc1d6ee926,,prior-2026-09-21-v1,"{""snapshot_id"": ""snapshot"", ""source"": ""LEGACY_RAW_FIELD_EXPORT"", ""observed_at"": ""2026-09-21T08:20:31.444281+08:00"", ""home_team"": ""中国女足(中)"", ""away_team"": ""菲律宾女足"", ""competition"": ""亚运女足"", ""home_handicap_signed"": 1.75, ""away_handicap_signed"": -1.75, ""home_water_hk"": 0.5, ""away_water_hk"": 1.25, ""titan_home_handicap_signed"": 1.75, ""titan_away_handicap_signed"": -1.75, ""giving_team"": ""中国女足(中)"", ""receiving_team"": ""菲律宾女足"", ""giving_water"": 0.5, ""receiving_water"": 1.25, ""side_identity"": ""Titan signed AH"", ""quote_at"": ""2026-09-21T08:19:36+08:00"", ""last_confirmed_at"": ""2026-09-21T08:19:36+08:00"", ""run_id"": ""RUN_20260921_081936""}",亚运女足,FROZEN_PREMATCH_DECISION,C,,"[""STARTED_DECISION_LOCKED""]",c5af82299caa52a1a3c2,True,False,真实示弱/阻下,FLAT_LINE_GIVING_WATER_DROP,receiving,菲律宾女足,1.25,1.75,中国女足(中),giving,0.5,菲律宾女足,receiving,1.75,1.25,"{""W"": 0.4, ""HW"": 0.0, ""P"": 0.0, ""HL"": 0.2857142857142857, ""L"": 0.3142857142857143}",0.04285714285714287,-0.2302455117849463,-0.17545734846241923,0.04537103793692948,0.26960391905328485,0.324851851454518,0.6042,"{""team"": ""中国女足(中)"", ""water"": 0.5, ""EV_mean"": -0.17142857142857146, ""EV_p10"": -0.3205695620731014, ""P_EV_gt_0"": 0.065, ""status"": ""DIAGNOSTIC_ONLY""}","{""team"": ""菲律宾女足"", ""water"": 1.25, ""EV_mean"": 0.04285714285714287, ""EV_p10"": -0.17492429060492073, ""P_EV_gt_0"": 0.596, ""status"": ""DIAGNOSTIC_ONLY""}",V4_DIRECTION_FIXED_R1,,,,,,,,
3088017,2026-09-21,2026-09-21T15:00:00+08:00,2026-09-21T15:00:00+08:00,v4-market-dirichlet-20260913,V4_DIRECTION_FIXED_R1,V4_DIRECTION_FIXED_R1,RUN_20260921_081936,2026-09-21T08:20:31.444281+08:00,2026-09-21T08:19:36+08:00,2026-09-21T08:19:36+08:00,0.015,6.658,6.673,False,True,933ac90a9e64ab277404,,prior-2026-09-21-v1,"{""snapshot_id"": ""snapshot"", ""source"": ""LEGACY_RAW_FIELD_EXPORT"", ""observed_at"": ""2026-09-21T08:20:31.444281+08:00"", ""home_team"": ""乌兹别克斯坦女足(中)"", ""away_team"": ""中国香港女足"", ""competition"": ""亚运女足"", ""home_handicap_signed"": 1.75, ""away_handicap_signed"": -1.75, ""home_water_hk"": 0.8, ""away_water_hk"": 0.9, ""titan_home_handicap_signed"": 1.75, ""titan_away_handicap_signed"": -1.75, ""giving_team"": ""乌兹别克斯坦女足(中)"", ""receiving_team"": ""中国香港女足"", ""giving_water"": 0.8, ""receiving_water"": 0.9, ""side_identity"": ""Titan signed AH"", ""quote_at"": ""2026-09-21T08:19:36+08:00"", ""last_confirmed_at"": ""2026-09-21T08:19:36+08:00"", ""run_id"": ""RUN_20260921_081936""}",亚运女足,FROZEN_PREMATCH_DECISION,N,,"[""STARTED_DECISION_LOCKED""]",6c8f1d2ddf8a27ca1d67,True,False,真实示强/阻上,MARKET_MOVE_LINE_STRENGTH_WITH_GIVING_RESISTANCE,giving,乌兹别克斯坦女足(中),0.8,1.75,中国香港女足,receiving,0.9,乌兹别克斯坦女足(中),giving,-1.75,0.8,"{""W"": 0.3142857142857143, ""HW"": 0.2857142857142857, ""P"": 0.0, ""HL"": 0.0, ""L"": 0.4}",-0.03428571428571431,-0.2577521519106268,-0.20947956432468606,-0.03369608056513956,0.14189132947277788,0.18732028041664261,0.4002,"{""team"": ""乌兹别克斯坦女足(中)"", ""water"": 0.8, ""EV_mean"": -0.03428571428571431, ""EV_p10"": -0.20816593153871088, ""P_EV_gt_0"": 0.3964, ""status"": ""DIAGNOSTIC_ONLY""}","{""team"": ""中国香港女足"", ""water"": 0.9, ""EV_mean"": -0.09714285714285709, ""EV_p10"": -0.27541375454663897, ""P_EV_gt_0"": 0.2392, ""status"": ""DIAGNOSTIC_ONLY""}",V4_DIRECTION_FIXED_R1,,,,,,,,
3089768,2026-09-21,2026-09-21T15:00:00+08:00,2026-09-21T15:00:00+08:00,v4-market-dirichlet-20260913,V4_DIRECTION_FIXED_R1,V4_DIRECTION_FIXED_R1,RUN_20260921_081936,2026-09-21T08:20:31.444281+08:00,2026-09-21T08:19:36+08:00,2026-09-21T08:19:36+08:00,0.015,6.658,6.673,False,False,f737dd2f4a3a4e0348e2,,prior-2026-09-21-v1,"{""snapshot_id"": ""snapshot"", ""source"": ""LEGACY_RAW_FIELD_EXPORT"", ""observed_at"": ""2026-09-21T08:20:31.444281+08:00"", ""home_team"": ""斐济"", ""away_team"": ""瓦努阿图"", ""competition"": ""首相杯"", ""home_handicap_signed"": null, ""away_handicap_signed"": null, ""home_water_hk"": null, ""away_water_hk"": null, ""quote_at"": ""2026-09-21T08:19:36+08:00"", ""last_confirmed_at"": ""2026-09-21T08:19:36+08:00"", ""run_id"": ""RUN_20260921_081936""}",首相杯,NOT_PREMATCH,,,"[""STARTED_DECISION_LOCKED""]",74c90231d6132b3e18f7,True,False,平衡盘/等待临场确认,,neutral,,,,,,,,,,,,,,,,,,,,,,,,,,,,,
3089001,2026-09-21,2026-09-21T19:00:00+08:00,2026-09-21T19:00:00+08:00,v4-market-dirichlet-20260913,V4_DIRECTION_FIXED_R1,V4_DIRECTION_FIXED_R1,RUN_20260921_081936,2026-09-21T08:20:31.444281+08:00,2026-09-21T08:19:36+08:00,2026-09-21T08:19:36+08:00,0.015,10.658,10.673,False,False,ef37d1a2dc13e66d21a2,,prior-2026-09-21-v1,"{""snapshot_id"": ""snapshot"", ""source"": ""LEGACY_RAW_FIELD_EXPORT"", ""observed_at"": ""2026-09-21T08:20:31.444281+08:00"", ""home_team"": ""西部科布多"", ""away_team"": ""伊尔赤姆"", ""competition"": ""蒙古超"", ""home_handicap_signed"": null, ""away_handicap_signed"": null, ""home_water_hk"": null, ""away_water_hk"": null, ""quote_at"": ""2026-09-21T08:19:36+08:00"", ""last_confirmed_at"": ""2026-09-21T08:19:36+08:00"", ""run_id"": ""RUN_20260921_081936""}",蒙古超,MISSING_DATA,,,"[""STARTED_DECISION_LOCKED""]",4f79fb4da8fa7667fb18,True,False,,,,,,,,,,,,,,,,,,,,,,,,,,,,,,,,
3093719,2026-09-21,2026-09-21T16:00:00+08:00,2026-09-21T16:00:00+08:00,v4-market-dirichlet-20260913,V4_DIRECTION_FIXED_R1,V4_DIRECTION_FIXED_R1,RUN_20260921_161540,2026-09-21T16:16:51.427975+08:00,2026-09-21T16:15:41+08:00,2026-09-21T16:15:41+08:00,0.02,-0.281,-0.261,False,False,,,prior-2026-09-21-v1,"{""snapshot_id"": ""snapshot"", ""source"": ""LEGACY_RAW_FIELD_EXPORT"", ""observed_at"": ""2026-09-21T16:16:51.427975+08:00"", ""home_team"": ""鲁根FC"", ""away_team"": ""哈尔足球俱乐部"", ""competition"": ""印班超"", ""home_handicap_signed"": null, ""away_handicap_signed"": null, ""home_water_hk"": null, ""away_water_hk"": null, ""quote_at"": ""2026-09-21T16:15:41+08:00"", ""last_confirmed_at"": ""2026-09-21T16:15:41+08:00"", ""run_id"": ""RUN_20260921_161540""}",印班超,NOT_PREMATCH,,,"[""MATCH_NOT_PREMATCH""]",ef450dbe2c68d72ce828,,False,,,,,,,,,,,,,,,,,,,,,,,,,,,,,,,,
3093724,2026-09-21,2026-09-21T16:00:00+08:00,2026-09-21T16:00:00+08:00,v4-market-dirichlet-20260913,V4_DIRECTION_FIXED_R1,V4_DIRECTION_FIXED_R1,RUN_20260921_161540,2026-09-21T16:16:51.427975+08:00,2026-09-21T16:15:41+08:00,2026-09-21T16:15:41+08:00,0.02,-0.281,-0.261,False,False,,,prior-2026-09-21-v1,"{""snapshot_id"": ""snapshot"", ""source"": ""LEGACY_RAW_FIELD_EXPORT"", ""observed_at"": ""2026-09-21T16:16:51.427975+08:00"", ""home_team"": ""普里斯堤纳U19"", ""away_team"": ""特雷普查89 U19"", ""competition"": ""科索U19"", ""home_handicap_signed"": null, ""away_handicap_signed"": null, ""home_water_hk"": null, ""away_water_hk"": null, ""quote_at"": ""2026-09-21T16:15:41+08:00"", ""last_confirmed_at"": ""2026-09-21T16:15:41+08:00"", ""run_id"": ""RUN_20260921_161540""}",科索U19,NOT_PREMATCH,,,"[""MATCH_NOT_PREMATCH""]",0f6b3a308d0732f32c2e,,False,,,,,,,,,,,,,,,,,,,,,,,,,,,,,,,,
3093117,2026-09-21,2026-09-21T11:00:00+08:00,2026-09-21T11:00:00+08:00,v4-market-dirichlet-20260913,V4_DIRECTION_FIXED_R1,V4_DIRECTION_FIXED_R1,RUN_20260921_081936,2026-09-21T08:20:31.444281+08:00,2026-09-21T08:19:36+08:00,2026-09-21T08:19:36+08:00,0.015,2.658,2.673,False,False,1525809e9aad3429ee49,,prior-2026-09-21-v1,"{""snapshot_id"": ""snapshot"", ""source"": ""LEGACY_RAW_FIELD_EXPORT"", ""observed_at"": ""2026-09-21T08:20:31.444281+08:00"", ""home_team"": ""新潟特选队U17"", ""away_team"": ""缅甸U17"", ""competition"": ""国际友谊"", ""home_handicap_signed"": null, ""away_handicap_signed"": null, ""home_water_hk"": null, ""away_water_hk"": null, ""quote_at"": ""2026-09-21T08:19:36+08:00"", ""last_confirmed_at"": ""2026-09-21T08:19:36+08:00"", ""run_id"": ""RUN_20260921_081936""}",国际友谊,NOT_PREMATCH,,,"[""STARTED_DECISION_LOCKED""]",54edf5fefab79eefef2d,True,False,,,,,,,,,,,,,,,,,,,,,,,,,,,,,,,,
3056033,2026-09-21,2026-09-21T17:00:00+08:00,2026-09-21T17:00:00+08:00,v4-market-dirichlet-20260913,V4_DIRECTION_FIXED_R1,V4_DIRECTION_FIXED_R1,RUN_20260921_161540,2026-09-21T16:16:51.427975+08:00,2026-09-21T16:15:41+08:00,2026-09-21T16:15:41+08:00,0.02,0.719,0.739,False,False,e2875b6a327f4a732588,,prior-2026-09-21-v1,"{""snapshot_id"": ""snapshot"", ""source"": ""LEGACY_RAW_FIELD_EXPORT"", ""observed_at"": ""2026-09-21T16:16:51.427975+08:00"", ""home_team"": ""卡帕提U21"", ""away_team"": ""维勒斯U21"", ""competition"": ""乌克U21"", ""home_handicap_signed"": null, ""away_handicap_signed"": null, ""home_water_hk"": null, ""away_water_hk"": null, ""quote_at"": ""2026-09-21T16:15:41+08:00"", ""last_confirmed_at"": ""2026-09-21T16:15:41+08:00"", ""run_id"": ""RUN_20260921_161540""}",乌克U21,MISSING_DATA,,,"[""REQUIRED_MARKET_INPUT_MISSING""]",80db270ea806b0855fd1,,False,,,,,,,,,,,,,,,,,,,,,,,,,,,,,,,,
3056036,2026-09-21,2026-09-21T17:00:00+08:00,2026-09-21T17:00:00+08:00,v4-market-dirichlet-20260913,V4_DIRECTION_FIXED_R1,V4_DIRECTION_FIXED_R1,RUN_20260921_161540,2026-09-21T16:16:51.427975+08:00,2026-09-21T16:15:41+08:00,2026-09-21T16:15:41+08:00,0.02,0.719,0.739,False,False,048d92bbb21c9dd7e403,,prior-2026-09-21-v1,"{""snapshot_id"": ""snapshot"", ""source"": ""LEGACY_RAW_FIELD_EXPORT"", ""observed_at"": ""2026-09-21T16:16:51.427975+08:00"", ""home_team"": ""顿涅茨克矿工U21"", ""away_team"": ""LNZ切尔卡瑟U21"", ""competition"": ""乌克U21"", ""home_handicap_signed"": null, ""away_handicap_signed"": null, ""home_water_hk"": null, ""away_water_hk"": null, ""quote_at"": ""2026-09-21T16:15:41+08:00"", ""last_confirmed_at"": ""2026-09-21T16:15:41+08:00"", ""run_id"": ""RUN_20260921_161540""}",乌克U21,MISSING_DATA,,,"[""REQUIRED_MARKET_INPUT_MISSING""]",3c812698c6dd14a0331c,,False,,,,,,,,,,,,,,,,,,,,,,,,,,,,,,,,
3089651,2026-09-21,2026-09-21T17:00:00+08:00,2026-09-21T17:00:00+08:00,v4-market-dirichlet-20260913,V4_DIRECTION_FIXED_R1,V4_DIRECTION_FIXED_R1,RUN_20260921_161540,2026-09-21T16:16:51.427975+08:00,2026-09-21T16:15:41+08:00,2026-09-21T16:15:41+08:00,0.02,0.719,0.739,False,True,1478ac602cd803dc7e21,,prior-2026-09-21-v1,"{""snapshot_id"": ""snapshot"", ""source"": ""LEGACY_RAW_FIELD_EXPORT"", ""observed_at"": ""2026-09-21T16:16:51.427975+08:00"", ""home_team"": ""赞比亚U20"", ""away_team"": ""科摩罗U20"", ""competition"": ""非青杯外"", ""home_handicap_signed"": 2.0, ""away_handicap_signed"": -2.0, ""home_water_hk"": 0.99, ""away_water_hk"": 0.83, ""titan_home_handicap_signed"": 2.0, ""titan_away_handicap_signed"": -2.0, ""giving_team"": ""赞比亚U20"", ""receiving_team"": ""科摩罗U20"", ""giving_water"": 0.99, ""receiving_water"": 0.83, ""side_identity"": ""Titan signed AH"", ""quote_at"": ""2026-09-21T16:15:41+08:00"", ""last_confirmed_at"": ""2026-09-21T16:15:41+08:00"", ""run_id"": ""RUN_20260921_161540""}",非青杯外,EVALUATED,N,,"[""BUCKET_2.00"", ""SIDE_IDENTITY_VALID"", ""FLAT_LINE_GIVING_WATER_RISE""]",2756ab3d08dda554a982,,False,阻下/下盘保护,FLAT_LINE_GIVING_WATER_RISE,receiving,科摩罗U20,0.83,2.0,赞比亚U20,giving,0.99,科摩罗U20,receiving,2.0,0.83,"{""W"": 0.3125, ""HW"": 0.0, ""P"": 0.125, ""HL"": 0.0, ""L"": 0.5625}",-0.30312500000000003,-0.613983217254528,-0.5560257354924847,-0.3098586584544094,-0.026885121404818524,0.05392749612741088,0.0816,"{""team"": ""赞比亚U20"", ""water"": 0.99, ""EV_mean"": 0.244375, ""EV_p10"": -0.040364435456639425, ""P_EV_gt_0"": 0.865, ""status"": ""DIAGNOSTIC_ONLY""}","{""team"": ""科摩罗U20"", ""water"": 0.83, ""EV_mean"": -0.30312500000000003, ""EV_p10"": -0.5551763682052256, ""P_EV_gt_0"": 0.0734, ""status"": ""DIAGNOSTIC_ONLY""}",V4_DIRECTION_FIXED_R1,,,,,,,,
3044274,2026-09-21,2026-09-21T17:00:00+08:00,2026-09-21T17:00:00+08:00,v4-market-dirichlet-20260913,V4_DIRECTION_FIXED_R1,V4_DIRECTION_FIXED_R1,RUN_20260921_161540,2026-09-21T16:16:51.427975+08:00,2026-09-21T16:15:41+08:00,2026-09-21T16:15:41+08:00,0.02,0.719,0.739,False,False,729846775c09996a724f,,prior-2026-09-21-v1,"{""snapshot_id"": ""snapshot"", ""source"": ""LEGACY_RAW_FIELD_EXPORT"", ""observed_at"": ""2026-09-21T16:16:51.427975+08:00"", ""home_team"": ""SC波尔塔瓦B队"", ""away_team"": ""基辅运动"", ""competition"": ""乌克乙"", ""home_handicap_signed"": null, ""away_handicap_signed"": null, ""home_water_hk"": null, ""away_water_hk"": null, ""quote_at"": ""2026-09-21T16:15:41+08:00"", ""last_confirmed_at"": ""2026-09-21T16:15:41+08:00"", ""run_id"": ""RUN_20260921_161540""}",乌克乙,MISSING_DATA,,,"[""REQUIRED_MARKET_INPUT_MISSING""]",74d507c0083e7d21442a,,False,,,,,,,,,,,,,,,,,,,,,,,,,,,,,,,,
3093716,2026-09-21,2026-09-21T17:30:00+08:00,2026-09-21T17:30:00+08:00,v4-market-dirichlet-20260913,V4_DIRECTION_FIXED_R1,V4_DIRECTION_FIXED_R1,RUN_20260921_161540,2026-09-21T16:16:51.427975+08:00,2026-09-21T16:15:41+08:00,2026-09-21T16:15:41+08:00,0.02,1.219,1.239,False,False,,,prior-2026-09-21-v1,"{""snapshot_id"": ""snapshot"", ""source"": ""LEGACY_RAW_FIELD_EXPORT"", ""observed_at"": ""2026-09-21T16:16:51.427975+08:00"", ""home_team"": ""米利姆SC"", ""away_team"": ""梅加拉亚邦警察"", ""competition"": ""印西隆联"", ""home_handicap_signed"": null, ""away_handicap_signed"": null, ""home_water_hk"": null, ""away_water_hk"": null, ""quote_at"": ""2026-09-21T16:15:41+08:00"", ""last_confirmed_at"": ""2026-09-21T16:15:41+08:00"", ""run_id"": ""RUN_20260921_161540""}",印西隆联,MISSING_DATA,,,"[""REQUIRED_MARKET_INPUT_MISSING""]",47dcea93f6239baaf2fc,,False,,,,,,,,,,,,,,,,,,,,,,,,,,,,,,,,
3044276,2026-09-21,2026-09-21T17:30:00+08:00,2026-09-21T17:30:00+08:00,v4-market-dirichlet-20260913,V4_DIRECTION_FIXED_R1,V4_DIRECTION_FIXED_R1,RUN_20260921_161540,2026-09-21T16:16:51.427975+08:00,2026-09-21T16:15:41+08:00,2026-09-21T16:15:41+08:00,0.02,1.219,1.239,False,False,aa60fb51b3dd84b133d1,,prior-2026-09-21-v1,"{""snapshot_id"": ""snapshot"", ""source"": ""LEGACY_RAW_FIELD_EXPORT"", ""observed_at"": ""2026-09-21T16:16:51.427975+08:00"", ""home_team"": ""佩里沃罗格"", ""away_team"": ""托尔斯蒂安"", ""competition"": ""乌克乙"", ""home_handicap_signed"": null, ""away_handicap_signed"": null, ""home_water_hk"": null, ""away_water_hk"": null, ""quote_at"": ""2026-09-21T16:15:41+08:00"", ""last_confirmed_at"": ""2026-09-21T16:15:41+08:00"", ""run_id"": ""RUN_20260921_161540""}",乌克乙,MISSING_DATA,,,"[""REQUIRED_MARKET_INPUT_MISSING""]",025e4977c1a9c3903828,,False,,,,,,,,,,,,,,,,,,,,,,,,,,,,,,,,
3056299,2026-09-21,2026-09-21T18:00:00+08:00,2026-09-21T18:00:00+08:00,v4-market-dirichlet-20260913,V4_DIRECTION_FIXED_R1,V4_DIRECTION_FIXED_R1,RUN_20260921_161540,2026-09-21T16:16:51.427975+08:00,2026-09-21T16:15:41+08:00,2026-09-21T16:15:41+08:00,0.02,1.719,1.739,False,False,6af73f439259b0860551,,prior-2026-09-21-v1,"{""snapshot_id"": ""snapshot"", ""source"": ""LEGACY_RAW_FIELD_EXPORT"", ""observed_at"": ""2026-09-21T16:16:51.427975+08:00"", ""home_team"": ""维薛拿U23"", ""away_team"": ""法伦斯U23"", ""competition"": ""葡U23"", ""home_handicap_signed"": null, ""away_handicap_signed"": null, ""home_water_hk"": null, ""away_water_hk"": null, ""quote_at"": ""2026-09-21T16:15:41+08:00"", ""last_confirmed_at"": ""2026-09-21T16:15:41+08:00"", ""run_id"": ""RUN_20260921_161540""}",葡U23,NEUTRAL,,,"[""PK_NEUTRAL_NO_GIVING_SIDE""]",8ca1497d68b839a91a84,,False,,,,,,,,,,,,,,,,,,,,,,,,,,,,,,,,
3056034,2026-09-21,2026-09-21T18:00:00+08:00,2026-09-21T18:00:00+08:00,v4-market-dirichlet-20260913,V4_DIRECTION_FIXED_R1,V4_DIRECTION_FIXED_R1,RUN_20260921_161540,2026-09-21T16:16:51.427975+08:00,2026-09-21T16:15:41+08:00,2026-09-21T16:15:41+08:00,0.02,1.719,1.739,False,False,dbb7d82a577105a5cede,,prior-2026-09-21-v1,"{""snapshot_id"": ""snapshot"", ""source"": ""LEGACY_RAW_FIELD_EXPORT"", ""observed_at"": ""2026-09-21T16:16:51.427975+08:00"", ""home_team"": ""库德里夫卡U21"", ""away_team"": ""高华尤夫卡U21"", ""competition"": ""乌克U21"", ""home_handicap_signed"": null, ""away_handicap_signed"": null, ""home_water_hk"": null, ""away_water_hk"": null, ""quote_at"": ""2026-09-21T16:15:41+08:00"", ""last_confirmed_at"": ""2026-09-21T16:15:41+08:00"", ""run_id"": ""RUN_20260921_161540""}",乌克U21,MISSING_DATA,,,"[""REQUIRED_MARKET_INPUT_MISSING""]",7e908e9d7b4759590075,,False,,,,,,,,,,,,,,,,,,,,,,,,,,,,,,,,
3069129,2026-09-21,2026-09-21T18:00:00+08:00,2026-09-21T18:00:00+08:00,v4-market-dirichlet-20260913,V4_DIRECTION_FIXED_R1,V4_DIRECTION_FIXED_R1,RUN_20260921_161540,2026-09-21T16:16:51.427975+08:00,2026-09-21T16:15:41+08:00,2026-09-21T16:15:41+08:00,0.02,1.719,1.739,False,False,,,prior-2026-09-21-v1,"{""snapshot_id"": ""snapshot"", ""source"": ""LEGACY_RAW_FIELD_EXPORT"", ""observed_at"": ""2026-09-21T16:16:51.427975+08:00"", ""home_team"": ""桑德捷斯基后备队"", ""away_team"": ""施克堡后备队"", ""competition"": ""丹后备西"", ""home_handicap_signed"": null, ""away_handicap_signed"": null, ""home_water_hk"": null, ""away_water_hk"": null, ""quote_at"": ""2026-09-21T16:15:41+08:00"", ""last_confirmed_at"": ""2026-09-21T16:15:41+08:00"", ""run_id"": ""RUN_20260921_161540""}",丹后备西,NEUTRAL,,,"[""NEUTRAL_INTENT"", ""MARKET_MOVE_BALANCED""]",ab8148337c245bad819e,,False,平衡盘/等待临场确认,,neutral,,,,,,,,,,,,,,,,,,,,,,,,,,,,,
3088004,2026-09-21,2026-09-21T18:30:00+08:00,2026-09-21T18:30:00+08:00,v4-market-dirichlet-20260913,V4_DIRECTION_FIXED_R1,V4_DIRECTION_FIXED_R1,RUN_20260921_161540,2026-09-21T16:16:51.427975+08:00,2026-09-21T16:15:41+08:00,2026-09-21T16:15:41+08:00,0.02,2.219,2.239,False,True,b3596bd9ad5fca7edb18,,prior-2026-09-21-v1,"{""snapshot_id"": ""snapshot"", ""source"": ""LEGACY_RAW_FIELD_EXPORT"", ""observed_at"": ""2026-09-21T16:16:51.427975+08:00"", ""home_team"": ""日本女足"", ""away_team"": ""中国台湾女足"", ""competition"": ""亚运女足"", ""home_handicap_signed"": 5.0, ""away_handicap_signed"": -5.0, ""home_water_hk"": 0.8, ""away_water_hk"": 0.96, ""titan_home_handicap_signed"": 5.0, ""titan_away_handicap_signed"": -5.0, ""giving_team"": ""日本女足"", ""receiving_team"": ""中国台湾女足"", ""giving_water"": 0.8, ""receiving_water"": 0.96, ""side_identity"": ""Titan signed AH"", ""quote_at"": ""2026-09-21T16:15:41+08:00"", ""last_confirmed_at"": ""2026-09-21T16:15:41+08:00"", ""run_id"": ""RUN_20260921_161540""}",亚运女足,EVALUATED,N,,"[""BUCKET_GLOBAL"", ""SIDE_IDENTITY_VALID"", ""MARKET_MOVE_LINE_STRENGTH_WITH_GIVING_RESISTANCE""]",6d7c5e18245b37628ee2,,False,真实示强/阻上,MARKET_MOVE_LINE_STRENGTH_WITH_GIVING_RESISTANCE,giving,日本女足,0.8,5.0,中国台湾女足,receiving,0.96,日本女足,giving,-5.0,0.8,"{""W"": 0.5105421686746988, ""HW"": 0.0, ""P"": 0.0286144578313253, ""HL"": 0.0, ""L"": 0.4608433734939759}",-0.05240963855421682,-0.10894548301487339,-0.09635524746577356,-0.052455570515804795,-0.008884401006466147,0.004105716507466439,0.0642,"{""team"": ""日本女足"", ""water"": 0.8, ""EV_mean"": -0.05240963855421682, ""EV_p10"": -0.09868750321610992, ""P_EV_gt_0"": 0.0642, ""status"": ""DIAGNOSTIC_ONLY""}","{""team"": ""中国台湾女足"", ""water"": 0.96, ""EV_mean"": -0.06813253012048193, ""EV_p10"": -0.11624259050490976, ""P_EV_gt_0"": 0.0362, ""status"": ""DIAGNOSTIC_ONLY""}",V4_DIRECTION_FIXED_R1,,,,,,,,
3088005,2026-09-21,2026-09-21T18:30:00+08:00,2026-09-21T18:30:00+08:00,v4-market-dirichlet-20260913,V4_DIRECTION_FIXED_R1,V4_DIRECTION_FIXED_R1,RUN_20260921_161540,2026-09-21T16:16:51.427975+08:00,2026-09-21T16:15:41+08:00,2026-09-21T16:15:41+08:00,0.02,2.219,2.239,False,True,8278bfd3463bc13b66c4,,prior-2026-09-21-v1,"{""snapshot_id"": ""snapshot"", ""source"": ""LEGACY_RAW_FIELD_EXPORT"", ""observed_at"": ""2026-09-21T16:16:51.427975+08:00"", ""home_team"": ""越南女足<font color=#880000>(中)</font>"", ""away_team"": ""泰国女足"", ""competition"": ""亚运女足"", ""home_handicap_signed"": 0.25, ""away_handicap_signed"": -0.25, ""home_water_hk"": 0.8, ""away_water_hk"": 0.96, ""titan_home_handicap_signed"": 0.25, ""titan_away_handicap_signed"": -0.25, ""giving_team"": ""越南女足<font color=#880000>(中)</font>"", ""receiving_team"": ""泰国女足"", ""giving_water"": 0.8, ""receiving_water"": 0.96, ""side_identity"": ""Titan signed AH"", ""quote_at"": ""2026-09-21T16:15:41+08:00"", ""last_confirmed_at"": ""2026-09-21T16:15:41+08:00"", ""run_id"": ""RUN_20260921_161540""}",亚运女足,EVALUATED,N,,"[""BUCKET_0.25"", ""SIDE_IDENTITY_VALID"", ""MARKET_MOVE_DEEPER_WITH_GIVING_WATER_RISE""]",b846233733c80af3bb25,,False,阻上/诱下,MARKET_MOVE_DEEPER_WITH_GIVING_WATER_RISE,giving,越南女足<font color=#880000>(中)</font>,0.8,0.25,泰国女足,receiving,0.96,越南女足<font color=#880000>(中)</font>,giving,-0.25,0.8,"{""W"": 0.4236111111111111, ""HW"": 0.0, ""P"": 0.0, ""HL"": 0.3020833333333333, ""L"": 0.2743055555555556}",-0.08645833333333333,-0.16221155864723133,-0.1451748571156968,-0.08534530305014418,-0.0266254533051285,-0.008707102696461827,0.0334,"{""team"": ""越南女足<font color=#880000>(中)</font>"", ""water"": 0.8, ""EV_mean"": -0.08645833333333333, ""EV_p10"": -0.14606946710445506, ""P_EV_gt_0"": 0.028, ""status"": ""DIAGNOSTIC_ONLY""}","{""team"": ""泰国女足"", ""water"": 0.96, ""EV_mean"": -0.015277777777777779, ""EV_p10"": -0.08005914371055506, ""P_EV_gt_0"": 0.3754, ""status"": ""DIAGNOSTIC_ONLY""}",V4_DIRECTION_FIXED_R1,,,,,,,,
3093720,2026-09-21,2026-09-21T18:30:00+08:00,2026-09-21T18:30:00+08:00,v4-market-dirichlet-20260913,V4_DIRECTION_FIXED_R1,V4_DIRECTION_FIXED_R1,RUN_20260921_161540,2026-09-21T16:16:51.427975+08:00,2026-09-21T16:15:41+08:00,2026-09-21T16:15:41+08:00,0.02,2.219,2.239,False,False,,,prior-2026-09-21-v1,"{""snapshot_id"": ""snapshot"", ""source"": ""LEGACY_RAW_FIELD_EXPORT"", ""observed_at"": ""2026-09-21T16:16:51.427975+08:00"", ""home_team"": ""ASC中心FC"", ""away_team"": ""科达古FC"", ""competition"": ""印班超"", ""home_handicap_signed"": null, ""away_handicap_signed"": null, ""home_water_hk"": null, ""away_water_hk"": null, ""quote_at"": ""2026-09-21T16:15:41+08:00"", ""last_confirmed_at"": ""2026-09-21T16:15:41+08:00"", ""run_id"": ""RUN_20260921_161540""}",印班超,MISSING_DATA,,,"[""REQUIRED_MARKET_INPUT_MISSING""]",386092a37481e70d1222,,False,,,,,,,,,,,,,,,,,,,,,,,,,,,,,,,,
3047775,2026-09-21,2026-09-21T19:00:00+08:00,2026-09-21T19:00:00+08:00,v4-market-dirichlet-20260913,V4_DIRECTION_FIXED_R1,V4_DIRECTION_FIXED_R1,RUN_20260921_161540,2026-09-21T16:16:51.427975+08:00,2026-09-21T16:15:41+08:00,2026-09-21T16:15:41+08:00,0.02,2.719,2.739,False,False,2922b9976d65a52edc9c,,prior-2026-09-21-v1,"{""snapshot_id"": ""snapshot"", ""source"": ""LEGACY_RAW_FIELD_EXPORT"", ""observed_at"": ""2026-09-21T16:16:51.427975+08:00"", ""home_team"": ""奥斯达U21"", ""away_team"": ""赫尔辛堡U21"", ""competition"": ""瑞青超南"", ""home_handicap_signed"": null, ""away_handicap_signed"": null, ""home_water_hk"": null, ""away_water_hk"": null, ""quote_at"": ""2026-09-21T16:15:41+08:00"", ""last_confirmed_at"": ""2026-09-21T16:15:41+08:00"", ""run_id"": ""RUN_20260921_161540""}",瑞青超南,MISSING_DATA,,,"[""REQUIRED_MARKET_INPUT_MISSING""]",f9a81d52c87a95f0fb9d,,False,,,,,,,,,,,,,,,,,,,,,,,,,,,,,,,,
2971094,2026-09-21,2026-09-21T19:00:00+08:00,2026-09-21T19:00:00+08:00,v4-market-dirichlet-20260913,V4_DIRECTION_FIXED_R1,V4_DIRECTION_FIXED_R1,RUN_20260921_161540,2026-09-21T16:16:51.427975+08:00,2026-09-21T16:15:41+08:00,2026-09-21T16:15:41+08:00,0.02,2.719,2.739,False,True,53821bbc5bb008c810e4,,prior-2026-09-21-v1,"{""snapshot_id"": ""snapshot"", ""source"": ""LEGACY_RAW_FIELD_EXPORT"", ""observed_at"": ""2026-09-21T16:16:51.427975+08:00"", ""home_team"": ""洛钦"", ""away_team"": ""FA共和国"", ""competition"": ""乌兹甲"", ""home_handicap_signed"": 0.75, ""away_handicap_signed"": -0.75, ""home_water_hk"": 0.74, ""away_water_hk"": 0.96, ""titan_home_handicap_signed"": 0.75, ""titan_away_handicap_signed"": -0.75, ""giving_team"": ""洛钦"", ""receiving_team"": ""FA共和国"", ""giving_water"": 0.74, ""receiving_water"": 0.96, ""side_identity"": ""Titan signed AH"", ""quote_at"": ""2026-09-21T16:15:41+08:00"", ""last_confirmed_at"": ""2026-09-21T16:15:41+08:00"", ""run_id"": ""RUN_20260921_161540""}",乌兹甲,EVALUATED,N,,"[""BUCKET_0.75"", ""SIDE_IDENTITY_VALID"", ""FLAT_LINE_GIVING_WATER_DROP""]",f2de4cd6cfb65331829a,,False,真实示弱/阻下,FLAT_LINE_GIVING_WATER_DROP,receiving,FA共和国,0.96,0.75,洛钦,giving,0.74,FA共和国,receiving,0.75,0.96,"{""W"": 0.44166666666666665, ""HW"": 0.0, ""P"": 0.0, ""HL"": 0.25833333333333336, ""L"": 0.3}",-0.005166666666666708,-0.13365719579931745,-0.10644495731266018,-0.0033590713350780677,0.0987196163661414,0.13088000119267712,0.4854,"{""team"": ""洛钦"", ""water"": 0.74, ""EV_mean"": -0.12408333333333332, ""EV_p10"": -0.2169391545919941, ""P_EV_gt_0"": 0.039, ""status"": ""DIAGNOSTIC_ONLY""}","{""team"": ""FA共和国"", ""water"": 0.96, ""EV_mean"": -0.005166666666666708, ""EV_p10"": -0.10697567454144391, ""P_EV_gt_0"": 0.472, ""status"": ""DIAGNOSTIC_ONLY""}",V4_DIRECTION_FIXED_R1,,,,,,,,
2971096,2026-09-21,2026-09-21T19:00:00+08:00,2026-09-21T19:00:00+08:00,v4-market-dirichlet-20260913,V4_DIRECTION_FIXED_R1,V4_DIRECTION_FIXED_R1,RUN_20260921_161540,2026-09-21T16:16:51.427975+08:00,2026-09-21T16:15:41+08:00,2026-09-21T16:15:41+08:00,0.02,2.719,2.739,False,True,776d095a84e65af226dd,,prior-2026-09-21-v1,"{""snapshot_id"": ""snapshot"", ""source"": ""LEGACY_RAW_FIELD_EXPORT"", ""observed_at"": ""2026-09-21T16:16:51.427975+08:00"", ""home_team"": ""柏克塔哥B队"", ""away_team"": ""休尔坦古佐"", ""competition"": ""乌兹甲"", ""home_handicap_signed"": -1.0, ""away_handicap_signed"": 1.0, ""home_water_hk"": 1.04, ""away_water_hk"": 0.66, ""titan_home_handicap_signed"": -1.0, ""titan_away_handicap_signed"": 1.0, ""giving_team"": ""休尔坦古佐"", ""receiving_team"": ""柏克塔哥B队"", ""giving_water"": 0.66, ""receiving_water"": 1.04, ""side_identity"": ""Titan signed AH"", ""quote_at"": ""2026-09-21T16:15:41+08:00"", ""last_confirmed_at"": ""2026-09-21T16:15:41+08:00"", ""run_id"": ""RUN_20260921_161540""}",乌兹甲,EVALUATED,C,,"[""BUCKET_1.00"", ""SIDE_IDENTITY_VALID"", ""FLAT_LINE_GIVING_WATER_DROP""]",1d6a527b27da515c8a9e,,False,真实示弱/阻下,FLAT_LINE_GIVING_WATER_DROP,receiving,柏克塔哥B队,1.04,1.0,休尔坦古佐,giving,0.66,柏克塔哥B队,receiving,1.0,1.04,"{""W"": 0.42105263157894735, ""HW"": 0.0, ""P"": 0.2236842105263158, ""HL"": 0.0, ""L"": 0.35526315789473684}",0.08263157894736844,-0.09002946481182877,-0.05031234006801183,0.08139976184920256,0.20986485511522623,0.250023937439672,0.7806,"{""team"": ""休尔坦古佐"", ""water"": 0.66, ""EV_mean"": -0.186578947368421, ""EV_p10"": -0.2948551108498281, ""P_EV_gt_0"": 0.012, ""status"": ""DIAGNOSTIC_ONLY""}","{""team"": ""柏克塔哥B队"", ""water"": 1.04, ""EV_mean"": 0.08263157894736844, ""EV_p10"": -0.05127162671544688, ""P_EV_gt_0"": 0.7756, ""status"": ""DIAGNOSTIC_ONLY""}",V4_DIRECTION_FIXED_R1,,,,,,,,
3093723,2026-09-21,2026-09-21T19:00:00+08:00,2026-09-21T19:00:00+08:00,v4-market-dirichlet-20260913,V4_DIRECTION_FIXED_R1,V4_DIRECTION_FIXED_R1,RUN_20260921_161540,2026-09-21T16:16:51.427975+08:00,2026-09-21T16:15:41+08:00,2026-09-21T16:15:41+08:00,0.02,2.719,2.739,False,True,,,prior-2026-09-21-v1,"{""snapshot_id"": ""snapshot"", ""source"": ""LEGACY_RAW_FIELD_EXPORT"", ""observed_at"": ""2026-09-21T16:16:51.427975+08:00"", ""home_team"": ""圣罗伦索体育会后备队"", ""away_team"": ""奥林比亚会后备队"", ""competition"": ""巴拉后备"", ""home_handicap_signed"": -2.5, ""away_handicap_signed"": 2.5, ""home_water_hk"": 0.84, ""away_water_hk"": 0.86, ""titan_home_handicap_signed"": -2.5, ""titan_away_handicap_signed"": 2.5, ""giving_team"": ""奥林比亚会后备队"", ""receiving_team"": ""圣罗伦索体育会后备队"", ""giving_water"": 0.86, ""receiving_water"": 0.84, ""side_identity"": ""Titan signed AH"", ""quote_at"": ""2026-09-21T16:15:41+08:00"", ""last_confirmed_at"": ""2026-09-21T16:15:41+08:00"", ""run_id"": ""RUN_20260921_161540""}",巴拉后备,EVALUATED,A,,"[""BUCKET_2.50"", ""SIDE_IDENTITY_VALID"", ""FLAT_LINE_GIVING_WATER_RISE""]",b029928eb38abc06140a,,False,阻下/下盘保护,FLAT_LINE_GIVING_WATER_RISE,receiving,圣罗伦索体育会后备队,0.84,2.5,奥林比亚会后备队,giving,0.86,圣罗伦索体育会后备队,receiving,2.5,0.84,"{""W"": 0.8181818181818182, ""HW"": 0.0, ""P"": 0.0, ""HL"": 0.0, ""L"": 0.18181818181818182}",0.5054545454545454,0.10781477197309991,0.21460295493981552,0.5385759197780673,0.7338685026265794,0.7675640660910182,0.976,"{""team"": ""奥林比亚会后备队"", ""water"": 0.86, ""EV_mean"": -0.6618181818181819, ""EV_p10"": -0.8951636004039222, ""P_EV_gt_0"": 0.0086, ""status"": ""DIAGNOSTIC_ONLY""}","{""team"": ""圣罗伦索体育会后备队"", ""water"": 0.84, ""EV_mean"": 0.5054545454545454, ""EV_p10"": 0.22310752032494785, ""P_EV_gt_0"": 0.9798, ""status"": ""DIAGNOSTIC_ONLY""}",V4_DIRECTION_FIXED_R1,,,,,,,,
3093721,2026-09-21,2026-09-21T19:00:00+08:00,2026-09-21T19:00:00+08:00,v4-market-dirichlet-20260913,V4_DIRECTION_FIXED_R1,V4_DIRECTION_FIXED_R1,RUN_20260921_161540,2026-09-21T16:16:51.427975+08:00,2026-09-21T16:15:41+08:00,2026-09-21T16:15:41+08:00,0.02,2.719,2.739,False,False,,,prior-2026-09-21-v1,"{""snapshot_id"": ""snapshot"", ""source"": ""LEGACY_RAW_FIELD_EXPORT"", ""observed_at"": ""2026-09-21T16:16:51.427975+08:00"", ""home_team"": ""ZFK米卢塔尼亚克女足"", ""away_team"": ""ZFK TSC女足"", ""competition"": ""塞尔女甲"", ""home_handicap_signed"": null, ""away_handicap_signed"": null, ""home_water_hk"": null, ""away_water_hk"": null, ""quote_at"": ""2026-09-21T16:15:41+08:00"", ""last_confirmed_at"": ""2026-09-21T16:15:41+08:00"", ""run_id"": ""RUN_20260921_161540""}",塞尔女甲,MISSING_DATA,,,"[""REQUIRED_MARKET_INPUT_MISSING""]",4889ee9ef10de489f587,,False,,,,,,,,,,,,,,,,,,,,,,,,,,,,,,,,
3048104,2026-09-21,2026-09-21T19:30:00+08:00,2026-09-21T19:30:00+08:00,v4-market-dirichlet-20260913,V4_DIRECTION_FIXED_R1,V4_DIRECTION_FIXED_R1,RUN_20260921_161540,2026-09-21T16:16:51.427975+08:00,2026-09-21T16:15:41+08:00,2026-09-21T16:15:41+08:00,0.02,3.219,3.239,False,False,6dcfb004d949975d2e9b,,prior-2026-09-21-v1,"{""snapshot_id"": ""snapshot"", ""source"": ""LEGACY_RAW_FIELD_EXPORT"", ""observed_at"": ""2026-09-21T16:16:51.427975+08:00"", ""home_team"": ""安德拉尼克"", ""away_team"": ""勒那因"", ""competition"": ""阿美甲"", ""home_handicap_signed"": null, ""away_handicap_signed"": null, ""home_water_hk"": null, ""away_water_hk"": null, ""quote_at"": ""2026-09-21T16:15:41+08:00"", ""last_confirmed_at"": ""2026-09-21T16:15:41+08:00"", ""run_id"": ""RUN_20260921_161540""}",阿美甲,MISSING_DATA,,,"[""REQUIRED_MARKET_INPUT_MISSING""]",c7c9695444fd91a4acb5,,False,,,,,,,,,,,,,,,,,,,,,,,,,,,,,,,,
3048105,2026-09-21,2026-09-21T19:30:00+08:00,2026-09-21T19:30:00+08:00,v4-market-dirichlet-20260913,V4_DIRECTION_FIXED_R1,V4_DIRECTION_FIXED_R1,RUN_20260921_161540,2026-09-21T16:16:51.427975+08:00,2026-09-21T16:15:41+08:00,2026-09-21T16:15:41+08:00,0.02,3.219,3.239,False,False,2812b3a5c997d5000499,,prior-2026-09-21-v1,"{""snapshot_id"": ""snapshot"", ""source"": ""LEGACY_RAW_FIELD_EXPORT"", ""observed_at"": ""2026-09-21T16:16:51.427975+08:00"", ""home_team"": ""阿拉拉特"", ""away_team"": ""BKMA B队"", ""competition"": ""阿美甲"", ""home_handicap_signed"": null, ""away_handicap_signed"": null, ""home_water_hk"": null, ""away_water_hk"": null, ""quote_at"": ""2026-09-21T16:15:41+08:00"", ""last_confirmed_at"": ""2026-09-21T16:15:41+08:00"", ""run_id"": ""RUN_20260921_161540""}",阿美甲,MISSING_DATA,,,"[""REQUIRED_MARKET_INPUT_MISSING""]",06565a25676984ed6706,,False,,,,,,,,,,,,,,,,,,,,,,,,,,,,,,,,
3048110,2026-09-21,2026-09-21T19:30:00+08:00,2026-09-21T19:30:00+08:00,v4-market-dirichlet-20260913,V4_DIRECTION_FIXED_R1,V4_DIRECTION_FIXED_R1,RUN_20260921_161540,2026-09-21T16:16:51.427975+08:00,2026-09-21T16:15:41+08:00,2026-09-21T16:15:41+08:00,0.02,3.219,3.239,False,False,7ff8dc6636f85fedc342,,prior-2026-09-21-v1,"{""snapshot_id"": ""snapshot"", ""source"": ""LEGACY_RAW_FIELD_EXPORT"", ""observed_at"": ""2026-09-21T16:16:51.427975+08:00"", ""home_team"": ""舒拉克B队"", ""away_team"": ""诺亚B队"", ""competition"": ""阿美甲"", ""home_handicap_signed"": null, ""away_handicap_signed"": null, ""home_water_hk"": null, ""away_water_hk"": null, ""quote_at"": ""2026-09-21T16:15:41+08:00"", ""last_confirmed_at"": ""2026-09-21T16:15:41+08:00"", ""run_id"": ""RUN_20260921_161540""}",阿美甲,MISSING_DATA,,,"[""REQUIRED_MARKET_INPUT_MISSING""]",1794b459add66d05fd6f,,False,,,,,,,,,,,,,,,,,,,,,,,,,,,,,,,,
3093213,2026-09-21,2026-09-21T19:30:00+08:00,2026-09-21T19:30:00+08:00,v4-market-dirichlet-20260913,V4_DIRECTION_FIXED_R1,V4_DIRECTION_FIXED_R1,RUN_20260921_161540,2026-09-21T16:16:51.427975+08:00,2026-09-21T16:15:41+08:00,2026-09-21T16:15:41+08:00,0.02,3.219,3.239,False,False,7029a18c45f8e2890aaf,,prior-2026-09-21-v1,"{""snapshot_id"": ""snapshot"", ""source"": ""LEGACY_RAW_FIELD_EXPORT"", ""observed_at"": ""2026-09-21T16:16:51.427975+08:00"", ""home_team"": ""辽宁盛京新锐"", ""away_team"": ""榆林矿工旅投"", ""competition"": ""中冠"", ""home_handicap_signed"": null, ""away_handicap_signed"": null, ""home_water_hk"": null, ""away_water_hk"": null, ""quote_at"": ""2026-09-21T16:15:41+08:00"", ""last_confirmed_at"": ""2026-09-21T16:15:41+08:00"", ""run_id"": ""RUN_20260921_161540""}",中冠,MISSING_DATA,,,"[""REQUIRED_MARKET_INPUT_MISSING""]",796fdbc792b5b2762471,,False,,,,,,,,,,,,,,,,,,,,,,,,,,,,,,,,
3092625,2026-09-21,2026-09-21T19:30:00+08:00,2026-09-21T19:30:00+08:00,v4-market-dirichlet-20260913,V4_DIRECTION_FIXED_R1,V4_DIRECTION_FIXED_R1,RUN_20260921_161540,2026-09-21T16:16:51.427975+08:00,2026-09-21T16:15:41+08:00,2026-09-21T16:15:41+08:00,0.02,3.219,3.239,False,False,ea67587be92d623ad7a0,,prior-2026-09-21-v1,"{""snapshot_id"": ""snapshot"", ""source"": ""LEGACY_RAW_FIELD_EXPORT"", ""observed_at"": ""2026-09-21T16:16:51.427975+08:00"", ""home_team"": ""塞穆格昂仁"", ""away_team"": ""哈沃尔罕"", ""competition"": ""乌兹职联"", ""home_handicap_signed"": null, ""away_handicap_signed"": null, ""home_water_hk"": null, ""away_water_hk"": null, ""quote_at"": ""2026-09-21T16:15:41+08:00"", ""last_confirmed_at"": ""2026-09-21T16:15:41+08:00"", ""run_id"": ""RUN_20260921_161540""}",乌兹职联,MISSING_DATA,,,"[""REQUIRED_MARKET_INPUT_MISSING""]",d394030d6c21cb206c54,,False,,,,,,,,,,,,,,,,,,,,,,,,,,,,,,,,
3087355,2026-09-21,2026-09-21T19:30:00+08:00,2026-09-21T19:30:00+08:00,v4-market-dirichlet-20260913,V4_DIRECTION_FIXED_R1,V4_DIRECTION_FIXED_R1,RUN_20260921_161540,2026-09-21T16:16:51.427975+08:00,2026-09-21T16:15:41+08:00,2026-09-21T16:15:41+08:00,0.02,3.219,3.239,False,False,7cc7fdcb562f7bf9406e,,prior-2026-09-21-v1,"{""snapshot_id"": ""snapshot"", ""source"": ""LEGACY_RAW_FIELD_EXPORT"", ""observed_at"": ""2026-09-21T16:16:51.427975+08:00"", ""home_team"": ""北京国安U21"", ""away_team"": ""深圳新鹏城U21"", ""competition"": ""中U21"", ""home_handicap_signed"": null, ""away_handicap_signed"": null, ""home_water_hk"": null, ""away_water_hk"": null, ""quote_at"": ""2026-09-21T16:15:41+08:00"", ""last_confirmed_at"": ""2026-09-21T16:15:41+08:00"", ""run_id"": ""RUN_20260921_161540""}",中U21,MISSING_DATA,,,"[""REQUIRED_MARKET_INPUT_MISSING""]",4c89ad5dcbd2826cb79b,,False,,,,,,,,,,,,,,,,,,,,,,,,,,,,,,,,
3087356,2026-09-21,2026-09-21T19:30:00+08:00,2026-09-21T19:30:00+08:00,v4-market-dirichlet-20260913,V4_DIRECTION_FIXED_R1,V4_DIRECTION_FIXED_R1,RUN_20260921_161540,2026-09-21T16:16:51.427975+08:00,2026-09-21T16:15:41+08:00,2026-09-21T16:15:41+08:00,0.02,3.219,3.239,False,False,7ee6692291491eb578c5,,prior-2026-09-21-v1,"{""snapshot_id"": ""snapshot"", ""source"": ""LEGACY_RAW_FIELD_EXPORT"", ""observed_at"": ""2026-09-21T16:16:51.427975+08:00"", ""home_team"": ""广东广州豹U21"", ""away_team"": ""山东泰山U21"", ""competition"": ""中U21"", ""home_handicap_signed"": null, ""away_handicap_signed"": null, ""home_water_hk"": null, ""away_water_hk"": null, ""quote_at"": ""2026-09-21T16:15:41+08:00"", ""last_confirmed_at"": ""2026-09-21T16:15:41+08:00"", ""run_id"": ""RUN_20260921_161540""}",中U21,MISSING_DATA,,,"[""REQUIRED_MARKET_INPUT_MISSING""]",d495e79f87c0b5b51f98,,False,,,,,,,,,,,,,,,,,,,,,,,,,,,,,,,,
2966495,2026-09-21,2026-09-21T20:00:00+08:00,2026-09-21T20:00:00+08:00,v4-market-dirichlet-20260913,V4_DIRECTION_FIXED_R1,V4_DIRECTION_FIXED_R1,RUN_20260921_161540,2026-09-21T16:16:51.427975+08:00,2026-09-21T16:15:41+08:00,2026-09-21T16:15:41+08:00,0.02,3.719,3.739,False,False,41bbbd310bec63992014,,prior-2026-09-21-v1,"{""snapshot_id"": ""snapshot"", ""source"": ""LEGACY_RAW_FIELD_EXPORT"", ""observed_at"": ""2026-09-21T16:16:51.427975+08:00"", ""home_team"": ""奥布宁斯克"", ""away_team"": ""阿华加德"", ""competition"": ""俄乙B中"", ""home_handicap_signed"": null, ""away_handicap_signed"": null, ""home_water_hk"": null, ""away_water_hk"": null, ""quote_at"": ""2026-09-21T16:15:41+08:00"", ""last_confirmed_at"": ""2026-09-21T16:15:41+08:00"", ""run_id"": ""RUN_20260921_161540""}",俄乙B中,MISSING_DATA,,,"[""REQUIRED_MARKET_INPUT_MISSING""]",49bb9a9f25a90aa753e7,,False,,,,,,,,,,,,,,,,,,,,,,,,,,,,,,,,
3089652,2026-09-21,2026-09-21T20:00:00+08:00,2026-09-21T20:00:00+08:00,v4-market-dirichlet-20260913,V4_DIRECTION_FIXED_R1,V4_DIRECTION_FIXED_R1,RUN_20260921_161540,2026-09-21T16:16:51.427975+08:00,2026-09-21T16:15:41+08:00,2026-09-21T16:15:41+08:00,0.02,3.719,3.739,False,False,342036fd5aeaab427b94,,prior-2026-09-21-v1,"{""snapshot_id"": ""snapshot"", ""source"": ""LEGACY_RAW_FIELD_EXPORT"", ""observed_at"": ""2026-09-21T16:16:51.427975+08:00"", ""home_team"": ""博茨瓦纳U20"", ""away_team"": ""马拉维U20"", ""competition"": ""非青杯外"", ""home_handicap_signed"": null, ""away_handicap_signed"": null, ""home_water_hk"": null, ""away_water_hk"": null, ""quote_at"": ""2026-09-21T16:15:41+08:00"", ""last_confirmed_at"": ""2026-09-21T16:15:41+08:00"", ""run_id"": ""RUN_20260921_161540""}",非青杯外,MISSING_DATA,,,"[""REQUIRED_MARKET_INPUT_MISSING""]",95cd33aeb20d6fc8179c,,False,,,,,,,,,,,,,,,,,,,,,,,,,,,,,,,,
3092191,2026-09-21,2026-09-21T20:00:00+08:00,2026-09-21T20:00:00+08:00,v4-market-dirichlet-20260913,V4_DIRECTION_FIXED_R1,V4_DIRECTION_FIXED_R1,RUN_20260921_161540,2026-09-21T16:16:51.427975+08:00,2026-09-21T16:15:41+08:00,2026-09-21T16:15:41+08:00,0.02,3.719,3.739,False,False,806a1fc59969cd52b8e2,,prior-2026-09-21-v1,"{""snapshot_id"": ""snapshot"", ""source"": ""LEGACY_RAW_FIELD_EXPORT"", ""observed_at"": ""2026-09-21T16:16:51.427975+08:00"", ""home_team"": ""廷布FC"", ""away_team"": ""乌金学院"", ""competition"": ""不丹廷联"", ""home_handicap_signed"": null, ""away_handicap_signed"": null, ""home_water_hk"": null, ""away_water_hk"": null, ""quote_at"": ""2026-09-21T16:15:41+08:00"", ""last_confirmed_at"": ""2026-09-21T16:15:41+08:00"", ""run_id"": ""RUN_20260921_161540""}",不丹廷联,MISSING_DATA,,,"[""REQUIRED_MARKET_INPUT_MISSING""]",6571fc9a8efc9d0de115,,False,,,,,,,,,,,,,,,,,,,,,,,,,,,,,,,,
3093699,2026-09-21,2026-09-21T20:00:00+08:00,2026-09-21T20:00:00+08:00,v4-market-dirichlet-20260913,V4_DIRECTION_FIXED_R1,V4_DIRECTION_FIXED_R1,RUN_20260921_161540,2026-09-21T16:16:51.427975+08:00,2026-09-21T16:15:41+08:00,2026-09-21T16:15:41+08:00,0.02,3.719,3.739,False,False,3318bd9c7949db1d8fc6,,prior-2026-09-21-v1,"{""snapshot_id"": ""snapshot"", ""source"": ""LEGACY_RAW_FIELD_EXPORT"", ""observed_at"": ""2026-09-21T16:16:51.427975+08:00"", ""home_team"": ""美达路基科U20"", ""away_team"": ""格伦维护者U20"", ""competition"": ""阿青联"", ""home_handicap_signed"": null, ""away_handicap_signed"": null, ""home_water_hk"": null, ""away_water_hk"": null, ""quote_at"": ""2026-09-21T16:15:41+08:00"", ""last_confirmed_at"": ""2026-09-21T16:15:41+08:00"", ""run_id"": ""RUN_20260921_161540""}",阿青联,MISSING_DATA,,,"[""REQUIRED_MARKET_INPUT_MISSING""]",b3fb147fa8da2799edf4,,False,,,,,,,,,,,,,,,,,,,,,,,,,,,,,,,,
3093714,2026-09-21,2026-09-21T20:00:00+08:00,2026-09-21T20:00:00+08:00,v4-market-dirichlet-20260913,V4_DIRECTION_FIXED_R1,V4_DIRECTION_FIXED_R1,RUN_20260921_161540,2026-09-21T16:16:51.427975+08:00,2026-09-21T16:15:41+08:00,2026-09-21T16:15:41+08:00,0.02,3.719,3.739,False,False,,,prior-2026-09-21-v1,"{""snapshot_id"": ""snapshot"", ""source"": ""LEGACY_RAW_FIELD_EXPORT"", ""observed_at"": ""2026-09-21T16:16:51.427975+08:00"", ""home_team"": ""D10俱乐部U20"", ""away_team"": ""蒙特格兰德圣马丁U20"", ""competition"": ""阿青联"", ""home_handicap_signed"": null, ""away_handicap_signed"": null, ""home_water_hk"": null, ""away_water_hk"": null, ""quote_at"": ""2026-09-21T16:15:41+08:00"", ""last_confirmed_at"": ""2026-09-21T16:15:41+08:00"", ""run_id"": ""RUN_20260921_161540""}",阿青联,MISSING_DATA,,,"[""REQUIRED_MARKET_INPUT_MISSING""]",441176b94c20e452fecb,,False,,,,,,,,,,,,,,,,,,,,,,,,,,,,,,,,
3059194,2026-09-21,2026-09-21T20:00:00+08:00,2026-09-21T20:00:00+08:00,v4-market-dirichlet-20260913,V4_DIRECTION_FIXED_R1,V4_DIRECTION_FIXED_R1,RUN_20260921_161540,2026-09-21T16:16:51.427975+08:00,2026-09-21T16:15:41+08:00,2026-09-21T16:15:41+08:00,0.02,3.719,3.739,False,True,c4b66034d9f4398bd925,,prior-2026-09-21-v1,"{""snapshot_id"": ""snapshot"", ""source"": ""LEGACY_RAW_FIELD_EXPORT"", ""observed_at"": ""2026-09-21T16:16:51.427975+08:00"", ""home_team"": ""保顿U21"", ""away_team"": ""昆士柏流浪U21"", ""competition"": ""英乙U21"", ""home_handicap_signed"": 0.5, ""away_handicap_signed"": -0.5, ""home_water_hk"": 0.91, ""away_water_hk"": 0.79, ""titan_home_handicap_signed"": 0.5, ""titan_away_handicap_signed"": -0.5, ""giving_team"": ""保顿U21"", ""receiving_team"": ""昆士柏流浪U21"", ""giving_water"": 0.91, ""receiving_water"": 0.79, ""side_identity"": ""Titan signed AH"", ""quote_at"": ""2026-09-21T16:15:41+08:00"", ""last_confirmed_at"": ""2026-09-21T16:15:41+08:00"", ""run_id"": ""RUN_20260921_161540""}",英乙U21,EVALUATED,N,,"[""BUCKET_0.50"", ""SIDE_IDENTITY_VALID"", ""FLAT_LINE_GIVING_WATER_DROP""]",2c99a0da06da2eb4f567,,False,真实示弱/阻下,FLAT_LINE_GIVING_WATER_DROP,receiving,昆士柏流浪U21,0.79,0.5,保顿U21,giving,0.91,昆士柏流浪U21,receiving,0.5,0.79,"{""W"": 0.5028571428571429, ""HW"": 0.0, ""P"": 0.0, ""HL"": 0.0, ""L"": 0.49714285714285716}",-0.09988571428571424,-0.20954473173272198,-0.18787553717488914,-0.0997297540053454,-0.015988522608046396,0.011708365802668264,0.0666,"{""team"": ""保顿U21"", ""water"": 0.91, ""EV_mean"": -0.05045714285714287, ""EV_p10"": -0.14635550294874122, ""P_EV_gt_0"": 0.2406, ""status"": ""DIAGNOSTIC_ONLY""}","{""team"": ""昆士柏流浪U21"", ""water"": 0.79, ""EV_mean"": -0.09988571428571424, ""EV_p10"": -0.1891163947080079, ""P_EV_gt_0"": 0.0688, ""status"": ""DIAGNOSTIC_ONLY""}",V4_DIRECTION_FIXED_R1,,,,,,,,
2968255,2026-09-21,2026-09-21T20:00:00+08:00,2026-09-21T20:00:00+08:00,v4-market-dirichlet-20260913,V4_DIRECTION_FIXED_R1,V4_DIRECTION_FIXED_R1,RUN_20260921_161540,2026-09-21T16:16:51.427975+08:00,2026-09-21T16:15:41+08:00,2026-09-21T16:15:41+08:00,0.02,3.719,3.739,False,True,07eb7d994659d008fb13,,prior-2026-09-21-v1,"{""snapshot_id"": ""snapshot"", ""source"": ""LEGACY_RAW_FIELD_EXPORT"", ""observed_at"": ""2026-09-21T16:16:51.427975+08:00"", ""home_team"": ""特罗姆瑟B队"", ""away_team"": ""康斯文格B队"", ""competition"": ""挪丙"", ""home_handicap_signed"": 0.75, ""away_handicap_signed"": -0.75, ""home_water_hk"": 0.62, ""away_water_hk"": 1.08, ""titan_home_handicap_signed"": 0.75, ""titan_away_handicap_signed"": -0.75, ""giving_team"": ""特罗姆瑟B队"", ""receiving_team"": ""康斯文格B队"", ""giving_water"": 0.62, ""receiving_water"": 1.08, ""side_identity"": ""Titan signed AH"", ""quote_at"": ""2026-09-21T16:15:41+08:00"", ""last_confirmed_at"": ""2026-09-21T16:15:41+08:00"", ""run_id"": ""RUN_20260921_161540""}",挪丙,EVALUATED,C,,"[""BUCKET_0.75"", ""SIDE_IDENTITY_VALID"", ""FLAT_LINE_GIVING_WATER_DROP""]",fb754379c2e8f2fdb6a5,,False,真实示弱/阻下,FLAT_LINE_GIVING_WATER_DROP,receiving,康斯文格B队,1.08,0.75,特罗姆瑟B队,giving,0.62,康斯文格B队,receiving,0.75,1.08,"{""W"": 0.44166666666666665, ""HW"": 0.0, ""P"": 0.0, ""HL"": 0.25833333333333336, ""L"": 0.3}",0.04783333333333334,-0.0888419339976042,-0.05748570778588108,0.04914077378248405,0.1578238079857792,0.189668932354012,0.7206,"{""team"": ""特罗姆瑟B队"", ""water"": 0.62, ""EV_mean"": -0.1755833333333333, ""EV_p10"": -0.2598179676378198, ""P_EV_gt_0"": 0.0036, ""status"": ""DIAGNOSTIC_ONLY""}","{""team"": ""康斯文格B队"", ""water"": 1.08, ""EV_mean"": 0.04783333333333334, ""EV_p10"": -0.05798128237498912, ""P_EV_gt_0"": 0.715, ""status"": ""DIAGNOSTIC_ONLY""}",V4_DIRECTION_FIXED_R1,,,,,,,,
3090946,2026-09-21,2026-09-21T20:30:00+08:00,2026-09-21T20:30:00+08:00,v4-market-dirichlet-20260913,V4_DIRECTION_FIXED_R1,V4_DIRECTION_FIXED_R1,RUN_20260921_161540,2026-09-21T16:16:51.427975+08:00,2026-09-21T16:15:41+08:00,2026-09-21T16:15:41+08:00,0.02,4.219,4.239,False,False,7fb55d38be8e4eef90ed,,prior-2026-09-21-v1,"{""snapshot_id"": ""snapshot"", ""source"": ""LEGACY_RAW_FIELD_EXPORT"", ""observed_at"": ""2026-09-21T16:16:51.427975+08:00"", ""home_team"": ""费赞尼瑟"", ""away_team"": ""戈扎诺"", ""competition"": ""意丁"", ""home_handicap_signed"": null, ""away_handicap_signed"": null, ""home_water_hk"": null, ""away_water_hk"": null, ""quote_at"": ""2026-09-21T16:15:41+08:00"", ""last_confirmed_at"": ""2026-09-21T16:15:41+08:00"", ""run_id"": ""RUN_20260921_161540""}",意丁,MISSING_DATA,,,"[""REQUIRED_MARKET_INPUT_MISSING""]",491caa2f63284a2da4e3,,False,,,,,,,,,,,,,,,,,,,,,,,,,,,,,,,,
3044271,2026-09-21,2026-09-21T20:30:00+08:00,2026-09-21T20:30:00+08:00,v4-market-dirichlet-20260913,V4_DIRECTION_FIXED_R1,V4_DIRECTION_FIXED_R1,RUN_20260921_161540,2026-09-21T16:16:51.427975+08:00,2026-09-21T16:15:41+08:00,2026-09-21T16:15:41+08:00,0.02,4.219,4.239,False,False,3696ab2be3c711c90cb2,,prior-2026-09-21-v1,"{""snapshot_id"": ""snapshot"", ""source"": ""LEGACY_RAW_FIELD_EXPORT"", ""observed_at"": ""2026-09-21T16:16:51.427975+08:00"", ""home_team"": ""斯卡拉斯特里"", ""away_team"": ""维尔克希夫策"", ""competition"": ""乌克乙"", ""home_handicap_signed"": null, ""away_handicap_signed"": null, ""home_water_hk"": null, ""away_water_hk"": null, ""quote_at"": ""2026-09-21T16:15:41+08:00"", ""last_confirmed_at"": ""2026-09-21T16:15:41+08:00"", ""run_id"": ""RUN_20260921_161540""}",乌克乙,MISSING_DATA,,,"[""REQUIRED_MARKET_INPUT_MISSING""]",5068a229165964bf7bdc,,False,,,,,,,,,,,,,,,,,,,,,,,,,,,,,,,,
3093717,2026-09-21,2026-09-21T20:45:00+08:00,2026-09-21T20:45:00+08:00,v4-market-dirichlet-20260913,V4_DIRECTION_FIXED_R1,V4_DIRECTION_FIXED_R1,RUN_20260921_161540,2026-09-21T16:16:51.427975+08:00,2026-09-21T16:15:41+08:00,2026-09-21T16:15:41+08:00,0.02,4.469,4.489,False,False,,,prior-2026-09-21-v1,"{""snapshot_id"": ""snapshot"", ""source"": ""LEGACY_RAW_FIELD_EXPORT"", ""observed_at"": ""2026-09-21T16:16:51.427975+08:00"", ""home_team"": ""阿特塞拉特"", ""away_team"": ""米桑SC"", ""competition"": ""伊拉甲"", ""home_handicap_signed"": null, ""away_handicap_signed"": null, ""home_water_hk"": null, ""away_water_hk"": null, ""quote_at"": ""2026-09-21T16:15:41+08:00"", ""last_confirmed_at"": ""2026-09-21T16:15:41+08:00"", ""run_id"": ""RUN_20260921_161540""}",伊拉甲,MISSING_DATA,,,"[""REQUIRED_MARKET_INPUT_MISSING""]",438df222a93a5d5345fc,,False,,,,,,,,,,,,,,,,,,,,,,,,,,,,,,,,
3093718,2026-09-21,2026-09-21T20:45:00+08:00,2026-09-21T20:45:00+08:00,v4-market-dirichlet-20260913,V4_DIRECTION_FIXED_R1,V4_DIRECTION_FIXED_R1,RUN_20260921_161540,2026-09-21T16:16:51.427975+08:00,2026-09-21T16:15:41+08:00,2026-09-21T16:15:41+08:00,0.02,4.469,4.489,False,False,,,prior-2026-09-21-v1,"{""snapshot_id"": ""snapshot"", ""source"": ""LEGACY_RAW_FIELD_EXPORT"", ""observed_at"": ""2026-09-21T16:16:51.427975+08:00"", ""home_team"": ""卡迪米亚SC"", ""away_team"": ""阿尔胡森SC"", ""competition"": ""伊拉甲"", ""home_handicap_signed"": null, ""away_handicap_signed"": null, ""home_water_hk"": null, ""away_water_hk"": null, ""quote_at"": ""2026-09-21T16:15:41+08:00"", ""last_confirmed_at"": ""2026-09-21T16:15:41+08:00"", ""run_id"": ""RUN_20260921_161540""}",伊拉甲,MISSING_DATA,,,"[""REQUIRED_MARKET_INPUT_MISSING""]",a8ad4903b17968a0a3dd,,False,,,,,,,,,,,,,,,,,,,,,,,,,,,,,,,,
3077254,2026-09-21,2026-09-21T21:00:00+08:00,2026-09-21T21:00:00+08:00,v4-market-dirichlet-20260913,V4_DIRECTION_FIXED_R1,V4_DIRECTION_FIXED_R1,RUN_20260921_161540,2026-09-21T16:16:51.427975+08:00,2026-09-21T16:15:41+08:00,2026-09-21T16:15:41+08:00,0.02,4.719,4.739,False,False,09ee1a11a27ad9e93bff,,prior-2026-09-21-v1,"{""snapshot_id"": ""snapshot"", ""source"": ""LEGACY_RAW_FIELD_EXPORT"", ""observed_at"": ""2026-09-21T16:16:51.427975+08:00"", ""home_team"": ""皮尔戈斯"", ""away_team"": ""拉里萨"", ""competition"": ""希腊甲"", ""home_handicap_signed"": null, ""away_handicap_signed"": null, ""home_water_hk"": null, ""away_water_hk"": null, ""quote_at"": ""2026-09-21T16:15:41+08:00"", ""last_confirmed_at"": ""2026-09-21T16:15:41+08:00"", ""run_id"": ""RUN_20260921_161540""}",希腊甲,NEUTRAL,,,"[""NEUTRAL_INTENT"", ""MARKET_MOVE_BALANCED""]",7e76e4733b4b0ffea134,,False,平衡盘/等待临场确认,,neutral,,,,,,,,,,,,,,,,,,,,,,,,,,,,,
3089226,2026-09-21,2026-09-21T21:00:00+08:00,2026-09-21T21:00:00+08:00,v4-market-dirichlet-20260913,V4_DIRECTION_FIXED_R1,V4_DIRECTION_FIXED_R1,RUN_20260921_161540,2026-09-21T16:16:51.427975+08:00,2026-09-21T16:15:41+08:00,2026-09-21T16:15:41+08:00,0.02,4.719,4.739,False,False,b8c88ce797b795035c89,,prior-2026-09-21-v1,"{""snapshot_id"": ""snapshot"", ""source"": ""LEGACY_RAW_FIELD_EXPORT"", ""observed_at"": ""2026-09-21T16:16:51.427975+08:00"", ""home_team"": ""尼洛耶扎米尼"", ""away_team"": ""法尔德FC"", ""competition"": ""伊朗甲"", ""home_handicap_signed"": null, ""away_handicap_signed"": null, ""home_water_hk"": null, ""away_water_hk"": null, ""quote_at"": ""2026-09-21T16:15:41+08:00"", ""last_confirmed_at"": ""2026-09-21T16:15:41+08:00"", ""run_id"": ""RUN_20260921_161540""}",伊朗甲,MISSING_DATA,,,"[""REQUIRED_MARKET_INPUT_MISSING""]",5c1a2db06f111083860e,,False,,,,,,,,,,,,,,,,,,,,,,,,,,,,,,,,
2955873,2026-09-21,2026-09-21T21:00:00+08:00,2026-09-21T21:00:00+08:00,v4-market-dirichlet-20260913,V4_DIRECTION_FIXED_R1,V4_DIRECTION_FIXED_R1,RUN_20260921_161540,2026-09-21T16:16:51.427975+08:00,2026-09-21T16:15:41+08:00,2026-09-21T16:15:41+08:00,0.02,4.719,4.739,False,False,dd863be44c7b4ef75c0f,,prior-2026-09-21-v1,"{""snapshot_id"": ""snapshot"", ""source"": ""LEGACY_RAW_FIELD_EXPORT"", ""observed_at"": ""2026-09-21T16:16:51.427975+08:00"", ""home_team"": ""兰斯科罗纳U21"", ""away_team"": ""哈尔姆斯塔德U21"", ""competition"": ""瑞青超南"", ""home_handicap_signed"": null, ""away_handicap_signed"": null, ""home_water_hk"": null, ""away_water_hk"": null, ""quote_at"": ""2026-09-21T16:15:41+08:00"", ""last_confirmed_at"": ""2026-09-21T16:15:41+08:00"", ""run_id"": ""RUN_20260921_161540""}",瑞青超南,MISSING_DATA,,,"[""REQUIRED_MARKET_INPUT_MISSING""]",790ca9d56a467624c30e,,False,,,,,,,,,,,,,,,,,,,,,,,,,,,,,,,,
3031277,2026-09-21,2026-09-21T21:00:00+08:00,2026-09-21T21:00:00+08:00,v4-market-dirichlet-20260913,V4_DIRECTION_FIXED_R1,V4_DIRECTION_FIXED_R1,RUN_20260921_161540,2026-09-21T16:16:51.427975+08:00,2026-09-21T16:15:41+08:00,2026-09-21T16:15:41+08:00,0.02,4.719,4.739,False,True,abdabcaea3a96306160b,,prior-2026-09-21-v1,"{""snapshot_id"": ""snapshot"", ""source"": ""LEGACY_RAW_FIELD_EXPORT"", ""observed_at"": ""2026-09-21T16:16:51.427975+08:00"", ""home_team"": ""阿姆卡尔"", ""away_team"": ""莫斯科迪纳摩B队"", ""competition"": ""俄乙A"", ""home_handicap_signed"": 1.75, ""away_handicap_signed"": -1.75, ""home_water_hk"": 0.89, ""away_water_hk"": 0.87, ""titan_home_handicap_signed"": 1.75, ""titan_away_handicap_signed"": -1.75, ""giving_team"": ""阿姆卡尔"", ""receiving_team"": ""莫斯科迪纳摩B队"", ""giving_water"": 0.89, ""receiving_water"": 0.87, ""side_identity"": ""Titan signed AH"", ""quote_at"": ""2026-09-21T16:15:41+08:00"", ""last_confirmed_at"": ""2026-09-21T16:15:41+08:00"", ""run_id"": ""RUN_20260921_161540""}",俄乙A,EVALUATED,N,,"[""BUCKET_1.75"", ""SIDE_IDENTITY_VALID"", ""FLAT_LINE_GIVING_WATER_RISE""]",d2b7454d91ca8bf24f4c,,False,阻下/下盘保护,FLAT_LINE_GIVING_WATER_RISE,receiving,莫斯科迪纳摩B队,0.87,1.75,阿姆卡尔,giving,0.89,莫斯科迪纳摩B队,receiving,1.75,0.87,"{""W"": 0.4, ""HW"": 0.0, ""P"": 0.0, ""HL"": 0.2857142857142857, ""L"": 0.3142857142857143}",-0.1091428571428571,-0.32893079579853834,-0.28820139058393246,-0.11143467891711245,0.0698112575682652,0.12165387725364596,0.2128,"{""team"": ""阿姆卡尔"", ""water"": 0.89, ""EV_mean"": 0.006857142857142784, ""EV_p10"": -0.17375796597037763, ""P_EV_gt_0"": 0.5172, ""status"": ""DIAGNOSTIC_ONLY""}","{""team"": ""莫斯科迪纳摩B队"", ""water"": 0.87, ""EV_mean"": -0.1091428571428571, ""EV_p10"": -0.28355299282849855, ""P_EV_gt_0"": 0.2124, ""status"": ""DIAGNOSTIC_ONLY""}",V4_DIRECTION_FIXED_R1,,,,,,,,
2971092,2026-09-21,2026-09-21T21:00:00+08:00,2026-09-21T21:00:00+08:00,v4-market-dirichlet-20260913,V4_DIRECTION_FIXED_R1,V4_DIRECTION_FIXED_R1,RUN_20260921_161540,2026-09-21T16:16:51.427975+08:00,2026-09-21T16:15:41+08:00,2026-09-21T16:15:41+08:00,0.02,4.719,4.739,False,False,fcb2298abb8406d4b072,,prior-2026-09-21-v1,"{""snapshot_id"": ""snapshot"", ""source"": ""LEGACY_RAW_FIELD_EXPORT"", ""observed_at"": ""2026-09-21T16:16:51.427975+08:00"", ""home_team"": ""费尔干纳大学"", ""away_team"": ""布哈拉大学"", ""competition"": ""乌兹甲"", ""home_handicap_signed"": null, ""away_handicap_signed"": null, ""home_water_hk"": null, ""away_water_hk"": null, ""quote_at"": ""2026-09-21T16:15:41+08:00"", ""last_confirmed_at"": ""2026-09-21T16:15:41+08:00"", ""run_id"": ""RUN_20260921_161540""}",乌兹甲,MISSING_DATA,,,"[""REQUIRED_MARKET_INPUT_MISSING""]",da0f0edb4c00d29e15bd,,False,,,,,,,,,,,,,,,,,,,,,,,,,,,,,,,,
2971097,2026-09-21,2026-09-21T21:00:00+08:00,2026-09-21T21:00:00+08:00,v4-market-dirichlet-20260913,V4_DIRECTION_FIXED_R1,V4_DIRECTION_FIXED_R1,RUN_20260921_161540,2026-09-21T16:16:51.427975+08:00,2026-09-21T16:15:41+08:00,2026-09-21T16:15:41+08:00,0.02,4.719,4.739,False,False,94715993d4fa0939ab16,,prior-2026-09-21-v1,"{""snapshot_id"": ""snapshot"", ""source"": ""LEGACY_RAW_FIELD_EXPORT"", ""observed_at"": ""2026-09-21T16:16:51.427975+08:00"", ""home_team"": ""奇兹里克FC"", ""away_team"": ""FK加扎尔肯特"", ""competition"": ""乌兹甲"", ""home_handicap_signed"": null, ""away_handicap_signed"": null, ""home_water_hk"": null, ""away_water_hk"": null, ""quote_at"": ""2026-09-21T16:15:41+08:00"", ""last_confirmed_at"": ""2026-09-21T16:15:41+08:00"", ""run_id"": ""RUN_20260921_161540""}",乌兹甲,MISSING_DATA,,,"[""REQUIRED_MARKET_INPUT_MISSING""]",d05970c4977a43fc2ff5,,False,,,,,,,,,,,,,,,,,,,,,,,,,,,,,,,,
3089701,2026-09-21,2026-09-21T21:00:00+08:00,2026-09-21T21:00:00+08:00,v4-market-dirichlet-20260913,V4_DIRECTION_FIXED_R1,V4_DIRECTION_FIXED_R1,RUN_20260921_161540,2026-09-21T16:16:51.427975+08:00,2026-09-21T16:15:41+08:00,2026-09-21T16:15:41+08:00,0.02,4.719,4.739,False,False,b2cc1aa517426a0c2310,,prior-2026-09-21-v1,"{""snapshot_id"": ""snapshot"", ""source"": ""LEGACY_RAW_FIELD_EXPORT"", ""observed_at"": ""2026-09-21T16:16:51.427975+08:00"", ""home_team"": ""巴拉圭U19"", ""away_team"": ""乌拉圭U19"", ""competition"": ""南运男足"", ""home_handicap_signed"": null, ""away_handicap_signed"": null, ""home_water_hk"": null, ""away_water_hk"": null, ""quote_at"": ""2026-09-21T16:15:41+08:00"", ""last_confirmed_at"": ""2026-09-21T16:15:41+08:00"", ""run_id"": ""RUN_20260921_161540""}",南运男足,MISSING_DATA,,,"[""REQUIRED_MARKET_INPUT_MISSING""]",f85f8b123e9c416f693f,,False,,,,,,,,,,,,,,,,,,,,,,,,,,,,,,,,
3089645,2026-09-21,2026-09-21T21:00:00+08:00,2026-09-21T21:00:00+08:00,v4-market-dirichlet-20260913,V4_DIRECTION_FIXED_R1,V4_DIRECTION_FIXED_R1,RUN_20260921_161540,2026-09-21T16:16:51.427975+08:00,2026-09-21T16:15:41+08:00,2026-09-21T16:15:41+08:00,0.02,4.719,4.739,False,False,4694264a2f605e388cfd,,prior-2026-09-21-v1,"{""snapshot_id"": ""snapshot"", ""source"": ""LEGACY_RAW_FIELD_EXPORT"", ""observed_at"": ""2026-09-21T16:16:51.427975+08:00"", ""home_team"": ""南非U20"", ""away_team"": ""安哥拉U20"", ""competition"": ""非青杯外"", ""home_handicap_signed"": null, ""away_handicap_signed"": null, ""home_water_hk"": null, ""away_water_hk"": null, ""quote_at"": ""2026-09-21T16:15:41+08:00"", ""last_confirmed_at"": ""2026-09-21T16:15:41+08:00"", ""run_id"": ""RUN_20260921_161540""}",非青杯外,MISSING_DATA,,,"[""REQUIRED_MARKET_INPUT_MISSING""]",a9d39a3cfaa7031c076b,,False,,,,,,,,,,,,,,,,,,,,,,,,,,,,,,,,
2968071,2026-09-21,2026-09-21T21:00:00+08:00,2026-09-21T21:00:00+08:00,v4-market-dirichlet-20260913,V4_DIRECTION_FIXED_R1,V4_DIRECTION_FIXED_R1,RUN_20260921_161540,2026-09-21T16:16:51.427975+08:00,2026-09-21T16:15:41+08:00,2026-09-21T16:15:41+08:00,0.02,4.719,4.739,False,True,15ec53c0b65ace673eeb,,prior-2026-09-21-v1,"{""snapshot_id"": ""snapshot"", ""source"": ""LEGACY_RAW_FIELD_EXPORT"", ""observed_at"": ""2026-09-21T16:16:51.427975+08:00"", ""home_team"": ""奥特格宁兰B队"", ""away_team"": ""斯塔贝克B队"", ""competition"": ""挪丙"", ""home_handicap_signed"": 0.5, ""away_handicap_signed"": -0.5, ""home_water_hk"": 1.0, ""away_water_hk"": 0.7, ""titan_home_handicap_signed"": 0.5, ""titan_away_handicap_signed"": -0.5, ""giving_team"": ""奥特格宁兰B队"", ""receiving_team"": ""斯塔贝克B队"", ""giving_water"": 1.0, ""receiving_water"": 0.7, ""side_identity"": ""Titan signed AH"", ""quote_at"": ""2026-09-21T16:15:41+08:00"", ""last_confirmed_at"": ""2026-09-21T16:15:41+08:00"", ""run_id"": ""RUN_20260921_161540""}",挪丙,EVALUATED,N,,"[""BUCKET_0.50"", ""SIDE_IDENTITY_VALID"", ""MARKET_MOVE_SHALLOWER_WITH_GIVING_WATER_RESISTANCE""]",8f2b9b60cf1149059286,,False,诱上/阻下,MARKET_MOVE_SHALLOWER_WITH_GIVING_WATER_RESISTANCE,receiving,斯塔贝克B队,0.7,0.5,奥特格宁兰B队,giving,1.0,斯塔贝克B队,receiving,0.5,0.7,"{""W"": 0.5028571428571429, ""HW"": 0.0, ""P"": 0.0, ""HL"": 0.0, ""L"": 0.49714285714285716}",-0.14514285714285718,-0.25319795627195446,-0.22938322359399094,-0.14421692034182987,-0.06337907001700543,-0.041560002308741684,0.0102,"{""team"": ""奥特格宁兰B队"", ""water"": 1.0, ""EV_mean"": -0.005714285714285727, ""EV_p10"": -0.10634650191639261, ""P_EV_gt_0"": 0.4662, ""status"": ""DIAGNOSTIC_ONLY""}","{""team"": ""斯塔贝克B队"", ""water"": 0.7, ""EV_mean"": -0.14514285714285718, ""EV_p10"": -0.22753526019993042, ""P_EV_gt_0"": 0.0134, ""status"": ""DIAGNOSTIC_ONLY""}",V4_DIRECTION_FIXED_R1,,,,,,,,
3093990,2026-09-21,2026-09-21T21:00:00+08:00,2026-09-21T21:00:00+08:00,v4-market-dirichlet-20260913,V4_DIRECTION_FIXED_R1,V4_DIRECTION_FIXED_R1,RUN_20260921_161540,2026-09-21T16:16:51.427975+08:00,2026-09-21T16:15:41+08:00,2026-09-21T16:15:41+08:00,0.02,4.719,4.739,False,False,,,prior-2026-09-21-v1,"{""snapshot_id"": ""snapshot"", ""source"": ""LEGACY_RAW_FIELD_EXPORT"", ""observed_at"": ""2026-09-21T16:16:51.427975+08:00"", ""home_team"": ""ABB U19"", ""away_team"": ""圣安东尼奥布鲁布鲁U19"", ""competition"": ""玻利联U19"", ""home_handicap_signed"": null, ""away_handicap_signed"": null, ""home_water_hk"": null, ""away_water_hk"": null, ""quote_at"": ""2026-09-21T16:15:41+08:00"", ""last_confirmed_at"": ""2026-09-21T16:15:41+08:00"", ""run_id"": ""RUN_20260921_161540""}",玻利联U19,MISSING_DATA,,,"[""REQUIRED_MARKET_INPUT_MISSING""]",d4459443d10d4aa798e0,,False,,,,,,,,,,,,,,,,,,,,,,,,,,,,,,,,
3031415,2026-09-21,2026-09-21T21:30:00+08:00,2026-09-21T21:30:00+08:00,v4-market-dirichlet-20260913,V4_DIRECTION_FIXED_R1,V4_DIRECTION_FIXED_R1,RUN_20260921_161540,2026-09-21T16:16:51.427975+08:00,2026-09-21T16:15:41+08:00,2026-09-21T16:15:41+08:00,0.02,5.219,5.239,False,True,ad02ba57a1950fe4621d,,prior-2026-09-21-v1,"{""snapshot_id"": ""snapshot"", ""source"": ""LEGACY_RAW_FIELD_EXPORT"", ""observed_at"": ""2026-09-21T16:16:51.427975+08:00"", ""home_team"": ""基洛夫迪纳摩"", ""away_team"": ""索科尔萨拉托夫"", ""competition"": ""俄乙A"", ""home_handicap_signed"": 0.75, ""away_handicap_signed"": -0.75, ""home_water_hk"": 0.83, ""away_water_hk"": 0.93, ""titan_home_handicap_signed"": 0.75, ""titan_away_handicap_signed"": -0.75, ""giving_team"": ""基洛夫迪纳摩"", ""receiving_team"": ""索科尔萨拉托夫"", ""giving_water"": 0.83, ""receiving_water"": 0.93, ""side_identity"": ""Titan signed AH"", ""quote_at"": ""2026-09-21T16:15:41+08:00"", ""last_confirmed_at"": ""2026-09-21T16:15:41+08:00"", ""run_id"": ""RUN_20260921_161540""}",俄乙A,EVALUATED,N,,"[""BUCKET_0.75"", ""SIDE_IDENTITY_VALID"", ""FLAT_LINE_GIVING_WATER_RISE""]",33e55c549536ada893fd,,False,阻下/下盘保护,FLAT_LINE_GIVING_WATER_RISE,receiving,索科尔萨拉托夫,0.93,0.75,基洛夫迪纳摩,giving,0.83,索科尔萨拉托夫,receiving,0.75,0.93,"{""W"": 0.44166666666666665, ""HW"": 0.0, ""P"": 0.0, ""HL"": 0.25833333333333336, ""L"": 0.3}",-0.018416666666666692,-0.14730479798298507,-0.11959684150578506,-0.019420352615718228,0.08334102245523756,0.11079517289924501,0.4018,"{""team"": ""基洛夫迪纳摩"", ""water"": 0.83, ""EV_mean"": -0.08545833333333336, ""EV_p10"": -0.1805315518973738, ""P_EV_gt_0"": 0.1262, ""status"": ""DIAGNOSTIC_ONLY""}","{""team"": ""索科尔萨拉托夫"", ""water"": 0.93, ""EV_mean"": -0.018416666666666692, ""EV_p10"": -0.11873482045982098, ""P_EV_gt_0"": 0.4134, ""status"": ""DIAGNOSTIC_ONLY""}",V4_DIRECTION_FIXED_R1,,,,,,,,
3031417,2026-09-21,2026-09-21T21:30:00+08:00,2026-09-21T21:30:00+08:00,v4-market-dirichlet-20260913,V4_DIRECTION_FIXED_R1,V4_DIRECTION_FIXED_R1,RUN_20260921_161540,2026-09-21T16:16:51.427975+08:00,2026-09-21T16:15:41+08:00,2026-09-21T16:15:41+08:00,0.02,5.219,5.239,False,True,b33aade07fd013854631,,prior-2026-09-21-v1,"{""snapshot_id"": ""snapshot"", ""source"": ""LEGACY_RAW_FIELD_EXPORT"", ""observed_at"": ""2026-09-21T16:16:51.427975+08:00"", ""home_team"": ""马舒克KMV"", ""away_team"": ""阿斯特拉罕沃尔加"", ""competition"": ""俄乙A"", ""home_handicap_signed"": 0.25, ""away_handicap_signed"": -0.25, ""home_water_hk"": 0.78, ""away_water_hk"": 0.98, ""titan_home_handicap_signed"": 0.25, ""titan_away_handicap_signed"": -0.25, ""giving_team"": ""马舒克KMV"", ""receiving_team"": ""阿斯特拉罕沃尔加"", ""giving_water"": 0.78, ""receiving_water"": 0.98, ""side_identity"": ""Titan signed AH"", ""quote_at"": ""2026-09-21T16:15:41+08:00"", ""last_confirmed_at"": ""2026-09-21T16:15:41+08:00"", ""run_id"": ""RUN_20260921_161540""}",俄乙A,EVALUATED,N,,"[""BUCKET_0.25"", ""SIDE_IDENTITY_VALID"", ""FLAT_LINE_GIVING_WATER_RISE""]",56782ccd3f59354b27ce,,False,阻下/下盘保护,FLAT_LINE_GIVING_WATER_RISE,receiving,阿斯特拉罕沃尔加,0.98,0.25,马舒克KMV,giving,0.78,阿斯特拉罕沃尔加,receiving,0.25,0.98,"{""W"": 0.2743055555555556, ""HW"": 0.3020833333333333, ""P"": 0.0, ""HL"": 0.0, ""L"": 0.4236111111111111}",-0.006770833333333337,-0.08898945838605671,-0.07140185077469208,-0.00566524388530204,0.05821837753948833,0.07643913213262021,0.4558,"{""team"": ""马舒克KMV"", ""water"": 0.78, ""EV_mean"": -0.09493055555555555, ""EV_p10"": -0.1532113621022766, ""P_EV_gt_0"": 0.017, ""status"": ""DIAGNOSTIC_ONLY""}","{""team"": ""阿斯特拉罕沃尔加"", ""water"": 0.98, ""EV_mean"": -0.006770833333333337, ""EV_p10"": -0.07441743097048653, ""P_EV_gt_0"": 0.4548, ""status"": ""DIAGNOSTIC_ONLY""}",V4_DIRECTION_FIXED_R1,,,,,,,,
2971098,2026-09-21,2026-09-21T21:30:00+08:00,2026-09-21T21:30:00+08:00,v4-market-dirichlet-20260913,V4_DIRECTION_FIXED_R1,V4_DIRECTION_FIXED_R1,RUN_20260921_161540,2026-09-21T16:16:51.427975+08:00,2026-09-21T16:15:41+08:00,2026-09-21T16:15:41+08:00,0.02,5.219,5.239,False,False,df0119b864045aacf9b7,,prior-2026-09-21-v1,"{""snapshot_id"": ""snapshot"", ""source"": ""LEGACY_RAW_FIELD_EXPORT"", ""observed_at"": ""2026-09-21T16:16:51.427975+08:00"", ""home_team"": ""雅潘FK"", ""away_team"": ""努库斯咸海"", ""competition"": ""乌兹甲"", ""home_handicap_signed"": null, ""away_handicap_signed"": null, ""home_water_hk"": null, ""away_water_hk"": null, ""quote_at"": ""2026-09-21T16:15:41+08:00"", ""last_confirmed_at"": ""2026-09-21T16:15:41+08:00"", ""run_id"": ""RUN_20260921_161540""}",乌兹甲,MISSING_DATA,,,"[""REQUIRED_MARKET_INPUT_MISSING""]",3050f9a80541cab6e31a,,False,,,,,,,,,,,,,,,,,,,,,,,,,,,,,,,,
3093116,2026-09-21,2026-09-21T21:30:00+08:00,2026-09-21T21:30:00+08:00,v4-market-dirichlet-20260913,V4_DIRECTION_FIXED_R1,V4_DIRECTION_FIXED_R1,RUN_20260921_161540,2026-09-21T16:16:51.427975+08:00,2026-09-21T16:15:41+08:00,2026-09-21T16:15:41+08:00,0.02,5.219,5.239,False,False,561dd4da76d34ac79fea,,prior-2026-09-21-v1,"{""snapshot_id"": ""snapshot"", ""source"": ""LEGACY_RAW_FIELD_EXPORT"", ""observed_at"": ""2026-09-21T16:16:51.427975+08:00"", ""home_team"": ""阿联酋U17"", ""away_team"": ""巴林U17"", ""competition"": ""国际友谊"", ""home_handicap_signed"": null, ""away_handicap_signed"": null, ""home_water_hk"": null, ""away_water_hk"": null, ""quote_at"": ""2026-09-21T16:15:41+08:00"", ""last_confirmed_at"": ""2026-09-21T16:15:41+08:00"", ""run_id"": ""RUN_20260921_161540""}",国际友谊,MISSING_DATA,,,"[""REQUIRED_MARKET_INPUT_MISSING""]",06fafcaf28a6c72ec605,,False,,,,,,,,,,,,,,,,,,,,,,,,,,,,,,,,
3064945,2026-09-21,2026-09-21T21:35:00+08:00,2026-09-21T21:35:00+08:00,v4-market-dirichlet-20260913,V4_DIRECTION_FIXED_R1,V4_DIRECTION_FIXED_R1,RUN_20260921_161540,2026-09-21T16:16:51.427975+08:00,2026-09-21T16:15:41+08:00,2026-09-21T16:15:41+08:00,0.02,5.302,5.322,False,False,0057ab98728a90379f70,,prior-2026-09-21-v1,"{""snapshot_id"": ""snapshot"", ""source"": ""LEGACY_RAW_FIELD_EXPORT"", ""observed_at"": ""2026-09-21T16:16:51.427975+08:00"", ""home_team"": ""拿达"", ""away_team"": ""萨汉姆"", ""competition"": ""阿曼杯"", ""home_handicap_signed"": null, ""away_handicap_signed"": null, ""home_water_hk"": null, ""away_water_hk"": null, ""quote_at"": ""2026-09-21T16:15:41+08:00"", ""last_confirmed_at"": ""2026-09-21T16:15:41+08:00"", ""run_id"": ""RUN_20260921_161540""}",阿曼杯,MISSING_DATA,,,"[""REQUIRED_MARKET_INPUT_MISSING""]",2019b5a8043ca87c5da7,,False,,,,,,,,,,,,,,,,,,,,,,,,,,,,,,,,
3064934,2026-09-21,2026-09-21T21:40:00+08:00,2026-09-21T21:40:00+08:00,v4-market-dirichlet-20260913,V4_DIRECTION_FIXED_R1,V4_DIRECTION_FIXED_R1,RUN_20260921_161540,2026-09-21T16:16:51.427975+08:00,2026-09-21T16:15:41+08:00,2026-09-21T16:15:41+08:00,0.02,5.386,5.405,False,False,a91cc6fccf538b7bb4e0,,prior-2026-09-21-v1,"{""snapshot_id"": ""snapshot"", ""source"": ""LEGACY_RAW_FIELD_EXPORT"", ""observed_at"": ""2026-09-21T16:16:51.427975+08:00"", ""home_team"": ""阿尔纳斯"", ""away_team"": ""巴赫拉"", ""competition"": ""阿曼杯"", ""home_handicap_signed"": null, ""away_handicap_signed"": null, ""home_water_hk"": null, ""away_water_hk"": null, ""quote_at"": ""2026-09-21T16:15:41+08:00"", ""last_confirmed_at"": ""2026-09-21T16:15:41+08:00"", ""run_id"": ""RUN_20260921_161540""}",阿曼杯,MISSING_DATA,,,"[""REQUIRED_MARKET_INPUT_MISSING""]",1fdf2ffcfffd745c150c,,False,,,,,,,,,,,,,,,,,,,,,,,,,,,,,,,,
3077253,2026-09-21,2026-09-21T22:00:00+08:00,2026-09-21T22:00:00+08:00,v4-market-dirichlet-20260913,V4_DIRECTION_FIXED_R1,V4_DIRECTION_FIXED_R1,RUN_20260921_161540,2026-09-21T16:16:51.427975+08:00,2026-09-21T16:15:41+08:00,2026-09-21T16:15:41+08:00,0.02,5.719,5.739,False,True,b14e0f2c3e25cb4602c6,,prior-2026-09-21-v1,"{""snapshot_id"": ""snapshot"", ""source"": ""LEGACY_RAW_FIELD_EXPORT"", ""observed_at"": ""2026-09-21T16:16:51.427975+08:00"", ""home_team"": ""潘斯拉基科斯"", ""away_team"": ""尼基沃罗"", ""competition"": ""希腊甲"", ""home_handicap_signed"": -0.5, ""away_handicap_signed"": 0.5, ""home_water_hk"": 0.92, ""away_water_hk"": 0.78, ""titan_home_handicap_signed"": -0.5, ""titan_away_handicap_signed"": 0.5, ""giving_team"": ""尼基沃罗"", ""receiving_team"": ""潘斯拉基科斯"", ""giving_water"": 0.78, ""receiving_water"": 0.92, ""side_identity"": ""Titan signed AH"", ""quote_at"": ""2026-09-21T16:15:41+08:00"", ""last_confirmed_at"": ""2026-09-21T16:15:41+08:00"", ""run_id"": ""RUN_20260921_161540""}",希腊甲,EVALUATED,N,,"[""BUCKET_0.50"", ""SIDE_IDENTITY_VALID"", ""FLAT_LINE_GIVING_WATER_DROP""]",55c0fcca86ff6bbde516,,False,真实示弱/阻下,FLAT_LINE_GIVING_WATER_DROP,receiving,潘斯拉基科斯,0.92,0.5,尼基沃罗,giving,0.78,潘斯拉基科斯,receiving,0.5,0.92,"{""W"": 0.5028571428571429, ""HW"": 0.0, ""P"": 0.0, ""HL"": 0.0, ""L"": 0.49714285714285716}",-0.034514285714285664,-0.1502090467382517,-0.12583800971727332,-0.03647167168663318,0.054991510851617575,0.0813005299511857,0.3056,"{""team"": ""尼基沃罗"", ""water"": 0.78, ""EV_mean"": -0.11508571428571429, ""EV_p10"": -0.20184943607774564, ""P_EV_gt_0"": 0.0404, ""status"": ""DIAGNOSTIC_ONLY""}","{""team"": ""潘斯拉基科斯"", ""water"": 0.92, ""EV_mean"": -0.034514285714285664, ""EV_p10"": -0.1272685021309239, ""P_EV_gt_0"": 0.3264, ""status"": ""DIAGNOSTIC_ONLY""}",V4_DIRECTION_FIXED_R1,,,,,,,,
3077255,2026-09-21,2026-09-21T22:00:00+08:00,2026-09-21T22:00:00+08:00,v4-market-dirichlet-20260913,V4_DIRECTION_FIXED_R1,V4_DIRECTION_FIXED_R1,RUN_20260921_161540,2026-09-21T16:16:51.427975+08:00,2026-09-21T16:15:41+08:00,2026-09-21T16:15:41+08:00,0.02,5.719,5.739,False,True,46b1e146475da4db0d56,,prior-2026-09-21-v1,"{""snapshot_id"": ""snapshot"", ""source"": ""LEGACY_RAW_FIELD_EXPORT"", ""observed_at"": ""2026-09-21T16:16:51.427975+08:00"", ""home_team"": ""塞萨洛尼基B队"", ""away_team"": ""内斯托"", ""competition"": ""希腊甲"", ""home_handicap_signed"": 0.25, ""away_handicap_signed"": -0.25, ""home_water_hk"": 0.72, ""away_water_hk"": 0.98, ""titan_home_handicap_signed"": 0.25, ""titan_away_handicap_signed"": -0.25, ""giving_team"": ""塞萨洛尼基B队"", ""receiving_team"": ""内斯托"", ""giving_water"": 0.72, ""receiving_water"": 0.98, ""side_identity"": ""Titan signed AH"", ""quote_at"": ""2026-09-21T16:15:41+08:00"", ""last_confirmed_at"": ""2026-09-21T16:15:41+08:00"", ""run_id"": ""RUN_20260921_161540""}",希腊甲,EVALUATED,N,,"[""BUCKET_0.25"", ""SIDE_IDENTITY_VALID"", ""FLAT_LINE_GIVING_WATER_DROP""]",a11a9374e4967a615439,,False,真实示弱/阻下,FLAT_LINE_GIVING_WATER_DROP,receiving,内斯托,0.98,0.25,塞萨洛尼基B队,giving,0.72,内斯托,receiving,0.25,0.98,"{""W"": 0.2743055555555556, ""HW"": 0.3020833333333333, ""P"": 0.0, ""HL"": 0.0, ""L"": 0.4236111111111111}",-0.006770833333333337,-0.09082072839668753,-0.07233847077009914,-0.006692372920027445,0.05828316944427653,0.07847935684957341,0.4458,"{""team"": ""塞萨洛尼基B队"", ""water"": 0.72, ""EV_mean"": -0.12034722222222224, ""EV_p10"": -0.1744628524479078, ""P_EV_gt_0"": 0.0036, ""status"": ""DIAGNOSTIC_ONLY""}","{""team"": ""内斯托"", ""water"": 0.98, ""EV_mean"": -0.006770833333333337, ""EV_p10"": -0.07205497684504353, ""P_EV_gt_0"": 0.4504, ""status"": ""DIAGNOSTIC_ONLY""}",V4_DIRECTION_FIXED_R1,,,,,,,,
2998370,2026-09-21,2026-09-21T22:00:00+08:00,2026-09-21T22:00:00+08:00,v4-market-dirichlet-20260913,V4_DIRECTION_FIXED_R1,V4_DIRECTION_FIXED_R1,RUN_20260921_161540,2026-09-21T16:16:51.427975+08:00,2026-09-21T16:15:41+08:00,2026-09-21T16:15:41+08:00,0.02,5.719,5.739,False,False,5e381e4900671859fead,,prior-2026-09-21-v1,"{""snapshot_id"": ""snapshot"", ""source"": ""LEGACY_RAW_FIELD_EXPORT"", ""observed_at"": ""2026-09-21T16:16:51.427975+08:00"", ""home_team"": ""FC斯特鲁加"", ""away_team"": ""阿尔西米"", ""competition"": ""北马其甲"", ""home_handicap_signed"": null, ""away_handicap_signed"": null, ""home_water_hk"": null, ""away_water_hk"": null, ""quote_at"": ""2026-09-21T16:15:41+08:00"", ""last_confirmed_at"": ""2026-09-21T16:15:41+08:00"", ""run_id"": ""RUN_20260921_161540""}",北马其甲,NEUTRAL,,,"[""NEUTRAL_INTENT"", ""MARKET_MOVE_BALANCED""]",cef280591fd963660762,,False,平衡盘/等待临场确认,,neutral,,,,,,,,,,,,,,,,,,,,,,,,,,,,,
3050268,2026-09-21,2026-09-21T22:00:00+08:00,2026-09-21T22:00:00+08:00,v4-market-dirichlet-20260913,V4_DIRECTION_FIXED_R1,V4_DIRECTION_FIXED_R1,RUN_20260921_161540,2026-09-21T16:16:51.427975+08:00,2026-09-21T16:15:41+08:00,2026-09-21T16:15:41+08:00,0.02,5.719,5.739,False,True,ae3ceceef225ca093d38,,prior-2026-09-21-v1,"{""snapshot_id"": ""snapshot"", ""source"": ""LEGACY_RAW_FIELD_EXPORT"", ""observed_at"": ""2026-09-21T16:16:51.427975+08:00"", ""home_team"": ""巴奇卡托波拉"", ""away_team"": ""杜博西卡"", ""competition"": ""塞尔甲"", ""home_handicap_signed"": 2.0, ""away_handicap_signed"": -2.0, ""home_water_hk"": 0.76, ""away_water_hk"": 0.94, ""titan_home_handicap_signed"": 2.0, ""titan_away_handicap_signed"": -2.0, ""giving_team"": ""巴奇卡托波拉"", ""receiving_team"": ""杜博西卡"", ""giving_water"": 0.76, ""receiving_water"": 0.94, ""side_identity"": ""Titan signed AH"", ""quote_at"": ""2026-09-21T16:15:41+08:00"", ""last_confirmed_at"": ""2026-09-21T16:15:41+08:00"", ""run_id"": ""RUN_20260921_161540""}",塞尔甲,EVALUATED,N,,"[""BUCKET_2.00"", ""SIDE_IDENTITY_VALID"", ""FLAT_LINE_GIVING_WATER_DROP""]",edeac3ba22061a6db332,,False,真实示弱/阻下,FLAT_LINE_GIVING_WATER_DROP,receiving,杜博西卡,0.94,2.0,巴奇卡托波拉,giving,0.76,杜博西卡,receiving,2.0,0.94,"{""W"": 0.3125, ""HW"": 0.0, ""P"": 0.125, ""HL"": 0.0, ""L"": 0.5625}",-0.26875000000000004,-0.6082727533557191,-0.5433768707399796,-0.2748247810727917,0.01830937010394057,0.10376958496632566,0.1142,"{""team"": ""巴奇卡托波拉"", ""water"": 0.76, ""EV_mean"": 0.11499999999999999, ""EV_p10"": -0.1378233684616879, ""P_EV_gt_0"": 0.7316, ""status"": ""DIAGNOSTIC_ONLY""}","{""team"": ""杜博西卡"", ""water"": 0.94, ""EV_mean"": -0.26875000000000004, ""EV_p10"": -0.5459018544792651, ""P_EV_gt_0"": 0.1054, ""status"": ""DIAGNOSTIC_ONLY""}",V4_DIRECTION_FIXED_R1,,,,,,,,
3050269,2026-09-21,2026-09-21T22:00:00+08:00,2026-09-21T22:00:00+08:00,v4-market-dirichlet-20260913,V4_DIRECTION_FIXED_R1,V4_DIRECTION_FIXED_R1,RUN_20260921_161540,2026-09-21T16:16:51.427975+08:00,2026-09-21T16:15:41+08:00,2026-09-21T16:15:41+08:00,0.02,5.719,5.739,False,False,46bc209f044ed83e9d39,,prior-2026-09-21-v1,"{""snapshot_id"": ""snapshot"", ""source"": ""LEGACY_RAW_FIELD_EXPORT"", ""observed_at"": ""2026-09-21T16:16:51.427975+08:00"", ""home_team"": ""维尔沙克"", ""away_team"": ""博尔1919"", ""competition"": ""塞尔甲"", ""home_handicap_signed"": null, ""away_handicap_signed"": null, ""home_water_hk"": null, ""away_water_hk"": null, ""quote_at"": ""2026-09-21T16:15:41+08:00"", ""last_confirmed_at"": ""2026-09-21T16:15:41+08:00"", ""run_id"": ""RUN_20260921_161540""}",塞尔甲,NEUTRAL,,,"[""NEUTRAL_INTENT"", ""MARKET_MOVE_BALANCED""]",4137527df77396f53387,,False,平衡盘/等待临场确认,,neutral,,,,,,,,,,,,,,,,,,,,,,,,,,,,,
3093696,2026-09-21,2026-09-21T22:00:00+08:00,2026-09-21T22:00:00+08:00,v4-market-dirichlet-20260913,V4_DIRECTION_FIXED_R1,V4_DIRECTION_FIXED_R1,RUN_20260921_161540,2026-09-21T16:16:51.427975+08:00,2026-09-21T16:15:41+08:00,2026-09-21T16:15:41+08:00,0.02,5.719,5.739,False,False,1b045942748a5cd6d7e9,,prior-2026-09-21-v1,"{""snapshot_id"": ""snapshot"", ""source"": ""LEGACY_RAW_FIELD_EXPORT"", ""observed_at"": ""2026-09-21T16:16:51.427975+08:00"", ""home_team"": ""维拉圣卡罗斯后备队"", ""away_team"": ""拉费雷尔后备队"", ""competition"": ""阿后备"", ""home_handicap_signed"": null, ""away_handicap_signed"": null, ""home_water_hk"": null, ""away_water_hk"": null, ""quote_at"": ""2026-09-21T16:15:41+08:00"", ""last_confirmed_at"": ""2026-09-21T16:15:41+08:00"", ""run_id"": ""RUN_20260921_161540""}",阿后备,MISSING_DATA,,,"[""REQUIRED_MARKET_INPUT_MISSING""]",f9527be1d7744840a312,,False,,,,,,,,,,,,,,,,,,,,,,,,,,,,,,,,
3091966,2026-09-21,2026-09-21T22:00:00+08:00,2026-09-21T22:00:00+08:00,v4-market-dirichlet-20260913,V4_DIRECTION_FIXED_R1,V4_DIRECTION_FIXED_R1,RUN_20260921_161540,2026-09-21T16:16:51.427975+08:00,2026-09-21T16:15:41+08:00,2026-09-21T16:15:41+08:00,0.02,5.719,5.739,False,True,525e84433798c3895eb9,,prior-2026-09-21-v1,"{""snapshot_id"": ""snapshot"", ""source"": ""LEGACY_RAW_FIELD_EXPORT"", ""observed_at"": ""2026-09-21T16:16:51.427975+08:00"", ""home_team"": ""多米尼克"", ""away_team"": ""安圭拉"", ""competition"": ""国际友谊"", ""home_handicap_signed"": 2.0, ""away_handicap_signed"": -2.0, ""home_water_hk"": 0.93, ""away_water_hk"": 0.83, ""titan_home_handicap_signed"": 2.0, ""titan_away_handicap_signed"": -2.0, ""giving_team"": ""多米尼克"", ""receiving_team"": ""安圭拉"", ""giving_water"": 0.93, ""receiving_water"": 0.83, ""side_identity"": ""Titan signed AH"", ""quote_at"": ""2026-09-21T16:15:41+08:00"", ""last_confirmed_at"": ""2026-09-21T16:15:41+08:00"", ""run_id"": ""RUN_20260921_161540""}",国际友谊,EVALUATED,C,,"[""BUCKET_2.00"", ""SIDE_IDENTITY_VALID"", ""MARKET_MOVE_SHALLOWER_WITH_GIVING_WATER_DROP""]",41d99792556792d5ddcd,,False,降温保护/诱下,MARKET_MOVE_SHALLOWER_WITH_GIVING_WATER_DROP,giving,多米尼克,0.93,2.0,安圭拉,receiving,0.83,多米尼克,giving,-2.0,0.93,"{""W"": 0.5625, ""HW"": 0.0, ""P"": 0.125, ""HL"": 0.0, ""L"": 0.3125}",0.21062500000000006,-0.15010932263081572,-0.0705857765869371,0.22133853698969053,0.47427844001618746,0.5308006359603312,0.8392,"{""team"": ""多米尼克"", ""water"": 0.93, ""EV_mean"": 0.21062500000000006, ""EV_p10"": -0.06937049045244936, ""P_EV_gt_0"": 0.8302, ""status"": ""DIAGNOSTIC_ONLY""}","{""team"": ""安圭拉"", ""water"": 0.83, ""EV_mean"": -0.30312500000000003, ""EV_p10"": -0.5533499129370429, ""P_EV_gt_0"": 0.0754, ""status"": ""DIAGNOSTIC_ONLY""}",V4_DIRECTION_FIXED_R1,,,,,,,,
3093711,2026-09-21,2026-09-21T22:00:00+08:00,2026-09-21T22:00:00+08:00,v4-market-dirichlet-20260913,V4_DIRECTION_FIXED_R1,V4_DIRECTION_FIXED_R1,RUN_20260921_161540,2026-09-21T16:16:51.427975+08:00,2026-09-21T16:15:41+08:00,2026-09-21T16:15:41+08:00,0.02,5.719,5.739,False,False,,,prior-2026-09-21-v1,"{""snapshot_id"": ""snapshot"", ""source"": ""LEGACY_RAW_FIELD_EXPORT"", ""observed_at"": ""2026-09-21T16:16:51.427975+08:00"", ""home_team"": ""博茨瓦纳U23"", ""away_team"": ""斯威士兰U23"", ""competition"": ""国际友谊"", ""home_handicap_signed"": null, ""away_handicap_signed"": null, ""home_water_hk"": null, ""away_water_hk"": null, ""quote_at"": ""2026-09-21T16:15:41+08:00"", ""last_confirmed_at"": ""2026-09-21T16:15:41+08:00"", ""run_id"": ""RUN_20260921_161540""}",国际友谊,MISSING_DATA,,,"[""REQUIRED_MARKET_INPUT_MISSING""]",07b587129d6b2da8a822,,False,,,,,,,,,,,,,,,,,,,,,,,,,,,,,,,,
3017169,2026-09-21,2026-09-21T22:00:00+08:00,2026-09-21T22:00:00+08:00,v4-market-dirichlet-20260913,V4_DIRECTION_FIXED_R1,V4_DIRECTION_FIXED_R1,RUN_20260921_161540,2026-09-21T16:16:51.427975+08:00,2026-09-21T16:15:41+08:00,2026-09-21T16:15:41+08:00,0.02,5.719,5.739,False,True,13dd8336a4bcdb8e9603,,prior-2026-09-21-v1,"{""snapshot_id"": ""snapshot"", ""source"": ""LEGACY_RAW_FIELD_EXPORT"", ""observed_at"": ""2026-09-21T16:16:51.427975+08:00"", ""home_team"": ""斯夫格"", ""away_team"": ""韦伦桑丹斯基"", ""competition"": ""保乙"", ""home_handicap_signed"": -0.75, ""away_handicap_signed"": 0.75, ""home_water_hk"": 0.81, ""away_water_hk"": 0.95, ""titan_home_handicap_signed"": -0.75, ""titan_away_handicap_signed"": 0.75, ""giving_team"": ""韦伦桑丹斯基"", ""receiving_team"": ""斯夫格"", ""giving_water"": 0.95, ""receiving_water"": 0.81, ""side_identity"": ""Titan signed AH"", ""quote_at"": ""2026-09-21T16:15:41+08:00"", ""last_confirmed_at"": ""2026-09-21T16:15:41+08:00"", ""run_id"": ""RUN_20260921_161540""}",保乙,EVALUATED,N,,"[""BUCKET_0.75"", ""SIDE_IDENTITY_VALID"", ""MARKET_MOVE_SHALLOWER_WITH_GIVING_WATER_RESISTANCE""]",167183dcea8b2e107be3,,False,诱上/阻下,MARKET_MOVE_SHALLOWER_WITH_GIVING_WATER_RESISTANCE,receiving,斯夫格,0.81,0.75,韦伦桑丹斯基,giving,0.95,斯夫格,receiving,0.75,0.81,"{""W"": 0.44166666666666665, ""HW"": 0.0, ""P"": 0.0, ""HL"": 0.25833333333333336, ""L"": 0.3}",-0.07141666666666666,-0.1898556618314523,-0.16414889324613013,-0.07145184784472741,0.02315906740122886,0.049928041657483185,0.1692,"{""team"": ""韦伦桑丹斯基"", ""water"": 0.95, ""EV_mean"": -0.03395833333333331, ""EV_p10"": -0.1392698908248834, ""P_EV_gt_0"": 0.3306, ""status"": ""DIAGNOSTIC_ONLY""}","{""team"": ""斯夫格"", ""water"": 0.81, ""EV_mean"": -0.07141666666666666, ""EV_p10"": -0.165524871755969, ""P_EV_gt_0"": 0.1738, ""status"": ""DIAGNOSTIC_ONLY""}",V4_DIRECTION_FIXED_R1,,,,,,,,
2941113,2026-09-21,2026-09-21T22:30:00+08:00,2026-09-21T22:30:00+08:00,v4-market-dirichlet-20260913,V4_DIRECTION_FIXED_R1,V4_DIRECTION_FIXED_R1,RUN_20260921_161540,2026-09-21T16:16:51.427975+08:00,2026-09-21T16:15:41+08:00,2026-09-21T16:15:41+08:00,0.02,6.219,6.239,False,False,e6cee22fdb9dea0f1455,,prior-2026-09-21-v1,"{""snapshot_id"": ""snapshot"", ""source"": ""LEGACY_RAW_FIELD_EXPORT"", ""observed_at"": ""2026-09-21T16:16:51.427975+08:00"", ""home_team"": ""卡里鲁B队"", ""away_team"": ""诺梅联合U21"", ""competition"": ""爱沙乙"", ""home_handicap_signed"": null, ""away_handicap_signed"": null, ""home_water_hk"": null, ""away_water_hk"": null, ""quote_at"": ""2026-09-21T16:15:41+08:00"", ""last_confirmed_at"": ""2026-09-21T16:15:41+08:00"", ""run_id"": ""RUN_20260921_161540""}",爱沙乙,MISSING_DATA,,,"[""REQUIRED_MARKET_INPUT_MISSING""]",7df48afdd64c7fd7c80d,,False,,,,,,,,,,,,,,,,,,,,,,,,,,,,,,,,
3093715,2026-09-21,2026-09-21T22:30:00+08:00,2026-09-21T22:30:00+08:00,v4-market-dirichlet-20260913,V4_DIRECTION_FIXED_R1,V4_DIRECTION_FIXED_R1,RUN_20260921_161540,2026-09-21T16:16:51.427975+08:00,2026-09-21T16:15:41+08:00,2026-09-21T16:15:41+08:00,0.02,6.219,6.239,False,False,,,prior-2026-09-21-v1,"{""snapshot_id"": ""snapshot"", ""source"": ""LEGACY_RAW_FIELD_EXPORT"", ""observed_at"": ""2026-09-21T16:16:51.427975+08:00"", ""home_team"": ""萨卡兹斯帕斯U20"", ""away_team"": ""莱安阿拉姆U20"", ""competition"": ""阿青联"", ""home_handicap_signed"": null, ""away_handicap_signed"": null, ""home_water_hk"": null, ""away_water_hk"": null, ""quote_at"": ""2026-09-21T16:15:41+08:00"", ""last_confirmed_at"": ""2026-09-21T16:15:41+08:00"", ""run_id"": ""RUN_20260921_161540""}",阿青联,MISSING_DATA,,,"[""REQUIRED_MARKET_INPUT_MISSING""]",2ce272572dd53ce2f1e5,,False,,,,,,,,,,,,,,,,,,,,,,,,,,,,,,,,
3064946,2026-09-21,2026-09-21T22:35:00+08:00,2026-09-21T22:35:00+08:00,v4-market-dirichlet-20260913,V4_DIRECTION_FIXED_R1,V4_DIRECTION_FIXED_R1,RUN_20260921_161540,2026-09-21T16:16:51.427975+08:00,2026-09-21T16:15:41+08:00,2026-09-21T16:15:41+08:00,0.02,6.302,6.322,False,False,1ab0983adf88186b3796,,prior-2026-09-21-v1,"{""snapshot_id"": ""snapshot"", ""source"": ""LEGACY_RAW_FIELD_EXPORT"", ""observed_at"": ""2026-09-21T16:16:51.427975+08:00"", ""home_team"": ""玛斯纳亚"", ""away_team"": ""锡卜青年人"", ""competition"": ""阿曼杯"", ""home_handicap_signed"": null, ""away_handicap_signed"": null, ""home_water_hk"": null, ""away_water_hk"": null, ""quote_at"": ""2026-09-21T16:15:41+08:00"", ""last_confirmed_at"": ""2026-09-21T16:15:41+08:00"", ""run_id"": ""RUN_20260921_161540""}",阿曼杯,MISSING_DATA,,,"[""REQUIRED_MARKET_INPUT_MISSING""]",469266753533ee1c46cf,,False,,,,,,,,,,,,,,,,,,,,,,,,,,,,,,,,
3010430,2026-09-21,2026-09-21T23:00:00+08:00,2026-09-21T23:00:00+08:00,v4-market-dirichlet-20260913,V4_DIRECTION_FIXED_R1,V4_DIRECTION_FIXED_R1,RUN_20260921_161540,2026-09-21T16:16:51.427975+08:00,2026-09-21T16:15:41+08:00,2026-09-21T16:15:41+08:00,0.02,6.719,6.739,False,False,c917e83e5bd4002de7d1,,prior-2026-09-21-v1,"{""snapshot_id"": ""snapshot"", ""source"": ""LEGACY_RAW_FIELD_EXPORT"", ""observed_at"": ""2026-09-21T16:16:51.427975+08:00"", ""home_team"": ""加拉茨钢铁"", ""away_team"": ""胡内多阿拉"", ""competition"": ""罗甲"", ""home_handicap_signed"": null, ""away_handicap_signed"": null, ""home_water_hk"": null, ""away_water_hk"": null, ""quote_at"": ""2026-09-21T16:15:41+08:00"", ""last_confirmed_at"": ""2026-09-21T16:15:41+08:00"", ""run_id"": ""RUN_20260921_161540""}",罗甲,NEUTRAL,,,"[""PK_NEUTRAL_NO_GIVING_SIDE""]",c504449c00c1c21ed4ca,,False,,,,,,,,,,,,,,,,,,,,,,,,,,,,,,,,
3056295,2026-09-21,2026-09-21T23:00:00+08:00,2026-09-21T23:00:00+08:00,v4-market-dirichlet-20260913,V4_DIRECTION_FIXED_R1,V4_DIRECTION_FIXED_R1,RUN_20260921_161540,2026-09-21T16:16:51.427975+08:00,2026-09-21T16:15:41+08:00,2026-09-21T16:15:41+08:00,0.02,6.719,6.739,False,True,ee2c42adcea25d8373a5,,prior-2026-09-21-v1,"{""snapshot_id"": ""snapshot"", ""source"": ""LEGACY_RAW_FIELD_EXPORT"", ""observed_at"": ""2026-09-21T16:16:51.427975+08:00"", ""home_team"": ""莱里亚U23"", ""away_team"": ""吉维森特U23"", ""competition"": ""葡U23"", ""home_handicap_signed"": 0.25, ""away_handicap_signed"": -0.25, ""home_water_hk"": 0.93, ""away_water_hk"": 0.89, ""titan_home_handicap_signed"": 0.25, ""titan_away_handicap_signed"": -0.25, ""giving_team"": ""莱里亚U23"", ""receiving_team"": ""吉维森特U23"", ""giving_water"": 0.93, ""receiving_water"": 0.89, ""side_identity"": ""Titan signed AH"", ""quote_at"": ""2026-09-21T16:15:41+08:00"", ""last_confirmed_at"": ""2026-09-21T16:15:41+08:00"", ""run_id"": ""RUN_20260921_161540""}",葡U23,EVALUATED,N,,"[""BUCKET_0.25"", ""SIDE_IDENTITY_VALID"", ""FLAT_LINE_GIVING_WATER_RISE""]",9bc28aefa195cdee8ef6,,False,阻下/下盘保护,FLAT_LINE_GIVING_WATER_RISE,receiving,吉维森特U23,0.89,0.25,莱里亚U23,giving,0.93,吉维森特U23,receiving,0.25,0.89,"{""W"": 0.2743055555555556, ""HW"": 0.3020833333333333, ""P"": 0.0, ""HL"": 0.0, ""L"": 0.4236111111111111}",-0.04505208333333327,-0.12571546667369965,-0.10855173510198313,-0.04610162106136689,0.0157250436734942,0.03117705779354807,0.1732,"{""team"": ""莱里亚U23"", ""water"": 0.93, ""EV_mean"": -0.03138888888888888, ""EV_p10"": -0.09364555416993792, ""P_EV_gt_0"": 0.2684, ""status"": ""DIAGNOSTIC_ONLY""}","{""team"": ""吉维森特U23"", ""water"": 0.89, ""EV_mean"": -0.04505208333333327, ""EV_p10"": -0.10789870868942836, ""P_EV_gt_0"": 0.183, ""status"": ""DIAGNOSTIC_ONLY""}",V4_DIRECTION_FIXED_R1,,,,,,,,
3037919,2026-09-21,2026-09-21T23:00:00+08:00,2026-09-21T23:00:00+08:00,v4-market-dirichlet-20260913,V4_DIRECTION_FIXED_R1,V4_DIRECTION_FIXED_R1,RUN_20260921_161540,2026-09-21T16:16:51.427975+08:00,2026-09-21T16:15:41+08:00,2026-09-21T16:15:41+08:00,0.02,6.719,6.739,False,True,9478ec444f604d3bb19a,,prior-2026-09-21-v1,"{""snapshot_id"": ""snapshot"", ""source"": ""LEGACY_RAW_FIELD_EXPORT"", ""observed_at"": ""2026-09-21T16:16:51.427975+08:00"", ""home_team"": ""阿特梅迪亚"", ""away_team"": ""杜纳达纳"", ""competition"": ""斯伐甲"", ""home_handicap_signed"": 1.0, ""away_handicap_signed"": -1.0, ""home_water_hk"": 0.92, ""away_water_hk"": 0.9, ""titan_home_handicap_signed"": 1.0, ""titan_away_handicap_signed"": -1.0, ""giving_team"": ""阿特梅迪亚"", ""receiving_team"": ""杜纳达纳"", ""giving_water"": 0.92, ""receiving_water"": 0.9, ""side_identity"": ""Titan signed AH"", ""quote_at"": ""2026-09-21T16:15:41+08:00"", ""last_confirmed_at"": ""2026-09-21T16:15:41+08:00"", ""run_id"": ""RUN_20260921_161540""}",斯伐甲,EVALUATED,C,,"[""BUCKET_1.00"", ""SIDE_IDENTITY_VALID"", ""FLAT_LINE_GIVING_WATER_RISE""]",a60fddc3cdc2643b7b3b,,False,阻下/下盘保护,FLAT_LINE_GIVING_WATER_RISE,receiving,杜纳达纳,0.9,1.0,阿特梅迪亚,giving,0.92,杜纳达纳,receiving,1.0,0.9,"{""W"": 0.42105263157894735, ""HW"": 0.0, ""P"": 0.2236842105263158, ""HL"": 0.0, ""L"": 0.35526315789473684}",0.023684210526315808,-0.13232028456380496,-0.09716756696530066,0.023121418517099923,0.149205880129959,0.1827489469813004,0.5978,"{""team"": ""阿特梅迪亚"", ""water"": 0.92, ""EV_mean"": -0.09421052631578947, ""EV_p10"": -0.21862632346600996, ""P_EV_gt_0"": 0.166, ""status"": ""DIAGNOSTIC_ONLY""}","{""team"": ""杜纳达纳"", ""water"": 0.9, ""EV_mean"": 0.023684210526315808, ""EV_p10"": -0.09906194298302767, ""P_EV_gt_0"": 0.6054, ""status"": ""DIAGNOSTIC_ONLY""}",V4_DIRECTION_FIXED_R1,,,,,,,,
3089293,2026-09-21,2026-09-21T23:00:00+08:00,2026-09-21T23:00:00+08:00,v4-market-dirichlet-20260913,V4_DIRECTION_FIXED_R1,V4_DIRECTION_FIXED_R1,RUN_20260921_161540,2026-09-21T16:16:51.427975+08:00,2026-09-21T16:15:41+08:00,2026-09-21T16:15:41+08:00,0.02,6.719,6.739,False,False,3124de85bda3cd8876d2,,prior-2026-09-21-v1,"{""snapshot_id"": ""snapshot"", ""source"": ""LEGACY_RAW_FIELD_EXPORT"", ""observed_at"": ""2026-09-21T16:16:51.427975+08:00"", ""home_team"": ""乌姆沙拉尔"", ""away_team"": ""库拉提尔特"", ""competition"": ""卡塔杯"", ""home_handicap_signed"": null, ""away_handicap_signed"": null, ""home_water_hk"": null, ""away_water_hk"": null, ""quote_at"": ""2026-09-21T16:15:41+08:00"", ""last_confirmed_at"": ""2026-09-21T16:15:41+08:00"", ""run_id"": ""RUN_20260921_161540""}",卡塔杯,MISSING_DATA,,,"[""REQUIRED_MARKET_INPUT_MISSING""]",ce48297cf4c0d55b2e0b,,False,,,,,,,,,,,,,,,,,,,,,,,,,,,,,,,,
2924135,2026-09-21,2026-09-21T23:00:00+08:00,2026-09-21T23:00:00+08:00,v4-market-dirichlet-20260913,V4_DIRECTION_FIXED_R1,V4_DIRECTION_FIXED_R1,RUN_20260921_161540,2026-09-21T16:16:51.427975+08:00,2026-09-21T16:15:41+08:00,2026-09-21T16:15:41+08:00,0.02,6.719,6.739,False,False,6ea7da5818be499f899b,,prior-2026-09-21-v1,"{""snapshot_id"": ""snapshot"", ""source"": ""LEGACY_RAW_FIELD_EXPORT"", ""observed_at"": ""2026-09-21T16:16:51.427975+08:00"", ""home_team"": ""鲁斯塔维"", ""away_team"": ""伊比利亚1999"", ""competition"": ""格鲁甲"", ""home_handicap_signed"": null, ""away_handicap_signed"": null, ""home_water_hk"": null, ""away_water_hk"": null, ""quote_at"": ""2026-09-21T16:15:41+08:00"", ""last_confirmed_at"": ""2026-09-21T16:15:41+08:00"", ""run_id"": ""RUN_20260921_161540""}",格鲁甲,NEUTRAL,,,"[""PK_NEUTRAL_NO_GIVING_SIDE""]",4257a5ee6d00aaf2bf4f,,False,,,,,,,,,,,,,,,,,,,,,,,,,,,,,,,,
2954812,2026-09-21,2026-09-21T23:00:00+08:00,2026-09-21T23:00:00+08:00,v4-market-dirichlet-20260913,V4_DIRECTION_FIXED_R1,V4_DIRECTION_FIXED_R1,RUN_20260921_161540,2026-09-21T16:16:51.427975+08:00,2026-09-21T16:15:41+08:00,2026-09-21T16:15:41+08:00,0.02,6.719,6.739,False,False,8b52f6c217a559a0bd61,,prior-2026-09-21-v1,"{""snapshot_id"": ""snapshot"", ""source"": ""LEGACY_RAW_FIELD_EXPORT"", ""observed_at"": ""2026-09-21T16:16:51.427975+08:00"", ""home_team"": ""FC雷瓦狄亚U19"", ""away_team"": ""潭美卡B队"", ""competition"": ""爱沙丙"", ""home_handicap_signed"": null, ""away_handicap_signed"": null, ""home_water_hk"": null, ""away_water_hk"": null, ""quote_at"": ""2026-09-21T16:15:41+08:00"", ""last_confirmed_at"": ""2026-09-21T16:15:41+08:00"", ""run_id"": ""RUN_20260921_161540""}",爱沙丙,MISSING_DATA,,,"[""REQUIRED_MARKET_INPUT_MISSING""]",76a5a826cb7c62aab487,,False,,,,,,,,,,,,,,,,,,,,,,,,,,,,,,,,
3093635,2026-09-21,2026-09-21T23:00:00+08:00,2026-09-21T23:00:00+08:00,v4-market-dirichlet-20260913,V4_DIRECTION_FIXED_R1,V4_DIRECTION_FIXED_R1,RUN_20260921_161540,2026-09-21T16:16:51.427975+08:00,2026-09-21T16:15:41+08:00,2026-09-21T16:15:41+08:00,0.02,6.719,6.739,False,False,ec8f3f87ce91ccafb4fa,,prior-2026-09-21-v1,"{""snapshot_id"": ""snapshot"", ""source"": ""LEGACY_RAW_FIELD_EXPORT"", ""observed_at"": ""2026-09-21T16:16:51.427975+08:00"", ""home_team"": ""格特奥林匹克"", ""away_team"": ""阿特拉姆德"", ""competition"": ""加纳联"", ""home_handicap_signed"": null, ""away_handicap_signed"": null, ""home_water_hk"": null, ""away_water_hk"": null, ""quote_at"": ""2026-09-21T16:15:41+08:00"", ""last_confirmed_at"": ""2026-09-21T16:15:41+08:00"", ""run_id"": ""RUN_20260921_161540""}",加纳联,MISSING_DATA,,,"[""REQUIRED_MARKET_INPUT_MISSING""]",e199570bb1ee8288191e,,False,,,,,,,,,,,,,,,,,,,,,,,,,,,,,,,,
2933154,2026-09-21,2026-09-21T23:15:00+08:00,2026-09-21T23:15:00+08:00,v4-market-dirichlet-20260913,V4_DIRECTION_FIXED_R1,V4_DIRECTION_FIXED_R1,RUN_20260921_161540,2026-09-21T16:16:51.427975+08:00,2026-09-21T16:15:41+08:00,2026-09-21T16:15:41+08:00,0.02,6.969,6.989,False,True,585878ed97d61edb1eef,,prior-2026-09-21-v1,"{""snapshot_id"": ""snapshot"", ""source"": ""LEGACY_RAW_FIELD_EXPORT"", ""observed_at"": ""2026-09-21T16:16:51.427975+08:00"", ""home_team"": ""花刺子模乌尔根奇"", ""away_team"": ""克孜勒库姆"", ""competition"": ""乌兹超"", ""home_handicap_signed"": 0.25, ""away_handicap_signed"": -0.25, ""home_water_hk"": 0.81, ""away_water_hk"": 1.01, ""titan_home_handicap_signed"": 0.25, ""titan_away_handicap_signed"": -0.25, ""giving_team"": ""花刺子模乌尔根奇"", ""receiving_team"": ""克孜勒库姆"", ""giving_water"": 0.81, ""receiving_water"": 1.01, ""side_identity"": ""Titan signed AH"", ""quote_at"": ""2026-09-21T16:15:41+08:00"", ""last_confirmed_at"": ""2026-09-21T16:15:41+08:00"", ""run_id"": ""RUN_20260921_161540""}",乌兹超,EVALUATED,N,,"[""BUCKET_0.25"", ""SIDE_IDENTITY_VALID"", ""MARKET_MOVE_SHALLOWER_WITH_GIVING_WATER_DROP""]",380fbb088a7402dba935,,False,降温保护/诱下,MARKET_MOVE_SHALLOWER_WITH_GIVING_WATER_DROP,giving,花刺子模乌尔根奇,0.81,0.25,克孜勒库姆,receiving,1.01,花刺子模乌尔根奇,giving,-0.25,0.81,"{""W"": 0.4236111111111111, ""HW"": 0.0, ""P"": 0.0, ""HL"": 0.3020833333333333, ""L"": 0.2743055555555556}",-0.08222222222222222,-0.15869577532689894,-0.14244673649491207,-0.08368835261052612,-0.022615361564029157,-0.005936752455846739,0.0374,"{""team"": ""花刺子模乌尔根奇"", ""water"": 0.81, ""EV_mean"": -0.08222222222222222, ""EV_p10"": -0.14169412936369852, ""P_EV_gt_0"": 0.0368, ""status"": ""DIAGNOSTIC_ONLY""}","{""team"": ""克孜勒库姆"", ""water"": 1.01, ""EV_mean"": 0.0059895833333333814, ""EV_p10"": -0.059297166254633216, ""P_EV_gt_0"": 0.5484, ""status"": ""DIAGNOSTIC_ONLY""}",V4_DIRECTION_FIXED_R1,,,,,,,,
3089227,2026-09-21,2026-09-21T23:30:00+08:00,2026-09-21T23:30:00+08:00,v4-market-dirichlet-20260913,V4_DIRECTION_FIXED_R1,V4_DIRECTION_FIXED_R1,RUN_20260921_161540,2026-09-21T16:16:51.427975+08:00,2026-09-21T16:15:41+08:00,2026-09-21T16:15:41+08:00,0.02,7.219,7.239,False,False,3a175b15eb1ead68a845,,prior-2026-09-21-v1,"{""snapshot_id"": ""snapshot"", ""source"": ""LEGACY_RAW_FIELD_EXPORT"", ""observed_at"": ""2026-09-21T16:16:51.427975+08:00"", ""home_team"": ""谢纳瓦尔格什姆"", ""away_team"": ""弗兰德诺维"", ""competition"": ""伊朗甲"", ""home_handicap_signed"": null, ""away_handicap_signed"": null, ""home_water_hk"": null, ""away_water_hk"": null, ""quote_at"": ""2026-09-21T16:15:41+08:00"", ""last_confirmed_at"": ""2026-09-21T16:15:41+08:00"", ""run_id"": ""RUN_20260921_161540""}",伊朗甲,MISSING_DATA,,,"[""REQUIRED_MARKET_INPUT_MISSING""]",67c925041686783b7e53,,False,,,,,,,,,,,,,,,,,,,,,,,,,,,,,,,,
3043681,2026-09-21,2026-09-22T00:00:00+08:00,2026-09-22T00:00:00+08:00,v4-market-dirichlet-20260913,V4_DIRECTION_FIXED_R1,V4_DIRECTION_FIXED_R1,RUN_20260921_161540,2026-09-21T16:16:51.427975+08:00,2026-09-21T16:15:41+08:00,2026-09-21T16:15:41+08:00,0.02,7.719,7.739,False,True,dc0fb390cd1f3dc439fd,,prior-2026-09-21-v1,"{""snapshot_id"": ""snapshot"", ""source"": ""LEGACY_RAW_FIELD_EXPORT"", ""observed_at"": ""2026-09-21T16:16:51.427975+08:00"", ""home_team"": ""柏德博恩B队"", ""away_team"": ""多蒙特业余队"", ""competition"": ""德地区西"", ""home_handicap_signed"": -0.25, ""away_handicap_signed"": 0.25, ""home_water_hk"": 0.92, ""away_water_hk"": 0.92, ""titan_home_handicap_signed"": -0.25, ""titan_away_handicap_signed"": 0.25, ""giving_team"": ""多蒙特业余队"", ""receiving_team"": ""柏德博恩B队"", ""giving_water"": 0.92, ""receiving_water"": 0.92, ""side_identity"": ""Titan signed AH"", ""quote_at"": ""2026-09-21T16:15:41+08:00"", ""last_confirmed_at"": ""2026-09-21T16:15:41+08:00"", ""run_id"": ""RUN_20260921_161540""}",德地区西,EVALUATED,N,,"[""BUCKET_0.25"", ""SIDE_IDENTITY_VALID"", ""FLAT_LINE_GIVING_WATER_DROP""]",27206b6e891ae49fa049,,False,真实示弱/阻下,FLAT_LINE_GIVING_WATER_DROP,receiving,柏德博恩B队,0.92,0.25,多蒙特业余队,giving,0.92,柏德博恩B队,receiving,0.25,0.92,"{""W"": 0.2743055555555556, ""HW"": 0.3020833333333333, ""P"": 0.0, ""HL"": 0.0, ""L"": 0.4236111111111111}",-0.03229166666666666,-0.11448722589678356,-0.09596376999176365,-0.032592820088339136,0.031052673982786938,0.0478793994592584,0.2578,"{""team"": ""多蒙特业余队"", ""water"": 0.92, ""EV_mean"": -0.03562499999999999, ""EV_p10"": -0.09762813279087582, ""P_EV_gt_0"": 0.232, ""status"": ""DIAGNOSTIC_ONLY""}","{""team"": ""柏德博恩B队"", ""water"": 0.92, ""EV_mean"": -0.03229166666666666, ""EV_p10"": -0.09482345847209372, ""P_EV_gt_0"": 0.2568, ""status"": ""DIAGNOSTIC_ONLY""}",V4_DIRECTION_FIXED_R1,,,,,,,,
3089228,2026-09-21,2026-09-22T00:00:00+08:00,2026-09-22T00:00:00+08:00,v4-market-dirichlet-20260913,V4_DIRECTION_FIXED_R1,V4_DIRECTION_FIXED_R1,RUN_20260921_161540,2026-09-21T16:16:51.427975+08:00,2026-09-21T16:15:41+08:00,2026-09-21T16:15:41+08:00,0.02,7.719,7.739,False,False,a2f84e4559d7150b0135,,prior-2026-09-21-v1,"{""snapshot_id"": ""snapshot"", ""source"": ""LEGACY_RAW_FIELD_EXPORT"", ""observed_at"": ""2026-09-21T16:16:51.427975+08:00"", ""home_team"": ""沙辛班达尔"", ""away_team"": ""帕尔斯布什尔"", ""competition"": ""伊朗甲"", ""home_handicap_signed"": null, ""away_handicap_signed"": null, ""home_water_hk"": null, ""away_water_hk"": null, ""quote_at"": ""2026-09-21T16:15:41+08:00"", ""last_confirmed_at"": ""2026-09-21T16:15:41+08:00"", ""run_id"": ""RUN_20260921_161540""}",伊朗甲,MISSING_DATA,,,"[""REQUIRED_MARKET_INPUT_MISSING""]",3f1405067e6a4b3aa5f4,,False,,,,,,,,,,,,,,,,,,,,,,,,,,,,,,,,
2966263,2026-09-21,2026-09-22T00:00:00+08:00,2026-09-22T00:00:00+08:00,v4-market-dirichlet-20260913,V4_DIRECTION_FIXED_R1,V4_DIRECTION_FIXED_R1,RUN_20260921_161540,2026-09-21T16:16:51.427975+08:00,2026-09-21T16:15:41+08:00,2026-09-21T16:15:41+08:00,0.02,7.719,7.739,False,False,c618df6c66018f5f74c8,,prior-2026-09-21-v1,"{""snapshot_id"": ""snapshot"", ""source"": ""LEGACY_RAW_FIELD_EXPORT"", ""observed_at"": ""2026-09-21T16:16:51.427975+08:00"", ""home_team"": ""莫斯科切尔塔诺沃"", ""away_team"": ""多尔戈普鲁德尼"", ""competition"": ""俄乙B西"", ""home_handicap_signed"": null, ""away_handicap_signed"": null, ""home_water_hk"": null, ""away_water_hk"": null, ""quote_at"": ""2026-09-21T16:15:41+08:00"", ""last_confirmed_at"": ""2026-09-21T16:15:41+08:00"", ""run_id"": ""RUN_20260921_161540""}",俄乙B西,NEUTRAL,,,"[""NEUTRAL_INTENT"", ""MARKET_MOVE_BALANCED""]",bba90d77cdd3a21bc72f,,False,平衡盘/等待临场确认,,neutral,,,,,,,,,,,,,,,,,,,,,,,,,,,,,
3050262,2026-09-21,2026-09-22T00:00:00+08:00,2026-09-22T00:00:00+08:00,v4-market-dirichlet-20260913,V4_DIRECTION_FIXED_R1,V4_DIRECTION_FIXED_R1,RUN_20260921_161540,2026-09-21T16:16:51.427975+08:00,2026-09-21T16:15:41+08:00,2026-09-21T16:15:41+08:00,0.02,7.719,7.739,False,True,68560f3083e6e41341b8,,prior-2026-09-21-v1,"{""snapshot_id"": ""snapshot"", ""source"": ""LEGACY_RAW_FIELD_EXPORT"", ""observed_at"": ""2026-09-21T16:16:51.427975+08:00"", ""home_team"": ""嘉沃伊万基卡"", ""away_team"": ""普罗莱特023"", ""competition"": ""塞尔甲"", ""home_handicap_signed"": 1.75, ""away_handicap_signed"": -1.75, ""home_water_hk"": 0.67, ""away_water_hk"": 1.03, ""titan_home_handicap_signed"": 1.75, ""titan_away_handicap_signed"": -1.75, ""giving_team"": ""嘉沃伊万基卡"", ""receiving_team"": ""普罗莱特023"", ""giving_water"": 0.67, ""receiving_water"": 1.03, ""side_identity"": ""Titan signed AH"", ""quote_at"": ""2026-09-21T16:15:41+08:00"", ""last_confirmed_at"": ""2026-09-21T16:15:41+08:00"", ""run_id"": ""RUN_20260921_161540""}",塞尔甲,EVALUATED,N,,"[""BUCKET_1.75"", ""SIDE_IDENTITY_VALID"", ""FLAT_LINE_GIVING_WATER_DROP""]",c059b8a4aab24a94dfa1,,False,真实示弱/阻下,FLAT_LINE_GIVING_WATER_DROP,receiving,普罗莱特023,1.03,1.75,嘉沃伊万基卡,giving,0.67,普罗莱特023,receiving,1.75,1.03,"{""W"": 0.4, ""HW"": 0.0, ""P"": 0.0, ""HL"": 0.2857142857142857, ""L"": 0.3142857142857143}",-0.045142857142857096,-0.2794531628616486,-0.23264285240607743,-0.0443953165005474,0.15119282350970475,0.2044551752333233,0.379,"{""team"": ""嘉沃伊万基卡"", ""water"": 0.67, ""EV_mean"": -0.09371428571428575, ""EV_p10"": -0.2564179568752839, ""P_EV_gt_0"": 0.2268, ""status"": ""DIAGNOSTIC_ONLY""}","{""team"": ""普罗莱特023"", ""water"": 1.03, ""EV_mean"": -0.045142857142857096, ""EV_p10"": -0.2382397355071655, ""P_EV_gt_0"": 0.3878, ""status"": ""DIAGNOSTIC_ONLY""}",V4_DIRECTION_FIXED_R1,,,,,,,,
3050263,2026-09-21,2026-09-22T00:00:00+08:00,2026-09-22T00:00:00+08:00,v4-market-dirichlet-20260913,V4_DIRECTION_FIXED_R1,V4_DIRECTION_FIXED_R1,RUN_20260921_161540,2026-09-21T16:16:51.427975+08:00,2026-09-21T16:15:41+08:00,2026-09-21T16:15:41+08:00,0.02,7.719,7.739,False,False,1f4debfe181a52a5f992,,prior-2026-09-21-v1,"{""snapshot_id"": ""snapshot"", ""source"": ""LEGACY_RAW_FIELD_EXPORT"", ""observed_at"": ""2026-09-21T16:16:51.427975+08:00"", ""home_team"": ""杰登斯渥"", ""away_team"": ""洛兹尼察"", ""competition"": ""塞尔甲"", ""home_handicap_signed"": null, ""away_handicap_signed"": null, ""home_water_hk"": null, ""away_water_hk"": null, ""quote_at"": ""2026-09-21T16:15:41+08:00"", ""last_confirmed_at"": ""2026-09-21T16:15:41+08:00"", ""run_id"": ""RUN_20260921_161540""}",塞尔甲,NEUTRAL,,,"[""PK_NEUTRAL_NO_GIVING_SIDE""]",483f8ab5e8b04525a996,,False,,,,,,,,,,,,,,,,,,,,,,,,,,,,,,,,
3050264,2026-09-21,2026-09-22T00:00:00+08:00,2026-09-22T00:00:00+08:00,v4-market-dirichlet-20260913,V4_DIRECTION_FIXED_R1,V4_DIRECTION_FIXED_R1,RUN_20260921_161540,2026-09-21T16:16:51.427975+08:00,2026-09-21T16:15:41+08:00,2026-09-21T16:15:41+08:00,0.02,7.719,7.739,False,False,5550f6a3db8b5da9018e,,prior-2026-09-21-v1,"{""snapshot_id"": ""snapshot"", ""source"": ""LEGACY_RAW_FIELD_EXPORT"", ""observed_at"": ""2026-09-21T16:16:51.427975+08:00"", ""home_team"": ""FK梅塔拉卡"", ""away_team"": ""格拉菲卡贝尔格莱德"", ""competition"": ""塞尔甲"", ""home_handicap_signed"": null, ""away_handicap_signed"": null, ""home_water_hk"": null, ""away_water_hk"": null, ""quote_at"": ""2026-09-21T16:15:41+08:00"", ""last_confirmed_at"": ""2026-09-21T16:15:41+08:00"", ""run_id"": ""RUN_20260921_161540""}",塞尔甲,NEUTRAL,,,"[""NEUTRAL_INTENT"", ""MARKET_MOVE_BALANCED""]",c01f381d6ab8c4ec5888,,False,平衡盘/等待临场确认,,neutral,,,,,,,,,,,,,,,,,,,,,,,,,,,,,
3050382,2026-09-21,2026-09-22T00:00:00+08:00,2026-09-22T00:00:00+08:00,v4-market-dirichlet-20260913,V4_DIRECTION_FIXED_R1,V4_DIRECTION_FIXED_R1,RUN_20260921_161540,2026-09-21T16:16:51.427975+08:00,2026-09-21T16:15:41+08:00,2026-09-21T16:15:41+08:00,0.02,7.719,7.739,False,False,8a4fd604ff97e8cb41f6,,prior-2026-09-21-v1,"{""snapshot_id"": ""snapshot"", ""source"": ""LEGACY_RAW_FIELD_EXPORT"", ""observed_at"": ""2026-09-21T16:16:51.427975+08:00"", ""home_team"": ""纳普里达克"", ""away_team"": ""塞门德里亚1924"", ""competition"": ""塞尔甲"", ""home_handicap_signed"": null, ""away_handicap_signed"": null, ""home_water_hk"": null, ""away_water_hk"": null, ""quote_at"": ""2026-09-21T16:15:41+08:00"", ""last_confirmed_at"": ""2026-09-21T16:15:41+08:00"", ""run_id"": ""RUN_20260921_161540""}",塞尔甲,NEUTRAL,,,"[""NEUTRAL_INTENT"", ""MARKET_MOVE_BALANCED""]",59455f63ff8570cee582,,False,平衡盘/等待临场确认,,neutral,,,,,,,,,,,,,,,,,,,,,,,,,,,,,
3089646,2026-09-21,2026-09-22T00:00:00+08:00,2026-09-22T00:00:00+08:00,v4-market-dirichlet-20260913,V4_DIRECTION_FIXED_R1,V4_DIRECTION_FIXED_R1,RUN_20260921_161540,2026-09-21T16:16:51.427975+08:00,2026-09-21T16:15:41+08:00,2026-09-21T16:15:41+08:00,0.02,7.719,7.739,False,False,9fc3ee0ce954764b2a36,,prior-2026-09-21-v1,"{""snapshot_id"": ""snapshot"", ""source"": ""LEGACY_RAW_FIELD_EXPORT"", ""observed_at"": ""2026-09-21T16:16:51.427975+08:00"", ""home_team"": ""斯威士兰U20"", ""away_team"": ""莱索托U20"", ""competition"": ""非青杯外"", ""home_handicap_signed"": null, ""away_handicap_signed"": null, ""home_water_hk"": null, ""away_water_hk"": null, ""quote_at"": ""2026-09-21T16:15:41+08:00"", ""last_confirmed_at"": ""2026-09-21T16:15:41+08:00"", ""run_id"": ""RUN_20260921_161540""}",非青杯外,MISSING_DATA,,,"[""REQUIRED_MARKET_INPUT_MISSING""]",8526109b4e1f2d16f383,,False,,,,,,,,,,,,,,,,,,,,,,,,,,,,,,,,
3006194,2026-09-21,2026-09-22T00:00:00+08:00,2026-09-22T00:00:00+08:00,v4-market-dirichlet-20260913,V4_DIRECTION_FIXED_R1,V4_DIRECTION_FIXED_R1,RUN_20260921_161540,2026-09-21T16:16:51.427975+08:00,2026-09-21T16:15:41+08:00,2026-09-21T16:15:41+08:00,0.02,7.719,7.739,False,False,8e260b28fb46f1bc547e,,prior-2026-09-21-v1,"{""snapshot_id"": ""snapshot"", ""source"": ""LEGACY_RAW_FIELD_EXPORT"", ""observed_at"": ""2026-09-21T16:16:51.427975+08:00"", ""home_team"": ""莫格伦"", ""away_team"": ""吉斯科普"", ""competition"": ""黑山乙"", ""home_handicap_signed"": null, ""away_handicap_signed"": null, ""home_water_hk"": null, ""away_water_hk"": null, ""quote_at"": ""2026-09-21T16:15:41+08:00"", ""last_confirmed_at"": ""2026-09-21T16:15:41+08:00"", ""run_id"": ""RUN_20260921_161540""}",黑山乙,MISSING_DATA,,,"[""REQUIRED_MARKET_INPUT_MISSING""]",83b2e2de5718e269afe6,,False,,,,,,,,,,,,,,,,,,,,,,,,,,,,,,,,
3006196,2026-09-21,2026-09-22T00:00:00+08:00,2026-09-22T00:00:00+08:00,v4-market-dirichlet-20260913,V4_DIRECTION_FIXED_R1,V4_DIRECTION_FIXED_R1,RUN_20260921_161540,2026-09-21T16:16:51.427975+08:00,2026-09-21T16:15:41+08:00,2026-09-21T16:15:41+08:00,0.02,7.719,7.739,False,False,df9081f1936dd528df12,,prior-2026-09-21-v1,"{""snapshot_id"": ""snapshot"", ""source"": ""LEGACY_RAW_FIELD_EXPORT"", ""observed_at"": ""2026-09-21T16:16:51.427975+08:00"", ""home_team"": ""泽塔"", ""away_team"": ""耶汀斯特沃BP"", ""competition"": ""黑山乙"", ""home_handicap_signed"": null, ""away_handicap_signed"": null, ""home_water_hk"": null, ""away_water_hk"": null, ""quote_at"": ""2026-09-21T16:15:41+08:00"", ""last_confirmed_at"": ""2026-09-21T16:15:41+08:00"", ""run_id"": ""RUN_20260921_161540""}",黑山乙,MISSING_DATA,,,"[""REQUIRED_MARKET_INPUT_MISSING""]",a6485b5ca293041366dc,,False,,,,,,,,,,,,,,,,,,,,,,,,,,,,,,,,
3093678,2026-09-21,2026-09-22T00:00:00+08:00,2026-09-22T00:00:00+08:00,v4-market-dirichlet-20260913,V4_DIRECTION_FIXED_R1,V4_DIRECTION_FIXED_R1,RUN_20260921_161540,2026-09-21T16:16:51.427975+08:00,2026-09-21T16:15:41+08:00,2026-09-21T16:15:41+08:00,0.02,7.719,7.739,False,False,a78f475cb7d87546d773,,prior-2026-09-21-v1,"{""snapshot_id"": ""snapshot"", ""source"": ""LEGACY_RAW_FIELD_EXPORT"", ""observed_at"": ""2026-09-21T16:16:51.427975+08:00"", ""home_team"": ""安提瓜GFC后备队"", ""away_team"": ""穆尼斯帕尔后备队"", ""competition"": ""危地后备"", ""home_handicap_signed"": null, ""away_handicap_signed"": null, ""home_water_hk"": null, ""away_water_hk"": null, ""quote_at"": ""2026-09-21T16:15:41+08:00"", ""last_confirmed_at"": ""2026-09-21T16:15:41+08:00"", ""run_id"": ""RUN_20260921_161540""}",危地后备,MISSING_DATA,,,"[""REQUIRED_MARKET_INPUT_MISSING""]",fbf5117c5799914728c6,,False,,,,,,,,,,,,,,,,,,,,,,,,,,,,,,,,
3017162,2026-09-21,2026-09-22T00:00:00+08:00,2026-09-22T00:00:00+08:00,v4-market-dirichlet-20260913,V4_DIRECTION_FIXED_R1,V4_DIRECTION_FIXED_R1,RUN_20260921_161540,2026-09-21T16:16:51.427975+08:00,2026-09-21T16:15:41+08:00,2026-09-21T16:15:41+08:00,0.02,7.719,7.739,False,True,ed5c4c5d8f6450b9c80c,,prior-2026-09-21-v1,"{""snapshot_id"": ""snapshot"", ""source"": ""LEGACY_RAW_FIELD_EXPORT"", ""observed_at"": ""2026-09-21T16:16:51.427975+08:00"", ""home_team"": ""多布鲁察"", ""away_team"": ""索菲亚中央陆军B队"", ""competition"": ""保乙"", ""home_handicap_signed"": -0.25, ""away_handicap_signed"": 0.25, ""home_water_hk"": 0.93, ""away_water_hk"": 0.83, ""titan_home_handicap_signed"": -0.25, ""titan_away_handicap_signed"": 0.25, ""giving_team"": ""索菲亚中央陆军B队"", ""receiving_team"": ""多布鲁察"", ""giving_water"": 0.83, ""receiving_water"": 0.93, ""side_identity"": ""Titan signed AH"", ""quote_at"": ""2026-09-21T16:15:41+08:00"", ""last_confirmed_at"": ""2026-09-21T16:15:41+08:00"", ""run_id"": ""RUN_20260921_161540""}",保乙,EVALUATED,N,,"[""BUCKET_0.25"", ""SIDE_IDENTITY_VALID"", ""MARKET_MOVE_SHALLOWER_WITH_GIVING_WATER_DROP""]",64bfa04193682c9f3ce0,,False,降温保护/诱下,MARKET_MOVE_SHALLOWER_WITH_GIVING_WATER_DROP,giving,索菲亚中央陆军B队,0.83,0.25,多布鲁察,receiving,0.93,索菲亚中央陆军B队,giving,-0.25,0.83,"{""W"": 0.4236111111111111, ""HW"": 0.0, ""P"": 0.0, ""HL"": 0.3020833333333333, ""L"": 0.2743055555555556}",-0.07375000000000001,-0.14910406397492446,-0.13253755654023594,-0.07320101993409689,-0.012653257470806673,0.003322737639256279,0.0566,"{""team"": ""索菲亚中央陆军B队"", ""water"": 0.83, ""EV_mean"": -0.07375000000000001, ""EV_p10"": -0.1345811830789927, ""P_EV_gt_0"": 0.0636, ""status"": ""DIAGNOSTIC_ONLY""}","{""team"": ""多布鲁察"", ""water"": 0.93, ""EV_mean"": -0.028038194444444386, ""EV_p10"": -0.0925755218495739, ""P_EV_gt_0"": 0.2864, ""status"": ""DIAGNOSTIC_ONLY""}",V4_DIRECTION_FIXED_R1,,,,,,,,
3017168,2026-09-21,2026-09-22T00:00:00+08:00,2026-09-22T00:00:00+08:00,v4-market-dirichlet-20260913,V4_DIRECTION_FIXED_R1,V4_DIRECTION_FIXED_R1,RUN_20260921_161540,2026-09-21T16:16:51.427975+08:00,2026-09-21T16:15:41+08:00,2026-09-21T16:15:41+08:00,0.02,7.719,7.739,False,True,bf71a4ec16adca8ca3c4,,prior-2026-09-21-v1,"{""snapshot_id"": ""snapshot"", ""source"": ""LEGACY_RAW_FIELD_EXPORT"", ""observed_at"": ""2026-09-21T16:16:51.427975+08:00"", ""home_team"": ""保利文斯巴达"", ""away_team"": ""卢多戈雷茨B队"", ""competition"": ""保乙"", ""home_handicap_signed"": 0.25, ""away_handicap_signed"": -0.25, ""home_water_hk"": 0.98, ""away_water_hk"": 0.78, ""titan_home_handicap_signed"": 0.25, ""titan_away_handicap_signed"": -0.25, ""giving_team"": ""保利文斯巴达"", ""receiving_team"": ""卢多戈雷茨B队"", ""giving_water"": 0.98, ""receiving_water"": 0.78, ""side_identity"": ""Titan signed AH"", ""quote_at"": ""2026-09-21T16:15:41+08:00"", ""last_confirmed_at"": ""2026-09-21T16:15:41+08:00"", ""run_id"": ""RUN_20260921_161540""}",保乙,EVALUATED,N,,"[""BUCKET_0.25"", ""SIDE_IDENTITY_VALID"", ""FLAT_LINE_GIVING_WATER_RISE""]",10caed976fc969bf9e05,,False,阻下/下盘保护,FLAT_LINE_GIVING_WATER_RISE,receiving,卢多戈雷茨B队,0.78,0.25,保利文斯巴达,giving,0.98,卢多戈雷茨B队,receiving,0.25,0.78,"{""W"": 0.2743055555555556, ""HW"": 0.3020833333333333, ""P"": 0.0, ""HL"": 0.0, ""L"": 0.4236111111111111}",-0.09184027777777776,-0.16898882773914792,-0.1506412497143964,-0.08958094561615221,-0.03189273501822726,-0.015673537587653386,0.0262,"{""team"": ""保利文斯巴达"", ""water"": 0.98, ""EV_mean"": -0.010208333333333375, ""EV_p10"": -0.07656440445339824, ""P_EV_gt_0"": 0.4278, ""status"": ""DIAGNOSTIC_ONLY""}","{""team"": ""卢多戈雷茨B队"", ""water"": 0.78, ""EV_mean"": -0.09184027777777776, ""EV_p10"": -0.1540622877511879, ""P_EV_gt_0"": 0.0242, ""status"": ""DIAGNOSTIC_ONLY""}",V4_DIRECTION_FIXED_R1,,,,,,,,
3034792,2026-09-21,2026-09-22T00:00:00+08:00,2026-09-22T00:00:00+08:00,v4-market-dirichlet-20260913,V4_DIRECTION_FIXED_R1,V4_DIRECTION_FIXED_R1,RUN_20260921_161540,2026-09-21T16:16:51.427975+08:00,2026-09-21T16:15:41+08:00,2026-09-21T16:15:41+08:00,0.02,7.719,7.739,False,True,d53ee40fc1da98e3d257,,prior-2026-09-21-v1,"{""snapshot_id"": ""snapshot"", ""source"": ""LEGACY_RAW_FIELD_EXPORT"", ""observed_at"": ""2026-09-21T16:16:51.427975+08:00"", ""home_team"": ""云达不莱梅女足"", ""away_team"": ""斯图加特女足"", ""competition"": ""德女联"", ""home_handicap_signed"": 0.5, ""away_handicap_signed"": -0.5, ""home_water_hk"": 0.74, ""away_water_hk"": 0.96, ""titan_home_handicap_signed"": 0.5, ""titan_away_handicap_signed"": -0.5, ""giving_team"": ""云达不莱梅女足"", ""receiving_team"": ""斯图加特女足"", ""giving_water"": 0.74, ""receiving_water"": 0.96, ""side_identity"": ""Titan signed AH"", ""quote_at"": ""2026-09-21T16:15:41+08:00"", ""last_confirmed_at"": ""2026-09-21T16:15:41+08:00"", ""run_id"": ""RUN_20260921_161540""}",德女联,EVALUATED,N,,"[""BUCKET_0.50"", ""SIDE_IDENTITY_VALID"", ""FLAT_LINE_GIVING_WATER_DROP""]",d53ee40fc1da98e3d257,,False,真实示弱/阻下,FLAT_LINE_GIVING_WATER_DROP,receiving,斯图加特女足,0.96,0.5,云达不莱梅女足,giving,0.74,斯图加特女足,receiving,0.5,0.96,"{""W"": 0.5028571428571429, ""HW"": 0.0, ""P"": 0.0, ""HL"": 0.0, ""L"": 0.49714285714285716}",-0.014400000000000024,-0.13300611287434688,-0.10691478980802871,-0.014265680123563218,0.08381157542990725,0.11068396107081885,0.4262,"{""team"": ""云达不莱梅女足"", ""water"": 0.74, ""EV_mean"": -0.13497142857142858, ""EV_p10"": -0.22161382753832376, ""P_EV_gt_0"": 0.024, ""status"": ""DIAGNOSTIC_ONLY""}","{""team"": ""斯图加特女足"", ""water"": 0.96, ""EV_mean"": -0.014400000000000024, ""EV_p10"": -0.10662945061779006, ""P_EV_gt_0"": 0.4302, ""status"": ""DIAGNOSTIC_ONLY""}",V4_DIRECTION_FIXED_R1,,,,,,,,
2967707,2026-09-21,2026-09-22T00:00:00+08:00,2026-09-22T00:00:00+08:00,v4-market-dirichlet-20260913,V4_DIRECTION_FIXED_R1,V4_DIRECTION_FIXED_R1,RUN_20260921_161540,2026-09-21T16:16:51.427975+08:00,2026-09-21T16:15:41+08:00,2026-09-21T16:15:41+08:00,0.02,7.719,7.739,False,False,c2ce7a9bc16c94a24284,,prior-2026-09-21-v1,"{""snapshot_id"": ""snapshot"", ""source"": ""LEGACY_RAW_FIELD_EXPORT"", ""observed_at"": ""2026-09-21T16:16:51.427975+08:00"", ""home_team"": ""斯帕杰卡维克"", ""away_team"": ""罗森博格B队"", ""competition"": ""挪丙"", ""home_handicap_signed"": null, ""away_handicap_signed"": null, ""home_water_hk"": null, ""away_water_hk"": null, ""quote_at"": ""2026-09-21T16:15:41+08:00"", ""last_confirmed_at"": ""2026-09-21T16:15:41+08:00"", ""run_id"": ""RUN_20260921_161540""}",挪丙,MISSING_DATA,,,"[""REQUIRED_MARKET_INPUT_MISSING""]",518866f90d471e60f3d5,,False,,,,,,,,,,,,,,,,,,,,,,,,,,,,,,,,
2968070,2026-09-21,2026-09-22T00:00:00+08:00,2026-09-22T00:00:00+08:00,v4-market-dirichlet-20260913,V4_DIRECTION_FIXED_R1,V4_DIRECTION_FIXED_R1,RUN_20260921_161540,2026-09-21T16:16:51.427975+08:00,2026-09-21T16:15:41+08:00,2026-09-21T16:15:41+08:00,0.02,7.719,7.739,False,False,cfedfaed7ac94a4048b5,,prior-2026-09-21-v1,"{""snapshot_id"": ""snapshot"", ""source"": ""LEGACY_RAW_FIELD_EXPORT"", ""observed_at"": ""2026-09-21T16:16:51.427975+08:00"", ""home_team"": ""玛达"", ""away_team"": ""侯格辛特B队"", ""competition"": ""挪丙"", ""home_handicap_signed"": null, ""away_handicap_signed"": null, ""home_water_hk"": null, ""away_water_hk"": null, ""quote_at"": ""2026-09-21T16:15:41+08:00"", ""last_confirmed_at"": ""2026-09-21T16:15:41+08:00"", ""run_id"": ""RUN_20260921_161540""}",挪丙,MISSING_DATA,,,"[""REQUIRED_MARKET_INPUT_MISSING""]",8f81ee8ccb58989e76fc,,False,,,,,,,,,,,,,,,,,,,,,,,,,,,,,,,,
2968072,2026-09-21,2026-09-22T00:00:00+08:00,2026-09-22T00:00:00+08:00,v4-market-dirichlet-20260913,V4_DIRECTION_FIXED_R1,V4_DIRECTION_FIXED_R1,RUN_20260921_161540,2026-09-21T16:16:51.427975+08:00,2026-09-21T16:15:41+08:00,2026-09-21T16:15:41+08:00,0.02,7.719,7.739,False,False,4972cfbe4731145f1afb,,prior-2026-09-21-v1,"{""snapshot_id"": ""snapshot"", ""source"": ""LEGACY_RAW_FIELD_EXPORT"", ""observed_at"": ""2026-09-21T16:16:51.427975+08:00"", ""home_team"": ""约尔珀兰斯塔尔"", ""away_team"": ""维京B队"", ""competition"": ""挪丙"", ""home_handicap_signed"": null, ""away_handicap_signed"": null, ""home_water_hk"": null, ""away_water_hk"": null, ""quote_at"": ""2026-09-21T16:15:41+08:00"", ""last_confirmed_at"": ""2026-09-21T16:15:41+08:00"", ""run_id"": ""RUN_20260921_161540""}",挪丙,MISSING_DATA,,,"[""REQUIRED_MARKET_INPUT_MISSING""]",d634e188bb8a5bd2ee72,,False,,,,,,,,,,,,,,,,,,,,,,,,,,,,,,,,
2968250,2026-09-21,2026-09-22T00:00:00+08:00,2026-09-22T00:00:00+08:00,v4-market-dirichlet-20260913,V4_DIRECTION_FIXED_R1,V4_DIRECTION_FIXED_R1,RUN_20260921_161540,2026-09-21T16:16:51.427975+08:00,2026-09-21T16:15:41+08:00,2026-09-21T16:15:41+08:00,0.02,7.719,7.739,False,False,d2b707877d8bba18e74c,,prior-2026-09-21-v1,"{""snapshot_id"": ""snapshot"", ""source"": ""LEGACY_RAW_FIELD_EXPORT"", ""observed_at"": ""2026-09-21T16:16:51.427975+08:00"", ""home_team"": ""阿尔达"", ""away_team"": ""斯托姆加斯特B队"", ""competition"": ""挪丙"", ""home_handicap_signed"": null, ""away_handicap_signed"": null, ""home_water_hk"": null, ""away_water_hk"": null, ""quote_at"": ""2026-09-21T16:15:41+08:00"", ""last_confirmed_at"": ""2026-09-21T16:15:41+08:00"", ""run_id"": ""RUN_20260921_161540""}",挪丙,MISSING_DATA,,,"[""REQUIRED_MARKET_INPUT_MISSING""]",4b00c0e747e327e9d699,,False,,,,,,,,,,,,,,,,,,,,,,,,,,,,,,,,
2968432,2026-09-21,2026-09-22T00:00:00+08:00,2026-09-22T00:00:00+08:00,v4-market-dirichlet-20260913,V4_DIRECTION_FIXED_R1,V4_DIRECTION_FIXED_R1,RUN_20260921_161540,2026-09-21T16:16:51.427975+08:00,2026-09-21T16:15:41+08:00,2026-09-21T16:15:41+08:00,0.02,7.719,7.739,False,False,67c79d3130f014ba0bcf,,prior-2026-09-21-v1,"{""snapshot_id"": ""snapshot"", ""source"": ""LEGACY_RAW_FIELD_EXPORT"", ""observed_at"": ""2026-09-21T16:16:51.427975+08:00"", ""home_team"": ""布鲁蒙德尔"", ""away_team"": ""桑德菲杰B队"", ""competition"": ""挪丙"", ""home_handicap_signed"": null, ""away_handicap_signed"": null, ""home_water_hk"": null, ""away_water_hk"": null, ""quote_at"": ""2026-09-21T16:15:41+08:00"", ""last_confirmed_at"": ""2026-09-21T16:15:41+08:00"", ""run_id"": ""RUN_20260921_161540""}",挪丙,MISSING_DATA,,,"[""REQUIRED_MARKET_INPUT_MISSING""]",251eef180c6e4ab96c74,,False,,,,,,,,,,,,,,,,,,,,,,,,,,,,,,,,
2968437,2026-09-21,2026-09-22T00:00:00+08:00,2026-09-22T00:00:00+08:00,v4-market-dirichlet-20260913,V4_DIRECTION_FIXED_R1,V4_DIRECTION_FIXED_R1,RUN_20260921_161540,2026-09-21T16:16:51.427975+08:00,2026-09-21T16:15:41+08:00,2026-09-21T16:15:41+08:00,0.02,7.719,7.739,False,False,6c0b5a91b76bd3a73d74,,prior-2026-09-21-v1,"{""snapshot_id"": ""snapshot"", ""source"": ""LEGACY_RAW_FIELD_EXPORT"", ""observed_at"": ""2026-09-21T16:16:51.427975+08:00"", ""home_team"": ""利恩B队"", ""away_team"": ""斯巴达萨普斯堡B队"", ""competition"": ""挪丙"", ""home_handicap_signed"": null, ""away_handicap_signed"": null, ""home_water_hk"": null, ""away_water_hk"": null, ""quote_at"": ""2026-09-21T16:15:41+08:00"", ""last_confirmed_at"": ""2026-09-21T16:15:41+08:00"", ""run_id"": ""RUN_20260921_161540""}",挪丙,MISSING_DATA,,,"[""REQUIRED_MARKET_INPUT_MISSING""]",8a628ae992918d0b3e42,,False,,,,,,,,,,,,,,,,,,,,,,,,,,,,,,,,
3017165,2026-09-21,2026-09-22T00:30:00+08:00,2026-09-22T00:30:00+08:00,v4-market-dirichlet-20260913,V4_DIRECTION_FIXED_R1,V4_DIRECTION_FIXED_R1,RUN_20260921_161540,2026-09-21T16:16:51.427975+08:00,2026-09-21T16:15:41+08:00,2026-09-21T16:15:41+08:00,0.02,8.219,8.239,False,True,10077e3afc055b886edf,,prior-2026-09-21-v1,"{""snapshot_id"": ""snapshot"", ""source"": ""LEGACY_RAW_FIELD_EXPORT"", ""observed_at"": ""2026-09-21T16:16:51.427975+08:00"", ""home_team"": ""FC蒙塔纳"", ""away_team"": ""赫巴"", ""competition"": ""保乙"", ""home_handicap_signed"": 0.25, ""away_handicap_signed"": -0.25, ""home_water_hk"": 0.83, ""away_water_hk"": 0.93, ""titan_home_handicap_signed"": 0.25, ""titan_away_handicap_signed"": -0.25, ""giving_team"": ""FC蒙塔纳"", ""receiving_team"": ""赫巴"", ""giving_water"": 0.83, ""receiving_water"": 0.93, ""side_identity"": ""Titan signed AH"", ""quote_at"": ""2026-09-21T16:15:41+08:00"", ""last_confirmed_at"": ""2026-09-21T16:15:41+08:00"", ""run_id"": ""RUN_20260921_161540""}",保乙,EVALUATED,N,,"[""BUCKET_0.25"", ""SIDE_IDENTITY_VALID"", ""MARKET_MOVE_SHALLOWER_WITH_GIVING_WATER_RESISTANCE""]",1624e083a03c74c95166,,False,诱上/阻下,MARKET_MOVE_SHALLOWER_WITH_GIVING_WATER_RESISTANCE,receiving,赫巴,0.93,0.25,FC蒙塔纳,giving,0.83,赫巴,receiving,0.25,0.93,"{""W"": 0.2743055555555556, ""HW"": 0.3020833333333333, ""P"": 0.0, ""HL"": 0.0, ""L"": 0.4236111111111111}",-0.028038194444444386,-0.1118258207197198,-0.09193037278452665,-0.028643947683129445,0.035202703663704316,0.056029690273026456,0.2798,"{""team"": ""FC蒙塔纳"", ""water"": 0.83, ""EV_mean"": -0.07375000000000001, ""EV_p10"": -0.13302113895772738, ""P_EV_gt_0"": 0.0624, ""status"": ""DIAGNOSTIC_ONLY""}","{""team"": ""赫巴"", ""water"": 0.93, ""EV_mean"": -0.028038194444444386, ""EV_p10"": -0.09309569341260965, ""P_EV_gt_0"": 0.2958, ""status"": ""DIAGNOSTIC_ONLY""}",V4_DIRECTION_FIXED_R1,,,,,,,,
2967885,2026-09-21,2026-09-22T00:30:00+08:00,2026-09-22T00:30:00+08:00,v4-market-dirichlet-20260913,V4_DIRECTION_FIXED_R1,V4_DIRECTION_FIXED_R1,RUN_20260921_161540,2026-09-21T16:16:51.427975+08:00,2026-09-21T16:15:41+08:00,2026-09-21T16:15:41+08:00,0.02,8.219,8.239,False,False,da93dbe4b182bf429f59,,prior-2026-09-21-v1,"{""snapshot_id"": ""snapshot"", ""source"": ""LEGACY_RAW_FIELD_EXPORT"", ""observed_at"": ""2026-09-21T16:16:51.427975+08:00"", ""home_team"": ""布兰B队"", ""away_team"": ""费林根达伦"", ""competition"": ""挪丙"", ""home_handicap_signed"": null, ""away_handicap_signed"": null, ""home_water_hk"": null, ""away_water_hk"": null, ""quote_at"": ""2026-09-21T16:15:41+08:00"", ""last_confirmed_at"": ""2026-09-21T16:15:41+08:00"", ""run_id"": ""RUN_20260921_161540""}",挪丙,MISSING_DATA,,,"[""REQUIRED_MARKET_INPUT_MISSING""]",0a89bb0c386010f81e60,,False,,,,,,,,,,,,,,,,,,,,,,,,,,,,,,,,
2919908,2026-09-21,2026-09-22T01:00:00+08:00,2026-09-22T01:00:00+08:00,v4-market-dirichlet-20260913,V4_DIRECTION_FIXED_R1,V4_DIRECTION_FIXED_R1,RUN_20260921_161540,2026-09-21T16:16:51.427975+08:00,2026-09-21T16:15:41+08:00,2026-09-21T16:15:41+08:00,0.02,8.719,8.739,False,False,38bd456d759463e2364a,,prior-2026-09-21-v1,"{""snapshot_id"": ""snapshot"", ""source"": ""LEGACY_RAW_FIELD_EXPORT"", ""observed_at"": ""2026-09-21T16:16:51.427975+08:00"", ""home_team"": ""安吉尔霍姆斯"", ""away_team"": ""艾斯基斯迈"", ""competition"": ""瑞典乙南"", ""home_handicap_signed"": null, ""away_handicap_signed"": null, ""home_water_hk"": null, ""away_water_hk"": null, ""quote_at"": ""2026-09-21T16:15:41+08:00"", ""last_confirmed_at"": ""2026-09-21T16:15:41+08:00"", ""run_id"": ""RUN_20260921_161540""}",瑞典乙南,NEUTRAL,,,"[""PK_NEUTRAL_NO_GIVING_SIDE""]",72e48d90b666d334d280,,False,,,,,,,,,,,,,,,,,,,,,,,,,,,,,,,,
2919912,2026-09-21,2026-09-22T01:00:00+08:00,2026-09-22T01:00:00+08:00,v4-market-dirichlet-20260913,V4_DIRECTION_FIXED_R1,V4_DIRECTION_FIXED_R1,RUN_20260921_161540,2026-09-21T16:16:51.427975+08:00,2026-09-21T16:15:41+08:00,2026-09-21T16:15:41+08:00,0.02,8.719,8.739,False,True,e4093b493585b7093edf,,prior-2026-09-21-v1,"{""snapshot_id"": ""snapshot"", ""source"": ""LEGACY_RAW_FIELD_EXPORT"", ""observed_at"": ""2026-09-21T16:16:51.427975+08:00"", ""home_team"": ""佐高平斯"", ""away_team"": ""斯柯维德"", ""competition"": ""瑞典乙南"", ""home_handicap_signed"": 1.0, ""away_handicap_signed"": -1.0, ""home_water_hk"": 0.94, ""away_water_hk"": 0.76, ""titan_home_handicap_signed"": 1.0, ""titan_away_handicap_signed"": -1.0, ""giving_team"": ""佐高平斯"", ""receiving_team"": ""斯柯维德"", ""giving_water"": 0.94, ""receiving_water"": 0.76, ""side_identity"": ""Titan signed AH"", ""quote_at"": ""2026-09-21T16:15:41+08:00"", ""last_confirmed_at"": ""2026-09-21T16:15:41+08:00"", ""run_id"": ""RUN_20260921_161540""}",瑞典乙南,EVALUATED,N,,"[""BUCKET_1.00"", ""SIDE_IDENTITY_VALID"", ""FLAT_LINE_GIVING_WATER_RISE""]",b487083db77b9564d5d5,,False,阻下/下盘保护,FLAT_LINE_GIVING_WATER_RISE,receiving,斯柯维德,0.76,1.0,佐高平斯,giving,0.94,斯柯维德,receiving,1.0,0.76,"{""W"": 0.42105263157894735, ""HW"": 0.0, ""P"": 0.2236842105263158, ""HL"": 0.0, ""L"": 0.35526315789473684}",-0.03526315789473683,-0.18213738027605703,-0.1491318673554241,-0.03325859949048676,0.0751300647618956,0.10591497131645752,0.3444,"{""team"": ""佐高平斯"", ""water"": 0.94, ""EV_mean"": -0.08710526315789474, ""EV_p10"": -0.21205370733341705, ""P_EV_gt_0"": 0.187, ""status"": ""DIAGNOSTIC_ONLY""}","{""team"": ""斯柯维德"", ""water"": 0.76, ""EV_mean"": -0.03526315789473683, ""EV_p10"": -0.14892913256365348, ""P_EV_gt_0"": 0.3424, ""status"": ""DIAGNOSTIC_ONLY""}",V4_DIRECTION_FIXED_R1,,,,,,,,
2920149,2026-09-21,2026-09-22T01:00:00+08:00,2026-09-22T01:00:00+08:00,v4-market-dirichlet-20260913,V4_DIRECTION_FIXED_R1,V4_DIRECTION_FIXED_R1,RUN_20260921_161540,2026-09-21T16:16:51.427975+08:00,2026-09-21T16:15:41+08:00,2026-09-21T16:15:41+08:00,0.02,8.719,8.739,False,True,fc0dceb5a7c37a319fcd,,prior-2026-09-21-v1,"{""snapshot_id"": ""snapshot"", ""source"": ""LEGACY_RAW_FIELD_EXPORT"", ""observed_at"": ""2026-09-21T16:16:51.427975+08:00"", ""home_team"": ""FC阿尔兰达"", ""away_team"": ""哈马比TFF"", ""competition"": ""瑞典乙北"", ""home_handicap_signed"": -0.75, ""away_handicap_signed"": 0.75, ""home_water_hk"": 0.84, ""away_water_hk"": 0.86, ""titan_home_handicap_signed"": -0.75, ""titan_away_handicap_signed"": 0.75, ""giving_team"": ""哈马比TFF"", ""receiving_team"": ""FC阿尔兰达"", ""giving_water"": 0.86, ""receiving_water"": 0.84, ""side_identity"": ""Titan signed AH"", ""quote_at"": ""2026-09-21T16:15:41+08:00"", ""last_confirmed_at"": ""2026-09-21T16:15:41+08:00"", ""run_id"": ""RUN_20260921_161540""}",瑞典乙北,EVALUATED,N,,"[""BUCKET_0.75"", ""SIDE_IDENTITY_VALID"", ""FLAT_LINE_GIVING_WATER_RISE""]",97ea717b744ebe591a14,,False,阻下/下盘保护,FLAT_LINE_GIVING_WATER_RISE,receiving,FC阿尔兰达,0.84,0.75,哈马比TFF,giving,0.86,FC阿尔兰达,receiving,0.75,0.84,"{""W"": 0.44166666666666665, ""HW"": 0.0, ""P"": 0.0, ""HL"": 0.25833333333333336, ""L"": 0.3}",-0.05816666666666667,-0.18355913677419453,-0.15441359123030254,-0.0583013359833181,0.03624347364167507,0.060867418140582163,0.2192,"{""team"": ""哈马比TFF"", ""water"": 0.86, ""EV_mean"": -0.07258333333333333, ""EV_p10"": -0.17217174690221376, ""P_EV_gt_0"": 0.1758, ""status"": ""DIAGNOSTIC_ONLY""}","{""team"": ""FC阿尔兰达"", ""water"": 0.84, ""EV_mean"": -0.05816666666666667, ""EV_p10"": -0.15497319341618238, ""P_EV_gt_0"": 0.2156, ""status"": ""DIAGNOSTIC_ONLY""}",V4_DIRECTION_FIXED_R1,,,,,,,,
2920155,2026-09-21,2026-09-22T01:00:00+08:00,2026-09-22T01:00:00+08:00,v4-market-dirichlet-20260913,V4_DIRECTION_FIXED_R1,V4_DIRECTION_FIXED_R1,RUN_20260921_161540,2026-09-21T16:16:51.427975+08:00,2026-09-21T16:15:41+08:00,2026-09-21T16:15:41+08:00,0.02,8.719,8.739,False,True,ffd663c2bf6e89cf078c,,prior-2026-09-21-v1,"{""snapshot_id"": ""snapshot"", ""source"": ""LEGACY_RAW_FIELD_EXPORT"", ""observed_at"": ""2026-09-21T16:16:51.427975+08:00"", ""home_team"": ""维萨隆德"", ""away_team"": ""阿西里斯卡"", ""competition"": ""瑞典乙北"", ""home_handicap_signed"": 0.25, ""away_handicap_signed"": -0.25, ""home_water_hk"": 0.85, ""away_water_hk"": 0.85, ""titan_home_handicap_signed"": 0.25, ""titan_away_handicap_signed"": -0.25, ""giving_team"": ""维萨隆德"", ""receiving_team"": ""阿西里斯卡"", ""giving_water"": 0.85, ""receiving_water"": 0.85, ""side_identity"": ""Titan signed AH"", ""quote_at"": ""2026-09-21T16:15:41+08:00"", ""last_confirmed_at"": ""2026-09-21T16:15:41+08:00"", ""run_id"": ""RUN_20260921_161540""}",瑞典乙北,EVALUATED,N,,"[""BUCKET_0.25"", ""SIDE_IDENTITY_VALID"", ""FLAT_LINE_GIVING_WATER_DROP""]",bb71238e1e7347cfc63c,,False,真实示弱/阻下,FLAT_LINE_GIVING_WATER_DROP,receiving,阿西里斯卡,0.85,0.25,维萨隆德,giving,0.85,阿西里斯卡,receiving,0.25,0.85,"{""W"": 0.2743055555555556, ""HW"": 0.3020833333333333, ""P"": 0.0, ""HL"": 0.0, ""L"": 0.4236111111111111}",-0.06206597222222221,-0.1423852304442627,-0.12390244503537617,-0.06028428164826377,0.00010887511154056284,0.018313284359408544,0.1002,"{""team"": ""维萨隆德"", ""water"": 0.85, ""EV_mean"": -0.0652777777777778, ""EV_p10"": -0.12539204169078647, ""P_EV_gt_0"": 0.0862, ""status"": ""DIAGNOSTIC_ONLY""}","{""team"": ""阿西里斯卡"", ""water"": 0.85, ""EV_mean"": -0.06206597222222221, ""EV_p10"": -0.12283164772463556, ""P_EV_gt_0"": 0.0996, ""status"": ""DIAGNOSTIC_ONLY""}",V4_DIRECTION_FIXED_R1,,,,,,,,
2998120,2026-09-21,2026-09-22T01:00:00+08:00,2026-09-22T01:00:00+08:00,v4-market-dirichlet-20260913,V4_DIRECTION_FIXED_R1,V4_DIRECTION_FIXED_R1,RUN_20260921_161540,2026-09-21T16:16:51.427975+08:00,2026-09-21T16:15:41+08:00,2026-09-21T16:15:41+08:00,0.02,8.719,8.739,False,False,6e5f711bfd8e16533141,,prior-2026-09-21-v1,"{""snapshot_id"": ""snapshot"", ""source"": ""LEGACY_RAW_FIELD_EXPORT"", ""observed_at"": ""2026-09-21T16:16:51.427975+08:00"", ""home_team"": ""靴尔科治"", ""away_team"": ""霍布罗"", ""competition"": ""丹麦甲"", ""home_handicap_signed"": null, ""away_handicap_signed"": null, ""home_water_hk"": null, ""away_water_hk"": null, ""quote_at"": ""2026-09-21T16:15:41+08:00"", ""last_confirmed_at"": ""2026-09-21T16:15:41+08:00"", ""run_id"": ""RUN_20260921_161540""}",丹麦甲,NEUTRAL,,,"[""PK_NEUTRAL_NO_GIVING_SIDE""]",98039c43ea3dc7506029,,False,,,,,,,,,,,,,,,,,,,,,,,,,,,,,,,,
2924137,2026-09-21,2026-09-22T01:00:00+08:00,2026-09-22T01:00:00+08:00,v4-market-dirichlet-20260913,V4_DIRECTION_FIXED_R1,V4_DIRECTION_FIXED_R1,RUN_20260921_161540,2026-09-21T16:16:51.427975+08:00,2026-09-21T16:15:41+08:00,2026-09-21T16:15:41+08:00,0.02,8.719,8.739,False,True,c2b346bdeaf9bfbb7963,,prior-2026-09-21-v1,"{""snapshot_id"": ""snapshot"", ""source"": ""LEGACY_RAW_FIELD_EXPORT"", ""observed_at"": ""2026-09-21T16:16:51.427975+08:00"", ""home_team"": ""斯帕里"", ""away_team"": ""哥里迪拉"", ""competition"": ""格鲁甲"", ""home_handicap_signed"": -0.25, ""away_handicap_signed"": 0.25, ""home_water_hk"": 0.8, ""away_water_hk"": 0.96, ""titan_home_handicap_signed"": -0.25, ""titan_away_handicap_signed"": 0.25, ""giving_team"": ""哥里迪拉"", ""receiving_team"": ""斯帕里"", ""giving_water"": 0.96, ""receiving_water"": 0.8, ""side_identity"": ""Titan signed AH"", ""quote_at"": ""2026-09-21T16:15:41+08:00"", ""last_confirmed_at"": ""2026-09-21T16:15:41+08:00"", ""run_id"": ""RUN_20260921_161540""}",格鲁甲,EVALUATED,N,,"[""BUCKET_0.25"", ""SIDE_IDENTITY_VALID"", ""FLAT_LINE_GIVING_WATER_RISE""]",5b66da96d7fb83ef5a80,,False,阻下/下盘保护,FLAT_LINE_GIVING_WATER_RISE,receiving,斯帕里,0.8,0.25,哥里迪拉,giving,0.96,斯帕里,receiving,0.25,0.8,"{""W"": 0.2743055555555556, ""HW"": 0.3020833333333333, ""P"": 0.0, ""HL"": 0.0, ""L"": 0.4236111111111111}",-0.08333333333333331,-0.16013902640369776,-0.14342784089420613,-0.08302696118960595,-0.024607875542477453,-0.008506635278631713,0.034,"{""team"": ""哥里迪拉"", ""water"": 0.96, ""EV_mean"": -0.01868055555555559, ""EV_p10"": -0.08442959644076511, ""P_EV_gt_0"": 0.3456, ""status"": ""DIAGNOSTIC_ONLY""}","{""team"": ""斯帕里"", ""water"": 0.8, ""EV_mean"": -0.08333333333333331, ""EV_p10"": -0.14235938556068162, ""P_EV_gt_0"": 0.0334, ""status"": ""DIAGNOSTIC_ONLY""}",V4_DIRECTION_FIXED_R1,,,,,,,,
3093712,2026-09-21,2026-09-22T01:00:00+08:00,2026-09-22T01:00:00+08:00,v4-market-dirichlet-20260913,V4_DIRECTION_FIXED_R1,V4_DIRECTION_FIXED_R1,RUN_20260921_161540,2026-09-21T16:16:51.427975+08:00,2026-09-21T16:15:41+08:00,2026-09-21T16:15:41+08:00,0.02,8.719,8.739,False,False,,,prior-2026-09-21-v1,"{""snapshot_id"": ""snapshot"", ""source"": ""LEGACY_RAW_FIELD_EXPORT"", ""observed_at"": ""2026-09-21T16:16:51.427975+08:00"", ""home_team"": ""苏奇特佩基后备队"", ""away_team"": ""夏拉祖后备队"", ""competition"": ""危地后备"", ""home_handicap_signed"": null, ""away_handicap_signed"": null, ""home_water_hk"": null, ""away_water_hk"": null, ""quote_at"": ""2026-09-21T16:15:41+08:00"", ""last_confirmed_at"": ""2026-09-21T16:15:41+08:00"", ""run_id"": ""RUN_20260921_161540""}",危地后备,MISSING_DATA,,,"[""REQUIRED_MARKET_INPUT_MISSING""]",f6e4df838f7946ff2157,,False,,,,,,,,,,,,,,,,,,,,,,,,,,,,,,,,
3092192,2026-09-21,2026-09-22T01:00:00+08:00,2026-09-22T01:00:00+08:00,v4-market-dirichlet-20260913,V4_DIRECTION_FIXED_R1,V4_DIRECTION_FIXED_R1,RUN_20260921_161540,2026-09-21T16:16:51.427975+08:00,2026-09-21T16:15:41+08:00,2026-09-21T16:15:41+08:00,0.02,8.719,8.739,False,False,535e35ac7bb98c15bfff,,prior-2026-09-21-v1,"{""snapshot_id"": ""snapshot"", ""source"": ""LEGACY_RAW_FIELD_EXPORT"", ""observed_at"": ""2026-09-21T16:16:51.427975+08:00"", ""home_team"": ""波图女足"", ""away_team"": ""布拉加女足"", ""competition"": ""葡女锦"", ""home_handicap_signed"": null, ""away_handicap_signed"": null, ""home_water_hk"": null, ""away_water_hk"": null, ""quote_at"": ""2026-09-21T16:15:41+08:00"", ""last_confirmed_at"": ""2026-09-21T16:15:41+08:00"", ""run_id"": ""RUN_20260921_161540""}",葡女锦,MISSING_DATA,,,"[""REQUIRED_MARKET_INPUT_MISSING""]",2e381fdf010ea2d726dc,,False,,,,,,,,,,,,,,,,,,,,,,,,,,,,,,,,
2967524,2026-09-21,2026-09-22T01:00:00+08:00,2026-09-22T01:00:00+08:00,v4-market-dirichlet-20260913,V4_DIRECTION_FIXED_R1,V4_DIRECTION_FIXED_R1,RUN_20260921_161540,2026-09-21T16:16:51.427975+08:00,2026-09-21T16:15:41+08:00,2026-09-21T16:15:41+08:00,0.02,8.719,8.739,False,False,5ed27c65821b57762a34,,prior-2026-09-21-v1,"{""snapshot_id"": ""snapshot"", ""source"": ""LEGACY_RAW_FIELD_EXPORT"", ""observed_at"": ""2026-09-21T16:16:51.427975+08:00"", ""home_team"": ""KFUM奥斯陆B队"", ""away_team"": ""瑞迪"", ""competition"": ""挪丙"", ""home_handicap_signed"": null, ""away_handicap_signed"": null, ""home_water_hk"": null, ""away_water_hk"": null, ""quote_at"": ""2026-09-21T16:15:41+08:00"", ""last_confirmed_at"": ""2026-09-21T16:15:41+08:00"", ""run_id"": ""RUN_20260921_161540""}",挪丙,MISSING_DATA,,,"[""REQUIRED_MARKET_INPUT_MISSING""]",4b0d789a95422d91a6cf,,False,,,,,,,,,,,,,,,,,,,,,,,,,,,,,,,,
2967705,2026-09-21,2026-09-22T01:00:00+08:00,2026-09-22T01:00:00+08:00,v4-market-dirichlet-20260913,V4_DIRECTION_FIXED_R1,V4_DIRECTION_FIXED_R1,RUN_20260921_161540,2026-09-21T16:16:51.427975+08:00,2026-09-21T16:15:41+08:00,2026-09-21T16:15:41+08:00,0.02,8.719,8.739,False,False,087206281deedb3090ee,,prior-2026-09-21-v1,"{""snapshot_id"": ""snapshot"", ""source"": ""LEGACY_RAW_FIELD_EXPORT"", ""observed_at"": ""2026-09-21T16:16:51.427975+08:00"", ""home_team"": ""那度"", ""away_team"": ""雷黑姆B队"", ""competition"": ""挪丙"", ""home_handicap_signed"": null, ""away_handicap_signed"": null, ""home_water_hk"": null, ""away_water_hk"": null, ""quote_at"": ""2026-09-21T16:15:41+08:00"", ""last_confirmed_at"": ""2026-09-21T16:15:41+08:00"", ""run_id"": ""RUN_20260921_161540""}",挪丙,MISSING_DATA,,,"[""REQUIRED_MARKET_INPUT_MISSING""]",67a49d108d19aed10c79,,False,,,,,,,,,,,,,,,,,,,,,,,,,,,,,,,,
2967888,2026-09-21,2026-09-22T01:00:00+08:00,2026-09-22T01:00:00+08:00,v4-market-dirichlet-20260913,V4_DIRECTION_FIXED_R1,V4_DIRECTION_FIXED_R1,RUN_20260921_161540,2026-09-21T16:16:51.427975+08:00,2026-09-21T16:15:41+08:00,2026-09-21T16:15:41+08:00,0.02,8.719,8.739,False,False,f5c6de3c5e1d7c7e2a3c,,prior-2026-09-21-v1,"{""snapshot_id"": ""snapshot"", ""source"": ""LEGACY_RAW_FIELD_EXPORT"", ""observed_at"": ""2026-09-21T16:16:51.427975+08:00"", ""home_team"": ""奥斯图恩"", ""away_team"": ""阿萨纳B队"", ""competition"": ""挪丙"", ""home_handicap_signed"": null, ""away_handicap_signed"": null, ""home_water_hk"": null, ""away_water_hk"": null, ""quote_at"": ""2026-09-21T16:15:41+08:00"", ""last_confirmed_at"": ""2026-09-21T16:15:41+08:00"", ""run_id"": ""RUN_20260921_161540""}",挪丙,MISSING_DATA,,,"[""REQUIRED_MARKET_INPUT_MISSING""]",8b9eac894fd1bef63746,,False,,,,,,,,,,,,,,,,,,,,,,,,,,,,,,,,
3089294,2026-09-21,2026-09-22T01:15:00+08:00,2026-09-22T01:15:00+08:00,v4-market-dirichlet-20260913,V4_DIRECTION_FIXED_R1,V4_DIRECTION_FIXED_R1,RUN_20260921_161540,2026-09-21T16:16:51.427975+08:00,2026-09-21T16:15:41+08:00,2026-09-21T16:15:41+08:00,0.02,8.969,8.989,False,False,b73918b0c72d4d783b01,,prior-2026-09-21-v1,"{""snapshot_id"": ""snapshot"", ""source"": ""LEGACY_RAW_FIELD_EXPORT"", ""observed_at"": ""2026-09-21T16:16:51.427975+08:00"", ""home_team"": ""杜海勒"", ""away_team"": ""阿拉比SC"", ""competition"": ""卡塔杯"", ""home_handicap_signed"": null, ""away_handicap_signed"": null, ""home_water_hk"": null, ""away_water_hk"": null, ""quote_at"": ""2026-09-21T16:15:41+08:00"", ""last_confirmed_at"": ""2026-09-21T16:15:41+08:00"", ""run_id"": ""RUN_20260921_161540""}",卡塔杯,MISSING_DATA,,,"[""REQUIRED_MARKET_INPUT_MISSING""]",ee7ac7f2121d8500b2c8,,False,,,,,,,,,,,,,,,,,,,,,,,,,,,,,,,,
3089295,2026-09-21,2026-09-22T01:15:00+08:00,2026-09-22T01:15:00+08:00,v4-market-dirichlet-20260913,V4_DIRECTION_FIXED_R1,V4_DIRECTION_FIXED_R1,RUN_20260921_161540,2026-09-21T16:16:51.427975+08:00,2026-09-21T16:15:41+08:00,2026-09-21T16:15:41+08:00,0.02,8.969,8.989,False,False,8ed652020bc2f50fe68b,,prior-2026-09-21-v1,"{""snapshot_id"": ""snapshot"", ""source"": ""LEGACY_RAW_FIELD_EXPORT"", ""observed_at"": ""2026-09-21T16:16:51.427975+08:00"", ""home_team"": ""鲁赛尔城"", ""away_team"": ""艾马希亚"", ""competition"": ""卡塔杯"", ""home_handicap_signed"": null, ""away_handicap_signed"": null, ""home_water_hk"": null, ""away_water_hk"": null, ""quote_at"": ""2026-09-21T16:15:41+08:00"", ""last_confirmed_at"": ""2026-09-21T16:15:41+08:00"", ""run_id"": ""RUN_20260921_161540""}",卡塔杯,MISSING_DATA,,,"[""REQUIRED_MARKET_INPUT_MISSING""]",60e00dab0249d3a05146,,False,,,,,,,,,,,,,,,,,,,,,,,,,,,,,,,,
2962638,2026-09-21,2026-09-22T01:30:00+08:00,2026-09-22T01:30:00+08:00,v4-market-dirichlet-20260913,V4_DIRECTION_FIXED_R1,V4_DIRECTION_FIXED_R1,RUN_20260921_161540,2026-09-21T16:16:51.427975+08:00,2026-09-21T16:15:41+08:00,2026-09-21T16:15:41+08:00,0.02,9.219,9.239,False,False,783089f00d71eb8618ca,,prior-2026-09-21-v1,"{""snapshot_id"": ""snapshot"", ""source"": ""LEGACY_RAW_FIELD_EXPORT"", ""observed_at"": ""2026-09-21T16:16:51.427975+08:00"", ""home_team"": ""阿尔多斯维"", ""away_team"": ""图库曼竞技"", ""competition"": ""阿甲"", ""home_handicap_signed"": null, ""away_handicap_signed"": null, ""home_water_hk"": null, ""away_water_hk"": null, ""quote_at"": ""2026-09-21T16:15:41+08:00"", ""last_confirmed_at"": ""2026-09-21T16:15:41+08:00"", ""run_id"": ""RUN_20260921_161540""}",阿甲,NEUTRAL,,,"[""NEUTRAL_INTENT"", ""MARKET_MOVE_BALANCED""]",58cf1cce2eb08ef384f3,,False,平衡盘/等待临场确认,,neutral,,,,,,,,,,,,,,,,,,,,,,,,,,,,,
3091029,2026-09-21,2026-09-22T01:45:00+08:00,2026-09-22T01:45:00+08:00,v4-market-dirichlet-20260913,V4_DIRECTION_FIXED_R1,V4_DIRECTION_FIXED_R1,RUN_20260921_161540,2026-09-21T16:16:51.427975+08:00,2026-09-21T16:15:41+08:00,2026-09-21T16:15:41+08:00,0.02,9.469,9.489,False,False,1ad408a5f7ee2fd7e578,,prior-2026-09-21-v1,"{""snapshot_id"": ""snapshot"", ""source"": ""LEGACY_RAW_FIELD_EXPORT"", ""observed_at"": ""2026-09-21T16:16:51.427975+08:00"", ""home_team"": ""里约热内卢"", ""away_team"": ""圣塔库鲁RJ"", ""competition"": ""里约乙"", ""home_handicap_signed"": null, ""away_handicap_signed"": null, ""home_water_hk"": null, ""away_water_hk"": null, ""quote_at"": ""2026-09-21T16:15:41+08:00"", ""last_confirmed_at"": ""2026-09-21T16:15:41+08:00"", ""run_id"": ""RUN_20260921_161540""}",里约乙,MISSING_DATA,,,"[""REQUIRED_MARKET_INPUT_MISSING""]",90496b87fe44360e6e8f,,False,,,,,,,,,,,,,,,,,,,,,,,,,,,,,,,,
3092193,2026-09-21,2026-09-22T01:45:00+08:00,2026-09-22T01:45:00+08:00,v4-market-dirichlet-20260913,V4_DIRECTION_FIXED_R1,V4_DIRECTION_FIXED_R1,RUN_20260921_161540,2026-09-21T16:16:51.427975+08:00,2026-09-21T16:15:41+08:00,2026-09-21T16:15:41+08:00,0.02,9.469,9.489,False,False,39d0f137d25da5318e75,,prior-2026-09-21-v1,"{""snapshot_id"": ""snapshot"", ""source"": ""LEGACY_RAW_FIELD_EXPORT"", ""observed_at"": ""2026-09-21T16:16:51.427975+08:00"", ""home_team"": ""CGI4月7"", ""away_team"": ""帕拉蒂RJ"", ""competition"": ""里约乙"", ""home_handicap_signed"": null, ""away_handicap_signed"": null, ""home_water_hk"": null, ""away_water_hk"": null, ""quote_at"": ""2026-09-21T16:15:41+08:00"", ""last_confirmed_at"": ""2026-09-21T16:15:41+08:00"", ""run_id"": ""RUN_20260921_161540""}",里约乙,MISSING_DATA,,,"[""REQUIRED_MARKET_INPUT_MISSING""]",106ea4bf497eae86f4f1,,False,,,,,,,,,,,,,,,,,,,,,,,,,,,,,,,,
3010431,2026-09-21,2026-09-22T02:00:00+08:00,2026-09-22T02:00:00+08:00,v4-market-dirichlet-20260913,V4_DIRECTION_FIXED_R1,V4_DIRECTION_FIXED_R1,RUN_20260921_161540,2026-09-21T16:16:51.427975+08:00,2026-09-21T16:15:41+08:00,2026-09-21T16:15:41+08:00,0.02,9.719,9.739,False,True,0db81b3e91614acb691c,,prior-2026-09-21-v1,"{""snapshot_id"": ""snapshot"", ""source"": ""LEGACY_RAW_FIELD_EXPORT"", ""observed_at"": ""2026-09-21T16:16:51.427975+08:00"", ""home_team"": ""佩特罗鲁"", ""away_team"": ""FK米耶尔库雷亚丘克"", ""competition"": ""罗甲"", ""home_handicap_signed"": 0.75, ""away_handicap_signed"": -0.75, ""home_water_hk"": 0.9, ""away_water_hk"": 0.98, ""titan_home_handicap_signed"": 0.75, ""titan_away_handicap_signed"": -0.75, ""giving_team"": ""佩特罗鲁"", ""receiving_team"": ""FK米耶尔库雷亚丘克"", ""giving_water"": 0.9, ""receiving_water"": 0.98, ""side_identity"": ""Titan signed AH"", ""quote_at"": ""2026-09-21T16:15:41+08:00"", ""last_confirmed_at"": ""2026-09-21T16:15:41+08:00"", ""run_id"": ""RUN_20260921_161540""}",罗甲,EVALUATED,C,,"[""BUCKET_0.75"", ""SIDE_IDENTITY_VALID"", ""FLAT_LINE_GIVING_WATER_DROP""]",0db81b3e91614acb691c,,False,真实示弱/阻下,FLAT_LINE_GIVING_WATER_DROP,receiving,FK米耶尔库雷亚丘克,0.98,0.75,佩特罗鲁,giving,0.9,FK米耶尔库雷亚丘克,receiving,0.75,0.98,"{""W"": 0.44166666666666665, ""HW"": 0.0, ""P"": 0.0, ""HL"": 0.25833333333333336, ""L"": 0.3}",0.0036666666666666514,-0.13208523103078468,-0.10362355928009598,0.0013882353052418472,0.108628008483799,0.13800343892337494,0.506,"{""team"": ""佩特罗鲁"", ""water"": 0.9, ""EV_mean"": -0.055416666666666614, ""EV_p10"": -0.1575833750094855, ""P_EV_gt_0"": 0.2436, ""status"": ""DIAGNOSTIC_ONLY""}","{""team"": ""FK米耶尔库雷亚丘克"", ""water"": 0.98, ""EV_mean"": 0.0036666666666666514, ""EV_p10"": -0.10198112309672874, ""P_EV_gt_0"": 0.5148, ""status"": ""DIAGNOSTIC_ONLY""}",V4_DIRECTION_FIXED_R1,,,,,,,,
2916698,2026-09-21,2026-09-22T02:00:00+08:00,2026-09-22T02:00:00+08:00,v4-market-dirichlet-20260913,V4_DIRECTION_FIXED_R1,V4_DIRECTION_FIXED_R1,RUN_20260921_161540,2026-09-21T16:16:51.427975+08:00,2026-09-21T16:15:41+08:00,2026-09-21T16:15:41+08:00,0.02,9.719,9.739,False,True,cb88778b206ab65469ae,,prior-2026-09-21-v1,"{""snapshot_id"": ""snapshot"", ""source"": ""LEGACY_RAW_FIELD_EXPORT"", ""observed_at"": ""2026-09-21T16:16:51.427975+08:00"", ""home_team"": ""特里斯顿"", ""away_team"": ""阿特兰大竞技"", ""competition"": ""阿乙"", ""home_handicap_signed"": 0.5, ""away_handicap_signed"": -0.5, ""home_water_hk"": 1.06, ""away_water_hk"": 0.76, ""titan_home_handicap_signed"": 0.5, ""titan_away_handicap_signed"": -0.5, ""giving_team"": ""特里斯顿"", ""receiving_team"": ""阿特兰大竞技"", ""giving_water"": 1.06, ""receiving_water"": 0.76, ""side_identity"": ""Titan signed AH"", ""quote_at"": ""2026-09-21T16:15:41+08:00"", ""last_confirmed_at"": ""2026-09-21T16:15:41+08:00"", ""run_id"": ""RUN_20260921_161540""}",阿乙,EVALUATED,N,,"[""BUCKET_0.50"", ""SIDE_IDENTITY_VALID"", ""FLAT_LINE_GIVING_WATER_RISE""]",64fd88b95f28874b9c95,,False,阻下/下盘保护,FLAT_LINE_GIVING_WATER_RISE,receiving,阿特兰大竞技,0.76,0.5,特里斯顿,giving,1.06,阿特兰大竞技,receiving,0.5,0.76,"{""W"": 0.5028571428571429, ""HW"": 0.0, ""P"": 0.0, ""HL"": 0.0, ""L"": 0.49714285714285716}",-0.11497142857142856,-0.22498323359874933,-0.2006546254225623,-0.11593068616140823,-0.03152399725976818,-0.0070610210951744246,0.039,"{""team"": ""特里斯顿"", ""water"": 1.06, ""EV_mean"": 0.024114285714285755, ""EV_p10"": -0.07241631867855008, ""P_EV_gt_0"": 0.6146, ""status"": ""DIAGNOSTIC_ONLY""}","{""team"": ""阿特兰大竞技"", ""water"": 0.76, ""EV_mean"": -0.11497142857142856, ""EV_p10"": -0.19964775310619143, ""P_EV_gt_0"": 0.0418, ""status"": ""DIAGNOSTIC_ONLY""}",V4_DIRECTION_FIXED_R1,,,,,,,,
3050266,2026-09-21,2026-09-22T02:00:00+08:00,2026-09-22T02:00:00+08:00,v4-market-dirichlet-20260913,V4_DIRECTION_FIXED_R1,V4_DIRECTION_FIXED_R1,RUN_20260921_161540,2026-09-21T16:16:51.427975+08:00,2026-09-21T16:15:41+08:00,2026-09-21T16:15:41+08:00,0.02,9.719,9.739,False,False,2173242bb4ee06ee41df,,prior-2026-09-21-v1,"{""snapshot_id"": ""snapshot"", ""source"": ""LEGACY_RAW_FIELD_EXPORT"", ""observed_at"": ""2026-09-21T16:16:51.427975+08:00"", ""home_team"": ""萨博迪卡"", ""away_team"": ""沃日多瓦茨"", ""competition"": ""塞尔甲"", ""home_handicap_signed"": null, ""away_handicap_signed"": null, ""home_water_hk"": null, ""away_water_hk"": null, ""quote_at"": ""2026-09-21T16:15:41+08:00"", ""last_confirmed_at"": ""2026-09-21T16:15:41+08:00"", ""run_id"": ""RUN_20260921_161540""}",塞尔甲,NEUTRAL,,,"[""NEUTRAL_INTENT"", ""MARKET_MOVE_BALANCED""]",7be3383797ae9495341e,,False,平衡盘/等待临场确认,,neutral,,,,,,,,,,,,,,,,,,,,,,,,,,,,,
3089702,2026-09-21,2026-09-22T02:00:00+08:00,2026-09-22T02:00:00+08:00,v4-market-dirichlet-20260913,V4_DIRECTION_FIXED_R1,V4_DIRECTION_FIXED_R1,RUN_20260921_161540,2026-09-21T16:16:51.427975+08:00,2026-09-21T16:15:41+08:00,2026-09-21T16:15:41+08:00,0.02,9.719,9.739,False,False,4746b8f2d2f743f8ec52,,prior-2026-09-21-v1,"{""snapshot_id"": ""snapshot"", ""source"": ""LEGACY_RAW_FIELD_EXPORT"", ""observed_at"": ""2026-09-21T16:16:51.427975+08:00"", ""home_team"": ""阿根廷U19"", ""away_team"": ""委内瑞拉U19"", ""competition"": ""南运男足"", ""home_handicap_signed"": null, ""away_handicap_signed"": null, ""home_water_hk"": null, ""away_water_hk"": null, ""quote_at"": ""2026-09-21T16:15:41+08:00"", ""last_confirmed_at"": ""2026-09-21T16:15:41+08:00"", ""run_id"": ""RUN_20260921_161540""}",南运男足,MISSING_DATA,,,"[""REQUIRED_MARKET_INPUT_MISSING""]",b1cf0b86b2d0e4562b7c,,False,,,,,,,,,,,,,,,,,,,,,,,,,,,,,,,,
3065807,2026-09-21,2026-09-22T02:00:00+08:00,2026-09-22T02:00:00+08:00,v4-market-dirichlet-20260913,V4_DIRECTION_FIXED_R1,V4_DIRECTION_FIXED_R1,RUN_20260921_161540,2026-09-21T16:16:51.427975+08:00,2026-09-21T16:15:41+08:00,2026-09-21T16:15:41+08:00,0.02,9.719,9.739,False,True,882a451e6a9737eef4d0,,prior-2026-09-21-v1,"{""snapshot_id"": ""snapshot"", ""source"": ""LEGACY_RAW_FIELD_EXPORT"", ""observed_at"": ""2026-09-21T16:16:51.427975+08:00"", ""home_team"": ""伯恩茅斯U21"", ""away_team"": ""斯托克城U21"", ""competition"": ""英U21"", ""home_handicap_signed"": 0.75, ""away_handicap_signed"": -0.75, ""home_water_hk"": 0.75, ""away_water_hk"": 1.01, ""titan_home_handicap_signed"": 0.75, ""titan_away_handicap_signed"": -0.75, ""giving_team"": ""伯恩茅斯U21"", ""receiving_team"": ""斯托克城U21"", ""giving_water"": 0.75, ""receiving_water"": 1.01, ""side_identity"": ""Titan signed AH"", ""quote_at"": ""2026-09-21T16:15:41+08:00"", ""last_confirmed_at"": ""2026-09-21T16:15:41+08:00"", ""run_id"": ""RUN_20260921_161540""}",英U21,EVALUATED,C,,"[""BUCKET_0.75"", ""SIDE_IDENTITY_VALID"", ""FLAT_LINE_GIVING_WATER_DROP""]",f774efb3586b9c763896,,False,真实示弱/阻下,FLAT_LINE_GIVING_WATER_DROP,receiving,斯托克城U21,1.01,0.75,伯恩茅斯U21,giving,0.75,斯托克城U21,receiving,0.75,1.01,"{""W"": 0.44166666666666665, ""HW"": 0.0, ""P"": 0.0, ""HL"": 0.25833333333333336, ""L"": 0.3}",0.016916666666666635,-0.11959538044146839,-0.08763668064140659,0.016350575808627588,0.12348863121608439,0.15141185570077648,0.5816,"{""team"": ""伯恩茅斯U21"", ""water"": 0.75, ""EV_mean"": -0.11979166666666663, ""EV_p10"": -0.213113124506365, ""P_EV_gt_0"": 0.0466, ""status"": ""DIAGNOSTIC_ONLY""}","{""team"": ""斯托克城U21"", ""water"": 1.01, ""EV_mean"": 0.016916666666666635, ""EV_p10"": -0.08636195295483257, ""P_EV_gt_0"": 0.5874, ""status"": ""DIAGNOSTIC_ONLY""}",V4_DIRECTION_FIXED_R1,,,,,,,,
2935276,2026-09-21,2026-09-22T02:00:00+08:00,2026-09-22T02:00:00+08:00,v4-market-dirichlet-20260913,V4_DIRECTION_FIXED_R1,V4_DIRECTION_FIXED_R1,RUN_20260921_161540,2026-09-21T16:16:51.427975+08:00,2026-09-21T16:15:41+08:00,2026-09-21T16:15:41+08:00,0.02,9.719,9.739,False,False,7e3c60b0e1cdb67b4692,,prior-2026-09-21-v1,"{""snapshot_id"": ""snapshot"", ""source"": ""LEGACY_RAW_FIELD_EXPORT"", ""observed_at"": ""2026-09-21T16:16:51.427975+08:00"", ""home_team"": ""巴拉斯图尔"", ""away_team"": ""科尔多瓦罗萨里奥中央队"", ""competition"": ""阿丙曼特"", ""home_handicap_signed"": null, ""away_handicap_signed"": null, ""home_water_hk"": null, ""away_water_hk"": null, ""quote_at"": ""2026-09-21T16:15:41+08:00"", ""last_confirmed_at"": ""2026-09-21T16:15:41+08:00"", ""run_id"": ""RUN_20260921_161540""}",阿丙曼特,MISSING_DATA,,,"[""REQUIRED_MARKET_INPUT_MISSING""]",f26860c5d930cd73ccf4,,False,,,,,,,,,,,,,,,,,,,,,,,,,,,,,,,,
2935277,2026-09-21,2026-09-22T02:00:00+08:00,2026-09-22T02:00:00+08:00,v4-market-dirichlet-20260913,V4_DIRECTION_FIXED_R1,V4_DIRECTION_FIXED_R1,RUN_20260921_161540,2026-09-21T16:16:51.427975+08:00,2026-09-21T16:15:41+08:00,2026-09-21T16:15:41+08:00,0.02,9.719,9.739,False,False,ca9ff0ec72fabfe76378,,prior-2026-09-21-v1,"{""snapshot_id"": ""snapshot"", ""source"": ""LEGACY_RAW_FIELD_EXPORT"", ""observed_at"": ""2026-09-21T16:16:51.427975+08:00"", ""home_team"": ""卡拉普莱"", ""away_team"": ""尤潘基"", ""competition"": ""阿丙曼特"", ""home_handicap_signed"": null, ""away_handicap_signed"": null, ""home_water_hk"": null, ""away_water_hk"": null, ""quote_at"": ""2026-09-21T16:15:41+08:00"", ""last_confirmed_at"": ""2026-09-21T16:15:41+08:00"", ""run_id"": ""RUN_20260921_161540""}",阿丙曼特,MISSING_DATA,,,"[""REQUIRED_MARKET_INPUT_MISSING""]",c9357b19336ff6b88402,,False,,,,,,,,,,,,,,,,,,,,,,,,,,,,,,,,
2935280,2026-09-21,2026-09-22T02:00:00+08:00,2026-09-22T02:00:00+08:00,v4-market-dirichlet-20260913,V4_DIRECTION_FIXED_R1,V4_DIRECTION_FIXED_R1,RUN_20260921_161540,2026-09-21T16:16:51.427975+08:00,2026-09-21T16:15:41+08:00,2026-09-21T16:15:41+08:00,0.02,9.719,9.739,False,False,4761e5ae926b6dc4c88f,,prior-2026-09-21-v1,"{""snapshot_id"": ""snapshot"", ""source"": ""LEGACY_RAW_FIELD_EXPORT"", ""observed_at"": ""2026-09-21T16:16:51.427975+08:00"", ""home_team"": ""El波韦尼尔"", ""away_team"": ""西班牙语体育会"", ""competition"": ""阿丙曼特"", ""home_handicap_signed"": null, ""away_handicap_signed"": null, ""home_water_hk"": null, ""away_water_hk"": null, ""quote_at"": ""2026-09-21T16:15:41+08:00"", ""last_confirmed_at"": ""2026-09-21T16:15:41+08:00"", ""run_id"": ""RUN_20260921_161540""}",阿丙曼特,MISSING_DATA,,,"[""REQUIRED_MARKET_INPUT_MISSING""]",eac7b2c8d298d5b07343,,False,,,,,,,,,,,,,,,,,,,,,,,,,,,,,,,,
2935281,2026-09-21,2026-09-22T02:00:00+08:00,2026-09-22T02:00:00+08:00,v4-market-dirichlet-20260913,V4_DIRECTION_FIXED_R1,V4_DIRECTION_FIXED_R1,RUN_20260921_161540,2026-09-21T16:16:51.427975+08:00,2026-09-21T16:15:41+08:00,2026-09-21T16:15:41+08:00,0.02,9.719,9.739,False,False,f1529f4a620056c2a436,,prior-2026-09-21-v1,"{""snapshot_id"": ""snapshot"", ""source"": ""LEGACY_RAW_FIELD_EXPORT"", ""observed_at"": ""2026-09-21T16:16:51.427975+08:00"", ""home_team"": ""菲尼斯皮拉尔"", ""away_team"": ""穆尼斯"", ""competition"": ""阿丙曼特"", ""home_handicap_signed"": null, ""away_handicap_signed"": null, ""home_water_hk"": null, ""away_water_hk"": null, ""quote_at"": ""2026-09-21T16:15:41+08:00"", ""last_confirmed_at"": ""2026-09-21T16:15:41+08:00"", ""run_id"": ""RUN_20260921_161540""}",阿丙曼特,MISSING_DATA,,,"[""REQUIRED_MARKET_INPUT_MISSING""]",e5a284f149d81778e52b,,False,,,,,,,,,,,,,,,,,,,,,,,,,,,,,,,,
2935287,2026-09-21,2026-09-22T02:00:00+08:00,2026-09-22T02:00:00+08:00,v4-market-dirichlet-20260913,V4_DIRECTION_FIXED_R1,V4_DIRECTION_FIXED_R1,RUN_20260921_161540,2026-09-21T16:16:51.427975+08:00,2026-09-21T16:15:41+08:00,2026-09-21T16:15:41+08:00,0.02,9.719,9.739,False,False,11bf726493b5e0147f76,,prior-2026-09-21-v1,"{""snapshot_id"": ""snapshot"", ""source"": ""LEGACY_RAW_FIELD_EXPORT"", ""observed_at"": ""2026-09-21T16:16:51.427975+08:00"", ""home_team"": ""萨卡兹斯帕斯"", ""away_team"": ""阿雷纳斯胜利队"", ""competition"": ""阿丙曼特"", ""home_handicap_signed"": null, ""away_handicap_signed"": null, ""home_water_hk"": null, ""away_water_hk"": null, ""quote_at"": ""2026-09-21T16:15:41+08:00"", ""last_confirmed_at"": ""2026-09-21T16:15:41+08:00"", ""run_id"": ""RUN_20260921_161540""}",阿丙曼特,MISSING_DATA,,,"[""REQUIRED_MARKET_INPUT_MISSING""]",58ddb0d1076ec4648b88,,False,,,,,,,,,,,,,,,,,,,,,,,,,,,,,,,,
2935288,2026-09-21,2026-09-22T02:00:00+08:00,2026-09-22T02:00:00+08:00,v4-market-dirichlet-20260913,V4_DIRECTION_FIXED_R1,V4_DIRECTION_FIXED_R1,RUN_20260921_161540,2026-09-21T16:16:51.427975+08:00,2026-09-21T16:15:41+08:00,2026-09-21T16:15:41+08:00,0.02,9.719,9.739,False,False,8343c0567294fa995254,,prior-2026-09-21-v1,"{""snapshot_id"": ""snapshot"", ""source"": ""LEGACY_RAW_FIELD_EXPORT"", ""observed_at"": ""2026-09-21T16:16:51.427975+08:00"", ""home_team"": ""巴拉卡斯体育会"", ""away_team"": ""卡纽埃拉斯"", ""competition"": ""阿丙曼特"", ""home_handicap_signed"": null, ""away_handicap_signed"": null, ""home_water_hk"": null, ""away_water_hk"": null, ""quote_at"": ""2026-09-21T16:15:41+08:00"", ""last_confirmed_at"": ""2026-09-21T16:15:41+08:00"", ""run_id"": ""RUN_20260921_161540""}",阿丙曼特,MISSING_DATA,,,"[""REQUIRED_MARKET_INPUT_MISSING""]",548529c05fe198ecb6d3,,False,,,,,,,,,,,,,,,,,,,,,,,,,,,,,,,,
3092194,2026-09-21,2026-09-22T02:00:00+08:00,2026-09-22T02:00:00+08:00,v4-market-dirichlet-20260913,V4_DIRECTION_FIXED_R1,V4_DIRECTION_FIXED_R1,RUN_20260921_161540,2026-09-21T16:16:51.427975+08:00,2026-09-21T16:15:41+08:00,2026-09-21T16:15:41+08:00,0.02,9.719,9.739,False,False,17f21b168e1962beccad,,prior-2026-09-21-v1,"{""snapshot_id"": ""snapshot"", ""source"": ""LEGACY_RAW_FIELD_EXPORT"", ""observed_at"": ""2026-09-21T16:16:51.427975+08:00"", ""home_team"": ""EC圣贝拿度青年队"", ""away_team"": ""圣保罗青年队"", ""competition"": ""巴圣青联"", ""home_handicap_signed"": null, ""away_handicap_signed"": null, ""home_water_hk"": null, ""away_water_hk"": null, ""quote_at"": ""2026-09-21T16:15:41+08:00"", ""last_confirmed_at"": ""2026-09-21T16:15:41+08:00"", ""run_id"": ""RUN_20260921_161540""}",巴圣青联,MISSING_DATA,,,"[""REQUIRED_MARKET_INPUT_MISSING""]",c61a338b3a6bd85235a4,,False,,,,,,,,,,,,,,,,,,,,,,,,,,,,,,,,
3092195,2026-09-21,2026-09-22T02:00:00+08:00,2026-09-22T02:00:00+08:00,v4-market-dirichlet-20260913,V4_DIRECTION_FIXED_R1,V4_DIRECTION_FIXED_R1,RUN_20260921_161540,2026-09-21T16:16:51.427975+08:00,2026-09-21T16:15:41+08:00,2026-09-21T16:15:41+08:00,0.02,9.719,9.739,False,False,faa4454b1621b86c6847,,prior-2026-09-21-v1,"{""snapshot_id"": ""snapshot"", ""source"": ""LEGACY_RAW_FIELD_EXPORT"", ""observed_at"": ""2026-09-21T16:16:51.427975+08:00"", ""home_team"": ""加巴库阿拉SP青年队"", ""away_team"": ""山度士青年队"", ""competition"": ""巴圣青联"", ""home_handicap_signed"": null, ""away_handicap_signed"": null, ""home_water_hk"": null, ""away_water_hk"": null, ""quote_at"": ""2026-09-21T16:15:41+08:00"", ""last_confirmed_at"": ""2026-09-21T16:15:41+08:00"", ""run_id"": ""RUN_20260921_161540""}",巴圣青联,MISSING_DATA,,,"[""REQUIRED_MARKET_INPUT_MISSING""]",55841ed27f833c5fb434,,False,,,,,,,,,,,,,,,,,,,,,,,,,,,,,,,,
3092196,2026-09-21,2026-09-22T02:00:00+08:00,2026-09-22T02:00:00+08:00,v4-market-dirichlet-20260913,V4_DIRECTION_FIXED_R1,V4_DIRECTION_FIXED_R1,RUN_20260921_161540,2026-09-21T16:16:51.427975+08:00,2026-09-21T16:15:41+08:00,2026-09-21T16:15:41+08:00,0.02,9.719,9.739,False,False,12016507c79f14f1f8ce,,prior-2026-09-21-v1,"{""snapshot_id"": ""snapshot"", ""source"": ""LEGACY_RAW_FIELD_EXPORT"", ""observed_at"": ""2026-09-21T16:16:51.427975+08:00"", ""home_team"": ""保利嫩斯青年队"", ""away_team"": ""伊布拉奇青年队"", ""competition"": ""巴圣青联"", ""home_handicap_signed"": null, ""away_handicap_signed"": null, ""home_water_hk"": null, ""away_water_hk"": null, ""quote_at"": ""2026-09-21T16:15:41+08:00"", ""last_confirmed_at"": ""2026-09-21T16:15:41+08:00"", ""run_id"": ""RUN_20260921_161540""}",巴圣青联,MISSING_DATA,,,"[""REQUIRED_MARKET_INPUT_MISSING""]",41abcb035a5a3b8e3965,,False,,,,,,,,,,,,,,,,,,,,,,,,,,,,,,,,
3092197,2026-09-21,2026-09-22T02:00:00+08:00,2026-09-22T02:00:00+08:00,v4-market-dirichlet-20260913,V4_DIRECTION_FIXED_R1,V4_DIRECTION_FIXED_R1,RUN_20260921_161540,2026-09-21T16:16:51.427975+08:00,2026-09-21T16:15:41+08:00,2026-09-21T16:15:41+08:00,0.02,9.719,9.739,False,False,9520e137f4db0828df3d,,prior-2026-09-21-v1,"{""snapshot_id"": ""snapshot"", ""source"": ""LEGACY_RAW_FIELD_EXPORT"", ""observed_at"": ""2026-09-21T16:16:51.427975+08:00"", ""home_team"": ""德昭青年队"", ""away_team"": ""科林蒂安青年队"", ""competition"": ""巴圣青联"", ""home_handicap_signed"": null, ""away_handicap_signed"": null, ""home_water_hk"": null, ""away_water_hk"": null, ""quote_at"": ""2026-09-21T16:15:41+08:00"", ""last_confirmed_at"": ""2026-09-21T16:15:41+08:00"", ""run_id"": ""RUN_20260921_161540""}",巴圣青联,MISSING_DATA,,,"[""REQUIRED_MARKET_INPUT_MISSING""]",18d41f6a2a416b248a2f,,False,,,,,,,,,,,,,,,,,,,,,,,,,,,,,,,,
3092633,2026-09-21,2026-09-22T02:00:00+08:00,2026-09-22T02:00:00+08:00,v4-market-dirichlet-20260913,V4_DIRECTION_FIXED_R1,V4_DIRECTION_FIXED_R1,RUN_20260921_161540,2026-09-21T16:16:51.427975+08:00,2026-09-21T16:15:41+08:00,2026-09-21T16:15:41+08:00,0.02,9.719,9.739,False,False,3df870f02d9eab3dac6f,,prior-2026-09-21-v1,"{""snapshot_id"": ""snapshot"", ""source"": ""LEGACY_RAW_FIELD_EXPORT"", ""observed_at"": ""2026-09-21T16:16:51.427975+08:00"", ""home_team"": ""班德兰特青年队"", ""away_team"": ""RB巴甘蒂诺青年队"", ""competition"": ""巴圣青联"", ""home_handicap_signed"": null, ""away_handicap_signed"": null, ""home_water_hk"": null, ""away_water_hk"": null, ""quote_at"": ""2026-09-21T16:15:41+08:00"", ""last_confirmed_at"": ""2026-09-21T16:15:41+08:00"", ""run_id"": ""RUN_20260921_161540""}",巴圣青联,MISSING_DATA,,,"[""REQUIRED_MARKET_INPUT_MISSING""]",f4a2082f067fcc3459f1,,False,,,,,,,,,,,,,,,,,,,,,,,,,,,,,,,,
3093991,2026-09-21,2026-09-22T02:00:00+08:00,2026-09-22T02:00:00+08:00,v4-market-dirichlet-20260913,V4_DIRECTION_FIXED_R1,V4_DIRECTION_FIXED_R1,RUN_20260921_161540,2026-09-21T16:16:51.427975+08:00,2026-09-21T16:15:41+08:00,2026-09-21T16:15:41+08:00,0.02,9.719,9.739,False,False,,,prior-2026-09-21-v1,"{""snapshot_id"": ""snapshot"", ""source"": ""LEGACY_RAW_FIELD_EXPORT"", ""observed_at"": ""2026-09-21T16:16:51.427975+08:00"", ""home_team"": ""阿拉维预备U19"", ""away_team"": ""欧若拉U19"", ""competition"": ""玻利联U19"", ""home_handicap_signed"": null, ""away_handicap_signed"": null, ""home_water_hk"": null, ""away_water_hk"": null, ""quote_at"": ""2026-09-21T16:15:41+08:00"", ""last_confirmed_at"": ""2026-09-21T16:15:41+08:00"", ""run_id"": ""RUN_20260921_161540""}",玻利联U19,MISSING_DATA,,,"[""REQUIRED_MARKET_INPUT_MISSING""]",ced4727a677881bf6634,,False,,,,,,,,,,,,,,,,,,,,,,,,,,,,,,,,
3050553,2026-09-21,2026-09-22T02:30:00+08:00,2026-09-22T02:30:00+08:00,v4-market-dirichlet-20260913,V4_DIRECTION_FIXED_R1,V4_DIRECTION_FIXED_R1,RUN_20260921_161540,2026-09-21T16:16:51.427975+08:00,2026-09-21T16:15:41+08:00,2026-09-21T16:15:41+08:00,0.02,10.219,10.239,False,True,db9c1f529b56bb18d344,,prior-2026-09-21-v1,"{""snapshot_id"": ""snapshot"", ""source"": ""LEGACY_RAW_FIELD_EXPORT"", ""observed_at"": ""2026-09-21T16:16:51.427975+08:00"", ""home_team"": ""多洛米蒂贝卢诺"", ""away_team"": ""隆美辛尼"", ""competition"": ""意丙"", ""home_handicap_signed"": 0.25, ""away_handicap_signed"": -0.25, ""home_water_hk"": 0.77, ""away_water_hk"": 0.93, ""titan_home_handicap_signed"": 0.25, ""titan_away_handicap_signed"": -0.25, ""giving_team"": ""多洛米蒂贝卢诺"", ""receiving_team"": ""隆美辛尼"", ""giving_water"": 0.77, ""receiving_water"": 0.93, ""side_identity"": ""Titan signed AH"", ""quote_at"": ""2026-09-21T16:15:41+08:00"", ""last_confirmed_at"": ""2026-09-21T16:15:41+08:00"", ""run_id"": ""RUN_20260921_161540""}",意丙,EVALUATED,N,,"[""BUCKET_0.25"", ""SIDE_IDENTITY_VALID"", ""FLAT_LINE_GIVING_WATER_DROP""]",6e644dff92fe0d38966d,,False,真实示弱/阻下,FLAT_LINE_GIVING_WATER_DROP,receiving,隆美辛尼,0.93,0.25,多洛米蒂贝卢诺,giving,0.77,隆美辛尼,receiving,0.25,0.93,"{""W"": 0.2743055555555556, ""HW"": 0.3020833333333333, ""P"": 0.0, ""HL"": 0.0, ""L"": 0.4236111111111111}",-0.028038194444444386,-0.10838964335821377,-0.09029133443777765,-0.02815253453678651,0.038143662045389215,0.05471855261815356,0.2948,"{""team"": ""多洛米蒂贝卢诺"", ""water"": 0.77, ""EV_mean"": -0.09916666666666665, ""EV_p10"": -0.1573384116603923, ""P_EV_gt_0"": 0.0128, ""status"": ""DIAGNOSTIC_ONLY""}","{""team"": ""隆美辛尼"", ""water"": 0.93, ""EV_mean"": -0.028038194444444386, ""EV_p10"": -0.09153908059677368, ""P_EV_gt_0"": 0.2976, ""status"": ""DIAGNOSTIC_ONLY""}",V4_DIRECTION_FIXED_R1,,,,,,,,
3050559,2026-09-21,2026-09-22T02:30:00+08:00,2026-09-22T02:30:00+08:00,v4-market-dirichlet-20260913,V4_DIRECTION_FIXED_R1,V4_DIRECTION_FIXED_R1,RUN_20260921_161540,2026-09-21T16:16:51.427975+08:00,2026-09-21T16:15:41+08:00,2026-09-21T16:15:41+08:00,0.02,10.219,10.239,False,True,d42027ea204ed37eb094,,prior-2026-09-21-v1,"{""snapshot_id"": ""snapshot"", ""source"": ""LEGACY_RAW_FIELD_EXPORT"", ""observed_at"": ""2026-09-21T16:16:51.427975+08:00"", ""home_team"": ""特伦托"", ""away_team"": ""韦尔切利"", ""competition"": ""意丙"", ""home_handicap_signed"": 0.5, ""away_handicap_signed"": -0.5, ""home_water_hk"": 0.74, ""away_water_hk"": 0.96, ""titan_home_handicap_signed"": 0.5, ""titan_away_handicap_signed"": -0.5, ""giving_team"": ""特伦托"", ""receiving_team"": ""韦尔切利"", ""giving_water"": 0.74, ""receiving_water"": 0.96, ""side_identity"": ""Titan signed AH"", ""quote_at"": ""2026-09-21T16:15:41+08:00"", ""last_confirmed_at"": ""2026-09-21T16:15:41+08:00"", ""run_id"": ""RUN_20260921_161540""}",意丙,EVALUATED,N,,"[""BUCKET_0.50"", ""SIDE_IDENTITY_VALID"", ""FLAT_LINE_GIVING_WATER_DROP""]",af24fb258c122d61b698,,False,真实示弱/阻下,FLAT_LINE_GIVING_WATER_DROP,receiving,韦尔切利,0.96,0.5,特伦托,giving,0.74,韦尔切利,receiving,0.5,0.96,"{""W"": 0.5028571428571429, ""HW"": 0.0, ""P"": 0.0, ""HL"": 0.0, ""L"": 0.49714285714285716}",-0.014400000000000024,-0.13953148111590824,-0.1080086218234021,-0.011330317385607358,0.08113518008628667,0.11126257739487955,0.4356,"{""team"": ""特伦托"", ""water"": 0.74, ""EV_mean"": -0.13497142857142858, ""EV_p10"": -0.21903515384942057, ""P_EV_gt_0"": 0.019, ""status"": ""DIAGNOSTIC_ONLY""}","{""team"": ""韦尔切利"", ""water"": 0.96, ""EV_mean"": -0.014400000000000024, ""EV_p10"": -0.10534761195475262, ""P_EV_gt_0"": 0.43, ""status"": ""DIAGNOSTIC_ONLY""}",V4_DIRECTION_FIXED_R1,,,,,,,,
3050560,2026-09-21,2026-09-22T02:30:00+08:00,2026-09-22T02:30:00+08:00,v4-market-dirichlet-20260913,V4_DIRECTION_FIXED_R1,V4_DIRECTION_FIXED_R1,RUN_20260921_161540,2026-09-21T16:16:51.427975+08:00,2026-09-21T16:15:41+08:00,2026-09-21T16:15:41+08:00,0.02,10.219,10.239,False,False,081971a7879ffd73e48b,,prior-2026-09-21-v1,"{""snapshot_id"": ""snapshot"", ""source"": ""LEGACY_RAW_FIELD_EXPORT"", ""observed_at"": ""2026-09-21T16:16:51.427975+08:00"", ""home_team"": ""特雷维索"", ""away_team"": ""加尔维纳"", ""competition"": ""意丙"", ""home_handicap_signed"": null, ""away_handicap_signed"": null, ""home_water_hk"": null, ""away_water_hk"": null, ""quote_at"": ""2026-09-21T16:15:41+08:00"", ""last_confirmed_at"": ""2026-09-21T16:15:41+08:00"", ""run_id"": ""RUN_20260921_161540""}",意丙,NEUTRAL,,,"[""NEUTRAL_INTENT"", ""MARKET_MOVE_BALANCED""]",0b8248c56fc3c2ac9cd9,,False,平衡盘/等待临场确认,,neutral,,,,,,,,,,,,,,,,,,,,,,,,,,,,,
3050936,2026-09-21,2026-09-22T02:30:00+08:00,2026-09-22T02:30:00+08:00,v4-market-dirichlet-20260913,V4_DIRECTION_FIXED_R1,V4_DIRECTION_FIXED_R1,RUN_20260921_161540,2026-09-21T16:16:51.427975+08:00,2026-09-21T16:15:41+08:00,2026-09-21T16:15:41+08:00,0.02,10.219,10.239,False,True,8a1d03bec13dea6876f9,,prior-2026-09-21-v1,"{""snapshot_id"": ""snapshot"", ""source"": ""LEGACY_RAW_FIELD_EXPORT"", ""observed_at"": ""2026-09-21T16:16:51.427975+08:00"", ""home_team"": ""圭多尼亚"", ""away_team"": ""利沃诺"", ""competition"": ""意丙"", ""home_handicap_signed"": 0.25, ""away_handicap_signed"": -0.25, ""home_water_hk"": 0.91, ""away_water_hk"": 0.79, ""titan_home_handicap_signed"": 0.25, ""titan_away_handicap_signed"": -0.25, ""giving_team"": ""圭多尼亚"", ""receiving_team"": ""利沃诺"", ""giving_water"": 0.91, ""receiving_water"": 0.79, ""side_identity"": ""Titan signed AH"", ""quote_at"": ""2026-09-21T16:15:41+08:00"", ""last_confirmed_at"": ""2026-09-21T16:15:41+08:00"", ""run_id"": ""RUN_20260921_161540""}",意丙,EVALUATED,N,,"[""BUCKET_0.25"", ""SIDE_IDENTITY_VALID"", ""FLAT_LINE_GIVING_WATER_DROP""]",2a81c76da45acb4c912a,,False,真实示弱/阻下,FLAT_LINE_GIVING_WATER_DROP,receiving,利沃诺,0.79,0.25,圭多尼亚,giving,0.91,利沃诺,receiving,0.25,0.79,"{""W"": 0.2743055555555556, ""HW"": 0.3020833333333333, ""P"": 0.0, ""HL"": 0.0, ""L"": 0.4236111111111111}",-0.08758680555555548,-0.16378372232307475,-0.14674888696600502,-0.08675290201404795,-0.028913652138416623,-0.012763426518779208,0.03,"{""team"": ""圭多尼亚"", ""water"": 0.91, ""EV_mean"": -0.0398611111111111, ""EV_p10"": -0.10256495765650506, ""P_EV_gt_0"": 0.2044, ""status"": ""DIAGNOSTIC_ONLY""}","{""team"": ""利沃诺"", ""water"": 0.79, ""EV_mean"": -0.08758680555555548, ""EV_p10"": -0.14967156193849784, ""P_EV_gt_0"": 0.0284, ""status"": ""DIAGNOSTIC_ONLY""}",V4_DIRECTION_FIXED_R1,,,,,,,,
3050937,2026-09-21,2026-09-22T02:30:00+08:00,2026-09-22T02:30:00+08:00,v4-market-dirichlet-20260913,V4_DIRECTION_FIXED_R1,V4_DIRECTION_FIXED_R1,RUN_20260921_161540,2026-09-21T16:16:51.427975+08:00,2026-09-21T16:15:41+08:00,2026-09-21T16:15:41+08:00,0.02,10.219,10.239,False,False,e2b22f5d20135a771e03,,prior-2026-09-21-v1,"{""snapshot_id"": ""snapshot"", ""source"": ""LEGACY_RAW_FIELD_EXPORT"", ""observed_at"": ""2026-09-21T16:16:51.427975+08:00"", ""home_team"": ""皮阿尼斯"", ""away_team"": ""萨比尼迪特斯"", ""competition"": ""意丙"", ""home_handicap_signed"": null, ""away_handicap_signed"": null, ""home_water_hk"": null, ""away_water_hk"": null, ""quote_at"": ""2026-09-21T16:15:41+08:00"", ""last_confirmed_at"": ""2026-09-21T16:15:41+08:00"", ""run_id"": ""RUN_20260921_161540""}",意丙,NEUTRAL,,,"[""NEUTRAL_INTENT"", ""MARKET_MOVE_BALANCED""]",b6d9de8b45f93cf17531,,False,平衡盘/等待临场确认,,neutral,,,,,,,,,,,,,,,,,,,,,,,,,,,,,
3050939,2026-09-21,2026-09-22T02:30:00+08:00,2026-09-22T02:30:00+08:00,v4-market-dirichlet-20260913,V4_DIRECTION_FIXED_R1,V4_DIRECTION_FIXED_R1,RUN_20260921_161540,2026-09-21T16:16:51.427975+08:00,2026-09-21T16:15:41+08:00,2026-09-21T16:15:41+08:00,0.02,10.219,10.239,False,True,450d37e8d7399b4349fe,,prior-2026-09-21-v1,"{""snapshot_id"": ""snapshot"", ""source"": ""LEGACY_RAW_FIELD_EXPORT"", ""observed_at"": ""2026-09-21T16:16:51.427975+08:00"", ""home_team"": ""斯佩齐亚"", ""away_team"": ""比沙奴"", ""competition"": ""意丙"", ""home_handicap_signed"": 1.75, ""away_handicap_signed"": -1.75, ""home_water_hk"": 0.78, ""away_water_hk"": 0.92, ""titan_home_handicap_signed"": 1.75, ""titan_away_handicap_signed"": -1.75, ""giving_team"": ""斯佩齐亚"", ""receiving_team"": ""比沙奴"", ""giving_water"": 0.78, ""receiving_water"": 0.92, ""side_identity"": ""Titan signed AH"", ""quote_at"": ""2026-09-21T16:15:41+08:00"", ""last_confirmed_at"": ""2026-09-21T16:15:41+08:00"", ""run_id"": ""RUN_20260921_161540""}",意丙,EVALUATED,N,,"[""BUCKET_1.75"", ""SIDE_IDENTITY_VALID"", ""FLAT_LINE_GIVING_WATER_DROP""]",450d37e8d7399b4349fe,,False,真实示弱/阻下,FLAT_LINE_GIVING_WATER_DROP,receiving,比沙奴,0.92,1.75,斯佩齐亚,giving,0.78,比沙奴,receiving,1.75,0.92,"{""W"": 0.4, ""HW"": 0.0, ""P"": 0.0, ""HL"": 0.2857142857142857, ""L"": 0.3142857142857143}",-0.08914285714285708,-0.31491963431092684,-0.2693005560695712,-0.09188520766416472,0.09202455622770134,0.14671159238003878,0.2628,"{""team"": ""斯佩齐亚"", ""water"": 0.78, ""EV_mean"": -0.04342857142857148, ""EV_p10"": -0.2187223641808157, ""P_EV_gt_0"": 0.3786, ""status"": ""DIAGNOSTIC_ONLY""}","{""team"": ""比沙奴"", ""water"": 0.92, ""EV_mean"": -0.08914285714285708, ""EV_p10"": -0.2647862532061306, ""P_EV_gt_0"": 0.2682, ""status"": ""DIAGNOSTIC_ONLY""}",V4_DIRECTION_FIXED_R1,,,,,,,,
3093989,2026-09-21,2026-09-22T02:30:00+08:00,2026-09-22T02:30:00+08:00,v4-market-dirichlet-20260913,V4_DIRECTION_FIXED_R1,V4_DIRECTION_FIXED_R1,RUN_20260921_161540,2026-09-21T16:16:51.427975+08:00,2026-09-21T16:15:41+08:00,2026-09-21T16:15:41+08:00,0.02,10.219,10.239,False,False,,,prior-2026-09-21-v1,"{""snapshot_id"": ""snapshot"", ""source"": ""LEGACY_RAW_FIELD_EXPORT"", ""observed_at"": ""2026-09-21T16:16:51.427975+08:00"", ""home_team"": ""坎皮涅拉U20"", ""away_team"": ""里奥韦德U20"", ""competition"": ""巴青联"", ""home_handicap_signed"": null, ""away_handicap_signed"": null, ""home_water_hk"": null, ""away_water_hk"": null, ""quote_at"": ""2026-09-21T16:15:41+08:00"", ""last_confirmed_at"": ""2026-09-21T16:15:41+08:00"", ""run_id"": ""RUN_20260921_161540""}",巴青联,MISSING_DATA,,,"[""REQUIRED_MARKET_INPUT_MISSING""]",3ac24440f94071930e49,,False,,,,,,,,,,,,,,,,,,,,,,,,,,,,,,,,
3093707,2026-09-21,2026-09-22T02:45:00+08:00,2026-09-22T02:45:00+08:00,v4-market-dirichlet-20260913,V4_DIRECTION_FIXED_R1,V4_DIRECTION_FIXED_R1,RUN_20260921_161540,2026-09-21T16:16:51.427975+08:00,2026-09-21T16:15:41+08:00,2026-09-21T16:15:41+08:00,0.02,10.469,10.489,False,False,,,prior-2026-09-21-v1,"{""snapshot_id"": ""snapshot"", ""source"": ""LEGACY_RAW_FIELD_EXPORT"", ""observed_at"": ""2026-09-21T16:16:51.427975+08:00"", ""home_team"": ""科尔斯希尔镇"", ""away_team"": ""萨顿克德菲尔德"", ""competition"": ""英北甲"", ""home_handicap_signed"": null, ""away_handicap_signed"": null, ""home_water_hk"": null, ""away_water_hk"": null, ""quote_at"": ""2026-09-21T16:15:41+08:00"", ""last_confirmed_at"": ""2026-09-21T16:15:41+08:00"", ""run_id"": ""RUN_20260921_161540""}",英北甲,NEUTRAL,,,"[""PK_NEUTRAL_NO_GIVING_SIDE""]",d465a01b69873052c0ef,,False,,,,,,,,,,,,,,,,,,,,,,,,,,,,,,,,
3093708,2026-09-21,2026-09-22T02:45:00+08:00,2026-09-22T02:45:00+08:00,v4-market-dirichlet-20260913,V4_DIRECTION_FIXED_R1,V4_DIRECTION_FIXED_R1,RUN_20260921_161540,2026-09-21T16:16:51.427975+08:00,2026-09-21T16:15:41+08:00,2026-09-21T16:15:41+08:00,0.02,10.469,10.489,False,False,,,prior-2026-09-21-v1,"{""snapshot_id"": ""snapshot"", ""source"": ""LEGACY_RAW_FIELD_EXPORT"", ""observed_at"": ""2026-09-21T16:16:51.427975+08:00"", ""home_team"": ""史蒂爱文斯城"", ""away_team"": ""柯尔比"", ""competition"": ""英北甲"", ""home_handicap_signed"": null, ""away_handicap_signed"": null, ""home_water_hk"": null, ""away_water_hk"": null, ""quote_at"": ""2026-09-21T16:15:41+08:00"", ""last_confirmed_at"": ""2026-09-21T16:15:41+08:00"", ""run_id"": ""RUN_20260921_161540""}",英北甲,NEUTRAL,,,"[""PK_NEUTRAL_NO_GIVING_SIDE""]",15e1173a62def74cabb1,,False,,,,,,,,,,,,,,,,,,,,,,,,,,,,,,,,
3090951,2026-09-21,2026-09-22T02:45:00+08:00,2026-09-22T02:45:00+08:00,v4-market-dirichlet-20260913,V4_DIRECTION_FIXED_R1,V4_DIRECTION_FIXED_R1,RUN_20260921_161540,2026-09-21T16:16:51.427975+08:00,2026-09-21T16:15:41+08:00,2026-09-21T16:15:41+08:00,0.02,10.469,10.489,False,False,eab0865b095a76a1f57c,,prior-2026-09-21-v1,"{""snapshot_id"": ""snapshot"", ""source"": ""LEGACY_RAW_FIELD_EXPORT"", ""observed_at"": ""2026-09-21T16:16:51.427975+08:00"", ""home_team"": ""切沃"", ""away_team"": ""西斯特拉诺"", ""competition"": ""意丁"", ""home_handicap_signed"": null, ""away_handicap_signed"": null, ""home_water_hk"": null, ""away_water_hk"": null, ""quote_at"": ""2026-09-21T16:15:41+08:00"", ""last_confirmed_at"": ""2026-09-21T16:15:41+08:00"", ""run_id"": ""RUN_20260921_161540""}",意丁,MISSING_DATA,,,"[""REQUIRED_MARKET_INPUT_MISSING""]",1a1477309517d388abd5,,False,,,,,,,,,,,,,,,,,,,,,,,,,,,,,,,,
3045095,2026-09-21,2026-09-22T02:45:00+08:00,2026-09-22T02:45:00+08:00,v4-market-dirichlet-20260913,V4_DIRECTION_FIXED_R1,V4_DIRECTION_FIXED_R1,RUN_20260921_161540,2026-09-21T16:16:51.427975+08:00,2026-09-21T16:15:41+08:00,2026-09-21T16:15:41+08:00,0.02,10.469,10.489,False,True,d31b981e20913ed70df5,,prior-2026-09-21-v1,"{""snapshot_id"": ""snapshot"", ""source"": ""LEGACY_RAW_FIELD_EXPORT"", ""observed_at"": ""2026-09-21T16:16:51.427975+08:00"", ""home_team"": ""瑞迪契"", ""away_team"": ""沃里克竞赛会"", ""competition"": ""英南超中"", ""home_handicap_signed"": 0.5, ""away_handicap_signed"": -0.5, ""home_water_hk"": 0.86, ""away_water_hk"": 0.84, ""titan_home_handicap_signed"": 0.5, ""titan_away_handicap_signed"": -0.5, ""giving_team"": ""瑞迪契"", ""receiving_team"": ""沃里克竞赛会"", ""giving_water"": 0.86, ""receiving_water"": 0.84, ""side_identity"": ""Titan signed AH"", ""quote_at"": ""2026-09-21T16:15:41+08:00"", ""last_confirmed_at"": ""2026-09-21T16:15:41+08:00"", ""run_id"": ""RUN_20260921_161540""}",英南超中,EVALUATED,N,,"[""BUCKET_0.50"", ""SIDE_IDENTITY_VALID"", ""FLAT_LINE_GIVING_WATER_RISE""]",1a7f9fdcce5383a9a0ac,,False,阻下/下盘保护,FLAT_LINE_GIVING_WATER_RISE,receiving,沃里克竞赛会,0.84,0.5,瑞迪契,giving,0.86,沃里克竞赛会,receiving,0.5,0.84,"{""W"": 0.5028571428571429, ""HW"": 0.0, ""P"": 0.0, ""HL"": 0.0, ""L"": 0.49714285714285716}",-0.07474285714285717,-0.18909543200158258,-0.16561404796833668,-0.07417601504990007,0.014746906772667545,0.0402988321704445,0.1392,"{""team"": ""瑞迪契"", ""water"": 0.86, ""EV_mean"": -0.07531428571428572, ""EV_p10"": -0.16410713749718225, ""P_EV_gt_0"": 0.1342, ""status"": ""DIAGNOSTIC_ONLY""}","{""team"": ""沃里克竞赛会"", ""water"": 0.84, ""EV_mean"": -0.07474285714285717, ""EV_p10"": -0.1666198838648651, ""P_EV_gt_0"": 0.1422, ""status"": ""DIAGNOSTIC_ONLY""}",V4_DIRECTION_FIXED_R1,,,,,,,,
3093694,2026-09-21,2026-09-22T03:00:00+08:00,2026-09-22T03:00:00+08:00,v4-market-dirichlet-20260913,V4_DIRECTION_FIXED_R1,V4_DIRECTION_FIXED_R1,RUN_20260921_161540,2026-09-21T16:16:51.427975+08:00,2026-09-21T16:15:41+08:00,2026-09-21T16:15:41+08:00,0.02,10.719,10.739,False,False,71a5b5f5971eb0629431,,prior-2026-09-21-v1,"{""snapshot_id"": ""snapshot"", ""source"": ""LEGACY_RAW_FIELD_EXPORT"", ""observed_at"": ""2026-09-21T16:16:51.427975+08:00"", ""home_team"": ""克里夫顿维尔后备队"", ""away_team"": ""班高U20"", ""competition"": ""北爱后备"", ""home_handicap_signed"": null, ""away_handicap_signed"": null, ""home_water_hk"": null, ""away_water_hk"": null, ""quote_at"": ""2026-09-21T16:15:41+08:00"", ""last_confirmed_at"": ""2026-09-21T16:15:41+08:00"", ""run_id"": ""RUN_20260921_161540""}",北爱后备,MISSING_DATA,,,"[""REQUIRED_MARKET_INPUT_MISSING""]",a0f8a1e32ca82570a950,,False,,,,,,,,,,,,,,,,,,,,,,,,,,,,,,,,
3093702,2026-09-21,2026-09-22T03:00:00+08:00,2026-09-22T03:00:00+08:00,v4-market-dirichlet-20260913,V4_DIRECTION_FIXED_R1,V4_DIRECTION_FIXED_R1,RUN_20260921_161540,2026-09-21T16:16:51.427975+08:00,2026-09-21T16:15:41+08:00,2026-09-21T16:15:41+08:00,0.02,10.719,10.739,False,False,,,prior-2026-09-21-v1,"{""snapshot_id"": ""snapshot"", ""source"": ""LEGACY_RAW_FIELD_EXPORT"", ""observed_at"": ""2026-09-21T16:16:51.427975+08:00"", ""home_team"": ""卡域克流浪后备队"", ""away_team"": ""科尔雷恩后备队"", ""competition"": ""北爱后备"", ""home_handicap_signed"": null, ""away_handicap_signed"": null, ""home_water_hk"": null, ""away_water_hk"": null, ""quote_at"": ""2026-09-21T16:15:41+08:00"", ""last_confirmed_at"": ""2026-09-21T16:15:41+08:00"", ""run_id"": ""RUN_20260921_161540""}",北爱后备,MISSING_DATA,,,"[""REQUIRED_MARKET_INPUT_MISSING""]",7ac9ddb407b1e982d194,,False,,,,,,,,,,,,,,,,,,,,,,,,,,,,,,,,
3093703,2026-09-21,2026-09-22T03:00:00+08:00,2026-09-22T03:00:00+08:00,v4-market-dirichlet-20260913,V4_DIRECTION_FIXED_R1,V4_DIRECTION_FIXED_R1,RUN_20260921_161540,2026-09-21T16:16:51.427975+08:00,2026-09-21T16:15:41+08:00,2026-09-21T16:15:41+08:00,0.02,10.719,10.739,False,False,,,prior-2026-09-21-v1,"{""snapshot_id"": ""snapshot"", ""source"": ""LEGACY_RAW_FIELD_EXPORT"", ""observed_at"": ""2026-09-21T16:16:51.427975+08:00"", ""home_team"": ""格伦托兰后备队"", ""away_team"": ""巴利米纳后备队"", ""competition"": ""北爱后备"", ""home_handicap_signed"": null, ""away_handicap_signed"": null, ""home_water_hk"": null, ""away_water_hk"": null, ""quote_at"": ""2026-09-21T16:15:41+08:00"", ""last_confirmed_at"": ""2026-09-21T16:15:41+08:00"", ""run_id"": ""RUN_20260921_161540""}",北爱后备,MISSING_DATA,,,"[""REQUIRED_MARKET_INPUT_MISSING""]",348394eea79f048825c4,,False,,,,,,,,,,,,,,,,,,,,,,,,,,,,,,,,
3093704,2026-09-21,2026-09-22T03:00:00+08:00,2026-09-22T03:00:00+08:00,v4-market-dirichlet-20260913,V4_DIRECTION_FIXED_R1,V4_DIRECTION_FIXED_R1,RUN_20260921_161540,2026-09-21T16:16:51.427975+08:00,2026-09-21T16:15:41+08:00,2026-09-21T16:15:41+08:00,0.02,10.719,10.739,False,False,,,prior-2026-09-21-v1,"{""snapshot_id"": ""snapshot"", ""source"": ""LEGACY_RAW_FIELD_EXPORT"", ""observed_at"": ""2026-09-21T16:16:51.427975+08:00"", ""home_team"": ""拉恩后备队"", ""away_team"": ""林菲尔德后备队"", ""competition"": ""北爱后备"", ""home_handicap_signed"": null, ""away_handicap_signed"": null, ""home_water_hk"": null, ""away_water_hk"": null, ""quote_at"": ""2026-09-21T16:15:41+08:00"", ""last_confirmed_at"": ""2026-09-21T16:15:41+08:00"", ""run_id"": ""RUN_20260921_161540""}",北爱后备,MISSING_DATA,,,"[""REQUIRED_MARKET_INPUT_MISSING""]",19a4cd1ff5092f3018a0,,False,,,,,,,,,,,,,,,,,,,,,,,,,,,,,,,,
3093705,2026-09-21,2026-09-22T03:00:00+08:00,2026-09-22T03:00:00+08:00,v4-market-dirichlet-20260913,V4_DIRECTION_FIXED_R1,V4_DIRECTION_FIXED_R1,RUN_20260921_161540,2026-09-21T16:16:51.427975+08:00,2026-09-21T16:15:41+08:00,2026-09-21T16:15:41+08:00,0.02,10.719,10.739,False,False,,,prior-2026-09-21-v1,"{""snapshot_id"": ""snapshot"", ""source"": ""LEGACY_RAW_FIELD_EXPORT"", ""observed_at"": ""2026-09-21T16:16:51.427975+08:00"", ""home_team"": ""利马瓦迪后备队"", ""away_team"": ""克鲁萨德后备队"", ""competition"": ""北爱后备"", ""home_handicap_signed"": null, ""away_handicap_signed"": null, ""home_water_hk"": null, ""away_water_hk"": null, ""quote_at"": ""2026-09-21T16:15:41+08:00"", ""last_confirmed_at"": ""2026-09-21T16:15:41+08:00"", ""run_id"": ""RUN_20260921_161540""}",北爱后备,MISSING_DATA,,,"[""REQUIRED_MARKET_INPUT_MISSING""]",42f1d1d0bbe7771f4f14,,False,,,,,,,,,,,,,,,,,,,,,,,,,,,,,,,,
3093706,2026-09-21,2026-09-22T03:00:00+08:00,2026-09-22T03:00:00+08:00,v4-market-dirichlet-20260913,V4_DIRECTION_FIXED_R1,V4_DIRECTION_FIXED_R1,RUN_20260921_161540,2026-09-21T16:16:51.427975+08:00,2026-09-21T16:15:41+08:00,2026-09-21T16:15:41+08:00,0.02,10.719,10.739,False,False,,,prior-2026-09-21-v1,"{""snapshot_id"": ""snapshot"", ""source"": ""LEGACY_RAW_FIELD_EXPORT"", ""observed_at"": ""2026-09-21T16:16:51.427975+08:00"", ""home_team"": ""邓甘嫩后备队"", ""away_team"": ""波达丹后备队"", ""competition"": ""北爱后备"", ""home_handicap_signed"": null, ""away_handicap_signed"": null, ""home_water_hk"": null, ""away_water_hk"": null, ""quote_at"": ""2026-09-21T16:15:41+08:00"", ""last_confirmed_at"": ""2026-09-21T16:15:41+08:00"", ""run_id"": ""RUN_20260921_161540""}",北爱后备,MISSING_DATA,,,"[""REQUIRED_MARKET_INPUT_MISSING""]",c28578af94dffb3f3bf1,,False,,,,,,,,,,,,,,,,,,,,,,,,,,,,,,,,
3092198,2026-09-21,2026-09-22T03:00:00+08:00,2026-09-22T03:00:00+08:00,v4-market-dirichlet-20260913,V4_DIRECTION_FIXED_R1,V4_DIRECTION_FIXED_R1,RUN_20260921_161540,2026-09-21T16:16:51.427975+08:00,2026-09-21T16:15:41+08:00,2026-09-21T16:15:41+08:00,0.02,10.719,10.739,False,False,f8a5fd76ab092c63ae59,,prior-2026-09-21-v1,"{""snapshot_id"": ""snapshot"", ""source"": ""LEGACY_RAW_FIELD_EXPORT"", ""observed_at"": ""2026-09-21T16:16:51.427975+08:00"", ""home_team"": ""伊图阿诺青年队"", ""away_team"": ""帕尔梅拉斯青年队"", ""competition"": ""巴圣青联"", ""home_handicap_signed"": null, ""away_handicap_signed"": null, ""home_water_hk"": null, ""away_water_hk"": null, ""quote_at"": ""2026-09-21T16:15:41+08:00"", ""last_confirmed_at"": ""2026-09-21T16:15:41+08:00"", ""run_id"": ""RUN_20260921_161540""}",巴圣青联,MISSING_DATA,,,"[""REQUIRED_MARKET_INPUT_MISSING""]",ab1f686a8c8c47eebbe9,,False,,,,,,,,,,,,,,,,,,,,,,,,,,,,,,,,
3093722,2026-09-21,2026-09-22T03:00:00+08:00,2026-09-22T03:00:00+08:00,v4-market-dirichlet-20260913,V4_DIRECTION_FIXED_R1,V4_DIRECTION_FIXED_R1,RUN_20260921_161540,2026-09-21T16:16:51.427975+08:00,2026-09-21T16:15:41+08:00,2026-09-21T16:15:41+08:00,0.02,10.719,10.739,False,False,,,prior-2026-09-21-v1,"{""snapshot_id"": ""snapshot"", ""source"": ""LEGACY_RAW_FIELD_EXPORT"", ""observed_at"": ""2026-09-21T16:16:51.427975+08:00"", ""home_team"": ""英格尼奥斯俱乐部"", ""away_team"": ""科尔基尔二月二十六日俱乐部"", ""competition"": ""玻利地杯"", ""home_handicap_signed"": null, ""away_handicap_signed"": null, ""home_water_hk"": null, ""away_water_hk"": null, ""quote_at"": ""2026-09-21T16:15:41+08:00"", ""last_confirmed_at"": ""2026-09-21T16:15:41+08:00"", ""run_id"": ""RUN_20260921_161540""}",玻利地杯,MISSING_DATA,,,"[""REQUIRED_MARKET_INPUT_MISSING""]",1664fe25071fedb8dcd8,,False,,,,,,,,,,,,,,,,,,,,,,,,,,,,,,,,
3074458,2026-09-21,2026-09-22T03:30:00+08:00,2026-09-22T03:30:00+08:00,v4-market-dirichlet-20260913,V4_DIRECTION_FIXED_R1,V4_DIRECTION_FIXED_R1,RUN_20260921_161540,2026-09-21T16:16:51.427975+08:00,2026-09-21T16:15:41+08:00,2026-09-21T16:15:41+08:00,0.02,11.219,11.239,False,False,44c580802622238e457a,,prior-2026-09-21-v1,"{""snapshot_id"": ""snapshot"", ""source"": ""LEGACY_RAW_FIELD_EXPORT"", ""observed_at"": ""2026-09-21T16:16:51.427975+08:00"", ""home_team"": ""阿塞瓦尔"", ""away_team"": ""谭贝塔里竞技"", ""competition"": ""巴拉乙"", ""home_handicap_signed"": null, ""away_handicap_signed"": null, ""home_water_hk"": null, ""away_water_hk"": null, ""quote_at"": ""2026-09-21T16:15:41+08:00"", ""last_confirmed_at"": ""2026-09-21T16:15:41+08:00"", ""run_id"": ""RUN_20260921_161540""}",巴拉乙,NEUTRAL,,,"[""NEUTRAL_INTENT"", ""MARKET_MOVE_BALANCED""]",322aa6afe18190174f31,,False,平衡盘/等待临场确认,,neutral,,,,,,,,,,,,,,,,,,,,,,,,,,,,,
3012197,2026-09-21,2026-09-22T04:30:00+08:00,2026-09-22T04:30:00+08:00,v4-market-dirichlet-20260913,V4_DIRECTION_FIXED_R1,V4_DIRECTION_FIXED_R1,RUN_20260921_161540,2026-09-21T16:16:51.427975+08:00,2026-09-21T16:15:41+08:00,2026-09-21T16:15:41+08:00,0.02,12.219,12.239,False,True,dc2fdd54637ff26c1001,MONITORING_BUCKET,prior-2026-09-21-v1,"{""snapshot_id"": ""snapshot"", ""source"": ""LEGACY_RAW_FIELD_EXPORT"", ""observed_at"": ""2026-09-21T16:16:51.427975+08:00"", ""home_team"": ""波哥塔"", ""away_team"": ""巴瑞库拉"", ""competition"": ""哥伦乙秋"", ""home_handicap_signed"": 0.5, ""away_handicap_signed"": -0.5, ""home_water_hk"": 0.74, ""away_water_hk"": 0.96, ""titan_home_handicap_signed"": 0.5, ""titan_away_handicap_signed"": -0.5, ""giving_team"": ""波哥塔"", ""receiving_team"": ""巴瑞库拉"", ""giving_water"": 0.74, ""receiving_water"": 0.96, ""side_identity"": ""Titan signed AH"", ""quote_at"": ""2026-09-21T16:15:41+08:00"", ""last_confirmed_at"": ""2026-09-21T16:15:41+08:00"", ""run_id"": ""RUN_20260921_161540""}",哥伦乙秋,EVALUATED,N,,"[""BUCKET_0.50"", ""SIDE_IDENTITY_VALID"", ""FLAT_LINE_GIVING_WATER_DROP""]",9709867122f54ca109ca,,False,真实示弱/阻下,FLAT_LINE_GIVING_WATER_DROP,receiving,巴瑞库拉,0.96,0.5,波哥塔,giving,0.74,巴瑞库拉,receiving,0.5,0.96,"{""W"": 0.5028571428571429, ""HW"": 0.0, ""P"": 0.0, ""HL"": 0.0, ""L"": 0.49714285714285716}",-0.014400000000000024,-0.13474710863432982,-0.1092377059235447,-0.014791269217975356,0.0829835338655916,0.10962683851854049,0.4204,"{""team"": ""波哥塔"", ""water"": 0.74, ""EV_mean"": -0.13497142857142858, ""EV_p10"": -0.21793592387314598, ""P_EV_gt_0"": 0.0184, ""status"": ""DIAGNOSTIC_ONLY""}","{""team"": ""巴瑞库拉"", ""water"": 0.96, ""EV_mean"": -0.014400000000000024, ""EV_p10"": -0.10757408614389996, ""P_EV_gt_0"": 0.4232, ""status"": ""DIAGNOSTIC_ONLY""}",V4_DIRECTION_FIXED_R1,,,,,,,,
3093659,2026-09-21,2026-09-22T05:00:00+08:00,2026-09-22T05:00:00+08:00,v4-market-dirichlet-20260913,V4_DIRECTION_FIXED_R1,V4_DIRECTION_FIXED_R1,RUN_20260921_161540,2026-09-21T16:16:51.427975+08:00,2026-09-21T16:15:41+08:00,2026-09-21T16:15:41+08:00,0.02,12.719,12.739,False,False,e6e5d2640c6612e3fb6d,MONITORING_BUCKET,prior-2026-09-21-v1,"{""snapshot_id"": ""snapshot"", ""source"": ""LEGACY_RAW_FIELD_EXPORT"", ""observed_at"": ""2026-09-21T16:16:51.427975+08:00"", ""home_team"": ""CD马拉顿后备"", ""away_team"": ""罗查星后备队"", ""competition"": ""洪都后备"", ""home_handicap_signed"": null, ""away_handicap_signed"": null, ""home_water_hk"": null, ""away_water_hk"": null, ""quote_at"": ""2026-09-21T16:15:41+08:00"", ""last_confirmed_at"": ""2026-09-21T16:15:41+08:00"", ""run_id"": ""RUN_20260921_161540""}",洪都后备,MISSING_DATA,,,"[""REQUIRED_MARKET_INPUT_MISSING""]",4455e4e0b36b9548dbfc,,False,,,,,,,,,,,,,,,,,,,,,,,,,,,,,,,,
3093676,2026-09-21,2026-09-22T05:00:00+08:00,2026-09-22T05:00:00+08:00,v4-market-dirichlet-20260913,V4_DIRECTION_FIXED_R1,V4_DIRECTION_FIXED_R1,RUN_20260921_161540,2026-09-21T16:16:51.427975+08:00,2026-09-21T16:15:41+08:00,2026-09-21T16:15:41+08:00,0.02,12.719,12.739,False,False,ce9951c319707e8b77be,MONITORING_BUCKET,prior-2026-09-21-v1,"{""snapshot_id"": ""snapshot"", ""source"": ""LEGACY_RAW_FIELD_EXPORT"", ""observed_at"": ""2026-09-21T16:16:51.427975+08:00"", ""home_team"": ""胡蒂卡尔帕后备"", ""away_team"": ""科马亚瓜创世纪后备队"", ""competition"": ""洪都后备"", ""home_handicap_signed"": null, ""away_handicap_signed"": null, ""home_water_hk"": null, ""away_water_hk"": null, ""quote_at"": ""2026-09-21T16:15:41+08:00"", ""last_confirmed_at"": ""2026-09-21T16:15:41+08:00"", ""run_id"": ""RUN_20260921_161540""}",洪都后备,MISSING_DATA,,,"[""REQUIRED_MARKET_INPUT_MISSING""]",f8165963c43d53eccb80,,False,,,,,,,,,,,,,,,,,,,,,,,,,,,,,,,,
3093680,2026-09-21,2026-09-22T05:00:00+08:00,2026-09-22T05:00:00+08:00,v4-market-dirichlet-20260913,V4_DIRECTION_FIXED_R1,V4_DIRECTION_FIXED_R1,RUN_20260921_161540,2026-09-21T16:16:51.427975+08:00,2026-09-21T16:15:41+08:00,2026-09-21T16:15:41+08:00,0.02,12.719,12.739,False,False,410a5fc8dc7b3faf2a9c,MONITORING_BUCKET,prior-2026-09-21-v1,"{""snapshot_id"": ""snapshot"", ""source"": ""LEGACY_RAW_FIELD_EXPORT"", ""observed_at"": ""2026-09-21T16:16:51.427975+08:00"", ""home_team"": ""乔洛马后备队"", ""away_team"": ""奥兰乔FC后备"", ""competition"": ""洪都后备"", ""home_handicap_signed"": null, ""away_handicap_signed"": null, ""home_water_hk"": null, ""away_water_hk"": null, ""quote_at"": ""2026-09-21T16:15:41+08:00"", ""last_confirmed_at"": ""2026-09-21T16:15:41+08:00"", ""run_id"": ""RUN_20260921_161540""}",洪都后备,MISSING_DATA,,,"[""REQUIRED_MARKET_INPUT_MISSING""]",b07cf10fcaffad62f461,,False,,,,,,,,,,,,,,,,,,,,,,,,,,,,,,,,
3093710,2026-09-21,2026-09-22T05:00:00+08:00,2026-09-22T05:00:00+08:00,v4-market-dirichlet-20260913,V4_DIRECTION_FIXED_R1,V4_DIRECTION_FIXED_R1,RUN_20260921_161540,2026-09-21T16:16:51.427975+08:00,2026-09-21T16:15:41+08:00,2026-09-21T16:15:41+08:00,0.02,12.719,12.739,False,False,,MONITORING_BUCKET,prior-2026-09-21-v1,"{""snapshot_id"": ""snapshot"", ""source"": ""LEGACY_RAW_FIELD_EXPORT"", ""observed_at"": ""2026-09-21T16:16:51.427975+08:00"", ""home_team"": ""CD奥林匹亚后备队"", ""away_team"": ""帕兰德森后备队"", ""competition"": ""洪都后备"", ""home_handicap_signed"": null, ""away_handicap_signed"": null, ""home_water_hk"": null, ""away_water_hk"": null, ""quote_at"": ""2026-09-21T16:15:41+08:00"", ""last_confirmed_at"": ""2026-09-21T16:15:41+08:00"", ""run_id"": ""RUN_20260921_161540""}",洪都后备,MISSING_DATA,,,"[""REQUIRED_MARKET_INPUT_MISSING""]",d48e2a7df0cd6a8fc05b,,False,,,,,,,,,,,,,,,,,,,,,,,,,,,,,,,,
3046031,2026-09-21,2026-09-22T05:45:00+08:00,2026-09-22T05:45:00+08:00,v4-market-dirichlet-20260913,V4_DIRECTION_FIXED_R1,V4_DIRECTION_FIXED_R1,RUN_20260921_161540,2026-09-21T16:16:51.427975+08:00,2026-09-21T16:15:41+08:00,2026-09-21T16:15:41+08:00,0.02,13.469,13.489,False,True,f67c08db3e4652ad5d4d,MONITORING_BUCKET,prior-2026-09-21-v1,"{""snapshot_id"": ""snapshot"", ""source"": ""LEGACY_RAW_FIELD_EXPORT"", ""observed_at"": ""2026-09-21T16:16:51.427975+08:00"", ""home_team"": ""亚特兰特女足"", ""away_team"": ""克雷塔罗女足"", ""competition"": ""墨西女超春"", ""home_handicap_signed"": 0.5, ""away_handicap_signed"": -0.5, ""home_water_hk"": 1.06, ""away_water_hk"": 0.76, ""titan_home_handicap_signed"": 0.5, ""titan_away_handicap_signed"": -0.5, ""giving_team"": ""亚特兰特女足"", ""receiving_team"": ""克雷塔罗女足"", ""giving_water"": 1.06, ""receiving_water"": 0.76, ""side_identity"": ""Titan signed AH"", ""quote_at"": ""2026-09-21T16:15:41+08:00"", ""last_confirmed_at"": ""2026-09-21T16:15:41+08:00"", ""run_id"": ""RUN_20260921_161540""}",墨西女超春,EVALUATED,N,,"[""BUCKET_0.50"", ""SIDE_IDENTITY_VALID"", ""MARKET_MOVE_SHALLOWER_WITH_GIVING_WATER_RESISTANCE""]",4a212ac07e003c4d835b,,False,诱上/阻下,MARKET_MOVE_SHALLOWER_WITH_GIVING_WATER_RESISTANCE,receiving,克雷塔罗女足,0.76,0.5,亚特兰特女足,giving,1.06,克雷塔罗女足,receiving,0.5,0.76,"{""W"": 0.5028571428571429, ""HW"": 0.0, ""P"": 0.0, ""HL"": 0.0, ""L"": 0.49714285714285716}",-0.11497142857142856,-0.22329863515041204,-0.1991973900626945,-0.11553869440337189,-0.02964866565719093,-0.007937943768673072,0.0396,"{""team"": ""亚特兰特女足"", ""water"": 1.06, ""EV_mean"": 0.024114285714285755, ""EV_p10"": -0.0757753086327615, ""P_EV_gt_0"": 0.6148, ""status"": ""DIAGNOSTIC_ONLY""}","{""team"": ""克雷塔罗女足"", ""water"": 0.76, ""EV_mean"": -0.11497142857142856, ""EV_p10"": -0.19844536018516162, ""P_EV_gt_0"": 0.0396, ""status"": ""DIAGNOSTIC_ONLY""}",V4_DIRECTION_FIXED_R1,,,,,,,,
2962639,2026-09-21,2026-09-22T06:00:00+08:00,2026-09-22T06:00:00+08:00,v4-market-dirichlet-20260913,V4_DIRECTION_FIXED_R1,V4_DIRECTION_FIXED_R1,RUN_20260921_161540,2026-09-21T16:16:51.427975+08:00,2026-09-21T16:15:41+08:00,2026-09-21T16:15:41+08:00,0.02,13.719,13.739,False,True,e2bce0b06e7dfa049413,MONITORING_BUCKET,prior-2026-09-21-v1,"{""snapshot_id"": ""snapshot"", ""source"": ""LEGACY_RAW_FIELD_EXPORT"", ""observed_at"": ""2026-09-21T16:16:51.427975+08:00"", ""home_team"": ""巴拉卡斯中央队"", ""away_team"": ""门多萨独立"", ""competition"": ""阿甲"", ""home_handicap_signed"": -0.25, ""away_handicap_signed"": 0.25, ""home_water_hk"": 0.84, ""away_water_hk"": 1.05, ""titan_home_handicap_signed"": -0.25, ""titan_away_handicap_signed"": 0.25, ""giving_team"": ""门多萨独立"", ""receiving_team"": ""巴拉卡斯中央队"", ""giving_water"": 1.05, ""receiving_water"": 0.84, ""side_identity"": ""Titan signed AH"", ""quote_at"": ""2026-09-21T16:15:41+08:00"", ""last_confirmed_at"": ""2026-09-21T16:15:41+08:00"", ""run_id"": ""RUN_20260921_161540""}",阿甲,EVALUATED,N,,"[""BUCKET_0.25"", ""SIDE_IDENTITY_VALID"", ""FLAT_LINE_GIVING_WATER_DROP""]",e2bce0b06e7dfa049413,,False,真实示弱/阻下,FLAT_LINE_GIVING_WATER_DROP,receiving,巴拉卡斯中央队,0.84,0.25,门多萨独立,giving,1.05,巴拉卡斯中央队,receiving,0.25,0.84,"{""W"": 0.2743055555555556, ""HW"": 0.3020833333333333, ""P"": 0.0, ""HL"": 0.0, ""L"": 0.4236111111111111}",-0.06631944444444443,-0.1415724224166554,-0.12642345056760507,-0.06772678374539182,-0.0068274893002425174,0.00800786649462737,0.0752,"{""team"": ""门多萨独立"", ""water"": 1.05, ""EV_mean"": 0.019444444444444486, ""EV_p10"": -0.0489901309173964, ""P_EV_gt_0"": 0.6356, ""status"": ""DIAGNOSTIC_ONLY""}","{""team"": ""巴拉卡斯中央队"", ""water"": 0.84, ""EV_mean"": -0.06631944444444443, ""EV_p10"": -0.12772375408498454, ""P_EV_gt_0"": 0.0732, ""status"": ""DIAGNOSTIC_ONLY""}",V4_DIRECTION_FIXED_R1,,,,,,,,
2916693,2026-09-21,2026-09-22T06:00:00+08:00,2026-09-22T06:00:00+08:00,v4-market-dirichlet-20260913,V4_DIRECTION_FIXED_R1,V4_DIRECTION_FIXED_R1,RUN_20260921_161540,2026-09-21T16:16:51.427975+08:00,2026-09-21T16:15:41+08:00,2026-09-21T16:15:41+08:00,0.02,13.719,13.739,False,True,d64b976c8099f6d2459b,MONITORING_BUCKET,prior-2026-09-21-v1,"{""snapshot_id"": ""snapshot"", ""source"": ""LEGACY_RAW_FIELD_EXPORT"", ""observed_at"": ""2026-09-21T16:16:51.427975+08:00"", ""home_team"": ""新芝加哥"", ""away_team"": ""帕特罗纳图"", ""competition"": ""阿乙"", ""home_handicap_signed"": 0.25, ""away_handicap_signed"": -0.25, ""home_water_hk"": 1.01, ""away_water_hk"": 0.81, ""titan_home_handicap_signed"": 0.25, ""titan_away_handicap_signed"": -0.25, ""giving_team"": ""新芝加哥"", ""receiving_team"": ""帕特罗纳图"", ""giving_water"": 1.01, ""receiving_water"": 0.81, ""side_identity"": ""Titan signed AH"", ""quote_at"": ""2026-09-21T16:15:41+08:00"", ""last_confirmed_at"": ""2026-09-21T16:15:41+08:00"", ""run_id"": ""RUN_20260921_161540""}",阿乙,EVALUATED,N,,"[""BUCKET_0.25"", ""SIDE_IDENTITY_VALID"", ""FLAT_LINE_GIVING_WATER_RISE""]",a2f242fd60e8bee977a3,,False,阻下/下盘保护,FLAT_LINE_GIVING_WATER_RISE,receiving,帕特罗纳图,0.81,0.25,新芝加哥,giving,1.01,帕特罗纳图,receiving,0.25,0.81,"{""W"": 0.2743055555555556, ""HW"": 0.3020833333333333, ""P"": 0.0, ""HL"": 0.0, ""L"": 0.4236111111111111}",-0.07907986111111104,-0.1601432322276689,-0.14222805855685106,-0.0786448131027645,-0.017559125573785472,-0.001459411771574548,0.047,"{""team"": ""新芝加哥"", ""water"": 1.01, ""EV_mean"": 0.0024999999999999467, ""EV_p10"": -0.06443853385737969, ""P_EV_gt_0"": 0.5212, ""status"": ""DIAGNOSTIC_ONLY""}","{""team"": ""帕特罗纳图"", ""water"": 0.81, ""EV_mean"": -0.07907986111111104, ""EV_p10"": -0.13983117021952124, ""P_EV_gt_0"": 0.0462, ""status"": ""DIAGNOSTIC_ONLY""}",V4_DIRECTION_FIXED_R1,,,,,,,,
3074459,2026-09-21,2026-09-22T06:00:00+08:00,2026-09-22T06:00:00+08:00,v4-market-dirichlet-20260913,V4_DIRECTION_FIXED_R1,V4_DIRECTION_FIXED_R1,RUN_20260921_161540,2026-09-21T16:16:51.427975+08:00,2026-09-21T16:15:41+08:00,2026-09-21T16:15:41+08:00,0.02,13.719,13.739,False,False,8a26d3ae7e7ea9adafcb,MONITORING_BUCKET,prior-2026-09-21-v1,"{""snapshot_id"": ""snapshot"", ""source"": ""LEGACY_RAW_FIELD_EXPORT"", ""observed_at"": ""2026-09-21T16:16:51.427975+08:00"", ""home_team"": ""恩卡纳西翁"", ""away_team"": ""卡比亚塔"", ""competition"": ""巴拉乙"", ""home_handicap_signed"": null, ""away_handicap_signed"": null, ""home_water_hk"": null, ""away_water_hk"": null, ""quote_at"": ""2026-09-21T16:15:41+08:00"", ""last_confirmed_at"": ""2026-09-21T16:15:41+08:00"", ""run_id"": ""RUN_20260921_161540""}",巴拉乙,NEUTRAL,,,"[""NEUTRAL_INTENT"", ""MARKET_MOVE_BALANCED""]",58b372128d2f4dcec19d,,False,平衡盘/等待临场确认,,neutral,,,,,,,,,,,,,,,,,,,,,,,,,,,,,
3012198,2026-09-21,2026-09-22T06:00:00+08:00,2026-09-22T06:00:00+08:00,v4-market-dirichlet-20260913,V4_DIRECTION_FIXED_R1,V4_DIRECTION_FIXED_R1,RUN_20260921_161540,2026-09-21T16:16:51.427975+08:00,2026-09-21T16:15:41+08:00,2026-09-21T16:15:41+08:00,0.02,13.719,13.739,False,False,bf920cffc6cfbb0a3601,MONITORING_BUCKET,prior-2026-09-21-v1,"{""snapshot_id"": ""snapshot"", ""source"": ""LEGACY_RAW_FIELD_EXPORT"", ""observed_at"": ""2026-09-21T16:16:51.427975+08:00"", ""home_team"": ""索阿查"", ""away_team"": ""奎迪奥"", ""competition"": ""哥伦乙秋"", ""home_handicap_signed"": null, ""away_handicap_signed"": null, ""home_water_hk"": null, ""away_water_hk"": null, ""quote_at"": ""2026-09-21T16:15:41+08:00"", ""last_confirmed_at"": ""2026-09-21T16:15:41+08:00"", ""run_id"": ""RUN_20260921_161540""}",哥伦乙秋,NEUTRAL,,,"[""NEUTRAL_INTENT"", ""MARKET_MOVE_BALANCED""]",54de039bff1f026b8b30,,False,平衡盘/等待临场确认,,neutral,,,,,,,,,,,,,,,,,,,,,,,,,,,,,
3061652,2026-09-21,2026-09-22T06:00:00+08:00,2026-09-22T06:00:00+08:00,v4-market-dirichlet-20260913,V4_DIRECTION_FIXED_R1,V4_DIRECTION_FIXED_R1,RUN_20260921_161540,2026-09-21T16:16:51.427975+08:00,2026-09-21T16:15:41+08:00,2026-09-21T16:15:41+08:00,0.02,13.719,13.739,False,False,66efae2c7cf808bfc7b5,MONITORING_BUCKET,prior-2026-09-21-v1,"{""snapshot_id"": ""snapshot"", ""source"": ""LEGACY_RAW_FIELD_EXPORT"", ""observed_at"": ""2026-09-21T16:16:51.427975+08:00"", ""home_team"": ""瓜比拉"", ""away_team"": ""圣安东尼奥布鲁布鲁"", ""competition"": ""玻利杯"", ""home_handicap_signed"": null, ""away_handicap_signed"": null, ""home_water_hk"": null, ""away_water_hk"": null, ""quote_at"": ""2026-09-21T16:15:41+08:00"", ""last_confirmed_at"": ""2026-09-21T16:15:41+08:00"", ""run_id"": ""RUN_20260921_161540""}",玻利杯,NEUTRAL,,,"[""NEUTRAL_INTENT"", ""MARKET_MOVE_BALANCED""]",fc2cdd45b9b0fa4ffbb6,,False,平衡盘/等待临场确认,,neutral,,,,,,,,,,,,,,,,,,,,,,,,,,,,,
3092184,2026-09-21,2026-09-22T06:05:00+08:00,2026-09-22T06:05:00+08:00,v4-market-dirichlet-20260913,V4_DIRECTION_FIXED_R1,V4_DIRECTION_FIXED_R1,RUN_20260921_161540,2026-09-21T16:16:51.427975+08:00,2026-09-21T16:15:41+08:00,2026-09-21T16:15:41+08:00,0.02,13.802,13.822,False,False,438ff1820ba976f666ca,MONITORING_BUCKET,prior-2026-09-21-v1,"{""snapshot_id"": ""snapshot"", ""source"": ""LEGACY_RAW_FIELD_EXPORT"", ""observed_at"": ""2026-09-21T16:16:51.427975+08:00"", ""home_team"": ""胡曼伯狮子"", ""away_team"": ""沃特豪斯"", ""competition"": ""牙买超"", ""home_handicap_signed"": null, ""away_handicap_signed"": null, ""home_water_hk"": null, ""away_water_hk"": null, ""quote_at"": ""2026-09-21T16:15:41+08:00"", ""last_confirmed_at"": ""2026-09-21T16:15:41+08:00"", ""run_id"": ""RUN_20260921_161540""}",牙买超,MISSING_DATA,,,"[""REQUIRED_MARKET_INPUT_MISSING""]",005d07d882b429412404,,False,,,,,,,,,,,,,,,,,,,,,,,,,,,,,,,,
2940187,2026-09-21,2026-09-22T06:30:00+08:00,2026-09-22T06:30:00+08:00,v4-market-dirichlet-20260913,V4_DIRECTION_FIXED_R1,V4_DIRECTION_FIXED_R1,RUN_20260921_161540,2026-09-21T16:16:51.427975+08:00,2026-09-21T16:15:41+08:00,2026-09-21T16:15:41+08:00,0.02,14.219,14.239,False,True,1330b9f3408a2019e905,MONITORING_BUCKET,prior-2026-09-21-v1,"{""snapshot_id"": ""snapshot"", ""source"": ""LEGACY_RAW_FIELD_EXPORT"", ""observed_at"": ""2026-09-21T16:16:51.427975+08:00"", ""home_team"": ""克里丘马"", ""away_team"": ""欧帕尔利奥"", ""competition"": ""巴西乙"", ""home_handicap_signed"": 0.75, ""away_handicap_signed"": -0.75, ""home_water_hk"": 1.0, ""away_water_hk"": 0.88, ""titan_home_handicap_signed"": 0.75, ""titan_away_handicap_signed"": -0.75, ""giving_team"": ""克里丘马"", ""receiving_team"": ""欧帕尔利奥"", ""giving_water"": 1.0, ""receiving_water"": 0.88, ""side_identity"": ""Titan signed AH"", ""quote_at"": ""2026-09-21T16:15:41+08:00"", ""last_confirmed_at"": ""2026-09-21T16:15:41+08:00"", ""run_id"": ""RUN_20260921_161540""}",巴西乙,EVALUATED,N,,"[""BUCKET_0.75"", ""SIDE_IDENTITY_VALID"", ""FLAT_LINE_GIVING_WATER_DROP""]",1330b9f3408a2019e905,,False,真实示弱/阻下,FLAT_LINE_GIVING_WATER_DROP,receiving,欧帕尔利奥,0.88,0.75,克里丘马,giving,1.0,欧帕尔利奥,receiving,0.75,0.88,"{""W"": 0.44166666666666665, ""HW"": 0.0, ""P"": 0.0, ""HL"": 0.25833333333333336, ""L"": 0.3}",-0.040500000000000036,-0.1685908593443285,-0.14103031970694965,-0.04042475030625514,0.053812146364619284,0.0804064774448936,0.2882,"{""team"": ""克里丘马"", ""water"": 1.0, ""EV_mean"": -0.012499999999999956, ""EV_p10"": -0.11745879323680897, ""P_EV_gt_0"": 0.4444, ""status"": ""DIAGNOSTIC_ONLY""}","{""team"": ""欧帕尔利奥"", ""water"": 0.88, ""EV_mean"": -0.040500000000000036, ""EV_p10"": -0.1398563847126469, ""P_EV_gt_0"": 0.2964, ""status"": ""DIAGNOSTIC_ONLY""}",V4_DIRECTION_FIXED_R1,,,,,,,,
3091701,2026-09-21,2026-09-22T06:30:00+08:00,2026-09-22T06:30:00+08:00,v4-market-dirichlet-20260913,V4_DIRECTION_FIXED_R1,V4_DIRECTION_FIXED_R1,RUN_20260921_161540,2026-09-21T16:16:51.427975+08:00,2026-09-21T16:15:41+08:00,2026-09-21T16:15:41+08:00,0.02,14.219,14.239,False,True,9f5cc0334b3ce3f99f32,MONITORING_BUCKET,prior-2026-09-21-v1,"{""snapshot_id"": ""snapshot"", ""source"": ""LEGACY_RAW_FIELD_EXPORT"", ""observed_at"": ""2026-09-21T16:16:51.427975+08:00"", ""home_team"": ""西班牙中心"", ""away_team"": ""图尔克"", ""competition"": ""乌拉甲秋"", ""home_handicap_signed"": -0.5, ""away_handicap_signed"": 0.5, ""home_water_hk"": 0.76, ""away_water_hk"": 0.94, ""titan_home_handicap_signed"": -0.5, ""titan_away_handicap_signed"": 0.5, ""giving_team"": ""图尔克"", ""receiving_team"": ""西班牙中心"", ""giving_water"": 0.94, ""receiving_water"": 0.76, ""side_identity"": ""Titan signed AH"", ""quote_at"": ""2026-09-21T16:15:41+08:00"", ""last_confirmed_at"": ""2026-09-21T16:15:41+08:00"", ""run_id"": ""RUN_20260921_161540""}",乌拉甲秋,EVALUATED,N,,"[""BUCKET_0.50"", ""SIDE_IDENTITY_VALID"", ""FLAT_LINE_GIVING_WATER_RISE""]",19a7d2065a1b91b49b4e,,False,阻下/下盘保护,FLAT_LINE_GIVING_WATER_RISE,receiving,西班牙中心,0.76,0.5,图尔克,giving,0.94,西班牙中心,receiving,0.5,0.76,"{""W"": 0.5028571428571429, ""HW"": 0.0, ""P"": 0.0, ""HL"": 0.0, ""L"": 0.49714285714285716}",-0.11497142857142856,-0.22467016259800077,-0.20062749951410502,-0.1162250990646781,-0.030076370821510434,-0.0066589346545475325,0.0416,"{""team"": ""图尔克"", ""water"": 0.94, ""EV_mean"": -0.03554285714285721, ""EV_p10"": -0.12934523694850147, ""P_EV_gt_0"": 0.3222, ""status"": ""DIAGNOSTIC_ONLY""}","{""team"": ""西班牙中心"", ""water"": 0.76, ""EV_mean"": -0.11497142857142856, ""EV_p10"": -0.19946952672973361, ""P_EV_gt_0"": 0.0396, ""status"": ""DIAGNOSTIC_ONLY""}",V4_DIRECTION_FIXED_R1,,,,,,,,
3093725,2026-09-21,2026-09-22T06:30:00+08:00,2026-09-22T06:30:00+08:00,v4-market-dirichlet-20260913,V4_DIRECTION_FIXED_R1,V4_DIRECTION_FIXED_R1,RUN_20260921_161540,2026-09-21T16:16:51.427975+08:00,2026-09-21T16:15:41+08:00,2026-09-21T16:15:41+08:00,0.02,14.219,14.239,False,False,,MONITORING_BUCKET,prior-2026-09-21-v1,"{""snapshot_id"": ""snapshot"", ""source"": ""LEGACY_RAW_FIELD_EXPORT"", ""observed_at"": ""2026-09-21T16:16:51.427975+08:00"", ""home_team"": ""国民AC MG"", ""away_team"": ""圣塔里滕斯"", ""competition"": ""巴米乙"", ""home_handicap_signed"": null, ""away_handicap_signed"": null, ""home_water_hk"": null, ""away_water_hk"": null, ""quote_at"": ""2026-09-21T16:15:41+08:00"", ""last_confirmed_at"": ""2026-09-21T16:15:41+08:00"", ""run_id"": ""RUN_20260921_161540""}",巴米乙,MISSING_DATA,,,"[""REQUIRED_MARKET_INPUT_MISSING""]",3ae36d2e9c10d246839f,,False,,,,,,,,,,,,,,,,,,,,,,,,,,,,,,,,
3046032,2026-09-21,2026-09-22T07:00:00+08:00,2026-09-22T07:00:00+08:00,v4-market-dirichlet-20260913,V4_DIRECTION_FIXED_R1,V4_DIRECTION_FIXED_R1,RUN_20260921_161540,2026-09-21T16:16:51.427975+08:00,2026-09-21T16:15:41+08:00,2026-09-21T16:15:41+08:00,0.02,14.719,14.739,False,True,92acb7895d4c12d937eb,MONITORING_BUCKET,prior-2026-09-21-v1,"{""snapshot_id"": ""snapshot"", ""source"": ""LEGACY_RAW_FIELD_EXPORT"", ""observed_at"": ""2026-09-21T16:16:51.427975+08:00"", ""home_team"": ""莱昂女足"", ""away_team"": ""华雷斯女足"", ""competition"": ""墨西女超春"", ""home_handicap_signed"": 0.25, ""away_handicap_signed"": -0.25, ""home_water_hk"": 1.01, ""away_water_hk"": 0.81, ""titan_home_handicap_signed"": 0.25, ""titan_away_handicap_signed"": -0.25, ""giving_team"": ""莱昂女足"", ""receiving_team"": ""华雷斯女足"", ""giving_water"": 1.01, ""receiving_water"": 0.81, ""side_identity"": ""Titan signed AH"", ""quote_at"": ""2026-09-21T16:15:41+08:00"", ""last_confirmed_at"": ""2026-09-21T16:15:41+08:00"", ""run_id"": ""RUN_20260921_161540""}",墨西女超春,EVALUATED,C,,"[""BUCKET_0.25"", ""SIDE_IDENTITY_VALID"", ""MARKET_MOVE_DEEPER_WITH_GIVING_WATER_RISE""]",7a49a720d470bc86e20e,,False,阻上/诱下,MARKET_MOVE_DEEPER_WITH_GIVING_WATER_RISE,giving,莱昂女足,1.01,0.25,华雷斯女足,receiving,0.81,莱昂女足,giving,-0.25,1.01,"{""W"": 0.4236111111111111, ""HW"": 0.0, ""P"": 0.0, ""HL"": 0.3020833333333333, ""L"": 0.2743055555555556}",0.0024999999999999467,-0.08286579485767412,-0.06369257326757011,0.0017328760263674026,0.06981585676423269,0.08917553566117545,0.5146,"{""team"": ""莱昂女足"", ""water"": 1.01, ""EV_mean"": 0.0024999999999999467, ""EV_p10"": -0.06242493235238461, ""P_EV_gt_0"": 0.5316, ""status"": ""DIAGNOSTIC_ONLY""}","{""team"": ""华雷斯女足"", ""water"": 0.81, ""EV_mean"": -0.07907986111111104, ""EV_p10"": -0.14089091729038244, ""P_EV_gt_0"": 0.0496, ""status"": ""DIAGNOSTIC_ONLY""}",V4_DIRECTION_FIXED_R1,,,,,,,,
3093709,2026-09-21,2026-09-22T07:00:00+08:00,2026-09-22T07:00:00+08:00,v4-market-dirichlet-20260913,V4_DIRECTION_FIXED_R1,V4_DIRECTION_FIXED_R1,RUN_20260921_161540,2026-09-21T16:16:51.427975+08:00,2026-09-21T16:15:41+08:00,2026-09-21T16:15:41+08:00,0.02,14.719,14.739,False,False,,MONITORING_BUCKET,prior-2026-09-21-v1,"{""snapshot_id"": ""snapshot"", ""source"": ""LEGACY_RAW_FIELD_EXPORT"", ""observed_at"": ""2026-09-21T16:16:51.427975+08:00"", ""home_team"": ""佩加米诺赛马"", ""away_team"": ""尤文图德家米诺"", ""competition"": ""阿根业余锦"", ""home_handicap_signed"": null, ""away_handicap_signed"": null, ""home_water_hk"": null, ""away_water_hk"": null, ""quote_at"": ""2026-09-21T16:15:41+08:00"", ""last_confirmed_at"": ""2026-09-21T16:15:41+08:00"", ""run_id"": ""RUN_20260921_161540""}",阿根业余锦,MISSING_DATA,,,"[""REQUIRED_MARKET_INPUT_MISSING""]",73d490ffbf6faac8521d,,False,,,,,,,,,,,,,,,,,,,,,,,,,,,,,,,,
3088363,2026-09-21,2026-09-22T07:30:00+08:00,2026-09-22T07:30:00+08:00,v4-market-dirichlet-20260913,V4_DIRECTION_FIXED_R1,V4_DIRECTION_FIXED_R1,RUN_20260921_161540,2026-09-21T16:16:51.427975+08:00,2026-09-21T16:15:41+08:00,2026-09-21T16:15:41+08:00,0.02,15.219,15.239,False,False,4a7117de4d93099a422c,MONITORING_BUCKET,prior-2026-09-21-v1,"{""snapshot_id"": ""snapshot"", ""source"": ""LEGACY_RAW_FIELD_EXPORT"", ""observed_at"": ""2026-09-21T16:16:51.427975+08:00"", ""home_team"": ""尤文图斯SP"", ""away_team"": ""圣若昂EC"", ""competition"": ""巴圣杯"", ""home_handicap_signed"": null, ""away_handicap_signed"": null, ""home_water_hk"": null, ""away_water_hk"": null, ""quote_at"": ""2026-09-21T16:15:41+08:00"", ""last_confirmed_at"": ""2026-09-21T16:15:41+08:00"", ""run_id"": ""RUN_20260921_161540""}",巴圣杯,MISSING_DATA,,,"[""REQUIRED_MARKET_INPUT_MISSING""]",51fefacc3e12f4f0b28c,,False,,,,,,,,,,,,,,,,,,,,,,,,,,,,,,,,
3046033,2026-09-21,2026-09-22T08:00:00+08:00,2026-09-22T08:00:00+08:00,v4-market-dirichlet-20260913,V4_DIRECTION_FIXED_R1,V4_DIRECTION_FIXED_R1,RUN_20260921_161540,2026-09-21T16:16:51.427975+08:00,2026-09-21T16:15:41+08:00,2026-09-21T16:15:41+08:00,0.02,15.719,15.739,False,True,dea0bfb5c03dfdb66505,MONITORING_BUCKET,prior-2026-09-21-v1,"{""snapshot_id"": ""snapshot"", ""source"": ""LEGACY_RAW_FIELD_EXPORT"", ""observed_at"": ""2026-09-21T16:16:51.427975+08:00"", ""home_team"": ""托卢卡女足"", ""away_team"": ""堤格雷斯女足"", ""competition"": ""墨西女超春"", ""home_handicap_signed"": -0.5, ""away_handicap_signed"": 0.5, ""home_water_hk"": 0.73, ""away_water_hk"": 1.09, ""titan_home_handicap_signed"": -0.5, ""titan_away_handicap_signed"": 0.5, ""giving_team"": ""堤格雷斯女足"", ""receiving_team"": ""托卢卡女足"", ""giving_water"": 1.09, ""receiving_water"": 0.73, ""side_identity"": ""Titan signed AH"", ""quote_at"": ""2026-09-21T16:15:41+08:00"", ""last_confirmed_at"": ""2026-09-21T16:15:41+08:00"", ""run_id"": ""RUN_20260921_161540""}",墨西女超春,EVALUATED,N,,"[""BUCKET_0.50"", ""SIDE_IDENTITY_VALID"", ""FLAT_LINE_GIVING_WATER_RISE""]",54ccc2eb50eb0868c0a6,,False,阻下/下盘保护,FLAT_LINE_GIVING_WATER_RISE,receiving,托卢卡女足,0.73,0.5,堤格雷斯女足,giving,1.09,托卢卡女足,receiving,0.5,0.73,"{""W"": 0.5028571428571429, ""HW"": 0.0, ""P"": 0.0, ""HL"": 0.0, ""L"": 0.49714285714285716}",-0.13005714285714287,-0.2398376045234194,-0.21614826762805944,-0.13033150786304232,-0.045626756143498315,-0.02135442817467781,0.0222,"{""team"": ""堤格雷斯女足"", ""water"": 1.09, ""EV_mean"": 0.03902857142857141, ""EV_p10"": -0.06216569236565522, ""P_EV_gt_0"": 0.6922, ""status"": ""DIAGNOSTIC_ONLY""}","{""team"": ""托卢卡女足"", ""water"": 0.73, ""EV_mean"": -0.13005714285714287, ""EV_p10"": -0.2161098092528081, ""P_EV_gt_0"": 0.0222, ""status"": ""DIAGNOSTIC_ONLY""}",V4_DIRECTION_FIXED_R1,,,,,,,,
2962645,2026-09-21,2026-09-22T08:15:00+08:00,2026-09-22T08:15:00+08:00,v4-market-dirichlet-20260913,V4_DIRECTION_FIXED_R1,V4_DIRECTION_FIXED_R1,RUN_20260921_161540,2026-09-21T16:16:51.427975+08:00,2026-09-21T16:15:41+08:00,2026-09-21T16:15:41+08:00,0.02,15.969,15.989,False,True,26d9c27c4c06a1b8259e,MONITORING_BUCKET,prior-2026-09-21-v1,"{""snapshot_id"": ""snapshot"", ""source"": ""LEGACY_RAW_FIELD_EXPORT"", ""observed_at"": ""2026-09-21T16:16:51.427975+08:00"", ""home_team"": ""拉努斯"", ""away_team"": ""拉普拉塔大学生"", ""competition"": ""阿甲"", ""home_handicap_signed"": 0.25, ""away_handicap_signed"": -0.25, ""home_water_hk"": 0.84, ""away_water_hk"": 1.05, ""titan_home_handicap_signed"": 0.25, ""titan_away_handicap_signed"": -0.25, ""giving_team"": ""拉努斯"", ""receiving_team"": ""拉普拉塔大学生"", ""giving_water"": 0.84, ""receiving_water"": 1.05, ""side_identity"": ""Titan signed AH"", ""quote_at"": ""2026-09-21T16:15:41+08:00"", ""last_confirmed_at"": ""2026-09-21T16:15:41+08:00"", ""run_id"": ""RUN_20260921_161540""}",阿甲,EVALUATED,C,,"[""BUCKET_0.25"", ""SIDE_IDENTITY_VALID"", ""FLAT_LINE_GIVING_WATER_RISE""]",978553c614bea8c9b01f,,False,阻下/下盘保护,FLAT_LINE_GIVING_WATER_RISE,receiving,拉普拉塔大学生,1.05,0.25,拉努斯,giving,0.84,拉普拉塔大学生,receiving,0.25,1.05,"{""W"": 0.2743055555555556, ""HW"": 0.3020833333333333, ""P"": 0.0, ""HL"": 0.0, ""L"": 0.4236111111111111}",0.023003472222222265,-0.06356399217639402,-0.04387254927356754,0.023468137574880255,0.09067246585587341,0.11017175764354264,0.6662,"{""team"": ""拉努斯"", ""water"": 0.84, ""EV_mean"": -0.0695138888888889, ""EV_p10"": -0.13172758036495513, ""P_EV_gt_0"": 0.075, ""status"": ""DIAGNOSTIC_ONLY""}","{""team"": ""拉普拉塔大学生"", ""water"": 1.05, ""EV_mean"": 0.023003472222222265, ""EV_p10"": -0.04686413564430825, ""P_EV_gt_0"": 0.6714, ""status"": ""DIAGNOSTIC_ONLY""}",V4_DIRECTION_FIXED_R1,,,,,,,,
2940188,2026-09-21,2026-09-22T08:30:00+08:00,2026-09-22T08:30:00+08:00,v4-market-dirichlet-20260913,V4_DIRECTION_FIXED_R1,V4_DIRECTION_FIXED_R1,RUN_20260921_161540,2026-09-21T16:16:51.427975+08:00,2026-09-21T16:15:41+08:00,2026-09-21T16:15:41+08:00,0.02,16.219,16.239,False,True,344bb68ee141ea95c5c6,MONITORING_BUCKET,prior-2026-09-21-v1,"{""snapshot_id"": ""snapshot"", ""source"": ""LEGACY_RAW_FIELD_EXPORT"", ""observed_at"": ""2026-09-21T16:16:51.427975+08:00"", ""home_team"": ""库亚巴"", ""away_team"": ""累西腓航海"", ""competition"": ""巴西乙"", ""home_handicap_signed"": 0.5, ""away_handicap_signed"": -0.5, ""home_water_hk"": 1.05, ""away_water_hk"": 0.83, ""titan_home_handicap_signed"": 0.5, ""titan_away_handicap_signed"": -0.5, ""giving_team"": ""库亚巴"", ""receiving_team"": ""累西腓航海"", ""giving_water"": 1.05, ""receiving_water"": 0.83, ""side_identity"": ""Titan signed AH"", ""quote_at"": ""2026-09-21T16:15:41+08:00"", ""last_confirmed_at"": ""2026-09-21T16:15:41+08:00"", ""run_id"": ""RUN_20260921_161540""}",巴西乙,EVALUATED,C,,"[""BUCKET_0.50"", ""SIDE_IDENTITY_VALID"", ""MARKET_MOVE_DEEPER_WITH_GIVING_WATER_RISE""]",344bb68ee141ea95c5c6,,False,阻上/诱下,MARKET_MOVE_DEEPER_WITH_GIVING_WATER_RISE,giving,库亚巴,1.05,0.5,累西腓航海,receiving,0.83,库亚巴,giving,-0.5,1.05,"{""W"": 0.49714285714285716, ""HW"": 0.0, ""P"": 0.0, ""HL"": 0.0, ""L"": 0.5028571428571429}",0.019142857142857128,-0.10620085292431153,-0.07631283215158868,0.020053276176953627,0.11662450957481496,0.14395108886895158,0.5968,"{""team"": ""库亚巴"", ""water"": 1.05, ""EV_mean"": 0.019142857142857128, ""EV_p10"": -0.07675336741591665, ""P_EV_gt_0"": 0.6042, ""status"": ""DIAGNOSTIC_ONLY""}","{""team"": ""累西腓航海"", ""water"": 0.83, ""EV_mean"": -0.0797714285714286, ""EV_p10"": -0.16792356491828148, ""P_EV_gt_0"": 0.1198, ""status"": ""DIAGNOSTIC_ONLY""}",V4_DIRECTION_FIXED_R1,,,,,,,,
3091876,2026-09-21,2026-09-22T08:30:00+08:00,2026-09-22T08:30:00+08:00,v4-market-dirichlet-20260913,V4_DIRECTION_FIXED_R1,V4_DIRECTION_FIXED_R1,RUN_20260921_161540,2026-09-21T16:16:51.427975+08:00,2026-09-21T16:15:41+08:00,2026-09-21T16:15:41+08:00,0.02,16.219,16.239,False,False,6525c821cedd977eb8a9,MONITORING_BUCKET,prior-2026-09-21-v1,"{""snapshot_id"": ""snapshot"", ""source"": ""LEGACY_RAW_FIELD_EXPORT"", ""observed_at"": ""2026-09-21T16:16:51.427975+08:00"", ""home_team"": ""瓜亚基尔巴塞罗那"", ""away_team"": ""山谷独立"", ""competition"": ""厄瓜甲冠"", ""home_handicap_signed"": null, ""away_handicap_signed"": null, ""home_water_hk"": null, ""away_water_hk"": null, ""quote_at"": ""2026-09-21T16:15:41+08:00"", ""last_confirmed_at"": ""2026-09-21T16:15:41+08:00"", ""run_id"": ""RUN_20260921_161540""}",厄瓜甲冠,NEUTRAL,,,"[""PK_NEUTRAL_NO_GIVING_SIDE""]",bb8e50e3b824c12b3fd4,,False,,,,,,,,,,,,,,,,,,,,,,,,,,,,,,,,
3012196,2026-09-21,2026-09-22T08:30:00+08:00,2026-09-22T08:30:00+08:00,v4-market-dirichlet-20260913,V4_DIRECTION_FIXED_R1,V4_DIRECTION_FIXED_R1,RUN_20260921_161540,2026-09-21T16:16:51.427975+08:00,2026-09-21T16:15:41+08:00,2026-09-21T16:15:41+08:00,0.02,16.219,16.239,False,True,5a242cd29cdf6606bd01,MONITORING_BUCKET,prior-2026-09-21-v1,"{""snapshot_id"": ""snapshot"", ""source"": ""LEGACY_RAW_FIELD_EXPORT"", ""observed_at"": ""2026-09-21T16:16:51.427975+08:00"", ""home_team"": ""卡达根拿"", ""away_team"": ""恩维加多"", ""competition"": ""哥伦乙秋"", ""home_handicap_signed"": 0.75, ""away_handicap_signed"": -0.75, ""home_water_hk"": 0.95, ""away_water_hk"": 0.75, ""titan_home_handicap_signed"": 0.75, ""titan_away_handicap_signed"": -0.75, ""giving_team"": ""卡达根拿"", ""receiving_team"": ""恩维加多"", ""giving_water"": 0.95, ""receiving_water"": 0.75, ""side_identity"": ""Titan signed AH"", ""quote_at"": ""2026-09-21T16:15:41+08:00"", ""last_confirmed_at"": ""2026-09-21T16:15:41+08:00"", ""run_id"": ""RUN_20260921_161540""}",哥伦乙秋,EVALUATED,N,,"[""BUCKET_0.75"", ""SIDE_IDENTITY_VALID"", ""FLAT_LINE_GIVING_WATER_RISE""]",e6d524da87444e15d31f,,False,阻下/下盘保护,FLAT_LINE_GIVING_WATER_RISE,receiving,恩维加多,0.75,0.75,卡达根拿,giving,0.95,恩维加多,receiving,0.75,0.75,"{""W"": 0.44166666666666665, ""HW"": 0.0, ""P"": 0.0, ""HL"": 0.25833333333333336, ""L"": 0.3}",-0.09791666666666668,-0.21368058875587537,-0.18746025360063015,-0.09593573771610958,-0.009110938793072065,0.020939218832042444,0.0844,"{""team"": ""卡达根拿"", ""water"": 0.95, ""EV_mean"": -0.03395833333333331, ""EV_p10"": -0.13859484980642067, ""P_EV_gt_0"": 0.3412, ""status"": ""DIAGNOSTIC_ONLY""}","{""team"": ""恩维加多"", ""water"": 0.75, ""EV_mean"": -0.09791666666666668, ""EV_p10"": -0.1894606996345225, ""P_EV_gt_0"": 0.0806, ""status"": ""DIAGNOSTIC_ONLY""}",V4_DIRECTION_FIXED_R1,,,,,,,,
3061653,2026-09-21,2026-09-22T08:30:00+08:00,2026-09-22T08:30:00+08:00,v4-market-dirichlet-20260913,V4_DIRECTION_FIXED_R1,V4_DIRECTION_FIXED_R1,RUN_20260921_161540,2026-09-21T16:16:51.427975+08:00,2026-09-21T16:15:41+08:00,2026-09-21T16:15:41+08:00,0.02,16.219,16.239,False,True,4224c5218b0fed2bb470,MONITORING_BUCKET,prior-2026-09-21-v1,"{""snapshot_id"": ""snapshot"", ""source"": ""LEGACY_RAW_FIELD_EXPORT"", ""observed_at"": ""2026-09-21T16:16:51.427975+08:00"", ""home_team"": ""石油独立"", ""away_team"": ""皇家托马亚波"", ""competition"": ""玻利杯"", ""home_handicap_signed"": 0.75, ""away_handicap_signed"": -0.75, ""home_water_hk"": 0.96, ""away_water_hk"": 0.8, ""titan_home_handicap_signed"": 0.75, ""titan_away_handicap_signed"": -0.75, ""giving_team"": ""石油独立"", ""receiving_team"": ""皇家托马亚波"", ""giving_water"": 0.96, ""receiving_water"": 0.8, ""side_identity"": ""Titan signed AH"", ""quote_at"": ""2026-09-21T16:15:41+08:00"", ""last_confirmed_at"": ""2026-09-21T16:15:41+08:00"", ""run_id"": ""RUN_20260921_161540""}",玻利杯,EVALUATED,N,,"[""BUCKET_0.75"", ""SIDE_IDENTITY_VALID"", ""FLAT_LINE_GIVING_WATER_RISE""]",032bd76e61ec81f1b0e0,,False,阻下/下盘保护,FLAT_LINE_GIVING_WATER_RISE,receiving,皇家托马亚波,0.8,0.75,石油独立,giving,0.96,皇家托马亚波,receiving,0.75,0.8,"{""W"": 0.44166666666666665, ""HW"": 0.0, ""P"": 0.0, ""HL"": 0.25833333333333336, ""L"": 0.3}",-0.07583333333333334,-0.19228833877088713,-0.16810163170339623,-0.07614386994335406,0.017068626222861483,0.04356025388251317,0.146,"{""team"": ""石油独立"", ""water"": 0.96, ""EV_mean"": -0.029666666666666675, ""EV_p10"": -0.13190784072942502, ""P_EV_gt_0"": 0.3578, ""status"": ""DIAGNOSTIC_ONLY""}","{""team"": ""皇家托马亚波"", ""water"": 0.8, ""EV_mean"": -0.07583333333333334, ""EV_p10"": -0.16907116059414748, ""P_EV_gt_0"": 0.1494, ""status"": ""DIAGNOSTIC_ONLY""}",V4_DIRECTION_FIXED_R1,,,,,,,,
3088371,2026-09-21,2026-09-22T08:30:00+08:00,2026-09-22T08:30:00+08:00,v4-market-dirichlet-20260913,V4_DIRECTION_FIXED_R1,V4_DIRECTION_FIXED_R1,RUN_20260921_161540,2026-09-21T16:16:51.427975+08:00,2026-09-21T16:15:41+08:00,2026-09-21T16:15:41+08:00,0.02,16.219,16.239,False,False,5bb4a0c0afe01f74b2f0,MONITORING_BUCKET,prior-2026-09-21-v1,"{""snapshot_id"": ""snapshot"", ""source"": ""LEGACY_RAW_FIELD_EXPORT"", ""observed_at"": ""2026-09-21T16:16:51.427975+08:00"", ""home_team"": ""科林蒂安女足"", ""away_team"": ""EC巴伊亚女足"", ""competition"": ""巴西女锦"", ""home_handicap_signed"": null, ""away_handicap_signed"": null, ""home_water_hk"": null, ""away_water_hk"": null, ""quote_at"": ""2026-09-21T16:15:41+08:00"", ""last_confirmed_at"": ""2026-09-21T16:15:41+08:00"", ""run_id"": ""RUN_20260921_161540""}",巴西女锦,MISSING_DATA,,,"[""REQUIRED_MARKET_INPUT_MISSING""]",8fda94fb326672319c93,,False,,,,,,,,,,,,,,,,,,,,,,,,,,,,,,,,
3036200,2026-09-21,2026-09-22T09:00:00+08:00,2026-09-22T09:00:00+08:00,v4-market-dirichlet-20260913,V4_DIRECTION_FIXED_R1,V4_DIRECTION_FIXED_R1,RUN_20260921_161540,2026-09-21T16:16:51.427975+08:00,2026-09-21T16:15:41+08:00,2026-09-21T16:15:41+08:00,0.02,16.719,16.739,False,False,b92249482a8fc5ce747a,MONITORING_BUCKET,prior-2026-09-21-v1,"{""snapshot_id"": ""snapshot"", ""source"": ""LEGACY_RAW_FIELD_EXPORT"", ""observed_at"": ""2026-09-21T16:16:51.427975+08:00"", ""home_team"": ""乌梅西特"", ""away_team"": ""科克莱联"", ""competition"": ""巴马甲秋"", ""home_handicap_signed"": null, ""away_handicap_signed"": null, ""home_water_hk"": null, ""away_water_hk"": null, ""quote_at"": ""2026-09-21T16:15:41+08:00"", ""last_confirmed_at"": ""2026-09-21T16:15:41+08:00"", ""run_id"": ""RUN_20260921_161540""}",巴马甲秋,MISSING_DATA,,,"[""REQUIRED_MARKET_INPUT_MISSING""]",bbc32f3afad2cc45c60b,,False,,,,,,,,,,,,,,,,,,,,,,,,,,,,,,,,
3090892,2026-09-21,2026-09-22T09:00:00+08:00,2026-09-22T09:00:00+08:00,v4-market-dirichlet-20260913,V4_DIRECTION_FIXED_R1,V4_DIRECTION_FIXED_R1,RUN_20260921_161540,2026-09-21T16:16:51.427975+08:00,2026-09-21T16:15:41+08:00,2026-09-21T16:15:41+08:00,0.02,16.719,16.739,False,False,3cbb62c4b4bfd534bd89,MONITORING_BUCKET,prior-2026-09-21-v1,"{""snapshot_id"": ""snapshot"", ""source"": ""LEGACY_RAW_FIELD_EXPORT"", ""observed_at"": ""2026-09-21T16:16:51.427975+08:00"", ""home_team"": ""比特布尔思"", ""away_team"": ""卡里阿利"", ""competition"": ""哥斯乙"", ""home_handicap_signed"": null, ""away_handicap_signed"": null, ""home_water_hk"": null, ""away_water_hk"": null, ""quote_at"": ""2026-09-21T16:15:41+08:00"", ""last_confirmed_at"": ""2026-09-21T16:15:41+08:00"", ""run_id"": ""RUN_20260921_161540""}",哥斯乙,NEUTRAL,,,"[""NEUTRAL_INTENT"", ""MARKET_MOVE_BALANCED""]",ba244ced27d92ed4f618,,False,平衡盘/等待临场确认,,neutral,,,,,,,,,,,,,,,,,,,,,,,,,,,,,
3092185,2026-09-21,2026-09-22T09:00:00+08:00,2026-09-22T09:00:00+08:00,v4-market-dirichlet-20260913,V4_DIRECTION_FIXED_R1,V4_DIRECTION_FIXED_R1,RUN_20260921_161540,2026-09-21T16:16:51.427975+08:00,2026-09-21T16:15:41+08:00,2026-09-21T16:15:41+08:00,0.02,16.719,16.739,False,False,f5df6116224a74885e06,MONITORING_BUCKET,prior-2026-09-21-v1,"{""snapshot_id"": ""snapshot"", ""source"": ""LEGACY_RAW_FIELD_EXPORT"", ""observed_at"": ""2026-09-21T16:16:51.427975+08:00"", ""home_team"": ""阿内特加登斯"", ""away_team"": ""敦伯霍登"", ""competition"": ""牙买超"", ""home_handicap_signed"": null, ""away_handicap_signed"": null, ""home_water_hk"": null, ""away_water_hk"": null, ""quote_at"": ""2026-09-21T16:15:41+08:00"", ""last_confirmed_at"": ""2026-09-21T16:15:41+08:00"", ""run_id"": ""RUN_20260921_161540""}",牙买超,MISSING_DATA,,,"[""REQUIRED_MARKET_INPUT_MISSING""]",4bd28d12877d963c7575,,False,,,,,,,,,,,,,,,,,,,,,,,,,,,,,,,,
3046034,2026-09-21,2026-09-22T09:05:00+08:00,2026-09-22T09:05:00+08:00,v4-market-dirichlet-20260913,V4_DIRECTION_FIXED_R1,V4_DIRECTION_FIXED_R1,RUN_20260921_161540,2026-09-21T16:16:51.427975+08:00,2026-09-21T16:15:41+08:00,2026-09-21T16:15:41+08:00,0.02,16.802,16.822,False,True,8018034de67247750ad2,MONITORING_BUCKET,prior-2026-09-21-v1,"{""snapshot_id"": ""snapshot"", ""source"": ""LEGACY_RAW_FIELD_EXPORT"", ""observed_at"": ""2026-09-21T16:16:51.427975+08:00"", ""home_team"": ""拿根亚女足"", ""away_team"": ""克鲁兹女足"", ""competition"": ""墨西女超春"", ""home_handicap_signed"": -0.5, ""away_handicap_signed"": 0.5, ""home_water_hk"": 0.9, ""away_water_hk"": 0.92, ""titan_home_handicap_signed"": -0.5, ""titan_away_handicap_signed"": 0.5, ""giving_team"": ""克鲁兹女足"", ""receiving_team"": ""拿根亚女足"", ""giving_water"": 0.92, ""receiving_water"": 0.9, ""side_identity"": ""Titan signed AH"", ""quote_at"": ""2026-09-21T16:15:41+08:00"", ""last_confirmed_at"": ""2026-09-21T16:15:41+08:00"", ""run_id"": ""RUN_20260921_161540""}",墨西女超春,EVALUATED,N,,"[""BUCKET_0.50"", ""SIDE_IDENTITY_VALID"", ""MARKET_MOVE_SHALLOWER_WITH_GIVING_WATER_RESISTANCE""]",07285405461eb39055b7,,False,诱上/阻下,MARKET_MOVE_SHALLOWER_WITH_GIVING_WATER_RESISTANCE,receiving,拿根亚女足,0.9,0.5,克鲁兹女足,giving,0.92,拿根亚女足,receiving,0.5,0.9,"{""W"": 0.5028571428571429, ""HW"": 0.0, ""P"": 0.0, ""HL"": 0.0, ""L"": 0.49714285714285716}",-0.04457142857142854,-0.16366284674120585,-0.13525918721300734,-0.04277712543530138,0.04714994141916573,0.07443256663818165,0.273,"{""team"": ""克鲁兹女足"", ""water"": 0.92, ""EV_mean"": -0.045485714285714296, ""EV_p10"": -0.14108643222683542, ""P_EV_gt_0"": 0.2734, ""status"": ""DIAGNOSTIC_ONLY""}","{""team"": ""拿根亚女足"", ""water"": 0.9, ""EV_mean"": -0.04457142857142854, ""EV_p10"": -0.1395029425406919, ""P_EV_gt_0"": 0.272, ""status"": ""DIAGNOSTIC_ONLY""}",V4_DIRECTION_FIXED_R1,,,,,,,,
3073287,2026-09-21,2026-09-22T10:05:00+08:00,2026-09-22T10:05:00+08:00,v4-market-dirichlet-20260913,V4_DIRECTION_FIXED_R1,V4_DIRECTION_FIXED_R1,RUN_20260921_161540,2026-09-21T16:16:51.427975+08:00,2026-09-21T16:15:41+08:00,2026-09-21T16:15:41+08:00,0.02,17.802,17.822,False,False,99b860a5278bd7bb2253,,prior-2026-09-21-v1,"{""snapshot_id"": ""snapshot"", ""source"": ""LEGACY_RAW_FIELD_EXPORT"", ""observed_at"": ""2026-09-21T16:16:51.427975+08:00"", ""home_team"": ""拉佩达德"", ""away_team"": ""伊拉普阿托"", ""competition"": ""墨西乙"", ""home_handicap_signed"": null, ""away_handicap_signed"": null, ""home_water_hk"": null, ""away_water_hk"": null, ""quote_at"": ""2026-09-21T16:15:41+08:00"", ""last_confirmed_at"": ""2026-09-21T16:15:41+08:00"", ""run_id"": ""RUN_20260921_161540""}",墨西乙,MISSING_DATA,,,"[""REQUIRED_MARKET_INPUT_MISSING""]",4d5565d27c4f21ffd20b,,False,,,,,,,,,,,,,,,,,,,,,,,,,,,,,,,,
3093701,2026-09-21,2026-09-21T11:30:00+08:00,2026-09-21T11:30:00+08:00,v4-market-dirichlet-20260913,V4_DIRECTION_FIXED_R1,V4_DIRECTION_FIXED_R1,RUN_20260921_081936,2026-09-21T08:20:31.444281+08:00,2026-09-21T08:19:36+08:00,2026-09-21T08:19:36+08:00,0.015,3.158,3.173,False,False,,,prior-2026-09-21-v1,"{""snapshot_id"": ""snapshot"", ""source"": ""LEGACY_RAW_FIELD_EXPORT"", ""observed_at"": ""2026-09-21T08:20:31.444281+08:00"", ""home_team"": ""艾恩博尔U19"", ""away_team"": ""孟买迪纳摩"", ""competition"": ""印孟超"", ""home_handicap_signed"": null, ""away_handicap_signed"": null, ""home_water_hk"": null, ""away_water_hk"": null, ""quote_at"": ""2026-09-21T08:19:36+08:00"", ""last_confirmed_at"": ""2026-09-21T08:19:36+08:00"", ""run_id"": ""RUN_20260921_081936""}",印孟超,NOT_PREMATCH,,,"[""STARTED_DECISION_LOCKED""]",c1c26e8a39531b80c770,True,False,,,,,,,,,,,,,,,,,,,,,,,,,0-2,,,MISSING_V4_SIDE_LINE_WATER_OR_TEAM,-1,D:\codex\v3_legacy\outputs\football_odds_trader\raw\titan007\20260921\20260921_161541_titan007_odds_snapshot.csv,2026-09-21T16:18:56.628939+08:00,"{""score"": ""0-2"", ""result"": """", ""pnl_1u"": """", ""settlement_status"": ""MISSING_V4_SIDE_LINE_WATER_OR_TEAM"", ""result_state"": ""-1"", ""result_source"": ""D:\\codex\\v3_legacy\\outputs\\football_odds_trader\\raw\\titan007\\20260921\\20260921_161541_titan007_odds_snapshot.csv""}"
3089767,2026-09-21,2026-09-21T12:00:00+08:00,2026-09-21T12:00:00+08:00,v4-market-dirichlet-20260913,V4_DIRECTION_FIXED_R1,V4_DIRECTION_FIXED_R1,RUN_20260921_081936,2026-09-21T08:20:31.444281+08:00,2026-09-21T08:19:36+08:00,2026-09-21T08:19:36+08:00,0.015,3.658,3.673,False,False,dde811b5df79bba3c5d0,,prior-2026-09-21-v1,"{""snapshot_id"": ""snapshot"", ""source"": ""LEGACY_RAW_FIELD_EXPORT"", ""observed_at"": ""2026-09-21T08:20:31.444281+08:00"", ""home_team"": ""新喀里多尼亚"", ""away_team"": ""所罗门群岛"", ""competition"": ""首相杯"", ""home_handicap_signed"": null, ""away_handicap_signed"": null, ""home_water_hk"": null, ""away_water_hk"": null, ""quote_at"": ""2026-09-21T08:19:36+08:00"", ""last_confirmed_at"": ""2026-09-21T08:19:36+08:00"", ""run_id"": ""RUN_20260921_081936""}",首相杯,NOT_PREMATCH,,,"[""STARTED_DECISION_LOCKED""]",f50aa5051a8fa8424b16,True,False,,,,,,,,,,,,,,,,,,,,,,,,,0-2,,,MISSING_V4_SIDE_LINE_WATER_OR_TEAM,-1,D:\codex\v3_legacy\outputs\football_odds_trader\raw\titan007\20260921\20260921_161541_titan007_odds_snapshot.csv,2026-09-21T16:18:56.628939+08:00,"{""score"": ""0-2"", ""result"": """", ""pnl_1u"": """", ""settlement_status"": ""MISSING_V4_SIDE_LINE_WATER_OR_TEAM"", ""result_state"": ""-1"", ""result_source"": ""D:\\codex\\v3_legacy\\outputs\\football_odds_trader\\raw\\titan007\\20260921\\20260921_161541_titan007_odds_snapshot.csv""}"
3089000,2026-09-21,2026-09-21T16:00:00+08:00,2026-09-21T16:00:00+08:00,v4-market-dirichlet-20260913,V4_DIRECTION_FIXED_R1,V4_DIRECTION_FIXED_R1,RUN_20260921_081936,2026-09-21T08:20:31.444281+08:00,2026-09-21T08:19:36+08:00,2026-09-21T08:19:36+08:00,0.015,7.658,7.673,False,False,337477b927a70db9ca0f,,prior-2026-09-21-v1,"{""snapshot_id"": ""snapshot"", ""source"": ""LEGACY_RAW_FIELD_EXPORT"", ""observed_at"": ""2026-09-21T08:20:31.444281+08:00"", ""home_team"": ""科布多"", ""away_team"": ""中央骏马"", ""competition"": ""蒙古超"", ""home_handicap_signed"": null, ""away_handicap_signed"": null, ""home_water_hk"": null, ""away_water_hk"": null, ""quote_at"": ""2026-09-21T08:19:36+08:00"", ""last_confirmed_at"": ""2026-09-21T08:19:36+08:00"", ""run_id"": ""RUN_20260921_081936""}",蒙古超,NOT_PREMATCH,,,"[""STARTED_DECISION_LOCKED""]",aca996eea165c54d3e3d,True,False,,,,,,,,,,,,,,,,,,,,,,,,,0-6,,,MISSING_V4_SIDE_LINE_WATER_OR_TEAM,-1,D:\codex\v3_legacy\outputs\football_odds_trader\raw\titan007\20260921\20260921_161541_titan007_odds_snapshot.csv,2026-09-21T16:18:56.628939+08:00,"{""score"": ""0-6"", ""result"": """", ""pnl_1u"": """", ""settlement_status"": ""MISSING_V4_SIDE_LINE_WATER_OR_TEAM"", ""result_state"": ""-1"", ""result_source"": ""D:\\codex\\v3_legacy\\outputs\\football_odds_trader\\raw\\titan007\\20260921\\20260921_161541_titan007_odds_snapshot.csv""}"
3093698,2026-09-21,2026-09-21T13:30:00+08:00,2026-09-21T13:30:00+08:00,v4-market-dirichlet-20260913,V4_DIRECTION_FIXED_R1,V4_DIRECTION_FIXED_R1,RUN_20260921_081936,2026-09-21T08:20:31.444281+08:00,2026-09-21T08:19:36+08:00,2026-09-21T08:19:36+08:00,0.015,5.158,5.173,False,False,,,prior-2026-09-21-v1,"{""snapshot_id"": ""snapshot"", ""source"": ""LEGACY_RAW_FIELD_EXPORT"", ""observed_at"": ""2026-09-21T08:20:31.444281+08:00"", ""home_team"": ""阿格尼普拉"", ""away_team"": ""南部联队"", ""competition"": ""印班超"", ""home_handicap_signed"": null, ""away_handicap_signed"": null, ""home_water_hk"": null, ""away_water_hk"": null, ""quote_at"": ""2026-09-21T08:19:36+08:00"", ""last_confirmed_at"": ""2026-09-21T08:19:36+08:00"", ""run_id"": ""RUN_20260921_081936""}",印班超,NOT_PREMATCH,,,"[""STARTED_DECISION_LOCKED""]",d4ed2cc127bddb8a45bd,True,False,,,,,,,,,,,,,,,,,,,,,,,,,0-0,,,MISSING_V4_SIDE_LINE_WATER_OR_TEAM,-1,D:\codex\v3_legacy\outputs\football_odds_trader\raw\titan007\20260921\20260921_161541_titan007_odds_snapshot.csv,2026-09-21T16:18:56.628939+08:00,"{""score"": ""0-0"", ""result"": """", ""pnl_1u"": """", ""settlement_status"": ""MISSING_V4_SIDE_LINE_WATER_OR_TEAM"", ""result_state"": ""-1"", ""result_source"": ""D:\\codex\\v3_legacy\\outputs\\football_odds_trader\\raw\\titan007\\20260921\\20260921_161541_titan007_odds_snapshot.csv""}"
3071097,2026-09-21,2026-09-21T14:00:00+08:00,2026-09-21T14:00:00+08:00,v4-market-dirichlet-20260913,V4_DIRECTION_FIXED_R1,V4_DIRECTION_FIXED_R1,RUN_20260921_081936,2026-09-21T08:20:31.444281+08:00,2026-09-21T08:19:36+08:00,2026-09-21T08:19:36+08:00,0.015,5.658,5.673,False,False,ccb1adceea682d5d394f,,prior-2026-09-21-v1,"{""snapshot_id"": ""snapshot"", ""source"": ""LEGACY_RAW_FIELD_EXPORT"", ""observed_at"": ""2026-09-21T08:20:31.444281+08:00"", ""home_team"": ""冲绳SV"", ""away_team"": ""平田町"", ""competition"": ""日足联"", ""home_handicap_signed"": null, ""away_handicap_signed"": null, ""home_water_hk"": null, ""away_water_hk"": null, ""quote_at"": ""2026-09-21T08:19:36+08:00"", ""last_confirmed_at"": ""2026-09-21T08:19:36+08:00"", ""run_id"": ""RUN_20260921_081936""}",日足联,NOT_PREMATCH,,,"[""STARTED_DECISION_LOCKED""]",94e87c2a22e93ef5ba73,True,False,,,,,,,,,,,,,,,,,,,,,,,,,2-1,,,MISSING_V4_SIDE_LINE_WATER_OR_TEAM,-1,D:\codex\v3_legacy\outputs\football_odds_trader\raw\titan007\20260921\20260921_161541_titan007_odds_snapshot.csv,2026-09-21T16:18:56.629936+08:00,"{""score"": ""2-1"", ""result"": """", ""pnl_1u"": """", ""settlement_status"": ""MISSING_V4_SIDE_LINE_WATER_OR_TEAM"", ""result_state"": ""-1"", ""result_source"": ""D:\\codex\\v3_legacy\\outputs\\football_odds_trader\\raw\\titan007\\20260921\\20260921_161541_titan007_odds_snapshot.csv""}"
3093118,2026-09-21,2026-09-21T14:00:00+08:00,2026-09-21T14:00:00+08:00,v4-market-dirichlet-20260913,V4_DIRECTION_FIXED_R1,V4_DIRECTION_FIXED_R1,RUN_20260921_081936,2026-09-21T08:20:31.444281+08:00,2026-09-21T08:19:36+08:00,2026-09-21T08:19:36+08:00,0.015,5.658,5.673,False,False,0033530987d31cab579e,,prior-2026-09-21-v1,"{""snapshot_id"": ""snapshot"", ""source"": ""LEGACY_RAW_FIELD_EXPORT"", ""observed_at"": ""2026-09-21T08:20:31.444281+08:00"", ""home_team"": ""日本U17"", ""away_team"": ""新西兰U17"", ""competition"": ""国际友谊"", ""home_handicap_signed"": null, ""away_handicap_signed"": null, ""home_water_hk"": null, ""away_water_hk"": null, ""quote_at"": ""2026-09-21T08:19:36+08:00"", ""last_confirmed_at"": ""2026-09-21T08:19:36+08:00"", ""run_id"": ""RUN_20260921_081936""}",国际友谊,NOT_PREMATCH,,,"[""STARTED_DECISION_LOCKED""]",b02ff4d6b29e03889e39,True,False,,,,,,,,,,,,,,,,,,,,,,,,,4-0,,,MISSING_V4_SIDE_LINE_WATER_OR_TEAM,-1,D:\codex\v3_legacy\outputs\football_odds_trader\raw\titan007\20260921\20260921_161541_titan007_odds_snapshot.csv,2026-09-21T16:18:56.629936+08:00,"{""score"": ""4-0"", ""result"": """", ""pnl_1u"": """", ""settlement_status"": ""MISSING_V4_SIDE_LINE_WATER_OR_TEAM"", ""result_state"": ""-1"", ""result_source"": ""D:\\codex\\v3_legacy\\outputs\\football_odds_trader\\raw\\titan007\\20260921\\20260921_161541_titan007_odds_snapshot.csv""}"
3035654,2026-09-21,2026-09-21T16:00:00+08:00,2026-09-21T16:00:00+08:00,v4-market-dirichlet-20260913,V4_DIRECTION_FIXED_R1,V4_DIRECTION_FIXED_R1,RUN_20260921_081936,2026-09-21T08:20:31.444281+08:00,2026-09-21T08:19:36+08:00,2026-09-21T08:19:36+08:00,0.015,7.658,7.673,False,False,db6412d3c89a2e359b94,,prior-2026-09-21-v1,"{""snapshot_id"": ""snapshot"", ""source"": ""LEGACY_RAW_FIELD_EXPORT"", ""observed_at"": ""2026-09-21T08:20:31.444281+08:00"", ""home_team"": ""FC维多尼古拉耶夫卡"", ""away_team"": ""特诺皮尔"", ""competition"": ""乌克甲"", ""home_handicap_signed"": null, ""away_handicap_signed"": null, ""home_water_hk"": null, ""away_water_hk"": null, ""quote_at"": ""2026-09-21T08:19:36+08:00"", ""last_confirmed_at"": ""2026-09-21T08:19:36+08:00"", ""run_id"": ""RUN_20260921_081936""}",乌克甲,NOT_PREMATCH,,,"[""STARTED_DECISION_LOCKED""]",7a7a67754cf8ee291f51,True,False,平衡盘/等待临场确认,,neutral,,,,,,,,,,,,,,,,,,,,,,,,,,,,,
3093700,2026-09-21,2026-09-21T16:00:00+08:00,2026-09-21T16:00:00+08:00,v4-market-dirichlet-20260913,V4_DIRECTION_FIXED_R1,V4_DIRECTION_FIXED_R1,RUN_20260921_081936,2026-09-21T08:20:31.444281+08:00,2026-09-21T08:19:36+08:00,2026-09-21T08:19:36+08:00,0.015,7.658,7.673,False,False,,,prior-2026-09-21-v1,"{""snapshot_id"": ""snapshot"", ""source"": ""LEGACY_RAW_FIELD_EXPORT"", ""observed_at"": ""2026-09-21T08:20:31.444281+08:00"", ""home_team"": ""桐荫横浜大学"", ""away_team"": ""阿丽斯东京"", ""competition"": ""日地区联"", ""home_handicap_signed"": null, ""away_handicap_signed"": null, ""home_water_hk"": null, ""away_water_hk"": null, ""quote_at"": ""2026-09-21T08:19:36+08:00"", ""last_confirmed_at"": ""2026-09-21T08:19:36+08:00"", ""run_id"": ""RUN_20260921_081936""}",日地区联,NOT_PREMATCH,,,"[""STARTED_DECISION_LOCKED""]",9c9c65a6530f506a76ca,True,False,,,,,,,,,,,,,,,,,,,,,,,,,,,,,,,,
3093713,2026-09-21,2026-09-21T16:00:00+08:00,2026-09-21T16:00:00+08:00,v4-market-dirichlet-20260913,V4_DIRECTION_FIXED_R1,V4_DIRECTION_FIXED_R1,RUN_20260921_161540,2026-09-21T16:16:51.427975+08:00,2026-09-21T16:15:41+08:00,2026-09-21T16:15:41+08:00,0.02,-0.281,-0.261,False,False,,,prior-2026-09-21-v1,"{""snapshot_id"": ""snapshot"", ""source"": ""LEGACY_RAW_FIELD_EXPORT"", ""observed_at"": ""2026-09-21T16:16:51.427975+08:00"", ""home_team"": ""安斯特朗贡联队"", ""away_team"": ""奥斯卡基金会FC"", ""competition"": ""印孟超"", ""home_handicap_signed"": null, ""away_handicap_signed"": null, ""home_water_hk"": null, ""away_water_hk"": null, ""quote_at"": ""2026-09-21T16:15:41+08:00"", ""last_confirmed_at"": ""2026-09-21T16:15:41+08:00"", ""run_id"": ""RUN_20260921_161540""}",印孟超,NOT_PREMATCH,,,"[""MATCH_NOT_PREMATCH""]",e473290b3f2d9c796609,,False,,,,,,,,,,,,,,,,,,,,,,,,,,,,,,,,
3048108,2026-09-21,2026-09-21T21:00:00+08:00,2026-09-21T21:00:00+08:00,v4-market-dirichlet-20260913,V4_DIRECTION_FIXED_R1,V4_DIRECTION_FIXED_R1,RUN_20260921_161540,2026-09-21T16:16:51.427975+08:00,2026-09-21T16:15:41+08:00,2026-09-21T16:15:41+08:00,0.02,4.719,4.739,False,False,d7cd97fe4f97968a29f0,,prior-2026-09-21-v1,"{""snapshot_id"": ""snapshot"", ""source"": ""LEGACY_RAW_FIELD_EXPORT"", ""observed_at"": ""2026-09-21T16:16:51.427975+08:00"", ""home_team"": ""海克"", ""away_team"": ""奥林匹亚埃里温"", ""competition"": ""阿美甲"", ""home_handicap_signed"": null, ""away_handicap_signed"": null, ""home_water_hk"": null, ""away_water_hk"": null, ""quote_at"": ""2026-09-21T16:15:41+08:00"", ""last_confirmed_at"": ""2026-09-21T16:15:41+08:00"", ""run_id"": ""RUN_20260921_161540""}",阿美甲,MISSING_DATA,,,"[""PREMATCH_STATUS_UNCONFIRMED""]",d0d23c3e8263859249b1,,False,,,,,,,,,,,,,,,,,,,,,,,,,,,,,,,,
