version,list_date,match_id,competition,kickoff_beijing,match,selected_team,market_side,historical_settled_sample,红,半红,走,半黑,黑,effective_win_rate,pnl_1u,roi,pnl_rows,alert_band,rate_band,history_cutoff,history_matches
V3,2026-10-09,3100332,哥斯女甲,时间待核,圣何塞女足 vs 自摩拉维亚女足,,,0,0,0,0,0,0,,,,0,,,list_date < 2026-10-09,[]
V3,2026-10-09,2929735,韩K联,时间待核,大田市民 vs 全北现代,无，不投,,8,3,0,3,1,1,0.66666667,1.14,0.1425,8,,,list_date < 2026-10-09,"[{'date': '2026-09-05', 'match': '富川FC vs 大田市民', 'score': '0-5', 'selected_team': '大田市民', 'settlement': '红', 'water': 0.79, 'pnl_1u': 0.79, 'roi': 0.79, 'line': '-0.5', 'action': '网页可投', 'source': 'https://github.com/simondongxiao/odds/blob/main/ledger/yesterday_official_settlement_2026-09-05.csv'}, {'date': '2026-09-08', 'match': '蔚山HD vs FC首尔', 'score': '1-0', 'selected_team': '蔚山HD', 'settlement': '红', 'water': 1.04, 'pnl_1u': 1.04, 'roi': 1.04, 'line': '-0.25', 'action': '网页可投', 'source': 'https://simondongxiao.github.io/odds/'}, {'date': '2026-09-09', 'match': '大田市民 vs FC安养', 'score': '3-2', 'selected_team': 'FC安养', 'settlement': '走', 'water': 1.02, 'pnl_1u': 0.0, 'roi': 0.0, 'line': '1', 'action': '网页可投', 'source': 'https://simondongxiao.github.io/odds/'}, {'date': '2026-09-09', 'match': '浦项制铁 vs 金泉尚武', 'score': '0-0', 'selected_team': '浦项制铁', 'settlement': '走', 'water': 1.05, 'pnl_1u': 0.0, 'roi': 0.0, 'line': '', 'action': '网页可投', 'source': 'https://simondongxiao.github.io/odds/'}, {'date': '2026-09-12', 'match': '全北现代 vs FC首尔', 'score': '1-2', 'selected_team': 'FC首尔', 'settlement': '红', 'water': 0.81, 'pnl_1u': 0.81, 'roi': 0.81, 'line': '', 'action': '网页可投', 'source': 'https://m.titan007.com/analy/Analysis/2929724.htm'}, {'date': '2026-09-13', 'match': '光州FC vs FC安养', 'score': '1-1', 'selected_team': 'FC安养', 'settlement': '半黑', 'water': 0.82, 'pnl_1u': -0.5, 'roi': -0.5, 'line': '-0.25', 'action': '网页可投', 'source': 'https://m.titan007.com/analy/Analysis/2929728.htm'}, {'date': '2026-09-20', 'match': '江原FC vs 济州SK', 'score': '0-1', 'selected_team': '江原FC', 'settlement': '黑', 'water': 0.84, 'pnl_1u': -1.0, 'roi': -1.0, 'line': '0.25', 'action': '网页可投（最新版冻结）', 'source': 'https://m.titan007.com/analy/Analysis/2929731.htm'}, {'date': '2026-09-20', 'match': '仁川联 vs 大田市民', 'score': '1-1', 'selected_team': '大田市民', 'settlement': '走', 'water': 0.83, 'pnl_1u': 0.0, 'roi': 0.0, 'line': '', 'action': '网页可投（最新版冻结）', 'source': 'https://m.titan007.com/analy/Analysis/2929733.htm'}]"
V3,2026-10-09,2925542,韩K2联,时间待核,水原FC vs 华城FC,无，不投,upper,7,4,0,1,1,1,0.72727273,1.75,0.25,7,,,list_date < 2026-10-09,"[{'date': '2026-09-05', 'match': '天安城 vs 华城FC', 'score': '1-1', 'selected_team': '华城FC', 'settlement': '半黑', 'water': 0.84, 'pnl_1u': -0.5, 'roi': -0.5, 'line': '-0.25', 'action': '网页可投', 'source': 'https://github.com/simondongxiao/odds/blob/main/ledger/yesterday_official_settlement_2026-09-05.csv'}, {'date': '2026-09-05', 'match': '金海 vs 全南天龙', 'score': '2-2', 'selected_team': '全南天龙', 'settlement': '走', 'water': 0.99, 'pnl_1u': 0.0, 'roi': 0.0, 'line': '', 'action': '网页可投', 'source': 'https://github.com/simondongxiao/odds/blob/main/ledger/yesterday_official_settlement_2026-09-05.csv'}, {'date': '2026-09-05', 'match': '龙仁FC vs 水原FC', 'score': '1-1', 'selected_team': '水原FC', 'settlement': '黑', 'water': 0.82, 'pnl_1u': -1.0, 'roi': -1.0, 'line': '-0.5', 'action': '网页可投', 'source': 'https://github.com/simondongxiao/odds/blob/main/ledger/yesterday_official_settlement_2026-09-05.csv'}, {'date': '2026-09-12', 'match': '大邱FC vs 龙仁FC', 'score': '3-1', 'selected_team': '大邱FC', 'settlement': '红', 'water': 0.79, 'pnl_1u': 0.79, 'roi': 0.79, 'line': '1', 'action': '网页可投', 'source': 'https://m.titan007.com/analy/Analysis/2925334.htm'}, {'date': '2026-09-13', 'match': '釜山偶像 vs 金海', 'score': '2-0', 'selected_team': '釜山偶像', 'settlement': '红', 'water': 0.83, 'pnl_1u': 0.83, 'roi': 0.83, 'line': '0.75', 'action': '网页可投', 'source': 'https://m.titan007.com/analy/Analysis/2925340.htm'}, {'date': '2026-09-19', 'match': '全南天龙 vs 水原FC', 'score': '0-3', 'selected_team': '水原FC', 'settlement': '红', 'water': 0.84, 'pnl_1u': 0.84, 'roi': 0.84, 'line': '-0.5', 'action': '网页可投（最新版冻结）', 'source': 'https://m.titan007.com/analy/Analysis/2925535.htm'}, {'date': '2026-09-19', 'match': '忠南牙山 vs 天安城', 'score': '3-1', 'selected_team': '忠南牙山', 'settlement': '红', 'water': 0.79, 'pnl_1u': 0.79, 'roi': 0.79, 'line': '0.25', 'action': '网页可投（最新版冻结）', 'source': 'https://m.titan007.com/analy/Analysis/2925534.htm'}]"
V3,2026-10-09,2940448,韩K3联,时间待核,杨平 vs 蔚山市民,蔚山市民,upper,0,0,0,0,0,0,,,,0,,,list_date < 2026-10-09,[]
V3,2026-10-09,3100257,印班超,时间待核,阿格尼普拉 vs ASC中心FC,,,0,0,0,0,0,0,,,,0,,,list_date < 2026-10-09,[]
V3,2026-10-09,3099130,中台女联,时间待核,高雄阳信女足 vs 花莲女足,,,0,0,0,0,0,0,,,,0,,,list_date < 2026-10-09,[]
V3,2026-10-09,2929736,韩K联,时间待核,江原FC vs 富川FC,无，不投,,8,3,0,3,1,1,0.66666667,1.14,0.1425,8,,,list_date < 2026-10-09,"[{'date': '2026-09-05', 'match': '富川FC vs 大田市民', 'score': '0-5', 'selected_team': '大田市民', 'settlement': '红', 'water': 0.79, 'pnl_1u': 0.79, 'roi': 0.79, 'line': '-0.5', 'action': '网页可投', 'source': 'https://github.com/simondongxiao/odds/blob/main/ledger/yesterday_official_settlement_2026-09-05.csv'}, {'date': '2026-09-08', 'match': '蔚山HD vs FC首尔', 'score': '1-0', 'selected_team': '蔚山HD', 'settlement': '红', 'water': 1.04, 'pnl_1u': 1.04, 'roi': 1.04, 'line': '-0.25', 'action': '网页可投', 'source': 'https://simondongxiao.github.io/odds/'}, {'date': '2026-09-09', 'match': '大田市民 vs FC安养', 'score': '3-2', 'selected_team': 'FC安养', 'settlement': '走', 'water': 1.02, 'pnl_1u': 0.0, 'roi': 0.0, 'line': '1', 'action': '网页可投', 'source': 'https://simondongxiao.github.io/odds/'}, {'date': '2026-09-09', 'match': '浦项制铁 vs 金泉尚武', 'score': '0-0', 'selected_team': '浦项制铁', 'settlement': '走', 'water': 1.05, 'pnl_1u': 0.0, 'roi': 0.0, 'line': '', 'action': '网页可投', 'source': 'https://simondongxiao.github.io/odds/'}, {'date': '2026-09-12', 'match': '全北现代 vs FC首尔', 'score': '1-2', 'selected_team': 'FC首尔', 'settlement': '红', 'water': 0.81, 'pnl_1u': 0.81, 'roi': 0.81, 'line': '', 'action': '网页可投', 'source': 'https://m.titan007.com/analy/Analysis/2929724.htm'}, {'date': '2026-09-13', 'match': '光州FC vs FC安养', 'score': '1-1', 'selected_team': 'FC安养', 'settlement': '半黑', 'water': 0.82, 'pnl_1u': -0.5, 'roi': -0.5, 'line': '-0.25', 'action': '网页可投', 'source': 'https://m.titan007.com/analy/Analysis/2929728.htm'}, {'date': '2026-09-20', 'match': '江原FC vs 济州SK', 'score': '0-1', 'selected_team': '江原FC', 'settlement': '黑', 'water': 0.84, 'pnl_1u': -1.0, 'roi': -1.0, 'line': '0.25', 'action': '网页可投（最新版冻结）', 'source': 'https://m.titan007.com/analy/Analysis/2929731.htm'}, {'date': '2026-09-20', 'match': '仁川联 vs 大田市民', 'score': '1-1', 'selected_team': '大田市民', 'settlement': '走', 'water': 0.83, 'pnl_1u': 0.0, 'roi': 0.0, 'line': '', 'action': '网页可投（最新版冻结）', 'source': 'https://m.titan007.com/analy/Analysis/2929733.htm'}]"
V3,2026-10-09,2929737,韩K联,时间待核,仁川联 vs 浦项制铁,无，不投,,8,3,0,3,1,1,0.66666667,1.14,0.1425,8,,,list_date < 2026-10-09,"[{'date': '2026-09-05', 'match': '富川FC vs 大田市民', 'score': '0-5', 'selected_team': '大田市民', 'settlement': '红', 'water': 0.79, 'pnl_1u': 0.79, 'roi': 0.79, 'line': '-0.5', 'action': '网页可投', 'source': 'https://github.com/simondongxiao/odds/blob/main/ledger/yesterday_official_settlement_2026-09-05.csv'}, {'date': '2026-09-08', 'match': '蔚山HD vs FC首尔', 'score': '1-0', 'selected_team': '蔚山HD', 'settlement': '红', 'water': 1.04, 'pnl_1u': 1.04, 'roi': 1.04, 'line': '-0.25', 'action': '网页可投', 'source': 'https://simondongxiao.github.io/odds/'}, {'date': '2026-09-09', 'match': '大田市民 vs FC安养', 'score': '3-2', 'selected_team': 'FC安养', 'settlement': '走', 'water': 1.02, 'pnl_1u': 0.0, 'roi': 0.0, 'line': '1', 'action': '网页可投', 'source': 'https://simondongxiao.github.io/odds/'}, {'date': '2026-09-09', 'match': '浦项制铁 vs 金泉尚武', 'score': '0-0', 'selected_team': '浦项制铁', 'settlement': '走', 'water': 1.05, 'pnl_1u': 0.0, 'roi': 0.0, 'line': '', 'action': '网页可投', 'source': 'https://simondongxiao.github.io/odds/'}, {'date': '2026-09-12', 'match': '全北现代 vs FC首尔', 'score': '1-2', 'selected_team': 'FC首尔', 'settlement': '红', 'water': 0.81, 'pnl_1u': 0.81, 'roi': 0.81, 'line': '', 'action': '网页可投', 'source': 'https://m.titan007.com/analy/Analysis/2929724.htm'}, {'date': '2026-09-13', 'match': '光州FC vs FC安养', 'score': '1-1', 'selected_team': 'FC安养', 'settlement': '半黑', 'water': 0.82, 'pnl_1u': -0.5, 'roi': -0.5, 'line': '-0.25', 'action': '网页可投', 'source': 'https://m.titan007.com/analy/Analysis/2929728.htm'}, {'date': '2026-09-20', 'match': '江原FC vs 济州SK', 'score': '0-1', 'selected_team': '江原FC', 'settlement': '黑', 'water': 0.84, 'pnl_1u': -1.0, 'roi': -1.0, 'line': '0.25', 'action': '网页可投（最新版冻结）', 'source': 'https://m.titan007.com/analy/Analysis/2929731.htm'}, {'date': '2026-09-20', 'match': '仁川联 vs 大田市民', 'score': '1-1', 'selected_team': '大田市民', 'settlement': '走', 'water': 0.83, 'pnl_1u': 0.0, 'roi': 0.0, 'line': '', 'action': '网页可投（最新版冻结）', 'source': 'https://m.titan007.com/analy/Analysis/2929733.htm'}]"
V3,2026-10-09,2925543,韩K2联,时间待核,忠北清州 vs 城南FC,城南FC,upper,7,4,0,1,1,1,0.72727273,1.75,0.25,7,,,list_date < 2026-10-09,"[{'date': '2026-09-05', 'match': '天安城 vs 华城FC', 'score': '1-1', 'selected_team': '华城FC', 'settlement': '半黑', 'water': 0.84, 'pnl_1u': -0.5, 'roi': -0.5, 'line': '-0.25', 'action': '网页可投', 'source': 'https://github.com/simondongxiao/odds/blob/main/ledger/yesterday_official_settlement_2026-09-05.csv'}, {'date': '2026-09-05', 'match': '金海 vs 全南天龙', 'score': '2-2', 'selected_team': '全南天龙', 'settlement': '走', 'water': 0.99, 'pnl_1u': 0.0, 'roi': 0.0, 'line': '', 'action': '网页可投', 'source': 'https://github.com/simondongxiao/odds/blob/main/ledger/yesterday_official_settlement_2026-09-05.csv'}, {'date': '2026-09-05', 'match': '龙仁FC vs 水原FC', 'score': '1-1', 'selected_team': '水原FC', 'settlement': '黑', 'water': 0.82, 'pnl_1u': -1.0, 'roi': -1.0, 'line': '-0.5', 'action': '网页可投', 'source': 'https://github.com/simondongxiao/odds/blob/main/ledger/yesterday_official_settlement_2026-09-05.csv'}, {'date': '2026-09-12', 'match': '大邱FC vs 龙仁FC', 'score': '3-1', 'selected_team': '大邱FC', 'settlement': '红', 'water': 0.79, 'pnl_1u': 0.79, 'roi': 0.79, 'line': '1', 'action': '网页可投', 'source': 'https://m.titan007.com/analy/Analysis/2925334.htm'}, {'date': '2026-09-13', 'match': '釜山偶像 vs 金海', 'score': '2-0', 'selected_team': '釜山偶像', 'settlement': '红', 'water': 0.83, 'pnl_1u': 0.83, 'roi': 0.83, 'line': '0.75', 'action': '网页可投', 'source': 'https://m.titan007.com/analy/Analysis/2925340.htm'}, {'date': '2026-09-19', 'match': '全南天龙 vs 水原FC', 'score': '0-3', 'selected_team': '水原FC', 'settlement': '红', 'water': 0.84, 'pnl_1u': 0.84, 'roi': 0.84, 'line': '-0.5', 'action': '网页可投（最新版冻结）', 'source': 'https://m.titan007.com/analy/Analysis/2925535.htm'}, {'date': '2026-09-19', 'match': '忠南牙山 vs 天安城', 'score': '3-1', 'selected_team': '忠南牙山', 'settlement': '红', 'water': 0.79, 'pnl_1u': 0.79, 'roi': 0.79, 'line': '0.25', 'action': '网页可投（最新版冻结）', 'source': 'https://m.titan007.com/analy/Analysis/2925534.htm'}]"
V3,2026-10-09,2925544,韩K2联,时间待核,金浦市民 vs 首尔衣恋,无，不投,,7,4,0,1,1,1,0.72727273,1.75,0.25,7,,,list_date < 2026-10-09,"[{'date': '2026-09-05', 'match': '天安城 vs 华城FC', 'score': '1-1', 'selected_team': '华城FC', 'settlement': '半黑', 'water': 0.84, 'pnl_1u': -0.5, 'roi': -0.5, 'line': '-0.25', 'action': '网页可投', 'source': 'https://github.com/simondongxiao/odds/blob/main/ledger/yesterday_official_settlement_2026-09-05.csv'}, {'date': '2026-09-05', 'match': '金海 vs 全南天龙', 'score': '2-2', 'selected_team': '全南天龙', 'settlement': '走', 'water': 0.99, 'pnl_1u': 0.0, 'roi': 0.0, 'line': '', 'action': '网页可投', 'source': 'https://github.com/simondongxiao/odds/blob/main/ledger/yesterday_official_settlement_2026-09-05.csv'}, {'date': '2026-09-05', 'match': '龙仁FC vs 水原FC', 'score': '1-1', 'selected_team': '水原FC', 'settlement': '黑', 'water': 0.82, 'pnl_1u': -1.0, 'roi': -1.0, 'line': '-0.5', 'action': '网页可投', 'source': 'https://github.com/simondongxiao/odds/blob/main/ledger/yesterday_official_settlement_2026-09-05.csv'}, {'date': '2026-09-12', 'match': '大邱FC vs 龙仁FC', 'score': '3-1', 'selected_team': '大邱FC', 'settlement': '红', 'water': 0.79, 'pnl_1u': 0.79, 'roi': 0.79, 'line': '1', 'action': '网页可投', 'source': 'https://m.titan007.com/analy/Analysis/2925334.htm'}, {'date': '2026-09-13', 'match': '釜山偶像 vs 金海', 'score': '2-0', 'selected_team': '釜山偶像', 'settlement': '红', 'water': 0.83, 'pnl_1u': 0.83, 'roi': 0.83, 'line': '0.75', 'action': '网页可投', 'source': 'https://m.titan007.com/analy/Analysis/2925340.htm'}, {'date': '2026-09-19', 'match': '全南天龙 vs 水原FC', 'score': '0-3', 'selected_team': '水原FC', 'settlement': '红', 'water': 0.84, 'pnl_1u': 0.84, 'roi': 0.84, 'line': '-0.5', 'action': '网页可投（最新版冻结）', 'source': 'https://m.titan007.com/analy/Analysis/2925535.htm'}, {'date': '2026-09-19', 'match': '忠南牙山 vs 天安城', 'score': '3-1', 'selected_team': '忠南牙山', 'settlement': '红', 'water': 0.79, 'pnl_1u': 0.79, 'roi': 0.79, 'line': '0.25', 'action': '网页可投（最新版冻结）', 'source': 'https://m.titan007.com/analy/Analysis/2925534.htm'}]"
V3,2026-10-09,3100268,印孟超,时间待核,联合市FSA vs 孟买体育俱乐部,,,0,0,0,0,0,0,,,,0,,,list_date < 2026-10-09,[]
V3,2026-10-09,3100251,以丙,时间待核,雅科夫 vs 基瓦特奥尔加,,,0,0,0,0,0,0,,,,0,,,list_date < 2026-10-09,[]
V3,2026-10-09,3100252,以丙,时间待核,MS内塔尼亚 vs 戈尔尼克海象,,,0,0,0,0,0,0,,,,0,,,list_date < 2026-10-09,[]
V3,2026-10-09,3100253,以丙,时间待核,彼达迪华 vs 克拉玛甘,,,0,0,0,0,0,0,,,,0,,,list_date < 2026-10-09,[]
V3,2026-10-09,3100343,格鲁丙,时间待核,迪德布 vs 第比利斯火车头,,,0,0,0,0,0,0,,,,0,,,list_date < 2026-10-09,[]
V3,2026-10-09,3100256,印班超,时间待核,叛军FC vs 班加罗尔梦联,,,0,0,0,0,0,0,,,,0,,,list_date < 2026-10-09,[]
V3,2026-10-09,3099131,中台女联,时间待核,阳信北竞女足 vs 女武神女足,,,0,0,0,0,0,0,,,,0,,,list_date < 2026-10-09,[]
V3,2026-10-09,3087369,中U21,时间待核,上海海港U21 vs 湖北青年星U21,,,0,0,0,0,0,0,,,,0,,,list_date < 2026-10-09,[]
V3,2026-10-09,3062849,印尼超,时间待核,佩斯克 vs 马都拉联,,,0,0,0,0,0,0,,,,0,,,list_date < 2026-10-09,[]
V3,2026-10-09,3086200,印尼甲,时间待核,查亚普拉 vs 努萨塔拉,,,0,0,0,0,0,0,,,,0,,,list_date < 2026-10-09,[]
V3,2026-10-09,3008855,捷U19,时间待核,皮耳森U19 vs 杜库拉U19,,,0,0,0,0,0,0,,,,0,,,list_date < 2026-10-09,[]
V3,2026-10-09,3091804,孟加拉联,时间待核,兄弟联盟 vs 福提斯,,,0,0,0,0,0,0,,,,0,,,list_date < 2026-10-09,[]
V3,2026-10-09,3091805,孟加拉联,时间待核,MSPCC城市 vs 乔塔格拉姆城,,,0,0,0,0,0,0,,,,0,,,list_date < 2026-10-09,[]
V3,2026-10-09,3091806,孟加拉联,时间待核,穆罕默德SC vs 阿安姆巴格,,,0,0,0,0,0,0,,,,0,,,list_date < 2026-10-09,[]
V3,2026-10-09,3091807,孟加拉联,时间待核,苒玛塔伽尼 vs PWD体育,,,0,0,0,0,0,0,,,,0,,,list_date < 2026-10-09,[]
V3,2026-10-09,3098094,马来A1联,时间待核,武装部队 vs 米格雷森II队,,,0,0,0,0,0,0,,,,0,,,list_date < 2026-10-09,[]
V3,2026-10-09,3061581,女欧U19,时间待核,捷克女足U19 vs 哈萨克斯坦女足U19,,,0,0,0,0,0,0,,,,0,,,list_date < 2026-10-09,[]
V3,2026-10-09,3091056,马足总,时间待核,柔佛 vs 槟城,,,0,0,0,0,0,0,,,,0,,,list_date < 2026-10-09,[]
V3,2026-10-09,3074955,以乙南,时间待核,MS耶路撒冷 vs 玛拉基亚,,,0,0,0,0,0,0,,,,0,,,list_date < 2026-10-09,[]
V3,2026-10-09,3035673,乌克甲,时间待核,梅塔利斯特 vs FC维多尼古拉耶夫卡,FC维多尼古拉耶夫卡,upper,2,1,0,1,0,0,1.0,0.83,0.415,2,,,list_date < 2026-10-09,"[{'date': '2026-09-27', 'match': '梅塔利斯特 vs 切尔尼夫', 'score': '2-0', 'selected_team': '梅塔利斯特', 'settlement': '红', 'water': 0.83, 'pnl_1u': 0.83, 'roi': 0.83, 'line': '', 'action': '网页可投（最新版冻结）', 'source': 'https://simondongxiao.github.io/odds/v3-legacy/'}, {'date': '2026-09-27', 'match': '特诺皮尔 vs 罗姆内', 'score': '0-0', 'selected_team': '罗姆内', 'settlement': '走', 'water': 0.81, 'pnl_1u': 0.0, 'roi': 0.0, 'line': '', 'action': '网页可投（最新版冻结）', 'source': 'https://simondongxiao.github.io/odds/v3-legacy/'}]"
V3,2026-10-09,3069866,缅甸联,时间待核,伊斯佩FC vs 达根FC,,,0,0,0,0,0,0,,,,0,,,list_date < 2026-10-09,[]
V3,2026-10-09,3069867,缅甸联,时间待核,马哈尔联 vs 钦区,,,0,0,0,0,0,0,,,,0,,,list_date < 2026-10-09,[]
V3,2026-10-09,3099132,中台女联,时间待核,台中樱花女足 vs 台北熊赞女足,,,0,0,0,0,0,0,,,,0,,,list_date < 2026-10-09,[]
V3,2026-10-09,3008856,捷U19,时间待核,奥林莫斯U19 vs 塔比历斯U19,,,0,0,0,0,0,0,,,,0,,,list_date < 2026-10-09,[]
V3,2026-10-09,3039506,波青联,时间待核,比亚韦斯托克雅盖隆青年队 vs 萨比利斯青年队,,,0,0,0,0,0,0,,,,0,,,list_date < 2026-10-09,[]
V3,2026-10-09,3044300,乌克乙,时间待核,扎波罗热米塔路 vs SC波尔塔瓦B队,扎波罗热米塔路,upper,0,0,0,0,0,0,,,,0,,,list_date < 2026-10-09,[]
V3,2026-10-09,3001218,日职丙,时间待核,SC相模原 vs 赞岐,无，不投,,10,4,0,0,1,5,0.42105263,-2.25,-0.225,10,严重：历史有效胜率<45%,严重：历史有效胜率<45%,list_date < 2026-10-09,"[{'date': '2026-09-05', 'match': 'SC相模原 vs 长野琶扼搂', 'score': '1-1', 'selected_team': 'SC相模原', 'settlement': '黑', 'water': 0.86, 'pnl_1u': -1.0, 'roi': -1.0, 'line': '0.75', 'action': '网页可投', 'source': 'https://vip.titan007.com/history/SearchSameGoal.aspx?g=0.5&l=0&n=10&t=3'}, {'date': '2026-09-05', 'match': '赞岐 vs 瑞拉滋贺', 'score': '0-3', 'selected_team': '赞岐', 'settlement': '黑', 'water': 0.85, 'pnl_1u': -1.0, 'roi': -1.0, 'line': '', 'action': '网页可投', 'source': 'https://vip.titan007.com/history/SearchSameGoal.aspx?g=2.5&l=0&n=5&t=5'}, {'date': '2026-09-13', 'match': 'FC琉球 vs 赞岐', 'score': '1-0', 'selected_team': 'FC琉球', 'settlement': '红', 'water': 0.81, 'pnl_1u': 0.81, 'roi': 0.81, 'line': '0.25', 'action': '网页可投', 'source': 'https://m.titan007.com/analy/Analysis/3001179.htm'}, {'date': '2026-09-13', 'match': '长野琶扼搂 vs 枥木SC', 'score': '1-1', 'selected_team': '枥木SC', 'settlement': '半黑', 'water': 0.84, 'pnl_1u': -0.5, 'roi': -0.5, 'line': '-0.25', 'action': '网页可投', 'source': 'https://m.titan007.com/analy/Analysis/3001174.htm'}, {'date': '2026-09-19', 'match': '鸟取飞翔 vs 奈良俱乐部', 'score': '2-3', 'selected_team': '鸟取飞翔', 'settlement': '黑', 'water': 0.8, 'pnl_1u': -1.0, 'roi': -1.0, 'line': '', 'action': '网页可投（最新版冻结）', 'source': 'https://m.titan007.com/analy/Analysis/3001182.htm'}, {'date': '2026-09-20', 'match': 'SC相模原 vs 北九州向日葵', 'score': '1-2', 'selected_team': 'SC相模原', 'settlement': '黑', 'water': 0.81, 'pnl_1u': -1.0, 'roi': -1.0, 'line': '0.5', 'action': '网页可投（最新版冻结）', 'source': 'https://m.titan007.com/analy/Analysis/3001190.htm'}, {'date': '2026-09-26', 'match': '赞岐 vs FC岐阜', 'score': '3-4', 'selected_team': 'FC岐阜', 'settlement': '红', 'water': 0.8, 'pnl_1u': 0.8, 'roi': 0.8, 'line': '-0.5', 'action': '网页可投（最新版冻结）', 'source': 'https://simondongxiao.github.io/odds/v3-legacy/'}, {'date': '2026-10-03', 'match': 'FC岐阜 vs 山口雷法', 'score': '0-2', 'selected_team': 'FC岐阜', 'settlement': '黑', 'water': 0.82, 'pnl_1u': -1.0, 'roi': -1.0, 'line': '', 'action': '网页可投', 'source': 'D:\\codex\\v3_legacy\\outputs\\football_odds_trader\\raw\\titan007\\20261004\\20261004_084919_titan007_odds_snapshot.csv'}, {'date': '2026-10-03', 'match': 'FC爱媛 vs 群马草津温泉', 'score': '3-1', 'selected_team': 'FC爱媛', 'settlement': '红', 'water': 0.83, 'pnl_1u': 0.83, 'roi': 0.83, 'line': '0.75', 'action': '网页可投', 'source': 'D:\\codex\\v3_legacy\\outputs\\football_odds_trader\\raw\\titan007\\20261004\\20261004_084919_titan007_odds_snapshot.csv'}, {'date': '2026-10-03', 'match': 'SC相模原 vs 大阪俱乐部', 'score': '1-0', 'selected_team': 'SC相模原', 'settlement': '红', 'water': 0.81, 'pnl_1u': 0.81, 'roi': 0.81, 'line': '', 'action': '网页可投', 'source': 'D:\\codex\\v3_legacy\\outputs\\football_odds_trader\\raw\\titan007\\20261004\\20261004_084919_titan007_odds_snapshot.csv'}]"
V3,2026-10-09,3100224,印米佐超,时间待核,西钱马里FC vs 赛卡玛坎FC,,,0,0,0,0,0,0,,,,0,,,list_date < 2026-10-09,[]
V3,2026-10-09,3100223,印孟超,时间待核,斯克XI vs 科帕纳,,,0,0,0,0,0,0,,,,0,,,list_date < 2026-10-09,[]
V3,2026-10-09,3000477,日职联,时间待核,鹿岛鹿角 vs 大阪钢巴,无，不投,upper,12,7,0,1,1,3,0.66666667,2.71,0.22583333,12,,高：历史有效胜率>55%,list_date < 2026-10-09,"[{'date': '2026-09-02', 'match': '广岛三箭 vs 名古屋鲸八', 'score': '3-0', 'selected_team': '广岛三箭', 'settlement': '红', 'water': 0.82, 'pnl_1u': 0.82, 'roi': 0.82, 'line': '1', 'action': '网页可投', 'source': 'https://simondongxiao.github.io/odds/'}, {'date': '2026-09-02', 'match': '横滨水手 vs 京都不死鸟', 'score': '1-1', 'selected_team': '京都不死鸟', 'settlement': '红', 'water': 0.93, 'pnl_1u': 0.93, 'roi': 0.93, 'line': '0.5', 'action': '网页可投', 'source': 'https://simondongxiao.github.io/odds/'}, {'date': '2026-09-02', 'match': '清水鼓动 vs FC东京', 'score': '1-1', 'selected_team': '清水鼓动', 'settlement': '红', 'water': 0.92, 'pnl_1u': 0.92, 'roi': 0.92, 'line': '-0.75', 'action': '网页可投', 'source': 'https://simondongxiao.github.io/odds/'}, {'date': '2026-09-02', 'match': '水户蜀葵 vs 鹿岛鹿角', 'score': '4-2', 'selected_team': '水户蜀葵', 'settlement': '红', 'water': 0.89, 'pnl_1u': 0.89, 'roi': 0.89, 'line': '-0.75', 'action': '网页可投', 'source': 'https://simondongxiao.github.io/odds/'}, {'date': '2026-09-02', 'match': '长崎成功丸 vs 大阪钢巴', 'score': '2-2', 'selected_team': '长崎成功丸', 'settlement': '红', 'water': 0.83, 'pnl_1u': 0.83, 'roi': 0.83, 'line': '-0.5', 'action': '网页可投', 'source': 'https://simondongxiao.github.io/odds/'}, {'date': '2026-09-02', 'match': '大阪樱花 vs 柏太阳神', 'score': '2-0', 'selected_team': '柏太阳神', 'settlement': '黑', 'water': 0.86, 'pnl_1u': -1.0, 'roi': -1.0, 'line': '-0.25', 'action': '网页可投', 'source': 'https://simondongxiao.github.io/odds/'}, {'date': '2026-09-06', 'match': '千叶市原 vs 大阪钢巴', 'score': '2-0', 'selected_team': '大阪钢巴', 'settlement': '黑', 'water': 0.84, 'pnl_1u': -1.0, 'roi': -1.0, 'line': '-0.25', 'action': '网页可投', 'source': 'https://simondongxiao.github.io/odds/'}, {'date': '2026-09-06', 'match': '鹿岛鹿角 vs 浦和红钻', 'score': '0-1', 'selected_team': '鹿岛鹿角', 'settlement': '黑', 'water': 0.88, 'pnl_1u': -1.0, 'roi': -1.0, 'line': '0.5', 'action': '网页可投', 'source': 'https://simondongxiao.github.io/odds/'}, {'date': '2026-09-06', 'match': 'FC东京 vs 京都不死鸟', 'score': '2-0', 'selected_team': 'FC东京', 'settlement': '红', 'water': 0.82, 'pnl_1u': 0.82, 'roi': 0.82, 'line': '1', 'action': '网页可投', 'source': 'https://simondongxiao.github.io/odds/'}, {'date': '2026-09-19', 'match': '川崎前锋 vs 鹿岛鹿角', 'score': '3-3', 'selected_team': '鹿岛鹿角', 'settlement': '走', 'water': 0.82, 'pnl_1u': 0.0, 'roi': 0.0, 'line': '', 'action': '网页可投（最新版冻结）', 'source': 'https://m.titan007.com/analy/Analysis/3000466.htm'}, {'date': '2026-09-19', 'match': '浦和红钻 vs 东京绿茵', 'score': '3-1', 'selected_team': '浦和红钻', 'settlement': '红', 'water': 1, 'pnl_1u': 1.0, 'roi': 1.0, 'line': '0.5', 'action': '网页可投（最新版冻结）', 'source': 'https://m.titan007.com/analy/Analysis/3000470.htm'}, {'date': '2026-09-19', 'match': '长崎成功丸 vs 大阪樱花', 'score': '1-1', 'selected_team': '大阪樱花', 'settlement': '半黑', 'water': 0.91, 'pnl_1u': -0.5, 'roi': -0.5, 'line': '-0.25', 'action': '网页可投（最新版冻结）', 'source': 'https://m.titan007.com/analy/Analysis/3000471.htm'}]"
V3,2026-10-09,3000478,日职联,时间待核,柏太阳神 vs 神户胜利船,无，不投,,12,7,0,1,1,3,0.66666667,2.71,0.22583333,12,,高：历史有效胜率>55%,list_date < 2026-10-09,"[{'date': '2026-09-02', 'match': '广岛三箭 vs 名古屋鲸八', 'score': '3-0', 'selected_team': '广岛三箭', 'settlement': '红', 'water': 0.82, 'pnl_1u': 0.82, 'roi': 0.82, 'line': '1', 'action': '网页可投', 'source': 'https://simondongxiao.github.io/odds/'}, {'date': '2026-09-02', 'match': '横滨水手 vs 京都不死鸟', 'score': '1-1', 'selected_team': '京都不死鸟', 'settlement': '红', 'water': 0.93, 'pnl_1u': 0.93, 'roi': 0.93, 'line': '0.5', 'action': '网页可投', 'source': 'https://simondongxiao.github.io/odds/'}, {'date': '2026-09-02', 'match': '清水鼓动 vs FC东京', 'score': '1-1', 'selected_team': '清水鼓动', 'settlement': '红', 'water': 0.92, 'pnl_1u': 0.92, 'roi': 0.92, 'line': '-0.75', 'action': '网页可投', 'source': 'https://simondongxiao.github.io/odds/'}, {'date': '2026-09-02', 'match': '水户蜀葵 vs 鹿岛鹿角', 'score': '4-2', 'selected_team': '水户蜀葵', 'settlement': '红', 'water': 0.89, 'pnl_1u': 0.89, 'roi': 0.89, 'line': '-0.75', 'action': '网页可投', 'source': 'https://simondongxiao.github.io/odds/'}, {'date': '2026-09-02', 'match': '长崎成功丸 vs 大阪钢巴', 'score': '2-2', 'selected_team': '长崎成功丸', 'settlement': '红', 'water': 0.83, 'pnl_1u': 0.83, 'roi': 0.83, 'line': '-0.5', 'action': '网页可投', 'source': 'https://simondongxiao.github.io/odds/'}, {'date': '2026-09-02', 'match': '大阪樱花 vs 柏太阳神', 'score': '2-0', 'selected_team': '柏太阳神', 'settlement': '黑', 'water': 0.86, 'pnl_1u': -1.0, 'roi': -1.0, 'line': '-0.25', 'action': '网页可投', 'source': 'https://simondongxiao.github.io/odds/'}, {'date': '2026-09-06', 'match': '千叶市原 vs 大阪钢巴', 'score': '2-0', 'selected_team': '大阪钢巴', 'settlement': '黑', 'water': 0.84, 'pnl_1u': -1.0, 'roi': -1.0, 'line': '-0.25', 'action': '网页可投', 'source': 'https://simondongxiao.github.io/odds/'}, {'date': '2026-09-06', 'match': '鹿岛鹿角 vs 浦和红钻', 'score': '0-1', 'selected_team': '鹿岛鹿角', 'settlement': '黑', 'water': 0.88, 'pnl_1u': -1.0, 'roi': -1.0, 'line': '0.5', 'action': '网页可投', 'source': 'https://simondongxiao.github.io/odds/'}, {'date': '2026-09-06', 'match': 'FC东京 vs 京都不死鸟', 'score': '2-0', 'selected_team': 'FC东京', 'settlement': '红', 'water': 0.82, 'pnl_1u': 0.82, 'roi': 0.82, 'line': '1', 'action': '网页可投', 'source': 'https://simondongxiao.github.io/odds/'}, {'date': '2026-09-19', 'match': '川崎前锋 vs 鹿岛鹿角', 'score': '3-3', 'selected_team': '鹿岛鹿角', 'settlement': '走', 'water': 0.82, 'pnl_1u': 0.0, 'roi': 0.0, 'line': '', 'action': '网页可投（最新版冻结）', 'source': 'https://m.titan007.com/analy/Analysis/3000466.htm'}, {'date': '2026-09-19', 'match': '浦和红钻 vs 东京绿茵', 'score': '3-1', 'selected_team': '浦和红钻', 'settlement': '红', 'water': 1, 'pnl_1u': 1.0, 'roi': 1.0, 'line': '0.5', 'action': '网页可投（最新版冻结）', 'source': 'https://m.titan007.com/analy/Analysis/3000470.htm'}, {'date': '2026-09-19', 'match': '长崎成功丸 vs 大阪樱花', 'score': '1-1', 'selected_team': '大阪樱花', 'settlement': '半黑', 'water': 0.91, 'pnl_1u': -0.5, 'roi': -0.5, 'line': '-0.25', 'action': '网页可投（最新版冻结）', 'source': 'https://m.titan007.com/analy/Analysis/3000471.htm'}]"
V3,2026-10-09,3056303,葡U23,时间待核,埃斯托里尔U23 vs 葡萄牙体育U23,,,0,0,0,0,0,0,,,,0,,,list_date < 2026-10-09,[]
V3,2026-10-09,3001217,日职丙,时间待核,大阪俱乐部 vs 金泽,无，不投,upper,10,4,0,0,1,5,0.42105263,-2.25,-0.225,10,严重：历史有效胜率<45%,严重：历史有效胜率<45%,list_date < 2026-10-09,"[{'date': '2026-09-05', 'match': 'SC相模原 vs 长野琶扼搂', 'score': '1-1', 'selected_team': 'SC相模原', 'settlement': '黑', 'water': 0.86, 'pnl_1u': -1.0, 'roi': -1.0, 'line': '0.75', 'action': '网页可投', 'source': 'https://vip.titan007.com/history/SearchSameGoal.aspx?g=0.5&l=0&n=10&t=3'}, {'date': '2026-09-05', 'match': '赞岐 vs 瑞拉滋贺', 'score': '0-3', 'selected_team': '赞岐', 'settlement': '黑', 'water': 0.85, 'pnl_1u': -1.0, 'roi': -1.0, 'line': '', 'action': '网页可投', 'source': 'https://vip.titan007.com/history/SearchSameGoal.aspx?g=2.5&l=0&n=5&t=5'}, {'date': '2026-09-13', 'match': 'FC琉球 vs 赞岐', 'score': '1-0', 'selected_team': 'FC琉球', 'settlement': '红', 'water': 0.81, 'pnl_1u': 0.81, 'roi': 0.81, 'line': '0.25', 'action': '网页可投', 'source': 'https://m.titan007.com/analy/Analysis/3001179.htm'}, {'date': '2026-09-13', 'match': '长野琶扼搂 vs 枥木SC', 'score': '1-1', 'selected_team': '枥木SC', 'settlement': '半黑', 'water': 0.84, 'pnl_1u': -0.5, 'roi': -0.5, 'line': '-0.25', 'action': '网页可投', 'source': 'https://m.titan007.com/analy/Analysis/3001174.htm'}, {'date': '2026-09-19', 'match': '鸟取飞翔 vs 奈良俱乐部', 'score': '2-3', 'selected_team': '鸟取飞翔', 'settlement': '黑', 'water': 0.8, 'pnl_1u': -1.0, 'roi': -1.0, 'line': '', 'action': '网页可投（最新版冻结）', 'source': 'https://m.titan007.com/analy/Analysis/3001182.htm'}, {'date': '2026-09-20', 'match': 'SC相模原 vs 北九州向日葵', 'score': '1-2', 'selected_team': 'SC相模原', 'settlement': '黑', 'water': 0.81, 'pnl_1u': -1.0, 'roi': -1.0, 'line': '0.5', 'action': '网页可投（最新版冻结）', 'source': 'https://m.titan007.com/analy/Analysis/3001190.htm'}, {'date': '2026-09-26', 'match': '赞岐 vs FC岐阜', 'score': '3-4', 'selected_team': 'FC岐阜', 'settlement': '红', 'water': 0.8, 'pnl_1u': 0.8, 'roi': 0.8, 'line': '-0.5', 'action': '网页可投（最新版冻结）', 'source': 'https://simondongxiao.github.io/odds/v3-legacy/'}, {'date': '2026-10-03', 'match': 'FC岐阜 vs 山口雷法', 'score': '0-2', 'selected_team': 'FC岐阜', 'settlement': '黑', 'water': 0.82, 'pnl_1u': -1.0, 'roi': -1.0, 'line': '', 'action': '网页可投', 'source': 'D:\\codex\\v3_legacy\\outputs\\football_odds_trader\\raw\\titan007\\20261004\\20261004_084919_titan007_odds_snapshot.csv'}, {'date': '2026-10-03', 'match': 'FC爱媛 vs 群马草津温泉', 'score': '3-1', 'selected_team': 'FC爱媛', 'settlement': '红', 'water': 0.83, 'pnl_1u': 0.83, 'roi': 0.83, 'line': '0.75', 'action': '网页可投', 'source': 'D:\\codex\\v3_legacy\\outputs\\football_odds_trader\\raw\\titan007\\20261004\\20261004_084919_titan007_odds_snapshot.csv'}, {'date': '2026-10-03', 'match': 'SC相模原 vs 大阪俱乐部', 'score': '1-0', 'selected_team': 'SC相模原', 'settlement': '红', 'water': 0.81, 'pnl_1u': 0.81, 'roi': 0.81, 'line': '', 'action': '网页可投', 'source': 'D:\\codex\\v3_legacy\\outputs\\football_odds_trader\\raw\\titan007\\20261004\\20261004_084919_titan007_odds_snapshot.csv'}]"
V3,2026-10-09,3074957,以乙南,时间待核,拜特西蒙 vs 泽里提拉,,,0,0,0,0,0,0,,,,0,,,list_date < 2026-10-09,[]
V3,2026-10-09,3074654,以乙北,时间待核,贝塔纳哈里亚 vs 夏普尔乌姆法咸姆,,,0,0,0,0,0,0,,,,0,,,list_date < 2026-10-09,[]
V3,2026-10-09,3079941,西丁,时间待核,托伦CF vs 赫库斯B队,,,0,0,0,0,0,0,,,,0,,,list_date < 2026-10-09,[]
V3,2026-10-09,2965042,哈萨克甲,时间待核,伊基巴斯图特 vs 汗腾格里,伊基巴斯图特,upper,2,1,0,0,0,1,0.5,-0.06,-0.03,2,,,list_date < 2026-10-09,"[{'date': '2026-09-03', 'match': '艾斯坦拿B队 vs 塔拉兹', 'score': '4-0', 'selected_team': '艾斯坦拿B队', 'settlement': '红', 'water': 0.94, 'pnl_1u': 0.94, 'roi': 0.94, 'line': '', 'action': '网页可投', 'source': 'https://simondongxiao.github.io/odds/'}, {'date': '2026-09-11', 'match': '卡斯比阿克套B队 vs FK阿雷斯', 'score': '1-2', 'selected_team': '卡斯比阿克套B队', 'settlement': '黑', 'water': 0.82, 'pnl_1u': -1.0, 'roi': -1.0, 'line': '0.5', 'action': '网页半仓可投', 'source': 'https://m.titan007.com/analy/Analysis/2965031.htm'}]"
V3,2026-10-09,3098082,国际友谊,时间待核,奥地利女足U19 vs 荷兰女足U19,,,0,0,0,0,0,0,,,,0,,,list_date < 2026-10-09,[]
V3,2026-10-09,3008851,捷U19,时间待核,般奴U19 vs 波利斯拉夫U19,,,0,0,0,0,0,0,,,,0,,,list_date < 2026-10-09,[]
V3,2026-10-09,3008853,捷U19,时间待核,帕尔杜比斯U19 vs 奥斯泰华U19,,,0,0,0,0,0,0,,,,0,,,list_date < 2026-10-09,[]
V3,2026-10-09,3008854,捷U19,时间待核,贺拉戴克U19 vs 辛宁U19,,,0,0,0,0,0,0,,,,0,,,list_date < 2026-10-09,[]
V3,2026-10-09,2952588,俄青联,时间待核,阿尔玛兹安泰青年队 vs 克拉斯诺达尔青年队,,,0,0,0,0,0,0,,,,0,,,list_date < 2026-10-09,[]
V3,2026-10-09,2952594,俄青联,时间待核,诺夫哥罗德青年队 vs 罗斯杜夫青年队,,,0,0,0,0,0,0,,,,0,,,list_date < 2026-10-09,[]
V3,2026-10-09,3094396,女欧U17,时间待核,德国女足U17 vs 哈萨克斯坦女足U17,,,0,0,0,0,0,0,,,,0,,,list_date < 2026-10-09,[]
V3,2026-10-09,3074958,以乙南,时间待核,哈迪拉 vs 亚夫涅英,,,0,0,0,0,0,0,,,,0,,,list_date < 2026-10-09,[]
V3,2026-10-09,3074961,以乙南,时间待核,辛桑特拉维夫 vs 萨巴1928,,,0,0,0,0,0,0,,,,0,,,list_date < 2026-10-09,[]
V3,2026-10-09,3100258,印班超,时间待核,皇家班加鲁鲁 vs 班加罗尔城,,,0,0,0,0,0,0,,,,0,,,list_date < 2026-10-09,[]
V3,2026-10-09,3098083,国际友谊,时间待核,安道尔女足 vs 法罗群岛女足,,,0,0,0,0,0,0,,,,0,,,list_date < 2026-10-09,[]
V3,2026-10-09,3074960,以乙南,时间待核,迪莫纳体育 vs 斯德罗,,,0,0,0,0,0,0,,,,0,,,list_date < 2026-10-09,[]
V3,2026-10-09,3074652,以乙北,时间待核,基里亚特阿塔比亚里克 vs 艾尔达马卡比,,,0,0,0,0,0,0,,,,0,,,list_date < 2026-10-09,[]
V3,2026-10-09,3037127,泰超,时间待核,拉查布里府 vs 素可泰,,,0,0,0,0,0,0,,,,0,,,list_date < 2026-10-09,[]
V3,2026-10-09,3098118,世女欧预,时间待核,哈萨克斯坦女足 vs 爱尔兰女足,,,0,0,0,0,0,0,,,,0,,,list_date < 2026-10-09,[]
V3,2026-10-09,2965043,哈萨克甲,时间待核,贾伊克 vs 图兰突厥斯坦,图兰突厥斯坦,upper,2,1,0,0,0,1,0.5,-0.06,-0.03,2,,,list_date < 2026-10-09,"[{'date': '2026-09-03', 'match': '艾斯坦拿B队 vs 塔拉兹', 'score': '4-0', 'selected_team': '艾斯坦拿B队', 'settlement': '红', 'water': 0.94, 'pnl_1u': 0.94, 'roi': 0.94, 'line': '', 'action': '网页可投', 'source': 'https://simondongxiao.github.io/odds/'}, {'date': '2026-09-11', 'match': '卡斯比阿克套B队 vs FK阿雷斯', 'score': '1-2', 'selected_team': '卡斯比阿克套B队', 'settlement': '黑', 'water': 0.82, 'pnl_1u': -1.0, 'roi': -1.0, 'line': '0.5', 'action': '网页半仓可投', 'source': 'https://m.titan007.com/analy/Analysis/2965031.htm'}]"
V3,2026-10-09,2965046,哈萨克甲,时间待核,塔拉兹 vs 卡拉特B队,卡拉特B队,upper,2,1,0,0,0,1,0.5,-0.06,-0.03,2,,,list_date < 2026-10-09,"[{'date': '2026-09-03', 'match': '艾斯坦拿B队 vs 塔拉兹', 'score': '4-0', 'selected_team': '艾斯坦拿B队', 'settlement': '红', 'water': 0.94, 'pnl_1u': 0.94, 'roi': 0.94, 'line': '', 'action': '网页可投', 'source': 'https://simondongxiao.github.io/odds/'}, {'date': '2026-09-11', 'match': '卡斯比阿克套B队 vs FK阿雷斯', 'score': '1-2', 'selected_team': '卡斯比阿克套B队', 'settlement': '黑', 'water': 0.82, 'pnl_1u': -1.0, 'roi': -1.0, 'line': '0.5', 'action': '网页半仓可投', 'source': 'https://m.titan007.com/analy/Analysis/2965031.htm'}]"
V3,2026-10-09,3064192,坦桑超,时间待核,福恩特 vs 坦尚尼亚,,,0,0,0,0,0,0,,,,0,,,list_date < 2026-10-09,[]
V3,2026-10-09,3058800,布隆迪超,时间待核,年轻之星 vs 布马穆鲁,,,0,0,0,0,0,0,,,,0,,,list_date < 2026-10-09,[]
V3,2026-10-09,3100346,格鲁丙,时间待核,格鲁吉亚奥比 vs 萨布塔罗提比利锡B队,,,0,0,0,0,0,0,,,,0,,,list_date < 2026-10-09,[]
V3,2026-10-09,3098085,国际友谊,时间待核,秘鲁女足 vs 菲律宾女足,,,0,0,0,0,0,0,,,,0,,,list_date < 2026-10-09,[]
V3,2026-10-09,3098087,国际友谊,时间待核,匈牙利女足U19 vs 德国女足U19,,,0,0,0,0,0,0,,,,0,,,list_date < 2026-10-09,[]
V3,2026-10-09,3100282,国际友谊,时间待核,白俄罗斯女足U19 vs 俄罗斯女足U19,,,0,0,0,0,0,0,,,,0,,,list_date < 2026-10-09,[]
V3,2026-10-09,3100335,国际友谊,时间待核,黑山女足 vs 波黑女足,,,0,0,0,0,0,0,,,,0,,,list_date < 2026-10-09,[]
V3,2026-10-09,3008857,捷U19,时间待核,布拉格斯拉维亚U19 vs 史洛特U19,,,0,0,0,0,0,0,,,,0,,,list_date < 2026-10-09,[]
V3,2026-10-09,3008858,捷U19,时间待核,布拉格斯巴达U19 vs 奥帕华U19,,,0,0,0,0,0,0,,,,0,,,list_date < 2026-10-09,[]
V3,2026-10-09,3074647,以乙北,时间待核,哈帕拉奥伊罗 vs 伊胡德格布内,,,0,0,0,0,0,0,,,,0,,,list_date < 2026-10-09,[]
V3,2026-10-09,3091808,孟加拉联,时间待核,巴斯顺达拉国王 vs 达卡流浪者,,,0,0,0,0,0,0,,,,0,,,list_date < 2026-10-09,[]
V3,2026-10-09,3098078,阿塞甲,时间待核,莫克 vs 埃涅尔格提克,,,0,0,0,0,0,0,,,,0,,,list_date < 2026-10-09,[]
V3,2026-10-09,3098079,阿塞甲,时间待核,西马尔 vs 卡拉巴格汉肯迪,,,0,0,0,0,0,0,,,,0,,,list_date < 2026-10-09,[]
V3,2026-10-09,2944815,中超,时间待核,深圳新鹏城 vs 河南队,无，不投,upper,6,1,0,1,1,3,0.22222222,-2.68,-0.44666667,6,,,list_date < 2026-10-09,"[{'date': '2026-09-05', 'match': '武汉三镇 vs 青岛西海岸', 'score': '2-2', 'selected_team': '武汉三镇', 'settlement': '半黑', 'water': 1.06, 'pnl_1u': -0.5, 'roi': -0.5, 'line': '0.25', 'action': '网页可投', 'source': 'https://github.com/simondongxiao/odds/blob/main/ledger/yesterday_official_settlement_2026-09-05.csv'}, {'date': '2026-09-05', 'match': '大连英博 vs 青岛海牛', 'score': '2-1', 'selected_team': '大连英博', 'settlement': '黑', 'water': 1, 'pnl_1u': -1.0, 'roi': -1.0, 'line': '1.5', 'action': '网页可投', 'source': 'https://github.com/simondongxiao/odds/blob/main/ledger/yesterday_official_settlement_2026-09-05.csv'}, {'date': '2026-09-05', 'match': '山东泰山 vs 深圳新鹏城', 'score': '1-1', 'selected_team': '山东泰山', 'settlement': '黑', 'water': 0.82, 'pnl_1u': -1.0, 'roi': -1.0, 'line': '1', 'action': '网页可投', 'source': 'https://github.com/simondongxiao/odds/blob/main/ledger/yesterday_official_settlement_2026-09-05.csv'}, {'date': '2026-09-12', 'match': '天津津门虎 vs 辽宁铁人', 'score': '1-0', 'selected_team': '天津津门虎', 'settlement': '红', 'water': 0.82, 'pnl_1u': 0.82, 'roi': 0.82, 'line': '0.5', 'action': '网页可投', 'source': 'https://m.titan007.com/analy/Analysis/2944749.htm'}, {'date': '2026-09-12', 'match': '武汉三镇 vs 河南队', 'score': '1-1', 'selected_team': '河南队', 'settlement': '走', 'water': 0.77, 'pnl_1u': 0.0, 'roi': 0.0, 'line': '', 'action': '网页可投', 'source': 'https://m.titan007.com/analy/Analysis/2944744.htm'}, {'date': '2026-09-18', 'match': '浙江俱乐部绿城 vs 武汉三镇', 'score': '4-1', 'selected_team': '武汉三镇', 'settlement': '黑', 'water': 1.01, 'pnl_1u': -1.0, 'roi': -1.0, 'line': '0.5', 'action': '网页可投（最新版冻结）', 'source': 'https://m.titan007.com/analy/Analysis/2944778.htm'}]"
V3,2026-10-09,2944819,中超,时间待核,青岛海牛 vs 北京国安,无，不投,upper,6,1,0,1,1,3,0.22222222,-2.68,-0.44666667,6,,,list_date < 2026-10-09,"[{'date': '2026-09-05', 'match': '武汉三镇 vs 青岛西海岸', 'score': '2-2', 'selected_team': '武汉三镇', 'settlement': '半黑', 'water': 1.06, 'pnl_1u': -0.5, 'roi': -0.5, 'line': '0.25', 'action': '网页可投', 'source': 'https://github.com/simondongxiao/odds/blob/main/ledger/yesterday_official_settlement_2026-09-05.csv'}, {'date': '2026-09-05', 'match': '大连英博 vs 青岛海牛', 'score': '2-1', 'selected_team': '大连英博', 'settlement': '黑', 'water': 1, 'pnl_1u': -1.0, 'roi': -1.0, 'line': '1.5', 'action': '网页可投', 'source': 'https://github.com/simondongxiao/odds/blob/main/ledger/yesterday_official_settlement_2026-09-05.csv'}, {'date': '2026-09-05', 'match': '山东泰山 vs 深圳新鹏城', 'score': '1-1', 'selected_team': '山东泰山', 'settlement': '黑', 'water': 0.82, 'pnl_1u': -1.0, 'roi': -1.0, 'line': '1', 'action': '网页可投', 'source': 'https://github.com/simondongxiao/odds/blob/main/ledger/yesterday_official_settlement_2026-09-05.csv'}, {'date': '2026-09-12', 'match': '天津津门虎 vs 辽宁铁人', 'score': '1-0', 'selected_team': '天津津门虎', 'settlement': '红', 'water': 0.82, 'pnl_1u': 0.82, 'roi': 0.82, 'line': '0.5', 'action': '网页可投', 'source': 'https://m.titan007.com/analy/Analysis/2944749.htm'}, {'date': '2026-09-12', 'match': '武汉三镇 vs 河南队', 'score': '1-1', 'selected_team': '河南队', 'settlement': '走', 'water': 0.77, 'pnl_1u': 0.0, 'roi': 0.0, 'line': '', 'action': '网页可投', 'source': 'https://m.titan007.com/analy/Analysis/2944744.htm'}, {'date': '2026-09-18', 'match': '浙江俱乐部绿城 vs 武汉三镇', 'score': '4-1', 'selected_team': '武汉三镇', 'settlement': '黑', 'water': 1.01, 'pnl_1u': -1.0, 'roi': -1.0, 'line': '0.5', 'action': '网页可投（最新版冻结）', 'source': 'https://m.titan007.com/analy/Analysis/2944778.htm'}]"
V3,2026-10-09,3045558,湘超,时间待核,长沙队 vs 株洲队,,,0,0,0,0,0,0,,,,0,,,list_date < 2026-10-09,[]
V3,2026-10-09,3045559,湘超,时间待核,怀化队 vs 常德队,,,0,0,0,0,0,0,,,,0,,,list_date < 2026-10-09,[]
V3,2026-10-09,2944816,中超,时间待核,浙江俱乐部绿城 vs 上海海港,浙江俱乐部绿城,lower,6,1,0,1,1,3,0.22222222,-2.68,-0.44666667,6,,,list_date < 2026-10-09,"[{'date': '2026-09-05', 'match': '武汉三镇 vs 青岛西海岸', 'score': '2-2', 'selected_team': '武汉三镇', 'settlement': '半黑', 'water': 1.06, 'pnl_1u': -0.5, 'roi': -0.5, 'line': '0.25', 'action': '网页可投', 'source': 'https://github.com/simondongxiao/odds/blob/main/ledger/yesterday_official_settlement_2026-09-05.csv'}, {'date': '2026-09-05', 'match': '大连英博 vs 青岛海牛', 'score': '2-1', 'selected_team': '大连英博', 'settlement': '黑', 'water': 1, 'pnl_1u': -1.0, 'roi': -1.0, 'line': '1.5', 'action': '网页可投', 'source': 'https://github.com/simondongxiao/odds/blob/main/ledger/yesterday_official_settlement_2026-09-05.csv'}, {'date': '2026-09-05', 'match': '山东泰山 vs 深圳新鹏城', 'score': '1-1', 'selected_team': '山东泰山', 'settlement': '黑', 'water': 0.82, 'pnl_1u': -1.0, 'roi': -1.0, 'line': '1', 'action': '网页可投', 'source': 'https://github.com/simondongxiao/odds/blob/main/ledger/yesterday_official_settlement_2026-09-05.csv'}, {'date': '2026-09-12', 'match': '天津津门虎 vs 辽宁铁人', 'score': '1-0', 'selected_team': '天津津门虎', 'settlement': '红', 'water': 0.82, 'pnl_1u': 0.82, 'roi': 0.82, 'line': '0.5', 'action': '网页可投', 'source': 'https://m.titan007.com/analy/Analysis/2944749.htm'}, {'date': '2026-09-12', 'match': '武汉三镇 vs 河南队', 'score': '1-1', 'selected_team': '河南队', 'settlement': '走', 'water': 0.77, 'pnl_1u': 0.0, 'roi': 0.0, 'line': '', 'action': '网页可投', 'source': 'https://m.titan007.com/analy/Analysis/2944744.htm'}, {'date': '2026-09-18', 'match': '浙江俱乐部绿城 vs 武汉三镇', 'score': '4-1', 'selected_team': '武汉三镇', 'settlement': '黑', 'water': 1.01, 'pnl_1u': -1.0, 'roi': -1.0, 'line': '0.5', 'action': '网页可投（最新版冻结）', 'source': 'https://m.titan007.com/analy/Analysis/2944778.htm'}]"
V3,2026-10-09,3100213,叙利亚甲,时间待核,大马士革阿赫利 vs 福托瓦,,,0,0,0,0,0,0,,,,0,,,list_date < 2026-10-09,[]
V3,2026-10-09,3100215,叙利亚甲,时间待核,霍姆斯阿尔菲达 vs 拉塔基亚哈丁,,,0,0,0,0,0,0,,,,0,,,list_date < 2026-10-09,[]
V3,2026-10-09,3100283,叙利亚甲,时间待核,那瓦艾勒 vs 阿尔贾伊什,,,0,0,0,0,0,0,,,,0,,,list_date < 2026-10-09,[]
V3,2026-10-09,3098392,黎巴联,时间待核,特拉布雷斯 vs 阿尔阿希德,,,0,0,0,0,0,0,,,,0,,,list_date < 2026-10-09,[]
V3,2026-10-09,3041570,阿塞超,时间待核,纳希切万 vs 卡帕兹PFK,,,0,0,0,0,0,0,,,,0,,,list_date < 2026-10-09,[]
V3,2026-10-09,3049324,香港超,时间待核,东方体育会 vs 北区,,,0,0,0,0,0,0,,,,0,,,list_date < 2026-10-09,[]
V3,2026-10-09,3062850,印尼超,时间待核,伊森穆朗 vs 帕尔斯巴亚,,,0,0,0,0,0,0,,,,0,,,list_date < 2026-10-09,[]
V3,2026-10-09,3074651,以乙北,时间待核,马卡比艾哈迈德 vs 夏普尔布内慕斯慕斯,,,0,0,0,0,0,0,,,,0,,,list_date < 2026-10-09,[]
V3,2026-10-09,3099574,土U19联,时间待核,加拉塔沙雷U19 vs 卡斯帕萨U19,,,0,0,0,0,0,0,,,,0,,,list_date < 2026-10-09,[]
V3,2026-10-09,3087896,匈U19,时间待核,艾卡迪麻亚U19 vs 维迪奥顿U19,,,0,0,0,0,0,0,,,,0,,,list_date < 2026-10-09,[]
V3,2026-10-09,3022969,摩尔乙,时间待核,FCM温格内 vs 森布鲁B队,,,0,0,0,0,0,0,,,,0,,,list_date < 2026-10-09,[]
V3,2026-10-09,3022971,摩尔乙,时间待核,勇敢老鹰 vs 加高兹亚,,,0,0,0,0,0,0,,,,0,,,list_date < 2026-10-09,[]
V3,2026-10-09,3023015,摩尔乙,时间待核,奥古斯波特 vs 斯特乌切尼,,,0,0,0,0,0,0,,,,0,,,list_date < 2026-10-09,[]
V3,2026-10-09,3047504,泰甲,时间待核,帕府联合 vs DP北碧,,,0,0,0,0,0,0,,,,0,,,list_date < 2026-10-09,[]
V3,2026-10-09,3086201,印尼甲,时间待核,三宝珑 vs 普斯拉加艾瑟,,,0,0,0,0,0,0,,,,0,,,list_date < 2026-10-09,[]
V3,2026-10-09,3006215,黑山乙,时间待核,洛夫琴 vs 耶汀斯特沃BP,,,0,0,0,0,0,0,,,,0,,,list_date < 2026-10-09,[]
V3,2026-10-09,3100358,罗丙,时间待核,马塞尔坎普隆 vs 森切拉,,,0,0,0,0,0,0,,,,0,,,list_date < 2026-10-09,[]
V3,2026-10-09,3044293,乌克乙,时间待核,特诺皮尔B队 vs 维尔克希夫策,特诺皮尔B队,upper,0,0,0,0,0,0,,,,0,,,list_date < 2026-10-09,[]
V3,2026-10-09,3100359,黎乙,时间待核,哈里特纳梅 vs 伊沙德沙希尔,,,0,0,0,0,0,0,,,,0,,,list_date < 2026-10-09,[]
V3,2026-10-09,3099267,科索沃超,时间待核,罗拉匹 vs 巴利卡尼,,,0,0,0,0,0,0,,,,0,,,list_date < 2026-10-09,[]
V3,2026-10-09,3099133,中台女联,时间待核,台中蓝鲸女足 vs 新北航源女足,,,0,0,0,0,0,0,,,,0,,,list_date < 2026-10-09,[]
V3,2026-10-09,3059213,英乙U21,时间待核,班士利U21 vs 赫尔城U21,,,0,0,0,0,0,0,,,,0,,,list_date < 2026-10-09,[]
V3,2026-10-09,2952589,俄青联,时间待核,莫斯科中央陆军青年队 vs 科诺普廖夫青年队,,,0,0,0,0,0,0,,,,0,,,list_date < 2026-10-09,[]
V3,2026-10-09,2952590,俄青联,时间待核,马哈奇卡拉青年队 vs 喀山鲁宾青年队,,,0,0,0,0,0,0,,,,0,,,list_date < 2026-10-09,[]
V3,2026-10-09,2952592,俄青联,时间待核,法克尔青年队 vs 莫斯科切尔塔诺沃青年队,,,0,0,0,0,0,0,,,,0,,,list_date < 2026-10-09,[]
V3,2026-10-09,2952593,俄青联,时间待核,莫斯科火车头青年队 vs 圣彼德斯堡青年队,,,0,0,0,0,0,0,,,,0,,,list_date < 2026-10-09,[]
V3,2026-10-09,2952595,俄青联,时间待核,莫斯科斯巴达青年队 vs 乌拉尔青年队,,,0,0,0,0,0,0,,,,0,,,list_date < 2026-10-09,[]
V3,2026-10-09,3098523,沙地乙,时间待核,萨法KSA vs 阿里夫,,,0,0,0,0,0,0,,,,0,,,list_date < 2026-10-09,[]
V3,2026-10-09,3098524,沙地乙,时间待核,阿沙希尔 vs 塔拉基,,,0,0,0,0,0,0,,,,0,,,list_date < 2026-10-09,[]
V3,2026-10-09,3098525,沙地乙,时间待核,奈尔亚 vs 渥治,,,0,0,0,0,0,0,,,,0,,,list_date < 2026-10-09,[]
V3,2026-10-09,3098526,沙地乙,时间待核,巴腾 vs 卡瓦拉赫,,,0,0,0,0,0,0,,,,0,,,list_date < 2026-10-09,[]
V3,2026-10-09,3061582,女欧U19,时间待核,罗马尼亚女足U19 vs 马耳他女足U19,,,0,0,0,0,0,0,,,,0,,,list_date < 2026-10-09,[]
V3,2026-10-09,3098080,挪威U19,时间待核,费德列斯达U19 vs 布兰U19,,,0,0,0,0,0,0,,,,0,,,list_date < 2026-10-09,[]
V3,2026-10-09,3098067,埃及甲,时间待核,霍尔比 vs 拉维耶纳,,,0,0,0,0,0,0,,,,0,,,list_date < 2026-10-09,[]
V3,2026-10-09,3098068,埃及甲,时间待核,伊斯梅利 vs 坦塔,,,0,0,0,0,0,0,,,,0,,,list_date < 2026-10-09,[]
V3,2026-10-09,3098069,埃及甲,时间待核,玛列亚特 vs 巴拉蒂耶,,,0,0,0,0,0,0,,,,0,,,list_date < 2026-10-09,[]
V3,2026-10-09,3098070,埃及甲,时间待核,开罗FC vs 佩哈亚克,,,0,0,0,0,0,0,,,,0,,,list_date < 2026-10-09,[]
V3,2026-10-09,3098071,埃及甲,时间待核,埃及电信 vs 曼苏拉,,,0,0,0,0,0,0,,,,0,,,list_date < 2026-10-09,[]
V3,2026-10-09,2952366,塔吉克联,时间待核,FK帕沃兹 vs 古赞特,,,0,0,0,0,0,0,,,,0,,,list_date < 2026-10-09,[]
V3,2026-10-09,2952367,塔吉克联,时间待核,萨多图尔松佐达 vs 埃斯卡塔,,,0,0,0,0,0,0,,,,0,,,list_date < 2026-10-09,[]
V3,2026-10-09,3098527,沙地乙,时间待核,扩塔禾 vs 艾尔赖扬,,,0,0,0,0,0,0,,,,0,,,list_date < 2026-10-09,[]
V3,2026-10-09,3098528,沙地乙,时间待核,白贝什 vs 艾因巴哈,,,0,0,0,0,0,0,,,,0,,,list_date < 2026-10-09,[]
V3,2026-10-09,3098529,沙地乙,时间待核,阿拉尔 vs 姆达哈瑞,,,0,0,0,0,0,0,,,,0,,,list_date < 2026-10-09,[]
V3,2026-10-09,3099128,马来A1联,时间待核,吉兰丹WTS FC vs 雪兰莪大学AAK,,,0,0,0,0,0,0,,,,0,,,list_date < 2026-10-09,[]
V3,2026-10-09,3098530,沙地乙,时间待核,卡拉赫 vs 禾特恩,,,0,0,0,0,0,0,,,,0,,,list_date < 2026-10-09,[]
V3,2026-10-09,3061517,女欧U19,时间待核,西班牙女足U19 vs 以色列女足U19,,,0,0,0,0,0,0,,,,0,,,list_date < 2026-10-09,[]
V3,2026-10-09,3099278,阿曼联,时间待核,费加亚 vs 伊卜里,无，不投,upper,2,1,0,0,1,0,0.66666667,0.5,0.25,2,,,list_date < 2026-10-09,"[{'date': '2026-09-10', 'match': '伊卜里 vs 萨汉姆', 'score': '1-2', 'selected_team': '萨汉姆', 'settlement': '红', 'water': 1, 'pnl_1u': 1.0, 'roi': 1.0, 'line': '', 'action': '网页可投', 'source': 'https://m.titan007.com/analy/Analysis/3072472.htm'}, {'date': '2026-09-10', 'match': '拿达 vs 锡卜', 'score': '1-1', 'selected_team': '锡卜', 'settlement': '半黑', 'water': 0.84, 'pnl_1u': -0.5, 'roi': -0.5, 'line': '-0.25', 'action': '网页可投', 'source': 'https://m.titan007.com/analy/Analysis/3086034.htm'}]"
V3,2026-10-09,3001851,以甲,时间待核,阿卡夏普尔 vs 麦卡比,,,0,0,0,0,0,0,,,,0,,,list_date < 2026-10-09,[]
V3,2026-10-09,3001852,以甲,时间待核,法萨巴夏普尔 vs 阿舒多,,,0,0,0,0,0,0,,,,0,,,list_date < 2026-10-09,[]
V3,2026-10-09,3001854,以甲,时间待核,里雄莱锡安夏普尔 vs 卡比利奥马卡比,,,0,0,0,0,0,0,,,,0,,,list_date < 2026-10-09,[]
V3,2026-10-09,3001855,以甲,时间待核,莫迪恩 vs 阿富拉夏普尔,,,0,0,0,0,0,0,,,,0,,,list_date < 2026-10-09,[]
V3,2026-10-09,3001856,以甲,时间待核,凯尔耶特 vs 奇亚亚蒙SC,,,0,0,0,0,0,0,,,,0,,,list_date < 2026-10-09,[]
V3,2026-10-09,3001857,以甲,时间待核,赫兹立亚马卡比 vs 阿基纳扎力,,,0,0,0,0,0,0,,,,0,,,list_date < 2026-10-09,[]
V3,2026-10-09,3001858,以甲,时间待核,卡法尔卡瑟姆 vs 特拉维夫叶胡达,,,0,0,0,0,0,0,,,,0,,,list_date < 2026-10-09,[]
V3,2026-10-09,3066295,南非甲,时间待核,勒鲁莫狮子 vs 希望足球俱乐部,,,0,0,0,0,0,0,,,,0,,,list_date < 2026-10-09,[]
V3,2026-10-09,3068159,克亚乙,时间待核,雷迪塞瓦特 vs 乔登普罗克,乔登普罗克,lower,3,2,0,0,0,1,0.66666667,0.72,0.24,3,,,list_date < 2026-10-09,"[{'date': '2026-09-02', 'match': '乌克瓦 vs 萨格勒布迪那摩B队', 'score': '2-6', 'selected_team': '萨格勒布迪那摩B队', 'settlement': '红', 'water': 0.94, 'pnl_1u': 0.94, 'roi': 0.94, 'line': '0.5', 'action': '网页可投', 'source': 'https://simondongxiao.github.io/odds/'}, {'date': '2026-09-02', 'match': '乔登普罗克 vs 杜布拉瓦', 'score': '1-1', 'selected_team': '乔登普罗克', 'settlement': '黑', 'water': 0.78, 'pnl_1u': -1.0, 'roi': -1.0, 'line': '0.75', 'action': '网页可投', 'source': 'https://simondongxiao.github.io/odds/'}, {'date': '2026-09-02', 'match': '扎达拉洛维 vs 雷迪塞瓦特', 'score': '1-0', 'selected_team': '扎达拉洛维', 'settlement': '红', 'water': 0.78, 'pnl_1u': 0.78, 'roi': 0.78, 'line': '0.25', 'action': '网页可投', 'source': 'https://simondongxiao.github.io/odds/'}]"
V3,2026-10-09,3058799,布隆迪超,时间待核,国际之星 vs 黑裤,,,0,0,0,0,0,0,,,,0,,,list_date < 2026-10-09,[]
V3,2026-10-09,3100363,巴青联,时间待核,博阿维斯塔RJ青年队 vs 邦古青年队,,,0,0,0,0,0,0,,,,0,,,list_date < 2026-10-09,[]
V3,2026-10-09,3100374,桑给超,时间待核,卡维治斯 vs 消防SC,,,0,0,0,0,0,0,,,,0,,,list_date < 2026-10-09,[]
V3,2026-10-09,3098092,国际友谊,时间待核,斯洛伐克女足U19 vs 土耳其女足U19,,,0,0,0,0,0,0,,,,0,,,list_date < 2026-10-09,[]
V3,2026-10-09,3098036,女奥非预,时间待核,马拉维女足 vs 津巴布韦女足,,,0,0,0,0,0,0,,,,0,,,list_date < 2026-10-09,[]
V3,2026-10-09,3100367,巴拉丙,时间待核,哥伦比亚体育会 vs 奥杜巴雷,,,0,0,0,0,0,0,,,,0,,,list_date < 2026-10-09,[]
V3,2026-10-09,3100368,巴拉丙,时间待核,巴拉圭河床 vs 锡尔维奥佩蒂罗西,,,0,0,0,0,0,0,,,,0,,,list_date < 2026-10-09,[]
V3,2026-10-09,3032927,阿联酋甲,时间待核,阿尔咸拉 vs 富查伊拉,富查伊拉,upper,0,0,0,0,0,0,,,,0,,,list_date < 2026-10-09,[]
V3,2026-10-09,3096238,阿联酋杯,时间待核,阿治曼 vs 般尼亚斯,无，不投,,0,0,0,0,0,0,,,,0,,,list_date < 2026-10-09,[]
V3,2026-10-09,3096239,阿联酋杯,时间待核,阿布扎比统一 vs 迪哈夫拉,无，不投,,0,0,0,0,0,0,,,,0,,,list_date < 2026-10-09,[]
V3,2026-10-09,3098348,伊朗超,时间待核,查多马卢阿尔达坎 vs 霍拉马巴德,,,0,0,0,0,0,0,,,,0,,,list_date < 2026-10-09,[]
V3,2026-10-09,3032928,阿联酋甲,时间待核,阿拉比欧姆古温 vs 海湾联,阿拉比欧姆古温,upper,0,0,0,0,0,0,,,,0,,,list_date < 2026-10-09,[]
V3,2026-10-09,3032929,阿联酋甲,时间待核,阿联酋伊蒂法格 vs 泰德,泰德,upper,0,0,0,0,0,0,,,,0,,,list_date < 2026-10-09,[]
V3,2026-10-09,3064193,坦桑超,时间待核,姆贝亚市 vs 卡盖拉河,,,0,0,0,0,0,0,,,,0,,,list_date < 2026-10-09,[]
V3,2026-10-09,3098350,伊朗超,时间待核,波斯波利斯 vs 纳夫特,,,0,0,0,0,0,0,,,,0,,,list_date < 2026-10-09,[]
V3,2026-10-09,3035928,波兰乙,时间待核,别尔斯科 vs 桑德克亚,,,0,0,0,0,0,0,,,,0,,,list_date < 2026-10-09,[]
V3,2026-10-09,3012530,乌克超,时间待核,维勒斯 vs 顿涅茨克矿工,无，不投,,2,1,0,0,1,0,0.66666667,0.36,0.18,2,,,list_date < 2026-10-09,"[{'date': '2026-09-05', 'match': '梅塔利斯特1925 vs 奥博隆', 'score': '5-0', 'selected_team': '梅塔利斯特1925', 'settlement': '红', 'water': 0.86, 'pnl_1u': 0.86, 'roi': 0.86, 'line': '1.25', 'action': '网页可投', 'source': 'https://github.com/simondongxiao/odds/blob/main/ledger/yesterday_official_settlement_2026-09-05.csv'}, {'date': '2026-09-05', 'match': '卡帕迪 vs 顿涅茨克矿工', 'score': '1-2', 'selected_team': '卡帕迪', 'settlement': '半黑', 'water': 0.85, 'pnl_1u': -0.5, 'roi': -0.5, 'line': '-0.75', 'action': '网页可投', 'source': 'https://github.com/simondongxiao/odds/blob/main/ledger/yesterday_official_settlement_2026-09-05.csv'}]"
V3,2026-10-09,2933157,乌兹超,时间待核,库鲁维奇科坎 vs 马沙尔,库鲁维奇科坎,upper,3,1,0,1,1,0,0.66666667,0.5,0.16666667,3,,,list_date < 2026-10-09,"[{'date': '2026-09-05', 'match': '库鲁维奇科坎 vs 萨马尔罕迪纳摩', 'score': '1-1', 'selected_team': '萨马尔罕迪纳摩', 'settlement': '走', 'water': 0.82, 'pnl_1u': 0.0, 'roi': 0.0, 'line': '', 'action': '网页可投', 'source': 'https://github.com/simondongxiao/odds/blob/main/ledger/yesterday_official_settlement_2026-09-05.csv'}, {'date': '2026-09-09', 'match': '纳萨夫 vs 本尤德科', 'score': '3-0', 'selected_team': '纳萨夫', 'settlement': '红', 'water': 1, 'pnl_1u': 1.0, 'roi': 1.0, 'line': '1.25', 'action': '网页可投', 'source': 'https://simondongxiao.github.io/odds/'}, {'date': '2026-09-10', 'match': '花刺子模乌尔根奇 vs 索格迪纳吉扎克', 'score': '0-0', 'selected_team': '索格迪纳吉扎克', 'settlement': '半黑', 'water': 0.8, 'pnl_1u': -0.5, 'roi': -0.5, 'line': '-0.25', 'action': '网页可投', 'source': 'https://m.titan007.com/analy/Analysis/2933145.htm'}]"
V3,2026-10-09,3100406,沙滩足,时间待核,巴西沙滩足球队 vs 葡萄牙沙滩足球队,,,0,0,0,0,0,0,,,,0,,,list_date < 2026-10-09,[]
V3,2026-10-09,3098127,世女欧预,时间待核,以色列女足 vs 瑞士女足,,,0,0,0,0,0,0,,,,0,,,list_date < 2026-10-09,[]
V3,2026-10-09,3066296,南非甲,时间待核,玛盖斯 vs NWU学生队,,,0,0,0,0,0,0,,,,0,,,list_date < 2026-10-09,[]
V3,2026-10-09,3098053,波兰丙,时间待核,包尔科维切 vs GKP戈茹夫,,,0,0,0,0,0,0,,,,0,,,list_date < 2026-10-09,[]
V3,2026-10-09,3068156,克亚乙,时间待核,扎达拉洛维 vs 希巴利亚,无，不投,,3,2,0,0,0,1,0.66666667,0.72,0.24,3,,,list_date < 2026-10-09,"[{'date': '2026-09-02', 'match': '乌克瓦 vs 萨格勒布迪那摩B队', 'score': '2-6', 'selected_team': '萨格勒布迪那摩B队', 'settlement': '红', 'water': 0.94, 'pnl_1u': 0.94, 'roi': 0.94, 'line': '0.5', 'action': '网页可投', 'source': 'https://simondongxiao.github.io/odds/'}, {'date': '2026-09-02', 'match': '乔登普罗克 vs 杜布拉瓦', 'score': '1-1', 'selected_team': '乔登普罗克', 'settlement': '黑', 'water': 0.78, 'pnl_1u': -1.0, 'roi': -1.0, 'line': '0.75', 'action': '网页可投', 'source': 'https://simondongxiao.github.io/odds/'}, {'date': '2026-09-02', 'match': '扎达拉洛维 vs 雷迪塞瓦特', 'score': '1-0', 'selected_team': '扎达拉洛维', 'settlement': '红', 'water': 0.78, 'pnl_1u': 0.78, 'roi': 0.78, 'line': '0.25', 'action': '网页可投', 'source': 'https://simondongxiao.github.io/odds/'}]"
V3,2026-10-09,3068280,克亚乙,时间待核,欧帕提亚 vs 古斯图西加,无，不投,,3,2,0,0,0,1,0.66666667,0.72,0.24,3,,,list_date < 2026-10-09,"[{'date': '2026-09-02', 'match': '乌克瓦 vs 萨格勒布迪那摩B队', 'score': '2-6', 'selected_team': '萨格勒布迪那摩B队', 'settlement': '红', 'water': 0.94, 'pnl_1u': 0.94, 'roi': 0.94, 'line': '0.5', 'action': '网页可投', 'source': 'https://simondongxiao.github.io/odds/'}, {'date': '2026-09-02', 'match': '乔登普罗克 vs 杜布拉瓦', 'score': '1-1', 'selected_team': '乔登普罗克', 'settlement': '黑', 'water': 0.78, 'pnl_1u': -1.0, 'roi': -1.0, 'line': '0.75', 'action': '网页可投', 'source': 'https://simondongxiao.github.io/odds/'}, {'date': '2026-09-02', 'match': '扎达拉洛维 vs 雷迪塞瓦特', 'score': '1-0', 'selected_team': '扎达拉洛维', 'settlement': '红', 'water': 0.78, 'pnl_1u': 0.78, 'roi': 0.78, 'line': '0.25', 'action': '网页可投', 'source': 'https://simondongxiao.github.io/odds/'}]"
V3,2026-10-09,3100225,印米佐超,时间待核,邦警察FC vs 艾藻尔,,,0,0,0,0,0,0,,,,0,,,list_date < 2026-10-09,[]
V3,2026-10-09,3100334,克亚丙,时间待核,德拉格沃尔雅克 vs 乌苏克,,,0,0,0,0,0,0,,,,0,,,list_date < 2026-10-09,[]
V3,2026-10-09,3098035,女奥非预,时间待核,刚果民主共和国女足 vs 科特迪瓦女足,,,0,0,0,0,0,0,,,,0,,,list_date < 2026-10-09,[]
V3,2026-10-09,3021999,俄甲,时间待核,下卡姆斯克石油 vs 切里宾斯克,无，不投,upper,6,2,1,1,0,2,0.55555556,0.33,0.055,6,,,list_date < 2026-10-09,"[{'date': '2026-09-05', 'match': '索契 vs 下诺夫哥罗德', 'score': '0-1', 'selected_team': '索契', 'settlement': '黑', 'water': 0.82, 'pnl_1u': -1.0, 'roi': -1.0, 'line': '', 'action': '网页可投', 'source': 'https://github.com/simondongxiao/odds/blob/main/ledger/yesterday_official_settlement_2026-09-05.csv'}, {'date': '2026-09-13', 'match': '乌法 vs 乌里扬诺夫斯克伏尔加', 'score': '2-2', 'selected_team': '乌法', 'settlement': '走', 'water': 0.8, 'pnl_1u': 0.0, 'roi': 0.0, 'line': '', 'action': '网页可投', 'source': 'https://m.titan007.com/analy/Analysis/3021985.htm'}, {'date': '2026-09-14', 'match': '辛历克 vs 乌拉尔', 'score': '1-1', 'selected_team': '辛历克', 'settlement': '半红', 'water': 0.98, 'pnl_1u': 0.49, 'roi': 0.49, 'line': '-0.25', 'action': '网页可投（最新版冻结）', 'source': 'https://m.titan007.com/analy/Analysis/3022064.htm'}, {'date': '2026-09-14', 'match': '韦莱斯 vs 索契', 'score': '1-2', 'selected_team': '韦莱斯', 'settlement': '黑', 'water': 1.02, 'pnl_1u': -1.0, 'roi': -1.0, 'line': '-0.25', 'action': '网页可投（最新版冻结）', 'source': 'https://m.titan007.com/analy/Analysis/3021987.htm'}, {'date': '2026-09-18', 'match': '切里宾斯克 vs 乌法', 'score': '2-1', 'selected_team': '切里宾斯克', 'settlement': '红', 'water': 0.81, 'pnl_1u': 0.81, 'roi': 0.81, 'line': '0.25', 'action': '网页可投（最新版冻结）', 'source': 'https://m.titan007.com/analy/Analysis/3021988.htm'}, {'date': '2026-09-27', 'match': '辛历克 vs SKA哈巴罗夫斯克', 'score': '0-0', 'selected_team': 'SKA哈巴罗夫斯克', 'settlement': '红', 'water': 1.03, 'pnl_1u': 1.03, 'roi': 1.03, 'line': '0.75', 'action': '网页可投（最新版冻结）', 'source': 'https://simondongxiao.github.io/odds/v3-legacy/'}]"
V3,2026-10-09,3030165,土甲,时间待核,波德鲁姆士邦 vs 克斯欧仁古库,克斯欧仁古库,upper,7,5,0,0,0,2,0.71428571,2.31,0.33,7,,,list_date < 2026-10-09,"[{'date': '2026-09-01', 'match': '波卢斯堡 vs 克斯欧仁古库', 'score': '0-2', 'selected_team': '克斯欧仁古库', 'settlement': '红', 'water': 0.89, 'pnl_1u': 0.89, 'roi': 0.89, 'line': '-1', 'action': '网页可投', 'source': 'https://simondongxiao.github.io/odds/'}, {'date': '2026-09-02', 'match': '贝拉迪亚士邦 vs 贝特曼', 'score': '0-2', 'selected_team': '贝特曼', 'settlement': '红', 'water': 0.93, 'pnl_1u': 0.93, 'roi': 0.93, 'line': '-0.5', 'action': '网页可投', 'source': 'https://simondongxiao.github.io/odds/'}, {'date': '2026-09-03', 'match': '厄德尔 vs 文尼沙BB', 'score': '4-2', 'selected_team': '厄德尔', 'settlement': '红', 'water': 0.84, 'pnl_1u': 0.84, 'roi': 0.84, 'line': '0.25', 'action': '网页可投', 'source': 'https://simondongxiao.github.io/odds/'}, {'date': '2026-09-05', 'match': '班迪马士邦 vs 波卢斯堡', 'score': '6-0', 'selected_team': '班迪马士邦', 'settlement': '红', 'water': 0.81, 'pnl_1u': 0.81, 'roi': 0.81, 'line': '1.5', 'action': '网页可投', 'source': 'https://github.com/simondongxiao/odds/blob/main/ledger/yesterday_official_settlement_2026-09-05.csv'}, {'date': '2026-09-05', 'match': '佩迪卡斯堡 vs 尤姆尼耶士邦', 'score': '1-0', 'selected_team': '尤姆尼耶士邦', 'settlement': '黑', 'water': 1.03, 'pnl_1u': -1.0, 'roi': -1.0, 'line': '0.5', 'action': '网页可投', 'source': 'https://github.com/simondongxiao/odds/blob/main/ledger/yesterday_official_settlement_2026-09-05.csv'}, {'date': '2026-09-12', 'match': '波德鲁姆士邦 vs 贝特曼', 'score': '4-0', 'selected_team': '波德鲁姆士邦', 'settlement': '红', 'water': 0.84, 'pnl_1u': 0.84, 'roi': 0.84, 'line': '', 'action': '网页可投', 'source': 'https://m.titan007.com/analy/Analysis/3030145.htm'}, {'date': '2026-09-20', 'match': '安塔利亚体育 vs 贝拉迪亚士邦', 'score': '3-0', 'selected_team': '贝拉迪亚士邦', 'settlement': '黑', 'water': 1.01, 'pnl_1u': -1.0, 'roi': -1.0, 'line': '0.75', 'action': '网页可投（最新版冻结）', 'source': 'https://m.titan007.com/analy/Analysis/3030155.htm'}]"
V3,2026-10-09,3030172,土甲,时间待核,锡瓦斯体育 vs 佩迪卡斯堡,锡瓦斯体育,upper,7,5,0,0,0,2,0.71428571,2.31,0.33,7,,,list_date < 2026-10-09,"[{'date': '2026-09-01', 'match': '波卢斯堡 vs 克斯欧仁古库', 'score': '0-2', 'selected_team': '克斯欧仁古库', 'settlement': '红', 'water': 0.89, 'pnl_1u': 0.89, 'roi': 0.89, 'line': '-1', 'action': '网页可投', 'source': 'https://simondongxiao.github.io/odds/'}, {'date': '2026-09-02', 'match': '贝拉迪亚士邦 vs 贝特曼', 'score': '0-2', 'selected_team': '贝特曼', 'settlement': '红', 'water': 0.93, 'pnl_1u': 0.93, 'roi': 0.93, 'line': '-0.5', 'action': '网页可投', 'source': 'https://simondongxiao.github.io/odds/'}, {'date': '2026-09-03', 'match': '厄德尔 vs 文尼沙BB', 'score': '4-2', 'selected_team': '厄德尔', 'settlement': '红', 'water': 0.84, 'pnl_1u': 0.84, 'roi': 0.84, 'line': '0.25', 'action': '网页可投', 'source': 'https://simondongxiao.github.io/odds/'}, {'date': '2026-09-05', 'match': '班迪马士邦 vs 波卢斯堡', 'score': '6-0', 'selected_team': '班迪马士邦', 'settlement': '红', 'water': 0.81, 'pnl_1u': 0.81, 'roi': 0.81, 'line': '1.5', 'action': '网页可投', 'source': 'https://github.com/simondongxiao/odds/blob/main/ledger/yesterday_official_settlement_2026-09-05.csv'}, {'date': '2026-09-05', 'match': '佩迪卡斯堡 vs 尤姆尼耶士邦', 'score': '1-0', 'selected_team': '尤姆尼耶士邦', 'settlement': '黑', 'water': 1.03, 'pnl_1u': -1.0, 'roi': -1.0, 'line': '0.5', 'action': '网页可投', 'source': 'https://github.com/simondongxiao/odds/blob/main/ledger/yesterday_official_settlement_2026-09-05.csv'}, {'date': '2026-09-12', 'match': '波德鲁姆士邦 vs 贝特曼', 'score': '4-0', 'selected_team': '波德鲁姆士邦', 'settlement': '红', 'water': 0.84, 'pnl_1u': 0.84, 'roi': 0.84, 'line': '', 'action': '网页可投', 'source': 'https://m.titan007.com/analy/Analysis/3030145.htm'}, {'date': '2026-09-20', 'match': '安塔利亚体育 vs 贝拉迪亚士邦', 'score': '3-0', 'selected_team': '贝拉迪亚士邦', 'settlement': '黑', 'water': 1.01, 'pnl_1u': -1.0, 'roi': -1.0, 'line': '0.75', 'action': '网页可投（最新版冻结）', 'source': 'https://m.titan007.com/analy/Analysis/3030155.htm'}]"
V3,2026-10-09,3098462,约超联,时间待核,侯塞因 vs 阿拉毕,,,0,0,0,0,0,0,,,,0,,,list_date < 2026-10-09,[]
V3,2026-10-09,3098393,黎巴联,时间待核,机瓦亚 vs 玛巴拉,,,0,0,0,0,0,0,,,,0,,,list_date < 2026-10-09,[]
V3,2026-10-09,3096853,约旦杯,时间待核,沙马SC vs 艾尔利,艾尔利,upper,0,0,0,0,0,0,,,,0,,,list_date < 2026-10-09,[]
V3,2026-10-09,2933155,乌兹超,时间待核,塔什干棉农 vs 本尤德科,塔什干棉农,upper,3,1,0,1,1,0,0.66666667,0.5,0.16666667,3,,,list_date < 2026-10-09,"[{'date': '2026-09-05', 'match': '库鲁维奇科坎 vs 萨马尔罕迪纳摩', 'score': '1-1', 'selected_team': '萨马尔罕迪纳摩', 'settlement': '走', 'water': 0.82, 'pnl_1u': 0.0, 'roi': 0.0, 'line': '', 'action': '网页可投', 'source': 'https://github.com/simondongxiao/odds/blob/main/ledger/yesterday_official_settlement_2026-09-05.csv'}, {'date': '2026-09-09', 'match': '纳萨夫 vs 本尤德科', 'score': '3-0', 'selected_team': '纳萨夫', 'settlement': '红', 'water': 1, 'pnl_1u': 1.0, 'roi': 1.0, 'line': '1.25', 'action': '网页可投', 'source': 'https://simondongxiao.github.io/odds/'}, {'date': '2026-09-10', 'match': '花刺子模乌尔根奇 vs 索格迪纳吉扎克', 'score': '0-0', 'selected_team': '索格迪纳吉扎克', 'settlement': '半黑', 'water': 0.8, 'pnl_1u': -0.5, 'roi': -0.5, 'line': '-0.25', 'action': '网页可投', 'source': 'https://m.titan007.com/analy/Analysis/2933145.htm'}]"
V3,2026-10-09,2933156,乌兹超,时间待核,布哈拉 vs 安集延,布哈拉,upper,3,1,0,1,1,0,0.66666667,0.5,0.16666667,3,,,list_date < 2026-10-09,"[{'date': '2026-09-05', 'match': '库鲁维奇科坎 vs 萨马尔罕迪纳摩', 'score': '1-1', 'selected_team': '萨马尔罕迪纳摩', 'settlement': '走', 'water': 0.82, 'pnl_1u': 0.0, 'roi': 0.0, 'line': '', 'action': '网页可投', 'source': 'https://github.com/simondongxiao/odds/blob/main/ledger/yesterday_official_settlement_2026-09-05.csv'}, {'date': '2026-09-09', 'match': '纳萨夫 vs 本尤德科', 'score': '3-0', 'selected_team': '纳萨夫', 'settlement': '红', 'water': 1, 'pnl_1u': 1.0, 'roi': 1.0, 'line': '1.25', 'action': '网页可投', 'source': 'https://simondongxiao.github.io/odds/'}, {'date': '2026-09-10', 'match': '花刺子模乌尔根奇 vs 索格迪纳吉扎克', 'score': '0-0', 'selected_team': '索格迪纳吉扎克', 'settlement': '半黑', 'water': 0.8, 'pnl_1u': -0.5, 'roi': -0.5, 'line': '-0.25', 'action': '网页可投', 'source': 'https://m.titan007.com/analy/Analysis/2933145.htm'}]"
V3,2026-10-09,3098491,阿尔乙东,时间待核,安纳巴 vs 沙维雅,,,0,0,0,0,0,0,,,,0,,,list_date < 2026-10-09,[]
V3,2026-10-09,3098493,阿尔乙东,时间待核,贝尼奥尔班 vs JS吉杰尔,,,0,0,0,0,0,0,,,,0,,,list_date < 2026-10-09,[]
V3,2026-10-09,3098494,阿尔乙东,时间待核,AS库鲁布 vs NRB电报,,,0,0,0,0,0,0,,,,0,,,list_date < 2026-10-09,[]
V3,2026-10-09,3098495,阿尔乙东,时间待核,马格拉 vs CA巴特纳,,,0,0,0,0,0,0,,,,0,,,list_date < 2026-10-09,[]
V3,2026-10-09,3098496,阿尔乙东,时间待核,MSP巴特纳 vs CR贝尼图尔,,,0,0,0,0,0,0,,,,0,,,list_date < 2026-10-09,[]
V3,2026-10-09,3098497,阿尔乙东,时间待核,内兹拉 vs MO康士坦丁,,,0,0,0,0,0,0,,,,0,,,list_date < 2026-10-09,[]
V3,2026-10-09,3098498,阿尔乙东,时间待核,柏拉道 vs 斯基克达,,,0,0,0,0,0,0,,,,0,,,list_date < 2026-10-09,[]
V3,2026-10-09,3098507,阿尔乙西,时间待核,RC阿尔巴 vs MC塞达,,,0,0,0,0,0,0,,,,0,,,list_date < 2026-10-09,[]
V3,2026-10-09,3098508,阿尔乙西,时间待核,巴亚兹 vs 特莱姆森,,,0,0,0,0,0,0,,,,0,,,list_date < 2026-10-09,[]
V3,2026-10-09,3098509,阿尔乙西,时间待核,提亚雷特 vs ASM奥兰,,,0,0,0,0,0,0,,,,0,,,list_date < 2026-10-09,[]
V3,2026-10-09,3098510,阿尔乙西,时间待核,莫斯塔加 vs 马斯卡拉,,,0,0,0,0,0,0,,,,0,,,list_date < 2026-10-09,[]
V3,2026-10-09,3098512,阿尔乙西,时间待核,西迪贝纳利 vs NA胡森,,,0,0,0,0,0,0,,,,0,,,list_date < 2026-10-09,[]
V3,2026-10-09,3098513,阿尔乙西,时间待核,塔吉特 vs 西澳奈姆,,,0,0,0,0,0,0,,,,0,,,list_date < 2026-10-09,[]
V3,2026-10-09,3098514,阿尔乙西,时间待核,卜利达 vs ESM科洛亚,,,0,0,0,0,0,0,,,,0,,,list_date < 2026-10-09,[]
V3,2026-10-09,3023016,摩尔乙,时间待核,维多利巴尔达尔 vs 弗洛雷斯蒂,,,0,0,0,0,0,0,,,,0,,,list_date < 2026-10-09,[]
V3,2026-10-09,3100212,卢旺达联,时间待核,基加利 vs 奇甘比,,,0,0,0,0,0,0,,,,0,,,list_date < 2026-10-09,[]
V3,2026-10-09,3098093,国际友谊,时间待核,摩尔多瓦女足 vs 格鲁吉亚女足,,,0,0,0,0,0,0,,,,0,,,list_date < 2026-10-09,[]
V3,2026-10-09,3099949,国际友谊,时间待核,威尔士女足U19 vs 希腊女足U19,,,0,0,0,0,0,0,,,,0,,,list_date < 2026-10-09,[]
V3,2026-10-09,3008852,捷U19,时间待核,布杰约维采迪纳摩U19 vs 卡尔维纳U19,,,0,0,0,0,0,0,,,,0,,,list_date < 2026-10-09,[]
V3,2026-10-09,3098104,女奥非预,时间待核,刚果共和国女足 vs 摩洛哥女足,,,0,0,0,0,0,0,,,,0,,,list_date < 2026-10-09,[]
V3,2026-10-09,3074492,乌干超,时间待核,恩德贝 vs 乌干达警察俱乐部,,,0,0,0,0,0,0,,,,0,,,list_date < 2026-10-09,[]
V3,2026-10-09,2933158,乌兹超,时间待核,纳萨夫 vs 萨马尔罕迪纳摩,无，不投,,3,1,0,1,1,0,0.66666667,0.5,0.16666667,3,,,list_date < 2026-10-09,"[{'date': '2026-09-05', 'match': '库鲁维奇科坎 vs 萨马尔罕迪纳摩', 'score': '1-1', 'selected_team': '萨马尔罕迪纳摩', 'settlement': '走', 'water': 0.82, 'pnl_1u': 0.0, 'roi': 0.0, 'line': '', 'action': '网页可投', 'source': 'https://github.com/simondongxiao/odds/blob/main/ledger/yesterday_official_settlement_2026-09-05.csv'}, {'date': '2026-09-09', 'match': '纳萨夫 vs 本尤德科', 'score': '3-0', 'selected_team': '纳萨夫', 'settlement': '红', 'water': 1, 'pnl_1u': 1.0, 'roi': 1.0, 'line': '1.25', 'action': '网页可投', 'source': 'https://simondongxiao.github.io/odds/'}, {'date': '2026-09-10', 'match': '花刺子模乌尔根奇 vs 索格迪纳吉扎克', 'score': '0-0', 'selected_team': '索格迪纳吉扎克', 'settlement': '半黑', 'water': 0.8, 'pnl_1u': -0.5, 'roi': -0.5, 'line': '-0.25', 'action': '网页可投', 'source': 'https://m.titan007.com/analy/Analysis/2933145.htm'}]"
V3,2026-10-09,3031210,立陶乙,时间待核,考纳斯 vs DFK戴拿瓦,,,0,0,0,0,0,0,,,,0,,,list_date < 2026-10-09,[]
V3,2026-10-09,3065104,安哥甲,时间待核,波特洛体育会 vs 高拉,,,0,0,0,0,0,0,,,,0,,,list_date < 2026-10-09,[]
V3,2026-10-09,3017188,保乙,时间待核,延特拉 vs 韦伦桑丹斯基,无，不投,,8,6,0,0,0,2,0.75,3.0,0.375,8,,,list_date < 2026-10-09,"[{'date': '2026-09-03', 'match': '格纳火车头 vs 多布鲁察', 'score': '2-0', 'selected_team': '格纳火车头', 'settlement': '红', 'water': 0.86, 'pnl_1u': 0.86, 'roi': 0.86, 'line': '0.25', 'action': '网页可投', 'source': 'https://simondongxiao.github.io/odds/'}, {'date': '2026-09-15', 'match': '卢多戈雷茨B队 vs 弗拉特里亚', 'score': '1-1', 'selected_team': '弗拉特里亚', 'settlement': '黑', 'water': 0.77, 'pnl_1u': -1.0, 'roi': -1.0, 'line': '-0.5', 'action': '网页可投（最新版冻结）', 'source': 'https://oddslot.com/football/match/second-league/ludogorets-ii/fratria/15-sep-2026/'}, {'date': '2026-09-21', 'match': '多布鲁察 vs 索菲亚中央陆军B队', 'score': '1-3', 'selected_team': '多布鲁察', 'settlement': '黑', 'water': 0.93, 'pnl_1u': -1.0, 'roi': -1.0, 'line': '-0.25', 'action': '网页可投（最新版冻结）', 'source': 'https://www.titan007.com/'}, {'date': '2026-09-21', 'match': 'FC蒙塔纳 vs 赫巴', 'score': '0-5', 'selected_team': '赫巴', 'settlement': '红', 'water': 0.93, 'pnl_1u': 0.93, 'roi': 0.93, 'line': '0.5', 'action': '网页可投（最新版冻结）', 'source': 'https://vip.titan007.com/history/SearchSameGoal.aspx?g=2.75&l=0&n=9&t=4'}, {'date': '2026-09-27', 'match': '韦伦桑丹斯基 vs 内塞伯尔', 'score': '2-0', 'selected_team': '韦伦桑丹斯基', 'settlement': '红', 'water': 0.81, 'pnl_1u': 0.81, 'roi': 0.81, 'line': '1.25', 'action': '网页可投（最新版冻结）', 'source': 'https://simondongxiao.github.io/odds/v3-legacy/'}, {'date': '2026-09-27', 'match': '贝尔罗 vs 延特拉', 'score': '1-0', 'selected_team': '贝尔罗', 'settlement': '红', 'water': 0.76, 'pnl_1u': 0.76, 'roi': 0.76, 'line': '0.25', 'action': '网页可投（最新版冻结）', 'source': 'https://simondongxiao.github.io/odds/v3-legacy/'}, {'date': '2026-09-27', 'match': '布尔加斯1919 vs FC蒙塔纳', 'score': '2-0', 'selected_team': '布尔加斯1919', 'settlement': '红', 'water': 0.84, 'pnl_1u': 0.84, 'roi': 0.84, 'line': '0.75', 'action': '网页可投（最新版冻结）', 'source': 'https://simondongxiao.github.io/odds/v3-legacy/'}, {'date': '2026-09-27', 'match': '弗拉特里亚 vs 保利文斯巴达', 'score': '3-0', 'selected_team': '弗拉特里亚', 'settlement': '红', 'water': 0.8, 'pnl_1u': 0.8, 'roi': 0.8, 'line': '1.25', 'action': '网页可投（最新版冻结）', 'source': 'https://simondongxiao.github.io/odds/v3-legacy/'}]"
V3,2026-10-09,3037807,卡塔尔联,时间待核,卡塔尔体育 vs 赖扬,赖扬,upper,4,2,0,1,0,1,0.66666667,0.98,0.245,4,,,list_date < 2026-10-09,"[{'date': '2026-09-03', 'match': '多哈国民 vs 卡塔尔体育', 'score': '1-0', 'selected_team': '多哈国民', 'settlement': '红', 'water': 0.99, 'pnl_1u': 0.99, 'roi': 0.99, 'line': '0.25', 'action': '网页可投', 'source': 'https://simondongxiao.github.io/odds/'}, {'date': '2026-09-04', 'match': '艾沙姆 vs 艾沙哈尼亚', 'score': '4-2', 'selected_team': '艾沙姆', 'settlement': '红', 'water': 0.99, 'pnl_1u': 0.99, 'roi': 0.99, 'line': '0.75', 'action': '网页可投', 'source': 'https://simondongxiao.github.io/odds/'}, {'date': '2026-09-04', 'match': '鲁赛尔城 vs 威柯拉', 'score': '4-0', 'selected_team': '威柯拉', 'settlement': '黑', 'water': 1.03, 'pnl_1u': -1.0, 'roi': -1.0, 'line': '-0.75', 'action': '网页可投', 'source': 'https://simondongxiao.github.io/odds/'}, {'date': '2026-09-05', 'match': '赖扬 vs 杜海勒', 'score': '1-1', 'selected_team': '赖扬', 'settlement': '走', 'water': 0.8, 'pnl_1u': 0.0, 'roi': 0.0, 'line': '', 'action': '网页可投', 'source': 'https://github.com/simondongxiao/odds/blob/main/ledger/yesterday_official_settlement_2026-09-05.csv'}]"
V3,2026-10-09,3093468,科威特联,时间待核,纳沙 vs 科威特竞技,无，不投,,2,0,1,0,0,1,0.33333333,-0.58,-0.29,2,,,list_date < 2026-10-09,"[{'date': '2026-09-05', 'match': '阿尔科威特 vs 杰拉', 'score': '1-0', 'selected_team': '阿尔科威特', 'settlement': '黑', 'water': 0.94, 'pnl_1u': -1.0, 'roi': -1.0, 'line': '2.5', 'action': '网页可投', 'source': 'https://github.com/simondongxiao/odds/blob/main/ledger/yesterday_official_settlement_2026-09-05.csv'}, {'date': '2026-09-06', 'match': '艾沙比KUW vs 卡斯马', 'score': '2-3', 'selected_team': '卡斯马', 'settlement': '半红', 'water': 0.84, 'pnl_1u': 0.42, 'roi': 0.42, 'line': '-0.75', 'action': '网页可投', 'source': 'https://simondongxiao.github.io/odds/'}]"
V3,2026-10-09,3085237,芬超降,时间待核,塞伊奈约基 vs 拉赫蒂,,,0,0,0,0,0,0,,,,0,,,list_date < 2026-10-09,[]
V3,2026-10-09,3010434,罗甲,时间待核,胡内多阿拉 vs 沃伦塔利,,,0,0,0,0,0,0,,,,0,,,list_date < 2026-10-09,[]
V3,2026-10-09,3094397,女欧U17,时间待核,冰岛女足U17 vs 捷克女足U17,,,0,0,0,0,0,0,,,,0,,,list_date < 2026-10-09,[]
V3,2026-10-09,3040132,捷乙,时间待核,布拉格斯拉维亚B队 vs 维拉斯姆,维拉斯姆,lower,3,3,0,0,0,0,1.0,2.49,0.83,3,,,list_date < 2026-10-09,"[{'date': '2026-09-05', 'match': '奥帕瓦 vs 杜库拉', 'score': '1-2', 'selected_team': '杜库拉', 'settlement': '红', 'water': 0.76, 'pnl_1u': 0.76, 'roi': 0.76, 'line': '', 'action': '网页可投', 'source': 'https://github.com/simondongxiao/odds/blob/main/ledger/yesterday_official_settlement_2026-09-05.csv'}, {'date': '2026-09-13', 'match': '布拉格斯拉维亚B队 vs 济斯科夫', 'score': '0-1', 'selected_team': '济斯科夫', 'settlement': '红', 'water': 0.89, 'pnl_1u': 0.89, 'roi': 0.89, 'line': '0.25', 'action': '网页可投', 'source': 'https://m.titan007.com/analy/Analysis/3040123.htm'}, {'date': '2026-09-20', 'match': '济斯科夫 vs 特里内茨', 'score': '3-0', 'selected_team': '济斯科夫', 'settlement': '红', 'water': 0.84, 'pnl_1u': 0.84, 'roi': 0.84, 'line': '0.75', 'action': '网页可投（最新版冻结）', 'source': 'https://m.titan007.com/analy/Analysis/3040128.htm'}]"
V3,2026-10-09,3031217,立陶乙,时间待核,斯奥利艾B队 vs 卡努扎吉里斯B队,,,0,0,0,0,0,0,,,,0,,,list_date < 2026-10-09,[]
V3,2026-10-09,2941118,爱沙乙,时间待核,诺梅联合U21 vs 塔林利华戴亚B队,,,0,0,0,0,0,0,,,,0,,,list_date < 2026-10-09,[]
V3,2026-10-09,3071927,伊拉联,时间待核,扎克赫 vs 纽罗兹SC,纽罗兹SC,lower,3,1,0,0,1,1,0.4,-0.7,-0.23333333,3,,,list_date < 2026-10-09,"[{'date': '2026-10-07', 'match': '摩苏尔足球俱乐部 vs 巴格达空军', 'score': '0-3', 'selected_team': '巴格达空军', 'settlement': '红', 'water': 0.8, 'pnl_1u': 0.8, 'roi': 0.8, 'line': '-0.25', 'action': '可投；通过：综合胜率59.2%>=阈值57.6%；风控状态A-正常态', 'source': 'D:\\codex\\v3_legacy\\outputs\\football_odds_trader\\raw\\titan007\\20261007\\20261007_083450_titan007_odds_snapshot.csv'}, {'date': '2026-10-08', 'match': '塔拉巴 vs 巴格达警察', 'score': '0-0', 'selected_team': '巴格达警察', 'settlement': '半黑', 'water': 0.78, 'pnl_1u': -0.5, 'roi': -0.5, 'line': '-0.25', 'action': '可投；通过：综合胜率59.2%>=阈值58.2%；风控状态A-正常态', 'source': 'D:\\codex\\v3_legacy\\outputs\\football_odds_trader\\raw\\titan007\\20261008\\20261008_074021_titan007_odds_snapshot.csv'}, {'date': '2026-10-08', 'match': '杜赫克 vs 扎瓦拉', 'score': '3-0', 'selected_team': '扎瓦拉', 'settlement': '黑', 'water': 0.83, 'pnl_1u': -1.0, 'roi': -1.0, 'line': '-0.25', 'action': '可投；通过：综合胜率59.2%>=阈值56.6%；风控状态A-正常态', 'source': 'D:\\codex\\v3_legacy\\outputs\\football_odds_trader\\raw\\titan007\\20261008\\20261008_074021_titan007_odds_snapshot.csv'}]"
V3,2026-10-09,3100344,加纳联,时间待核,国际联盟 vs 奥卡胡联,,,0,0,0,0,0,0,,,,0,,,list_date < 2026-10-09,[]
V3,2026-10-09,3100331,立陶丙,时间待核,尼维斯 vs 苏杜瓦B队,,,0,0,0,0,0,0,,,,0,,,list_date < 2026-10-09,[]
V3,2026-10-09,3098032,女奥非预,时间待核,安哥拉女足 vs 纳米比亚女足,,,0,0,0,0,0,0,,,,0,,,list_date < 2026-10-09,[]
V3,2026-10-09,2968090,挪丙,时间待核,FK佛罗 vs 奥特格宁兰B队,,,0,0,0,0,0,0,,,,0,,,list_date < 2026-10-09,[]
V3,2026-10-09,3098060,墨西U21,时间待核,普埃布拉U21 vs 莱昂U21,,,0,0,0,0,0,0,,,,0,,,list_date < 2026-10-09,[]
V3,2026-10-09,3098062,墨西U21,时间待核,堤格雷斯UANL U21 vs 托卢卡U21,,,0,0,0,0,0,0,,,,0,,,list_date < 2026-10-09,[]
V3,2026-10-09,3098095,国际友谊,时间待核,尼加拉瓜U16 vs 哥斯达黎加U16,,,0,0,0,0,0,0,,,,0,,,list_date < 2026-10-09,[]
V3,2026-10-09,3095608,芬乙附,时间待核,艾弗克 vs PEPO拉宾兰塔,,,0,0,0,0,0,0,,,,0,,,list_date < 2026-10-09,[]
V3,2026-10-09,3099279,阿曼联,时间待核,玛斯纳亚 vs 沙尔俱乐部,无，不投,,2,1,0,0,1,0,0.66666667,0.5,0.25,2,,,list_date < 2026-10-09,"[{'date': '2026-09-10', 'match': '伊卜里 vs 萨汉姆', 'score': '1-2', 'selected_team': '萨汉姆', 'settlement': '红', 'water': 1, 'pnl_1u': 1.0, 'roi': 1.0, 'line': '', 'action': '网页可投', 'source': 'https://m.titan007.com/analy/Analysis/3072472.htm'}, {'date': '2026-09-10', 'match': '拿达 vs 锡卜', 'score': '1-1', 'selected_team': '锡卜', 'settlement': '半黑', 'water': 0.84, 'pnl_1u': -0.5, 'roi': -0.5, 'line': '-0.25', 'action': '网页可投', 'source': 'https://m.titan007.com/analy/Analysis/3086034.htm'}]"
V3,2026-10-09,3041566,阿塞超,时间待核,内弗特奇 vs 萨巴赫,,,0,0,0,0,0,0,,,,0,,,list_date < 2026-10-09,[]
V3,2026-10-09,3006001,斯亚乙,时间待核,塔博塞扎纳 vs 路达,,,0,0,0,0,0,0,,,,0,,,list_date < 2026-10-09,[]
V3,2026-10-09,3058658,丹麦U19,时间待核,艾斯堡U19 vs 瓦埃勒U19,,,0,0,0,0,0,0,,,,0,,,list_date < 2026-10-09,[]
V3,2026-10-09,3098119,世女欧预,时间待核,芬兰女足 vs 塞尔维亚女足,,,0,0,0,0,0,0,,,,0,,,list_date < 2026-10-09,[]
V3,2026-10-09,3100349,布法联,时间待核,CFFEB vs 萨利塔斯,,,0,0,0,0,0,0,,,,0,,,list_date < 2026-10-09,[]
V3,2026-10-09,3100350,布法联,时间待核,ASF博博迪乌拉索 vs 美爵提FC,,,0,0,0,0,0,0,,,,0,,,list_date < 2026-10-09,[]
V3,2026-10-09,3096240,阿联酋杯,时间待核,沙迦 vs 阿布扎比半岛,阿布扎比半岛,upper,0,0,0,0,0,0,,,,0,,,list_date < 2026-10-09,[]
V3,2026-10-09,2921947,芬甲,时间待核,哈卡 vs PK-35海辛基,,,0,0,0,0,0,0,,,,0,,,list_date < 2026-10-09,[]
V3,2026-10-09,2921948,芬甲,时间待核,查普斯 vs 吉普,,,0,0,0,0,0,0,,,,0,,,list_date < 2026-10-09,[]
V3,2026-10-09,2921949,芬甲,时间待核,卡亚尼卡帕 vs MP米克力,,,0,0,0,0,0,0,,,,0,,,list_date < 2026-10-09,[]
V3,2026-10-09,2921950,芬甲,时间待核,克鲁比04 vs EIF埃克纳斯,,,0,0,0,0,0,0,,,,0,,,list_date < 2026-10-09,[]
V3,2026-10-09,2998126,丹麦甲,时间待核,瓦埃勒 vs 哈维德夫,无，不投,,6,2,0,1,1,2,0.44444444,-0.68,-0.11333333,6,,,list_date < 2026-10-09,"[{'date': '2026-09-04', 'match': '霍布罗 vs 哈维德夫', 'score': '1-3', 'selected_team': '霍布罗', 'settlement': '黑', 'water': 1.03, 'pnl_1u': -1.0, 'roi': -1.0, 'line': '0.25', 'action': '网页可投', 'source': 'https://simondongxiao.github.io/odds/'}, {'date': '2026-09-04', 'match': '靴尔科治 vs 希勒罗德', 'score': '1-1', 'selected_team': '靴尔科治', 'settlement': '走', 'water': 1, 'pnl_1u': 0.0, 'roi': 0.0, 'line': '', 'action': '网页可投', 'source': 'https://simondongxiao.github.io/odds/'}, {'date': '2026-09-05', 'match': 'AB格莱萨克瑟 vs 奥尔堡', 'score': '0-2', 'selected_team': 'AB格莱萨克瑟', 'settlement': '黑', 'water': 0.82, 'pnl_1u': -1.0, 'roi': -1.0, 'line': '0.25', 'action': '网页可投', 'source': 'https://github.com/simondongxiao/odds/blob/main/ledger/yesterday_official_settlement_2026-09-05.csv'}, {'date': '2026-09-05', 'match': '弗雷德里西亚 vs 埃斯比约', 'score': '1-0', 'selected_team': '弗雷德里西亚', 'settlement': '半黑', 'water': 0.84, 'pnl_1u': -0.5, 'roi': -0.5, 'line': '1.25', 'action': '网页可投', 'source': 'https://github.com/simondongxiao/odds/blob/main/ledger/yesterday_official_settlement_2026-09-05.csv'}, {'date': '2026-09-12', 'match': '科灵 vs 弗雷德里西亚', 'score': '0-0', 'selected_team': '科灵', 'settlement': '红', 'water': 0.98, 'pnl_1u': 0.98, 'roi': 0.98, 'line': '-0.5', 'action': '网页可投', 'source': 'https://m.titan007.com/analy/Analysis/2998114.htm'}, {'date': '2026-09-19', 'match': 'AB格莱萨克瑟 vs 埃斯比约', 'score': '3-0', 'selected_team': 'AB格莱萨克瑟', 'settlement': '红', 'water': 0.84, 'pnl_1u': 0.84, 'roi': 0.84, 'line': '0.25', 'action': '网页可投（最新版冻结）', 'source': 'https://m.titan007.com/analy/Analysis/2998118.htm'}]"
V3,2026-10-09,3003169,波兰超,时间待核,KS莫摩斯 vs 华沙普洛克,,,0,0,0,0,0,0,,,,0,,,list_date < 2026-10-09,[]
V3,2026-10-09,3035929,波兰乙,时间待核,霍吉尼赞卡 vs 新塔尔格,,,0,0,0,0,0,0,,,,0,,,list_date < 2026-10-09,[]
V3,2026-10-09,3039905,捷甲,时间待核,兹林 vs 布拉格斯拉维亚,布拉格斯拉维亚,upper,6,2,0,1,0,3,0.4,-1.4,-0.23333333,6,,,list_date < 2026-10-09,"[{'date': '2026-09-02', 'match': '布尔诺 vs 赫拉德茨克拉洛韦', 'score': '1-0', 'selected_team': '赫拉德茨克拉洛韦', 'settlement': '黑', 'water': 1.06, 'pnl_1u': -1.0, 'roi': -1.0, 'line': '', 'action': '网页可投', 'source': 'https://simondongxiao.github.io/odds/'}, {'date': '2026-09-05', 'match': '阿蒂斯布尔诺 vs 比尔森胜利', 'score': '0-3', 'selected_team': '阿蒂斯布尔诺', 'settlement': '黑', 'water': 1.06, 'pnl_1u': -1.0, 'roi': -1.0, 'line': '-1', 'action': '网页可投', 'source': 'https://github.com/simondongxiao/odds/blob/main/ledger/yesterday_official_settlement_2026-09-05.csv'}, {'date': '2026-09-12', 'match': '波希米亚1905 vs 斯洛瓦科', 'score': '2-0', 'selected_team': '波希米亚1905', 'settlement': '红', 'water': 0.8, 'pnl_1u': 0.8, 'roi': 0.8, 'line': '0.25', 'action': '网页可投', 'source': 'https://m.titan007.com/analy/Analysis/3039882.htm'}, {'date': '2026-09-19', 'match': '阿蒂斯布尔诺 vs 利贝雷茨', 'score': '0-0', 'selected_team': '利贝雷茨', 'settlement': '黑', 'water': 0.83, 'pnl_1u': -1.0, 'roi': -1.0, 'line': '-0.75', 'action': '网页可投（最新版冻结）', 'source': 'https://m.titan007.com/analy/Analysis/3039893.htm'}, {'date': '2026-09-19', 'match': '斯洛瓦科 vs 俄斯特拉发', 'score': '2-2', 'selected_team': '斯洛瓦科', 'settlement': '走', 'water': 0.82, 'pnl_1u': 0.0, 'roi': 0.0, 'line': '', 'action': '网页可投（最新版冻结）', 'source': 'https://m.titan007.com/analy/Analysis/3039897.htm'}, {'date': '2026-09-20', 'match': '奥洛穆茨 vs 布拉格斯巴达', 'score': '0-3', 'selected_team': '布拉格斯巴达', 'settlement': '红', 'water': 0.8, 'pnl_1u': 0.8, 'roi': 0.8, 'line': '-0.25', 'action': '网页可投（最新版冻结）', 'source': 'https://m.titan007.com/analy/Analysis/3039895.htm'}]"
V3,2026-10-09,3040133,捷乙,时间待核,杜库拉 vs 奥斯泰华B队,无，不投,,3,3,0,0,0,0,1.0,2.49,0.83,3,,,list_date < 2026-10-09,"[{'date': '2026-09-05', 'match': '奥帕瓦 vs 杜库拉', 'score': '1-2', 'selected_team': '杜库拉', 'settlement': '红', 'water': 0.76, 'pnl_1u': 0.76, 'roi': 0.76, 'line': '', 'action': '网页可投', 'source': 'https://github.com/simondongxiao/odds/blob/main/ledger/yesterday_official_settlement_2026-09-05.csv'}, {'date': '2026-09-13', 'match': '布拉格斯拉维亚B队 vs 济斯科夫', 'score': '0-1', 'selected_team': '济斯科夫', 'settlement': '红', 'water': 0.89, 'pnl_1u': 0.89, 'roi': 0.89, 'line': '0.25', 'action': '网页可投', 'source': 'https://m.titan007.com/analy/Analysis/3040123.htm'}, {'date': '2026-09-20', 'match': '济斯科夫 vs 特里内茨', 'score': '3-0', 'selected_team': '济斯科夫', 'settlement': '红', 'water': 0.84, 'pnl_1u': 0.84, 'roi': 0.84, 'line': '0.75', 'action': '网页可投（最新版冻结）', 'source': 'https://m.titan007.com/analy/Analysis/3040128.htm'}]"
V3,2026-10-09,3040134,捷乙,时间待核,伊赫拉瓦 vs 普罗斯捷约夫,伊赫拉瓦,upper,3,3,0,0,0,0,1.0,2.49,0.83,3,,,list_date < 2026-10-09,"[{'date': '2026-09-05', 'match': '奥帕瓦 vs 杜库拉', 'score': '1-2', 'selected_team': '杜库拉', 'settlement': '红', 'water': 0.76, 'pnl_1u': 0.76, 'roi': 0.76, 'line': '', 'action': '网页可投', 'source': 'https://github.com/simondongxiao/odds/blob/main/ledger/yesterday_official_settlement_2026-09-05.csv'}, {'date': '2026-09-13', 'match': '布拉格斯拉维亚B队 vs 济斯科夫', 'score': '0-1', 'selected_team': '济斯科夫', 'settlement': '红', 'water': 0.89, 'pnl_1u': 0.89, 'roi': 0.89, 'line': '0.25', 'action': '网页可投', 'source': 'https://m.titan007.com/analy/Analysis/3040123.htm'}, {'date': '2026-09-20', 'match': '济斯科夫 vs 特里内茨', 'score': '3-0', 'selected_team': '济斯科夫', 'settlement': '红', 'water': 0.84, 'pnl_1u': 0.84, 'roi': 0.84, 'line': '0.75', 'action': '网页可投（最新版冻结）', 'source': 'https://m.titan007.com/analy/Analysis/3040128.htm'}]"
V3,2026-10-09,3040135,捷乙,时间待核,塔波斯科 vs 卡尔维纳,卡尔维纳,upper,3,3,0,0,0,0,1.0,2.49,0.83,3,,,list_date < 2026-10-09,"[{'date': '2026-09-05', 'match': '奥帕瓦 vs 杜库拉', 'score': '1-2', 'selected_team': '杜库拉', 'settlement': '红', 'water': 0.76, 'pnl_1u': 0.76, 'roi': 0.76, 'line': '', 'action': '网页可投', 'source': 'https://github.com/simondongxiao/odds/blob/main/ledger/yesterday_official_settlement_2026-09-05.csv'}, {'date': '2026-09-13', 'match': '布拉格斯拉维亚B队 vs 济斯科夫', 'score': '0-1', 'selected_team': '济斯科夫', 'settlement': '红', 'water': 0.89, 'pnl_1u': 0.89, 'roi': 0.89, 'line': '0.25', 'action': '网页可投', 'source': 'https://m.titan007.com/analy/Analysis/3040123.htm'}, {'date': '2026-09-20', 'match': '济斯科夫 vs 特里内茨', 'score': '3-0', 'selected_team': '济斯科夫', 'settlement': '红', 'water': 0.84, 'pnl_1u': 0.84, 'roi': 0.84, 'line': '0.75', 'action': '网页可投（最新版冻结）', 'source': 'https://m.titan007.com/analy/Analysis/3040128.htm'}]"
V3,2026-10-09,3040136,捷乙,时间待核,乌斯季 vs 奥帕瓦,奥帕瓦,lower,3,3,0,0,0,0,1.0,2.49,0.83,3,,,list_date < 2026-10-09,"[{'date': '2026-09-05', 'match': '奥帕瓦 vs 杜库拉', 'score': '1-2', 'selected_team': '杜库拉', 'settlement': '红', 'water': 0.76, 'pnl_1u': 0.76, 'roi': 0.76, 'line': '', 'action': '网页可投', 'source': 'https://github.com/simondongxiao/odds/blob/main/ledger/yesterday_official_settlement_2026-09-05.csv'}, {'date': '2026-09-13', 'match': '布拉格斯拉维亚B队 vs 济斯科夫', 'score': '0-1', 'selected_team': '济斯科夫', 'settlement': '红', 'water': 0.89, 'pnl_1u': 0.89, 'roi': 0.89, 'line': '0.25', 'action': '网页可投', 'source': 'https://m.titan007.com/analy/Analysis/3040123.htm'}, {'date': '2026-09-20', 'match': '济斯科夫 vs 特里内茨', 'score': '3-0', 'selected_team': '济斯科夫', 'settlement': '红', 'water': 0.84, 'pnl_1u': 0.84, 'roi': 0.84, 'line': '0.75', 'action': '网页可投（最新版冻结）', 'source': 'https://m.titan007.com/analy/Analysis/3040128.htm'}]"
V3,2026-10-09,3009403,捷丙,时间待核,皮斯克 vs 皮耳森B队,皮斯克,upper,22,10,1,0,0,11,0.48837209,-0.79,-0.03590909,22,,,list_date < 2026-10-09,"[{'date': '2026-09-02', 'match': '维特科维斯 vs 乌尼邱夫', 'score': '3-1', 'selected_team': '维特科维斯', 'settlement': '红', 'water': 0.86, 'pnl_1u': 0.86, 'roi': 0.86, 'line': '', 'action': '网页可投', 'source': 'https://simondongxiao.github.io/odds/'}, {'date': '2026-09-02', 'match': '布尔诺B队 vs 威瑟汀', 'score': '5-0', 'selected_team': '布尔诺B队', 'settlement': '红', 'water': 0.9, 'pnl_1u': 0.9, 'roi': 0.9, 'line': '1.5', 'action': '网页可投', 'source': 'https://simondongxiao.github.io/odds/'}, {'date': '2026-09-02', 'match': '利森B队 vs 哈维瓦', 'score': '2-0', 'selected_team': '利森B队', 'settlement': '半红', 'water': 0.83, 'pnl_1u': 0.415, 'roi': 0.415, 'line': '1.75', 'action': '网页可投', 'source': 'https://simondongxiao.github.io/odds/'}, {'date': '2026-09-05', 'match': '波利斯拉夫B队 vs 索史尔扎普', 'score': '2-3', 'selected_team': '索史尔扎普', 'settlement': '红', 'water': 0.79, 'pnl_1u': 0.79, 'roi': 0.79, 'line': '', 'action': '网页可投', 'source': 'https://www.aiscore.com/en/match-mlada-boleslav-b-sk-zapy/8lk2dirlw6paz73'}, {'date': '2026-09-12', 'match': '内拉托维斯 vs FK莫斯特', 'score': '0-4', 'selected_team': 'FK莫斯特', 'settlement': '红', 'water': 0.8, 'pnl_1u': 0.8, 'roi': 0.8, 'line': '-0.25', 'action': '网页可投', 'source': 'https://m.titan007.com/analy/Analysis/3009491.htm'}, {'date': '2026-09-12', 'match': '毕那索 vs 卡拉路夫', 'score': '2-4', 'selected_team': '毕那索', 'settlement': '黑', 'water': 0.82, 'pnl_1u': -1.0, 'roi': -1.0, 'line': '', 'action': '网页可投', 'source': 'https://m.titan007.com/analy/Analysis/3009367.htm'}, {'date': '2026-09-12', 'match': '波夫塔维 vs 洛科维塔维恩', 'score': '2-4', 'selected_team': '洛科维塔维恩', 'settlement': '红', 'water': 0.8, 'pnl_1u': 0.8, 'roi': 0.8, 'line': '-0.25', 'action': '网页可投', 'source': 'https://m.titan007.com/analy/Analysis/3009371.htm'}, {'date': '2026-09-13', 'match': '哈维瓦 vs 荷路比纳', 'score': '0-0', 'selected_team': '荷路比纳', 'settlement': '黑', 'water': 0.8, 'pnl_1u': -1.0, 'roi': -1.0, 'line': '-0.5', 'action': '网页可投', 'source': 'https://m.titan007.com/analy/Analysis/3043201.htm'}, {'date': '2026-09-13', 'match': '布拉格斯巴达B队 vs 布咸美恩斯1905B队', 'score': '4-1', 'selected_team': '布拉格斯巴达B队', 'settlement': '红', 'water': 0.83, 'pnl_1u': 0.83, 'roi': 0.83, 'line': '1.5', 'action': '网页可投', 'source': 'https://m.titan007.com/analy/Analysis/3009372.htm'}, {'date': '2026-09-16', 'match': '索科尔布洛赞尼 vs 帕尔杜比斯B队', 'score': '0-1', 'selected_team': '帕尔杜比斯B队', 'settlement': '红', 'water': 0.8, 'pnl_1u': 0.8, 'roi': 0.8, 'line': '-0.25', 'action': '网页可投（最新版冻结）', 'source': 'https://simondongxiao.github.io/odds/v3-legacy/'}, {'date': '2026-09-19', 'match': '布拉格斯拉维亚C队 vs 多马日利采', 'score': '0-2', 'selected_team': '布拉格斯拉维亚C队', 'settlement': '黑', 'water': 0.92, 'pnl_1u': -1.0, 'roi': -1.0, 'line': '-0.5', 'action': '网页可投（最新版冻结）', 'source': 'https://m.titan007.com/analy/Analysis/3009381.htm'}, {'date': '2026-09-19', 'match': '莫托勒 vs 毕那索', 'score': '1-1', 'selected_team': '莫托勒', 'settlement': '黑', 'water': 0.83, 'pnl_1u': -1.0, 'roi': -1.0, 'line': '0.75', 'action': '网页可投（最新版冻结）', 'source': 'https://m.titan007.com/analy/Analysis/3009379.htm'}, {'date': '2026-09-20', 'match': '布尔诺B队 vs 赫杜尼', 'score': '0-1', 'selected_team': '布尔诺B队', 'settlement': '黑', 'water': 0.84, 'pnl_1u': -1.0, 'roi': -1.0, 'line': '0.75', 'action': '网页可投（最新版冻结）', 'source': 'https://m.titan007.com/analy/Analysis/3043212.htm'}, {'date': '2026-09-20', 'match': '艾德米拉布拉格 vs 皮斯克', 'score': '4-1', 'selected_team': '皮斯克', 'settlement': '黑', 'water': 0.8, 'pnl_1u': -1.0, 'roi': -1.0, 'line': '-0.25', 'action': '网页可投（最新版冻结）', 'source': 'https://m.titan007.com/analy/Analysis/3009374.htm'}, {'date': '2026-09-20', 'match': '塔比历斯B队 vs 治鲁迪', 'score': '4-1', 'selected_team': '塔比历斯B队', 'settlement': '红', 'water': 0.8, 'pnl_1u': 0.8, 'roi': 0.8, 'line': '0.5', 'action': '网页可投（最新版冻结）', 'source': 'https://m.titan007.com/analy/Analysis/3009500.htm'}, {'date': '2026-09-25', 'match': '卡尔维纳B队 vs 利森B队', 'score': '2-2', 'selected_team': '利森B队', 'settlement': '黑', 'water': 0.8, 'pnl_1u': -1.0, 'roi': -1.0, 'line': '-1.25', 'action': '网页可投（最新版冻结）', 'source': 'https://simondongxiao.github.io/odds/v3-legacy/'}, {'date': '2026-09-25', 'match': '斯洛瓦科B队 vs 布尔诺B队', 'score': '0-1', 'selected_team': '布尔诺B队', 'settlement': '红', 'water': 0.84, 'pnl_1u': 0.84, 'roi': 0.84, 'line': '', 'action': '网页可投（最新版冻结）', 'source': 'https://simondongxiao.github.io/odds/v3-legacy/'}, {'date': '2026-09-25', 'match': '辛宁B队 vs 维特科维斯', 'score': '0-3', 'selected_team': '辛宁B队', 'settlement': '黑', 'water': 0.8, 'pnl_1u': -1.0, 'roi': -1.0, 'line': '0.25', 'action': '网页可投（最新版冻结）', 'source': 'https://simondongxiao.github.io/odds/v3-legacy/'}, {'date': '2026-09-26', 'match': '毕那索 vs 布拉格斯拉维亚C队', 'score': '0-2', 'selected_team': '毕那索', 'settlement': '黑', 'water': 0.84, 'pnl_1u': -1.0, 'roi': -1.0, 'line': '0.5', 'action': '网页可投（最新版冻结）', 'source': 'https://simondongxiao.github.io/odds/v3-legacy/'}, {'date': '2026-09-27', 'match': '波兰卡 vs 弗里德克', 'score': '1-0', 'selected_team': '波兰卡', 'settlement': '红', 'water': 0.96, 'pnl_1u': 0.96, 'roi': 0.96, 'line': '-1.25', 'action': '网页可投（最新版冻结）', 'source': 'https://simondongxiao.github.io/odds/v3-legacy/'}, {'date': '2026-10-02', 'match': '赫拉尼斯 vs 利森B队', 'score': '1-1', 'selected_team': '利森B队', 'settlement': '黑', 'water': 0.8, 'pnl_1u': -1.0, 'roi': -1.0, 'line': '0.75', 'action': '网页可投', 'source': 'D:\\codex\\v3_legacy\\outputs\\football_odds_trader\\raw\\titan007\\20261003\\20261003_092303_titan007_odds_snapshot.csv'}, {'date': '2026-10-04', 'match': '本纳特凯 vs 治鲁迪', 'score': '3-3', 'selected_team': '本纳特凯', 'settlement': '黑', 'water': 0.83, 'pnl_1u': 0.415, 'roi': 0.415, 'line': '1.25', 'action': '网页可投', 'source': 'D:\\codex\\v3_legacy\\outputs\\football_odds_trader\\raw\\titan007\\20261004\\20261004_135431_titan007_odds_snapshot.csv'}]"
V3,2026-10-09,3044406,塞浦甲,时间待核,波勒米迪奥 vs 奥莫尼亚,,,0,0,0,0,0,0,,,,0,,,list_date < 2026-10-09,[]
V3,2026-10-09,2948610,白俄超,时间待核,阿森纳捷尔任斯克 vs 布列斯特迪纳摩,,,0,0,0,0,0,0,,,,0,,,list_date < 2026-10-09,[]
V3,2026-10-09,2997532,克亚甲,时间待核,HNK哥里卡 vs 鲁达士,鲁达士,lower,6,1,0,0,1,4,0.18181818,-3.66,-0.61,6,,,list_date < 2026-10-09,"[{'date': '2026-09-05', 'match': '萨格勒布迪纳摩 vs HNK哥里卡', 'score': '1-0', 'selected_team': '萨格勒布迪纳摩', 'settlement': '黑', 'water': 0.93, 'pnl_1u': -1.0, 'roi': -1.0, 'line': '2.25', 'action': '网页可投', 'source': 'https://github.com/simondongxiao/odds/blob/main/ledger/yesterday_official_settlement_2026-09-05.csv'}, {'date': '2026-09-05', 'match': '里耶卡 vs 奥斯杰克', 'score': '4-1', 'selected_team': '里耶卡', 'settlement': '红', 'water': 0.84, 'pnl_1u': 0.84, 'roi': 0.84, 'line': '0.5', 'action': '网页可投', 'source': 'https://github.com/simondongxiao/odds/blob/main/ledger/yesterday_official_settlement_2026-09-05.csv'}, {'date': '2026-09-12', 'match': '奥斯杰克 vs 萨格勒布迪纳摩', 'score': '4-2', 'selected_team': '萨格勒布迪纳摩', 'settlement': '黑', 'water': 0.84, 'pnl_1u': -1.0, 'roi': -1.0, 'line': '-1.25', 'action': '网页可投', 'source': 'https://m.titan007.com/analy/Analysis/2997526.htm'}, {'date': '2026-09-12', 'match': '萨格勒布火车头 vs 里耶卡', 'score': '1-1', 'selected_team': '里耶卡', 'settlement': '黑', 'water': 0.85, 'pnl_1u': -1.0, 'roi': -1.0, 'line': '-1', 'action': '网页可投', 'source': 'https://m.titan007.com/analy/Analysis/2997525.htm'}, {'date': '2026-09-14', 'match': 'HNK哥里卡 vs 瓦拉日丁', 'score': '2-2', 'selected_team': '瓦拉日丁', 'settlement': '半黑', 'water': 0.82, 'pnl_1u': -0.5, 'roi': -0.5, 'line': '-0.25', 'action': '网页可投（最新版冻结）', 'source': 'https://m.titan007.com/analy/Analysis/2997522.htm'}, {'date': '2026-09-20', 'match': '萨格勒布迪纳摩 vs 萨格勒布火车头', 'score': '3-2', 'selected_team': '萨格勒布迪纳摩', 'settlement': '黑', 'water': 0.84, 'pnl_1u': -1.0, 'roi': -1.0, 'line': '2', 'action': '网页可投（最新版冻结）', 'source': 'https://m.titan007.com/analy/Analysis/2997527.htm'}]"
V3,2026-10-09,3099246,巴林超,时间待核,哈尔迪亚 vs 慕哈瑞克,,,0,0,0,0,0,0,,,,0,,,list_date < 2026-10-09,[]
V3,2026-10-09,3099247,巴林超,时间待核,玛基亚 vs 阿尔里法,,,0,0,0,0,0,0,,,,0,,,list_date < 2026-10-09,[]
V3,2026-10-09,3027038,波斯甲,时间待核,莫斯塔尔贝莱斯 vs 伯拉治,,,0,0,0,0,0,0,,,,0,,,list_date < 2026-10-09,[]
V3,2026-10-09,3098121,世女欧预,时间待核,阿尔巴尼亚女足 vs 威尔士女足,,,0,0,0,0,0,0,,,,0,,,list_date < 2026-10-09,[]
V3,2026-10-09,3098122,世女欧预,时间待核,科索沃女足 vs 奥地利女足,,,0,0,0,0,0,0,,,,0,,,list_date < 2026-10-09,[]
V3,2026-10-09,3098123,世女欧预,时间待核,斯洛伐克女足 vs 乌克兰女足,,,0,0,0,0,0,0,,,,0,,,list_date < 2026-10-09,[]
V3,2026-10-09,3098124,世女欧预,时间待核,土耳其女足 vs 斯洛文尼亚女足,,,0,0,0,0,0,0,,,,0,,,list_date < 2026-10-09,[]
V3,2026-10-09,3079943,西丁,时间待核,尤铁尔 vs 莱万特体育会,,,0,0,0,0,0,0,,,,0,,,list_date < 2026-10-09,[]
V3,2026-10-09,3100233,奥丁,时间待核,SV盖拉斯多夫结巴 vs 第一维也纳1894业余,,,0,0,0,0,0,0,,,,0,,,list_date < 2026-10-09,[]
V3,2026-10-09,3100237,奥丁,时间待核,维也纳利尼恩 vs 维瓦宾特,,,0,0,0,0,0,0,,,,0,,,list_date < 2026-10-09,[]
V3,2026-10-09,3098052,波兰丙,时间待核,托伦 vs 弗洛塔,,,0,0,0,0,0,0,,,,0,,,list_date < 2026-10-09,[]
V3,2026-10-09,3068154,克亚乙,时间待核,卡洛华克 vs 比耶洛波布尔多,无，不投,,3,2,0,0,0,1,0.66666667,0.72,0.24,3,,,list_date < 2026-10-09,"[{'date': '2026-09-02', 'match': '乌克瓦 vs 萨格勒布迪那摩B队', 'score': '2-6', 'selected_team': '萨格勒布迪那摩B队', 'settlement': '红', 'water': 0.94, 'pnl_1u': 0.94, 'roi': 0.94, 'line': '0.5', 'action': '网页可投', 'source': 'https://simondongxiao.github.io/odds/'}, {'date': '2026-09-02', 'match': '乔登普罗克 vs 杜布拉瓦', 'score': '1-1', 'selected_team': '乔登普罗克', 'settlement': '黑', 'water': 0.78, 'pnl_1u': -1.0, 'roi': -1.0, 'line': '0.75', 'action': '网页可投', 'source': 'https://simondongxiao.github.io/odds/'}, {'date': '2026-09-02', 'match': '扎达拉洛维 vs 雷迪塞瓦特', 'score': '1-0', 'selected_team': '扎达拉洛维', 'settlement': '红', 'water': 0.78, 'pnl_1u': 0.78, 'roi': 0.78, 'line': '0.25', 'action': '网页可投', 'source': 'https://simondongxiao.github.io/odds/'}]"
V3,2026-10-09,3064194,坦桑超,时间待核,多多玛吉吉FC vs 辛吉达黑星,,,0,0,0,0,0,0,,,,0,,,list_date < 2026-10-09,[]
V3,2026-10-09,3099268,科索沃超,时间待核,德利塔 vs 马利舍瓦,,,0,0,0,0,0,0,,,,0,,,list_date < 2026-10-09,[]
V3,2026-10-09,3098096,国际友谊,时间待核,爱沙尼亚女足 vs 捷克女足U23,,,0,0,0,0,0,0,,,,0,,,list_date < 2026-10-09,[]
V3,2026-10-09,3098038,女奥非预,时间待核,马达加斯加女足 vs 南非女足,,,0,0,0,0,0,0,,,,0,,,list_date < 2026-10-09,[]
V3,2026-10-09,2952591,俄青联,时间待核,莫斯科迪纳摩青年队 vs 莫斯科罗迪纳青年队,,,0,0,0,0,0,0,,,,0,,,list_date < 2026-10-09,[]
V3,2026-10-09,3067451,波斯丙,时间待核,波特科扎尔杰 vs 史拉维加,,,0,0,0,0,0,0,,,,0,,,list_date < 2026-10-09,[]
V3,2026-10-09,3098120,世女欧预,时间待核,立陶宛女足 vs 瑞典女足,,,0,0,0,0,0,0,,,,0,,,list_date < 2026-10-09,[]
V3,2026-10-09,3098125,世女欧预,时间待核,白俄罗斯女足 vs 意大利女足,,,0,0,0,0,0,0,,,,0,,,list_date < 2026-10-09,[]
V3,2026-10-09,2967724,挪丙,时间待核,禾德 vs 斯帕杰卡维克,,,0,0,0,0,0,0,,,,0,,,list_date < 2026-10-09,[]
V3,2026-10-09,3019147,德乙,时间待核,布伦瑞克 vs 荷尔斯泰因,荷尔斯泰因,upper,9,3,1,1,2,2,0.53846154,0.1,0.01111111,9,,,list_date < 2026-10-09,"[{'date': '2026-09-04', 'match': '汉诺威96 vs 卡尔斯鲁厄', 'score': '2-2', 'selected_team': '汉诺威96', 'settlement': '黑', 'water': 0.86, 'pnl_1u': -1.0, 'roi': -1.0, 'line': '1.25', 'action': '网页可投', 'source': 'https://simondongxiao.github.io/odds/'}, {'date': '2026-09-05', 'match': '沃尔夫斯堡 vs 科特布斯', 'score': '4-4', 'selected_team': '沃尔夫斯堡', 'settlement': '黑', 'water': 0.82, 'pnl_1u': -1.0, 'roi': -1.0, 'line': '1.25', 'action': '网页半仓可投', 'source': 'https://github.com/simondongxiao/odds/blob/main/ledger/yesterday_official_settlement_2026-09-05.csv'}, {'date': '2026-09-12', 'match': '布伦瑞克 vs 德累斯顿', 'score': '2-2', 'selected_team': '德累斯顿', 'settlement': '走', 'water': 0.82, 'pnl_1u': 0.0, 'roi': 0.0, 'line': '', 'action': '网页可投', 'source': 'https://m.titan007.com/analy/Analysis/3019129.htm'}, {'date': '2026-09-13', 'match': '奥斯纳布鲁克 vs 柏林赫塔', 'score': '1-3', 'selected_team': '柏林赫塔', 'settlement': '红', 'water': 0.83, 'pnl_1u': 0.83, 'roi': 0.83, 'line': '-0.25', 'action': '网页可投', 'source': 'https://m.titan007.com/analy/Analysis/3019136.htm'}, {'date': '2026-09-13', 'match': '海登海姆 vs 荷尔斯泰因', 'score': '1-0', 'selected_team': '海登海姆', 'settlement': '红', 'water': 0.94, 'pnl_1u': 0.94, 'roi': 0.94, 'line': '0.25', 'action': '网页可投', 'source': 'https://m.titan007.com/analy/Analysis/3019131.htm'}, {'date': '2026-09-18', 'match': '沃尔夫斯堡 vs 达姆施塔特', 'score': '5-1', 'selected_team': '沃尔夫斯堡', 'settlement': '红', 'water': 0.82, 'pnl_1u': 0.82, 'roi': 0.82, 'line': '1', 'action': '网页可投（最新版冻结）', 'source': 'https://m.titan007.com/analy/Analysis/3019145.htm'}, {'date': '2026-09-18', 'match': '菲尔特 vs 马格德堡', 'score': '1-1', 'selected_team': '马格德堡', 'settlement': '半黑', 'water': 1.02, 'pnl_1u': -0.5, 'roi': -0.5, 'line': '-0.25', 'action': '网页可投（最新版冻结）', 'source': 'https://m.titan007.com/analy/Analysis/3019139.htm'}, {'date': '2026-09-20', 'match': '比勒菲尔德 vs 海登海姆', 'score': '2-2', 'selected_team': '比勒菲尔德', 'settlement': '半黑', 'water': 0.92, 'pnl_1u': -0.5, 'roi': -0.5, 'line': '0.25', 'action': '网页可投（最新版冻结）', 'source': 'https://m.titan007.com/analy/Analysis/3019137.htm'}, {'date': '2026-09-20', 'match': '科特布斯 vs 圣保利', 'score': '1-1', 'selected_team': '科特布斯', 'settlement': '半红', 'water': 1.02, 'pnl_1u': 0.51, 'roi': 0.51, 'line': '-0.25', 'action': '网页可投（最新版冻结）', 'source': 'https://m.titan007.com/analy/Analysis/3019138.htm'}]"
V3,2026-10-09,3019149,德乙,时间待核,海登海姆 vs 凯泽斯劳滕,无，不投,,9,3,1,1,2,2,0.53846154,0.1,0.01111111,9,,,list_date < 2026-10-09,"[{'date': '2026-09-04', 'match': '汉诺威96 vs 卡尔斯鲁厄', 'score': '2-2', 'selected_team': '汉诺威96', 'settlement': '黑', 'water': 0.86, 'pnl_1u': -1.0, 'roi': -1.0, 'line': '1.25', 'action': '网页可投', 'source': 'https://simondongxiao.github.io/odds/'}, {'date': '2026-09-05', 'match': '沃尔夫斯堡 vs 科特布斯', 'score': '4-4', 'selected_team': '沃尔夫斯堡', 'settlement': '黑', 'water': 0.82, 'pnl_1u': -1.0, 'roi': -1.0, 'line': '1.25', 'action': '网页半仓可投', 'source': 'https://github.com/simondongxiao/odds/blob/main/ledger/yesterday_official_settlement_2026-09-05.csv'}, {'date': '2026-09-12', 'match': '布伦瑞克 vs 德累斯顿', 'score': '2-2', 'selected_team': '德累斯顿', 'settlement': '走', 'water': 0.82, 'pnl_1u': 0.0, 'roi': 0.0, 'line': '', 'action': '网页可投', 'source': 'https://m.titan007.com/analy/Analysis/3019129.htm'}, {'date': '2026-09-13', 'match': '奥斯纳布鲁克 vs 柏林赫塔', 'score': '1-3', 'selected_team': '柏林赫塔', 'settlement': '红', 'water': 0.83, 'pnl_1u': 0.83, 'roi': 0.83, 'line': '-0.25', 'action': '网页可投', 'source': 'https://m.titan007.com/analy/Analysis/3019136.htm'}, {'date': '2026-09-13', 'match': '海登海姆 vs 荷尔斯泰因', 'score': '1-0', 'selected_team': '海登海姆', 'settlement': '红', 'water': 0.94, 'pnl_1u': 0.94, 'roi': 0.94, 'line': '0.25', 'action': '网页可投', 'source': 'https://m.titan007.com/analy/Analysis/3019131.htm'}, {'date': '2026-09-18', 'match': '沃尔夫斯堡 vs 达姆施塔特', 'score': '5-1', 'selected_team': '沃尔夫斯堡', 'settlement': '红', 'water': 0.82, 'pnl_1u': 0.82, 'roi': 0.82, 'line': '1', 'action': '网页可投（最新版冻结）', 'source': 'https://m.titan007.com/analy/Analysis/3019145.htm'}, {'date': '2026-09-18', 'match': '菲尔特 vs 马格德堡', 'score': '1-1', 'selected_team': '马格德堡', 'settlement': '半黑', 'water': 1.02, 'pnl_1u': -0.5, 'roi': -0.5, 'line': '-0.25', 'action': '网页可投（最新版冻结）', 'source': 'https://m.titan007.com/analy/Analysis/3019139.htm'}, {'date': '2026-09-20', 'match': '比勒菲尔德 vs 海登海姆', 'score': '2-2', 'selected_team': '比勒菲尔德', 'settlement': '半黑', 'water': 0.92, 'pnl_1u': -0.5, 'roi': -0.5, 'line': '0.25', 'action': '网页可投（最新版冻结）', 'source': 'https://m.titan007.com/analy/Analysis/3019137.htm'}, {'date': '2026-09-20', 'match': '科特布斯 vs 圣保利', 'score': '1-1', 'selected_team': '科特布斯', 'settlement': '半红', 'water': 1.02, 'pnl_1u': 0.51, 'roi': 0.51, 'line': '-0.25', 'action': '网页可投（最新版冻结）', 'source': 'https://m.titan007.com/analy/Analysis/3019138.htm'}]"
V3,2026-10-09,3012310,俄超,时间待核,罗斯托夫 vs 阿克伦陶里亚蒂,无，不投,,7,2,1,0,1,3,0.41666667,-1.305,-0.18642857,7,,,list_date < 2026-10-09,"[{'date': '2026-09-05', 'match': '圣彼得堡泽尼特 vs 莫斯科中央陆军', 'score': '1-2', 'selected_team': '圣彼得堡泽尼特', 'settlement': '黑', 'water': 0.98, 'pnl_1u': -1.0, 'roi': -1.0, 'line': '1', 'action': '网页可投', 'source': 'https://github.com/simondongxiao/odds/blob/main/ledger/yesterday_official_settlement_2026-09-05.csv'}, {'date': '2026-09-13', 'match': '格罗兹尼特里克 vs 马哈奇卡拉', 'score': '3-2', 'selected_team': '马哈奇卡拉', 'settlement': '黑', 'water': 1.02, 'pnl_1u': -1.0, 'roi': -1.0, 'line': '0.25', 'action': '网页可投', 'source': 'https://m.titan007.com/analy/Analysis/3012291.htm'}, {'date': '2026-09-13', 'match': '莫斯科斯巴达 vs 罗斯托夫', 'score': '3-0', 'selected_team': '莫斯科斯巴达', 'settlement': '红', 'water': 0.83, 'pnl_1u': 0.83, 'roi': 0.83, 'line': '0.75', 'action': '网页可投', 'source': 'https://m.titan007.com/analy/Analysis/3012297.htm'}, {'date': '2026-09-16', 'match': '罗迪纳莫斯科 vs 喀山红宝石', 'score': '1-1', 'selected_team': '喀山红宝石', 'settlement': '半黑', 'water': 0.83, 'pnl_1u': -0.5, 'roi': -0.5, 'line': '-0.25', 'action': '网页可投（最新版冻结）', 'source': 'https://simondongxiao.github.io/odds/v3-legacy/'}, {'date': '2026-09-16', 'match': '莫斯科斯巴达 vs 沃罗涅日火炬', 'score': '1-0', 'selected_team': '沃罗涅日火炬', 'settlement': '半红', 'water': 1.07, 'pnl_1u': 0.535, 'roi': 0.535, 'line': '1.25', 'action': '网页可投（最新版冻结）', 'source': 'https://simondongxiao.github.io/odds/v3-legacy/'}, {'date': '2026-09-17', 'match': '奥伦堡加索维克 vs 克拉斯诺达尔', 'score': '0-0', 'selected_team': '克拉斯诺达尔', 'settlement': '黑', 'water': 0.83, 'pnl_1u': -1.0, 'roi': -1.0, 'line': '-0.75', 'action': '网页可投（最新版冻结）', 'source': 'https://ofstats.com/matches/view/orenburg-krasnodar-2026-09-17'}, {'date': '2026-09-17', 'match': '罗斯托夫 vs 莫斯科迪纳摩', 'score': '0-3', 'selected_team': '莫斯科迪纳摩', 'settlement': '红', 'water': 0.83, 'pnl_1u': 0.83, 'roi': 0.83, 'line': '-0.25', 'action': '网页可投（最新版冻结）', 'source': 'https://es.fcdynamo.ru/fixtures/detail/2026-2027-rossiiskaia-premer-liga-6750/'}]"
V3,2026-10-09,3017914,奥乙,时间待核,阿姆斯特顿 vs BW林茨,,,0,0,0,0,0,0,,,,0,,,list_date < 2026-10-09,[]
V3,2026-10-09,3017918,奥乙,时间待核,卡芬堡 vs 奥地利维也纳青年队,,,0,0,0,0,0,0,,,,0,,,list_date < 2026-10-09,[]
V3,2026-10-09,3021997,俄甲,时间待核,图拉兵工厂 vs 科斯特罗马斯巴达,图拉兵工厂,upper,6,2,1,1,0,2,0.55555556,0.33,0.055,6,,,list_date < 2026-10-09,"[{'date': '2026-09-05', 'match': '索契 vs 下诺夫哥罗德', 'score': '0-1', 'selected_team': '索契', 'settlement': '黑', 'water': 0.82, 'pnl_1u': -1.0, 'roi': -1.0, 'line': '', 'action': '网页可投', 'source': 'https://github.com/simondongxiao/odds/blob/main/ledger/yesterday_official_settlement_2026-09-05.csv'}, {'date': '2026-09-13', 'match': '乌法 vs 乌里扬诺夫斯克伏尔加', 'score': '2-2', 'selected_team': '乌法', 'settlement': '走', 'water': 0.8, 'pnl_1u': 0.0, 'roi': 0.0, 'line': '', 'action': '网页可投', 'source': 'https://m.titan007.com/analy/Analysis/3021985.htm'}, {'date': '2026-09-14', 'match': '辛历克 vs 乌拉尔', 'score': '1-1', 'selected_team': '辛历克', 'settlement': '半红', 'water': 0.98, 'pnl_1u': 0.49, 'roi': 0.49, 'line': '-0.25', 'action': '网页可投（最新版冻结）', 'source': 'https://m.titan007.com/analy/Analysis/3022064.htm'}, {'date': '2026-09-14', 'match': '韦莱斯 vs 索契', 'score': '1-2', 'selected_team': '韦莱斯', 'settlement': '黑', 'water': 1.02, 'pnl_1u': -1.0, 'roi': -1.0, 'line': '-0.25', 'action': '网页可投（最新版冻结）', 'source': 'https://m.titan007.com/analy/Analysis/3021987.htm'}, {'date': '2026-09-18', 'match': '切里宾斯克 vs 乌法', 'score': '2-1', 'selected_team': '切里宾斯克', 'settlement': '红', 'water': 0.81, 'pnl_1u': 0.81, 'roi': 0.81, 'line': '0.25', 'action': '网页可投（最新版冻结）', 'source': 'https://m.titan007.com/analy/Analysis/3021988.htm'}, {'date': '2026-09-27', 'match': '辛历克 vs SKA哈巴罗夫斯克', 'score': '0-0', 'selected_team': 'SKA哈巴罗夫斯克', 'settlement': '红', 'water': 1.03, 'pnl_1u': 1.03, 'roi': 1.03, 'line': '0.75', 'action': '网页可投（最新版冻结）', 'source': 'https://simondongxiao.github.io/odds/v3-legacy/'}]"
V3,2026-10-09,3098463,约超联,时间待核,亚吉拉安曼 vs 安曼团结,,,0,0,0,0,0,0,,,,0,,,list_date < 2026-10-09,[]
V3,2026-10-09,3100405,沙滩足,时间待核,巴拉圭沙滩足球队 vs 西班牙沙滩足球队,,,0,0,0,0,0,0,,,,0,,,list_date < 2026-10-09,[]
V3,2026-10-09,3098126,世女欧预,时间待核,希腊女足 vs 英格兰女足,,,0,0,0,0,0,0,,,,0,,,list_date < 2026-10-09,[]
V3,2026-10-09,3081647,尼日超,时间待核,卡齐纳联 vs 安耶巴,,,0,0,0,0,0,0,,,,0,,,list_date < 2026-10-09,[]
V3,2026-10-09,3079942,西丁,时间待核,维拉利尔C队 vs CD布诺尔,,,0,0,0,0,0,0,,,,0,,,list_date < 2026-10-09,[]
V3,2026-10-09,3098075,德戊,时间待核,比林古马 vs 云达不莱梅C队,,,0,0,0,0,0,0,,,,0,,,list_date < 2026-10-09,[]
V3,2026-10-09,2941114,爱沙乙,时间待核,威克伊勒特 vs 爱尔华,,,0,0,0,0,0,0,,,,0,,,list_date < 2026-10-09,[]
V3,2026-10-09,3100235,奥丁,时间待核,施特拉施华尔臣 vs USV伯恩多夫1960,,,0,0,0,0,0,0,,,,0,,,list_date < 2026-10-09,[]
V3,2026-10-09,3100357,波兰丙,时间待核,维尔兹比策 vs 波洛尼亚斯罗达斯拉斯卡,,,0,0,0,0,0,0,,,,0,,,list_date < 2026-10-09,[]
V3,2026-10-09,3098054,波兰丙,时间待核,MKS李曼欧 vs 斯亚卡,,,0,0,0,0,0,0,,,,0,,,list_date < 2026-10-09,[]
V3,2026-10-09,3098081,丹麦丁,时间待核,韦加尔 vs 霍尔斯特布罗B队,,,0,0,0,0,0,0,,,,0,,,list_date < 2026-10-09,[]
V3,2026-10-09,3056761,阿尔甲,时间待核,卡比利亚 vs 克莱夫,,,0,0,0,0,0,0,,,,0,,,list_date < 2026-10-09,[]
V3,2026-10-09,3098128,世女欧预,时间待核,克罗地亚女足 vs 冰岛女足,,,0,0,0,0,0,0,,,,0,,,list_date < 2026-10-09,[]
V3,2026-10-09,3071922,伊拉联,时间待核,纳弗特 vs 迪亚拉,迪亚拉,lower,3,1,0,0,1,1,0.4,-0.7,-0.23333333,3,,,list_date < 2026-10-09,"[{'date': '2026-10-07', 'match': '摩苏尔足球俱乐部 vs 巴格达空军', 'score': '0-3', 'selected_team': '巴格达空军', 'settlement': '红', 'water': 0.8, 'pnl_1u': 0.8, 'roi': 0.8, 'line': '-0.25', 'action': '可投；通过：综合胜率59.2%>=阈值57.6%；风控状态A-正常态', 'source': 'D:\\codex\\v3_legacy\\outputs\\football_odds_trader\\raw\\titan007\\20261007\\20261007_083450_titan007_odds_snapshot.csv'}, {'date': '2026-10-08', 'match': '塔拉巴 vs 巴格达警察', 'score': '0-0', 'selected_team': '巴格达警察', 'settlement': '半黑', 'water': 0.78, 'pnl_1u': -0.5, 'roi': -0.5, 'line': '-0.25', 'action': '可投；通过：综合胜率59.2%>=阈值58.2%；风控状态A-正常态', 'source': 'D:\\codex\\v3_legacy\\outputs\\football_odds_trader\\raw\\titan007\\20261008\\20261008_074021_titan007_odds_snapshot.csv'}, {'date': '2026-10-08', 'match': '杜赫克 vs 扎瓦拉', 'score': '3-0', 'selected_team': '扎瓦拉', 'settlement': '黑', 'water': 0.83, 'pnl_1u': -1.0, 'roi': -1.0, 'line': '-0.25', 'action': '可投；通过：综合胜率59.2%>=阈值56.6%；风控状态A-正常态', 'source': 'D:\\codex\\v3_legacy\\outputs\\football_odds_trader\\raw\\titan007\\20261008\\20261008_074021_titan007_odds_snapshot.csv'}]"
V3,2026-10-09,2912908,挪超,时间待核,布兰 vs 维京,无，不投,,6,3,0,1,0,2,0.6,0.57,0.095,6,,,list_date < 2026-10-09,"[{'date': '2026-09-04', 'match': '腓特烈斯塔 vs 博德闪耀', 'score': '1-2', 'selected_team': '博德闪耀', 'settlement': '黑', 'water': 0.94, 'pnl_1u': -1.0, 'roi': -1.0, 'line': '-1.5', 'action': '网页可投', 'source': 'https://simondongxiao.github.io/odds/'}, {'date': '2026-09-04', 'match': '桑德菲杰 vs 维京', 'score': '1-1', 'selected_team': '维京', 'settlement': '黑', 'water': 0.85, 'pnl_1u': -1.0, 'roi': -1.0, 'line': '-0.75', 'action': '网页可投', 'source': 'https://simondongxiao.github.io/odds/'}, {'date': '2026-09-05', 'match': '罗森博格 vs 汉坎', 'score': '4-0', 'selected_team': '罗森博格', 'settlement': '红', 'water': 0.83, 'pnl_1u': 0.83, 'roi': 0.83, 'line': '1.5', 'action': '网页可投', 'source': 'https://github.com/simondongxiao/odds/blob/main/ledger/yesterday_official_settlement_2026-09-05.csv'}, {'date': '2026-09-13', 'match': '腓特烈斯塔 vs 萨普斯堡', 'score': '1-1', 'selected_team': '腓特烈斯塔', 'settlement': '走', 'water': 0.83, 'pnl_1u': 0.0, 'roi': 0.0, 'line': '', 'action': '网页可投', 'source': 'https://m.titan007.com/analy/Analysis/2912891.htm'}, {'date': '2026-09-20', 'match': '瓦勒伦加 vs 腓特烈斯塔', 'score': '1-1', 'selected_team': '腓特烈斯塔', 'settlement': '红', 'water': 0.9, 'pnl_1u': 0.9, 'roi': 0.9, 'line': '0.5', 'action': '网页可投（最新版冻结）', 'source': 'https://m.titan007.com/analy/Analysis/2912904.htm'}, {'date': '2026-09-20', 'match': '维京 vs 利勒斯特罗姆', 'score': '3-0', 'selected_team': '维京', 'settlement': '红', 'water': 0.84, 'pnl_1u': 0.84, 'roi': 0.84, 'line': '1.5', 'action': '网页可投（最新版冻结）', 'source': 'https://m.titan007.com/analy/Analysis/2912905.htm'}]"
V3,2026-10-09,2912286,瑞典超,时间待核,哥德堡 vs 瓦斯特拉斯,无，不投,,4,2,0,0,0,2,0.5,-0.29,-0.0725,4,,,list_date < 2026-10-09,"[{'date': '2026-09-03', 'match': '米亚尔比 vs 尤尔加登', 'score': '0-2', 'selected_team': '尤尔加登', 'settlement': '红', 'water': 0.87, 'pnl_1u': 0.87, 'roi': 0.87, 'line': '-0.75', 'action': '网页可投', 'source': 'https://simondongxiao.github.io/odds/'}, {'date': '2026-09-05', 'match': '瓦斯特拉斯 vs 天狼星', 'score': '0-1', 'selected_team': '瓦斯特拉斯', 'settlement': '黑', 'water': 1.03, 'pnl_1u': -1.0, 'roi': -1.0, 'line': '-0.5', 'action': '网页可投', 'source': 'https://github.com/simondongxiao/odds/blob/main/ledger/yesterday_official_settlement_2026-09-05.csv'}, {'date': '2026-09-13', 'match': '埃尔夫斯堡 vs 卡尔马', 'score': '1-0', 'selected_team': '埃尔夫斯堡', 'settlement': '红', 'water': 0.84, 'pnl_1u': 0.84, 'roi': 0.84, 'line': '0.5', 'action': '网页可投', 'source': 'https://m.titan007.com/analy/Analysis/2912269.htm'}, {'date': '2026-09-20', 'match': '哈尔姆斯塔德 vs 索尔纳', 'score': '2-1', 'selected_team': '索尔纳', 'settlement': '黑', 'water': 0.84, 'pnl_1u': -1.0, 'roi': -1.0, 'line': '-0.25', 'action': '网页可投（最新版冻结）', 'source': 'https://m.titan007.com/analy/Analysis/2912278.htm'}]"
V3,2026-10-09,3026745,土超,时间待核,加拉塔萨雷 vs 卡斯帕萨,无，不投,,3,3,0,0,0,0,1.0,2.73,0.91,3,,,list_date < 2026-10-09,"[{'date': '2026-09-13', 'match': '加拉塔萨雷 vs 科贾埃利体育', 'score': '1-0', 'selected_team': '科贾埃利体育', 'settlement': '红', 'water': 0.95, 'pnl_1u': 0.95, 'roi': 0.95, 'line': '1.5', 'action': '网页可投', 'source': 'https://m.titan007.com/analy/Analysis/3026728.htm'}, {'date': '2026-09-20', 'match': '费内巴切 vs 埃于普体育', 'score': '8-0', 'selected_team': '费内巴切', 'settlement': '红', 'water': 0.81, 'pnl_1u': 0.81, 'roi': 0.81, 'line': '2', 'action': '网页可投（最新版冻结）', 'source': 'https://m.titan007.com/analy/Analysis/3026737.htm'}, {'date': '2026-09-20', 'match': '阿美德 vs 贝西克塔斯', 'score': '3-2', 'selected_team': '阿美德', 'settlement': '红', 'water': 0.97, 'pnl_1u': 0.97, 'roi': 0.97, 'line': '-0.5', 'action': '网页可投（最新版冻结）', 'source': 'https://m.titan007.com/analy/Analysis/3026733.htm'}]"
V3,2026-10-09,3023796,葡甲,时间待核,佩纳菲尔 vs AVS俱乐部,无，不投,,1,1,0,0,0,0,1.0,0.8,0.8,1,,,list_date < 2026-10-09,"[{'date': '2026-09-13', 'match': '查维斯 vs 费伦斯', 'score': '1-0', 'selected_team': '查维斯', 'settlement': '红', 'water': 0.8, 'pnl_1u': 0.8, 'roi': 0.8, 'line': '0.25', 'action': '网页可投', 'source': 'https://m.titan007.com/analy/Analysis/3023785.htm'}]"
V3,2026-10-09,3026072,德丙,时间待核,普鲁士明斯特 vs 埃森,普鲁士明斯特,lower,10,5,1,1,1,2,0.6875,2.205,0.2205,10,,高：历史有效胜率>55%,list_date < 2026-10-09,"[{'date': '2026-09-05', 'match': '普鲁士明斯特 vs 哈韦尔斯', 'score': '2-1', 'selected_team': '普鲁士明斯特', 'settlement': '半红', 'water': 0.81, 'pnl_1u': 0.405, 'roi': 0.405, 'line': '0.75', 'action': '网页半仓可投', 'source': 'https://github.com/simondongxiao/odds/blob/main/ledger/yesterday_official_settlement_2026-09-05.csv'}, {'date': '2026-09-05', 'match': '梅彭 vs 萨尔布吕肯', 'score': '1-6', 'selected_team': '萨尔布吕肯', 'settlement': '红', 'water': 1.03, 'pnl_1u': 1.03, 'roi': 1.03, 'line': '', 'action': '网页半仓可投', 'source': 'https://github.com/simondongxiao/odds/blob/main/ledger/yesterday_official_settlement_2026-09-05.csv'}, {'date': '2026-09-05', 'match': '罗斯托克 vs 韦恩', 'score': '1-1', 'selected_team': '罗斯托克', 'settlement': '黑', 'water': 1.02, 'pnl_1u': -1.0, 'roi': -1.0, 'line': '1', 'action': '网页半仓可投', 'source': 'https://github.com/simondongxiao/odds/blob/main/ledger/yesterday_official_settlement_2026-09-05.csv'}, {'date': '2026-09-05', 'match': '雷根斯堡 vs 杜伊斯堡', 'score': '1-2', 'selected_team': '杜伊斯堡', 'settlement': '红', 'water': 0.8, 'pnl_1u': 0.8, 'roi': 0.8, 'line': '-0.5', 'action': '网页半仓可投', 'source': 'https://github.com/simondongxiao/odds/blob/main/ledger/yesterday_official_settlement_2026-09-05.csv'}, {'date': '2026-09-05', 'match': '埃森 vs 科隆胜利', 'score': '1-0', 'selected_team': '埃森', 'settlement': '红', 'water': 0.84, 'pnl_1u': 0.84, 'roi': 0.84, 'line': '0.5', 'action': '网页半仓可投', 'source': 'https://github.com/simondongxiao/odds/blob/main/ledger/yesterday_official_settlement_2026-09-05.csv'}, {'date': '2026-09-13', 'match': '韦恩 vs 曼海姆', 'score': '0-1', 'selected_team': '韦恩', 'settlement': '黑', 'water': 0.79, 'pnl_1u': -1.0, 'roi': -1.0, 'line': '', 'action': '网页可投', 'source': 'https://m.titan007.com/analy/Analysis/3026044.htm'}, {'date': '2026-09-13', 'match': '霍芬海姆业馀队 vs 幸运科隆', 'score': '2-2', 'selected_team': '霍芬海姆业馀队', 'settlement': '半黑', 'water': 0.81, 'pnl_1u': -0.5, 'roi': -0.5, 'line': '0.25', 'action': '网页可投', 'source': 'https://m.titan007.com/analy/Analysis/3026037.htm'}, {'date': '2026-09-16', 'match': '普鲁士明斯特 vs 萨尔布吕肯', 'score': '3-3', 'selected_team': '萨尔布吕肯', 'settlement': '走', 'water': 0.81, 'pnl_1u': 0.0, 'roi': 0.0, 'line': '', 'action': '网页可投（最新版冻结）', 'source': 'https://simondongxiao.github.io/odds/v3-legacy/'}, {'date': '2026-09-18', 'match': 'SC维尔 vs 维尔茨堡踢球者', 'score': '2-1', 'selected_team': 'SC维尔', 'settlement': '红', 'water': 0.79, 'pnl_1u': 0.79, 'roi': 0.79, 'line': '0.25', 'action': '网页可投（最新版冻结）', 'source': 'https://m.titan007.com/analy/Analysis/3026062.htm'}, {'date': '2026-09-19', 'match': '萨尔布吕肯 vs 格罗巴斯帕奇', 'score': '2-1', 'selected_team': '萨尔布吕肯', 'settlement': '红', 'water': 0.84, 'pnl_1u': 0.84, 'roi': 0.84, 'line': '0.5', 'action': '网页可投（最新版冻结）', 'source': 'https://m.titan007.com/analy/Analysis/3026059.htm'}]"
V3,2026-10-09,3027202,德地区巴,时间待核,拜仁慕尼黑青年队 vs 翁特哈兴,,,0,0,0,0,0,0,,,,0,,,list_date < 2026-10-09,[]
V3,2026-10-09,3027208,德地区巴,时间待核,舒云霍特 vs 埃特斯多夫,,,0,0,0,0,0,0,,,,0,,,list_date < 2026-10-09,[]
V3,2026-10-09,3031573,德地区南,时间待核,奥芬巴查 vs 侯姆堡,,,0,0,0,0,0,0,,,,0,,,list_date < 2026-10-09,[]
V3,2026-10-09,3043414,德地区北,时间待核,云达不莱梅业余队 vs SV阿特拉斯代,,,0,0,0,0,0,0,,,,0,,,list_date < 2026-10-09,[]
V3,2026-10-09,3026481,德地区东北,时间待核,艾尔格里尼克 vs 柏林迪纳摩,,,0,0,0,0,0,0,,,,0,,,list_date < 2026-10-09,[]
V3,2026-10-09,3026484,德地区东北,时间待核,BSG化学莱比锡 vs 路肯瓦德,,,0,0,0,0,0,0,,,,0,,,list_date < 2026-10-09,[]
V3,2026-10-09,3026489,德地区东北,时间待核,茨维考FC vs SV塔斯马尼亚柏林,,,0,0,0,0,0,0,,,,0,,,list_date < 2026-10-09,[]
V3,2026-10-09,2920179,瑞典乙北,时间待核,索伦蒂纳联 vs 斯托克松德,,,0,0,0,0,0,0,,,,0,,,list_date < 2026-10-09,[]
V3,2026-10-09,3037804,卡塔尔联,时间待核,萨德 vs 阿拉比SC,萨德,upper,4,2,0,1,0,1,0.66666667,0.98,0.245,4,,,list_date < 2026-10-09,"[{'date': '2026-09-03', 'match': '多哈国民 vs 卡塔尔体育', 'score': '1-0', 'selected_team': '多哈国民', 'settlement': '红', 'water': 0.99, 'pnl_1u': 0.99, 'roi': 0.99, 'line': '0.25', 'action': '网页可投', 'source': 'https://simondongxiao.github.io/odds/'}, {'date': '2026-09-04', 'match': '艾沙姆 vs 艾沙哈尼亚', 'score': '4-2', 'selected_team': '艾沙姆', 'settlement': '红', 'water': 0.99, 'pnl_1u': 0.99, 'roi': 0.99, 'line': '0.75', 'action': '网页可投', 'source': 'https://simondongxiao.github.io/odds/'}, {'date': '2026-09-04', 'match': '鲁赛尔城 vs 威柯拉', 'score': '4-0', 'selected_team': '威柯拉', 'settlement': '黑', 'water': 1.03, 'pnl_1u': -1.0, 'roi': -1.0, 'line': '-0.75', 'action': '网页可投', 'source': 'https://simondongxiao.github.io/odds/'}, {'date': '2026-09-05', 'match': '赖扬 vs 杜海勒', 'score': '1-1', 'selected_team': '赖扬', 'settlement': '走', 'water': 0.8, 'pnl_1u': 0.0, 'roi': 0.0, 'line': '', 'action': '网页可投', 'source': 'https://github.com/simondongxiao/odds/blob/main/ledger/yesterday_official_settlement_2026-09-05.csv'}]"
V3,2026-10-09,2998257,丹麦超,时间待核,北西兰 vs 欧登塞,欧登塞,lower,5,3,0,0,0,2,0.6,0.65,0.13,5,,,list_date < 2026-10-09,"[{'date': '2026-09-05', 'match': '奥胡斯 vs 锡尔克堡', 'score': '2-2', 'selected_team': '奥胡斯', 'settlement': '黑', 'water': 0.84, 'pnl_1u': -1.0, 'roi': -1.0, 'line': '1', 'action': '网页可投', 'source': 'https://github.com/simondongxiao/odds/blob/main/ledger/yesterday_official_settlement_2026-09-05.csv'}, {'date': '2026-09-13', 'match': '锡尔克堡 vs 维堡', 'score': '1-1', 'selected_team': '锡尔克堡', 'settlement': '红', 'water': 0.92, 'pnl_1u': 0.92, 'roi': 0.92, 'line': '-0.5', 'action': '网页可投', 'source': 'https://m.titan007.com/analy/Analysis/2998247.htm'}, {'date': '2026-09-13', 'match': '兰讷斯 vs 欧登塞', 'score': '1-2', 'selected_team': '兰讷斯', 'settlement': '黑', 'water': 0.84, 'pnl_1u': -1.0, 'roi': -1.0, 'line': '0.25', 'action': '网页可投', 'source': 'https://m.titan007.com/analy/Analysis/2998246.htm'}, {'date': '2026-09-13', 'match': '北西兰 vs 奥胡斯', 'score': '2-0', 'selected_team': '北西兰', 'settlement': '红', 'water': 0.82, 'pnl_1u': 0.82, 'roi': 0.82, 'line': '0.5', 'action': '网页可投', 'source': 'https://m.titan007.com/analy/Analysis/2998245.htm'}, {'date': '2026-09-18', 'match': '利恩比 vs 锡尔克堡', 'score': '0-4', 'selected_team': '锡尔克堡', 'settlement': '红', 'water': 0.91, 'pnl_1u': 0.91, 'roi': 0.91, 'line': '0.5', 'action': '网页可投（最新版冻结）', 'source': 'https://m.titan007.com/analy/Analysis/2998250.htm'}]"
V3,2026-10-09,2998122,丹麦甲,时间待核,AB格莱萨克瑟 vs 奥胡斯费马,无，不投,,6,2,0,1,1,2,0.44444444,-0.68,-0.11333333,6,,,list_date < 2026-10-09,"[{'date': '2026-09-04', 'match': '霍布罗 vs 哈维德夫', 'score': '1-3', 'selected_team': '霍布罗', 'settlement': '黑', 'water': 1.03, 'pnl_1u': -1.0, 'roi': -1.0, 'line': '0.25', 'action': '网页可投', 'source': 'https://simondongxiao.github.io/odds/'}, {'date': '2026-09-04', 'match': '靴尔科治 vs 希勒罗德', 'score': '1-1', 'selected_team': '靴尔科治', 'settlement': '走', 'water': 1, 'pnl_1u': 0.0, 'roi': 0.0, 'line': '', 'action': '网页可投', 'source': 'https://simondongxiao.github.io/odds/'}, {'date': '2026-09-05', 'match': 'AB格莱萨克瑟 vs 奥尔堡', 'score': '0-2', 'selected_team': 'AB格莱萨克瑟', 'settlement': '黑', 'water': 0.82, 'pnl_1u': -1.0, 'roi': -1.0, 'line': '0.25', 'action': '网页可投', 'source': 'https://github.com/simondongxiao/odds/blob/main/ledger/yesterday_official_settlement_2026-09-05.csv'}, {'date': '2026-09-05', 'match': '弗雷德里西亚 vs 埃斯比约', 'score': '1-0', 'selected_team': '弗雷德里西亚', 'settlement': '半黑', 'water': 0.84, 'pnl_1u': -0.5, 'roi': -0.5, 'line': '1.25', 'action': '网页可投', 'source': 'https://github.com/simondongxiao/odds/blob/main/ledger/yesterday_official_settlement_2026-09-05.csv'}, {'date': '2026-09-12', 'match': '科灵 vs 弗雷德里西亚', 'score': '0-0', 'selected_team': '科灵', 'settlement': '红', 'water': 0.98, 'pnl_1u': 0.98, 'roi': 0.98, 'line': '-0.5', 'action': '网页可投', 'source': 'https://m.titan007.com/analy/Analysis/2998114.htm'}, {'date': '2026-09-19', 'match': 'AB格莱萨克瑟 vs 埃斯比约', 'score': '3-0', 'selected_team': 'AB格莱萨克瑟', 'settlement': '红', 'water': 0.84, 'pnl_1u': 0.84, 'roi': 0.84, 'line': '0.25', 'action': '网页可投（最新版冻结）', 'source': 'https://m.titan007.com/analy/Analysis/2998118.htm'}]"
V3,2026-10-09,3030173,土甲,时间待核,尤姆尼耶士邦 vs 沙里耶尔,尤姆尼耶士邦,upper,7,5,0,0,0,2,0.71428571,2.31,0.33,7,,,list_date < 2026-10-09,"[{'date': '2026-09-01', 'match': '波卢斯堡 vs 克斯欧仁古库', 'score': '0-2', 'selected_team': '克斯欧仁古库', 'settlement': '红', 'water': 0.89, 'pnl_1u': 0.89, 'roi': 0.89, 'line': '-1', 'action': '网页可投', 'source': 'https://simondongxiao.github.io/odds/'}, {'date': '2026-09-02', 'match': '贝拉迪亚士邦 vs 贝特曼', 'score': '0-2', 'selected_team': '贝特曼', 'settlement': '红', 'water': 0.93, 'pnl_1u': 0.93, 'roi': 0.93, 'line': '-0.5', 'action': '网页可投', 'source': 'https://simondongxiao.github.io/odds/'}, {'date': '2026-09-03', 'match': '厄德尔 vs 文尼沙BB', 'score': '4-2', 'selected_team': '厄德尔', 'settlement': '红', 'water': 0.84, 'pnl_1u': 0.84, 'roi': 0.84, 'line': '0.25', 'action': '网页可投', 'source': 'https://simondongxiao.github.io/odds/'}, {'date': '2026-09-05', 'match': '班迪马士邦 vs 波卢斯堡', 'score': '6-0', 'selected_team': '班迪马士邦', 'settlement': '红', 'water': 0.81, 'pnl_1u': 0.81, 'roi': 0.81, 'line': '1.5', 'action': '网页可投', 'source': 'https://github.com/simondongxiao/odds/blob/main/ledger/yesterday_official_settlement_2026-09-05.csv'}, {'date': '2026-09-05', 'match': '佩迪卡斯堡 vs 尤姆尼耶士邦', 'score': '1-0', 'selected_team': '尤姆尼耶士邦', 'settlement': '黑', 'water': 1.03, 'pnl_1u': -1.0, 'roi': -1.0, 'line': '0.5', 'action': '网页可投', 'source': 'https://github.com/simondongxiao/odds/blob/main/ledger/yesterday_official_settlement_2026-09-05.csv'}, {'date': '2026-09-12', 'match': '波德鲁姆士邦 vs 贝特曼', 'score': '4-0', 'selected_team': '波德鲁姆士邦', 'settlement': '红', 'water': 0.84, 'pnl_1u': 0.84, 'roi': 0.84, 'line': '', 'action': '网页可投', 'source': 'https://m.titan007.com/analy/Analysis/3030145.htm'}, {'date': '2026-09-20', 'match': '安塔利亚体育 vs 贝拉迪亚士邦', 'score': '3-0', 'selected_team': '贝拉迪亚士邦', 'settlement': '黑', 'water': 1.01, 'pnl_1u': -1.0, 'roi': -1.0, 'line': '0.75', 'action': '网页可投（最新版冻结）', 'source': 'https://m.titan007.com/analy/Analysis/3030155.htm'}]"
V3,2026-10-09,3030174,土甲,时间待核,贝拉迪亚士邦 vs 班迪马士邦,班迪马士邦,upper,7,5,0,0,0,2,0.71428571,2.31,0.33,7,,,list_date < 2026-10-09,"[{'date': '2026-09-01', 'match': '波卢斯堡 vs 克斯欧仁古库', 'score': '0-2', 'selected_team': '克斯欧仁古库', 'settlement': '红', 'water': 0.89, 'pnl_1u': 0.89, 'roi': 0.89, 'line': '-1', 'action': '网页可投', 'source': 'https://simondongxiao.github.io/odds/'}, {'date': '2026-09-02', 'match': '贝拉迪亚士邦 vs 贝特曼', 'score': '0-2', 'selected_team': '贝特曼', 'settlement': '红', 'water': 0.93, 'pnl_1u': 0.93, 'roi': 0.93, 'line': '-0.5', 'action': '网页可投', 'source': 'https://simondongxiao.github.io/odds/'}, {'date': '2026-09-03', 'match': '厄德尔 vs 文尼沙BB', 'score': '4-2', 'selected_team': '厄德尔', 'settlement': '红', 'water': 0.84, 'pnl_1u': 0.84, 'roi': 0.84, 'line': '0.25', 'action': '网页可投', 'source': 'https://simondongxiao.github.io/odds/'}, {'date': '2026-09-05', 'match': '班迪马士邦 vs 波卢斯堡', 'score': '6-0', 'selected_team': '班迪马士邦', 'settlement': '红', 'water': 0.81, 'pnl_1u': 0.81, 'roi': 0.81, 'line': '1.5', 'action': '网页可投', 'source': 'https://github.com/simondongxiao/odds/blob/main/ledger/yesterday_official_settlement_2026-09-05.csv'}, {'date': '2026-09-05', 'match': '佩迪卡斯堡 vs 尤姆尼耶士邦', 'score': '1-0', 'selected_team': '尤姆尼耶士邦', 'settlement': '黑', 'water': 1.03, 'pnl_1u': -1.0, 'roi': -1.0, 'line': '0.5', 'action': '网页可投', 'source': 'https://github.com/simondongxiao/odds/blob/main/ledger/yesterday_official_settlement_2026-09-05.csv'}, {'date': '2026-09-12', 'match': '波德鲁姆士邦 vs 贝特曼', 'score': '4-0', 'selected_team': '波德鲁姆士邦', 'settlement': '红', 'water': 0.84, 'pnl_1u': 0.84, 'roi': 0.84, 'line': '', 'action': '网页可投', 'source': 'https://m.titan007.com/analy/Analysis/3030145.htm'}, {'date': '2026-09-20', 'match': '安塔利亚体育 vs 贝拉迪亚士邦', 'score': '3-0', 'selected_team': '贝拉迪亚士邦', 'settlement': '黑', 'water': 1.01, 'pnl_1u': -1.0, 'roi': -1.0, 'line': '0.75', 'action': '网页可投（最新版冻结）', 'source': 'https://m.titan007.com/analy/Analysis/3030155.htm'}]"
V3,2026-10-09,3021038,丹麦丙,时间待核,桑比 vs 瑞秀,,,0,0,0,0,0,0,,,,0,,,list_date < 2026-10-09,[]
V3,2026-10-09,2927372,瑞典丙NG,时间待核,IFK斯克维德 vs 史卡拉FC,,,0,0,0,0,0,0,,,,0,,,list_date < 2026-10-09,[]
V3,2026-10-09,3098045,斯伐丙,时间待核,米亚瓦斯巴达 vs 卡斯科夫辛,,,0,0,0,0,0,0,,,,0,,,list_date < 2026-10-09,[]
V3,2026-10-09,3098129,世女欧预,时间待核,捷克女足 vs 苏格兰女足,,,0,0,0,0,0,0,,,,0,,,list_date < 2026-10-09,[]
V3,2026-10-09,3098130,世女欧预,时间待核,罗马尼亚女足 vs 挪威女足,,,0,0,0,0,0,0,,,,0,,,list_date < 2026-10-09,[]
V3,2026-10-09,3098046,德戊,时间待核,干高迪亚 vs 汉堡1816体操俱乐部,,,0,0,0,0,0,0,,,,0,,,list_date < 2026-10-09,[]
V3,2026-10-09,3098056,德戊,时间待核,巴林根 vs 霍尔扎森,,,0,0,0,0,0,0,,,,0,,,list_date < 2026-10-09,[]
V3,2026-10-09,3098039,德戊,时间待核,ASV查姆 vs DJK鲍思高班贝格,,,0,0,0,0,0,0,,,,0,,,list_date < 2026-10-09,[]
V3,2026-10-09,3098040,德戊,时间待核,纽德罗森菲尔德 vs ASV纽马克特,,,0,0,0,0,0,0,,,,0,,,list_date < 2026-10-09,[]
V3,2026-10-09,3098041,德戊,时间待核,SV埃尔巴赫 vs 格瑞特瑞德,,,0,0,0,0,0,0,,,,0,,,list_date < 2026-10-09,[]
V3,2026-10-09,3098042,德戊,时间待核,罗森海姆1860 vs 皮平斯列特,,,0,0,0,0,0,0,,,,0,,,list_date < 2026-10-09,[]
V3,2026-10-09,3098043,德戊,时间待核,TSV瓦塞堡1880 vs 普法芬霍芬,,,0,0,0,0,0,0,,,,0,,,list_date < 2026-10-09,[]
V3,2026-10-09,3098044,德戊,时间待核,TSV科恩 vs 印戈斯塔德青年队,,,0,0,0,0,0,0,,,,0,,,list_date < 2026-10-09,[]
V3,2026-10-09,3100381,卢旺达联,时间待核,大猩猩FC vs 罗阳体育,,,0,0,0,0,0,0,,,,0,,,list_date < 2026-10-09,[]
V3,2026-10-09,3100231,奥丁,时间待核,SK菲尔斯腾费尔德 vs 京德堡,,,0,0,0,0,0,0,,,,0,,,list_date < 2026-10-09,[]
V3,2026-10-09,3100232,奥丁,时间待核,圣维特格兰 vs 劳恩斯多夫,,,0,0,0,0,0,0,,,,0,,,list_date < 2026-10-09,[]
V3,2026-10-09,3100234,奥丁,时间待核,UFC费灵 vs SV伊勒尔,,,0,0,0,0,0,0,,,,0,,,list_date < 2026-10-09,[]
V3,2026-10-09,3100236,奥丁,时间待核,圣安纳 vs SV雷布林市,,,0,0,0,0,0,0,,,,0,,,list_date < 2026-10-09,[]
V3,2026-10-09,3098050,波兰丙,时间待核,谢拉玆 vs 苏瓦乌基,,,0,0,0,0,0,0,,,,0,,,list_date < 2026-10-09,[]
V3,2026-10-09,3098051,波兰丙,时间待核,KS波罗尼亚 vs 克鲁切维亚,,,0,0,0,0,0,0,,,,0,,,list_date < 2026-10-09,[]
V3,2026-10-09,3100333,博茨超,时间待核,托诺塔FC vs 苏阿火烈鸟,,,0,0,0,0,0,0,,,,0,,,list_date < 2026-10-09,[]
V3,2026-10-09,3100379,博茨超,时间待核,哈博罗内 vs 莫鲁普尔流浪者队,,,0,0,0,0,0,0,,,,0,,,list_date < 2026-10-09,[]
V3,2026-10-09,3098097,国际友谊,时间待核,马耳他女足 vs 卢森堡女足,,,0,0,0,0,0,0,,,,0,,,list_date < 2026-10-09,[]
V3,2026-10-09,3017181,保乙,时间待核,伊塔尔 vs 弗拉特里亚,弗拉特里亚,upper,8,6,0,0,0,2,0.75,3.0,0.375,8,,,list_date < 2026-10-09,"[{'date': '2026-09-03', 'match': '格纳火车头 vs 多布鲁察', 'score': '2-0', 'selected_team': '格纳火车头', 'settlement': '红', 'water': 0.86, 'pnl_1u': 0.86, 'roi': 0.86, 'line': '0.25', 'action': '网页可投', 'source': 'https://simondongxiao.github.io/odds/'}, {'date': '2026-09-15', 'match': '卢多戈雷茨B队 vs 弗拉特里亚', 'score': '1-1', 'selected_team': '弗拉特里亚', 'settlement': '黑', 'water': 0.77, 'pnl_1u': -1.0, 'roi': -1.0, 'line': '-0.5', 'action': '网页可投（最新版冻结）', 'source': 'https://oddslot.com/football/match/second-league/ludogorets-ii/fratria/15-sep-2026/'}, {'date': '2026-09-21', 'match': '多布鲁察 vs 索菲亚中央陆军B队', 'score': '1-3', 'selected_team': '多布鲁察', 'settlement': '黑', 'water': 0.93, 'pnl_1u': -1.0, 'roi': -1.0, 'line': '-0.25', 'action': '网页可投（最新版冻结）', 'source': 'https://www.titan007.com/'}, {'date': '2026-09-21', 'match': 'FC蒙塔纳 vs 赫巴', 'score': '0-5', 'selected_team': '赫巴', 'settlement': '红', 'water': 0.93, 'pnl_1u': 0.93, 'roi': 0.93, 'line': '0.5', 'action': '网页可投（最新版冻结）', 'source': 'https://vip.titan007.com/history/SearchSameGoal.aspx?g=2.75&l=0&n=9&t=4'}, {'date': '2026-09-27', 'match': '韦伦桑丹斯基 vs 内塞伯尔', 'score': '2-0', 'selected_team': '韦伦桑丹斯基', 'settlement': '红', 'water': 0.81, 'pnl_1u': 0.81, 'roi': 0.81, 'line': '1.25', 'action': '网页可投（最新版冻结）', 'source': 'https://simondongxiao.github.io/odds/v3-legacy/'}, {'date': '2026-09-27', 'match': '贝尔罗 vs 延特拉', 'score': '1-0', 'selected_team': '贝尔罗', 'settlement': '红', 'water': 0.76, 'pnl_1u': 0.76, 'roi': 0.76, 'line': '0.25', 'action': '网页可投（最新版冻结）', 'source': 'https://simondongxiao.github.io/odds/v3-legacy/'}, {'date': '2026-09-27', 'match': '布尔加斯1919 vs FC蒙塔纳', 'score': '2-0', 'selected_team': '布尔加斯1919', 'settlement': '红', 'water': 0.84, 'pnl_1u': 0.84, 'roi': 0.84, 'line': '0.75', 'action': '网页可投（最新版冻结）', 'source': 'https://simondongxiao.github.io/odds/v3-legacy/'}, {'date': '2026-09-27', 'match': '弗拉特里亚 vs 保利文斯巴达', 'score': '3-0', 'selected_team': '弗拉特里亚', 'settlement': '红', 'water': 0.8, 'pnl_1u': 0.8, 'roi': 0.8, 'line': '1.25', 'action': '网页可投（最新版冻结）', 'source': 'https://simondongxiao.github.io/odds/v3-legacy/'}]"
V3,2026-10-09,3098033,女奥非预,时间待核,博茨瓦纳女足 vs 坦桑尼亚女足,,,0,0,0,0,0,0,,,,0,,,list_date < 2026-10-09,[]
V3,2026-10-09,3098034,女奥非预,时间待核,中非共和国女足 vs 阿尔及利亚女足,,,0,0,0,0,0,0,,,,0,,,list_date < 2026-10-09,[]
V3,2026-10-09,3098037,女奥非预,时间待核,科摩罗女足 vs 尼日利亚女足,,,0,0,0,0,0,0,,,,0,,,list_date < 2026-10-09,[]
V3,2026-10-09,3020351,奥丙东,时间待核,曼斯多夫 vs 马特斯堡,,,0,0,0,0,0,0,,,,0,,,list_date < 2026-10-09,[]
V3,2026-10-09,3020352,奥丙东,时间待核,帕多夫 vs 维也纳SC,,,0,0,0,0,0,0,,,,0,,,list_date < 2026-10-09,[]
V3,2026-10-09,3022563,奥丙南,时间待核,卡尔斯多夫 vs 格来斯多夫,,,0,0,0,0,0,0,,,,0,,,list_date < 2026-10-09,[]
V3,2026-10-09,3022564,奥丙南,时间待核,维兹 vs 阿勒黑里根,,,0,0,0,0,0,0,,,,0,,,list_date < 2026-10-09,[]
V3,2026-10-09,3022565,奥丙南,时间待核,SV蒂尔米奇 vs 拉夫尼茨,,,0,0,0,0,0,0,,,,0,,,list_date < 2026-10-09,[]
V3,2026-10-09,3022567,奥丙南,时间待核,沃夫堡 vs 阿图斯维尔登,,,0,0,0,0,0,0,,,,0,,,list_date < 2026-10-09,[]
V3,2026-10-09,3022676,奥丙北,时间待核,前进斯太尔 vs 库赫尔,,,0,0,0,0,0,0,,,,0,,,list_date < 2026-10-09,[]
V3,2026-10-09,3022680,奥丙北,时间待核,斯哈尔巴赫 vs 瓦勒恩,,,0,0,0,0,0,0,,,,0,,,list_date < 2026-10-09,[]
V3,2026-10-09,3022682,奥丙北,时间待核,古尔腾 vs 格鲁瑙,,,0,0,0,0,0,0,,,,0,,,list_date < 2026-10-09,[]
V3,2026-10-09,3074493,乌干超,时间待核,乌干达URA vs 坎帕拉市,,,0,0,0,0,0,0,,,,0,,,list_date < 2026-10-09,[]
V3,2026-10-09,3093471,科威特联,时间待核,卡斯马 vs 阿拉比科威特,阿拉比科威特,upper,2,0,1,0,0,1,0.33333333,-0.58,-0.29,2,,,list_date < 2026-10-09,"[{'date': '2026-09-05', 'match': '阿尔科威特 vs 杰拉', 'score': '1-0', 'selected_team': '阿尔科威特', 'settlement': '黑', 'water': 0.94, 'pnl_1u': -1.0, 'roi': -1.0, 'line': '2.5', 'action': '网页可投', 'source': 'https://github.com/simondongxiao/odds/blob/main/ledger/yesterday_official_settlement_2026-09-05.csv'}, {'date': '2026-09-06', 'match': '艾沙比KUW vs 卡斯马', 'score': '2-3', 'selected_team': '卡斯马', 'settlement': '半红', 'water': 0.84, 'pnl_1u': 0.42, 'roi': 0.42, 'line': '-0.75', 'action': '网页可投', 'source': 'https://simondongxiao.github.io/odds/'}]"
V3,2026-10-09,3031215,立陶乙,时间待核,维尔提斯BFA vs 萨尔基利斯B队,,,0,0,0,0,0,0,,,,0,,,list_date < 2026-10-09,[]
V3,2026-10-09,2968273,挪丙,时间待核,费斯尼斯 vs 乌尔夫斯汀,,,0,0,0,0,0,0,,,,0,,,list_date < 2026-10-09,[]
V3,2026-10-09,3022681,奥丙北,时间待核,OTSU哈莱恩 vs 圣约翰,,,0,0,0,0,0,0,,,,0,,,list_date < 2026-10-09,[]
V3,2026-10-09,3022568,奥丙南,时间待核,奥地利克拉根福 vs 布雷堡,,,0,0,0,0,0,0,,,,0,,,list_date < 2026-10-09,[]
V3,2026-10-09,2962668,阿甲,时间待核,阿尔多斯维 vs 萨尔米安杜,阿尔多斯维,upper,3,2,0,0,0,1,0.66666667,1.04,0.34666667,3,,,list_date < 2026-10-09,"[{'date': '2026-09-06', 'match': '罗萨里奥中央 vs 纽维尔老男孩', 'score': '1-1', 'selected_team': '纽维尔老男孩', 'settlement': '红', 'water': 1.04, 'pnl_1u': 1.04, 'roi': 1.04, 'line': '0.75', 'action': '网页可投', 'source': 'https://simondongxiao.github.io/odds/'}, {'date': '2026-09-06', 'match': '科尔多瓦中央SDE vs 阿根廷独立', 'score': '0-1', 'selected_team': '阿根廷独立', 'settlement': '红', 'water': 1, 'pnl_1u': 1.0, 'roi': 1.0, 'line': '-0.25', 'action': '网页可投', 'source': 'https://simondongxiao.github.io/odds/'}, {'date': '2026-09-06', 'match': '竞技俱乐部 vs 图库曼竞技', 'score': '1-2', 'selected_team': '竞技俱乐部', 'settlement': '黑', 'water': 0.84, 'pnl_1u': -1.0, 'roi': -1.0, 'line': '0.5', 'action': '网页可投', 'source': 'https://www.mundoascenso.com.ar/resumen-liga-profesional/1493116-racing-vs-atletico-tucuman-06-09-2026'}]"
V3,2026-10-09,3000951,瑞士甲,时间待核,克里恩斯 vs 韦尔,无，不投,,2,1,0,0,0,1,0.5,-0.2,-0.1,2,,,list_date < 2026-10-09,"[{'date': '2026-09-12', 'match': '阿劳 vs 克里恩斯', 'score': '2-2', 'selected_team': '阿劳', 'settlement': '黑', 'water': 0.8, 'pnl_1u': -1.0, 'roi': -1.0, 'line': '0.75', 'action': '网页可投', 'source': 'https://m.titan007.com/analy/Analysis/3000944.htm'}, {'date': '2026-09-18', 'match': '温特图尔 vs 阿劳', 'score': '2-1', 'selected_team': '温特图尔', 'settlement': '红', 'water': 0.8, 'pnl_1u': 0.8, 'roi': 0.8, 'line': '0.25', 'action': '网页可投（最新版冻结）', 'source': 'https://m.titan007.com/analy/Analysis/3000948.htm'}]"
V3,2026-10-09,3000952,瑞士甲,时间待核,瑞普斯威尔 vs 乌契,瑞普斯威尔,lower,2,1,0,0,0,1,0.5,-0.2,-0.1,2,,,list_date < 2026-10-09,"[{'date': '2026-09-12', 'match': '阿劳 vs 克里恩斯', 'score': '2-2', 'selected_team': '阿劳', 'settlement': '黑', 'water': 0.8, 'pnl_1u': -1.0, 'roi': -1.0, 'line': '0.75', 'action': '网页可投', 'source': 'https://m.titan007.com/analy/Analysis/3000944.htm'}, {'date': '2026-09-18', 'match': '温特图尔 vs 阿劳', 'score': '2-1', 'selected_team': '温特图尔', 'settlement': '红', 'water': 0.8, 'pnl_1u': 0.8, 'roi': 0.8, 'line': '0.25', 'action': '网页可投（最新版冻结）', 'source': 'https://m.titan007.com/analy/Analysis/3000948.htm'}]"
V3,2026-10-09,3000954,瑞士甲,时间待核,纳沙泰尔 vs 温特图尔,温特图尔,upper,2,1,0,0,0,1,0.5,-0.2,-0.1,2,,,list_date < 2026-10-09,"[{'date': '2026-09-12', 'match': '阿劳 vs 克里恩斯', 'score': '2-2', 'selected_team': '阿劳', 'settlement': '黑', 'water': 0.8, 'pnl_1u': -1.0, 'roi': -1.0, 'line': '0.75', 'action': '网页可投', 'source': 'https://m.titan007.com/analy/Analysis/3000944.htm'}, {'date': '2026-09-18', 'match': '温特图尔 vs 阿劳', 'score': '2-1', 'selected_team': '温特图尔', 'settlement': '红', 'water': 0.8, 'pnl_1u': 0.8, 'roi': 0.8, 'line': '0.25', 'action': '网页可投（最新版冻结）', 'source': 'https://m.titan007.com/analy/Analysis/3000948.htm'}]"
V3,2026-10-09,2927012,瑞典丙VG,时间待核,林多米 vs 波尔赞,,,0,0,0,0,0,0,,,,0,,,list_date < 2026-10-09,[]
V3,2026-10-09,3098047,德戊,时间待核,ETSV汉堡 vs 奈德弗,,,0,0,0,0,0,0,,,,0,,,list_date < 2026-10-09,[]
V3,2026-10-09,3098048,德戊,时间待核,图拉哈克舍德 vs 诺德施泰特B队,,,0,0,0,0,0,0,,,,0,,,list_date < 2026-10-09,[]
V3,2026-10-09,3098057,德戊,时间待核,航林SC vs 德罗赫特森阿塞尔B队,,,0,0,0,0,0,0,,,,0,,,list_date < 2026-10-09,[]
V3,2026-10-09,3098063,德戊,时间待核,杜塞尔多夫业余队 vs 布德里奇,,,0,0,0,0,0,0,,,,0,,,list_date < 2026-10-09,[]
V3,2026-10-09,3098065,德戊,时间待核,乌丁根05 vs 索林根瓦尔德,,,0,0,0,0,0,0,,,,0,,,list_date < 2026-10-09,[]
V3,2026-10-09,3098074,德戊,时间待核,奥布兰德 vs ESC葛特斯,,,0,0,0,0,0,0,,,,0,,,list_date < 2026-10-09,[]
V3,2026-10-09,3098076,德戊,时间待核,勒赫尔 vs BTS诺伊施塔特,,,0,0,0,0,0,0,,,,0,,,list_date < 2026-10-09,[]
V3,2026-10-09,3071918,伊拉联,时间待核,阿尔加拉夫 vs 阿尔乔兰SC,无，不投,upper,3,1,0,0,1,1,0.4,-0.7,-0.23333333,3,,,list_date < 2026-10-09,"[{'date': '2026-10-07', 'match': '摩苏尔足球俱乐部 vs 巴格达空军', 'score': '0-3', 'selected_team': '巴格达空军', 'settlement': '红', 'water': 0.8, 'pnl_1u': 0.8, 'roi': 0.8, 'line': '-0.25', 'action': '可投；通过：综合胜率59.2%>=阈值57.6%；风控状态A-正常态', 'source': 'D:\\codex\\v3_legacy\\outputs\\football_odds_trader\\raw\\titan007\\20261007\\20261007_083450_titan007_odds_snapshot.csv'}, {'date': '2026-10-08', 'match': '塔拉巴 vs 巴格达警察', 'score': '0-0', 'selected_team': '巴格达警察', 'settlement': '半黑', 'water': 0.78, 'pnl_1u': -0.5, 'roi': -0.5, 'line': '-0.25', 'action': '可投；通过：综合胜率59.2%>=阈值58.2%；风控状态A-正常态', 'source': 'D:\\codex\\v3_legacy\\outputs\\football_odds_trader\\raw\\titan007\\20261008\\20261008_074021_titan007_odds_snapshot.csv'}, {'date': '2026-10-08', 'match': '杜赫克 vs 扎瓦拉', 'score': '3-0', 'selected_team': '扎瓦拉', 'settlement': '黑', 'water': 0.83, 'pnl_1u': -1.0, 'roi': -1.0, 'line': '-0.25', 'action': '可投；通过：综合胜率59.2%>=阈值56.6%；风控状态A-正常态', 'source': 'D:\\codex\\v3_legacy\\outputs\\football_odds_trader\\raw\\titan007\\20261008\\20261008_074021_titan007_odds_snapshot.csv'}]"
V3,2026-10-09,3100221,奥丁,时间待核,SV威尔登 vs 格罗斯克莱恩,,,0,0,0,0,0,0,,,,0,,,list_date < 2026-10-09,[]
V3,2026-10-09,3100222,奥丁,时间待核,朗根鲁可 vs 询问Ybbs,,,0,0,0,0,0,0,,,,0,,,list_date < 2026-10-09,[]
V3,2026-10-09,3053697,瑞士丙,时间待核,邦施泰滕 vs 温特图尔U21,,,0,0,0,0,0,0,,,,0,,,list_date < 2026-10-09,[]
V3,2026-10-09,3020354,奥丙东,时间待核,克林斯马 vs 维也纳维多利亚,,,0,0,0,0,0,0,,,,0,,,list_date < 2026-10-09,[]
V3,2026-10-09,3020355,奥丙东,时间待核,特赖斯基兴 vs 奥伯华特,,,0,0,0,0,0,0,,,,0,,,list_date < 2026-10-09,[]
V3,2026-10-09,3100365,墨西U19,时间待核,普埃布拉U19 vs 莱昂U19,,,0,0,0,0,0,0,,,,0,,,list_date < 2026-10-09,[]
V3,2026-10-09,3023501,葡超,时间待核,摩里伦斯 vs 吉维森特,吉维森特,upper,6,2,0,1,1,2,0.44444444,-0.57,-0.095,6,,,list_date < 2026-10-09,"[{'date': '2026-09-04', 'match': '波尔图 vs 摩里伦斯', 'score': '2-1', 'selected_team': '摩里伦斯', 'settlement': '红', 'water': 1.09, 'pnl_1u': 1.09, 'roi': 1.09, 'line': '2.25', 'action': '网页可投', 'source': 'https://simondongxiao.github.io/odds/'}, {'date': '2026-09-05', 'match': '阿马多拉 vs 法马利康', 'score': '2-2', 'selected_team': '阿马多拉', 'settlement': '走', 'water': 1.07, 'pnl_1u': 0.0, 'roi': 0.0, 'line': '', 'action': '网页可投', 'source': 'https://github.com/simondongxiao/odds/blob/main/ledger/yesterday_official_settlement_2026-09-05.csv'}, {'date': '2026-09-05', 'match': '葡萄牙体育 vs 葡萄牙国民', 'score': '2-0', 'selected_team': '葡萄牙体育', 'settlement': '半黑', 'water': 0.99, 'pnl_1u': -0.5, 'roi': -0.5, 'line': '2.25', 'action': '网页可投', 'source': 'https://github.com/simondongxiao/odds/blob/main/ledger/yesterday_official_settlement_2026-09-05.csv'}, {'date': '2026-09-12', 'match': '卡萨比亚 vs 波尔图', 'score': '1-4', 'selected_team': '波尔图', 'settlement': '红', 'water': 0.84, 'pnl_1u': 0.84, 'roi': 0.84, 'line': '-1.5', 'action': '网页可投', 'source': 'https://m.titan007.com/analy/Analysis/3023480.htm'}, {'date': '2026-09-19', 'match': '葡萄牙体育 vs 阿罗卡', 'score': '2-2', 'selected_team': '葡萄牙体育', 'settlement': '黑', 'water': 0.84, 'pnl_1u': -1.0, 'roi': -1.0, 'line': '2', 'action': '网页可投（最新版冻结）', 'source': 'https://m.titan007.com/analy/Analysis/3023492.htm'}, {'date': '2026-09-20', 'match': '吉马良斯 vs 摩里伦斯', 'score': '1-1', 'selected_team': '吉马良斯', 'settlement': '黑', 'water': 0.84, 'pnl_1u': -1.0, 'roi': -1.0, 'line': '1', 'action': '网页可投（最新版冻结）', 'source': 'https://m.titan007.com/analy/Analysis/3023493.htm'}]"
V3,2026-10-09,3079018,西丁,时间待核,瓦尔特 vs 贝蒂加兹特,,,0,0,0,0,0,0,,,,0,,,list_date < 2026-10-09,[]
V3,2026-10-09,3098049,德戊,时间待核,FC条顿05 vs 比尔斯特茨瓦克,,,0,0,0,0,0,0,,,,0,,,list_date < 2026-10-09,[]
V3,2026-10-09,2996161,荷甲,时间待核,埃因霍温 vs 海伦芬,无，不投,,6,4,1,0,0,1,0.81818182,2.97,0.495,6,,,list_date < 2026-10-09,"[{'date': '2026-09-11', 'match': '阿尔克马尔 vs 威廉二世', 'score': '1-1', 'selected_team': '阿尔克马尔', 'settlement': '黑', 'water': 0.83, 'pnl_1u': -1.0, 'roi': -1.0, 'line': '2.25', 'action': '网页可投', 'source': 'https://m.titan007.com/analy/Analysis/2996143.htm'}, {'date': '2026-09-15', 'match': '阿贾克斯 vs 威廉二世', 'score': '5-1', 'selected_team': '阿贾克斯', 'settlement': '红', 'water': 0.85, 'pnl_1u': 0.85, 'roi': 0.85, 'line': '2.5', 'action': '网页可投（最新版冻结）', 'source': 'https://www.vi.nl/wedstrijden/2026-09-15/ajax-vs-willem-ii'}, {'date': '2026-09-18', 'match': '格罗宁根 vs 兹沃勒', 'score': '3-0', 'selected_team': '格罗宁根', 'settlement': '红', 'water': 0.82, 'pnl_1u': 0.82, 'roi': 0.82, 'line': '1', 'action': '网页可投（最新版冻结）', 'source': 'https://m.titan007.com/analy/Analysis/2996154.htm'}, {'date': '2026-09-19', 'match': '海牙 vs 坎布尔', 'score': '1-1', 'selected_team': '坎布尔', 'settlement': '红', 'water': 0.98, 'pnl_1u': 0.98, 'roi': 0.98, 'line': '0.5', 'action': '网页可投（最新版冻结）', 'source': 'https://m.titan007.com/analy/Analysis/2996153.htm'}, {'date': '2026-09-19', 'match': '威廉二世 vs 福图纳锡塔德', 'score': '0-1', 'selected_team': '福图纳锡塔德', 'settlement': '红', 'water': 0.84, 'pnl_1u': 0.84, 'roi': 0.84, 'line': '', 'action': '网页可投（最新版冻结）', 'source': 'https://m.titan007.com/analy/Analysis/2996156.htm'}, {'date': '2026-09-20', 'match': '奈梅亨 vs 前进之鹰', 'score': '1-1', 'selected_team': '前进之鹰', 'settlement': '半红', 'water': 0.96, 'pnl_1u': 0.48, 'roi': 0.48, 'line': '0.25', 'action': '网页可投（最新版冻结）', 'source': 'https://m.titan007.com/analy/Analysis/2996159.htm'}]"
V3,2026-10-09,2997737,法乙,时间待核,USL敦刻尔克 vs 阿纳西,无，不投,,6,5,0,0,1,0,0.90909091,3.94,0.65666667,6,,,list_date < 2026-10-09,"[{'date': '2026-09-05', 'match': '兰斯 vs 甘冈', 'score': '2-2', 'selected_team': '甘冈', 'settlement': '红', 'water': 0.99, 'pnl_1u': 0.99, 'roi': 0.99, 'line': '0.75', 'action': '网页半仓可投', 'source': 'https://github.com/simondongxiao/odds/blob/main/ledger/yesterday_official_settlement_2026-09-05.csv'}, {'date': '2026-09-05', 'match': '梅斯 vs 罗德兹', 'score': '4-1', 'selected_team': '梅斯', 'settlement': '红', 'water': 0.81, 'pnl_1u': 0.81, 'roi': 0.81, 'line': '0.25', 'action': '网页半仓可投', 'source': 'https://github.com/simondongxiao/odds/blob/main/ledger/yesterday_official_settlement_2026-09-05.csv'}, {'date': '2026-09-11', 'match': '第戎 vs 拉瓦勒', 'score': '3-2', 'selected_team': '第戎', 'settlement': '红', 'water': 1.02, 'pnl_1u': 1.02, 'roi': 1.02, 'line': '0.5', 'action': '网页半仓可投', 'source': 'https://m.titan007.com/analy/Analysis/2997718.htm'}, {'date': '2026-09-12', 'match': '甘冈 vs 阿纳西', 'score': '2-1', 'selected_team': '甘冈', 'settlement': '红', 'water': 0.8, 'pnl_1u': 0.8, 'roi': 0.8, 'line': '0.25', 'action': '网页可投', 'source': 'https://m.titan007.com/analy/Analysis/2997720.htm'}, {'date': '2026-09-14', 'match': '红星 vs 梅斯', 'score': '1-0', 'selected_team': '红星', 'settlement': '红', 'water': 0.82, 'pnl_1u': 0.82, 'roi': 0.82, 'line': '', 'action': '网页可投（最新版冻结）', 'source': 'https://m.titan007.com/analy/Analysis/2997723.htm'}, {'date': '2026-09-18', 'match': '拉瓦勒 vs 索肖', 'score': '1-1', 'selected_team': '拉瓦勒', 'settlement': '半黑', 'water': 1.03, 'pnl_1u': -0.5, 'roi': -0.5, 'line': '0.25', 'action': '网页可投（最新版冻结）', 'source': 'https://m.titan007.com/analy/Analysis/2997730.htm'}]"
V3,2026-10-09,2997738,法乙,时间待核,蒙彼利埃 vs 格勒诺布尔,蒙彼利埃,upper,6,5,0,0,1,0,0.90909091,3.94,0.65666667,6,,,list_date < 2026-10-09,"[{'date': '2026-09-05', 'match': '兰斯 vs 甘冈', 'score': '2-2', 'selected_team': '甘冈', 'settlement': '红', 'water': 0.99, 'pnl_1u': 0.99, 'roi': 0.99, 'line': '0.75', 'action': '网页半仓可投', 'source': 'https://github.com/simondongxiao/odds/blob/main/ledger/yesterday_official_settlement_2026-09-05.csv'}, {'date': '2026-09-05', 'match': '梅斯 vs 罗德兹', 'score': '4-1', 'selected_team': '梅斯', 'settlement': '红', 'water': 0.81, 'pnl_1u': 0.81, 'roi': 0.81, 'line': '0.25', 'action': '网页半仓可投', 'source': 'https://github.com/simondongxiao/odds/blob/main/ledger/yesterday_official_settlement_2026-09-05.csv'}, {'date': '2026-09-11', 'match': '第戎 vs 拉瓦勒', 'score': '3-2', 'selected_team': '第戎', 'settlement': '红', 'water': 1.02, 'pnl_1u': 1.02, 'roi': 1.02, 'line': '0.5', 'action': '网页半仓可投', 'source': 'https://m.titan007.com/analy/Analysis/2997718.htm'}, {'date': '2026-09-12', 'match': '甘冈 vs 阿纳西', 'score': '2-1', 'selected_team': '甘冈', 'settlement': '红', 'water': 0.8, 'pnl_1u': 0.8, 'roi': 0.8, 'line': '0.25', 'action': '网页可投', 'source': 'https://m.titan007.com/analy/Analysis/2997720.htm'}, {'date': '2026-09-14', 'match': '红星 vs 梅斯', 'score': '1-0', 'selected_team': '红星', 'settlement': '红', 'water': 0.82, 'pnl_1u': 0.82, 'roi': 0.82, 'line': '', 'action': '网页可投（最新版冻结）', 'source': 'https://m.titan007.com/analy/Analysis/2997723.htm'}, {'date': '2026-09-18', 'match': '拉瓦勒 vs 索肖', 'score': '1-1', 'selected_team': '拉瓦勒', 'settlement': '半黑', 'water': 1.03, 'pnl_1u': -0.5, 'roi': -0.5, 'line': '0.25', 'action': '网页可投（最新版冻结）', 'source': 'https://m.titan007.com/analy/Analysis/2997730.htm'}]"
V3,2026-10-09,2997739,法乙,时间待核,南锡 vs 甘冈,南锡,upper,6,5,0,0,1,0,0.90909091,3.94,0.65666667,6,,,list_date < 2026-10-09,"[{'date': '2026-09-05', 'match': '兰斯 vs 甘冈', 'score': '2-2', 'selected_team': '甘冈', 'settlement': '红', 'water': 0.99, 'pnl_1u': 0.99, 'roi': 0.99, 'line': '0.75', 'action': '网页半仓可投', 'source': 'https://github.com/simondongxiao/odds/blob/main/ledger/yesterday_official_settlement_2026-09-05.csv'}, {'date': '2026-09-05', 'match': '梅斯 vs 罗德兹', 'score': '4-1', 'selected_team': '梅斯', 'settlement': '红', 'water': 0.81, 'pnl_1u': 0.81, 'roi': 0.81, 'line': '0.25', 'action': '网页半仓可投', 'source': 'https://github.com/simondongxiao/odds/blob/main/ledger/yesterday_official_settlement_2026-09-05.csv'}, {'date': '2026-09-11', 'match': '第戎 vs 拉瓦勒', 'score': '3-2', 'selected_team': '第戎', 'settlement': '红', 'water': 1.02, 'pnl_1u': 1.02, 'roi': 1.02, 'line': '0.5', 'action': '网页半仓可投', 'source': 'https://m.titan007.com/analy/Analysis/2997718.htm'}, {'date': '2026-09-12', 'match': '甘冈 vs 阿纳西', 'score': '2-1', 'selected_team': '甘冈', 'settlement': '红', 'water': 0.8, 'pnl_1u': 0.8, 'roi': 0.8, 'line': '0.25', 'action': '网页可投', 'source': 'https://m.titan007.com/analy/Analysis/2997720.htm'}, {'date': '2026-09-14', 'match': '红星 vs 梅斯', 'score': '1-0', 'selected_team': '红星', 'settlement': '红', 'water': 0.82, 'pnl_1u': 0.82, 'roi': 0.82, 'line': '', 'action': '网页可投（最新版冻结）', 'source': 'https://m.titan007.com/analy/Analysis/2997723.htm'}, {'date': '2026-09-18', 'match': '拉瓦勒 vs 索肖', 'score': '1-1', 'selected_team': '拉瓦勒', 'settlement': '半黑', 'water': 1.03, 'pnl_1u': -0.5, 'roi': -0.5, 'line': '0.25', 'action': '网页可投（最新版冻结）', 'source': 'https://m.titan007.com/analy/Analysis/2997730.htm'}]"
V3,2026-10-09,2997741,法乙,时间待核,波城 vs 拉瓦勒,波城,upper,6,5,0,0,1,0,0.90909091,3.94,0.65666667,6,,,list_date < 2026-10-09,"[{'date': '2026-09-05', 'match': '兰斯 vs 甘冈', 'score': '2-2', 'selected_team': '甘冈', 'settlement': '红', 'water': 0.99, 'pnl_1u': 0.99, 'roi': 0.99, 'line': '0.75', 'action': '网页半仓可投', 'source': 'https://github.com/simondongxiao/odds/blob/main/ledger/yesterday_official_settlement_2026-09-05.csv'}, {'date': '2026-09-05', 'match': '梅斯 vs 罗德兹', 'score': '4-1', 'selected_team': '梅斯', 'settlement': '红', 'water': 0.81, 'pnl_1u': 0.81, 'roi': 0.81, 'line': '0.25', 'action': '网页半仓可投', 'source': 'https://github.com/simondongxiao/odds/blob/main/ledger/yesterday_official_settlement_2026-09-05.csv'}, {'date': '2026-09-11', 'match': '第戎 vs 拉瓦勒', 'score': '3-2', 'selected_team': '第戎', 'settlement': '红', 'water': 1.02, 'pnl_1u': 1.02, 'roi': 1.02, 'line': '0.5', 'action': '网页半仓可投', 'source': 'https://m.titan007.com/analy/Analysis/2997718.htm'}, {'date': '2026-09-12', 'match': '甘冈 vs 阿纳西', 'score': '2-1', 'selected_team': '甘冈', 'settlement': '红', 'water': 0.8, 'pnl_1u': 0.8, 'roi': 0.8, 'line': '0.25', 'action': '网页可投', 'source': 'https://m.titan007.com/analy/Analysis/2997720.htm'}, {'date': '2026-09-14', 'match': '红星 vs 梅斯', 'score': '1-0', 'selected_team': '红星', 'settlement': '红', 'water': 0.82, 'pnl_1u': 0.82, 'roi': 0.82, 'line': '', 'action': '网页可投（最新版冻结）', 'source': 'https://m.titan007.com/analy/Analysis/2997723.htm'}, {'date': '2026-09-18', 'match': '拉瓦勒 vs 索肖', 'score': '1-1', 'selected_team': '拉瓦勒', 'settlement': '半黑', 'water': 1.03, 'pnl_1u': -0.5, 'roi': -0.5, 'line': '0.25', 'action': '网页可投（最新版冻结）', 'source': 'https://m.titan007.com/analy/Analysis/2997730.htm'}]"
V3,2026-10-09,2997742,法乙,时间待核,索肖 vs 布洛涅,无，不投,,6,5,0,0,1,0,0.90909091,3.94,0.65666667,6,,,list_date < 2026-10-09,"[{'date': '2026-09-05', 'match': '兰斯 vs 甘冈', 'score': '2-2', 'selected_team': '甘冈', 'settlement': '红', 'water': 0.99, 'pnl_1u': 0.99, 'roi': 0.99, 'line': '0.75', 'action': '网页半仓可投', 'source': 'https://github.com/simondongxiao/odds/blob/main/ledger/yesterday_official_settlement_2026-09-05.csv'}, {'date': '2026-09-05', 'match': '梅斯 vs 罗德兹', 'score': '4-1', 'selected_team': '梅斯', 'settlement': '红', 'water': 0.81, 'pnl_1u': 0.81, 'roi': 0.81, 'line': '0.25', 'action': '网页半仓可投', 'source': 'https://github.com/simondongxiao/odds/blob/main/ledger/yesterday_official_settlement_2026-09-05.csv'}, {'date': '2026-09-11', 'match': '第戎 vs 拉瓦勒', 'score': '3-2', 'selected_team': '第戎', 'settlement': '红', 'water': 1.02, 'pnl_1u': 1.02, 'roi': 1.02, 'line': '0.5', 'action': '网页半仓可投', 'source': 'https://m.titan007.com/analy/Analysis/2997718.htm'}, {'date': '2026-09-12', 'match': '甘冈 vs 阿纳西', 'score': '2-1', 'selected_team': '甘冈', 'settlement': '红', 'water': 0.8, 'pnl_1u': 0.8, 'roi': 0.8, 'line': '0.25', 'action': '网页可投', 'source': 'https://m.titan007.com/analy/Analysis/2997720.htm'}, {'date': '2026-09-14', 'match': '红星 vs 梅斯', 'score': '1-0', 'selected_team': '红星', 'settlement': '红', 'water': 0.82, 'pnl_1u': 0.82, 'roi': 0.82, 'line': '', 'action': '网页可投（最新版冻结）', 'source': 'https://m.titan007.com/analy/Analysis/2997723.htm'}, {'date': '2026-09-18', 'match': '拉瓦勒 vs 索肖', 'score': '1-1', 'selected_team': '拉瓦勒', 'settlement': '半黑', 'water': 1.03, 'pnl_1u': -0.5, 'roi': -0.5, 'line': '0.25', 'action': '网页可投（最新版冻结）', 'source': 'https://m.titan007.com/analy/Analysis/2997730.htm'}]"
V3,2026-10-09,3010440,罗甲,时间待核,圣格奥尔基塞普西 vs 布加勒斯特迪纳摩,,,0,0,0,0,0,0,,,,0,,,list_date < 2026-10-09,[]
V3,2026-10-09,2996494,荷乙,时间待核,阿尔梅勒城 vs FC埃因霍温,FC埃因霍温,lower,6,2,0,0,0,4,0.33333333,-3.16,-0.52666667,6,,,list_date < 2026-10-09,"[{'date': '2026-09-11', 'match': '芬洛 vs 奥斯', 'score': '3-1', 'selected_team': '芬洛', 'settlement': '红', 'water': 0.84, 'pnl_1u': 0.84, 'roi': 0.84, 'line': '0.5', 'action': '网页可投', 'source': 'https://m.titan007.com/analy/Analysis/2996461.htm'}, {'date': '2026-09-18', 'match': '瓦尔韦克 vs 马斯特里赫特', 'score': '6-1', 'selected_team': '马斯特里赫特', 'settlement': '黑', 'water': 0.98, 'pnl_1u': -1.0, 'roi': -1.0, 'line': '0.75', 'action': '网页可投（最新版冻结）', 'source': 'https://m.titan007.com/analy/Analysis/2996471.htm'}, {'date': '2026-09-18', 'match': '邓伯什 vs 赫尔蒙德', 'score': '2-1', 'selected_team': '赫尔蒙德', 'settlement': '黑', 'water': 1.02, 'pnl_1u': -1.0, 'roi': -1.0, 'line': '0.5', 'action': '网页可投（最新版冻结）', 'source': 'https://m.titan007.com/analy/Analysis/2996465.htm'}, {'date': '2026-09-25', 'match': '多德勒支 vs 阿尔梅勒城', 'score': '3-2', 'selected_team': '阿尔梅勒城', 'settlement': '黑', 'water': 0.83, 'pnl_1u': -1.0, 'roi': -1.0, 'line': '-0.25', 'action': '网页可投（最新版冻结）', 'source': 'https://simondongxiao.github.io/odds/v3-legacy/'}, {'date': '2026-09-27', 'match': '格拉夫夏普 vs 邓伯什', 'score': '1-0', 'selected_team': '邓伯什', 'settlement': '黑', 'water': 0.91, 'pnl_1u': -1.0, 'roi': -1.0, 'line': '0.5', 'action': '网页可投（最新版冻结）', 'source': 'https://simondongxiao.github.io/odds/v3-legacy/'}, {'date': '2026-10-04', 'match': '芬洛 vs 罗达JC', 'score': '2-0', 'selected_team': '芬洛', 'settlement': '红', 'water': 0.83, 'pnl_1u': 0.0, 'roi': 0.0, 'line': '', 'action': '网页可投', 'source': 'D:\\codex\\v3_legacy\\outputs\\football_odds_trader\\raw\\titan007\\20261004\\20261004_135431_titan007_odds_snapshot.csv'}]"
V3,2026-10-09,2996495,荷乙,时间待核,格拉夫夏普 vs 乌德勒支青年队,,,6,2,0,0,0,4,0.33333333,-3.16,-0.52666667,6,,,list_date < 2026-10-09,"[{'date': '2026-09-11', 'match': '芬洛 vs 奥斯', 'score': '3-1', 'selected_team': '芬洛', 'settlement': '红', 'water': 0.84, 'pnl_1u': 0.84, 'roi': 0.84, 'line': '0.5', 'action': '网页可投', 'source': 'https://m.titan007.com/analy/Analysis/2996461.htm'}, {'date': '2026-09-18', 'match': '瓦尔韦克 vs 马斯特里赫特', 'score': '6-1', 'selected_team': '马斯特里赫特', 'settlement': '黑', 'water': 0.98, 'pnl_1u': -1.0, 'roi': -1.0, 'line': '0.75', 'action': '网页可投（最新版冻结）', 'source': 'https://m.titan007.com/analy/Analysis/2996471.htm'}, {'date': '2026-09-18', 'match': '邓伯什 vs 赫尔蒙德', 'score': '2-1', 'selected_team': '赫尔蒙德', 'settlement': '黑', 'water': 1.02, 'pnl_1u': -1.0, 'roi': -1.0, 'line': '0.5', 'action': '网页可投（最新版冻结）', 'source': 'https://m.titan007.com/analy/Analysis/2996465.htm'}, {'date': '2026-09-25', 'match': '多德勒支 vs 阿尔梅勒城', 'score': '3-2', 'selected_team': '阿尔梅勒城', 'settlement': '黑', 'water': 0.83, 'pnl_1u': -1.0, 'roi': -1.0, 'line': '-0.25', 'action': '网页可投（最新版冻结）', 'source': 'https://simondongxiao.github.io/odds/v3-legacy/'}, {'date': '2026-09-27', 'match': '格拉夫夏普 vs 邓伯什', 'score': '1-0', 'selected_team': '邓伯什', 'settlement': '黑', 'water': 0.91, 'pnl_1u': -1.0, 'roi': -1.0, 'line': '0.5', 'action': '网页可投（最新版冻结）', 'source': 'https://simondongxiao.github.io/odds/v3-legacy/'}, {'date': '2026-10-04', 'match': '芬洛 vs 罗达JC', 'score': '2-0', 'selected_team': '芬洛', 'settlement': '红', 'water': 0.83, 'pnl_1u': 0.0, 'roi': 0.0, 'line': '', 'action': '网页可投', 'source': 'D:\\codex\\v3_legacy\\outputs\\football_odds_trader\\raw\\titan007\\20261004\\20261004_135431_titan007_odds_snapshot.csv'}]"
V3,2026-10-09,2996496,荷乙,时间待核,多德勒支 vs 埃门,无，不投,,6,2,0,0,0,4,0.33333333,-3.16,-0.52666667,6,,,list_date < 2026-10-09,"[{'date': '2026-09-11', 'match': '芬洛 vs 奥斯', 'score': '3-1', 'selected_team': '芬洛', 'settlement': '红', 'water': 0.84, 'pnl_1u': 0.84, 'roi': 0.84, 'line': '0.5', 'action': '网页可投', 'source': 'https://m.titan007.com/analy/Analysis/2996461.htm'}, {'date': '2026-09-18', 'match': '瓦尔韦克 vs 马斯特里赫特', 'score': '6-1', 'selected_team': '马斯特里赫特', 'settlement': '黑', 'water': 0.98, 'pnl_1u': -1.0, 'roi': -1.0, 'line': '0.75', 'action': '网页可投（最新版冻结）', 'source': 'https://m.titan007.com/analy/Analysis/2996471.htm'}, {'date': '2026-09-18', 'match': '邓伯什 vs 赫尔蒙德', 'score': '2-1', 'selected_team': '赫尔蒙德', 'settlement': '黑', 'water': 1.02, 'pnl_1u': -1.0, 'roi': -1.0, 'line': '0.5', 'action': '网页可投（最新版冻结）', 'source': 'https://m.titan007.com/analy/Analysis/2996465.htm'}, {'date': '2026-09-25', 'match': '多德勒支 vs 阿尔梅勒城', 'score': '3-2', 'selected_team': '阿尔梅勒城', 'settlement': '黑', 'water': 0.83, 'pnl_1u': -1.0, 'roi': -1.0, 'line': '-0.25', 'action': '网页可投（最新版冻结）', 'source': 'https://simondongxiao.github.io/odds/v3-legacy/'}, {'date': '2026-09-27', 'match': '格拉夫夏普 vs 邓伯什', 'score': '1-0', 'selected_team': '邓伯什', 'settlement': '黑', 'water': 0.91, 'pnl_1u': -1.0, 'roi': -1.0, 'line': '0.5', 'action': '网页可投（最新版冻结）', 'source': 'https://simondongxiao.github.io/odds/v3-legacy/'}, {'date': '2026-10-04', 'match': '芬洛 vs 罗达JC', 'score': '2-0', 'selected_team': '芬洛', 'settlement': '红', 'water': 0.83, 'pnl_1u': 0.0, 'roi': 0.0, 'line': '', 'action': '网页可投', 'source': 'D:\\codex\\v3_legacy\\outputs\\football_odds_trader\\raw\\titan007\\20261004\\20261004_135431_titan007_odds_snapshot.csv'}]"
V3,2026-10-09,2996497,荷乙,时间待核,福伦丹 vs 维特斯,福伦丹,upper,6,2,0,0,0,4,0.33333333,-3.16,-0.52666667,6,,,list_date < 2026-10-09,"[{'date': '2026-09-11', 'match': '芬洛 vs 奥斯', 'score': '3-1', 'selected_team': '芬洛', 'settlement': '红', 'water': 0.84, 'pnl_1u': 0.84, 'roi': 0.84, 'line': '0.5', 'action': '网页可投', 'source': 'https://m.titan007.com/analy/Analysis/2996461.htm'}, {'date': '2026-09-18', 'match': '瓦尔韦克 vs 马斯特里赫特', 'score': '6-1', 'selected_team': '马斯特里赫特', 'settlement': '黑', 'water': 0.98, 'pnl_1u': -1.0, 'roi': -1.0, 'line': '0.75', 'action': '网页可投（最新版冻结）', 'source': 'https://m.titan007.com/analy/Analysis/2996471.htm'}, {'date': '2026-09-18', 'match': '邓伯什 vs 赫尔蒙德', 'score': '2-1', 'selected_team': '赫尔蒙德', 'settlement': '黑', 'water': 1.02, 'pnl_1u': -1.0, 'roi': -1.0, 'line': '0.5', 'action': '网页可投（最新版冻结）', 'source': 'https://m.titan007.com/analy/Analysis/2996465.htm'}, {'date': '2026-09-25', 'match': '多德勒支 vs 阿尔梅勒城', 'score': '3-2', 'selected_team': '阿尔梅勒城', 'settlement': '黑', 'water': 0.83, 'pnl_1u': -1.0, 'roi': -1.0, 'line': '-0.25', 'action': '网页可投（最新版冻结）', 'source': 'https://simondongxiao.github.io/odds/v3-legacy/'}, {'date': '2026-09-27', 'match': '格拉夫夏普 vs 邓伯什', 'score': '1-0', 'selected_team': '邓伯什', 'settlement': '黑', 'water': 0.91, 'pnl_1u': -1.0, 'roi': -1.0, 'line': '0.5', 'action': '网页可投（最新版冻结）', 'source': 'https://simondongxiao.github.io/odds/v3-legacy/'}, {'date': '2026-10-04', 'match': '芬洛 vs 罗达JC', 'score': '2-0', 'selected_team': '芬洛', 'settlement': '红', 'water': 0.83, 'pnl_1u': 0.0, 'roi': 0.0, 'line': '', 'action': '网页可投', 'source': 'D:\\codex\\v3_legacy\\outputs\\football_odds_trader\\raw\\titan007\\20261004\\20261004_135431_titan007_odds_snapshot.csv'}]"
V3,2026-10-09,2996498,荷乙,时间待核,赫拉克勒斯 vs 瓦尔韦克,赫拉克勒斯,upper,6,2,0,0,0,4,0.33333333,-3.16,-0.52666667,6,,,list_date < 2026-10-09,"[{'date': '2026-09-11', 'match': '芬洛 vs 奥斯', 'score': '3-1', 'selected_team': '芬洛', 'settlement': '红', 'water': 0.84, 'pnl_1u': 0.84, 'roi': 0.84, 'line': '0.5', 'action': '网页可投', 'source': 'https://m.titan007.com/analy/Analysis/2996461.htm'}, {'date': '2026-09-18', 'match': '瓦尔韦克 vs 马斯特里赫特', 'score': '6-1', 'selected_team': '马斯特里赫特', 'settlement': '黑', 'water': 0.98, 'pnl_1u': -1.0, 'roi': -1.0, 'line': '0.75', 'action': '网页可投（最新版冻结）', 'source': 'https://m.titan007.com/analy/Analysis/2996471.htm'}, {'date': '2026-09-18', 'match': '邓伯什 vs 赫尔蒙德', 'score': '2-1', 'selected_team': '赫尔蒙德', 'settlement': '黑', 'water': 1.02, 'pnl_1u': -1.0, 'roi': -1.0, 'line': '0.5', 'action': '网页可投（最新版冻结）', 'source': 'https://m.titan007.com/analy/Analysis/2996465.htm'}, {'date': '2026-09-25', 'match': '多德勒支 vs 阿尔梅勒城', 'score': '3-2', 'selected_team': '阿尔梅勒城', 'settlement': '黑', 'water': 0.83, 'pnl_1u': -1.0, 'roi': -1.0, 'line': '-0.25', 'action': '网页可投（最新版冻结）', 'source': 'https://simondongxiao.github.io/odds/v3-legacy/'}, {'date': '2026-09-27', 'match': '格拉夫夏普 vs 邓伯什', 'score': '1-0', 'selected_team': '邓伯什', 'settlement': '黑', 'water': 0.91, 'pnl_1u': -1.0, 'roi': -1.0, 'line': '0.5', 'action': '网页可投（最新版冻结）', 'source': 'https://simondongxiao.github.io/odds/v3-legacy/'}, {'date': '2026-10-04', 'match': '芬洛 vs 罗达JC', 'score': '2-0', 'selected_team': '芬洛', 'settlement': '红', 'water': 0.83, 'pnl_1u': 0.0, 'roi': 0.0, 'line': '', 'action': '网页可投', 'source': 'D:\\codex\\v3_legacy\\outputs\\football_odds_trader\\raw\\titan007\\20261004\\20261004_135431_titan007_odds_snapshot.csv'}]"
V3,2026-10-09,2996499,荷乙,时间待核,阿贾克斯青年队 vs 芬洛,,,6,2,0,0,0,4,0.33333333,-3.16,-0.52666667,6,,,list_date < 2026-10-09,"[{'date': '2026-09-11', 'match': '芬洛 vs 奥斯', 'score': '3-1', 'selected_team': '芬洛', 'settlement': '红', 'water': 0.84, 'pnl_1u': 0.84, 'roi': 0.84, 'line': '0.5', 'action': '网页可投', 'source': 'https://m.titan007.com/analy/Analysis/2996461.htm'}, {'date': '2026-09-18', 'match': '瓦尔韦克 vs 马斯特里赫特', 'score': '6-1', 'selected_team': '马斯特里赫特', 'settlement': '黑', 'water': 0.98, 'pnl_1u': -1.0, 'roi': -1.0, 'line': '0.75', 'action': '网页可投（最新版冻结）', 'source': 'https://m.titan007.com/analy/Analysis/2996471.htm'}, {'date': '2026-09-18', 'match': '邓伯什 vs 赫尔蒙德', 'score': '2-1', 'selected_team': '赫尔蒙德', 'settlement': '黑', 'water': 1.02, 'pnl_1u': -1.0, 'roi': -1.0, 'line': '0.5', 'action': '网页可投（最新版冻结）', 'source': 'https://m.titan007.com/analy/Analysis/2996465.htm'}, {'date': '2026-09-25', 'match': '多德勒支 vs 阿尔梅勒城', 'score': '3-2', 'selected_team': '阿尔梅勒城', 'settlement': '黑', 'water': 0.83, 'pnl_1u': -1.0, 'roi': -1.0, 'line': '-0.25', 'action': '网页可投（最新版冻结）', 'source': 'https://simondongxiao.github.io/odds/v3-legacy/'}, {'date': '2026-09-27', 'match': '格拉夫夏普 vs 邓伯什', 'score': '1-0', 'selected_team': '邓伯什', 'settlement': '黑', 'water': 0.91, 'pnl_1u': -1.0, 'roi': -1.0, 'line': '0.5', 'action': '网页可投（最新版冻结）', 'source': 'https://simondongxiao.github.io/odds/v3-legacy/'}, {'date': '2026-10-04', 'match': '芬洛 vs 罗达JC', 'score': '2-0', 'selected_team': '芬洛', 'settlement': '红', 'water': 0.83, 'pnl_1u': 0.0, 'roi': 0.0, 'line': '', 'action': '网页可投', 'source': 'D:\\codex\\v3_legacy\\outputs\\football_odds_trader\\raw\\titan007\\20261004\\20261004_135431_titan007_odds_snapshot.csv'}]"
V3,2026-10-09,2996500,荷乙,时间待核,阿尔克马尔青年队 vs 邓伯什,,,6,2,0,0,0,4,0.33333333,-3.16,-0.52666667,6,,,list_date < 2026-10-09,"[{'date': '2026-09-11', 'match': '芬洛 vs 奥斯', 'score': '3-1', 'selected_team': '芬洛', 'settlement': '红', 'water': 0.84, 'pnl_1u': 0.84, 'roi': 0.84, 'line': '0.5', 'action': '网页可投', 'source': 'https://m.titan007.com/analy/Analysis/2996461.htm'}, {'date': '2026-09-18', 'match': '瓦尔韦克 vs 马斯特里赫特', 'score': '6-1', 'selected_team': '马斯特里赫特', 'settlement': '黑', 'water': 0.98, 'pnl_1u': -1.0, 'roi': -1.0, 'line': '0.75', 'action': '网页可投（最新版冻结）', 'source': 'https://m.titan007.com/analy/Analysis/2996471.htm'}, {'date': '2026-09-18', 'match': '邓伯什 vs 赫尔蒙德', 'score': '2-1', 'selected_team': '赫尔蒙德', 'settlement': '黑', 'water': 1.02, 'pnl_1u': -1.0, 'roi': -1.0, 'line': '0.5', 'action': '网页可投（最新版冻结）', 'source': 'https://m.titan007.com/analy/Analysis/2996465.htm'}, {'date': '2026-09-25', 'match': '多德勒支 vs 阿尔梅勒城', 'score': '3-2', 'selected_team': '阿尔梅勒城', 'settlement': '黑', 'water': 0.83, 'pnl_1u': -1.0, 'roi': -1.0, 'line': '-0.25', 'action': '网页可投（最新版冻结）', 'source': 'https://simondongxiao.github.io/odds/v3-legacy/'}, {'date': '2026-09-27', 'match': '格拉夫夏普 vs 邓伯什', 'score': '1-0', 'selected_team': '邓伯什', 'settlement': '黑', 'water': 0.91, 'pnl_1u': -1.0, 'roi': -1.0, 'line': '0.5', 'action': '网页可投（最新版冻结）', 'source': 'https://simondongxiao.github.io/odds/v3-legacy/'}, {'date': '2026-10-04', 'match': '芬洛 vs 罗达JC', 'score': '2-0', 'selected_team': '芬洛', 'settlement': '红', 'water': 0.83, 'pnl_1u': 0.0, 'roi': 0.0, 'line': '', 'action': '网页可投', 'source': 'D:\\codex\\v3_legacy\\outputs\\football_odds_trader\\raw\\titan007\\20261004\\20261004_135431_titan007_odds_snapshot.csv'}]"
V3,2026-10-09,2996501,荷乙,时间待核,布雷达 vs 马斯特里赫特,无，不投,,6,2,0,0,0,4,0.33333333,-3.16,-0.52666667,6,,,list_date < 2026-10-09,"[{'date': '2026-09-11', 'match': '芬洛 vs 奥斯', 'score': '3-1', 'selected_team': '芬洛', 'settlement': '红', 'water': 0.84, 'pnl_1u': 0.84, 'roi': 0.84, 'line': '0.5', 'action': '网页可投', 'source': 'https://m.titan007.com/analy/Analysis/2996461.htm'}, {'date': '2026-09-18', 'match': '瓦尔韦克 vs 马斯特里赫特', 'score': '6-1', 'selected_team': '马斯特里赫特', 'settlement': '黑', 'water': 0.98, 'pnl_1u': -1.0, 'roi': -1.0, 'line': '0.75', 'action': '网页可投（最新版冻结）', 'source': 'https://m.titan007.com/analy/Analysis/2996471.htm'}, {'date': '2026-09-18', 'match': '邓伯什 vs 赫尔蒙德', 'score': '2-1', 'selected_team': '赫尔蒙德', 'settlement': '黑', 'water': 1.02, 'pnl_1u': -1.0, 'roi': -1.0, 'line': '0.5', 'action': '网页可投（最新版冻结）', 'source': 'https://m.titan007.com/analy/Analysis/2996465.htm'}, {'date': '2026-09-25', 'match': '多德勒支 vs 阿尔梅勒城', 'score': '3-2', 'selected_team': '阿尔梅勒城', 'settlement': '黑', 'water': 0.83, 'pnl_1u': -1.0, 'roi': -1.0, 'line': '-0.25', 'action': '网页可投（最新版冻结）', 'source': 'https://simondongxiao.github.io/odds/v3-legacy/'}, {'date': '2026-09-27', 'match': '格拉夫夏普 vs 邓伯什', 'score': '1-0', 'selected_team': '邓伯什', 'settlement': '黑', 'water': 0.91, 'pnl_1u': -1.0, 'roi': -1.0, 'line': '0.5', 'action': '网页可投（最新版冻结）', 'source': 'https://simondongxiao.github.io/odds/v3-legacy/'}, {'date': '2026-10-04', 'match': '芬洛 vs 罗达JC', 'score': '2-0', 'selected_team': '芬洛', 'settlement': '红', 'water': 0.83, 'pnl_1u': 0.0, 'roi': 0.0, 'line': '', 'action': '网页可投', 'source': 'D:\\codex\\v3_legacy\\outputs\\football_odds_trader\\raw\\titan007\\20261004\\20261004_135431_titan007_odds_snapshot.csv'}]"
V3,2026-10-09,2996502,荷乙,时间待核,奥斯 vs 赫尔蒙德,无，不投,,6,2,0,0,0,4,0.33333333,-3.16,-0.52666667,6,,,list_date < 2026-10-09,"[{'date': '2026-09-11', 'match': '芬洛 vs 奥斯', 'score': '3-1', 'selected_team': '芬洛', 'settlement': '红', 'water': 0.84, 'pnl_1u': 0.84, 'roi': 0.84, 'line': '0.5', 'action': '网页可投', 'source': 'https://m.titan007.com/analy/Analysis/2996461.htm'}, {'date': '2026-09-18', 'match': '瓦尔韦克 vs 马斯特里赫特', 'score': '6-1', 'selected_team': '马斯特里赫特', 'settlement': '黑', 'water': 0.98, 'pnl_1u': -1.0, 'roi': -1.0, 'line': '0.75', 'action': '网页可投（最新版冻结）', 'source': 'https://m.titan007.com/analy/Analysis/2996471.htm'}, {'date': '2026-09-18', 'match': '邓伯什 vs 赫尔蒙德', 'score': '2-1', 'selected_team': '赫尔蒙德', 'settlement': '黑', 'water': 1.02, 'pnl_1u': -1.0, 'roi': -1.0, 'line': '0.5', 'action': '网页可投（最新版冻结）', 'source': 'https://m.titan007.com/analy/Analysis/2996465.htm'}, {'date': '2026-09-25', 'match': '多德勒支 vs 阿尔梅勒城', 'score': '3-2', 'selected_team': '阿尔梅勒城', 'settlement': '黑', 'water': 0.83, 'pnl_1u': -1.0, 'roi': -1.0, 'line': '-0.25', 'action': '网页可投（最新版冻结）', 'source': 'https://simondongxiao.github.io/odds/v3-legacy/'}, {'date': '2026-09-27', 'match': '格拉夫夏普 vs 邓伯什', 'score': '1-0', 'selected_team': '邓伯什', 'settlement': '黑', 'water': 0.91, 'pnl_1u': -1.0, 'roi': -1.0, 'line': '0.5', 'action': '网页可投（最新版冻结）', 'source': 'https://simondongxiao.github.io/odds/v3-legacy/'}, {'date': '2026-10-04', 'match': '芬洛 vs 罗达JC', 'score': '2-0', 'selected_team': '芬洛', 'settlement': '红', 'water': 0.83, 'pnl_1u': 0.0, 'roi': 0.0, 'line': '', 'action': '网页可投', 'source': 'D:\\codex\\v3_legacy\\outputs\\football_odds_trader\\raw\\titan007\\20261004\\20261004_135431_titan007_odds_snapshot.csv'}]"
V3,2026-10-09,2996503,荷乙,时间待核,罗达JC vs 埃因霍温青年队,,,6,2,0,0,0,4,0.33333333,-3.16,-0.52666667,6,,,list_date < 2026-10-09,"[{'date': '2026-09-11', 'match': '芬洛 vs 奥斯', 'score': '3-1', 'selected_team': '芬洛', 'settlement': '红', 'water': 0.84, 'pnl_1u': 0.84, 'roi': 0.84, 'line': '0.5', 'action': '网页可投', 'source': 'https://m.titan007.com/analy/Analysis/2996461.htm'}, {'date': '2026-09-18', 'match': '瓦尔韦克 vs 马斯特里赫特', 'score': '6-1', 'selected_team': '马斯特里赫特', 'settlement': '黑', 'water': 0.98, 'pnl_1u': -1.0, 'roi': -1.0, 'line': '0.75', 'action': '网页可投（最新版冻结）', 'source': 'https://m.titan007.com/analy/Analysis/2996471.htm'}, {'date': '2026-09-18', 'match': '邓伯什 vs 赫尔蒙德', 'score': '2-1', 'selected_team': '赫尔蒙德', 'settlement': '黑', 'water': 1.02, 'pnl_1u': -1.0, 'roi': -1.0, 'line': '0.5', 'action': '网页可投（最新版冻结）', 'source': 'https://m.titan007.com/analy/Analysis/2996465.htm'}, {'date': '2026-09-25', 'match': '多德勒支 vs 阿尔梅勒城', 'score': '3-2', 'selected_team': '阿尔梅勒城', 'settlement': '黑', 'water': 0.83, 'pnl_1u': -1.0, 'roi': -1.0, 'line': '-0.25', 'action': '网页可投（最新版冻结）', 'source': 'https://simondongxiao.github.io/odds/v3-legacy/'}, {'date': '2026-09-27', 'match': '格拉夫夏普 vs 邓伯什', 'score': '1-0', 'selected_team': '邓伯什', 'settlement': '黑', 'water': 0.91, 'pnl_1u': -1.0, 'roi': -1.0, 'line': '0.5', 'action': '网页可投（最新版冻结）', 'source': 'https://simondongxiao.github.io/odds/v3-legacy/'}, {'date': '2026-10-04', 'match': '芬洛 vs 罗达JC', 'score': '2-0', 'selected_team': '芬洛', 'settlement': '红', 'water': 0.83, 'pnl_1u': 0.0, 'roi': 0.0, 'line': '', 'action': '网页可投', 'source': 'D:\\codex\\v3_legacy\\outputs\\football_odds_trader\\raw\\titan007\\20261004\\20261004_135431_titan007_odds_snapshot.csv'}]"
V3,2026-10-09,3005399,比乙,时间待核,安德莱赫特B队 vs 欧本,安德莱赫特B队,lower,5,2,1,0,1,1,0.625,0.515,0.103,5,,,list_date < 2026-10-09,"[{'date': '2026-09-04', 'match': '比斯查 vs 艾斯登', 'score': '4-2', 'selected_team': '比斯查', 'settlement': '红', 'water': 0.78, 'pnl_1u': 0.78, 'roi': 0.78, 'line': '0.75', 'action': '网页可投', 'source': 'https://simondongxiao.github.io/odds/'}, {'date': '2026-09-12', 'match': '安德莱赫特B队 vs 洛克伦', 'score': '2-6', 'selected_team': '洛克伦', 'settlement': '红', 'water': 0.83, 'pnl_1u': 0.83, 'roi': 0.83, 'line': '-0.25', 'action': '网页可投', 'source': 'https://m.titan007.com/analy/Analysis/3005387.htm'}, {'date': '2026-09-13', 'match': 'RFC列日 vs 布鲁日B队', 'score': '4-4', 'selected_team': 'RFC列日', 'settlement': '半黑', 'water': 0.83, 'pnl_1u': -0.5, 'roi': -0.5, 'line': '0.25', 'action': '网页可投', 'source': 'https://m.titan007.com/analy/Analysis/3005390.htm'}, {'date': '2026-09-19', 'match': '哈塞尔特 vs 比斯查', 'score': '0-1', 'selected_team': '哈塞尔特', 'settlement': '黑', 'water': 0.96, 'pnl_1u': -1.0, 'roi': -1.0, 'line': '-0.25', 'action': '网页可投（最新版冻结）', 'source': 'https://m.titan007.com/analy/Analysis/3005396.htm'}, {'date': '2026-09-20', 'match': '登德 vs 艾斯登', 'score': '1-0', 'selected_team': '登德', 'settlement': '半红', 'water': 0.81, 'pnl_1u': 0.405, 'roi': 0.405, 'line': '0.75', 'action': '网页可投（最新版冻结）', 'source': 'https://m.titan007.com/analy/Analysis/3005398.htm'}]"
V3,2026-10-09,3005401,比乙,时间待核,登德 vs 布鲁日B队,无，不投,,5,2,1,0,1,1,0.625,0.515,0.103,5,,,list_date < 2026-10-09,"[{'date': '2026-09-04', 'match': '比斯查 vs 艾斯登', 'score': '4-2', 'selected_team': '比斯查', 'settlement': '红', 'water': 0.78, 'pnl_1u': 0.78, 'roi': 0.78, 'line': '0.75', 'action': '网页可投', 'source': 'https://simondongxiao.github.io/odds/'}, {'date': '2026-09-12', 'match': '安德莱赫特B队 vs 洛克伦', 'score': '2-6', 'selected_team': '洛克伦', 'settlement': '红', 'water': 0.83, 'pnl_1u': 0.83, 'roi': 0.83, 'line': '-0.25', 'action': '网页可投', 'source': 'https://m.titan007.com/analy/Analysis/3005387.htm'}, {'date': '2026-09-13', 'match': 'RFC列日 vs 布鲁日B队', 'score': '4-4', 'selected_team': 'RFC列日', 'settlement': '半黑', 'water': 0.83, 'pnl_1u': -0.5, 'roi': -0.5, 'line': '0.25', 'action': '网页可投', 'source': 'https://m.titan007.com/analy/Analysis/3005390.htm'}, {'date': '2026-09-19', 'match': '哈塞尔特 vs 比斯查', 'score': '0-1', 'selected_team': '哈塞尔特', 'settlement': '黑', 'water': 0.96, 'pnl_1u': -1.0, 'roi': -1.0, 'line': '-0.25', 'action': '网页可投（最新版冻结）', 'source': 'https://m.titan007.com/analy/Analysis/3005396.htm'}, {'date': '2026-09-20', 'match': '登德 vs 艾斯登', 'score': '1-0', 'selected_team': '登德', 'settlement': '半红', 'water': 0.81, 'pnl_1u': 0.405, 'roi': 0.405, 'line': '0.75', 'action': '网页可投（最新版冻结）', 'source': 'https://m.titan007.com/analy/Analysis/3005398.htm'}]"
V3,2026-10-09,3021633,马耳甲,时间待核,莫斯塔FC vs 比尔泽布瓜,,,0,0,0,0,0,0,,,,0,,,list_date < 2026-10-09,[]
V3,2026-10-09,3096633,厄瓜甲,时间待核,利伯塔德洛哈 vs 北莱昂内斯,利伯塔德洛哈,upper,6,2,1,0,1,2,0.5,-0.305,-0.05083333,6,,,list_date < 2026-10-09,"[{'date': '2026-09-01', 'match': '基多体育大学 vs 穆苏克鲁纳', 'score': '0-0', 'selected_team': '基多体育大学', 'settlement': '黑', 'water': 0.83, 'pnl_1u': -1.0, 'roi': -1.0, 'line': '0.75', 'action': '网页可投', 'source': 'https://simondongxiao.github.io/odds/'}, {'date': '2026-09-02', 'match': '马卡拉 vs 曼塔', 'score': '4-3', 'selected_team': '马卡拉', 'settlement': '半黑', 'water': 1.03, 'pnl_1u': -0.5, 'roi': -0.5, 'line': '1.25', 'action': '网页可投', 'source': 'https://simondongxiao.github.io/odds/'}, {'date': '2026-09-02', 'match': '库恩卡 vs 瓜亚基尔城', 'score': '1-0', 'selected_team': '库恩卡', 'settlement': '半红', 'water': 0.83, 'pnl_1u': 0.415, 'roi': 0.415, 'line': '0.75', 'action': '网页可投', 'source': 'https://simondongxiao.github.io/odds/'}, {'date': '2026-09-02', 'match': '瓜亚基尔巴塞罗那 vs 山谷独立', 'score': '2-1', 'selected_team': '瓜亚基尔巴塞罗那', 'settlement': '红', 'water': 0.94, 'pnl_1u': 0.94, 'roi': 0.94, 'line': '-0.5', 'action': '网页可投', 'source': 'https://simondongxiao.github.io/odds/'}, {'date': '2026-09-06', 'match': '德芬 vs 基多天主大学', 'score': '0-1', 'selected_team': '基多天主大学', 'settlement': '红', 'water': 0.84, 'pnl_1u': 0.84, 'roi': 0.84, 'line': '-0.25', 'action': '网页可投', 'source': 'https://simondongxiao.github.io/odds/'}, {'date': '2026-09-06', 'match': '库恩卡 vs 利伯塔德洛哈', 'score': '0-1', 'selected_team': '库恩卡', 'settlement': '黑', 'water': 0.98, 'pnl_1u': -1.0, 'roi': -1.0, 'line': '0.75', 'action': '网页可投', 'source': 'https://www.totalcorner.com/fr/league/view/101?copy=yes'}]"
V3,2026-10-09,3098131,世女欧预,时间待核,匈牙利女足 vs 荷兰女足,,,0,0,0,0,0,0,,,,0,,,list_date < 2026-10-09,[]
V3,2026-10-09,3098132,世女欧预,时间待核,北爱尔兰女足 vs 葡萄牙女足,,,0,0,0,0,0,0,,,,0,,,list_date < 2026-10-09,[]
V3,2026-10-09,3082015,西丁,时间待核,桑塔阿玛利亚 vs SP维拉弗朗卡,,,0,0,0,0,0,0,,,,0,,,list_date < 2026-10-09,[]
V3,2026-10-09,3069762,比U21,时间待核,比斯查U21 vs 哈塞尔特U21,,,0,0,0,0,0,0,,,,0,,,list_date < 2026-10-09,[]
V3,2026-10-09,3069764,比U21,时间待核,FC列日U21 vs 拉路维尔U21,,,0,0,0,0,0,0,,,,0,,,list_date < 2026-10-09,[]
V3,2026-10-09,3069813,比U21,时间待核,RFC色森U21 vs 利亚斯U21,,,0,0,0,0,0,0,,,,0,,,list_date < 2026-10-09,[]
V3,2026-10-09,3098055,德戊,时间待核,什未林梅克伦堡 vs 罗斯托克B队,,,0,0,0,0,0,0,,,,0,,,list_date < 2026-10-09,[]
V3,2026-10-09,3098058,德戊,时间待核,TUS贝尔森布吕克 vs 前进诺德霍恩,,,0,0,0,0,0,0,,,,0,,,list_date < 2026-10-09,[]
V3,2026-10-09,3098059,德戊,时间待核,威廉港 vs 托斯布劳韦斯洛恩,,,0,0,0,0,0,0,,,,0,,,list_date < 2026-10-09,[]
V3,2026-10-09,3098073,德戊,时间待核,梅兹特海姆 vs 阿维韦勒,,,0,0,0,0,0,0,,,,0,,,list_date < 2026-10-09,[]
V3,2026-10-09,3098077,德戊,时间待核,博恩海姆 vs 诺因基兴,,,0,0,0,0,0,0,,,,0,,,list_date < 2026-10-09,[]
V3,2026-10-09,3062634,英U21杯,时间待核,修咸顿U21 vs 昆士柏流浪U21,,,0,0,0,0,0,0,,,,0,,,list_date < 2026-10-09,[]
V3,2026-10-09,3062646,英U21杯,时间待核,卡迪夫城U21 vs 莱切斯特城U21,,,0,0,0,0,0,0,,,,0,,,list_date < 2026-10-09,[]
V3,2026-10-09,3062659,英U21杯,时间待核,伯明翰U21 vs 哈德斯菲尔德U21,,,0,0,0,0,0,0,,,,0,,,list_date < 2026-10-09,[]
V3,2026-10-09,3062669,英U21杯,时间待核,纽卡斯尔联U21 vs 卢顿U21,,,0,0,0,0,0,0,,,,0,,,list_date < 2026-10-09,[]
V3,2026-10-09,3062670,英U21杯,时间待核,彼得堡联U21 vs 诺丁汉森林U21,,,0,0,0,0,0,0,,,,0,,,list_date < 2026-10-09,[]
V3,2026-10-09,3062682,英U21杯,时间待核,般尼U21 vs 普雷斯顿U21,,,0,0,0,0,0,0,,,,0,,,list_date < 2026-10-09,[]
V3,2026-10-09,3062683,英U21杯,时间待核,狼队U21 vs 弗利特伍德U21,,,0,0,0,0,0,0,,,,0,,,list_date < 2026-10-09,[]
V3,2026-10-09,3062694,英U21杯,时间待核,布莱顿U21 vs 谢菲尔德联队U21,,,0,0,0,0,0,0,,,,0,,,list_date < 2026-10-09,[]
V3,2026-10-09,3062695,英U21杯,时间待核,米禾尔U21 vs 西汉姆U21,,,0,0,0,0,0,0,,,,0,,,list_date < 2026-10-09,[]
V3,2026-10-09,3062705,英U21杯,时间待核,雷丁U21 vs 诺域治U21,,,0,0,0,0,0,0,,,,0,,,list_date < 2026-10-09,[]
V3,2026-10-09,3062717,英U21杯,时间待核,伊普斯维奇U21 vs 西布朗U21,,,0,0,0,0,0,0,,,,0,,,list_date < 2026-10-09,[]
V3,2026-10-09,3062728,英U21杯,时间待核,斯托克城U21 vs 查尔顿U21,,,0,0,0,0,0,0,,,,0,,,list_date < 2026-10-09,[]
V3,2026-10-09,3062736,英U21杯,时间待核,利兹联U21 vs 史托港U21,,,0,0,0,0,0,0,,,,0,,,list_date < 2026-10-09,[]
V3,2026-10-09,3100364,巴卡杯,时间待核,纳考 vs 马施利奥迪亚斯,纳考,lower,0,0,0,0,0,0,,,,0,,,list_date < 2026-10-09,[]
V3,2026-10-09,3098088,巴圣青联,时间待核,法林明高SP青年队 vs RB巴甘蒂诺青年队,,,0,0,0,0,0,0,,,,0,,,list_date < 2026-10-09,[]
V3,2026-10-09,3098089,巴圣青联,时间待核,桑堤斯塔青年队 vs 科林蒂安青年队,,,0,0,0,0,0,0,,,,0,,,list_date < 2026-10-09,[]
V3,2026-10-09,3098090,巴圣青联,时间待核,圣安德雷青年队 vs 佐云图斯AC青年队,,,0,0,0,0,0,0,,,,0,,,list_date < 2026-10-09,[]
V3,2026-10-09,3098091,巴圣青联,时间待核,斯菲拉青年队 vs 瓜拉尼青年队,,,0,0,0,0,0,0,,,,0,,,list_date < 2026-10-09,[]
V3,2026-10-09,3098339,国际友谊,时间待核,日本女足 vs 海地女足,,,0,0,0,0,0,0,,,,0,,,list_date < 2026-10-09,[]
V3,2026-10-09,3098072,里约乙,时间待核,贡卡伦斯 vs 阿特苏尔,,,0,0,0,0,0,0,,,,0,,,list_date < 2026-10-09,[]
V3,2026-10-09,3000950,瑞士甲,时间待核,卡鲁日星 vs 伊韦尔东,无，不投,,2,1,0,0,0,1,0.5,-0.2,-0.1,2,,,list_date < 2026-10-09,"[{'date': '2026-09-12', 'match': '阿劳 vs 克里恩斯', 'score': '2-2', 'selected_team': '阿劳', 'settlement': '黑', 'water': 0.8, 'pnl_1u': -1.0, 'roi': -1.0, 'line': '0.75', 'action': '网页可投', 'source': 'https://m.titan007.com/analy/Analysis/3000944.htm'}, {'date': '2026-09-18', 'match': '温特图尔 vs 阿劳', 'score': '2-1', 'selected_team': '温特图尔', 'settlement': '红', 'water': 0.8, 'pnl_1u': 0.8, 'roi': 0.8, 'line': '0.25', 'action': '网页可投（最新版冻结）', 'source': 'https://m.titan007.com/analy/Analysis/3000948.htm'}]"
V3,2026-10-09,3000953,瑞士甲,时间待核,尼奈斯 vs 阿劳,尼奈斯,lower,2,1,0,0,0,1,0.5,-0.2,-0.1,2,,,list_date < 2026-10-09,"[{'date': '2026-09-12', 'match': '阿劳 vs 克里恩斯', 'score': '2-2', 'selected_team': '阿劳', 'settlement': '黑', 'water': 0.8, 'pnl_1u': -1.0, 'roi': -1.0, 'line': '0.75', 'action': '网页可投', 'source': 'https://m.titan007.com/analy/Analysis/3000944.htm'}, {'date': '2026-09-18', 'match': '温特图尔 vs 阿劳', 'score': '2-1', 'selected_team': '温特图尔', 'settlement': '红', 'water': 0.8, 'pnl_1u': 0.8, 'roi': 0.8, 'line': '0.25', 'action': '网页可投（最新版冻结）', 'source': 'https://m.titan007.com/analy/Analysis/3000948.htm'}]"
V3,2026-10-09,3098133,世女欧预,时间待核,比利时女足 vs 波兰女足,,,0,0,0,0,0,0,,,,0,,,list_date < 2026-10-09,[]
V3,2026-10-09,3019780,瑞士丙,时间待核,波塔尔邦 vs 科夫拉纳,,,0,0,0,0,0,0,,,,0,,,list_date < 2026-10-09,[]
V3,2026-10-09,3018823,德甲,时间待核,多特蒙德 vs 云达不莱梅,云达不莱梅,lower,14,8,0,1,0,5,0.61538462,2.37,0.16928571,14,,高：历史有效胜率>55%,list_date < 2026-10-09,"[{'date': '2026-09-04', 'match': '斯图加特 vs 科隆', 'score': '4-1', 'selected_team': '斯图加特', 'settlement': '红', 'water': 0.81, 'pnl_1u': 0.81, 'roi': 0.81, 'line': '1.25', 'action': '网页可投', 'source': 'https://simondongxiao.github.io/odds/'}, {'date': '2026-09-05', 'match': '云达不莱梅 vs RB莱比锡', 'score': '3-1', 'selected_team': '云达不莱梅', 'settlement': '红', 'water': 0.94, 'pnl_1u': 0.94, 'roi': 0.94, 'line': '-0.75', 'action': '网页半仓可投', 'source': 'https://github.com/simondongxiao/odds/blob/main/ledger/yesterday_official_settlement_2026-09-05.csv'}, {'date': '2026-09-05', 'match': '勒沃库森 vs 柏林联合', 'score': '4-0', 'selected_team': '勒沃库森', 'settlement': '红', 'water': 0.84, 'pnl_1u': 0.84, 'roi': 0.84, 'line': '1.25', 'action': '网页半仓可投', 'source': 'https://github.com/simondongxiao/odds/blob/main/ledger/yesterday_official_settlement_2026-09-05.csv'}, {'date': '2026-09-05', 'match': '帕德博恩 vs 弗赖堡', 'score': '0-1', 'selected_team': '帕德博恩', 'settlement': '黑', 'water': 0.95, 'pnl_1u': -1.0, 'roi': -1.0, 'line': '-0.5', 'action': '网页半仓可投', 'source': 'https://github.com/simondongxiao/odds/blob/main/ledger/yesterday_official_settlement_2026-09-05.csv'}, {'date': '2026-09-05', 'match': '门兴格拉德巴赫 vs 埃弗斯堡', 'score': '3-4', 'selected_team': '门兴格拉德巴赫', 'settlement': '黑', 'water': 0.91, 'pnl_1u': -1.0, 'roi': -1.0, 'line': '0.5', 'action': '网页半仓可投', 'source': 'https://github.com/simondongxiao/odds/blob/main/ledger/yesterday_official_settlement_2026-09-05.csv'}, {'date': '2026-09-05', 'match': '霍芬海姆 vs 多特蒙德', 'score': '2-3', 'selected_team': '多特蒙德', 'settlement': '红', 'water': 0.9, 'pnl_1u': 0.9, 'roi': 0.9, 'line': '', 'action': '网页半仓可投', 'source': 'https://github.com/simondongxiao/odds/blob/main/ledger/yesterday_official_settlement_2026-09-05.csv'}, {'date': '2026-09-05', 'match': '沙尔克04 vs 拜仁慕尼黑', 'score': '0-0', 'selected_team': '拜仁慕尼黑', 'settlement': '黑', 'water': 1.04, 'pnl_1u': -1.0, 'roi': -1.0, 'line': '-2.5', 'action': '网页半仓可投', 'source': 'https://github.com/simondongxiao/odds/blob/main/ledger/yesterday_official_settlement_2026-09-05.csv'}, {'date': '2026-09-06', 'match': '汉堡 vs 美因茨', 'score': '0-5', 'selected_team': '美因茨', 'settlement': '红', 'water': 0.8, 'pnl_1u': 0.8, 'roi': 0.8, 'line': '', 'action': '网页半仓可投', 'source': 'https://simondongxiao.github.io/odds/'}, {'date': '2026-09-12', 'match': '多特蒙德 vs 帕德博恩', 'score': '3-0', 'selected_team': '多特蒙德', 'settlement': '红', 'water': 1.01, 'pnl_1u': 1.01, 'roi': 1.01, 'line': '2', 'action': '网页可投', 'source': 'https://m.titan007.com/analy/Analysis/3018805.htm'}, {'date': '2026-09-12', 'match': '霍芬海姆 vs 斯图加特', 'score': '2-1', 'selected_team': '霍芬海姆', 'settlement': '红', 'water': 1.06, 'pnl_1u': 1.06, 'roi': 1.06, 'line': '0.25', 'action': '网页可投', 'source': 'https://m.titan007.com/analy/Analysis/3018809.htm'}, {'date': '2026-09-13', 'match': '埃弗斯堡 vs 拜仁慕尼黑', 'score': '1-2', 'selected_team': '拜仁慕尼黑', 'settlement': '黑', 'water': 1, 'pnl_1u': -1.0, 'roi': -1.0, 'line': '-2.5', 'action': '网页可投', 'source': 'https://m.titan007.com/analy/Analysis/3018806.htm'}, {'date': '2026-09-18', 'match': '拜仁慕尼黑 vs 柏林联合', 'score': '7-0', 'selected_team': '拜仁慕尼黑', 'settlement': '红', 'water': 1.01, 'pnl_1u': 1.01, 'roi': 1.01, 'line': '3.75', 'action': '网页可投（最新版冻结）', 'source': 'https://m.titan007.com/analy/Analysis/3018814.htm'}, {'date': '2026-09-19', 'match': '法兰克福 vs 弗赖堡', 'score': '2-2', 'selected_team': '法兰克福', 'settlement': '走', 'water': 0.9, 'pnl_1u': 0.0, 'roi': 0.0, 'line': '', 'action': '网页可投（最新版冻结）', 'source': 'https://m.titan007.com/analy/Analysis/3018816.htm'}, {'date': '2026-09-19', 'match': '斯图加特 vs 多特蒙德', 'score': '0-1', 'selected_team': '斯图加特', 'settlement': '黑', 'water': 0.86, 'pnl_1u': -1.0, 'roi': -1.0, 'line': '0.25', 'action': '网页可投（最新版冻结）', 'source': 'https://m.titan007.com/analy/Analysis/3018820.htm'}]"
V3,2026-10-09,3040756,意乙,时间待核,阿维利诺 vs 桑普多利亚,无，不投,,7,4,1,0,1,1,0.75,2.24,0.32,7,,,list_date < 2026-10-09,"[{'date': '2026-09-05', 'match': '阿斯科利 vs 贝内文托', 'score': '1-0', 'selected_team': '阿斯科利', 'settlement': '红', 'water': 0.86, 'pnl_1u': 0.86, 'roi': 0.86, 'line': '', 'action': '网页半仓可投', 'source': 'https://github.com/simondongxiao/odds/blob/main/ledger/yesterday_official_settlement_2026-09-05.csv'}, {'date': '2026-09-06', 'match': '史泰比亚 vs 比萨', 'score': '0-3', 'selected_team': '比萨', 'settlement': '红', 'water': 0.82, 'pnl_1u': 0.82, 'roi': 0.82, 'line': '', 'action': '网页半仓可投', 'source': 'https://simondongxiao.github.io/odds/'}, {'date': '2026-09-06', 'match': '恩特拉 vs 维琴察', 'score': '2-2', 'selected_team': '恩特拉', 'settlement': '半黑', 'water': 0.83, 'pnl_1u': -0.5, 'roi': -0.5, 'line': '0.25', 'action': '网页半仓可投', 'source': 'https://simondongxiao.github.io/odds/'}, {'date': '2026-09-11', 'match': '比萨 vs 恩特拉', 'score': '1-4', 'selected_team': '比萨', 'settlement': '黑', 'water': 0.8, 'pnl_1u': -1.0, 'roi': -1.0, 'line': '0.5', 'action': '网页半仓可投', 'source': 'https://m.titan007.com/analy/Analysis/3040743.htm'}, {'date': '2026-09-13', 'match': '曼托瓦 vs 桑普多利亚', 'score': '2-0', 'selected_team': '曼托瓦', 'settlement': '红', 'water': 0.82, 'pnl_1u': 0.82, 'roi': 0.82, 'line': '0.25', 'action': '网页可投', 'source': 'https://m.titan007.com/analy/Analysis/3040741.htm'}, {'date': '2026-09-19', 'match': '阿斯科利 vs 阿维利诺', 'score': '3-1', 'selected_team': '阿斯科利', 'settlement': '红', 'water': 0.84, 'pnl_1u': 0.84, 'roi': 0.84, 'line': '0.5', 'action': '网页可投（最新版冻结）', 'source': 'https://m.titan007.com/analy/Analysis/3040746.htm'}, {'date': '2026-09-20', 'match': '摩德纳 vs 恩波利', 'score': '2-1', 'selected_team': '摩德纳', 'settlement': '半红', 'water': 0.8, 'pnl_1u': 0.4, 'roi': 0.4, 'line': '0.75', 'action': '网页可投（最新版冻结）', 'source': 'https://m.titan007.com/analy/Analysis/3040751.htm'}]"
V3,2026-10-09,3017916,奥乙,时间待核,第一维也纳 vs 圣珀尔滕,,,0,0,0,0,0,0,,,,0,,,list_date < 2026-10-09,[]
V3,2026-10-09,3003167,波兰超,时间待核,琴斯托霍瓦 vs GKS卡托威斯,,,0,0,0,0,0,0,,,,0,,,list_date < 2026-10-09,[]
V3,2026-10-09,3005003,波兰甲,时间待核,保德比斯基 vs 西德尔策,,,0,0,0,0,0,0,,,,0,,,list_date < 2026-10-09,[]
V3,2026-10-09,3050582,意丙,时间待核,布雷西亚 vs 韦尔切利,布雷西亚,upper,34,9,3,5,7,10,0.4375,-2.14,-0.06294118,34,严重：历史有效胜率<45%,严重：历史有效胜率<45%,list_date < 2026-10-09,"[{'date': '2026-09-05', 'match': '克罗托内 vs 巴勒塔', 'score': '2-2', 'selected_team': '克罗托内', 'settlement': '半黑', 'water': 0.75, 'pnl_1u': -0.5, 'roi': -0.5, 'line': '0.25', 'action': '网页半仓可投', 'source': 'https://github.com/simondongxiao/odds/blob/main/ledger/yesterday_official_settlement_2026-09-05.csv'}, {'date': '2026-09-05', 'match': '坎伯巴索 vs 古比奥', 'score': '2-4', 'selected_team': '坎伯巴索', 'settlement': '黑', 'water': 0.82, 'pnl_1u': -1.0, 'roi': -1.0, 'line': '0.5', 'action': '网页半仓可投', 'source': 'https://github.com/simondongxiao/odds/blob/main/ledger/yesterday_official_settlement_2026-09-05.csv'}, {'date': '2026-09-05', 'match': '巴里 vs 卡萨拉诺', 'score': '1-0', 'selected_team': '巴里', 'settlement': '红', 'water': 0.81, 'pnl_1u': 0.81, 'roi': 0.81, 'line': '0.25', 'action': '网页半仓可投', 'source': 'https://github.com/simondongxiao/odds/blob/main/ledger/yesterday_official_settlement_2026-09-05.csv'}, {'date': '2026-09-06', 'match': '萨勒尼塔纳 vs 卡维塞', 'score': '1-1', 'selected_team': '萨勒尼塔纳', 'settlement': '黑', 'water': 0.83, 'pnl_1u': -1.0, 'roi': -1.0, 'line': '0.5', 'action': '网页半仓可投', 'source': 'https://simondongxiao.github.io/odds/'}, {'date': '2026-09-06', 'match': '卡塞塔纳 vs 斯卡法塔森', 'score': '2-2', 'selected_team': '卡塞塔纳', 'settlement': '黑', 'water': 0.83, 'pnl_1u': -1.0, 'roi': -1.0, 'line': '0.5', 'action': '网页半仓可投', 'source': 'https://simondongxiao.github.io/odds/'}, {'date': '2026-09-12', 'match': '瓦多 vs 坎伯巴索', 'score': '0-1', 'selected_team': '坎伯巴索', 'settlement': '红', 'water': 0.8, 'pnl_1u': 0.8, 'roi': 0.8, 'line': '', 'action': '网页可投', 'source': 'https://m.titan007.com/analy/Analysis/3050920.htm'}, {'date': '2026-09-12', 'match': '斯佩齐亚 vs 利沃诺', 'score': '2-0', 'selected_team': '斯佩齐亚', 'settlement': '红', 'water': 0.8, 'pnl_1u': 0.8, 'roi': 0.8, 'line': '0.75', 'action': '网页可投', 'source': 'https://m.titan007.com/analy/Analysis/3050918.htm'}, {'date': '2026-09-12', 'match': '皮阿尼斯 vs 格罗瑟托', 'score': '0-0', 'selected_team': '皮阿尼斯', 'settlement': '走', 'water': 0.78, 'pnl_1u': 0.0, 'roi': 0.0, 'line': '', 'action': '网页可投', 'source': 'https://m.titan007.com/analy/Analysis/3050915.htm'}, {'date': '2026-09-13', 'match': '多洛米蒂贝卢诺 vs 阿尔比诺勒菲', 'score': '0-0', 'selected_team': '多洛米蒂贝卢诺', 'settlement': '走', 'water': 0.84, 'pnl_1u': 0.0, 'roi': 0.0, 'line': '', 'action': '网页可投', 'source': 'https://m.titan007.com/analy/Analysis/3050533.htm'}, {'date': '2026-09-13', 'match': 'US弗格尔 vs 阿尔希欧蕾', 'score': '2-3', 'selected_team': 'US弗格尔', 'settlement': '黑', 'water': 0.82, 'pnl_1u': -1.0, 'roi': -1.0, 'line': '', 'action': '网页可投', 'source': 'https://m.titan007.com/analy/Analysis/3050534.htm'}, {'date': '2026-09-13', 'match': '特伦托 vs 布雷西亚', 'score': '0-0', 'selected_team': '布雷西亚', 'settlement': '半黑', 'water': 0.78, 'pnl_1u': -0.5, 'roi': -0.5, 'line': '-0.25', 'action': '网页可投', 'source': 'https://m.titan007.com/analy/Analysis/3050539.htm'}, {'date': '2026-09-15', 'match': '巴勒塔 vs 萨勒尼塔纳', 'score': '1-1', 'selected_team': '萨勒尼塔纳', 'settlement': '半黑', 'water': 1.14, 'pnl_1u': -0.5, 'roi': -0.5, 'line': '-0.25', 'action': '网页可投（最新版冻结）', 'source': 'https://www.calciosalernitana.it/2026/09/15/barletta-salernitana-1-1-pari-e-rimpianti-celiento-riacciuffa-i-pugliesi/'}, {'date': '2026-09-15', 'match': '斯卡法塔森 vs 摩诺波利', 'score': '0-0', 'selected_team': '摩诺波利', 'settlement': '走', 'water': 0.8, 'pnl_1u': 0.0, 'roi': 0.0, 'line': '', 'action': '网页可投（最新版冻结）', 'source': 'https://www.scafatesecalcio.it/2026/09/15/pari-a-reti-inviolate-tra-scafatese-e-monopoli-termina-0-0-al-guariglia/'}, {'date': '2026-09-16', 'match': 'AS奥斯提亚马尔 vs 拉维纳', 'score': '0-1', 'selected_team': '拉维纳', 'settlement': '半红', 'water': 0.83, 'pnl_1u': 0.415, 'roi': 0.415, 'line': '-0.75', 'action': '网页可投（最新版冻结）', 'source': 'https://simondongxiao.github.io/odds/v3-legacy/'}, {'date': '2026-09-16', 'match': '拉蒂那 vs 圭多尼亚', 'score': '1-1', 'selected_team': '拉蒂那', 'settlement': '半黑', 'water': 0.84, 'pnl_1u': -0.5, 'roi': -0.5, 'line': '0.25', 'action': '网页可投（最新版冻结）', 'source': 'https://simondongxiao.github.io/odds/v3-legacy/'}, {'date': '2026-09-16', 'match': '皮内托 vs 福尔利', 'score': '1-1', 'selected_team': '皮内托', 'settlement': '走', 'water': 0.84, 'pnl_1u': 0.0, 'roi': 0.0, 'line': '', 'action': '网页可投（最新版冻结）', 'source': 'https://simondongxiao.github.io/odds/v3-legacy/'}, {'date': '2026-09-16', 'match': '比沙奴 vs 雷吉亚纳', 'score': '1-4', 'selected_team': '雷吉亚纳', 'settlement': '红', 'water': 0.82, 'pnl_1u': 0.82, 'roi': 0.82, 'line': '-0.5', 'action': '网页可投（最新版冻结）', 'source': 'https://simondongxiao.github.io/odds/v3-legacy/'}, {'date': '2026-09-17', 'match': '帕格特斯 vs US弗格尔', 'score': '0-0', 'selected_team': '帕格特斯', 'settlement': '走', 'water': 0.8, 'pnl_1u': 0.0, 'roi': 0.0, 'line': '', 'action': '网页可投（最新版冻结）', 'source': 'https://www.flashscore.com/match/football/italy/serie-c/'}, {'date': '2026-09-17', 'match': 'AC雷纳特 vs 多洛米蒂贝卢诺', 'score': '0-0', 'selected_team': 'AC雷纳特', 'settlement': '半黑', 'water': 0.78, 'pnl_1u': -0.5, 'roi': -0.5, 'line': '0.25', 'action': '网页可投（最新版冻结）', 'source': 'https://www.betstudy.com/soccer-stats/result/renate-dolomiti-bellunesi-19786799/'}, {'date': '2026-09-19', 'match': '卡塔尼亚 vs 巴勒塔', 'score': '0-0', 'selected_team': '卡塔尼亚', 'settlement': '黑', 'water': 0.83, 'pnl_1u': -1.0, 'roi': -1.0, 'line': '1', 'action': '网页可投（最新版冻结）', 'source': 'https://m.titan007.com/analy/Analysis/3051313.htm'}, {'date': '2026-09-20', 'match': '格罗瑟托 vs 佩鲁贾', 'score': '2-0', 'selected_team': '佩鲁贾', 'settlement': '黑', 'water': 1.03, 'pnl_1u': -1.0, 'roi': -1.0, 'line': '-0.25', 'action': '网页可投（最新版冻结）', 'source': 'https://m.titan007.com/analy/Analysis/3050934.htm'}, {'date': '2026-09-21', 'match': '斯佩齐亚 vs 比沙奴', 'score': '3-1', 'selected_team': '斯佩齐亚', 'settlement': '半红', 'water': 0.78, 'pnl_1u': 0.39, 'roi': 0.39, 'line': '1.75', 'action': '网页可投（最新版冻结）', 'source': 'https://www.titan007.com/'}, {'date': '2026-09-26', 'match': '吉安纳 vs 韦尔切利', 'score': '1-1', 'selected_team': '吉安纳', 'settlement': '半黑', 'water': 0.78, 'pnl_1u': -0.5, 'roi': -0.5, 'line': '0.25', 'action': '网页可投（最新版冻结）', 'source': 'https://simondongxiao.github.io/odds/v3-legacy/'}, {'date': '2026-09-26', 'match': '利沃诺 vs 皮阿尼斯', 'score': '3-2', 'selected_team': '利沃诺', 'settlement': '半红', 'water': 0.82, 'pnl_1u': 0.41, 'roi': 0.41, 'line': '0.75', 'action': '网页可投（最新版冻结）', 'source': 'https://simondongxiao.github.io/odds/v3-legacy/'}, {'date': '2026-09-27', 'match': '拉维纳 vs 古比奥', 'score': '2-0', 'selected_team': '拉维纳', 'settlement': '红', 'water': 0.83, 'pnl_1u': 0.83, 'roi': 0.83, 'line': '1.25', 'action': '网页可投（最新版冻结）', 'source': 'https://simondongxiao.github.io/odds/v3-legacy/'}, {'date': '2026-09-27', 'match': '斯卡法塔森 vs 阿尔塔穆拉', 'score': '2-0', 'selected_team': '斯卡法塔森', 'settlement': '红', 'water': 0.79, 'pnl_1u': 0.79, 'roi': 0.79, 'line': '0.5', 'action': '网页可投（最新版冻结）', 'source': 'https://simondongxiao.github.io/odds/v3-legacy/'}, {'date': '2026-09-27', 'match': '福贾 vs 索伦托卡西奥', 'score': '2-0', 'selected_team': '福贾', 'settlement': '红', 'water': 0.82, 'pnl_1u': 0.82, 'roi': 0.82, 'line': '0.25', 'action': '网页可投（最新版冻结）', 'source': 'https://simondongxiao.github.io/odds/v3-legacy/'}, {'date': '2026-09-27', 'match': '阿尔比诺勒菲 vs 阿尔希欧蕾', 'score': '1-1', 'selected_team': '阿尔比诺勒菲', 'settlement': '半黑', 'water': 0.8, 'pnl_1u': -0.5, 'roi': -0.5, 'line': '0.25', 'action': '网页可投（最新版冻结）', 'source': 'https://simondongxiao.github.io/odds/v3-legacy/'}, {'date': '2026-10-03', 'match': '瓦多 vs 福尔利', 'score': '1-0', 'selected_team': '福尔利', 'settlement': '黑', 'water': 0.78, 'pnl_1u': -1.0, 'roi': -1.0, 'line': '', 'action': '网页可投', 'source': 'D:\\codex\\v3_legacy\\outputs\\football_odds_trader\\raw\\titan007\\20261004\\20261004_084919_titan007_odds_snapshot.csv'}, {'date': '2026-10-03', 'match': '久加连奴 vs 巴勒塔', 'score': '1-0', 'selected_team': '久加连奴', 'settlement': '红', 'water': 0.84, 'pnl_1u': 0.84, 'roi': 0.84, 'line': '', 'action': '网页可投', 'source': 'D:\\codex\\v3_legacy\\outputs\\football_odds_trader\\raw\\titan007\\20261004\\20261004_084919_titan007_odds_snapshot.csv'}, {'date': '2026-10-03', 'match': 'US弗格尔 vs 加尔维纳', 'score': '1-2', 'selected_team': 'US弗格尔', 'settlement': '黑', 'water': 0.78, 'pnl_1u': -1.0, 'roi': -1.0, 'line': '0.25', 'action': '网页可投', 'source': 'D:\\codex\\v3_legacy\\outputs\\football_odds_trader\\raw\\titan007\\20261004\\20261004_084919_titan007_odds_snapshot.csv'}, {'date': '2026-10-03', 'match': '韦尔切利 vs 卡尔皮', 'score': '2-0', 'selected_team': '韦尔切利', 'settlement': '红', 'water': 0.83, 'pnl_1u': 0.83, 'roi': 0.83, 'line': '0.25', 'action': '网页可投', 'source': 'D:\\codex\\v3_legacy\\outputs\\football_odds_trader\\raw\\titan007\\20261004\\20261004_084919_titan007_odds_snapshot.csv'}, {'date': '2026-10-04', 'match': '特雷维索 vs 吉安纳', 'score': '0-0', 'selected_team': '特雷维索', 'settlement': '黑', 'water': 0.79, 'pnl_1u': 0.395, 'roi': 0.395, 'line': '0.5', 'action': '网页可投', 'source': 'D:\\codex\\v3_legacy\\outputs\\football_odds_trader\\raw\\titan007\\20261004\\20261004_135431_titan007_odds_snapshot.csv'}, {'date': '2026-10-04', 'match': '莱科 vs 布雷西亚', 'score': '2-2', 'selected_team': '布雷西亚', 'settlement': '黑', 'water': 0.82, 'pnl_1u': 0.41, 'roi': 0.41, 'line': '0.5', 'action': '网页可投', 'source': 'D:\\codex\\v3_legacy\\outputs\\football_odds_trader\\raw\\titan007\\20261004\\20261004_135431_titan007_odds_snapshot.csv'}]"
V3,2026-10-09,3079017,西丁,时间待核,多尼兹特贝 vs 艾古亚斯谷,,,0,0,0,0,0,0,,,,0,,,list_date < 2026-10-09,[]
V3,2026-10-09,3069765,比U21,时间待核,法郎波兰斯U21 vs 布鲁塞尔U21,,,0,0,0,0,0,0,,,,0,,,list_date < 2026-10-09,[]
V3,2026-10-09,3069766,比U21,时间待核,韦斯达路U21 vs 科特赖克U21,,,0,0,0,0,0,0,,,,0,,,list_date < 2026-10-09,[]
V3,2026-10-09,3070307,比女甲,时间待核,皇家白星女足 vs 海尔克哈塞尔特女足,,,0,0,0,0,0,0,,,,0,,,list_date < 2026-10-09,[]
V3,2026-10-09,3070308,比女甲,时间待核,维斯特洛女足 vs 梅赫伦女足,,,0,0,0,0,0,0,,,,0,,,list_date < 2026-10-09,[]
V3,2026-10-09,3100414,爱尔高联,时间待核,蒙彼利埃足球俱乐部 vs 托尔卡流浪,,,0,0,0,0,0,0,,,,0,,,list_date < 2026-10-09,[]
V3,2026-10-09,3021431,威冠南,时间待核,亚分利多 vs 斯旺西大学,,,0,0,0,0,0,0,,,,0,,,list_date < 2026-10-09,[]
V3,2026-10-09,3098098,国际友谊,时间待核,德国女足 vs 澳大利亚女足,,,0,0,0,0,0,0,,,,0,,,list_date < 2026-10-09,[]
V3,2026-10-09,2995354,法甲,时间待核,朗斯 vs 里昂,里昂,lower,13,5,1,1,1,5,0.5,-0.38,-0.02923077,13,,,list_date < 2026-10-09,"[{'date': '2026-09-03', 'match': '图卢兹 vs 里尔', 'score': '0-1', 'selected_team': '里尔', 'settlement': '红', 'water': 1.02, 'pnl_1u': 1.02, 'roi': 1.02, 'line': '-0.5', 'action': '网页可投', 'source': 'https://simondongxiao.github.io/odds/'}, {'date': '2026-09-04', 'match': '里昂 vs 欧塞尔', 'score': '3-1', 'selected_team': '里昂', 'settlement': '红', 'water': 0.82, 'pnl_1u': 0.82, 'roi': 0.82, 'line': '1.25', 'action': '网页可投', 'source': 'https://simondongxiao.github.io/odds/'}, {'date': '2026-09-04', 'match': '巴黎圣日耳曼 vs 摩纳哥', 'score': '1-2', 'selected_team': '巴黎圣日耳曼', 'settlement': '黑', 'water': 1, 'pnl_1u': -1.0, 'roi': -1.0, 'line': '1.5', 'action': '网页可投', 'source': 'https://simondongxiao.github.io/odds/'}, {'date': '2026-09-05', 'match': '朗斯 vs 洛里昂', 'score': '0-1', 'selected_team': '朗斯', 'settlement': '黑', 'water': 0.94, 'pnl_1u': -1.0, 'roi': -1.0, 'line': '1', 'action': '网页半仓可投', 'source': 'https://github.com/simondongxiao/odds/blob/main/ledger/yesterday_official_settlement_2026-09-05.csv'}, {'date': '2026-09-06', 'match': '马赛 vs 巴黎FC', 'score': '2-3', 'selected_team': '马赛', 'settlement': '黑', 'water': 0.87, 'pnl_1u': -1.0, 'roi': -1.0, 'line': '0.5', 'action': '网页半仓可投', 'source': 'https://simondongxiao.github.io/odds/'}, {'date': '2026-09-12', 'match': '斯特拉斯堡 vs 摩纳哥', 'score': '1-1', 'selected_team': '斯特拉斯堡', 'settlement': '半红', 'water': 1.02, 'pnl_1u': 0.51, 'roi': 0.51, 'line': '-0.25', 'action': '网页可投', 'source': 'https://m.titan007.com/analy/Analysis/2995343.htm'}, {'date': '2026-09-12', 'match': '勒阿弗尔 vs 昂热', 'score': '0-0', 'selected_team': '勒阿弗尔', 'settlement': '走', 'water': 0.9, 'pnl_1u': 0.0, 'roi': 0.0, 'line': '', 'action': '网页可投', 'source': 'https://m.titan007.com/analy/Analysis/2995337.htm'}, {'date': '2026-09-12', 'match': '洛里昂 vs 图卢兹', 'score': '2-2', 'selected_team': '洛里昂', 'settlement': '半黑', 'water': 0.8, 'pnl_1u': -0.5, 'roi': -0.5, 'line': '0.25', 'action': '网页可投', 'source': 'https://m.titan007.com/analy/Analysis/2995340.htm'}, {'date': '2026-09-18', 'match': '摩纳哥 vs 朗斯', 'score': '2-1', 'selected_team': '摩纳哥', 'settlement': '红', 'water': 1.05, 'pnl_1u': 1.05, 'roi': 1.05, 'line': '0.5', 'action': '网页可投（最新版冻结）', 'source': 'https://m.titan007.com/analy/Analysis/2995348.htm'}, {'date': '2026-09-19', 'match': '勒芒 vs 洛里昂', 'score': '2-1', 'selected_team': '洛里昂', 'settlement': '黑', 'water': 0.87, 'pnl_1u': -1.0, 'roi': -1.0, 'line': '', 'action': '网页可投（最新版冻结）', 'source': 'https://m.titan007.com/analy/Analysis/2995346.htm'}, {'date': '2026-09-19', 'match': '昂热 vs 特鲁瓦', 'score': '2-0', 'selected_team': '昂热', 'settlement': '红', 'water': 0.84, 'pnl_1u': 0.84, 'roi': 0.84, 'line': '0.25', 'action': '网页可投（最新版冻结）', 'source': 'https://m.titan007.com/analy/Analysis/2995344.htm'}, {'date': '2026-09-19', 'match': '里昂 vs 雷恩', 'score': '4-0', 'selected_team': '里昂', 'settlement': '红', 'water': 0.88, 'pnl_1u': 0.88, 'roi': 0.88, 'line': '0.25', 'action': '网页可投（最新版冻结）', 'source': 'https://m.titan007.com/analy/Analysis/2995347.htm'}, {'date': '2026-09-20', 'match': '欧塞尔 vs 布雷斯特', 'score': '2-1', 'selected_team': '布雷斯特', 'settlement': '黑', 'water': 0.79, 'pnl_1u': -1.0, 'roi': -1.0, 'line': '', 'action': '网页可投（最新版冻结）', 'source': 'https://m.titan007.com/analy/Analysis/2995345.htm'}]"
V3,2026-10-09,3003587,比甲,时间待核,华斯兰德 vs 洛默尔,华斯兰德,upper,4,2,0,0,1,1,0.57142857,0.17,0.0425,4,,,list_date < 2026-10-09,"[{'date': '2026-09-03', 'match': '安德莱赫特 vs 科特赖克', 'score': '1-0', 'selected_team': '安德莱赫特', 'settlement': '半黑', 'water': 0.99, 'pnl_1u': -0.5, 'roi': -0.5, 'line': '1.25', 'action': '网页可投', 'source': 'https://simondongxiao.github.io/odds/'}, {'date': '2026-09-05', 'match': '沙勒罗瓦 vs 圣吉罗斯', 'score': '2-3', 'selected_team': '圣吉罗斯', 'settlement': '红', 'water': 0.83, 'pnl_1u': 0.83, 'roi': 0.83, 'line': '-0.25', 'action': '网页可投', 'source': 'https://github.com/simondongxiao/odds/blob/main/ledger/yesterday_official_settlement_2026-09-05.csv'}, {'date': '2026-09-05', 'match': '标准列日 vs 安特卫普', 'score': '1-0', 'selected_team': '标准列日', 'settlement': '红', 'water': 0.84, 'pnl_1u': 0.84, 'roi': 0.84, 'line': '0.25', 'action': '网页可投', 'source': 'https://github.com/simondongxiao/odds/blob/main/ledger/yesterday_official_settlement_2026-09-05.csv'}, {'date': '2026-09-20', 'match': '布鲁日 vs 亨克', 'score': '3-0', 'selected_team': '亨克', 'settlement': '黑', 'water': 0.91, 'pnl_1u': -1.0, 'roi': -1.0, 'line': '1', 'action': '网页可投（最新版冻结）', 'source': 'https://m.titan007.com/analy/Analysis/3003582.htm'}]"
V3,2026-10-09,3027815,英议联,时间待核,瑟顿联 vs 博雷汉姆,,,0,0,0,0,0,0,,,,0,,,list_date < 2026-10-09,[]
V3,2026-10-09,2914413,爱超,时间待核,谢尔伯恩 vs 斯莱戈流浪者,,,0,0,0,0,0,0,,,,0,,,list_date < 2026-10-09,[]
V3,2026-10-09,2939068,爱甲,时间待核,阿斯隆城 vs 特瑞特联,,,0,0,0,0,0,0,,,,0,,,list_date < 2026-10-09,[]
V3,2026-10-09,2939069,爱甲,时间待核,布雷 vs 韦克斯福德,,,0,0,0,0,0,0,,,,0,,,list_date < 2026-10-09,[]
V3,2026-10-09,2939070,爱甲,时间待核,科布漫步者 vs 凯里FC,,,0,0,0,0,0,0,,,,0,,,list_date < 2026-10-09,[]
V3,2026-10-09,2939071,爱甲,时间待核,科克城 vs 费恩哈普,,,0,0,0,0,0,0,,,,0,,,list_date < 2026-10-09,[]
V3,2026-10-09,2939072,爱甲,时间待核,都柏林大学 vs 朗福德城,,,0,0,0,0,0,0,,,,0,,,list_date < 2026-10-09,[]
V3,2026-10-09,3011624,北爱超,时间待核,波塔当 vs 格伦托兰,,,0,0,0,0,0,0,,,,0,,,list_date < 2026-10-09,[]
V3,2026-10-09,3019553,威超,时间待核,布里顿费里 vs 康纳斯码头,,,0,0,0,0,0,0,,,,0,,,list_date < 2026-10-09,[]
V3,2026-10-09,3019554,威超,时间待核,卡姆比利安 vs 阿曼福德,,,0,0,0,0,0,0,,,,0,,,list_date < 2026-10-09,[]
V3,2026-10-09,3019555,威超,时间待核,卡迪夫都市大学 vs 特芬琳,,,0,0,0,0,0,0,,,,0,,,list_date < 2026-10-09,[]
V3,2026-10-09,3019557,威超,时间待核,西哈弗福德 vs 卡那封,,,0,0,0,0,0,0,,,,0,,,list_date < 2026-10-09,[]
V3,2026-10-09,3019558,威超,时间待核,霍利韦尔 vs 新圣徒,,,0,0,0,0,0,0,,,,0,,,list_date < 2026-10-09,[]
V3,2026-10-09,3019559,威超,时间待核,兰迪德诺 vs 空中巴士,,,0,0,0,0,0,0,,,,0,,,list_date < 2026-10-09,[]
V3,2026-10-09,3019560,威超,时间待核,佩尼邦 vs 巴里镇联,,,0,0,0,0,0,0,,,,0,,,list_date < 2026-10-09,[]
V3,2026-10-09,3094533,爱足杯,时间待核,波希米亚人 vs 沃特福德联队,无，不投,upper,0,0,0,0,0,0,,,,0,,,list_date < 2026-10-09,[]
V3,2026-10-09,3008982,北爱冠,时间待核,纽因顿 vs 阿尔斯,,,0,0,0,0,0,0,,,,0,,,list_date < 2026-10-09,[]
V3,2026-10-09,3008983,北爱冠,时间待核,纽维城 vs 邓迪拉,,,0,0,0,0,0,0,,,,0,,,list_date < 2026-10-09,[]
V3,2026-10-09,3008985,北爱冠,时间待核,拉夫利兰流浪者 vs 阿尔马城,,,0,0,0,0,0,0,,,,0,,,list_date < 2026-10-09,[]
V3,2026-10-09,3021191,威冠北,时间待核,巴拉城 vs 巴克利镇,,,0,0,0,0,0,0,,,,0,,,list_date < 2026-10-09,[]
V3,2026-10-09,3021192,威冠北,时间待核,拉辛城 vs 莱尔,,,0,0,0,0,0,0,,,,0,,,list_date < 2026-10-09,[]
V3,2026-10-09,3021432,威冠南,时间待核,卡菲利体育 vs 纽波特城,,,0,0,0,0,0,0,,,,0,,,list_date < 2026-10-09,[]
V3,2026-10-09,3013717,西甲,时间待核,马拉加 vs 西班牙人,无，不投,,21,7,1,1,3,9,0.41666667,-3.045,-0.145,21,严重：历史有效胜率<45%,严重：历史有效胜率<45%,list_date < 2026-10-09,"[{'date': '2026-09-04', 'match': '皇家贝蒂斯 vs 皇家马德里', 'score': '1-0', 'selected_team': '皇家马德里', 'settlement': '黑', 'water': 0.82, 'pnl_1u': -1.0, 'roi': -1.0, 'line': '-1.25', 'action': '网页可投', 'source': 'https://simondongxiao.github.io/odds/'}, {'date': '2026-09-05', 'match': '毕尔巴鄂竞技 vs 马德里竞技', 'score': '3-0', 'selected_team': '马德里竞技', 'settlement': '黑', 'water': 1.09, 'pnl_1u': -1.0, 'roi': -1.0, 'line': '-0.25', 'action': '网页半仓可投', 'source': 'https://github.com/simondongxiao/odds/blob/main/ledger/yesterday_official_settlement_2026-09-05.csv'}, {'date': '2026-09-05', 'match': '巴列卡诺 vs 桑坦德竞技', 'score': '3-2', 'selected_team': '巴列卡诺', 'settlement': '红', 'water': 1.04, 'pnl_1u': 1.04, 'roi': 1.04, 'line': '0.5', 'action': '网页半仓可投', 'source': 'https://github.com/simondongxiao/odds/blob/main/ledger/yesterday_official_settlement_2026-09-05.csv'}, {'date': '2026-09-05', 'match': '比利亚雷亚尔 vs 拉科鲁尼亚', 'score': '2-3', 'selected_team': '比利亚雷亚尔', 'settlement': '黑', 'water': 0.81, 'pnl_1u': -1.0, 'roi': -1.0, 'line': '1', 'action': '网页半仓可投', 'source': 'https://github.com/simondongxiao/odds/blob/main/ledger/yesterday_official_settlement_2026-09-05.csv'}, {'date': '2026-09-06', 'match': '巴伦西亚 vs 巴塞罗那', 'score': '0-5', 'selected_team': '巴伦西亚', 'settlement': '黑', 'water': 0.97, 'pnl_1u': -1.0, 'roi': -1.0, 'line': '-1.75', 'action': '网页半仓可投', 'source': 'https://simondongxiao.github.io/odds/'}, {'date': '2026-09-07', 'match': '赫塔菲 vs 塞尔塔', 'score': '1-1', 'selected_team': '赫塔菲', 'settlement': '半黑', 'water': 1.09, 'pnl_1u': -0.5, 'roi': -0.5, 'line': '0.25', 'action': '网页可投', 'source': 'https://simondongxiao.github.io/odds/'}, {'date': '2026-09-12', 'match': '桑坦德竞技 vs 阿拉维斯', 'score': '2-1', 'selected_team': '桑坦德竞技', 'settlement': '红', 'water': 0.83, 'pnl_1u': 0.83, 'roi': 0.83, 'line': '', 'action': '网页可投', 'source': 'https://m.titan007.com/analy/Analysis/3013687.htm'}, {'date': '2026-09-12', 'match': '奥萨苏纳 vs 西班牙人', 'score': '0-2', 'selected_team': '奥萨苏纳', 'settlement': '黑', 'water': 0.92, 'pnl_1u': -1.0, 'roi': -1.0, 'line': '0.25', 'action': '网页可投', 'source': 'https://m.titan007.com/analy/Analysis/3013686.htm'}, {'date': '2026-09-13', 'match': '莱万特 vs 巴塞罗那', 'score': '2-4', 'selected_team': '巴塞罗那', 'settlement': '半黑', 'water': 0.85, 'pnl_1u': -0.5, 'roi': -0.5, 'line': '-2.25', 'action': '网页可投', 'source': 'https://m.titan007.com/analy/Analysis/3013685.htm'}, {'date': '2026-09-15', 'match': '巴列卡诺 vs 西班牙人', 'score': '2-1', 'selected_team': '巴列卡诺', 'settlement': '红', 'water': 1.05, 'pnl_1u': 1.05, 'roi': 1.05, 'line': '0.25', 'action': '网页可投（最新版冻结）', 'source': 'https://mexico.as.com/resultados/'}, {'date': '2026-09-15', 'match': '埃尔切 vs 皇家马德里', 'score': '2-3', 'selected_team': '皇家马德里', 'settlement': '黑', 'water': 0.85, 'pnl_1u': -1.0, 'roi': -1.0, 'line': '-2', 'action': '网页可投（最新版冻结）', 'source': 'https://mexico.as.com/resultados/'}, {'date': '2026-09-16', 'match': '拉科鲁尼亚 vs 塞维利亚', 'score': '0-1', 'selected_team': '拉科鲁尼亚', 'settlement': '黑', 'water': 0.84, 'pnl_1u': -1.0, 'roi': -1.0, 'line': '', 'action': '网页可投（最新版冻结）', 'source': 'https://simondongxiao.github.io/odds/v3-legacy/'}, {'date': '2026-09-16', 'match': '马德里竞技 vs 奥萨苏纳', 'score': '4-0', 'selected_team': '马德里竞技', 'settlement': '红', 'water': 1.06, 'pnl_1u': 1.06, 'roi': 1.06, 'line': '1.5', 'action': '网页可投（最新版冻结）', 'source': 'https://simondongxiao.github.io/odds/v3-legacy/'}, {'date': '2026-09-16', 'match': '莱万特 vs 毕尔巴鄂竞技', 'score': '0-0', 'selected_team': '莱万特', 'settlement': '半红', 'water': 1.03, 'pnl_1u': 0.515, 'roi': 0.515, 'line': '-0.25', 'action': '网页可投（最新版冻结）', 'source': 'https://simondongxiao.github.io/odds/v3-legacy/'}, {'date': '2026-09-18', 'match': '西班牙人 vs 埃尔切', 'score': '1-3', 'selected_team': '西班牙人', 'settlement': '黑', 'water': 0.83, 'pnl_1u': -1.0, 'roi': -1.0, 'line': '0.5', 'action': '网页可投（最新版冻结）', 'source': 'https://m.titan007.com/analy/Analysis/3013706.htm'}, {'date': '2026-09-19', 'match': '奥萨苏纳 vs 巴列卡诺', 'score': '1-1', 'selected_team': '奥萨苏纳', 'settlement': '走', 'water': 0.88, 'pnl_1u': 0.0, 'roi': 0.0, 'line': '', 'action': '网页可投（最新版冻结）', 'source': 'https://m.titan007.com/analy/Analysis/3013708.htm'}, {'date': '2026-09-19', 'match': '毕尔巴鄂竞技 vs 阿拉维斯', 'score': '0-0', 'selected_team': '毕尔巴鄂竞技', 'settlement': '黑', 'water': 0.8, 'pnl_1u': -1.0, 'roi': -1.0, 'line': '0.75', 'action': '网页可投（最新版冻结）', 'source': 'https://m.titan007.com/analy/Analysis/3013702.htm'}, {'date': '2026-09-19', 'match': '塞尔塔 vs 桑坦德竞技', 'score': '5-0', 'selected_team': '塞尔塔', 'settlement': '红', 'water': 0.84, 'pnl_1u': 0.84, 'roi': 0.84, 'line': '0.5', 'action': '网页可投（最新版冻结）', 'source': 'https://m.titan007.com/analy/Analysis/3013704.htm'}, {'date': '2026-09-19', 'match': '塞维利亚 vs 巴塞罗那', 'score': '1-3', 'selected_team': '塞维利亚', 'settlement': '半黑', 'water': 1.04, 'pnl_1u': -0.5, 'roi': -0.5, 'line': '-1.75', 'action': '网页可投（最新版冻结）', 'source': 'https://m.titan007.com/analy/Analysis/3013709.htm'}, {'date': '2026-09-20', 'match': '赫塔菲 vs 马拉加', 'score': '1-0', 'selected_team': '赫塔菲', 'settlement': '红', 'water': 1.05, 'pnl_1u': 1.05, 'roi': 1.05, 'line': '0.5', 'action': '网页可投（最新版冻结）', 'source': 'https://m.titan007.com/analy/Analysis/3013707.htm'}, {'date': '2026-09-20', 'match': '比利亚雷亚尔 vs 莱万特', 'score': '3-1', 'selected_team': '比利亚雷亚尔', 'settlement': '红', 'water': 1.07, 'pnl_1u': 1.07, 'roi': 1.07, 'line': '1.25', 'action': '网页可投（最新版冻结）', 'source': 'https://m.titan007.com/analy/Analysis/3013711.htm'}]"
V3,2026-10-09,3008256,英冠,时间待核,西汉姆联 vs 女王公园巡游者,西汉姆联,upper,30,14,2,3,2,9,0.6,4.04,0.13466667,30,,高：历史有效胜率>55%,list_date < 2026-10-09,"[{'date': '2026-09-01', 'match': '斯旺西 vs 沃特福德', 'score': '2-0', 'selected_team': '沃特福德', 'settlement': '黑', 'water': 1.02, 'pnl_1u': -1.0, 'roi': -1.0, 'line': '0.5', 'action': '网页可投', 'source': 'https://simondongxiao.github.io/odds/'}, {'date': '2026-09-01', 'match': '西汉姆联 vs 狼队', 'score': '4-2', 'selected_team': '西汉姆联', 'settlement': '红', 'water': 0.8, 'pnl_1u': 0.8, 'roi': 0.8, 'line': '0.25', 'action': '网页可投', 'source': 'https://simondongxiao.github.io/odds/'}, {'date': '2026-09-01', 'match': '谢菲尔德联队 vs 博尔顿', 'score': '3-2', 'selected_team': '谢菲尔德联队', 'settlement': '半红', 'water': 0.79, 'pnl_1u': 0.395, 'roi': 0.395, 'line': '0.75', 'action': '网页可投', 'source': 'https://simondongxiao.github.io/odds/'}, {'date': '2026-09-01', 'match': '伯明翰 vs 南安普敦', 'score': '1-1', 'selected_team': '伯明翰', 'settlement': '走', 'water': 0.82, 'pnl_1u': 0.0, 'roi': 0.0, 'line': '', 'action': '网页可投', 'source': 'https://simondongxiao.github.io/odds/'}, {'date': '2026-09-01', 'match': '斯托克城 vs 诺维奇', 'score': '1-0', 'selected_team': '斯托克城', 'settlement': '红', 'water': 1.03, 'pnl_1u': 1.03, 'roi': 1.03, 'line': '-0.25', 'action': '网页可投', 'source': 'https://simondongxiao.github.io/odds/'}, {'date': '2026-09-02', 'match': '伯恩利 vs 米德尔斯堡', 'score': '1-1', 'selected_team': '米德尔斯堡', 'settlement': '半黑', 'water': 1.08, 'pnl_1u': -0.5, 'roi': -0.5, 'line': '-0.25', 'action': '网页可投', 'source': 'https://simondongxiao.github.io/odds/'}, {'date': '2026-09-05', 'match': '斯托克城 vs 查尔顿', 'score': '4-0', 'selected_team': '斯托克城', 'settlement': '红', 'water': 0.83, 'pnl_1u': 0.83, 'roi': 0.83, 'line': '0.25', 'action': '网页半仓可投', 'source': 'https://github.com/simondongxiao/odds/blob/main/ledger/yesterday_official_settlement_2026-09-05.csv'}, {'date': '2026-09-05', 'match': '普雷斯顿 vs 布莱克本', 'score': '2-1', 'selected_team': '普雷斯顿', 'settlement': '红', 'water': 1.12, 'pnl_1u': 1.12, 'roi': 1.12, 'line': '0.25', 'action': '网页半仓可投', 'source': 'https://github.com/simondongxiao/odds/blob/main/ledger/yesterday_official_settlement_2026-09-05.csv'}, {'date': '2026-09-05', 'match': '林肯城 vs 南安普敦', 'score': '1-1', 'selected_team': '南安普敦', 'settlement': '黑', 'water': 0.83, 'pnl_1u': -1.0, 'roi': -1.0, 'line': '-0.5', 'action': '网页半仓可投', 'source': 'https://github.com/simondongxiao/odds/blob/main/ledger/yesterday_official_settlement_2026-09-05.csv'}, {'date': '2026-09-05', 'match': '西布罗姆维奇 vs 沃特福德', 'score': '1-0', 'selected_team': '西布罗姆维奇', 'settlement': '红', 'water': 0.82, 'pnl_1u': 0.82, 'roi': 0.82, 'line': '0.5', 'action': '网页半仓可投', 'source': 'https://github.com/simondongxiao/odds/blob/main/ledger/yesterday_official_settlement_2026-09-05.csv'}, {'date': '2026-09-05', 'match': '西汉姆联 vs 德比郡', 'score': '3-0', 'selected_team': '德比郡', 'settlement': '黑', 'water': 1.03, 'pnl_1u': -1.0, 'roi': -1.0, 'line': '1.25', 'action': '网页半仓可投', 'source': 'https://github.com/simondongxiao/odds/blob/main/ledger/yesterday_official_settlement_2026-09-05.csv'}, {'date': '2026-09-08', 'match': '卡迪夫城 vs 斯托克城', 'score': '1-1', 'selected_team': '卡迪夫城', 'settlement': '黑', 'water': 1.02, 'pnl_1u': -1.0, 'roi': -1.0, 'line': '0.5', 'action': '网页可投', 'source': 'https://simondongxiao.github.io/odds/'}, {'date': '2026-09-08', 'match': '沃特福德 vs 普雷斯顿', 'score': '2-1', 'selected_team': '沃特福德', 'settlement': '红', 'water': 0.83, 'pnl_1u': 0.83, 'roi': 0.83, 'line': '0.25', 'action': '网页可投', 'source': 'https://simondongxiao.github.io/odds/'}, {'date': '2026-09-08', 'match': '博尔顿 vs 西汉姆联', 'score': '2-3', 'selected_team': '西汉姆联', 'settlement': '走', 'water': 1.05, 'pnl_1u': 0.0, 'roi': 0.0, 'line': '-1', 'action': '网页可投', 'source': 'https://simondongxiao.github.io/odds/'}, {'date': '2026-09-09', 'match': '德比郡 vs 西布罗姆维奇', 'score': '0-1', 'selected_team': '西布罗姆维奇', 'settlement': '红', 'water': 0.8, 'pnl_1u': 0.8, 'roi': 0.8, 'line': '-0.25', 'action': '网页可投', 'source': 'https://simondongxiao.github.io/odds/'}, {'date': '2026-09-09', 'match': '查尔顿 vs 女王公园巡游者', 'score': '0-0', 'selected_team': '女王公园巡游者', 'settlement': '半黑', 'water': 0.84, 'pnl_1u': -0.5, 'roi': -0.5, 'line': '-0.25', 'action': '网页可投', 'source': 'https://simondongxiao.github.io/odds/'}, {'date': '2026-09-12', 'match': '德比郡 vs 伯明翰', 'score': '1-2', 'selected_team': '伯明翰', 'settlement': '红', 'water': 1.07, 'pnl_1u': 1.07, 'roi': 1.07, 'line': '-0.5', 'action': '网页可投', 'source': 'https://m.titan007.com/analy/Analysis/3008226.htm'}, {'date': '2026-09-12', 'match': '南安普敦 vs 布里斯托城', 'score': '4-1', 'selected_team': '布里斯托城', 'settlement': '黑', 'water': 1.03, 'pnl_1u': -1.0, 'roi': -1.0, 'line': '0.75', 'action': '网页可投', 'source': 'https://m.titan007.com/analy/Analysis/3008230.htm'}, {'date': '2026-09-12', 'match': '布莱克本 vs 米尔沃尔', 'score': '3-1', 'selected_team': '米尔沃尔', 'settlement': '黑', 'water': 1.07, 'pnl_1u': -1.0, 'roi': -1.0, 'line': '-0.25', 'action': '网页可投', 'source': 'https://m.titan007.com/analy/Analysis/3008224.htm'}, {'date': '2026-09-12', 'match': '斯旺西 vs 伯恩利', 'score': '3-1', 'selected_team': '斯旺西', 'settlement': '红', 'water': 1.04, 'pnl_1u': 1.04, 'roi': 1.04, 'line': '0.5', 'action': '网页可投', 'source': 'https://m.titan007.com/analy/Analysis/3008234.htm'}, {'date': '2026-09-12', 'match': '米德尔斯堡 vs 诺维奇', 'score': '4-3', 'selected_team': '米德尔斯堡', 'settlement': '红', 'water': 0.84, 'pnl_1u': 0.84, 'roi': 0.84, 'line': '0.5', 'action': '网页可投', 'source': 'https://m.titan007.com/analy/Analysis/3008227.htm'}, {'date': '2026-09-13', 'match': '谢菲尔德联队 vs 狼队', 'score': '0-1', 'selected_team': '狼队', 'settlement': '红', 'water': 0.82, 'pnl_1u': 0.82, 'roi': 0.82, 'line': '-0.25', 'action': '网页可投', 'source': 'https://m.titan007.com/analy/Analysis/3008229.htm'}, {'date': '2026-09-15', 'match': '布里斯托城 vs 林肯城', 'score': '0-1', 'selected_team': '布里斯托城', 'settlement': '黑', 'water': 0.83, 'pnl_1u': -1.0, 'roi': -1.0, 'line': '0.5', 'action': '网页可投（最新版冻结）', 'source': 'https://www.footballwebpages.co.uk/20260915'}, {'date': '2026-09-15', 'match': '米德尔斯堡 vs 米尔沃尔', 'score': '2-2', 'selected_team': '米德尔斯堡', 'settlement': '黑', 'water': 1.01, 'pnl_1u': -1.0, 'roi': -1.0, 'line': '1.25', 'action': '网页可投（最新版冻结）', 'source': 'https://www.footballwebpages.co.uk/20260915'}, {'date': '2026-09-19', 'match': '斯托克城 vs 谢菲尔德联队', 'score': '2-1', 'selected_team': '斯托克城', 'settlement': '红', 'water': 1.02, 'pnl_1u': 1.02, 'roi': 1.02, 'line': '0.25', 'action': '网页可投（最新版冻结）', 'source': 'https://m.titan007.com/analy/Analysis/3008243.htm'}, {'date': '2026-09-19', 'match': '伯恩利 vs 德比郡', 'score': '1-1', 'selected_team': '德比郡', 'settlement': '红', 'water': 1.03, 'pnl_1u': 1.03, 'roi': 1.03, 'line': '0.5', 'action': '网页可投（最新版冻结）', 'source': 'https://m.titan007.com/analy/Analysis/3008238.htm'}, {'date': '2026-09-19', 'match': '伯明翰 vs 米德尔斯堡', 'score': '2-2', 'selected_team': '米德尔斯堡', 'settlement': '走', 'water': 0.87, 'pnl_1u': 0.0, 'roi': 0.0, 'line': '', 'action': '网页可投（最新版冻结）', 'source': 'https://m.titan007.com/analy/Analysis/3008236.htm'}, {'date': '2026-09-19', 'match': '朴茨茅斯 vs 布莱克本', 'score': '2-2', 'selected_team': '布莱克本', 'settlement': '半红', 'water': 1.03, 'pnl_1u': 0.515, 'roi': 0.515, 'line': '0.25', 'action': '网页可投（最新版冻结）', 'source': 'https://m.titan007.com/analy/Analysis/3008241.htm'}, {'date': '2026-09-19', 'match': '林肯城 vs 斯旺西', 'score': '1-2', 'selected_team': '斯旺西', 'settlement': '红', 'water': 1.08, 'pnl_1u': 1.08, 'roi': 1.08, 'line': '-0.25', 'action': '网页可投（最新版冻结）', 'source': 'https://m.titan007.com/analy/Analysis/3008246.htm'}, {'date': '2026-09-20', 'match': '诺维奇 vs 博尔顿', 'score': '3-4', 'selected_team': '诺维奇', 'settlement': '黑', 'water': 1.03, 'pnl_1u': -1.0, 'roi': -1.0, 'line': '1.25', 'action': '网页可投（最新版冻结）', 'source': 'https://m.titan007.com/analy/Analysis/3008240.htm'}]"
V3,2026-10-09,3014929,西协甲,时间待核,伊维萨 vs 皇家马德里B队,无，不投,,22,10,1,2,1,8,0.55263158,0.25,0.01136364,22,,高：历史有效胜率>55%,list_date < 2026-10-09,"[{'date': '2026-09-05', 'match': '伊维萨 vs 瑞欧马加达宏达', 'score': '2-1', 'selected_team': '伊维萨', 'settlement': '红', 'water': 0.84, 'pnl_1u': 0.84, 'roi': 0.84, 'line': '0.5', 'action': '网页半仓可投', 'source': 'https://github.com/simondongxiao/odds/blob/main/ledger/yesterday_official_settlement_2026-09-05.csv'}, {'date': '2026-09-05', 'match': '庞特贝德拉 vs 亚勒那斯', 'score': '4-1', 'selected_team': '庞特贝德拉', 'settlement': '红', 'water': 0.79, 'pnl_1u': 0.79, 'roi': 0.79, 'line': '0.5', 'action': '网页半仓可投', 'source': 'https://github.com/simondongxiao/odds/blob/main/ledger/yesterday_official_settlement_2026-09-05.csv'}, {'date': '2026-09-06', 'match': '拉科鲁尼亚B队 vs 卡些连奴', 'score': '1-1', 'selected_team': '拉科鲁尼亚B队', 'settlement': '走', 'water': 0.81, 'pnl_1u': 0.0, 'roi': 0.0, 'line': '', 'action': '网页半仓可投', 'source': 'https://simondongxiao.github.io/odds/'}, {'date': '2026-09-06', 'match': '毕尔巴鄂竞技B队 vs 皇家阿维勒斯', 'score': '2-1', 'selected_team': '毕尔巴鄂竞技B队', 'settlement': '红', 'water': 0.82, 'pnl_1u': 0.82, 'roi': 0.82, 'line': '0.25', 'action': '网页半仓可投', 'source': 'https://simondongxiao.github.io/odds/'}, {'date': '2026-09-06', 'match': '艾斯马度华 vs 费罗尔竞技', 'score': '1-0', 'selected_team': '艾斯马度华', 'settlement': '红', 'water': 0.83, 'pnl_1u': 0.83, 'roi': 0.83, 'line': '0.25', 'action': '网页半仓可投', 'source': 'https://simondongxiao.github.io/odds/'}, {'date': '2026-09-12', 'match': '亚古拉斯 vs 皇家马德里B队', 'score': '1-0', 'selected_team': '皇家马德里B队', 'settlement': '黑', 'water': 0.81, 'pnl_1u': -1.0, 'roi': -1.0, 'line': '-0.25', 'action': '网页可投', 'source': 'https://m.titan007.com/analy/Analysis/3014884.htm'}, {'date': '2026-09-12', 'match': '皇家阿维勒斯 vs 尤尼恩斯塔斯', 'score': '3-1', 'selected_team': '皇家阿维勒斯', 'settlement': '红', 'water': 0.84, 'pnl_1u': 0.84, 'roi': 0.84, 'line': '0.25', 'action': '网页可投', 'source': 'https://m.titan007.com/analy/Analysis/3014513.htm'}, {'date': '2026-09-19', 'match': '韦斯卡 vs 马德里竞技B队', 'score': '0-0', 'selected_team': '韦斯卡', 'settlement': '黑', 'water': 0.93, 'pnl_1u': -1.0, 'roi': -1.0, 'line': '0.5', 'action': '网页可投（最新版冻结）', 'source': 'https://m.titan007.com/analy/Analysis/3014897.htm'}, {'date': '2026-09-20', 'match': '萨莫拉 vs 卢高', 'score': '1-2', 'selected_team': '萨莫拉', 'settlement': '黑', 'water': 0.79, 'pnl_1u': -1.0, 'roi': -1.0, 'line': '0.25', 'action': '网页可投（最新版冻结）', 'source': 'https://m.titan007.com/analy/Analysis/3014523.htm'}, {'date': '2026-09-26', 'match': '艾斯马度华 vs 萨莫拉', 'score': '0-1', 'selected_team': '艾斯马度华', 'settlement': '黑', 'water': 0.83, 'pnl_1u': -1.0, 'roi': -1.0, 'line': '0.25', 'action': '网页可投（最新版冻结）', 'source': 'https://simondongxiao.github.io/odds/v3-legacy/'}, {'date': '2026-09-26', 'match': '卢高 vs 费罗尔竞技', 'score': '1-0', 'selected_team': '卢高', 'settlement': '红', 'water': 0.83, 'pnl_1u': 0.83, 'roi': 0.83, 'line': '0.25', 'action': '网页可投（最新版冻结）', 'source': 'https://simondongxiao.github.io/odds/v3-legacy/'}, {'date': '2026-09-26', 'match': '莱昂文体 vs CD科瑞亚', 'score': '2-2', 'selected_team': '莱昂文体', 'settlement': '黑', 'water': 0.81, 'pnl_1u': -1.0, 'roi': -1.0, 'line': '0.75', 'action': '网页可投（最新版冻结）', 'source': 'https://simondongxiao.github.io/odds/v3-legacy/'}, {'date': '2026-09-27', 'match': 'UD欧云斯 vs 卡些连奴', 'score': '0-0', 'selected_team': 'UD欧云斯', 'settlement': '半黑', 'water': 1.06, 'pnl_1u': -0.5, 'roi': -0.5, 'line': '0.25', 'action': '网页可投（最新版冻结）', 'source': 'https://simondongxiao.github.io/odds/v3-legacy/'}, {'date': '2026-09-27', 'match': '巴拉卡度 vs 皇家阿维勒斯', 'score': '3-3', 'selected_team': '巴拉卡度', 'settlement': '黑', 'water': 0.78, 'pnl_1u': -1.0, 'roi': -1.0, 'line': '0.5', 'action': '网页可投（最新版冻结）', 'source': 'https://simondongxiao.github.io/odds/v3-legacy/'}, {'date': '2026-09-27', 'match': '米兰德斯 vs 尤尼恩斯塔斯', 'score': '1-0', 'selected_team': '米兰德斯', 'settlement': '走', 'water': 0.82, 'pnl_1u': 0.0, 'roi': 0.0, 'line': '1', 'action': '网页可投（最新版冻结）', 'source': 'https://simondongxiao.github.io/odds/v3-legacy/'}, {'date': '2026-09-27', 'match': 'CF安提哥拉 vs 哈恩', 'score': '2-0', 'selected_team': 'CF安提哥拉', 'settlement': '红', 'water': 0.79, 'pnl_1u': 0.79, 'roi': 0.79, 'line': '0.25', 'action': '网页可投（最新版冻结）', 'source': 'https://simondongxiao.github.io/odds/v3-legacy/'}, {'date': '2026-09-27', 'match': '梅里达AD vs 洛格朗尼斯', 'score': '3-5', 'selected_team': '洛格朗尼斯', 'settlement': '红', 'water': 0.79, 'pnl_1u': 0.79, 'roi': 0.79, 'line': '', 'action': '网页可投（最新版冻结）', 'source': 'https://simondongxiao.github.io/odds/v3-legacy/'}, {'date': '2026-10-02', 'match': '皇家马德里B队 vs 马德里竞技B队', 'score': '3-2', 'selected_team': '皇家马德里B队', 'settlement': '半红', 'water': 0.8, 'pnl_1u': 0.4, 'roi': 0.4, 'line': '0.75', 'action': '网页可投', 'source': 'D:\\codex\\v3_legacy\\outputs\\football_odds_trader\\raw\\titan007\\20261003\\20261003_092303_titan007_odds_snapshot.csv'}, {'date': '2026-10-03', 'match': '皇家联邦 vs UD欧云斯', 'score': '1-1', 'selected_team': '皇家联邦', 'settlement': '黑', 'water': 0.82, 'pnl_1u': -1.0, 'roi': -1.0, 'line': '1.25', 'action': '网页可投', 'source': 'D:\\codex\\v3_legacy\\outputs\\football_odds_trader\\raw\\titan007\\20261004\\20261004_084919_titan007_odds_snapshot.csv'}, {'date': '2026-10-04', 'match': '比利亚雷亚尔B队 vs 伊维萨', 'score': '0-1', 'selected_team': '比利亚雷亚尔B队', 'settlement': '黑', 'water': 0.78, 'pnl_1u': 0.0, 'roi': 0.0, 'line': '0.25', 'action': '网页可投', 'source': 'D:\\codex\\v3_legacy\\outputs\\football_odds_trader\\raw\\titan007\\20261004\\20261004_135431_titan007_odds_snapshot.csv'}, {'date': '2026-10-04', 'match': '萨莫拉 vs CD科瑞亚', 'score': '2-0', 'selected_team': '萨莫拉', 'settlement': '红', 'water': 0.82, 'pnl_1u': 0.41, 'roi': 0.41, 'line': '0.75', 'action': '网页可投', 'source': 'D:\\codex\\v3_legacy\\outputs\\football_odds_trader\\raw\\titan007\\20261004\\20261004_135431_titan007_odds_snapshot.csv'}, {'date': '2026-10-04', 'match': '艾基史拉斯 vs 瑞欧马加达宏达', 'score': '1-0', 'selected_team': '艾基史拉斯', 'settlement': '红', 'water': 0.82, 'pnl_1u': 0.41, 'roi': 0.41, 'line': '0.5', 'action': '网页可投', 'source': 'D:\\codex\\v3_legacy\\outputs\\football_odds_trader\\raw\\titan007\\20261004\\20261004_135431_titan007_odds_snapshot.csv'}]"
V3,2026-10-09,3056762,阿尔甲,时间待核,MC阿尔及尔 vs 谭茅芩特,,,0,0,0,0,0,0,,,,0,,,list_date < 2026-10-09,[]
V3,2026-10-09,3059144,玻利甲,时间待核,圣安东尼奥布鲁布鲁 vs 皇家托马亚波,圣安东尼奥布鲁布鲁,upper,3,0,0,1,1,1,0.0,-1.5,-0.5,3,,,list_date < 2026-10-09,"[{'date': '2026-09-06', 'match': '最强者 vs 皇家托马亚波', 'score': '3-1', 'selected_team': '最强者', 'settlement': '走', 'water': 0.83, 'pnl_1u': 0.0, 'roi': 0.0, 'line': '2', 'action': '网页可投', 'source': 'https://www.soccerpunter.com/h2h/Real-Tomayapo-vs-The-Strongest/251693/10024/'}, {'date': '2026-09-06', 'match': '国民波托斯 vs 布鲁明', 'score': '2-1', 'selected_team': '国民波托斯', 'settlement': '半黑', 'water': 0.93, 'pnl_1u': -0.5, 'roi': -0.5, 'line': '1.25', 'action': '网页可投', 'source': 'https://www.soccerpunter.com/h2h/Blooming-vs-Nacional-Potosi/7019/8384/'}, {'date': '2026-09-11', 'match': '圣安东尼奥布鲁布鲁 vs 欧若拉', 'score': '0-2', 'selected_team': '圣安东尼奥布鲁布鲁', 'settlement': '黑', 'water': 1, 'pnl_1u': -1.0, 'roi': -1.0, 'line': '', 'action': '网页半仓可投', 'source': 'https://m.titan007.com/analy/Analysis/3059128.htm'}]"
V3,2026-10-09,3100366,巴拉丙,时间待核,克莱西亚莱斯竞技 vs 亚特兰蒂斯SC,,,0,0,0,0,0,0,,,,0,,,list_date < 2026-10-09,[]
V3,2026-10-09,3099585,阿根业余锦,时间待核,圣马丁门多萨 vs 蒙特米亚斯,,,0,0,0,0,0,0,,,,0,,,list_date < 2026-10-09,[]
V3,2026-10-09,3099277,北爱全联,时间待核,巴利马卡斯流浪 vs 罗萨里奥YFC,,,0,0,0,0,0,0,,,,0,,,list_date < 2026-10-09,[]
V3,2026-10-09,3023497,葡超,时间待核,布拉加 vs 葡萄牙体育,无，不投,,6,2,0,1,1,2,0.44444444,-0.57,-0.095,6,,,list_date < 2026-10-09,"[{'date': '2026-09-04', 'match': '波尔图 vs 摩里伦斯', 'score': '2-1', 'selected_team': '摩里伦斯', 'settlement': '红', 'water': 1.09, 'pnl_1u': 1.09, 'roi': 1.09, 'line': '2.25', 'action': '网页可投', 'source': 'https://simondongxiao.github.io/odds/'}, {'date': '2026-09-05', 'match': '阿马多拉 vs 法马利康', 'score': '2-2', 'selected_team': '阿马多拉', 'settlement': '走', 'water': 1.07, 'pnl_1u': 0.0, 'roi': 0.0, 'line': '', 'action': '网页可投', 'source': 'https://github.com/simondongxiao/odds/blob/main/ledger/yesterday_official_settlement_2026-09-05.csv'}, {'date': '2026-09-05', 'match': '葡萄牙体育 vs 葡萄牙国民', 'score': '2-0', 'selected_team': '葡萄牙体育', 'settlement': '半黑', 'water': 0.99, 'pnl_1u': -0.5, 'roi': -0.5, 'line': '2.25', 'action': '网页可投', 'source': 'https://github.com/simondongxiao/odds/blob/main/ledger/yesterday_official_settlement_2026-09-05.csv'}, {'date': '2026-09-12', 'match': '卡萨比亚 vs 波尔图', 'score': '1-4', 'selected_team': '波尔图', 'settlement': '红', 'water': 0.84, 'pnl_1u': 0.84, 'roi': 0.84, 'line': '-1.5', 'action': '网页可投', 'source': 'https://m.titan007.com/analy/Analysis/3023480.htm'}, {'date': '2026-09-19', 'match': '葡萄牙体育 vs 阿罗卡', 'score': '2-2', 'selected_team': '葡萄牙体育', 'settlement': '黑', 'water': 0.84, 'pnl_1u': -1.0, 'roi': -1.0, 'line': '2', 'action': '网页可投（最新版冻结）', 'source': 'https://m.titan007.com/analy/Analysis/3023492.htm'}, {'date': '2026-09-20', 'match': '吉马良斯 vs 摩里伦斯', 'score': '1-1', 'selected_team': '吉马良斯', 'settlement': '黑', 'water': 0.84, 'pnl_1u': -1.0, 'roi': -1.0, 'line': '1', 'action': '网页可投（最新版冻结）', 'source': 'https://m.titan007.com/analy/Analysis/3023493.htm'}]"
V3,2026-10-09,3099214,圣马甲,时间待核,蔡伦戈 vs 利伯达斯,,,0,0,0,0,0,0,,,,0,,,list_date < 2026-10-09,[]
V3,2026-10-09,3099215,圣马甲,时间待核,拉科奥里塔 vs 梅拿达,,,0,0,0,0,0,0,,,,0,,,list_date < 2026-10-09,[]
V3,2026-10-09,3099216,圣马甲,时间待核,彭拿洛沙 vs 弗洛戈雷,,,0,0,0,0,0,0,,,,0,,,list_date < 2026-10-09,[]
V3,2026-10-09,3099093,乌拉甲秋,时间待核,图尔克 vs 丹奴比奥,,,0,0,0,0,0,0,,,,0,,,list_date < 2026-10-09,[]
V3,2026-10-09,3099407,葡乙,时间待核,桑塔雷 vs 卢西塔诺艾芙拉,桑塔雷,lower,3,1,0,1,0,1,0.5,-0.02,-0.00666667,3,,,list_date < 2026-10-09,"[{'date': '2026-09-05', 'match': '凡恩尼斯 vs 费雷拉', 'score': '2-2', 'selected_team': '凡恩尼斯', 'settlement': '走', 'water': 0.76, 'pnl_1u': 0.0, 'roi': 0.0, 'line': '', 'action': '网页可投', 'source': 'https://github.com/simondongxiao/odds/blob/main/ledger/yesterday_official_settlement_2026-09-05.csv'}, {'date': '2026-09-05', 'match': '甘马雷斯B队 vs 泰罗芬斯', 'score': '0-0', 'selected_team': '泰罗芬斯', 'settlement': '红', 'water': 0.98, 'pnl_1u': 0.98, 'roi': 0.98, 'line': '0.5', 'action': '网页可投', 'source': 'https://github.com/simondongxiao/odds/blob/main/ledger/yesterday_official_settlement_2026-09-05.csv'}, {'date': '2026-09-12', 'match': '路勒坦诺 vs 桑塔雷', 'score': '1-2', 'selected_team': '路勒坦诺', 'settlement': '黑', 'water': 0.8, 'pnl_1u': -1.0, 'roi': -1.0, 'line': '0.25', 'action': '网页可投', 'source': 'https://m.titan007.com/analy/Analysis/3086846.htm'}]"
V3,2026-10-09,3060010,西丁,时间待核,阿纳扎 vs 圣米格尔CD,,,0,0,0,0,0,0,,,,0,,,list_date < 2026-10-09,[]
V3,2026-10-09,3060017,西丁,时间待核,维拉圣塔 vs 拉斯帕尔马斯C队,,,0,0,0,0,0,0,,,,0,,,list_date < 2026-10-09,[]
V3,2026-10-09,3100117,巴拉乙,时间待核,塔库里 vs 巴拉瓜里AC,,,0,0,0,0,0,0,,,,0,,,list_date < 2026-10-09,[]
V3,2026-10-09,3012156,哥伦乙秋,时间待核,索阿查 vs 皇家桑坦德,索阿查,upper,3,1,0,0,1,1,0.4,-0.51,-0.17,3,,,list_date < 2026-10-09,"[{'date': '2026-09-09', 'match': '尤姆博独立 vs 奎迪奥', 'score': '0-0', 'selected_team': '尤姆博独立', 'settlement': '半黑', 'water': 1, 'pnl_1u': -0.5, 'roi': -0.5, 'line': '0.25', 'action': '网页可投', 'source': 'https://simondongxiao.github.io/odds/'}, {'date': '2026-09-10', 'match': '奥尔索马尔索 vs 锡帕基拉老虎', 'score': '0-2', 'selected_team': '奥尔索马尔索', 'settlement': '黑', 'water': 0.77, 'pnl_1u': -1.0, 'roi': -1.0, 'line': '0.5', 'action': '网页可投', 'source': 'https://m.titan007.com/analy/Analysis/3012138.htm'}, {'date': '2026-09-10', 'match': '帕特里奥坦斯 vs 巴瑞库拉', 'score': '3-1', 'selected_team': '帕特里奥坦斯', 'settlement': '红', 'water': 0.99, 'pnl_1u': 0.99, 'roi': 0.99, 'line': '1', 'action': '网页可投', 'source': 'https://m.titan007.com/analy/Analysis/3012142.htm'}]"
V3,2026-10-09,3091907,厄瓜甲降,时间待核,德芬 vs 穆苏克鲁纳,,,0,0,0,0,0,0,,,,0,,,list_date < 2026-10-09,[]
V3,2026-10-09,2962671,阿甲,时间待核,拉普拉塔体操 vs 图库曼竞技,无，不投,,3,2,0,0,0,1,0.66666667,1.04,0.34666667,3,,,list_date < 2026-10-09,"[{'date': '2026-09-06', 'match': '罗萨里奥中央 vs 纽维尔老男孩', 'score': '1-1', 'selected_team': '纽维尔老男孩', 'settlement': '红', 'water': 1.04, 'pnl_1u': 1.04, 'roi': 1.04, 'line': '0.75', 'action': '网页可投', 'source': 'https://simondongxiao.github.io/odds/'}, {'date': '2026-09-06', 'match': '科尔多瓦中央SDE vs 阿根廷独立', 'score': '0-1', 'selected_team': '阿根廷独立', 'settlement': '红', 'water': 1, 'pnl_1u': 1.0, 'roi': 1.0, 'line': '-0.25', 'action': '网页可投', 'source': 'https://simondongxiao.github.io/odds/'}, {'date': '2026-09-06', 'match': '竞技俱乐部 vs 图库曼竞技', 'score': '1-2', 'selected_team': '竞技俱乐部', 'settlement': '黑', 'water': 0.84, 'pnl_1u': -1.0, 'roi': -1.0, 'line': '0.5', 'action': '网页可投', 'source': 'https://www.mundoascenso.com.ar/resumen-liga-profesional/1493116-racing-vs-atletico-tucuman-06-09-2026'}]"
V3,2026-10-09,3083894,洪都甲春,时间待核,帕兰德森 vs 胡蒂卡尔帕,,,0,0,0,0,0,0,,,,0,,,list_date < 2026-10-09,[]
V3,2026-10-09,3098099,国际友谊,时间待核,伯利兹U16 vs 洪都拉斯U16,,,0,0,0,0,0,0,,,,0,,,list_date < 2026-10-09,[]
V3,2026-10-09,3099129,国际友谊,时间待核,美国女足U23 vs 多米尼加女足U23,,,0,0,0,0,0,0,,,,0,,,list_date < 2026-10-09,[]
V3,2026-10-09,2962673,阿甲,时间待核,科尔多瓦学院 vs 博卡青年,,,3,2,0,0,0,1,0.66666667,1.04,0.34666667,3,,,list_date < 2026-10-09,"[{'date': '2026-09-06', 'match': '罗萨里奥中央 vs 纽维尔老男孩', 'score': '1-1', 'selected_team': '纽维尔老男孩', 'settlement': '红', 'water': 1.04, 'pnl_1u': 1.04, 'roi': 1.04, 'line': '0.75', 'action': '网页可投', 'source': 'https://simondongxiao.github.io/odds/'}, {'date': '2026-09-06', 'match': '科尔多瓦中央SDE vs 阿根廷独立', 'score': '0-1', 'selected_team': '阿根廷独立', 'settlement': '红', 'water': 1, 'pnl_1u': 1.0, 'roi': 1.0, 'line': '-0.25', 'action': '网页可投', 'source': 'https://simondongxiao.github.io/odds/'}, {'date': '2026-09-06', 'match': '竞技俱乐部 vs 图库曼竞技', 'score': '1-2', 'selected_team': '竞技俱乐部', 'settlement': '黑', 'water': 0.84, 'pnl_1u': -1.0, 'roi': -1.0, 'line': '0.5', 'action': '网页可投', 'source': 'https://www.mundoascenso.com.ar/resumen-liga-profesional/1493116-racing-vs-atletico-tucuman-06-09-2026'}]"
V3,2026-10-09,3100118,巴拉乙,时间待核,索尔美洲队 vs 卡拉普瓜,,,0,0,0,0,0,0,,,,0,,,list_date < 2026-10-09,[]
V3,2026-10-09,3011887,哥伦甲秋,时间待核,阿利安萨 vs 阿古拉斯多拉达斯,阿利安萨,upper,4,1,0,0,0,3,0.25,-2.18,-0.545,4,,,list_date < 2026-10-09,"[{'date': '2026-09-01', 'match': '福塔雷绍查 vs 云斯卡尔达斯', 'score': '1-2', 'selected_team': '福塔雷绍查', 'settlement': '黑', 'water': 0.98, 'pnl_1u': -1.0, 'roi': -1.0, 'line': '-0.25', 'action': '网页可投', 'source': 'https://simondongxiao.github.io/odds/'}, {'date': '2026-09-03', 'match': '卡利美洲 vs 阿利安萨', 'score': '3-0', 'selected_team': '卡利美洲', 'settlement': '红', 'water': 0.82, 'pnl_1u': 0.82, 'roi': 0.82, 'line': '1.25', 'action': '网页可投', 'source': 'https://simondongxiao.github.io/odds/'}, {'date': '2026-09-06', 'match': '波哥大国际 vs 阿古拉斯多拉达斯', 'score': '2-2', 'selected_team': '波哥大国际', 'settlement': '黑', 'water': 0.86, 'pnl_1u': -1.0, 'roi': -1.0, 'line': '0.5', 'action': '网页可投', 'source': 'https://simondongxiao.github.io/odds/'}, {'date': '2026-09-06', 'match': '佩雷拉 vs 百万富翁', 'score': '1-1', 'selected_team': '百万富翁', 'settlement': '黑', 'water': 0.8, 'pnl_1u': -1.0, 'roi': -1.0, 'line': '-1', 'action': '网页可投', 'source': 'https://www.noticiasrcn.com/deportes/millonarios-pereira-empate-debut-alberto-gamero-1058228'}]"
V3,2026-10-09,3099094,乌拉甲秋,时间待核,马尔多纳多 vs 利物浦蒙特维多,,,0,0,0,0,0,0,,,,0,,,list_date < 2026-10-09,[]
V3,2026-10-09,3024475,墨西甲春,时间待核,塔巴蒂奥 vs 拉巴斯竞技,,,0,0,0,0,0,0,,,,0,,,list_date < 2026-10-09,[]
V3,2026-10-09,2934842,阿乙曼特秋,时间待核,伊希库斯尼斯塔史 vs 维拉圣卡罗斯,伊希库斯尼斯塔史,upper,5,1,0,1,1,2,0.28571429,-1.66,-0.332,5,,,list_date < 2026-10-09,"[{'date': '2026-09-06', 'match': '卡米尼罗斯 vs 基尔梅斯阿根廷', 'score': '1-0', 'selected_team': '卡米尼罗斯', 'settlement': '红', 'water': 0.84, 'pnl_1u': 0.84, 'roi': 0.84, 'line': '0.25', 'action': '网页可投', 'source': 'https://simondongxiao.github.io/odds/'}, {'date': '2026-09-06', 'match': '乌尔基萨大学 vs 梅洛小阿根廷', 'score': '2-0', 'selected_team': '梅洛小阿根廷', 'settlement': '黑', 'water': 0.83, 'pnl_1u': -1.0, 'roi': -1.0, 'line': '', 'action': '网页可投', 'source': 'https://simondongxiao.github.io/odds/'}, {'date': '2026-09-06', 'match': '利涅尔斯 vs 拉费雷尔', 'score': '2-2', 'selected_team': '利涅尔斯', 'settlement': '走', 'water': 0.81, 'pnl_1u': 0.0, 'roi': 0.0, 'line': '', 'action': '网页可投', 'source': 'https://simondongxiao.github.io/odds/'}, {'date': '2026-09-06', 'match': '维拉圣卡罗斯 vs 布朗安德奎', 'score': '0-0', 'selected_team': '维拉圣卡罗斯', 'settlement': '半黑', 'water': 0.92, 'pnl_1u': -0.5, 'roi': -0.5, 'line': '0.25', 'action': '网页可投', 'source': 'https://simondongxiao.github.io/odds/'}, {'date': '2026-09-11', 'match': '意杜萨高 vs BsAs交流会', 'score': '2-2', 'selected_team': 'BsAs交流会', 'settlement': '黑', 'water': 0.82, 'pnl_1u': -1.0, 'roi': -1.0, 'line': '-0.75', 'action': '网页半仓可投', 'source': 'https://m.titan007.com/analy/Analysis/2934802.htm'}]"
V3,2026-10-09,2934846,阿乙曼特秋,时间待核,埃斯卡拉达 vs 卡米尼罗斯,埃斯卡拉达,upper,5,1,0,1,1,2,0.28571429,-1.66,-0.332,5,,,list_date < 2026-10-09,"[{'date': '2026-09-06', 'match': '卡米尼罗斯 vs 基尔梅斯阿根廷', 'score': '1-0', 'selected_team': '卡米尼罗斯', 'settlement': '红', 'water': 0.84, 'pnl_1u': 0.84, 'roi': 0.84, 'line': '0.25', 'action': '网页可投', 'source': 'https://simondongxiao.github.io/odds/'}, {'date': '2026-09-06', 'match': '乌尔基萨大学 vs 梅洛小阿根廷', 'score': '2-0', 'selected_team': '梅洛小阿根廷', 'settlement': '黑', 'water': 0.83, 'pnl_1u': -1.0, 'roi': -1.0, 'line': '', 'action': '网页可投', 'source': 'https://simondongxiao.github.io/odds/'}, {'date': '2026-09-06', 'match': '利涅尔斯 vs 拉费雷尔', 'score': '2-2', 'selected_team': '利涅尔斯', 'settlement': '走', 'water': 0.81, 'pnl_1u': 0.0, 'roi': 0.0, 'line': '', 'action': '网页可投', 'source': 'https://simondongxiao.github.io/odds/'}, {'date': '2026-09-06', 'match': '维拉圣卡罗斯 vs 布朗安德奎', 'score': '0-0', 'selected_team': '维拉圣卡罗斯', 'settlement': '半黑', 'water': 0.92, 'pnl_1u': -0.5, 'roi': -0.5, 'line': '0.25', 'action': '网页可投', 'source': 'https://simondongxiao.github.io/odds/'}, {'date': '2026-09-11', 'match': '意杜萨高 vs BsAs交流会', 'score': '2-2', 'selected_team': 'BsAs交流会', 'settlement': '黑', 'water': 0.82, 'pnl_1u': -1.0, 'roi': -1.0, 'line': '-0.75', 'action': '网页半仓可投', 'source': 'https://m.titan007.com/analy/Analysis/2934802.htm'}]"
V3,2026-10-09,3100407,美女超,时间待核,运动Jax女足 vs DC电力女足,,,0,0,0,0,0,0,,,,0,,,list_date < 2026-10-09,[]
V3,2026-10-09,3098100,国际友谊,时间待核,加拿大女足 vs 丹麦女足,,,0,0,0,0,0,0,,,,0,,,list_date < 2026-10-09,[]
V3,2026-10-09,3098025,巴青杯,时间待核,帕尔梅拉斯青年队 vs 山度士青年队,,,0,0,0,0,0,0,,,,0,,,list_date < 2026-10-09,[]
V3,2026-10-09,2942660,美冠联,时间待核,列克星敦 vs 塔尔萨FC,无，不投,,17,5,5,0,3,4,0.57692308,1.505,0.08852941,17,,高：历史有效胜率>55%,list_date < 2026-10-09,"[{'date': '2026-09-02', 'match': '查尔斯顿电池 vs 哈特福德竞技', 'score': '1-2', 'selected_team': '查尔斯顿电池', 'settlement': '黑', 'water': 0.8, 'pnl_1u': -1.0, 'roi': -1.0, 'line': '0.75', 'action': '网页可投', 'source': 'https://simondongxiao.github.io/odds/'}, {'date': '2026-09-06', 'match': '拉斯维加斯之光 vs 新墨西哥联', 'score': '1-2', 'selected_team': '新墨西哥联', 'settlement': '红', 'water': 0.98, 'pnl_1u': 0.98, 'roi': 0.98, 'line': '0.5', 'action': '网页可投', 'source': 'https://simondongxiao.github.io/odds/'}, {'date': '2026-09-15', 'match': '印地十一 vs 布鲁克林', 'score': '4-0', 'selected_team': '印地十一', 'settlement': '红', 'water': 1.03, 'pnl_1u': 1.03, 'roi': 1.03, 'line': '1', 'action': '网页可投（最新版冻结）', 'source': 'https://www.brooklynfootballclub.com/news/2026/09/15/brooklyn-fc-falls-4-0-to-indy-eleven-on-the-road/'}, {'date': '2026-09-19', 'match': '底特律城 vs 匹兹堡猎犬河队', 'score': '1-0', 'selected_team': '匹兹堡猎犬河队', 'settlement': '黑', 'water': 0.93, 'pnl_1u': -1.0, 'roi': -1.0, 'line': '0.25', 'action': '网页可投（最新版冻结）', 'source': 'https://www.detcityfc.com/news/2026/09/19/kian-williams-late-goal-lifts-detroit-city-fc-past-pittsburgh/'}, {'date': '2026-09-19', 'match': '科罗拉多跃泉 vs 新墨西哥联', 'score': '0-0', 'selected_team': '新墨西哥联', 'settlement': '红', 'water': 0.97, 'pnl_1u': 0.97, 'roi': 0.97, 'line': '0.5', 'action': '网页可投（最新版冻结）', 'source': 'https://m.titan007.com/analy/Analysis/2942620.htm'}, {'date': '2026-09-23', 'match': '伯明翰军团 vs 布鲁克林', 'score': '4-0', 'selected_team': '布鲁克林', 'settlement': '黑', 'water': 1.08, 'pnl_1u': -1.0, 'roi': -1.0, 'line': '0.75', 'action': '网页可投（最新版冻结）', 'source': 'https://simondongxiao.github.io/odds/v3-legacy/'}, {'date': '2026-09-25', 'match': '运动Jax vs 劳顿联', 'score': '1-3', 'selected_team': '运动Jax', 'settlement': '黑', 'water': 0.99, 'pnl_1u': -1.0, 'roi': -1.0, 'line': '-0.25', 'action': '网页可投（最新版冻结）', 'source': 'https://simondongxiao.github.io/odds/v3-legacy/'}, {'date': '2026-09-25', 'match': '埃尔帕索机车 vs 塔尔萨FC', 'score': '1-1', 'selected_team': '塔尔萨FC', 'settlement': '红', 'water': 0.98, 'pnl_1u': 0.98, 'roi': 0.98, 'line': '0.5', 'action': '网页可投（最新版冻结）', 'source': 'https://simondongxiao.github.io/odds/v3-legacy/'}, {'date': '2026-09-26', 'match': '底特律城 vs 科罗拉多跃泉', 'score': '0-0', 'selected_team': '科罗拉多跃泉', 'settlement': '半红', 'water': 0.99, 'pnl_1u': 0.495, 'roi': 0.495, 'line': '0.25', 'action': '网页可投（最新版冻结）', 'source': 'https://simondongxiao.github.io/odds/v3-legacy/'}, {'date': '2026-09-26', 'match': '查尔斯顿电池 vs 罗德岛', 'score': '0-0', 'selected_team': '罗德岛', 'settlement': '半红', 'water': 1.04, 'pnl_1u': 0.52, 'roi': 0.52, 'line': '0.25', 'action': '网页可投（最新版冻结）', 'source': 'https://simondongxiao.github.io/odds/v3-legacy/'}, {'date': '2026-09-26', 'match': '圣安东尼奥 vs 坦帕湾', 'score': '0-0', 'selected_team': '圣安东尼奥', 'settlement': '半红', 'water': 1.02, 'pnl_1u': 0.51, 'roi': 0.51, 'line': '-0.25', 'action': '网页可投（最新版冻结）', 'source': 'https://simondongxiao.github.io/odds/v3-legacy/'}, {'date': '2026-09-30', 'match': '布鲁克林 vs 底特律城', 'score': '1-2', 'selected_team': '布鲁克林', 'settlement': '半黑', 'water': 1, 'pnl_1u': -0.5, 'roi': -0.5, 'line': '0.5', 'action': '网页可投', 'source': 'D:\\codex\\v3_legacy\\outputs\\football_odds_trader\\raw\\titan007\\20261001\\20261001_084801_titan007_odds_snapshot.csv'}, {'date': '2026-09-30', 'match': '迈阿密FC vs 运动Jax', 'score': '2-1', 'selected_team': '迈阿密FC', 'settlement': '半红', 'water': 1.02, 'pnl_1u': 0.51, 'roi': 0.51, 'line': '1', 'action': '网页可投', 'source': 'D:\\codex\\v3_legacy\\outputs\\football_odds_trader\\raw\\titan007\\20261001\\20261001_084801_titan007_odds_snapshot.csv'}, {'date': '2026-09-30', 'match': '萨克拉门托 vs 拉斯维加斯之光', 'score': '3-2', 'selected_team': '拉斯维加斯之光', 'settlement': '半黑', 'water': 0.97, 'pnl_1u': -0.5, 'roi': -0.5, 'line': '0.75', 'action': '网页可投', 'source': 'D:\\codex\\v3_legacy\\outputs\\football_odds_trader\\raw\\titan007\\20261002\\20261002_081559_titan007_odds_snapshot.csv'}, {'date': '2026-10-03', 'match': '底特律城 vs 伯明翰军团', 'score': '1-0', 'selected_team': '伯明翰军团', 'settlement': '半黑', 'water': 1.01, 'pnl_1u': -0.5, 'roi': -0.5, 'line': '0.75', 'action': '网页可投', 'source': 'D:\\codex\\v3_legacy\\outputs\\football_odds_trader\\raw\\titan007\\20261004\\20261004_084919_titan007_odds_snapshot.csv'}, {'date': '2026-10-03', 'match': '科罗拉多跃泉 vs 奥克兰根', 'score': '0-0', 'selected_team': '奥克兰根', 'settlement': '半红', 'water': 1.02, 'pnl_1u': 0.51, 'roi': 0.51, 'line': '0.75', 'action': '网页可投', 'source': 'D:\\codex\\v3_legacy\\outputs\\football_odds_trader\\raw\\titan007\\20261004\\20261004_135431_titan007_odds_snapshot.csv'}, {'date': '2026-10-04', 'match': '拉斯维加斯之光 vs 圣安东尼奥', 'score': '1-0', 'selected_team': '拉斯维加斯之光', 'settlement': '红', 'water': 1, 'pnl_1u': 0.5, 'roi': 0.5, 'line': '', 'action': '网页可投', 'source': 'D:\\codex\\v3_legacy\\outputs\\football_odds_trader\\raw\\titan007\\20261004\\20261004_135431_titan007_odds_snapshot.csv'}]"
V3,2026-10-09,3098101,国际友谊,时间待核,波多黎各U16 vs 巴拿马U16,,,0,0,0,0,0,0,,,,0,,,list_date < 2026-10-09,[]
V3,2026-10-09,3041937,萨尔超春,时间待核,印加阿鲁巴 vs 萨卡特科卢卡,,,0,0,0,0,0,0,,,,0,,,list_date < 2026-10-09,[]
V3,2026-10-09,3100408,球会友谊,时间待核,中央海岸水手 vs 莱卡特老虎,,,0,0,0,0,0,0,,,,0,,,list_date < 2026-10-09,[]
V3,2026-10-09,3100360,哥斯女甲,时间待核,波科西女足 vs 卡里略女足,,,0,0,0,0,0,0,,,,0,,,list_date < 2026-10-09,[]
V3,2026-10-09,2962682,阿甲,时间待核,圣塔菲联 vs 防卫者,无，不投,,3,2,0,0,0,1,0.66666667,1.04,0.34666667,3,,,list_date < 2026-10-09,"[{'date': '2026-09-06', 'match': '罗萨里奥中央 vs 纽维尔老男孩', 'score': '1-1', 'selected_team': '纽维尔老男孩', 'settlement': '红', 'water': 1.04, 'pnl_1u': 1.04, 'roi': 1.04, 'line': '0.75', 'action': '网页可投', 'source': 'https://simondongxiao.github.io/odds/'}, {'date': '2026-09-06', 'match': '科尔多瓦中央SDE vs 阿根廷独立', 'score': '0-1', 'selected_team': '阿根廷独立', 'settlement': '红', 'water': 1, 'pnl_1u': 1.0, 'roi': 1.0, 'line': '-0.25', 'action': '网页可投', 'source': 'https://simondongxiao.github.io/odds/'}, {'date': '2026-09-06', 'match': '竞技俱乐部 vs 图库曼竞技', 'score': '1-2', 'selected_team': '竞技俱乐部', 'settlement': '黑', 'water': 0.84, 'pnl_1u': -1.0, 'roi': -1.0, 'line': '0.5', 'action': '网页可投', 'source': 'https://www.mundoascenso.com.ar/resumen-liga-profesional/1493116-racing-vs-atletico-tucuman-06-09-2026'}]"
V3,2026-10-09,2997429,墨西联秋,时间待核,普埃布拉 vs 莱昂,,,0,0,0,0,0,0,,,,0,,,list_date < 2026-10-09,[]
V3,2026-10-09,3024480,墨西甲春,时间待核,帕蒂特兰德莫雷洛斯 vs 莫雷利亚,,,0,0,0,0,0,0,,,,0,,,list_date < 2026-10-09,[]
V3,2026-10-09,3098084,国际友谊,时间待核,墨西哥女足 vs 牙买加女足,,,0,0,0,0,0,0,,,,0,,,list_date < 2026-10-09,[]
V3,2026-10-09,3099581,阿根业余锦,时间待核,安托尼亚那青年 vs 拉斯禾拉斯飓风,,,0,0,0,0,0,0,,,,0,,,list_date < 2026-10-09,[]
V3,2026-10-09,3011894,哥伦甲秋,时间待核,云斯卡尔达斯 vs 拉尼洛斯,无，不投,,4,1,0,0,0,3,0.25,-2.18,-0.545,4,,,list_date < 2026-10-09,"[{'date': '2026-09-01', 'match': '福塔雷绍查 vs 云斯卡尔达斯', 'score': '1-2', 'selected_team': '福塔雷绍查', 'settlement': '黑', 'water': 0.98, 'pnl_1u': -1.0, 'roi': -1.0, 'line': '-0.25', 'action': '网页可投', 'source': 'https://simondongxiao.github.io/odds/'}, {'date': '2026-09-03', 'match': '卡利美洲 vs 阿利安萨', 'score': '3-0', 'selected_team': '卡利美洲', 'settlement': '红', 'water': 0.82, 'pnl_1u': 0.82, 'roi': 0.82, 'line': '1.25', 'action': '网页可投', 'source': 'https://simondongxiao.github.io/odds/'}, {'date': '2026-09-06', 'match': '波哥大国际 vs 阿古拉斯多拉达斯', 'score': '2-2', 'selected_team': '波哥大国际', 'settlement': '黑', 'water': 0.86, 'pnl_1u': -1.0, 'roi': -1.0, 'line': '0.5', 'action': '网页可投', 'source': 'https://simondongxiao.github.io/odds/'}, {'date': '2026-09-06', 'match': '佩雷拉 vs 百万富翁', 'score': '1-1', 'selected_team': '百万富翁', 'settlement': '黑', 'water': 0.8, 'pnl_1u': -1.0, 'roi': -1.0, 'line': '-1', 'action': '网页可投', 'source': 'https://www.noticiasrcn.com/deportes/millonarios-pereira-empate-debut-alberto-gamero-1058228'}]"
V3,2026-10-09,3012159,哥伦乙秋,时间待核,波哥塔 vs 帕特里奥坦斯,帕特里奥坦斯,upper,3,1,0,0,1,1,0.4,-0.51,-0.17,3,,,list_date < 2026-10-09,"[{'date': '2026-09-09', 'match': '尤姆博独立 vs 奎迪奥', 'score': '0-0', 'selected_team': '尤姆博独立', 'settlement': '半黑', 'water': 1, 'pnl_1u': -0.5, 'roi': -0.5, 'line': '0.25', 'action': '网页可投', 'source': 'https://simondongxiao.github.io/odds/'}, {'date': '2026-09-10', 'match': '奥尔索马尔索 vs 锡帕基拉老虎', 'score': '0-2', 'selected_team': '奥尔索马尔索', 'settlement': '黑', 'water': 0.77, 'pnl_1u': -1.0, 'roi': -1.0, 'line': '0.5', 'action': '网页可投', 'source': 'https://m.titan007.com/analy/Analysis/3012138.htm'}, {'date': '2026-09-10', 'match': '帕特里奥坦斯 vs 巴瑞库拉', 'score': '3-1', 'selected_team': '帕特里奥坦斯', 'settlement': '红', 'water': 0.99, 'pnl_1u': 0.99, 'roi': 0.99, 'line': '1', 'action': '网页可投', 'source': 'https://m.titan007.com/analy/Analysis/3012142.htm'}]"
V3,2026-10-09,3100416,巴马全联,时间待核,巴拿马城FC vs CD阿拉比后备队,,,0,0,0,0,0,0,,,,0,,,list_date < 2026-10-09,[]
V3,2026-10-09,3092302,新西兰联,时间待核,威灵顿凤凰后备队 vs 伯肯黑德联,,,0,0,0,0,0,0,,,,0,,,list_date < 2026-10-09,[]
V3,2026-10-09,3083895,洪都甲春,时间待核,摩塔瓜 vs 乔洛马,,,0,0,0,0,0,0,,,,0,,,list_date < 2026-10-09,[]
V3,2026-10-09,3036213,巴马甲秋,时间待核,FC旧金山 vs CD尤尼维尔斯塔里奥,,,0,0,0,0,0,0,,,,0,,,list_date < 2026-10-09,[]
V3,2026-10-09,3098336,国际友谊,时间待核,萨尔瓦多女足 vs 巴拉圭女足,,,0,0,0,0,0,0,,,,0,,,list_date < 2026-10-09,[]
V3,2026-10-09,3098273,墨西乙A,时间待核,阿卡特兰 vs 弗雷斯尼洛,,,0,0,0,0,0,0,,,,0,,,list_date < 2026-10-09,[]
V3,2026-10-09,3100375,墨西丙,时间待核,皇家圣科斯梅 vs 富卡,,,0,0,0,0,0,0,,,,0,,,list_date < 2026-10-09,[]
V3,2026-10-09,3092303,新西兰联,时间待核,奥克兰城 vs 惠灵顿奥运会,,,0,0,0,0,0,0,,,,0,,,list_date < 2026-10-09,[]
V3,2026-10-09,3042570,哥斯甲春,时间待核,圣何塞体育 vs 肯塔吉内斯,,,0,0,0,0,0,0,,,,0,,,list_date < 2026-10-09,[]
V3,2026-10-09,2966522,俄乙B中,时间待核,SKA哈巴罗夫斯克B队 vs 奥布宁斯克,,,0,0,0,0,0,0,,,,0,,,list_date < 2026-10-09,[]
V3,2026-10-09,3099413,哥斯乙,时间待核,肯梅利塔 vs 瓜达卢普,肯梅利塔,upper,0,0,0,0,0,0,,,,0,,,list_date < 2026-10-09,[]
V3,2026-10-09,3098337,国际友谊,时间待核,萨尔瓦多U16 vs 瓜地马拉U16,,,0,0,0,0,0,0,,,,0,,,list_date < 2026-10-09,[]
V3,2026-10-09,3073304,墨西乙,时间待核,拉佩达德 vs 洛斯卡沃斯联,,,0,0,0,0,0,0,,,,0,,,list_date < 2026-10-09,[]
V4,2026-10-09,3100332,哥斯女甲,时间待核,圣何塞女足 vs 自摩拉维亚女足,,,0,0,0,0,0,0,,,,0,,,list_date < 2026-10-09,[]
V4,2026-10-09,2929735,韩K联,时间待核,大田市民 vs 全北现代,,,2,2,0,0,0,0,1.0,2.05,1.025,2,,,list_date < 2026-10-09,"[{'date': '2026-09-19', 'match': 'FC安养 vs 蔚山HD', 'score': '2-1', 'selected_team': 'FC安养', 'settlement': '红', 'water': 1.02, 'pnl_1u': 1.02, 'roi': 1.02, 'line': '-0.5', 'action': 'V4纸面入选-C', 'source': 'https://zq.titan007.com/analysis/2929730cn.htm'}, {'date': '2026-09-20', 'match': '浦项制铁 vs FC首尔', 'score': '2-1', 'selected_team': '浦项制铁', 'settlement': '红', 'water': 1.03, 'pnl_1u': 1.03, 'roi': 1.03, 'line': '-0.5', 'action': 'V4纸面入选-C', 'source': 'https://zq.titan007.com/analysis/2929734cn.htm'}]"
V4,2026-10-09,2925542,韩K2联,时间待核,水原FC vs 华城FC,,,1,0,0,0,0,1,0.0,-1.0,-1.0,1,,,list_date < 2026-10-09,"[{'date': '2026-09-19', 'match': '忠南牙山 vs 天安城', 'score': '3-1', 'selected_team': '天安城', 'settlement': '黑', 'water': 1.03, 'pnl_1u': -1.0, 'roi': -1.0, 'line': '0.25', 'action': 'V4纸面入选-C', 'source': 'https://zq.titan007.com/analysis/2925534cn.htm'}]"
V4,2026-10-09,2940448,韩K3联,时间待核,杨平 vs 蔚山市民,,,4,2,0,1,0,1,0.66666667,0.79,0.1975,4,,,list_date < 2026-10-09,"[{'date': '2026-09-13', 'match': '唐津市民 vs 釜山运输', 'score': '5-3', 'selected_team': '唐津市民', 'settlement': '红', 'water': 1.01, 'pnl_1u': 1.01, 'roi': 1.01, 'line': '0.25', 'action': 'V4纸面入选-C', 'source': 'https://m.titan007.com/analy/Analysis/2940438.htm'}, {'date': '2026-10-03', 'match': '抱川FC vs 春川市民', 'score': '0-0', 'selected_team': '', 'settlement': '走', 'water': 1.06, 'pnl_1u': 0.0, 'roi': 0.0, 'line': '', 'action': 'V4纸面入选-C', 'source': 'https://m.titan007.com/analy/Analysis/2940441.htm'}, {'date': '2026-10-03', 'match': '骊州世宗 vs 全北现代B队', 'score': '2-1', 'selected_team': '', 'settlement': '红', 'water': 0.78, 'pnl_1u': 0.78, 'roi': 0.78, 'line': '', 'action': 'V4纸面入选-C', 'source': 'https://m.titan007.com/analy/Analysis/2940442.htm'}, {'date': '2026-10-03', 'match': '蔚山市民 vs 始兴市民', 'score': '1-2', 'selected_team': '', 'settlement': '黑', 'water': 0.88, 'pnl_1u': -1.0, 'roi': -1.0, 'line': '', 'action': 'V4纸面入选-C', 'source': 'https://m.titan007.com/analy/Analysis/2940443.htm'}]"
V4,2026-10-09,3100257,印班超,时间待核,阿格尼普拉 vs ASC中心FC,,,1,0,0,1,0,0,,0.0,0.0,1,,,list_date < 2026-10-09,"[{'date': '2026-10-05', 'match': '南部联队 vs 麦格', 'score': '2-2', 'selected_team': '', 'settlement': '走', 'water': 0.8, 'pnl_1u': 0.0, 'roi': 0.0, 'line': '', 'action': 'V4纸面入选-C', 'source': 'https://m.titan007.com/analy/Analysis/3098107.htm'}]"
V4,2026-10-09,3099130,中台女联,时间待核,高雄阳信女足 vs 花莲女足,,,0,0,0,0,0,0,,,,0,,,list_date < 2026-10-09,[]
V4,2026-10-09,2929736,韩K联,时间待核,江原FC vs 富川FC,江原FC,giving,2,2,0,0,0,0,1.0,2.05,1.025,2,,,list_date < 2026-10-09,"[{'date': '2026-09-19', 'match': 'FC安养 vs 蔚山HD', 'score': '2-1', 'selected_team': 'FC安养', 'settlement': '红', 'water': 1.02, 'pnl_1u': 1.02, 'roi': 1.02, 'line': '-0.5', 'action': 'V4纸面入选-C', 'source': 'https://zq.titan007.com/analysis/2929730cn.htm'}, {'date': '2026-09-20', 'match': '浦项制铁 vs FC首尔', 'score': '2-1', 'selected_team': '浦项制铁', 'settlement': '红', 'water': 1.03, 'pnl_1u': 1.03, 'roi': 1.03, 'line': '-0.5', 'action': 'V4纸面入选-C', 'source': 'https://zq.titan007.com/analysis/2929734cn.htm'}]"
V4,2026-10-09,2929737,韩K联,时间待核,仁川联 vs 浦项制铁,仁川联,giving,2,2,0,0,0,0,1.0,2.05,1.025,2,,,list_date < 2026-10-09,"[{'date': '2026-09-19', 'match': 'FC安养 vs 蔚山HD', 'score': '2-1', 'selected_team': 'FC安养', 'settlement': '红', 'water': 1.02, 'pnl_1u': 1.02, 'roi': 1.02, 'line': '-0.5', 'action': 'V4纸面入选-C', 'source': 'https://zq.titan007.com/analysis/2929730cn.htm'}, {'date': '2026-09-20', 'match': '浦项制铁 vs FC首尔', 'score': '2-1', 'selected_team': '浦项制铁', 'settlement': '红', 'water': 1.03, 'pnl_1u': 1.03, 'roi': 1.03, 'line': '-0.5', 'action': 'V4纸面入选-C', 'source': 'https://zq.titan007.com/analysis/2929734cn.htm'}]"
V4,2026-10-09,2925543,韩K2联,时间待核,忠北清州 vs 城南FC,,,1,0,0,0,0,1,0.0,-1.0,-1.0,1,,,list_date < 2026-10-09,"[{'date': '2026-09-19', 'match': '忠南牙山 vs 天安城', 'score': '3-1', 'selected_team': '天安城', 'settlement': '黑', 'water': 1.03, 'pnl_1u': -1.0, 'roi': -1.0, 'line': '0.25', 'action': 'V4纸面入选-C', 'source': 'https://zq.titan007.com/analysis/2925534cn.htm'}]"
V4,2026-10-09,2925544,韩K2联,时间待核,金浦市民 vs 首尔衣恋,金浦市民,receiving,1,0,0,0,0,1,0.0,-1.0,-1.0,1,,,list_date < 2026-10-09,"[{'date': '2026-09-19', 'match': '忠南牙山 vs 天安城', 'score': '3-1', 'selected_team': '天安城', 'settlement': '黑', 'water': 1.03, 'pnl_1u': -1.0, 'roi': -1.0, 'line': '0.25', 'action': 'V4纸面入选-C', 'source': 'https://zq.titan007.com/analysis/2925534cn.htm'}]"
V4,2026-10-09,3100268,印孟超,时间待核,联合市FSA vs 孟买体育俱乐部,,,0,0,0,0,0,0,,,,0,,,list_date < 2026-10-09,[]
V4,2026-10-09,3100251,以丙,时间待核,雅科夫 vs 基瓦特奥尔加,,,0,0,0,0,0,0,,,,0,,,list_date < 2026-10-09,[]
V4,2026-10-09,3100252,以丙,时间待核,MS内塔尼亚 vs 戈尔尼克海象,,,0,0,0,0,0,0,,,,0,,,list_date < 2026-10-09,[]
V4,2026-10-09,3100253,以丙,时间待核,彼达迪华 vs 克拉玛甘,,,0,0,0,0,0,0,,,,0,,,list_date < 2026-10-09,[]
V4,2026-10-09,3100343,格鲁丙,时间待核,迪德布 vs 第比利斯火车头,,,0,0,0,0,0,0,,,,0,,,list_date < 2026-10-09,[]
V4,2026-10-09,3100256,印班超,时间待核,叛军FC vs 班加罗尔梦联,,,1,0,0,1,0,0,,0.0,0.0,1,,,list_date < 2026-10-09,"[{'date': '2026-10-05', 'match': '南部联队 vs 麦格', 'score': '2-2', 'selected_team': '', 'settlement': '走', 'water': 0.8, 'pnl_1u': 0.0, 'roi': 0.0, 'line': '', 'action': 'V4纸面入选-C', 'source': 'https://m.titan007.com/analy/Analysis/3098107.htm'}]"
V4,2026-10-09,3099131,中台女联,时间待核,阳信北竞女足 vs 女武神女足,,,0,0,0,0,0,0,,,,0,,,list_date < 2026-10-09,[]
V4,2026-10-09,3087369,中U21,时间待核,上海海港U21 vs 湖北青年星U21,,,2,2,0,0,0,0,1.0,1.93,0.965,2,,,list_date < 2026-10-09,"[{'date': '2026-10-05', 'match': '武汉三镇U21 vs 上海海港U21', 'score': '0-0', 'selected_team': '武汉三镇U21', 'settlement': '红', 'water': 0.95, 'pnl_1u': 0.95, 'roi': 0.95, 'line': '-1', 'action': 'V4纸面入选-C', 'source': 'https://m.titan007.com/analy/Analysis/3087368.htm'}, {'date': '2026-10-05', 'match': '深圳新鹏城U21 vs 天津津门虎U21', 'score': '0-0', 'selected_team': '深圳新鹏城U21', 'settlement': '红', 'water': 0.98, 'pnl_1u': 0.98, 'roi': 0.98, 'line': '-1.25', 'action': 'V4纸面入选-C', 'source': 'https://m.titan007.com/analy/Analysis/3087366.htm'}]"
V4,2026-10-09,3062849,印尼超,时间待核,佩斯克 vs 马都拉联,,,4,1,0,2,0,1,0.5,-0.11,-0.0275,4,,,list_date < 2026-10-09,"[{'date': '2026-09-19', 'match': '帕尔斯巴亚 vs 加鲁达亚克萨', 'score': '1-1', 'selected_team': '帕尔斯巴亚', 'settlement': '黑', 'water': 0.92, 'pnl_1u': -1.0, 'roi': -1.0, 'line': '1.5', 'action': 'V4纸面入选-C', 'source': 'https://zq.titan007.com/analysis/3062842cn.htm'}, {'date': '2026-09-19', 'match': '巴杨卡拉泗水联 vs 伊森穆朗', 'score': '2-0', 'selected_team': '巴杨卡拉泗水联', 'settlement': '红', 'water': 0.89, 'pnl_1u': 0.89, 'roi': 0.89, 'line': '1.5', 'action': 'V4纸面入选-C', 'source': 'https://zq.titan007.com/analysis/3062844cn.htm'}, {'date': '2026-09-20', 'match': '德瓦FC vs 斯乐门', 'score': '2-1', 'selected_team': '斯乐门', 'settlement': '走', 'water': 1.01, 'pnl_1u': 0.0, 'roi': 0.0, 'line': '1', 'action': 'V4纸面入选-C', 'source': 'https://zq.titan007.com/analysis/3062847cn.htm'}, {'date': '2026-09-20', 'match': '杰帕拉 vs 万隆', 'score': '1-2', 'selected_team': '杰帕拉', 'settlement': '走', 'water': 1, 'pnl_1u': 0.0, 'roi': 0.0, 'line': '-1', 'action': 'V4纸面入选-C', 'source': 'https://zq.titan007.com/analysis/3062848cn.htm'}]"
V4,2026-10-09,3086200,印尼甲,时间待核,查亚普拉 vs 努萨塔拉,,,9,3,0,0,1,5,0.35294118,-2.76,-0.30666667,9,严重：历史有效胜率<45%,严重：历史有效胜率<45%,list_date < 2026-10-09,"[{'date': '2026-09-19', 'match': '巴厘巴板 vs 帕森拉', 'score': '0-1', 'selected_team': '巴厘巴板', 'settlement': '黑', 'water': 1.03, 'pnl_1u': -1.0, 'roi': -1.0, 'line': '-0.25', 'action': 'V4纸面入选-C', 'source': 'https://zq.titan007.com/analysis/3086175cn.htm'}, {'date': '2026-09-27', 'match': '努萨塔拉 vs 德尔特雷斯', 'score': '1-2', 'selected_team': '德尔特雷斯', 'settlement': '红', 'water': 1.01, 'pnl_1u': 1.01, 'roi': 1.01, 'line': '0.25', 'action': 'V4最新页面A/B/C候选', 'source': 'https://simondongxiao.github.io/odds/v4/'}, {'date': '2026-09-27', 'match': '伯斯古古杜斯 vs 三宝珑', 'score': '0-6', 'selected_team': '伯斯古古杜斯', 'settlement': '黑', 'water': 0.95, 'pnl_1u': -1.0, 'roi': -1.0, 'line': '-1', 'action': 'V4最新页面A/B/C候选', 'source': 'https://www.footballant.com/zh-CN/football-data/team/19000'}, {'date': '2026-10-03', 'match': '棉兰 vs 佩斯卡德', 'score': '4-0', 'selected_team': '棉兰', 'settlement': '红', 'water': 0.96, 'pnl_1u': 0.96, 'roi': 0.96, 'line': '1.5', 'action': 'V4纸面入选-C', 'source': 'https://m.titan007.com/analy/Analysis/3086193.htm'}, {'date': '2026-10-03', 'match': '三宝珑 vs 普特拉锡纳', 'score': '1-0', 'selected_team': '三宝珑', 'settlement': '半黑', 'water': 0.94, 'pnl_1u': -0.5, 'roi': -0.5, 'line': '1.25', 'action': 'V4纸面入选-B', 'source': 'https://m.titan007.com/analy/Analysis/3086194.htm'}, {'date': '2026-10-03', 'match': '伯希索罗 vs 北干巴鲁龙卷风', 'score': '0-2', 'selected_team': '伯希索罗', 'settlement': '黑', 'water': 0.76, 'pnl_1u': -1.0, 'roi': -1.0, 'line': '0.5', 'action': 'V4纸面入选-C', 'source': 'https://m.titan007.com/analy/Analysis/3086195.htm'}, {'date': '2026-10-04', 'match': '巴日托 vs 帕森拉', 'score': '0-1', 'selected_team': '巴日托', 'settlement': '黑', 'water': 1.11, 'pnl_1u': -1.0, 'roi': -1.0, 'line': '0.75', 'action': 'V4纸面入选-B', 'source': 'https://m.titan007.com/analy/Analysis/3086197.htm'}, {'date': '2026-10-04', 'match': '德尔特雷斯 vs 巴厘巴板', 'score': '2-0', 'selected_team': '德尔特雷斯', 'settlement': '红', 'water': 0.77, 'pnl_1u': 0.77, 'roi': 0.77, 'line': '1.25', 'action': 'V4纸面入选-B', 'source': 'https://m.titan007.com/analy/Analysis/3086198.htm'}, {'date': '2026-10-04', 'match': '塞曼巴东 vs 北干巴鲁', 'score': '0-1', 'selected_team': '塞曼巴东', 'settlement': '黑', 'water': 0.95, 'pnl_1u': -1.0, 'roi': -1.0, 'line': '0.75', 'action': 'V4纸面入选-B', 'source': 'https://m.titan007.com/analy/Analysis/3086199.htm'}]"
V4,2026-10-09,3008855,捷U19,时间待核,皮耳森U19 vs 杜库拉U19,,,1,1,0,0,0,0,1.0,0.93,0.93,1,,,list_date < 2026-10-09,"[{'date': '2026-10-03', 'match': '史洛特U19 vs 般奴U19', 'score': '3-0', 'selected_team': '', 'settlement': '红', 'water': 0.93, 'pnl_1u': 0.93, 'roi': 0.93, 'line': '', 'action': 'V4纸面入选-C', 'source': 'https://m.titan007.com/analy/Analysis/3008848.htm'}]"
V4,2026-10-09,3091804,孟加拉联,时间待核,兄弟联盟 vs 福提斯,,,0,0,0,0,0,0,,,,0,,,list_date < 2026-10-09,[]
V4,2026-10-09,3091805,孟加拉联,时间待核,MSPCC城市 vs 乔塔格拉姆城,,,0,0,0,0,0,0,,,,0,,,list_date < 2026-10-09,[]
V4,2026-10-09,3091806,孟加拉联,时间待核,穆罕默德SC vs 阿安姆巴格,,,0,0,0,0,0,0,,,,0,,,list_date < 2026-10-09,[]
V4,2026-10-09,3091807,孟加拉联,时间待核,苒玛塔伽尼 vs PWD体育,,,0,0,0,0,0,0,,,,0,,,list_date < 2026-10-09,[]
V4,2026-10-09,3098094,马来A1联,时间待核,武装部队 vs 米格雷森II队,,,0,0,0,0,0,0,,,,0,,,list_date < 2026-10-09,[]
V4,2026-10-09,3061581,女欧U19,时间待核,捷克女足U19 vs 哈萨克斯坦女足U19,,,1,1,0,0,0,0,1.0,0.9,0.9,1,,,list_date < 2026-10-09,"[{'date': '2026-10-06', 'match': '罗马尼亚女足U19 vs 哈萨克斯坦女足U19', 'score': '6-1', 'selected_team': '哈萨克斯坦女足U19', 'settlement': '红', 'water': 0.9, 'pnl_1u': 0.9, 'roi': 0.9, 'line': '3.5', 'action': 'V4纸面入选-C', 'source': 'https://m.titan007.com/analy/Analysis/3061580.htm'}]"
V4,2026-10-09,3091056,马足总,时间待核,柔佛 vs 槟城,槟城,receiving,0,0,0,0,0,0,,,,0,,,list_date < 2026-10-09,[]
V4,2026-10-09,3074955,以乙南,时间待核,MS耶路撒冷 vs 玛拉基亚,,,3,1,0,0,0,2,0.33333333,-1.01,-0.33666667,3,,,list_date < 2026-10-09,"[{'date': '2026-09-23', 'match': '艾佐尔夏普尔 vs 马哈尼耶侯达', 'score': '2-0', 'selected_team': '马哈尼耶侯达', 'settlement': '黑', 'water': 1.05, 'pnl_1u': -1.0, 'roi': -1.0, 'line': '0.25', 'action': 'V4最新页面A/B/C候选', 'source': 'https://simondongxiao.github.io/odds/v4/'}, {'date': '2026-09-23', 'match': '迪莫纳体育 vs 玛拉基亚', 'score': '1-5', 'selected_team': '玛拉基亚', 'settlement': '红', 'water': 0.99, 'pnl_1u': 0.99, 'roi': 0.99, 'line': '0.5', 'action': 'V4最新页面A/B/C候选', 'source': 'https://simondongxiao.github.io/odds/v4/'}, {'date': '2026-09-30', 'match': '阿古达 vs 哈迪拉', 'score': '0-4', 'selected_team': '', 'settlement': '黑', 'water': 0.96, 'pnl_1u': -1.0, 'roi': -1.0, 'line': '', 'action': 'V4纸面入选-C', 'source': 'https://m.titan007.com/analy/Analysis/3074950.htm'}]"
V4,2026-10-09,3035673,乌克甲,时间待核,梅塔利斯特 vs FC维多尼古拉耶夫卡,,,2,1,0,0,0,1,0.5,-0.06,-0.03,2,,,list_date < 2026-10-09,"[{'date': '2026-10-04', 'match': '高华尤夫卡B队 vs 亚历山德里亚', 'score': '0-2', 'selected_team': '高华尤夫卡B队', 'settlement': '黑', 'water': 0.8, 'pnl_1u': -1.0, 'roi': -1.0, 'line': '-0.75', 'action': 'V4纸面入选-B', 'source': 'https://m.titan007.com/analy/Analysis/3035665.htm'}, {'date': '2026-10-04', 'match': '罗姆内 vs 基督教体育', 'score': '3-2', 'selected_team': '', 'settlement': '红', 'water': 0.94, 'pnl_1u': 0.94, 'roi': 0.94, 'line': '', 'action': 'V4纸面入选-C', 'source': 'https://m.titan007.com/analy/Analysis/3035663.htm'}]"
V4,2026-10-09,3069866,缅甸联,时间待核,伊斯佩FC vs 达根FC,,,0,0,0,0,0,0,,,,0,,,list_date < 2026-10-09,[]
V4,2026-10-09,3069867,缅甸联,时间待核,马哈尔联 vs 钦区,,,0,0,0,0,0,0,,,,0,,,list_date < 2026-10-09,[]
V4,2026-10-09,3099132,中台女联,时间待核,台中樱花女足 vs 台北熊赞女足,,,0,0,0,0,0,0,,,,0,,,list_date < 2026-10-09,[]
V4,2026-10-09,3008856,捷U19,时间待核,奥林莫斯U19 vs 塔比历斯U19,,,1,1,0,0,0,0,1.0,0.93,0.93,1,,,list_date < 2026-10-09,"[{'date': '2026-10-03', 'match': '史洛特U19 vs 般奴U19', 'score': '3-0', 'selected_team': '', 'settlement': '红', 'water': 0.93, 'pnl_1u': 0.93, 'roi': 0.93, 'line': '', 'action': 'V4纸面入选-C', 'source': 'https://m.titan007.com/analy/Analysis/3008848.htm'}]"
V4,2026-10-09,3039506,波青联,时间待核,比亚韦斯托克雅盖隆青年队 vs 萨比利斯青年队,,,0,0,0,0,0,0,,,,0,,,list_date < 2026-10-09,[]
V4,2026-10-09,3044300,乌克乙,时间待核,扎波罗热米塔路 vs SC波尔塔瓦B队,,,0,0,0,0,0,0,,,,0,,,list_date < 2026-10-09,[]
V4,2026-10-09,3001218,日职丙,时间待核,SC相模原 vs 赞岐,SC相模原,giving,7,4,0,1,0,2,0.66666667,1.68,0.24,7,,,list_date < 2026-10-09,"[{'date': '2026-09-19', 'match': 'FC爱媛 vs 赞岐', 'score': '2-1', 'selected_team': '赞岐', 'settlement': '走', 'water': 0.88, 'pnl_1u': 0.0, 'roi': 0.0, 'line': '1', 'action': 'V4纸面入选-C', 'source': 'https://zq.titan007.com/analysis/3001181cn.htm'}, {'date': '2026-09-20', 'match': '长野琶扼搂 vs FC岐阜', 'score': '1-0', 'selected_team': '长野琶扼搂', 'settlement': '红', 'water': 1, 'pnl_1u': 1.0, 'roi': 1.0, 'line': '-0.5', 'action': 'V4纸面入选-C', 'source': 'https://zq.titan007.com/analysis/3001187cn.htm'}, {'date': '2026-09-26', 'match': '金泽 vs 鸟取飞翔', 'score': '4-1', 'selected_team': '鸟取飞翔', 'settlement': '黑', 'water': 1.06, 'pnl_1u': -1.0, 'roi': -1.0, 'line': '0.5', 'action': 'V4最新页面A/B/C候选', 'source': 'https://simondongxiao.github.io/odds/v4/'}, {'date': '2026-09-26', 'match': '北九州向日葵 vs 鹿儿岛联', 'score': '1-1', 'selected_team': '北九州向日葵', 'settlement': '红', 'water': 1.06, 'pnl_1u': 1.06, 'roi': 1.06, 'line': '-0.5', 'action': 'V4最新页面A/B/C候选', 'source': 'https://simondongxiao.github.io/odds/v4/'}, {'date': '2026-10-03', 'match': 'FC爱媛 vs 群马草津温泉', 'score': '3-1', 'selected_team': 'FC爱媛', 'settlement': '红', 'water': 0.83, 'pnl_1u': 0.83, 'roi': 0.83, 'line': '0.75', 'action': 'V4纸面入选-A', 'source': 'https://m.titan007.com/analy/Analysis/3001201.htm'}, {'date': '2026-10-03', 'match': 'FC琉球 vs 金泽', 'score': '0-2', 'selected_team': '', 'settlement': '黑', 'water': 0.97, 'pnl_1u': -1.0, 'roi': -1.0, 'line': '', 'action': 'V4纸面入选-C', 'source': 'https://m.titan007.com/analy/Analysis/3001208.htm'}, {'date': '2026-10-04', 'match': '鹿儿岛联 vs 福岛FC', 'score': '3-2', 'selected_team': '', 'settlement': '红', 'water': 0.79, 'pnl_1u': 0.79, 'roi': 0.79, 'line': '', 'action': 'V4纸面入选-C', 'source': 'https://m.titan007.com/analy/Analysis/3001204.htm'}]"
V4,2026-10-09,3100224,印米佐超,时间待核,西钱马里FC vs 赛卡玛坎FC,,,0,0,0,0,0,0,,,,0,,,list_date < 2026-10-09,[]
V4,2026-10-09,3100223,印孟超,时间待核,斯克XI vs 科帕纳,,,0,0,0,0,0,0,,,,0,,,list_date < 2026-10-09,[]
V4,2026-10-09,3000477,日职联,时间待核,鹿岛鹿角 vs 大阪钢巴,鹿岛鹿角,giving,3,0,0,0,0,3,0.0,-3.0,-1.0,3,,,list_date < 2026-10-09,"[{'date': '2026-09-13', 'match': '浦和红钻 vs 冈山绿雉', 'score': '1-2', 'selected_team': '浦和红钻', 'settlement': '黑', 'water': 1.03, 'pnl_1u': -1.0, 'roi': -1.0, 'line': '0.25', 'action': 'V4纸面入选-C', 'source': 'https://m.titan007.com/analy/Analysis/3000459.htm'}, {'date': '2026-09-19', 'match': '清水鼓动 vs 千叶市原', 'score': '2-1', 'selected_team': '千叶市原', 'settlement': '黑', 'water': 1.03, 'pnl_1u': -1.0, 'roi': -1.0, 'line': '0.5', 'action': 'V4纸面入选-C', 'source': 'https://zq.titan007.com/analysis/3000469cn.htm'}, {'date': '2026-09-19', 'match': '冈山绿雉 vs 京都不死鸟', 'score': '1-2', 'selected_team': '冈山绿雉', 'settlement': '黑', 'water': 1.06, 'pnl_1u': -1.0, 'roi': -1.0, 'line': '0.75', 'action': 'V4纸面入选-C', 'source': 'https://zq.titan007.com/analysis/3000468cn.htm'}]"
V4,2026-10-09,3000478,日职联,时间待核,柏太阳神 vs 神户胜利船,柏太阳神,giving,3,0,0,0,0,3,0.0,-3.0,-1.0,3,,,list_date < 2026-10-09,"[{'date': '2026-09-13', 'match': '浦和红钻 vs 冈山绿雉', 'score': '1-2', 'selected_team': '浦和红钻', 'settlement': '黑', 'water': 1.03, 'pnl_1u': -1.0, 'roi': -1.0, 'line': '0.25', 'action': 'V4纸面入选-C', 'source': 'https://m.titan007.com/analy/Analysis/3000459.htm'}, {'date': '2026-09-19', 'match': '清水鼓动 vs 千叶市原', 'score': '2-1', 'selected_team': '千叶市原', 'settlement': '黑', 'water': 1.03, 'pnl_1u': -1.0, 'roi': -1.0, 'line': '0.5', 'action': 'V4纸面入选-C', 'source': 'https://zq.titan007.com/analysis/3000469cn.htm'}, {'date': '2026-09-19', 'match': '冈山绿雉 vs 京都不死鸟', 'score': '1-2', 'selected_team': '冈山绿雉', 'settlement': '黑', 'water': 1.06, 'pnl_1u': -1.0, 'roi': -1.0, 'line': '0.75', 'action': 'V4纸面入选-C', 'source': 'https://zq.titan007.com/analysis/3000468cn.htm'}]"
V4,2026-10-09,3056303,葡U23,时间待核,埃斯托里尔U23 vs 葡萄牙体育U23,,,4,0,0,2,0,2,0.0,-2.0,-0.5,4,,,list_date < 2026-10-09,"[{'date': '2026-09-15', 'match': '吉维森特U23 vs 波蒂蒙尼斯U23', 'score': '2-0', 'selected_team': '波蒂蒙尼斯U23', 'settlement': '黑', 'water': 0.99, 'pnl_1u': -1.0, 'roi': -1.0, 'line': '0.5', 'action': 'V4纸面入选-C', 'source': 'https://portimonense.pt/index.php?Itemid=307&id=1801&option=com_content&task=view'}, {'date': '2026-09-29', 'match': '里奥阿维U23 vs 彭拿费尔U23', 'score': '1-0', 'selected_team': '彭拿费尔U23', 'settlement': '黑', 'water': 1.07, 'pnl_1u': -1.0, 'roi': -1.0, 'line': '0.5', 'action': 'V4纸面入选-C', 'source': 'https://m.titan007.com/analy/Analysis/3056261.htm'}, {'date': '2026-10-06', 'match': '莱里亚U23 vs 辛达卡拉U23', 'score': '1-1', 'selected_team': '', 'settlement': '走', 'water': 1, 'pnl_1u': 0.0, 'roi': 0.0, 'line': '', 'action': 'V4纸面入选-C', 'source': 'https://m.titan007.com/analy/Analysis/3056242.htm'}, {'date': '2026-10-06', 'match': '里奥阿维U23 vs 摩里伦斯U23', 'score': '1-1', 'selected_team': '', 'settlement': '走', 'water': 0.87, 'pnl_1u': 0.0, 'roi': 0.0, 'line': '', 'action': 'V4纸面入选-C', 'source': 'https://m.titan007.com/analy/Analysis/3056236.htm'}]"
V4,2026-10-09,3001217,日职丙,时间待核,大阪俱乐部 vs 金泽,,,7,4,0,1,0,2,0.66666667,1.68,0.24,7,,,list_date < 2026-10-09,"[{'date': '2026-09-19', 'match': 'FC爱媛 vs 赞岐', 'score': '2-1', 'selected_team': '赞岐', 'settlement': '走', 'water': 0.88, 'pnl_1u': 0.0, 'roi': 0.0, 'line': '1', 'action': 'V4纸面入选-C', 'source': 'https://zq.titan007.com/analysis/3001181cn.htm'}, {'date': '2026-09-20', 'match': '长野琶扼搂 vs FC岐阜', 'score': '1-0', 'selected_team': '长野琶扼搂', 'settlement': '红', 'water': 1, 'pnl_1u': 1.0, 'roi': 1.0, 'line': '-0.5', 'action': 'V4纸面入选-C', 'source': 'https://zq.titan007.com/analysis/3001187cn.htm'}, {'date': '2026-09-26', 'match': '金泽 vs 鸟取飞翔', 'score': '4-1', 'selected_team': '鸟取飞翔', 'settlement': '黑', 'water': 1.06, 'pnl_1u': -1.0, 'roi': -1.0, 'line': '0.5', 'action': 'V4最新页面A/B/C候选', 'source': 'https://simondongxiao.github.io/odds/v4/'}, {'date': '2026-09-26', 'match': '北九州向日葵 vs 鹿儿岛联', 'score': '1-1', 'selected_team': '北九州向日葵', 'settlement': '红', 'water': 1.06, 'pnl_1u': 1.06, 'roi': 1.06, 'line': '-0.5', 'action': 'V4最新页面A/B/C候选', 'source': 'https://simondongxiao.github.io/odds/v4/'}, {'date': '2026-10-03', 'match': 'FC爱媛 vs 群马草津温泉', 'score': '3-1', 'selected_team': 'FC爱媛', 'settlement': '红', 'water': 0.83, 'pnl_1u': 0.83, 'roi': 0.83, 'line': '0.75', 'action': 'V4纸面入选-A', 'source': 'https://m.titan007.com/analy/Analysis/3001201.htm'}, {'date': '2026-10-03', 'match': 'FC琉球 vs 金泽', 'score': '0-2', 'selected_team': '', 'settlement': '黑', 'water': 0.97, 'pnl_1u': -1.0, 'roi': -1.0, 'line': '', 'action': 'V4纸面入选-C', 'source': 'https://m.titan007.com/analy/Analysis/3001208.htm'}, {'date': '2026-10-04', 'match': '鹿儿岛联 vs 福岛FC', 'score': '3-2', 'selected_team': '', 'settlement': '红', 'water': 0.79, 'pnl_1u': 0.79, 'roi': 0.79, 'line': '', 'action': 'V4纸面入选-C', 'source': 'https://m.titan007.com/analy/Analysis/3001204.htm'}]"
V4,2026-10-09,3074957,以乙南,时间待核,拜特西蒙 vs 泽里提拉,,,3,1,0,0,0,2,0.33333333,-1.01,-0.33666667,3,,,list_date < 2026-10-09,"[{'date': '2026-09-23', 'match': '艾佐尔夏普尔 vs 马哈尼耶侯达', 'score': '2-0', 'selected_team': '马哈尼耶侯达', 'settlement': '黑', 'water': 1.05, 'pnl_1u': -1.0, 'roi': -1.0, 'line': '0.25', 'action': 'V4最新页面A/B/C候选', 'source': 'https://simondongxiao.github.io/odds/v4/'}, {'date': '2026-09-23', 'match': '迪莫纳体育 vs 玛拉基亚', 'score': '1-5', 'selected_team': '玛拉基亚', 'settlement': '红', 'water': 0.99, 'pnl_1u': 0.99, 'roi': 0.99, 'line': '0.5', 'action': 'V4最新页面A/B/C候选', 'source': 'https://simondongxiao.github.io/odds/v4/'}, {'date': '2026-09-30', 'match': '阿古达 vs 哈迪拉', 'score': '0-4', 'selected_team': '', 'settlement': '黑', 'water': 0.96, 'pnl_1u': -1.0, 'roi': -1.0, 'line': '', 'action': 'V4纸面入选-C', 'source': 'https://m.titan007.com/analy/Analysis/3074950.htm'}]"
V4,2026-10-09,3074654,以乙北,时间待核,贝塔纳哈里亚 vs 夏普尔乌姆法咸姆,,,0,0,0,0,0,0,,,,0,,,list_date < 2026-10-09,[]
V4,2026-10-09,3079941,西丁,时间待核,托伦CF vs 赫库斯B队,,,17,4,3,2,1,7,0.42307692,-2.88,-0.16941176,17,严重：历史有效胜率<45%,严重：历史有效胜率<45%,list_date < 2026-10-09,"[{'date': '2026-09-27', 'match': '苏比扎 vs 西尔波内罗', 'score': '2-0', 'selected_team': '西尔波内罗', 'settlement': '黑', 'water': 0.98, 'pnl_1u': -1.0, 'roi': -1.0, 'line': '0.75', 'action': 'V4最新页面A/B/C候选', 'source': 'https://simondongxiao.github.io/odds/v4/'}, {'date': '2026-09-27', 'match': '卡斯特洛 vs 米内罗竞技队', 'score': '0-2', 'selected_team': '米内罗竞技队', 'settlement': '红', 'water': 0.9, 'pnl_1u': 0.9, 'roi': 0.9, 'line': '1', 'action': 'V4最新页面A/B/C候选', 'source': 'https://simondongxiao.github.io/odds/v4/'}, {'date': '2026-09-27', 'match': '巴达隆纳 vs 圣克里斯托瓦尔', 'score': '4-0', 'selected_team': '圣克里斯托瓦尔', 'settlement': '黑', 'water': 0.85, 'pnl_1u': -1.0, 'roi': -1.0, 'line': '1', 'action': 'V4最新页面A/B/C候选', 'source': 'https://simondongxiao.github.io/odds/v4/'}, {'date': '2026-10-04', 'match': '卡泰真拿B队 vs CD阿尔嘉德', 'score': '1-2', 'selected_team': '卡泰真拿B队', 'settlement': '黑', 'water': 0.88, 'pnl_1u': -1.0, 'roi': -1.0, 'line': '1.25', 'action': 'V4纸面入选-C', 'source': 'https://m.titan007.com/analy/Analysis/3060617.htm'}, {'date': '2026-10-04', 'match': '曼彻格城 vs 艾曼沙', 'score': '1-0', 'selected_team': '曼彻格城', 'settlement': '半红', 'water': 0.76, 'pnl_1u': 0.38, 'roi': 0.38, 'line': '0.75', 'action': 'V4纸面入选-C', 'source': 'https://m.titan007.com/analy/Analysis/3060307.htm'}, {'date': '2026-10-04', 'match': '希洪竞技B队 vs 兰格勒奥', 'score': '1-1', 'selected_team': '', 'settlement': '走', 'water': 0.92, 'pnl_1u': 0.0, 'roi': 0.0, 'line': '', 'action': 'V4纸面入选-C', 'source': 'https://m.titan007.com/analy/Analysis/3082309.htm'}, {'date': '2026-10-04', 'match': '利阿达 vs 阿维莱斯体育场', 'score': '2-0', 'selected_team': '利阿达', 'settlement': '红', 'water': 0.92, 'pnl_1u': 0.92, 'roi': 0.92, 'line': '1.25', 'action': 'V4纸面入选-C', 'source': 'https://m.titan007.com/analy/Analysis/3082310.htm'}, {'date': '2026-10-04', 'match': '豪斯彼得利特 vs 莫列鲁萨', 'score': '0-0', 'selected_team': '豪斯彼得利特', 'settlement': '黑', 'water': 0.92, 'pnl_1u': -1.0, 'roi': -1.0, 'line': '1', 'action': 'V4纸面入选-C', 'source': 'https://m.titan007.com/analy/Analysis/3030687.htm'}, {'date': '2026-10-04', 'match': '蒙塔尼萨 vs 莱斯卡拉', 'score': '0-0', 'selected_team': '蒙塔尼萨', 'settlement': '半黑', 'water': 0.78, 'pnl_1u': -0.5, 'roi': -0.5, 'line': '0.25', 'action': 'V4纸面入选-C', 'source': 'https://m.titan007.com/analy/Analysis/3030688.htm'}, {'date': '2026-10-04', 'match': '圣克里斯托瓦尔 vs 格拉马', 'score': '0-0', 'selected_team': '圣克里斯托瓦尔', 'settlement': '半红', 'water': 0.73, 'pnl_1u': 0.365, 'roi': 0.365, 'line': '-0.25', 'action': 'V4纸面入选-C', 'source': 'https://m.titan007.com/analy/Analysis/3030689.htm'}, {'date': '2026-10-04', 'match': '克瑞斯图竞技 vs 尤尼恩斯塔斯CF B', 'score': '3-0', 'selected_team': '克瑞斯图竞技', 'settlement': '红', 'water': 0.83, 'pnl_1u': 0.83, 'roi': 0.83, 'line': '0.75', 'action': 'V4纸面入选-C', 'source': 'https://m.titan007.com/analy/Analysis/3080241.htm'}, {'date': '2026-10-04', 'match': '伊比萨岛 vs 缚汶特拉', 'score': '2-0', 'selected_team': '', 'settlement': '红', 'water': 0.85, 'pnl_1u': 0.85, 'roi': 0.85, 'line': '', 'action': 'V4纸面入选-C', 'source': 'https://m.titan007.com/analy/Analysis/3078385.htm'}, {'date': '2026-10-04', 'match': '莱万特体育会 vs 克维伦特', 'score': '0-0', 'selected_team': '莱万特体育会', 'settlement': '黑', 'water': 0.77, 'pnl_1u': -1.0, 'roi': -1.0, 'line': '0.75', 'action': 'V4纸面入选-C', 'source': 'https://m.titan007.com/analy/Analysis/3079930.htm'}, {'date': '2026-10-04', 'match': 'CD 加拉帕加尔 vs 卡拉波苏埃洛', 'score': '1-3', 'selected_team': '', 'settlement': '黑', 'water': 0.87, 'pnl_1u': -1.0, 'roi': -1.0, 'line': '', 'action': 'V4纸面入选-C', 'source': 'https://m.titan007.com/analy/Analysis/3078074.htm'}, {'date': '2026-10-04', 'match': '拉卡扎达 vs 科米利亚斯', 'score': '1-0', 'selected_team': '拉卡扎达', 'settlement': '半红', 'water': 0.75, 'pnl_1u': 0.375, 'roi': 0.375, 'line': '0.75', 'action': 'V4纸面入选-C', 'source': 'https://m.titan007.com/analy/Analysis/3079621.htm'}, {'date': '2026-10-04', 'match': '昆坦拿 vs 比利亚体育', 'score': '0-2', 'selected_team': '昆坦拿', 'settlement': '黑', 'water': 0.83, 'pnl_1u': -1.0, 'roi': -1.0, 'line': '0.75', 'action': 'V4纸面入选-C', 'source': 'https://m.titan007.com/analy/Analysis/3060312.htm'}, {'date': '2026-10-04', 'match': '奇克拉纳 vs 塞维利亚C队', 'score': '1-1', 'selected_team': '', 'settlement': '走', 'water': 0.9, 'pnl_1u': 0.0, 'roi': 0.0, 'line': '', 'action': 'V4纸面入选-C', 'source': 'https://m.titan007.com/analy/Analysis/3082682.htm'}]"
V4,2026-10-09,2965042,哈萨克甲,时间待核,伊基巴斯图特 vs 汗腾格里,,,0,0,0,0,0,0,,,,0,,,list_date < 2026-10-09,[]
V4,2026-10-09,3098082,国际友谊,时间待核,奥地利女足U19 vs 荷兰女足U19,,,53,24,2,5,2,20,0.54347826,2.355,0.04443396,53,,,list_date < 2026-10-09,"[{'date': '2026-09-21', 'match': '多米尼克 vs 安圭拉', 'score': '1-0', 'selected_team': '多米尼克', 'settlement': '红', 'water': 0.93, 'pnl_1u': 0.93, 'roi': 0.93, 'line': '-2', 'action': 'V4最新页面A/B/C候选', 'source': 'https://www.titan007.com/'}, {'date': '2026-09-23', 'match': '秘鲁U19 vs 阿根廷U19', 'score': '0-1', 'selected_team': '秘鲁U19', 'settlement': '走', 'water': 0.96, 'pnl_1u': 0.0, 'roi': 0.0, 'line': '-1', 'action': 'V4最新页面A/B/C候选', 'source': 'https://simondongxiao.github.io/odds/v4/'}, {'date': '2026-09-24', 'match': '韩国 vs 厄瓜多尔', 'score': '3-0', 'selected_team': '韩国', 'settlement': '红', 'water': 1.05, 'pnl_1u': 1.05, 'roi': 1.05, 'line': '0.25', 'action': 'V4最新页面A/B/C候选', 'source': 'https://simondongxiao.github.io/odds/v4/'}, {'date': '2026-09-25', 'match': '澳大利亚 vs 巴西', 'score': '1-1', 'selected_team': '巴西', 'settlement': '黑', 'water': 0.81, 'pnl_1u': -1.0, 'roi': -1.0, 'line': '-1.5', 'action': 'V4最新页面A/B/C候选', 'source': 'https://simondongxiao.github.io/odds/v4/'}, {'date': '2026-09-26', 'match': '美国 vs 秘鲁', 'score': '4-1', 'selected_team': '秘鲁', 'settlement': '黑', 'water': 0.93, 'pnl_1u': -1.0, 'roi': -1.0, 'line': '1', 'action': 'V4最新页面A/B/C候选', 'source': 'https://simondongxiao.github.io/odds/v4/'}, {'date': '2026-09-27', 'match': '中国 vs 新西兰', 'score': '0-3', 'selected_team': '新西兰', 'settlement': '红', 'water': 1.03, 'pnl_1u': 1.03, 'roi': 1.03, 'line': '-0.25', 'action': 'V4最新页面A/B/C候选', 'source': 'https://simondongxiao.github.io/odds/v4/'}, {'date': '2026-09-27', 'match': '德国U19(中) vs 乌克兰U19', 'score': '0-0', 'selected_team': '乌克兰U19', 'settlement': '红', 'water': 0.95, 'pnl_1u': 0.95, 'roi': 0.95, 'line': '1', 'action': 'V4最新页面A/B/C候选', 'source': 'https://simondongxiao.github.io/odds/v4/'}, {'date': '2026-09-27', 'match': '约旦 vs 叙利亚', 'score': '1-1', 'selected_team': '叙利亚', 'settlement': '红', 'water': 0.94, 'pnl_1u': 0.94, 'roi': 0.94, 'line': '1', 'action': 'V4最新页面A/B/C候选', 'source': 'https://simondongxiao.github.io/odds/v4/'}, {'date': '2026-09-27', 'match': '玻利维亚(中) vs 巴拉圭', 'score': '0-2', 'selected_team': '巴拉圭', 'settlement': '红', 'water': 0.98, 'pnl_1u': 0.98, 'roi': 0.98, 'line': '-1.25', 'action': 'V4最新页面A/B/C候选', 'source': 'https://simondongxiao.github.io/odds/v4/'}, {'date': '2026-09-28', 'match': '哈萨克斯坦U19 vs 瑞士U19', 'score': '1-2', 'selected_team': '哈萨克斯坦U19', 'settlement': '半黑', 'water': 1.07, 'pnl_1u': -0.5, 'roi': -0.5, 'line': '-0.75', 'action': 'V4ff7d4e5版本A/B/C候选', 'source': 'https://simondongxiao.github.io/odds/v4/?v=ff7d4e5'}, {'date': '2026-09-28', 'match': '日本 vs 委内瑞拉', 'score': '2-1', 'selected_team': '日本', 'settlement': '黑', 'water': 0.98, 'pnl_1u': -1.0, 'roi': -1.0, 'line': '1.75', 'action': 'V4ff7d4e5版本A/B/C候选', 'source': 'https://simondongxiao.github.io/odds/v4/?v=ff7d4e5'}, {'date': '2026-09-28', 'match': '吉尔吉斯斯坦 vs 马尔代夫', 'score': '5-0', 'selected_team': '吉尔吉斯斯坦', 'settlement': '红', 'water': 0.97, 'pnl_1u': 0.97, 'roi': 0.97, 'line': '3', 'action': 'V4ff7d4e5版本A/B/C候选', 'source': 'https://simondongxiao.github.io/odds/v4/?v=ff7d4e5'}, {'date': '2026-09-29', 'match': '斐济女足 vs 新喀里多尼亚女足', 'score': '1-0', 'selected_team': '新喀里多尼亚女足', 'settlement': '半红', 'water': 1.19, 'pnl_1u': 0.595, 'roi': 0.595, 'line': '1.25', 'action': 'V4纸面入选-C', 'source': 'https://m.titan007.com/analy/Analysis/3094943.htm'}, {'date': '2026-09-29', 'match': '美国U19(中) vs 威尔士U19', 'score': '2-0', 'selected_team': '美国U19(中)', 'settlement': '红', 'water': 0.78, 'pnl_1u': 0.78, 'roi': 0.78, 'line': '1.5', 'action': 'V4纸面入选-C', 'source': 'https://m.titan007.com/analy/Analysis/3094944.htm'}, {'date': '2026-09-29', 'match': '墨西哥(中) vs 秘鲁', 'score': '1-1', 'selected_team': '秘鲁', 'settlement': '红', 'water': 1.02, 'pnl_1u': 1.02, 'roi': 1.02, 'line': '1', 'action': 'V4纸面入选-C', 'source': 'https://m.titan007.com/analy/Analysis/3094999.htm'}, {'date': '2026-09-30', 'match': '芬兰U19 vs 德国U19', 'score': '1-2', 'selected_team': '', 'settlement': '黑', 'water': 0.82, 'pnl_1u': -1.0, 'roi': -1.0, 'line': '', 'action': 'V4纸面入选-C', 'source': 'https://m.titan007.com/analy/Analysis/3095002.htm'}, {'date': '2026-09-30', 'match': '塞舌尔 vs 斯里兰卡', 'score': '0-2', 'selected_team': '', 'settlement': '黑', 'water': 0.82, 'pnl_1u': -1.0, 'roi': -1.0, 'line': '', 'action': 'V4纸面入选-C', 'source': 'https://m.titan007.com/analy/Analysis/3096174.htm'}, {'date': '2026-09-30', 'match': '立陶宛 vs 安道尔', 'score': '3-0', 'selected_team': '立陶宛', 'settlement': '红', 'water': 0.82, 'pnl_1u': 0.82, 'roi': 0.82, 'line': '0.75', 'action': 'V4纸面入选-C', 'source': 'https://m.titan007.com/analy/Analysis/3096176.htm'}, {'date': '2026-09-30', 'match': '阿根廷 vs 玻利维亚', 'score': '4-0', 'selected_team': '', 'settlement': '红', 'water': 1.04, 'pnl_1u': 1.04, 'roi': 1.04, 'line': '', 'action': 'V4纸面入选-C', 'source': 'https://m.titan007.com/analy/Analysis/3095418.htm'}, {'date': '2026-10-01', 'match': '波兰U19 vs 哈萨克斯坦U19', 'score': '3-0', 'selected_team': '', 'settlement': '红', 'water': 0.92, 'pnl_1u': 0.92, 'roi': 0.92, 'line': '', 'action': 'V4纸面入选-C', 'source': 'https://m.titan007.com/analy/Analysis/3095233.htm'}, {'date': '2026-10-01', 'match': '法国U19 vs 土耳其U19', 'score': '2-1', 'selected_team': '', 'settlement': '红', 'water': 0.84, 'pnl_1u': 0.84, 'roi': 0.84, 'line': '', 'action': 'V4纸面入选-C', 'source': 'https://m.titan007.com/analy/Analysis/3095234.htm'}, {'date': '2026-10-01', 'match': '乌兹别克斯坦 vs 叙利亚', 'score': '4-1', 'selected_team': '乌兹别克斯坦', 'settlement': '红', 'water': 0.95, 'pnl_1u': 0.95, 'roi': 0.95, 'line': '1.5', 'action': 'V4纸面入选-C', 'source': 'https://m.titan007.com/analy/Analysis/3095240.htm'}, {'date': '2026-10-01', 'match': '卡塔尔U19 vs 爱尔兰U19', 'score': '1-1', 'selected_team': '', 'settlement': '走', 'water': 0.67, 'pnl_1u': 0.0, 'roi': 0.0, 'line': '', 'action': 'V4纸面入选-C', 'source': 'https://m.titan007.com/analy/Analysis/3095241.htm'}, {'date': '2026-10-01', 'match': '美国U20 vs 巴西U20', 'score': '0-2', 'selected_team': '巴西U20', 'settlement': '黑', 'water': 0.84, 'pnl_1u': -1.0, 'roi': -1.0, 'line': '-0.5', 'action': 'V4纸面入选-C', 'source': 'https://m.titan007.com/analy/Analysis/3095245.htm'}, {'date': '2026-10-02', 'match': '韩国 vs 委内瑞拉', 'score': '0-0', 'selected_team': '', 'settlement': '走', 'water': 0.93, 'pnl_1u': 0.0, 'roi': 0.0, 'line': '', 'action': 'V4纸面入选-C', 'source': 'https://m.titan007.com/analy/Analysis/3095568.htm'}, {'date': '2026-10-02', 'match': '哥伦比亚(中) vs 巴拉圭', 'score': '0-1', 'selected_team': '', 'settlement': '黑', 'water': 0.9, 'pnl_1u': -1.0, 'roi': -1.0, 'line': '', 'action': 'V4纸面入选-C', 'source': 'https://m.titan007.com/analy/Analysis/3095650.htm'}, {'date': '2026-10-03', 'match': '印度 vs 巴西', 'score': '0-4', 'selected_team': '印度', 'settlement': '半黑', 'water': 1.06, 'pnl_1u': -0.5, 'roi': -0.5, 'line': '-3.75', 'action': 'V4纸面入选-C', 'source': 'https://m.titan007.com/analy/Analysis/3096945.htm'}, {'date': '2026-10-03', 'match': '俄罗斯 vs 纳米比亚', 'score': '6-0', 'selected_team': '俄罗斯', 'settlement': '红', 'water': 0.85, 'pnl_1u': 0.85, 'roi': 0.85, 'line': '2.25', 'action': 'V4纸面入选-C', 'source': 'https://m.titan007.com/analy/Analysis/3096957.htm'}, {'date': '2026-10-03', 'match': '加拿大 vs 秘鲁', 'score': '2-0', 'selected_team': '加拿大', 'settlement': '红', 'water': 1.04, 'pnl_1u': 1.04, 'roi': 1.04, 'line': '1', 'action': 'V4纸面入选-C', 'source': 'https://m.titan007.com/analy/Analysis/3096091.htm'}, {'date': '2026-10-03', 'match': '科特迪瓦 vs 喀麦隆', 'score': '0-1', 'selected_team': '科特迪瓦', 'settlement': '黑', 'water': 1.02, 'pnl_1u': -1.0, 'roi': -1.0, 'line': '0.75', 'action': 'V4纸面入选-C', 'source': 'https://m.titan007.com/analy/Analysis/3096089.htm'}, {'date': '2026-10-04', 'match': '巴西U20 vs 墨西哥U20', 'score': '4-0', 'selected_team': '巴西U20', 'settlement': '红', 'water': 0.98, 'pnl_1u': 0.98, 'roi': 0.98, 'line': '0.5', 'action': 'V4纸面入选-C', 'source': 'https://m.titan007.com/analy/Analysis/3096443.htm'}, {'date': '2026-10-04', 'match': '丹麦U20 vs 美国U20', 'score': '3-3', 'selected_team': '丹麦U20', 'settlement': '半红', 'water': 0.9, 'pnl_1u': 0.45, 'roi': 0.45, 'line': '-0.25', 'action': 'V4纸面入选-C', 'source': 'https://m.titan007.com/analy/Analysis/3096449.htm'}, {'date': '2026-10-04', 'match': '埃及 vs 南非', 'score': '0-1', 'selected_team': '埃及', 'settlement': '黑', 'water': 0.79, 'pnl_1u': -1.0, 'roi': -1.0, 'line': '0.5', 'action': 'V4纸面入选-C', 'source': 'https://m.titan007.com/analy/Analysis/3097227.htm'}, {'date': '2026-10-04', 'match': '摩洛哥 vs 马里', 'score': '1-1', 'selected_team': '摩洛哥', 'settlement': '黑', 'water': 0.9, 'pnl_1u': -1.0, 'roi': -1.0, 'line': '1.25', 'action': 'V4纸面入选-C', 'source': 'https://m.titan007.com/analy/Analysis/3097230.htm'}, {'date': '2026-10-05', 'match': '巴拿马 vs 厄瓜多尔', 'score': '1-1', 'selected_team': '巴拿马', 'settlement': '红', 'water': 0.99, 'pnl_1u': 0.99, 'roi': 0.99, 'line': '-0.75', 'action': 'V4纸面入选-C', 'source': 'https://m.titan007.com/analy/Analysis/3097300.htm'}, {'date': '2026-10-05', 'match': '日本 vs 新西兰', 'score': '2-1', 'selected_team': '日本', 'settlement': '黑', 'water': 1, 'pnl_1u': -1.0, 'roi': -1.0, 'line': '2', 'action': 'V4纸面入选-C', 'source': 'https://m.titan007.com/analy/Analysis/3097301.htm'}, {'date': '2026-10-05', 'match': '英格兰U19 vs 比利时U19', 'score': '0-1', 'selected_team': '英格兰U19', 'settlement': '黑', 'water': 0.85, 'pnl_1u': -1.0, 'roi': -1.0, 'line': '1.25', 'action': 'V4纸面入选-C', 'source': 'https://m.titan007.com/analy/Analysis/3097293.htm'}, {'date': '2026-10-05', 'match': '乌干达 vs 刚果民主共和国', 'score': '1-1', 'selected_team': '乌干达', 'settlement': '红', 'water': 0.95, 'pnl_1u': 0.95, 'roi': 0.95, 'line': '-0.5', 'action': 'V4纸面入选-C', 'source': 'https://m.titan007.com/analy/Analysis/3097741.htm'}, {'date': '2026-10-05', 'match': '黑山U19 vs 以色列U19', 'score': '0-1', 'selected_team': '黑山U19', 'settlement': '黑', 'water': 0.78, 'pnl_1u': -1.0, 'roi': -1.0, 'line': '-0.5', 'action': 'V4纸面入选-C', 'source': 'https://m.titan007.com/analy/Analysis/3097742.htm'}, {'date': '2026-10-05', 'match': '格鲁吉亚U19 vs 拉脱维亚U19', 'score': '1-1', 'selected_team': '', 'settlement': '走', 'water': 0.75, 'pnl_1u': 0.0, 'roi': 0.0, 'line': '', 'action': 'V4纸面入选-C', 'source': 'https://m.titan007.com/analy/Analysis/3097745.htm'}, {'date': '2026-10-05', 'match': '塞尔维亚U21 vs 俄罗斯U21', 'score': '2-1', 'selected_team': '塞尔维亚U21', 'settlement': '红', 'water': 0.8, 'pnl_1u': 0.8, 'roi': 0.8, 'line': '-0.25', 'action': 'V4纸面入选-C', 'source': 'https://m.titan007.com/analy/Analysis/3097747.htm'}, {'date': '2026-10-06', 'match': '沙特阿拉伯U20 vs 亚美尼亚U20', 'score': '0-0', 'selected_team': '沙特阿拉伯U20', 'settlement': '黑', 'water': 1, 'pnl_1u': -1.0, 'roi': -1.0, 'line': '1.25', 'action': 'V4纸面入选-C', 'source': 'https://m.titan007.com/analy/Analysis/3097372.htm'}, {'date': '2026-10-06', 'match': '韩国 vs 乌兹别克斯坦', 'score': '2-0', 'selected_team': '韩国', 'settlement': '红', 'water': 0.94, 'pnl_1u': 0.94, 'roi': 0.94, 'line': '0.75', 'action': 'V4纸面入选-C', 'source': 'https://m.titan007.com/analy/Analysis/3097375.htm'}, {'date': '2026-10-06', 'match': '中国 vs 塔吉克斯坦', 'score': '0-1', 'selected_team': '中国', 'settlement': '黑', 'water': 1, 'pnl_1u': -1.0, 'roi': -1.0, 'line': '0.75', 'action': 'V4纸面入选-C', 'source': 'https://m.titan007.com/analy/Analysis/3091499.htm'}, {'date': '2026-10-06', 'match': '葡萄牙U19 vs 奥地利U19', 'score': '4-0', 'selected_team': '葡萄牙U19', 'settlement': '红', 'water': 0.87, 'pnl_1u': 0.87, 'roi': 0.87, 'line': '0.5', 'action': 'V4纸面入选-C', 'source': 'https://m.titan007.com/analy/Analysis/3097381.htm'}, {'date': '2026-10-06', 'match': '印度(中) vs 乌拉圭', 'score': '1-6', 'selected_team': '印度(中)', 'settlement': '黑', 'water': 0.91, 'pnl_1u': -1.0, 'roi': -1.0, 'line': '-3.5', 'action': 'V4纸面入选-C', 'source': 'https://m.titan007.com/analy/Analysis/3097388.htm'}, {'date': '2026-10-06', 'match': '俄罗斯 vs 尼日利亚', 'score': '3-3', 'selected_team': '俄罗斯', 'settlement': '黑', 'water': 0.91, 'pnl_1u': -1.0, 'roi': -1.0, 'line': '1', 'action': 'V4纸面入选-C', 'source': 'https://m.titan007.com/analy/Analysis/3097390.htm'}, {'date': '2026-10-06', 'match': '约旦 vs 委内瑞拉', 'score': '0-0', 'selected_team': '', 'settlement': '走', 'water': 0.89, 'pnl_1u': 0.0, 'roi': 0.0, 'line': '', 'action': 'V4纸面入选-C', 'source': 'https://m.titan007.com/analy/Analysis/3097384.htm'}, {'date': '2026-10-06', 'match': '阿尔及利亚 vs 尼日尔', 'score': '2-1', 'selected_team': '阿尔及利亚', 'settlement': '黑', 'water': 0.87, 'pnl_1u': -1.0, 'roi': -1.0, 'line': '1.75', 'action': 'V4纸面入选-C', 'source': 'https://m.titan007.com/analy/Analysis/3097385.htm'}, {'date': '2026-10-06', 'match': '阿根廷(中) vs 贝宁', 'score': '0-0', 'selected_team': '贝宁', 'settlement': '红', 'water': 0.87, 'pnl_1u': 0.87, 'roi': 0.87, 'line': '4.5', 'action': 'V4纸面入选-C', 'source': 'https://m.titan007.com/analy/Analysis/3097387.htm'}, {'date': '2026-10-06', 'match': '哥伦比亚(中) vs 秘鲁', 'score': '0-0', 'selected_team': '哥伦比亚(中)', 'settlement': '黑', 'water': 0.9, 'pnl_1u': -1.0, 'roi': -1.0, 'line': '1.25', 'action': 'V4纸面入选-C', 'source': 'https://m.titan007.com/analy/Analysis/3097386.htm'}, {'date': '2026-10-06', 'match': '美国(中) vs 加拿大', 'score': '1-0', 'selected_team': '美国(中)', 'settlement': '红', 'water': 0.8, 'pnl_1u': 0.8, 'roi': 0.8, 'line': '0.5', 'action': 'V4纸面入选-C', 'source': 'https://m.titan007.com/analy/Analysis/3097883.htm'}, {'date': '2026-10-07', 'match': '墨西哥(中) vs 智利', 'score': '0-2', 'selected_team': '墨西哥(中)', 'settlement': '黑', 'water': 1, 'pnl_1u': -1.0, 'roi': -1.0, 'line': '1', 'action': 'V4纸面入选-C', 'source': 'https://m.titan007.com/analy/Analysis/3097882.htm'}]"
V4,2026-10-09,3008851,捷U19,时间待核,般奴U19 vs 波利斯拉夫U19,,,1,1,0,0,0,0,1.0,0.93,0.93,1,,,list_date < 2026-10-09,"[{'date': '2026-10-03', 'match': '史洛特U19 vs 般奴U19', 'score': '3-0', 'selected_team': '', 'settlement': '红', 'water': 0.93, 'pnl_1u': 0.93, 'roi': 0.93, 'line': '', 'action': 'V4纸面入选-C', 'source': 'https://m.titan007.com/analy/Analysis/3008848.htm'}]"
V4,2026-10-09,3008853,捷U19,时间待核,帕尔杜比斯U19 vs 奥斯泰华U19,,,1,1,0,0,0,0,1.0,0.93,0.93,1,,,list_date < 2026-10-09,"[{'date': '2026-10-03', 'match': '史洛特U19 vs 般奴U19', 'score': '3-0', 'selected_team': '', 'settlement': '红', 'water': 0.93, 'pnl_1u': 0.93, 'roi': 0.93, 'line': '', 'action': 'V4纸面入选-C', 'source': 'https://m.titan007.com/analy/Analysis/3008848.htm'}]"
V4,2026-10-09,3008854,捷U19,时间待核,贺拉戴克U19 vs 辛宁U19,,,1,1,0,0,0,0,1.0,0.93,0.93,1,,,list_date < 2026-10-09,"[{'date': '2026-10-03', 'match': '史洛特U19 vs 般奴U19', 'score': '3-0', 'selected_team': '', 'settlement': '红', 'water': 0.93, 'pnl_1u': 0.93, 'roi': 0.93, 'line': '', 'action': 'V4纸面入选-C', 'source': 'https://m.titan007.com/analy/Analysis/3008848.htm'}]"
V4,2026-10-09,2952588,俄青联,时间待核,阿尔玛兹安泰青年队 vs 克拉斯诺达尔青年队,,,1,0,1,0,0,0,1.0,0.555,0.555,1,,,list_date < 2026-10-09,"[{'date': '2026-09-18', 'match': '圣彼德斯堡青年队 vs 莫斯科斯巴达青年队', 'score': '3-2', 'selected_team': '莫斯科斯巴达青年队', 'settlement': '半红', 'water': 1.11, 'pnl_1u': 0.555, 'roi': 0.555, 'line': '1.25', 'action': 'V4纸面入选-C', 'source': 'https://zq.titan007.com/analysis/2952587cn.htm'}]"
V4,2026-10-09,2952594,俄青联,时间待核,诺夫哥罗德青年队 vs 罗斯杜夫青年队,,,1,0,1,0,0,0,1.0,0.555,0.555,1,,,list_date < 2026-10-09,"[{'date': '2026-09-18', 'match': '圣彼德斯堡青年队 vs 莫斯科斯巴达青年队', 'score': '3-2', 'selected_team': '莫斯科斯巴达青年队', 'settlement': '半红', 'water': 1.11, 'pnl_1u': 0.555, 'roi': 0.555, 'line': '1.25', 'action': 'V4纸面入选-C', 'source': 'https://zq.titan007.com/analysis/2952587cn.htm'}]"
V4,2026-10-09,3094396,女欧U17,时间待核,德国女足U17 vs 哈萨克斯坦女足U17,,,0,0,0,0,0,0,,,,0,,,list_date < 2026-10-09,[]
V4,2026-10-09,3074958,以乙南,时间待核,哈迪拉 vs 亚夫涅英,,,3,1,0,0,0,2,0.33333333,-1.01,-0.33666667,3,,,list_date < 2026-10-09,"[{'date': '2026-09-23', 'match': '艾佐尔夏普尔 vs 马哈尼耶侯达', 'score': '2-0', 'selected_team': '马哈尼耶侯达', 'settlement': '黑', 'water': 1.05, 'pnl_1u': -1.0, 'roi': -1.0, 'line': '0.25', 'action': 'V4最新页面A/B/C候选', 'source': 'https://simondongxiao.github.io/odds/v4/'}, {'date': '2026-09-23', 'match': '迪莫纳体育 vs 玛拉基亚', 'score': '1-5', 'selected_team': '玛拉基亚', 'settlement': '红', 'water': 0.99, 'pnl_1u': 0.99, 'roi': 0.99, 'line': '0.5', 'action': 'V4最新页面A/B/C候选', 'source': 'https://simondongxiao.github.io/odds/v4/'}, {'date': '2026-09-30', 'match': '阿古达 vs 哈迪拉', 'score': '0-4', 'selected_team': '', 'settlement': '黑', 'water': 0.96, 'pnl_1u': -1.0, 'roi': -1.0, 'line': '', 'action': 'V4纸面入选-C', 'source': 'https://m.titan007.com/analy/Analysis/3074950.htm'}]"
V4,2026-10-09,3074961,以乙南,时间待核,辛桑特拉维夫 vs 萨巴1928,,,3,1,0,0,0,2,0.33333333,-1.01,-0.33666667,3,,,list_date < 2026-10-09,"[{'date': '2026-09-23', 'match': '艾佐尔夏普尔 vs 马哈尼耶侯达', 'score': '2-0', 'selected_team': '马哈尼耶侯达', 'settlement': '黑', 'water': 1.05, 'pnl_1u': -1.0, 'roi': -1.0, 'line': '0.25', 'action': 'V4最新页面A/B/C候选', 'source': 'https://simondongxiao.github.io/odds/v4/'}, {'date': '2026-09-23', 'match': '迪莫纳体育 vs 玛拉基亚', 'score': '1-5', 'selected_team': '玛拉基亚', 'settlement': '红', 'water': 0.99, 'pnl_1u': 0.99, 'roi': 0.99, 'line': '0.5', 'action': 'V4最新页面A/B/C候选', 'source': 'https://simondongxiao.github.io/odds/v4/'}, {'date': '2026-09-30', 'match': '阿古达 vs 哈迪拉', 'score': '0-4', 'selected_team': '', 'settlement': '黑', 'water': 0.96, 'pnl_1u': -1.0, 'roi': -1.0, 'line': '', 'action': 'V4纸面入选-C', 'source': 'https://m.titan007.com/analy/Analysis/3074950.htm'}]"
V4,2026-10-09,3100258,印班超,时间待核,皇家班加鲁鲁 vs 班加罗尔城,,,1,0,0,1,0,0,,0.0,0.0,1,,,list_date < 2026-10-09,"[{'date': '2026-10-05', 'match': '南部联队 vs 麦格', 'score': '2-2', 'selected_team': '', 'settlement': '走', 'water': 0.8, 'pnl_1u': 0.0, 'roi': 0.0, 'line': '', 'action': 'V4纸面入选-C', 'source': 'https://m.titan007.com/analy/Analysis/3098107.htm'}]"
V4,2026-10-09,3098083,国际友谊,时间待核,安道尔女足 vs 法罗群岛女足,,,53,24,2,5,2,20,0.54347826,2.355,0.04443396,53,,,list_date < 2026-10-09,"[{'date': '2026-09-21', 'match': '多米尼克 vs 安圭拉', 'score': '1-0', 'selected_team': '多米尼克', 'settlement': '红', 'water': 0.93, 'pnl_1u': 0.93, 'roi': 0.93, 'line': '-2', 'action': 'V4最新页面A/B/C候选', 'source': 'https://www.titan007.com/'}, {'date': '2026-09-23', 'match': '秘鲁U19 vs 阿根廷U19', 'score': '0-1', 'selected_team': '秘鲁U19', 'settlement': '走', 'water': 0.96, 'pnl_1u': 0.0, 'roi': 0.0, 'line': '-1', 'action': 'V4最新页面A/B/C候选', 'source': 'https://simondongxiao.github.io/odds/v4/'}, {'date': '2026-09-24', 'match': '韩国 vs 厄瓜多尔', 'score': '3-0', 'selected_team': '韩国', 'settlement': '红', 'water': 1.05, 'pnl_1u': 1.05, 'roi': 1.05, 'line': '0.25', 'action': 'V4最新页面A/B/C候选', 'source': 'https://simondongxiao.github.io/odds/v4/'}, {'date': '2026-09-25', 'match': '澳大利亚 vs 巴西', 'score': '1-1', 'selected_team': '巴西', 'settlement': '黑', 'water': 0.81, 'pnl_1u': -1.0, 'roi': -1.0, 'line': '-1.5', 'action': 'V4最新页面A/B/C候选', 'source': 'https://simondongxiao.github.io/odds/v4/'}, {'date': '2026-09-26', 'match': '美国 vs 秘鲁', 'score': '4-1', 'selected_team': '秘鲁', 'settlement': '黑', 'water': 0.93, 'pnl_1u': -1.0, 'roi': -1.0, 'line': '1', 'action': 'V4最新页面A/B/C候选', 'source': 'https://simondongxiao.github.io/odds/v4/'}, {'date': '2026-09-27', 'match': '中国 vs 新西兰', 'score': '0-3', 'selected_team': '新西兰', 'settlement': '红', 'water': 1.03, 'pnl_1u': 1.03, 'roi': 1.03, 'line': '-0.25', 'action': 'V4最新页面A/B/C候选', 'source': 'https://simondongxiao.github.io/odds/v4/'}, {'date': '2026-09-27', 'match': '德国U19(中) vs 乌克兰U19', 'score': '0-0', 'selected_team': '乌克兰U19', 'settlement': '红', 'water': 0.95, 'pnl_1u': 0.95, 'roi': 0.95, 'line': '1', 'action': 'V4最新页面A/B/C候选', 'source': 'https://simondongxiao.github.io/odds/v4/'}, {'date': '2026-09-27', 'match': '约旦 vs 叙利亚', 'score': '1-1', 'selected_team': '叙利亚', 'settlement': '红', 'water': 0.94, 'pnl_1u': 0.94, 'roi': 0.94, 'line': '1', 'action': 'V4最新页面A/B/C候选', 'source': 'https://simondongxiao.github.io/odds/v4/'}, {'date': '2026-09-27', 'match': '玻利维亚(中) vs 巴拉圭', 'score': '0-2', 'selected_team': '巴拉圭', 'settlement': '红', 'water': 0.98, 'pnl_1u': 0.98, 'roi': 0.98, 'line': '-1.25', 'action': 'V4最新页面A/B/C候选', 'source': 'https://simondongxiao.github.io/odds/v4/'}, {'date': '2026-09-28', 'match': '哈萨克斯坦U19 vs 瑞士U19', 'score': '1-2', 'selected_team': '哈萨克斯坦U19', 'settlement': '半黑', 'water': 1.07, 'pnl_1u': -0.5, 'roi': -0.5, 'line': '-0.75', 'action': 'V4ff7d4e5版本A/B/C候选', 'source': 'https://simondongxiao.github.io/odds/v4/?v=ff7d4e5'}, {'date': '2026-09-28', 'match': '日本 vs 委内瑞拉', 'score': '2-1', 'selected_team': '日本', 'settlement': '黑', 'water': 0.98, 'pnl_1u': -1.0, 'roi': -1.0, 'line': '1.75', 'action': 'V4ff7d4e5版本A/B/C候选', 'source': 'https://simondongxiao.github.io/odds/v4/?v=ff7d4e5'}, {'date': '2026-09-28', 'match': '吉尔吉斯斯坦 vs 马尔代夫', 'score': '5-0', 'selected_team': '吉尔吉斯斯坦', 'settlement': '红', 'water': 0.97, 'pnl_1u': 0.97, 'roi': 0.97, 'line': '3', 'action': 'V4ff7d4e5版本A/B/C候选', 'source': 'https://simondongxiao.github.io/odds/v4/?v=ff7d4e5'}, {'date': '2026-09-29', 'match': '斐济女足 vs 新喀里多尼亚女足', 'score': '1-0', 'selected_team': '新喀里多尼亚女足', 'settlement': '半红', 'water': 1.19, 'pnl_1u': 0.595, 'roi': 0.595, 'line': '1.25', 'action': 'V4纸面入选-C', 'source': 'https://m.titan007.com/analy/Analysis/3094943.htm'}, {'date': '2026-09-29', 'match': '美国U19(中) vs 威尔士U19', 'score': '2-0', 'selected_team': '美国U19(中)', 'settlement': '红', 'water': 0.78, 'pnl_1u': 0.78, 'roi': 0.78, 'line': '1.5', 'action': 'V4纸面入选-C', 'source': 'https://m.titan007.com/analy/Analysis/3094944.htm'}, {'date': '2026-09-29', 'match': '墨西哥(中) vs 秘鲁', 'score': '1-1', 'selected_team': '秘鲁', 'settlement': '红', 'water': 1.02, 'pnl_1u': 1.02, 'roi': 1.02, 'line': '1', 'action': 'V4纸面入选-C', 'source': 'https://m.titan007.com/analy/Analysis/3094999.htm'}, {'date': '2026-09-30', 'match': '芬兰U19 vs 德国U19', 'score': '1-2', 'selected_team': '', 'settlement': '黑', 'water': 0.82, 'pnl_1u': -1.0, 'roi': -1.0, 'line': '', 'action': 'V4纸面入选-C', 'source': 'https://m.titan007.com/analy/Analysis/3095002.htm'}, {'date': '2026-09-30', 'match': '塞舌尔 vs 斯里兰卡', 'score': '0-2', 'selected_team': '', 'settlement': '黑', 'water': 0.82, 'pnl_1u': -1.0, 'roi': -1.0, 'line': '', 'action': 'V4纸面入选-C', 'source': 'https://m.titan007.com/analy/Analysis/3096174.htm'}, {'date': '2026-09-30', 'match': '立陶宛 vs 安道尔', 'score': '3-0', 'selected_team': '立陶宛', 'settlement': '红', 'water': 0.82, 'pnl_1u': 0.82, 'roi': 0.82, 'line': '0.75', 'action': 'V4纸面入选-C', 'source': 'https://m.titan007.com/analy/Analysis/3096176.htm'}, {'date': '2026-09-30', 'match': '阿根廷 vs 玻利维亚', 'score': '4-0', 'selected_team': '', 'settlement': '红', 'water': 1.04, 'pnl_1u': 1.04, 'roi': 1.04, 'line': '', 'action': 'V4纸面入选-C', 'source': 'https://m.titan007.com/analy/Analysis/3095418.htm'}, {'date': '2026-10-01', 'match': '波兰U19 vs 哈萨克斯坦U19', 'score': '3-0', 'selected_team': '', 'settlement': '红', 'water': 0.92, 'pnl_1u': 0.92, 'roi': 0.92, 'line': '', 'action': 'V4纸面入选-C', 'source': 'https://m.titan007.com/analy/Analysis/3095233.htm'}, {'date': '2026-10-01', 'match': '法国U19 vs 土耳其U19', 'score': '2-1', 'selected_team': '', 'settlement': '红', 'water': 0.84, 'pnl_1u': 0.84, 'roi': 0.84, 'line': '', 'action': 'V4纸面入选-C', 'source': 'https://m.titan007.com/analy/Analysis/3095234.htm'}, {'date': '2026-10-01', 'match': '乌兹别克斯坦 vs 叙利亚', 'score': '4-1', 'selected_team': '乌兹别克斯坦', 'settlement': '红', 'water': 0.95, 'pnl_1u': 0.95, 'roi': 0.95, 'line': '1.5', 'action': 'V4纸面入选-C', 'source': 'https://m.titan007.com/analy/Analysis/3095240.htm'}, {'date': '2026-10-01', 'match': '卡塔尔U19 vs 爱尔兰U19', 'score': '1-1', 'selected_team': '', 'settlement': '走', 'water': 0.67, 'pnl_1u': 0.0, 'roi': 0.0, 'line': '', 'action': 'V4纸面入选-C', 'source': 'https://m.titan007.com/analy/Analysis/3095241.htm'}, {'date': '2026-10-01', 'match': '美国U20 vs 巴西U20', 'score': '0-2', 'selected_team': '巴西U20', 'settlement': '黑', 'water': 0.84, 'pnl_1u': -1.0, 'roi': -1.0, 'line': '-0.5', 'action': 'V4纸面入选-C', 'source': 'https://m.titan007.com/analy/Analysis/3095245.htm'}, {'date': '2026-10-02', 'match': '韩国 vs 委内瑞拉', 'score': '0-0', 'selected_team': '', 'settlement': '走', 'water': 0.93, 'pnl_1u': 0.0, 'roi': 0.0, 'line': '', 'action': 'V4纸面入选-C', 'source': 'https://m.titan007.com/analy/Analysis/3095568.htm'}, {'date': '2026-10-02', 'match': '哥伦比亚(中) vs 巴拉圭', 'score': '0-1', 'selected_team': '', 'settlement': '黑', 'water': 0.9, 'pnl_1u': -1.0, 'roi': -1.0, 'line': '', 'action': 'V4纸面入选-C', 'source': 'https://m.titan007.com/analy/Analysis/3095650.htm'}, {'date': '2026-10-03', 'match': '印度 vs 巴西', 'score': '0-4', 'selected_team': '印度', 'settlement': '半黑', 'water': 1.06, 'pnl_1u': -0.5, 'roi': -0.5, 'line': '-3.75', 'action': 'V4纸面入选-C', 'source': 'https://m.titan007.com/analy/Analysis/3096945.htm'}, {'date': '2026-10-03', 'match': '俄罗斯 vs 纳米比亚', 'score': '6-0', 'selected_team': '俄罗斯', 'settlement': '红', 'water': 0.85, 'pnl_1u': 0.85, 'roi': 0.85, 'line': '2.25', 'action': 'V4纸面入选-C', 'source': 'https://m.titan007.com/analy/Analysis/3096957.htm'}, {'date': '2026-10-03', 'match': '加拿大 vs 秘鲁', 'score': '2-0', 'selected_team': '加拿大', 'settlement': '红', 'water': 1.04, 'pnl_1u': 1.04, 'roi': 1.04, 'line': '1', 'action': 'V4纸面入选-C', 'source': 'https://m.titan007.com/analy/Analysis/3096091.htm'}, {'date': '2026-10-03', 'match': '科特迪瓦 vs 喀麦隆', 'score': '0-1', 'selected_team': '科特迪瓦', 'settlement': '黑', 'water': 1.02, 'pnl_1u': -1.0, 'roi': -1.0, 'line': '0.75', 'action': 'V4纸面入选-C', 'source': 'https://m.titan007.com/analy/Analysis/3096089.htm'}, {'date': '2026-10-04', 'match': '巴西U20 vs 墨西哥U20', 'score': '4-0', 'selected_team': '巴西U20', 'settlement': '红', 'water': 0.98, 'pnl_1u': 0.98, 'roi': 0.98, 'line': '0.5', 'action': 'V4纸面入选-C', 'source': 'https://m.titan007.com/analy/Analysis/3096443.htm'}, {'date': '2026-10-04', 'match': '丹麦U20 vs 美国U20', 'score': '3-3', 'selected_team': '丹麦U20', 'settlement': '半红', 'water': 0.9, 'pnl_1u': 0.45, 'roi': 0.45, 'line': '-0.25', 'action': 'V4纸面入选-C', 'source': 'https://m.titan007.com/analy/Analysis/3096449.htm'}, {'date': '2026-10-04', 'match': '埃及 vs 南非', 'score': '0-1', 'selected_team': '埃及', 'settlement': '黑', 'water': 0.79, 'pnl_1u': -1.0, 'roi': -1.0, 'line': '0.5', 'action': 'V4纸面入选-C', 'source': 'https://m.titan007.com/analy/Analysis/3097227.htm'}, {'date': '2026-10-04', 'match': '摩洛哥 vs 马里', 'score': '1-1', 'selected_team': '摩洛哥', 'settlement': '黑', 'water': 0.9, 'pnl_1u': -1.0, 'roi': -1.0, 'line': '1.25', 'action': 'V4纸面入选-C', 'source': 'https://m.titan007.com/analy/Analysis/3097230.htm'}, {'date': '2026-10-05', 'match': '巴拿马 vs 厄瓜多尔', 'score': '1-1', 'selected_team': '巴拿马', 'settlement': '红', 'water': 0.99, 'pnl_1u': 0.99, 'roi': 0.99, 'line': '-0.75', 'action': 'V4纸面入选-C', 'source': 'https://m.titan007.com/analy/Analysis/3097300.htm'}, {'date': '2026-10-05', 'match': '日本 vs 新西兰', 'score': '2-1', 'selected_team': '日本', 'settlement': '黑', 'water': 1, 'pnl_1u': -1.0, 'roi': -1.0, 'line': '2', 'action': 'V4纸面入选-C', 'source': 'https://m.titan007.com/analy/Analysis/3097301.htm'}, {'date': '2026-10-05', 'match': '英格兰U19 vs 比利时U19', 'score': '0-1', 'selected_team': '英格兰U19', 'settlement': '黑', 'water': 0.85, 'pnl_1u': -1.0, 'roi': -1.0, 'line': '1.25', 'action': 'V4纸面入选-C', 'source': 'https://m.titan007.com/analy/Analysis/3097293.htm'}, {'date': '2026-10-05', 'match': '乌干达 vs 刚果民主共和国', 'score': '1-1', 'selected_team': '乌干达', 'settlement': '红', 'water': 0.95, 'pnl_1u': 0.95, 'roi': 0.95, 'line': '-0.5', 'action': 'V4纸面入选-C', 'source': 'https://m.titan007.com/analy/Analysis/3097741.htm'}, {'date': '2026-10-05', 'match': '黑山U19 vs 以色列U19', 'score': '0-1', 'selected_team': '黑山U19', 'settlement': '黑', 'water': 0.78, 'pnl_1u': -1.0, 'roi': -1.0, 'line': '-0.5', 'action': 'V4纸面入选-C', 'source': 'https://m.titan007.com/analy/Analysis/3097742.htm'}, {'date': '2026-10-05', 'match': '格鲁吉亚U19 vs 拉脱维亚U19', 'score': '1-1', 'selected_team': '', 'settlement': '走', 'water': 0.75, 'pnl_1u': 0.0, 'roi': 0.0, 'line': '', 'action': 'V4纸面入选-C', 'source': 'https://m.titan007.com/analy/Analysis/3097745.htm'}, {'date': '2026-10-05', 'match': '塞尔维亚U21 vs 俄罗斯U21', 'score': '2-1', 'selected_team': '塞尔维亚U21', 'settlement': '红', 'water': 0.8, 'pnl_1u': 0.8, 'roi': 0.8, 'line': '-0.25', 'action': 'V4纸面入选-C', 'source': 'https://m.titan007.com/analy/Analysis/3097747.htm'}, {'date': '2026-10-06', 'match': '沙特阿拉伯U20 vs 亚美尼亚U20', 'score': '0-0', 'selected_team': '沙特阿拉伯U20', 'settlement': '黑', 'water': 1, 'pnl_1u': -1.0, 'roi': -1.0, 'line': '1.25', 'action': 'V4纸面入选-C', 'source': 'https://m.titan007.com/analy/Analysis/3097372.htm'}, {'date': '2026-10-06', 'match': '韩国 vs 乌兹别克斯坦', 'score': '2-0', 'selected_team': '韩国', 'settlement': '红', 'water': 0.94, 'pnl_1u': 0.94, 'roi': 0.94, 'line': '0.75', 'action': 'V4纸面入选-C', 'source': 'https://m.titan007.com/analy/Analysis/3097375.htm'}, {'date': '2026-10-06', 'match': '中国 vs 塔吉克斯坦', 'score': '0-1', 'selected_team': '中国', 'settlement': '黑', 'water': 1, 'pnl_1u': -1.0, 'roi': -1.0, 'line': '0.75', 'action': 'V4纸面入选-C', 'source': 'https://m.titan007.com/analy/Analysis/3091499.htm'}, {'date': '2026-10-06', 'match': '葡萄牙U19 vs 奥地利U19', 'score': '4-0', 'selected_team': '葡萄牙U19', 'settlement': '红', 'water': 0.87, 'pnl_1u': 0.87, 'roi': 0.87, 'line': '0.5', 'action': 'V4纸面入选-C', 'source': 'https://m.titan007.com/analy/Analysis/3097381.htm'}, {'date': '2026-10-06', 'match': '印度(中) vs 乌拉圭', 'score': '1-6', 'selected_team': '印度(中)', 'settlement': '黑', 'water': 0.91, 'pnl_1u': -1.0, 'roi': -1.0, 'line': '-3.5', 'action': 'V4纸面入选-C', 'source': 'https://m.titan007.com/analy/Analysis/3097388.htm'}, {'date': '2026-10-06', 'match': '俄罗斯 vs 尼日利亚', 'score': '3-3', 'selected_team': '俄罗斯', 'settlement': '黑', 'water': 0.91, 'pnl_1u': -1.0, 'roi': -1.0, 'line': '1', 'action': 'V4纸面入选-C', 'source': 'https://m.titan007.com/analy/Analysis/3097390.htm'}, {'date': '2026-10-06', 'match': '约旦 vs 委内瑞拉', 'score': '0-0', 'selected_team': '', 'settlement': '走', 'water': 0.89, 'pnl_1u': 0.0, 'roi': 0.0, 'line': '', 'action': 'V4纸面入选-C', 'source': 'https://m.titan007.com/analy/Analysis/3097384.htm'}, {'date': '2026-10-06', 'match': '阿尔及利亚 vs 尼日尔', 'score': '2-1', 'selected_team': '阿尔及利亚', 'settlement': '黑', 'water': 0.87, 'pnl_1u': -1.0, 'roi': -1.0, 'line': '1.75', 'action': 'V4纸面入选-C', 'source': 'https://m.titan007.com/analy/Analysis/3097385.htm'}, {'date': '2026-10-06', 'match': '阿根廷(中) vs 贝宁', 'score': '0-0', 'selected_team': '贝宁', 'settlement': '红', 'water': 0.87, 'pnl_1u': 0.87, 'roi': 0.87, 'line': '4.5', 'action': 'V4纸面入选-C', 'source': 'https://m.titan007.com/analy/Analysis/3097387.htm'}, {'date': '2026-10-06', 'match': '哥伦比亚(中) vs 秘鲁', 'score': '0-0', 'selected_team': '哥伦比亚(中)', 'settlement': '黑', 'water': 0.9, 'pnl_1u': -1.0, 'roi': -1.0, 'line': '1.25', 'action': 'V4纸面入选-C', 'source': 'https://m.titan007.com/analy/Analysis/3097386.htm'}, {'date': '2026-10-06', 'match': '美国(中) vs 加拿大', 'score': '1-0', 'selected_team': '美国(中)', 'settlement': '红', 'water': 0.8, 'pnl_1u': 0.8, 'roi': 0.8, 'line': '0.5', 'action': 'V4纸面入选-C', 'source': 'https://m.titan007.com/analy/Analysis/3097883.htm'}, {'date': '2026-10-07', 'match': '墨西哥(中) vs 智利', 'score': '0-2', 'selected_team': '墨西哥(中)', 'settlement': '黑', 'water': 1, 'pnl_1u': -1.0, 'roi': -1.0, 'line': '1', 'action': 'V4纸面入选-C', 'source': 'https://m.titan007.com/analy/Analysis/3097882.htm'}]"
V4,2026-10-09,3074960,以乙南,时间待核,迪莫纳体育 vs 斯德罗,,,3,1,0,0,0,2,0.33333333,-1.01,-0.33666667,3,,,list_date < 2026-10-09,"[{'date': '2026-09-23', 'match': '艾佐尔夏普尔 vs 马哈尼耶侯达', 'score': '2-0', 'selected_team': '马哈尼耶侯达', 'settlement': '黑', 'water': 1.05, 'pnl_1u': -1.0, 'roi': -1.0, 'line': '0.25', 'action': 'V4最新页面A/B/C候选', 'source': 'https://simondongxiao.github.io/odds/v4/'}, {'date': '2026-09-23', 'match': '迪莫纳体育 vs 玛拉基亚', 'score': '1-5', 'selected_team': '玛拉基亚', 'settlement': '红', 'water': 0.99, 'pnl_1u': 0.99, 'roi': 0.99, 'line': '0.5', 'action': 'V4最新页面A/B/C候选', 'source': 'https://simondongxiao.github.io/odds/v4/'}, {'date': '2026-09-30', 'match': '阿古达 vs 哈迪拉', 'score': '0-4', 'selected_team': '', 'settlement': '黑', 'water': 0.96, 'pnl_1u': -1.0, 'roi': -1.0, 'line': '', 'action': 'V4纸面入选-C', 'source': 'https://m.titan007.com/analy/Analysis/3074950.htm'}]"
V4,2026-10-09,3074652,以乙北,时间待核,基里亚特阿塔比亚里克 vs 艾尔达马卡比,,,0,0,0,0,0,0,,,,0,,,list_date < 2026-10-09,[]
V4,2026-10-09,3037127,泰超,时间待核,拉查布里府 vs 素可泰,,,1,0,0,0,0,1,0.0,-1.0,-1.0,1,,,list_date < 2026-10-09,"[{'date': '2026-09-18', 'match': '阿尤塔亚联 vs 乌泰他尼', 'score': '1-2', 'selected_team': '阿尤塔亚联', 'settlement': '黑', 'water': 1.02, 'pnl_1u': -1.0, 'roi': -1.0, 'line': '0.25', 'action': 'V4纸面入选-C', 'source': 'https://zq.titan007.com/analysis/3037117cn.htm'}]"
V4,2026-10-09,3098118,世女欧预,时间待核,哈萨克斯坦女足 vs 爱尔兰女足,,,0,0,0,0,0,0,,,,0,,,list_date < 2026-10-09,[]
V4,2026-10-09,2965043,哈萨克甲,时间待核,贾伊克 vs 图兰突厥斯坦,,,0,0,0,0,0,0,,,,0,,,list_date < 2026-10-09,[]
V4,2026-10-09,2965046,哈萨克甲,时间待核,塔拉兹 vs 卡拉特B队,,,0,0,0,0,0,0,,,,0,,,list_date < 2026-10-09,[]
V4,2026-10-09,3064192,坦桑超,时间待核,福恩特 vs 坦尚尼亚,,,0,0,0,0,0,0,,,,0,,,list_date < 2026-10-09,[]
V4,2026-10-09,3058800,布隆迪超,时间待核,年轻之星 vs 布马穆鲁,,,0,0,0,0,0,0,,,,0,,,list_date < 2026-10-09,[]
V4,2026-10-09,3100346,格鲁丙,时间待核,格鲁吉亚奥比 vs 萨布塔罗提比利锡B队,,,0,0,0,0,0,0,,,,0,,,list_date < 2026-10-09,[]
V4,2026-10-09,3098085,国际友谊,时间待核,秘鲁女足 vs 菲律宾女足,,,53,24,2,5,2,20,0.54347826,2.355,0.04443396,53,,,list_date < 2026-10-09,"[{'date': '2026-09-21', 'match': '多米尼克 vs 安圭拉', 'score': '1-0', 'selected_team': '多米尼克', 'settlement': '红', 'water': 0.93, 'pnl_1u': 0.93, 'roi': 0.93, 'line': '-2', 'action': 'V4最新页面A/B/C候选', 'source': 'https://www.titan007.com/'}, {'date': '2026-09-23', 'match': '秘鲁U19 vs 阿根廷U19', 'score': '0-1', 'selected_team': '秘鲁U19', 'settlement': '走', 'water': 0.96, 'pnl_1u': 0.0, 'roi': 0.0, 'line': '-1', 'action': 'V4最新页面A/B/C候选', 'source': 'https://simondongxiao.github.io/odds/v4/'}, {'date': '2026-09-24', 'match': '韩国 vs 厄瓜多尔', 'score': '3-0', 'selected_team': '韩国', 'settlement': '红', 'water': 1.05, 'pnl_1u': 1.05, 'roi': 1.05, 'line': '0.25', 'action': 'V4最新页面A/B/C候选', 'source': 'https://simondongxiao.github.io/odds/v4/'}, {'date': '2026-09-25', 'match': '澳大利亚 vs 巴西', 'score': '1-1', 'selected_team': '巴西', 'settlement': '黑', 'water': 0.81, 'pnl_1u': -1.0, 'roi': -1.0, 'line': '-1.5', 'action': 'V4最新页面A/B/C候选', 'source': 'https://simondongxiao.github.io/odds/v4/'}, {'date': '2026-09-26', 'match': '美国 vs 秘鲁', 'score': '4-1', 'selected_team': '秘鲁', 'settlement': '黑', 'water': 0.93, 'pnl_1u': -1.0, 'roi': -1.0, 'line': '1', 'action': 'V4最新页面A/B/C候选', 'source': 'https://simondongxiao.github.io/odds/v4/'}, {'date': '2026-09-27', 'match': '中国 vs 新西兰', 'score': '0-3', 'selected_team': '新西兰', 'settlement': '红', 'water': 1.03, 'pnl_1u': 1.03, 'roi': 1.03, 'line': '-0.25', 'action': 'V4最新页面A/B/C候选', 'source': 'https://simondongxiao.github.io/odds/v4/'}, {'date': '2026-09-27', 'match': '德国U19(中) vs 乌克兰U19', 'score': '0-0', 'selected_team': '乌克兰U19', 'settlement': '红', 'water': 0.95, 'pnl_1u': 0.95, 'roi': 0.95, 'line': '1', 'action': 'V4最新页面A/B/C候选', 'source': 'https://simondongxiao.github.io/odds/v4/'}, {'date': '2026-09-27', 'match': '约旦 vs 叙利亚', 'score': '1-1', 'selected_team': '叙利亚', 'settlement': '红', 'water': 0.94, 'pnl_1u': 0.94, 'roi': 0.94, 'line': '1', 'action': 'V4最新页面A/B/C候选', 'source': 'https://simondongxiao.github.io/odds/v4/'}, {'date': '2026-09-27', 'match': '玻利维亚(中) vs 巴拉圭', 'score': '0-2', 'selected_team': '巴拉圭', 'settlement': '红', 'water': 0.98, 'pnl_1u': 0.98, 'roi': 0.98, 'line': '-1.25', 'action': 'V4最新页面A/B/C候选', 'source': 'https://simondongxiao.github.io/odds/v4/'}, {'date': '2026-09-28', 'match': '哈萨克斯坦U19 vs 瑞士U19', 'score': '1-2', 'selected_team': '哈萨克斯坦U19', 'settlement': '半黑', 'water': 1.07, 'pnl_1u': -0.5, 'roi': -0.5, 'line': '-0.75', 'action': 'V4ff7d4e5版本A/B/C候选', 'source': 'https://simondongxiao.github.io/odds/v4/?v=ff7d4e5'}, {'date': '2026-09-28', 'match': '日本 vs 委内瑞拉', 'score': '2-1', 'selected_team': '日本', 'settlement': '黑', 'water': 0.98, 'pnl_1u': -1.0, 'roi': -1.0, 'line': '1.75', 'action': 'V4ff7d4e5版本A/B/C候选', 'source': 'https://simondongxiao.github.io/odds/v4/?v=ff7d4e5'}, {'date': '2026-09-28', 'match': '吉尔吉斯斯坦 vs 马尔代夫', 'score': '5-0', 'selected_team': '吉尔吉斯斯坦', 'settlement': '红', 'water': 0.97, 'pnl_1u': 0.97, 'roi': 0.97, 'line': '3', 'action': 'V4ff7d4e5版本A/B/C候选', 'source': 'https://simondongxiao.github.io/odds/v4/?v=ff7d4e5'}, {'date': '2026-09-29', 'match': '斐济女足 vs 新喀里多尼亚女足', 'score': '1-0', 'selected_team': '新喀里多尼亚女足', 'settlement': '半红', 'water': 1.19, 'pnl_1u': 0.595, 'roi': 0.595, 'line': '1.25', 'action': 'V4纸面入选-C', 'source': 'https://m.titan007.com/analy/Analysis/3094943.htm'}, {'date': '2026-09-29', 'match': '美国U19(中) vs 威尔士U19', 'score': '2-0', 'selected_team': '美国U19(中)', 'settlement': '红', 'water': 0.78, 'pnl_1u': 0.78, 'roi': 0.78, 'line': '1.5', 'action': 'V4纸面入选-C', 'source': 'https://m.titan007.com/analy/Analysis/3094944.htm'}, {'date': '2026-09-29', 'match': '墨西哥(中) vs 秘鲁', 'score': '1-1', 'selected_team': '秘鲁', 'settlement': '红', 'water': 1.02, 'pnl_1u': 1.02, 'roi': 1.02, 'line': '1', 'action': 'V4纸面入选-C', 'source': 'https://m.titan007.com/analy/Analysis/3094999.htm'}, {'date': '2026-09-30', 'match': '芬兰U19 vs 德国U19', 'score': '1-2', 'selected_team': '', 'settlement': '黑', 'water': 0.82, 'pnl_1u': -1.0, 'roi': -1.0, 'line': '', 'action': 'V4纸面入选-C', 'source': 'https://m.titan007.com/analy/Analysis/3095002.htm'}, {'date': '2026-09-30', 'match': '塞舌尔 vs 斯里兰卡', 'score': '0-2', 'selected_team': '', 'settlement': '黑', 'water': 0.82, 'pnl_1u': -1.0, 'roi': -1.0, 'line': '', 'action': 'V4纸面入选-C', 'source': 'https://m.titan007.com/analy/Analysis/3096174.htm'}, {'date': '2026-09-30', 'match': '立陶宛 vs 安道尔', 'score': '3-0', 'selected_team': '立陶宛', 'settlement': '红', 'water': 0.82, 'pnl_1u': 0.82, 'roi': 0.82, 'line': '0.75', 'action': 'V4纸面入选-C', 'source': 'https://m.titan007.com/analy/Analysis/3096176.htm'}, {'date': '2026-09-30', 'match': '阿根廷 vs 玻利维亚', 'score': '4-0', 'selected_team': '', 'settlement': '红', 'water': 1.04, 'pnl_1u': 1.04, 'roi': 1.04, 'line': '', 'action': 'V4纸面入选-C', 'source': 'https://m.titan007.com/analy/Analysis/3095418.htm'}, {'date': '2026-10-01', 'match': '波兰U19 vs 哈萨克斯坦U19', 'score': '3-0', 'selected_team': '', 'settlement': '红', 'water': 0.92, 'pnl_1u': 0.92, 'roi': 0.92, 'line': '', 'action': 'V4纸面入选-C', 'source': 'https://m.titan007.com/analy/Analysis/3095233.htm'}, {'date': '2026-10-01', 'match': '法国U19 vs 土耳其U19', 'score': '2-1', 'selected_team': '', 'settlement': '红', 'water': 0.84, 'pnl_1u': 0.84, 'roi': 0.84, 'line': '', 'action': 'V4纸面入选-C', 'source': 'https://m.titan007.com/analy/Analysis/3095234.htm'}, {'date': '2026-10-01', 'match': '乌兹别克斯坦 vs 叙利亚', 'score': '4-1', 'selected_team': '乌兹别克斯坦', 'settlement': '红', 'water': 0.95, 'pnl_1u': 0.95, 'roi': 0.95, 'line': '1.5', 'action': 'V4纸面入选-C', 'source': 'https://m.titan007.com/analy/Analysis/3095240.htm'}, {'date': '2026-10-01', 'match': '卡塔尔U19 vs 爱尔兰U19', 'score': '1-1', 'selected_team': '', 'settlement': '走', 'water': 0.67, 'pnl_1u': 0.0, 'roi': 0.0, 'line': '', 'action': 'V4纸面入选-C', 'source': 'https://m.titan007.com/analy/Analysis/3095241.htm'}, {'date': '2026-10-01', 'match': '美国U20 vs 巴西U20', 'score': '0-2', 'selected_team': '巴西U20', 'settlement': '黑', 'water': 0.84, 'pnl_1u': -1.0, 'roi': -1.0, 'line': '-0.5', 'action': 'V4纸面入选-C', 'source': 'https://m.titan007.com/analy/Analysis/3095245.htm'}, {'date': '2026-10-02', 'match': '韩国 vs 委内瑞拉', 'score': '0-0', 'selected_team': '', 'settlement': '走', 'water': 0.93, 'pnl_1u': 0.0, 'roi': 0.0, 'line': '', 'action': 'V4纸面入选-C', 'source': 'https://m.titan007.com/analy/Analysis/3095568.htm'}, {'date': '2026-10-02', 'match': '哥伦比亚(中) vs 巴拉圭', 'score': '0-1', 'selected_team': '', 'settlement': '黑', 'water': 0.9, 'pnl_1u': -1.0, 'roi': -1.0, 'line': '', 'action': 'V4纸面入选-C', 'source': 'https://m.titan007.com/analy/Analysis/3095650.htm'}, {'date': '2026-10-03', 'match': '印度 vs 巴西', 'score': '0-4', 'selected_team': '印度', 'settlement': '半黑', 'water': 1.06, 'pnl_1u': -0.5, 'roi': -0.5, 'line': '-3.75', 'action': 'V4纸面入选-C', 'source': 'https://m.titan007.com/analy/Analysis/3096945.htm'}, {'date': '2026-10-03', 'match': '俄罗斯 vs 纳米比亚', 'score': '6-0', 'selected_team': '俄罗斯', 'settlement': '红', 'water': 0.85, 'pnl_1u': 0.85, 'roi': 0.85, 'line': '2.25', 'action': 'V4纸面入选-C', 'source': 'https://m.titan007.com/analy/Analysis/3096957.htm'}, {'date': '2026-10-03', 'match': '加拿大 vs 秘鲁', 'score': '2-0', 'selected_team': '加拿大', 'settlement': '红', 'water': 1.04, 'pnl_1u': 1.04, 'roi': 1.04, 'line': '1', 'action': 'V4纸面入选-C', 'source': 'https://m.titan007.com/analy/Analysis/3096091.htm'}, {'date': '2026-10-03', 'match': '科特迪瓦 vs 喀麦隆', 'score': '0-1', 'selected_team': '科特迪瓦', 'settlement': '黑', 'water': 1.02, 'pnl_1u': -1.0, 'roi': -1.0, 'line': '0.75', 'action': 'V4纸面入选-C', 'source': 'https://m.titan007.com/analy/Analysis/3096089.htm'}, {'date': '2026-10-04', 'match': '巴西U20 vs 墨西哥U20', 'score': '4-0', 'selected_team': '巴西U20', 'settlement': '红', 'water': 0.98, 'pnl_1u': 0.98, 'roi': 0.98, 'line': '0.5', 'action': 'V4纸面入选-C', 'source': 'https://m.titan007.com/analy/Analysis/3096443.htm'}, {'date': '2026-10-04', 'match': '丹麦U20 vs 美国U20', 'score': '3-3', 'selected_team': '丹麦U20', 'settlement': '半红', 'water': 0.9, 'pnl_1u': 0.45, 'roi': 0.45, 'line': '-0.25', 'action': 'V4纸面入选-C', 'source': 'https://m.titan007.com/analy/Analysis/3096449.htm'}, {'date': '2026-10-04', 'match': '埃及 vs 南非', 'score': '0-1', 'selected_team': '埃及', 'settlement': '黑', 'water': 0.79, 'pnl_1u': -1.0, 'roi': -1.0, 'line': '0.5', 'action': 'V4纸面入选-C', 'source': 'https://m.titan007.com/analy/Analysis/3097227.htm'}, {'date': '2026-10-04', 'match': '摩洛哥 vs 马里', 'score': '1-1', 'selected_team': '摩洛哥', 'settlement': '黑', 'water': 0.9, 'pnl_1u': -1.0, 'roi': -1.0, 'line': '1.25', 'action': 'V4纸面入选-C', 'source': 'https://m.titan007.com/analy/Analysis/3097230.htm'}, {'date': '2026-10-05', 'match': '巴拿马 vs 厄瓜多尔', 'score': '1-1', 'selected_team': '巴拿马', 'settlement': '红', 'water': 0.99, 'pnl_1u': 0.99, 'roi': 0.99, 'line': '-0.75', 'action': 'V4纸面入选-C', 'source': 'https://m.titan007.com/analy/Analysis/3097300.htm'}, {'date': '2026-10-05', 'match': '日本 vs 新西兰', 'score': '2-1', 'selected_team': '日本', 'settlement': '黑', 'water': 1, 'pnl_1u': -1.0, 'roi': -1.0, 'line': '2', 'action': 'V4纸面入选-C', 'source': 'https://m.titan007.com/analy/Analysis/3097301.htm'}, {'date': '2026-10-05', 'match': '英格兰U19 vs 比利时U19', 'score': '0-1', 'selected_team': '英格兰U19', 'settlement': '黑', 'water': 0.85, 'pnl_1u': -1.0, 'roi': -1.0, 'line': '1.25', 'action': 'V4纸面入选-C', 'source': 'https://m.titan007.com/analy/Analysis/3097293.htm'}, {'date': '2026-10-05', 'match': '乌干达 vs 刚果民主共和国', 'score': '1-1', 'selected_team': '乌干达', 'settlement': '红', 'water': 0.95, 'pnl_1u': 0.95, 'roi': 0.95, 'line': '-0.5', 'action': 'V4纸面入选-C', 'source': 'https://m.titan007.com/analy/Analysis/3097741.htm'}, {'date': '2026-10-05', 'match': '黑山U19 vs 以色列U19', 'score': '0-1', 'selected_team': '黑山U19', 'settlement': '黑', 'water': 0.78, 'pnl_1u': -1.0, 'roi': -1.0, 'line': '-0.5', 'action': 'V4纸面入选-C', 'source': 'https://m.titan007.com/analy/Analysis/3097742.htm'}, {'date': '2026-10-05', 'match': '格鲁吉亚U19 vs 拉脱维亚U19', 'score': '1-1', 'selected_team': '', 'settlement': '走', 'water': 0.75, 'pnl_1u': 0.0, 'roi': 0.0, 'line': '', 'action': 'V4纸面入选-C', 'source': 'https://m.titan007.com/analy/Analysis/3097745.htm'}, {'date': '2026-10-05', 'match': '塞尔维亚U21 vs 俄罗斯U21', 'score': '2-1', 'selected_team': '塞尔维亚U21', 'settlement': '红', 'water': 0.8, 'pnl_1u': 0.8, 'roi': 0.8, 'line': '-0.25', 'action': 'V4纸面入选-C', 'source': 'https://m.titan007.com/analy/Analysis/3097747.htm'}, {'date': '2026-10-06', 'match': '沙特阿拉伯U20 vs 亚美尼亚U20', 'score': '0-0', 'selected_team': '沙特阿拉伯U20', 'settlement': '黑', 'water': 1, 'pnl_1u': -1.0, 'roi': -1.0, 'line': '1.25', 'action': 'V4纸面入选-C', 'source': 'https://m.titan007.com/analy/Analysis/3097372.htm'}, {'date': '2026-10-06', 'match': '韩国 vs 乌兹别克斯坦', 'score': '2-0', 'selected_team': '韩国', 'settlement': '红', 'water': 0.94, 'pnl_1u': 0.94, 'roi': 0.94, 'line': '0.75', 'action': 'V4纸面入选-C', 'source': 'https://m.titan007.com/analy/Analysis/3097375.htm'}, {'date': '2026-10-06', 'match': '中国 vs 塔吉克斯坦', 'score': '0-1', 'selected_team': '中国', 'settlement': '黑', 'water': 1, 'pnl_1u': -1.0, 'roi': -1.0, 'line': '0.75', 'action': 'V4纸面入选-C', 'source': 'https://m.titan007.com/analy/Analysis/3091499.htm'}, {'date': '2026-10-06', 'match': '葡萄牙U19 vs 奥地利U19', 'score': '4-0', 'selected_team': '葡萄牙U19', 'settlement': '红', 'water': 0.87, 'pnl_1u': 0.87, 'roi': 0.87, 'line': '0.5', 'action': 'V4纸面入选-C', 'source': 'https://m.titan007.com/analy/Analysis/3097381.htm'}, {'date': '2026-10-06', 'match': '印度(中) vs 乌拉圭', 'score': '1-6', 'selected_team': '印度(中)', 'settlement': '黑', 'water': 0.91, 'pnl_1u': -1.0, 'roi': -1.0, 'line': '-3.5', 'action': 'V4纸面入选-C', 'source': 'https://m.titan007.com/analy/Analysis/3097388.htm'}, {'date': '2026-10-06', 'match': '俄罗斯 vs 尼日利亚', 'score': '3-3', 'selected_team': '俄罗斯', 'settlement': '黑', 'water': 0.91, 'pnl_1u': -1.0, 'roi': -1.0, 'line': '1', 'action': 'V4纸面入选-C', 'source': 'https://m.titan007.com/analy/Analysis/3097390.htm'}, {'date': '2026-10-06', 'match': '约旦 vs 委内瑞拉', 'score': '0-0', 'selected_team': '', 'settlement': '走', 'water': 0.89, 'pnl_1u': 0.0, 'roi': 0.0, 'line': '', 'action': 'V4纸面入选-C', 'source': 'https://m.titan007.com/analy/Analysis/3097384.htm'}, {'date': '2026-10-06', 'match': '阿尔及利亚 vs 尼日尔', 'score': '2-1', 'selected_team': '阿尔及利亚', 'settlement': '黑', 'water': 0.87, 'pnl_1u': -1.0, 'roi': -1.0, 'line': '1.75', 'action': 'V4纸面入选-C', 'source': 'https://m.titan007.com/analy/Analysis/3097385.htm'}, {'date': '2026-10-06', 'match': '阿根廷(中) vs 贝宁', 'score': '0-0', 'selected_team': '贝宁', 'settlement': '红', 'water': 0.87, 'pnl_1u': 0.87, 'roi': 0.87, 'line': '4.5', 'action': 'V4纸面入选-C', 'source': 'https://m.titan007.com/analy/Analysis/3097387.htm'}, {'date': '2026-10-06', 'match': '哥伦比亚(中) vs 秘鲁', 'score': '0-0', 'selected_team': '哥伦比亚(中)', 'settlement': '黑', 'water': 0.9, 'pnl_1u': -1.0, 'roi': -1.0, 'line': '1.25', 'action': 'V4纸面入选-C', 'source': 'https://m.titan007.com/analy/Analysis/3097386.htm'}, {'date': '2026-10-06', 'match': '美国(中) vs 加拿大', 'score': '1-0', 'selected_team': '美国(中)', 'settlement': '红', 'water': 0.8, 'pnl_1u': 0.8, 'roi': 0.8, 'line': '0.5', 'action': 'V4纸面入选-C', 'source': 'https://m.titan007.com/analy/Analysis/3097883.htm'}, {'date': '2026-10-07', 'match': '墨西哥(中) vs 智利', 'score': '0-2', 'selected_team': '墨西哥(中)', 'settlement': '黑', 'water': 1, 'pnl_1u': -1.0, 'roi': -1.0, 'line': '1', 'action': 'V4纸面入选-C', 'source': 'https://m.titan007.com/analy/Analysis/3097882.htm'}]"
V4,2026-10-09,3098087,国际友谊,时间待核,匈牙利女足U19 vs 德国女足U19,,,53,24,2,5,2,20,0.54347826,2.355,0.04443396,53,,,list_date < 2026-10-09,"[{'date': '2026-09-21', 'match': '多米尼克 vs 安圭拉', 'score': '1-0', 'selected_team': '多米尼克', 'settlement': '红', 'water': 0.93, 'pnl_1u': 0.93, 'roi': 0.93, 'line': '-2', 'action': 'V4最新页面A/B/C候选', 'source': 'https://www.titan007.com/'}, {'date': '2026-09-23', 'match': '秘鲁U19 vs 阿根廷U19', 'score': '0-1', 'selected_team': '秘鲁U19', 'settlement': '走', 'water': 0.96, 'pnl_1u': 0.0, 'roi': 0.0, 'line': '-1', 'action': 'V4最新页面A/B/C候选', 'source': 'https://simondongxiao.github.io/odds/v4/'}, {'date': '2026-09-24', 'match': '韩国 vs 厄瓜多尔', 'score': '3-0', 'selected_team': '韩国', 'settlement': '红', 'water': 1.05, 'pnl_1u': 1.05, 'roi': 1.05, 'line': '0.25', 'action': 'V4最新页面A/B/C候选', 'source': 'https://simondongxiao.github.io/odds/v4/'}, {'date': '2026-09-25', 'match': '澳大利亚 vs 巴西', 'score': '1-1', 'selected_team': '巴西', 'settlement': '黑', 'water': 0.81, 'pnl_1u': -1.0, 'roi': -1.0, 'line': '-1.5', 'action': 'V4最新页面A/B/C候选', 'source': 'https://simondongxiao.github.io/odds/v4/'}, {'date': '2026-09-26', 'match': '美国 vs 秘鲁', 'score': '4-1', 'selected_team': '秘鲁', 'settlement': '黑', 'water': 0.93, 'pnl_1u': -1.0, 'roi': -1.0, 'line': '1', 'action': 'V4最新页面A/B/C候选', 'source': 'https://simondongxiao.github.io/odds/v4/'}, {'date': '2026-09-27', 'match': '中国 vs 新西兰', 'score': '0-3', 'selected_team': '新西兰', 'settlement': '红', 'water': 1.03, 'pnl_1u': 1.03, 'roi': 1.03, 'line': '-0.25', 'action': 'V4最新页面A/B/C候选', 'source': 'https://simondongxiao.github.io/odds/v4/'}, {'date': '2026-09-27', 'match': '德国U19(中) vs 乌克兰U19', 'score': '0-0', 'selected_team': '乌克兰U19', 'settlement': '红', 'water': 0.95, 'pnl_1u': 0.95, 'roi': 0.95, 'line': '1', 'action': 'V4最新页面A/B/C候选', 'source': 'https://simondongxiao.github.io/odds/v4/'}, {'date': '2026-09-27', 'match': '约旦 vs 叙利亚', 'score': '1-1', 'selected_team': '叙利亚', 'settlement': '红', 'water': 0.94, 'pnl_1u': 0.94, 'roi': 0.94, 'line': '1', 'action': 'V4最新页面A/B/C候选', 'source': 'https://simondongxiao.github.io/odds/v4/'}, {'date': '2026-09-27', 'match': '玻利维亚(中) vs 巴拉圭', 'score': '0-2', 'selected_team': '巴拉圭', 'settlement': '红', 'water': 0.98, 'pnl_1u': 0.98, 'roi': 0.98, 'line': '-1.25', 'action': 'V4最新页面A/B/C候选', 'source': 'https://simondongxiao.github.io/odds/v4/'}, {'date': '2026-09-28', 'match': '哈萨克斯坦U19 vs 瑞士U19', 'score': '1-2', 'selected_team': '哈萨克斯坦U19', 'settlement': '半黑', 'water': 1.07, 'pnl_1u': -0.5, 'roi': -0.5, 'line': '-0.75', 'action': 'V4ff7d4e5版本A/B/C候选', 'source': 'https://simondongxiao.github.io/odds/v4/?v=ff7d4e5'}, {'date': '2026-09-28', 'match': '日本 vs 委内瑞拉', 'score': '2-1', 'selected_team': '日本', 'settlement': '黑', 'water': 0.98, 'pnl_1u': -1.0, 'roi': -1.0, 'line': '1.75', 'action': 'V4ff7d4e5版本A/B/C候选', 'source': 'https://simondongxiao.github.io/odds/v4/?v=ff7d4e5'}, {'date': '2026-09-28', 'match': '吉尔吉斯斯坦 vs 马尔代夫', 'score': '5-0', 'selected_team': '吉尔吉斯斯坦', 'settlement': '红', 'water': 0.97, 'pnl_1u': 0.97, 'roi': 0.97, 'line': '3', 'action': 'V4ff7d4e5版本A/B/C候选', 'source': 'https://simondongxiao.github.io/odds/v4/?v=ff7d4e5'}, {'date': '2026-09-29', 'match': '斐济女足 vs 新喀里多尼亚女足', 'score': '1-0', 'selected_team': '新喀里多尼亚女足', 'settlement': '半红', 'water': 1.19, 'pnl_1u': 0.595, 'roi': 0.595, 'line': '1.25', 'action': 'V4纸面入选-C', 'source': 'https://m.titan007.com/analy/Analysis/3094943.htm'}, {'date': '2026-09-29', 'match': '美国U19(中) vs 威尔士U19', 'score': '2-0', 'selected_team': '美国U19(中)', 'settlement': '红', 'water': 0.78, 'pnl_1u': 0.78, 'roi': 0.78, 'line': '1.5', 'action': 'V4纸面入选-C', 'source': 'https://m.titan007.com/analy/Analysis/3094944.htm'}, {'date': '2026-09-29', 'match': '墨西哥(中) vs 秘鲁', 'score': '1-1', 'selected_team': '秘鲁', 'settlement': '红', 'water': 1.02, 'pnl_1u': 1.02, 'roi': 1.02, 'line': '1', 'action': 'V4纸面入选-C', 'source': 'https://m.titan007.com/analy/Analysis/3094999.htm'}, {'date': '2026-09-30', 'match': '芬兰U19 vs 德国U19', 'score': '1-2', 'selected_team': '', 'settlement': '黑', 'water': 0.82, 'pnl_1u': -1.0, 'roi': -1.0, 'line': '', 'action': 'V4纸面入选-C', 'source': 'https://m.titan007.com/analy/Analysis/3095002.htm'}, {'date': '2026-09-30', 'match': '塞舌尔 vs 斯里兰卡', 'score': '0-2', 'selected_team': '', 'settlement': '黑', 'water': 0.82, 'pnl_1u': -1.0, 'roi': -1.0, 'line': '', 'action': 'V4纸面入选-C', 'source': 'https://m.titan007.com/analy/Analysis/3096174.htm'}, {'date': '2026-09-30', 'match': '立陶宛 vs 安道尔', 'score': '3-0', 'selected_team': '立陶宛', 'settlement': '红', 'water': 0.82, 'pnl_1u': 0.82, 'roi': 0.82, 'line': '0.75', 'action': 'V4纸面入选-C', 'source': 'https://m.titan007.com/analy/Analysis/3096176.htm'}, {'date': '2026-09-30', 'match': '阿根廷 vs 玻利维亚', 'score': '4-0', 'selected_team': '', 'settlement': '红', 'water': 1.04, 'pnl_1u': 1.04, 'roi': 1.04, 'line': '', 'action': 'V4纸面入选-C', 'source': 'https://m.titan007.com/analy/Analysis/3095418.htm'}, {'date': '2026-10-01', 'match': '波兰U19 vs 哈萨克斯坦U19', 'score': '3-0', 'selected_team': '', 'settlement': '红', 'water': 0.92, 'pnl_1u': 0.92, 'roi': 0.92, 'line': '', 'action': 'V4纸面入选-C', 'source': 'https://m.titan007.com/analy/Analysis/3095233.htm'}, {'date': '2026-10-01', 'match': '法国U19 vs 土耳其U19', 'score': '2-1', 'selected_team': '', 'settlement': '红', 'water': 0.84, 'pnl_1u': 0.84, 'roi': 0.84, 'line': '', 'action': 'V4纸面入选-C', 'source': 'https://m.titan007.com/analy/Analysis/3095234.htm'}, {'date': '2026-10-01', 'match': '乌兹别克斯坦 vs 叙利亚', 'score': '4-1', 'selected_team': '乌兹别克斯坦', 'settlement': '红', 'water': 0.95, 'pnl_1u': 0.95, 'roi': 0.95, 'line': '1.5', 'action': 'V4纸面入选-C', 'source': 'https://m.titan007.com/analy/Analysis/3095240.htm'}, {'date': '2026-10-01', 'match': '卡塔尔U19 vs 爱尔兰U19', 'score': '1-1', 'selected_team': '', 'settlement': '走', 'water': 0.67, 'pnl_1u': 0.0, 'roi': 0.0, 'line': '', 'action': 'V4纸面入选-C', 'source': 'https://m.titan007.com/analy/Analysis/3095241.htm'}, {'date': '2026-10-01', 'match': '美国U20 vs 巴西U20', 'score': '0-2', 'selected_team': '巴西U20', 'settlement': '黑', 'water': 0.84, 'pnl_1u': -1.0, 'roi': -1.0, 'line': '-0.5', 'action': 'V4纸面入选-C', 'source': 'https://m.titan007.com/analy/Analysis/3095245.htm'}, {'date': '2026-10-02', 'match': '韩国 vs 委内瑞拉', 'score': '0-0', 'selected_team': '', 'settlement': '走', 'water': 0.93, 'pnl_1u': 0.0, 'roi': 0.0, 'line': '', 'action': 'V4纸面入选-C', 'source': 'https://m.titan007.com/analy/Analysis/3095568.htm'}, {'date': '2026-10-02', 'match': '哥伦比亚(中) vs 巴拉圭', 'score': '0-1', 'selected_team': '', 'settlement': '黑', 'water': 0.9, 'pnl_1u': -1.0, 'roi': -1.0, 'line': '', 'action': 'V4纸面入选-C', 'source': 'https://m.titan007.com/analy/Analysis/3095650.htm'}, {'date': '2026-10-03', 'match': '印度 vs 巴西', 'score': '0-4', 'selected_team': '印度', 'settlement': '半黑', 'water': 1.06, 'pnl_1u': -0.5, 'roi': -0.5, 'line': '-3.75', 'action': 'V4纸面入选-C', 'source': 'https://m.titan007.com/analy/Analysis/3096945.htm'}, {'date': '2026-10-03', 'match': '俄罗斯 vs 纳米比亚', 'score': '6-0', 'selected_team': '俄罗斯', 'settlement': '红', 'water': 0.85, 'pnl_1u': 0.85, 'roi': 0.85, 'line': '2.25', 'action': 'V4纸面入选-C', 'source': 'https://m.titan007.com/analy/Analysis/3096957.htm'}, {'date': '2026-10-03', 'match': '加拿大 vs 秘鲁', 'score': '2-0', 'selected_team': '加拿大', 'settlement': '红', 'water': 1.04, 'pnl_1u': 1.04, 'roi': 1.04, 'line': '1', 'action': 'V4纸面入选-C', 'source': 'https://m.titan007.com/analy/Analysis/3096091.htm'}, {'date': '2026-10-03', 'match': '科特迪瓦 vs 喀麦隆', 'score': '0-1', 'selected_team': '科特迪瓦', 'settlement': '黑', 'water': 1.02, 'pnl_1u': -1.0, 'roi': -1.0, 'line': '0.75', 'action': 'V4纸面入选-C', 'source': 'https://m.titan007.com/analy/Analysis/3096089.htm'}, {'date': '2026-10-04', 'match': '巴西U20 vs 墨西哥U20', 'score': '4-0', 'selected_team': '巴西U20', 'settlement': '红', 'water': 0.98, 'pnl_1u': 0.98, 'roi': 0.98, 'line': '0.5', 'action': 'V4纸面入选-C', 'source': 'https://m.titan007.com/analy/Analysis/3096443.htm'}, {'date': '2026-10-04', 'match': '丹麦U20 vs 美国U20', 'score': '3-3', 'selected_team': '丹麦U20', 'settlement': '半红', 'water': 0.9, 'pnl_1u': 0.45, 'roi': 0.45, 'line': '-0.25', 'action': 'V4纸面入选-C', 'source': 'https://m.titan007.com/analy/Analysis/3096449.htm'}, {'date': '2026-10-04', 'match': '埃及 vs 南非', 'score': '0-1', 'selected_team': '埃及', 'settlement': '黑', 'water': 0.79, 'pnl_1u': -1.0, 'roi': -1.0, 'line': '0.5', 'action': 'V4纸面入选-C', 'source': 'https://m.titan007.com/analy/Analysis/3097227.htm'}, {'date': '2026-10-04', 'match': '摩洛哥 vs 马里', 'score': '1-1', 'selected_team': '摩洛哥', 'settlement': '黑', 'water': 0.9, 'pnl_1u': -1.0, 'roi': -1.0, 'line': '1.25', 'action': 'V4纸面入选-C', 'source': 'https://m.titan007.com/analy/Analysis/3097230.htm'}, {'date': '2026-10-05', 'match': '巴拿马 vs 厄瓜多尔', 'score': '1-1', 'selected_team': '巴拿马', 'settlement': '红', 'water': 0.99, 'pnl_1u': 0.99, 'roi': 0.99, 'line': '-0.75', 'action': 'V4纸面入选-C', 'source': 'https://m.titan007.com/analy/Analysis/3097300.htm'}, {'date': '2026-10-05', 'match': '日本 vs 新西兰', 'score': '2-1', 'selected_team': '日本', 'settlement': '黑', 'water': 1, 'pnl_1u': -1.0, 'roi': -1.0, 'line': '2', 'action': 'V4纸面入选-C', 'source': 'https://m.titan007.com/analy/Analysis/3097301.htm'}, {'date': '2026-10-05', 'match': '英格兰U19 vs 比利时U19', 'score': '0-1', 'selected_team': '英格兰U19', 'settlement': '黑', 'water': 0.85, 'pnl_1u': -1.0, 'roi': -1.0, 'line': '1.25', 'action': 'V4纸面入选-C', 'source': 'https://m.titan007.com/analy/Analysis/3097293.htm'}, {'date': '2026-10-05', 'match': '乌干达 vs 刚果民主共和国', 'score': '1-1', 'selected_team': '乌干达', 'settlement': '红', 'water': 0.95, 'pnl_1u': 0.95, 'roi': 0.95, 'line': '-0.5', 'action': 'V4纸面入选-C', 'source': 'https://m.titan007.com/analy/Analysis/3097741.htm'}, {'date': '2026-10-05', 'match': '黑山U19 vs 以色列U19', 'score': '0-1', 'selected_team': '黑山U19', 'settlement': '黑', 'water': 0.78, 'pnl_1u': -1.0, 'roi': -1.0, 'line': '-0.5', 'action': 'V4纸面入选-C', 'source': 'https://m.titan007.com/analy/Analysis/3097742.htm'}, {'date': '2026-10-05', 'match': '格鲁吉亚U19 vs 拉脱维亚U19', 'score': '1-1', 'selected_team': '', 'settlement': '走', 'water': 0.75, 'pnl_1u': 0.0, 'roi': 0.0, 'line': '', 'action': 'V4纸面入选-C', 'source': 'https://m.titan007.com/analy/Analysis/3097745.htm'}, {'date': '2026-10-05', 'match': '塞尔维亚U21 vs 俄罗斯U21', 'score': '2-1', 'selected_team': '塞尔维亚U21', 'settlement': '红', 'water': 0.8, 'pnl_1u': 0.8, 'roi': 0.8, 'line': '-0.25', 'action': 'V4纸面入选-C', 'source': 'https://m.titan007.com/analy/Analysis/3097747.htm'}, {'date': '2026-10-06', 'match': '沙特阿拉伯U20 vs 亚美尼亚U20', 'score': '0-0', 'selected_team': '沙特阿拉伯U20', 'settlement': '黑', 'water': 1, 'pnl_1u': -1.0, 'roi': -1.0, 'line': '1.25', 'action': 'V4纸面入选-C', 'source': 'https://m.titan007.com/analy/Analysis/3097372.htm'}, {'date': '2026-10-06', 'match': '韩国 vs 乌兹别克斯坦', 'score': '2-0', 'selected_team': '韩国', 'settlement': '红', 'water': 0.94, 'pnl_1u': 0.94, 'roi': 0.94, 'line': '0.75', 'action': 'V4纸面入选-C', 'source': 'https://m.titan007.com/analy/Analysis/3097375.htm'}, {'date': '2026-10-06', 'match': '中国 vs 塔吉克斯坦', 'score': '0-1', 'selected_team': '中国', 'settlement': '黑', 'water': 1, 'pnl_1u': -1.0, 'roi': -1.0, 'line': '0.75', 'action': 'V4纸面入选-C', 'source': 'https://m.titan007.com/analy/Analysis/3091499.htm'}, {'date': '2026-10-06', 'match': '葡萄牙U19 vs 奥地利U19', 'score': '4-0', 'selected_team': '葡萄牙U19', 'settlement': '红', 'water': 0.87, 'pnl_1u': 0.87, 'roi': 0.87, 'line': '0.5', 'action': 'V4纸面入选-C', 'source': 'https://m.titan007.com/analy/Analysis/3097381.htm'}, {'date': '2026-10-06', 'match': '印度(中) vs 乌拉圭', 'score': '1-6', 'selected_team': '印度(中)', 'settlement': '黑', 'water': 0.91, 'pnl_1u': -1.0, 'roi': -1.0, 'line': '-3.5', 'action': 'V4纸面入选-C', 'source': 'https://m.titan007.com/analy/Analysis/3097388.htm'}, {'date': '2026-10-06', 'match': '俄罗斯 vs 尼日利亚', 'score': '3-3', 'selected_team': '俄罗斯', 'settlement': '黑', 'water': 0.91, 'pnl_1u': -1.0, 'roi': -1.0, 'line': '1', 'action': 'V4纸面入选-C', 'source': 'https://m.titan007.com/analy/Analysis/3097390.htm'}, {'date': '2026-10-06', 'match': '约旦 vs 委内瑞拉', 'score': '0-0', 'selected_team': '', 'settlement': '走', 'water': 0.89, 'pnl_1u': 0.0, 'roi': 0.0, 'line': '', 'action': 'V4纸面入选-C', 'source': 'https://m.titan007.com/analy/Analysis/3097384.htm'}, {'date': '2026-10-06', 'match': '阿尔及利亚 vs 尼日尔', 'score': '2-1', 'selected_team': '阿尔及利亚', 'settlement': '黑', 'water': 0.87, 'pnl_1u': -1.0, 'roi': -1.0, 'line': '1.75', 'action': 'V4纸面入选-C', 'source': 'https://m.titan007.com/analy/Analysis/3097385.htm'}, {'date': '2026-10-06', 'match': '阿根廷(中) vs 贝宁', 'score': '0-0', 'selected_team': '贝宁', 'settlement': '红', 'water': 0.87, 'pnl_1u': 0.87, 'roi': 0.87, 'line': '4.5', 'action': 'V4纸面入选-C', 'source': 'https://m.titan007.com/analy/Analysis/3097387.htm'}, {'date': '2026-10-06', 'match': '哥伦比亚(中) vs 秘鲁', 'score': '0-0', 'selected_team': '哥伦比亚(中)', 'settlement': '黑', 'water': 0.9, 'pnl_1u': -1.0, 'roi': -1.0, 'line': '1.25', 'action': 'V4纸面入选-C', 'source': 'https://m.titan007.com/analy/Analysis/3097386.htm'}, {'date': '2026-10-06', 'match': '美国(中) vs 加拿大', 'score': '1-0', 'selected_team': '美国(中)', 'settlement': '红', 'water': 0.8, 'pnl_1u': 0.8, 'roi': 0.8, 'line': '0.5', 'action': 'V4纸面入选-C', 'source': 'https://m.titan007.com/analy/Analysis/3097883.htm'}, {'date': '2026-10-07', 'match': '墨西哥(中) vs 智利', 'score': '0-2', 'selected_team': '墨西哥(中)', 'settlement': '黑', 'water': 1, 'pnl_1u': -1.0, 'roi': -1.0, 'line': '1', 'action': 'V4纸面入选-C', 'source': 'https://m.titan007.com/analy/Analysis/3097882.htm'}]"
V4,2026-10-09,3100282,国际友谊,时间待核,白俄罗斯女足U19 vs 俄罗斯女足U19,,,53,24,2,5,2,20,0.54347826,2.355,0.04443396,53,,,list_date < 2026-10-09,"[{'date': '2026-09-21', 'match': '多米尼克 vs 安圭拉', 'score': '1-0', 'selected_team': '多米尼克', 'settlement': '红', 'water': 0.93, 'pnl_1u': 0.93, 'roi': 0.93, 'line': '-2', 'action': 'V4最新页面A/B/C候选', 'source': 'https://www.titan007.com/'}, {'date': '2026-09-23', 'match': '秘鲁U19 vs 阿根廷U19', 'score': '0-1', 'selected_team': '秘鲁U19', 'settlement': '走', 'water': 0.96, 'pnl_1u': 0.0, 'roi': 0.0, 'line': '-1', 'action': 'V4最新页面A/B/C候选', 'source': 'https://simondongxiao.github.io/odds/v4/'}, {'date': '2026-09-24', 'match': '韩国 vs 厄瓜多尔', 'score': '3-0', 'selected_team': '韩国', 'settlement': '红', 'water': 1.05, 'pnl_1u': 1.05, 'roi': 1.05, 'line': '0.25', 'action': 'V4最新页面A/B/C候选', 'source': 'https://simondongxiao.github.io/odds/v4/'}, {'date': '2026-09-25', 'match': '澳大利亚 vs 巴西', 'score': '1-1', 'selected_team': '巴西', 'settlement': '黑', 'water': 0.81, 'pnl_1u': -1.0, 'roi': -1.0, 'line': '-1.5', 'action': 'V4最新页面A/B/C候选', 'source': 'https://simondongxiao.github.io/odds/v4/'}, {'date': '2026-09-26', 'match': '美国 vs 秘鲁', 'score': '4-1', 'selected_team': '秘鲁', 'settlement': '黑', 'water': 0.93, 'pnl_1u': -1.0, 'roi': -1.0, 'line': '1', 'action': 'V4最新页面A/B/C候选', 'source': 'https://simondongxiao.github.io/odds/v4/'}, {'date': '2026-09-27', 'match': '中国 vs 新西兰', 'score': '0-3', 'selected_team': '新西兰', 'settlement': '红', 'water': 1.03, 'pnl_1u': 1.03, 'roi': 1.03, 'line': '-0.25', 'action': 'V4最新页面A/B/C候选', 'source': 'https://simondongxiao.github.io/odds/v4/'}, {'date': '2026-09-27', 'match': '德国U19(中) vs 乌克兰U19', 'score': '0-0', 'selected_team': '乌克兰U19', 'settlement': '红', 'water': 0.95, 'pnl_1u': 0.95, 'roi': 0.95, 'line': '1', 'action': 'V4最新页面A/B/C候选', 'source': 'https://simondongxiao.github.io/odds/v4/'}, {'date': '2026-09-27', 'match': '约旦 vs 叙利亚', 'score': '1-1', 'selected_team': '叙利亚', 'settlement': '红', 'water': 0.94, 'pnl_1u': 0.94, 'roi': 0.94, 'line': '1', 'action': 'V4最新页面A/B/C候选', 'source': 'https://simondongxiao.github.io/odds/v4/'}, {'date': '2026-09-27', 'match': '玻利维亚(中) vs 巴拉圭', 'score': '0-2', 'selected_team': '巴拉圭', 'settlement': '红', 'water': 0.98, 'pnl_1u': 0.98, 'roi': 0.98, 'line': '-1.25', 'action': 'V4最新页面A/B/C候选', 'source': 'https://simondongxiao.github.io/odds/v4/'}, {'date': '2026-09-28', 'match': '哈萨克斯坦U19 vs 瑞士U19', 'score': '1-2', 'selected_team': '哈萨克斯坦U19', 'settlement': '半黑', 'water': 1.07, 'pnl_1u': -0.5, 'roi': -0.5, 'line': '-0.75', 'action': 'V4ff7d4e5版本A/B/C候选', 'source': 'https://simondongxiao.github.io/odds/v4/?v=ff7d4e5'}, {'date': '2026-09-28', 'match': '日本 vs 委内瑞拉', 'score': '2-1', 'selected_team': '日本', 'settlement': '黑', 'water': 0.98, 'pnl_1u': -1.0, 'roi': -1.0, 'line': '1.75', 'action': 'V4ff7d4e5版本A/B/C候选', 'source': 'https://simondongxiao.github.io/odds/v4/?v=ff7d4e5'}, {'date': '2026-09-28', 'match': '吉尔吉斯斯坦 vs 马尔代夫', 'score': '5-0', 'selected_team': '吉尔吉斯斯坦', 'settlement': '红', 'water': 0.97, 'pnl_1u': 0.97, 'roi': 0.97, 'line': '3', 'action': 'V4ff7d4e5版本A/B/C候选', 'source': 'https://simondongxiao.github.io/odds/v4/?v=ff7d4e5'}, {'date': '2026-09-29', 'match': '斐济女足 vs 新喀里多尼亚女足', 'score': '1-0', 'selected_team': '新喀里多尼亚女足', 'settlement': '半红', 'water': 1.19, 'pnl_1u': 0.595, 'roi': 0.595, 'line': '1.25', 'action': 'V4纸面入选-C', 'source': 'https://m.titan007.com/analy/Analysis/3094943.htm'}, {'date': '2026-09-29', 'match': '美国U19(中) vs 威尔士U19', 'score': '2-0', 'selected_team': '美国U19(中)', 'settlement': '红', 'water': 0.78, 'pnl_1u': 0.78, 'roi': 0.78, 'line': '1.5', 'action': 'V4纸面入选-C', 'source': 'https://m.titan007.com/analy/Analysis/3094944.htm'}, {'date': '2026-09-29', 'match': '墨西哥(中) vs 秘鲁', 'score': '1-1', 'selected_team': '秘鲁', 'settlement': '红', 'water': 1.02, 'pnl_1u': 1.02, 'roi': 1.02, 'line': '1', 'action': 'V4纸面入选-C', 'source': 'https://m.titan007.com/analy/Analysis/3094999.htm'}, {'date': '2026-09-30', 'match': '芬兰U19 vs 德国U19', 'score': '1-2', 'selected_team': '', 'settlement': '黑', 'water': 0.82, 'pnl_1u': -1.0, 'roi': -1.0, 'line': '', 'action': 'V4纸面入选-C', 'source': 'https://m.titan007.com/analy/Analysis/3095002.htm'}, {'date': '2026-09-30', 'match': '塞舌尔 vs 斯里兰卡', 'score': '0-2', 'selected_team': '', 'settlement': '黑', 'water': 0.82, 'pnl_1u': -1.0, 'roi': -1.0, 'line': '', 'action': 'V4纸面入选-C', 'source': 'https://m.titan007.com/analy/Analysis/3096174.htm'}, {'date': '2026-09-30', 'match': '立陶宛 vs 安道尔', 'score': '3-0', 'selected_team': '立陶宛', 'settlement': '红', 'water': 0.82, 'pnl_1u': 0.82, 'roi': 0.82, 'line': '0.75', 'action': 'V4纸面入选-C', 'source': 'https://m.titan007.com/analy/Analysis/3096176.htm'}, {'date': '2026-09-30', 'match': '阿根廷 vs 玻利维亚', 'score': '4-0', 'selected_team': '', 'settlement': '红', 'water': 1.04, 'pnl_1u': 1.04, 'roi': 1.04, 'line': '', 'action': 'V4纸面入选-C', 'source': 'https://m.titan007.com/analy/Analysis/3095418.htm'}, {'date': '2026-10-01', 'match': '波兰U19 vs 哈萨克斯坦U19', 'score': '3-0', 'selected_team': '', 'settlement': '红', 'water': 0.92, 'pnl_1u': 0.92, 'roi': 0.92, 'line': '', 'action': 'V4纸面入选-C', 'source': 'https://m.titan007.com/analy/Analysis/3095233.htm'}, {'date': '2026-10-01', 'match': '法国U19 vs 土耳其U19', 'score': '2-1', 'selected_team': '', 'settlement': '红', 'water': 0.84, 'pnl_1u': 0.84, 'roi': 0.84, 'line': '', 'action': 'V4纸面入选-C', 'source': 'https://m.titan007.com/analy/Analysis/3095234.htm'}, {'date': '2026-10-01', 'match': '乌兹别克斯坦 vs 叙利亚', 'score': '4-1', 'selected_team': '乌兹别克斯坦', 'settlement': '红', 'water': 0.95, 'pnl_1u': 0.95, 'roi': 0.95, 'line': '1.5', 'action': 'V4纸面入选-C', 'source': 'https://m.titan007.com/analy/Analysis/3095240.htm'}, {'date': '2026-10-01', 'match': '卡塔尔U19 vs 爱尔兰U19', 'score': '1-1', 'selected_team': '', 'settlement': '走', 'water': 0.67, 'pnl_1u': 0.0, 'roi': 0.0, 'line': '', 'action': 'V4纸面入选-C', 'source': 'https://m.titan007.com/analy/Analysis/3095241.htm'}, {'date': '2026-10-01', 'match': '美国U20 vs 巴西U20', 'score': '0-2', 'selected_team': '巴西U20', 'settlement': '黑', 'water': 0.84, 'pnl_1u': -1.0, 'roi': -1.0, 'line': '-0.5', 'action': 'V4纸面入选-C', 'source': 'https://m.titan007.com/analy/Analysis/3095245.htm'}, {'date': '2026-10-02', 'match': '韩国 vs 委内瑞拉', 'score': '0-0', 'selected_team': '', 'settlement': '走', 'water': 0.93, 'pnl_1u': 0.0, 'roi': 0.0, 'line': '', 'action': 'V4纸面入选-C', 'source': 'https://m.titan007.com/analy/Analysis/3095568.htm'}, {'date': '2026-10-02', 'match': '哥伦比亚(中) vs 巴拉圭', 'score': '0-1', 'selected_team': '', 'settlement': '黑', 'water': 0.9, 'pnl_1u': -1.0, 'roi': -1.0, 'line': '', 'action': 'V4纸面入选-C', 'source': 'https://m.titan007.com/analy/Analysis/3095650.htm'}, {'date': '2026-10-03', 'match': '印度 vs 巴西', 'score': '0-4', 'selected_team': '印度', 'settlement': '半黑', 'water': 1.06, 'pnl_1u': -0.5, 'roi': -0.5, 'line': '-3.75', 'action': 'V4纸面入选-C', 'source': 'https://m.titan007.com/analy/Analysis/3096945.htm'}, {'date': '2026-10-03', 'match': '俄罗斯 vs 纳米比亚', 'score': '6-0', 'selected_team': '俄罗斯', 'settlement': '红', 'water': 0.85, 'pnl_1u': 0.85, 'roi': 0.85, 'line': '2.25', 'action': 'V4纸面入选-C', 'source': 'https://m.titan007.com/analy/Analysis/3096957.htm'}, {'date': '2026-10-03', 'match': '加拿大 vs 秘鲁', 'score': '2-0', 'selected_team': '加拿大', 'settlement': '红', 'water': 1.04, 'pnl_1u': 1.04, 'roi': 1.04, 'line': '1', 'action': 'V4纸面入选-C', 'source': 'https://m.titan007.com/analy/Analysis/3096091.htm'}, {'date': '2026-10-03', 'match': '科特迪瓦 vs 喀麦隆', 'score': '0-1', 'selected_team': '科特迪瓦', 'settlement': '黑', 'water': 1.02, 'pnl_1u': -1.0, 'roi': -1.0, 'line': '0.75', 'action': 'V4纸面入选-C', 'source': 'https://m.titan007.com/analy/Analysis/3096089.htm'}, {'date': '2026-10-04', 'match': '巴西U20 vs 墨西哥U20', 'score': '4-0', 'selected_team': '巴西U20', 'settlement': '红', 'water': 0.98, 'pnl_1u': 0.98, 'roi': 0.98, 'line': '0.5', 'action': 'V4纸面入选-C', 'source': 'https://m.titan007.com/analy/Analysis/3096443.htm'}, {'date': '2026-10-04', 'match': '丹麦U20 vs 美国U20', 'score': '3-3', 'selected_team': '丹麦U20', 'settlement': '半红', 'water': 0.9, 'pnl_1u': 0.45, 'roi': 0.45, 'line': '-0.25', 'action': 'V4纸面入选-C', 'source': 'https://m.titan007.com/analy/Analysis/3096449.htm'}, {'date': '2026-10-04', 'match': '埃及 vs 南非', 'score': '0-1', 'selected_team': '埃及', 'settlement': '黑', 'water': 0.79, 'pnl_1u': -1.0, 'roi': -1.0, 'line': '0.5', 'action': 'V4纸面入选-C', 'source': 'https://m.titan007.com/analy/Analysis/3097227.htm'}, {'date': '2026-10-04', 'match': '摩洛哥 vs 马里', 'score': '1-1', 'selected_team': '摩洛哥', 'settlement': '黑', 'water': 0.9, 'pnl_1u': -1.0, 'roi': -1.0, 'line': '1.25', 'action': 'V4纸面入选-C', 'source': 'https://m.titan007.com/analy/Analysis/3097230.htm'}, {'date': '2026-10-05', 'match': '巴拿马 vs 厄瓜多尔', 'score': '1-1', 'selected_team': '巴拿马', 'settlement': '红', 'water': 0.99, 'pnl_1u': 0.99, 'roi': 0.99, 'line': '-0.75', 'action': 'V4纸面入选-C', 'source': 'https://m.titan007.com/analy/Analysis/3097300.htm'}, {'date': '2026-10-05', 'match': '日本 vs 新西兰', 'score': '2-1', 'selected_team': '日本', 'settlement': '黑', 'water': 1, 'pnl_1u': -1.0, 'roi': -1.0, 'line': '2', 'action': 'V4纸面入选-C', 'source': 'https://m.titan007.com/analy/Analysis/3097301.htm'}, {'date': '2026-10-05', 'match': '英格兰U19 vs 比利时U19', 'score': '0-1', 'selected_team': '英格兰U19', 'settlement': '黑', 'water': 0.85, 'pnl_1u': -1.0, 'roi': -1.0, 'line': '1.25', 'action': 'V4纸面入选-C', 'source': 'https://m.titan007.com/analy/Analysis/3097293.htm'}, {'date': '2026-10-05', 'match': '乌干达 vs 刚果民主共和国', 'score': '1-1', 'selected_team': '乌干达', 'settlement': '红', 'water': 0.95, 'pnl_1u': 0.95, 'roi': 0.95, 'line': '-0.5', 'action': 'V4纸面入选-C', 'source': 'https://m.titan007.com/analy/Analysis/3097741.htm'}, {'date': '2026-10-05', 'match': '黑山U19 vs 以色列U19', 'score': '0-1', 'selected_team': '黑山U19', 'settlement': '黑', 'water': 0.78, 'pnl_1u': -1.0, 'roi': -1.0, 'line': '-0.5', 'action': 'V4纸面入选-C', 'source': 'https://m.titan007.com/analy/Analysis/3097742.htm'}, {'date': '2026-10-05', 'match': '格鲁吉亚U19 vs 拉脱维亚U19', 'score': '1-1', 'selected_team': '', 'settlement': '走', 'water': 0.75, 'pnl_1u': 0.0, 'roi': 0.0, 'line': '', 'action': 'V4纸面入选-C', 'source': 'https://m.titan007.com/analy/Analysis/3097745.htm'}, {'date': '2026-10-05', 'match': '塞尔维亚U21 vs 俄罗斯U21', 'score': '2-1', 'selected_team': '塞尔维亚U21', 'settlement': '红', 'water': 0.8, 'pnl_1u': 0.8, 'roi': 0.8, 'line': '-0.25', 'action': 'V4纸面入选-C', 'source': 'https://m.titan007.com/analy/Analysis/3097747.htm'}, {'date': '2026-10-06', 'match': '沙特阿拉伯U20 vs 亚美尼亚U20', 'score': '0-0', 'selected_team': '沙特阿拉伯U20', 'settlement': '黑', 'water': 1, 'pnl_1u': -1.0, 'roi': -1.0, 'line': '1.25', 'action': 'V4纸面入选-C', 'source': 'https://m.titan007.com/analy/Analysis/3097372.htm'}, {'date': '2026-10-06', 'match': '韩国 vs 乌兹别克斯坦', 'score': '2-0', 'selected_team': '韩国', 'settlement': '红', 'water': 0.94, 'pnl_1u': 0.94, 'roi': 0.94, 'line': '0.75', 'action': 'V4纸面入选-C', 'source': 'https://m.titan007.com/analy/Analysis/3097375.htm'}, {'date': '2026-10-06', 'match': '中国 vs 塔吉克斯坦', 'score': '0-1', 'selected_team': '中国', 'settlement': '黑', 'water': 1, 'pnl_1u': -1.0, 'roi': -1.0, 'line': '0.75', 'action': 'V4纸面入选-C', 'source': 'https://m.titan007.com/analy/Analysis/3091499.htm'}, {'date': '2026-10-06', 'match': '葡萄牙U19 vs 奥地利U19', 'score': '4-0', 'selected_team': '葡萄牙U19', 'settlement': '红', 'water': 0.87, 'pnl_1u': 0.87, 'roi': 0.87, 'line': '0.5', 'action': 'V4纸面入选-C', 'source': 'https://m.titan007.com/analy/Analysis/3097381.htm'}, {'date': '2026-10-06', 'match': '印度(中) vs 乌拉圭', 'score': '1-6', 'selected_team': '印度(中)', 'settlement': '黑', 'water': 0.91, 'pnl_1u': -1.0, 'roi': -1.0, 'line': '-3.5', 'action': 'V4纸面入选-C', 'source': 'https://m.titan007.com/analy/Analysis/3097388.htm'}, {'date': '2026-10-06', 'match': '俄罗斯 vs 尼日利亚', 'score': '3-3', 'selected_team': '俄罗斯', 'settlement': '黑', 'water': 0.91, 'pnl_1u': -1.0, 'roi': -1.0, 'line': '1', 'action': 'V4纸面入选-C', 'source': 'https://m.titan007.com/analy/Analysis/3097390.htm'}, {'date': '2026-10-06', 'match': '约旦 vs 委内瑞拉', 'score': '0-0', 'selected_team': '', 'settlement': '走', 'water': 0.89, 'pnl_1u': 0.0, 'roi': 0.0, 'line': '', 'action': 'V4纸面入选-C', 'source': 'https://m.titan007.com/analy/Analysis/3097384.htm'}, {'date': '2026-10-06', 'match': '阿尔及利亚 vs 尼日尔', 'score': '2-1', 'selected_team': '阿尔及利亚', 'settlement': '黑', 'water': 0.87, 'pnl_1u': -1.0, 'roi': -1.0, 'line': '1.75', 'action': 'V4纸面入选-C', 'source': 'https://m.titan007.com/analy/Analysis/3097385.htm'}, {'date': '2026-10-06', 'match': '阿根廷(中) vs 贝宁', 'score': '0-0', 'selected_team': '贝宁', 'settlement': '红', 'water': 0.87, 'pnl_1u': 0.87, 'roi': 0.87, 'line': '4.5', 'action': 'V4纸面入选-C', 'source': 'https://m.titan007.com/analy/Analysis/3097387.htm'}, {'date': '2026-10-06', 'match': '哥伦比亚(中) vs 秘鲁', 'score': '0-0', 'selected_team': '哥伦比亚(中)', 'settlement': '黑', 'water': 0.9, 'pnl_1u': -1.0, 'roi': -1.0, 'line': '1.25', 'action': 'V4纸面入选-C', 'source': 'https://m.titan007.com/analy/Analysis/3097386.htm'}, {'date': '2026-10-06', 'match': '美国(中) vs 加拿大', 'score': '1-0', 'selected_team': '美国(中)', 'settlement': '红', 'water': 0.8, 'pnl_1u': 0.8, 'roi': 0.8, 'line': '0.5', 'action': 'V4纸面入选-C', 'source': 'https://m.titan007.com/analy/Analysis/3097883.htm'}, {'date': '2026-10-07', 'match': '墨西哥(中) vs 智利', 'score': '0-2', 'selected_team': '墨西哥(中)', 'settlement': '黑', 'water': 1, 'pnl_1u': -1.0, 'roi': -1.0, 'line': '1', 'action': 'V4纸面入选-C', 'source': 'https://m.titan007.com/analy/Analysis/3097882.htm'}]"
V4,2026-10-09,3100335,国际友谊,时间待核,黑山女足 vs 波黑女足,,,53,24,2,5,2,20,0.54347826,2.355,0.04443396,53,,,list_date < 2026-10-09,"[{'date': '2026-09-21', 'match': '多米尼克 vs 安圭拉', 'score': '1-0', 'selected_team': '多米尼克', 'settlement': '红', 'water': 0.93, 'pnl_1u': 0.93, 'roi': 0.93, 'line': '-2', 'action': 'V4最新页面A/B/C候选', 'source': 'https://www.titan007.com/'}, {'date': '2026-09-23', 'match': '秘鲁U19 vs 阿根廷U19', 'score': '0-1', 'selected_team': '秘鲁U19', 'settlement': '走', 'water': 0.96, 'pnl_1u': 0.0, 'roi': 0.0, 'line': '-1', 'action': 'V4最新页面A/B/C候选', 'source': 'https://simondongxiao.github.io/odds/v4/'}, {'date': '2026-09-24', 'match': '韩国 vs 厄瓜多尔', 'score': '3-0', 'selected_team': '韩国', 'settlement': '红', 'water': 1.05, 'pnl_1u': 1.05, 'roi': 1.05, 'line': '0.25', 'action': 'V4最新页面A/B/C候选', 'source': 'https://simondongxiao.github.io/odds/v4/'}, {'date': '2026-09-25', 'match': '澳大利亚 vs 巴西', 'score': '1-1', 'selected_team': '巴西', 'settlement': '黑', 'water': 0.81, 'pnl_1u': -1.0, 'roi': -1.0, 'line': '-1.5', 'action': 'V4最新页面A/B/C候选', 'source': 'https://simondongxiao.github.io/odds/v4/'}, {'date': '2026-09-26', 'match': '美国 vs 秘鲁', 'score': '4-1', 'selected_team': '秘鲁', 'settlement': '黑', 'water': 0.93, 'pnl_1u': -1.0, 'roi': -1.0, 'line': '1', 'action': 'V4最新页面A/B/C候选', 'source': 'https://simondongxiao.github.io/odds/v4/'}, {'date': '2026-09-27', 'match': '中国 vs 新西兰', 'score': '0-3', 'selected_team': '新西兰', 'settlement': '红', 'water': 1.03, 'pnl_1u': 1.03, 'roi': 1.03, 'line': '-0.25', 'action': 'V4最新页面A/B/C候选', 'source': 'https://simondongxiao.github.io/odds/v4/'}, {'date': '2026-09-27', 'match': '德国U19(中) vs 乌克兰U19', 'score': '0-0', 'selected_team': '乌克兰U19', 'settlement': '红', 'water': 0.95, 'pnl_1u': 0.95, 'roi': 0.95, 'line': '1', 'action': 'V4最新页面A/B/C候选', 'source': 'https://simondongxiao.github.io/odds/v4/'}, {'date': '2026-09-27', 'match': '约旦 vs 叙利亚', 'score': '1-1', 'selected_team': '叙利亚', 'settlement': '红', 'water': 0.94, 'pnl_1u': 0.94, 'roi': 0.94, 'line': '1', 'action': 'V4最新页面A/B/C候选', 'source': 'https://simondongxiao.github.io/odds/v4/'}, {'date': '2026-09-27', 'match': '玻利维亚(中) vs 巴拉圭', 'score': '0-2', 'selected_team': '巴拉圭', 'settlement': '红', 'water': 0.98, 'pnl_1u': 0.98, 'roi': 0.98, 'line': '-1.25', 'action': 'V4最新页面A/B/C候选', 'source': 'https://simondongxiao.github.io/odds/v4/'}, {'date': '2026-09-28', 'match': '哈萨克斯坦U19 vs 瑞士U19', 'score': '1-2', 'selected_team': '哈萨克斯坦U19', 'settlement': '半黑', 'water': 1.07, 'pnl_1u': -0.5, 'roi': -0.5, 'line': '-0.75', 'action': 'V4ff7d4e5版本A/B/C候选', 'source': 'https://simondongxiao.github.io/odds/v4/?v=ff7d4e5'}, {'date': '2026-09-28', 'match': '日本 vs 委内瑞拉', 'score': '2-1', 'selected_team': '日本', 'settlement': '黑', 'water': 0.98, 'pnl_1u': -1.0, 'roi': -1.0, 'line': '1.75', 'action': 'V4ff7d4e5版本A/B/C候选', 'source': 'https://simondongxiao.github.io/odds/v4/?v=ff7d4e5'}, {'date': '2026-09-28', 'match': '吉尔吉斯斯坦 vs 马尔代夫', 'score': '5-0', 'selected_team': '吉尔吉斯斯坦', 'settlement': '红', 'water': 0.97, 'pnl_1u': 0.97, 'roi': 0.97, 'line': '3', 'action': 'V4ff7d4e5版本A/B/C候选', 'source': 'https://simondongxiao.github.io/odds/v4/?v=ff7d4e5'}, {'date': '2026-09-29', 'match': '斐济女足 vs 新喀里多尼亚女足', 'score': '1-0', 'selected_team': '新喀里多尼亚女足', 'settlement': '半红', 'water': 1.19, 'pnl_1u': 0.595, 'roi': 0.595, 'line': '1.25', 'action': 'V4纸面入选-C', 'source': 'https://m.titan007.com/analy/Analysis/3094943.htm'}, {'date': '2026-09-29', 'match': '美国U19(中) vs 威尔士U19', 'score': '2-0', 'selected_team': '美国U19(中)', 'settlement': '红', 'water': 0.78, 'pnl_1u': 0.78, 'roi': 0.78, 'line': '1.5', 'action': 'V4纸面入选-C', 'source': 'https://m.titan007.com/analy/Analysis/3094944.htm'}, {'date': '2026-09-29', 'match': '墨西哥(中) vs 秘鲁', 'score': '1-1', 'selected_team': '秘鲁', 'settlement': '红', 'water': 1.02, 'pnl_1u': 1.02, 'roi': 1.02, 'line': '1', 'action': 'V4纸面入选-C', 'source': 'https://m.titan007.com/analy/Analysis/3094999.htm'}, {'date': '2026-09-30', 'match': '芬兰U19 vs 德国U19', 'score': '1-2', 'selected_team': '', 'settlement': '黑', 'water': 0.82, 'pnl_1u': -1.0, 'roi': -1.0, 'line': '', 'action': 'V4纸面入选-C', 'source': 'https://m.titan007.com/analy/Analysis/3095002.htm'}, {'date': '2026-09-30', 'match': '塞舌尔 vs 斯里兰卡', 'score': '0-2', 'selected_team': '', 'settlement': '黑', 'water': 0.82, 'pnl_1u': -1.0, 'roi': -1.0, 'line': '', 'action': 'V4纸面入选-C', 'source': 'https://m.titan007.com/analy/Analysis/3096174.htm'}, {'date': '2026-09-30', 'match': '立陶宛 vs 安道尔', 'score': '3-0', 'selected_team': '立陶宛', 'settlement': '红', 'water': 0.82, 'pnl_1u': 0.82, 'roi': 0.82, 'line': '0.75', 'action': 'V4纸面入选-C', 'source': 'https://m.titan007.com/analy/Analysis/3096176.htm'}, {'date': '2026-09-30', 'match': '阿根廷 vs 玻利维亚', 'score': '4-0', 'selected_team': '', 'settlement': '红', 'water': 1.04, 'pnl_1u': 1.04, 'roi': 1.04, 'line': '', 'action': 'V4纸面入选-C', 'source': 'https://m.titan007.com/analy/Analysis/3095418.htm'}, {'date': '2026-10-01', 'match': '波兰U19 vs 哈萨克斯坦U19', 'score': '3-0', 'selected_team': '', 'settlement': '红', 'water': 0.92, 'pnl_1u': 0.92, 'roi': 0.92, 'line': '', 'action': 'V4纸面入选-C', 'source': 'https://m.titan007.com/analy/Analysis/3095233.htm'}, {'date': '2026-10-01', 'match': '法国U19 vs 土耳其U19', 'score': '2-1', 'selected_team': '', 'settlement': '红', 'water': 0.84, 'pnl_1u': 0.84, 'roi': 0.84, 'line': '', 'action': 'V4纸面入选-C', 'source': 'https://m.titan007.com/analy/Analysis/3095234.htm'}, {'date': '2026-10-01', 'match': '乌兹别克斯坦 vs 叙利亚', 'score': '4-1', 'selected_team': '乌兹别克斯坦', 'settlement': '红', 'water': 0.95, 'pnl_1u': 0.95, 'roi': 0.95, 'line': '1.5', 'action': 'V4纸面入选-C', 'source': 'https://m.titan007.com/analy/Analysis/3095240.htm'}, {'date': '2026-10-01', 'match': '卡塔尔U19 vs 爱尔兰U19', 'score': '1-1', 'selected_team': '', 'settlement': '走', 'water': 0.67, 'pnl_1u': 0.0, 'roi': 0.0, 'line': '', 'action': 'V4纸面入选-C', 'source': 'https://m.titan007.com/analy/Analysis/3095241.htm'}, {'date': '2026-10-01', 'match': '美国U20 vs 巴西U20', 'score': '0-2', 'selected_team': '巴西U20', 'settlement': '黑', 'water': 0.84, 'pnl_1u': -1.0, 'roi': -1.0, 'line': '-0.5', 'action': 'V4纸面入选-C', 'source': 'https://m.titan007.com/analy/Analysis/3095245.htm'}, {'date': '2026-10-02', 'match': '韩国 vs 委内瑞拉', 'score': '0-0', 'selected_team': '', 'settlement': '走', 'water': 0.93, 'pnl_1u': 0.0, 'roi': 0.0, 'line': '', 'action': 'V4纸面入选-C', 'source': 'https://m.titan007.com/analy/Analysis/3095568.htm'}, {'date': '2026-10-02', 'match': '哥伦比亚(中) vs 巴拉圭', 'score': '0-1', 'selected_team': '', 'settlement': '黑', 'water': 0.9, 'pnl_1u': -1.0, 'roi': -1.0, 'line': '', 'action': 'V4纸面入选-C', 'source': 'https://m.titan007.com/analy/Analysis/3095650.htm'}, {'date': '2026-10-03', 'match': '印度 vs 巴西', 'score': '0-4', 'selected_team': '印度', 'settlement': '半黑', 'water': 1.06, 'pnl_1u': -0.5, 'roi': -0.5, 'line': '-3.75', 'action': 'V4纸面入选-C', 'source': 'https://m.titan007.com/analy/Analysis/3096945.htm'}, {'date': '2026-10-03', 'match': '俄罗斯 vs 纳米比亚', 'score': '6-0', 'selected_team': '俄罗斯', 'settlement': '红', 'water': 0.85, 'pnl_1u': 0.85, 'roi': 0.85, 'line': '2.25', 'action': 'V4纸面入选-C', 'source': 'https://m.titan007.com/analy/Analysis/3096957.htm'}, {'date': '2026-10-03', 'match': '加拿大 vs 秘鲁', 'score': '2-0', 'selected_team': '加拿大', 'settlement': '红', 'water': 1.04, 'pnl_1u': 1.04, 'roi': 1.04, 'line': '1', 'action': 'V4纸面入选-C', 'source': 'https://m.titan007.com/analy/Analysis/3096091.htm'}, {'date': '2026-10-03', 'match': '科特迪瓦 vs 喀麦隆', 'score': '0-1', 'selected_team': '科特迪瓦', 'settlement': '黑', 'water': 1.02, 'pnl_1u': -1.0, 'roi': -1.0, 'line': '0.75', 'action': 'V4纸面入选-C', 'source': 'https://m.titan007.com/analy/Analysis/3096089.htm'}, {'date': '2026-10-04', 'match': '巴西U20 vs 墨西哥U20', 'score': '4-0', 'selected_team': '巴西U20', 'settlement': '红', 'water': 0.98, 'pnl_1u': 0.98, 'roi': 0.98, 'line': '0.5', 'action': 'V4纸面入选-C', 'source': 'https://m.titan007.com/analy/Analysis/3096443.htm'}, {'date': '2026-10-04', 'match': '丹麦U20 vs 美国U20', 'score': '3-3', 'selected_team': '丹麦U20', 'settlement': '半红', 'water': 0.9, 'pnl_1u': 0.45, 'roi': 0.45, 'line': '-0.25', 'action': 'V4纸面入选-C', 'source': 'https://m.titan007.com/analy/Analysis/3096449.htm'}, {'date': '2026-10-04', 'match': '埃及 vs 南非', 'score': '0-1', 'selected_team': '埃及', 'settlement': '黑', 'water': 0.79, 'pnl_1u': -1.0, 'roi': -1.0, 'line': '0.5', 'action': 'V4纸面入选-C', 'source': 'https://m.titan007.com/analy/Analysis/3097227.htm'}, {'date': '2026-10-04', 'match': '摩洛哥 vs 马里', 'score': '1-1', 'selected_team': '摩洛哥', 'settlement': '黑', 'water': 0.9, 'pnl_1u': -1.0, 'roi': -1.0, 'line': '1.25', 'action': 'V4纸面入选-C', 'source': 'https://m.titan007.com/analy/Analysis/3097230.htm'}, {'date': '2026-10-05', 'match': '巴拿马 vs 厄瓜多尔', 'score': '1-1', 'selected_team': '巴拿马', 'settlement': '红', 'water': 0.99, 'pnl_1u': 0.99, 'roi': 0.99, 'line': '-0.75', 'action': 'V4纸面入选-C', 'source': 'https://m.titan007.com/analy/Analysis/3097300.htm'}, {'date': '2026-10-05', 'match': '日本 vs 新西兰', 'score': '2-1', 'selected_team': '日本', 'settlement': '黑', 'water': 1, 'pnl_1u': -1.0, 'roi': -1.0, 'line': '2', 'action': 'V4纸面入选-C', 'source': 'https://m.titan007.com/analy/Analysis/3097301.htm'}, {'date': '2026-10-05', 'match': '英格兰U19 vs 比利时U19', 'score': '0-1', 'selected_team': '英格兰U19', 'settlement': '黑', 'water': 0.85, 'pnl_1u': -1.0, 'roi': -1.0, 'line': '1.25', 'action': 'V4纸面入选-C', 'source': 'https://m.titan007.com/analy/Analysis/3097293.htm'}, {'date': '2026-10-05', 'match': '乌干达 vs 刚果民主共和国', 'score': '1-1', 'selected_team': '乌干达', 'settlement': '红', 'water': 0.95, 'pnl_1u': 0.95, 'roi': 0.95, 'line': '-0.5', 'action': 'V4纸面入选-C', 'source': 'https://m.titan007.com/analy/Analysis/3097741.htm'}, {'date': '2026-10-05', 'match': '黑山U19 vs 以色列U19', 'score': '0-1', 'selected_team': '黑山U19', 'settlement': '黑', 'water': 0.78, 'pnl_1u': -1.0, 'roi': -1.0, 'line': '-0.5', 'action': 'V4纸面入选-C', 'source': 'https://m.titan007.com/analy/Analysis/3097742.htm'}, {'date': '2026-10-05', 'match': '格鲁吉亚U19 vs 拉脱维亚U19', 'score': '1-1', 'selected_team': '', 'settlement': '走', 'water': 0.75, 'pnl_1u': 0.0, 'roi': 0.0, 'line': '', 'action': 'V4纸面入选-C', 'source': 'https://m.titan007.com/analy/Analysis/3097745.htm'}, {'date': '2026-10-05', 'match': '塞尔维亚U21 vs 俄罗斯U21', 'score': '2-1', 'selected_team': '塞尔维亚U21', 'settlement': '红', 'water': 0.8, 'pnl_1u': 0.8, 'roi': 0.8, 'line': '-0.25', 'action': 'V4纸面入选-C', 'source': 'https://m.titan007.com/analy/Analysis/3097747.htm'}, {'date': '2026-10-06', 'match': '沙特阿拉伯U20 vs 亚美尼亚U20', 'score': '0-0', 'selected_team': '沙特阿拉伯U20', 'settlement': '黑', 'water': 1, 'pnl_1u': -1.0, 'roi': -1.0, 'line': '1.25', 'action': 'V4纸面入选-C', 'source': 'https://m.titan007.com/analy/Analysis/3097372.htm'}, {'date': '2026-10-06', 'match': '韩国 vs 乌兹别克斯坦', 'score': '2-0', 'selected_team': '韩国', 'settlement': '红', 'water': 0.94, 'pnl_1u': 0.94, 'roi': 0.94, 'line': '0.75', 'action': 'V4纸面入选-C', 'source': 'https://m.titan007.com/analy/Analysis/3097375.htm'}, {'date': '2026-10-06', 'match': '中国 vs 塔吉克斯坦', 'score': '0-1', 'selected_team': '中国', 'settlement': '黑', 'water': 1, 'pnl_1u': -1.0, 'roi': -1.0, 'line': '0.75', 'action': 'V4纸面入选-C', 'source': 'https://m.titan007.com/analy/Analysis/3091499.htm'}, {'date': '2026-10-06', 'match': '葡萄牙U19 vs 奥地利U19', 'score': '4-0', 'selected_team': '葡萄牙U19', 'settlement': '红', 'water': 0.87, 'pnl_1u': 0.87, 'roi': 0.87, 'line': '0.5', 'action': 'V4纸面入选-C', 'source': 'https://m.titan007.com/analy/Analysis/3097381.htm'}, {'date': '2026-10-06', 'match': '印度(中) vs 乌拉圭', 'score': '1-6', 'selected_team': '印度(中)', 'settlement': '黑', 'water': 0.91, 'pnl_1u': -1.0, 'roi': -1.0, 'line': '-3.5', 'action': 'V4纸面入选-C', 'source': 'https://m.titan007.com/analy/Analysis/3097388.htm'}, {'date': '2026-10-06', 'match': '俄罗斯 vs 尼日利亚', 'score': '3-3', 'selected_team': '俄罗斯', 'settlement': '黑', 'water': 0.91, 'pnl_1u': -1.0, 'roi': -1.0, 'line': '1', 'action': 'V4纸面入选-C', 'source': 'https://m.titan007.com/analy/Analysis/3097390.htm'}, {'date': '2026-10-06', 'match': '约旦 vs 委内瑞拉', 'score': '0-0', 'selected_team': '', 'settlement': '走', 'water': 0.89, 'pnl_1u': 0.0, 'roi': 0.0, 'line': '', 'action': 'V4纸面入选-C', 'source': 'https://m.titan007.com/analy/Analysis/3097384.htm'}, {'date': '2026-10-06', 'match': '阿尔及利亚 vs 尼日尔', 'score': '2-1', 'selected_team': '阿尔及利亚', 'settlement': '黑', 'water': 0.87, 'pnl_1u': -1.0, 'roi': -1.0, 'line': '1.75', 'action': 'V4纸面入选-C', 'source': 'https://m.titan007.com/analy/Analysis/3097385.htm'}, {'date': '2026-10-06', 'match': '阿根廷(中) vs 贝宁', 'score': '0-0', 'selected_team': '贝宁', 'settlement': '红', 'water': 0.87, 'pnl_1u': 0.87, 'roi': 0.87, 'line': '4.5', 'action': 'V4纸面入选-C', 'source': 'https://m.titan007.com/analy/Analysis/3097387.htm'}, {'date': '2026-10-06', 'match': '哥伦比亚(中) vs 秘鲁', 'score': '0-0', 'selected_team': '哥伦比亚(中)', 'settlement': '黑', 'water': 0.9, 'pnl_1u': -1.0, 'roi': -1.0, 'line': '1.25', 'action': 'V4纸面入选-C', 'source': 'https://m.titan007.com/analy/Analysis/3097386.htm'}, {'date': '2026-10-06', 'match': '美国(中) vs 加拿大', 'score': '1-0', 'selected_team': '美国(中)', 'settlement': '红', 'water': 0.8, 'pnl_1u': 0.8, 'roi': 0.8, 'line': '0.5', 'action': 'V4纸面入选-C', 'source': 'https://m.titan007.com/analy/Analysis/3097883.htm'}, {'date': '2026-10-07', 'match': '墨西哥(中) vs 智利', 'score': '0-2', 'selected_team': '墨西哥(中)', 'settlement': '黑', 'water': 1, 'pnl_1u': -1.0, 'roi': -1.0, 'line': '1', 'action': 'V4纸面入选-C', 'source': 'https://m.titan007.com/analy/Analysis/3097882.htm'}]"
V4,2026-10-09,3008857,捷U19,时间待核,布拉格斯拉维亚U19 vs 史洛特U19,,,1,1,0,0,0,0,1.0,0.93,0.93,1,,,list_date < 2026-10-09,"[{'date': '2026-10-03', 'match': '史洛特U19 vs 般奴U19', 'score': '3-0', 'selected_team': '', 'settlement': '红', 'water': 0.93, 'pnl_1u': 0.93, 'roi': 0.93, 'line': '', 'action': 'V4纸面入选-C', 'source': 'https://m.titan007.com/analy/Analysis/3008848.htm'}]"
V4,2026-10-09,3008858,捷U19,时间待核,布拉格斯巴达U19 vs 奥帕华U19,,,1,1,0,0,0,0,1.0,0.93,0.93,1,,,list_date < 2026-10-09,"[{'date': '2026-10-03', 'match': '史洛特U19 vs 般奴U19', 'score': '3-0', 'selected_team': '', 'settlement': '红', 'water': 0.93, 'pnl_1u': 0.93, 'roi': 0.93, 'line': '', 'action': 'V4纸面入选-C', 'source': 'https://m.titan007.com/analy/Analysis/3008848.htm'}]"
V4,2026-10-09,3074647,以乙北,时间待核,哈帕拉奥伊罗 vs 伊胡德格布内,,,0,0,0,0,0,0,,,,0,,,list_date < 2026-10-09,[]
V4,2026-10-09,3091808,孟加拉联,时间待核,巴斯顺达拉国王 vs 达卡流浪者,,,0,0,0,0,0,0,,,,0,,,list_date < 2026-10-09,[]
V4,2026-10-09,3098078,阿塞甲,时间待核,莫克 vs 埃涅尔格提克,,,0,0,0,0,0,0,,,,0,,,list_date < 2026-10-09,[]
V4,2026-10-09,3098079,阿塞甲,时间待核,西马尔 vs 卡拉巴格汉肯迪,,,0,0,0,0,0,0,,,,0,,,list_date < 2026-10-09,[]
V4,2026-10-09,2944815,中超,时间待核,深圳新鹏城 vs 河南队,深圳新鹏城,receiving,0,0,0,0,0,0,,,,0,,,list_date < 2026-10-09,[]
V4,2026-10-09,2944819,中超,时间待核,青岛海牛 vs 北京国安,青岛海牛,receiving,0,0,0,0,0,0,,,,0,,,list_date < 2026-10-09,[]
V4,2026-10-09,3045558,湘超,时间待核,长沙队 vs 株洲队,,,0,0,0,0,0,0,,,,0,,,list_date < 2026-10-09,[]
V4,2026-10-09,3045559,湘超,时间待核,怀化队 vs 常德队,,,0,0,0,0,0,0,,,,0,,,list_date < 2026-10-09,[]
V4,2026-10-09,2944816,中超,时间待核,浙江俱乐部绿城 vs 上海海港,,,0,0,0,0,0,0,,,,0,,,list_date < 2026-10-09,[]
V4,2026-10-09,3100213,叙利亚甲,时间待核,大马士革阿赫利 vs 福托瓦,,,0,0,0,0,0,0,,,,0,,,list_date < 2026-10-09,[]
V4,2026-10-09,3100215,叙利亚甲,时间待核,霍姆斯阿尔菲达 vs 拉塔基亚哈丁,,,0,0,0,0,0,0,,,,0,,,list_date < 2026-10-09,[]
V4,2026-10-09,3100283,叙利亚甲,时间待核,那瓦艾勒 vs 阿尔贾伊什,,,0,0,0,0,0,0,,,,0,,,list_date < 2026-10-09,[]
V4,2026-10-09,3098392,黎巴联,时间待核,特拉布雷斯 vs 阿尔阿希德,,,0,0,0,0,0,0,,,,0,,,list_date < 2026-10-09,[]
V4,2026-10-09,3041570,阿塞超,时间待核,纳希切万 vs 卡帕兹PFK,,,3,0,0,0,1,2,0.0,-2.5,-0.83333333,3,,,list_date < 2026-10-09,"[{'date': '2026-09-18', 'match': '卡巴拉 vs 内弗特奇', 'score': '0-3', 'selected_team': '卡巴拉', 'settlement': '黑', 'water': 0.98, 'pnl_1u': -1.0, 'roi': -1.0, 'line': '-1', 'action': 'V4纸面入选-C', 'source': 'https://zq.titan007.com/analysis/3041559cn.htm'}, {'date': '2026-09-19', 'match': '萨巴赫 vs 穆格汗', 'score': '3-1', 'selected_team': '萨巴赫', 'settlement': '半黑', 'water': 0.85, 'pnl_1u': -0.5, 'roi': -0.5, 'line': '2.25', 'action': 'V4纸面入选-C', 'source': 'https://zq.titan007.com/analysis/3041562cn.htm'}, {'date': '2026-09-20', 'match': '沙马基 vs 纳希切万', 'score': '2-1', 'selected_team': '纳希切万', 'settlement': '黑', 'water': 1.04, 'pnl_1u': -1.0, 'roi': -1.0, 'line': '0.25', 'action': 'V4纸面入选-C', 'source': 'https://zq.titan007.com/analysis/3041564cn.htm'}]"
V4,2026-10-09,3049324,香港超,时间待核,东方体育会 vs 北区,,,0,0,0,0,0,0,,,,0,,,list_date < 2026-10-09,[]
V4,2026-10-09,3062850,印尼超,时间待核,伊森穆朗 vs 帕尔斯巴亚,,,4,1,0,2,0,1,0.5,-0.11,-0.0275,4,,,list_date < 2026-10-09,"[{'date': '2026-09-19', 'match': '帕尔斯巴亚 vs 加鲁达亚克萨', 'score': '1-1', 'selected_team': '帕尔斯巴亚', 'settlement': '黑', 'water': 0.92, 'pnl_1u': -1.0, 'roi': -1.0, 'line': '1.5', 'action': 'V4纸面入选-C', 'source': 'https://zq.titan007.com/analysis/3062842cn.htm'}, {'date': '2026-09-19', 'match': '巴杨卡拉泗水联 vs 伊森穆朗', 'score': '2-0', 'selected_team': '巴杨卡拉泗水联', 'settlement': '红', 'water': 0.89, 'pnl_1u': 0.89, 'roi': 0.89, 'line': '1.5', 'action': 'V4纸面入选-C', 'source': 'https://zq.titan007.com/analysis/3062844cn.htm'}, {'date': '2026-09-20', 'match': '德瓦FC vs 斯乐门', 'score': '2-1', 'selected_team': '斯乐门', 'settlement': '走', 'water': 1.01, 'pnl_1u': 0.0, 'roi': 0.0, 'line': '1', 'action': 'V4纸面入选-C', 'source': 'https://zq.titan007.com/analysis/3062847cn.htm'}, {'date': '2026-09-20', 'match': '杰帕拉 vs 万隆', 'score': '1-2', 'selected_team': '杰帕拉', 'settlement': '走', 'water': 1, 'pnl_1u': 0.0, 'roi': 0.0, 'line': '-1', 'action': 'V4纸面入选-C', 'source': 'https://zq.titan007.com/analysis/3062848cn.htm'}]"
V4,2026-10-09,3074651,以乙北,时间待核,马卡比艾哈迈德 vs 夏普尔布内慕斯慕斯,,,0,0,0,0,0,0,,,,0,,,list_date < 2026-10-09,[]
V4,2026-10-09,3099574,土U19联,时间待核,加拉塔沙雷U19 vs 卡斯帕萨U19,,,0,0,0,0,0,0,,,,0,,,list_date < 2026-10-09,[]
V4,2026-10-09,3087896,匈U19,时间待核,艾卡迪麻亚U19 vs 维迪奥顿U19,,,0,0,0,0,0,0,,,,0,,,list_date < 2026-10-09,[]
V4,2026-10-09,3022969,摩尔乙,时间待核,FCM温格内 vs 森布鲁B队,,,0,0,0,0,0,0,,,,0,,,list_date < 2026-10-09,[]
V4,2026-10-09,3022971,摩尔乙,时间待核,勇敢老鹰 vs 加高兹亚,,,0,0,0,0,0,0,,,,0,,,list_date < 2026-10-09,[]
V4,2026-10-09,3023015,摩尔乙,时间待核,奥古斯波特 vs 斯特乌切尼,,,0,0,0,0,0,0,,,,0,,,list_date < 2026-10-09,[]
V4,2026-10-09,3047504,泰甲,时间待核,帕府联合 vs DP北碧,,,0,0,0,0,0,0,,,,0,,,list_date < 2026-10-09,[]
V4,2026-10-09,3086201,印尼甲,时间待核,三宝珑 vs 普斯拉加艾瑟,,,9,3,0,0,1,5,0.35294118,-2.76,-0.30666667,9,严重：历史有效胜率<45%,严重：历史有效胜率<45%,list_date < 2026-10-09,"[{'date': '2026-09-19', 'match': '巴厘巴板 vs 帕森拉', 'score': '0-1', 'selected_team': '巴厘巴板', 'settlement': '黑', 'water': 1.03, 'pnl_1u': -1.0, 'roi': -1.0, 'line': '-0.25', 'action': 'V4纸面入选-C', 'source': 'https://zq.titan007.com/analysis/3086175cn.htm'}, {'date': '2026-09-27', 'match': '努萨塔拉 vs 德尔特雷斯', 'score': '1-2', 'selected_team': '德尔特雷斯', 'settlement': '红', 'water': 1.01, 'pnl_1u': 1.01, 'roi': 1.01, 'line': '0.25', 'action': 'V4最新页面A/B/C候选', 'source': 'https://simondongxiao.github.io/odds/v4/'}, {'date': '2026-09-27', 'match': '伯斯古古杜斯 vs 三宝珑', 'score': '0-6', 'selected_team': '伯斯古古杜斯', 'settlement': '黑', 'water': 0.95, 'pnl_1u': -1.0, 'roi': -1.0, 'line': '-1', 'action': 'V4最新页面A/B/C候选', 'source': 'https://www.footballant.com/zh-CN/football-data/team/19000'}, {'date': '2026-10-03', 'match': '棉兰 vs 佩斯卡德', 'score': '4-0', 'selected_team': '棉兰', 'settlement': '红', 'water': 0.96, 'pnl_1u': 0.96, 'roi': 0.96, 'line': '1.5', 'action': 'V4纸面入选-C', 'source': 'https://m.titan007.com/analy/Analysis/3086193.htm'}, {'date': '2026-10-03', 'match': '三宝珑 vs 普特拉锡纳', 'score': '1-0', 'selected_team': '三宝珑', 'settlement': '半黑', 'water': 0.94, 'pnl_1u': -0.5, 'roi': -0.5, 'line': '1.25', 'action': 'V4纸面入选-B', 'source': 'https://m.titan007.com/analy/Analysis/3086194.htm'}, {'date': '2026-10-03', 'match': '伯希索罗 vs 北干巴鲁龙卷风', 'score': '0-2', 'selected_team': '伯希索罗', 'settlement': '黑', 'water': 0.76, 'pnl_1u': -1.0, 'roi': -1.0, 'line': '0.5', 'action': 'V4纸面入选-C', 'source': 'https://m.titan007.com/analy/Analysis/3086195.htm'}, {'date': '2026-10-04', 'match': '巴日托 vs 帕森拉', 'score': '0-1', 'selected_team': '巴日托', 'settlement': '黑', 'water': 1.11, 'pnl_1u': -1.0, 'roi': -1.0, 'line': '0.75', 'action': 'V4纸面入选-B', 'source': 'https://m.titan007.com/analy/Analysis/3086197.htm'}, {'date': '2026-10-04', 'match': '德尔特雷斯 vs 巴厘巴板', 'score': '2-0', 'selected_team': '德尔特雷斯', 'settlement': '红', 'water': 0.77, 'pnl_1u': 0.77, 'roi': 0.77, 'line': '1.25', 'action': 'V4纸面入选-B', 'source': 'https://m.titan007.com/analy/Analysis/3086198.htm'}, {'date': '2026-10-04', 'match': '塞曼巴东 vs 北干巴鲁', 'score': '0-1', 'selected_team': '塞曼巴东', 'settlement': '黑', 'water': 0.95, 'pnl_1u': -1.0, 'roi': -1.0, 'line': '0.75', 'action': 'V4纸面入选-B', 'source': 'https://m.titan007.com/analy/Analysis/3086199.htm'}]"
V4,2026-10-09,3006215,黑山乙,时间待核,洛夫琴 vs 耶汀斯特沃BP,,,2,0,0,0,0,2,0.0,-2.0,-1.0,2,,,list_date < 2026-10-09,"[{'date': '2026-09-30', 'match': '达尼洛夫格勒 vs 格瑞巴吉', 'score': '0-1', 'selected_team': '', 'settlement': '黑', 'water': 0.95, 'pnl_1u': -1.0, 'roi': -1.0, 'line': '', 'action': 'V4纸面入选-C', 'source': 'https://m.titan007.com/analy/Analysis/3006203.htm'}, {'date': '2026-10-06', 'match': '吉斯科普 vs 洛夫琴', 'score': '2-1', 'selected_team': '吉斯科普', 'settlement': '黑', 'water': 1.82, 'pnl_1u': -1.0, 'roi': -1.0, 'line': '1.5', 'action': 'V4纸面入选-B', 'source': 'https://m.titan007.com/analy/Analysis/3006208.htm'}]"
V4,2026-10-09,3100358,罗丙,时间待核,马塞尔坎普隆 vs 森切拉,,,0,0,0,0,0,0,,,,0,,,list_date < 2026-10-09,[]
V4,2026-10-09,3044293,乌克乙,时间待核,特诺皮尔B队 vs 维尔克希夫策,,,0,0,0,0,0,0,,,,0,,,list_date < 2026-10-09,[]
V4,2026-10-09,3100359,黎乙,时间待核,哈里特纳梅 vs 伊沙德沙希尔,,,0,0,0,0,0,0,,,,0,,,list_date < 2026-10-09,[]
V4,2026-10-09,3099267,科索沃超,时间待核,罗拉匹 vs 巴利卡尼,,,0,0,0,0,0,0,,,,0,,,list_date < 2026-10-09,[]
V4,2026-10-09,3099133,中台女联,时间待核,台中蓝鲸女足 vs 新北航源女足,,,0,0,0,0,0,0,,,,0,,,list_date < 2026-10-09,[]
V4,2026-10-09,3059213,英乙U21,时间待核,班士利U21 vs 赫尔城U21,,,1,0,0,0,1,0,0.0,-0.5,-0.5,1,,,list_date < 2026-10-09,"[{'date': '2026-10-06', 'match': '高车士打U21 vs 斯旺西U21', 'score': '1-2', 'selected_team': '高车士打U21', 'settlement': '半黑', 'water': 0.93, 'pnl_1u': -0.5, 'roi': -0.5, 'line': '-0.75', 'action': 'V4纸面入选-B', 'source': 'https://m.titan007.com/analy/Analysis/3059212.htm'}]"
V4,2026-10-09,2952589,俄青联,时间待核,莫斯科中央陆军青年队 vs 科诺普廖夫青年队,,,1,0,1,0,0,0,1.0,0.555,0.555,1,,,list_date < 2026-10-09,"[{'date': '2026-09-18', 'match': '圣彼德斯堡青年队 vs 莫斯科斯巴达青年队', 'score': '3-2', 'selected_team': '莫斯科斯巴达青年队', 'settlement': '半红', 'water': 1.11, 'pnl_1u': 0.555, 'roi': 0.555, 'line': '1.25', 'action': 'V4纸面入选-C', 'source': 'https://zq.titan007.com/analysis/2952587cn.htm'}]"
V4,2026-10-09,2952590,俄青联,时间待核,马哈奇卡拉青年队 vs 喀山鲁宾青年队,,,1,0,1,0,0,0,1.0,0.555,0.555,1,,,list_date < 2026-10-09,"[{'date': '2026-09-18', 'match': '圣彼德斯堡青年队 vs 莫斯科斯巴达青年队', 'score': '3-2', 'selected_team': '莫斯科斯巴达青年队', 'settlement': '半红', 'water': 1.11, 'pnl_1u': 0.555, 'roi': 0.555, 'line': '1.25', 'action': 'V4纸面入选-C', 'source': 'https://zq.titan007.com/analysis/2952587cn.htm'}]"
V4,2026-10-09,2952592,俄青联,时间待核,法克尔青年队 vs 莫斯科切尔塔诺沃青年队,,,1,0,1,0,0,0,1.0,0.555,0.555,1,,,list_date < 2026-10-09,"[{'date': '2026-09-18', 'match': '圣彼德斯堡青年队 vs 莫斯科斯巴达青年队', 'score': '3-2', 'selected_team': '莫斯科斯巴达青年队', 'settlement': '半红', 'water': 1.11, 'pnl_1u': 0.555, 'roi': 0.555, 'line': '1.25', 'action': 'V4纸面入选-C', 'source': 'https://zq.titan007.com/analysis/2952587cn.htm'}]"
V4,2026-10-09,2952593,俄青联,时间待核,莫斯科火车头青年队 vs 圣彼德斯堡青年队,,,1,0,1,0,0,0,1.0,0.555,0.555,1,,,list_date < 2026-10-09,"[{'date': '2026-09-18', 'match': '圣彼德斯堡青年队 vs 莫斯科斯巴达青年队', 'score': '3-2', 'selected_team': '莫斯科斯巴达青年队', 'settlement': '半红', 'water': 1.11, 'pnl_1u': 0.555, 'roi': 0.555, 'line': '1.25', 'action': 'V4纸面入选-C', 'source': 'https://zq.titan007.com/analysis/2952587cn.htm'}]"
V4,2026-10-09,2952595,俄青联,时间待核,莫斯科斯巴达青年队 vs 乌拉尔青年队,,,1,0,1,0,0,0,1.0,0.555,0.555,1,,,list_date < 2026-10-09,"[{'date': '2026-09-18', 'match': '圣彼德斯堡青年队 vs 莫斯科斯巴达青年队', 'score': '3-2', 'selected_team': '莫斯科斯巴达青年队', 'settlement': '半红', 'water': 1.11, 'pnl_1u': 0.555, 'roi': 0.555, 'line': '1.25', 'action': 'V4纸面入选-C', 'source': 'https://zq.titan007.com/analysis/2952587cn.htm'}]"
V4,2026-10-09,3098523,沙地乙,时间待核,萨法KSA vs 阿里夫,,,0,0,0,0,0,0,,,,0,,,list_date < 2026-10-09,[]
V4,2026-10-09,3098524,沙地乙,时间待核,阿沙希尔 vs 塔拉基,,,0,0,0,0,0,0,,,,0,,,list_date < 2026-10-09,[]
V4,2026-10-09,3098525,沙地乙,时间待核,奈尔亚 vs 渥治,,,0,0,0,0,0,0,,,,0,,,list_date < 2026-10-09,[]
V4,2026-10-09,3098526,沙地乙,时间待核,巴腾 vs 卡瓦拉赫,,,0,0,0,0,0,0,,,,0,,,list_date < 2026-10-09,[]
V4,2026-10-09,3061582,女欧U19,时间待核,罗马尼亚女足U19 vs 马耳他女足U19,,,1,1,0,0,0,0,1.0,0.9,0.9,1,,,list_date < 2026-10-09,"[{'date': '2026-10-06', 'match': '罗马尼亚女足U19 vs 哈萨克斯坦女足U19', 'score': '6-1', 'selected_team': '哈萨克斯坦女足U19', 'settlement': '红', 'water': 0.9, 'pnl_1u': 0.9, 'roi': 0.9, 'line': '3.5', 'action': 'V4纸面入选-C', 'source': 'https://m.titan007.com/analy/Analysis/3061580.htm'}]"
V4,2026-10-09,3098080,挪威U19,时间待核,费德列斯达U19 vs 布兰U19,,,1,1,0,0,0,0,1.0,0.98,0.98,1,,,list_date < 2026-10-09,"[{'date': '2026-10-06', 'match': '斯托曼B队U19 vs 耶德鲁姆U19', 'score': '6-4', 'selected_team': '耶德鲁姆U19', 'settlement': '红', 'water': 0.98, 'pnl_1u': 0.98, 'roi': 0.98, 'line': '1.25', 'action': 'V4纸面入选-C', 'source': 'https://m.titan007.com/analy/Analysis/3099857.htm'}]"
V4,2026-10-09,3098067,埃及甲,时间待核,霍尔比 vs 拉维耶纳,霍尔比,giving,18,6,2,2,2,6,0.5,-0.615,-0.03416667,18,,,list_date < 2026-10-09,"[{'date': '2026-09-18', 'match': '拉维耶纳 vs 马萨尔FC', 'score': '1-1', 'selected_team': '拉维耶纳', 'settlement': '半红', 'water': 1.19, 'pnl_1u': 0.595, 'roi': 0.595, 'line': '-0.25', 'action': 'V4纸面入选-B', 'source': 'https://zq.titan007.com/analysis/3089829cn.htm'}, {'date': '2026-09-18', 'match': '佩哈亚克 vs 三角洲联', 'score': '2-1', 'selected_team': '三角洲联', 'settlement': '半黑', 'water': 1.05, 'pnl_1u': -0.5, 'roi': -0.5, 'line': '0.75', 'action': 'V4纸面入选-C', 'source': 'https://zq.titan007.com/analysis/3089846cn.htm'}, {'date': '2026-09-25', 'match': '特萨纳体育 vs 巴拉蒂耶', 'score': '1-1', 'selected_team': '特萨纳体育', 'settlement': '半黑', 'water': 1.02, 'pnl_1u': -0.5, 'roi': -0.5, 'line': '0.25', 'action': 'V4最新页面A/B/C候选', 'source': 'https://simondongxiao.github.io/odds/v4/'}, {'date': '2026-09-30', 'match': '纳斯矿足球俱乐部 vs 克玛阿斯罔', 'score': '2-1', 'selected_team': '', 'settlement': '红', 'water': 1, 'pnl_1u': 1.0, 'roi': 1.0, 'line': '', 'action': 'V4纸面入选-C', 'source': 'https://m.titan007.com/analy/Analysis/3096709.htm'}, {'date': '2026-09-30', 'match': '克姆罕马达 vs 德尔福SC', 'score': '1-3', 'selected_team': '', 'settlement': '黑', 'water': 0.68, 'pnl_1u': -1.0, 'roi': -1.0, 'line': '', 'action': 'V4纸面入选-C', 'source': 'https://m.titan007.com/analy/Analysis/3096744.htm'}, {'date': '2026-10-01', 'match': '达雅洛特 vs 伊斯梅利', 'score': '2-2', 'selected_team': '', 'settlement': '走', 'water': 0.79, 'pnl_1u': 0.0, 'roi': 0.0, 'line': '', 'action': 'V4纸面入选-C', 'source': 'https://m.titan007.com/analy/Analysis/3095213.htm'}, {'date': '2026-10-01', 'match': '曼苏拉 vs 马萨尔FC', 'score': '2-0', 'selected_team': '', 'settlement': '红', 'water': 0.74, 'pnl_1u': 0.74, 'roi': 0.74, 'line': '', 'action': 'V4纸面入选-C', 'source': 'https://m.titan007.com/analy/Analysis/3095214.htm'}, {'date': '2026-10-01', 'match': '佩哈亚克 vs 特萨纳体育', 'score': '0-1', 'selected_team': '', 'settlement': '黑', 'water': 0.94, 'pnl_1u': -1.0, 'roi': -1.0, 'line': '', 'action': 'V4纸面入选-C', 'source': 'https://m.titan007.com/analy/Analysis/3095216.htm'}, {'date': '2026-10-02', 'match': '巴拉蒂耶 vs 开罗FC', 'score': '3-1', 'selected_team': '', 'settlement': '红', 'water': 0.9, 'pnl_1u': 0.9, 'roi': 0.9, 'line': '', 'action': 'V4纸面入选-C', 'source': 'https://m.titan007.com/analy/Analysis/3095549.htm'}, {'date': '2026-10-02', 'match': 'El达克尔野 vs 玛列亚特', 'score': '2-1', 'selected_team': '', 'settlement': '红', 'water': 0.9, 'pnl_1u': 0.9, 'roi': 0.9, 'line': '', 'action': 'V4纸面入选-C', 'source': 'https://m.titan007.com/analy/Analysis/3095550.htm'}, {'date': '2026-10-02', 'match': '卡巴阿斯玛利 vs 三角洲联', 'score': '2-0', 'selected_team': '卡巴阿斯玛利', 'settlement': '红', 'water': 0.95, 'pnl_1u': 0.95, 'roi': 0.95, 'line': '1.25', 'action': 'V4纸面入选-B', 'source': 'https://m.titan007.com/analy/Analysis/3095551.htm'}, {'date': '2026-10-02', 'match': '坦塔 vs 哈伊赫多', 'score': '0-2', 'selected_team': '哈伊赫多', 'settlement': '黑', 'water': 1, 'pnl_1u': -1.0, 'roi': -1.0, 'line': '-0.25', 'action': 'V4纸面入选-B', 'source': 'https://m.titan007.com/analy/Analysis/3095553.htm'}, {'date': '2026-10-07', 'match': '阿洛米尼 vs 麦地那莫纳瓦拉', 'score': '1-0', 'selected_team': '阿洛米尼', 'settlement': '走', 'water': 0.95, 'pnl_1u': 0.0, 'roi': 0.0, 'line': '1', 'action': 'V4纸面入选-B', 'source': 'https://m.titan007.com/analy/Analysis/3099988.htm'}, {'date': '2026-10-08', 'match': '开罗纳萨 vs 普斯SC', 'score': '1-1', 'selected_team': '开罗纳萨', 'settlement': '黑', 'water': 0.7, 'pnl_1u': -1.0, 'roi': -1.0, 'line': '0.5', 'action': 'V4ShadowOnly；real_money=false', 'source': 'D:\\codex\\v3_legacy\\outputs\\football_odds_trader\\raw\\titan007\\20261008\\20261008_074021_titan007_odds_snapshot.csv'}, {'date': '2026-10-08', 'match': '哈伊赫多 vs 斯卡哈迪德', 'score': '1-1', 'selected_team': '哈伊赫多', 'settlement': '黑', 'water': 0.87, 'pnl_1u': -1.0, 'roi': -1.0, 'line': '0.75', 'action': 'V4ShadowOnly；real_money=false', 'source': 'D:\\codex\\v3_legacy\\outputs\\football_odds_trader\\raw\\titan007\\20261008\\20261008_074021_titan007_odds_snapshot.csv'}, {'date': '2026-10-08', 'match': '马萨尔FC vs El达克尔野', 'score': '3-1', 'selected_team': '马萨尔FC', 'settlement': '红', 'water': 0.95, 'pnl_1u': 0.95, 'roi': 0.95, 'line': '1', 'action': 'V4ShadowOnly；real_money=false', 'source': 'D:\\codex\\v3_legacy\\outputs\\football_odds_trader\\raw\\titan007\\20261008\\20261008_074021_titan007_odds_snapshot.csv'}, {'date': '2026-10-08', 'match': '三角洲联 vs 达雅洛特', 'score': '0-1', 'selected_team': '三角洲联', 'settlement': '黑', 'water': 0.8, 'pnl_1u': -1.0, 'roi': -1.0, 'line': '0.5', 'action': 'V4ShadowOnly；real_money=false', 'source': 'D:\\codex\\v3_legacy\\outputs\\football_odds_trader\\raw\\titan007\\20261008\\20261008_074021_titan007_odds_snapshot.csv'}, {'date': '2026-10-08', 'match': '特萨纳体育 vs 卡巴阿斯玛利', 'score': '2-2', 'selected_team': '特萨纳体育', 'settlement': '半红', 'water': 0.7, 'pnl_1u': 0.35, 'roi': 0.35, 'line': '-0.25', 'action': 'V4ShadowOnly；real_money=false', 'source': 'D:\\codex\\v3_legacy\\outputs\\football_odds_trader\\raw\\titan007\\20261008\\20261008_074021_titan007_odds_snapshot.csv'}]"
V4,2026-10-09,3098068,埃及甲,时间待核,伊斯梅利 vs 坦塔,,,18,6,2,2,2,6,0.5,-0.615,-0.03416667,18,,,list_date < 2026-10-09,"[{'date': '2026-09-18', 'match': '拉维耶纳 vs 马萨尔FC', 'score': '1-1', 'selected_team': '拉维耶纳', 'settlement': '半红', 'water': 1.19, 'pnl_1u': 0.595, 'roi': 0.595, 'line': '-0.25', 'action': 'V4纸面入选-B', 'source': 'https://zq.titan007.com/analysis/3089829cn.htm'}, {'date': '2026-09-18', 'match': '佩哈亚克 vs 三角洲联', 'score': '2-1', 'selected_team': '三角洲联', 'settlement': '半黑', 'water': 1.05, 'pnl_1u': -0.5, 'roi': -0.5, 'line': '0.75', 'action': 'V4纸面入选-C', 'source': 'https://zq.titan007.com/analysis/3089846cn.htm'}, {'date': '2026-09-25', 'match': '特萨纳体育 vs 巴拉蒂耶', 'score': '1-1', 'selected_team': '特萨纳体育', 'settlement': '半黑', 'water': 1.02, 'pnl_1u': -0.5, 'roi': -0.5, 'line': '0.25', 'action': 'V4最新页面A/B/C候选', 'source': 'https://simondongxiao.github.io/odds/v4/'}, {'date': '2026-09-30', 'match': '纳斯矿足球俱乐部 vs 克玛阿斯罔', 'score': '2-1', 'selected_team': '', 'settlement': '红', 'water': 1, 'pnl_1u': 1.0, 'roi': 1.0, 'line': '', 'action': 'V4纸面入选-C', 'source': 'https://m.titan007.com/analy/Analysis/3096709.htm'}, {'date': '2026-09-30', 'match': '克姆罕马达 vs 德尔福SC', 'score': '1-3', 'selected_team': '', 'settlement': '黑', 'water': 0.68, 'pnl_1u': -1.0, 'roi': -1.0, 'line': '', 'action': 'V4纸面入选-C', 'source': 'https://m.titan007.com/analy/Analysis/3096744.htm'}, {'date': '2026-10-01', 'match': '达雅洛特 vs 伊斯梅利', 'score': '2-2', 'selected_team': '', 'settlement': '走', 'water': 0.79, 'pnl_1u': 0.0, 'roi': 0.0, 'line': '', 'action': 'V4纸面入选-C', 'source': 'https://m.titan007.com/analy/Analysis/3095213.htm'}, {'date': '2026-10-01', 'match': '曼苏拉 vs 马萨尔FC', 'score': '2-0', 'selected_team': '', 'settlement': '红', 'water': 0.74, 'pnl_1u': 0.74, 'roi': 0.74, 'line': '', 'action': 'V4纸面入选-C', 'source': 'https://m.titan007.com/analy/Analysis/3095214.htm'}, {'date': '2026-10-01', 'match': '佩哈亚克 vs 特萨纳体育', 'score': '0-1', 'selected_team': '', 'settlement': '黑', 'water': 0.94, 'pnl_1u': -1.0, 'roi': -1.0, 'line': '', 'action': 'V4纸面入选-C', 'source': 'https://m.titan007.com/analy/Analysis/3095216.htm'}, {'date': '2026-10-02', 'match': '巴拉蒂耶 vs 开罗FC', 'score': '3-1', 'selected_team': '', 'settlement': '红', 'water': 0.9, 'pnl_1u': 0.9, 'roi': 0.9, 'line': '', 'action': 'V4纸面入选-C', 'source': 'https://m.titan007.com/analy/Analysis/3095549.htm'}, {'date': '2026-10-02', 'match': 'El达克尔野 vs 玛列亚特', 'score': '2-1', 'selected_team': '', 'settlement': '红', 'water': 0.9, 'pnl_1u': 0.9, 'roi': 0.9, 'line': '', 'action': 'V4纸面入选-C', 'source': 'https://m.titan007.com/analy/Analysis/3095550.htm'}, {'date': '2026-10-02', 'match': '卡巴阿斯玛利 vs 三角洲联', 'score': '2-0', 'selected_team': '卡巴阿斯玛利', 'settlement': '红', 'water': 0.95, 'pnl_1u': 0.95, 'roi': 0.95, 'line': '1.25', 'action': 'V4纸面入选-B', 'source': 'https://m.titan007.com/analy/Analysis/3095551.htm'}, {'date': '2026-10-02', 'match': '坦塔 vs 哈伊赫多', 'score': '0-2', 'selected_team': '哈伊赫多', 'settlement': '黑', 'water': 1, 'pnl_1u': -1.0, 'roi': -1.0, 'line': '-0.25', 'action': 'V4纸面入选-B', 'source': 'https://m.titan007.com/analy/Analysis/3095553.htm'}, {'date': '2026-10-07', 'match': '阿洛米尼 vs 麦地那莫纳瓦拉', 'score': '1-0', 'selected_team': '阿洛米尼', 'settlement': '走', 'water': 0.95, 'pnl_1u': 0.0, 'roi': 0.0, 'line': '1', 'action': 'V4纸面入选-B', 'source': 'https://m.titan007.com/analy/Analysis/3099988.htm'}, {'date': '2026-10-08', 'match': '开罗纳萨 vs 普斯SC', 'score': '1-1', 'selected_team': '开罗纳萨', 'settlement': '黑', 'water': 0.7, 'pnl_1u': -1.0, 'roi': -1.0, 'line': '0.5', 'action': 'V4ShadowOnly；real_money=false', 'source': 'D:\\codex\\v3_legacy\\outputs\\football_odds_trader\\raw\\titan007\\20261008\\20261008_074021_titan007_odds_snapshot.csv'}, {'date': '2026-10-08', 'match': '哈伊赫多 vs 斯卡哈迪德', 'score': '1-1', 'selected_team': '哈伊赫多', 'settlement': '黑', 'water': 0.87, 'pnl_1u': -1.0, 'roi': -1.0, 'line': '0.75', 'action': 'V4ShadowOnly；real_money=false', 'source': 'D:\\codex\\v3_legacy\\outputs\\football_odds_trader\\raw\\titan007\\20261008\\20261008_074021_titan007_odds_snapshot.csv'}, {'date': '2026-10-08', 'match': '马萨尔FC vs El达克尔野', 'score': '3-1', 'selected_team': '马萨尔FC', 'settlement': '红', 'water': 0.95, 'pnl_1u': 0.95, 'roi': 0.95, 'line': '1', 'action': 'V4ShadowOnly；real_money=false', 'source': 'D:\\codex\\v3_legacy\\outputs\\football_odds_trader\\raw\\titan007\\20261008\\20261008_074021_titan007_odds_snapshot.csv'}, {'date': '2026-10-08', 'match': '三角洲联 vs 达雅洛特', 'score': '0-1', 'selected_team': '三角洲联', 'settlement': '黑', 'water': 0.8, 'pnl_1u': -1.0, 'roi': -1.0, 'line': '0.5', 'action': 'V4ShadowOnly；real_money=false', 'source': 'D:\\codex\\v3_legacy\\outputs\\football_odds_trader\\raw\\titan007\\20261008\\20261008_074021_titan007_odds_snapshot.csv'}, {'date': '2026-10-08', 'match': '特萨纳体育 vs 卡巴阿斯玛利', 'score': '2-2', 'selected_team': '特萨纳体育', 'settlement': '半红', 'water': 0.7, 'pnl_1u': 0.35, 'roi': 0.35, 'line': '-0.25', 'action': 'V4ShadowOnly；real_money=false', 'source': 'D:\\codex\\v3_legacy\\outputs\\football_odds_trader\\raw\\titan007\\20261008\\20261008_074021_titan007_odds_snapshot.csv'}]"
V4,2026-10-09,3098069,埃及甲,时间待核,玛列亚特 vs 巴拉蒂耶,,,18,6,2,2,2,6,0.5,-0.615,-0.03416667,18,,,list_date < 2026-10-09,"[{'date': '2026-09-18', 'match': '拉维耶纳 vs 马萨尔FC', 'score': '1-1', 'selected_team': '拉维耶纳', 'settlement': '半红', 'water': 1.19, 'pnl_1u': 0.595, 'roi': 0.595, 'line': '-0.25', 'action': 'V4纸面入选-B', 'source': 'https://zq.titan007.com/analysis/3089829cn.htm'}, {'date': '2026-09-18', 'match': '佩哈亚克 vs 三角洲联', 'score': '2-1', 'selected_team': '三角洲联', 'settlement': '半黑', 'water': 1.05, 'pnl_1u': -0.5, 'roi': -0.5, 'line': '0.75', 'action': 'V4纸面入选-C', 'source': 'https://zq.titan007.com/analysis/3089846cn.htm'}, {'date': '2026-09-25', 'match': '特萨纳体育 vs 巴拉蒂耶', 'score': '1-1', 'selected_team': '特萨纳体育', 'settlement': '半黑', 'water': 1.02, 'pnl_1u': -0.5, 'roi': -0.5, 'line': '0.25', 'action': 'V4最新页面A/B/C候选', 'source': 'https://simondongxiao.github.io/odds/v4/'}, {'date': '2026-09-30', 'match': '纳斯矿足球俱乐部 vs 克玛阿斯罔', 'score': '2-1', 'selected_team': '', 'settlement': '红', 'water': 1, 'pnl_1u': 1.0, 'roi': 1.0, 'line': '', 'action': 'V4纸面入选-C', 'source': 'https://m.titan007.com/analy/Analysis/3096709.htm'}, {'date': '2026-09-30', 'match': '克姆罕马达 vs 德尔福SC', 'score': '1-3', 'selected_team': '', 'settlement': '黑', 'water': 0.68, 'pnl_1u': -1.0, 'roi': -1.0, 'line': '', 'action': 'V4纸面入选-C', 'source': 'https://m.titan007.com/analy/Analysis/3096744.htm'}, {'date': '2026-10-01', 'match': '达雅洛特 vs 伊斯梅利', 'score': '2-2', 'selected_team': '', 'settlement': '走', 'water': 0.79, 'pnl_1u': 0.0, 'roi': 0.0, 'line': '', 'action': 'V4纸面入选-C', 'source': 'https://m.titan007.com/analy/Analysis/3095213.htm'}, {'date': '2026-10-01', 'match': '曼苏拉 vs 马萨尔FC', 'score': '2-0', 'selected_team': '', 'settlement': '红', 'water': 0.74, 'pnl_1u': 0.74, 'roi': 0.74, 'line': '', 'action': 'V4纸面入选-C', 'source': 'https://m.titan007.com/analy/Analysis/3095214.htm'}, {'date': '2026-10-01', 'match': '佩哈亚克 vs 特萨纳体育', 'score': '0-1', 'selected_team': '', 'settlement': '黑', 'water': 0.94, 'pnl_1u': -1.0, 'roi': -1.0, 'line': '', 'action': 'V4纸面入选-C', 'source': 'https://m.titan007.com/analy/Analysis/3095216.htm'}, {'date': '2026-10-02', 'match': '巴拉蒂耶 vs 开罗FC', 'score': '3-1', 'selected_team': '', 'settlement': '红', 'water': 0.9, 'pnl_1u': 0.9, 'roi': 0.9, 'line': '', 'action': 'V4纸面入选-C', 'source': 'https://m.titan007.com/analy/Analysis/3095549.htm'}, {'date': '2026-10-02', 'match': 'El达克尔野 vs 玛列亚特', 'score': '2-1', 'selected_team': '', 'settlement': '红', 'water': 0.9, 'pnl_1u': 0.9, 'roi': 0.9, 'line': '', 'action': 'V4纸面入选-C', 'source': 'https://m.titan007.com/analy/Analysis/3095550.htm'}, {'date': '2026-10-02', 'match': '卡巴阿斯玛利 vs 三角洲联', 'score': '2-0', 'selected_team': '卡巴阿斯玛利', 'settlement': '红', 'water': 0.95, 'pnl_1u': 0.95, 'roi': 0.95, 'line': '1.25', 'action': 'V4纸面入选-B', 'source': 'https://m.titan007.com/analy/Analysis/3095551.htm'}, {'date': '2026-10-02', 'match': '坦塔 vs 哈伊赫多', 'score': '0-2', 'selected_team': '哈伊赫多', 'settlement': '黑', 'water': 1, 'pnl_1u': -1.0, 'roi': -1.0, 'line': '-0.25', 'action': 'V4纸面入选-B', 'source': 'https://m.titan007.com/analy/Analysis/3095553.htm'}, {'date': '2026-10-07', 'match': '阿洛米尼 vs 麦地那莫纳瓦拉', 'score': '1-0', 'selected_team': '阿洛米尼', 'settlement': '走', 'water': 0.95, 'pnl_1u': 0.0, 'roi': 0.0, 'line': '1', 'action': 'V4纸面入选-B', 'source': 'https://m.titan007.com/analy/Analysis/3099988.htm'}, {'date': '2026-10-08', 'match': '开罗纳萨 vs 普斯SC', 'score': '1-1', 'selected_team': '开罗纳萨', 'settlement': '黑', 'water': 0.7, 'pnl_1u': -1.0, 'roi': -1.0, 'line': '0.5', 'action': 'V4ShadowOnly；real_money=false', 'source': 'D:\\codex\\v3_legacy\\outputs\\football_odds_trader\\raw\\titan007\\20261008\\20261008_074021_titan007_odds_snapshot.csv'}, {'date': '2026-10-08', 'match': '哈伊赫多 vs 斯卡哈迪德', 'score': '1-1', 'selected_team': '哈伊赫多', 'settlement': '黑', 'water': 0.87, 'pnl_1u': -1.0, 'roi': -1.0, 'line': '0.75', 'action': 'V4ShadowOnly；real_money=false', 'source': 'D:\\codex\\v3_legacy\\outputs\\football_odds_trader\\raw\\titan007\\20261008\\20261008_074021_titan007_odds_snapshot.csv'}, {'date': '2026-10-08', 'match': '马萨尔FC vs El达克尔野', 'score': '3-1', 'selected_team': '马萨尔FC', 'settlement': '红', 'water': 0.95, 'pnl_1u': 0.95, 'roi': 0.95, 'line': '1', 'action': 'V4ShadowOnly；real_money=false', 'source': 'D:\\codex\\v3_legacy\\outputs\\football_odds_trader\\raw\\titan007\\20261008\\20261008_074021_titan007_odds_snapshot.csv'}, {'date': '2026-10-08', 'match': '三角洲联 vs 达雅洛特', 'score': '0-1', 'selected_team': '三角洲联', 'settlement': '黑', 'water': 0.8, 'pnl_1u': -1.0, 'roi': -1.0, 'line': '0.5', 'action': 'V4ShadowOnly；real_money=false', 'source': 'D:\\codex\\v3_legacy\\outputs\\football_odds_trader\\raw\\titan007\\20261008\\20261008_074021_titan007_odds_snapshot.csv'}, {'date': '2026-10-08', 'match': '特萨纳体育 vs 卡巴阿斯玛利', 'score': '2-2', 'selected_team': '特萨纳体育', 'settlement': '半红', 'water': 0.7, 'pnl_1u': 0.35, 'roi': 0.35, 'line': '-0.25', 'action': 'V4ShadowOnly；real_money=false', 'source': 'D:\\codex\\v3_legacy\\outputs\\football_odds_trader\\raw\\titan007\\20261008\\20261008_074021_titan007_odds_snapshot.csv'}]"
V4,2026-10-09,3098070,埃及甲,时间待核,开罗FC vs 佩哈亚克,开罗FC,receiving,18,6,2,2,2,6,0.5,-0.615,-0.03416667,18,,,list_date < 2026-10-09,"[{'date': '2026-09-18', 'match': '拉维耶纳 vs 马萨尔FC', 'score': '1-1', 'selected_team': '拉维耶纳', 'settlement': '半红', 'water': 1.19, 'pnl_1u': 0.595, 'roi': 0.595, 'line': '-0.25', 'action': 'V4纸面入选-B', 'source': 'https://zq.titan007.com/analysis/3089829cn.htm'}, {'date': '2026-09-18', 'match': '佩哈亚克 vs 三角洲联', 'score': '2-1', 'selected_team': '三角洲联', 'settlement': '半黑', 'water': 1.05, 'pnl_1u': -0.5, 'roi': -0.5, 'line': '0.75', 'action': 'V4纸面入选-C', 'source': 'https://zq.titan007.com/analysis/3089846cn.htm'}, {'date': '2026-09-25', 'match': '特萨纳体育 vs 巴拉蒂耶', 'score': '1-1', 'selected_team': '特萨纳体育', 'settlement': '半黑', 'water': 1.02, 'pnl_1u': -0.5, 'roi': -0.5, 'line': '0.25', 'action': 'V4最新页面A/B/C候选', 'source': 'https://simondongxiao.github.io/odds/v4/'}, {'date': '2026-09-30', 'match': '纳斯矿足球俱乐部 vs 克玛阿斯罔', 'score': '2-1', 'selected_team': '', 'settlement': '红', 'water': 1, 'pnl_1u': 1.0, 'roi': 1.0, 'line': '', 'action': 'V4纸面入选-C', 'source': 'https://m.titan007.com/analy/Analysis/3096709.htm'}, {'date': '2026-09-30', 'match': '克姆罕马达 vs 德尔福SC', 'score': '1-3', 'selected_team': '', 'settlement': '黑', 'water': 0.68, 'pnl_1u': -1.0, 'roi': -1.0, 'line': '', 'action': 'V4纸面入选-C', 'source': 'https://m.titan007.com/analy/Analysis/3096744.htm'}, {'date': '2026-10-01', 'match': '达雅洛特 vs 伊斯梅利', 'score': '2-2', 'selected_team': '', 'settlement': '走', 'water': 0.79, 'pnl_1u': 0.0, 'roi': 0.0, 'line': '', 'action': 'V4纸面入选-C', 'source': 'https://m.titan007.com/analy/Analysis/3095213.htm'}, {'date': '2026-10-01', 'match': '曼苏拉 vs 马萨尔FC', 'score': '2-0', 'selected_team': '', 'settlement': '红', 'water': 0.74, 'pnl_1u': 0.74, 'roi': 0.74, 'line': '', 'action': 'V4纸面入选-C', 'source': 'https://m.titan007.com/analy/Analysis/3095214.htm'}, {'date': '2026-10-01', 'match': '佩哈亚克 vs 特萨纳体育', 'score': '0-1', 'selected_team': '', 'settlement': '黑', 'water': 0.94, 'pnl_1u': -1.0, 'roi': -1.0, 'line': '', 'action': 'V4纸面入选-C', 'source': 'https://m.titan007.com/analy/Analysis/3095216.htm'}, {'date': '2026-10-02', 'match': '巴拉蒂耶 vs 开罗FC', 'score': '3-1', 'selected_team': '', 'settlement': '红', 'water': 0.9, 'pnl_1u': 0.9, 'roi': 0.9, 'line': '', 'action': 'V4纸面入选-C', 'source': 'https://m.titan007.com/analy/Analysis/3095549.htm'}, {'date': '2026-10-02', 'match': 'El达克尔野 vs 玛列亚特', 'score': '2-1', 'selected_team': '', 'settlement': '红', 'water': 0.9, 'pnl_1u': 0.9, 'roi': 0.9, 'line': '', 'action': 'V4纸面入选-C', 'source': 'https://m.titan007.com/analy/Analysis/3095550.htm'}, {'date': '2026-10-02', 'match': '卡巴阿斯玛利 vs 三角洲联', 'score': '2-0', 'selected_team': '卡巴阿斯玛利', 'settlement': '红', 'water': 0.95, 'pnl_1u': 0.95, 'roi': 0.95, 'line': '1.25', 'action': 'V4纸面入选-B', 'source': 'https://m.titan007.com/analy/Analysis/3095551.htm'}, {'date': '2026-10-02', 'match': '坦塔 vs 哈伊赫多', 'score': '0-2', 'selected_team': '哈伊赫多', 'settlement': '黑', 'water': 1, 'pnl_1u': -1.0, 'roi': -1.0, 'line': '-0.25', 'action': 'V4纸面入选-B', 'source': 'https://m.titan007.com/analy/Analysis/3095553.htm'}, {'date': '2026-10-07', 'match': '阿洛米尼 vs 麦地那莫纳瓦拉', 'score': '1-0', 'selected_team': '阿洛米尼', 'settlement': '走', 'water': 0.95, 'pnl_1u': 0.0, 'roi': 0.0, 'line': '1', 'action': 'V4纸面入选-B', 'source': 'https://m.titan007.com/analy/Analysis/3099988.htm'}, {'date': '2026-10-08', 'match': '开罗纳萨 vs 普斯SC', 'score': '1-1', 'selected_team': '开罗纳萨', 'settlement': '黑', 'water': 0.7, 'pnl_1u': -1.0, 'roi': -1.0, 'line': '0.5', 'action': 'V4ShadowOnly；real_money=false', 'source': 'D:\\codex\\v3_legacy\\outputs\\football_odds_trader\\raw\\titan007\\20261008\\20261008_074021_titan007_odds_snapshot.csv'}, {'date': '2026-10-08', 'match': '哈伊赫多 vs 斯卡哈迪德', 'score': '1-1', 'selected_team': '哈伊赫多', 'settlement': '黑', 'water': 0.87, 'pnl_1u': -1.0, 'roi': -1.0, 'line': '0.75', 'action': 'V4ShadowOnly；real_money=false', 'source': 'D:\\codex\\v3_legacy\\outputs\\football_odds_trader\\raw\\titan007\\20261008\\20261008_074021_titan007_odds_snapshot.csv'}, {'date': '2026-10-08', 'match': '马萨尔FC vs El达克尔野', 'score': '3-1', 'selected_team': '马萨尔FC', 'settlement': '红', 'water': 0.95, 'pnl_1u': 0.95, 'roi': 0.95, 'line': '1', 'action': 'V4ShadowOnly；real_money=false', 'source': 'D:\\codex\\v3_legacy\\outputs\\football_odds_trader\\raw\\titan007\\20261008\\20261008_074021_titan007_odds_snapshot.csv'}, {'date': '2026-10-08', 'match': '三角洲联 vs 达雅洛特', 'score': '0-1', 'selected_team': '三角洲联', 'settlement': '黑', 'water': 0.8, 'pnl_1u': -1.0, 'roi': -1.0, 'line': '0.5', 'action': 'V4ShadowOnly；real_money=false', 'source': 'D:\\codex\\v3_legacy\\outputs\\football_odds_trader\\raw\\titan007\\20261008\\20261008_074021_titan007_odds_snapshot.csv'}, {'date': '2026-10-08', 'match': '特萨纳体育 vs 卡巴阿斯玛利', 'score': '2-2', 'selected_team': '特萨纳体育', 'settlement': '半红', 'water': 0.7, 'pnl_1u': 0.35, 'roi': 0.35, 'line': '-0.25', 'action': 'V4ShadowOnly；real_money=false', 'source': 'D:\\codex\\v3_legacy\\outputs\\football_odds_trader\\raw\\titan007\\20261008\\20261008_074021_titan007_odds_snapshot.csv'}]"
V4,2026-10-09,3098071,埃及甲,时间待核,埃及电信 vs 曼苏拉,埃及电信,giving,18,6,2,2,2,6,0.5,-0.615,-0.03416667,18,,,list_date < 2026-10-09,"[{'date': '2026-09-18', 'match': '拉维耶纳 vs 马萨尔FC', 'score': '1-1', 'selected_team': '拉维耶纳', 'settlement': '半红', 'water': 1.19, 'pnl_1u': 0.595, 'roi': 0.595, 'line': '-0.25', 'action': 'V4纸面入选-B', 'source': 'https://zq.titan007.com/analysis/3089829cn.htm'}, {'date': '2026-09-18', 'match': '佩哈亚克 vs 三角洲联', 'score': '2-1', 'selected_team': '三角洲联', 'settlement': '半黑', 'water': 1.05, 'pnl_1u': -0.5, 'roi': -0.5, 'line': '0.75', 'action': 'V4纸面入选-C', 'source': 'https://zq.titan007.com/analysis/3089846cn.htm'}, {'date': '2026-09-25', 'match': '特萨纳体育 vs 巴拉蒂耶', 'score': '1-1', 'selected_team': '特萨纳体育', 'settlement': '半黑', 'water': 1.02, 'pnl_1u': -0.5, 'roi': -0.5, 'line': '0.25', 'action': 'V4最新页面A/B/C候选', 'source': 'https://simondongxiao.github.io/odds/v4/'}, {'date': '2026-09-30', 'match': '纳斯矿足球俱乐部 vs 克玛阿斯罔', 'score': '2-1', 'selected_team': '', 'settlement': '红', 'water': 1, 'pnl_1u': 1.0, 'roi': 1.0, 'line': '', 'action': 'V4纸面入选-C', 'source': 'https://m.titan007.com/analy/Analysis/3096709.htm'}, {'date': '2026-09-30', 'match': '克姆罕马达 vs 德尔福SC', 'score': '1-3', 'selected_team': '', 'settlement': '黑', 'water': 0.68, 'pnl_1u': -1.0, 'roi': -1.0, 'line': '', 'action': 'V4纸面入选-C', 'source': 'https://m.titan007.com/analy/Analysis/3096744.htm'}, {'date': '2026-10-01', 'match': '达雅洛特 vs 伊斯梅利', 'score': '2-2', 'selected_team': '', 'settlement': '走', 'water': 0.79, 'pnl_1u': 0.0, 'roi': 0.0, 'line': '', 'action': 'V4纸面入选-C', 'source': 'https://m.titan007.com/analy/Analysis/3095213.htm'}, {'date': '2026-10-01', 'match': '曼苏拉 vs 马萨尔FC', 'score': '2-0', 'selected_team': '', 'settlement': '红', 'water': 0.74, 'pnl_1u': 0.74, 'roi': 0.74, 'line': '', 'action': 'V4纸面入选-C', 'source': 'https://m.titan007.com/analy/Analysis/3095214.htm'}, {'date': '2026-10-01', 'match': '佩哈亚克 vs 特萨纳体育', 'score': '0-1', 'selected_team': '', 'settlement': '黑', 'water': 0.94, 'pnl_1u': -1.0, 'roi': -1.0, 'line': '', 'action': 'V4纸面入选-C', 'source': 'https://m.titan007.com/analy/Analysis/3095216.htm'}, {'date': '2026-10-02', 'match': '巴拉蒂耶 vs 开罗FC', 'score': '3-1', 'selected_team': '', 'settlement': '红', 'water': 0.9, 'pnl_1u': 0.9, 'roi': 0.9, 'line': '', 'action': 'V4纸面入选-C', 'source': 'https://m.titan007.com/analy/Analysis/3095549.htm'}, {'date': '2026-10-02', 'match': 'El达克尔野 vs 玛列亚特', 'score': '2-1', 'selected_team': '', 'settlement': '红', 'water': 0.9, 'pnl_1u': 0.9, 'roi': 0.9, 'line': '', 'action': 'V4纸面入选-C', 'source': 'https://m.titan007.com/analy/Analysis/3095550.htm'}, {'date': '2026-10-02', 'match': '卡巴阿斯玛利 vs 三角洲联', 'score': '2-0', 'selected_team': '卡巴阿斯玛利', 'settlement': '红', 'water': 0.95, 'pnl_1u': 0.95, 'roi': 0.95, 'line': '1.25', 'action': 'V4纸面入选-B', 'source': 'https://m.titan007.com/analy/Analysis/3095551.htm'}, {'date': '2026-10-02', 'match': '坦塔 vs 哈伊赫多', 'score': '0-2', 'selected_team': '哈伊赫多', 'settlement': '黑', 'water': 1, 'pnl_1u': -1.0, 'roi': -1.0, 'line': '-0.25', 'action': 'V4纸面入选-B', 'source': 'https://m.titan007.com/analy/Analysis/3095553.htm'}, {'date': '2026-10-07', 'match': '阿洛米尼 vs 麦地那莫纳瓦拉', 'score': '1-0', 'selected_team': '阿洛米尼', 'settlement': '走', 'water': 0.95, 'pnl_1u': 0.0, 'roi': 0.0, 'line': '1', 'action': 'V4纸面入选-B', 'source': 'https://m.titan007.com/analy/Analysis/3099988.htm'}, {'date': '2026-10-08', 'match': '开罗纳萨 vs 普斯SC', 'score': '1-1', 'selected_team': '开罗纳萨', 'settlement': '黑', 'water': 0.7, 'pnl_1u': -1.0, 'roi': -1.0, 'line': '0.5', 'action': 'V4ShadowOnly；real_money=false', 'source': 'D:\\codex\\v3_legacy\\outputs\\football_odds_trader\\raw\\titan007\\20261008\\20261008_074021_titan007_odds_snapshot.csv'}, {'date': '2026-10-08', 'match': '哈伊赫多 vs 斯卡哈迪德', 'score': '1-1', 'selected_team': '哈伊赫多', 'settlement': '黑', 'water': 0.87, 'pnl_1u': -1.0, 'roi': -1.0, 'line': '0.75', 'action': 'V4ShadowOnly；real_money=false', 'source': 'D:\\codex\\v3_legacy\\outputs\\football_odds_trader\\raw\\titan007\\20261008\\20261008_074021_titan007_odds_snapshot.csv'}, {'date': '2026-10-08', 'match': '马萨尔FC vs El达克尔野', 'score': '3-1', 'selected_team': '马萨尔FC', 'settlement': '红', 'water': 0.95, 'pnl_1u': 0.95, 'roi': 0.95, 'line': '1', 'action': 'V4ShadowOnly；real_money=false', 'source': 'D:\\codex\\v3_legacy\\outputs\\football_odds_trader\\raw\\titan007\\20261008\\20261008_074021_titan007_odds_snapshot.csv'}, {'date': '2026-10-08', 'match': '三角洲联 vs 达雅洛特', 'score': '0-1', 'selected_team': '三角洲联', 'settlement': '黑', 'water': 0.8, 'pnl_1u': -1.0, 'roi': -1.0, 'line': '0.5', 'action': 'V4ShadowOnly；real_money=false', 'source': 'D:\\codex\\v3_legacy\\outputs\\football_odds_trader\\raw\\titan007\\20261008\\20261008_074021_titan007_odds_snapshot.csv'}, {'date': '2026-10-08', 'match': '特萨纳体育 vs 卡巴阿斯玛利', 'score': '2-2', 'selected_team': '特萨纳体育', 'settlement': '半红', 'water': 0.7, 'pnl_1u': 0.35, 'roi': 0.35, 'line': '-0.25', 'action': 'V4ShadowOnly；real_money=false', 'source': 'D:\\codex\\v3_legacy\\outputs\\football_odds_trader\\raw\\titan007\\20261008\\20261008_074021_titan007_odds_snapshot.csv'}]"
V4,2026-10-09,2952366,塔吉克联,时间待核,FK帕沃兹 vs 古赞特,,,0,0,0,0,0,0,,,,0,,,list_date < 2026-10-09,[]
V4,2026-10-09,2952367,塔吉克联,时间待核,萨多图尔松佐达 vs 埃斯卡塔,,,0,0,0,0,0,0,,,,0,,,list_date < 2026-10-09,[]
V4,2026-10-09,3098527,沙地乙,时间待核,扩塔禾 vs 艾尔赖扬,,,0,0,0,0,0,0,,,,0,,,list_date < 2026-10-09,[]
V4,2026-10-09,3098528,沙地乙,时间待核,白贝什 vs 艾因巴哈,,,0,0,0,0,0,0,,,,0,,,list_date < 2026-10-09,[]
V4,2026-10-09,3098529,沙地乙,时间待核,阿拉尔 vs 姆达哈瑞,,,0,0,0,0,0,0,,,,0,,,list_date < 2026-10-09,[]
V4,2026-10-09,3099128,马来A1联,时间待核,吉兰丹WTS FC vs 雪兰莪大学AAK,,,0,0,0,0,0,0,,,,0,,,list_date < 2026-10-09,[]
V4,2026-10-09,3098530,沙地乙,时间待核,卡拉赫 vs 禾特恩,,,0,0,0,0,0,0,,,,0,,,list_date < 2026-10-09,[]
V4,2026-10-09,3061517,女欧U19,时间待核,西班牙女足U19 vs 以色列女足U19,,,1,1,0,0,0,0,1.0,0.9,0.9,1,,,list_date < 2026-10-09,"[{'date': '2026-10-06', 'match': '罗马尼亚女足U19 vs 哈萨克斯坦女足U19', 'score': '6-1', 'selected_team': '哈萨克斯坦女足U19', 'settlement': '红', 'water': 0.9, 'pnl_1u': 0.9, 'roi': 0.9, 'line': '3.5', 'action': 'V4纸面入选-C', 'source': 'https://m.titan007.com/analy/Analysis/3061580.htm'}]"
V4,2026-10-09,3099278,阿曼联,时间待核,费加亚 vs 伊卜里,,,0,0,0,0,0,0,,,,0,,,list_date < 2026-10-09,[]
V4,2026-10-09,3001851,以甲,时间待核,阿卡夏普尔 vs 麦卡比,,,6,3,0,0,1,2,0.54545455,0.17,0.02833333,6,,,list_date < 2026-10-09,"[{'date': '2026-09-17', 'match': '特拉维夫叶胡达 vs 赫兹立亚马卡比', 'score': '1-1', 'selected_team': '赫兹立亚马卡比', 'settlement': '红', 'water': 1.05, 'pnl_1u': 1.05, 'roi': 1.05, 'line': '1', 'action': 'V4纸面入选-C', 'source': 'https://www.aiscore.com/tournament-hapoel-iksal-beitar-tel-aviv-ramla/8vmqy9iylhek9r3'}, {'date': '2026-09-24', 'match': '里雄莱锡安夏普尔 vs 阿基纳扎力', 'score': '1-0', 'selected_team': '阿基纳扎力', 'settlement': '半黑', 'water': 1.11, 'pnl_1u': -0.5, 'roi': -0.5, 'line': '0.75', 'action': 'V4最新页面A/B/C候选', 'source': 'https://simondongxiao.github.io/odds/v4/'}, {'date': '2026-10-01', 'match': '奇亚亚蒙SC vs 法萨巴夏普尔', 'score': '2-0', 'selected_team': '奇亚亚蒙SC', 'settlement': '红', 'water': 0.84, 'pnl_1u': 0.84, 'roi': 0.84, 'line': '0.75', 'action': 'V4纸面入选-B', 'source': 'https://m.titan007.com/analy/Analysis/3001846.htm'}, {'date': '2026-10-01', 'match': '麦卡比 vs 夏雷姆', 'score': '1-2', 'selected_team': '', 'settlement': '黑', 'water': 0.75, 'pnl_1u': -1.0, 'roi': -1.0, 'line': '', 'action': 'V4纸面入选-C', 'source': 'https://m.titan007.com/analy/Analysis/3001847.htm'}, {'date': '2026-10-01', 'match': '卡比利奥马卡比 vs 阿卡夏普尔', 'score': '1-0', 'selected_team': '卡比利奥马卡比', 'settlement': '红', 'water': 0.78, 'pnl_1u': 0.78, 'roi': 0.78, 'line': '0.5', 'action': 'V4纸面入选-C', 'source': 'https://m.titan007.com/analy/Analysis/3001848.htm'}, {'date': '2026-10-01', 'match': '阿基纳扎力 vs 莫迪恩', 'score': '1-2', 'selected_team': '阿基纳扎力', 'settlement': '黑', 'water': 0.96, 'pnl_1u': -1.0, 'roi': -1.0, 'line': '0.25', 'action': 'V4纸面入选-C', 'source': 'https://m.titan007.com/analy/Analysis/3001849.htm'}]"
V4,2026-10-09,3001852,以甲,时间待核,法萨巴夏普尔 vs 阿舒多,,,6,3,0,0,1,2,0.54545455,0.17,0.02833333,6,,,list_date < 2026-10-09,"[{'date': '2026-09-17', 'match': '特拉维夫叶胡达 vs 赫兹立亚马卡比', 'score': '1-1', 'selected_team': '赫兹立亚马卡比', 'settlement': '红', 'water': 1.05, 'pnl_1u': 1.05, 'roi': 1.05, 'line': '1', 'action': 'V4纸面入选-C', 'source': 'https://www.aiscore.com/tournament-hapoel-iksal-beitar-tel-aviv-ramla/8vmqy9iylhek9r3'}, {'date': '2026-09-24', 'match': '里雄莱锡安夏普尔 vs 阿基纳扎力', 'score': '1-0', 'selected_team': '阿基纳扎力', 'settlement': '半黑', 'water': 1.11, 'pnl_1u': -0.5, 'roi': -0.5, 'line': '0.75', 'action': 'V4最新页面A/B/C候选', 'source': 'https://simondongxiao.github.io/odds/v4/'}, {'date': '2026-10-01', 'match': '奇亚亚蒙SC vs 法萨巴夏普尔', 'score': '2-0', 'selected_team': '奇亚亚蒙SC', 'settlement': '红', 'water': 0.84, 'pnl_1u': 0.84, 'roi': 0.84, 'line': '0.75', 'action': 'V4纸面入选-B', 'source': 'https://m.titan007.com/analy/Analysis/3001846.htm'}, {'date': '2026-10-01', 'match': '麦卡比 vs 夏雷姆', 'score': '1-2', 'selected_team': '', 'settlement': '黑', 'water': 0.75, 'pnl_1u': -1.0, 'roi': -1.0, 'line': '', 'action': 'V4纸面入选-C', 'source': 'https://m.titan007.com/analy/Analysis/3001847.htm'}, {'date': '2026-10-01', 'match': '卡比利奥马卡比 vs 阿卡夏普尔', 'score': '1-0', 'selected_team': '卡比利奥马卡比', 'settlement': '红', 'water': 0.78, 'pnl_1u': 0.78, 'roi': 0.78, 'line': '0.5', 'action': 'V4纸面入选-C', 'source': 'https://m.titan007.com/analy/Analysis/3001848.htm'}, {'date': '2026-10-01', 'match': '阿基纳扎力 vs 莫迪恩', 'score': '1-2', 'selected_team': '阿基纳扎力', 'settlement': '黑', 'water': 0.96, 'pnl_1u': -1.0, 'roi': -1.0, 'line': '0.25', 'action': 'V4纸面入选-C', 'source': 'https://m.titan007.com/analy/Analysis/3001849.htm'}]"
V4,2026-10-09,3001854,以甲,时间待核,里雄莱锡安夏普尔 vs 卡比利奥马卡比,,,6,3,0,0,1,2,0.54545455,0.17,0.02833333,6,,,list_date < 2026-10-09,"[{'date': '2026-09-17', 'match': '特拉维夫叶胡达 vs 赫兹立亚马卡比', 'score': '1-1', 'selected_team': '赫兹立亚马卡比', 'settlement': '红', 'water': 1.05, 'pnl_1u': 1.05, 'roi': 1.05, 'line': '1', 'action': 'V4纸面入选-C', 'source': 'https://www.aiscore.com/tournament-hapoel-iksal-beitar-tel-aviv-ramla/8vmqy9iylhek9r3'}, {'date': '2026-09-24', 'match': '里雄莱锡安夏普尔 vs 阿基纳扎力', 'score': '1-0', 'selected_team': '阿基纳扎力', 'settlement': '半黑', 'water': 1.11, 'pnl_1u': -0.5, 'roi': -0.5, 'line': '0.75', 'action': 'V4最新页面A/B/C候选', 'source': 'https://simondongxiao.github.io/odds/v4/'}, {'date': '2026-10-01', 'match': '奇亚亚蒙SC vs 法萨巴夏普尔', 'score': '2-0', 'selected_team': '奇亚亚蒙SC', 'settlement': '红', 'water': 0.84, 'pnl_1u': 0.84, 'roi': 0.84, 'line': '0.75', 'action': 'V4纸面入选-B', 'source': 'https://m.titan007.com/analy/Analysis/3001846.htm'}, {'date': '2026-10-01', 'match': '麦卡比 vs 夏雷姆', 'score': '1-2', 'selected_team': '', 'settlement': '黑', 'water': 0.75, 'pnl_1u': -1.0, 'roi': -1.0, 'line': '', 'action': 'V4纸面入选-C', 'source': 'https://m.titan007.com/analy/Analysis/3001847.htm'}, {'date': '2026-10-01', 'match': '卡比利奥马卡比 vs 阿卡夏普尔', 'score': '1-0', 'selected_team': '卡比利奥马卡比', 'settlement': '红', 'water': 0.78, 'pnl_1u': 0.78, 'roi': 0.78, 'line': '0.5', 'action': 'V4纸面入选-C', 'source': 'https://m.titan007.com/analy/Analysis/3001848.htm'}, {'date': '2026-10-01', 'match': '阿基纳扎力 vs 莫迪恩', 'score': '1-2', 'selected_team': '阿基纳扎力', 'settlement': '黑', 'water': 0.96, 'pnl_1u': -1.0, 'roi': -1.0, 'line': '0.25', 'action': 'V4纸面入选-C', 'source': 'https://m.titan007.com/analy/Analysis/3001849.htm'}]"
V4,2026-10-09,3001855,以甲,时间待核,莫迪恩 vs 阿富拉夏普尔,,,6,3,0,0,1,2,0.54545455,0.17,0.02833333,6,,,list_date < 2026-10-09,"[{'date': '2026-09-17', 'match': '特拉维夫叶胡达 vs 赫兹立亚马卡比', 'score': '1-1', 'selected_team': '赫兹立亚马卡比', 'settlement': '红', 'water': 1.05, 'pnl_1u': 1.05, 'roi': 1.05, 'line': '1', 'action': 'V4纸面入选-C', 'source': 'https://www.aiscore.com/tournament-hapoel-iksal-beitar-tel-aviv-ramla/8vmqy9iylhek9r3'}, {'date': '2026-09-24', 'match': '里雄莱锡安夏普尔 vs 阿基纳扎力', 'score': '1-0', 'selected_team': '阿基纳扎力', 'settlement': '半黑', 'water': 1.11, 'pnl_1u': -0.5, 'roi': -0.5, 'line': '0.75', 'action': 'V4最新页面A/B/C候选', 'source': 'https://simondongxiao.github.io/odds/v4/'}, {'date': '2026-10-01', 'match': '奇亚亚蒙SC vs 法萨巴夏普尔', 'score': '2-0', 'selected_team': '奇亚亚蒙SC', 'settlement': '红', 'water': 0.84, 'pnl_1u': 0.84, 'roi': 0.84, 'line': '0.75', 'action': 'V4纸面入选-B', 'source': 'https://m.titan007.com/analy/Analysis/3001846.htm'}, {'date': '2026-10-01', 'match': '麦卡比 vs 夏雷姆', 'score': '1-2', 'selected_team': '', 'settlement': '黑', 'water': 0.75, 'pnl_1u': -1.0, 'roi': -1.0, 'line': '', 'action': 'V4纸面入选-C', 'source': 'https://m.titan007.com/analy/Analysis/3001847.htm'}, {'date': '2026-10-01', 'match': '卡比利奥马卡比 vs 阿卡夏普尔', 'score': '1-0', 'selected_team': '卡比利奥马卡比', 'settlement': '红', 'water': 0.78, 'pnl_1u': 0.78, 'roi': 0.78, 'line': '0.5', 'action': 'V4纸面入选-C', 'source': 'https://m.titan007.com/analy/Analysis/3001848.htm'}, {'date': '2026-10-01', 'match': '阿基纳扎力 vs 莫迪恩', 'score': '1-2', 'selected_team': '阿基纳扎力', 'settlement': '黑', 'water': 0.96, 'pnl_1u': -1.0, 'roi': -1.0, 'line': '0.25', 'action': 'V4纸面入选-C', 'source': 'https://m.titan007.com/analy/Analysis/3001849.htm'}]"
V4,2026-10-09,3001856,以甲,时间待核,凯尔耶特 vs 奇亚亚蒙SC,,,6,3,0,0,1,2,0.54545455,0.17,0.02833333,6,,,list_date < 2026-10-09,"[{'date': '2026-09-17', 'match': '特拉维夫叶胡达 vs 赫兹立亚马卡比', 'score': '1-1', 'selected_team': '赫兹立亚马卡比', 'settlement': '红', 'water': 1.05, 'pnl_1u': 1.05, 'roi': 1.05, 'line': '1', 'action': 'V4纸面入选-C', 'source': 'https://www.aiscore.com/tournament-hapoel-iksal-beitar-tel-aviv-ramla/8vmqy9iylhek9r3'}, {'date': '2026-09-24', 'match': '里雄莱锡安夏普尔 vs 阿基纳扎力', 'score': '1-0', 'selected_team': '阿基纳扎力', 'settlement': '半黑', 'water': 1.11, 'pnl_1u': -0.5, 'roi': -0.5, 'line': '0.75', 'action': 'V4最新页面A/B/C候选', 'source': 'https://simondongxiao.github.io/odds/v4/'}, {'date': '2026-10-01', 'match': '奇亚亚蒙SC vs 法萨巴夏普尔', 'score': '2-0', 'selected_team': '奇亚亚蒙SC', 'settlement': '红', 'water': 0.84, 'pnl_1u': 0.84, 'roi': 0.84, 'line': '0.75', 'action': 'V4纸面入选-B', 'source': 'https://m.titan007.com/analy/Analysis/3001846.htm'}, {'date': '2026-10-01', 'match': '麦卡比 vs 夏雷姆', 'score': '1-2', 'selected_team': '', 'settlement': '黑', 'water': 0.75, 'pnl_1u': -1.0, 'roi': -1.0, 'line': '', 'action': 'V4纸面入选-C', 'source': 'https://m.titan007.com/analy/Analysis/3001847.htm'}, {'date': '2026-10-01', 'match': '卡比利奥马卡比 vs 阿卡夏普尔', 'score': '1-0', 'selected_team': '卡比利奥马卡比', 'settlement': '红', 'water': 0.78, 'pnl_1u': 0.78, 'roi': 0.78, 'line': '0.5', 'action': 'V4纸面入选-C', 'source': 'https://m.titan007.com/analy/Analysis/3001848.htm'}, {'date': '2026-10-01', 'match': '阿基纳扎力 vs 莫迪恩', 'score': '1-2', 'selected_team': '阿基纳扎力', 'settlement': '黑', 'water': 0.96, 'pnl_1u': -1.0, 'roi': -1.0, 'line': '0.25', 'action': 'V4纸面入选-C', 'source': 'https://m.titan007.com/analy/Analysis/3001849.htm'}]"
V4,2026-10-09,3001857,以甲,时间待核,赫兹立亚马卡比 vs 阿基纳扎力,,,6,3,0,0,1,2,0.54545455,0.17,0.02833333,6,,,list_date < 2026-10-09,"[{'date': '2026-09-17', 'match': '特拉维夫叶胡达 vs 赫兹立亚马卡比', 'score': '1-1', 'selected_team': '赫兹立亚马卡比', 'settlement': '红', 'water': 1.05, 'pnl_1u': 1.05, 'roi': 1.05, 'line': '1', 'action': 'V4纸面入选-C', 'source': 'https://www.aiscore.com/tournament-hapoel-iksal-beitar-tel-aviv-ramla/8vmqy9iylhek9r3'}, {'date': '2026-09-24', 'match': '里雄莱锡安夏普尔 vs 阿基纳扎力', 'score': '1-0', 'selected_team': '阿基纳扎力', 'settlement': '半黑', 'water': 1.11, 'pnl_1u': -0.5, 'roi': -0.5, 'line': '0.75', 'action': 'V4最新页面A/B/C候选', 'source': 'https://simondongxiao.github.io/odds/v4/'}, {'date': '2026-10-01', 'match': '奇亚亚蒙SC vs 法萨巴夏普尔', 'score': '2-0', 'selected_team': '奇亚亚蒙SC', 'settlement': '红', 'water': 0.84, 'pnl_1u': 0.84, 'roi': 0.84, 'line': '0.75', 'action': 'V4纸面入选-B', 'source': 'https://m.titan007.com/analy/Analysis/3001846.htm'}, {'date': '2026-10-01', 'match': '麦卡比 vs 夏雷姆', 'score': '1-2', 'selected_team': '', 'settlement': '黑', 'water': 0.75, 'pnl_1u': -1.0, 'roi': -1.0, 'line': '', 'action': 'V4纸面入选-C', 'source': 'https://m.titan007.com/analy/Analysis/3001847.htm'}, {'date': '2026-10-01', 'match': '卡比利奥马卡比 vs 阿卡夏普尔', 'score': '1-0', 'selected_team': '卡比利奥马卡比', 'settlement': '红', 'water': 0.78, 'pnl_1u': 0.78, 'roi': 0.78, 'line': '0.5', 'action': 'V4纸面入选-C', 'source': 'https://m.titan007.com/analy/Analysis/3001848.htm'}, {'date': '2026-10-01', 'match': '阿基纳扎力 vs 莫迪恩', 'score': '1-2', 'selected_team': '阿基纳扎力', 'settlement': '黑', 'water': 0.96, 'pnl_1u': -1.0, 'roi': -1.0, 'line': '0.25', 'action': 'V4纸面入选-C', 'source': 'https://m.titan007.com/analy/Analysis/3001849.htm'}]"
V4,2026-10-09,3001858,以甲,时间待核,卡法尔卡瑟姆 vs 特拉维夫叶胡达,,,6,3,0,0,1,2,0.54545455,0.17,0.02833333,6,,,list_date < 2026-10-09,"[{'date': '2026-09-17', 'match': '特拉维夫叶胡达 vs 赫兹立亚马卡比', 'score': '1-1', 'selected_team': '赫兹立亚马卡比', 'settlement': '红', 'water': 1.05, 'pnl_1u': 1.05, 'roi': 1.05, 'line': '1', 'action': 'V4纸面入选-C', 'source': 'https://www.aiscore.com/tournament-hapoel-iksal-beitar-tel-aviv-ramla/8vmqy9iylhek9r3'}, {'date': '2026-09-24', 'match': '里雄莱锡安夏普尔 vs 阿基纳扎力', 'score': '1-0', 'selected_team': '阿基纳扎力', 'settlement': '半黑', 'water': 1.11, 'pnl_1u': -0.5, 'roi': -0.5, 'line': '0.75', 'action': 'V4最新页面A/B/C候选', 'source': 'https://simondongxiao.github.io/odds/v4/'}, {'date': '2026-10-01', 'match': '奇亚亚蒙SC vs 法萨巴夏普尔', 'score': '2-0', 'selected_team': '奇亚亚蒙SC', 'settlement': '红', 'water': 0.84, 'pnl_1u': 0.84, 'roi': 0.84, 'line': '0.75', 'action': 'V4纸面入选-B', 'source': 'https://m.titan007.com/analy/Analysis/3001846.htm'}, {'date': '2026-10-01', 'match': '麦卡比 vs 夏雷姆', 'score': '1-2', 'selected_team': '', 'settlement': '黑', 'water': 0.75, 'pnl_1u': -1.0, 'roi': -1.0, 'line': '', 'action': 'V4纸面入选-C', 'source': 'https://m.titan007.com/analy/Analysis/3001847.htm'}, {'date': '2026-10-01', 'match': '卡比利奥马卡比 vs 阿卡夏普尔', 'score': '1-0', 'selected_team': '卡比利奥马卡比', 'settlement': '红', 'water': 0.78, 'pnl_1u': 0.78, 'roi': 0.78, 'line': '0.5', 'action': 'V4纸面入选-C', 'source': 'https://m.titan007.com/analy/Analysis/3001848.htm'}, {'date': '2026-10-01', 'match': '阿基纳扎力 vs 莫迪恩', 'score': '1-2', 'selected_team': '阿基纳扎力', 'settlement': '黑', 'water': 0.96, 'pnl_1u': -1.0, 'roi': -1.0, 'line': '0.25', 'action': 'V4纸面入选-C', 'source': 'https://m.titan007.com/analy/Analysis/3001849.htm'}]"
V4,2026-10-09,3066295,南非甲,时间待核,勒鲁莫狮子 vs 希望足球俱乐部,,,0,0,0,0,0,0,,,,0,,,list_date < 2026-10-09,[]
V4,2026-10-09,3068159,克亚乙,时间待核,雷迪塞瓦特 vs 乔登普罗克,,,0,0,0,0,0,0,,,,0,,,list_date < 2026-10-09,[]
V4,2026-10-09,3058799,布隆迪超,时间待核,国际之星 vs 黑裤,,,0,0,0,0,0,0,,,,0,,,list_date < 2026-10-09,[]
V4,2026-10-09,3100363,巴青联,时间待核,博阿维斯塔RJ青年队 vs 邦古青年队,,,1,1,0,0,0,0,1.0,1.0,1.0,1,,,list_date < 2026-10-09,"[{'date': '2026-10-06', 'match': '阿巴迪亚U20 vs 卡内杜 U20', 'score': '1-1', 'selected_team': '阿巴迪亚U20', 'settlement': '红', 'water': 1, 'pnl_1u': 1.0, 'roi': 1.0, 'line': '-0.75', 'action': 'V4纸面入选-C', 'source': 'https://m.titan007.com/analy/Analysis/3099866.htm'}]"
V4,2026-10-09,3100374,桑给超,时间待核,卡维治斯 vs 消防SC,,,0,0,0,0,0,0,,,,0,,,list_date < 2026-10-09,[]
V4,2026-10-09,3098092,国际友谊,时间待核,斯洛伐克女足U19 vs 土耳其女足U19,,,53,24,2,5,2,20,0.54347826,2.355,0.04443396,53,,,list_date < 2026-10-09,"[{'date': '2026-09-21', 'match': '多米尼克 vs 安圭拉', 'score': '1-0', 'selected_team': '多米尼克', 'settlement': '红', 'water': 0.93, 'pnl_1u': 0.93, 'roi': 0.93, 'line': '-2', 'action': 'V4最新页面A/B/C候选', 'source': 'https://www.titan007.com/'}, {'date': '2026-09-23', 'match': '秘鲁U19 vs 阿根廷U19', 'score': '0-1', 'selected_team': '秘鲁U19', 'settlement': '走', 'water': 0.96, 'pnl_1u': 0.0, 'roi': 0.0, 'line': '-1', 'action': 'V4最新页面A/B/C候选', 'source': 'https://simondongxiao.github.io/odds/v4/'}, {'date': '2026-09-24', 'match': '韩国 vs 厄瓜多尔', 'score': '3-0', 'selected_team': '韩国', 'settlement': '红', 'water': 1.05, 'pnl_1u': 1.05, 'roi': 1.05, 'line': '0.25', 'action': 'V4最新页面A/B/C候选', 'source': 'https://simondongxiao.github.io/odds/v4/'}, {'date': '2026-09-25', 'match': '澳大利亚 vs 巴西', 'score': '1-1', 'selected_team': '巴西', 'settlement': '黑', 'water': 0.81, 'pnl_1u': -1.0, 'roi': -1.0, 'line': '-1.5', 'action': 'V4最新页面A/B/C候选', 'source': 'https://simondongxiao.github.io/odds/v4/'}, {'date': '2026-09-26', 'match': '美国 vs 秘鲁', 'score': '4-1', 'selected_team': '秘鲁', 'settlement': '黑', 'water': 0.93, 'pnl_1u': -1.0, 'roi': -1.0, 'line': '1', 'action': 'V4最新页面A/B/C候选', 'source': 'https://simondongxiao.github.io/odds/v4/'}, {'date': '2026-09-27', 'match': '中国 vs 新西兰', 'score': '0-3', 'selected_team': '新西兰', 'settlement': '红', 'water': 1.03, 'pnl_1u': 1.03, 'roi': 1.03, 'line': '-0.25', 'action': 'V4最新页面A/B/C候选', 'source': 'https://simondongxiao.github.io/odds/v4/'}, {'date': '2026-09-27', 'match': '德国U19(中) vs 乌克兰U19', 'score': '0-0', 'selected_team': '乌克兰U19', 'settlement': '红', 'water': 0.95, 'pnl_1u': 0.95, 'roi': 0.95, 'line': '1', 'action': 'V4最新页面A/B/C候选', 'source': 'https://simondongxiao.github.io/odds/v4/'}, {'date': '2026-09-27', 'match': '约旦 vs 叙利亚', 'score': '1-1', 'selected_team': '叙利亚', 'settlement': '红', 'water': 0.94, 'pnl_1u': 0.94, 'roi': 0.94, 'line': '1', 'action': 'V4最新页面A/B/C候选', 'source': 'https://simondongxiao.github.io/odds/v4/'}, {'date': '2026-09-27', 'match': '玻利维亚(中) vs 巴拉圭', 'score': '0-2', 'selected_team': '巴拉圭', 'settlement': '红', 'water': 0.98, 'pnl_1u': 0.98, 'roi': 0.98, 'line': '-1.25', 'action': 'V4最新页面A/B/C候选', 'source': 'https://simondongxiao.github.io/odds/v4/'}, {'date': '2026-09-28', 'match': '哈萨克斯坦U19 vs 瑞士U19', 'score': '1-2', 'selected_team': '哈萨克斯坦U19', 'settlement': '半黑', 'water': 1.07, 'pnl_1u': -0.5, 'roi': -0.5, 'line': '-0.75', 'action': 'V4ff7d4e5版本A/B/C候选', 'source': 'https://simondongxiao.github.io/odds/v4/?v=ff7d4e5'}, {'date': '2026-09-28', 'match': '日本 vs 委内瑞拉', 'score': '2-1', 'selected_team': '日本', 'settlement': '黑', 'water': 0.98, 'pnl_1u': -1.0, 'roi': -1.0, 'line': '1.75', 'action': 'V4ff7d4e5版本A/B/C候选', 'source': 'https://simondongxiao.github.io/odds/v4/?v=ff7d4e5'}, {'date': '2026-09-28', 'match': '吉尔吉斯斯坦 vs 马尔代夫', 'score': '5-0', 'selected_team': '吉尔吉斯斯坦', 'settlement': '红', 'water': 0.97, 'pnl_1u': 0.97, 'roi': 0.97, 'line': '3', 'action': 'V4ff7d4e5版本A/B/C候选', 'source': 'https://simondongxiao.github.io/odds/v4/?v=ff7d4e5'}, {'date': '2026-09-29', 'match': '斐济女足 vs 新喀里多尼亚女足', 'score': '1-0', 'selected_team': '新喀里多尼亚女足', 'settlement': '半红', 'water': 1.19, 'pnl_1u': 0.595, 'roi': 0.595, 'line': '1.25', 'action': 'V4纸面入选-C', 'source': 'https://m.titan007.com/analy/Analysis/3094943.htm'}, {'date': '2026-09-29', 'match': '美国U19(中) vs 威尔士U19', 'score': '2-0', 'selected_team': '美国U19(中)', 'settlement': '红', 'water': 0.78, 'pnl_1u': 0.78, 'roi': 0.78, 'line': '1.5', 'action': 'V4纸面入选-C', 'source': 'https://m.titan007.com/analy/Analysis/3094944.htm'}, {'date': '2026-09-29', 'match': '墨西哥(中) vs 秘鲁', 'score': '1-1', 'selected_team': '秘鲁', 'settlement': '红', 'water': 1.02, 'pnl_1u': 1.02, 'roi': 1.02, 'line': '1', 'action': 'V4纸面入选-C', 'source': 'https://m.titan007.com/analy/Analysis/3094999.htm'}, {'date': '2026-09-30', 'match': '芬兰U19 vs 德国U19', 'score': '1-2', 'selected_team': '', 'settlement': '黑', 'water': 0.82, 'pnl_1u': -1.0, 'roi': -1.0, 'line': '', 'action': 'V4纸面入选-C', 'source': 'https://m.titan007.com/analy/Analysis/3095002.htm'}, {'date': '2026-09-30', 'match': '塞舌尔 vs 斯里兰卡', 'score': '0-2', 'selected_team': '', 'settlement': '黑', 'water': 0.82, 'pnl_1u': -1.0, 'roi': -1.0, 'line': '', 'action': 'V4纸面入选-C', 'source': 'https://m.titan007.com/analy/Analysis/3096174.htm'}, {'date': '2026-09-30', 'match': '立陶宛 vs 安道尔', 'score': '3-0', 'selected_team': '立陶宛', 'settlement': '红', 'water': 0.82, 'pnl_1u': 0.82, 'roi': 0.82, 'line': '0.75', 'action': 'V4纸面入选-C', 'source': 'https://m.titan007.com/analy/Analysis/3096176.htm'}, {'date': '2026-09-30', 'match': '阿根廷 vs 玻利维亚', 'score': '4-0', 'selected_team': '', 'settlement': '红', 'water': 1.04, 'pnl_1u': 1.04, 'roi': 1.04, 'line': '', 'action': 'V4纸面入选-C', 'source': 'https://m.titan007.com/analy/Analysis/3095418.htm'}, {'date': '2026-10-01', 'match': '波兰U19 vs 哈萨克斯坦U19', 'score': '3-0', 'selected_team': '', 'settlement': '红', 'water': 0.92, 'pnl_1u': 0.92, 'roi': 0.92, 'line': '', 'action': 'V4纸面入选-C', 'source': 'https://m.titan007.com/analy/Analysis/3095233.htm'}, {'date': '2026-10-01', 'match': '法国U19 vs 土耳其U19', 'score': '2-1', 'selected_team': '', 'settlement': '红', 'water': 0.84, 'pnl_1u': 0.84, 'roi': 0.84, 'line': '', 'action': 'V4纸面入选-C', 'source': 'https://m.titan007.com/analy/Analysis/3095234.htm'}, {'date': '2026-10-01', 'match': '乌兹别克斯坦 vs 叙利亚', 'score': '4-1', 'selected_team': '乌兹别克斯坦', 'settlement': '红', 'water': 0.95, 'pnl_1u': 0.95, 'roi': 0.95, 'line': '1.5', 'action': 'V4纸面入选-C', 'source': 'https://m.titan007.com/analy/Analysis/3095240.htm'}, {'date': '2026-10-01', 'match': '卡塔尔U19 vs 爱尔兰U19', 'score': '1-1', 'selected_team': '', 'settlement': '走', 'water': 0.67, 'pnl_1u': 0.0, 'roi': 0.0, 'line': '', 'action': 'V4纸面入选-C', 'source': 'https://m.titan007.com/analy/Analysis/3095241.htm'}, {'date': '2026-10-01', 'match': '美国U20 vs 巴西U20', 'score': '0-2', 'selected_team': '巴西U20', 'settlement': '黑', 'water': 0.84, 'pnl_1u': -1.0, 'roi': -1.0, 'line': '-0.5', 'action': 'V4纸面入选-C', 'source': 'https://m.titan007.com/analy/Analysis/3095245.htm'}, {'date': '2026-10-02', 'match': '韩国 vs 委内瑞拉', 'score': '0-0', 'selected_team': '', 'settlement': '走', 'water': 0.93, 'pnl_1u': 0.0, 'roi': 0.0, 'line': '', 'action': 'V4纸面入选-C', 'source': 'https://m.titan007.com/analy/Analysis/3095568.htm'}, {'date': '2026-10-02', 'match': '哥伦比亚(中) vs 巴拉圭', 'score': '0-1', 'selected_team': '', 'settlement': '黑', 'water': 0.9, 'pnl_1u': -1.0, 'roi': -1.0, 'line': '', 'action': 'V4纸面入选-C', 'source': 'https://m.titan007.com/analy/Analysis/3095650.htm'}, {'date': '2026-10-03', 'match': '印度 vs 巴西', 'score': '0-4', 'selected_team': '印度', 'settlement': '半黑', 'water': 1.06, 'pnl_1u': -0.5, 'roi': -0.5, 'line': '-3.75', 'action': 'V4纸面入选-C', 'source': 'https://m.titan007.com/analy/Analysis/3096945.htm'}, {'date': '2026-10-03', 'match': '俄罗斯 vs 纳米比亚', 'score': '6-0', 'selected_team': '俄罗斯', 'settlement': '红', 'water': 0.85, 'pnl_1u': 0.85, 'roi': 0.85, 'line': '2.25', 'action': 'V4纸面入选-C', 'source': 'https://m.titan007.com/analy/Analysis/3096957.htm'}, {'date': '2026-10-03', 'match': '加拿大 vs 秘鲁', 'score': '2-0', 'selected_team': '加拿大', 'settlement': '红', 'water': 1.04, 'pnl_1u': 1.04, 'roi': 1.04, 'line': '1', 'action': 'V4纸面入选-C', 'source': 'https://m.titan007.com/analy/Analysis/3096091.htm'}, {'date': '2026-10-03', 'match': '科特迪瓦 vs 喀麦隆', 'score': '0-1', 'selected_team': '科特迪瓦', 'settlement': '黑', 'water': 1.02, 'pnl_1u': -1.0, 'roi': -1.0, 'line': '0.75', 'action': 'V4纸面入选-C', 'source': 'https://m.titan007.com/analy/Analysis/3096089.htm'}, {'date': '2026-10-04', 'match': '巴西U20 vs 墨西哥U20', 'score': '4-0', 'selected_team': '巴西U20', 'settlement': '红', 'water': 0.98, 'pnl_1u': 0.98, 'roi': 0.98, 'line': '0.5', 'action': 'V4纸面入选-C', 'source': 'https://m.titan007.com/analy/Analysis/3096443.htm'}, {'date': '2026-10-04', 'match': '丹麦U20 vs 美国U20', 'score': '3-3', 'selected_team': '丹麦U20', 'settlement': '半红', 'water': 0.9, 'pnl_1u': 0.45, 'roi': 0.45, 'line': '-0.25', 'action': 'V4纸面入选-C', 'source': 'https://m.titan007.com/analy/Analysis/3096449.htm'}, {'date': '2026-10-04', 'match': '埃及 vs 南非', 'score': '0-1', 'selected_team': '埃及', 'settlement': '黑', 'water': 0.79, 'pnl_1u': -1.0, 'roi': -1.0, 'line': '0.5', 'action': 'V4纸面入选-C', 'source': 'https://m.titan007.com/analy/Analysis/3097227.htm'}, {'date': '2026-10-04', 'match': '摩洛哥 vs 马里', 'score': '1-1', 'selected_team': '摩洛哥', 'settlement': '黑', 'water': 0.9, 'pnl_1u': -1.0, 'roi': -1.0, 'line': '1.25', 'action': 'V4纸面入选-C', 'source': 'https://m.titan007.com/analy/Analysis/3097230.htm'}, {'date': '2026-10-05', 'match': '巴拿马 vs 厄瓜多尔', 'score': '1-1', 'selected_team': '巴拿马', 'settlement': '红', 'water': 0.99, 'pnl_1u': 0.99, 'roi': 0.99, 'line': '-0.75', 'action': 'V4纸面入选-C', 'source': 'https://m.titan007.com/analy/Analysis/3097300.htm'}, {'date': '2026-10-05', 'match': '日本 vs 新西兰', 'score': '2-1', 'selected_team': '日本', 'settlement': '黑', 'water': 1, 'pnl_1u': -1.0, 'roi': -1.0, 'line': '2', 'action': 'V4纸面入选-C', 'source': 'https://m.titan007.com/analy/Analysis/3097301.htm'}, {'date': '2026-10-05', 'match': '英格兰U19 vs 比利时U19', 'score': '0-1', 'selected_team': '英格兰U19', 'settlement': '黑', 'water': 0.85, 'pnl_1u': -1.0, 'roi': -1.0, 'line': '1.25', 'action': 'V4纸面入选-C', 'source': 'https://m.titan007.com/analy/Analysis/3097293.htm'}, {'date': '2026-10-05', 'match': '乌干达 vs 刚果民主共和国', 'score': '1-1', 'selected_team': '乌干达', 'settlement': '红', 'water': 0.95, 'pnl_1u': 0.95, 'roi': 0.95, 'line': '-0.5', 'action': 'V4纸面入选-C', 'source': 'https://m.titan007.com/analy/Analysis/3097741.htm'}, {'date': '2026-10-05', 'match': '黑山U19 vs 以色列U19', 'score': '0-1', 'selected_team': '黑山U19', 'settlement': '黑', 'water': 0.78, 'pnl_1u': -1.0, 'roi': -1.0, 'line': '-0.5', 'action': 'V4纸面入选-C', 'source': 'https://m.titan007.com/analy/Analysis/3097742.htm'}, {'date': '2026-10-05', 'match': '格鲁吉亚U19 vs 拉脱维亚U19', 'score': '1-1', 'selected_team': '', 'settlement': '走', 'water': 0.75, 'pnl_1u': 0.0, 'roi': 0.0, 'line': '', 'action': 'V4纸面入选-C', 'source': 'https://m.titan007.com/analy/Analysis/3097745.htm'}, {'date': '2026-10-05', 'match': '塞尔维亚U21 vs 俄罗斯U21', 'score': '2-1', 'selected_team': '塞尔维亚U21', 'settlement': '红', 'water': 0.8, 'pnl_1u': 0.8, 'roi': 0.8, 'line': '-0.25', 'action': 'V4纸面入选-C', 'source': 'https://m.titan007.com/analy/Analysis/3097747.htm'}, {'date': '2026-10-06', 'match': '沙特阿拉伯U20 vs 亚美尼亚U20', 'score': '0-0', 'selected_team': '沙特阿拉伯U20', 'settlement': '黑', 'water': 1, 'pnl_1u': -1.0, 'roi': -1.0, 'line': '1.25', 'action': 'V4纸面入选-C', 'source': 'https://m.titan007.com/analy/Analysis/3097372.htm'}, {'date': '2026-10-06', 'match': '韩国 vs 乌兹别克斯坦', 'score': '2-0', 'selected_team': '韩国', 'settlement': '红', 'water': 0.94, 'pnl_1u': 0.94, 'roi': 0.94, 'line': '0.75', 'action': 'V4纸面入选-C', 'source': 'https://m.titan007.com/analy/Analysis/3097375.htm'}, {'date': '2026-10-06', 'match': '中国 vs 塔吉克斯坦', 'score': '0-1', 'selected_team': '中国', 'settlement': '黑', 'water': 1, 'pnl_1u': -1.0, 'roi': -1.0, 'line': '0.75', 'action': 'V4纸面入选-C', 'source': 'https://m.titan007.com/analy/Analysis/3091499.htm'}, {'date': '2026-10-06', 'match': '葡萄牙U19 vs 奥地利U19', 'score': '4-0', 'selected_team': '葡萄牙U19', 'settlement': '红', 'water': 0.87, 'pnl_1u': 0.87, 'roi': 0.87, 'line': '0.5', 'action': 'V4纸面入选-C', 'source': 'https://m.titan007.com/analy/Analysis/3097381.htm'}, {'date': '2026-10-06', 'match': '印度(中) vs 乌拉圭', 'score': '1-6', 'selected_team': '印度(中)', 'settlement': '黑', 'water': 0.91, 'pnl_1u': -1.0, 'roi': -1.0, 'line': '-3.5', 'action': 'V4纸面入选-C', 'source': 'https://m.titan007.com/analy/Analysis/3097388.htm'}, {'date': '2026-10-06', 'match': '俄罗斯 vs 尼日利亚', 'score': '3-3', 'selected_team': '俄罗斯', 'settlement': '黑', 'water': 0.91, 'pnl_1u': -1.0, 'roi': -1.0, 'line': '1', 'action': 'V4纸面入选-C', 'source': 'https://m.titan007.com/analy/Analysis/3097390.htm'}, {'date': '2026-10-06', 'match': '约旦 vs 委内瑞拉', 'score': '0-0', 'selected_team': '', 'settlement': '走', 'water': 0.89, 'pnl_1u': 0.0, 'roi': 0.0, 'line': '', 'action': 'V4纸面入选-C', 'source': 'https://m.titan007.com/analy/Analysis/3097384.htm'}, {'date': '2026-10-06', 'match': '阿尔及利亚 vs 尼日尔', 'score': '2-1', 'selected_team': '阿尔及利亚', 'settlement': '黑', 'water': 0.87, 'pnl_1u': -1.0, 'roi': -1.0, 'line': '1.75', 'action': 'V4纸面入选-C', 'source': 'https://m.titan007.com/analy/Analysis/3097385.htm'}, {'date': '2026-10-06', 'match': '阿根廷(中) vs 贝宁', 'score': '0-0', 'selected_team': '贝宁', 'settlement': '红', 'water': 0.87, 'pnl_1u': 0.87, 'roi': 0.87, 'line': '4.5', 'action': 'V4纸面入选-C', 'source': 'https://m.titan007.com/analy/Analysis/3097387.htm'}, {'date': '2026-10-06', 'match': '哥伦比亚(中) vs 秘鲁', 'score': '0-0', 'selected_team': '哥伦比亚(中)', 'settlement': '黑', 'water': 0.9, 'pnl_1u': -1.0, 'roi': -1.0, 'line': '1.25', 'action': 'V4纸面入选-C', 'source': 'https://m.titan007.com/analy/Analysis/3097386.htm'}, {'date': '2026-10-06', 'match': '美国(中) vs 加拿大', 'score': '1-0', 'selected_team': '美国(中)', 'settlement': '红', 'water': 0.8, 'pnl_1u': 0.8, 'roi': 0.8, 'line': '0.5', 'action': 'V4纸面入选-C', 'source': 'https://m.titan007.com/analy/Analysis/3097883.htm'}, {'date': '2026-10-07', 'match': '墨西哥(中) vs 智利', 'score': '0-2', 'selected_team': '墨西哥(中)', 'settlement': '黑', 'water': 1, 'pnl_1u': -1.0, 'roi': -1.0, 'line': '1', 'action': 'V4纸面入选-C', 'source': 'https://m.titan007.com/analy/Analysis/3097882.htm'}]"
V4,2026-10-09,3098036,女奥非预,时间待核,马拉维女足 vs 津巴布韦女足,,,0,0,0,0,0,0,,,,0,,,list_date < 2026-10-09,[]
V4,2026-10-09,3100367,巴拉丙,时间待核,哥伦比亚体育会 vs 奥杜巴雷,,,3,1,0,1,0,1,0.5,-0.22,-0.07333333,3,,,list_date < 2026-10-09,"[{'date': '2026-09-30', 'match': '克里斯托巴尔科隆JAS vs 巴拉圭河床', 'score': '0-3', 'selected_team': '巴拉圭河床', 'settlement': '黑', 'water': 0.87, 'pnl_1u': -1.0, 'roi': -1.0, 'line': '-1', 'action': 'V4纸面入选-B', 'source': 'https://m.titan007.com/analy/Analysis/3096655.htm'}, {'date': '2026-09-30', 'match': '费布雷诺 vs 林皮奥人体育', 'score': '2-2', 'selected_team': '', 'settlement': '走', 'water': 0.94, 'pnl_1u': 0.0, 'roi': 0.0, 'line': '', 'action': 'V4纸面入选-C', 'source': 'https://m.titan007.com/analy/Analysis/3096660.htm'}, {'date': '2026-10-05', 'match': '锡尔维奥佩蒂罗西 vs 克里斯托巴尔科隆JAS', 'score': '2-1', 'selected_team': '', 'settlement': '红', 'water': 0.78, 'pnl_1u': 0.78, 'roi': 0.78, 'line': '', 'action': 'V4纸面入选-C', 'source': 'https://m.titan007.com/analy/Analysis/3099075.htm'}]"
V4,2026-10-09,3100368,巴拉丙,时间待核,巴拉圭河床 vs 锡尔维奥佩蒂罗西,,,3,1,0,1,0,1,0.5,-0.22,-0.07333333,3,,,list_date < 2026-10-09,"[{'date': '2026-09-30', 'match': '克里斯托巴尔科隆JAS vs 巴拉圭河床', 'score': '0-3', 'selected_team': '巴拉圭河床', 'settlement': '黑', 'water': 0.87, 'pnl_1u': -1.0, 'roi': -1.0, 'line': '-1', 'action': 'V4纸面入选-B', 'source': 'https://m.titan007.com/analy/Analysis/3096655.htm'}, {'date': '2026-09-30', 'match': '费布雷诺 vs 林皮奥人体育', 'score': '2-2', 'selected_team': '', 'settlement': '走', 'water': 0.94, 'pnl_1u': 0.0, 'roi': 0.0, 'line': '', 'action': 'V4纸面入选-C', 'source': 'https://m.titan007.com/analy/Analysis/3096660.htm'}, {'date': '2026-10-05', 'match': '锡尔维奥佩蒂罗西 vs 克里斯托巴尔科隆JAS', 'score': '2-1', 'selected_team': '', 'settlement': '红', 'water': 0.78, 'pnl_1u': 0.78, 'roi': 0.78, 'line': '', 'action': 'V4纸面入选-C', 'source': 'https://m.titan007.com/analy/Analysis/3099075.htm'}]"
V4,2026-10-09,3032927,阿联酋甲,时间待核,阿尔咸拉 vs 富查伊拉,,,3,0,0,1,0,2,0.0,-2.0,-0.66666667,3,,,list_date < 2026-10-09,"[{'date': '2026-09-18', 'match': '阿尔富伊拉 vs 迪巴', 'score': '1-2', 'selected_team': '阿尔富伊拉', 'settlement': '黑', 'water': 1.06, 'pnl_1u': -1.0, 'roi': -1.0, 'line': '-0.25', 'action': 'V4纸面入选-C', 'source': 'https://zq.titan007.com/analysis/3032921cn.htm'}, {'date': '2026-09-18', 'match': '富查伊拉 vs 阿联酋伊蒂法格', 'score': '4-1', 'selected_team': '阿联酋伊蒂法格', 'settlement': '黑', 'water': 0.94, 'pnl_1u': -1.0, 'roi': -1.0, 'line': '1', 'action': 'V4纸面入选-C', 'source': 'https://zq.titan007.com/analysis/3032923cn.htm'}, {'date': '2026-09-18', 'match': '城市俱乐部 vs 阿拉比欧姆古温', 'score': '2-3', 'selected_team': '城市俱乐部', 'settlement': '走', 'water': 1.01, 'pnl_1u': 0.0, 'roi': 0.0, 'line': '-1', 'action': 'V4纸面入选-C', 'source': 'https://zq.titan007.com/analysis/3032924cn.htm'}]"
V4,2026-10-09,3096238,阿联酋杯,时间待核,阿治曼 vs 般尼亚斯,,,9,4,0,1,0,4,0.5,-0.64,-0.07111111,9,,,list_date < 2026-10-09,"[{'date': '2026-10-01', 'match': '迪拜联合 vs 哈塔', 'score': '3-2', 'selected_team': '', 'settlement': '红', 'water': 0.95, 'pnl_1u': 0.95, 'roi': 0.95, 'line': '', 'action': 'V4纸面入选-C', 'source': 'https://m.titan007.com/analy/Analysis/3084331.htm'}, {'date': '2026-10-01', 'match': '沙迦 vs 迪哈夫拉', 'score': '2-1', 'selected_team': '沙迦', 'settlement': '走', 'water': 0.92, 'pnl_1u': 0.0, 'roi': 0.0, 'line': '1', 'action': 'V4纸面入选-B', 'source': 'https://m.titan007.com/analy/Analysis/3084332.htm'}, {'date': '2026-10-02', 'match': '艾因 vs 阿治曼', 'score': '2-3', 'selected_team': '艾因', 'settlement': '黑', 'water': 0.88, 'pnl_1u': -1.0, 'roi': -1.0, 'line': '1.5', 'action': 'V4纸面入选-B', 'source': 'https://m.titan007.com/analy/Analysis/3084334.htm'}, {'date': '2026-10-02', 'match': '迪拜祈祷 vs 伊蒂哈德卡尔巴', 'score': '4-0', 'selected_team': '迪拜祈祷', 'settlement': '红', 'water': 0.9, 'pnl_1u': 0.9, 'roi': 0.9, 'line': '1.5', 'action': 'V4纸面入选-C', 'source': 'https://m.titan007.com/analy/Analysis/3084335.htm'}, {'date': '2026-10-02', 'match': '迪拜青年国民 vs 迪拜胜利', 'score': '1-1', 'selected_team': '迪拜青年国民', 'settlement': '黑', 'water': 0.8, 'pnl_1u': -1.0, 'roi': -1.0, 'line': '0.75', 'action': 'V4纸面入选-B', 'source': 'https://m.titan007.com/analy/Analysis/3084336.htm'}, {'date': '2026-10-08', 'match': '艾因 vs 伊蒂哈德卡尔巴', 'score': '2-2', 'selected_team': '艾因', 'settlement': '黑', 'water': 0.92, 'pnl_1u': -1.0, 'roi': -1.0, 'line': '1.75', 'action': 'V4ShadowOnly；real_money=false', 'source': 'D:\\codex\\v3_legacy\\outputs\\football_odds_trader\\raw\\titan007\\20261008\\20261008_074021_titan007_odds_snapshot.csv'}, {'date': '2026-10-08', 'match': '迪拜青年国民 vs 迪拜联合', 'score': '2-1', 'selected_team': '迪拜青年国民', 'settlement': '黑', 'water': 0.7, 'pnl_1u': -1.0, 'roi': -1.0, 'line': '1.5', 'action': 'V4ShadowOnly；real_money=false', 'source': 'D:\\codex\\v3_legacy\\outputs\\football_odds_trader\\raw\\titan007\\20261008\\20261008_074021_titan007_odds_snapshot.csv'}, {'date': '2026-10-08', 'match': '豪尔费坎 vs 迪拜祈祷', 'score': '1-2', 'selected_team': '豪尔费坎', 'settlement': '红', 'water': 0.6, 'pnl_1u': 0.6, 'roi': 0.6, 'line': '-1.75', 'action': 'V4ShadowOnly；real_money=false', 'source': 'D:\\codex\\v3_legacy\\outputs\\football_odds_trader\\raw\\titan007\\20261008\\20261008_074021_titan007_odds_snapshot.csv'}, {'date': '2026-10-08', 'match': '迪拜胜利 vs 哈塔', 'score': '4-1', 'selected_team': '迪拜胜利', 'settlement': '红', 'water': 0.91, 'pnl_1u': 0.91, 'roi': 0.91, 'line': '1.25', 'action': 'V4ShadowOnly；real_money=false', 'source': 'D:\\codex\\v3_legacy\\outputs\\football_odds_trader\\raw\\titan007\\20261008\\20261008_074021_titan007_odds_snapshot.csv'}]"
V4,2026-10-09,3096239,阿联酋杯,时间待核,阿布扎比统一 vs 迪哈夫拉,阿布扎比统一,giving,9,4,0,1,0,4,0.5,-0.64,-0.07111111,9,,,list_date < 2026-10-09,"[{'date': '2026-10-01', 'match': '迪拜联合 vs 哈塔', 'score': '3-2', 'selected_team': '', 'settlement': '红', 'water': 0.95, 'pnl_1u': 0.95, 'roi': 0.95, 'line': '', 'action': 'V4纸面入选-C', 'source': 'https://m.titan007.com/analy/Analysis/3084331.htm'}, {'date': '2026-10-01', 'match': '沙迦 vs 迪哈夫拉', 'score': '2-1', 'selected_team': '沙迦', 'settlement': '走', 'water': 0.92, 'pnl_1u': 0.0, 'roi': 0.0, 'line': '1', 'action': 'V4纸面入选-B', 'source': 'https://m.titan007.com/analy/Analysis/3084332.htm'}, {'date': '2026-10-02', 'match': '艾因 vs 阿治曼', 'score': '2-3', 'selected_team': '艾因', 'settlement': '黑', 'water': 0.88, 'pnl_1u': -1.0, 'roi': -1.0, 'line': '1.5', 'action': 'V4纸面入选-B', 'source': 'https://m.titan007.com/analy/Analysis/3084334.htm'}, {'date': '2026-10-02', 'match': '迪拜祈祷 vs 伊蒂哈德卡尔巴', 'score': '4-0', 'selected_team': '迪拜祈祷', 'settlement': '红', 'water': 0.9, 'pnl_1u': 0.9, 'roi': 0.9, 'line': '1.5', 'action': 'V4纸面入选-C', 'source': 'https://m.titan007.com/analy/Analysis/3084335.htm'}, {'date': '2026-10-02', 'match': '迪拜青年国民 vs 迪拜胜利', 'score': '1-1', 'selected_team': '迪拜青年国民', 'settlement': '黑', 'water': 0.8, 'pnl_1u': -1.0, 'roi': -1.0, 'line': '0.75', 'action': 'V4纸面入选-B', 'source': 'https://m.titan007.com/analy/Analysis/3084336.htm'}, {'date': '2026-10-08', 'match': '艾因 vs 伊蒂哈德卡尔巴', 'score': '2-2', 'selected_team': '艾因', 'settlement': '黑', 'water': 0.92, 'pnl_1u': -1.0, 'roi': -1.0, 'line': '1.75', 'action': 'V4ShadowOnly；real_money=false', 'source': 'D:\\codex\\v3_legacy\\outputs\\football_odds_trader\\raw\\titan007\\20261008\\20261008_074021_titan007_odds_snapshot.csv'}, {'date': '2026-10-08', 'match': '迪拜青年国民 vs 迪拜联合', 'score': '2-1', 'selected_team': '迪拜青年国民', 'settlement': '黑', 'water': 0.7, 'pnl_1u': -1.0, 'roi': -1.0, 'line': '1.5', 'action': 'V4ShadowOnly；real_money=false', 'source': 'D:\\codex\\v3_legacy\\outputs\\football_odds_trader\\raw\\titan007\\20261008\\20261008_074021_titan007_odds_snapshot.csv'}, {'date': '2026-10-08', 'match': '豪尔费坎 vs 迪拜祈祷', 'score': '1-2', 'selected_team': '豪尔费坎', 'settlement': '红', 'water': 0.6, 'pnl_1u': 0.6, 'roi': 0.6, 'line': '-1.75', 'action': 'V4ShadowOnly；real_money=false', 'source': 'D:\\codex\\v3_legacy\\outputs\\football_odds_trader\\raw\\titan007\\20261008\\20261008_074021_titan007_odds_snapshot.csv'}, {'date': '2026-10-08', 'match': '迪拜胜利 vs 哈塔', 'score': '4-1', 'selected_team': '迪拜胜利', 'settlement': '红', 'water': 0.91, 'pnl_1u': 0.91, 'roi': 0.91, 'line': '1.25', 'action': 'V4ShadowOnly；real_money=false', 'source': 'D:\\codex\\v3_legacy\\outputs\\football_odds_trader\\raw\\titan007\\20261008\\20261008_074021_titan007_odds_snapshot.csv'}]"
V4,2026-10-09,3098348,伊朗超,时间待核,查多马卢阿尔达坎 vs 霍拉马巴德,,,0,0,0,0,0,0,,,,0,,,list_date < 2026-10-09,[]
V4,2026-10-09,3032928,阿联酋甲,时间待核,阿拉比欧姆古温 vs 海湾联,,,3,0,0,1,0,2,0.0,-2.0,-0.66666667,3,,,list_date < 2026-10-09,"[{'date': '2026-09-18', 'match': '阿尔富伊拉 vs 迪巴', 'score': '1-2', 'selected_team': '阿尔富伊拉', 'settlement': '黑', 'water': 1.06, 'pnl_1u': -1.0, 'roi': -1.0, 'line': '-0.25', 'action': 'V4纸面入选-C', 'source': 'https://zq.titan007.com/analysis/3032921cn.htm'}, {'date': '2026-09-18', 'match': '富查伊拉 vs 阿联酋伊蒂法格', 'score': '4-1', 'selected_team': '阿联酋伊蒂法格', 'settlement': '黑', 'water': 0.94, 'pnl_1u': -1.0, 'roi': -1.0, 'line': '1', 'action': 'V4纸面入选-C', 'source': 'https://zq.titan007.com/analysis/3032923cn.htm'}, {'date': '2026-09-18', 'match': '城市俱乐部 vs 阿拉比欧姆古温', 'score': '2-3', 'selected_team': '城市俱乐部', 'settlement': '走', 'water': 1.01, 'pnl_1u': 0.0, 'roi': 0.0, 'line': '-1', 'action': 'V4纸面入选-C', 'source': 'https://zq.titan007.com/analysis/3032924cn.htm'}]"
V4,2026-10-09,3032929,阿联酋甲,时间待核,阿联酋伊蒂法格 vs 泰德,,,3,0,0,1,0,2,0.0,-2.0,-0.66666667,3,,,list_date < 2026-10-09,"[{'date': '2026-09-18', 'match': '阿尔富伊拉 vs 迪巴', 'score': '1-2', 'selected_team': '阿尔富伊拉', 'settlement': '黑', 'water': 1.06, 'pnl_1u': -1.0, 'roi': -1.0, 'line': '-0.25', 'action': 'V4纸面入选-C', 'source': 'https://zq.titan007.com/analysis/3032921cn.htm'}, {'date': '2026-09-18', 'match': '富查伊拉 vs 阿联酋伊蒂法格', 'score': '4-1', 'selected_team': '阿联酋伊蒂法格', 'settlement': '黑', 'water': 0.94, 'pnl_1u': -1.0, 'roi': -1.0, 'line': '1', 'action': 'V4纸面入选-C', 'source': 'https://zq.titan007.com/analysis/3032923cn.htm'}, {'date': '2026-09-18', 'match': '城市俱乐部 vs 阿拉比欧姆古温', 'score': '2-3', 'selected_team': '城市俱乐部', 'settlement': '走', 'water': 1.01, 'pnl_1u': 0.0, 'roi': 0.0, 'line': '-1', 'action': 'V4纸面入选-C', 'source': 'https://zq.titan007.com/analysis/3032924cn.htm'}]"
V4,2026-10-09,3064193,坦桑超,时间待核,姆贝亚市 vs 卡盖拉河,,,0,0,0,0,0,0,,,,0,,,list_date < 2026-10-09,[]
V4,2026-10-09,3098350,伊朗超,时间待核,波斯波利斯 vs 纳夫特,,,0,0,0,0,0,0,,,,0,,,list_date < 2026-10-09,[]
V4,2026-10-09,3035928,波兰乙,时间待核,别尔斯科 vs 桑德克亚,,,2,1,1,0,0,0,1.0,1.445,0.7225,2,,,list_date < 2026-10-09,"[{'date': '2026-09-20', 'match': '台基 vs 桑德克亚', 'score': '0-0', 'selected_team': '桑德克亚', 'settlement': '半红', 'water': 1.11, 'pnl_1u': 0.555, 'roi': 0.555, 'line': '0.25', 'action': 'V4纸面入选-C', 'source': 'https://zq.titan007.com/analysis/3035915cn.htm'}, {'date': '2026-10-04', 'match': '萨尼克 vs 斯塔沃拉', 'score': '4-2', 'selected_team': '', 'settlement': '红', 'water': 0.89, 'pnl_1u': 0.89, 'roi': 0.89, 'line': '', 'action': 'V4纸面入选-C', 'source': 'https://m.titan007.com/analy/Analysis/3035922.htm'}]"
V4,2026-10-09,3012530,乌克超,时间待核,维勒斯 vs 顿涅茨克矿工,,,2,2,0,0,0,0,1.0,2.36,1.18,2,,,list_date < 2026-10-09,"[{'date': '2026-09-20', 'match': '卡帕迪 vs 维勒斯', 'score': '1-1', 'selected_team': '维勒斯', 'settlement': '红', 'water': 1.28, 'pnl_1u': 1.28, 'roi': 1.28, 'line': '1', 'action': 'V4纸面入选-A', 'source': 'https://zq.titan007.com/analysis/3012519cn.htm'}, {'date': '2026-09-20', 'match': '顿涅茨克矿工 vs LNZ切尔卡斯', 'score': '3-0', 'selected_team': '顿涅茨克矿工', 'settlement': '红', 'water': 1.08, 'pnl_1u': 1.08, 'roi': 1.08, 'line': '1.25', 'action': 'V4纸面入选-C', 'source': 'https://zq.titan007.com/analysis/3012522cn.htm'}]"
V4,2026-10-09,2933157,乌兹超,时间待核,库鲁维奇科坎 vs 马沙尔,库鲁维奇科坎,giving,1,0,0,0,0,1,0.0,-1.0,-1.0,1,,,list_date < 2026-10-09,"[{'date': '2026-10-07', 'match': '费尔干纳夫兹 vs 花刺子模乌尔根奇', 'score': '2-2', 'selected_team': '费尔干纳夫兹', 'settlement': '黑', 'water': 0.85, 'pnl_1u': -1.0, 'roi': -1.0, 'line': '1.75', 'action': 'V4纸面入选-A', 'source': 'https://m.titan007.com/analy/Analysis/2933159.htm'}]"
V4,2026-10-09,3100406,沙滩足,时间待核,巴西沙滩足球队 vs 葡萄牙沙滩足球队,,,0,0,0,0,0,0,,,,0,,,list_date < 2026-10-09,[]
V4,2026-10-09,3098127,世女欧预,时间待核,以色列女足 vs 瑞士女足,,,0,0,0,0,0,0,,,,0,,,list_date < 2026-10-09,[]
V4,2026-10-09,3066296,南非甲,时间待核,玛盖斯 vs NWU学生队,,,0,0,0,0,0,0,,,,0,,,list_date < 2026-10-09,[]
V4,2026-10-09,3098053,波兰丙,时间待核,包尔科维切 vs GKP戈茹夫,,,1,0,0,1,0,0,,0.0,0.0,1,,,list_date < 2026-10-09,"[{'date': '2026-10-02', 'match': '卢宾扎格勒比B队 vs 包尔科维切', 'score': '1-1', 'selected_team': '', 'settlement': '走', 'water': 0.85, 'pnl_1u': 0.0, 'roi': 0.0, 'line': '', 'action': 'V4纸面入选-C', 'source': 'https://m.titan007.com/analy/Analysis/3095538.htm'}]"
V4,2026-10-09,3068156,克亚乙,时间待核,扎达拉洛维 vs 希巴利亚,,,0,0,0,0,0,0,,,,0,,,list_date < 2026-10-09,[]
V4,2026-10-09,3068280,克亚乙,时间待核,欧帕提亚 vs 古斯图西加,,,0,0,0,0,0,0,,,,0,,,list_date < 2026-10-09,[]
V4,2026-10-09,3100225,印米佐超,时间待核,邦警察FC vs 艾藻尔,,,0,0,0,0,0,0,,,,0,,,list_date < 2026-10-09,[]
V4,2026-10-09,3100334,克亚丙,时间待核,德拉格沃尔雅克 vs 乌苏克,,,1,1,0,0,0,0,1.0,1.0,1.0,1,,,list_date < 2026-10-09,"[{'date': '2026-10-05', 'match': 'NK普里莫拉茨 vs NK内雷特瓦', 'score': '0-0', 'selected_team': 'NK普里莫拉茨', 'settlement': '红', 'water': 1, 'pnl_1u': 1.0, 'roi': 1.0, 'line': '-0.5', 'action': 'V4纸面入选-B', 'source': 'https://m.titan007.com/analy/Analysis/3099082.htm'}]"
V4,2026-10-09,3098035,女奥非预,时间待核,刚果民主共和国女足 vs 科特迪瓦女足,,,0,0,0,0,0,0,,,,0,,,list_date < 2026-10-09,[]
V4,2026-10-09,3021999,俄甲,时间待核,下卡姆斯克石油 vs 切里宾斯克,,,2,0,0,0,0,2,0.0,-2.0,-1.0,2,,,list_date < 2026-10-09,"[{'date': '2026-09-14', 'match': '韦莱斯 vs 索契', 'score': '1-2', 'selected_team': '韦莱斯', 'settlement': '黑', 'water': 1.02, 'pnl_1u': -1.0, 'roi': -1.0, 'line': '-0.25', 'action': 'V4纸面入选-C', 'source': 'https://m.titan007.com/analy/Analysis/3021987.htm'}, {'date': '2026-09-18', 'match': '切里宾斯克 vs 乌法', 'score': '2-1', 'selected_team': '乌法', 'settlement': '黑', 'water': 1.05, 'pnl_1u': -1.0, 'roi': -1.0, 'line': '0.25', 'action': 'V4纸面入选-C', 'source': 'https://zq.titan007.com/analysis/3021988cn.htm'}]"
V4,2026-10-09,3030165,土甲,时间待核,波德鲁姆士邦 vs 克斯欧仁古库,,,2,2,0,0,0,0,1.0,2.12,1.06,2,,,list_date < 2026-10-09,"[{'date': '2026-09-14', 'match': '开塞利体育 vs 伊斯坦堡士邦', 'score': '4-0', 'selected_team': '开塞利体育', 'settlement': '红', 'water': 0.99, 'pnl_1u': 0.99, 'roi': 0.99, 'line': '1.25', 'action': 'V4纸面入选-C', 'source': 'https://m.titan007.com/analy/Analysis/3030150.htm'}, {'date': '2026-09-18', 'match': '班迪马士邦 vs 尤姆尼耶士邦', 'score': '0-1', 'selected_team': '尤姆尼耶士邦', 'settlement': '红', 'water': 1.13, 'pnl_1u': 1.13, 'roi': 1.13, 'line': '0.5', 'action': 'V4纸面入选-C', 'source': 'https://zq.titan007.com/analysis/3030156cn.htm'}]"
V4,2026-10-09,3030172,土甲,时间待核,锡瓦斯体育 vs 佩迪卡斯堡,,,2,2,0,0,0,0,1.0,2.12,1.06,2,,,list_date < 2026-10-09,"[{'date': '2026-09-14', 'match': '开塞利体育 vs 伊斯坦堡士邦', 'score': '4-0', 'selected_team': '开塞利体育', 'settlement': '红', 'water': 0.99, 'pnl_1u': 0.99, 'roi': 0.99, 'line': '1.25', 'action': 'V4纸面入选-C', 'source': 'https://m.titan007.com/analy/Analysis/3030150.htm'}, {'date': '2026-09-18', 'match': '班迪马士邦 vs 尤姆尼耶士邦', 'score': '0-1', 'selected_team': '尤姆尼耶士邦', 'settlement': '红', 'water': 1.13, 'pnl_1u': 1.13, 'roi': 1.13, 'line': '0.5', 'action': 'V4纸面入选-C', 'source': 'https://zq.titan007.com/analysis/3030156cn.htm'}]"
V4,2026-10-09,3098462,约超联,时间待核,侯塞因 vs 阿拉毕,,,2,2,0,0,0,0,1.0,1.95,0.975,2,,,list_date < 2026-10-09,"[{'date': '2026-09-17', 'match': '多格拉(中) vs 艾沙尔特', 'score': '2-0', 'selected_team': '多格拉(中)', 'settlement': '红', 'water': 1.05, 'pnl_1u': 1.05, 'roi': 1.05, 'line': '-0.25', 'action': 'V4纸面入选-C', 'source': 'https://www.tntsports.co.uk/football/jordanian-league/calendar-results.shtml'}, {'date': '2026-09-18', 'match': '安曼团结 vs 连姆沙', 'score': '0-1', 'selected_team': '连姆沙', 'settlement': '红', 'water': 0.9, 'pnl_1u': 0.9, 'roi': 0.9, 'line': '1', 'action': 'V4纸面入选-C', 'source': 'https://zq.titan007.com/analysis/3085759cn.htm'}]"
V4,2026-10-09,3098393,黎巴联,时间待核,机瓦亚 vs 玛巴拉,,,0,0,0,0,0,0,,,,0,,,list_date < 2026-10-09,[]
V4,2026-10-09,3096853,约旦杯,时间待核,沙马SC vs 艾尔利,沙马SC,receiving,2,2,0,0,0,0,1.0,2.0,1.0,2,,,list_date < 2026-10-09,"[{'date': '2026-10-08', 'match': '哈伊阿米尔哈桑 vs 阿尔托拉', 'score': '3-0', 'selected_team': '哈伊阿米尔哈桑', 'settlement': '红', 'water': 1, 'pnl_1u': 1.0, 'roi': 1.0, 'line': '0.75', 'action': 'V4ShadowOnly；real_money=false', 'source': 'D:\\codex\\v3_legacy\\outputs\\football_odds_trader\\raw\\titan007\\20261008\\20261008_074021_titan007_odds_snapshot.csv'}, {'date': '2026-10-08', 'match': '雅莫科 vs 马恩', 'score': '4-1', 'selected_team': '雅莫科', 'settlement': '红', 'water': 1, 'pnl_1u': 1.0, 'roi': 1.0, 'line': '-0.25', 'action': 'V4ShadowOnly；real_money=false', 'source': 'D:\\codex\\v3_legacy\\outputs\\football_odds_trader\\raw\\titan007\\20261008\\20261008_074021_titan007_odds_snapshot.csv'}]"
V4,2026-10-09,2933155,乌兹超,时间待核,塔什干棉农 vs 本尤德科,塔什干棉农,giving,1,0,0,0,0,1,0.0,-1.0,-1.0,1,,,list_date < 2026-10-09,"[{'date': '2026-10-07', 'match': '费尔干纳夫兹 vs 花刺子模乌尔根奇', 'score': '2-2', 'selected_team': '费尔干纳夫兹', 'settlement': '黑', 'water': 0.85, 'pnl_1u': -1.0, 'roi': -1.0, 'line': '1.75', 'action': 'V4纸面入选-A', 'source': 'https://m.titan007.com/analy/Analysis/2933159.htm'}]"
V4,2026-10-09,2933156,乌兹超,时间待核,布哈拉 vs 安集延,,,1,0,0,0,0,1,0.0,-1.0,-1.0,1,,,list_date < 2026-10-09,"[{'date': '2026-10-07', 'match': '费尔干纳夫兹 vs 花刺子模乌尔根奇', 'score': '2-2', 'selected_team': '费尔干纳夫兹', 'settlement': '黑', 'water': 0.85, 'pnl_1u': -1.0, 'roi': -1.0, 'line': '1.75', 'action': 'V4纸面入选-A', 'source': 'https://m.titan007.com/analy/Analysis/2933159.htm'}]"
V4,2026-10-09,3098491,阿尔乙东,时间待核,安纳巴 vs 沙维雅,,,0,0,0,0,0,0,,,,0,,,list_date < 2026-10-09,[]
V4,2026-10-09,3098493,阿尔乙东,时间待核,贝尼奥尔班 vs JS吉杰尔,,,0,0,0,0,0,0,,,,0,,,list_date < 2026-10-09,[]
V4,2026-10-09,3098494,阿尔乙东,时间待核,AS库鲁布 vs NRB电报,,,0,0,0,0,0,0,,,,0,,,list_date < 2026-10-09,[]
V4,2026-10-09,3098495,阿尔乙东,时间待核,马格拉 vs CA巴特纳,,,0,0,0,0,0,0,,,,0,,,list_date < 2026-10-09,[]
V4,2026-10-09,3098496,阿尔乙东,时间待核,MSP巴特纳 vs CR贝尼图尔,,,0,0,0,0,0,0,,,,0,,,list_date < 2026-10-09,[]
V4,2026-10-09,3098497,阿尔乙东,时间待核,内兹拉 vs MO康士坦丁,,,0,0,0,0,0,0,,,,0,,,list_date < 2026-10-09,[]
V4,2026-10-09,3098498,阿尔乙东,时间待核,柏拉道 vs 斯基克达,,,0,0,0,0,0,0,,,,0,,,list_date < 2026-10-09,[]
V4,2026-10-09,3098507,阿尔乙西,时间待核,RC阿尔巴 vs MC塞达,,,0,0,0,0,0,0,,,,0,,,list_date < 2026-10-09,[]
V4,2026-10-09,3098508,阿尔乙西,时间待核,巴亚兹 vs 特莱姆森,,,0,0,0,0,0,0,,,,0,,,list_date < 2026-10-09,[]
V4,2026-10-09,3098509,阿尔乙西,时间待核,提亚雷特 vs ASM奥兰,,,0,0,0,0,0,0,,,,0,,,list_date < 2026-10-09,[]
V4,2026-10-09,3098510,阿尔乙西,时间待核,莫斯塔加 vs 马斯卡拉,,,0,0,0,0,0,0,,,,0,,,list_date < 2026-10-09,[]
V4,2026-10-09,3098512,阿尔乙西,时间待核,西迪贝纳利 vs NA胡森,,,0,0,0,0,0,0,,,,0,,,list_date < 2026-10-09,[]
V4,2026-10-09,3098513,阿尔乙西,时间待核,塔吉特 vs 西澳奈姆,,,0,0,0,0,0,0,,,,0,,,list_date < 2026-10-09,[]
V4,2026-10-09,3098514,阿尔乙西,时间待核,卜利达 vs ESM科洛亚,,,0,0,0,0,0,0,,,,0,,,list_date < 2026-10-09,[]
V4,2026-10-09,3023016,摩尔乙,时间待核,维多利巴尔达尔 vs 弗洛雷斯蒂,,,0,0,0,0,0,0,,,,0,,,list_date < 2026-10-09,[]
V4,2026-10-09,3100212,卢旺达联,时间待核,基加利 vs 奇甘比,,,0,0,0,0,0,0,,,,0,,,list_date < 2026-10-09,[]
V4,2026-10-09,3098093,国际友谊,时间待核,摩尔多瓦女足 vs 格鲁吉亚女足,,,53,24,2,5,2,20,0.54347826,2.355,0.04443396,53,,,list_date < 2026-10-09,"[{'date': '2026-09-21', 'match': '多米尼克 vs 安圭拉', 'score': '1-0', 'selected_team': '多米尼克', 'settlement': '红', 'water': 0.93, 'pnl_1u': 0.93, 'roi': 0.93, 'line': '-2', 'action': 'V4最新页面A/B/C候选', 'source': 'https://www.titan007.com/'}, {'date': '2026-09-23', 'match': '秘鲁U19 vs 阿根廷U19', 'score': '0-1', 'selected_team': '秘鲁U19', 'settlement': '走', 'water': 0.96, 'pnl_1u': 0.0, 'roi': 0.0, 'line': '-1', 'action': 'V4最新页面A/B/C候选', 'source': 'https://simondongxiao.github.io/odds/v4/'}, {'date': '2026-09-24', 'match': '韩国 vs 厄瓜多尔', 'score': '3-0', 'selected_team': '韩国', 'settlement': '红', 'water': 1.05, 'pnl_1u': 1.05, 'roi': 1.05, 'line': '0.25', 'action': 'V4最新页面A/B/C候选', 'source': 'https://simondongxiao.github.io/odds/v4/'}, {'date': '2026-09-25', 'match': '澳大利亚 vs 巴西', 'score': '1-1', 'selected_team': '巴西', 'settlement': '黑', 'water': 0.81, 'pnl_1u': -1.0, 'roi': -1.0, 'line': '-1.5', 'action': 'V4最新页面A/B/C候选', 'source': 'https://simondongxiao.github.io/odds/v4/'}, {'date': '2026-09-26', 'match': '美国 vs 秘鲁', 'score': '4-1', 'selected_team': '秘鲁', 'settlement': '黑', 'water': 0.93, 'pnl_1u': -1.0, 'roi': -1.0, 'line': '1', 'action': 'V4最新页面A/B/C候选', 'source': 'https://simondongxiao.github.io/odds/v4/'}, {'date': '2026-09-27', 'match': '中国 vs 新西兰', 'score': '0-3', 'selected_team': '新西兰', 'settlement': '红', 'water': 1.03, 'pnl_1u': 1.03, 'roi': 1.03, 'line': '-0.25', 'action': 'V4最新页面A/B/C候选', 'source': 'https://simondongxiao.github.io/odds/v4/'}, {'date': '2026-09-27', 'match': '德国U19(中) vs 乌克兰U19', 'score': '0-0', 'selected_team': '乌克兰U19', 'settlement': '红', 'water': 0.95, 'pnl_1u': 0.95, 'roi': 0.95, 'line': '1', 'action': 'V4最新页面A/B/C候选', 'source': 'https://simondongxiao.github.io/odds/v4/'}, {'date': '2026-09-27', 'match': '约旦 vs 叙利亚', 'score': '1-1', 'selected_team': '叙利亚', 'settlement': '红', 'water': 0.94, 'pnl_1u': 0.94, 'roi': 0.94, 'line': '1', 'action': 'V4最新页面A/B/C候选', 'source': 'https://simondongxiao.github.io/odds/v4/'}, {'date': '2026-09-27', 'match': '玻利维亚(中) vs 巴拉圭', 'score': '0-2', 'selected_team': '巴拉圭', 'settlement': '红', 'water': 0.98, 'pnl_1u': 0.98, 'roi': 0.98, 'line': '-1.25', 'action': 'V4最新页面A/B/C候选', 'source': 'https://simondongxiao.github.io/odds/v4/'}, {'date': '2026-09-28', 'match': '哈萨克斯坦U19 vs 瑞士U19', 'score': '1-2', 'selected_team': '哈萨克斯坦U19', 'settlement': '半黑', 'water': 1.07, 'pnl_1u': -0.5, 'roi': -0.5, 'line': '-0.75', 'action': 'V4ff7d4e5版本A/B/C候选', 'source': 'https://simondongxiao.github.io/odds/v4/?v=ff7d4e5'}, {'date': '2026-09-28', 'match': '日本 vs 委内瑞拉', 'score': '2-1', 'selected_team': '日本', 'settlement': '黑', 'water': 0.98, 'pnl_1u': -1.0, 'roi': -1.0, 'line': '1.75', 'action': 'V4ff7d4e5版本A/B/C候选', 'source': 'https://simondongxiao.github.io/odds/v4/?v=ff7d4e5'}, {'date': '2026-09-28', 'match': '吉尔吉斯斯坦 vs 马尔代夫', 'score': '5-0', 'selected_team': '吉尔吉斯斯坦', 'settlement': '红', 'water': 0.97, 'pnl_1u': 0.97, 'roi': 0.97, 'line': '3', 'action': 'V4ff7d4e5版本A/B/C候选', 'source': 'https://simondongxiao.github.io/odds/v4/?v=ff7d4e5'}, {'date': '2026-09-29', 'match': '斐济女足 vs 新喀里多尼亚女足', 'score': '1-0', 'selected_team': '新喀里多尼亚女足', 'settlement': '半红', 'water': 1.19, 'pnl_1u': 0.595, 'roi': 0.595, 'line': '1.25', 'action': 'V4纸面入选-C', 'source': 'https://m.titan007.com/analy/Analysis/3094943.htm'}, {'date': '2026-09-29', 'match': '美国U19(中) vs 威尔士U19', 'score': '2-0', 'selected_team': '美国U19(中)', 'settlement': '红', 'water': 0.78, 'pnl_1u': 0.78, 'roi': 0.78, 'line': '1.5', 'action': 'V4纸面入选-C', 'source': 'https://m.titan007.com/analy/Analysis/3094944.htm'}, {'date': '2026-09-29', 'match': '墨西哥(中) vs 秘鲁', 'score': '1-1', 'selected_team': '秘鲁', 'settlement': '红', 'water': 1.02, 'pnl_1u': 1.02, 'roi': 1.02, 'line': '1', 'action': 'V4纸面入选-C', 'source': 'https://m.titan007.com/analy/Analysis/3094999.htm'}, {'date': '2026-09-30', 'match': '芬兰U19 vs 德国U19', 'score': '1-2', 'selected_team': '', 'settlement': '黑', 'water': 0.82, 'pnl_1u': -1.0, 'roi': -1.0, 'line': '', 'action': 'V4纸面入选-C', 'source': 'https://m.titan007.com/analy/Analysis/3095002.htm'}, {'date': '2026-09-30', 'match': '塞舌尔 vs 斯里兰卡', 'score': '0-2', 'selected_team': '', 'settlement': '黑', 'water': 0.82, 'pnl_1u': -1.0, 'roi': -1.0, 'line': '', 'action': 'V4纸面入选-C', 'source': 'https://m.titan007.com/analy/Analysis/3096174.htm'}, {'date': '2026-09-30', 'match': '立陶宛 vs 安道尔', 'score': '3-0', 'selected_team': '立陶宛', 'settlement': '红', 'water': 0.82, 'pnl_1u': 0.82, 'roi': 0.82, 'line': '0.75', 'action': 'V4纸面入选-C', 'source': 'https://m.titan007.com/analy/Analysis/3096176.htm'}, {'date': '2026-09-30', 'match': '阿根廷 vs 玻利维亚', 'score': '4-0', 'selected_team': '', 'settlement': '红', 'water': 1.04, 'pnl_1u': 1.04, 'roi': 1.04, 'line': '', 'action': 'V4纸面入选-C', 'source': 'https://m.titan007.com/analy/Analysis/3095418.htm'}, {'date': '2026-10-01', 'match': '波兰U19 vs 哈萨克斯坦U19', 'score': '3-0', 'selected_team': '', 'settlement': '红', 'water': 0.92, 'pnl_1u': 0.92, 'roi': 0.92, 'line': '', 'action': 'V4纸面入选-C', 'source': 'https://m.titan007.com/analy/Analysis/3095233.htm'}, {'date': '2026-10-01', 'match': '法国U19 vs 土耳其U19', 'score': '2-1', 'selected_team': '', 'settlement': '红', 'water': 0.84, 'pnl_1u': 0.84, 'roi': 0.84, 'line': '', 'action': 'V4纸面入选-C', 'source': 'https://m.titan007.com/analy/Analysis/3095234.htm'}, {'date': '2026-10-01', 'match': '乌兹别克斯坦 vs 叙利亚', 'score': '4-1', 'selected_team': '乌兹别克斯坦', 'settlement': '红', 'water': 0.95, 'pnl_1u': 0.95, 'roi': 0.95, 'line': '1.5', 'action': 'V4纸面入选-C', 'source': 'https://m.titan007.com/analy/Analysis/3095240.htm'}, {'date': '2026-10-01', 'match': '卡塔尔U19 vs 爱尔兰U19', 'score': '1-1', 'selected_team': '', 'settlement': '走', 'water': 0.67, 'pnl_1u': 0.0, 'roi': 0.0, 'line': '', 'action': 'V4纸面入选-C', 'source': 'https://m.titan007.com/analy/Analysis/3095241.htm'}, {'date': '2026-10-01', 'match': '美国U20 vs 巴西U20', 'score': '0-2', 'selected_team': '巴西U20', 'settlement': '黑', 'water': 0.84, 'pnl_1u': -1.0, 'roi': -1.0, 'line': '-0.5', 'action': 'V4纸面入选-C', 'source': 'https://m.titan007.com/analy/Analysis/3095245.htm'}, {'date': '2026-10-02', 'match': '韩国 vs 委内瑞拉', 'score': '0-0', 'selected_team': '', 'settlement': '走', 'water': 0.93, 'pnl_1u': 0.0, 'roi': 0.0, 'line': '', 'action': 'V4纸面入选-C', 'source': 'https://m.titan007.com/analy/Analysis/3095568.htm'}, {'date': '2026-10-02', 'match': '哥伦比亚(中) vs 巴拉圭', 'score': '0-1', 'selected_team': '', 'settlement': '黑', 'water': 0.9, 'pnl_1u': -1.0, 'roi': -1.0, 'line': '', 'action': 'V4纸面入选-C', 'source': 'https://m.titan007.com/analy/Analysis/3095650.htm'}, {'date': '2026-10-03', 'match': '印度 vs 巴西', 'score': '0-4', 'selected_team': '印度', 'settlement': '半黑', 'water': 1.06, 'pnl_1u': -0.5, 'roi': -0.5, 'line': '-3.75', 'action': 'V4纸面入选-C', 'source': 'https://m.titan007.com/analy/Analysis/3096945.htm'}, {'date': '2026-10-03', 'match': '俄罗斯 vs 纳米比亚', 'score': '6-0', 'selected_team': '俄罗斯', 'settlement': '红', 'water': 0.85, 'pnl_1u': 0.85, 'roi': 0.85, 'line': '2.25', 'action': 'V4纸面入选-C', 'source': 'https://m.titan007.com/analy/Analysis/3096957.htm'}, {'date': '2026-10-03', 'match': '加拿大 vs 秘鲁', 'score': '2-0', 'selected_team': '加拿大', 'settlement': '红', 'water': 1.04, 'pnl_1u': 1.04, 'roi': 1.04, 'line': '1', 'action': 'V4纸面入选-C', 'source': 'https://m.titan007.com/analy/Analysis/3096091.htm'}, {'date': '2026-10-03', 'match': '科特迪瓦 vs 喀麦隆', 'score': '0-1', 'selected_team': '科特迪瓦', 'settlement': '黑', 'water': 1.02, 'pnl_1u': -1.0, 'roi': -1.0, 'line': '0.75', 'action': 'V4纸面入选-C', 'source': 'https://m.titan007.com/analy/Analysis/3096089.htm'}, {'date': '2026-10-04', 'match': '巴西U20 vs 墨西哥U20', 'score': '4-0', 'selected_team': '巴西U20', 'settlement': '红', 'water': 0.98, 'pnl_1u': 0.98, 'roi': 0.98, 'line': '0.5', 'action': 'V4纸面入选-C', 'source': 'https://m.titan007.com/analy/Analysis/3096443.htm'}, {'date': '2026-10-04', 'match': '丹麦U20 vs 美国U20', 'score': '3-3', 'selected_team': '丹麦U20', 'settlement': '半红', 'water': 0.9, 'pnl_1u': 0.45, 'roi': 0.45, 'line': '-0.25', 'action': 'V4纸面入选-C', 'source': 'https://m.titan007.com/analy/Analysis/3096449.htm'}, {'date': '2026-10-04', 'match': '埃及 vs 南非', 'score': '0-1', 'selected_team': '埃及', 'settlement': '黑', 'water': 0.79, 'pnl_1u': -1.0, 'roi': -1.0, 'line': '0.5', 'action': 'V4纸面入选-C', 'source': 'https://m.titan007.com/analy/Analysis/3097227.htm'}, {'date': '2026-10-04', 'match': '摩洛哥 vs 马里', 'score': '1-1', 'selected_team': '摩洛哥', 'settlement': '黑', 'water': 0.9, 'pnl_1u': -1.0, 'roi': -1.0, 'line': '1.25', 'action': 'V4纸面入选-C', 'source': 'https://m.titan007.com/analy/Analysis/3097230.htm'}, {'date': '2026-10-05', 'match': '巴拿马 vs 厄瓜多尔', 'score': '1-1', 'selected_team': '巴拿马', 'settlement': '红', 'water': 0.99, 'pnl_1u': 0.99, 'roi': 0.99, 'line': '-0.75', 'action': 'V4纸面入选-C', 'source': 'https://m.titan007.com/analy/Analysis/3097300.htm'}, {'date': '2026-10-05', 'match': '日本 vs 新西兰', 'score': '2-1', 'selected_team': '日本', 'settlement': '黑', 'water': 1, 'pnl_1u': -1.0, 'roi': -1.0, 'line': '2', 'action': 'V4纸面入选-C', 'source': 'https://m.titan007.com/analy/Analysis/3097301.htm'}, {'date': '2026-10-05', 'match': '英格兰U19 vs 比利时U19', 'score': '0-1', 'selected_team': '英格兰U19', 'settlement': '黑', 'water': 0.85, 'pnl_1u': -1.0, 'roi': -1.0, 'line': '1.25', 'action': 'V4纸面入选-C', 'source': 'https://m.titan007.com/analy/Analysis/3097293.htm'}, {'date': '2026-10-05', 'match': '乌干达 vs 刚果民主共和国', 'score': '1-1', 'selected_team': '乌干达', 'settlement': '红', 'water': 0.95, 'pnl_1u': 0.95, 'roi': 0.95, 'line': '-0.5', 'action': 'V4纸面入选-C', 'source': 'https://m.titan007.com/analy/Analysis/3097741.htm'}, {'date': '2026-10-05', 'match': '黑山U19 vs 以色列U19', 'score': '0-1', 'selected_team': '黑山U19', 'settlement': '黑', 'water': 0.78, 'pnl_1u': -1.0, 'roi': -1.0, 'line': '-0.5', 'action': 'V4纸面入选-C', 'source': 'https://m.titan007.com/analy/Analysis/3097742.htm'}, {'date': '2026-10-05', 'match': '格鲁吉亚U19 vs 拉脱维亚U19', 'score': '1-1', 'selected_team': '', 'settlement': '走', 'water': 0.75, 'pnl_1u': 0.0, 'roi': 0.0, 'line': '', 'action': 'V4纸面入选-C', 'source': 'https://m.titan007.com/analy/Analysis/3097745.htm'}, {'date': '2026-10-05', 'match': '塞尔维亚U21 vs 俄罗斯U21', 'score': '2-1', 'selected_team': '塞尔维亚U21', 'settlement': '红', 'water': 0.8, 'pnl_1u': 0.8, 'roi': 0.8, 'line': '-0.25', 'action': 'V4纸面入选-C', 'source': 'https://m.titan007.com/analy/Analysis/3097747.htm'}, {'date': '2026-10-06', 'match': '沙特阿拉伯U20 vs 亚美尼亚U20', 'score': '0-0', 'selected_team': '沙特阿拉伯U20', 'settlement': '黑', 'water': 1, 'pnl_1u': -1.0, 'roi': -1.0, 'line': '1.25', 'action': 'V4纸面入选-C', 'source': 'https://m.titan007.com/analy/Analysis/3097372.htm'}, {'date': '2026-10-06', 'match': '韩国 vs 乌兹别克斯坦', 'score': '2-0', 'selected_team': '韩国', 'settlement': '红', 'water': 0.94, 'pnl_1u': 0.94, 'roi': 0.94, 'line': '0.75', 'action': 'V4纸面入选-C', 'source': 'https://m.titan007.com/analy/Analysis/3097375.htm'}, {'date': '2026-10-06', 'match': '中国 vs 塔吉克斯坦', 'score': '0-1', 'selected_team': '中国', 'settlement': '黑', 'water': 1, 'pnl_1u': -1.0, 'roi': -1.0, 'line': '0.75', 'action': 'V4纸面入选-C', 'source': 'https://m.titan007.com/analy/Analysis/3091499.htm'}, {'date': '2026-10-06', 'match': '葡萄牙U19 vs 奥地利U19', 'score': '4-0', 'selected_team': '葡萄牙U19', 'settlement': '红', 'water': 0.87, 'pnl_1u': 0.87, 'roi': 0.87, 'line': '0.5', 'action': 'V4纸面入选-C', 'source': 'https://m.titan007.com/analy/Analysis/3097381.htm'}, {'date': '2026-10-06', 'match': '印度(中) vs 乌拉圭', 'score': '1-6', 'selected_team': '印度(中)', 'settlement': '黑', 'water': 0.91, 'pnl_1u': -1.0, 'roi': -1.0, 'line': '-3.5', 'action': 'V4纸面入选-C', 'source': 'https://m.titan007.com/analy/Analysis/3097388.htm'}, {'date': '2026-10-06', 'match': '俄罗斯 vs 尼日利亚', 'score': '3-3', 'selected_team': '俄罗斯', 'settlement': '黑', 'water': 0.91, 'pnl_1u': -1.0, 'roi': -1.0, 'line': '1', 'action': 'V4纸面入选-C', 'source': 'https://m.titan007.com/analy/Analysis/3097390.htm'}, {'date': '2026-10-06', 'match': '约旦 vs 委内瑞拉', 'score': '0-0', 'selected_team': '', 'settlement': '走', 'water': 0.89, 'pnl_1u': 0.0, 'roi': 0.0, 'line': '', 'action': 'V4纸面入选-C', 'source': 'https://m.titan007.com/analy/Analysis/3097384.htm'}, {'date': '2026-10-06', 'match': '阿尔及利亚 vs 尼日尔', 'score': '2-1', 'selected_team': '阿尔及利亚', 'settlement': '黑', 'water': 0.87, 'pnl_1u': -1.0, 'roi': -1.0, 'line': '1.75', 'action': 'V4纸面入选-C', 'source': 'https://m.titan007.com/analy/Analysis/3097385.htm'}, {'date': '2026-10-06', 'match': '阿根廷(中) vs 贝宁', 'score': '0-0', 'selected_team': '贝宁', 'settlement': '红', 'water': 0.87, 'pnl_1u': 0.87, 'roi': 0.87, 'line': '4.5', 'action': 'V4纸面入选-C', 'source': 'https://m.titan007.com/analy/Analysis/3097387.htm'}, {'date': '2026-10-06', 'match': '哥伦比亚(中) vs 秘鲁', 'score': '0-0', 'selected_team': '哥伦比亚(中)', 'settlement': '黑', 'water': 0.9, 'pnl_1u': -1.0, 'roi': -1.0, 'line': '1.25', 'action': 'V4纸面入选-C', 'source': 'https://m.titan007.com/analy/Analysis/3097386.htm'}, {'date': '2026-10-06', 'match': '美国(中) vs 加拿大', 'score': '1-0', 'selected_team': '美国(中)', 'settlement': '红', 'water': 0.8, 'pnl_1u': 0.8, 'roi': 0.8, 'line': '0.5', 'action': 'V4纸面入选-C', 'source': 'https://m.titan007.com/analy/Analysis/3097883.htm'}, {'date': '2026-10-07', 'match': '墨西哥(中) vs 智利', 'score': '0-2', 'selected_team': '墨西哥(中)', 'settlement': '黑', 'water': 1, 'pnl_1u': -1.0, 'roi': -1.0, 'line': '1', 'action': 'V4纸面入选-C', 'source': 'https://m.titan007.com/analy/Analysis/3097882.htm'}]"
V4,2026-10-09,3099949,国际友谊,时间待核,威尔士女足U19 vs 希腊女足U19,,,53,24,2,5,2,20,0.54347826,2.355,0.04443396,53,,,list_date < 2026-10-09,"[{'date': '2026-09-21', 'match': '多米尼克 vs 安圭拉', 'score': '1-0', 'selected_team': '多米尼克', 'settlement': '红', 'water': 0.93, 'pnl_1u': 0.93, 'roi': 0.93, 'line': '-2', 'action': 'V4最新页面A/B/C候选', 'source': 'https://www.titan007.com/'}, {'date': '2026-09-23', 'match': '秘鲁U19 vs 阿根廷U19', 'score': '0-1', 'selected_team': '秘鲁U19', 'settlement': '走', 'water': 0.96, 'pnl_1u': 0.0, 'roi': 0.0, 'line': '-1', 'action': 'V4最新页面A/B/C候选', 'source': 'https://simondongxiao.github.io/odds/v4/'}, {'date': '2026-09-24', 'match': '韩国 vs 厄瓜多尔', 'score': '3-0', 'selected_team': '韩国', 'settlement': '红', 'water': 1.05, 'pnl_1u': 1.05, 'roi': 1.05, 'line': '0.25', 'action': 'V4最新页面A/B/C候选', 'source': 'https://simondongxiao.github.io/odds/v4/'}, {'date': '2026-09-25', 'match': '澳大利亚 vs 巴西', 'score': '1-1', 'selected_team': '巴西', 'settlement': '黑', 'water': 0.81, 'pnl_1u': -1.0, 'roi': -1.0, 'line': '-1.5', 'action': 'V4最新页面A/B/C候选', 'source': 'https://simondongxiao.github.io/odds/v4/'}, {'date': '2026-09-26', 'match': '美国 vs 秘鲁', 'score': '4-1', 'selected_team': '秘鲁', 'settlement': '黑', 'water': 0.93, 'pnl_1u': -1.0, 'roi': -1.0, 'line': '1', 'action': 'V4最新页面A/B/C候选', 'source': 'https://simondongxiao.github.io/odds/v4/'}, {'date': '2026-09-27', 'match': '中国 vs 新西兰', 'score': '0-3', 'selected_team': '新西兰', 'settlement': '红', 'water': 1.03, 'pnl_1u': 1.03, 'roi': 1.03, 'line': '-0.25', 'action': 'V4最新页面A/B/C候选', 'source': 'https://simondongxiao.github.io/odds/v4/'}, {'date': '2026-09-27', 'match': '德国U19(中) vs 乌克兰U19', 'score': '0-0', 'selected_team': '乌克兰U19', 'settlement': '红', 'water': 0.95, 'pnl_1u': 0.95, 'roi': 0.95, 'line': '1', 'action': 'V4最新页面A/B/C候选', 'source': 'https://simondongxiao.github.io/odds/v4/'}, {'date': '2026-09-27', 'match': '约旦 vs 叙利亚', 'score': '1-1', 'selected_team': '叙利亚', 'settlement': '红', 'water': 0.94, 'pnl_1u': 0.94, 'roi': 0.94, 'line': '1', 'action': 'V4最新页面A/B/C候选', 'source': 'https://simondongxiao.github.io/odds/v4/'}, {'date': '2026-09-27', 'match': '玻利维亚(中) vs 巴拉圭', 'score': '0-2', 'selected_team': '巴拉圭', 'settlement': '红', 'water': 0.98, 'pnl_1u': 0.98, 'roi': 0.98, 'line': '-1.25', 'action': 'V4最新页面A/B/C候选', 'source': 'https://simondongxiao.github.io/odds/v4/'}, {'date': '2026-09-28', 'match': '哈萨克斯坦U19 vs 瑞士U19', 'score': '1-2', 'selected_team': '哈萨克斯坦U19', 'settlement': '半黑', 'water': 1.07, 'pnl_1u': -0.5, 'roi': -0.5, 'line': '-0.75', 'action': 'V4ff7d4e5版本A/B/C候选', 'source': 'https://simondongxiao.github.io/odds/v4/?v=ff7d4e5'}, {'date': '2026-09-28', 'match': '日本 vs 委内瑞拉', 'score': '2-1', 'selected_team': '日本', 'settlement': '黑', 'water': 0.98, 'pnl_1u': -1.0, 'roi': -1.0, 'line': '1.75', 'action': 'V4ff7d4e5版本A/B/C候选', 'source': 'https://simondongxiao.github.io/odds/v4/?v=ff7d4e5'}, {'date': '2026-09-28', 'match': '吉尔吉斯斯坦 vs 马尔代夫', 'score': '5-0', 'selected_team': '吉尔吉斯斯坦', 'settlement': '红', 'water': 0.97, 'pnl_1u': 0.97, 'roi': 0.97, 'line': '3', 'action': 'V4ff7d4e5版本A/B/C候选', 'source': 'https://simondongxiao.github.io/odds/v4/?v=ff7d4e5'}, {'date': '2026-09-29', 'match': '斐济女足 vs 新喀里多尼亚女足', 'score': '1-0', 'selected_team': '新喀里多尼亚女足', 'settlement': '半红', 'water': 1.19, 'pnl_1u': 0.595, 'roi': 0.595, 'line': '1.25', 'action': 'V4纸面入选-C', 'source': 'https://m.titan007.com/analy/Analysis/3094943.htm'}, {'date': '2026-09-29', 'match': '美国U19(中) vs 威尔士U19', 'score': '2-0', 'selected_team': '美国U19(中)', 'settlement': '红', 'water': 0.78, 'pnl_1u': 0.78, 'roi': 0.78, 'line': '1.5', 'action': 'V4纸面入选-C', 'source': 'https://m.titan007.com/analy/Analysis/3094944.htm'}, {'date': '2026-09-29', 'match': '墨西哥(中) vs 秘鲁', 'score': '1-1', 'selected_team': '秘鲁', 'settlement': '红', 'water': 1.02, 'pnl_1u': 1.02, 'roi': 1.02, 'line': '1', 'action': 'V4纸面入选-C', 'source': 'https://m.titan007.com/analy/Analysis/3094999.htm'}, {'date': '2026-09-30', 'match': '芬兰U19 vs 德国U19', 'score': '1-2', 'selected_team': '', 'settlement': '黑', 'water': 0.82, 'pnl_1u': -1.0, 'roi': -1.0, 'line': '', 'action': 'V4纸面入选-C', 'source': 'https://m.titan007.com/analy/Analysis/3095002.htm'}, {'date': '2026-09-30', 'match': '塞舌尔 vs 斯里兰卡', 'score': '0-2', 'selected_team': '', 'settlement': '黑', 'water': 0.82, 'pnl_1u': -1.0, 'roi': -1.0, 'line': '', 'action': 'V4纸面入选-C', 'source': 'https://m.titan007.com/analy/Analysis/3096174.htm'}, {'date': '2026-09-30', 'match': '立陶宛 vs 安道尔', 'score': '3-0', 'selected_team': '立陶宛', 'settlement': '红', 'water': 0.82, 'pnl_1u': 0.82, 'roi': 0.82, 'line': '0.75', 'action': 'V4纸面入选-C', 'source': 'https://m.titan007.com/analy/Analysis/3096176.htm'}, {'date': '2026-09-30', 'match': '阿根廷 vs 玻利维亚', 'score': '4-0', 'selected_team': '', 'settlement': '红', 'water': 1.04, 'pnl_1u': 1.04, 'roi': 1.04, 'line': '', 'action': 'V4纸面入选-C', 'source': 'https://m.titan007.com/analy/Analysis/3095418.htm'}, {'date': '2026-10-01', 'match': '波兰U19 vs 哈萨克斯坦U19', 'score': '3-0', 'selected_team': '', 'settlement': '红', 'water': 0.92, 'pnl_1u': 0.92, 'roi': 0.92, 'line': '', 'action': 'V4纸面入选-C', 'source': 'https://m.titan007.com/analy/Analysis/3095233.htm'}, {'date': '2026-10-01', 'match': '法国U19 vs 土耳其U19', 'score': '2-1', 'selected_team': '', 'settlement': '红', 'water': 0.84, 'pnl_1u': 0.84, 'roi': 0.84, 'line': '', 'action': 'V4纸面入选-C', 'source': 'https://m.titan007.com/analy/Analysis/3095234.htm'}, {'date': '2026-10-01', 'match': '乌兹别克斯坦 vs 叙利亚', 'score': '4-1', 'selected_team': '乌兹别克斯坦', 'settlement': '红', 'water': 0.95, 'pnl_1u': 0.95, 'roi': 0.95, 'line': '1.5', 'action': 'V4纸面入选-C', 'source': 'https://m.titan007.com/analy/Analysis/3095240.htm'}, {'date': '2026-10-01', 'match': '卡塔尔U19 vs 爱尔兰U19', 'score': '1-1', 'selected_team': '', 'settlement': '走', 'water': 0.67, 'pnl_1u': 0.0, 'roi': 0.0, 'line': '', 'action': 'V4纸面入选-C', 'source': 'https://m.titan007.com/analy/Analysis/3095241.htm'}, {'date': '2026-10-01', 'match': '美国U20 vs 巴西U20', 'score': '0-2', 'selected_team': '巴西U20', 'settlement': '黑', 'water': 0.84, 'pnl_1u': -1.0, 'roi': -1.0, 'line': '-0.5', 'action': 'V4纸面入选-C', 'source': 'https://m.titan007.com/analy/Analysis/3095245.htm'}, {'date': '2026-10-02', 'match': '韩国 vs 委内瑞拉', 'score': '0-0', 'selected_team': '', 'settlement': '走', 'water': 0.93, 'pnl_1u': 0.0, 'roi': 0.0, 'line': '', 'action': 'V4纸面入选-C', 'source': 'https://m.titan007.com/analy/Analysis/3095568.htm'}, {'date': '2026-10-02', 'match': '哥伦比亚(中) vs 巴拉圭', 'score': '0-1', 'selected_team': '', 'settlement': '黑', 'water': 0.9, 'pnl_1u': -1.0, 'roi': -1.0, 'line': '', 'action': 'V4纸面入选-C', 'source': 'https://m.titan007.com/analy/Analysis/3095650.htm'}, {'date': '2026-10-03', 'match': '印度 vs 巴西', 'score': '0-4', 'selected_team': '印度', 'settlement': '半黑', 'water': 1.06, 'pnl_1u': -0.5, 'roi': -0.5, 'line': '-3.75', 'action': 'V4纸面入选-C', 'source': 'https://m.titan007.com/analy/Analysis/3096945.htm'}, {'date': '2026-10-03', 'match': '俄罗斯 vs 纳米比亚', 'score': '6-0', 'selected_team': '俄罗斯', 'settlement': '红', 'water': 0.85, 'pnl_1u': 0.85, 'roi': 0.85, 'line': '2.25', 'action': 'V4纸面入选-C', 'source': 'https://m.titan007.com/analy/Analysis/3096957.htm'}, {'date': '2026-10-03', 'match': '加拿大 vs 秘鲁', 'score': '2-0', 'selected_team': '加拿大', 'settlement': '红', 'water': 1.04, 'pnl_1u': 1.04, 'roi': 1.04, 'line': '1', 'action': 'V4纸面入选-C', 'source': 'https://m.titan007.com/analy/Analysis/3096091.htm'}, {'date': '2026-10-03', 'match': '科特迪瓦 vs 喀麦隆', 'score': '0-1', 'selected_team': '科特迪瓦', 'settlement': '黑', 'water': 1.02, 'pnl_1u': -1.0, 'roi': -1.0, 'line': '0.75', 'action': 'V4纸面入选-C', 'source': 'https://m.titan007.com/analy/Analysis/3096089.htm'}, {'date': '2026-10-04', 'match': '巴西U20 vs 墨西哥U20', 'score': '4-0', 'selected_team': '巴西U20', 'settlement': '红', 'water': 0.98, 'pnl_1u': 0.98, 'roi': 0.98, 'line': '0.5', 'action': 'V4纸面入选-C', 'source': 'https://m.titan007.com/analy/Analysis/3096443.htm'}, {'date': '2026-10-04', 'match': '丹麦U20 vs 美国U20', 'score': '3-3', 'selected_team': '丹麦U20', 'settlement': '半红', 'water': 0.9, 'pnl_1u': 0.45, 'roi': 0.45, 'line': '-0.25', 'action': 'V4纸面入选-C', 'source': 'https://m.titan007.com/analy/Analysis/3096449.htm'}, {'date': '2026-10-04', 'match': '埃及 vs 南非', 'score': '0-1', 'selected_team': '埃及', 'settlement': '黑', 'water': 0.79, 'pnl_1u': -1.0, 'roi': -1.0, 'line': '0.5', 'action': 'V4纸面入选-C', 'source': 'https://m.titan007.com/analy/Analysis/3097227.htm'}, {'date': '2026-10-04', 'match': '摩洛哥 vs 马里', 'score': '1-1', 'selected_team': '摩洛哥', 'settlement': '黑', 'water': 0.9, 'pnl_1u': -1.0, 'roi': -1.0, 'line': '1.25', 'action': 'V4纸面入选-C', 'source': 'https://m.titan007.com/analy/Analysis/3097230.htm'}, {'date': '2026-10-05', 'match': '巴拿马 vs 厄瓜多尔', 'score': '1-1', 'selected_team': '巴拿马', 'settlement': '红', 'water': 0.99, 'pnl_1u': 0.99, 'roi': 0.99, 'line': '-0.75', 'action': 'V4纸面入选-C', 'source': 'https://m.titan007.com/analy/Analysis/3097300.htm'}, {'date': '2026-10-05', 'match': '日本 vs 新西兰', 'score': '2-1', 'selected_team': '日本', 'settlement': '黑', 'water': 1, 'pnl_1u': -1.0, 'roi': -1.0, 'line': '2', 'action': 'V4纸面入选-C', 'source': 'https://m.titan007.com/analy/Analysis/3097301.htm'}, {'date': '2026-10-05', 'match': '英格兰U19 vs 比利时U19', 'score': '0-1', 'selected_team': '英格兰U19', 'settlement': '黑', 'water': 0.85, 'pnl_1u': -1.0, 'roi': -1.0, 'line': '1.25', 'action': 'V4纸面入选-C', 'source': 'https://m.titan007.com/analy/Analysis/3097293.htm'}, {'date': '2026-10-05', 'match': '乌干达 vs 刚果民主共和国', 'score': '1-1', 'selected_team': '乌干达', 'settlement': '红', 'water': 0.95, 'pnl_1u': 0.95, 'roi': 0.95, 'line': '-0.5', 'action': 'V4纸面入选-C', 'source': 'https://m.titan007.com/analy/Analysis/3097741.htm'}, {'date': '2026-10-05', 'match': '黑山U19 vs 以色列U19', 'score': '0-1', 'selected_team': '黑山U19', 'settlement': '黑', 'water': 0.78, 'pnl_1u': -1.0, 'roi': -1.0, 'line': '-0.5', 'action': 'V4纸面入选-C', 'source': 'https://m.titan007.com/analy/Analysis/3097742.htm'}, {'date': '2026-10-05', 'match': '格鲁吉亚U19 vs 拉脱维亚U19', 'score': '1-1', 'selected_team': '', 'settlement': '走', 'water': 0.75, 'pnl_1u': 0.0, 'roi': 0.0, 'line': '', 'action': 'V4纸面入选-C', 'source': 'https://m.titan007.com/analy/Analysis/3097745.htm'}, {'date': '2026-10-05', 'match': '塞尔维亚U21 vs 俄罗斯U21', 'score': '2-1', 'selected_team': '塞尔维亚U21', 'settlement': '红', 'water': 0.8, 'pnl_1u': 0.8, 'roi': 0.8, 'line': '-0.25', 'action': 'V4纸面入选-C', 'source': 'https://m.titan007.com/analy/Analysis/3097747.htm'}, {'date': '2026-10-06', 'match': '沙特阿拉伯U20 vs 亚美尼亚U20', 'score': '0-0', 'selected_team': '沙特阿拉伯U20', 'settlement': '黑', 'water': 1, 'pnl_1u': -1.0, 'roi': -1.0, 'line': '1.25', 'action': 'V4纸面入选-C', 'source': 'https://m.titan007.com/analy/Analysis/3097372.htm'}, {'date': '2026-10-06', 'match': '韩国 vs 乌兹别克斯坦', 'score': '2-0', 'selected_team': '韩国', 'settlement': '红', 'water': 0.94, 'pnl_1u': 0.94, 'roi': 0.94, 'line': '0.75', 'action': 'V4纸面入选-C', 'source': 'https://m.titan007.com/analy/Analysis/3097375.htm'}, {'date': '2026-10-06', 'match': '中国 vs 塔吉克斯坦', 'score': '0-1', 'selected_team': '中国', 'settlement': '黑', 'water': 1, 'pnl_1u': -1.0, 'roi': -1.0, 'line': '0.75', 'action': 'V4纸面入选-C', 'source': 'https://m.titan007.com/analy/Analysis/3091499.htm'}, {'date': '2026-10-06', 'match': '葡萄牙U19 vs 奥地利U19', 'score': '4-0', 'selected_team': '葡萄牙U19', 'settlement': '红', 'water': 0.87, 'pnl_1u': 0.87, 'roi': 0.87, 'line': '0.5', 'action': 'V4纸面入选-C', 'source': 'https://m.titan007.com/analy/Analysis/3097381.htm'}, {'date': '2026-10-06', 'match': '印度(中) vs 乌拉圭', 'score': '1-6', 'selected_team': '印度(中)', 'settlement': '黑', 'water': 0.91, 'pnl_1u': -1.0, 'roi': -1.0, 'line': '-3.5', 'action': 'V4纸面入选-C', 'source': 'https://m.titan007.com/analy/Analysis/3097388.htm'}, {'date': '2026-10-06', 'match': '俄罗斯 vs 尼日利亚', 'score': '3-3', 'selected_team': '俄罗斯', 'settlement': '黑', 'water': 0.91, 'pnl_1u': -1.0, 'roi': -1.0, 'line': '1', 'action': 'V4纸面入选-C', 'source': 'https://m.titan007.com/analy/Analysis/3097390.htm'}, {'date': '2026-10-06', 'match': '约旦 vs 委内瑞拉', 'score': '0-0', 'selected_team': '', 'settlement': '走', 'water': 0.89, 'pnl_1u': 0.0, 'roi': 0.0, 'line': '', 'action': 'V4纸面入选-C', 'source': 'https://m.titan007.com/analy/Analysis/3097384.htm'}, {'date': '2026-10-06', 'match': '阿尔及利亚 vs 尼日尔', 'score': '2-1', 'selected_team': '阿尔及利亚', 'settlement': '黑', 'water': 0.87, 'pnl_1u': -1.0, 'roi': -1.0, 'line': '1.75', 'action': 'V4纸面入选-C', 'source': 'https://m.titan007.com/analy/Analysis/3097385.htm'}, {'date': '2026-10-06', 'match': '阿根廷(中) vs 贝宁', 'score': '0-0', 'selected_team': '贝宁', 'settlement': '红', 'water': 0.87, 'pnl_1u': 0.87, 'roi': 0.87, 'line': '4.5', 'action': 'V4纸面入选-C', 'source': 'https://m.titan007.com/analy/Analysis/3097387.htm'}, {'date': '2026-10-06', 'match': '哥伦比亚(中) vs 秘鲁', 'score': '0-0', 'selected_team': '哥伦比亚(中)', 'settlement': '黑', 'water': 0.9, 'pnl_1u': -1.0, 'roi': -1.0, 'line': '1.25', 'action': 'V4纸面入选-C', 'source': 'https://m.titan007.com/analy/Analysis/3097386.htm'}, {'date': '2026-10-06', 'match': '美国(中) vs 加拿大', 'score': '1-0', 'selected_team': '美国(中)', 'settlement': '红', 'water': 0.8, 'pnl_1u': 0.8, 'roi': 0.8, 'line': '0.5', 'action': 'V4纸面入选-C', 'source': 'https://m.titan007.com/analy/Analysis/3097883.htm'}, {'date': '2026-10-07', 'match': '墨西哥(中) vs 智利', 'score': '0-2', 'selected_team': '墨西哥(中)', 'settlement': '黑', 'water': 1, 'pnl_1u': -1.0, 'roi': -1.0, 'line': '1', 'action': 'V4纸面入选-C', 'source': 'https://m.titan007.com/analy/Analysis/3097882.htm'}]"
V4,2026-10-09,3008852,捷U19,时间待核,布杰约维采迪纳摩U19 vs 卡尔维纳U19,,,1,1,0,0,0,0,1.0,0.93,0.93,1,,,list_date < 2026-10-09,"[{'date': '2026-10-03', 'match': '史洛特U19 vs 般奴U19', 'score': '3-0', 'selected_team': '', 'settlement': '红', 'water': 0.93, 'pnl_1u': 0.93, 'roi': 0.93, 'line': '', 'action': 'V4纸面入选-C', 'source': 'https://m.titan007.com/analy/Analysis/3008848.htm'}]"
V4,2026-10-09,3098104,女奥非预,时间待核,刚果共和国女足 vs 摩洛哥女足,,,0,0,0,0,0,0,,,,0,,,list_date < 2026-10-09,[]
V4,2026-10-09,3074492,乌干超,时间待核,恩德贝 vs 乌干达警察俱乐部,恩德贝,giving,6,3,0,0,1,2,0.54545455,0.51,0.085,6,,,list_date < 2026-10-09,"[{'date': '2026-10-07', 'match': '恩图加萨泽FC vs 姆巴拉拉市', 'score': '1-0', 'selected_team': '恩图加萨泽FC', 'settlement': '红', 'water': 1.03, 'pnl_1u': 1.03, 'roi': 1.03, 'line': '-0.5', 'action': 'V4纸面入选-A', 'source': 'https://m.titan007.com/analy/Analysis/3074485.htm'}, {'date': '2026-10-07', 'match': '卡塔卡足球俱乐部 vs 维拉竞技', 'score': '1-1', 'selected_team': '卡塔卡足球俱乐部', 'settlement': '红', 'water': 1, 'pnl_1u': 1.0, 'roi': 1.0, 'line': '-1', 'action': 'V4纸面入选-A', 'source': 'https://m.titan007.com/analy/Analysis/3074486.htm'}, {'date': '2026-10-07', 'match': '马鲁 vs 卢加兹市足球俱乐部', 'score': '3-0', 'selected_team': '马鲁', 'settlement': '红', 'water': 0.98, 'pnl_1u': 0.98, 'roi': 0.98, 'line': '0.5', 'action': 'V4纸面入选-A', 'source': 'https://m.titan007.com/analy/Analysis/3074487.htm'}, {'date': '2026-10-07', 'match': '基塔拉体育 vs 基格齐男孩俱乐部', 'score': '1-0', 'selected_team': '基塔拉体育', 'settlement': '半黑', 'water': 1.05, 'pnl_1u': -0.5, 'roi': -0.5, 'line': '1.25', 'action': 'V4纸面入选-A', 'source': 'https://m.titan007.com/analy/Analysis/3074489.htm'}, {'date': '2026-10-08', 'match': '布莱克电力 vs 毒蛇', 'score': '0-4', 'selected_team': '布莱克电力', 'settlement': '黑', 'water': 0.93, 'pnl_1u': -1.0, 'roi': -1.0, 'line': '-1', 'action': 'V4ShadowOnly；real_money=false', 'source': 'D:\\codex\\v3_legacy\\outputs\\football_odds_trader\\raw\\titan007\\20261008\\20261008_074021_titan007_odds_snapshot.csv'}, {'date': '2026-10-08', 'match': '布戈洛比 vs 艾斯帕勒斯', 'score': '0-0', 'selected_team': '布戈洛比', 'settlement': '黑', 'water': 0.88, 'pnl_1u': -1.0, 'roi': -1.0, 'line': '1.25', 'action': 'V4ShadowOnly；real_money=false', 'source': 'D:\\codex\\v3_legacy\\outputs\\football_odds_trader\\raw\\titan007\\20261008\\20261008_074021_titan007_odds_snapshot.csv'}]"
V4,2026-10-09,2933158,乌兹超,时间待核,纳萨夫 vs 萨马尔罕迪纳摩,纳萨夫,giving,1,0,0,0,0,1,0.0,-1.0,-1.0,1,,,list_date < 2026-10-09,"[{'date': '2026-10-07', 'match': '费尔干纳夫兹 vs 花刺子模乌尔根奇', 'score': '2-2', 'selected_team': '费尔干纳夫兹', 'settlement': '黑', 'water': 0.85, 'pnl_1u': -1.0, 'roi': -1.0, 'line': '1.75', 'action': 'V4纸面入选-A', 'source': 'https://m.titan007.com/analy/Analysis/2933159.htm'}]"
V4,2026-10-09,3031210,立陶乙,时间待核,考纳斯 vs DFK戴拿瓦,,,1,0,1,0,0,0,1.0,0.525,0.525,1,,,list_date < 2026-10-09,"[{'date': '2026-09-18', 'match': '考纳斯 vs FK特兰西B队', 'score': '2-1', 'selected_team': 'FK特兰西B队', 'settlement': '半红', 'water': 1.05, 'pnl_1u': 0.525, 'roi': 0.525, 'line': '1.25', 'action': 'V4纸面入选-C', 'source': 'https://zq.titan007.com/analysis/3031202cn.htm'}]"
V4,2026-10-09,3065104,安哥甲,时间待核,波特洛体育会 vs 高拉,,,0,0,0,0,0,0,,,,0,,,list_date < 2026-10-09,[]
V4,2026-10-09,3017188,保乙,时间待核,延特拉 vs 韦伦桑丹斯基,,,5,3,0,1,0,1,0.75,1.89,0.378,5,,,list_date < 2026-10-09,"[{'date': '2026-09-14', 'match': '赫巴 vs 伊塔尔', 'score': '4-1', 'selected_team': '赫巴', 'settlement': '红', 'water': 1.02, 'pnl_1u': 1.02, 'roi': 1.02, 'line': '0.5', 'action': 'V4纸面入选-C', 'source': 'https://m.titan007.com/analy/Analysis/3017156.htm'}, {'date': '2026-09-15', 'match': '格纳火车头 vs 内塞伯尔', 'score': '1-1', 'selected_team': '内塞伯尔', 'settlement': '红', 'water': 1.06, 'pnl_1u': 1.06, 'roi': 1.06, 'line': '0.5', 'action': 'V4纸面入选-C', 'source': 'https://www.fotmob.com/nb/matches/nesebar-vs-lokomotiv-gorna-oryahovitsa/211zgu0u'}, {'date': '2026-09-27', 'match': '韦伦桑丹斯基 vs 内塞伯尔', 'score': '2-0', 'selected_team': '韦伦桑丹斯基', 'settlement': '红', 'water': 0.81, 'pnl_1u': 0.81, 'roi': 0.81, 'line': '1.5', 'action': 'V4最新页面A/B/C候选', 'source': 'https://simondongxiao.github.io/odds/v4/'}, {'date': '2026-09-27', 'match': '贝尔罗 vs 延特拉', 'score': '1-0', 'selected_team': '延特拉', 'settlement': '黑', 'water': 1, 'pnl_1u': -1.0, 'roi': -1.0, 'line': '0.25', 'action': 'V4最新页面A/B/C候选', 'source': 'https://simondongxiao.github.io/odds/v4/'}, {'date': '2026-09-27', 'match': '索菲亚中央陆军B队 vs 斯夫格', 'score': '1-0', 'selected_team': '斯夫格', 'settlement': '走', 'water': 0.91, 'pnl_1u': 0.0, 'roi': 0.0, 'line': '1', 'action': 'V4最新页面A/B/C候选', 'source': 'https://simondongxiao.github.io/odds/v4/'}]"
V4,2026-10-09,3037807,卡塔尔联,时间待核,卡塔尔体育 vs 赖扬,,,0,0,0,0,0,0,,,,0,,,list_date < 2026-10-09,[]
V4,2026-10-09,3093468,科威特联,时间待核,纳沙 vs 科威特竞技,,,0,0,0,0,0,0,,,,0,,,list_date < 2026-10-09,[]
V4,2026-10-09,3085237,芬超降,时间待核,塞伊奈约基 vs 拉赫蒂,,,1,1,0,0,0,0,1.0,0.85,0.85,1,,,list_date < 2026-10-09,"[{'date': '2026-09-18', 'match': '拉赫蒂 vs 雅罗', 'score': '1-1', 'selected_team': '雅罗', 'settlement': '红', 'water': 0.85, 'pnl_1u': 0.85, 'roi': 0.85, 'line': '1', 'action': 'V4纸面入选-C', 'source': 'https://zq.titan007.com/analysis/3085234cn.htm'}]"
V4,2026-10-09,3010434,罗甲,时间待核,胡内多阿拉 vs 沃伦塔利,,,2,0,0,0,0,2,0.0,-2.0,-1.0,2,,,list_date < 2026-10-09,"[{'date': '2026-09-18', 'match': '布加勒斯特快速 vs 阿格斯', 'score': '3-1', 'selected_team': '阿格斯', 'settlement': '黑', 'water': 1.11, 'pnl_1u': -1.0, 'roi': -1.0, 'line': '0.75', 'action': 'V4纸面入选-C', 'source': 'https://zq.titan007.com/analysis/3010428cn.htm'}, {'date': '2026-09-21', 'match': '佩特罗鲁 vs FK米耶尔库雷亚丘克', 'score': '2-0', 'selected_team': 'FK米耶尔库雷亚丘克', 'settlement': '黑', 'water': 0.98, 'pnl_1u': -1.0, 'roi': -1.0, 'line': '0.75', 'action': 'V4最新页面A/B/C候选', 'source': 'https://www.titan007.com/'}]"
V4,2026-10-09,3094397,女欧U17,时间待核,冰岛女足U17 vs 捷克女足U17,,,0,0,0,0,0,0,,,,0,,,list_date < 2026-10-09,[]
V4,2026-10-09,3040132,捷乙,时间待核,布拉格斯拉维亚B队 vs 维拉斯姆,,,0,0,0,0,0,0,,,,0,,,list_date < 2026-10-09,[]
V4,2026-10-09,3031217,立陶乙,时间待核,斯奥利艾B队 vs 卡努扎吉里斯B队,,,1,0,1,0,0,0,1.0,0.525,0.525,1,,,list_date < 2026-10-09,"[{'date': '2026-09-18', 'match': '考纳斯 vs FK特兰西B队', 'score': '2-1', 'selected_team': 'FK特兰西B队', 'settlement': '半红', 'water': 1.05, 'pnl_1u': 0.525, 'roi': 0.525, 'line': '1.25', 'action': 'V4纸面入选-C', 'source': 'https://zq.titan007.com/analysis/3031202cn.htm'}]"
V4,2026-10-09,2941118,爱沙乙,时间待核,诺梅联合U21 vs 塔林利华戴亚B队,,,0,0,0,0,0,0,,,,0,,,list_date < 2026-10-09,[]
V4,2026-10-09,3071927,伊拉联,时间待核,扎克赫 vs 纽罗兹SC,,,4,2,1,0,0,1,0.71428571,1.375,0.34375,4,,,list_date < 2026-10-09,"[{'date': '2026-10-07', 'match': '摩苏尔足球俱乐部 vs 巴格达空军', 'score': '0-3', 'selected_team': '摩苏尔足球俱乐部', 'settlement': '黑', 'water': 1, 'pnl_1u': -1.0, 'roi': -1.0, 'line': '-0.25', 'action': 'V4纸面入选-B', 'source': 'https://m.titan007.com/analy/Analysis/3071921.htm'}, {'date': '2026-10-08', 'match': '塔拉巴 vs 巴格达警察', 'score': '0-0', 'selected_team': '塔拉巴', 'settlement': '半红', 'water': 1.03, 'pnl_1u': 0.515, 'roi': 0.515, 'line': '-0.25', 'action': 'V4ShadowOnly；real_money=false', 'source': 'D:\\codex\\v3_legacy\\outputs\\football_odds_trader\\raw\\titan007\\20261008\\20261008_074021_titan007_odds_snapshot.csv'}, {'date': '2026-10-08', 'match': '杜赫克 vs 扎瓦拉', 'score': '3-0', 'selected_team': '杜赫克', 'settlement': '红', 'water': 0.98, 'pnl_1u': 0.98, 'roi': 0.98, 'line': '-0.25', 'action': 'V4ShadowOnly；real_money=false', 'source': 'D:\\codex\\v3_legacy\\outputs\\football_odds_trader\\raw\\titan007\\20261008\\20261008_074021_titan007_odds_snapshot.csv'}, {'date': '2026-10-08', 'match': '纳夫特米桑 vs 阿比尔', 'score': '1-1', 'selected_team': '纳夫特米桑', 'settlement': '红', 'water': 0.88, 'pnl_1u': 0.88, 'roi': 0.88, 'line': '-0.5', 'action': 'V4ShadowOnly；real_money=false', 'source': 'D:\\codex\\v3_legacy\\outputs\\football_odds_trader\\raw\\titan007\\20261008\\20261008_074021_titan007_odds_snapshot.csv'}]"
V4,2026-10-09,3100344,加纳联,时间待核,国际联盟 vs 奥卡胡联,,,1,0,0,0,0,1,0.0,-1.0,-1.0,1,,,list_date < 2026-10-09,"[{'date': '2026-10-05', 'match': '多玛团结SC vs 胜利俱乐部勇士', 'score': '0-0', 'selected_team': '多玛团结SC', 'settlement': '黑', 'water': 0.8, 'pnl_1u': -1.0, 'roi': -1.0, 'line': '0.75', 'action': 'V4纸面入选-C', 'source': 'https://m.titan007.com/analy/Analysis/3097814.htm'}]"
V4,2026-10-09,3100331,立陶丙,时间待核,尼维斯 vs 苏杜瓦B队,,,0,0,0,0,0,0,,,,0,,,list_date < 2026-10-09,[]
V4,2026-10-09,3098032,女奥非预,时间待核,安哥拉女足 vs 纳米比亚女足,,,0,0,0,0,0,0,,,,0,,,list_date < 2026-10-09,[]
V4,2026-10-09,2968090,挪丙,时间待核,FK佛罗 vs 奥特格宁兰B队,,,5,3,0,0,0,2,0.6,0.76,0.152,5,,,list_date < 2026-10-09,"[{'date': '2026-09-14', 'match': '艾科拉 vs 奥特格宁兰B队', 'score': '1-0', 'selected_team': '艾科拉', 'settlement': '红', 'water': 1.08, 'pnl_1u': 1.08, 'roi': 1.08, 'line': '-1', 'action': 'V4纸面入选-C', 'source': 'https://m.titan007.com/analy/Analysis/2968061.htm'}, {'date': '2026-09-21', 'match': '特罗姆瑟B队 vs 康斯文格B队', 'score': '6-0', 'selected_team': '康斯文格B队', 'settlement': '黑', 'water': 1.08, 'pnl_1u': -1.0, 'roi': -1.0, 'line': '0.75', 'action': 'V4最新页面A/B/C候选', 'source': 'https://www.titan007.com/'}, {'date': '2026-09-27', 'match': '佛克朴林特 vs 特罗姆瑟B队', 'score': '0-3', 'selected_team': '佛克朴林特', 'settlement': '黑', 'water': 1.11, 'pnl_1u': -1.0, 'roi': -1.0, 'line': '-0.25', 'action': 'V4最新页面A/B/C候选', 'source': 'https://simondongxiao.github.io/odds/v4/'}, {'date': '2026-10-04', 'match': '斯克捷沃 vs 佛克朴林特', 'score': '3-0', 'selected_team': '', 'settlement': '红', 'water': 0.82, 'pnl_1u': 0.82, 'roi': 0.82, 'line': '', 'action': 'V4纸面入选-C', 'source': 'https://m.titan007.com/analy/Analysis/2968267.htm'}, {'date': '2026-10-04', 'match': '斯塔贝克B队 vs 侯格辛特B队', 'score': '4-1', 'selected_team': '侯格辛特B队', 'settlement': '红', 'water': 0.86, 'pnl_1u': 0.86, 'roi': 0.86, 'line': '1', 'action': 'V4纸面入选-B', 'source': 'https://m.titan007.com/analy/Analysis/2968086.htm'}]"
V4,2026-10-09,3098060,墨西U21,时间待核,普埃布拉U21 vs 莱昂U21,,,0,0,0,0,0,0,,,,0,,,list_date < 2026-10-09,[]
V4,2026-10-09,3098062,墨西U21,时间待核,堤格雷斯UANL U21 vs 托卢卡U21,,,0,0,0,0,0,0,,,,0,,,list_date < 2026-10-09,[]
V4,2026-10-09,3098095,国际友谊,时间待核,尼加拉瓜U16 vs 哥斯达黎加U16,,,53,24,2,5,2,20,0.54347826,2.355,0.04443396,53,,,list_date < 2026-10-09,"[{'date': '2026-09-21', 'match': '多米尼克 vs 安圭拉', 'score': '1-0', 'selected_team': '多米尼克', 'settlement': '红', 'water': 0.93, 'pnl_1u': 0.93, 'roi': 0.93, 'line': '-2', 'action': 'V4最新页面A/B/C候选', 'source': 'https://www.titan007.com/'}, {'date': '2026-09-23', 'match': '秘鲁U19 vs 阿根廷U19', 'score': '0-1', 'selected_team': '秘鲁U19', 'settlement': '走', 'water': 0.96, 'pnl_1u': 0.0, 'roi': 0.0, 'line': '-1', 'action': 'V4最新页面A/B/C候选', 'source': 'https://simondongxiao.github.io/odds/v4/'}, {'date': '2026-09-24', 'match': '韩国 vs 厄瓜多尔', 'score': '3-0', 'selected_team': '韩国', 'settlement': '红', 'water': 1.05, 'pnl_1u': 1.05, 'roi': 1.05, 'line': '0.25', 'action': 'V4最新页面A/B/C候选', 'source': 'https://simondongxiao.github.io/odds/v4/'}, {'date': '2026-09-25', 'match': '澳大利亚 vs 巴西', 'score': '1-1', 'selected_team': '巴西', 'settlement': '黑', 'water': 0.81, 'pnl_1u': -1.0, 'roi': -1.0, 'line': '-1.5', 'action': 'V4最新页面A/B/C候选', 'source': 'https://simondongxiao.github.io/odds/v4/'}, {'date': '2026-09-26', 'match': '美国 vs 秘鲁', 'score': '4-1', 'selected_team': '秘鲁', 'settlement': '黑', 'water': 0.93, 'pnl_1u': -1.0, 'roi': -1.0, 'line': '1', 'action': 'V4最新页面A/B/C候选', 'source': 'https://simondongxiao.github.io/odds/v4/'}, {'date': '2026-09-27', 'match': '中国 vs 新西兰', 'score': '0-3', 'selected_team': '新西兰', 'settlement': '红', 'water': 1.03, 'pnl_1u': 1.03, 'roi': 1.03, 'line': '-0.25', 'action': 'V4最新页面A/B/C候选', 'source': 'https://simondongxiao.github.io/odds/v4/'}, {'date': '2026-09-27', 'match': '德国U19(中) vs 乌克兰U19', 'score': '0-0', 'selected_team': '乌克兰U19', 'settlement': '红', 'water': 0.95, 'pnl_1u': 0.95, 'roi': 0.95, 'line': '1', 'action': 'V4最新页面A/B/C候选', 'source': 'https://simondongxiao.github.io/odds/v4/'}, {'date': '2026-09-27', 'match': '约旦 vs 叙利亚', 'score': '1-1', 'selected_team': '叙利亚', 'settlement': '红', 'water': 0.94, 'pnl_1u': 0.94, 'roi': 0.94, 'line': '1', 'action': 'V4最新页面A/B/C候选', 'source': 'https://simondongxiao.github.io/odds/v4/'}, {'date': '2026-09-27', 'match': '玻利维亚(中) vs 巴拉圭', 'score': '0-2', 'selected_team': '巴拉圭', 'settlement': '红', 'water': 0.98, 'pnl_1u': 0.98, 'roi': 0.98, 'line': '-1.25', 'action': 'V4最新页面A/B/C候选', 'source': 'https://simondongxiao.github.io/odds/v4/'}, {'date': '2026-09-28', 'match': '哈萨克斯坦U19 vs 瑞士U19', 'score': '1-2', 'selected_team': '哈萨克斯坦U19', 'settlement': '半黑', 'water': 1.07, 'pnl_1u': -0.5, 'roi': -0.5, 'line': '-0.75', 'action': 'V4ff7d4e5版本A/B/C候选', 'source': 'https://simondongxiao.github.io/odds/v4/?v=ff7d4e5'}, {'date': '2026-09-28', 'match': '日本 vs 委内瑞拉', 'score': '2-1', 'selected_team': '日本', 'settlement': '黑', 'water': 0.98, 'pnl_1u': -1.0, 'roi': -1.0, 'line': '1.75', 'action': 'V4ff7d4e5版本A/B/C候选', 'source': 'https://simondongxiao.github.io/odds/v4/?v=ff7d4e5'}, {'date': '2026-09-28', 'match': '吉尔吉斯斯坦 vs 马尔代夫', 'score': '5-0', 'selected_team': '吉尔吉斯斯坦', 'settlement': '红', 'water': 0.97, 'pnl_1u': 0.97, 'roi': 0.97, 'line': '3', 'action': 'V4ff7d4e5版本A/B/C候选', 'source': 'https://simondongxiao.github.io/odds/v4/?v=ff7d4e5'}, {'date': '2026-09-29', 'match': '斐济女足 vs 新喀里多尼亚女足', 'score': '1-0', 'selected_team': '新喀里多尼亚女足', 'settlement': '半红', 'water': 1.19, 'pnl_1u': 0.595, 'roi': 0.595, 'line': '1.25', 'action': 'V4纸面入选-C', 'source': 'https://m.titan007.com/analy/Analysis/3094943.htm'}, {'date': '2026-09-29', 'match': '美国U19(中) vs 威尔士U19', 'score': '2-0', 'selected_team': '美国U19(中)', 'settlement': '红', 'water': 0.78, 'pnl_1u': 0.78, 'roi': 0.78, 'line': '1.5', 'action': 'V4纸面入选-C', 'source': 'https://m.titan007.com/analy/Analysis/3094944.htm'}, {'date': '2026-09-29', 'match': '墨西哥(中) vs 秘鲁', 'score': '1-1', 'selected_team': '秘鲁', 'settlement': '红', 'water': 1.02, 'pnl_1u': 1.02, 'roi': 1.02, 'line': '1', 'action': 'V4纸面入选-C', 'source': 'https://m.titan007.com/analy/Analysis/3094999.htm'}, {'date': '2026-09-30', 'match': '芬兰U19 vs 德国U19', 'score': '1-2', 'selected_team': '', 'settlement': '黑', 'water': 0.82, 'pnl_1u': -1.0, 'roi': -1.0, 'line': '', 'action': 'V4纸面入选-C', 'source': 'https://m.titan007.com/analy/Analysis/3095002.htm'}, {'date': '2026-09-30', 'match': '塞舌尔 vs 斯里兰卡', 'score': '0-2', 'selected_team': '', 'settlement': '黑', 'water': 0.82, 'pnl_1u': -1.0, 'roi': -1.0, 'line': '', 'action': 'V4纸面入选-C', 'source': 'https://m.titan007.com/analy/Analysis/3096174.htm'}, {'date': '2026-09-30', 'match': '立陶宛 vs 安道尔', 'score': '3-0', 'selected_team': '立陶宛', 'settlement': '红', 'water': 0.82, 'pnl_1u': 0.82, 'roi': 0.82, 'line': '0.75', 'action': 'V4纸面入选-C', 'source': 'https://m.titan007.com/analy/Analysis/3096176.htm'}, {'date': '2026-09-30', 'match': '阿根廷 vs 玻利维亚', 'score': '4-0', 'selected_team': '', 'settlement': '红', 'water': 1.04, 'pnl_1u': 1.04, 'roi': 1.04, 'line': '', 'action': 'V4纸面入选-C', 'source': 'https://m.titan007.com/analy/Analysis/3095418.htm'}, {'date': '2026-10-01', 'match': '波兰U19 vs 哈萨克斯坦U19', 'score': '3-0', 'selected_team': '', 'settlement': '红', 'water': 0.92, 'pnl_1u': 0.92, 'roi': 0.92, 'line': '', 'action': 'V4纸面入选-C', 'source': 'https://m.titan007.com/analy/Analysis/3095233.htm'}, {'date': '2026-10-01', 'match': '法国U19 vs 土耳其U19', 'score': '2-1', 'selected_team': '', 'settlement': '红', 'water': 0.84, 'pnl_1u': 0.84, 'roi': 0.84, 'line': '', 'action': 'V4纸面入选-C', 'source': 'https://m.titan007.com/analy/Analysis/3095234.htm'}, {'date': '2026-10-01', 'match': '乌兹别克斯坦 vs 叙利亚', 'score': '4-1', 'selected_team': '乌兹别克斯坦', 'settlement': '红', 'water': 0.95, 'pnl_1u': 0.95, 'roi': 0.95, 'line': '1.5', 'action': 'V4纸面入选-C', 'source': 'https://m.titan007.com/analy/Analysis/3095240.htm'}, {'date': '2026-10-01', 'match': '卡塔尔U19 vs 爱尔兰U19', 'score': '1-1', 'selected_team': '', 'settlement': '走', 'water': 0.67, 'pnl_1u': 0.0, 'roi': 0.0, 'line': '', 'action': 'V4纸面入选-C', 'source': 'https://m.titan007.com/analy/Analysis/3095241.htm'}, {'date': '2026-10-01', 'match': '美国U20 vs 巴西U20', 'score': '0-2', 'selected_team': '巴西U20', 'settlement': '黑', 'water': 0.84, 'pnl_1u': -1.0, 'roi': -1.0, 'line': '-0.5', 'action': 'V4纸面入选-C', 'source': 'https://m.titan007.com/analy/Analysis/3095245.htm'}, {'date': '2026-10-02', 'match': '韩国 vs 委内瑞拉', 'score': '0-0', 'selected_team': '', 'settlement': '走', 'water': 0.93, 'pnl_1u': 0.0, 'roi': 0.0, 'line': '', 'action': 'V4纸面入选-C', 'source': 'https://m.titan007.com/analy/Analysis/3095568.htm'}, {'date': '2026-10-02', 'match': '哥伦比亚(中) vs 巴拉圭', 'score': '0-1', 'selected_team': '', 'settlement': '黑', 'water': 0.9, 'pnl_1u': -1.0, 'roi': -1.0, 'line': '', 'action': 'V4纸面入选-C', 'source': 'https://m.titan007.com/analy/Analysis/3095650.htm'}, {'date': '2026-10-03', 'match': '印度 vs 巴西', 'score': '0-4', 'selected_team': '印度', 'settlement': '半黑', 'water': 1.06, 'pnl_1u': -0.5, 'roi': -0.5, 'line': '-3.75', 'action': 'V4纸面入选-C', 'source': 'https://m.titan007.com/analy/Analysis/3096945.htm'}, {'date': '2026-10-03', 'match': '俄罗斯 vs 纳米比亚', 'score': '6-0', 'selected_team': '俄罗斯', 'settlement': '红', 'water': 0.85, 'pnl_1u': 0.85, 'roi': 0.85, 'line': '2.25', 'action': 'V4纸面入选-C', 'source': 'https://m.titan007.com/analy/Analysis/3096957.htm'}, {'date': '2026-10-03', 'match': '加拿大 vs 秘鲁', 'score': '2-0', 'selected_team': '加拿大', 'settlement': '红', 'water': 1.04, 'pnl_1u': 1.04, 'roi': 1.04, 'line': '1', 'action': 'V4纸面入选-C', 'source': 'https://m.titan007.com/analy/Analysis/3096091.htm'}, {'date': '2026-10-03', 'match': '科特迪瓦 vs 喀麦隆', 'score': '0-1', 'selected_team': '科特迪瓦', 'settlement': '黑', 'water': 1.02, 'pnl_1u': -1.0, 'roi': -1.0, 'line': '0.75', 'action': 'V4纸面入选-C', 'source': 'https://m.titan007.com/analy/Analysis/3096089.htm'}, {'date': '2026-10-04', 'match': '巴西U20 vs 墨西哥U20', 'score': '4-0', 'selected_team': '巴西U20', 'settlement': '红', 'water': 0.98, 'pnl_1u': 0.98, 'roi': 0.98, 'line': '0.5', 'action': 'V4纸面入选-C', 'source': 'https://m.titan007.com/analy/Analysis/3096443.htm'}, {'date': '2026-10-04', 'match': '丹麦U20 vs 美国U20', 'score': '3-3', 'selected_team': '丹麦U20', 'settlement': '半红', 'water': 0.9, 'pnl_1u': 0.45, 'roi': 0.45, 'line': '-0.25', 'action': 'V4纸面入选-C', 'source': 'https://m.titan007.com/analy/Analysis/3096449.htm'}, {'date': '2026-10-04', 'match': '埃及 vs 南非', 'score': '0-1', 'selected_team': '埃及', 'settlement': '黑', 'water': 0.79, 'pnl_1u': -1.0, 'roi': -1.0, 'line': '0.5', 'action': 'V4纸面入选-C', 'source': 'https://m.titan007.com/analy/Analysis/3097227.htm'}, {'date': '2026-10-04', 'match': '摩洛哥 vs 马里', 'score': '1-1', 'selected_team': '摩洛哥', 'settlement': '黑', 'water': 0.9, 'pnl_1u': -1.0, 'roi': -1.0, 'line': '1.25', 'action': 'V4纸面入选-C', 'source': 'https://m.titan007.com/analy/Analysis/3097230.htm'}, {'date': '2026-10-05', 'match': '巴拿马 vs 厄瓜多尔', 'score': '1-1', 'selected_team': '巴拿马', 'settlement': '红', 'water': 0.99, 'pnl_1u': 0.99, 'roi': 0.99, 'line': '-0.75', 'action': 'V4纸面入选-C', 'source': 'https://m.titan007.com/analy/Analysis/3097300.htm'}, {'date': '2026-10-05', 'match': '日本 vs 新西兰', 'score': '2-1', 'selected_team': '日本', 'settlement': '黑', 'water': 1, 'pnl_1u': -1.0, 'roi': -1.0, 'line': '2', 'action': 'V4纸面入选-C', 'source': 'https://m.titan007.com/analy/Analysis/3097301.htm'}, {'date': '2026-10-05', 'match': '英格兰U19 vs 比利时U19', 'score': '0-1', 'selected_team': '英格兰U19', 'settlement': '黑', 'water': 0.85, 'pnl_1u': -1.0, 'roi': -1.0, 'line': '1.25', 'action': 'V4纸面入选-C', 'source': 'https://m.titan007.com/analy/Analysis/3097293.htm'}, {'date': '2026-10-05', 'match': '乌干达 vs 刚果民主共和国', 'score': '1-1', 'selected_team': '乌干达', 'settlement': '红', 'water': 0.95, 'pnl_1u': 0.95, 'roi': 0.95, 'line': '-0.5', 'action': 'V4纸面入选-C', 'source': 'https://m.titan007.com/analy/Analysis/3097741.htm'}, {'date': '2026-10-05', 'match': '黑山U19 vs 以色列U19', 'score': '0-1', 'selected_team': '黑山U19', 'settlement': '黑', 'water': 0.78, 'pnl_1u': -1.0, 'roi': -1.0, 'line': '-0.5', 'action': 'V4纸面入选-C', 'source': 'https://m.titan007.com/analy/Analysis/3097742.htm'}, {'date': '2026-10-05', 'match': '格鲁吉亚U19 vs 拉脱维亚U19', 'score': '1-1', 'selected_team': '', 'settlement': '走', 'water': 0.75, 'pnl_1u': 0.0, 'roi': 0.0, 'line': '', 'action': 'V4纸面入选-C', 'source': 'https://m.titan007.com/analy/Analysis/3097745.htm'}, {'date': '2026-10-05', 'match': '塞尔维亚U21 vs 俄罗斯U21', 'score': '2-1', 'selected_team': '塞尔维亚U21', 'settlement': '红', 'water': 0.8, 'pnl_1u': 0.8, 'roi': 0.8, 'line': '-0.25', 'action': 'V4纸面入选-C', 'source': 'https://m.titan007.com/analy/Analysis/3097747.htm'}, {'date': '2026-10-06', 'match': '沙特阿拉伯U20 vs 亚美尼亚U20', 'score': '0-0', 'selected_team': '沙特阿拉伯U20', 'settlement': '黑', 'water': 1, 'pnl_1u': -1.0, 'roi': -1.0, 'line': '1.25', 'action': 'V4纸面入选-C', 'source': 'https://m.titan007.com/analy/Analysis/3097372.htm'}, {'date': '2026-10-06', 'match': '韩国 vs 乌兹别克斯坦', 'score': '2-0', 'selected_team': '韩国', 'settlement': '红', 'water': 0.94, 'pnl_1u': 0.94, 'roi': 0.94, 'line': '0.75', 'action': 'V4纸面入选-C', 'source': 'https://m.titan007.com/analy/Analysis/3097375.htm'}, {'date': '2026-10-06', 'match': '中国 vs 塔吉克斯坦', 'score': '0-1', 'selected_team': '中国', 'settlement': '黑', 'water': 1, 'pnl_1u': -1.0, 'roi': -1.0, 'line': '0.75', 'action': 'V4纸面入选-C', 'source': 'https://m.titan007.com/analy/Analysis/3091499.htm'}, {'date': '2026-10-06', 'match': '葡萄牙U19 vs 奥地利U19', 'score': '4-0', 'selected_team': '葡萄牙U19', 'settlement': '红', 'water': 0.87, 'pnl_1u': 0.87, 'roi': 0.87, 'line': '0.5', 'action': 'V4纸面入选-C', 'source': 'https://m.titan007.com/analy/Analysis/3097381.htm'}, {'date': '2026-10-06', 'match': '印度(中) vs 乌拉圭', 'score': '1-6', 'selected_team': '印度(中)', 'settlement': '黑', 'water': 0.91, 'pnl_1u': -1.0, 'roi': -1.0, 'line': '-3.5', 'action': 'V4纸面入选-C', 'source': 'https://m.titan007.com/analy/Analysis/3097388.htm'}, {'date': '2026-10-06', 'match': '俄罗斯 vs 尼日利亚', 'score': '3-3', 'selected_team': '俄罗斯', 'settlement': '黑', 'water': 0.91, 'pnl_1u': -1.0, 'roi': -1.0, 'line': '1', 'action': 'V4纸面入选-C', 'source': 'https://m.titan007.com/analy/Analysis/3097390.htm'}, {'date': '2026-10-06', 'match': '约旦 vs 委内瑞拉', 'score': '0-0', 'selected_team': '', 'settlement': '走', 'water': 0.89, 'pnl_1u': 0.0, 'roi': 0.0, 'line': '', 'action': 'V4纸面入选-C', 'source': 'https://m.titan007.com/analy/Analysis/3097384.htm'}, {'date': '2026-10-06', 'match': '阿尔及利亚 vs 尼日尔', 'score': '2-1', 'selected_team': '阿尔及利亚', 'settlement': '黑', 'water': 0.87, 'pnl_1u': -1.0, 'roi': -1.0, 'line': '1.75', 'action': 'V4纸面入选-C', 'source': 'https://m.titan007.com/analy/Analysis/3097385.htm'}, {'date': '2026-10-06', 'match': '阿根廷(中) vs 贝宁', 'score': '0-0', 'selected_team': '贝宁', 'settlement': '红', 'water': 0.87, 'pnl_1u': 0.87, 'roi': 0.87, 'line': '4.5', 'action': 'V4纸面入选-C', 'source': 'https://m.titan007.com/analy/Analysis/3097387.htm'}, {'date': '2026-10-06', 'match': '哥伦比亚(中) vs 秘鲁', 'score': '0-0', 'selected_team': '哥伦比亚(中)', 'settlement': '黑', 'water': 0.9, 'pnl_1u': -1.0, 'roi': -1.0, 'line': '1.25', 'action': 'V4纸面入选-C', 'source': 'https://m.titan007.com/analy/Analysis/3097386.htm'}, {'date': '2026-10-06', 'match': '美国(中) vs 加拿大', 'score': '1-0', 'selected_team': '美国(中)', 'settlement': '红', 'water': 0.8, 'pnl_1u': 0.8, 'roi': 0.8, 'line': '0.5', 'action': 'V4纸面入选-C', 'source': 'https://m.titan007.com/analy/Analysis/3097883.htm'}, {'date': '2026-10-07', 'match': '墨西哥(中) vs 智利', 'score': '0-2', 'selected_team': '墨西哥(中)', 'settlement': '黑', 'water': 1, 'pnl_1u': -1.0, 'roi': -1.0, 'line': '1', 'action': 'V4纸面入选-C', 'source': 'https://m.titan007.com/analy/Analysis/3097882.htm'}]"
V4,2026-10-09,3095608,芬乙附,时间待核,艾弗克 vs PEPO拉宾兰塔,,,0,0,0,0,0,0,,,,0,,,list_date < 2026-10-09,[]
V4,2026-10-09,3099279,阿曼联,时间待核,玛斯纳亚 vs 沙尔俱乐部,,,0,0,0,0,0,0,,,,0,,,list_date < 2026-10-09,[]
V4,2026-10-09,3041566,阿塞超,时间待核,内弗特奇 vs 萨巴赫,,,3,0,0,0,1,2,0.0,-2.5,-0.83333333,3,,,list_date < 2026-10-09,"[{'date': '2026-09-18', 'match': '卡巴拉 vs 内弗特奇', 'score': '0-3', 'selected_team': '卡巴拉', 'settlement': '黑', 'water': 0.98, 'pnl_1u': -1.0, 'roi': -1.0, 'line': '-1', 'action': 'V4纸面入选-C', 'source': 'https://zq.titan007.com/analysis/3041559cn.htm'}, {'date': '2026-09-19', 'match': '萨巴赫 vs 穆格汗', 'score': '3-1', 'selected_team': '萨巴赫', 'settlement': '半黑', 'water': 0.85, 'pnl_1u': -0.5, 'roi': -0.5, 'line': '2.25', 'action': 'V4纸面入选-C', 'source': 'https://zq.titan007.com/analysis/3041562cn.htm'}, {'date': '2026-09-20', 'match': '沙马基 vs 纳希切万', 'score': '2-1', 'selected_team': '纳希切万', 'settlement': '黑', 'water': 1.04, 'pnl_1u': -1.0, 'roi': -1.0, 'line': '0.25', 'action': 'V4纸面入选-C', 'source': 'https://zq.titan007.com/analysis/3041564cn.htm'}]"
V4,2026-10-09,3006001,斯亚乙,时间待核,塔博塞扎纳 vs 路达,,,1,1,0,0,0,0,1.0,0.74,0.74,1,,,list_date < 2026-10-09,"[{'date': '2026-10-06', 'match': '比列 vs 加德兰戴卡尼', 'score': '2-0', 'selected_team': '比列', 'settlement': '红', 'water': 0.74, 'pnl_1u': 0.74, 'roi': 0.74, 'line': '-0.5', 'action': 'V4纸面入选-B', 'source': 'https://m.titan007.com/analy/Analysis/3005986.htm'}]"
V4,2026-10-09,3058658,丹麦U19,时间待核,艾斯堡U19 vs 瓦埃勒U19,,,0,0,0,0,0,0,,,,0,,,list_date < 2026-10-09,[]
V4,2026-10-09,3098119,世女欧预,时间待核,芬兰女足 vs 塞尔维亚女足,,,0,0,0,0,0,0,,,,0,,,list_date < 2026-10-09,[]
V4,2026-10-09,3100349,布法联,时间待核,CFFEB vs 萨利塔斯,,,0,0,0,0,0,0,,,,0,,,list_date < 2026-10-09,[]
V4,2026-10-09,3100350,布法联,时间待核,ASF博博迪乌拉索 vs 美爵提FC,,,0,0,0,0,0,0,,,,0,,,list_date < 2026-10-09,[]
V4,2026-10-09,3096240,阿联酋杯,时间待核,沙迦 vs 阿布扎比半岛,沙迦,receiving,9,4,0,1,0,4,0.5,-0.64,-0.07111111,9,,,list_date < 2026-10-09,"[{'date': '2026-10-01', 'match': '迪拜联合 vs 哈塔', 'score': '3-2', 'selected_team': '', 'settlement': '红', 'water': 0.95, 'pnl_1u': 0.95, 'roi': 0.95, 'line': '', 'action': 'V4纸面入选-C', 'source': 'https://m.titan007.com/analy/Analysis/3084331.htm'}, {'date': '2026-10-01', 'match': '沙迦 vs 迪哈夫拉', 'score': '2-1', 'selected_team': '沙迦', 'settlement': '走', 'water': 0.92, 'pnl_1u': 0.0, 'roi': 0.0, 'line': '1', 'action': 'V4纸面入选-B', 'source': 'https://m.titan007.com/analy/Analysis/3084332.htm'}, {'date': '2026-10-02', 'match': '艾因 vs 阿治曼', 'score': '2-3', 'selected_team': '艾因', 'settlement': '黑', 'water': 0.88, 'pnl_1u': -1.0, 'roi': -1.0, 'line': '1.5', 'action': 'V4纸面入选-B', 'source': 'https://m.titan007.com/analy/Analysis/3084334.htm'}, {'date': '2026-10-02', 'match': '迪拜祈祷 vs 伊蒂哈德卡尔巴', 'score': '4-0', 'selected_team': '迪拜祈祷', 'settlement': '红', 'water': 0.9, 'pnl_1u': 0.9, 'roi': 0.9, 'line': '1.5', 'action': 'V4纸面入选-C', 'source': 'https://m.titan007.com/analy/Analysis/3084335.htm'}, {'date': '2026-10-02', 'match': '迪拜青年国民 vs 迪拜胜利', 'score': '1-1', 'selected_team': '迪拜青年国民', 'settlement': '黑', 'water': 0.8, 'pnl_1u': -1.0, 'roi': -1.0, 'line': '0.75', 'action': 'V4纸面入选-B', 'source': 'https://m.titan007.com/analy/Analysis/3084336.htm'}, {'date': '2026-10-08', 'match': '艾因 vs 伊蒂哈德卡尔巴', 'score': '2-2', 'selected_team': '艾因', 'settlement': '黑', 'water': 0.92, 'pnl_1u': -1.0, 'roi': -1.0, 'line': '1.75', 'action': 'V4ShadowOnly；real_money=false', 'source': 'D:\\codex\\v3_legacy\\outputs\\football_odds_trader\\raw\\titan007\\20261008\\20261008_074021_titan007_odds_snapshot.csv'}, {'date': '2026-10-08', 'match': '迪拜青年国民 vs 迪拜联合', 'score': '2-1', 'selected_team': '迪拜青年国民', 'settlement': '黑', 'water': 0.7, 'pnl_1u': -1.0, 'roi': -1.0, 'line': '1.5', 'action': 'V4ShadowOnly；real_money=false', 'source': 'D:\\codex\\v3_legacy\\outputs\\football_odds_trader\\raw\\titan007\\20261008\\20261008_074021_titan007_odds_snapshot.csv'}, {'date': '2026-10-08', 'match': '豪尔费坎 vs 迪拜祈祷', 'score': '1-2', 'selected_team': '豪尔费坎', 'settlement': '红', 'water': 0.6, 'pnl_1u': 0.6, 'roi': 0.6, 'line': '-1.75', 'action': 'V4ShadowOnly；real_money=false', 'source': 'D:\\codex\\v3_legacy\\outputs\\football_odds_trader\\raw\\titan007\\20261008\\20261008_074021_titan007_odds_snapshot.csv'}, {'date': '2026-10-08', 'match': '迪拜胜利 vs 哈塔', 'score': '4-1', 'selected_team': '迪拜胜利', 'settlement': '红', 'water': 0.91, 'pnl_1u': 0.91, 'roi': 0.91, 'line': '1.25', 'action': 'V4ShadowOnly；real_money=false', 'source': 'D:\\codex\\v3_legacy\\outputs\\football_odds_trader\\raw\\titan007\\20261008\\20261008_074021_titan007_odds_snapshot.csv'}]"
V4,2026-10-09,2921947,芬甲,时间待核,哈卡 vs PK-35海辛基,,,6,3,0,0,0,3,0.5,0.18,0.03,6,,,list_date < 2026-10-09,"[{'date': '2026-09-18', 'match': '哈卡 vs 克鲁比04', 'score': '2-0', 'selected_team': '克鲁比04', 'settlement': '黑', 'water': 1.09, 'pnl_1u': -1.0, 'roi': -1.0, 'line': '1', 'action': 'V4纸面入选-C', 'source': 'https://zq.titan007.com/analysis/2921937cn.htm'}, {'date': '2026-09-18', 'match': '查普斯 vs EIF埃克纳斯', 'score': '1-0', 'selected_team': 'EIF埃克纳斯', 'settlement': '黑', 'water': 1.07, 'pnl_1u': -1.0, 'roi': -1.0, 'line': '-0.25', 'action': 'V4纸面入选-C', 'source': 'https://zq.titan007.com/analysis/2921938cn.htm'}, {'date': '2026-09-19', 'match': 'SJK学院 vs 卡亚尼卡帕', 'score': '2-3', 'selected_team': '卡亚尼卡帕', 'settlement': '红', 'water': 1.07, 'pnl_1u': 1.07, 'roi': 1.07, 'line': '-0.25', 'action': 'V4纸面入选-C', 'source': 'https://zq.titan007.com/analysis/2921941cn.htm'}, {'date': '2026-09-25', 'match': '科特卡 vs MP米克力', 'score': '1-1', 'selected_team': '科特卡', 'settlement': '黑', 'water': 1.04, 'pnl_1u': -1.0, 'roi': -1.0, 'line': '1.5', 'action': 'V4最新页面A/B/C候选', 'source': 'https://simondongxiao.github.io/odds/v4/'}, {'date': '2026-09-25', 'match': '卡亚尼卡帕 vs 哈卡', 'score': '3-2', 'selected_team': '卡亚尼卡帕', 'settlement': '红', 'water': 1.06, 'pnl_1u': 1.06, 'roi': 1.06, 'line': '-1', 'action': 'V4最新页面A/B/C候选', 'source': 'https://simondongxiao.github.io/odds/v4/'}, {'date': '2026-09-26', 'match': 'EIF埃克纳斯 vs SJK学院', 'score': '1-1', 'selected_team': 'SJK学院', 'settlement': '红', 'water': 1.05, 'pnl_1u': 1.05, 'roi': 1.05, 'line': '0.75', 'action': 'V4最新页面A/B/C候选', 'source': 'https://simondongxiao.github.io/odds/v4/'}]"
V4,2026-10-09,2921948,芬甲,时间待核,查普斯 vs 吉普,,,6,3,0,0,0,3,0.5,0.18,0.03,6,,,list_date < 2026-10-09,"[{'date': '2026-09-18', 'match': '哈卡 vs 克鲁比04', 'score': '2-0', 'selected_team': '克鲁比04', 'settlement': '黑', 'water': 1.09, 'pnl_1u': -1.0, 'roi': -1.0, 'line': '1', 'action': 'V4纸面入选-C', 'source': 'https://zq.titan007.com/analysis/2921937cn.htm'}, {'date': '2026-09-18', 'match': '查普斯 vs EIF埃克纳斯', 'score': '1-0', 'selected_team': 'EIF埃克纳斯', 'settlement': '黑', 'water': 1.07, 'pnl_1u': -1.0, 'roi': -1.0, 'line': '-0.25', 'action': 'V4纸面入选-C', 'source': 'https://zq.titan007.com/analysis/2921938cn.htm'}, {'date': '2026-09-19', 'match': 'SJK学院 vs 卡亚尼卡帕', 'score': '2-3', 'selected_team': '卡亚尼卡帕', 'settlement': '红', 'water': 1.07, 'pnl_1u': 1.07, 'roi': 1.07, 'line': '-0.25', 'action': 'V4纸面入选-C', 'source': 'https://zq.titan007.com/analysis/2921941cn.htm'}, {'date': '2026-09-25', 'match': '科特卡 vs MP米克力', 'score': '1-1', 'selected_team': '科特卡', 'settlement': '黑', 'water': 1.04, 'pnl_1u': -1.0, 'roi': -1.0, 'line': '1.5', 'action': 'V4最新页面A/B/C候选', 'source': 'https://simondongxiao.github.io/odds/v4/'}, {'date': '2026-09-25', 'match': '卡亚尼卡帕 vs 哈卡', 'score': '3-2', 'selected_team': '卡亚尼卡帕', 'settlement': '红', 'water': 1.06, 'pnl_1u': 1.06, 'roi': 1.06, 'line': '-1', 'action': 'V4最新页面A/B/C候选', 'source': 'https://simondongxiao.github.io/odds/v4/'}, {'date': '2026-09-26', 'match': 'EIF埃克纳斯 vs SJK学院', 'score': '1-1', 'selected_team': 'SJK学院', 'settlement': '红', 'water': 1.05, 'pnl_1u': 1.05, 'roi': 1.05, 'line': '0.75', 'action': 'V4最新页面A/B/C候选', 'source': 'https://simondongxiao.github.io/odds/v4/'}]"
V4,2026-10-09,2921949,芬甲,时间待核,卡亚尼卡帕 vs MP米克力,,,6,3,0,0,0,3,0.5,0.18,0.03,6,,,list_date < 2026-10-09,"[{'date': '2026-09-18', 'match': '哈卡 vs 克鲁比04', 'score': '2-0', 'selected_team': '克鲁比04', 'settlement': '黑', 'water': 1.09, 'pnl_1u': -1.0, 'roi': -1.0, 'line': '1', 'action': 'V4纸面入选-C', 'source': 'https://zq.titan007.com/analysis/2921937cn.htm'}, {'date': '2026-09-18', 'match': '查普斯 vs EIF埃克纳斯', 'score': '1-0', 'selected_team': 'EIF埃克纳斯', 'settlement': '黑', 'water': 1.07, 'pnl_1u': -1.0, 'roi': -1.0, 'line': '-0.25', 'action': 'V4纸面入选-C', 'source': 'https://zq.titan007.com/analysis/2921938cn.htm'}, {'date': '2026-09-19', 'match': 'SJK学院 vs 卡亚尼卡帕', 'score': '2-3', 'selected_team': '卡亚尼卡帕', 'settlement': '红', 'water': 1.07, 'pnl_1u': 1.07, 'roi': 1.07, 'line': '-0.25', 'action': 'V4纸面入选-C', 'source': 'https://zq.titan007.com/analysis/2921941cn.htm'}, {'date': '2026-09-25', 'match': '科特卡 vs MP米克力', 'score': '1-1', 'selected_team': '科特卡', 'settlement': '黑', 'water': 1.04, 'pnl_1u': -1.0, 'roi': -1.0, 'line': '1.5', 'action': 'V4最新页面A/B/C候选', 'source': 'https://simondongxiao.github.io/odds/v4/'}, {'date': '2026-09-25', 'match': '卡亚尼卡帕 vs 哈卡', 'score': '3-2', 'selected_team': '卡亚尼卡帕', 'settlement': '红', 'water': 1.06, 'pnl_1u': 1.06, 'roi': 1.06, 'line': '-1', 'action': 'V4最新页面A/B/C候选', 'source': 'https://simondongxiao.github.io/odds/v4/'}, {'date': '2026-09-26', 'match': 'EIF埃克纳斯 vs SJK学院', 'score': '1-1', 'selected_team': 'SJK学院', 'settlement': '红', 'water': 1.05, 'pnl_1u': 1.05, 'roi': 1.05, 'line': '0.75', 'action': 'V4最新页面A/B/C候选', 'source': 'https://simondongxiao.github.io/odds/v4/'}]"
V4,2026-10-09,2921950,芬甲,时间待核,克鲁比04 vs EIF埃克纳斯,,,6,3,0,0,0,3,0.5,0.18,0.03,6,,,list_date < 2026-10-09,"[{'date': '2026-09-18', 'match': '哈卡 vs 克鲁比04', 'score': '2-0', 'selected_team': '克鲁比04', 'settlement': '黑', 'water': 1.09, 'pnl_1u': -1.0, 'roi': -1.0, 'line': '1', 'action': 'V4纸面入选-C', 'source': 'https://zq.titan007.com/analysis/2921937cn.htm'}, {'date': '2026-09-18', 'match': '查普斯 vs EIF埃克纳斯', 'score': '1-0', 'selected_team': 'EIF埃克纳斯', 'settlement': '黑', 'water': 1.07, 'pnl_1u': -1.0, 'roi': -1.0, 'line': '-0.25', 'action': 'V4纸面入选-C', 'source': 'https://zq.titan007.com/analysis/2921938cn.htm'}, {'date': '2026-09-19', 'match': 'SJK学院 vs 卡亚尼卡帕', 'score': '2-3', 'selected_team': '卡亚尼卡帕', 'settlement': '红', 'water': 1.07, 'pnl_1u': 1.07, 'roi': 1.07, 'line': '-0.25', 'action': 'V4纸面入选-C', 'source': 'https://zq.titan007.com/analysis/2921941cn.htm'}, {'date': '2026-09-25', 'match': '科特卡 vs MP米克力', 'score': '1-1', 'selected_team': '科特卡', 'settlement': '黑', 'water': 1.04, 'pnl_1u': -1.0, 'roi': -1.0, 'line': '1.5', 'action': 'V4最新页面A/B/C候选', 'source': 'https://simondongxiao.github.io/odds/v4/'}, {'date': '2026-09-25', 'match': '卡亚尼卡帕 vs 哈卡', 'score': '3-2', 'selected_team': '卡亚尼卡帕', 'settlement': '红', 'water': 1.06, 'pnl_1u': 1.06, 'roi': 1.06, 'line': '-1', 'action': 'V4最新页面A/B/C候选', 'source': 'https://simondongxiao.github.io/odds/v4/'}, {'date': '2026-09-26', 'match': 'EIF埃克纳斯 vs SJK学院', 'score': '1-1', 'selected_team': 'SJK学院', 'settlement': '红', 'water': 1.05, 'pnl_1u': 1.05, 'roi': 1.05, 'line': '0.75', 'action': 'V4最新页面A/B/C候选', 'source': 'https://simondongxiao.github.io/odds/v4/'}]"
V4,2026-10-09,2998126,丹麦甲,时间待核,瓦埃勒 vs 哈维德夫,,,2,0,0,0,0,2,0.0,-2.0,-1.0,2,,,list_date < 2026-10-09,"[{'date': '2026-09-18', 'match': '科灵 vs 希勒罗德', 'score': '1-1', 'selected_team': '科灵', 'settlement': '黑', 'water': 1.04, 'pnl_1u': -1.0, 'roi': -1.0, 'line': '0.75', 'action': 'V4纸面入选-C', 'source': 'https://zq.titan007.com/analysis/2998121cn.htm'}, {'date': '2026-09-19', 'match': 'AB格莱萨克瑟 vs 埃斯比约', 'score': '3-0', 'selected_team': '埃斯比约', 'settlement': '黑', 'water': 1.05, 'pnl_1u': -1.0, 'roi': -1.0, 'line': '0.25', 'action': 'V4纸面入选-C', 'source': 'https://zq.titan007.com/analysis/2998118cn.htm'}]"
V4,2026-10-09,3003169,波兰超,时间待核,KS莫摩斯 vs 华沙普洛克,,,4,2,1,0,1,0,0.83333333,2.035,0.50875,4,,,list_date < 2026-10-09,"[{'date': '2026-09-15', 'match': '琴斯托霍瓦 vs 卢宾扎格勒比', 'score': '2-3', 'selected_team': '卢宾扎格勒比', 'settlement': '红', 'water': 1.04, 'pnl_1u': 1.04, 'roi': 1.04, 'line': '0.5', 'action': 'V4纸面入选-C', 'source': 'https://footballnation.eu/match/ekstraklasa/2026/792906/'}, {'date': '2026-09-18', 'match': '克拉科夫 vs 史拉斯科', 'score': '2-1', 'selected_team': '史拉斯科', 'settlement': '半黑', 'water': 1.11, 'pnl_1u': -0.5, 'roi': -0.5, 'line': '0.75', 'action': 'V4纸面入选-C', 'source': 'https://zq.titan007.com/analysis/3003159cn.htm'}, {'date': '2026-09-19', 'match': '莫托路宾 vs 扎布热矿工', 'score': '0-0', 'selected_team': '莫托路宾', 'settlement': '半红', 'water': 1.01, 'pnl_1u': 0.505, 'roi': 0.505, 'line': '-0.25', 'action': 'V4纸面入选-C', 'source': 'https://zq.titan007.com/analysis/3003156cn.htm'}, {'date': '2026-09-20', 'match': '波兹南莱赫 vs 拉多麦科', 'score': '5-1', 'selected_team': '波兹南莱赫', 'settlement': '红', 'water': 0.99, 'pnl_1u': 0.99, 'roi': 0.99, 'line': '1.5', 'action': 'V4纸面入选-B', 'source': 'https://zq.titan007.com/analysis/3003155cn.htm'}]"
V4,2026-10-09,3035929,波兰乙,时间待核,霍吉尼赞卡 vs 新塔尔格,,,2,1,1,0,0,0,1.0,1.445,0.7225,2,,,list_date < 2026-10-09,"[{'date': '2026-09-20', 'match': '台基 vs 桑德克亚', 'score': '0-0', 'selected_team': '桑德克亚', 'settlement': '半红', 'water': 1.11, 'pnl_1u': 0.555, 'roi': 0.555, 'line': '0.25', 'action': 'V4纸面入选-C', 'source': 'https://zq.titan007.com/analysis/3035915cn.htm'}, {'date': '2026-10-04', 'match': '萨尼克 vs 斯塔沃拉', 'score': '4-2', 'selected_team': '', 'settlement': '红', 'water': 0.89, 'pnl_1u': 0.89, 'roi': 0.89, 'line': '', 'action': 'V4纸面入选-C', 'source': 'https://m.titan007.com/analy/Analysis/3035922.htm'}]"
V4,2026-10-09,3039905,捷甲,时间待核,兹林 vs 布拉格斯拉维亚,,,1,1,0,0,0,0,1.0,1.05,1.05,1,,,list_date < 2026-10-09,"[{'date': '2026-09-19', 'match': '阿蒂斯布尔诺 vs 利贝雷茨', 'score': '0-0', 'selected_team': '阿蒂斯布尔诺', 'settlement': '红', 'water': 1.05, 'pnl_1u': 1.05, 'roi': 1.05, 'line': '-0.75', 'action': 'V4纸面入选-C', 'source': 'https://zq.titan007.com/analysis/3039893cn.htm'}]"
V4,2026-10-09,3040133,捷乙,时间待核,杜库拉 vs 奥斯泰华B队,,,0,0,0,0,0,0,,,,0,,,list_date < 2026-10-09,[]
V4,2026-10-09,3040134,捷乙,时间待核,伊赫拉瓦 vs 普罗斯捷约夫,,,0,0,0,0,0,0,,,,0,,,list_date < 2026-10-09,[]
V4,2026-10-09,3040135,捷乙,时间待核,塔波斯科 vs 卡尔维纳,,,0,0,0,0,0,0,,,,0,,,list_date < 2026-10-09,[]
V4,2026-10-09,3040136,捷乙,时间待核,乌斯季 vs 奥帕瓦,,,0,0,0,0,0,0,,,,0,,,list_date < 2026-10-09,[]
V4,2026-10-09,3009403,捷丙,时间待核,皮斯克 vs 皮耳森B队,,,15,8,1,2,0,4,0.68,3.515,0.23433333,15,,高：历史有效胜率>55%,list_date < 2026-10-09,"[{'date': '2026-09-13', 'match': '布拉格斯巴达B队 vs 布咸美恩斯1905B队', 'score': '4-1', 'selected_team': '布拉格斯巴达B队', 'settlement': '红', 'water': 0.83, 'pnl_1u': 0.83, 'roi': 0.83, 'line': '1.5', 'action': 'V4纸面入选-C', 'source': 'https://m.titan007.com/analy/Analysis/3009372.htm'}, {'date': '2026-09-27', 'match': '索史尔扎普 vs FK莫斯特', 'score': '3-1', 'selected_team': 'FK莫斯特', 'settlement': '黑', 'water': 1, 'pnl_1u': -1.0, 'roi': -1.0, 'line': '0.5', 'action': 'V4最新页面A/B/C候选', 'source': 'https://simondongxiao.github.io/odds/v4/'}, {'date': '2026-10-02', 'match': '赫拉尼斯 vs 利森B队', 'score': '1-1', 'selected_team': '利森B队', 'settlement': '黑', 'water': 0.8, 'pnl_1u': -1.0, 'roi': -1.0, 'line': '-0.75', 'action': 'V4纸面入选-B', 'source': 'https://m.titan007.com/analy/Analysis/3043225.htm'}, {'date': '2026-10-03', 'match': '奥林莫斯B队 vs 维特科维斯', 'score': '2-1', 'selected_team': '奥林莫斯B队', 'settlement': '半红', 'water': 0.93, 'pnl_1u': 0.465, 'roi': 0.465, 'line': '0.75', 'action': 'V4纸面入选-B', 'source': 'https://m.titan007.com/analy/Analysis/3043226.htm'}, {'date': '2026-10-03', 'match': '莫托勒 vs 洛科维塔维恩', 'score': '3-0', 'selected_team': '莫托勒', 'settlement': '红', 'water': 0.87, 'pnl_1u': 0.87, 'roi': 0.87, 'line': '0.75', 'action': 'V4纸面入选-B', 'source': 'https://m.titan007.com/analy/Analysis/3009394.htm'}, {'date': '2026-10-04', 'match': '艾德米拉布拉格 vs 多马日利采', 'score': '4-4', 'selected_team': '艾德米拉布拉格', 'settlement': '红', 'water': 0.94, 'pnl_1u': 0.94, 'roi': 0.94, 'line': '-0.75', 'action': 'V4纸面入选-B', 'source': 'https://m.titan007.com/analy/Analysis/3009390.htm'}, {'date': '2026-10-04', 'match': '布尔诺B队 vs 布兰斯科', 'score': '1-1', 'selected_team': '布尔诺B队', 'settlement': '黑', 'water': 0.87, 'pnl_1u': -1.0, 'roi': -1.0, 'line': '1.75', 'action': 'V4纸面入选-B', 'source': 'https://m.titan007.com/analy/Analysis/3043231.htm'}, {'date': '2026-10-04', 'match': '乌尼邱夫 vs 波兰卡', 'score': '3-1', 'selected_team': '乌尼邱夫', 'settlement': '红', 'water': 0.86, 'pnl_1u': 0.86, 'roi': 0.86, 'line': '1.25', 'action': 'V4纸面入选-B', 'source': 'https://m.titan007.com/analy/Analysis/3043233.htm'}, {'date': '2026-10-04', 'match': '皮耳森B队 vs 杜卡拉B队', 'score': '3-0', 'selected_team': '皮耳森B队', 'settlement': '红', 'water': 0.9, 'pnl_1u': 0.9, 'roi': 0.9, 'line': '1', 'action': 'V4纸面入选-B', 'source': 'https://m.titan007.com/analy/Analysis/3009397.htm'}, {'date': '2026-10-04', 'match': '塔比历斯B队 vs 内拉托维斯', 'score': '0-2', 'selected_team': '塔比历斯B队', 'settlement': '黑', 'water': 0.95, 'pnl_1u': -1.0, 'roi': -1.0, 'line': '1', 'action': 'V4纸面入选-B', 'source': 'https://m.titan007.com/analy/Analysis/3009516.htm'}, {'date': '2026-10-04', 'match': '布拉格斯拉维亚C队 vs 波夫塔维', 'score': '4-0', 'selected_team': '布拉格斯拉维亚C队', 'settlement': '红', 'water': 0.95, 'pnl_1u': 0.95, 'roi': 0.95, 'line': '1', 'action': 'V4纸面入选-B', 'source': 'https://m.titan007.com/analy/Analysis/3009396.htm'}, {'date': '2026-10-04', 'match': '本纳特凯 vs 治鲁迪', 'score': '3-3', 'selected_team': '', 'settlement': '走', 'water': 0.87, 'pnl_1u': 0.0, 'roi': 0.0, 'line': '', 'action': 'V4纸面入选-C', 'source': 'https://m.titan007.com/analy/Analysis/3009511.htm'}, {'date': '2026-10-04', 'match': '索科尔布洛赞尼 vs 索史尔扎普', 'score': '0-0', 'selected_team': '索科尔布洛赞尼', 'settlement': '红', 'water': 0.94, 'pnl_1u': 0.94, 'roi': 0.94, 'line': '-1', 'action': 'V4纸面入选-B', 'source': 'https://m.titan007.com/analy/Analysis/3009512.htm'}, {'date': '2026-10-04', 'match': '泽尼特卡斯拉夫 vs 韦尔科哈姆雷', 'score': '2-1', 'selected_team': '泽尼特卡斯拉夫', 'settlement': '红', 'water': 0.76, 'pnl_1u': 0.76, 'roi': 0.76, 'line': '0.5', 'action': 'V4纸面入选-C', 'source': 'https://m.titan007.com/analy/Analysis/3009513.htm'}, {'date': '2026-10-04', 'match': '渥恩斯多夫 vs 利巴域B队', 'score': '1-1', 'selected_team': '', 'settlement': '走', 'water': 0.76, 'pnl_1u': 0.0, 'roi': 0.0, 'line': '', 'action': 'V4纸面入选-C', 'source': 'https://m.titan007.com/analy/Analysis/3009517.htm'}]"
V4,2026-10-09,3044406,塞浦甲,时间待核,波勒米迪奥 vs 奥莫尼亚,,,1,0,0,0,1,0,0.0,-0.5,-0.5,1,,,list_date < 2026-10-09,"[{'date': '2026-09-18', 'match': '奥摩尼亚迈欧 vs AEK拉纳卡', 'score': '1-2', 'selected_team': 'AEK拉纳卡', 'settlement': '半黑', 'water': 1.02, 'pnl_1u': -0.5, 'roi': -0.5, 'line': '-1.25', 'action': 'V4纸面入选-C', 'source': 'https://zq.titan007.com/analysis/3044399cn.htm'}]"
V4,2026-10-09,2948610,白俄超,时间待核,阿森纳捷尔任斯克 vs 布列斯特迪纳摩,,,1,1,0,0,0,0,1.0,1.03,1.03,1,,,list_date < 2026-10-09,"[{'date': '2026-09-20', 'match': '维特布斯克 vs FC鱼雷', 'score': '6-0', 'selected_team': '维特布斯克', 'settlement': '红', 'water': 1.03, 'pnl_1u': 1.03, 'roi': 1.03, 'line': '0.25', 'action': 'V4纸面入选-C', 'source': 'https://zq.titan007.com/analysis/2948489cn.htm'}]"
V4,2026-10-09,2997532,克亚甲,时间待核,HNK哥里卡 vs 鲁达士,,,3,0,2,0,0,1,0.5,0.045,0.015,3,,,list_date < 2026-10-09,"[{'date': '2026-09-13', 'match': '斯普利特海杜克 vs 比路朴', 'score': '1-0', 'selected_team': '斯普利特海杜克', 'settlement': '黑', 'water': 0.87, 'pnl_1u': -1.0, 'roi': -1.0, 'line': '1.5', 'action': 'V4纸面入选-C', 'source': 'https://m.titan007.com/analy/Analysis/2997523.htm'}, {'date': '2026-09-14', 'match': 'HNK哥里卡 vs 瓦拉日丁', 'score': '2-2', 'selected_team': 'HNK哥里卡', 'settlement': '半红', 'water': 1, 'pnl_1u': 0.5, 'roi': 0.5, 'line': '-0.25', 'action': 'V4纸面入选-C', 'source': 'https://m.titan007.com/analy/Analysis/2997522.htm'}, {'date': '2026-09-19', 'match': '瓦拉日丁 vs 奥斯杰克', 'score': '0-0', 'selected_team': '奥斯杰克', 'settlement': '半红', 'water': 1.09, 'pnl_1u': 0.545, 'roi': 0.545, 'line': '0.25', 'action': 'V4纸面入选-C', 'source': 'https://zq.titan007.com/analysis/2997531cn.htm'}]"
V4,2026-10-09,3099246,巴林超,时间待核,哈尔迪亚 vs 慕哈瑞克,,,0,0,0,0,0,0,,,,0,,,list_date < 2026-10-09,[]
V4,2026-10-09,3099247,巴林超,时间待核,玛基亚 vs 阿尔里法,,,0,0,0,0,0,0,,,,0,,,list_date < 2026-10-09,[]
V4,2026-10-09,3027038,波斯甲,时间待核,莫斯塔尔贝莱斯 vs 伯拉治,,,1,1,0,0,0,0,1.0,1.01,1.01,1,,,list_date < 2026-10-09,"[{'date': '2026-09-20', 'match': '萨拉热窝 vs 史洛加多波', 'score': '2-0', 'selected_team': '萨拉热窝', 'settlement': '红', 'water': 1.01, 'pnl_1u': 1.01, 'roi': 1.01, 'line': '1.25', 'action': 'V4纸面入选-C', 'source': 'https://zq.titan007.com/analysis/3027030cn.htm'}]"
V4,2026-10-09,3098121,世女欧预,时间待核,阿尔巴尼亚女足 vs 威尔士女足,,,0,0,0,0,0,0,,,,0,,,list_date < 2026-10-09,[]
V4,2026-10-09,3098122,世女欧预,时间待核,科索沃女足 vs 奥地利女足,,,0,0,0,0,0,0,,,,0,,,list_date < 2026-10-09,[]
V4,2026-10-09,3098123,世女欧预,时间待核,斯洛伐克女足 vs 乌克兰女足,,,0,0,0,0,0,0,,,,0,,,list_date < 2026-10-09,[]
V4,2026-10-09,3098124,世女欧预,时间待核,土耳其女足 vs 斯洛文尼亚女足,,,0,0,0,0,0,0,,,,0,,,list_date < 2026-10-09,[]
V4,2026-10-09,3079943,西丁,时间待核,尤铁尔 vs 莱万特体育会,,,17,4,3,2,1,7,0.42307692,-2.88,-0.16941176,17,严重：历史有效胜率<45%,严重：历史有效胜率<45%,list_date < 2026-10-09,"[{'date': '2026-09-27', 'match': '苏比扎 vs 西尔波内罗', 'score': '2-0', 'selected_team': '西尔波内罗', 'settlement': '黑', 'water': 0.98, 'pnl_1u': -1.0, 'roi': -1.0, 'line': '0.75', 'action': 'V4最新页面A/B/C候选', 'source': 'https://simondongxiao.github.io/odds/v4/'}, {'date': '2026-09-27', 'match': '卡斯特洛 vs 米内罗竞技队', 'score': '0-2', 'selected_team': '米内罗竞技队', 'settlement': '红', 'water': 0.9, 'pnl_1u': 0.9, 'roi': 0.9, 'line': '1', 'action': 'V4最新页面A/B/C候选', 'source': 'https://simondongxiao.github.io/odds/v4/'}, {'date': '2026-09-27', 'match': '巴达隆纳 vs 圣克里斯托瓦尔', 'score': '4-0', 'selected_team': '圣克里斯托瓦尔', 'settlement': '黑', 'water': 0.85, 'pnl_1u': -1.0, 'roi': -1.0, 'line': '1', 'action': 'V4最新页面A/B/C候选', 'source': 'https://simondongxiao.github.io/odds/v4/'}, {'date': '2026-10-04', 'match': '卡泰真拿B队 vs CD阿尔嘉德', 'score': '1-2', 'selected_team': '卡泰真拿B队', 'settlement': '黑', 'water': 0.88, 'pnl_1u': -1.0, 'roi': -1.0, 'line': '1.25', 'action': 'V4纸面入选-C', 'source': 'https://m.titan007.com/analy/Analysis/3060617.htm'}, {'date': '2026-10-04', 'match': '曼彻格城 vs 艾曼沙', 'score': '1-0', 'selected_team': '曼彻格城', 'settlement': '半红', 'water': 0.76, 'pnl_1u': 0.38, 'roi': 0.38, 'line': '0.75', 'action': 'V4纸面入选-C', 'source': 'https://m.titan007.com/analy/Analysis/3060307.htm'}, {'date': '2026-10-04', 'match': '希洪竞技B队 vs 兰格勒奥', 'score': '1-1', 'selected_team': '', 'settlement': '走', 'water': 0.92, 'pnl_1u': 0.0, 'roi': 0.0, 'line': '', 'action': 'V4纸面入选-C', 'source': 'https://m.titan007.com/analy/Analysis/3082309.htm'}, {'date': '2026-10-04', 'match': '利阿达 vs 阿维莱斯体育场', 'score': '2-0', 'selected_team': '利阿达', 'settlement': '红', 'water': 0.92, 'pnl_1u': 0.92, 'roi': 0.92, 'line': '1.25', 'action': 'V4纸面入选-C', 'source': 'https://m.titan007.com/analy/Analysis/3082310.htm'}, {'date': '2026-10-04', 'match': '豪斯彼得利特 vs 莫列鲁萨', 'score': '0-0', 'selected_team': '豪斯彼得利特', 'settlement': '黑', 'water': 0.92, 'pnl_1u': -1.0, 'roi': -1.0, 'line': '1', 'action': 'V4纸面入选-C', 'source': 'https://m.titan007.com/analy/Analysis/3030687.htm'}, {'date': '2026-10-04', 'match': '蒙塔尼萨 vs 莱斯卡拉', 'score': '0-0', 'selected_team': '蒙塔尼萨', 'settlement': '半黑', 'water': 0.78, 'pnl_1u': -0.5, 'roi': -0.5, 'line': '0.25', 'action': 'V4纸面入选-C', 'source': 'https://m.titan007.com/analy/Analysis/3030688.htm'}, {'date': '2026-10-04', 'match': '圣克里斯托瓦尔 vs 格拉马', 'score': '0-0', 'selected_team': '圣克里斯托瓦尔', 'settlement': '半红', 'water': 0.73, 'pnl_1u': 0.365, 'roi': 0.365, 'line': '-0.25', 'action': 'V4纸面入选-C', 'source': 'https://m.titan007.com/analy/Analysis/3030689.htm'}, {'date': '2026-10-04', 'match': '克瑞斯图竞技 vs 尤尼恩斯塔斯CF B', 'score': '3-0', 'selected_team': '克瑞斯图竞技', 'settlement': '红', 'water': 0.83, 'pnl_1u': 0.83, 'roi': 0.83, 'line': '0.75', 'action': 'V4纸面入选-C', 'source': 'https://m.titan007.com/analy/Analysis/3080241.htm'}, {'date': '2026-10-04', 'match': '伊比萨岛 vs 缚汶特拉', 'score': '2-0', 'selected_team': '', 'settlement': '红', 'water': 0.85, 'pnl_1u': 0.85, 'roi': 0.85, 'line': '', 'action': 'V4纸面入选-C', 'source': 'https://m.titan007.com/analy/Analysis/3078385.htm'}, {'date': '2026-10-04', 'match': '莱万特体育会 vs 克维伦特', 'score': '0-0', 'selected_team': '莱万特体育会', 'settlement': '黑', 'water': 0.77, 'pnl_1u': -1.0, 'roi': -1.0, 'line': '0.75', 'action': 'V4纸面入选-C', 'source': 'https://m.titan007.com/analy/Analysis/3079930.htm'}, {'date': '2026-10-04', 'match': 'CD 加拉帕加尔 vs 卡拉波苏埃洛', 'score': '1-3', 'selected_team': '', 'settlement': '黑', 'water': 0.87, 'pnl_1u': -1.0, 'roi': -1.0, 'line': '', 'action': 'V4纸面入选-C', 'source': 'https://m.titan007.com/analy/Analysis/3078074.htm'}, {'date': '2026-10-04', 'match': '拉卡扎达 vs 科米利亚斯', 'score': '1-0', 'selected_team': '拉卡扎达', 'settlement': '半红', 'water': 0.75, 'pnl_1u': 0.375, 'roi': 0.375, 'line': '0.75', 'action': 'V4纸面入选-C', 'source': 'https://m.titan007.com/analy/Analysis/3079621.htm'}, {'date': '2026-10-04', 'match': '昆坦拿 vs 比利亚体育', 'score': '0-2', 'selected_team': '昆坦拿', 'settlement': '黑', 'water': 0.83, 'pnl_1u': -1.0, 'roi': -1.0, 'line': '0.75', 'action': 'V4纸面入选-C', 'source': 'https://m.titan007.com/analy/Analysis/3060312.htm'}, {'date': '2026-10-04', 'match': '奇克拉纳 vs 塞维利亚C队', 'score': '1-1', 'selected_team': '', 'settlement': '走', 'water': 0.9, 'pnl_1u': 0.0, 'roi': 0.0, 'line': '', 'action': 'V4纸面入选-C', 'source': 'https://m.titan007.com/analy/Analysis/3082682.htm'}]"
V4,2026-10-09,3100233,奥丁,时间待核,SV盖拉斯多夫结巴 vs 第一维也纳1894业余,,,2,1,0,1,0,0,1.0,1.02,0.51,2,,,list_date < 2026-10-09,"[{'date': '2026-09-15', 'match': 'SV威尔登 vs SV谢尔曼', 'score': '0-2', 'selected_team': 'SV谢尔曼', 'settlement': '红', 'water': 1.02, 'pnl_1u': 1.02, 'roi': 1.02, 'line': '0.5', 'action': 'V4纸面入选-C', 'source': 'https://www.footballant.com/zh-CN/football-data/team/33605'}, {'date': '2026-10-04', 'match': '维瓦宾特 vs 赫福特', 'score': '0-1', 'selected_team': '维瓦宾特', 'settlement': '走', 'water': 0.94, 'pnl_1u': 0.0, 'roi': 0.0, 'line': '-1', 'action': 'V4纸面入选-C', 'source': 'https://m.titan007.com/analy/Analysis/3097573.htm'}]"
V4,2026-10-09,3100237,奥丁,时间待核,维也纳利尼恩 vs 维瓦宾特,,,2,1,0,1,0,0,1.0,1.02,0.51,2,,,list_date < 2026-10-09,"[{'date': '2026-09-15', 'match': 'SV威尔登 vs SV谢尔曼', 'score': '0-2', 'selected_team': 'SV谢尔曼', 'settlement': '红', 'water': 1.02, 'pnl_1u': 1.02, 'roi': 1.02, 'line': '0.5', 'action': 'V4纸面入选-C', 'source': 'https://www.footballant.com/zh-CN/football-data/team/33605'}, {'date': '2026-10-04', 'match': '维瓦宾特 vs 赫福特', 'score': '0-1', 'selected_team': '维瓦宾特', 'settlement': '走', 'water': 0.94, 'pnl_1u': 0.0, 'roi': 0.0, 'line': '-1', 'action': 'V4纸面入选-C', 'source': 'https://m.titan007.com/analy/Analysis/3097573.htm'}]"
V4,2026-10-09,3098052,波兰丙,时间待核,托伦 vs 弗洛塔,,,1,0,0,1,0,0,,0.0,0.0,1,,,list_date < 2026-10-09,"[{'date': '2026-10-02', 'match': '卢宾扎格勒比B队 vs 包尔科维切', 'score': '1-1', 'selected_team': '', 'settlement': '走', 'water': 0.85, 'pnl_1u': 0.0, 'roi': 0.0, 'line': '', 'action': 'V4纸面入选-C', 'source': 'https://m.titan007.com/analy/Analysis/3095538.htm'}]"
V4,2026-10-09,3068154,克亚乙,时间待核,卡洛华克 vs 比耶洛波布尔多,,,0,0,0,0,0,0,,,,0,,,list_date < 2026-10-09,[]
V4,2026-10-09,3064194,坦桑超,时间待核,多多玛吉吉FC vs 辛吉达黑星,,,0,0,0,0,0,0,,,,0,,,list_date < 2026-10-09,[]
V4,2026-10-09,3099268,科索沃超,时间待核,德利塔 vs 马利舍瓦,,,0,0,0,0,0,0,,,,0,,,list_date < 2026-10-09,[]
V4,2026-10-09,3098096,国际友谊,时间待核,爱沙尼亚女足 vs 捷克女足U23,,,53,24,2,5,2,20,0.54347826,2.355,0.04443396,53,,,list_date < 2026-10-09,"[{'date': '2026-09-21', 'match': '多米尼克 vs 安圭拉', 'score': '1-0', 'selected_team': '多米尼克', 'settlement': '红', 'water': 0.93, 'pnl_1u': 0.93, 'roi': 0.93, 'line': '-2', 'action': 'V4最新页面A/B/C候选', 'source': 'https://www.titan007.com/'}, {'date': '2026-09-23', 'match': '秘鲁U19 vs 阿根廷U19', 'score': '0-1', 'selected_team': '秘鲁U19', 'settlement': '走', 'water': 0.96, 'pnl_1u': 0.0, 'roi': 0.0, 'line': '-1', 'action': 'V4最新页面A/B/C候选', 'source': 'https://simondongxiao.github.io/odds/v4/'}, {'date': '2026-09-24', 'match': '韩国 vs 厄瓜多尔', 'score': '3-0', 'selected_team': '韩国', 'settlement': '红', 'water': 1.05, 'pnl_1u': 1.05, 'roi': 1.05, 'line': '0.25', 'action': 'V4最新页面A/B/C候选', 'source': 'https://simondongxiao.github.io/odds/v4/'}, {'date': '2026-09-25', 'match': '澳大利亚 vs 巴西', 'score': '1-1', 'selected_team': '巴西', 'settlement': '黑', 'water': 0.81, 'pnl_1u': -1.0, 'roi': -1.0, 'line': '-1.5', 'action': 'V4最新页面A/B/C候选', 'source': 'https://simondongxiao.github.io/odds/v4/'}, {'date': '2026-09-26', 'match': '美国 vs 秘鲁', 'score': '4-1', 'selected_team': '秘鲁', 'settlement': '黑', 'water': 0.93, 'pnl_1u': -1.0, 'roi': -1.0, 'line': '1', 'action': 'V4最新页面A/B/C候选', 'source': 'https://simondongxiao.github.io/odds/v4/'}, {'date': '2026-09-27', 'match': '中国 vs 新西兰', 'score': '0-3', 'selected_team': '新西兰', 'settlement': '红', 'water': 1.03, 'pnl_1u': 1.03, 'roi': 1.03, 'line': '-0.25', 'action': 'V4最新页面A/B/C候选', 'source': 'https://simondongxiao.github.io/odds/v4/'}, {'date': '2026-09-27', 'match': '德国U19(中) vs 乌克兰U19', 'score': '0-0', 'selected_team': '乌克兰U19', 'settlement': '红', 'water': 0.95, 'pnl_1u': 0.95, 'roi': 0.95, 'line': '1', 'action': 'V4最新页面A/B/C候选', 'source': 'https://simondongxiao.github.io/odds/v4/'}, {'date': '2026-09-27', 'match': '约旦 vs 叙利亚', 'score': '1-1', 'selected_team': '叙利亚', 'settlement': '红', 'water': 0.94, 'pnl_1u': 0.94, 'roi': 0.94, 'line': '1', 'action': 'V4最新页面A/B/C候选', 'source': 'https://simondongxiao.github.io/odds/v4/'}, {'date': '2026-09-27', 'match': '玻利维亚(中) vs 巴拉圭', 'score': '0-2', 'selected_team': '巴拉圭', 'settlement': '红', 'water': 0.98, 'pnl_1u': 0.98, 'roi': 0.98, 'line': '-1.25', 'action': 'V4最新页面A/B/C候选', 'source': 'https://simondongxiao.github.io/odds/v4/'}, {'date': '2026-09-28', 'match': '哈萨克斯坦U19 vs 瑞士U19', 'score': '1-2', 'selected_team': '哈萨克斯坦U19', 'settlement': '半黑', 'water': 1.07, 'pnl_1u': -0.5, 'roi': -0.5, 'line': '-0.75', 'action': 'V4ff7d4e5版本A/B/C候选', 'source': 'https://simondongxiao.github.io/odds/v4/?v=ff7d4e5'}, {'date': '2026-09-28', 'match': '日本 vs 委内瑞拉', 'score': '2-1', 'selected_team': '日本', 'settlement': '黑', 'water': 0.98, 'pnl_1u': -1.0, 'roi': -1.0, 'line': '1.75', 'action': 'V4ff7d4e5版本A/B/C候选', 'source': 'https://simondongxiao.github.io/odds/v4/?v=ff7d4e5'}, {'date': '2026-09-28', 'match': '吉尔吉斯斯坦 vs 马尔代夫', 'score': '5-0', 'selected_team': '吉尔吉斯斯坦', 'settlement': '红', 'water': 0.97, 'pnl_1u': 0.97, 'roi': 0.97, 'line': '3', 'action': 'V4ff7d4e5版本A/B/C候选', 'source': 'https://simondongxiao.github.io/odds/v4/?v=ff7d4e5'}, {'date': '2026-09-29', 'match': '斐济女足 vs 新喀里多尼亚女足', 'score': '1-0', 'selected_team': '新喀里多尼亚女足', 'settlement': '半红', 'water': 1.19, 'pnl_1u': 0.595, 'roi': 0.595, 'line': '1.25', 'action': 'V4纸面入选-C', 'source': 'https://m.titan007.com/analy/Analysis/3094943.htm'}, {'date': '2026-09-29', 'match': '美国U19(中) vs 威尔士U19', 'score': '2-0', 'selected_team': '美国U19(中)', 'settlement': '红', 'water': 0.78, 'pnl_1u': 0.78, 'roi': 0.78, 'line': '1.5', 'action': 'V4纸面入选-C', 'source': 'https://m.titan007.com/analy/Analysis/3094944.htm'}, {'date': '2026-09-29', 'match': '墨西哥(中) vs 秘鲁', 'score': '1-1', 'selected_team': '秘鲁', 'settlement': '红', 'water': 1.02, 'pnl_1u': 1.02, 'roi': 1.02, 'line': '1', 'action': 'V4纸面入选-C', 'source': 'https://m.titan007.com/analy/Analysis/3094999.htm'}, {'date': '2026-09-30', 'match': '芬兰U19 vs 德国U19', 'score': '1-2', 'selected_team': '', 'settlement': '黑', 'water': 0.82, 'pnl_1u': -1.0, 'roi': -1.0, 'line': '', 'action': 'V4纸面入选-C', 'source': 'https://m.titan007.com/analy/Analysis/3095002.htm'}, {'date': '2026-09-30', 'match': '塞舌尔 vs 斯里兰卡', 'score': '0-2', 'selected_team': '', 'settlement': '黑', 'water': 0.82, 'pnl_1u': -1.0, 'roi': -1.0, 'line': '', 'action': 'V4纸面入选-C', 'source': 'https://m.titan007.com/analy/Analysis/3096174.htm'}, {'date': '2026-09-30', 'match': '立陶宛 vs 安道尔', 'score': '3-0', 'selected_team': '立陶宛', 'settlement': '红', 'water': 0.82, 'pnl_1u': 0.82, 'roi': 0.82, 'line': '0.75', 'action': 'V4纸面入选-C', 'source': 'https://m.titan007.com/analy/Analysis/3096176.htm'}, {'date': '2026-09-30', 'match': '阿根廷 vs 玻利维亚', 'score': '4-0', 'selected_team': '', 'settlement': '红', 'water': 1.04, 'pnl_1u': 1.04, 'roi': 1.04, 'line': '', 'action': 'V4纸面入选-C', 'source': 'https://m.titan007.com/analy/Analysis/3095418.htm'}, {'date': '2026-10-01', 'match': '波兰U19 vs 哈萨克斯坦U19', 'score': '3-0', 'selected_team': '', 'settlement': '红', 'water': 0.92, 'pnl_1u': 0.92, 'roi': 0.92, 'line': '', 'action': 'V4纸面入选-C', 'source': 'https://m.titan007.com/analy/Analysis/3095233.htm'}, {'date': '2026-10-01', 'match': '法国U19 vs 土耳其U19', 'score': '2-1', 'selected_team': '', 'settlement': '红', 'water': 0.84, 'pnl_1u': 0.84, 'roi': 0.84, 'line': '', 'action': 'V4纸面入选-C', 'source': 'https://m.titan007.com/analy/Analysis/3095234.htm'}, {'date': '2026-10-01', 'match': '乌兹别克斯坦 vs 叙利亚', 'score': '4-1', 'selected_team': '乌兹别克斯坦', 'settlement': '红', 'water': 0.95, 'pnl_1u': 0.95, 'roi': 0.95, 'line': '1.5', 'action': 'V4纸面入选-C', 'source': 'https://m.titan007.com/analy/Analysis/3095240.htm'}, {'date': '2026-10-01', 'match': '卡塔尔U19 vs 爱尔兰U19', 'score': '1-1', 'selected_team': '', 'settlement': '走', 'water': 0.67, 'pnl_1u': 0.0, 'roi': 0.0, 'line': '', 'action': 'V4纸面入选-C', 'source': 'https://m.titan007.com/analy/Analysis/3095241.htm'}, {'date': '2026-10-01', 'match': '美国U20 vs 巴西U20', 'score': '0-2', 'selected_team': '巴西U20', 'settlement': '黑', 'water': 0.84, 'pnl_1u': -1.0, 'roi': -1.0, 'line': '-0.5', 'action': 'V4纸面入选-C', 'source': 'https://m.titan007.com/analy/Analysis/3095245.htm'}, {'date': '2026-10-02', 'match': '韩国 vs 委内瑞拉', 'score': '0-0', 'selected_team': '', 'settlement': '走', 'water': 0.93, 'pnl_1u': 0.0, 'roi': 0.0, 'line': '', 'action': 'V4纸面入选-C', 'source': 'https://m.titan007.com/analy/Analysis/3095568.htm'}, {'date': '2026-10-02', 'match': '哥伦比亚(中) vs 巴拉圭', 'score': '0-1', 'selected_team': '', 'settlement': '黑', 'water': 0.9, 'pnl_1u': -1.0, 'roi': -1.0, 'line': '', 'action': 'V4纸面入选-C', 'source': 'https://m.titan007.com/analy/Analysis/3095650.htm'}, {'date': '2026-10-03', 'match': '印度 vs 巴西', 'score': '0-4', 'selected_team': '印度', 'settlement': '半黑', 'water': 1.06, 'pnl_1u': -0.5, 'roi': -0.5, 'line': '-3.75', 'action': 'V4纸面入选-C', 'source': 'https://m.titan007.com/analy/Analysis/3096945.htm'}, {'date': '2026-10-03', 'match': '俄罗斯 vs 纳米比亚', 'score': '6-0', 'selected_team': '俄罗斯', 'settlement': '红', 'water': 0.85, 'pnl_1u': 0.85, 'roi': 0.85, 'line': '2.25', 'action': 'V4纸面入选-C', 'source': 'https://m.titan007.com/analy/Analysis/3096957.htm'}, {'date': '2026-10-03', 'match': '加拿大 vs 秘鲁', 'score': '2-0', 'selected_team': '加拿大', 'settlement': '红', 'water': 1.04, 'pnl_1u': 1.04, 'roi': 1.04, 'line': '1', 'action': 'V4纸面入选-C', 'source': 'https://m.titan007.com/analy/Analysis/3096091.htm'}, {'date': '2026-10-03', 'match': '科特迪瓦 vs 喀麦隆', 'score': '0-1', 'selected_team': '科特迪瓦', 'settlement': '黑', 'water': 1.02, 'pnl_1u': -1.0, 'roi': -1.0, 'line': '0.75', 'action': 'V4纸面入选-C', 'source': 'https://m.titan007.com/analy/Analysis/3096089.htm'}, {'date': '2026-10-04', 'match': '巴西U20 vs 墨西哥U20', 'score': '4-0', 'selected_team': '巴西U20', 'settlement': '红', 'water': 0.98, 'pnl_1u': 0.98, 'roi': 0.98, 'line': '0.5', 'action': 'V4纸面入选-C', 'source': 'https://m.titan007.com/analy/Analysis/3096443.htm'}, {'date': '2026-10-04', 'match': '丹麦U20 vs 美国U20', 'score': '3-3', 'selected_team': '丹麦U20', 'settlement': '半红', 'water': 0.9, 'pnl_1u': 0.45, 'roi': 0.45, 'line': '-0.25', 'action': 'V4纸面入选-C', 'source': 'https://m.titan007.com/analy/Analysis/3096449.htm'}, {'date': '2026-10-04', 'match': '埃及 vs 南非', 'score': '0-1', 'selected_team': '埃及', 'settlement': '黑', 'water': 0.79, 'pnl_1u': -1.0, 'roi': -1.0, 'line': '0.5', 'action': 'V4纸面入选-C', 'source': 'https://m.titan007.com/analy/Analysis/3097227.htm'}, {'date': '2026-10-04', 'match': '摩洛哥 vs 马里', 'score': '1-1', 'selected_team': '摩洛哥', 'settlement': '黑', 'water': 0.9, 'pnl_1u': -1.0, 'roi': -1.0, 'line': '1.25', 'action': 'V4纸面入选-C', 'source': 'https://m.titan007.com/analy/Analysis/3097230.htm'}, {'date': '2026-10-05', 'match': '巴拿马 vs 厄瓜多尔', 'score': '1-1', 'selected_team': '巴拿马', 'settlement': '红', 'water': 0.99, 'pnl_1u': 0.99, 'roi': 0.99, 'line': '-0.75', 'action': 'V4纸面入选-C', 'source': 'https://m.titan007.com/analy/Analysis/3097300.htm'}, {'date': '2026-10-05', 'match': '日本 vs 新西兰', 'score': '2-1', 'selected_team': '日本', 'settlement': '黑', 'water': 1, 'pnl_1u': -1.0, 'roi': -1.0, 'line': '2', 'action': 'V4纸面入选-C', 'source': 'https://m.titan007.com/analy/Analysis/3097301.htm'}, {'date': '2026-10-05', 'match': '英格兰U19 vs 比利时U19', 'score': '0-1', 'selected_team': '英格兰U19', 'settlement': '黑', 'water': 0.85, 'pnl_1u': -1.0, 'roi': -1.0, 'line': '1.25', 'action': 'V4纸面入选-C', 'source': 'https://m.titan007.com/analy/Analysis/3097293.htm'}, {'date': '2026-10-05', 'match': '乌干达 vs 刚果民主共和国', 'score': '1-1', 'selected_team': '乌干达', 'settlement': '红', 'water': 0.95, 'pnl_1u': 0.95, 'roi': 0.95, 'line': '-0.5', 'action': 'V4纸面入选-C', 'source': 'https://m.titan007.com/analy/Analysis/3097741.htm'}, {'date': '2026-10-05', 'match': '黑山U19 vs 以色列U19', 'score': '0-1', 'selected_team': '黑山U19', 'settlement': '黑', 'water': 0.78, 'pnl_1u': -1.0, 'roi': -1.0, 'line': '-0.5', 'action': 'V4纸面入选-C', 'source': 'https://m.titan007.com/analy/Analysis/3097742.htm'}, {'date': '2026-10-05', 'match': '格鲁吉亚U19 vs 拉脱维亚U19', 'score': '1-1', 'selected_team': '', 'settlement': '走', 'water': 0.75, 'pnl_1u': 0.0, 'roi': 0.0, 'line': '', 'action': 'V4纸面入选-C', 'source': 'https://m.titan007.com/analy/Analysis/3097745.htm'}, {'date': '2026-10-05', 'match': '塞尔维亚U21 vs 俄罗斯U21', 'score': '2-1', 'selected_team': '塞尔维亚U21', 'settlement': '红', 'water': 0.8, 'pnl_1u': 0.8, 'roi': 0.8, 'line': '-0.25', 'action': 'V4纸面入选-C', 'source': 'https://m.titan007.com/analy/Analysis/3097747.htm'}, {'date': '2026-10-06', 'match': '沙特阿拉伯U20 vs 亚美尼亚U20', 'score': '0-0', 'selected_team': '沙特阿拉伯U20', 'settlement': '黑', 'water': 1, 'pnl_1u': -1.0, 'roi': -1.0, 'line': '1.25', 'action': 'V4纸面入选-C', 'source': 'https://m.titan007.com/analy/Analysis/3097372.htm'}, {'date': '2026-10-06', 'match': '韩国 vs 乌兹别克斯坦', 'score': '2-0', 'selected_team': '韩国', 'settlement': '红', 'water': 0.94, 'pnl_1u': 0.94, 'roi': 0.94, 'line': '0.75', 'action': 'V4纸面入选-C', 'source': 'https://m.titan007.com/analy/Analysis/3097375.htm'}, {'date': '2026-10-06', 'match': '中国 vs 塔吉克斯坦', 'score': '0-1', 'selected_team': '中国', 'settlement': '黑', 'water': 1, 'pnl_1u': -1.0, 'roi': -1.0, 'line': '0.75', 'action': 'V4纸面入选-C', 'source': 'https://m.titan007.com/analy/Analysis/3091499.htm'}, {'date': '2026-10-06', 'match': '葡萄牙U19 vs 奥地利U19', 'score': '4-0', 'selected_team': '葡萄牙U19', 'settlement': '红', 'water': 0.87, 'pnl_1u': 0.87, 'roi': 0.87, 'line': '0.5', 'action': 'V4纸面入选-C', 'source': 'https://m.titan007.com/analy/Analysis/3097381.htm'}, {'date': '2026-10-06', 'match': '印度(中) vs 乌拉圭', 'score': '1-6', 'selected_team': '印度(中)', 'settlement': '黑', 'water': 0.91, 'pnl_1u': -1.0, 'roi': -1.0, 'line': '-3.5', 'action': 'V4纸面入选-C', 'source': 'https://m.titan007.com/analy/Analysis/3097388.htm'}, {'date': '2026-10-06', 'match': '俄罗斯 vs 尼日利亚', 'score': '3-3', 'selected_team': '俄罗斯', 'settlement': '黑', 'water': 0.91, 'pnl_1u': -1.0, 'roi': -1.0, 'line': '1', 'action': 'V4纸面入选-C', 'source': 'https://m.titan007.com/analy/Analysis/3097390.htm'}, {'date': '2026-10-06', 'match': '约旦 vs 委内瑞拉', 'score': '0-0', 'selected_team': '', 'settlement': '走', 'water': 0.89, 'pnl_1u': 0.0, 'roi': 0.0, 'line': '', 'action': 'V4纸面入选-C', 'source': 'https://m.titan007.com/analy/Analysis/3097384.htm'}, {'date': '2026-10-06', 'match': '阿尔及利亚 vs 尼日尔', 'score': '2-1', 'selected_team': '阿尔及利亚', 'settlement': '黑', 'water': 0.87, 'pnl_1u': -1.0, 'roi': -1.0, 'line': '1.75', 'action': 'V4纸面入选-C', 'source': 'https://m.titan007.com/analy/Analysis/3097385.htm'}, {'date': '2026-10-06', 'match': '阿根廷(中) vs 贝宁', 'score': '0-0', 'selected_team': '贝宁', 'settlement': '红', 'water': 0.87, 'pnl_1u': 0.87, 'roi': 0.87, 'line': '4.5', 'action': 'V4纸面入选-C', 'source': 'https://m.titan007.com/analy/Analysis/3097387.htm'}, {'date': '2026-10-06', 'match': '哥伦比亚(中) vs 秘鲁', 'score': '0-0', 'selected_team': '哥伦比亚(中)', 'settlement': '黑', 'water': 0.9, 'pnl_1u': -1.0, 'roi': -1.0, 'line': '1.25', 'action': 'V4纸面入选-C', 'source': 'https://m.titan007.com/analy/Analysis/3097386.htm'}, {'date': '2026-10-06', 'match': '美国(中) vs 加拿大', 'score': '1-0', 'selected_team': '美国(中)', 'settlement': '红', 'water': 0.8, 'pnl_1u': 0.8, 'roi': 0.8, 'line': '0.5', 'action': 'V4纸面入选-C', 'source': 'https://m.titan007.com/analy/Analysis/3097883.htm'}, {'date': '2026-10-07', 'match': '墨西哥(中) vs 智利', 'score': '0-2', 'selected_team': '墨西哥(中)', 'settlement': '黑', 'water': 1, 'pnl_1u': -1.0, 'roi': -1.0, 'line': '1', 'action': 'V4纸面入选-C', 'source': 'https://m.titan007.com/analy/Analysis/3097882.htm'}]"
V4,2026-10-09,3098038,女奥非预,时间待核,马达加斯加女足 vs 南非女足,,,0,0,0,0,0,0,,,,0,,,list_date < 2026-10-09,[]
V4,2026-10-09,2952591,俄青联,时间待核,莫斯科迪纳摩青年队 vs 莫斯科罗迪纳青年队,,,1,0,1,0,0,0,1.0,0.555,0.555,1,,,list_date < 2026-10-09,"[{'date': '2026-09-18', 'match': '圣彼德斯堡青年队 vs 莫斯科斯巴达青年队', 'score': '3-2', 'selected_team': '莫斯科斯巴达青年队', 'settlement': '半红', 'water': 1.11, 'pnl_1u': 0.555, 'roi': 0.555, 'line': '1.25', 'action': 'V4纸面入选-C', 'source': 'https://zq.titan007.com/analysis/2952587cn.htm'}]"
V4,2026-10-09,3067451,波斯丙,时间待核,波特科扎尔杰 vs 史拉维加,,,0,0,0,0,0,0,,,,0,,,list_date < 2026-10-09,[]
V4,2026-10-09,3098120,世女欧预,时间待核,立陶宛女足 vs 瑞典女足,,,0,0,0,0,0,0,,,,0,,,list_date < 2026-10-09,[]
V4,2026-10-09,3098125,世女欧预,时间待核,白俄罗斯女足 vs 意大利女足,,,0,0,0,0,0,0,,,,0,,,list_date < 2026-10-09,[]
V4,2026-10-09,2967724,挪丙,时间待核,禾德 vs 斯帕杰卡维克,,,5,3,0,0,0,2,0.6,0.76,0.152,5,,,list_date < 2026-10-09,"[{'date': '2026-09-14', 'match': '艾科拉 vs 奥特格宁兰B队', 'score': '1-0', 'selected_team': '艾科拉', 'settlement': '红', 'water': 1.08, 'pnl_1u': 1.08, 'roi': 1.08, 'line': '-1', 'action': 'V4纸面入选-C', 'source': 'https://m.titan007.com/analy/Analysis/2968061.htm'}, {'date': '2026-09-21', 'match': '特罗姆瑟B队 vs 康斯文格B队', 'score': '6-0', 'selected_team': '康斯文格B队', 'settlement': '黑', 'water': 1.08, 'pnl_1u': -1.0, 'roi': -1.0, 'line': '0.75', 'action': 'V4最新页面A/B/C候选', 'source': 'https://www.titan007.com/'}, {'date': '2026-09-27', 'match': '佛克朴林特 vs 特罗姆瑟B队', 'score': '0-3', 'selected_team': '佛克朴林特', 'settlement': '黑', 'water': 1.11, 'pnl_1u': -1.0, 'roi': -1.0, 'line': '-0.25', 'action': 'V4最新页面A/B/C候选', 'source': 'https://simondongxiao.github.io/odds/v4/'}, {'date': '2026-10-04', 'match': '斯克捷沃 vs 佛克朴林特', 'score': '3-0', 'selected_team': '', 'settlement': '红', 'water': 0.82, 'pnl_1u': 0.82, 'roi': 0.82, 'line': '', 'action': 'V4纸面入选-C', 'source': 'https://m.titan007.com/analy/Analysis/2968267.htm'}, {'date': '2026-10-04', 'match': '斯塔贝克B队 vs 侯格辛特B队', 'score': '4-1', 'selected_team': '侯格辛特B队', 'settlement': '红', 'water': 0.86, 'pnl_1u': 0.86, 'roi': 0.86, 'line': '1', 'action': 'V4纸面入选-B', 'source': 'https://m.titan007.com/analy/Analysis/2968086.htm'}]"
V4,2026-10-09,3019147,德乙,时间待核,布伦瑞克 vs 荷尔斯泰因,,,4,0,2,0,1,1,0.4,-0.465,-0.11625,4,,,list_date < 2026-10-09,"[{'date': '2026-09-18', 'match': '菲尔特 vs 马格德堡', 'score': '1-1', 'selected_team': '马格德堡', 'settlement': '半黑', 'water': 1.02, 'pnl_1u': -0.5, 'roi': -0.5, 'line': '-0.25', 'action': 'V4纸面入选-C', 'source': 'https://zq.titan007.com/analysis/3019139cn.htm'}, {'date': '2026-09-18', 'match': '沃尔夫斯堡 vs 达姆施塔特', 'score': '5-1', 'selected_team': '达姆施塔特', 'settlement': '黑', 'water': 1.07, 'pnl_1u': -1.0, 'roi': -1.0, 'line': '1', 'action': 'V4纸面入选-C', 'source': 'https://zq.titan007.com/analysis/3019145cn.htm'}, {'date': '2026-09-20', 'match': '科特布斯 vs 圣保利', 'score': '1-1', 'selected_team': '科特布斯', 'settlement': '半红', 'water': 1.02, 'pnl_1u': 0.51, 'roi': 0.51, 'line': '-0.25', 'action': 'V4纸面入选-C', 'source': 'https://zq.titan007.com/analysis/3019138cn.htm'}, {'date': '2026-09-20', 'match': '汉诺威96 vs 波鸿', 'score': '2-1', 'selected_team': '汉诺威96', 'settlement': '半红', 'water': 1.05, 'pnl_1u': 0.525, 'roi': 0.525, 'line': '0.75', 'action': 'V4纸面入选-C', 'source': 'https://zq.titan007.com/analysis/3019140cn.htm'}]"
V4,2026-10-09,3019149,德乙,时间待核,海登海姆 vs 凯泽斯劳滕,海登海姆,giving,4,0,2,0,1,1,0.4,-0.465,-0.11625,4,,,list_date < 2026-10-09,"[{'date': '2026-09-18', 'match': '菲尔特 vs 马格德堡', 'score': '1-1', 'selected_team': '马格德堡', 'settlement': '半黑', 'water': 1.02, 'pnl_1u': -0.5, 'roi': -0.5, 'line': '-0.25', 'action': 'V4纸面入选-C', 'source': 'https://zq.titan007.com/analysis/3019139cn.htm'}, {'date': '2026-09-18', 'match': '沃尔夫斯堡 vs 达姆施塔特', 'score': '5-1', 'selected_team': '达姆施塔特', 'settlement': '黑', 'water': 1.07, 'pnl_1u': -1.0, 'roi': -1.0, 'line': '1', 'action': 'V4纸面入选-C', 'source': 'https://zq.titan007.com/analysis/3019145cn.htm'}, {'date': '2026-09-20', 'match': '科特布斯 vs 圣保利', 'score': '1-1', 'selected_team': '科特布斯', 'settlement': '半红', 'water': 1.02, 'pnl_1u': 0.51, 'roi': 0.51, 'line': '-0.25', 'action': 'V4纸面入选-C', 'source': 'https://zq.titan007.com/analysis/3019138cn.htm'}, {'date': '2026-09-20', 'match': '汉诺威96 vs 波鸿', 'score': '2-1', 'selected_team': '汉诺威96', 'settlement': '半红', 'water': 1.05, 'pnl_1u': 0.525, 'roi': 0.525, 'line': '0.75', 'action': 'V4纸面入选-C', 'source': 'https://zq.titan007.com/analysis/3019140cn.htm'}]"
V4,2026-10-09,3012310,俄超,时间待核,罗斯托夫 vs 阿克伦陶里亚蒂,,,5,1,1,0,0,3,0.33333333,-1.41,-0.282,5,,,list_date < 2026-10-09,"[{'date': '2026-09-13', 'match': '克拉斯诺达尔 vs 阿克伦陶里亚蒂', 'score': '1-1', 'selected_team': '克拉斯诺达尔', 'settlement': '黑', 'water': 0.98, 'pnl_1u': -1.0, 'roi': -1.0, 'line': '1.75', 'action': 'V4纸面入选-C', 'source': 'https://m.titan007.com/analy/Analysis/3012295.htm'}, {'date': '2026-09-16', 'match': '罗迪纳莫斯科 vs 喀山红宝石', 'score': '1-1', 'selected_team': '罗迪纳莫斯科', 'settlement': '半红', 'water': 1.06, 'pnl_1u': 0.53, 'roi': 0.53, 'line': '-0.25', 'action': 'V4纸面入选-C', 'source': 'https://simondongxiao.github.io/odds/v4/'}, {'date': '2026-09-16', 'match': '加里宁格勒波罗的海 vs 圣彼得堡泽尼特', 'score': '2-3', 'selected_team': '加里宁格勒波罗的海', 'settlement': '黑', 'water': 1, 'pnl_1u': -1.0, 'roi': -1.0, 'line': '-0.5', 'action': 'V4纸面入选-C', 'source': 'https://simondongxiao.github.io/odds/v4/'}, {'date': '2026-09-17', 'match': '奥伦堡加索维克 vs 克拉斯诺达尔', 'score': '0-0', 'selected_team': '奥伦堡加索维克', 'settlement': '红', 'water': 1.06, 'pnl_1u': 1.06, 'roi': 1.06, 'line': '-0.75', 'action': 'V4纸面入选-C', 'source': 'https://ofstats.com/matches/view/orenburg-krasnodar-2026-09-17'}, {'date': '2026-09-17', 'match': '罗斯托夫 vs 莫斯科迪纳摩', 'score': '0-3', 'selected_team': '罗斯托夫', 'settlement': '黑', 'water': 1.06, 'pnl_1u': -1.0, 'roi': -1.0, 'line': '-0.25', 'action': 'V4纸面入选-C', 'source': 'https://es.fcdynamo.ru/fixtures/detail/2026-2027-rossiiskaia-premer-liga-6750/'}]"
V4,2026-10-09,3017914,奥乙,时间待核,阿姆斯特顿 vs BW林茨,,,3,2,0,0,0,1,0.66666667,1.08,0.36,3,,,list_date < 2026-10-09,"[{'date': '2026-09-18', 'match': '弗洛里茨多夫 vs 列弗宁', 'score': '4-0', 'selected_team': '弗洛里茨多夫', 'settlement': '红', 'water': 1.03, 'pnl_1u': 1.03, 'roi': 1.03, 'line': '0.25', 'action': 'V4纸面入选-C', 'source': 'https://zq.titan007.com/analysis/3017908cn.htm'}, {'date': '2026-09-18', 'match': 'BW林茨 vs 阿德米拉', 'score': '3-0', 'selected_team': 'BW林茨', 'settlement': '红', 'water': 1.05, 'pnl_1u': 1.05, 'roi': 1.05, 'line': '1.25', 'action': 'V4纸面入选-C', 'source': 'https://zq.titan007.com/analysis/3017907cn.htm'}, {'date': '2026-09-19', 'match': '禾斯贝治 vs 奥地利萨尔斯堡', 'score': '2-1', 'selected_team': '奥地利萨尔斯堡', 'settlement': '黑', 'water': 1.02, 'pnl_1u': -1.0, 'roi': -1.0, 'line': '0.25', 'action': 'V4纸面入选-C', 'source': 'https://zq.titan007.com/analysis/3017905cn.htm'}]"
V4,2026-10-09,3017918,奥乙,时间待核,卡芬堡 vs 奥地利维也纳青年队,,,3,2,0,0,0,1,0.66666667,1.08,0.36,3,,,list_date < 2026-10-09,"[{'date': '2026-09-18', 'match': '弗洛里茨多夫 vs 列弗宁', 'score': '4-0', 'selected_team': '弗洛里茨多夫', 'settlement': '红', 'water': 1.03, 'pnl_1u': 1.03, 'roi': 1.03, 'line': '0.25', 'action': 'V4纸面入选-C', 'source': 'https://zq.titan007.com/analysis/3017908cn.htm'}, {'date': '2026-09-18', 'match': 'BW林茨 vs 阿德米拉', 'score': '3-0', 'selected_team': 'BW林茨', 'settlement': '红', 'water': 1.05, 'pnl_1u': 1.05, 'roi': 1.05, 'line': '1.25', 'action': 'V4纸面入选-C', 'source': 'https://zq.titan007.com/analysis/3017907cn.htm'}, {'date': '2026-09-19', 'match': '禾斯贝治 vs 奥地利萨尔斯堡', 'score': '2-1', 'selected_team': '奥地利萨尔斯堡', 'settlement': '黑', 'water': 1.02, 'pnl_1u': -1.0, 'roi': -1.0, 'line': '0.25', 'action': 'V4纸面入选-C', 'source': 'https://zq.titan007.com/analysis/3017905cn.htm'}]"
V4,2026-10-09,3021997,俄甲,时间待核,图拉兵工厂 vs 科斯特罗马斯巴达,,,2,0,0,0,0,2,0.0,-2.0,-1.0,2,,,list_date < 2026-10-09,"[{'date': '2026-09-14', 'match': '韦莱斯 vs 索契', 'score': '1-2', 'selected_team': '韦莱斯', 'settlement': '黑', 'water': 1.02, 'pnl_1u': -1.0, 'roi': -1.0, 'line': '-0.25', 'action': 'V4纸面入选-C', 'source': 'https://m.titan007.com/analy/Analysis/3021987.htm'}, {'date': '2026-09-18', 'match': '切里宾斯克 vs 乌法', 'score': '2-1', 'selected_team': '乌法', 'settlement': '黑', 'water': 1.05, 'pnl_1u': -1.0, 'roi': -1.0, 'line': '0.25', 'action': 'V4纸面入选-C', 'source': 'https://zq.titan007.com/analysis/3021988cn.htm'}]"
V4,2026-10-09,3098463,约超联,时间待核,亚吉拉安曼 vs 安曼团结,,,2,2,0,0,0,0,1.0,1.95,0.975,2,,,list_date < 2026-10-09,"[{'date': '2026-09-17', 'match': '多格拉(中) vs 艾沙尔特', 'score': '2-0', 'selected_team': '多格拉(中)', 'settlement': '红', 'water': 1.05, 'pnl_1u': 1.05, 'roi': 1.05, 'line': '-0.25', 'action': 'V4纸面入选-C', 'source': 'https://www.tntsports.co.uk/football/jordanian-league/calendar-results.shtml'}, {'date': '2026-09-18', 'match': '安曼团结 vs 连姆沙', 'score': '0-1', 'selected_team': '连姆沙', 'settlement': '红', 'water': 0.9, 'pnl_1u': 0.9, 'roi': 0.9, 'line': '1', 'action': 'V4纸面入选-C', 'source': 'https://zq.titan007.com/analysis/3085759cn.htm'}]"
V4,2026-10-09,3100405,沙滩足,时间待核,巴拉圭沙滩足球队 vs 西班牙沙滩足球队,,,0,0,0,0,0,0,,,,0,,,list_date < 2026-10-09,[]
V4,2026-10-09,3098126,世女欧预,时间待核,希腊女足 vs 英格兰女足,,,0,0,0,0,0,0,,,,0,,,list_date < 2026-10-09,[]
V4,2026-10-09,3081647,尼日超,时间待核,卡齐纳联 vs 安耶巴,卡齐纳联,giving,3,0,0,0,0,3,0.0,-3.0,-1.0,3,,,list_date < 2026-10-09,"[{'date': '2026-09-23', 'match': '巴拉乌 vs 阿比亚勇士', 'score': '2-0', 'selected_team': '阿比亚勇士', 'settlement': '黑', 'water': 1.11, 'pnl_1u': -1.0, 'roi': -1.0, 'line': '0.75', 'action': 'V4最新页面A/B/C候选', 'source': 'https://simondongxiao.github.io/odds/v4/'}, {'date': '2026-09-23', 'match': '射击之星 vs 卡齐纳联', 'score': '2-0', 'selected_team': '卡齐纳联', 'settlement': '黑', 'water': 0.98, 'pnl_1u': -1.0, 'roi': -1.0, 'line': '1', 'action': 'V4最新页面A/B/C候选', 'source': 'https://simondongxiao.github.io/odds/v4/'}, {'date': '2026-10-07', 'match': '射击之星 vs 卡诺支柱', 'score': '0-0', 'selected_team': '射击之星', 'settlement': '黑', 'water': 1.03, 'pnl_1u': -1.0, 'roi': -1.0, 'line': '1.25', 'action': 'V4纸面入选-A', 'source': 'https://m.titan007.com/analy/Analysis/3081603.htm'}]"
V4,2026-10-09,3079942,西丁,时间待核,维拉利尔C队 vs CD布诺尔,,,17,4,3,2,1,7,0.42307692,-2.88,-0.16941176,17,严重：历史有效胜率<45%,严重：历史有效胜率<45%,list_date < 2026-10-09,"[{'date': '2026-09-27', 'match': '苏比扎 vs 西尔波内罗', 'score': '2-0', 'selected_team': '西尔波内罗', 'settlement': '黑', 'water': 0.98, 'pnl_1u': -1.0, 'roi': -1.0, 'line': '0.75', 'action': 'V4最新页面A/B/C候选', 'source': 'https://simondongxiao.github.io/odds/v4/'}, {'date': '2026-09-27', 'match': '卡斯特洛 vs 米内罗竞技队', 'score': '0-2', 'selected_team': '米内罗竞技队', 'settlement': '红', 'water': 0.9, 'pnl_1u': 0.9, 'roi': 0.9, 'line': '1', 'action': 'V4最新页面A/B/C候选', 'source': 'https://simondongxiao.github.io/odds/v4/'}, {'date': '2026-09-27', 'match': '巴达隆纳 vs 圣克里斯托瓦尔', 'score': '4-0', 'selected_team': '圣克里斯托瓦尔', 'settlement': '黑', 'water': 0.85, 'pnl_1u': -1.0, 'roi': -1.0, 'line': '1', 'action': 'V4最新页面A/B/C候选', 'source': 'https://simondongxiao.github.io/odds/v4/'}, {'date': '2026-10-04', 'match': '卡泰真拿B队 vs CD阿尔嘉德', 'score': '1-2', 'selected_team': '卡泰真拿B队', 'settlement': '黑', 'water': 0.88, 'pnl_1u': -1.0, 'roi': -1.0, 'line': '1.25', 'action': 'V4纸面入选-C', 'source': 'https://m.titan007.com/analy/Analysis/3060617.htm'}, {'date': '2026-10-04', 'match': '曼彻格城 vs 艾曼沙', 'score': '1-0', 'selected_team': '曼彻格城', 'settlement': '半红', 'water': 0.76, 'pnl_1u': 0.38, 'roi': 0.38, 'line': '0.75', 'action': 'V4纸面入选-C', 'source': 'https://m.titan007.com/analy/Analysis/3060307.htm'}, {'date': '2026-10-04', 'match': '希洪竞技B队 vs 兰格勒奥', 'score': '1-1', 'selected_team': '', 'settlement': '走', 'water': 0.92, 'pnl_1u': 0.0, 'roi': 0.0, 'line': '', 'action': 'V4纸面入选-C', 'source': 'https://m.titan007.com/analy/Analysis/3082309.htm'}, {'date': '2026-10-04', 'match': '利阿达 vs 阿维莱斯体育场', 'score': '2-0', 'selected_team': '利阿达', 'settlement': '红', 'water': 0.92, 'pnl_1u': 0.92, 'roi': 0.92, 'line': '1.25', 'action': 'V4纸面入选-C', 'source': 'https://m.titan007.com/analy/Analysis/3082310.htm'}, {'date': '2026-10-04', 'match': '豪斯彼得利特 vs 莫列鲁萨', 'score': '0-0', 'selected_team': '豪斯彼得利特', 'settlement': '黑', 'water': 0.92, 'pnl_1u': -1.0, 'roi': -1.0, 'line': '1', 'action': 'V4纸面入选-C', 'source': 'https://m.titan007.com/analy/Analysis/3030687.htm'}, {'date': '2026-10-04', 'match': '蒙塔尼萨 vs 莱斯卡拉', 'score': '0-0', 'selected_team': '蒙塔尼萨', 'settlement': '半黑', 'water': 0.78, 'pnl_1u': -0.5, 'roi': -0.5, 'line': '0.25', 'action': 'V4纸面入选-C', 'source': 'https://m.titan007.com/analy/Analysis/3030688.htm'}, {'date': '2026-10-04', 'match': '圣克里斯托瓦尔 vs 格拉马', 'score': '0-0', 'selected_team': '圣克里斯托瓦尔', 'settlement': '半红', 'water': 0.73, 'pnl_1u': 0.365, 'roi': 0.365, 'line': '-0.25', 'action': 'V4纸面入选-C', 'source': 'https://m.titan007.com/analy/Analysis/3030689.htm'}, {'date': '2026-10-04', 'match': '克瑞斯图竞技 vs 尤尼恩斯塔斯CF B', 'score': '3-0', 'selected_team': '克瑞斯图竞技', 'settlement': '红', 'water': 0.83, 'pnl_1u': 0.83, 'roi': 0.83, 'line': '0.75', 'action': 'V4纸面入选-C', 'source': 'https://m.titan007.com/analy/Analysis/3080241.htm'}, {'date': '2026-10-04', 'match': '伊比萨岛 vs 缚汶特拉', 'score': '2-0', 'selected_team': '', 'settlement': '红', 'water': 0.85, 'pnl_1u': 0.85, 'roi': 0.85, 'line': '', 'action': 'V4纸面入选-C', 'source': 'https://m.titan007.com/analy/Analysis/3078385.htm'}, {'date': '2026-10-04', 'match': '莱万特体育会 vs 克维伦特', 'score': '0-0', 'selected_team': '莱万特体育会', 'settlement': '黑', 'water': 0.77, 'pnl_1u': -1.0, 'roi': -1.0, 'line': '0.75', 'action': 'V4纸面入选-C', 'source': 'https://m.titan007.com/analy/Analysis/3079930.htm'}, {'date': '2026-10-04', 'match': 'CD 加拉帕加尔 vs 卡拉波苏埃洛', 'score': '1-3', 'selected_team': '', 'settlement': '黑', 'water': 0.87, 'pnl_1u': -1.0, 'roi': -1.0, 'line': '', 'action': 'V4纸面入选-C', 'source': 'https://m.titan007.com/analy/Analysis/3078074.htm'}, {'date': '2026-10-04', 'match': '拉卡扎达 vs 科米利亚斯', 'score': '1-0', 'selected_team': '拉卡扎达', 'settlement': '半红', 'water': 0.75, 'pnl_1u': 0.375, 'roi': 0.375, 'line': '0.75', 'action': 'V4纸面入选-C', 'source': 'https://m.titan007.com/analy/Analysis/3079621.htm'}, {'date': '2026-10-04', 'match': '昆坦拿 vs 比利亚体育', 'score': '0-2', 'selected_team': '昆坦拿', 'settlement': '黑', 'water': 0.83, 'pnl_1u': -1.0, 'roi': -1.0, 'line': '0.75', 'action': 'V4纸面入选-C', 'source': 'https://m.titan007.com/analy/Analysis/3060312.htm'}, {'date': '2026-10-04', 'match': '奇克拉纳 vs 塞维利亚C队', 'score': '1-1', 'selected_team': '', 'settlement': '走', 'water': 0.9, 'pnl_1u': 0.0, 'roi': 0.0, 'line': '', 'action': 'V4纸面入选-C', 'source': 'https://m.titan007.com/analy/Analysis/3082682.htm'}]"
V4,2026-10-09,3098075,德戊,时间待核,比林古马 vs 云达不莱梅C队,,,0,0,0,0,0,0,,,,0,,,list_date < 2026-10-09,[]
V4,2026-10-09,2941114,爱沙乙,时间待核,威克伊勒特 vs 爱尔华,,,0,0,0,0,0,0,,,,0,,,list_date < 2026-10-09,[]
V4,2026-10-09,3100235,奥丁,时间待核,施特拉施华尔臣 vs USV伯恩多夫1960,,,2,1,0,1,0,0,1.0,1.02,0.51,2,,,list_date < 2026-10-09,"[{'date': '2026-09-15', 'match': 'SV威尔登 vs SV谢尔曼', 'score': '0-2', 'selected_team': 'SV谢尔曼', 'settlement': '红', 'water': 1.02, 'pnl_1u': 1.02, 'roi': 1.02, 'line': '0.5', 'action': 'V4纸面入选-C', 'source': 'https://www.footballant.com/zh-CN/football-data/team/33605'}, {'date': '2026-10-04', 'match': '维瓦宾特 vs 赫福特', 'score': '0-1', 'selected_team': '维瓦宾特', 'settlement': '走', 'water': 0.94, 'pnl_1u': 0.0, 'roi': 0.0, 'line': '-1', 'action': 'V4纸面入选-C', 'source': 'https://m.titan007.com/analy/Analysis/3097573.htm'}]"
V4,2026-10-09,3100357,波兰丙,时间待核,维尔兹比策 vs 波洛尼亚斯罗达斯拉斯卡,,,1,0,0,1,0,0,,0.0,0.0,1,,,list_date < 2026-10-09,"[{'date': '2026-10-02', 'match': '卢宾扎格勒比B队 vs 包尔科维切', 'score': '1-1', 'selected_team': '', 'settlement': '走', 'water': 0.85, 'pnl_1u': 0.0, 'roi': 0.0, 'line': '', 'action': 'V4纸面入选-C', 'source': 'https://m.titan007.com/analy/Analysis/3095538.htm'}]"
V4,2026-10-09,3098054,波兰丙,时间待核,MKS李曼欧 vs 斯亚卡,,,1,0,0,1,0,0,,0.0,0.0,1,,,list_date < 2026-10-09,"[{'date': '2026-10-02', 'match': '卢宾扎格勒比B队 vs 包尔科维切', 'score': '1-1', 'selected_team': '', 'settlement': '走', 'water': 0.85, 'pnl_1u': 0.0, 'roi': 0.0, 'line': '', 'action': 'V4纸面入选-C', 'source': 'https://m.titan007.com/analy/Analysis/3095538.htm'}]"
V4,2026-10-09,3098081,丹麦丁,时间待核,韦加尔 vs 霍尔斯特布罗B队,,,0,0,0,0,0,0,,,,0,,,list_date < 2026-10-09,[]
V4,2026-10-09,3056761,阿尔甲,时间待核,卡比利亚 vs 克莱夫,卡比利亚,giving,8,2,1,1,1,3,0.41666667,-1.15,-0.14375,8,,,list_date < 2026-10-09,"[{'date': '2026-09-17', 'match': '比斯克拉 vs 贝鲁扎达', 'score': '0-1', 'selected_team': '比斯克拉', 'settlement': '黑', 'water': 1.04, 'pnl_1u': -1.0, 'roi': -1.0, 'line': '-0.5', 'action': 'V4纸面入选-C', 'source': 'https://competition.dz/actualites/ligue-1/ligue-1-3e-journee-le-crb-s-impose-a-biskra-et-prend-provisoirement-les-commandes-du-classement.html'}, {'date': '2026-09-17', 'match': '谭茅芩特 vs 卡比利亚', 'score': '1-0', 'selected_team': '谭茅芩特', 'settlement': '红', 'water': 1.06, 'pnl_1u': 1.06, 'roi': 1.06, 'line': '-0.25', 'action': 'V4纸面入选-C', 'source': 'https://www.betstudy.com/soccer-stats/result/temouchent-js-kabylie-19789099/'}, {'date': '2026-09-18', 'match': '汉舍莱 vs 阿科诺', 'score': '1-1', 'selected_team': '阿科诺', 'settlement': '半红', 'water': 1.02, 'pnl_1u': 0.51, 'roi': 0.51, 'line': '0.25', 'action': 'V4纸面入选-C', 'source': 'https://zq.titan007.com/analysis/3056754cn.htm'}, {'date': '2026-10-07', 'match': '阿科诺 vs 埃尔比亚尔', 'score': '2-2', 'selected_team': '', 'settlement': '走', 'water': 0.81, 'pnl_1u': 0.0, 'roi': 0.0, 'line': '', 'action': 'V4纸面入选-C', 'source': 'https://m.titan007.com/analy/Analysis/3056758.htm'}, {'date': '2026-10-07', 'match': '康士坦丁 vs 比斯克拉', 'score': '4-0', 'selected_team': '康士坦丁', 'settlement': '红', 'water': 0.78, 'pnl_1u': 0.78, 'roi': 0.78, 'line': '0.75', 'action': 'V4纸面入选-A', 'source': 'https://m.titan007.com/analy/Analysis/3056759.htm'}, {'date': '2026-10-07', 'match': '贝鲁扎达 vs 汉舍莱', 'score': '1-0', 'selected_team': '贝鲁扎达', 'settlement': '半黑', 'water': 0.87, 'pnl_1u': -0.5, 'roi': -0.5, 'line': '1.25', 'action': 'V4纸面入选-A', 'source': 'https://m.titan007.com/analy/Analysis/3056760.htm'}, {'date': '2026-10-08', 'match': 'MC奥兰 vs 塞堤夫', 'score': '0-0', 'selected_team': 'MC奥兰', 'settlement': '黑', 'water': 0.98, 'pnl_1u': -1.0, 'roi': -1.0, 'line': '0.5', 'action': 'V4ShadowOnly；real_money=false', 'source': 'D:\\codex\\v3_legacy\\outputs\\football_odds_trader\\raw\\titan007\\20261008\\20261008_074021_titan007_odds_snapshot.csv'}, {'date': '2026-10-08', 'match': '圣罗拉 vs 奥德阿库', 'score': '0-0', 'selected_team': '圣罗拉', 'settlement': '黑', 'water': 0.84, 'pnl_1u': -1.0, 'roi': -1.0, 'line': '0.5', 'action': 'V4ShadowOnly；real_money=false', 'source': 'D:\\codex\\v3_legacy\\outputs\\football_odds_trader\\raw\\titan007\\20261008\\20261008_074021_titan007_odds_snapshot.csv'}]"
V4,2026-10-09,3098128,世女欧预,时间待核,克罗地亚女足 vs 冰岛女足,,,0,0,0,0,0,0,,,,0,,,list_date < 2026-10-09,[]
V4,2026-10-09,3071922,伊拉联,时间待核,纳弗特 vs 迪亚拉,,,4,2,1,0,0,1,0.71428571,1.375,0.34375,4,,,list_date < 2026-10-09,"[{'date': '2026-10-07', 'match': '摩苏尔足球俱乐部 vs 巴格达空军', 'score': '0-3', 'selected_team': '摩苏尔足球俱乐部', 'settlement': '黑', 'water': 1, 'pnl_1u': -1.0, 'roi': -1.0, 'line': '-0.25', 'action': 'V4纸面入选-B', 'source': 'https://m.titan007.com/analy/Analysis/3071921.htm'}, {'date': '2026-10-08', 'match': '塔拉巴 vs 巴格达警察', 'score': '0-0', 'selected_team': '塔拉巴', 'settlement': '半红', 'water': 1.03, 'pnl_1u': 0.515, 'roi': 0.515, 'line': '-0.25', 'action': 'V4ShadowOnly；real_money=false', 'source': 'D:\\codex\\v3_legacy\\outputs\\football_odds_trader\\raw\\titan007\\20261008\\20261008_074021_titan007_odds_snapshot.csv'}, {'date': '2026-10-08', 'match': '杜赫克 vs 扎瓦拉', 'score': '3-0', 'selected_team': '杜赫克', 'settlement': '红', 'water': 0.98, 'pnl_1u': 0.98, 'roi': 0.98, 'line': '-0.25', 'action': 'V4ShadowOnly；real_money=false', 'source': 'D:\\codex\\v3_legacy\\outputs\\football_odds_trader\\raw\\titan007\\20261008\\20261008_074021_titan007_odds_snapshot.csv'}, {'date': '2026-10-08', 'match': '纳夫特米桑 vs 阿比尔', 'score': '1-1', 'selected_team': '纳夫特米桑', 'settlement': '红', 'water': 0.88, 'pnl_1u': 0.88, 'roi': 0.88, 'line': '-0.5', 'action': 'V4ShadowOnly；real_money=false', 'source': 'D:\\codex\\v3_legacy\\outputs\\football_odds_trader\\raw\\titan007\\20261008\\20261008_074021_titan007_odds_snapshot.csv'}]"
V4,2026-10-09,2912908,挪超,时间待核,布兰 vs 维京,,,6,4,0,0,0,2,0.66666667,1.79,0.29833333,6,,,list_date < 2026-10-09,"[{'date': '2026-09-13', 'match': '维京 vs 克里斯蒂安松', 'score': '8-1', 'selected_team': '维京', 'settlement': '红', 'water': 1.01, 'pnl_1u': 1.01, 'roi': 1.01, 'line': '1.75', 'action': 'V4纸面入选-C', 'source': 'https://m.titan007.com/analy/Analysis/2912897.htm'}, {'date': '2026-09-13', 'match': '斯达 vs 布兰', 'score': '2-0', 'selected_team': '布兰', 'settlement': '黑', 'water': 1.04, 'pnl_1u': -1.0, 'roi': -1.0, 'line': '-0.5', 'action': 'V4纸面入选-C', 'source': 'https://m.titan007.com/analy/Analysis/2912896.htm'}, {'date': '2026-09-18', 'match': '萨普斯堡 vs KFUM奥斯陆', 'score': '1-3', 'selected_team': 'KFUM奥斯陆', 'settlement': '红', 'water': 0.86, 'pnl_1u': 0.86, 'roi': 0.86, 'line': '1', 'action': 'V4纸面入选-C', 'source': 'https://zq.titan007.com/analysis/2912902cn.htm'}, {'date': '2026-09-19', 'match': '克里斯蒂安松 vs 罗森博格', 'score': '1-3', 'selected_team': '罗森博格', 'settlement': '红', 'water': 1.08, 'pnl_1u': 1.08, 'roi': 1.08, 'line': '-1.25', 'action': 'V4纸面入选-C', 'source': 'https://zq.titan007.com/analysis/2912899cn.htm'}, {'date': '2026-09-20', 'match': '桑德菲杰 vs 斯达', 'score': '3-0', 'selected_team': '斯达', 'settlement': '黑', 'water': 1.03, 'pnl_1u': -1.0, 'roi': -1.0, 'line': '0.25', 'action': 'V4纸面入选-C', 'source': 'https://zq.titan007.com/analysis/2912901cn.htm'}, {'date': '2026-09-20', 'match': '维京 vs 利勒斯特罗姆', 'score': '3-0', 'selected_team': '维京', 'settlement': '红', 'water': 0.84, 'pnl_1u': 0.84, 'roi': 0.84, 'line': '1.5', 'action': 'V4纸面入选-C', 'source': 'https://zq.titan007.com/analysis/2912905cn.htm'}]"
V4,2026-10-09,2912286,瑞典超,时间待核,哥德堡 vs 瓦斯特拉斯,,,7,5,0,2,0,0,1.0,5.21,0.74428571,7,,,list_date < 2026-10-09,"[{'date': '2026-09-13', 'match': '哈马比 vs 布洛马波卡纳', 'score': '3-1', 'selected_team': '哈马比', 'settlement': '走', 'water': 0.99, 'pnl_1u': 0.0, 'roi': 0.0, 'line': '2', 'action': 'V4纸面入选-B', 'source': 'https://m.titan007.com/analy/Analysis/2912272.htm'}, {'date': '2026-09-13', 'match': '马尔默 vs 奥尔格里特', 'score': '4-1', 'selected_team': '马尔默', 'settlement': '红', 'water': 1.03, 'pnl_1u': 1.03, 'roi': 1.03, 'line': '1.5', 'action': 'V4纸面入选-B', 'source': 'https://m.titan007.com/analy/Analysis/2912273.htm'}, {'date': '2026-09-14', 'match': '尤尔加登 vs 哥德堡盖斯', 'score': '2-0', 'selected_team': '尤尔加登', 'settlement': '红', 'water': 1.09, 'pnl_1u': 1.09, 'roi': 1.09, 'line': '1.25', 'action': 'V4纸面入选-C', 'source': 'https://m.titan007.com/analy/Analysis/2912268.htm'}, {'date': '2026-09-19', 'match': '瓦斯特拉斯 vs 马尔默', 'score': '2-0', 'selected_team': '瓦斯特拉斯', 'settlement': '红', 'water': 1.04, 'pnl_1u': 1.04, 'roi': 1.04, 'line': '-0.25', 'action': 'V4纸面入选-C', 'source': 'https://zq.titan007.com/analysis/2912282cn.htm'}, {'date': '2026-09-19', 'match': '奥尔格里特 vs 天狼星', 'score': '1-2', 'selected_team': '奥尔格里特', 'settlement': '走', 'water': 1.04, 'pnl_1u': 0.0, 'roi': 0.0, 'line': '-1', 'action': 'V4纸面入选-C', 'source': 'https://zq.titan007.com/analysis/2912281cn.htm'}, {'date': '2026-09-20', 'match': '尤尔加登 vs 埃尔夫斯堡', 'score': '1-2', 'selected_team': '埃尔夫斯堡', 'settlement': '红', 'water': 1.01, 'pnl_1u': 1.01, 'roi': 1.01, 'line': '1', 'action': 'V4纸面入选-C', 'source': 'https://zq.titan007.com/analysis/2912277cn.htm'}, {'date': '2026-09-20', 'match': '哈尔姆斯塔德 vs 索尔纳', 'score': '2-1', 'selected_team': '哈尔姆斯塔德', 'settlement': '红', 'water': 1.04, 'pnl_1u': 1.04, 'roi': 1.04, 'line': '-0.25', 'action': 'V4纸面入选-C', 'source': 'https://zq.titan007.com/analysis/2912278cn.htm'}]"
V4,2026-10-09,3026745,土超,时间待核,加拉塔萨雷 vs 卡斯帕萨,,,4,2,0,0,0,2,0.5,0.17,0.0425,4,,,list_date < 2026-10-09,"[{'date': '2026-09-13', 'match': '加拉塔萨雷 vs 科贾埃利体育', 'score': '1-0', 'selected_team': '加拉塔萨雷', 'settlement': '黑', 'water': 0.93, 'pnl_1u': -1.0, 'roi': -1.0, 'line': '1.5', 'action': 'V4纸面入选-C', 'source': 'https://m.titan007.com/analy/Analysis/3026728.htm'}, {'date': '2026-09-14', 'match': '加济安泰普大都会 vs 费内巴切', 'score': '0-0', 'selected_team': '加济安泰普大都会', 'settlement': '红', 'water': 1.04, 'pnl_1u': 1.04, 'roi': 1.04, 'line': '-1', 'action': 'V4纸面入选-C', 'source': 'https://m.titan007.com/analy/Analysis/3026729.htm'}, {'date': '2026-09-19', 'match': '科鲁姆 vs 阿拉尼亚体育', 'score': '1-2', 'selected_team': '科鲁姆', 'settlement': '黑', 'water': 1.03, 'pnl_1u': -1.0, 'roi': -1.0, 'line': '0.5', 'action': 'V4纸面入选-C', 'source': 'https://zq.titan007.com/analysis/3026735cn.htm'}, {'date': '2026-09-20', 'match': '埃尔祖鲁姆体育 vs 萨姆松体育', 'score': '1-0', 'selected_team': '埃尔祖鲁姆体育', 'settlement': '红', 'water': 1.13, 'pnl_1u': 1.13, 'roi': 1.13, 'line': '0.25', 'action': 'V4纸面入选-C', 'source': 'https://zq.titan007.com/analysis/3026736cn.htm'}]"
V4,2026-10-09,3023796,葡甲,时间待核,佩纳菲尔 vs AVS俱乐部,,,0,0,0,0,0,0,,,,0,,,list_date < 2026-10-09,[]
V4,2026-10-09,3026072,德丙,时间待核,普鲁士明斯特 vs 埃森,普鲁士明斯特,receiving,4,0,0,0,1,3,0.0,-3.5,-0.875,4,,,list_date < 2026-10-09,"[{'date': '2026-09-16', 'match': '罗斯托克 vs 史特加青年队', 'score': '3-2', 'selected_team': '罗斯托克', 'settlement': '半黑', 'water': 1.05, 'pnl_1u': -0.5, 'roi': -0.5, 'line': '1.25', 'action': 'V4纸面入选-C', 'source': 'https://simondongxiao.github.io/odds/v4/'}, {'date': '2026-09-16', 'match': '曼海姆 vs 埃森', 'score': '1-2', 'selected_team': '曼海姆', 'settlement': '黑', 'water': 1, 'pnl_1u': -1.0, 'roi': -1.0, 'line': '-0.25', 'action': 'V4纸面入选-C', 'source': 'https://simondongxiao.github.io/odds/v4/'}, {'date': '2026-09-19', 'match': '霍芬海姆业馀队 vs 梅彭', 'score': '1-0', 'selected_team': '梅彭', 'settlement': '黑', 'water': 1.13, 'pnl_1u': -1.0, 'roi': -1.0, 'line': '0.25', 'action': 'V4纸面入选-B', 'source': 'https://zq.titan007.com/analysis/3026056cn.htm'}, {'date': '2026-09-19', 'match': '萨尔布吕肯 vs 格罗巴斯帕奇', 'score': '2-1', 'selected_team': '格罗巴斯帕奇', 'settlement': '黑', 'water': 1.02, 'pnl_1u': -1.0, 'roi': -1.0, 'line': '0.5', 'action': 'V4纸面入选-C', 'source': 'https://zq.titan007.com/analysis/3026059cn.htm'}]"
V4,2026-10-09,3027202,德地区巴,时间待核,拜仁慕尼黑青年队 vs 翁特哈兴,,,0,0,0,0,0,0,,,,0,,,list_date < 2026-10-09,[]
V4,2026-10-09,3027208,德地区巴,时间待核,舒云霍特 vs 埃特斯多夫,,,0,0,0,0,0,0,,,,0,,,list_date < 2026-10-09,[]
V4,2026-10-09,3031573,德地区南,时间待核,奥芬巴查 vs 侯姆堡,,,0,0,0,0,0,0,,,,0,,,list_date < 2026-10-09,[]
V4,2026-10-09,3043414,德地区北,时间待核,云达不莱梅业余队 vs SV阿特拉斯代,,,2,1,0,0,0,1,0.5,-0.19,-0.095,2,,,list_date < 2026-10-09,"[{'date': '2026-09-27', 'match': 'SV不莱梅 vs 维切福伦斯堡', 'score': '0-3', 'selected_team': 'SV不莱梅', 'settlement': '黑', 'water': 1.19, 'pnl_1u': -1.0, 'roi': -1.0, 'line': '-0.25', 'action': 'V4最新页面A/B/C候选', 'source': 'https://simondongxiao.github.io/odds/v4/'}, {'date': '2026-10-04', 'match': 'HSC汉诺威 vs 舒宁根', 'score': '2-0', 'selected_team': 'HSC汉诺威', 'settlement': '红', 'water': 0.81, 'pnl_1u': 0.81, 'roi': 0.81, 'line': '-0.75', 'action': 'V4纸面入选-C', 'source': 'https://m.titan007.com/analy/Analysis/3043402.htm'}]"
V4,2026-10-09,3026481,德地区东北,时间待核,艾尔格里尼克 vs 柏林迪纳摩,,,0,0,0,0,0,0,,,,0,,,list_date < 2026-10-09,[]
V4,2026-10-09,3026484,德地区东北,时间待核,BSG化学莱比锡 vs 路肯瓦德,,,0,0,0,0,0,0,,,,0,,,list_date < 2026-10-09,[]
V4,2026-10-09,3026489,德地区东北,时间待核,茨维考FC vs SV塔斯马尼亚柏林,,,0,0,0,0,0,0,,,,0,,,list_date < 2026-10-09,[]
V4,2026-10-09,2920179,瑞典乙北,时间待核,索伦蒂纳联 vs 斯托克松德,,,5,2,0,2,0,1,0.66666667,0.71,0.142,5,,,list_date < 2026-10-09,"[{'date': '2026-09-20', 'match': '卡尔堡斯 vs 斯德哥尔摩国际', 'score': '0-2', 'selected_team': '卡尔堡斯', 'settlement': '黑', 'water': 1.03, 'pnl_1u': -1.0, 'roi': -1.0, 'line': '-1.25', 'action': 'V4纸面入选-C', 'source': 'https://zq.titan007.com/analysis/2920152cn.htm'}, {'date': '2026-10-03', 'match': '斯德哥尔摩国际 vs 阿西里斯卡', 'score': '3-0', 'selected_team': '', 'settlement': '红', 'water': 0.77, 'pnl_1u': 0.77, 'roi': 0.77, 'line': '', 'action': 'V4纸面入选-C', 'source': 'https://m.titan007.com/analy/Analysis/2920168.htm'}, {'date': '2026-10-03', 'match': '派提亚 vs 卡尔斯塔德', 'score': '1-1', 'selected_team': '', 'settlement': '走', 'water': 0.73, 'pnl_1u': 0.0, 'roi': 0.0, 'line': '', 'action': 'V4纸面入选-C', 'source': 'https://m.titan007.com/analy/Analysis/2920167.htm'}, {'date': '2026-10-03', 'match': '斯托克松德 vs 贾法拉', 'score': '1-1', 'selected_team': '', 'settlement': '走', 'water': 0.88, 'pnl_1u': 0.0, 'roi': 0.0, 'line': '', 'action': 'V4纸面入选-C', 'source': 'https://m.titan007.com/analy/Analysis/2920169.htm'}, {'date': '2026-10-04', 'match': '于默奥 vs 哈马比TFF', 'score': '2-1', 'selected_team': '于默奥', 'settlement': '红', 'water': 0.94, 'pnl_1u': 0.94, 'roi': 0.94, 'line': '-0.75', 'action': 'V4纸面入选-B', 'source': 'https://m.titan007.com/analy/Analysis/2920170.htm'}]"
V4,2026-10-09,3037804,卡塔尔联,时间待核,萨德 vs 阿拉比SC,,,0,0,0,0,0,0,,,,0,,,list_date < 2026-10-09,[]
V4,2026-10-09,2998257,丹麦超,时间待核,北西兰 vs 欧登塞,,,2,1,0,0,0,1,0.5,0.03,0.015,2,,,list_date < 2026-10-09,"[{'date': '2026-09-14', 'match': '中日德兰 vs 布隆德比', 'score': '4-1', 'selected_team': '中日德兰', 'settlement': '红', 'water': 1.03, 'pnl_1u': 1.03, 'roi': 1.03, 'line': '0.75', 'action': 'V4纸面入选-C', 'source': 'https://m.titan007.com/analy/Analysis/2998244.htm'}, {'date': '2026-09-20', 'match': '霍森斯 vs 奥胡斯', 'score': '2-2', 'selected_team': '奥胡斯', 'settlement': '黑', 'water': 1.05, 'pnl_1u': -1.0, 'roi': -1.0, 'line': '-0.75', 'action': 'V4纸面入选-C', 'source': 'https://zq.titan007.com/analysis/2998249cn.htm'}]"
V4,2026-10-09,2998122,丹麦甲,时间待核,AB格莱萨克瑟 vs 奥胡斯费马,,,2,0,0,0,0,2,0.0,-2.0,-1.0,2,,,list_date < 2026-10-09,"[{'date': '2026-09-18', 'match': '科灵 vs 希勒罗德', 'score': '1-1', 'selected_team': '科灵', 'settlement': '黑', 'water': 1.04, 'pnl_1u': -1.0, 'roi': -1.0, 'line': '0.75', 'action': 'V4纸面入选-C', 'source': 'https://zq.titan007.com/analysis/2998121cn.htm'}, {'date': '2026-09-19', 'match': 'AB格莱萨克瑟 vs 埃斯比约', 'score': '3-0', 'selected_team': '埃斯比约', 'settlement': '黑', 'water': 1.05, 'pnl_1u': -1.0, 'roi': -1.0, 'line': '0.25', 'action': 'V4纸面入选-C', 'source': 'https://zq.titan007.com/analysis/2998118cn.htm'}]"
V4,2026-10-09,3030173,土甲,时间待核,尤姆尼耶士邦 vs 沙里耶尔,,,2,2,0,0,0,0,1.0,2.12,1.06,2,,,list_date < 2026-10-09,"[{'date': '2026-09-14', 'match': '开塞利体育 vs 伊斯坦堡士邦', 'score': '4-0', 'selected_team': '开塞利体育', 'settlement': '红', 'water': 0.99, 'pnl_1u': 0.99, 'roi': 0.99, 'line': '1.25', 'action': 'V4纸面入选-C', 'source': 'https://m.titan007.com/analy/Analysis/3030150.htm'}, {'date': '2026-09-18', 'match': '班迪马士邦 vs 尤姆尼耶士邦', 'score': '0-1', 'selected_team': '尤姆尼耶士邦', 'settlement': '红', 'water': 1.13, 'pnl_1u': 1.13, 'roi': 1.13, 'line': '0.5', 'action': 'V4纸面入选-C', 'source': 'https://zq.titan007.com/analysis/3030156cn.htm'}]"
V4,2026-10-09,3030174,土甲,时间待核,贝拉迪亚士邦 vs 班迪马士邦,,,2,2,0,0,0,0,1.0,2.12,1.06,2,,,list_date < 2026-10-09,"[{'date': '2026-09-14', 'match': '开塞利体育 vs 伊斯坦堡士邦', 'score': '4-0', 'selected_team': '开塞利体育', 'settlement': '红', 'water': 0.99, 'pnl_1u': 0.99, 'roi': 0.99, 'line': '1.25', 'action': 'V4纸面入选-C', 'source': 'https://m.titan007.com/analy/Analysis/3030150.htm'}, {'date': '2026-09-18', 'match': '班迪马士邦 vs 尤姆尼耶士邦', 'score': '0-1', 'selected_team': '尤姆尼耶士邦', 'settlement': '红', 'water': 1.13, 'pnl_1u': 1.13, 'roi': 1.13, 'line': '0.5', 'action': 'V4纸面入选-C', 'source': 'https://zq.titan007.com/analysis/3030156cn.htm'}]"
V4,2026-10-09,3021038,丹麦丙,时间待核,桑比 vs 瑞秀,,,3,2,0,0,0,1,0.66666667,0.84,0.28,3,,,list_date < 2026-10-09,"[{'date': '2026-10-03', 'match': '霍尔贝克 vs ASA阿晓斯', 'score': '2-1', 'selected_team': '', 'settlement': '红', 'water': 0.91, 'pnl_1u': 0.91, 'roi': 0.91, 'line': '', 'action': 'V4纸面入选-C', 'source': 'https://m.titan007.com/analy/Analysis/3021032.htm'}, {'date': '2026-10-03', 'match': '布隆索伊 vs 弗雷姆', 'score': '1-1', 'selected_team': '布隆索伊', 'settlement': '黑', 'water': 0.86, 'pnl_1u': -1.0, 'roi': -1.0, 'line': '0.5', 'action': 'V4纸面入选-B', 'source': 'https://m.titan007.com/analy/Analysis/3021034.htm'}, {'date': '2026-10-03', 'match': '赫斯霍尔姆 vs 希尔星格', 'score': '3-1', 'selected_team': '', 'settlement': '红', 'water': 0.93, 'pnl_1u': 0.93, 'roi': 0.93, 'line': '', 'action': 'V4纸面入选-C', 'source': 'https://m.titan007.com/analy/Analysis/3021035.htm'}]"
V4,2026-10-09,2927372,瑞典丙NG,时间待核,IFK斯克维德 vs 史卡拉FC,,,1,1,0,0,0,0,1.0,1.0,1.0,1,,,list_date < 2026-10-09,"[{'date': '2026-09-27', 'match': 'IK多特 vs 斯泰诺桑德', 'score': '1-5', 'selected_team': '斯泰诺桑德', 'settlement': '红', 'water': 1, 'pnl_1u': 1.0, 'roi': 1.0, 'line': '0.25', 'action': 'V4最新页面A/B/C候选', 'source': 'https://simondongxiao.github.io/odds/v4/'}]"
V4,2026-10-09,3098045,斯伐丙,时间待核,米亚瓦斯巴达 vs 卡斯科夫辛,,,1,1,0,0,0,0,1.0,1.02,1.02,1,,,list_date < 2026-10-09,"[{'date': '2026-09-27', 'match': '卢丁斯 vs 贝鲁萨', 'score': '2-2', 'selected_team': '卢丁斯', 'settlement': '红', 'water': 1.02, 'pnl_1u': 1.02, 'roi': 1.02, 'line': '-0.5', 'action': 'V4最新页面A/B/C候选', 'source': 'https://simondongxiao.github.io/odds/v4/'}]"
V4,2026-10-09,3098129,世女欧预,时间待核,捷克女足 vs 苏格兰女足,,,0,0,0,0,0,0,,,,0,,,list_date < 2026-10-09,[]
V4,2026-10-09,3098130,世女欧预,时间待核,罗马尼亚女足 vs 挪威女足,,,0,0,0,0,0,0,,,,0,,,list_date < 2026-10-09,[]
V4,2026-10-09,3098046,德戊,时间待核,干高迪亚 vs 汉堡1816体操俱乐部,,,0,0,0,0,0,0,,,,0,,,list_date < 2026-10-09,[]
V4,2026-10-09,3098056,德戊,时间待核,巴林根 vs 霍尔扎森,,,0,0,0,0,0,0,,,,0,,,list_date < 2026-10-09,[]
V4,2026-10-09,3098039,德戊,时间待核,ASV查姆 vs DJK鲍思高班贝格,,,0,0,0,0,0,0,,,,0,,,list_date < 2026-10-09,[]
V4,2026-10-09,3098040,德戊,时间待核,纽德罗森菲尔德 vs ASV纽马克特,,,0,0,0,0,0,0,,,,0,,,list_date < 2026-10-09,[]
V4,2026-10-09,3098041,德戊,时间待核,SV埃尔巴赫 vs 格瑞特瑞德,,,0,0,0,0,0,0,,,,0,,,list_date < 2026-10-09,[]
V4,2026-10-09,3098042,德戊,时间待核,罗森海姆1860 vs 皮平斯列特,,,0,0,0,0,0,0,,,,0,,,list_date < 2026-10-09,[]
V4,2026-10-09,3098043,德戊,时间待核,TSV瓦塞堡1880 vs 普法芬霍芬,,,0,0,0,0,0,0,,,,0,,,list_date < 2026-10-09,[]
V4,2026-10-09,3098044,德戊,时间待核,TSV科恩 vs 印戈斯塔德青年队,,,0,0,0,0,0,0,,,,0,,,list_date < 2026-10-09,[]
V4,2026-10-09,3100381,卢旺达联,时间待核,大猩猩FC vs 罗阳体育,,,0,0,0,0,0,0,,,,0,,,list_date < 2026-10-09,[]
V4,2026-10-09,3100231,奥丁,时间待核,SK菲尔斯腾费尔德 vs 京德堡,,,2,1,0,1,0,0,1.0,1.02,0.51,2,,,list_date < 2026-10-09,"[{'date': '2026-09-15', 'match': 'SV威尔登 vs SV谢尔曼', 'score': '0-2', 'selected_team': 'SV谢尔曼', 'settlement': '红', 'water': 1.02, 'pnl_1u': 1.02, 'roi': 1.02, 'line': '0.5', 'action': 'V4纸面入选-C', 'source': 'https://www.footballant.com/zh-CN/football-data/team/33605'}, {'date': '2026-10-04', 'match': '维瓦宾特 vs 赫福特', 'score': '0-1', 'selected_team': '维瓦宾特', 'settlement': '走', 'water': 0.94, 'pnl_1u': 0.0, 'roi': 0.0, 'line': '-1', 'action': 'V4纸面入选-C', 'source': 'https://m.titan007.com/analy/Analysis/3097573.htm'}]"
V4,2026-10-09,3100232,奥丁,时间待核,圣维特格兰 vs 劳恩斯多夫,,,2,1,0,1,0,0,1.0,1.02,0.51,2,,,list_date < 2026-10-09,"[{'date': '2026-09-15', 'match': 'SV威尔登 vs SV谢尔曼', 'score': '0-2', 'selected_team': 'SV谢尔曼', 'settlement': '红', 'water': 1.02, 'pnl_1u': 1.02, 'roi': 1.02, 'line': '0.5', 'action': 'V4纸面入选-C', 'source': 'https://www.footballant.com/zh-CN/football-data/team/33605'}, {'date': '2026-10-04', 'match': '维瓦宾特 vs 赫福特', 'score': '0-1', 'selected_team': '维瓦宾特', 'settlement': '走', 'water': 0.94, 'pnl_1u': 0.0, 'roi': 0.0, 'line': '-1', 'action': 'V4纸面入选-C', 'source': 'https://m.titan007.com/analy/Analysis/3097573.htm'}]"
V4,2026-10-09,3100234,奥丁,时间待核,UFC费灵 vs SV伊勒尔,,,2,1,0,1,0,0,1.0,1.02,0.51,2,,,list_date < 2026-10-09,"[{'date': '2026-09-15', 'match': 'SV威尔登 vs SV谢尔曼', 'score': '0-2', 'selected_team': 'SV谢尔曼', 'settlement': '红', 'water': 1.02, 'pnl_1u': 1.02, 'roi': 1.02, 'line': '0.5', 'action': 'V4纸面入选-C', 'source': 'https://www.footballant.com/zh-CN/football-data/team/33605'}, {'date': '2026-10-04', 'match': '维瓦宾特 vs 赫福特', 'score': '0-1', 'selected_team': '维瓦宾特', 'settlement': '走', 'water': 0.94, 'pnl_1u': 0.0, 'roi': 0.0, 'line': '-1', 'action': 'V4纸面入选-C', 'source': 'https://m.titan007.com/analy/Analysis/3097573.htm'}]"
V4,2026-10-09,3100236,奥丁,时间待核,圣安纳 vs SV雷布林市,,,2,1,0,1,0,0,1.0,1.02,0.51,2,,,list_date < 2026-10-09,"[{'date': '2026-09-15', 'match': 'SV威尔登 vs SV谢尔曼', 'score': '0-2', 'selected_team': 'SV谢尔曼', 'settlement': '红', 'water': 1.02, 'pnl_1u': 1.02, 'roi': 1.02, 'line': '0.5', 'action': 'V4纸面入选-C', 'source': 'https://www.footballant.com/zh-CN/football-data/team/33605'}, {'date': '2026-10-04', 'match': '维瓦宾特 vs 赫福特', 'score': '0-1', 'selected_team': '维瓦宾特', 'settlement': '走', 'water': 0.94, 'pnl_1u': 0.0, 'roi': 0.0, 'line': '-1', 'action': 'V4纸面入选-C', 'source': 'https://m.titan007.com/analy/Analysis/3097573.htm'}]"
V4,2026-10-09,3098050,波兰丙,时间待核,谢拉玆 vs 苏瓦乌基,,,1,0,0,1,0,0,,0.0,0.0,1,,,list_date < 2026-10-09,"[{'date': '2026-10-02', 'match': '卢宾扎格勒比B队 vs 包尔科维切', 'score': '1-1', 'selected_team': '', 'settlement': '走', 'water': 0.85, 'pnl_1u': 0.0, 'roi': 0.0, 'line': '', 'action': 'V4纸面入选-C', 'source': 'https://m.titan007.com/analy/Analysis/3095538.htm'}]"
V4,2026-10-09,3098051,波兰丙,时间待核,KS波罗尼亚 vs 克鲁切维亚,,,1,0,0,1,0,0,,0.0,0.0,1,,,list_date < 2026-10-09,"[{'date': '2026-10-02', 'match': '卢宾扎格勒比B队 vs 包尔科维切', 'score': '1-1', 'selected_team': '', 'settlement': '走', 'water': 0.85, 'pnl_1u': 0.0, 'roi': 0.0, 'line': '', 'action': 'V4纸面入选-C', 'source': 'https://m.titan007.com/analy/Analysis/3095538.htm'}]"
V4,2026-10-09,3100333,博茨超,时间待核,托诺塔FC vs 苏阿火烈鸟,,,0,0,0,0,0,0,,,,0,,,list_date < 2026-10-09,[]
V4,2026-10-09,3100379,博茨超,时间待核,哈博罗内 vs 莫鲁普尔流浪者队,,,0,0,0,0,0,0,,,,0,,,list_date < 2026-10-09,[]
V4,2026-10-09,3098097,国际友谊,时间待核,马耳他女足 vs 卢森堡女足,,,53,24,2,5,2,20,0.54347826,2.355,0.04443396,53,,,list_date < 2026-10-09,"[{'date': '2026-09-21', 'match': '多米尼克 vs 安圭拉', 'score': '1-0', 'selected_team': '多米尼克', 'settlement': '红', 'water': 0.93, 'pnl_1u': 0.93, 'roi': 0.93, 'line': '-2', 'action': 'V4最新页面A/B/C候选', 'source': 'https://www.titan007.com/'}, {'date': '2026-09-23', 'match': '秘鲁U19 vs 阿根廷U19', 'score': '0-1', 'selected_team': '秘鲁U19', 'settlement': '走', 'water': 0.96, 'pnl_1u': 0.0, 'roi': 0.0, 'line': '-1', 'action': 'V4最新页面A/B/C候选', 'source': 'https://simondongxiao.github.io/odds/v4/'}, {'date': '2026-09-24', 'match': '韩国 vs 厄瓜多尔', 'score': '3-0', 'selected_team': '韩国', 'settlement': '红', 'water': 1.05, 'pnl_1u': 1.05, 'roi': 1.05, 'line': '0.25', 'action': 'V4最新页面A/B/C候选', 'source': 'https://simondongxiao.github.io/odds/v4/'}, {'date': '2026-09-25', 'match': '澳大利亚 vs 巴西', 'score': '1-1', 'selected_team': '巴西', 'settlement': '黑', 'water': 0.81, 'pnl_1u': -1.0, 'roi': -1.0, 'line': '-1.5', 'action': 'V4最新页面A/B/C候选', 'source': 'https://simondongxiao.github.io/odds/v4/'}, {'date': '2026-09-26', 'match': '美国 vs 秘鲁', 'score': '4-1', 'selected_team': '秘鲁', 'settlement': '黑', 'water': 0.93, 'pnl_1u': -1.0, 'roi': -1.0, 'line': '1', 'action': 'V4最新页面A/B/C候选', 'source': 'https://simondongxiao.github.io/odds/v4/'}, {'date': '2026-09-27', 'match': '中国 vs 新西兰', 'score': '0-3', 'selected_team': '新西兰', 'settlement': '红', 'water': 1.03, 'pnl_1u': 1.03, 'roi': 1.03, 'line': '-0.25', 'action': 'V4最新页面A/B/C候选', 'source': 'https://simondongxiao.github.io/odds/v4/'}, {'date': '2026-09-27', 'match': '德国U19(中) vs 乌克兰U19', 'score': '0-0', 'selected_team': '乌克兰U19', 'settlement': '红', 'water': 0.95, 'pnl_1u': 0.95, 'roi': 0.95, 'line': '1', 'action': 'V4最新页面A/B/C候选', 'source': 'https://simondongxiao.github.io/odds/v4/'}, {'date': '2026-09-27', 'match': '约旦 vs 叙利亚', 'score': '1-1', 'selected_team': '叙利亚', 'settlement': '红', 'water': 0.94, 'pnl_1u': 0.94, 'roi': 0.94, 'line': '1', 'action': 'V4最新页面A/B/C候选', 'source': 'https://simondongxiao.github.io/odds/v4/'}, {'date': '2026-09-27', 'match': '玻利维亚(中) vs 巴拉圭', 'score': '0-2', 'selected_team': '巴拉圭', 'settlement': '红', 'water': 0.98, 'pnl_1u': 0.98, 'roi': 0.98, 'line': '-1.25', 'action': 'V4最新页面A/B/C候选', 'source': 'https://simondongxiao.github.io/odds/v4/'}, {'date': '2026-09-28', 'match': '哈萨克斯坦U19 vs 瑞士U19', 'score': '1-2', 'selected_team': '哈萨克斯坦U19', 'settlement': '半黑', 'water': 1.07, 'pnl_1u': -0.5, 'roi': -0.5, 'line': '-0.75', 'action': 'V4ff7d4e5版本A/B/C候选', 'source': 'https://simondongxiao.github.io/odds/v4/?v=ff7d4e5'}, {'date': '2026-09-28', 'match': '日本 vs 委内瑞拉', 'score': '2-1', 'selected_team': '日本', 'settlement': '黑', 'water': 0.98, 'pnl_1u': -1.0, 'roi': -1.0, 'line': '1.75', 'action': 'V4ff7d4e5版本A/B/C候选', 'source': 'https://simondongxiao.github.io/odds/v4/?v=ff7d4e5'}, {'date': '2026-09-28', 'match': '吉尔吉斯斯坦 vs 马尔代夫', 'score': '5-0', 'selected_team': '吉尔吉斯斯坦', 'settlement': '红', 'water': 0.97, 'pnl_1u': 0.97, 'roi': 0.97, 'line': '3', 'action': 'V4ff7d4e5版本A/B/C候选', 'source': 'https://simondongxiao.github.io/odds/v4/?v=ff7d4e5'}, {'date': '2026-09-29', 'match': '斐济女足 vs 新喀里多尼亚女足', 'score': '1-0', 'selected_team': '新喀里多尼亚女足', 'settlement': '半红', 'water': 1.19, 'pnl_1u': 0.595, 'roi': 0.595, 'line': '1.25', 'action': 'V4纸面入选-C', 'source': 'https://m.titan007.com/analy/Analysis/3094943.htm'}, {'date': '2026-09-29', 'match': '美国U19(中) vs 威尔士U19', 'score': '2-0', 'selected_team': '美国U19(中)', 'settlement': '红', 'water': 0.78, 'pnl_1u': 0.78, 'roi': 0.78, 'line': '1.5', 'action': 'V4纸面入选-C', 'source': 'https://m.titan007.com/analy/Analysis/3094944.htm'}, {'date': '2026-09-29', 'match': '墨西哥(中) vs 秘鲁', 'score': '1-1', 'selected_team': '秘鲁', 'settlement': '红', 'water': 1.02, 'pnl_1u': 1.02, 'roi': 1.02, 'line': '1', 'action': 'V4纸面入选-C', 'source': 'https://m.titan007.com/analy/Analysis/3094999.htm'}, {'date': '2026-09-30', 'match': '芬兰U19 vs 德国U19', 'score': '1-2', 'selected_team': '', 'settlement': '黑', 'water': 0.82, 'pnl_1u': -1.0, 'roi': -1.0, 'line': '', 'action': 'V4纸面入选-C', 'source': 'https://m.titan007.com/analy/Analysis/3095002.htm'}, {'date': '2026-09-30', 'match': '塞舌尔 vs 斯里兰卡', 'score': '0-2', 'selected_team': '', 'settlement': '黑', 'water': 0.82, 'pnl_1u': -1.0, 'roi': -1.0, 'line': '', 'action': 'V4纸面入选-C', 'source': 'https://m.titan007.com/analy/Analysis/3096174.htm'}, {'date': '2026-09-30', 'match': '立陶宛 vs 安道尔', 'score': '3-0', 'selected_team': '立陶宛', 'settlement': '红', 'water': 0.82, 'pnl_1u': 0.82, 'roi': 0.82, 'line': '0.75', 'action': 'V4纸面入选-C', 'source': 'https://m.titan007.com/analy/Analysis/3096176.htm'}, {'date': '2026-09-30', 'match': '阿根廷 vs 玻利维亚', 'score': '4-0', 'selected_team': '', 'settlement': '红', 'water': 1.04, 'pnl_1u': 1.04, 'roi': 1.04, 'line': '', 'action': 'V4纸面入选-C', 'source': 'https://m.titan007.com/analy/Analysis/3095418.htm'}, {'date': '2026-10-01', 'match': '波兰U19 vs 哈萨克斯坦U19', 'score': '3-0', 'selected_team': '', 'settlement': '红', 'water': 0.92, 'pnl_1u': 0.92, 'roi': 0.92, 'line': '', 'action': 'V4纸面入选-C', 'source': 'https://m.titan007.com/analy/Analysis/3095233.htm'}, {'date': '2026-10-01', 'match': '法国U19 vs 土耳其U19', 'score': '2-1', 'selected_team': '', 'settlement': '红', 'water': 0.84, 'pnl_1u': 0.84, 'roi': 0.84, 'line': '', 'action': 'V4纸面入选-C', 'source': 'https://m.titan007.com/analy/Analysis/3095234.htm'}, {'date': '2026-10-01', 'match': '乌兹别克斯坦 vs 叙利亚', 'score': '4-1', 'selected_team': '乌兹别克斯坦', 'settlement': '红', 'water': 0.95, 'pnl_1u': 0.95, 'roi': 0.95, 'line': '1.5', 'action': 'V4纸面入选-C', 'source': 'https://m.titan007.com/analy/Analysis/3095240.htm'}, {'date': '2026-10-01', 'match': '卡塔尔U19 vs 爱尔兰U19', 'score': '1-1', 'selected_team': '', 'settlement': '走', 'water': 0.67, 'pnl_1u': 0.0, 'roi': 0.0, 'line': '', 'action': 'V4纸面入选-C', 'source': 'https://m.titan007.com/analy/Analysis/3095241.htm'}, {'date': '2026-10-01', 'match': '美国U20 vs 巴西U20', 'score': '0-2', 'selected_team': '巴西U20', 'settlement': '黑', 'water': 0.84, 'pnl_1u': -1.0, 'roi': -1.0, 'line': '-0.5', 'action': 'V4纸面入选-C', 'source': 'https://m.titan007.com/analy/Analysis/3095245.htm'}, {'date': '2026-10-02', 'match': '韩国 vs 委内瑞拉', 'score': '0-0', 'selected_team': '', 'settlement': '走', 'water': 0.93, 'pnl_1u': 0.0, 'roi': 0.0, 'line': '', 'action': 'V4纸面入选-C', 'source': 'https://m.titan007.com/analy/Analysis/3095568.htm'}, {'date': '2026-10-02', 'match': '哥伦比亚(中) vs 巴拉圭', 'score': '0-1', 'selected_team': '', 'settlement': '黑', 'water': 0.9, 'pnl_1u': -1.0, 'roi': -1.0, 'line': '', 'action': 'V4纸面入选-C', 'source': 'https://m.titan007.com/analy/Analysis/3095650.htm'}, {'date': '2026-10-03', 'match': '印度 vs 巴西', 'score': '0-4', 'selected_team': '印度', 'settlement': '半黑', 'water': 1.06, 'pnl_1u': -0.5, 'roi': -0.5, 'line': '-3.75', 'action': 'V4纸面入选-C', 'source': 'https://m.titan007.com/analy/Analysis/3096945.htm'}, {'date': '2026-10-03', 'match': '俄罗斯 vs 纳米比亚', 'score': '6-0', 'selected_team': '俄罗斯', 'settlement': '红', 'water': 0.85, 'pnl_1u': 0.85, 'roi': 0.85, 'line': '2.25', 'action': 'V4纸面入选-C', 'source': 'https://m.titan007.com/analy/Analysis/3096957.htm'}, {'date': '2026-10-03', 'match': '加拿大 vs 秘鲁', 'score': '2-0', 'selected_team': '加拿大', 'settlement': '红', 'water': 1.04, 'pnl_1u': 1.04, 'roi': 1.04, 'line': '1', 'action': 'V4纸面入选-C', 'source': 'https://m.titan007.com/analy/Analysis/3096091.htm'}, {'date': '2026-10-03', 'match': '科特迪瓦 vs 喀麦隆', 'score': '0-1', 'selected_team': '科特迪瓦', 'settlement': '黑', 'water': 1.02, 'pnl_1u': -1.0, 'roi': -1.0, 'line': '0.75', 'action': 'V4纸面入选-C', 'source': 'https://m.titan007.com/analy/Analysis/3096089.htm'}, {'date': '2026-10-04', 'match': '巴西U20 vs 墨西哥U20', 'score': '4-0', 'selected_team': '巴西U20', 'settlement': '红', 'water': 0.98, 'pnl_1u': 0.98, 'roi': 0.98, 'line': '0.5', 'action': 'V4纸面入选-C', 'source': 'https://m.titan007.com/analy/Analysis/3096443.htm'}, {'date': '2026-10-04', 'match': '丹麦U20 vs 美国U20', 'score': '3-3', 'selected_team': '丹麦U20', 'settlement': '半红', 'water': 0.9, 'pnl_1u': 0.45, 'roi': 0.45, 'line': '-0.25', 'action': 'V4纸面入选-C', 'source': 'https://m.titan007.com/analy/Analysis/3096449.htm'}, {'date': '2026-10-04', 'match': '埃及 vs 南非', 'score': '0-1', 'selected_team': '埃及', 'settlement': '黑', 'water': 0.79, 'pnl_1u': -1.0, 'roi': -1.0, 'line': '0.5', 'action': 'V4纸面入选-C', 'source': 'https://m.titan007.com/analy/Analysis/3097227.htm'}, {'date': '2026-10-04', 'match': '摩洛哥 vs 马里', 'score': '1-1', 'selected_team': '摩洛哥', 'settlement': '黑', 'water': 0.9, 'pnl_1u': -1.0, 'roi': -1.0, 'line': '1.25', 'action': 'V4纸面入选-C', 'source': 'https://m.titan007.com/analy/Analysis/3097230.htm'}, {'date': '2026-10-05', 'match': '巴拿马 vs 厄瓜多尔', 'score': '1-1', 'selected_team': '巴拿马', 'settlement': '红', 'water': 0.99, 'pnl_1u': 0.99, 'roi': 0.99, 'line': '-0.75', 'action': 'V4纸面入选-C', 'source': 'https://m.titan007.com/analy/Analysis/3097300.htm'}, {'date': '2026-10-05', 'match': '日本 vs 新西兰', 'score': '2-1', 'selected_team': '日本', 'settlement': '黑', 'water': 1, 'pnl_1u': -1.0, 'roi': -1.0, 'line': '2', 'action': 'V4纸面入选-C', 'source': 'https://m.titan007.com/analy/Analysis/3097301.htm'}, {'date': '2026-10-05', 'match': '英格兰U19 vs 比利时U19', 'score': '0-1', 'selected_team': '英格兰U19', 'settlement': '黑', 'water': 0.85, 'pnl_1u': -1.0, 'roi': -1.0, 'line': '1.25', 'action': 'V4纸面入选-C', 'source': 'https://m.titan007.com/analy/Analysis/3097293.htm'}, {'date': '2026-10-05', 'match': '乌干达 vs 刚果民主共和国', 'score': '1-1', 'selected_team': '乌干达', 'settlement': '红', 'water': 0.95, 'pnl_1u': 0.95, 'roi': 0.95, 'line': '-0.5', 'action': 'V4纸面入选-C', 'source': 'https://m.titan007.com/analy/Analysis/3097741.htm'}, {'date': '2026-10-05', 'match': '黑山U19 vs 以色列U19', 'score': '0-1', 'selected_team': '黑山U19', 'settlement': '黑', 'water': 0.78, 'pnl_1u': -1.0, 'roi': -1.0, 'line': '-0.5', 'action': 'V4纸面入选-C', 'source': 'https://m.titan007.com/analy/Analysis/3097742.htm'}, {'date': '2026-10-05', 'match': '格鲁吉亚U19 vs 拉脱维亚U19', 'score': '1-1', 'selected_team': '', 'settlement': '走', 'water': 0.75, 'pnl_1u': 0.0, 'roi': 0.0, 'line': '', 'action': 'V4纸面入选-C', 'source': 'https://m.titan007.com/analy/Analysis/3097745.htm'}, {'date': '2026-10-05', 'match': '塞尔维亚U21 vs 俄罗斯U21', 'score': '2-1', 'selected_team': '塞尔维亚U21', 'settlement': '红', 'water': 0.8, 'pnl_1u': 0.8, 'roi': 0.8, 'line': '-0.25', 'action': 'V4纸面入选-C', 'source': 'https://m.titan007.com/analy/Analysis/3097747.htm'}, {'date': '2026-10-06', 'match': '沙特阿拉伯U20 vs 亚美尼亚U20', 'score': '0-0', 'selected_team': '沙特阿拉伯U20', 'settlement': '黑', 'water': 1, 'pnl_1u': -1.0, 'roi': -1.0, 'line': '1.25', 'action': 'V4纸面入选-C', 'source': 'https://m.titan007.com/analy/Analysis/3097372.htm'}, {'date': '2026-10-06', 'match': '韩国 vs 乌兹别克斯坦', 'score': '2-0', 'selected_team': '韩国', 'settlement': '红', 'water': 0.94, 'pnl_1u': 0.94, 'roi': 0.94, 'line': '0.75', 'action': 'V4纸面入选-C', 'source': 'https://m.titan007.com/analy/Analysis/3097375.htm'}, {'date': '2026-10-06', 'match': '中国 vs 塔吉克斯坦', 'score': '0-1', 'selected_team': '中国', 'settlement': '黑', 'water': 1, 'pnl_1u': -1.0, 'roi': -1.0, 'line': '0.75', 'action': 'V4纸面入选-C', 'source': 'https://m.titan007.com/analy/Analysis/3091499.htm'}, {'date': '2026-10-06', 'match': '葡萄牙U19 vs 奥地利U19', 'score': '4-0', 'selected_team': '葡萄牙U19', 'settlement': '红', 'water': 0.87, 'pnl_1u': 0.87, 'roi': 0.87, 'line': '0.5', 'action': 'V4纸面入选-C', 'source': 'https://m.titan007.com/analy/Analysis/3097381.htm'}, {'date': '2026-10-06', 'match': '印度(中) vs 乌拉圭', 'score': '1-6', 'selected_team': '印度(中)', 'settlement': '黑', 'water': 0.91, 'pnl_1u': -1.0, 'roi': -1.0, 'line': '-3.5', 'action': 'V4纸面入选-C', 'source': 'https://m.titan007.com/analy/Analysis/3097388.htm'}, {'date': '2026-10-06', 'match': '俄罗斯 vs 尼日利亚', 'score': '3-3', 'selected_team': '俄罗斯', 'settlement': '黑', 'water': 0.91, 'pnl_1u': -1.0, 'roi': -1.0, 'line': '1', 'action': 'V4纸面入选-C', 'source': 'https://m.titan007.com/analy/Analysis/3097390.htm'}, {'date': '2026-10-06', 'match': '约旦 vs 委内瑞拉', 'score': '0-0', 'selected_team': '', 'settlement': '走', 'water': 0.89, 'pnl_1u': 0.0, 'roi': 0.0, 'line': '', 'action': 'V4纸面入选-C', 'source': 'https://m.titan007.com/analy/Analysis/3097384.htm'}, {'date': '2026-10-06', 'match': '阿尔及利亚 vs 尼日尔', 'score': '2-1', 'selected_team': '阿尔及利亚', 'settlement': '黑', 'water': 0.87, 'pnl_1u': -1.0, 'roi': -1.0, 'line': '1.75', 'action': 'V4纸面入选-C', 'source': 'https://m.titan007.com/analy/Analysis/3097385.htm'}, {'date': '2026-10-06', 'match': '阿根廷(中) vs 贝宁', 'score': '0-0', 'selected_team': '贝宁', 'settlement': '红', 'water': 0.87, 'pnl_1u': 0.87, 'roi': 0.87, 'line': '4.5', 'action': 'V4纸面入选-C', 'source': 'https://m.titan007.com/analy/Analysis/3097387.htm'}, {'date': '2026-10-06', 'match': '哥伦比亚(中) vs 秘鲁', 'score': '0-0', 'selected_team': '哥伦比亚(中)', 'settlement': '黑', 'water': 0.9, 'pnl_1u': -1.0, 'roi': -1.0, 'line': '1.25', 'action': 'V4纸面入选-C', 'source': 'https://m.titan007.com/analy/Analysis/3097386.htm'}, {'date': '2026-10-06', 'match': '美国(中) vs 加拿大', 'score': '1-0', 'selected_team': '美国(中)', 'settlement': '红', 'water': 0.8, 'pnl_1u': 0.8, 'roi': 0.8, 'line': '0.5', 'action': 'V4纸面入选-C', 'source': 'https://m.titan007.com/analy/Analysis/3097883.htm'}, {'date': '2026-10-07', 'match': '墨西哥(中) vs 智利', 'score': '0-2', 'selected_team': '墨西哥(中)', 'settlement': '黑', 'water': 1, 'pnl_1u': -1.0, 'roi': -1.0, 'line': '1', 'action': 'V4纸面入选-C', 'source': 'https://m.titan007.com/analy/Analysis/3097882.htm'}]"
V4,2026-10-09,3017181,保乙,时间待核,伊塔尔 vs 弗拉特里亚,,,5,3,0,1,0,1,0.75,1.89,0.378,5,,,list_date < 2026-10-09,"[{'date': '2026-09-14', 'match': '赫巴 vs 伊塔尔', 'score': '4-1', 'selected_team': '赫巴', 'settlement': '红', 'water': 1.02, 'pnl_1u': 1.02, 'roi': 1.02, 'line': '0.5', 'action': 'V4纸面入选-C', 'source': 'https://m.titan007.com/analy/Analysis/3017156.htm'}, {'date': '2026-09-15', 'match': '格纳火车头 vs 内塞伯尔', 'score': '1-1', 'selected_team': '内塞伯尔', 'settlement': '红', 'water': 1.06, 'pnl_1u': 1.06, 'roi': 1.06, 'line': '0.5', 'action': 'V4纸面入选-C', 'source': 'https://www.fotmob.com/nb/matches/nesebar-vs-lokomotiv-gorna-oryahovitsa/211zgu0u'}, {'date': '2026-09-27', 'match': '韦伦桑丹斯基 vs 内塞伯尔', 'score': '2-0', 'selected_team': '韦伦桑丹斯基', 'settlement': '红', 'water': 0.81, 'pnl_1u': 0.81, 'roi': 0.81, 'line': '1.5', 'action': 'V4最新页面A/B/C候选', 'source': 'https://simondongxiao.github.io/odds/v4/'}, {'date': '2026-09-27', 'match': '贝尔罗 vs 延特拉', 'score': '1-0', 'selected_team': '延特拉', 'settlement': '黑', 'water': 1, 'pnl_1u': -1.0, 'roi': -1.0, 'line': '0.25', 'action': 'V4最新页面A/B/C候选', 'source': 'https://simondongxiao.github.io/odds/v4/'}, {'date': '2026-09-27', 'match': '索菲亚中央陆军B队 vs 斯夫格', 'score': '1-0', 'selected_team': '斯夫格', 'settlement': '走', 'water': 0.91, 'pnl_1u': 0.0, 'roi': 0.0, 'line': '1', 'action': 'V4最新页面A/B/C候选', 'source': 'https://simondongxiao.github.io/odds/v4/'}]"
V4,2026-10-09,3098033,女奥非预,时间待核,博茨瓦纳女足 vs 坦桑尼亚女足,,,0,0,0,0,0,0,,,,0,,,list_date < 2026-10-09,[]
V4,2026-10-09,3098034,女奥非预,时间待核,中非共和国女足 vs 阿尔及利亚女足,,,0,0,0,0,0,0,,,,0,,,list_date < 2026-10-09,[]
V4,2026-10-09,3098037,女奥非预,时间待核,科摩罗女足 vs 尼日利亚女足,,,0,0,0,0,0,0,,,,0,,,list_date < 2026-10-09,[]
V4,2026-10-09,3020351,奥丙东,时间待核,曼斯多夫 vs 马特斯堡,,,0,0,0,0,0,0,,,,0,,,list_date < 2026-10-09,[]
V4,2026-10-09,3020352,奥丙东,时间待核,帕多夫 vs 维也纳SC,,,0,0,0,0,0,0,,,,0,,,list_date < 2026-10-09,[]
V4,2026-10-09,3022563,奥丙南,时间待核,卡尔斯多夫 vs 格来斯多夫,,,0,0,0,0,0,0,,,,0,,,list_date < 2026-10-09,[]
V4,2026-10-09,3022564,奥丙南,时间待核,维兹 vs 阿勒黑里根,,,0,0,0,0,0,0,,,,0,,,list_date < 2026-10-09,[]
V4,2026-10-09,3022565,奥丙南,时间待核,SV蒂尔米奇 vs 拉夫尼茨,,,0,0,0,0,0,0,,,,0,,,list_date < 2026-10-09,[]
V4,2026-10-09,3022567,奥丙南,时间待核,沃夫堡 vs 阿图斯维尔登,,,0,0,0,0,0,0,,,,0,,,list_date < 2026-10-09,[]
V4,2026-10-09,3022676,奥丙北,时间待核,前进斯太尔 vs 库赫尔,,,0,0,0,0,0,0,,,,0,,,list_date < 2026-10-09,[]
V4,2026-10-09,3022680,奥丙北,时间待核,斯哈尔巴赫 vs 瓦勒恩,,,0,0,0,0,0,0,,,,0,,,list_date < 2026-10-09,[]
V4,2026-10-09,3022682,奥丙北,时间待核,古尔腾 vs 格鲁瑙,,,0,0,0,0,0,0,,,,0,,,list_date < 2026-10-09,[]
V4,2026-10-09,3074493,乌干超,时间待核,乌干达URA vs 坎帕拉市,乌干达URA,receiving,6,3,0,0,1,2,0.54545455,0.51,0.085,6,,,list_date < 2026-10-09,"[{'date': '2026-10-07', 'match': '恩图加萨泽FC vs 姆巴拉拉市', 'score': '1-0', 'selected_team': '恩图加萨泽FC', 'settlement': '红', 'water': 1.03, 'pnl_1u': 1.03, 'roi': 1.03, 'line': '-0.5', 'action': 'V4纸面入选-A', 'source': 'https://m.titan007.com/analy/Analysis/3074485.htm'}, {'date': '2026-10-07', 'match': '卡塔卡足球俱乐部 vs 维拉竞技', 'score': '1-1', 'selected_team': '卡塔卡足球俱乐部', 'settlement': '红', 'water': 1, 'pnl_1u': 1.0, 'roi': 1.0, 'line': '-1', 'action': 'V4纸面入选-A', 'source': 'https://m.titan007.com/analy/Analysis/3074486.htm'}, {'date': '2026-10-07', 'match': '马鲁 vs 卢加兹市足球俱乐部', 'score': '3-0', 'selected_team': '马鲁', 'settlement': '红', 'water': 0.98, 'pnl_1u': 0.98, 'roi': 0.98, 'line': '0.5', 'action': 'V4纸面入选-A', 'source': 'https://m.titan007.com/analy/Analysis/3074487.htm'}, {'date': '2026-10-07', 'match': '基塔拉体育 vs 基格齐男孩俱乐部', 'score': '1-0', 'selected_team': '基塔拉体育', 'settlement': '半黑', 'water': 1.05, 'pnl_1u': -0.5, 'roi': -0.5, 'line': '1.25', 'action': 'V4纸面入选-A', 'source': 'https://m.titan007.com/analy/Analysis/3074489.htm'}, {'date': '2026-10-08', 'match': '布莱克电力 vs 毒蛇', 'score': '0-4', 'selected_team': '布莱克电力', 'settlement': '黑', 'water': 0.93, 'pnl_1u': -1.0, 'roi': -1.0, 'line': '-1', 'action': 'V4ShadowOnly；real_money=false', 'source': 'D:\\codex\\v3_legacy\\outputs\\football_odds_trader\\raw\\titan007\\20261008\\20261008_074021_titan007_odds_snapshot.csv'}, {'date': '2026-10-08', 'match': '布戈洛比 vs 艾斯帕勒斯', 'score': '0-0', 'selected_team': '布戈洛比', 'settlement': '黑', 'water': 0.88, 'pnl_1u': -1.0, 'roi': -1.0, 'line': '1.25', 'action': 'V4ShadowOnly；real_money=false', 'source': 'D:\\codex\\v3_legacy\\outputs\\football_odds_trader\\raw\\titan007\\20261008\\20261008_074021_titan007_odds_snapshot.csv'}]"
V4,2026-10-09,3093471,科威特联,时间待核,卡斯马 vs 阿拉比科威特,,,0,0,0,0,0,0,,,,0,,,list_date < 2026-10-09,[]
V4,2026-10-09,3031215,立陶乙,时间待核,维尔提斯BFA vs 萨尔基利斯B队,,,1,0,1,0,0,0,1.0,0.525,0.525,1,,,list_date < 2026-10-09,"[{'date': '2026-09-18', 'match': '考纳斯 vs FK特兰西B队', 'score': '2-1', 'selected_team': 'FK特兰西B队', 'settlement': '半红', 'water': 1.05, 'pnl_1u': 0.525, 'roi': 0.525, 'line': '1.25', 'action': 'V4纸面入选-C', 'source': 'https://zq.titan007.com/analysis/3031202cn.htm'}]"
V4,2026-10-09,2968273,挪丙,时间待核,费斯尼斯 vs 乌尔夫斯汀,,,5,3,0,0,0,2,0.6,0.76,0.152,5,,,list_date < 2026-10-09,"[{'date': '2026-09-14', 'match': '艾科拉 vs 奥特格宁兰B队', 'score': '1-0', 'selected_team': '艾科拉', 'settlement': '红', 'water': 1.08, 'pnl_1u': 1.08, 'roi': 1.08, 'line': '-1', 'action': 'V4纸面入选-C', 'source': 'https://m.titan007.com/analy/Analysis/2968061.htm'}, {'date': '2026-09-21', 'match': '特罗姆瑟B队 vs 康斯文格B队', 'score': '6-0', 'selected_team': '康斯文格B队', 'settlement': '黑', 'water': 1.08, 'pnl_1u': -1.0, 'roi': -1.0, 'line': '0.75', 'action': 'V4最新页面A/B/C候选', 'source': 'https://www.titan007.com/'}, {'date': '2026-09-27', 'match': '佛克朴林特 vs 特罗姆瑟B队', 'score': '0-3', 'selected_team': '佛克朴林特', 'settlement': '黑', 'water': 1.11, 'pnl_1u': -1.0, 'roi': -1.0, 'line': '-0.25', 'action': 'V4最新页面A/B/C候选', 'source': 'https://simondongxiao.github.io/odds/v4/'}, {'date': '2026-10-04', 'match': '斯克捷沃 vs 佛克朴林特', 'score': '3-0', 'selected_team': '', 'settlement': '红', 'water': 0.82, 'pnl_1u': 0.82, 'roi': 0.82, 'line': '', 'action': 'V4纸面入选-C', 'source': 'https://m.titan007.com/analy/Analysis/2968267.htm'}, {'date': '2026-10-04', 'match': '斯塔贝克B队 vs 侯格辛特B队', 'score': '4-1', 'selected_team': '侯格辛特B队', 'settlement': '红', 'water': 0.86, 'pnl_1u': 0.86, 'roi': 0.86, 'line': '1', 'action': 'V4纸面入选-B', 'source': 'https://m.titan007.com/analy/Analysis/2968086.htm'}]"
V4,2026-10-09,3022681,奥丙北,时间待核,OTSU哈莱恩 vs 圣约翰,,,0,0,0,0,0,0,,,,0,,,list_date < 2026-10-09,[]
V4,2026-10-09,3022568,奥丙南,时间待核,奥地利克拉根福 vs 布雷堡,,,0,0,0,0,0,0,,,,0,,,list_date < 2026-10-09,[]
V4,2026-10-09,2962668,阿甲,时间待核,阿尔多斯维 vs 萨尔米安杜,,,19,8,1,1,1,8,0.5,-0.175,-0.00921053,19,,,list_date < 2026-10-09,"[{'date': '2026-09-13', 'match': '萨尔米安杜 vs 贝尔格拉诺', 'score': '1-1', 'selected_team': '贝尔格拉诺', 'settlement': '半黑', 'water': 1.04, 'pnl_1u': -0.5, 'roi': -0.5, 'line': '-0.25', 'action': 'V4纸面入选-C', 'source': 'https://m.titan007.com/analy/Analysis/2962635.htm'}, {'date': '2026-09-13', 'match': '阿根廷独立 vs 圣洛伦索', 'score': '1-1', 'selected_team': '阿根廷独立', 'settlement': '黑', 'water': 1.06, 'pnl_1u': -1.0, 'roi': -1.0, 'line': '0.5', 'action': 'V4纸面入选-C', 'source': 'https://m.titan007.com/analy/Analysis/2962631.htm'}, {'date': '2026-09-19', 'match': '河床 vs 飓风队', 'score': '1-2', 'selected_team': '飓风队', 'settlement': '红', 'water': 0.93, 'pnl_1u': 0.93, 'roi': 0.93, 'line': '1', 'action': 'V4纸面入选-C', 'source': 'https://zq.titan007.com/analysis/2962648cn.htm'}, {'date': '2026-09-20', 'match': '圣洛伦索 vs 博卡青年', 'score': '0-2', 'selected_team': '博卡青年', 'settlement': '红', 'water': 1.04, 'pnl_1u': 1.04, 'roi': 1.04, 'line': '-0.5', 'action': 'V4纸面入选-C', 'source': 'https://zq.titan007.com/analysis/2962650cn.htm'}, {'date': '2026-09-20', 'match': '罗萨里奥中央 vs 阿根廷青年人', 'score': '1-0', 'selected_team': '罗萨里奥中央', 'settlement': '红', 'water': 1.03, 'pnl_1u': 1.03, 'roi': 1.03, 'line': '0.5', 'action': 'V4纸面入选-C', 'source': 'https://zq.titan007.com/analysis/2962649cn.htm'}, {'date': '2026-09-20', 'match': '贝尔格拉诺 vs 里奥夸尔托学生队', 'score': '2-1', 'selected_team': '里奥夸尔托学生队', 'settlement': '走', 'water': 1.14, 'pnl_1u': 0.0, 'roi': 0.0, 'line': '1', 'action': 'V4纸面入选-B', 'source': 'https://zq.titan007.com/analysis/2962640cn.htm'}, {'date': '2026-09-21', 'match': '拉努斯 vs 拉普拉塔大学生', 'score': '1-0', 'selected_team': '拉普拉塔大学生', 'settlement': '黑', 'water': 1.05, 'pnl_1u': -1.0, 'roi': -1.0, 'line': '0.25', 'action': 'V4最新页面A/B/C候选', 'source': 'https://www.365scores.com/football/match/liga-profesional-72/estudiantes-de-la-plata-lanus-867-869-72'}, {'date': '2026-10-02', 'match': '阿根廷独立 vs 科尔多瓦学院', 'score': '1-4', 'selected_team': '阿根廷独立', 'settlement': '黑', 'water': 1.03, 'pnl_1u': -1.0, 'roi': -1.0, 'line': '0.25', 'action': 'V4纸面入选-C', 'source': 'https://m.titan007.com/analy/Analysis/2962662.htm'}, {'date': '2026-10-02', 'match': '博卡青年 vs 圣塔菲联', 'score': '3-0', 'selected_team': '博卡青年', 'settlement': '红', 'water': 1.07, 'pnl_1u': 1.07, 'roi': 1.07, 'line': '1', 'action': 'V4纸面入选-A', 'source': 'https://m.titan007.com/analy/Analysis/2962656.htm'}, {'date': '2026-10-02', 'match': '门多萨独立 vs 拉普拉塔体操', 'score': '1-1', 'selected_team': '门多萨独立', 'settlement': '黑', 'water': 0.86, 'pnl_1u': -1.0, 'roi': -1.0, 'line': '0.5', 'action': 'V4纸面入选-A', 'source': 'https://m.titan007.com/analy/Analysis/2962663.htm'}, {'date': '2026-10-03', 'match': '防卫者 vs 圣洛伦索', 'score': '3-0', 'selected_team': '', 'settlement': '红', 'water': 1.06, 'pnl_1u': 1.06, 'roi': 1.06, 'line': '', 'action': 'V4纸面入选-C', 'source': 'https://m.titan007.com/analy/Analysis/2962657.htm'}, {'date': '2026-10-03', 'match': '图库曼竞技 vs 巴拉卡斯中央队', 'score': '2-3', 'selected_team': '图库曼竞技', 'settlement': '黑', 'water': 0.95, 'pnl_1u': -1.0, 'roi': -1.0, 'line': '0.5', 'action': 'V4纸面入选-A', 'source': 'https://m.titan007.com/analy/Analysis/2962654.htm'}, {'date': '2026-10-04', 'match': '飓风队 vs 阿尔多斯维', 'score': '1-0', 'selected_team': '飓风队', 'settlement': '半红', 'water': 0.95, 'pnl_1u': 0.475, 'roi': 0.475, 'line': '0.75', 'action': 'V4纸面入选-A', 'source': 'https://m.titan007.com/analy/Analysis/2962661.htm'}, {'date': '2026-10-04', 'match': '阿根廷青年人 vs 泰格雷', 'score': '2-1', 'selected_team': '阿根廷青年人', 'settlement': '红', 'water': 0.82, 'pnl_1u': 0.82, 'roi': 0.82, 'line': '0.5', 'action': 'V4纸面入选-A', 'source': 'https://m.titan007.com/analy/Analysis/2962653.htm'}, {'date': '2026-10-04', 'match': '里奥夸尔托学生队 vs 竞技俱乐部', 'score': '1-2', 'selected_team': '里奥夸尔托学生队', 'settlement': '黑', 'water': 0.95, 'pnl_1u': -1.0, 'roi': -1.0, 'line': '-0.5', 'action': 'V4纸面入选-A', 'source': 'https://m.titan007.com/analy/Analysis/2962660.htm'}, {'date': '2026-10-05', 'match': '利斯特雷 vs 科尔多瓦中央SDE', 'score': '1-1', 'selected_team': '利斯特雷', 'settlement': '黑', 'water': 0.91, 'pnl_1u': -1.0, 'roi': -1.0, 'line': '0.5', 'action': 'V4纸面入选-A', 'source': 'https://m.titan007.com/analy/Analysis/2962658.htm'}, {'date': '2026-10-05', 'match': '拉普拉塔大学生 vs 甘拿斯亚门多萨', 'score': '3-0', 'selected_team': '拉普拉塔大学生', 'settlement': '红', 'water': 0.96, 'pnl_1u': 0.96, 'roi': 0.96, 'line': '0.75', 'action': 'V4纸面入选-A', 'source': 'https://m.titan007.com/analy/Analysis/2962659.htm'}, {'date': '2026-10-05', 'match': '萨斯菲尔德 vs 普拉腾斯', 'score': '2-2', 'selected_team': '萨斯菲尔德', 'settlement': '黑', 'water': 1, 'pnl_1u': -1.0, 'roi': -1.0, 'line': '0.5', 'action': 'V4纸面入选-A', 'source': 'https://m.titan007.com/analy/Analysis/2962667.htm'}, {'date': '2026-10-05', 'match': '班菲尔德 vs 罗萨里奥中央', 'score': '1-1', 'selected_team': '班菲尔德', 'settlement': '红', 'water': 0.94, 'pnl_1u': 0.94, 'roi': 0.94, 'line': '-0.5', 'action': 'V4纸面入选-A', 'source': 'https://m.titan007.com/analy/Analysis/2962655.htm'}]"
V4,2026-10-09,3000951,瑞士甲,时间待核,克里恩斯 vs 韦尔,,,2,0,0,0,0,2,0.0,-2.0,-1.0,2,,,list_date < 2026-10-09,"[{'date': '2026-09-18', 'match': '韦尔 vs 尼奈斯', 'score': '5-0', 'selected_team': '尼奈斯', 'settlement': '黑', 'water': 1.28, 'pnl_1u': -1.0, 'roi': -1.0, 'line': '0.75', 'action': 'V4纸面入选-B', 'source': 'https://zq.titan007.com/analysis/3000946cn.htm'}, {'date': '2026-09-18', 'match': '温特图尔 vs 阿劳', 'score': '2-1', 'selected_team': '阿劳', 'settlement': '黑', 'water': 1.02, 'pnl_1u': -1.0, 'roi': -1.0, 'line': '0.25', 'action': 'V4纸面入选-C', 'source': 'https://zq.titan007.com/analysis/3000948cn.htm'}]"
V4,2026-10-09,3000952,瑞士甲,时间待核,瑞普斯威尔 vs 乌契,,,2,0,0,0,0,2,0.0,-2.0,-1.0,2,,,list_date < 2026-10-09,"[{'date': '2026-09-18', 'match': '韦尔 vs 尼奈斯', 'score': '5-0', 'selected_team': '尼奈斯', 'settlement': '黑', 'water': 1.28, 'pnl_1u': -1.0, 'roi': -1.0, 'line': '0.75', 'action': 'V4纸面入选-B', 'source': 'https://zq.titan007.com/analysis/3000946cn.htm'}, {'date': '2026-09-18', 'match': '温特图尔 vs 阿劳', 'score': '2-1', 'selected_team': '阿劳', 'settlement': '黑', 'water': 1.02, 'pnl_1u': -1.0, 'roi': -1.0, 'line': '0.25', 'action': 'V4纸面入选-C', 'source': 'https://zq.titan007.com/analysis/3000948cn.htm'}]"
V4,2026-10-09,3000954,瑞士甲,时间待核,纳沙泰尔 vs 温特图尔,,,2,0,0,0,0,2,0.0,-2.0,-1.0,2,,,list_date < 2026-10-09,"[{'date': '2026-09-18', 'match': '韦尔 vs 尼奈斯', 'score': '5-0', 'selected_team': '尼奈斯', 'settlement': '黑', 'water': 1.28, 'pnl_1u': -1.0, 'roi': -1.0, 'line': '0.75', 'action': 'V4纸面入选-B', 'source': 'https://zq.titan007.com/analysis/3000946cn.htm'}, {'date': '2026-09-18', 'match': '温特图尔 vs 阿劳', 'score': '2-1', 'selected_team': '阿劳', 'settlement': '黑', 'water': 1.02, 'pnl_1u': -1.0, 'roi': -1.0, 'line': '0.25', 'action': 'V4纸面入选-C', 'source': 'https://zq.titan007.com/analysis/3000948cn.htm'}]"
V4,2026-10-09,2927012,瑞典丙VG,时间待核,林多米 vs 波尔赞,,,1,1,0,0,0,0,1.0,0.77,0.77,1,,,list_date < 2026-10-09,"[{'date': '2026-10-04', 'match': '阿斯特里 vs 瓦斯特拉弗罗伦达', 'score': '1-1', 'selected_team': '阿斯特里', 'settlement': '红', 'water': 0.77, 'pnl_1u': 0.77, 'roi': 0.77, 'line': '-1.25', 'action': 'V4纸面入选-B', 'source': 'https://m.titan007.com/analy/Analysis/2927003.htm'}]"
V4,2026-10-09,3098047,德戊,时间待核,ETSV汉堡 vs 奈德弗,,,0,0,0,0,0,0,,,,0,,,list_date < 2026-10-09,[]
V4,2026-10-09,3098048,德戊,时间待核,图拉哈克舍德 vs 诺德施泰特B队,,,0,0,0,0,0,0,,,,0,,,list_date < 2026-10-09,[]
V4,2026-10-09,3098057,德戊,时间待核,航林SC vs 德罗赫特森阿塞尔B队,,,0,0,0,0,0,0,,,,0,,,list_date < 2026-10-09,[]
V4,2026-10-09,3098063,德戊,时间待核,杜塞尔多夫业余队 vs 布德里奇,,,0,0,0,0,0,0,,,,0,,,list_date < 2026-10-09,[]
V4,2026-10-09,3098065,德戊,时间待核,乌丁根05 vs 索林根瓦尔德,,,0,0,0,0,0,0,,,,0,,,list_date < 2026-10-09,[]
V4,2026-10-09,3098074,德戊,时间待核,奥布兰德 vs ESC葛特斯,,,0,0,0,0,0,0,,,,0,,,list_date < 2026-10-09,[]
V4,2026-10-09,3098076,德戊,时间待核,勒赫尔 vs BTS诺伊施塔特,,,0,0,0,0,0,0,,,,0,,,list_date < 2026-10-09,[]
V4,2026-10-09,3071918,伊拉联,时间待核,阿尔加拉夫 vs 阿尔乔兰SC,,,4,2,1,0,0,1,0.71428571,1.375,0.34375,4,,,list_date < 2026-10-09,"[{'date': '2026-10-07', 'match': '摩苏尔足球俱乐部 vs 巴格达空军', 'score': '0-3', 'selected_team': '摩苏尔足球俱乐部', 'settlement': '黑', 'water': 1, 'pnl_1u': -1.0, 'roi': -1.0, 'line': '-0.25', 'action': 'V4纸面入选-B', 'source': 'https://m.titan007.com/analy/Analysis/3071921.htm'}, {'date': '2026-10-08', 'match': '塔拉巴 vs 巴格达警察', 'score': '0-0', 'selected_team': '塔拉巴', 'settlement': '半红', 'water': 1.03, 'pnl_1u': 0.515, 'roi': 0.515, 'line': '-0.25', 'action': 'V4ShadowOnly；real_money=false', 'source': 'D:\\codex\\v3_legacy\\outputs\\football_odds_trader\\raw\\titan007\\20261008\\20261008_074021_titan007_odds_snapshot.csv'}, {'date': '2026-10-08', 'match': '杜赫克 vs 扎瓦拉', 'score': '3-0', 'selected_team': '杜赫克', 'settlement': '红', 'water': 0.98, 'pnl_1u': 0.98, 'roi': 0.98, 'line': '-0.25', 'action': 'V4ShadowOnly；real_money=false', 'source': 'D:\\codex\\v3_legacy\\outputs\\football_odds_trader\\raw\\titan007\\20261008\\20261008_074021_titan007_odds_snapshot.csv'}, {'date': '2026-10-08', 'match': '纳夫特米桑 vs 阿比尔', 'score': '1-1', 'selected_team': '纳夫特米桑', 'settlement': '红', 'water': 0.88, 'pnl_1u': 0.88, 'roi': 0.88, 'line': '-0.5', 'action': 'V4ShadowOnly；real_money=false', 'source': 'D:\\codex\\v3_legacy\\outputs\\football_odds_trader\\raw\\titan007\\20261008\\20261008_074021_titan007_odds_snapshot.csv'}]"
V4,2026-10-09,3100221,奥丁,时间待核,SV威尔登 vs 格罗斯克莱恩,,,2,1,0,1,0,0,1.0,1.02,0.51,2,,,list_date < 2026-10-09,"[{'date': '2026-09-15', 'match': 'SV威尔登 vs SV谢尔曼', 'score': '0-2', 'selected_team': 'SV谢尔曼', 'settlement': '红', 'water': 1.02, 'pnl_1u': 1.02, 'roi': 1.02, 'line': '0.5', 'action': 'V4纸面入选-C', 'source': 'https://www.footballant.com/zh-CN/football-data/team/33605'}, {'date': '2026-10-04', 'match': '维瓦宾特 vs 赫福特', 'score': '0-1', 'selected_team': '维瓦宾特', 'settlement': '走', 'water': 0.94, 'pnl_1u': 0.0, 'roi': 0.0, 'line': '-1', 'action': 'V4纸面入选-C', 'source': 'https://m.titan007.com/analy/Analysis/3097573.htm'}]"
V4,2026-10-09,3100222,奥丁,时间待核,朗根鲁可 vs 询问Ybbs,,,2,1,0,1,0,0,1.0,1.02,0.51,2,,,list_date < 2026-10-09,"[{'date': '2026-09-15', 'match': 'SV威尔登 vs SV谢尔曼', 'score': '0-2', 'selected_team': 'SV谢尔曼', 'settlement': '红', 'water': 1.02, 'pnl_1u': 1.02, 'roi': 1.02, 'line': '0.5', 'action': 'V4纸面入选-C', 'source': 'https://www.footballant.com/zh-CN/football-data/team/33605'}, {'date': '2026-10-04', 'match': '维瓦宾特 vs 赫福特', 'score': '0-1', 'selected_team': '维瓦宾特', 'settlement': '走', 'water': 0.94, 'pnl_1u': 0.0, 'roi': 0.0, 'line': '-1', 'action': 'V4纸面入选-C', 'source': 'https://m.titan007.com/analy/Analysis/3097573.htm'}]"
V4,2026-10-09,3053697,瑞士丙,时间待核,邦施泰滕 vs 温特图尔U21,,,0,0,0,0,0,0,,,,0,,,list_date < 2026-10-09,[]
V4,2026-10-09,3020354,奥丙东,时间待核,克林斯马 vs 维也纳维多利亚,,,0,0,0,0,0,0,,,,0,,,list_date < 2026-10-09,[]
V4,2026-10-09,3020355,奥丙东,时间待核,特赖斯基兴 vs 奥伯华特,,,0,0,0,0,0,0,,,,0,,,list_date < 2026-10-09,[]
V4,2026-10-09,3100365,墨西U19,时间待核,普埃布拉U19 vs 莱昂U19,,,0,0,0,0,0,0,,,,0,,,list_date < 2026-10-09,[]
V4,2026-10-09,3023501,葡超,时间待核,摩里伦斯 vs 吉维森特,,,6,2,2,0,1,1,0.66666667,1.605,0.2675,6,,,list_date < 2026-10-09,"[{'date': '2026-09-13', 'match': '本菲卡 vs 吉维森特', 'score': '3-1', 'selected_team': '本菲卡', 'settlement': '半黑', 'water': 1.02, 'pnl_1u': -0.5, 'roi': -0.5, 'line': '2.25', 'action': 'V4纸面入选-C', 'source': 'https://m.titan007.com/analy/Analysis/3023478.htm'}, {'date': '2026-09-14', 'match': '布拉加 vs 埃斯托里尔', 'score': '1-0', 'selected_team': '埃斯托里尔', 'settlement': '半红', 'water': 1.03, 'pnl_1u': 0.515, 'roi': 0.515, 'line': '1.25', 'action': 'V4纸面入选-C', 'source': 'https://m.titan007.com/analy/Analysis/3023479.htm'}, {'date': '2026-09-20', 'match': '阿马多拉 vs 维塞乌', 'score': '0-2', 'selected_team': '维塞乌', 'settlement': '红', 'water': 1.04, 'pnl_1u': 1.04, 'roi': 1.04, 'line': '0.25', 'action': 'V4纸面入选-C', 'source': 'https://zq.titan007.com/analysis/3023487cn.htm'}, {'date': '2026-09-20', 'match': '吉马良斯 vs 摩里伦斯', 'score': '1-1', 'selected_team': '摩里伦斯', 'settlement': '红', 'water': 1.05, 'pnl_1u': 1.05, 'roi': 1.05, 'line': '1', 'action': 'V4纸面入选-C', 'source': 'https://zq.titan007.com/analysis/3023493cn.htm'}, {'date': '2026-09-20', 'match': '圣克拉拉 vs 布拉加', 'score': '0-0', 'selected_team': '圣克拉拉', 'settlement': '半红', 'water': 1, 'pnl_1u': 0.5, 'roi': 0.5, 'line': '-0.25', 'action': 'V4纸面入选-C', 'source': 'https://zq.titan007.com/analysis/3023491cn.htm'}, {'date': '2026-09-20', 'match': '波尔图 vs 本菲卡', 'score': '3-1', 'selected_team': '本菲卡', 'settlement': '黑', 'water': 1.09, 'pnl_1u': -1.0, 'roi': -1.0, 'line': '-0.25', 'action': 'V4纸面入选-C', 'source': 'https://zq.titan007.com/analysis/3023488cn.htm'}]"
V4,2026-10-09,3079018,西丁,时间待核,瓦尔特 vs 贝蒂加兹特,,,17,4,3,2,1,7,0.42307692,-2.88,-0.16941176,17,严重：历史有效胜率<45%,严重：历史有效胜率<45%,list_date < 2026-10-09,"[{'date': '2026-09-27', 'match': '苏比扎 vs 西尔波内罗', 'score': '2-0', 'selected_team': '西尔波内罗', 'settlement': '黑', 'water': 0.98, 'pnl_1u': -1.0, 'roi': -1.0, 'line': '0.75', 'action': 'V4最新页面A/B/C候选', 'source': 'https://simondongxiao.github.io/odds/v4/'}, {'date': '2026-09-27', 'match': '卡斯特洛 vs 米内罗竞技队', 'score': '0-2', 'selected_team': '米内罗竞技队', 'settlement': '红', 'water': 0.9, 'pnl_1u': 0.9, 'roi': 0.9, 'line': '1', 'action': 'V4最新页面A/B/C候选', 'source': 'https://simondongxiao.github.io/odds/v4/'}, {'date': '2026-09-27', 'match': '巴达隆纳 vs 圣克里斯托瓦尔', 'score': '4-0', 'selected_team': '圣克里斯托瓦尔', 'settlement': '黑', 'water': 0.85, 'pnl_1u': -1.0, 'roi': -1.0, 'line': '1', 'action': 'V4最新页面A/B/C候选', 'source': 'https://simondongxiao.github.io/odds/v4/'}, {'date': '2026-10-04', 'match': '卡泰真拿B队 vs CD阿尔嘉德', 'score': '1-2', 'selected_team': '卡泰真拿B队', 'settlement': '黑', 'water': 0.88, 'pnl_1u': -1.0, 'roi': -1.0, 'line': '1.25', 'action': 'V4纸面入选-C', 'source': 'https://m.titan007.com/analy/Analysis/3060617.htm'}, {'date': '2026-10-04', 'match': '曼彻格城 vs 艾曼沙', 'score': '1-0', 'selected_team': '曼彻格城', 'settlement': '半红', 'water': 0.76, 'pnl_1u': 0.38, 'roi': 0.38, 'line': '0.75', 'action': 'V4纸面入选-C', 'source': 'https://m.titan007.com/analy/Analysis/3060307.htm'}, {'date': '2026-10-04', 'match': '希洪竞技B队 vs 兰格勒奥', 'score': '1-1', 'selected_team': '', 'settlement': '走', 'water': 0.92, 'pnl_1u': 0.0, 'roi': 0.0, 'line': '', 'action': 'V4纸面入选-C', 'source': 'https://m.titan007.com/analy/Analysis/3082309.htm'}, {'date': '2026-10-04', 'match': '利阿达 vs 阿维莱斯体育场', 'score': '2-0', 'selected_team': '利阿达', 'settlement': '红', 'water': 0.92, 'pnl_1u': 0.92, 'roi': 0.92, 'line': '1.25', 'action': 'V4纸面入选-C', 'source': 'https://m.titan007.com/analy/Analysis/3082310.htm'}, {'date': '2026-10-04', 'match': '豪斯彼得利特 vs 莫列鲁萨', 'score': '0-0', 'selected_team': '豪斯彼得利特', 'settlement': '黑', 'water': 0.92, 'pnl_1u': -1.0, 'roi': -1.0, 'line': '1', 'action': 'V4纸面入选-C', 'source': 'https://m.titan007.com/analy/Analysis/3030687.htm'}, {'date': '2026-10-04', 'match': '蒙塔尼萨 vs 莱斯卡拉', 'score': '0-0', 'selected_team': '蒙塔尼萨', 'settlement': '半黑', 'water': 0.78, 'pnl_1u': -0.5, 'roi': -0.5, 'line': '0.25', 'action': 'V4纸面入选-C', 'source': 'https://m.titan007.com/analy/Analysis/3030688.htm'}, {'date': '2026-10-04', 'match': '圣克里斯托瓦尔 vs 格拉马', 'score': '0-0', 'selected_team': '圣克里斯托瓦尔', 'settlement': '半红', 'water': 0.73, 'pnl_1u': 0.365, 'roi': 0.365, 'line': '-0.25', 'action': 'V4纸面入选-C', 'source': 'https://m.titan007.com/analy/Analysis/3030689.htm'}, {'date': '2026-10-04', 'match': '克瑞斯图竞技 vs 尤尼恩斯塔斯CF B', 'score': '3-0', 'selected_team': '克瑞斯图竞技', 'settlement': '红', 'water': 0.83, 'pnl_1u': 0.83, 'roi': 0.83, 'line': '0.75', 'action': 'V4纸面入选-C', 'source': 'https://m.titan007.com/analy/Analysis/3080241.htm'}, {'date': '2026-10-04', 'match': '伊比萨岛 vs 缚汶特拉', 'score': '2-0', 'selected_team': '', 'settlement': '红', 'water': 0.85, 'pnl_1u': 0.85, 'roi': 0.85, 'line': '', 'action': 'V4纸面入选-C', 'source': 'https://m.titan007.com/analy/Analysis/3078385.htm'}, {'date': '2026-10-04', 'match': '莱万特体育会 vs 克维伦特', 'score': '0-0', 'selected_team': '莱万特体育会', 'settlement': '黑', 'water': 0.77, 'pnl_1u': -1.0, 'roi': -1.0, 'line': '0.75', 'action': 'V4纸面入选-C', 'source': 'https://m.titan007.com/analy/Analysis/3079930.htm'}, {'date': '2026-10-04', 'match': 'CD 加拉帕加尔 vs 卡拉波苏埃洛', 'score': '1-3', 'selected_team': '', 'settlement': '黑', 'water': 0.87, 'pnl_1u': -1.0, 'roi': -1.0, 'line': '', 'action': 'V4纸面入选-C', 'source': 'https://m.titan007.com/analy/Analysis/3078074.htm'}, {'date': '2026-10-04', 'match': '拉卡扎达 vs 科米利亚斯', 'score': '1-0', 'selected_team': '拉卡扎达', 'settlement': '半红', 'water': 0.75, 'pnl_1u': 0.375, 'roi': 0.375, 'line': '0.75', 'action': 'V4纸面入选-C', 'source': 'https://m.titan007.com/analy/Analysis/3079621.htm'}, {'date': '2026-10-04', 'match': '昆坦拿 vs 比利亚体育', 'score': '0-2', 'selected_team': '昆坦拿', 'settlement': '黑', 'water': 0.83, 'pnl_1u': -1.0, 'roi': -1.0, 'line': '0.75', 'action': 'V4纸面入选-C', 'source': 'https://m.titan007.com/analy/Analysis/3060312.htm'}, {'date': '2026-10-04', 'match': '奇克拉纳 vs 塞维利亚C队', 'score': '1-1', 'selected_team': '', 'settlement': '走', 'water': 0.9, 'pnl_1u': 0.0, 'roi': 0.0, 'line': '', 'action': 'V4纸面入选-C', 'source': 'https://m.titan007.com/analy/Analysis/3082682.htm'}]"
V4,2026-10-09,3098049,德戊,时间待核,FC条顿05 vs 比尔斯特茨瓦克,,,0,0,0,0,0,0,,,,0,,,list_date < 2026-10-09,[]
V4,2026-10-09,2996161,荷甲,时间待核,埃因霍温 vs 海伦芬,,,4,2,0,0,0,2,0.5,-0.11,-0.0275,4,,,list_date < 2026-10-09,"[{'date': '2026-09-13', 'match': '埃因霍温 vs 鹿特丹斯巴达', 'score': '4-1', 'selected_team': '埃因霍温', 'settlement': '红', 'water': 0.95, 'pnl_1u': 0.95, 'roi': 0.95, 'line': '2.25', 'action': 'V4纸面入选-C', 'source': 'https://m.titan007.com/analy/Analysis/2996150.htm'}, {'date': '2026-09-19', 'match': '阿贾克斯 vs SBV精英', 'score': '2-2', 'selected_team': '阿贾克斯', 'settlement': '黑', 'water': 0.96, 'pnl_1u': -1.0, 'roi': -1.0, 'line': '2', 'action': 'V4纸面入选-C', 'source': 'https://zq.titan007.com/analysis/2996155cn.htm'}, {'date': '2026-09-20', 'match': '费耶诺德 vs 乌德勒支', 'score': '5-0', 'selected_team': '费耶诺德', 'settlement': '红', 'water': 0.94, 'pnl_1u': 0.94, 'roi': 0.94, 'line': '1.75', 'action': 'V4纸面入选-C', 'source': 'https://zq.titan007.com/analysis/2996157cn.htm'}, {'date': '2026-09-20', 'match': '阿尔克马尔 vs 特尔斯达', 'score': '1-0', 'selected_team': '阿尔克马尔', 'settlement': '黑', 'water': 0.99, 'pnl_1u': -1.0, 'roi': -1.0, 'line': '2', 'action': 'V4纸面入选-B', 'source': 'https://zq.titan007.com/analysis/2996158cn.htm'}]"
V4,2026-10-09,2997737,法乙,时间待核,USL敦刻尔克 vs 阿纳西,,,2,1,0,0,1,0,0.66666667,0.51,0.255,2,,,list_date < 2026-10-09,"[{'date': '2026-09-18', 'match': '阿纳西 vs 第戎', 'score': '1-2', 'selected_team': '第戎', 'settlement': '红', 'water': 1.01, 'pnl_1u': 1.01, 'roi': 1.01, 'line': '0.25', 'action': 'V4纸面入选-C', 'source': 'https://zq.titan007.com/analysis/2997726cn.htm'}, {'date': '2026-09-18', 'match': '拉瓦勒 vs 索肖', 'score': '1-1', 'selected_team': '拉瓦勒', 'settlement': '半黑', 'water': 1.03, 'pnl_1u': -0.5, 'roi': -0.5, 'line': '0.25', 'action': 'V4纸面入选-C', 'source': 'https://zq.titan007.com/analysis/2997730cn.htm'}]"
V4,2026-10-09,2997738,法乙,时间待核,蒙彼利埃 vs 格勒诺布尔,蒙彼利埃,giving,2,1,0,0,1,0,0.66666667,0.51,0.255,2,,,list_date < 2026-10-09,"[{'date': '2026-09-18', 'match': '阿纳西 vs 第戎', 'score': '1-2', 'selected_team': '第戎', 'settlement': '红', 'water': 1.01, 'pnl_1u': 1.01, 'roi': 1.01, 'line': '0.25', 'action': 'V4纸面入选-C', 'source': 'https://zq.titan007.com/analysis/2997726cn.htm'}, {'date': '2026-09-18', 'match': '拉瓦勒 vs 索肖', 'score': '1-1', 'selected_team': '拉瓦勒', 'settlement': '半黑', 'water': 1.03, 'pnl_1u': -0.5, 'roi': -0.5, 'line': '0.25', 'action': 'V4纸面入选-C', 'source': 'https://zq.titan007.com/analysis/2997730cn.htm'}]"
V4,2026-10-09,2997739,法乙,时间待核,南锡 vs 甘冈,,,2,1,0,0,1,0,0.66666667,0.51,0.255,2,,,list_date < 2026-10-09,"[{'date': '2026-09-18', 'match': '阿纳西 vs 第戎', 'score': '1-2', 'selected_team': '第戎', 'settlement': '红', 'water': 1.01, 'pnl_1u': 1.01, 'roi': 1.01, 'line': '0.25', 'action': 'V4纸面入选-C', 'source': 'https://zq.titan007.com/analysis/2997726cn.htm'}, {'date': '2026-09-18', 'match': '拉瓦勒 vs 索肖', 'score': '1-1', 'selected_team': '拉瓦勒', 'settlement': '半黑', 'water': 1.03, 'pnl_1u': -0.5, 'roi': -0.5, 'line': '0.25', 'action': 'V4纸面入选-C', 'source': 'https://zq.titan007.com/analysis/2997730cn.htm'}]"
V4,2026-10-09,2997741,法乙,时间待核,波城 vs 拉瓦勒,,,2,1,0,0,1,0,0.66666667,0.51,0.255,2,,,list_date < 2026-10-09,"[{'date': '2026-09-18', 'match': '阿纳西 vs 第戎', 'score': '1-2', 'selected_team': '第戎', 'settlement': '红', 'water': 1.01, 'pnl_1u': 1.01, 'roi': 1.01, 'line': '0.25', 'action': 'V4纸面入选-C', 'source': 'https://zq.titan007.com/analysis/2997726cn.htm'}, {'date': '2026-09-18', 'match': '拉瓦勒 vs 索肖', 'score': '1-1', 'selected_team': '拉瓦勒', 'settlement': '半黑', 'water': 1.03, 'pnl_1u': -0.5, 'roi': -0.5, 'line': '0.25', 'action': 'V4纸面入选-C', 'source': 'https://zq.titan007.com/analysis/2997730cn.htm'}]"
V4,2026-10-09,2997742,法乙,时间待核,索肖 vs 布洛涅,,,2,1,0,0,1,0,0.66666667,0.51,0.255,2,,,list_date < 2026-10-09,"[{'date': '2026-09-18', 'match': '阿纳西 vs 第戎', 'score': '1-2', 'selected_team': '第戎', 'settlement': '红', 'water': 1.01, 'pnl_1u': 1.01, 'roi': 1.01, 'line': '0.25', 'action': 'V4纸面入选-C', 'source': 'https://zq.titan007.com/analysis/2997726cn.htm'}, {'date': '2026-09-18', 'match': '拉瓦勒 vs 索肖', 'score': '1-1', 'selected_team': '拉瓦勒', 'settlement': '半黑', 'water': 1.03, 'pnl_1u': -0.5, 'roi': -0.5, 'line': '0.25', 'action': 'V4纸面入选-C', 'source': 'https://zq.titan007.com/analysis/2997730cn.htm'}]"
V4,2026-10-09,3010440,罗甲,时间待核,圣格奥尔基塞普西 vs 布加勒斯特迪纳摩,,,2,0,0,0,0,2,0.0,-2.0,-1.0,2,,,list_date < 2026-10-09,"[{'date': '2026-09-18', 'match': '布加勒斯特快速 vs 阿格斯', 'score': '3-1', 'selected_team': '阿格斯', 'settlement': '黑', 'water': 1.11, 'pnl_1u': -1.0, 'roi': -1.0, 'line': '0.75', 'action': 'V4纸面入选-C', 'source': 'https://zq.titan007.com/analysis/3010428cn.htm'}, {'date': '2026-09-21', 'match': '佩特罗鲁 vs FK米耶尔库雷亚丘克', 'score': '2-0', 'selected_team': 'FK米耶尔库雷亚丘克', 'settlement': '黑', 'water': 0.98, 'pnl_1u': -1.0, 'roi': -1.0, 'line': '0.75', 'action': 'V4最新页面A/B/C候选', 'source': 'https://www.titan007.com/'}]"
V4,2026-10-09,2996494,荷乙,时间待核,阿尔梅勒城 vs FC埃因霍温,,,8,1,0,3,0,4,0.2,-3.2,-0.4,8,,,list_date < 2026-10-09,"[{'date': '2026-09-18', 'match': '阿尔梅勒城 vs 赫拉克勒斯', 'score': '1-0', 'selected_team': '赫拉克勒斯', 'settlement': '黑', 'water': 1.03, 'pnl_1u': -1.0, 'roi': -1.0, 'line': '-0.5', 'action': 'V4纸面入选-C', 'source': 'https://zq.titan007.com/analysis/2996464cn.htm'}, {'date': '2026-09-18', 'match': '邓伯什 vs 赫尔蒙德', 'score': '2-1', 'selected_team': '赫尔蒙德', 'settlement': '黑', 'water': 1.02, 'pnl_1u': -1.0, 'roi': -1.0, 'line': '0.5', 'action': 'V4纸面入选-C', 'source': 'https://zq.titan007.com/analysis/2996465cn.htm'}, {'date': '2026-09-19', 'match': '维特斯 vs 埃因霍温青年队', 'score': '3-1', 'selected_team': '埃因霍温青年队', 'settlement': '黑', 'water': 0.9, 'pnl_1u': -1.0, 'roi': -1.0, 'line': '1', 'action': 'V4纸面入选-C', 'source': 'https://zq.titan007.com/analysis/2996472cn.htm'}, {'date': '2026-09-26', 'match': '赫拉克勒斯 vs 维特斯', 'score': '2-0', 'selected_team': '维特斯', 'settlement': '黑', 'water': 0.92, 'pnl_1u': -1.0, 'roi': -1.0, 'line': '1', 'action': 'V4最新页面A/B/C候选', 'source': 'https://simondongxiao.github.io/odds/v4/'}, {'date': '2026-10-02', 'match': '赫尔蒙德 vs 赫拉克勒斯', 'score': '2-2', 'selected_team': '', 'settlement': '走', 'water': 0.96, 'pnl_1u': 0.0, 'roi': 0.0, 'line': '', 'action': 'V4纸面入选-C', 'source': 'https://m.titan007.com/analy/Analysis/2996486.htm'}, {'date': '2026-10-03', 'match': '奥斯 vs 马斯特里赫特', 'score': '4-1', 'selected_team': '', 'settlement': '红', 'water': 0.8, 'pnl_1u': 0.8, 'roi': 0.8, 'line': '', 'action': 'V4纸面入选-C', 'source': 'https://m.titan007.com/analy/Analysis/2996491.htm'}, {'date': '2026-10-03', 'match': '邓伯什 vs 多德勒支', 'score': '1-1', 'selected_team': '', 'settlement': '走', 'water': 0.94, 'pnl_1u': 0.0, 'roi': 0.0, 'line': '', 'action': 'V4纸面入选-C', 'source': 'https://m.titan007.com/analy/Analysis/2996489.htm'}, {'date': '2026-10-03', 'match': '瓦尔韦克 vs 埃门', 'score': '1-1', 'selected_team': '', 'settlement': '走', 'water': 0.8, 'pnl_1u': 0.0, 'roi': 0.0, 'line': '', 'action': 'V4纸面入选-C', 'source': 'https://m.titan007.com/analy/Analysis/2996492.htm'}]"
V4,2026-10-09,2996495,荷乙,时间待核,格拉夫夏普 vs 乌德勒支青年队,,,8,1,0,3,0,4,0.2,-3.2,-0.4,8,,,list_date < 2026-10-09,"[{'date': '2026-09-18', 'match': '阿尔梅勒城 vs 赫拉克勒斯', 'score': '1-0', 'selected_team': '赫拉克勒斯', 'settlement': '黑', 'water': 1.03, 'pnl_1u': -1.0, 'roi': -1.0, 'line': '-0.5', 'action': 'V4纸面入选-C', 'source': 'https://zq.titan007.com/analysis/2996464cn.htm'}, {'date': '2026-09-18', 'match': '邓伯什 vs 赫尔蒙德', 'score': '2-1', 'selected_team': '赫尔蒙德', 'settlement': '黑', 'water': 1.02, 'pnl_1u': -1.0, 'roi': -1.0, 'line': '0.5', 'action': 'V4纸面入选-C', 'source': 'https://zq.titan007.com/analysis/2996465cn.htm'}, {'date': '2026-09-19', 'match': '维特斯 vs 埃因霍温青年队', 'score': '3-1', 'selected_team': '埃因霍温青年队', 'settlement': '黑', 'water': 0.9, 'pnl_1u': -1.0, 'roi': -1.0, 'line': '1', 'action': 'V4纸面入选-C', 'source': 'https://zq.titan007.com/analysis/2996472cn.htm'}, {'date': '2026-09-26', 'match': '赫拉克勒斯 vs 维特斯', 'score': '2-0', 'selected_team': '维特斯', 'settlement': '黑', 'water': 0.92, 'pnl_1u': -1.0, 'roi': -1.0, 'line': '1', 'action': 'V4最新页面A/B/C候选', 'source': 'https://simondongxiao.github.io/odds/v4/'}, {'date': '2026-10-02', 'match': '赫尔蒙德 vs 赫拉克勒斯', 'score': '2-2', 'selected_team': '', 'settlement': '走', 'water': 0.96, 'pnl_1u': 0.0, 'roi': 0.0, 'line': '', 'action': 'V4纸面入选-C', 'source': 'https://m.titan007.com/analy/Analysis/2996486.htm'}, {'date': '2026-10-03', 'match': '奥斯 vs 马斯特里赫特', 'score': '4-1', 'selected_team': '', 'settlement': '红', 'water': 0.8, 'pnl_1u': 0.8, 'roi': 0.8, 'line': '', 'action': 'V4纸面入选-C', 'source': 'https://m.titan007.com/analy/Analysis/2996491.htm'}, {'date': '2026-10-03', 'match': '邓伯什 vs 多德勒支', 'score': '1-1', 'selected_team': '', 'settlement': '走', 'water': 0.94, 'pnl_1u': 0.0, 'roi': 0.0, 'line': '', 'action': 'V4纸面入选-C', 'source': 'https://m.titan007.com/analy/Analysis/2996489.htm'}, {'date': '2026-10-03', 'match': '瓦尔韦克 vs 埃门', 'score': '1-1', 'selected_team': '', 'settlement': '走', 'water': 0.8, 'pnl_1u': 0.0, 'roi': 0.0, 'line': '', 'action': 'V4纸面入选-C', 'source': 'https://m.titan007.com/analy/Analysis/2996492.htm'}]"
V4,2026-10-09,2996496,荷乙,时间待核,多德勒支 vs 埃门,,,8,1,0,3,0,4,0.2,-3.2,-0.4,8,,,list_date < 2026-10-09,"[{'date': '2026-09-18', 'match': '阿尔梅勒城 vs 赫拉克勒斯', 'score': '1-0', 'selected_team': '赫拉克勒斯', 'settlement': '黑', 'water': 1.03, 'pnl_1u': -1.0, 'roi': -1.0, 'line': '-0.5', 'action': 'V4纸面入选-C', 'source': 'https://zq.titan007.com/analysis/2996464cn.htm'}, {'date': '2026-09-18', 'match': '邓伯什 vs 赫尔蒙德', 'score': '2-1', 'selected_team': '赫尔蒙德', 'settlement': '黑', 'water': 1.02, 'pnl_1u': -1.0, 'roi': -1.0, 'line': '0.5', 'action': 'V4纸面入选-C', 'source': 'https://zq.titan007.com/analysis/2996465cn.htm'}, {'date': '2026-09-19', 'match': '维特斯 vs 埃因霍温青年队', 'score': '3-1', 'selected_team': '埃因霍温青年队', 'settlement': '黑', 'water': 0.9, 'pnl_1u': -1.0, 'roi': -1.0, 'line': '1', 'action': 'V4纸面入选-C', 'source': 'https://zq.titan007.com/analysis/2996472cn.htm'}, {'date': '2026-09-26', 'match': '赫拉克勒斯 vs 维特斯', 'score': '2-0', 'selected_team': '维特斯', 'settlement': '黑', 'water': 0.92, 'pnl_1u': -1.0, 'roi': -1.0, 'line': '1', 'action': 'V4最新页面A/B/C候选', 'source': 'https://simondongxiao.github.io/odds/v4/'}, {'date': '2026-10-02', 'match': '赫尔蒙德 vs 赫拉克勒斯', 'score': '2-2', 'selected_team': '', 'settlement': '走', 'water': 0.96, 'pnl_1u': 0.0, 'roi': 0.0, 'line': '', 'action': 'V4纸面入选-C', 'source': 'https://m.titan007.com/analy/Analysis/2996486.htm'}, {'date': '2026-10-03', 'match': '奥斯 vs 马斯特里赫特', 'score': '4-1', 'selected_team': '', 'settlement': '红', 'water': 0.8, 'pnl_1u': 0.8, 'roi': 0.8, 'line': '', 'action': 'V4纸面入选-C', 'source': 'https://m.titan007.com/analy/Analysis/2996491.htm'}, {'date': '2026-10-03', 'match': '邓伯什 vs 多德勒支', 'score': '1-1', 'selected_team': '', 'settlement': '走', 'water': 0.94, 'pnl_1u': 0.0, 'roi': 0.0, 'line': '', 'action': 'V4纸面入选-C', 'source': 'https://m.titan007.com/analy/Analysis/2996489.htm'}, {'date': '2026-10-03', 'match': '瓦尔韦克 vs 埃门', 'score': '1-1', 'selected_team': '', 'settlement': '走', 'water': 0.8, 'pnl_1u': 0.0, 'roi': 0.0, 'line': '', 'action': 'V4纸面入选-C', 'source': 'https://m.titan007.com/analy/Analysis/2996492.htm'}]"
V4,2026-10-09,2996497,荷乙,时间待核,福伦丹 vs 维特斯,,,8,1,0,3,0,4,0.2,-3.2,-0.4,8,,,list_date < 2026-10-09,"[{'date': '2026-09-18', 'match': '阿尔梅勒城 vs 赫拉克勒斯', 'score': '1-0', 'selected_team': '赫拉克勒斯', 'settlement': '黑', 'water': 1.03, 'pnl_1u': -1.0, 'roi': -1.0, 'line': '-0.5', 'action': 'V4纸面入选-C', 'source': 'https://zq.titan007.com/analysis/2996464cn.htm'}, {'date': '2026-09-18', 'match': '邓伯什 vs 赫尔蒙德', 'score': '2-1', 'selected_team': '赫尔蒙德', 'settlement': '黑', 'water': 1.02, 'pnl_1u': -1.0, 'roi': -1.0, 'line': '0.5', 'action': 'V4纸面入选-C', 'source': 'https://zq.titan007.com/analysis/2996465cn.htm'}, {'date': '2026-09-19', 'match': '维特斯 vs 埃因霍温青年队', 'score': '3-1', 'selected_team': '埃因霍温青年队', 'settlement': '黑', 'water': 0.9, 'pnl_1u': -1.0, 'roi': -1.0, 'line': '1', 'action': 'V4纸面入选-C', 'source': 'https://zq.titan007.com/analysis/2996472cn.htm'}, {'date': '2026-09-26', 'match': '赫拉克勒斯 vs 维特斯', 'score': '2-0', 'selected_team': '维特斯', 'settlement': '黑', 'water': 0.92, 'pnl_1u': -1.0, 'roi': -1.0, 'line': '1', 'action': 'V4最新页面A/B/C候选', 'source': 'https://simondongxiao.github.io/odds/v4/'}, {'date': '2026-10-02', 'match': '赫尔蒙德 vs 赫拉克勒斯', 'score': '2-2', 'selected_team': '', 'settlement': '走', 'water': 0.96, 'pnl_1u': 0.0, 'roi': 0.0, 'line': '', 'action': 'V4纸面入选-C', 'source': 'https://m.titan007.com/analy/Analysis/2996486.htm'}, {'date': '2026-10-03', 'match': '奥斯 vs 马斯特里赫特', 'score': '4-1', 'selected_team': '', 'settlement': '红', 'water': 0.8, 'pnl_1u': 0.8, 'roi': 0.8, 'line': '', 'action': 'V4纸面入选-C', 'source': 'https://m.titan007.com/analy/Analysis/2996491.htm'}, {'date': '2026-10-03', 'match': '邓伯什 vs 多德勒支', 'score': '1-1', 'selected_team': '', 'settlement': '走', 'water': 0.94, 'pnl_1u': 0.0, 'roi': 0.0, 'line': '', 'action': 'V4纸面入选-C', 'source': 'https://m.titan007.com/analy/Analysis/2996489.htm'}, {'date': '2026-10-03', 'match': '瓦尔韦克 vs 埃门', 'score': '1-1', 'selected_team': '', 'settlement': '走', 'water': 0.8, 'pnl_1u': 0.0, 'roi': 0.0, 'line': '', 'action': 'V4纸面入选-C', 'source': 'https://m.titan007.com/analy/Analysis/2996492.htm'}]"
V4,2026-10-09,2996498,荷乙,时间待核,赫拉克勒斯 vs 瓦尔韦克,,,8,1,0,3,0,4,0.2,-3.2,-0.4,8,,,list_date < 2026-10-09,"[{'date': '2026-09-18', 'match': '阿尔梅勒城 vs 赫拉克勒斯', 'score': '1-0', 'selected_team': '赫拉克勒斯', 'settlement': '黑', 'water': 1.03, 'pnl_1u': -1.0, 'roi': -1.0, 'line': '-0.5', 'action': 'V4纸面入选-C', 'source': 'https://zq.titan007.com/analysis/2996464cn.htm'}, {'date': '2026-09-18', 'match': '邓伯什 vs 赫尔蒙德', 'score': '2-1', 'selected_team': '赫尔蒙德', 'settlement': '黑', 'water': 1.02, 'pnl_1u': -1.0, 'roi': -1.0, 'line': '0.5', 'action': 'V4纸面入选-C', 'source': 'https://zq.titan007.com/analysis/2996465cn.htm'}, {'date': '2026-09-19', 'match': '维特斯 vs 埃因霍温青年队', 'score': '3-1', 'selected_team': '埃因霍温青年队', 'settlement': '黑', 'water': 0.9, 'pnl_1u': -1.0, 'roi': -1.0, 'line': '1', 'action': 'V4纸面入选-C', 'source': 'https://zq.titan007.com/analysis/2996472cn.htm'}, {'date': '2026-09-26', 'match': '赫拉克勒斯 vs 维特斯', 'score': '2-0', 'selected_team': '维特斯', 'settlement': '黑', 'water': 0.92, 'pnl_1u': -1.0, 'roi': -1.0, 'line': '1', 'action': 'V4最新页面A/B/C候选', 'source': 'https://simondongxiao.github.io/odds/v4/'}, {'date': '2026-10-02', 'match': '赫尔蒙德 vs 赫拉克勒斯', 'score': '2-2', 'selected_team': '', 'settlement': '走', 'water': 0.96, 'pnl_1u': 0.0, 'roi': 0.0, 'line': '', 'action': 'V4纸面入选-C', 'source': 'https://m.titan007.com/analy/Analysis/2996486.htm'}, {'date': '2026-10-03', 'match': '奥斯 vs 马斯特里赫特', 'score': '4-1', 'selected_team': '', 'settlement': '红', 'water': 0.8, 'pnl_1u': 0.8, 'roi': 0.8, 'line': '', 'action': 'V4纸面入选-C', 'source': 'https://m.titan007.com/analy/Analysis/2996491.htm'}, {'date': '2026-10-03', 'match': '邓伯什 vs 多德勒支', 'score': '1-1', 'selected_team': '', 'settlement': '走', 'water': 0.94, 'pnl_1u': 0.0, 'roi': 0.0, 'line': '', 'action': 'V4纸面入选-C', 'source': 'https://m.titan007.com/analy/Analysis/2996489.htm'}, {'date': '2026-10-03', 'match': '瓦尔韦克 vs 埃门', 'score': '1-1', 'selected_team': '', 'settlement': '走', 'water': 0.8, 'pnl_1u': 0.0, 'roi': 0.0, 'line': '', 'action': 'V4纸面入选-C', 'source': 'https://m.titan007.com/analy/Analysis/2996492.htm'}]"
V4,2026-10-09,2996499,荷乙,时间待核,阿贾克斯青年队 vs 芬洛,,,8,1,0,3,0,4,0.2,-3.2,-0.4,8,,,list_date < 2026-10-09,"[{'date': '2026-09-18', 'match': '阿尔梅勒城 vs 赫拉克勒斯', 'score': '1-0', 'selected_team': '赫拉克勒斯', 'settlement': '黑', 'water': 1.03, 'pnl_1u': -1.0, 'roi': -1.0, 'line': '-0.5', 'action': 'V4纸面入选-C', 'source': 'https://zq.titan007.com/analysis/2996464cn.htm'}, {'date': '2026-09-18', 'match': '邓伯什 vs 赫尔蒙德', 'score': '2-1', 'selected_team': '赫尔蒙德', 'settlement': '黑', 'water': 1.02, 'pnl_1u': -1.0, 'roi': -1.0, 'line': '0.5', 'action': 'V4纸面入选-C', 'source': 'https://zq.titan007.com/analysis/2996465cn.htm'}, {'date': '2026-09-19', 'match': '维特斯 vs 埃因霍温青年队', 'score': '3-1', 'selected_team': '埃因霍温青年队', 'settlement': '黑', 'water': 0.9, 'pnl_1u': -1.0, 'roi': -1.0, 'line': '1', 'action': 'V4纸面入选-C', 'source': 'https://zq.titan007.com/analysis/2996472cn.htm'}, {'date': '2026-09-26', 'match': '赫拉克勒斯 vs 维特斯', 'score': '2-0', 'selected_team': '维特斯', 'settlement': '黑', 'water': 0.92, 'pnl_1u': -1.0, 'roi': -1.0, 'line': '1', 'action': 'V4最新页面A/B/C候选', 'source': 'https://simondongxiao.github.io/odds/v4/'}, {'date': '2026-10-02', 'match': '赫尔蒙德 vs 赫拉克勒斯', 'score': '2-2', 'selected_team': '', 'settlement': '走', 'water': 0.96, 'pnl_1u': 0.0, 'roi': 0.0, 'line': '', 'action': 'V4纸面入选-C', 'source': 'https://m.titan007.com/analy/Analysis/2996486.htm'}, {'date': '2026-10-03', 'match': '奥斯 vs 马斯特里赫特', 'score': '4-1', 'selected_team': '', 'settlement': '红', 'water': 0.8, 'pnl_1u': 0.8, 'roi': 0.8, 'line': '', 'action': 'V4纸面入选-C', 'source': 'https://m.titan007.com/analy/Analysis/2996491.htm'}, {'date': '2026-10-03', 'match': '邓伯什 vs 多德勒支', 'score': '1-1', 'selected_team': '', 'settlement': '走', 'water': 0.94, 'pnl_1u': 0.0, 'roi': 0.0, 'line': '', 'action': 'V4纸面入选-C', 'source': 'https://m.titan007.com/analy/Analysis/2996489.htm'}, {'date': '2026-10-03', 'match': '瓦尔韦克 vs 埃门', 'score': '1-1', 'selected_team': '', 'settlement': '走', 'water': 0.8, 'pnl_1u': 0.0, 'roi': 0.0, 'line': '', 'action': 'V4纸面入选-C', 'source': 'https://m.titan007.com/analy/Analysis/2996492.htm'}]"
V4,2026-10-09,2996500,荷乙,时间待核,阿尔克马尔青年队 vs 邓伯什,,,8,1,0,3,0,4,0.2,-3.2,-0.4,8,,,list_date < 2026-10-09,"[{'date': '2026-09-18', 'match': '阿尔梅勒城 vs 赫拉克勒斯', 'score': '1-0', 'selected_team': '赫拉克勒斯', 'settlement': '黑', 'water': 1.03, 'pnl_1u': -1.0, 'roi': -1.0, 'line': '-0.5', 'action': 'V4纸面入选-C', 'source': 'https://zq.titan007.com/analysis/2996464cn.htm'}, {'date': '2026-09-18', 'match': '邓伯什 vs 赫尔蒙德', 'score': '2-1', 'selected_team': '赫尔蒙德', 'settlement': '黑', 'water': 1.02, 'pnl_1u': -1.0, 'roi': -1.0, 'line': '0.5', 'action': 'V4纸面入选-C', 'source': 'https://zq.titan007.com/analysis/2996465cn.htm'}, {'date': '2026-09-19', 'match': '维特斯 vs 埃因霍温青年队', 'score': '3-1', 'selected_team': '埃因霍温青年队', 'settlement': '黑', 'water': 0.9, 'pnl_1u': -1.0, 'roi': -1.0, 'line': '1', 'action': 'V4纸面入选-C', 'source': 'https://zq.titan007.com/analysis/2996472cn.htm'}, {'date': '2026-09-26', 'match': '赫拉克勒斯 vs 维特斯', 'score': '2-0', 'selected_team': '维特斯', 'settlement': '黑', 'water': 0.92, 'pnl_1u': -1.0, 'roi': -1.0, 'line': '1', 'action': 'V4最新页面A/B/C候选', 'source': 'https://simondongxiao.github.io/odds/v4/'}, {'date': '2026-10-02', 'match': '赫尔蒙德 vs 赫拉克勒斯', 'score': '2-2', 'selected_team': '', 'settlement': '走', 'water': 0.96, 'pnl_1u': 0.0, 'roi': 0.0, 'line': '', 'action': 'V4纸面入选-C', 'source': 'https://m.titan007.com/analy/Analysis/2996486.htm'}, {'date': '2026-10-03', 'match': '奥斯 vs 马斯特里赫特', 'score': '4-1', 'selected_team': '', 'settlement': '红', 'water': 0.8, 'pnl_1u': 0.8, 'roi': 0.8, 'line': '', 'action': 'V4纸面入选-C', 'source': 'https://m.titan007.com/analy/Analysis/2996491.htm'}, {'date': '2026-10-03', 'match': '邓伯什 vs 多德勒支', 'score': '1-1', 'selected_team': '', 'settlement': '走', 'water': 0.94, 'pnl_1u': 0.0, 'roi': 0.0, 'line': '', 'action': 'V4纸面入选-C', 'source': 'https://m.titan007.com/analy/Analysis/2996489.htm'}, {'date': '2026-10-03', 'match': '瓦尔韦克 vs 埃门', 'score': '1-1', 'selected_team': '', 'settlement': '走', 'water': 0.8, 'pnl_1u': 0.0, 'roi': 0.0, 'line': '', 'action': 'V4纸面入选-C', 'source': 'https://m.titan007.com/analy/Analysis/2996492.htm'}]"
V4,2026-10-09,2996501,荷乙,时间待核,布雷达 vs 马斯特里赫特,,,8,1,0,3,0,4,0.2,-3.2,-0.4,8,,,list_date < 2026-10-09,"[{'date': '2026-09-18', 'match': '阿尔梅勒城 vs 赫拉克勒斯', 'score': '1-0', 'selected_team': '赫拉克勒斯', 'settlement': '黑', 'water': 1.03, 'pnl_1u': -1.0, 'roi': -1.0, 'line': '-0.5', 'action': 'V4纸面入选-C', 'source': 'https://zq.titan007.com/analysis/2996464cn.htm'}, {'date': '2026-09-18', 'match': '邓伯什 vs 赫尔蒙德', 'score': '2-1', 'selected_team': '赫尔蒙德', 'settlement': '黑', 'water': 1.02, 'pnl_1u': -1.0, 'roi': -1.0, 'line': '0.5', 'action': 'V4纸面入选-C', 'source': 'https://zq.titan007.com/analysis/2996465cn.htm'}, {'date': '2026-09-19', 'match': '维特斯 vs 埃因霍温青年队', 'score': '3-1', 'selected_team': '埃因霍温青年队', 'settlement': '黑', 'water': 0.9, 'pnl_1u': -1.0, 'roi': -1.0, 'line': '1', 'action': 'V4纸面入选-C', 'source': 'https://zq.titan007.com/analysis/2996472cn.htm'}, {'date': '2026-09-26', 'match': '赫拉克勒斯 vs 维特斯', 'score': '2-0', 'selected_team': '维特斯', 'settlement': '黑', 'water': 0.92, 'pnl_1u': -1.0, 'roi': -1.0, 'line': '1', 'action': 'V4最新页面A/B/C候选', 'source': 'https://simondongxiao.github.io/odds/v4/'}, {'date': '2026-10-02', 'match': '赫尔蒙德 vs 赫拉克勒斯', 'score': '2-2', 'selected_team': '', 'settlement': '走', 'water': 0.96, 'pnl_1u': 0.0, 'roi': 0.0, 'line': '', 'action': 'V4纸面入选-C', 'source': 'https://m.titan007.com/analy/Analysis/2996486.htm'}, {'date': '2026-10-03', 'match': '奥斯 vs 马斯特里赫特', 'score': '4-1', 'selected_team': '', 'settlement': '红', 'water': 0.8, 'pnl_1u': 0.8, 'roi': 0.8, 'line': '', 'action': 'V4纸面入选-C', 'source': 'https://m.titan007.com/analy/Analysis/2996491.htm'}, {'date': '2026-10-03', 'match': '邓伯什 vs 多德勒支', 'score': '1-1', 'selected_team': '', 'settlement': '走', 'water': 0.94, 'pnl_1u': 0.0, 'roi': 0.0, 'line': '', 'action': 'V4纸面入选-C', 'source': 'https://m.titan007.com/analy/Analysis/2996489.htm'}, {'date': '2026-10-03', 'match': '瓦尔韦克 vs 埃门', 'score': '1-1', 'selected_team': '', 'settlement': '走', 'water': 0.8, 'pnl_1u': 0.0, 'roi': 0.0, 'line': '', 'action': 'V4纸面入选-C', 'source': 'https://m.titan007.com/analy/Analysis/2996492.htm'}]"
V4,2026-10-09,2996502,荷乙,时间待核,奥斯 vs 赫尔蒙德,,,8,1,0,3,0,4,0.2,-3.2,-0.4,8,,,list_date < 2026-10-09,"[{'date': '2026-09-18', 'match': '阿尔梅勒城 vs 赫拉克勒斯', 'score': '1-0', 'selected_team': '赫拉克勒斯', 'settlement': '黑', 'water': 1.03, 'pnl_1u': -1.0, 'roi': -1.0, 'line': '-0.5', 'action': 'V4纸面入选-C', 'source': 'https://zq.titan007.com/analysis/2996464cn.htm'}, {'date': '2026-09-18', 'match': '邓伯什 vs 赫尔蒙德', 'score': '2-1', 'selected_team': '赫尔蒙德', 'settlement': '黑', 'water': 1.02, 'pnl_1u': -1.0, 'roi': -1.0, 'line': '0.5', 'action': 'V4纸面入选-C', 'source': 'https://zq.titan007.com/analysis/2996465cn.htm'}, {'date': '2026-09-19', 'match': '维特斯 vs 埃因霍温青年队', 'score': '3-1', 'selected_team': '埃因霍温青年队', 'settlement': '黑', 'water': 0.9, 'pnl_1u': -1.0, 'roi': -1.0, 'line': '1', 'action': 'V4纸面入选-C', 'source': 'https://zq.titan007.com/analysis/2996472cn.htm'}, {'date': '2026-09-26', 'match': '赫拉克勒斯 vs 维特斯', 'score': '2-0', 'selected_team': '维特斯', 'settlement': '黑', 'water': 0.92, 'pnl_1u': -1.0, 'roi': -1.0, 'line': '1', 'action': 'V4最新页面A/B/C候选', 'source': 'https://simondongxiao.github.io/odds/v4/'}, {'date': '2026-10-02', 'match': '赫尔蒙德 vs 赫拉克勒斯', 'score': '2-2', 'selected_team': '', 'settlement': '走', 'water': 0.96, 'pnl_1u': 0.0, 'roi': 0.0, 'line': '', 'action': 'V4纸面入选-C', 'source': 'https://m.titan007.com/analy/Analysis/2996486.htm'}, {'date': '2026-10-03', 'match': '奥斯 vs 马斯特里赫特', 'score': '4-1', 'selected_team': '', 'settlement': '红', 'water': 0.8, 'pnl_1u': 0.8, 'roi': 0.8, 'line': '', 'action': 'V4纸面入选-C', 'source': 'https://m.titan007.com/analy/Analysis/2996491.htm'}, {'date': '2026-10-03', 'match': '邓伯什 vs 多德勒支', 'score': '1-1', 'selected_team': '', 'settlement': '走', 'water': 0.94, 'pnl_1u': 0.0, 'roi': 0.0, 'line': '', 'action': 'V4纸面入选-C', 'source': 'https://m.titan007.com/analy/Analysis/2996489.htm'}, {'date': '2026-10-03', 'match': '瓦尔韦克 vs 埃门', 'score': '1-1', 'selected_team': '', 'settlement': '走', 'water': 0.8, 'pnl_1u': 0.0, 'roi': 0.0, 'line': '', 'action': 'V4纸面入选-C', 'source': 'https://m.titan007.com/analy/Analysis/2996492.htm'}]"
V4,2026-10-09,2996503,荷乙,时间待核,罗达JC vs 埃因霍温青年队,,,8,1,0,3,0,4,0.2,-3.2,-0.4,8,,,list_date < 2026-10-09,"[{'date': '2026-09-18', 'match': '阿尔梅勒城 vs 赫拉克勒斯', 'score': '1-0', 'selected_team': '赫拉克勒斯', 'settlement': '黑', 'water': 1.03, 'pnl_1u': -1.0, 'roi': -1.0, 'line': '-0.5', 'action': 'V4纸面入选-C', 'source': 'https://zq.titan007.com/analysis/2996464cn.htm'}, {'date': '2026-09-18', 'match': '邓伯什 vs 赫尔蒙德', 'score': '2-1', 'selected_team': '赫尔蒙德', 'settlement': '黑', 'water': 1.02, 'pnl_1u': -1.0, 'roi': -1.0, 'line': '0.5', 'action': 'V4纸面入选-C', 'source': 'https://zq.titan007.com/analysis/2996465cn.htm'}, {'date': '2026-09-19', 'match': '维特斯 vs 埃因霍温青年队', 'score': '3-1', 'selected_team': '埃因霍温青年队', 'settlement': '黑', 'water': 0.9, 'pnl_1u': -1.0, 'roi': -1.0, 'line': '1', 'action': 'V4纸面入选-C', 'source': 'https://zq.titan007.com/analysis/2996472cn.htm'}, {'date': '2026-09-26', 'match': '赫拉克勒斯 vs 维特斯', 'score': '2-0', 'selected_team': '维特斯', 'settlement': '黑', 'water': 0.92, 'pnl_1u': -1.0, 'roi': -1.0, 'line': '1', 'action': 'V4最新页面A/B/C候选', 'source': 'https://simondongxiao.github.io/odds/v4/'}, {'date': '2026-10-02', 'match': '赫尔蒙德 vs 赫拉克勒斯', 'score': '2-2', 'selected_team': '', 'settlement': '走', 'water': 0.96, 'pnl_1u': 0.0, 'roi': 0.0, 'line': '', 'action': 'V4纸面入选-C', 'source': 'https://m.titan007.com/analy/Analysis/2996486.htm'}, {'date': '2026-10-03', 'match': '奥斯 vs 马斯特里赫特', 'score': '4-1', 'selected_team': '', 'settlement': '红', 'water': 0.8, 'pnl_1u': 0.8, 'roi': 0.8, 'line': '', 'action': 'V4纸面入选-C', 'source': 'https://m.titan007.com/analy/Analysis/2996491.htm'}, {'date': '2026-10-03', 'match': '邓伯什 vs 多德勒支', 'score': '1-1', 'selected_team': '', 'settlement': '走', 'water': 0.94, 'pnl_1u': 0.0, 'roi': 0.0, 'line': '', 'action': 'V4纸面入选-C', 'source': 'https://m.titan007.com/analy/Analysis/2996489.htm'}, {'date': '2026-10-03', 'match': '瓦尔韦克 vs 埃门', 'score': '1-1', 'selected_team': '', 'settlement': '走', 'water': 0.8, 'pnl_1u': 0.0, 'roi': 0.0, 'line': '', 'action': 'V4纸面入选-C', 'source': 'https://m.titan007.com/analy/Analysis/2996492.htm'}]"
V4,2026-10-09,3005399,比乙,时间待核,安德莱赫特B队 vs 欧本,,,2,0,0,0,0,2,0.0,-2.0,-1.0,2,,,list_date < 2026-10-09,"[{'date': '2026-09-13', 'match': '艾斯登 vs 欧本', 'score': '1-2', 'selected_team': '艾斯登', 'settlement': '黑', 'water': 1.01, 'pnl_1u': -1.0, 'roi': -1.0, 'line': '0.25', 'action': 'V4纸面入选-C', 'source': 'https://m.titan007.com/analy/Analysis/3005391.htm'}, {'date': '2026-09-18', 'match': '布鲁日B队 vs 根特B队', 'score': '2-2', 'selected_team': '布鲁日B队', 'settlement': '黑', 'water': 1.07, 'pnl_1u': -1.0, 'roi': -1.0, 'line': '0.5', 'action': 'V4纸面入选-C', 'source': 'https://zq.titan007.com/analysis/3005392cn.htm'}]"
V4,2026-10-09,3005401,比乙,时间待核,登德 vs 布鲁日B队,,,2,0,0,0,0,2,0.0,-2.0,-1.0,2,,,list_date < 2026-10-09,"[{'date': '2026-09-13', 'match': '艾斯登 vs 欧本', 'score': '1-2', 'selected_team': '艾斯登', 'settlement': '黑', 'water': 1.01, 'pnl_1u': -1.0, 'roi': -1.0, 'line': '0.25', 'action': 'V4纸面入选-C', 'source': 'https://m.titan007.com/analy/Analysis/3005391.htm'}, {'date': '2026-09-18', 'match': '布鲁日B队 vs 根特B队', 'score': '2-2', 'selected_team': '布鲁日B队', 'settlement': '黑', 'water': 1.07, 'pnl_1u': -1.0, 'roi': -1.0, 'line': '0.5', 'action': 'V4纸面入选-C', 'source': 'https://zq.titan007.com/analysis/3005392cn.htm'}]"
V4,2026-10-09,3021633,马耳甲,时间待核,莫斯塔FC vs 比尔泽布瓜,,,0,0,0,0,0,0,,,,0,,,list_date < 2026-10-09,[]
V4,2026-10-09,3096633,厄瓜甲,时间待核,利伯塔德洛哈 vs 北莱昂内斯,,,1,1,0,0,0,0,1.0,1.02,1.02,1,,,list_date < 2026-10-09,"[{'date': '2026-09-13', 'match': '利伯塔德洛哈 vs 山谷独立', 'score': '2-3', 'selected_team': '山谷独立', 'settlement': '红', 'water': 1.02, 'pnl_1u': 1.02, 'roi': 1.02, 'line': '-0.5', 'action': 'V4纸面入选-C', 'source': 'https://m.titan007.com/analy/Analysis/2937929.htm'}]"
V4,2026-10-09,3098131,世女欧预,时间待核,匈牙利女足 vs 荷兰女足,,,0,0,0,0,0,0,,,,0,,,list_date < 2026-10-09,[]
V4,2026-10-09,3098132,世女欧预,时间待核,北爱尔兰女足 vs 葡萄牙女足,,,0,0,0,0,0,0,,,,0,,,list_date < 2026-10-09,[]
V4,2026-10-09,3082015,西丁,时间待核,桑塔阿玛利亚 vs SP维拉弗朗卡,,,17,4,3,2,1,7,0.42307692,-2.88,-0.16941176,17,严重：历史有效胜率<45%,严重：历史有效胜率<45%,list_date < 2026-10-09,"[{'date': '2026-09-27', 'match': '苏比扎 vs 西尔波内罗', 'score': '2-0', 'selected_team': '西尔波内罗', 'settlement': '黑', 'water': 0.98, 'pnl_1u': -1.0, 'roi': -1.0, 'line': '0.75', 'action': 'V4最新页面A/B/C候选', 'source': 'https://simondongxiao.github.io/odds/v4/'}, {'date': '2026-09-27', 'match': '卡斯特洛 vs 米内罗竞技队', 'score': '0-2', 'selected_team': '米内罗竞技队', 'settlement': '红', 'water': 0.9, 'pnl_1u': 0.9, 'roi': 0.9, 'line': '1', 'action': 'V4最新页面A/B/C候选', 'source': 'https://simondongxiao.github.io/odds/v4/'}, {'date': '2026-09-27', 'match': '巴达隆纳 vs 圣克里斯托瓦尔', 'score': '4-0', 'selected_team': '圣克里斯托瓦尔', 'settlement': '黑', 'water': 0.85, 'pnl_1u': -1.0, 'roi': -1.0, 'line': '1', 'action': 'V4最新页面A/B/C候选', 'source': 'https://simondongxiao.github.io/odds/v4/'}, {'date': '2026-10-04', 'match': '卡泰真拿B队 vs CD阿尔嘉德', 'score': '1-2', 'selected_team': '卡泰真拿B队', 'settlement': '黑', 'water': 0.88, 'pnl_1u': -1.0, 'roi': -1.0, 'line': '1.25', 'action': 'V4纸面入选-C', 'source': 'https://m.titan007.com/analy/Analysis/3060617.htm'}, {'date': '2026-10-04', 'match': '曼彻格城 vs 艾曼沙', 'score': '1-0', 'selected_team': '曼彻格城', 'settlement': '半红', 'water': 0.76, 'pnl_1u': 0.38, 'roi': 0.38, 'line': '0.75', 'action': 'V4纸面入选-C', 'source': 'https://m.titan007.com/analy/Analysis/3060307.htm'}, {'date': '2026-10-04', 'match': '希洪竞技B队 vs 兰格勒奥', 'score': '1-1', 'selected_team': '', 'settlement': '走', 'water': 0.92, 'pnl_1u': 0.0, 'roi': 0.0, 'line': '', 'action': 'V4纸面入选-C', 'source': 'https://m.titan007.com/analy/Analysis/3082309.htm'}, {'date': '2026-10-04', 'match': '利阿达 vs 阿维莱斯体育场', 'score': '2-0', 'selected_team': '利阿达', 'settlement': '红', 'water': 0.92, 'pnl_1u': 0.92, 'roi': 0.92, 'line': '1.25', 'action': 'V4纸面入选-C', 'source': 'https://m.titan007.com/analy/Analysis/3082310.htm'}, {'date': '2026-10-04', 'match': '豪斯彼得利特 vs 莫列鲁萨', 'score': '0-0', 'selected_team': '豪斯彼得利特', 'settlement': '黑', 'water': 0.92, 'pnl_1u': -1.0, 'roi': -1.0, 'line': '1', 'action': 'V4纸面入选-C', 'source': 'https://m.titan007.com/analy/Analysis/3030687.htm'}, {'date': '2026-10-04', 'match': '蒙塔尼萨 vs 莱斯卡拉', 'score': '0-0', 'selected_team': '蒙塔尼萨', 'settlement': '半黑', 'water': 0.78, 'pnl_1u': -0.5, 'roi': -0.5, 'line': '0.25', 'action': 'V4纸面入选-C', 'source': 'https://m.titan007.com/analy/Analysis/3030688.htm'}, {'date': '2026-10-04', 'match': '圣克里斯托瓦尔 vs 格拉马', 'score': '0-0', 'selected_team': '圣克里斯托瓦尔', 'settlement': '半红', 'water': 0.73, 'pnl_1u': 0.365, 'roi': 0.365, 'line': '-0.25', 'action': 'V4纸面入选-C', 'source': 'https://m.titan007.com/analy/Analysis/3030689.htm'}, {'date': '2026-10-04', 'match': '克瑞斯图竞技 vs 尤尼恩斯塔斯CF B', 'score': '3-0', 'selected_team': '克瑞斯图竞技', 'settlement': '红', 'water': 0.83, 'pnl_1u': 0.83, 'roi': 0.83, 'line': '0.75', 'action': 'V4纸面入选-C', 'source': 'https://m.titan007.com/analy/Analysis/3080241.htm'}, {'date': '2026-10-04', 'match': '伊比萨岛 vs 缚汶特拉', 'score': '2-0', 'selected_team': '', 'settlement': '红', 'water': 0.85, 'pnl_1u': 0.85, 'roi': 0.85, 'line': '', 'action': 'V4纸面入选-C', 'source': 'https://m.titan007.com/analy/Analysis/3078385.htm'}, {'date': '2026-10-04', 'match': '莱万特体育会 vs 克维伦特', 'score': '0-0', 'selected_team': '莱万特体育会', 'settlement': '黑', 'water': 0.77, 'pnl_1u': -1.0, 'roi': -1.0, 'line': '0.75', 'action': 'V4纸面入选-C', 'source': 'https://m.titan007.com/analy/Analysis/3079930.htm'}, {'date': '2026-10-04', 'match': 'CD 加拉帕加尔 vs 卡拉波苏埃洛', 'score': '1-3', 'selected_team': '', 'settlement': '黑', 'water': 0.87, 'pnl_1u': -1.0, 'roi': -1.0, 'line': '', 'action': 'V4纸面入选-C', 'source': 'https://m.titan007.com/analy/Analysis/3078074.htm'}, {'date': '2026-10-04', 'match': '拉卡扎达 vs 科米利亚斯', 'score': '1-0', 'selected_team': '拉卡扎达', 'settlement': '半红', 'water': 0.75, 'pnl_1u': 0.375, 'roi': 0.375, 'line': '0.75', 'action': 'V4纸面入选-C', 'source': 'https://m.titan007.com/analy/Analysis/3079621.htm'}, {'date': '2026-10-04', 'match': '昆坦拿 vs 比利亚体育', 'score': '0-2', 'selected_team': '昆坦拿', 'settlement': '黑', 'water': 0.83, 'pnl_1u': -1.0, 'roi': -1.0, 'line': '0.75', 'action': 'V4纸面入选-C', 'source': 'https://m.titan007.com/analy/Analysis/3060312.htm'}, {'date': '2026-10-04', 'match': '奇克拉纳 vs 塞维利亚C队', 'score': '1-1', 'selected_team': '', 'settlement': '走', 'water': 0.9, 'pnl_1u': 0.0, 'roi': 0.0, 'line': '', 'action': 'V4纸面入选-C', 'source': 'https://m.titan007.com/analy/Analysis/3082682.htm'}]"
V4,2026-10-09,3069762,比U21,时间待核,比斯查U21 vs 哈塞尔特U21,,,0,0,0,0,0,0,,,,0,,,list_date < 2026-10-09,[]
V4,2026-10-09,3069764,比U21,时间待核,FC列日U21 vs 拉路维尔U21,,,0,0,0,0,0,0,,,,0,,,list_date < 2026-10-09,[]
V4,2026-10-09,3069813,比U21,时间待核,RFC色森U21 vs 利亚斯U21,,,0,0,0,0,0,0,,,,0,,,list_date < 2026-10-09,[]
V4,2026-10-09,3098055,德戊,时间待核,什未林梅克伦堡 vs 罗斯托克B队,,,0,0,0,0,0,0,,,,0,,,list_date < 2026-10-09,[]
V4,2026-10-09,3098058,德戊,时间待核,TUS贝尔森布吕克 vs 前进诺德霍恩,,,0,0,0,0,0,0,,,,0,,,list_date < 2026-10-09,[]
V4,2026-10-09,3098059,德戊,时间待核,威廉港 vs 托斯布劳韦斯洛恩,,,0,0,0,0,0,0,,,,0,,,list_date < 2026-10-09,[]
V4,2026-10-09,3098073,德戊,时间待核,梅兹特海姆 vs 阿维韦勒,,,0,0,0,0,0,0,,,,0,,,list_date < 2026-10-09,[]
V4,2026-10-09,3098077,德戊,时间待核,博恩海姆 vs 诺因基兴,,,0,0,0,0,0,0,,,,0,,,list_date < 2026-10-09,[]
V4,2026-10-09,3062634,英U21杯,时间待核,修咸顿U21 vs 昆士柏流浪U21,,,0,0,0,0,0,0,,,,0,,,list_date < 2026-10-09,[]
V4,2026-10-09,3062646,英U21杯,时间待核,卡迪夫城U21 vs 莱切斯特城U21,,,0,0,0,0,0,0,,,,0,,,list_date < 2026-10-09,[]
V4,2026-10-09,3062659,英U21杯,时间待核,伯明翰U21 vs 哈德斯菲尔德U21,,,0,0,0,0,0,0,,,,0,,,list_date < 2026-10-09,[]
V4,2026-10-09,3062669,英U21杯,时间待核,纽卡斯尔联U21 vs 卢顿U21,,,0,0,0,0,0,0,,,,0,,,list_date < 2026-10-09,[]
V4,2026-10-09,3062670,英U21杯,时间待核,彼得堡联U21 vs 诺丁汉森林U21,,,0,0,0,0,0,0,,,,0,,,list_date < 2026-10-09,[]
V4,2026-10-09,3062682,英U21杯,时间待核,般尼U21 vs 普雷斯顿U21,,,0,0,0,0,0,0,,,,0,,,list_date < 2026-10-09,[]
V4,2026-10-09,3062683,英U21杯,时间待核,狼队U21 vs 弗利特伍德U21,,,0,0,0,0,0,0,,,,0,,,list_date < 2026-10-09,[]
V4,2026-10-09,3062694,英U21杯,时间待核,布莱顿U21 vs 谢菲尔德联队U21,,,0,0,0,0,0,0,,,,0,,,list_date < 2026-10-09,[]
V4,2026-10-09,3062695,英U21杯,时间待核,米禾尔U21 vs 西汉姆U21,,,0,0,0,0,0,0,,,,0,,,list_date < 2026-10-09,[]
V4,2026-10-09,3062705,英U21杯,时间待核,雷丁U21 vs 诺域治U21,,,0,0,0,0,0,0,,,,0,,,list_date < 2026-10-09,[]
V4,2026-10-09,3062717,英U21杯,时间待核,伊普斯维奇U21 vs 西布朗U21,,,0,0,0,0,0,0,,,,0,,,list_date < 2026-10-09,[]
V4,2026-10-09,3062728,英U21杯,时间待核,斯托克城U21 vs 查尔顿U21,,,0,0,0,0,0,0,,,,0,,,list_date < 2026-10-09,[]
V4,2026-10-09,3062736,英U21杯,时间待核,利兹联U21 vs 史托港U21,,,0,0,0,0,0,0,,,,0,,,list_date < 2026-10-09,[]
V4,2026-10-09,3100364,巴卡杯,时间待核,纳考 vs 马施利奥迪亚斯,纳考,receiving,0,0,0,0,0,0,,,,0,,,list_date < 2026-10-09,[]
V4,2026-10-09,3098088,巴圣青联,时间待核,法林明高SP青年队 vs RB巴甘蒂诺青年队,,,0,0,0,0,0,0,,,,0,,,list_date < 2026-10-09,[]
V4,2026-10-09,3098089,巴圣青联,时间待核,桑堤斯塔青年队 vs 科林蒂安青年队,,,0,0,0,0,0,0,,,,0,,,list_date < 2026-10-09,[]
V4,2026-10-09,3098090,巴圣青联,时间待核,圣安德雷青年队 vs 佐云图斯AC青年队,,,0,0,0,0,0,0,,,,0,,,list_date < 2026-10-09,[]
V4,2026-10-09,3098091,巴圣青联,时间待核,斯菲拉青年队 vs 瓜拉尼青年队,,,0,0,0,0,0,0,,,,0,,,list_date < 2026-10-09,[]
V4,2026-10-09,3098339,国际友谊,时间待核,日本女足 vs 海地女足,,,53,24,2,5,2,20,0.54347826,2.355,0.04443396,53,,,list_date < 2026-10-09,"[{'date': '2026-09-21', 'match': '多米尼克 vs 安圭拉', 'score': '1-0', 'selected_team': '多米尼克', 'settlement': '红', 'water': 0.93, 'pnl_1u': 0.93, 'roi': 0.93, 'line': '-2', 'action': 'V4最新页面A/B/C候选', 'source': 'https://www.titan007.com/'}, {'date': '2026-09-23', 'match': '秘鲁U19 vs 阿根廷U19', 'score': '0-1', 'selected_team': '秘鲁U19', 'settlement': '走', 'water': 0.96, 'pnl_1u': 0.0, 'roi': 0.0, 'line': '-1', 'action': 'V4最新页面A/B/C候选', 'source': 'https://simondongxiao.github.io/odds/v4/'}, {'date': '2026-09-24', 'match': '韩国 vs 厄瓜多尔', 'score': '3-0', 'selected_team': '韩国', 'settlement': '红', 'water': 1.05, 'pnl_1u': 1.05, 'roi': 1.05, 'line': '0.25', 'action': 'V4最新页面A/B/C候选', 'source': 'https://simondongxiao.github.io/odds/v4/'}, {'date': '2026-09-25', 'match': '澳大利亚 vs 巴西', 'score': '1-1', 'selected_team': '巴西', 'settlement': '黑', 'water': 0.81, 'pnl_1u': -1.0, 'roi': -1.0, 'line': '-1.5', 'action': 'V4最新页面A/B/C候选', 'source': 'https://simondongxiao.github.io/odds/v4/'}, {'date': '2026-09-26', 'match': '美国 vs 秘鲁', 'score': '4-1', 'selected_team': '秘鲁', 'settlement': '黑', 'water': 0.93, 'pnl_1u': -1.0, 'roi': -1.0, 'line': '1', 'action': 'V4最新页面A/B/C候选', 'source': 'https://simondongxiao.github.io/odds/v4/'}, {'date': '2026-09-27', 'match': '中国 vs 新西兰', 'score': '0-3', 'selected_team': '新西兰', 'settlement': '红', 'water': 1.03, 'pnl_1u': 1.03, 'roi': 1.03, 'line': '-0.25', 'action': 'V4最新页面A/B/C候选', 'source': 'https://simondongxiao.github.io/odds/v4/'}, {'date': '2026-09-27', 'match': '德国U19(中) vs 乌克兰U19', 'score': '0-0', 'selected_team': '乌克兰U19', 'settlement': '红', 'water': 0.95, 'pnl_1u': 0.95, 'roi': 0.95, 'line': '1', 'action': 'V4最新页面A/B/C候选', 'source': 'https://simondongxiao.github.io/odds/v4/'}, {'date': '2026-09-27', 'match': '约旦 vs 叙利亚', 'score': '1-1', 'selected_team': '叙利亚', 'settlement': '红', 'water': 0.94, 'pnl_1u': 0.94, 'roi': 0.94, 'line': '1', 'action': 'V4最新页面A/B/C候选', 'source': 'https://simondongxiao.github.io/odds/v4/'}, {'date': '2026-09-27', 'match': '玻利维亚(中) vs 巴拉圭', 'score': '0-2', 'selected_team': '巴拉圭', 'settlement': '红', 'water': 0.98, 'pnl_1u': 0.98, 'roi': 0.98, 'line': '-1.25', 'action': 'V4最新页面A/B/C候选', 'source': 'https://simondongxiao.github.io/odds/v4/'}, {'date': '2026-09-28', 'match': '哈萨克斯坦U19 vs 瑞士U19', 'score': '1-2', 'selected_team': '哈萨克斯坦U19', 'settlement': '半黑', 'water': 1.07, 'pnl_1u': -0.5, 'roi': -0.5, 'line': '-0.75', 'action': 'V4ff7d4e5版本A/B/C候选', 'source': 'https://simondongxiao.github.io/odds/v4/?v=ff7d4e5'}, {'date': '2026-09-28', 'match': '日本 vs 委内瑞拉', 'score': '2-1', 'selected_team': '日本', 'settlement': '黑', 'water': 0.98, 'pnl_1u': -1.0, 'roi': -1.0, 'line': '1.75', 'action': 'V4ff7d4e5版本A/B/C候选', 'source': 'https://simondongxiao.github.io/odds/v4/?v=ff7d4e5'}, {'date': '2026-09-28', 'match': '吉尔吉斯斯坦 vs 马尔代夫', 'score': '5-0', 'selected_team': '吉尔吉斯斯坦', 'settlement': '红', 'water': 0.97, 'pnl_1u': 0.97, 'roi': 0.97, 'line': '3', 'action': 'V4ff7d4e5版本A/B/C候选', 'source': 'https://simondongxiao.github.io/odds/v4/?v=ff7d4e5'}, {'date': '2026-09-29', 'match': '斐济女足 vs 新喀里多尼亚女足', 'score': '1-0', 'selected_team': '新喀里多尼亚女足', 'settlement': '半红', 'water': 1.19, 'pnl_1u': 0.595, 'roi': 0.595, 'line': '1.25', 'action': 'V4纸面入选-C', 'source': 'https://m.titan007.com/analy/Analysis/3094943.htm'}, {'date': '2026-09-29', 'match': '美国U19(中) vs 威尔士U19', 'score': '2-0', 'selected_team': '美国U19(中)', 'settlement': '红', 'water': 0.78, 'pnl_1u': 0.78, 'roi': 0.78, 'line': '1.5', 'action': 'V4纸面入选-C', 'source': 'https://m.titan007.com/analy/Analysis/3094944.htm'}, {'date': '2026-09-29', 'match': '墨西哥(中) vs 秘鲁', 'score': '1-1', 'selected_team': '秘鲁', 'settlement': '红', 'water': 1.02, 'pnl_1u': 1.02, 'roi': 1.02, 'line': '1', 'action': 'V4纸面入选-C', 'source': 'https://m.titan007.com/analy/Analysis/3094999.htm'}, {'date': '2026-09-30', 'match': '芬兰U19 vs 德国U19', 'score': '1-2', 'selected_team': '', 'settlement': '黑', 'water': 0.82, 'pnl_1u': -1.0, 'roi': -1.0, 'line': '', 'action': 'V4纸面入选-C', 'source': 'https://m.titan007.com/analy/Analysis/3095002.htm'}, {'date': '2026-09-30', 'match': '塞舌尔 vs 斯里兰卡', 'score': '0-2', 'selected_team': '', 'settlement': '黑', 'water': 0.82, 'pnl_1u': -1.0, 'roi': -1.0, 'line': '', 'action': 'V4纸面入选-C', 'source': 'https://m.titan007.com/analy/Analysis/3096174.htm'}, {'date': '2026-09-30', 'match': '立陶宛 vs 安道尔', 'score': '3-0', 'selected_team': '立陶宛', 'settlement': '红', 'water': 0.82, 'pnl_1u': 0.82, 'roi': 0.82, 'line': '0.75', 'action': 'V4纸面入选-C', 'source': 'https://m.titan007.com/analy/Analysis/3096176.htm'}, {'date': '2026-09-30', 'match': '阿根廷 vs 玻利维亚', 'score': '4-0', 'selected_team': '', 'settlement': '红', 'water': 1.04, 'pnl_1u': 1.04, 'roi': 1.04, 'line': '', 'action': 'V4纸面入选-C', 'source': 'https://m.titan007.com/analy/Analysis/3095418.htm'}, {'date': '2026-10-01', 'match': '波兰U19 vs 哈萨克斯坦U19', 'score': '3-0', 'selected_team': '', 'settlement': '红', 'water': 0.92, 'pnl_1u': 0.92, 'roi': 0.92, 'line': '', 'action': 'V4纸面入选-C', 'source': 'https://m.titan007.com/analy/Analysis/3095233.htm'}, {'date': '2026-10-01', 'match': '法国U19 vs 土耳其U19', 'score': '2-1', 'selected_team': '', 'settlement': '红', 'water': 0.84, 'pnl_1u': 0.84, 'roi': 0.84, 'line': '', 'action': 'V4纸面入选-C', 'source': 'https://m.titan007.com/analy/Analysis/3095234.htm'}, {'date': '2026-10-01', 'match': '乌兹别克斯坦 vs 叙利亚', 'score': '4-1', 'selected_team': '乌兹别克斯坦', 'settlement': '红', 'water': 0.95, 'pnl_1u': 0.95, 'roi': 0.95, 'line': '1.5', 'action': 'V4纸面入选-C', 'source': 'https://m.titan007.com/analy/Analysis/3095240.htm'}, {'date': '2026-10-01', 'match': '卡塔尔U19 vs 爱尔兰U19', 'score': '1-1', 'selected_team': '', 'settlement': '走', 'water': 0.67, 'pnl_1u': 0.0, 'roi': 0.0, 'line': '', 'action': 'V4纸面入选-C', 'source': 'https://m.titan007.com/analy/Analysis/3095241.htm'}, {'date': '2026-10-01', 'match': '美国U20 vs 巴西U20', 'score': '0-2', 'selected_team': '巴西U20', 'settlement': '黑', 'water': 0.84, 'pnl_1u': -1.0, 'roi': -1.0, 'line': '-0.5', 'action': 'V4纸面入选-C', 'source': 'https://m.titan007.com/analy/Analysis/3095245.htm'}, {'date': '2026-10-02', 'match': '韩国 vs 委内瑞拉', 'score': '0-0', 'selected_team': '', 'settlement': '走', 'water': 0.93, 'pnl_1u': 0.0, 'roi': 0.0, 'line': '', 'action': 'V4纸面入选-C', 'source': 'https://m.titan007.com/analy/Analysis/3095568.htm'}, {'date': '2026-10-02', 'match': '哥伦比亚(中) vs 巴拉圭', 'score': '0-1', 'selected_team': '', 'settlement': '黑', 'water': 0.9, 'pnl_1u': -1.0, 'roi': -1.0, 'line': '', 'action': 'V4纸面入选-C', 'source': 'https://m.titan007.com/analy/Analysis/3095650.htm'}, {'date': '2026-10-03', 'match': '印度 vs 巴西', 'score': '0-4', 'selected_team': '印度', 'settlement': '半黑', 'water': 1.06, 'pnl_1u': -0.5, 'roi': -0.5, 'line': '-3.75', 'action': 'V4纸面入选-C', 'source': 'https://m.titan007.com/analy/Analysis/3096945.htm'}, {'date': '2026-10-03', 'match': '俄罗斯 vs 纳米比亚', 'score': '6-0', 'selected_team': '俄罗斯', 'settlement': '红', 'water': 0.85, 'pnl_1u': 0.85, 'roi': 0.85, 'line': '2.25', 'action': 'V4纸面入选-C', 'source': 'https://m.titan007.com/analy/Analysis/3096957.htm'}, {'date': '2026-10-03', 'match': '加拿大 vs 秘鲁', 'score': '2-0', 'selected_team': '加拿大', 'settlement': '红', 'water': 1.04, 'pnl_1u': 1.04, 'roi': 1.04, 'line': '1', 'action': 'V4纸面入选-C', 'source': 'https://m.titan007.com/analy/Analysis/3096091.htm'}, {'date': '2026-10-03', 'match': '科特迪瓦 vs 喀麦隆', 'score': '0-1', 'selected_team': '科特迪瓦', 'settlement': '黑', 'water': 1.02, 'pnl_1u': -1.0, 'roi': -1.0, 'line': '0.75', 'action': 'V4纸面入选-C', 'source': 'https://m.titan007.com/analy/Analysis/3096089.htm'}, {'date': '2026-10-04', 'match': '巴西U20 vs 墨西哥U20', 'score': '4-0', 'selected_team': '巴西U20', 'settlement': '红', 'water': 0.98, 'pnl_1u': 0.98, 'roi': 0.98, 'line': '0.5', 'action': 'V4纸面入选-C', 'source': 'https://m.titan007.com/analy/Analysis/3096443.htm'}, {'date': '2026-10-04', 'match': '丹麦U20 vs 美国U20', 'score': '3-3', 'selected_team': '丹麦U20', 'settlement': '半红', 'water': 0.9, 'pnl_1u': 0.45, 'roi': 0.45, 'line': '-0.25', 'action': 'V4纸面入选-C', 'source': 'https://m.titan007.com/analy/Analysis/3096449.htm'}, {'date': '2026-10-04', 'match': '埃及 vs 南非', 'score': '0-1', 'selected_team': '埃及', 'settlement': '黑', 'water': 0.79, 'pnl_1u': -1.0, 'roi': -1.0, 'line': '0.5', 'action': 'V4纸面入选-C', 'source': 'https://m.titan007.com/analy/Analysis/3097227.htm'}, {'date': '2026-10-04', 'match': '摩洛哥 vs 马里', 'score': '1-1', 'selected_team': '摩洛哥', 'settlement': '黑', 'water': 0.9, 'pnl_1u': -1.0, 'roi': -1.0, 'line': '1.25', 'action': 'V4纸面入选-C', 'source': 'https://m.titan007.com/analy/Analysis/3097230.htm'}, {'date': '2026-10-05', 'match': '巴拿马 vs 厄瓜多尔', 'score': '1-1', 'selected_team': '巴拿马', 'settlement': '红', 'water': 0.99, 'pnl_1u': 0.99, 'roi': 0.99, 'line': '-0.75', 'action': 'V4纸面入选-C', 'source': 'https://m.titan007.com/analy/Analysis/3097300.htm'}, {'date': '2026-10-05', 'match': '日本 vs 新西兰', 'score': '2-1', 'selected_team': '日本', 'settlement': '黑', 'water': 1, 'pnl_1u': -1.0, 'roi': -1.0, 'line': '2', 'action': 'V4纸面入选-C', 'source': 'https://m.titan007.com/analy/Analysis/3097301.htm'}, {'date': '2026-10-05', 'match': '英格兰U19 vs 比利时U19', 'score': '0-1', 'selected_team': '英格兰U19', 'settlement': '黑', 'water': 0.85, 'pnl_1u': -1.0, 'roi': -1.0, 'line': '1.25', 'action': 'V4纸面入选-C', 'source': 'https://m.titan007.com/analy/Analysis/3097293.htm'}, {'date': '2026-10-05', 'match': '乌干达 vs 刚果民主共和国', 'score': '1-1', 'selected_team': '乌干达', 'settlement': '红', 'water': 0.95, 'pnl_1u': 0.95, 'roi': 0.95, 'line': '-0.5', 'action': 'V4纸面入选-C', 'source': 'https://m.titan007.com/analy/Analysis/3097741.htm'}, {'date': '2026-10-05', 'match': '黑山U19 vs 以色列U19', 'score': '0-1', 'selected_team': '黑山U19', 'settlement': '黑', 'water': 0.78, 'pnl_1u': -1.0, 'roi': -1.0, 'line': '-0.5', 'action': 'V4纸面入选-C', 'source': 'https://m.titan007.com/analy/Analysis/3097742.htm'}, {'date': '2026-10-05', 'match': '格鲁吉亚U19 vs 拉脱维亚U19', 'score': '1-1', 'selected_team': '', 'settlement': '走', 'water': 0.75, 'pnl_1u': 0.0, 'roi': 0.0, 'line': '', 'action': 'V4纸面入选-C', 'source': 'https://m.titan007.com/analy/Analysis/3097745.htm'}, {'date': '2026-10-05', 'match': '塞尔维亚U21 vs 俄罗斯U21', 'score': '2-1', 'selected_team': '塞尔维亚U21', 'settlement': '红', 'water': 0.8, 'pnl_1u': 0.8, 'roi': 0.8, 'line': '-0.25', 'action': 'V4纸面入选-C', 'source': 'https://m.titan007.com/analy/Analysis/3097747.htm'}, {'date': '2026-10-06', 'match': '沙特阿拉伯U20 vs 亚美尼亚U20', 'score': '0-0', 'selected_team': '沙特阿拉伯U20', 'settlement': '黑', 'water': 1, 'pnl_1u': -1.0, 'roi': -1.0, 'line': '1.25', 'action': 'V4纸面入选-C', 'source': 'https://m.titan007.com/analy/Analysis/3097372.htm'}, {'date': '2026-10-06', 'match': '韩国 vs 乌兹别克斯坦', 'score': '2-0', 'selected_team': '韩国', 'settlement': '红', 'water': 0.94, 'pnl_1u': 0.94, 'roi': 0.94, 'line': '0.75', 'action': 'V4纸面入选-C', 'source': 'https://m.titan007.com/analy/Analysis/3097375.htm'}, {'date': '2026-10-06', 'match': '中国 vs 塔吉克斯坦', 'score': '0-1', 'selected_team': '中国', 'settlement': '黑', 'water': 1, 'pnl_1u': -1.0, 'roi': -1.0, 'line': '0.75', 'action': 'V4纸面入选-C', 'source': 'https://m.titan007.com/analy/Analysis/3091499.htm'}, {'date': '2026-10-06', 'match': '葡萄牙U19 vs 奥地利U19', 'score': '4-0', 'selected_team': '葡萄牙U19', 'settlement': '红', 'water': 0.87, 'pnl_1u': 0.87, 'roi': 0.87, 'line': '0.5', 'action': 'V4纸面入选-C', 'source': 'https://m.titan007.com/analy/Analysis/3097381.htm'}, {'date': '2026-10-06', 'match': '印度(中) vs 乌拉圭', 'score': '1-6', 'selected_team': '印度(中)', 'settlement': '黑', 'water': 0.91, 'pnl_1u': -1.0, 'roi': -1.0, 'line': '-3.5', 'action': 'V4纸面入选-C', 'source': 'https://m.titan007.com/analy/Analysis/3097388.htm'}, {'date': '2026-10-06', 'match': '俄罗斯 vs 尼日利亚', 'score': '3-3', 'selected_team': '俄罗斯', 'settlement': '黑', 'water': 0.91, 'pnl_1u': -1.0, 'roi': -1.0, 'line': '1', 'action': 'V4纸面入选-C', 'source': 'https://m.titan007.com/analy/Analysis/3097390.htm'}, {'date': '2026-10-06', 'match': '约旦 vs 委内瑞拉', 'score': '0-0', 'selected_team': '', 'settlement': '走', 'water': 0.89, 'pnl_1u': 0.0, 'roi': 0.0, 'line': '', 'action': 'V4纸面入选-C', 'source': 'https://m.titan007.com/analy/Analysis/3097384.htm'}, {'date': '2026-10-06', 'match': '阿尔及利亚 vs 尼日尔', 'score': '2-1', 'selected_team': '阿尔及利亚', 'settlement': '黑', 'water': 0.87, 'pnl_1u': -1.0, 'roi': -1.0, 'line': '1.75', 'action': 'V4纸面入选-C', 'source': 'https://m.titan007.com/analy/Analysis/3097385.htm'}, {'date': '2026-10-06', 'match': '阿根廷(中) vs 贝宁', 'score': '0-0', 'selected_team': '贝宁', 'settlement': '红', 'water': 0.87, 'pnl_1u': 0.87, 'roi': 0.87, 'line': '4.5', 'action': 'V4纸面入选-C', 'source': 'https://m.titan007.com/analy/Analysis/3097387.htm'}, {'date': '2026-10-06', 'match': '哥伦比亚(中) vs 秘鲁', 'score': '0-0', 'selected_team': '哥伦比亚(中)', 'settlement': '黑', 'water': 0.9, 'pnl_1u': -1.0, 'roi': -1.0, 'line': '1.25', 'action': 'V4纸面入选-C', 'source': 'https://m.titan007.com/analy/Analysis/3097386.htm'}, {'date': '2026-10-06', 'match': '美国(中) vs 加拿大', 'score': '1-0', 'selected_team': '美国(中)', 'settlement': '红', 'water': 0.8, 'pnl_1u': 0.8, 'roi': 0.8, 'line': '0.5', 'action': 'V4纸面入选-C', 'source': 'https://m.titan007.com/analy/Analysis/3097883.htm'}, {'date': '2026-10-07', 'match': '墨西哥(中) vs 智利', 'score': '0-2', 'selected_team': '墨西哥(中)', 'settlement': '黑', 'water': 1, 'pnl_1u': -1.0, 'roi': -1.0, 'line': '1', 'action': 'V4纸面入选-C', 'source': 'https://m.titan007.com/analy/Analysis/3097882.htm'}]"
V4,2026-10-09,3098072,里约乙,时间待核,贡卡伦斯 vs 阿特苏尔,,,3,2,0,0,0,1,0.66666667,0.93,0.31,3,,,list_date < 2026-10-09,"[{'date': '2026-10-05', 'match': '巴拉曼萨 vs 卡多佐莫雷拉RJ', 'score': '0-0', 'selected_team': '巴拉曼萨', 'settlement': '红', 'water': 0.93, 'pnl_1u': 0.93, 'roi': 0.93, 'line': '-0.5', 'action': 'V4纸面入选-B', 'source': 'https://m.titan007.com/analy/Analysis/3097272.htm'}, {'date': '2026-10-05', 'match': '坎波斯AA vs 布奥斯', 'score': '3-1', 'selected_team': '坎波斯AA', 'settlement': '红', 'water': 1, 'pnl_1u': 1.0, 'roi': 1.0, 'line': '0.75', 'action': 'V4纸面入选-C', 'source': 'https://m.titan007.com/analy/Analysis/3097273.htm'}, {'date': '2026-10-05', 'match': '帕拉蒂RJ vs 里约热内卢', 'score': '0-4', 'selected_team': '帕拉蒂RJ', 'settlement': '黑', 'water': 1, 'pnl_1u': -1.0, 'roi': -1.0, 'line': '-0.25', 'action': 'V4纸面入选-B', 'source': 'https://m.titan007.com/analy/Analysis/3097275.htm'}]"
V4,2026-10-09,3000950,瑞士甲,时间待核,卡鲁日星 vs 伊韦尔东,,,2,0,0,0,0,2,0.0,-2.0,-1.0,2,,,list_date < 2026-10-09,"[{'date': '2026-09-18', 'match': '韦尔 vs 尼奈斯', 'score': '5-0', 'selected_team': '尼奈斯', 'settlement': '黑', 'water': 1.28, 'pnl_1u': -1.0, 'roi': -1.0, 'line': '0.75', 'action': 'V4纸面入选-B', 'source': 'https://zq.titan007.com/analysis/3000946cn.htm'}, {'date': '2026-09-18', 'match': '温特图尔 vs 阿劳', 'score': '2-1', 'selected_team': '阿劳', 'settlement': '黑', 'water': 1.02, 'pnl_1u': -1.0, 'roi': -1.0, 'line': '0.25', 'action': 'V4纸面入选-C', 'source': 'https://zq.titan007.com/analysis/3000948cn.htm'}]"
V4,2026-10-09,3000953,瑞士甲,时间待核,尼奈斯 vs 阿劳,,,2,0,0,0,0,2,0.0,-2.0,-1.0,2,,,list_date < 2026-10-09,"[{'date': '2026-09-18', 'match': '韦尔 vs 尼奈斯', 'score': '5-0', 'selected_team': '尼奈斯', 'settlement': '黑', 'water': 1.28, 'pnl_1u': -1.0, 'roi': -1.0, 'line': '0.75', 'action': 'V4纸面入选-B', 'source': 'https://zq.titan007.com/analysis/3000946cn.htm'}, {'date': '2026-09-18', 'match': '温特图尔 vs 阿劳', 'score': '2-1', 'selected_team': '阿劳', 'settlement': '黑', 'water': 1.02, 'pnl_1u': -1.0, 'roi': -1.0, 'line': '0.25', 'action': 'V4纸面入选-C', 'source': 'https://zq.titan007.com/analysis/3000948cn.htm'}]"
V4,2026-10-09,3098133,世女欧预,时间待核,比利时女足 vs 波兰女足,,,0,0,0,0,0,0,,,,0,,,list_date < 2026-10-09,[]
V4,2026-10-09,3019780,瑞士丙,时间待核,波塔尔邦 vs 科夫拉纳,,,0,0,0,0,0,0,,,,0,,,list_date < 2026-10-09,[]
V4,2026-10-09,3018823,德甲,时间待核,多特蒙德 vs 云达不莱梅,多特蒙德,giving,3,3,0,0,0,0,1.0,2.98,0.99333333,3,,,list_date < 2026-10-09,"[{'date': '2026-09-13', 'match': 'RB莱比锡 vs 汉堡', 'score': '5-0', 'selected_team': 'RB莱比锡', 'settlement': '红', 'water': 0.97, 'pnl_1u': 0.97, 'roi': 0.97, 'line': '1.5', 'action': 'V4纸面入选-C', 'source': 'https://m.titan007.com/analy/Analysis/3018811.htm'}, {'date': '2026-09-18', 'match': '拜仁慕尼黑 vs 柏林联合', 'score': '7-0', 'selected_team': '拜仁慕尼黑', 'settlement': '红', 'water': 1.01, 'pnl_1u': 1.01, 'roi': 1.01, 'line': '3.75', 'action': 'V4纸面入选-A', 'source': 'https://zq.titan007.com/analysis/3018814cn.htm'}, {'date': '2026-09-20', 'match': '帕德博恩 vs 霍芬海姆', 'score': '3-1', 'selected_team': '帕德博恩', 'settlement': '红', 'water': 1, 'pnl_1u': 1.0, 'roi': 1.0, 'line': '-0.75', 'action': 'V4纸面入选-C', 'source': 'https://zq.titan007.com/analysis/3018818cn.htm'}]"
V4,2026-10-09,3040756,意乙,时间待核,阿维利诺 vs 桑普多利亚,,,3,0,0,1,1,1,0.0,-1.5,-0.5,3,,,list_date < 2026-10-09,"[{'date': '2026-09-19', 'match': '巴勒莫 vs 帕多瓦', 'score': '2-1', 'selected_team': '帕多瓦', 'settlement': '走', 'water': 0.93, 'pnl_1u': 0.0, 'roi': 0.0, 'line': '1', 'action': 'V4纸面入选-C', 'source': 'https://zq.titan007.com/analysis/3040752cn.htm'}, {'date': '2026-09-19', 'match': '阿斯科利 vs 阿维利诺', 'score': '3-1', 'selected_team': '阿维利诺', 'settlement': '黑', 'water': 1.04, 'pnl_1u': -1.0, 'roi': -1.0, 'line': '0.25', 'action': 'V4纸面入选-C', 'source': 'https://zq.titan007.com/analysis/3040746cn.htm'}, {'date': '2026-09-20', 'match': '摩德纳 vs 恩波利', 'score': '2-1', 'selected_team': '恩波利', 'settlement': '半黑', 'water': 1.08, 'pnl_1u': -0.5, 'roi': -0.5, 'line': '0.75', 'action': 'V4纸面入选-C', 'source': 'https://zq.titan007.com/analysis/3040751cn.htm'}]"
V4,2026-10-09,3017916,奥乙,时间待核,第一维也纳 vs 圣珀尔滕,,,3,2,0,0,0,1,0.66666667,1.08,0.36,3,,,list_date < 2026-10-09,"[{'date': '2026-09-18', 'match': '弗洛里茨多夫 vs 列弗宁', 'score': '4-0', 'selected_team': '弗洛里茨多夫', 'settlement': '红', 'water': 1.03, 'pnl_1u': 1.03, 'roi': 1.03, 'line': '0.25', 'action': 'V4纸面入选-C', 'source': 'https://zq.titan007.com/analysis/3017908cn.htm'}, {'date': '2026-09-18', 'match': 'BW林茨 vs 阿德米拉', 'score': '3-0', 'selected_team': 'BW林茨', 'settlement': '红', 'water': 1.05, 'pnl_1u': 1.05, 'roi': 1.05, 'line': '1.25', 'action': 'V4纸面入选-C', 'source': 'https://zq.titan007.com/analysis/3017907cn.htm'}, {'date': '2026-09-19', 'match': '禾斯贝治 vs 奥地利萨尔斯堡', 'score': '2-1', 'selected_team': '奥地利萨尔斯堡', 'settlement': '黑', 'water': 1.02, 'pnl_1u': -1.0, 'roi': -1.0, 'line': '0.25', 'action': 'V4纸面入选-C', 'source': 'https://zq.titan007.com/analysis/3017905cn.htm'}]"
V4,2026-10-09,3003167,波兰超,时间待核,琴斯托霍瓦 vs GKS卡托威斯,,,4,2,1,0,1,0,0.83333333,2.035,0.50875,4,,,list_date < 2026-10-09,"[{'date': '2026-09-15', 'match': '琴斯托霍瓦 vs 卢宾扎格勒比', 'score': '2-3', 'selected_team': '卢宾扎格勒比', 'settlement': '红', 'water': 1.04, 'pnl_1u': 1.04, 'roi': 1.04, 'line': '0.5', 'action': 'V4纸面入选-C', 'source': 'https://footballnation.eu/match/ekstraklasa/2026/792906/'}, {'date': '2026-09-18', 'match': '克拉科夫 vs 史拉斯科', 'score': '2-1', 'selected_team': '史拉斯科', 'settlement': '半黑', 'water': 1.11, 'pnl_1u': -0.5, 'roi': -0.5, 'line': '0.75', 'action': 'V4纸面入选-C', 'source': 'https://zq.titan007.com/analysis/3003159cn.htm'}, {'date': '2026-09-19', 'match': '莫托路宾 vs 扎布热矿工', 'score': '0-0', 'selected_team': '莫托路宾', 'settlement': '半红', 'water': 1.01, 'pnl_1u': 0.505, 'roi': 0.505, 'line': '-0.25', 'action': 'V4纸面入选-C', 'source': 'https://zq.titan007.com/analysis/3003156cn.htm'}, {'date': '2026-09-20', 'match': '波兹南莱赫 vs 拉多麦科', 'score': '5-1', 'selected_team': '波兹南莱赫', 'settlement': '红', 'water': 0.99, 'pnl_1u': 0.99, 'roi': 0.99, 'line': '1.5', 'action': 'V4纸面入选-B', 'source': 'https://zq.titan007.com/analysis/3003155cn.htm'}]"
V4,2026-10-09,3005003,波兰甲,时间待核,保德比斯基 vs 西德尔策,,,1,1,0,0,0,0,1.0,1.04,1.04,1,,,list_date < 2026-10-09,"[{'date': '2026-09-19', 'match': '马特斯 vs 斯塔泽舒夫', 'score': '2-3', 'selected_team': '斯塔泽舒夫', 'settlement': '红', 'water': 1.04, 'pnl_1u': 1.04, 'roi': 1.04, 'line': '0.75', 'action': 'V4纸面入选-C', 'source': 'https://zq.titan007.com/analysis/3004992cn.htm'}]"
V4,2026-10-09,3050582,意丙,时间待核,布雷西亚 vs 韦尔切利,布雷西亚,giving,16,3,2,1,2,8,0.30769231,-5.4,-0.3375,16,严重：历史有效胜率<45%,严重：历史有效胜率<45%,list_date < 2026-10-09,"[{'date': '2026-09-15', 'match': '久加连奴 vs 科森扎', 'score': '5-2', 'selected_team': '科森扎', 'settlement': '黑', 'water': 1.02, 'pnl_1u': -1.0, 'roi': -1.0, 'line': '0.25', 'action': 'V4纸面入选-C', 'source': 'https://www.corrieredellacalabria.it/2026/09/15/notte-fonda-cosenza-travolto-a-giugliano-quattro-sconfitte-in-cinque-gare/'}, {'date': '2026-09-15', 'match': '巴勒塔 vs 萨勒尼塔纳', 'score': '1-1', 'selected_team': '萨勒尼塔纳', 'settlement': '半黑', 'water': 1.14, 'pnl_1u': -0.5, 'roi': -0.5, 'line': '-0.25', 'action': 'V4纸面入选-B', 'source': 'https://www.calciosalernitana.it/2026/09/15/barletta-salernitana-1-1-pari-e-rimpianti-celiento-riacciuffa-i-pugliesi/'}, {'date': '2026-09-17', 'match': '吉安纳 vs 特伦托', 'score': '2-2', 'selected_team': '吉安纳', 'settlement': '半红', 'water': 1, 'pnl_1u': 0.5, 'roi': 0.5, 'line': '-0.25', 'action': 'V4纸面入选-C', 'source': 'https://www.actrento.com/pari-2-2-con-la-giana-erminio-per-il-trento-segnano-sodero-e-garetto/'}, {'date': '2026-09-20', 'match': '格罗瑟托 vs 佩鲁贾', 'score': '2-0', 'selected_team': '佩鲁贾', 'settlement': '黑', 'water': 1.03, 'pnl_1u': -1.0, 'roi': -1.0, 'line': '-0.25', 'action': 'V4纸面入选-C', 'source': 'https://zq.titan007.com/analysis/3050934cn.htm'}, {'date': '2026-10-03', 'match': '奇塔代拉 vs 阿尔比诺勒菲', 'score': '1-2', 'selected_team': '奇塔代拉', 'settlement': '黑', 'water': 0.75, 'pnl_1u': -1.0, 'roi': -1.0, 'line': '0.75', 'action': 'V4纸面入选-B', 'source': 'https://m.titan007.com/analy/Analysis/3050573.htm'}, {'date': '2026-10-03', 'match': '阿济纳诺基安波 vs 帕格特斯', 'score': '2-2', 'selected_team': '阿济纳诺基安波', 'settlement': '黑', 'water': 0.92, 'pnl_1u': -1.0, 'roi': -1.0, 'line': '0.5', 'action': 'V4纸面入选-B', 'source': 'https://m.titan007.com/analy/Analysis/3050572.htm'}, {'date': '2026-10-03', 'match': '格罗瑟托 vs 萨比尼迪特斯', 'score': '1-3', 'selected_team': '格罗瑟托', 'settlement': '黑', 'water': 0.85, 'pnl_1u': -1.0, 'roi': -1.0, 'line': '0.75', 'action': 'V4纸面入选-B', 'source': 'https://m.titan007.com/analy/Analysis/3050953.htm'}, {'date': '2026-10-03', 'match': '摩诺波利 vs 萨沃亚', 'score': '0-0', 'selected_team': '摩诺波利', 'settlement': '黑', 'water': 0.76, 'pnl_1u': -1.0, 'roi': -1.0, 'line': '0.5', 'action': 'V4纸面入选-B', 'source': 'https://m.titan007.com/analy/Analysis/3051337.htm'}, {'date': '2026-10-03', 'match': '卡塔尼亚 vs 克罗托内', 'score': '2-1', 'selected_team': '卡塔尼亚', 'settlement': '走', 'water': 0.93, 'pnl_1u': 0.0, 'roi': 0.0, 'line': '1', 'action': 'V4纸面入选-B', 'source': 'https://m.titan007.com/analy/Analysis/3051332.htm'}, {'date': '2026-10-03', 'match': '奥斯皮塔莱托 vs AC雷纳特', 'score': '1-1', 'selected_team': '奥斯皮塔莱托', 'settlement': '半黑', 'water': 0.86, 'pnl_1u': -0.5, 'roi': -0.5, 'line': '0.25', 'action': 'V4纸面入选-B', 'source': 'https://m.titan007.com/analy/Analysis/3050578.htm'}, {'date': '2026-10-04', 'match': '莱科 vs 布雷西亚', 'score': '2-2', 'selected_team': '莱科', 'settlement': '红', 'water': 0.88, 'pnl_1u': 0.88, 'roi': 0.88, 'line': '-0.5', 'action': 'V4纸面入选-B', 'source': 'https://m.titan007.com/analy/Analysis/3050577.htm'}, {'date': '2026-10-04', 'match': '特雷维索 vs 吉安纳', 'score': '0-0', 'selected_team': '特雷维索', 'settlement': '黑', 'water': 0.79, 'pnl_1u': -1.0, 'roi': -1.0, 'line': '0.5', 'action': 'V4纸面入选-B', 'source': 'https://m.titan007.com/analy/Analysis/3050580.htm'}, {'date': '2026-10-04', 'match': '圭多尼亚 vs 皮内托', 'score': '1-0', 'selected_team': '圭多尼亚', 'settlement': '红', 'water': 0.89, 'pnl_1u': 0.89, 'roi': 0.89, 'line': '0.25', 'action': 'V4纸面入选-B', 'source': 'https://m.titan007.com/analy/Analysis/3050955.htm'}, {'date': '2026-10-04', 'match': '皮阿尼斯 vs 拉维纳', 'score': '2-1', 'selected_team': '皮阿尼斯', 'settlement': '红', 'water': 0.85, 'pnl_1u': 0.85, 'roi': 0.85, 'line': '-0.75', 'action': 'V4纸面入选-B', 'source': 'https://m.titan007.com/analy/Analysis/3050958.htm'}, {'date': '2026-10-04', 'match': '阿尔希欧蕾 vs 特伦托', 'score': '2-2', 'selected_team': '阿尔希欧蕾', 'settlement': '半红', 'water': 0.96, 'pnl_1u': 0.48, 'roi': 0.48, 'line': '-0.25', 'action': 'V4纸面入选-B', 'source': 'https://m.titan007.com/analy/Analysis/3050571.htm'}, {'date': '2026-10-04', 'match': '切里尼奥拉 vs 阿尔塔穆拉', 'score': '0-0', 'selected_team': '切里尼奥拉', 'settlement': '黑', 'water': 0.93, 'pnl_1u': -1.0, 'roi': -1.0, 'line': '0.75', 'action': 'V4纸面入选-B', 'source': 'https://m.titan007.com/analy/Analysis/3051331.htm'}]"
V4,2026-10-09,3079017,西丁,时间待核,多尼兹特贝 vs 艾古亚斯谷,,,17,4,3,2,1,7,0.42307692,-2.88,-0.16941176,17,严重：历史有效胜率<45%,严重：历史有效胜率<45%,list_date < 2026-10-09,"[{'date': '2026-09-27', 'match': '苏比扎 vs 西尔波内罗', 'score': '2-0', 'selected_team': '西尔波内罗', 'settlement': '黑', 'water': 0.98, 'pnl_1u': -1.0, 'roi': -1.0, 'line': '0.75', 'action': 'V4最新页面A/B/C候选', 'source': 'https://simondongxiao.github.io/odds/v4/'}, {'date': '2026-09-27', 'match': '卡斯特洛 vs 米内罗竞技队', 'score': '0-2', 'selected_team': '米内罗竞技队', 'settlement': '红', 'water': 0.9, 'pnl_1u': 0.9, 'roi': 0.9, 'line': '1', 'action': 'V4最新页面A/B/C候选', 'source': 'https://simondongxiao.github.io/odds/v4/'}, {'date': '2026-09-27', 'match': '巴达隆纳 vs 圣克里斯托瓦尔', 'score': '4-0', 'selected_team': '圣克里斯托瓦尔', 'settlement': '黑', 'water': 0.85, 'pnl_1u': -1.0, 'roi': -1.0, 'line': '1', 'action': 'V4最新页面A/B/C候选', 'source': 'https://simondongxiao.github.io/odds/v4/'}, {'date': '2026-10-04', 'match': '卡泰真拿B队 vs CD阿尔嘉德', 'score': '1-2', 'selected_team': '卡泰真拿B队', 'settlement': '黑', 'water': 0.88, 'pnl_1u': -1.0, 'roi': -1.0, 'line': '1.25', 'action': 'V4纸面入选-C', 'source': 'https://m.titan007.com/analy/Analysis/3060617.htm'}, {'date': '2026-10-04', 'match': '曼彻格城 vs 艾曼沙', 'score': '1-0', 'selected_team': '曼彻格城', 'settlement': '半红', 'water': 0.76, 'pnl_1u': 0.38, 'roi': 0.38, 'line': '0.75', 'action': 'V4纸面入选-C', 'source': 'https://m.titan007.com/analy/Analysis/3060307.htm'}, {'date': '2026-10-04', 'match': '希洪竞技B队 vs 兰格勒奥', 'score': '1-1', 'selected_team': '', 'settlement': '走', 'water': 0.92, 'pnl_1u': 0.0, 'roi': 0.0, 'line': '', 'action': 'V4纸面入选-C', 'source': 'https://m.titan007.com/analy/Analysis/3082309.htm'}, {'date': '2026-10-04', 'match': '利阿达 vs 阿维莱斯体育场', 'score': '2-0', 'selected_team': '利阿达', 'settlement': '红', 'water': 0.92, 'pnl_1u': 0.92, 'roi': 0.92, 'line': '1.25', 'action': 'V4纸面入选-C', 'source': 'https://m.titan007.com/analy/Analysis/3082310.htm'}, {'date': '2026-10-04', 'match': '豪斯彼得利特 vs 莫列鲁萨', 'score': '0-0', 'selected_team': '豪斯彼得利特', 'settlement': '黑', 'water': 0.92, 'pnl_1u': -1.0, 'roi': -1.0, 'line': '1', 'action': 'V4纸面入选-C', 'source': 'https://m.titan007.com/analy/Analysis/3030687.htm'}, {'date': '2026-10-04', 'match': '蒙塔尼萨 vs 莱斯卡拉', 'score': '0-0', 'selected_team': '蒙塔尼萨', 'settlement': '半黑', 'water': 0.78, 'pnl_1u': -0.5, 'roi': -0.5, 'line': '0.25', 'action': 'V4纸面入选-C', 'source': 'https://m.titan007.com/analy/Analysis/3030688.htm'}, {'date': '2026-10-04', 'match': '圣克里斯托瓦尔 vs 格拉马', 'score': '0-0', 'selected_team': '圣克里斯托瓦尔', 'settlement': '半红', 'water': 0.73, 'pnl_1u': 0.365, 'roi': 0.365, 'line': '-0.25', 'action': 'V4纸面入选-C', 'source': 'https://m.titan007.com/analy/Analysis/3030689.htm'}, {'date': '2026-10-04', 'match': '克瑞斯图竞技 vs 尤尼恩斯塔斯CF B', 'score': '3-0', 'selected_team': '克瑞斯图竞技', 'settlement': '红', 'water': 0.83, 'pnl_1u': 0.83, 'roi': 0.83, 'line': '0.75', 'action': 'V4纸面入选-C', 'source': 'https://m.titan007.com/analy/Analysis/3080241.htm'}, {'date': '2026-10-04', 'match': '伊比萨岛 vs 缚汶特拉', 'score': '2-0', 'selected_team': '', 'settlement': '红', 'water': 0.85, 'pnl_1u': 0.85, 'roi': 0.85, 'line': '', 'action': 'V4纸面入选-C', 'source': 'https://m.titan007.com/analy/Analysis/3078385.htm'}, {'date': '2026-10-04', 'match': '莱万特体育会 vs 克维伦特', 'score': '0-0', 'selected_team': '莱万特体育会', 'settlement': '黑', 'water': 0.77, 'pnl_1u': -1.0, 'roi': -1.0, 'line': '0.75', 'action': 'V4纸面入选-C', 'source': 'https://m.titan007.com/analy/Analysis/3079930.htm'}, {'date': '2026-10-04', 'match': 'CD 加拉帕加尔 vs 卡拉波苏埃洛', 'score': '1-3', 'selected_team': '', 'settlement': '黑', 'water': 0.87, 'pnl_1u': -1.0, 'roi': -1.0, 'line': '', 'action': 'V4纸面入选-C', 'source': 'https://m.titan007.com/analy/Analysis/3078074.htm'}, {'date': '2026-10-04', 'match': '拉卡扎达 vs 科米利亚斯', 'score': '1-0', 'selected_team': '拉卡扎达', 'settlement': '半红', 'water': 0.75, 'pnl_1u': 0.375, 'roi': 0.375, 'line': '0.75', 'action': 'V4纸面入选-C', 'source': 'https://m.titan007.com/analy/Analysis/3079621.htm'}, {'date': '2026-10-04', 'match': '昆坦拿 vs 比利亚体育', 'score': '0-2', 'selected_team': '昆坦拿', 'settlement': '黑', 'water': 0.83, 'pnl_1u': -1.0, 'roi': -1.0, 'line': '0.75', 'action': 'V4纸面入选-C', 'source': 'https://m.titan007.com/analy/Analysis/3060312.htm'}, {'date': '2026-10-04', 'match': '奇克拉纳 vs 塞维利亚C队', 'score': '1-1', 'selected_team': '', 'settlement': '走', 'water': 0.9, 'pnl_1u': 0.0, 'roi': 0.0, 'line': '', 'action': 'V4纸面入选-C', 'source': 'https://m.titan007.com/analy/Analysis/3082682.htm'}]"
V4,2026-10-09,3069765,比U21,时间待核,法郎波兰斯U21 vs 布鲁塞尔U21,,,0,0,0,0,0,0,,,,0,,,list_date < 2026-10-09,[]
V4,2026-10-09,3069766,比U21,时间待核,韦斯达路U21 vs 科特赖克U21,,,0,0,0,0,0,0,,,,0,,,list_date < 2026-10-09,[]
V4,2026-10-09,3070307,比女甲,时间待核,皇家白星女足 vs 海尔克哈塞尔特女足,,,0,0,0,0,0,0,,,,0,,,list_date < 2026-10-09,[]
V4,2026-10-09,3070308,比女甲,时间待核,维斯特洛女足 vs 梅赫伦女足,,,0,0,0,0,0,0,,,,0,,,list_date < 2026-10-09,[]
V4,2026-10-09,3100414,爱尔高联,时间待核,蒙彼利埃足球俱乐部 vs 托尔卡流浪,,,1,1,0,0,0,0,1.0,0.95,0.95,1,,,list_date < 2026-10-09,"[{'date': '2026-10-06', 'match': '维拉FC vs CK联合', 'score': '4-0', 'selected_team': '', 'settlement': '红', 'water': 0.95, 'pnl_1u': 0.95, 'roi': 0.95, 'line': '', 'action': 'V4纸面入选-C', 'source': 'https://m.titan007.com/analy/Analysis/3099858.htm'}]"
V4,2026-10-09,3021431,威冠南,时间待核,亚分利多 vs 斯旺西大学,,,2,0,0,0,0,2,0.0,-2.0,-1.0,2,,,list_date < 2026-10-09,"[{'date': '2026-10-02', 'match': '卡马顿 vs 马奇奥', 'score': '1-2', 'selected_team': '卡马顿', 'settlement': '黑', 'water': 0.9, 'pnl_1u': -1.0, 'roi': -1.0, 'line': '1', 'action': 'V4纸面入选-C', 'source': 'https://m.titan007.com/analy/Analysis/3021423.htm'}, {'date': '2026-10-02', 'match': '兰内里 vs 巴格兰龙', 'score': '1-2', 'selected_team': '', 'settlement': '黑', 'water': 0.8, 'pnl_1u': -1.0, 'roi': -1.0, 'line': '', 'action': 'V4纸面入选-C', 'source': 'https://m.titan007.com/analy/Analysis/3021424.htm'}]"
V4,2026-10-09,3098098,国际友谊,时间待核,德国女足 vs 澳大利亚女足,,,53,24,2,5,2,20,0.54347826,2.355,0.04443396,53,,,list_date < 2026-10-09,"[{'date': '2026-09-21', 'match': '多米尼克 vs 安圭拉', 'score': '1-0', 'selected_team': '多米尼克', 'settlement': '红', 'water': 0.93, 'pnl_1u': 0.93, 'roi': 0.93, 'line': '-2', 'action': 'V4最新页面A/B/C候选', 'source': 'https://www.titan007.com/'}, {'date': '2026-09-23', 'match': '秘鲁U19 vs 阿根廷U19', 'score': '0-1', 'selected_team': '秘鲁U19', 'settlement': '走', 'water': 0.96, 'pnl_1u': 0.0, 'roi': 0.0, 'line': '-1', 'action': 'V4最新页面A/B/C候选', 'source': 'https://simondongxiao.github.io/odds/v4/'}, {'date': '2026-09-24', 'match': '韩国 vs 厄瓜多尔', 'score': '3-0', 'selected_team': '韩国', 'settlement': '红', 'water': 1.05, 'pnl_1u': 1.05, 'roi': 1.05, 'line': '0.25', 'action': 'V4最新页面A/B/C候选', 'source': 'https://simondongxiao.github.io/odds/v4/'}, {'date': '2026-09-25', 'match': '澳大利亚 vs 巴西', 'score': '1-1', 'selected_team': '巴西', 'settlement': '黑', 'water': 0.81, 'pnl_1u': -1.0, 'roi': -1.0, 'line': '-1.5', 'action': 'V4最新页面A/B/C候选', 'source': 'https://simondongxiao.github.io/odds/v4/'}, {'date': '2026-09-26', 'match': '美国 vs 秘鲁', 'score': '4-1', 'selected_team': '秘鲁', 'settlement': '黑', 'water': 0.93, 'pnl_1u': -1.0, 'roi': -1.0, 'line': '1', 'action': 'V4最新页面A/B/C候选', 'source': 'https://simondongxiao.github.io/odds/v4/'}, {'date': '2026-09-27', 'match': '中国 vs 新西兰', 'score': '0-3', 'selected_team': '新西兰', 'settlement': '红', 'water': 1.03, 'pnl_1u': 1.03, 'roi': 1.03, 'line': '-0.25', 'action': 'V4最新页面A/B/C候选', 'source': 'https://simondongxiao.github.io/odds/v4/'}, {'date': '2026-09-27', 'match': '德国U19(中) vs 乌克兰U19', 'score': '0-0', 'selected_team': '乌克兰U19', 'settlement': '红', 'water': 0.95, 'pnl_1u': 0.95, 'roi': 0.95, 'line': '1', 'action': 'V4最新页面A/B/C候选', 'source': 'https://simondongxiao.github.io/odds/v4/'}, {'date': '2026-09-27', 'match': '约旦 vs 叙利亚', 'score': '1-1', 'selected_team': '叙利亚', 'settlement': '红', 'water': 0.94, 'pnl_1u': 0.94, 'roi': 0.94, 'line': '1', 'action': 'V4最新页面A/B/C候选', 'source': 'https://simondongxiao.github.io/odds/v4/'}, {'date': '2026-09-27', 'match': '玻利维亚(中) vs 巴拉圭', 'score': '0-2', 'selected_team': '巴拉圭', 'settlement': '红', 'water': 0.98, 'pnl_1u': 0.98, 'roi': 0.98, 'line': '-1.25', 'action': 'V4最新页面A/B/C候选', 'source': 'https://simondongxiao.github.io/odds/v4/'}, {'date': '2026-09-28', 'match': '哈萨克斯坦U19 vs 瑞士U19', 'score': '1-2', 'selected_team': '哈萨克斯坦U19', 'settlement': '半黑', 'water': 1.07, 'pnl_1u': -0.5, 'roi': -0.5, 'line': '-0.75', 'action': 'V4ff7d4e5版本A/B/C候选', 'source': 'https://simondongxiao.github.io/odds/v4/?v=ff7d4e5'}, {'date': '2026-09-28', 'match': '日本 vs 委内瑞拉', 'score': '2-1', 'selected_team': '日本', 'settlement': '黑', 'water': 0.98, 'pnl_1u': -1.0, 'roi': -1.0, 'line': '1.75', 'action': 'V4ff7d4e5版本A/B/C候选', 'source': 'https://simondongxiao.github.io/odds/v4/?v=ff7d4e5'}, {'date': '2026-09-28', 'match': '吉尔吉斯斯坦 vs 马尔代夫', 'score': '5-0', 'selected_team': '吉尔吉斯斯坦', 'settlement': '红', 'water': 0.97, 'pnl_1u': 0.97, 'roi': 0.97, 'line': '3', 'action': 'V4ff7d4e5版本A/B/C候选', 'source': 'https://simondongxiao.github.io/odds/v4/?v=ff7d4e5'}, {'date': '2026-09-29', 'match': '斐济女足 vs 新喀里多尼亚女足', 'score': '1-0', 'selected_team': '新喀里多尼亚女足', 'settlement': '半红', 'water': 1.19, 'pnl_1u': 0.595, 'roi': 0.595, 'line': '1.25', 'action': 'V4纸面入选-C', 'source': 'https://m.titan007.com/analy/Analysis/3094943.htm'}, {'date': '2026-09-29', 'match': '美国U19(中) vs 威尔士U19', 'score': '2-0', 'selected_team': '美国U19(中)', 'settlement': '红', 'water': 0.78, 'pnl_1u': 0.78, 'roi': 0.78, 'line': '1.5', 'action': 'V4纸面入选-C', 'source': 'https://m.titan007.com/analy/Analysis/3094944.htm'}, {'date': '2026-09-29', 'match': '墨西哥(中) vs 秘鲁', 'score': '1-1', 'selected_team': '秘鲁', 'settlement': '红', 'water': 1.02, 'pnl_1u': 1.02, 'roi': 1.02, 'line': '1', 'action': 'V4纸面入选-C', 'source': 'https://m.titan007.com/analy/Analysis/3094999.htm'}, {'date': '2026-09-30', 'match': '芬兰U19 vs 德国U19', 'score': '1-2', 'selected_team': '', 'settlement': '黑', 'water': 0.82, 'pnl_1u': -1.0, 'roi': -1.0, 'line': '', 'action': 'V4纸面入选-C', 'source': 'https://m.titan007.com/analy/Analysis/3095002.htm'}, {'date': '2026-09-30', 'match': '塞舌尔 vs 斯里兰卡', 'score': '0-2', 'selected_team': '', 'settlement': '黑', 'water': 0.82, 'pnl_1u': -1.0, 'roi': -1.0, 'line': '', 'action': 'V4纸面入选-C', 'source': 'https://m.titan007.com/analy/Analysis/3096174.htm'}, {'date': '2026-09-30', 'match': '立陶宛 vs 安道尔', 'score': '3-0', 'selected_team': '立陶宛', 'settlement': '红', 'water': 0.82, 'pnl_1u': 0.82, 'roi': 0.82, 'line': '0.75', 'action': 'V4纸面入选-C', 'source': 'https://m.titan007.com/analy/Analysis/3096176.htm'}, {'date': '2026-09-30', 'match': '阿根廷 vs 玻利维亚', 'score': '4-0', 'selected_team': '', 'settlement': '红', 'water': 1.04, 'pnl_1u': 1.04, 'roi': 1.04, 'line': '', 'action': 'V4纸面入选-C', 'source': 'https://m.titan007.com/analy/Analysis/3095418.htm'}, {'date': '2026-10-01', 'match': '波兰U19 vs 哈萨克斯坦U19', 'score': '3-0', 'selected_team': '', 'settlement': '红', 'water': 0.92, 'pnl_1u': 0.92, 'roi': 0.92, 'line': '', 'action': 'V4纸面入选-C', 'source': 'https://m.titan007.com/analy/Analysis/3095233.htm'}, {'date': '2026-10-01', 'match': '法国U19 vs 土耳其U19', 'score': '2-1', 'selected_team': '', 'settlement': '红', 'water': 0.84, 'pnl_1u': 0.84, 'roi': 0.84, 'line': '', 'action': 'V4纸面入选-C', 'source': 'https://m.titan007.com/analy/Analysis/3095234.htm'}, {'date': '2026-10-01', 'match': '乌兹别克斯坦 vs 叙利亚', 'score': '4-1', 'selected_team': '乌兹别克斯坦', 'settlement': '红', 'water': 0.95, 'pnl_1u': 0.95, 'roi': 0.95, 'line': '1.5', 'action': 'V4纸面入选-C', 'source': 'https://m.titan007.com/analy/Analysis/3095240.htm'}, {'date': '2026-10-01', 'match': '卡塔尔U19 vs 爱尔兰U19', 'score': '1-1', 'selected_team': '', 'settlement': '走', 'water': 0.67, 'pnl_1u': 0.0, 'roi': 0.0, 'line': '', 'action': 'V4纸面入选-C', 'source': 'https://m.titan007.com/analy/Analysis/3095241.htm'}, {'date': '2026-10-01', 'match': '美国U20 vs 巴西U20', 'score': '0-2', 'selected_team': '巴西U20', 'settlement': '黑', 'water': 0.84, 'pnl_1u': -1.0, 'roi': -1.0, 'line': '-0.5', 'action': 'V4纸面入选-C', 'source': 'https://m.titan007.com/analy/Analysis/3095245.htm'}, {'date': '2026-10-02', 'match': '韩国 vs 委内瑞拉', 'score': '0-0', 'selected_team': '', 'settlement': '走', 'water': 0.93, 'pnl_1u': 0.0, 'roi': 0.0, 'line': '', 'action': 'V4纸面入选-C', 'source': 'https://m.titan007.com/analy/Analysis/3095568.htm'}, {'date': '2026-10-02', 'match': '哥伦比亚(中) vs 巴拉圭', 'score': '0-1', 'selected_team': '', 'settlement': '黑', 'water': 0.9, 'pnl_1u': -1.0, 'roi': -1.0, 'line': '', 'action': 'V4纸面入选-C', 'source': 'https://m.titan007.com/analy/Analysis/3095650.htm'}, {'date': '2026-10-03', 'match': '印度 vs 巴西', 'score': '0-4', 'selected_team': '印度', 'settlement': '半黑', 'water': 1.06, 'pnl_1u': -0.5, 'roi': -0.5, 'line': '-3.75', 'action': 'V4纸面入选-C', 'source': 'https://m.titan007.com/analy/Analysis/3096945.htm'}, {'date': '2026-10-03', 'match': '俄罗斯 vs 纳米比亚', 'score': '6-0', 'selected_team': '俄罗斯', 'settlement': '红', 'water': 0.85, 'pnl_1u': 0.85, 'roi': 0.85, 'line': '2.25', 'action': 'V4纸面入选-C', 'source': 'https://m.titan007.com/analy/Analysis/3096957.htm'}, {'date': '2026-10-03', 'match': '加拿大 vs 秘鲁', 'score': '2-0', 'selected_team': '加拿大', 'settlement': '红', 'water': 1.04, 'pnl_1u': 1.04, 'roi': 1.04, 'line': '1', 'action': 'V4纸面入选-C', 'source': 'https://m.titan007.com/analy/Analysis/3096091.htm'}, {'date': '2026-10-03', 'match': '科特迪瓦 vs 喀麦隆', 'score': '0-1', 'selected_team': '科特迪瓦', 'settlement': '黑', 'water': 1.02, 'pnl_1u': -1.0, 'roi': -1.0, 'line': '0.75', 'action': 'V4纸面入选-C', 'source': 'https://m.titan007.com/analy/Analysis/3096089.htm'}, {'date': '2026-10-04', 'match': '巴西U20 vs 墨西哥U20', 'score': '4-0', 'selected_team': '巴西U20', 'settlement': '红', 'water': 0.98, 'pnl_1u': 0.98, 'roi': 0.98, 'line': '0.5', 'action': 'V4纸面入选-C', 'source': 'https://m.titan007.com/analy/Analysis/3096443.htm'}, {'date': '2026-10-04', 'match': '丹麦U20 vs 美国U20', 'score': '3-3', 'selected_team': '丹麦U20', 'settlement': '半红', 'water': 0.9, 'pnl_1u': 0.45, 'roi': 0.45, 'line': '-0.25', 'action': 'V4纸面入选-C', 'source': 'https://m.titan007.com/analy/Analysis/3096449.htm'}, {'date': '2026-10-04', 'match': '埃及 vs 南非', 'score': '0-1', 'selected_team': '埃及', 'settlement': '黑', 'water': 0.79, 'pnl_1u': -1.0, 'roi': -1.0, 'line': '0.5', 'action': 'V4纸面入选-C', 'source': 'https://m.titan007.com/analy/Analysis/3097227.htm'}, {'date': '2026-10-04', 'match': '摩洛哥 vs 马里', 'score': '1-1', 'selected_team': '摩洛哥', 'settlement': '黑', 'water': 0.9, 'pnl_1u': -1.0, 'roi': -1.0, 'line': '1.25', 'action': 'V4纸面入选-C', 'source': 'https://m.titan007.com/analy/Analysis/3097230.htm'}, {'date': '2026-10-05', 'match': '巴拿马 vs 厄瓜多尔', 'score': '1-1', 'selected_team': '巴拿马', 'settlement': '红', 'water': 0.99, 'pnl_1u': 0.99, 'roi': 0.99, 'line': '-0.75', 'action': 'V4纸面入选-C', 'source': 'https://m.titan007.com/analy/Analysis/3097300.htm'}, {'date': '2026-10-05', 'match': '日本 vs 新西兰', 'score': '2-1', 'selected_team': '日本', 'settlement': '黑', 'water': 1, 'pnl_1u': -1.0, 'roi': -1.0, 'line': '2', 'action': 'V4纸面入选-C', 'source': 'https://m.titan007.com/analy/Analysis/3097301.htm'}, {'date': '2026-10-05', 'match': '英格兰U19 vs 比利时U19', 'score': '0-1', 'selected_team': '英格兰U19', 'settlement': '黑', 'water': 0.85, 'pnl_1u': -1.0, 'roi': -1.0, 'line': '1.25', 'action': 'V4纸面入选-C', 'source': 'https://m.titan007.com/analy/Analysis/3097293.htm'}, {'date': '2026-10-05', 'match': '乌干达 vs 刚果民主共和国', 'score': '1-1', 'selected_team': '乌干达', 'settlement': '红', 'water': 0.95, 'pnl_1u': 0.95, 'roi': 0.95, 'line': '-0.5', 'action': 'V4纸面入选-C', 'source': 'https://m.titan007.com/analy/Analysis/3097741.htm'}, {'date': '2026-10-05', 'match': '黑山U19 vs 以色列U19', 'score': '0-1', 'selected_team': '黑山U19', 'settlement': '黑', 'water': 0.78, 'pnl_1u': -1.0, 'roi': -1.0, 'line': '-0.5', 'action': 'V4纸面入选-C', 'source': 'https://m.titan007.com/analy/Analysis/3097742.htm'}, {'date': '2026-10-05', 'match': '格鲁吉亚U19 vs 拉脱维亚U19', 'score': '1-1', 'selected_team': '', 'settlement': '走', 'water': 0.75, 'pnl_1u': 0.0, 'roi': 0.0, 'line': '', 'action': 'V4纸面入选-C', 'source': 'https://m.titan007.com/analy/Analysis/3097745.htm'}, {'date': '2026-10-05', 'match': '塞尔维亚U21 vs 俄罗斯U21', 'score': '2-1', 'selected_team': '塞尔维亚U21', 'settlement': '红', 'water': 0.8, 'pnl_1u': 0.8, 'roi': 0.8, 'line': '-0.25', 'action': 'V4纸面入选-C', 'source': 'https://m.titan007.com/analy/Analysis/3097747.htm'}, {'date': '2026-10-06', 'match': '沙特阿拉伯U20 vs 亚美尼亚U20', 'score': '0-0', 'selected_team': '沙特阿拉伯U20', 'settlement': '黑', 'water': 1, 'pnl_1u': -1.0, 'roi': -1.0, 'line': '1.25', 'action': 'V4纸面入选-C', 'source': 'https://m.titan007.com/analy/Analysis/3097372.htm'}, {'date': '2026-10-06', 'match': '韩国 vs 乌兹别克斯坦', 'score': '2-0', 'selected_team': '韩国', 'settlement': '红', 'water': 0.94, 'pnl_1u': 0.94, 'roi': 0.94, 'line': '0.75', 'action': 'V4纸面入选-C', 'source': 'https://m.titan007.com/analy/Analysis/3097375.htm'}, {'date': '2026-10-06', 'match': '中国 vs 塔吉克斯坦', 'score': '0-1', 'selected_team': '中国', 'settlement': '黑', 'water': 1, 'pnl_1u': -1.0, 'roi': -1.0, 'line': '0.75', 'action': 'V4纸面入选-C', 'source': 'https://m.titan007.com/analy/Analysis/3091499.htm'}, {'date': '2026-10-06', 'match': '葡萄牙U19 vs 奥地利U19', 'score': '4-0', 'selected_team': '葡萄牙U19', 'settlement': '红', 'water': 0.87, 'pnl_1u': 0.87, 'roi': 0.87, 'line': '0.5', 'action': 'V4纸面入选-C', 'source': 'https://m.titan007.com/analy/Analysis/3097381.htm'}, {'date': '2026-10-06', 'match': '印度(中) vs 乌拉圭', 'score': '1-6', 'selected_team': '印度(中)', 'settlement': '黑', 'water': 0.91, 'pnl_1u': -1.0, 'roi': -1.0, 'line': '-3.5', 'action': 'V4纸面入选-C', 'source': 'https://m.titan007.com/analy/Analysis/3097388.htm'}, {'date': '2026-10-06', 'match': '俄罗斯 vs 尼日利亚', 'score': '3-3', 'selected_team': '俄罗斯', 'settlement': '黑', 'water': 0.91, 'pnl_1u': -1.0, 'roi': -1.0, 'line': '1', 'action': 'V4纸面入选-C', 'source': 'https://m.titan007.com/analy/Analysis/3097390.htm'}, {'date': '2026-10-06', 'match': '约旦 vs 委内瑞拉', 'score': '0-0', 'selected_team': '', 'settlement': '走', 'water': 0.89, 'pnl_1u': 0.0, 'roi': 0.0, 'line': '', 'action': 'V4纸面入选-C', 'source': 'https://m.titan007.com/analy/Analysis/3097384.htm'}, {'date': '2026-10-06', 'match': '阿尔及利亚 vs 尼日尔', 'score': '2-1', 'selected_team': '阿尔及利亚', 'settlement': '黑', 'water': 0.87, 'pnl_1u': -1.0, 'roi': -1.0, 'line': '1.75', 'action': 'V4纸面入选-C', 'source': 'https://m.titan007.com/analy/Analysis/3097385.htm'}, {'date': '2026-10-06', 'match': '阿根廷(中) vs 贝宁', 'score': '0-0', 'selected_team': '贝宁', 'settlement': '红', 'water': 0.87, 'pnl_1u': 0.87, 'roi': 0.87, 'line': '4.5', 'action': 'V4纸面入选-C', 'source': 'https://m.titan007.com/analy/Analysis/3097387.htm'}, {'date': '2026-10-06', 'match': '哥伦比亚(中) vs 秘鲁', 'score': '0-0', 'selected_team': '哥伦比亚(中)', 'settlement': '黑', 'water': 0.9, 'pnl_1u': -1.0, 'roi': -1.0, 'line': '1.25', 'action': 'V4纸面入选-C', 'source': 'https://m.titan007.com/analy/Analysis/3097386.htm'}, {'date': '2026-10-06', 'match': '美国(中) vs 加拿大', 'score': '1-0', 'selected_team': '美国(中)', 'settlement': '红', 'water': 0.8, 'pnl_1u': 0.8, 'roi': 0.8, 'line': '0.5', 'action': 'V4纸面入选-C', 'source': 'https://m.titan007.com/analy/Analysis/3097883.htm'}, {'date': '2026-10-07', 'match': '墨西哥(中) vs 智利', 'score': '0-2', 'selected_team': '墨西哥(中)', 'settlement': '黑', 'water': 1, 'pnl_1u': -1.0, 'roi': -1.0, 'line': '1', 'action': 'V4纸面入选-C', 'source': 'https://m.titan007.com/analy/Analysis/3097882.htm'}]"
V4,2026-10-09,2995354,法甲,时间待核,朗斯 vs 里昂,,,5,3,0,0,0,2,0.6,1.04,0.208,5,,,list_date < 2026-10-09,"[{'date': '2026-09-13', 'match': '里尔 vs 特鲁瓦', 'score': '2-0', 'selected_team': '里尔', 'settlement': '红', 'water': 0.99, 'pnl_1u': 0.99, 'roi': 0.99, 'line': '1.25', 'action': 'V4纸面入选-C', 'source': 'https://m.titan007.com/analy/Analysis/2995339.htm'}, {'date': '2026-09-13', 'match': '布雷斯特 vs 巴黎圣日耳曼', 'score': '0-1', 'selected_team': '巴黎圣日耳曼', 'settlement': '黑', 'water': 0.9, 'pnl_1u': -1.0, 'roi': -1.0, 'line': '-1.75', 'action': 'V4纸面入选-C', 'source': 'https://m.titan007.com/analy/Analysis/2995336.htm'}, {'date': '2026-09-18', 'match': '摩纳哥 vs 朗斯', 'score': '2-1', 'selected_team': '摩纳哥', 'settlement': '红', 'water': 1.05, 'pnl_1u': 1.05, 'roi': 1.05, 'line': '0.5', 'action': 'V4纸面入选-C', 'source': 'https://zq.titan007.com/analysis/2995348cn.htm'}, {'date': '2026-09-19', 'match': '昂热 vs 特鲁瓦', 'score': '2-0', 'selected_team': '特鲁瓦', 'settlement': '黑', 'water': 1.05, 'pnl_1u': -1.0, 'roi': -1.0, 'line': '0.25', 'action': 'V4纸面入选-C', 'source': 'https://zq.titan007.com/analysis/2995344cn.htm'}, {'date': '2026-09-20', 'match': '尼斯 vs 里尔', 'score': '2-1', 'selected_team': '尼斯', 'settlement': '红', 'water': 1, 'pnl_1u': 1.0, 'roi': 1.0, 'line': '-0.25', 'action': 'V4纸面入选-C', 'source': 'https://zq.titan007.com/analysis/2995349cn.htm'}]"
V4,2026-10-09,3003587,比甲,时间待核,华斯兰德 vs 洛默尔,,,3,1,2,0,0,0,1.0,2.135,0.71166667,3,,,list_date < 2026-10-09,"[{'date': '2026-09-13', 'match': '布鲁日 vs 安特卫普', 'score': '3-1', 'selected_team': '布鲁日', 'settlement': '半红', 'water': 0.97, 'pnl_1u': 0.485, 'roi': 0.485, 'line': '1.75', 'action': 'V4纸面入选-C', 'source': 'https://m.titan007.com/analy/Analysis/3003571.htm'}, {'date': '2026-09-13', 'match': '拉路维尔 vs 科特赖克', 'score': '3-0', 'selected_team': '拉路维尔', 'settlement': '红', 'water': 1.09, 'pnl_1u': 1.09, 'roi': 1.09, 'line': '0.25', 'action': 'V4纸面入选-C', 'source': 'https://m.titan007.com/analy/Analysis/3003574.htm'}, {'date': '2026-09-18', 'match': '根特 vs 标准列日', 'score': '2-1', 'selected_team': '根特', 'settlement': '半红', 'water': 1.12, 'pnl_1u': 0.56, 'roi': 0.56, 'line': '0.75', 'action': 'V4纸面入选-C', 'source': 'https://zq.titan007.com/analysis/3003575cn.htm'}]"
V4,2026-10-09,3027815,英议联,时间待核,瑟顿联 vs 博雷汉姆,,,6,3,1,0,0,2,0.63636364,1.015,0.16916667,6,,,list_date < 2026-10-09,"[{'date': '2026-09-19', 'match': '格茨海德 vs 南安联', 'score': '1-6', 'selected_team': '格茨海德', 'settlement': '黑', 'water': 0.86, 'pnl_1u': -1.0, 'roi': -1.0, 'line': '-1', 'action': 'V4纸面入选-C', 'source': 'https://zq.titan007.com/analysis/3027776cn.htm'}, {'date': '2026-09-26', 'match': '索利赫尔 vs 博雷汉姆', 'score': '0-3', 'selected_team': '索利赫尔', 'settlement': '黑', 'water': 0.9, 'pnl_1u': -1.0, 'roi': -1.0, 'line': '-1', 'action': 'V4最新页面A/B/C候选', 'source': 'https://simondongxiao.github.io/odds/v4/'}, {'date': '2026-09-29', 'match': '博雷汉姆 vs 京达米士特', 'score': '3-1', 'selected_team': '博雷汉姆', 'settlement': '红', 'water': 0.84, 'pnl_1u': 0.84, 'roi': 0.84, 'line': '1.5', 'action': 'V4纸面入选-C', 'source': 'https://m.titan007.com/analy/Analysis/3027800.htm'}, {'date': '2026-10-03', 'match': '格茨海德 vs 沃森', 'score': '1-2', 'selected_team': '格茨海德', 'settlement': '半红', 'water': 0.89, 'pnl_1u': 0.445, 'roi': 0.445, 'line': '-1.25', 'action': 'V4纸面入选-C', 'source': 'https://m.titan007.com/analy/Analysis/3027807.htm'}, {'date': '2026-10-03', 'match': '哈洛贾特 vs 侯恩乔奇', 'score': '3-0', 'selected_team': '', 'settlement': '红', 'water': 0.82, 'pnl_1u': 0.82, 'roi': 0.82, 'line': '', 'action': 'V4纸面入选-C', 'source': 'https://m.titan007.com/analy/Analysis/3027808.htm'}, {'date': '2026-10-03', 'match': '南安联 vs 菲尔德', 'score': '3-1', 'selected_team': '南安联', 'settlement': '红', 'water': 0.91, 'pnl_1u': 0.91, 'roi': 0.91, 'line': '0.5', 'action': 'V4纸面入选-C', 'source': 'https://m.titan007.com/analy/Analysis/3027813.htm'}]"
V4,2026-10-09,2914413,爱超,时间待核,谢尔伯恩 vs 斯莱戈流浪者,,,2,1,1,0,0,0,1.0,1.56,0.78,2,,,list_date < 2026-10-09,"[{'date': '2026-09-14', 'match': '邓多克 vs 圣帕特里克', 'score': '0-4', 'selected_team': '圣帕特里克', 'settlement': '红', 'water': 1.02, 'pnl_1u': 1.02, 'roi': 1.02, 'line': '-0.5', 'action': 'V4纸面入选-C', 'source': 'https://m.titan007.com/analy/Analysis/2914396.htm'}, {'date': '2026-09-19', 'match': '斯莱戈流浪者 vs 圣帕特里克', 'score': '0-1', 'selected_team': '斯莱戈流浪者', 'settlement': '半红', 'water': 1.08, 'pnl_1u': 0.54, 'roi': 0.54, 'line': '-1.25', 'action': 'V4纸面入选-C', 'source': 'https://zq.titan007.com/analysis/2914410cn.htm'}]"
V4,2026-10-09,2939068,爱甲,时间待核,阿斯隆城 vs 特瑞特联,,,5,1,0,0,1,3,0.22222222,-2.56,-0.512,5,,,list_date < 2026-10-09,"[{'date': '2026-09-18', 'match': '科克城 vs 都柏林大学', 'score': '5-1', 'selected_team': '都柏林大学', 'settlement': '黑', 'water': 0.94, 'pnl_1u': -1.0, 'roi': -1.0, 'line': '1', 'action': 'V4纸面入选-C', 'source': 'https://zq.titan007.com/analysis/2939055cn.htm'}, {'date': '2026-09-25', 'match': '特瑞特联 vs 费恩哈普', 'score': '2-1', 'selected_team': '费恩哈普', 'settlement': '半黑', 'water': 0.98, 'pnl_1u': -0.5, 'roi': -0.5, 'line': '0.75', 'action': 'V4最新页面A/B/C候选', 'source': 'https://simondongxiao.github.io/odds/v4/'}, {'date': '2026-10-02', 'match': '阿斯隆城 vs 科克城', 'score': '2-1', 'selected_team': '', 'settlement': '红', 'water': 0.94, 'pnl_1u': 0.94, 'roi': 0.94, 'line': '', 'action': 'V4纸面入选-C', 'source': 'https://m.titan007.com/analy/Analysis/2939063.htm'}, {'date': '2026-10-02', 'match': '布雷 vs 科布漫步者', 'score': '1-4', 'selected_team': '', 'settlement': '黑', 'water': 0.98, 'pnl_1u': -1.0, 'roi': -1.0, 'line': '', 'action': 'V4纸面入选-C', 'source': 'https://m.titan007.com/analy/Analysis/2939064.htm'}, {'date': '2026-10-02', 'match': '费恩哈普 vs 凯里FC', 'score': '1-2', 'selected_team': '', 'settlement': '黑', 'water': 0.89, 'pnl_1u': -1.0, 'roi': -1.0, 'line': '', 'action': 'V4纸面入选-C', 'source': 'https://m.titan007.com/analy/Analysis/2939065.htm'}]"
V4,2026-10-09,2939069,爱甲,时间待核,布雷 vs 韦克斯福德,,,5,1,0,0,1,3,0.22222222,-2.56,-0.512,5,,,list_date < 2026-10-09,"[{'date': '2026-09-18', 'match': '科克城 vs 都柏林大学', 'score': '5-1', 'selected_team': '都柏林大学', 'settlement': '黑', 'water': 0.94, 'pnl_1u': -1.0, 'roi': -1.0, 'line': '1', 'action': 'V4纸面入选-C', 'source': 'https://zq.titan007.com/analysis/2939055cn.htm'}, {'date': '2026-09-25', 'match': '特瑞特联 vs 费恩哈普', 'score': '2-1', 'selected_team': '费恩哈普', 'settlement': '半黑', 'water': 0.98, 'pnl_1u': -0.5, 'roi': -0.5, 'line': '0.75', 'action': 'V4最新页面A/B/C候选', 'source': 'https://simondongxiao.github.io/odds/v4/'}, {'date': '2026-10-02', 'match': '阿斯隆城 vs 科克城', 'score': '2-1', 'selected_team': '', 'settlement': '红', 'water': 0.94, 'pnl_1u': 0.94, 'roi': 0.94, 'line': '', 'action': 'V4纸面入选-C', 'source': 'https://m.titan007.com/analy/Analysis/2939063.htm'}, {'date': '2026-10-02', 'match': '布雷 vs 科布漫步者', 'score': '1-4', 'selected_team': '', 'settlement': '黑', 'water': 0.98, 'pnl_1u': -1.0, 'roi': -1.0, 'line': '', 'action': 'V4纸面入选-C', 'source': 'https://m.titan007.com/analy/Analysis/2939064.htm'}, {'date': '2026-10-02', 'match': '费恩哈普 vs 凯里FC', 'score': '1-2', 'selected_team': '', 'settlement': '黑', 'water': 0.89, 'pnl_1u': -1.0, 'roi': -1.0, 'line': '', 'action': 'V4纸面入选-C', 'source': 'https://m.titan007.com/analy/Analysis/2939065.htm'}]"
V4,2026-10-09,2939070,爱甲,时间待核,科布漫步者 vs 凯里FC,,,5,1,0,0,1,3,0.22222222,-2.56,-0.512,5,,,list_date < 2026-10-09,"[{'date': '2026-09-18', 'match': '科克城 vs 都柏林大学', 'score': '5-1', 'selected_team': '都柏林大学', 'settlement': '黑', 'water': 0.94, 'pnl_1u': -1.0, 'roi': -1.0, 'line': '1', 'action': 'V4纸面入选-C', 'source': 'https://zq.titan007.com/analysis/2939055cn.htm'}, {'date': '2026-09-25', 'match': '特瑞特联 vs 费恩哈普', 'score': '2-1', 'selected_team': '费恩哈普', 'settlement': '半黑', 'water': 0.98, 'pnl_1u': -0.5, 'roi': -0.5, 'line': '0.75', 'action': 'V4最新页面A/B/C候选', 'source': 'https://simondongxiao.github.io/odds/v4/'}, {'date': '2026-10-02', 'match': '阿斯隆城 vs 科克城', 'score': '2-1', 'selected_team': '', 'settlement': '红', 'water': 0.94, 'pnl_1u': 0.94, 'roi': 0.94, 'line': '', 'action': 'V4纸面入选-C', 'source': 'https://m.titan007.com/analy/Analysis/2939063.htm'}, {'date': '2026-10-02', 'match': '布雷 vs 科布漫步者', 'score': '1-4', 'selected_team': '', 'settlement': '黑', 'water': 0.98, 'pnl_1u': -1.0, 'roi': -1.0, 'line': '', 'action': 'V4纸面入选-C', 'source': 'https://m.titan007.com/analy/Analysis/2939064.htm'}, {'date': '2026-10-02', 'match': '费恩哈普 vs 凯里FC', 'score': '1-2', 'selected_team': '', 'settlement': '黑', 'water': 0.89, 'pnl_1u': -1.0, 'roi': -1.0, 'line': '', 'action': 'V4纸面入选-C', 'source': 'https://m.titan007.com/analy/Analysis/2939065.htm'}]"
V4,2026-10-09,2939071,爱甲,时间待核,科克城 vs 费恩哈普,,,5,1,0,0,1,3,0.22222222,-2.56,-0.512,5,,,list_date < 2026-10-09,"[{'date': '2026-09-18', 'match': '科克城 vs 都柏林大学', 'score': '5-1', 'selected_team': '都柏林大学', 'settlement': '黑', 'water': 0.94, 'pnl_1u': -1.0, 'roi': -1.0, 'line': '1', 'action': 'V4纸面入选-C', 'source': 'https://zq.titan007.com/analysis/2939055cn.htm'}, {'date': '2026-09-25', 'match': '特瑞特联 vs 费恩哈普', 'score': '2-1', 'selected_team': '费恩哈普', 'settlement': '半黑', 'water': 0.98, 'pnl_1u': -0.5, 'roi': -0.5, 'line': '0.75', 'action': 'V4最新页面A/B/C候选', 'source': 'https://simondongxiao.github.io/odds/v4/'}, {'date': '2026-10-02', 'match': '阿斯隆城 vs 科克城', 'score': '2-1', 'selected_team': '', 'settlement': '红', 'water': 0.94, 'pnl_1u': 0.94, 'roi': 0.94, 'line': '', 'action': 'V4纸面入选-C', 'source': 'https://m.titan007.com/analy/Analysis/2939063.htm'}, {'date': '2026-10-02', 'match': '布雷 vs 科布漫步者', 'score': '1-4', 'selected_team': '', 'settlement': '黑', 'water': 0.98, 'pnl_1u': -1.0, 'roi': -1.0, 'line': '', 'action': 'V4纸面入选-C', 'source': 'https://m.titan007.com/analy/Analysis/2939064.htm'}, {'date': '2026-10-02', 'match': '费恩哈普 vs 凯里FC', 'score': '1-2', 'selected_team': '', 'settlement': '黑', 'water': 0.89, 'pnl_1u': -1.0, 'roi': -1.0, 'line': '', 'action': 'V4纸面入选-C', 'source': 'https://m.titan007.com/analy/Analysis/2939065.htm'}]"
V4,2026-10-09,2939072,爱甲,时间待核,都柏林大学 vs 朗福德城,,,5,1,0,0,1,3,0.22222222,-2.56,-0.512,5,,,list_date < 2026-10-09,"[{'date': '2026-09-18', 'match': '科克城 vs 都柏林大学', 'score': '5-1', 'selected_team': '都柏林大学', 'settlement': '黑', 'water': 0.94, 'pnl_1u': -1.0, 'roi': -1.0, 'line': '1', 'action': 'V4纸面入选-C', 'source': 'https://zq.titan007.com/analysis/2939055cn.htm'}, {'date': '2026-09-25', 'match': '特瑞特联 vs 费恩哈普', 'score': '2-1', 'selected_team': '费恩哈普', 'settlement': '半黑', 'water': 0.98, 'pnl_1u': -0.5, 'roi': -0.5, 'line': '0.75', 'action': 'V4最新页面A/B/C候选', 'source': 'https://simondongxiao.github.io/odds/v4/'}, {'date': '2026-10-02', 'match': '阿斯隆城 vs 科克城', 'score': '2-1', 'selected_team': '', 'settlement': '红', 'water': 0.94, 'pnl_1u': 0.94, 'roi': 0.94, 'line': '', 'action': 'V4纸面入选-C', 'source': 'https://m.titan007.com/analy/Analysis/2939063.htm'}, {'date': '2026-10-02', 'match': '布雷 vs 科布漫步者', 'score': '1-4', 'selected_team': '', 'settlement': '黑', 'water': 0.98, 'pnl_1u': -1.0, 'roi': -1.0, 'line': '', 'action': 'V4纸面入选-C', 'source': 'https://m.titan007.com/analy/Analysis/2939064.htm'}, {'date': '2026-10-02', 'match': '费恩哈普 vs 凯里FC', 'score': '1-2', 'selected_team': '', 'settlement': '黑', 'water': 0.89, 'pnl_1u': -1.0, 'roi': -1.0, 'line': '', 'action': 'V4纸面入选-C', 'source': 'https://m.titan007.com/analy/Analysis/2939065.htm'}]"
V4,2026-10-09,3011624,北爱超,时间待核,波塔当 vs 格伦托兰,,,4,4,0,0,0,0,1.0,3.44,0.86,4,,,list_date < 2026-10-09,"[{'date': '2026-10-03', 'match': '卡域克流浪 vs 克鲁萨德', 'score': '4-0', 'selected_team': '', 'settlement': '红', 'water': 0.8, 'pnl_1u': 0.8, 'roi': 0.8, 'line': '', 'action': 'V4纸面入选-C', 'source': 'https://m.titan007.com/analy/Analysis/3011614.htm'}, {'date': '2026-10-03', 'match': '格伦托兰 vs 邓甘嫩', 'score': '2-0', 'selected_team': '', 'settlement': '红', 'water': 0.85, 'pnl_1u': 0.85, 'roi': 0.85, 'line': '', 'action': 'V4纸面入选-C', 'source': 'https://m.titan007.com/analy/Analysis/3011616.htm'}, {'date': '2026-10-03', 'match': '波塔当 vs 利马瓦迪', 'score': '3-1', 'selected_team': '', 'settlement': '红', 'water': 0.85, 'pnl_1u': 0.85, 'roi': 0.85, 'line': '', 'action': 'V4纸面入选-C', 'source': 'https://m.titan007.com/analy/Analysis/3011618.htm'}, {'date': '2026-10-04', 'match': 'FC宾高 vs 科尔雷恩', 'score': '2-3', 'selected_team': 'FC宾高', 'settlement': '红', 'water': 0.94, 'pnl_1u': 0.94, 'roi': 0.94, 'line': '-1.75', 'action': 'V4纸面入选-B', 'source': 'https://m.titan007.com/analy/Analysis/3011613.htm'}]"
V4,2026-10-09,3019553,威超,时间待核,布里顿费里 vs 康纳斯码头,,,10,2,0,0,1,7,0.21052632,-5.53,-0.553,10,严重：历史有效胜率<45%,严重：历史有效胜率<45%,list_date < 2026-10-09,"[{'date': '2026-09-15', 'match': '新圣徒 vs 弗林特镇', 'score': '5-0', 'selected_team': '弗林特镇', 'settlement': '黑', 'water': 0.97, 'pnl_1u': -1.0, 'roi': -1.0, 'line': '2.5', 'action': 'V4纸面入选-A', 'source': 'https://www.footballwebpages.co.uk/20260915'}, {'date': '2026-09-15', 'match': '特芬琳 vs 卡姆比利安', 'score': '0-4', 'selected_team': '特芬琳', 'settlement': '黑', 'water': 1.01, 'pnl_1u': -1.0, 'roi': -1.0, 'line': '-0.5', 'action': 'V4纸面入选-C', 'source': 'https://www.footballwebpages.co.uk/20260915'}, {'date': '2026-09-18', 'match': '空中巴士 vs 弗林特镇', 'score': '4-1', 'selected_team': '弗林特镇', 'settlement': '黑', 'water': 1.07, 'pnl_1u': -1.0, 'roi': -1.0, 'line': '0.5', 'action': 'V4纸面入选-C', 'source': 'https://zq.titan007.com/analysis/3019529cn.htm'}, {'date': '2026-09-18', 'match': '布里顿费里 vs 特芬琳', 'score': '1-1', 'selected_team': '特芬琳', 'settlement': '红', 'water': 0.91, 'pnl_1u': 0.91, 'roi': 0.91, 'line': '1', 'action': 'V4纸面入选-C', 'source': 'https://zq.titan007.com/analysis/3019531cn.htm'}, {'date': '2026-09-18', 'match': '科尔温湾 vs 巴里镇联', 'score': '5-2', 'selected_team': '巴里镇联', 'settlement': '黑', 'water': 1, 'pnl_1u': -1.0, 'roi': -1.0, 'line': '0.25', 'action': 'V4纸面入选-C', 'source': 'https://zq.titan007.com/analysis/3019533cn.htm'}, {'date': '2026-09-18', 'match': '康纳斯码头 vs 卡迪夫都市大学', 'score': '1-0', 'selected_team': '卡迪夫都市大学', 'settlement': '半黑', 'water': 1.19, 'pnl_1u': -0.5, 'roi': -0.5, 'line': '0.75', 'action': 'V4纸面入选-B', 'source': 'https://zq.titan007.com/analysis/3019534cn.htm'}, {'date': '2026-09-19', 'match': '新圣徒 vs 兰迪德诺', 'score': '2-1', 'selected_team': '新圣徒', 'settlement': '黑', 'water': 0.92, 'pnl_1u': -1.0, 'roi': -1.0, 'line': '2.25', 'action': 'V4纸面入选-C', 'source': 'https://zq.titan007.com/analysis/3019536cn.htm'}, {'date': '2026-09-26', 'match': '佩尼邦 vs 空中巴士', 'score': '2-1', 'selected_team': '空中巴士', 'settlement': '黑', 'water': 1.06, 'pnl_1u': -1.0, 'roi': -1.0, 'line': '0.25', 'action': 'V4最新页面A/B/C候选', 'source': 'https://simondongxiao.github.io/odds/v4/'}, {'date': '2026-09-29', 'match': '卡迪夫都市大学 vs 西哈弗福德', 'score': '1-0', 'selected_team': '西哈弗福德', 'settlement': '黑', 'water': 1.14, 'pnl_1u': -1.0, 'roi': -1.0, 'line': '0.25', 'action': 'V4纸面入选-B', 'source': 'https://m.titan007.com/analy/Analysis/3019528.htm'}, {'date': '2026-10-03', 'match': '空中巴士 vs 特芬琳', 'score': '3-0', 'selected_team': '', 'settlement': '红', 'water': 1.06, 'pnl_1u': 1.06, 'roi': 1.06, 'line': '', 'action': 'V4纸面入选-C', 'source': 'https://m.titan007.com/analy/Analysis/3019545.htm'}]"
V4,2026-10-09,3019554,威超,时间待核,卡姆比利安 vs 阿曼福德,,,10,2,0,0,1,7,0.21052632,-5.53,-0.553,10,严重：历史有效胜率<45%,严重：历史有效胜率<45%,list_date < 2026-10-09,"[{'date': '2026-09-15', 'match': '新圣徒 vs 弗林特镇', 'score': '5-0', 'selected_team': '弗林特镇', 'settlement': '黑', 'water': 0.97, 'pnl_1u': -1.0, 'roi': -1.0, 'line': '2.5', 'action': 'V4纸面入选-A', 'source': 'https://www.footballwebpages.co.uk/20260915'}, {'date': '2026-09-15', 'match': '特芬琳 vs 卡姆比利安', 'score': '0-4', 'selected_team': '特芬琳', 'settlement': '黑', 'water': 1.01, 'pnl_1u': -1.0, 'roi': -1.0, 'line': '-0.5', 'action': 'V4纸面入选-C', 'source': 'https://www.footballwebpages.co.uk/20260915'}, {'date': '2026-09-18', 'match': '空中巴士 vs 弗林特镇', 'score': '4-1', 'selected_team': '弗林特镇', 'settlement': '黑', 'water': 1.07, 'pnl_1u': -1.0, 'roi': -1.0, 'line': '0.5', 'action': 'V4纸面入选-C', 'source': 'https://zq.titan007.com/analysis/3019529cn.htm'}, {'date': '2026-09-18', 'match': '布里顿费里 vs 特芬琳', 'score': '1-1', 'selected_team': '特芬琳', 'settlement': '红', 'water': 0.91, 'pnl_1u': 0.91, 'roi': 0.91, 'line': '1', 'action': 'V4纸面入选-C', 'source': 'https://zq.titan007.com/analysis/3019531cn.htm'}, {'date': '2026-09-18', 'match': '科尔温湾 vs 巴里镇联', 'score': '5-2', 'selected_team': '巴里镇联', 'settlement': '黑', 'water': 1, 'pnl_1u': -1.0, 'roi': -1.0, 'line': '0.25', 'action': 'V4纸面入选-C', 'source': 'https://zq.titan007.com/analysis/3019533cn.htm'}, {'date': '2026-09-18', 'match': '康纳斯码头 vs 卡迪夫都市大学', 'score': '1-0', 'selected_team': '卡迪夫都市大学', 'settlement': '半黑', 'water': 1.19, 'pnl_1u': -0.5, 'roi': -0.5, 'line': '0.75', 'action': 'V4纸面入选-B', 'source': 'https://zq.titan007.com/analysis/3019534cn.htm'}, {'date': '2026-09-19', 'match': '新圣徒 vs 兰迪德诺', 'score': '2-1', 'selected_team': '新圣徒', 'settlement': '黑', 'water': 0.92, 'pnl_1u': -1.0, 'roi': -1.0, 'line': '2.25', 'action': 'V4纸面入选-C', 'source': 'https://zq.titan007.com/analysis/3019536cn.htm'}, {'date': '2026-09-26', 'match': '佩尼邦 vs 空中巴士', 'score': '2-1', 'selected_team': '空中巴士', 'settlement': '黑', 'water': 1.06, 'pnl_1u': -1.0, 'roi': -1.0, 'line': '0.25', 'action': 'V4最新页面A/B/C候选', 'source': 'https://simondongxiao.github.io/odds/v4/'}, {'date': '2026-09-29', 'match': '卡迪夫都市大学 vs 西哈弗福德', 'score': '1-0', 'selected_team': '西哈弗福德', 'settlement': '黑', 'water': 1.14, 'pnl_1u': -1.0, 'roi': -1.0, 'line': '0.25', 'action': 'V4纸面入选-B', 'source': 'https://m.titan007.com/analy/Analysis/3019528.htm'}, {'date': '2026-10-03', 'match': '空中巴士 vs 特芬琳', 'score': '3-0', 'selected_team': '', 'settlement': '红', 'water': 1.06, 'pnl_1u': 1.06, 'roi': 1.06, 'line': '', 'action': 'V4纸面入选-C', 'source': 'https://m.titan007.com/analy/Analysis/3019545.htm'}]"
V4,2026-10-09,3019555,威超,时间待核,卡迪夫都市大学 vs 特芬琳,,,10,2,0,0,1,7,0.21052632,-5.53,-0.553,10,严重：历史有效胜率<45%,严重：历史有效胜率<45%,list_date < 2026-10-09,"[{'date': '2026-09-15', 'match': '新圣徒 vs 弗林特镇', 'score': '5-0', 'selected_team': '弗林特镇', 'settlement': '黑', 'water': 0.97, 'pnl_1u': -1.0, 'roi': -1.0, 'line': '2.5', 'action': 'V4纸面入选-A', 'source': 'https://www.footballwebpages.co.uk/20260915'}, {'date': '2026-09-15', 'match': '特芬琳 vs 卡姆比利安', 'score': '0-4', 'selected_team': '特芬琳', 'settlement': '黑', 'water': 1.01, 'pnl_1u': -1.0, 'roi': -1.0, 'line': '-0.5', 'action': 'V4纸面入选-C', 'source': 'https://www.footballwebpages.co.uk/20260915'}, {'date': '2026-09-18', 'match': '空中巴士 vs 弗林特镇', 'score': '4-1', 'selected_team': '弗林特镇', 'settlement': '黑', 'water': 1.07, 'pnl_1u': -1.0, 'roi': -1.0, 'line': '0.5', 'action': 'V4纸面入选-C', 'source': 'https://zq.titan007.com/analysis/3019529cn.htm'}, {'date': '2026-09-18', 'match': '布里顿费里 vs 特芬琳', 'score': '1-1', 'selected_team': '特芬琳', 'settlement': '红', 'water': 0.91, 'pnl_1u': 0.91, 'roi': 0.91, 'line': '1', 'action': 'V4纸面入选-C', 'source': 'https://zq.titan007.com/analysis/3019531cn.htm'}, {'date': '2026-09-18', 'match': '科尔温湾 vs 巴里镇联', 'score': '5-2', 'selected_team': '巴里镇联', 'settlement': '黑', 'water': 1, 'pnl_1u': -1.0, 'roi': -1.0, 'line': '0.25', 'action': 'V4纸面入选-C', 'source': 'https://zq.titan007.com/analysis/3019533cn.htm'}, {'date': '2026-09-18', 'match': '康纳斯码头 vs 卡迪夫都市大学', 'score': '1-0', 'selected_team': '卡迪夫都市大学', 'settlement': '半黑', 'water': 1.19, 'pnl_1u': -0.5, 'roi': -0.5, 'line': '0.75', 'action': 'V4纸面入选-B', 'source': 'https://zq.titan007.com/analysis/3019534cn.htm'}, {'date': '2026-09-19', 'match': '新圣徒 vs 兰迪德诺', 'score': '2-1', 'selected_team': '新圣徒', 'settlement': '黑', 'water': 0.92, 'pnl_1u': -1.0, 'roi': -1.0, 'line': '2.25', 'action': 'V4纸面入选-C', 'source': 'https://zq.titan007.com/analysis/3019536cn.htm'}, {'date': '2026-09-26', 'match': '佩尼邦 vs 空中巴士', 'score': '2-1', 'selected_team': '空中巴士', 'settlement': '黑', 'water': 1.06, 'pnl_1u': -1.0, 'roi': -1.0, 'line': '0.25', 'action': 'V4最新页面A/B/C候选', 'source': 'https://simondongxiao.github.io/odds/v4/'}, {'date': '2026-09-29', 'match': '卡迪夫都市大学 vs 西哈弗福德', 'score': '1-0', 'selected_team': '西哈弗福德', 'settlement': '黑', 'water': 1.14, 'pnl_1u': -1.0, 'roi': -1.0, 'line': '0.25', 'action': 'V4纸面入选-B', 'source': 'https://m.titan007.com/analy/Analysis/3019528.htm'}, {'date': '2026-10-03', 'match': '空中巴士 vs 特芬琳', 'score': '3-0', 'selected_team': '', 'settlement': '红', 'water': 1.06, 'pnl_1u': 1.06, 'roi': 1.06, 'line': '', 'action': 'V4纸面入选-C', 'source': 'https://m.titan007.com/analy/Analysis/3019545.htm'}]"
V4,2026-10-09,3019557,威超,时间待核,西哈弗福德 vs 卡那封,,,10,2,0,0,1,7,0.21052632,-5.53,-0.553,10,严重：历史有效胜率<45%,严重：历史有效胜率<45%,list_date < 2026-10-09,"[{'date': '2026-09-15', 'match': '新圣徒 vs 弗林特镇', 'score': '5-0', 'selected_team': '弗林特镇', 'settlement': '黑', 'water': 0.97, 'pnl_1u': -1.0, 'roi': -1.0, 'line': '2.5', 'action': 'V4纸面入选-A', 'source': 'https://www.footballwebpages.co.uk/20260915'}, {'date': '2026-09-15', 'match': '特芬琳 vs 卡姆比利安', 'score': '0-4', 'selected_team': '特芬琳', 'settlement': '黑', 'water': 1.01, 'pnl_1u': -1.0, 'roi': -1.0, 'line': '-0.5', 'action': 'V4纸面入选-C', 'source': 'https://www.footballwebpages.co.uk/20260915'}, {'date': '2026-09-18', 'match': '空中巴士 vs 弗林特镇', 'score': '4-1', 'selected_team': '弗林特镇', 'settlement': '黑', 'water': 1.07, 'pnl_1u': -1.0, 'roi': -1.0, 'line': '0.5', 'action': 'V4纸面入选-C', 'source': 'https://zq.titan007.com/analysis/3019529cn.htm'}, {'date': '2026-09-18', 'match': '布里顿费里 vs 特芬琳', 'score': '1-1', 'selected_team': '特芬琳', 'settlement': '红', 'water': 0.91, 'pnl_1u': 0.91, 'roi': 0.91, 'line': '1', 'action': 'V4纸面入选-C', 'source': 'https://zq.titan007.com/analysis/3019531cn.htm'}, {'date': '2026-09-18', 'match': '科尔温湾 vs 巴里镇联', 'score': '5-2', 'selected_team': '巴里镇联', 'settlement': '黑', 'water': 1, 'pnl_1u': -1.0, 'roi': -1.0, 'line': '0.25', 'action': 'V4纸面入选-C', 'source': 'https://zq.titan007.com/analysis/3019533cn.htm'}, {'date': '2026-09-18', 'match': '康纳斯码头 vs 卡迪夫都市大学', 'score': '1-0', 'selected_team': '卡迪夫都市大学', 'settlement': '半黑', 'water': 1.19, 'pnl_1u': -0.5, 'roi': -0.5, 'line': '0.75', 'action': 'V4纸面入选-B', 'source': 'https://zq.titan007.com/analysis/3019534cn.htm'}, {'date': '2026-09-19', 'match': '新圣徒 vs 兰迪德诺', 'score': '2-1', 'selected_team': '新圣徒', 'settlement': '黑', 'water': 0.92, 'pnl_1u': -1.0, 'roi': -1.0, 'line': '2.25', 'action': 'V4纸面入选-C', 'source': 'https://zq.titan007.com/analysis/3019536cn.htm'}, {'date': '2026-09-26', 'match': '佩尼邦 vs 空中巴士', 'score': '2-1', 'selected_team': '空中巴士', 'settlement': '黑', 'water': 1.06, 'pnl_1u': -1.0, 'roi': -1.0, 'line': '0.25', 'action': 'V4最新页面A/B/C候选', 'source': 'https://simondongxiao.github.io/odds/v4/'}, {'date': '2026-09-29', 'match': '卡迪夫都市大学 vs 西哈弗福德', 'score': '1-0', 'selected_team': '西哈弗福德', 'settlement': '黑', 'water': 1.14, 'pnl_1u': -1.0, 'roi': -1.0, 'line': '0.25', 'action': 'V4纸面入选-B', 'source': 'https://m.titan007.com/analy/Analysis/3019528.htm'}, {'date': '2026-10-03', 'match': '空中巴士 vs 特芬琳', 'score': '3-0', 'selected_team': '', 'settlement': '红', 'water': 1.06, 'pnl_1u': 1.06, 'roi': 1.06, 'line': '', 'action': 'V4纸面入选-C', 'source': 'https://m.titan007.com/analy/Analysis/3019545.htm'}]"
V4,2026-10-09,3019558,威超,时间待核,霍利韦尔 vs 新圣徒,,,10,2,0,0,1,7,0.21052632,-5.53,-0.553,10,严重：历史有效胜率<45%,严重：历史有效胜率<45%,list_date < 2026-10-09,"[{'date': '2026-09-15', 'match': '新圣徒 vs 弗林特镇', 'score': '5-0', 'selected_team': '弗林特镇', 'settlement': '黑', 'water': 0.97, 'pnl_1u': -1.0, 'roi': -1.0, 'line': '2.5', 'action': 'V4纸面入选-A', 'source': 'https://www.footballwebpages.co.uk/20260915'}, {'date': '2026-09-15', 'match': '特芬琳 vs 卡姆比利安', 'score': '0-4', 'selected_team': '特芬琳', 'settlement': '黑', 'water': 1.01, 'pnl_1u': -1.0, 'roi': -1.0, 'line': '-0.5', 'action': 'V4纸面入选-C', 'source': 'https://www.footballwebpages.co.uk/20260915'}, {'date': '2026-09-18', 'match': '空中巴士 vs 弗林特镇', 'score': '4-1', 'selected_team': '弗林特镇', 'settlement': '黑', 'water': 1.07, 'pnl_1u': -1.0, 'roi': -1.0, 'line': '0.5', 'action': 'V4纸面入选-C', 'source': 'https://zq.titan007.com/analysis/3019529cn.htm'}, {'date': '2026-09-18', 'match': '布里顿费里 vs 特芬琳', 'score': '1-1', 'selected_team': '特芬琳', 'settlement': '红', 'water': 0.91, 'pnl_1u': 0.91, 'roi': 0.91, 'line': '1', 'action': 'V4纸面入选-C', 'source': 'https://zq.titan007.com/analysis/3019531cn.htm'}, {'date': '2026-09-18', 'match': '科尔温湾 vs 巴里镇联', 'score': '5-2', 'selected_team': '巴里镇联', 'settlement': '黑', 'water': 1, 'pnl_1u': -1.0, 'roi': -1.0, 'line': '0.25', 'action': 'V4纸面入选-C', 'source': 'https://zq.titan007.com/analysis/3019533cn.htm'}, {'date': '2026-09-18', 'match': '康纳斯码头 vs 卡迪夫都市大学', 'score': '1-0', 'selected_team': '卡迪夫都市大学', 'settlement': '半黑', 'water': 1.19, 'pnl_1u': -0.5, 'roi': -0.5, 'line': '0.75', 'action': 'V4纸面入选-B', 'source': 'https://zq.titan007.com/analysis/3019534cn.htm'}, {'date': '2026-09-19', 'match': '新圣徒 vs 兰迪德诺', 'score': '2-1', 'selected_team': '新圣徒', 'settlement': '黑', 'water': 0.92, 'pnl_1u': -1.0, 'roi': -1.0, 'line': '2.25', 'action': 'V4纸面入选-C', 'source': 'https://zq.titan007.com/analysis/3019536cn.htm'}, {'date': '2026-09-26', 'match': '佩尼邦 vs 空中巴士', 'score': '2-1', 'selected_team': '空中巴士', 'settlement': '黑', 'water': 1.06, 'pnl_1u': -1.0, 'roi': -1.0, 'line': '0.25', 'action': 'V4最新页面A/B/C候选', 'source': 'https://simondongxiao.github.io/odds/v4/'}, {'date': '2026-09-29', 'match': '卡迪夫都市大学 vs 西哈弗福德', 'score': '1-0', 'selected_team': '西哈弗福德', 'settlement': '黑', 'water': 1.14, 'pnl_1u': -1.0, 'roi': -1.0, 'line': '0.25', 'action': 'V4纸面入选-B', 'source': 'https://m.titan007.com/analy/Analysis/3019528.htm'}, {'date': '2026-10-03', 'match': '空中巴士 vs 特芬琳', 'score': '3-0', 'selected_team': '', 'settlement': '红', 'water': 1.06, 'pnl_1u': 1.06, 'roi': 1.06, 'line': '', 'action': 'V4纸面入选-C', 'source': 'https://m.titan007.com/analy/Analysis/3019545.htm'}]"
V4,2026-10-09,3019559,威超,时间待核,兰迪德诺 vs 空中巴士,,,10,2,0,0,1,7,0.21052632,-5.53,-0.553,10,严重：历史有效胜率<45%,严重：历史有效胜率<45%,list_date < 2026-10-09,"[{'date': '2026-09-15', 'match': '新圣徒 vs 弗林特镇', 'score': '5-0', 'selected_team': '弗林特镇', 'settlement': '黑', 'water': 0.97, 'pnl_1u': -1.0, 'roi': -1.0, 'line': '2.5', 'action': 'V4纸面入选-A', 'source': 'https://www.footballwebpages.co.uk/20260915'}, {'date': '2026-09-15', 'match': '特芬琳 vs 卡姆比利安', 'score': '0-4', 'selected_team': '特芬琳', 'settlement': '黑', 'water': 1.01, 'pnl_1u': -1.0, 'roi': -1.0, 'line': '-0.5', 'action': 'V4纸面入选-C', 'source': 'https://www.footballwebpages.co.uk/20260915'}, {'date': '2026-09-18', 'match': '空中巴士 vs 弗林特镇', 'score': '4-1', 'selected_team': '弗林特镇', 'settlement': '黑', 'water': 1.07, 'pnl_1u': -1.0, 'roi': -1.0, 'line': '0.5', 'action': 'V4纸面入选-C', 'source': 'https://zq.titan007.com/analysis/3019529cn.htm'}, {'date': '2026-09-18', 'match': '布里顿费里 vs 特芬琳', 'score': '1-1', 'selected_team': '特芬琳', 'settlement': '红', 'water': 0.91, 'pnl_1u': 0.91, 'roi': 0.91, 'line': '1', 'action': 'V4纸面入选-C', 'source': 'https://zq.titan007.com/analysis/3019531cn.htm'}, {'date': '2026-09-18', 'match': '科尔温湾 vs 巴里镇联', 'score': '5-2', 'selected_team': '巴里镇联', 'settlement': '黑', 'water': 1, 'pnl_1u': -1.0, 'roi': -1.0, 'line': '0.25', 'action': 'V4纸面入选-C', 'source': 'https://zq.titan007.com/analysis/3019533cn.htm'}, {'date': '2026-09-18', 'match': '康纳斯码头 vs 卡迪夫都市大学', 'score': '1-0', 'selected_team': '卡迪夫都市大学', 'settlement': '半黑', 'water': 1.19, 'pnl_1u': -0.5, 'roi': -0.5, 'line': '0.75', 'action': 'V4纸面入选-B', 'source': 'https://zq.titan007.com/analysis/3019534cn.htm'}, {'date': '2026-09-19', 'match': '新圣徒 vs 兰迪德诺', 'score': '2-1', 'selected_team': '新圣徒', 'settlement': '黑', 'water': 0.92, 'pnl_1u': -1.0, 'roi': -1.0, 'line': '2.25', 'action': 'V4纸面入选-C', 'source': 'https://zq.titan007.com/analysis/3019536cn.htm'}, {'date': '2026-09-26', 'match': '佩尼邦 vs 空中巴士', 'score': '2-1', 'selected_team': '空中巴士', 'settlement': '黑', 'water': 1.06, 'pnl_1u': -1.0, 'roi': -1.0, 'line': '0.25', 'action': 'V4最新页面A/B/C候选', 'source': 'https://simondongxiao.github.io/odds/v4/'}, {'date': '2026-09-29', 'match': '卡迪夫都市大学 vs 西哈弗福德', 'score': '1-0', 'selected_team': '西哈弗福德', 'settlement': '黑', 'water': 1.14, 'pnl_1u': -1.0, 'roi': -1.0, 'line': '0.25', 'action': 'V4纸面入选-B', 'source': 'https://m.titan007.com/analy/Analysis/3019528.htm'}, {'date': '2026-10-03', 'match': '空中巴士 vs 特芬琳', 'score': '3-0', 'selected_team': '', 'settlement': '红', 'water': 1.06, 'pnl_1u': 1.06, 'roi': 1.06, 'line': '', 'action': 'V4纸面入选-C', 'source': 'https://m.titan007.com/analy/Analysis/3019545.htm'}]"
V4,2026-10-09,3019560,威超,时间待核,佩尼邦 vs 巴里镇联,,,10,2,0,0,1,7,0.21052632,-5.53,-0.553,10,严重：历史有效胜率<45%,严重：历史有效胜率<45%,list_date < 2026-10-09,"[{'date': '2026-09-15', 'match': '新圣徒 vs 弗林特镇', 'score': '5-0', 'selected_team': '弗林特镇', 'settlement': '黑', 'water': 0.97, 'pnl_1u': -1.0, 'roi': -1.0, 'line': '2.5', 'action': 'V4纸面入选-A', 'source': 'https://www.footballwebpages.co.uk/20260915'}, {'date': '2026-09-15', 'match': '特芬琳 vs 卡姆比利安', 'score': '0-4', 'selected_team': '特芬琳', 'settlement': '黑', 'water': 1.01, 'pnl_1u': -1.0, 'roi': -1.0, 'line': '-0.5', 'action': 'V4纸面入选-C', 'source': 'https://www.footballwebpages.co.uk/20260915'}, {'date': '2026-09-18', 'match': '空中巴士 vs 弗林特镇', 'score': '4-1', 'selected_team': '弗林特镇', 'settlement': '黑', 'water': 1.07, 'pnl_1u': -1.0, 'roi': -1.0, 'line': '0.5', 'action': 'V4纸面入选-C', 'source': 'https://zq.titan007.com/analysis/3019529cn.htm'}, {'date': '2026-09-18', 'match': '布里顿费里 vs 特芬琳', 'score': '1-1', 'selected_team': '特芬琳', 'settlement': '红', 'water': 0.91, 'pnl_1u': 0.91, 'roi': 0.91, 'line': '1', 'action': 'V4纸面入选-C', 'source': 'https://zq.titan007.com/analysis/3019531cn.htm'}, {'date': '2026-09-18', 'match': '科尔温湾 vs 巴里镇联', 'score': '5-2', 'selected_team': '巴里镇联', 'settlement': '黑', 'water': 1, 'pnl_1u': -1.0, 'roi': -1.0, 'line': '0.25', 'action': 'V4纸面入选-C', 'source': 'https://zq.titan007.com/analysis/3019533cn.htm'}, {'date': '2026-09-18', 'match': '康纳斯码头 vs 卡迪夫都市大学', 'score': '1-0', 'selected_team': '卡迪夫都市大学', 'settlement': '半黑', 'water': 1.19, 'pnl_1u': -0.5, 'roi': -0.5, 'line': '0.75', 'action': 'V4纸面入选-B', 'source': 'https://zq.titan007.com/analysis/3019534cn.htm'}, {'date': '2026-09-19', 'match': '新圣徒 vs 兰迪德诺', 'score': '2-1', 'selected_team': '新圣徒', 'settlement': '黑', 'water': 0.92, 'pnl_1u': -1.0, 'roi': -1.0, 'line': '2.25', 'action': 'V4纸面入选-C', 'source': 'https://zq.titan007.com/analysis/3019536cn.htm'}, {'date': '2026-09-26', 'match': '佩尼邦 vs 空中巴士', 'score': '2-1', 'selected_team': '空中巴士', 'settlement': '黑', 'water': 1.06, 'pnl_1u': -1.0, 'roi': -1.0, 'line': '0.25', 'action': 'V4最新页面A/B/C候选', 'source': 'https://simondongxiao.github.io/odds/v4/'}, {'date': '2026-09-29', 'match': '卡迪夫都市大学 vs 西哈弗福德', 'score': '1-0', 'selected_team': '西哈弗福德', 'settlement': '黑', 'water': 1.14, 'pnl_1u': -1.0, 'roi': -1.0, 'line': '0.25', 'action': 'V4纸面入选-B', 'source': 'https://m.titan007.com/analy/Analysis/3019528.htm'}, {'date': '2026-10-03', 'match': '空中巴士 vs 特芬琳', 'score': '3-0', 'selected_team': '', 'settlement': '红', 'water': 1.06, 'pnl_1u': 1.06, 'roi': 1.06, 'line': '', 'action': 'V4纸面入选-C', 'source': 'https://m.titan007.com/analy/Analysis/3019545.htm'}]"
V4,2026-10-09,3094533,爱足杯,时间待核,波希米亚人 vs 沃特福德联队,波希米亚人,giving,0,0,0,0,0,0,,,,0,,,list_date < 2026-10-09,[]
V4,2026-10-09,3008982,北爱冠,时间待核,纽因顿 vs 阿尔斯,,,0,0,0,0,0,0,,,,0,,,list_date < 2026-10-09,[]
V4,2026-10-09,3008983,北爱冠,时间待核,纽维城 vs 邓迪拉,,,0,0,0,0,0,0,,,,0,,,list_date < 2026-10-09,[]
V4,2026-10-09,3008985,北爱冠,时间待核,拉夫利兰流浪者 vs 阿尔马城,,,0,0,0,0,0,0,,,,0,,,list_date < 2026-10-09,[]
V4,2026-10-09,3021191,威冠北,时间待核,巴拉城 vs 巴克利镇,,,0,0,0,0,0,0,,,,0,,,list_date < 2026-10-09,[]
V4,2026-10-09,3021192,威冠北,时间待核,拉辛城 vs 莱尔,,,0,0,0,0,0,0,,,,0,,,list_date < 2026-10-09,[]
V4,2026-10-09,3021432,威冠南,时间待核,卡菲利体育 vs 纽波特城,,,2,0,0,0,0,2,0.0,-2.0,-1.0,2,,,list_date < 2026-10-09,"[{'date': '2026-10-02', 'match': '卡马顿 vs 马奇奥', 'score': '1-2', 'selected_team': '卡马顿', 'settlement': '黑', 'water': 0.9, 'pnl_1u': -1.0, 'roi': -1.0, 'line': '1', 'action': 'V4纸面入选-C', 'source': 'https://m.titan007.com/analy/Analysis/3021423.htm'}, {'date': '2026-10-02', 'match': '兰内里 vs 巴格兰龙', 'score': '1-2', 'selected_team': '', 'settlement': '黑', 'water': 0.8, 'pnl_1u': -1.0, 'roi': -1.0, 'line': '', 'action': 'V4纸面入选-C', 'source': 'https://m.titan007.com/analy/Analysis/3021424.htm'}]"
V4,2026-10-09,3013717,西甲,时间待核,马拉加 vs 西班牙人,,,12,7,1,0,2,2,0.71428571,4.935,0.41125,12,,高：历史有效胜率>55%,list_date < 2026-10-09,"[{'date': '2026-09-13', 'match': '莱万特 vs 巴塞罗那', 'score': '2-4', 'selected_team': '巴塞罗那', 'settlement': '半黑', 'water': 0.85, 'pnl_1u': -0.5, 'roi': -0.5, 'line': '-2.25', 'action': 'V4纸面入选-C', 'source': 'https://m.titan007.com/analy/Analysis/3013685.htm'}, {'date': '2026-09-13', 'match': '赫塔菲 vs 拉科鲁尼亚', 'score': '1-1', 'selected_team': '赫塔菲', 'settlement': '半黑', 'water': 1.03, 'pnl_1u': -0.5, 'roi': -0.5, 'line': '0.25', 'action': 'V4纸面入选-C', 'source': 'https://m.titan007.com/analy/Analysis/3013684.htm'}, {'date': '2026-09-13', 'match': '皇家社会 vs 马德里竞技', 'score': '0-3', 'selected_team': '马德里竞技', 'settlement': '红', 'water': 1.04, 'pnl_1u': 1.04, 'roi': 1.04, 'line': '-0.25', 'action': 'V4纸面入选-C', 'source': 'https://m.titan007.com/analy/Analysis/3013689.htm'}, {'date': '2026-09-15', 'match': '巴列卡诺 vs 西班牙人', 'score': '2-1', 'selected_team': '巴列卡诺', 'settlement': '红', 'water': 1.05, 'pnl_1u': 1.05, 'roi': 1.05, 'line': '0.25', 'action': 'V4纸面入选-C', 'source': 'https://mexico.as.com/resultados/'}, {'date': '2026-09-15', 'match': '埃尔切 vs 皇家马德里', 'score': '2-3', 'selected_team': '皇家马德里', 'settlement': '黑', 'water': 0.85, 'pnl_1u': -1.0, 'roi': -1.0, 'line': '-2', 'action': 'V4纸面入选-C', 'source': 'https://mexico.as.com/resultados/'}, {'date': '2026-09-16', 'match': '马德里竞技 vs 奥萨苏纳', 'score': '4-0', 'selected_team': '马德里竞技', 'settlement': '红', 'water': 1.06, 'pnl_1u': 1.06, 'roi': 1.06, 'line': '1.5', 'action': 'V4纸面入选-B', 'source': 'https://simondongxiao.github.io/odds/v4/'}, {'date': '2026-09-16', 'match': '莱万特 vs 毕尔巴鄂竞技', 'score': '0-0', 'selected_team': '莱万特', 'settlement': '半红', 'water': 1.03, 'pnl_1u': 0.515, 'roi': 0.515, 'line': '-0.25', 'action': 'V4纸面入选-C', 'source': 'https://simondongxiao.github.io/odds/v3-legacy/'}, {'date': '2026-09-18', 'match': '西班牙人 vs 埃尔切', 'score': '1-3', 'selected_team': '埃尔切', 'settlement': '红', 'water': 1.06, 'pnl_1u': 1.06, 'roi': 1.06, 'line': '0.5', 'action': 'V4纸面入选-C', 'source': 'https://zq.titan007.com/analysis/3013706cn.htm'}, {'date': '2026-09-19', 'match': '毕尔巴鄂竞技 vs 阿拉维斯', 'score': '0-0', 'selected_team': '阿拉维斯', 'settlement': '红', 'water': 1.09, 'pnl_1u': 1.09, 'roi': 1.09, 'line': '0.75', 'action': 'V4纸面入选-C', 'source': 'https://zq.titan007.com/analysis/3013702cn.htm'}, {'date': '2026-09-19', 'match': '塞尔塔 vs 桑坦德竞技', 'score': '5-0', 'selected_team': '桑坦德竞技', 'settlement': '黑', 'water': 1.05, 'pnl_1u': -1.0, 'roi': -1.0, 'line': '0.5', 'action': 'V4纸面入选-C', 'source': 'https://zq.titan007.com/analysis/3013704cn.htm'}, {'date': '2026-09-20', 'match': '赫塔菲 vs 马拉加', 'score': '1-0', 'selected_team': '赫塔菲', 'settlement': '红', 'water': 1.05, 'pnl_1u': 1.05, 'roi': 1.05, 'line': '0.5', 'action': 'V4纸面入选-C', 'source': 'https://zq.titan007.com/analysis/3013707cn.htm'}, {'date': '2026-09-20', 'match': '比利亚雷亚尔 vs 莱万特', 'score': '3-1', 'selected_team': '比利亚雷亚尔', 'settlement': '红', 'water': 1.07, 'pnl_1u': 1.07, 'roi': 1.07, 'line': '1.25', 'action': 'V4纸面入选-C', 'source': 'https://zq.titan007.com/analysis/3013711cn.htm'}]"
V4,2026-10-09,3008256,英冠,时间待核,西汉姆联 vs 女王公园巡游者,西汉姆联,giving,8,5,1,0,0,2,0.73333333,3.685,0.460625,8,,,list_date < 2026-10-09,"[{'date': '2026-09-15', 'match': '布里斯托城 vs 林肯城', 'score': '0-1', 'selected_team': '林肯城', 'settlement': '红', 'water': 1.03, 'pnl_1u': 1.03, 'roi': 1.03, 'line': '0.5', 'action': 'V4纸面入选-C', 'source': 'https://www.footballwebpages.co.uk/20260915'}, {'date': '2026-09-15', 'match': '米德尔斯堡 vs 米尔沃尔', 'score': '2-2', 'selected_team': '米德尔斯堡', 'settlement': '黑', 'water': 1.01, 'pnl_1u': -1.0, 'roi': -1.0, 'line': '1.25', 'action': 'V4纸面入选-C', 'source': 'https://www.footballwebpages.co.uk/20260915'}, {'date': '2026-09-19', 'match': '米尔沃尔 vs 西汉姆联', 'score': '2-2', 'selected_team': '米尔沃尔', 'settlement': '红', 'water': 1.01, 'pnl_1u': 1.01, 'roi': 1.01, 'line': '-0.75', 'action': 'V4纸面入选-C', 'source': 'https://zq.titan007.com/analysis/3008239cn.htm'}, {'date': '2026-09-19', 'match': '斯托克城 vs 谢菲尔德联队', 'score': '2-1', 'selected_team': '斯托克城', 'settlement': '红', 'water': 1.02, 'pnl_1u': 1.02, 'roi': 1.02, 'line': '0.25', 'action': 'V4纸面入选-C', 'source': 'https://zq.titan007.com/analysis/3008243cn.htm'}, {'date': '2026-09-19', 'match': '伯恩利 vs 德比郡', 'score': '1-1', 'selected_team': '德比郡', 'settlement': '红', 'water': 1.03, 'pnl_1u': 1.03, 'roi': 1.03, 'line': '0.5', 'action': 'V4纸面入选-C', 'source': 'https://zq.titan007.com/analysis/3008238cn.htm'}, {'date': '2026-09-19', 'match': '朴茨茅斯 vs 布莱克本', 'score': '2-2', 'selected_team': '布莱克本', 'settlement': '半红', 'water': 1.03, 'pnl_1u': 0.515, 'roi': 0.515, 'line': '0.25', 'action': 'V4纸面入选-C', 'source': 'https://zq.titan007.com/analysis/3008241cn.htm'}, {'date': '2026-09-19', 'match': '林肯城 vs 斯旺西', 'score': '1-2', 'selected_team': '斯旺西', 'settlement': '红', 'water': 1.08, 'pnl_1u': 1.08, 'roi': 1.08, 'line': '-0.25', 'action': 'V4纸面入选-C', 'source': 'https://zq.titan007.com/analysis/3008246cn.htm'}, {'date': '2026-09-20', 'match': '诺维奇 vs 博尔顿', 'score': '3-4', 'selected_team': '诺维奇', 'settlement': '黑', 'water': 1.03, 'pnl_1u': -1.0, 'roi': -1.0, 'line': '1.25', 'action': 'V4纸面入选-C', 'source': 'https://zq.titan007.com/analysis/3008240cn.htm'}]"
V4,2026-10-09,3014929,西协甲,时间待核,伊维萨 vs 皇家马德里B队,,,17,7,1,2,1,6,0.53571429,-0.55,-0.03235294,17,,,list_date < 2026-10-09,"[{'date': '2026-09-19', 'match': '尤尼恩斯塔斯 vs UD欧云斯', 'score': '3-1', 'selected_team': 'UD欧云斯', 'settlement': '黑', 'water': 1.14, 'pnl_1u': -1.0, 'roi': -1.0, 'line': '0.25', 'action': 'V4纸面入选-B', 'source': 'https://zq.titan007.com/analysis/3014522cn.htm'}, {'date': '2026-09-19', 'match': '费罗尔竞技 vs 巴拉卡度', 'score': '1-0', 'selected_team': '巴拉卡度', 'settlement': '黑', 'water': 1.05, 'pnl_1u': -1.0, 'roi': -1.0, 'line': '0.25', 'action': 'V4纸面入选-C', 'source': 'https://zq.titan007.com/analysis/3014518cn.htm'}, {'date': '2026-09-20', 'match': '萨拉戈萨 vs 卡塔赫纳', 'score': '1-0', 'selected_team': '卡塔赫纳', 'settlement': '半黑', 'water': 1.01, 'pnl_1u': -0.5, 'roi': -0.5, 'line': '0.75', 'action': 'V4纸面入选-C', 'source': 'https://zq.titan007.com/analysis/3014903cn.htm'}, {'date': '2026-09-27', 'match': '米兰德斯 vs 尤尼恩斯塔斯', 'score': '1-0', 'selected_team': '尤尼恩斯塔斯', 'settlement': '走', 'water': 1, 'pnl_1u': 0.0, 'roi': 0.0, 'line': '1', 'action': 'V4最新页面A/B/C候选', 'source': 'https://simondongxiao.github.io/odds/v4/'}, {'date': '2026-09-27', 'match': 'CF安提哥拉 vs 哈恩', 'score': '2-0', 'selected_team': '哈恩', 'settlement': '黑', 'water': 1.03, 'pnl_1u': -1.0, 'roi': -1.0, 'line': '0.25', 'action': 'V4最新页面A/B/C候选', 'source': 'https://simondongxiao.github.io/odds/v4/'}, {'date': '2026-10-03', 'match': '巴拉卡度 vs 亚勒那斯', 'score': '1-1', 'selected_team': '巴拉卡度', 'settlement': '黑', 'water': 0.74, 'pnl_1u': -1.0, 'roi': -1.0, 'line': '1', 'action': 'V4纸面入选-B', 'source': 'https://m.titan007.com/analy/Analysis/3014535.htm'}, {'date': '2026-10-03', 'match': '皇家联邦 vs UD欧云斯', 'score': '1-1', 'selected_team': '', 'settlement': '走', 'water': 0.88, 'pnl_1u': 0.0, 'roi': 0.0, 'line': '', 'action': 'V4纸面入选-C', 'source': 'https://m.titan007.com/analy/Analysis/3014539.htm'}, {'date': '2026-10-03', 'match': '艾科坎 vs 托雷莫利诺斯青年', 'score': '5-0', 'selected_team': '艾科坎', 'settlement': '红', 'water': 0.7, 'pnl_1u': 0.7, 'roi': 0.7, 'line': '1.25', 'action': 'V4纸面入选-B', 'source': 'https://m.titan007.com/analy/Analysis/3014914.htm'}, {'date': '2026-10-03', 'match': '卡塔赫纳 vs 亚古拉斯', 'score': '4-1', 'selected_team': '卡塔赫纳', 'settlement': '红', 'water': 0.92, 'pnl_1u': 0.92, 'roi': 0.92, 'line': '0.5', 'action': 'V4纸面入选-C', 'source': 'https://m.titan007.com/analy/Analysis/3014916.htm'}, {'date': '2026-10-04', 'match': '毕尔巴鄂竞技B队 vs 艾斯马度华', 'score': '1-3', 'selected_team': '', 'settlement': '黑', 'water': 0.85, 'pnl_1u': -1.0, 'roi': -1.0, 'line': '', 'action': 'V4纸面入选-C', 'source': 'https://m.titan007.com/analy/Analysis/3014534.htm'}, {'date': '2026-10-04', 'match': '洛格朗尼斯 vs 拉科鲁尼亚B队', 'score': '2-1', 'selected_team': '洛格朗尼斯', 'settlement': '半红', 'water': 0.74, 'pnl_1u': 0.37, 'roi': 0.37, 'line': '0.75', 'action': 'V4纸面入选-B', 'source': 'https://m.titan007.com/analy/Analysis/3014541.htm'}, {'date': '2026-10-04', 'match': '穆尔西亚 vs 塔拉戈纳', 'score': '2-0', 'selected_team': '', 'settlement': '红', 'water': 0.82, 'pnl_1u': 0.82, 'roi': 0.82, 'line': '', 'action': 'V4纸面入选-C', 'source': 'https://m.titan007.com/analy/Analysis/3014919.htm'}, {'date': '2026-10-04', 'match': '比利亚雷亚尔B队 vs 伊维萨', 'score': '0-1', 'selected_team': '比利亚雷亚尔B队', 'settlement': '黑', 'water': 0.78, 'pnl_1u': -1.0, 'roi': -1.0, 'line': '0.25', 'action': 'V4纸面入选-B', 'source': 'https://m.titan007.com/analy/Analysis/3014922.htm'}, {'date': '2026-10-04', 'match': '韦斯卡 vs CE欧罗巴', 'score': '3-1', 'selected_team': '韦斯卡', 'settlement': '红', 'water': 0.76, 'pnl_1u': 0.76, 'roi': 0.76, 'line': '0.75', 'action': 'V4纸面入选-B', 'source': 'https://m.titan007.com/analy/Analysis/3014918.htm'}, {'date': '2026-10-04', 'match': '萨莫拉 vs CD科瑞亚', 'score': '2-0', 'selected_team': '萨莫拉', 'settlement': '红', 'water': 0.82, 'pnl_1u': 0.82, 'roi': 0.82, 'line': '0.75', 'action': 'V4纸面入选-C', 'source': 'https://m.titan007.com/analy/Analysis/3014543.htm'}, {'date': '2026-10-04', 'match': '艾基史拉斯 vs 瑞欧马加达宏达', 'score': '1-0', 'selected_team': '艾基史拉斯', 'settlement': '红', 'water': 0.82, 'pnl_1u': 0.82, 'roi': 0.82, 'line': '0.5', 'action': 'V4纸面入选-C', 'source': 'https://m.titan007.com/analy/Analysis/3014915.htm'}, {'date': '2026-10-04', 'match': '萨拉戈萨 vs 特鲁埃尔', 'score': '4-1', 'selected_team': '萨拉戈萨', 'settlement': '红', 'water': 0.74, 'pnl_1u': 0.74, 'roi': 0.74, 'line': '1.25', 'action': 'V4纸面入选-B', 'source': 'https://m.titan007.com/analy/Analysis/3014923.htm'}]"
V4,2026-10-09,3056762,阿尔甲,时间待核,MC阿尔及尔 vs 谭茅芩特,MC阿尔及尔,giving,8,2,1,1,1,3,0.41666667,-1.15,-0.14375,8,,,list_date < 2026-10-09,"[{'date': '2026-09-17', 'match': '比斯克拉 vs 贝鲁扎达', 'score': '0-1', 'selected_team': '比斯克拉', 'settlement': '黑', 'water': 1.04, 'pnl_1u': -1.0, 'roi': -1.0, 'line': '-0.5', 'action': 'V4纸面入选-C', 'source': 'https://competition.dz/actualites/ligue-1/ligue-1-3e-journee-le-crb-s-impose-a-biskra-et-prend-provisoirement-les-commandes-du-classement.html'}, {'date': '2026-09-17', 'match': '谭茅芩特 vs 卡比利亚', 'score': '1-0', 'selected_team': '谭茅芩特', 'settlement': '红', 'water': 1.06, 'pnl_1u': 1.06, 'roi': 1.06, 'line': '-0.25', 'action': 'V4纸面入选-C', 'source': 'https://www.betstudy.com/soccer-stats/result/temouchent-js-kabylie-19789099/'}, {'date': '2026-09-18', 'match': '汉舍莱 vs 阿科诺', 'score': '1-1', 'selected_team': '阿科诺', 'settlement': '半红', 'water': 1.02, 'pnl_1u': 0.51, 'roi': 0.51, 'line': '0.25', 'action': 'V4纸面入选-C', 'source': 'https://zq.titan007.com/analysis/3056754cn.htm'}, {'date': '2026-10-07', 'match': '阿科诺 vs 埃尔比亚尔', 'score': '2-2', 'selected_team': '', 'settlement': '走', 'water': 0.81, 'pnl_1u': 0.0, 'roi': 0.0, 'line': '', 'action': 'V4纸面入选-C', 'source': 'https://m.titan007.com/analy/Analysis/3056758.htm'}, {'date': '2026-10-07', 'match': '康士坦丁 vs 比斯克拉', 'score': '4-0', 'selected_team': '康士坦丁', 'settlement': '红', 'water': 0.78, 'pnl_1u': 0.78, 'roi': 0.78, 'line': '0.75', 'action': 'V4纸面入选-A', 'source': 'https://m.titan007.com/analy/Analysis/3056759.htm'}, {'date': '2026-10-07', 'match': '贝鲁扎达 vs 汉舍莱', 'score': '1-0', 'selected_team': '贝鲁扎达', 'settlement': '半黑', 'water': 0.87, 'pnl_1u': -0.5, 'roi': -0.5, 'line': '1.25', 'action': 'V4纸面入选-A', 'source': 'https://m.titan007.com/analy/Analysis/3056760.htm'}, {'date': '2026-10-08', 'match': 'MC奥兰 vs 塞堤夫', 'score': '0-0', 'selected_team': 'MC奥兰', 'settlement': '黑', 'water': 0.98, 'pnl_1u': -1.0, 'roi': -1.0, 'line': '0.5', 'action': 'V4ShadowOnly；real_money=false', 'source': 'D:\\codex\\v3_legacy\\outputs\\football_odds_trader\\raw\\titan007\\20261008\\20261008_074021_titan007_odds_snapshot.csv'}, {'date': '2026-10-08', 'match': '圣罗拉 vs 奥德阿库', 'score': '0-0', 'selected_team': '圣罗拉', 'settlement': '黑', 'water': 0.84, 'pnl_1u': -1.0, 'roi': -1.0, 'line': '0.5', 'action': 'V4ShadowOnly；real_money=false', 'source': 'D:\\codex\\v3_legacy\\outputs\\football_odds_trader\\raw\\titan007\\20261008\\20261008_074021_titan007_odds_snapshot.csv'}]"
V4,2026-10-09,3059144,玻利甲,时间待核,圣安东尼奥布鲁布鲁 vs 皇家托马亚波,,,0,0,0,0,0,0,,,,0,,,list_date < 2026-10-09,[]
V4,2026-10-09,3100366,巴拉丙,时间待核,克莱西亚莱斯竞技 vs 亚特兰蒂斯SC,,,3,1,0,1,0,1,0.5,-0.22,-0.07333333,3,,,list_date < 2026-10-09,"[{'date': '2026-09-30', 'match': '克里斯托巴尔科隆JAS vs 巴拉圭河床', 'score': '0-3', 'selected_team': '巴拉圭河床', 'settlement': '黑', 'water': 0.87, 'pnl_1u': -1.0, 'roi': -1.0, 'line': '-1', 'action': 'V4纸面入选-B', 'source': 'https://m.titan007.com/analy/Analysis/3096655.htm'}, {'date': '2026-09-30', 'match': '费布雷诺 vs 林皮奥人体育', 'score': '2-2', 'selected_team': '', 'settlement': '走', 'water': 0.94, 'pnl_1u': 0.0, 'roi': 0.0, 'line': '', 'action': 'V4纸面入选-C', 'source': 'https://m.titan007.com/analy/Analysis/3096660.htm'}, {'date': '2026-10-05', 'match': '锡尔维奥佩蒂罗西 vs 克里斯托巴尔科隆JAS', 'score': '2-1', 'selected_team': '', 'settlement': '红', 'water': 0.78, 'pnl_1u': 0.78, 'roi': 0.78, 'line': '', 'action': 'V4纸面入选-C', 'source': 'https://m.titan007.com/analy/Analysis/3099075.htm'}]"
V4,2026-10-09,3099585,阿根业余锦,时间待核,圣马丁门多萨 vs 蒙特米亚斯,,,0,0,0,0,0,0,,,,0,,,list_date < 2026-10-09,[]
V4,2026-10-09,3099277,北爱全联,时间待核,巴利马卡斯流浪 vs 罗萨里奥YFC,,,0,0,0,0,0,0,,,,0,,,list_date < 2026-10-09,[]
V4,2026-10-09,3023497,葡超,时间待核,布拉加 vs 葡萄牙体育,,,6,2,2,0,1,1,0.66666667,1.605,0.2675,6,,,list_date < 2026-10-09,"[{'date': '2026-09-13', 'match': '本菲卡 vs 吉维森特', 'score': '3-1', 'selected_team': '本菲卡', 'settlement': '半黑', 'water': 1.02, 'pnl_1u': -0.5, 'roi': -0.5, 'line': '2.25', 'action': 'V4纸面入选-C', 'source': 'https://m.titan007.com/analy/Analysis/3023478.htm'}, {'date': '2026-09-14', 'match': '布拉加 vs 埃斯托里尔', 'score': '1-0', 'selected_team': '埃斯托里尔', 'settlement': '半红', 'water': 1.03, 'pnl_1u': 0.515, 'roi': 0.515, 'line': '1.25', 'action': 'V4纸面入选-C', 'source': 'https://m.titan007.com/analy/Analysis/3023479.htm'}, {'date': '2026-09-20', 'match': '阿马多拉 vs 维塞乌', 'score': '0-2', 'selected_team': '维塞乌', 'settlement': '红', 'water': 1.04, 'pnl_1u': 1.04, 'roi': 1.04, 'line': '0.25', 'action': 'V4纸面入选-C', 'source': 'https://zq.titan007.com/analysis/3023487cn.htm'}, {'date': '2026-09-20', 'match': '吉马良斯 vs 摩里伦斯', 'score': '1-1', 'selected_team': '摩里伦斯', 'settlement': '红', 'water': 1.05, 'pnl_1u': 1.05, 'roi': 1.05, 'line': '1', 'action': 'V4纸面入选-C', 'source': 'https://zq.titan007.com/analysis/3023493cn.htm'}, {'date': '2026-09-20', 'match': '圣克拉拉 vs 布拉加', 'score': '0-0', 'selected_team': '圣克拉拉', 'settlement': '半红', 'water': 1, 'pnl_1u': 0.5, 'roi': 0.5, 'line': '-0.25', 'action': 'V4纸面入选-C', 'source': 'https://zq.titan007.com/analysis/3023491cn.htm'}, {'date': '2026-09-20', 'match': '波尔图 vs 本菲卡', 'score': '3-1', 'selected_team': '本菲卡', 'settlement': '黑', 'water': 1.09, 'pnl_1u': -1.0, 'roi': -1.0, 'line': '-0.25', 'action': 'V4纸面入选-C', 'source': 'https://zq.titan007.com/analysis/3023488cn.htm'}]"
V4,2026-10-09,3099214,圣马甲,时间待核,蔡伦戈 vs 利伯达斯,,,0,0,0,0,0,0,,,,0,,,list_date < 2026-10-09,[]
V4,2026-10-09,3099215,圣马甲,时间待核,拉科奥里塔 vs 梅拿达,,,0,0,0,0,0,0,,,,0,,,list_date < 2026-10-09,[]
V4,2026-10-09,3099216,圣马甲,时间待核,彭拿洛沙 vs 弗洛戈雷,,,0,0,0,0,0,0,,,,0,,,list_date < 2026-10-09,[]
V4,2026-10-09,3099093,乌拉甲秋,时间待核,图尔克 vs 丹奴比奥,,,5,1,1,1,0,2,0.42857143,-0.795,-0.159,5,,,list_date < 2026-10-09,"[{'date': '2026-09-19', 'match': '塞路 vs 佩纳罗尔', 'score': '1-2', 'selected_team': '塞路', 'settlement': '走', 'water': 0.86, 'pnl_1u': 0.0, 'roi': 0.0, 'line': '-1', 'action': 'V4纸面入选-C', 'source': 'https://zq.titan007.com/analysis/3091695cn.htm'}, {'date': '2026-10-03', 'match': '利物浦蒙特维多 vs 普罗格雷索俱乐部', 'score': '3-2', 'selected_team': '利物浦蒙特维多', 'settlement': '半红', 'water': 0.85, 'pnl_1u': 0.425, 'roi': 0.425, 'line': '0.75', 'action': 'V4纸面入选-B', 'source': 'https://m.titan007.com/analy/Analysis/3094914.htm'}, {'date': '2026-10-03', 'match': '马尔多纳多 vs 西班牙中心', 'score': '3-0', 'selected_team': '马尔多纳多', 'settlement': '红', 'water': 0.78, 'pnl_1u': 0.78, 'roi': 0.78, 'line': '0.75', 'action': 'V4纸面入选-C', 'source': 'https://m.titan007.com/analy/Analysis/3094916.htm'}, {'date': '2026-10-04', 'match': '塞路 vs 漫游者', 'score': '0-2', 'selected_team': '', 'settlement': '黑', 'water': 1, 'pnl_1u': -1.0, 'roi': -1.0, 'line': '', 'action': 'V4纸面入选-C', 'source': 'https://m.titan007.com/analy/Analysis/3094919.htm'}, {'date': '2026-10-04', 'match': '蒙特维多竞技 vs 佩纳罗尔', 'score': '0-1', 'selected_team': '蒙特维多竞技', 'settlement': '黑', 'water': 0.72, 'pnl_1u': -1.0, 'roi': -1.0, 'line': '-0.5', 'action': 'V4纸面入选-B', 'source': 'https://m.titan007.com/analy/Analysis/3094920.htm'}]"
V4,2026-10-09,3099407,葡乙,时间待核,桑塔雷 vs 卢西塔诺艾芙拉,,,0,0,0,0,0,0,,,,0,,,list_date < 2026-10-09,[]
V4,2026-10-09,3060010,西丁,时间待核,阿纳扎 vs 圣米格尔CD,,,17,4,3,2,1,7,0.42307692,-2.88,-0.16941176,17,严重：历史有效胜率<45%,严重：历史有效胜率<45%,list_date < 2026-10-09,"[{'date': '2026-09-27', 'match': '苏比扎 vs 西尔波内罗', 'score': '2-0', 'selected_team': '西尔波内罗', 'settlement': '黑', 'water': 0.98, 'pnl_1u': -1.0, 'roi': -1.0, 'line': '0.75', 'action': 'V4最新页面A/B/C候选', 'source': 'https://simondongxiao.github.io/odds/v4/'}, {'date': '2026-09-27', 'match': '卡斯特洛 vs 米内罗竞技队', 'score': '0-2', 'selected_team': '米内罗竞技队', 'settlement': '红', 'water': 0.9, 'pnl_1u': 0.9, 'roi': 0.9, 'line': '1', 'action': 'V4最新页面A/B/C候选', 'source': 'https://simondongxiao.github.io/odds/v4/'}, {'date': '2026-09-27', 'match': '巴达隆纳 vs 圣克里斯托瓦尔', 'score': '4-0', 'selected_team': '圣克里斯托瓦尔', 'settlement': '黑', 'water': 0.85, 'pnl_1u': -1.0, 'roi': -1.0, 'line': '1', 'action': 'V4最新页面A/B/C候选', 'source': 'https://simondongxiao.github.io/odds/v4/'}, {'date': '2026-10-04', 'match': '卡泰真拿B队 vs CD阿尔嘉德', 'score': '1-2', 'selected_team': '卡泰真拿B队', 'settlement': '黑', 'water': 0.88, 'pnl_1u': -1.0, 'roi': -1.0, 'line': '1.25', 'action': 'V4纸面入选-C', 'source': 'https://m.titan007.com/analy/Analysis/3060617.htm'}, {'date': '2026-10-04', 'match': '曼彻格城 vs 艾曼沙', 'score': '1-0', 'selected_team': '曼彻格城', 'settlement': '半红', 'water': 0.76, 'pnl_1u': 0.38, 'roi': 0.38, 'line': '0.75', 'action': 'V4纸面入选-C', 'source': 'https://m.titan007.com/analy/Analysis/3060307.htm'}, {'date': '2026-10-04', 'match': '希洪竞技B队 vs 兰格勒奥', 'score': '1-1', 'selected_team': '', 'settlement': '走', 'water': 0.92, 'pnl_1u': 0.0, 'roi': 0.0, 'line': '', 'action': 'V4纸面入选-C', 'source': 'https://m.titan007.com/analy/Analysis/3082309.htm'}, {'date': '2026-10-04', 'match': '利阿达 vs 阿维莱斯体育场', 'score': '2-0', 'selected_team': '利阿达', 'settlement': '红', 'water': 0.92, 'pnl_1u': 0.92, 'roi': 0.92, 'line': '1.25', 'action': 'V4纸面入选-C', 'source': 'https://m.titan007.com/analy/Analysis/3082310.htm'}, {'date': '2026-10-04', 'match': '豪斯彼得利特 vs 莫列鲁萨', 'score': '0-0', 'selected_team': '豪斯彼得利特', 'settlement': '黑', 'water': 0.92, 'pnl_1u': -1.0, 'roi': -1.0, 'line': '1', 'action': 'V4纸面入选-C', 'source': 'https://m.titan007.com/analy/Analysis/3030687.htm'}, {'date': '2026-10-04', 'match': '蒙塔尼萨 vs 莱斯卡拉', 'score': '0-0', 'selected_team': '蒙塔尼萨', 'settlement': '半黑', 'water': 0.78, 'pnl_1u': -0.5, 'roi': -0.5, 'line': '0.25', 'action': 'V4纸面入选-C', 'source': 'https://m.titan007.com/analy/Analysis/3030688.htm'}, {'date': '2026-10-04', 'match': '圣克里斯托瓦尔 vs 格拉马', 'score': '0-0', 'selected_team': '圣克里斯托瓦尔', 'settlement': '半红', 'water': 0.73, 'pnl_1u': 0.365, 'roi': 0.365, 'line': '-0.25', 'action': 'V4纸面入选-C', 'source': 'https://m.titan007.com/analy/Analysis/3030689.htm'}, {'date': '2026-10-04', 'match': '克瑞斯图竞技 vs 尤尼恩斯塔斯CF B', 'score': '3-0', 'selected_team': '克瑞斯图竞技', 'settlement': '红', 'water': 0.83, 'pnl_1u': 0.83, 'roi': 0.83, 'line': '0.75', 'action': 'V4纸面入选-C', 'source': 'https://m.titan007.com/analy/Analysis/3080241.htm'}, {'date': '2026-10-04', 'match': '伊比萨岛 vs 缚汶特拉', 'score': '2-0', 'selected_team': '', 'settlement': '红', 'water': 0.85, 'pnl_1u': 0.85, 'roi': 0.85, 'line': '', 'action': 'V4纸面入选-C', 'source': 'https://m.titan007.com/analy/Analysis/3078385.htm'}, {'date': '2026-10-04', 'match': '莱万特体育会 vs 克维伦特', 'score': '0-0', 'selected_team': '莱万特体育会', 'settlement': '黑', 'water': 0.77, 'pnl_1u': -1.0, 'roi': -1.0, 'line': '0.75', 'action': 'V4纸面入选-C', 'source': 'https://m.titan007.com/analy/Analysis/3079930.htm'}, {'date': '2026-10-04', 'match': 'CD 加拉帕加尔 vs 卡拉波苏埃洛', 'score': '1-3', 'selected_team': '', 'settlement': '黑', 'water': 0.87, 'pnl_1u': -1.0, 'roi': -1.0, 'line': '', 'action': 'V4纸面入选-C', 'source': 'https://m.titan007.com/analy/Analysis/3078074.htm'}, {'date': '2026-10-04', 'match': '拉卡扎达 vs 科米利亚斯', 'score': '1-0', 'selected_team': '拉卡扎达', 'settlement': '半红', 'water': 0.75, 'pnl_1u': 0.375, 'roi': 0.375, 'line': '0.75', 'action': 'V4纸面入选-C', 'source': 'https://m.titan007.com/analy/Analysis/3079621.htm'}, {'date': '2026-10-04', 'match': '昆坦拿 vs 比利亚体育', 'score': '0-2', 'selected_team': '昆坦拿', 'settlement': '黑', 'water': 0.83, 'pnl_1u': -1.0, 'roi': -1.0, 'line': '0.75', 'action': 'V4纸面入选-C', 'source': 'https://m.titan007.com/analy/Analysis/3060312.htm'}, {'date': '2026-10-04', 'match': '奇克拉纳 vs 塞维利亚C队', 'score': '1-1', 'selected_team': '', 'settlement': '走', 'water': 0.9, 'pnl_1u': 0.0, 'roi': 0.0, 'line': '', 'action': 'V4纸面入选-C', 'source': 'https://m.titan007.com/analy/Analysis/3082682.htm'}]"
V4,2026-10-09,3060017,西丁,时间待核,维拉圣塔 vs 拉斯帕尔马斯C队,,,17,4,3,2,1,7,0.42307692,-2.88,-0.16941176,17,严重：历史有效胜率<45%,严重：历史有效胜率<45%,list_date < 2026-10-09,"[{'date': '2026-09-27', 'match': '苏比扎 vs 西尔波内罗', 'score': '2-0', 'selected_team': '西尔波内罗', 'settlement': '黑', 'water': 0.98, 'pnl_1u': -1.0, 'roi': -1.0, 'line': '0.75', 'action': 'V4最新页面A/B/C候选', 'source': 'https://simondongxiao.github.io/odds/v4/'}, {'date': '2026-09-27', 'match': '卡斯特洛 vs 米内罗竞技队', 'score': '0-2', 'selected_team': '米内罗竞技队', 'settlement': '红', 'water': 0.9, 'pnl_1u': 0.9, 'roi': 0.9, 'line': '1', 'action': 'V4最新页面A/B/C候选', 'source': 'https://simondongxiao.github.io/odds/v4/'}, {'date': '2026-09-27', 'match': '巴达隆纳 vs 圣克里斯托瓦尔', 'score': '4-0', 'selected_team': '圣克里斯托瓦尔', 'settlement': '黑', 'water': 0.85, 'pnl_1u': -1.0, 'roi': -1.0, 'line': '1', 'action': 'V4最新页面A/B/C候选', 'source': 'https://simondongxiao.github.io/odds/v4/'}, {'date': '2026-10-04', 'match': '卡泰真拿B队 vs CD阿尔嘉德', 'score': '1-2', 'selected_team': '卡泰真拿B队', 'settlement': '黑', 'water': 0.88, 'pnl_1u': -1.0, 'roi': -1.0, 'line': '1.25', 'action': 'V4纸面入选-C', 'source': 'https://m.titan007.com/analy/Analysis/3060617.htm'}, {'date': '2026-10-04', 'match': '曼彻格城 vs 艾曼沙', 'score': '1-0', 'selected_team': '曼彻格城', 'settlement': '半红', 'water': 0.76, 'pnl_1u': 0.38, 'roi': 0.38, 'line': '0.75', 'action': 'V4纸面入选-C', 'source': 'https://m.titan007.com/analy/Analysis/3060307.htm'}, {'date': '2026-10-04', 'match': '希洪竞技B队 vs 兰格勒奥', 'score': '1-1', 'selected_team': '', 'settlement': '走', 'water': 0.92, 'pnl_1u': 0.0, 'roi': 0.0, 'line': '', 'action': 'V4纸面入选-C', 'source': 'https://m.titan007.com/analy/Analysis/3082309.htm'}, {'date': '2026-10-04', 'match': '利阿达 vs 阿维莱斯体育场', 'score': '2-0', 'selected_team': '利阿达', 'settlement': '红', 'water': 0.92, 'pnl_1u': 0.92, 'roi': 0.92, 'line': '1.25', 'action': 'V4纸面入选-C', 'source': 'https://m.titan007.com/analy/Analysis/3082310.htm'}, {'date': '2026-10-04', 'match': '豪斯彼得利特 vs 莫列鲁萨', 'score': '0-0', 'selected_team': '豪斯彼得利特', 'settlement': '黑', 'water': 0.92, 'pnl_1u': -1.0, 'roi': -1.0, 'line': '1', 'action': 'V4纸面入选-C', 'source': 'https://m.titan007.com/analy/Analysis/3030687.htm'}, {'date': '2026-10-04', 'match': '蒙塔尼萨 vs 莱斯卡拉', 'score': '0-0', 'selected_team': '蒙塔尼萨', 'settlement': '半黑', 'water': 0.78, 'pnl_1u': -0.5, 'roi': -0.5, 'line': '0.25', 'action': 'V4纸面入选-C', 'source': 'https://m.titan007.com/analy/Analysis/3030688.htm'}, {'date': '2026-10-04', 'match': '圣克里斯托瓦尔 vs 格拉马', 'score': '0-0', 'selected_team': '圣克里斯托瓦尔', 'settlement': '半红', 'water': 0.73, 'pnl_1u': 0.365, 'roi': 0.365, 'line': '-0.25', 'action': 'V4纸面入选-C', 'source': 'https://m.titan007.com/analy/Analysis/3030689.htm'}, {'date': '2026-10-04', 'match': '克瑞斯图竞技 vs 尤尼恩斯塔斯CF B', 'score': '3-0', 'selected_team': '克瑞斯图竞技', 'settlement': '红', 'water': 0.83, 'pnl_1u': 0.83, 'roi': 0.83, 'line': '0.75', 'action': 'V4纸面入选-C', 'source': 'https://m.titan007.com/analy/Analysis/3080241.htm'}, {'date': '2026-10-04', 'match': '伊比萨岛 vs 缚汶特拉', 'score': '2-0', 'selected_team': '', 'settlement': '红', 'water': 0.85, 'pnl_1u': 0.85, 'roi': 0.85, 'line': '', 'action': 'V4纸面入选-C', 'source': 'https://m.titan007.com/analy/Analysis/3078385.htm'}, {'date': '2026-10-04', 'match': '莱万特体育会 vs 克维伦特', 'score': '0-0', 'selected_team': '莱万特体育会', 'settlement': '黑', 'water': 0.77, 'pnl_1u': -1.0, 'roi': -1.0, 'line': '0.75', 'action': 'V4纸面入选-C', 'source': 'https://m.titan007.com/analy/Analysis/3079930.htm'}, {'date': '2026-10-04', 'match': 'CD 加拉帕加尔 vs 卡拉波苏埃洛', 'score': '1-3', 'selected_team': '', 'settlement': '黑', 'water': 0.87, 'pnl_1u': -1.0, 'roi': -1.0, 'line': '', 'action': 'V4纸面入选-C', 'source': 'https://m.titan007.com/analy/Analysis/3078074.htm'}, {'date': '2026-10-04', 'match': '拉卡扎达 vs 科米利亚斯', 'score': '1-0', 'selected_team': '拉卡扎达', 'settlement': '半红', 'water': 0.75, 'pnl_1u': 0.375, 'roi': 0.375, 'line': '0.75', 'action': 'V4纸面入选-C', 'source': 'https://m.titan007.com/analy/Analysis/3079621.htm'}, {'date': '2026-10-04', 'match': '昆坦拿 vs 比利亚体育', 'score': '0-2', 'selected_team': '昆坦拿', 'settlement': '黑', 'water': 0.83, 'pnl_1u': -1.0, 'roi': -1.0, 'line': '0.75', 'action': 'V4纸面入选-C', 'source': 'https://m.titan007.com/analy/Analysis/3060312.htm'}, {'date': '2026-10-04', 'match': '奇克拉纳 vs 塞维利亚C队', 'score': '1-1', 'selected_team': '', 'settlement': '走', 'water': 0.9, 'pnl_1u': 0.0, 'roi': 0.0, 'line': '', 'action': 'V4纸面入选-C', 'source': 'https://m.titan007.com/analy/Analysis/3082682.htm'}]"
V4,2026-10-09,3100117,巴拉乙,时间待核,塔库里 vs 巴拉瓜里AC,,,3,0,0,1,1,1,0.0,-1.5,-0.5,3,,,list_date < 2026-10-09,"[{'date': '2026-10-05', 'match': '朱尼诺VH vs 索尔美洲队', 'score': '1-1', 'selected_team': '', 'settlement': '走', 'water': 0.98, 'pnl_1u': 0.0, 'roi': 0.0, 'line': '', 'action': 'V4纸面入选-C', 'source': 'https://m.titan007.com/analy/Analysis/3094121.htm'}, {'date': '2026-10-05', 'match': '费纳多 vs 卡巴列罗JLM', 'score': '0-2', 'selected_team': '费纳多', 'settlement': '黑', 'water': 0.8, 'pnl_1u': -1.0, 'roi': -1.0, 'line': '-0.5', 'action': 'V4纸面入选-B', 'source': 'https://m.titan007.com/analy/Analysis/3094122.htm'}, {'date': '2026-10-06', 'match': '桑坦尼体育会 vs 瓜伊利纳', 'score': '1-0', 'selected_team': '桑坦尼体育会', 'settlement': '半黑', 'water': 0.75, 'pnl_1u': -0.5, 'roi': -0.5, 'line': '1.25', 'action': 'V4纸面入选-B', 'source': 'https://m.titan007.com/analy/Analysis/3094124.htm'}]"
V4,2026-10-09,3012156,哥伦乙秋,时间待核,索阿查 vs 皇家桑坦德,索阿查,giving,8,2,1,1,0,4,0.38461538,-1.71,-0.21375,8,,,list_date < 2026-10-09,"[{'date': '2026-09-14', 'match': '奥尔索马尔索 vs 卡利竞技', 'score': '0-2', 'selected_team': '卡利竞技', 'settlement': '红', 'water': 1.08, 'pnl_1u': 1.08, 'roi': 1.08, 'line': '0.75', 'action': 'V4纸面入选-C', 'source': 'https://m.titan007.com/analy/Analysis/3012185.htm'}, {'date': '2026-09-28', 'match': '哥杜雷亚 vs 利昂内斯', 'score': '1-0', 'selected_team': '利昂内斯', 'settlement': '黑', 'water': 1.11, 'pnl_1u': -1.0, 'roi': -1.0, 'line': '0.5', 'action': 'V4ff7d4e5版本A/B/C候选', 'source': 'https://simondongxiao.github.io/odds/v4/?v=ff7d4e5'}, {'date': '2026-10-02', 'match': '卡利竞技 vs 索阿查', 'score': '1-2', 'selected_team': '', 'settlement': '黑', 'water': 0.85, 'pnl_1u': -1.0, 'roi': -1.0, 'line': '', 'action': 'V4纸面入选-C', 'source': 'https://m.titan007.com/analy/Analysis/3012215.htm'}, {'date': '2026-10-03', 'match': '帕特里奥坦斯 vs 尤姆博独立', 'score': '0-1', 'selected_team': '帕特里奥坦斯', 'settlement': '黑', 'water': 0.88, 'pnl_1u': -1.0, 'roi': -1.0, 'line': '0.75', 'action': 'V4纸面入选-C', 'source': 'https://m.titan007.com/analy/Analysis/3012210.htm'}, {'date': '2026-10-03', 'match': '卡达根拿 vs 卡利博卡青年', 'score': '2-3', 'selected_team': '卡达根拿', 'settlement': '黑', 'water': 0.84, 'pnl_1u': -1.0, 'roi': -1.0, 'line': '1.25', 'action': 'V4纸面入选-B', 'source': 'https://m.titan007.com/analy/Analysis/3012208.htm'}, {'date': '2026-10-07', 'match': '利昂内斯 vs 巴瑞库拉', 'score': '1-1', 'selected_team': '', 'settlement': '走', 'water': 0.95, 'pnl_1u': 0.0, 'roi': 0.0, 'line': '', 'action': 'V4纸面入选-C', 'source': 'https://m.titan007.com/analy/Analysis/3012212.htm'}, {'date': '2026-10-07', 'match': '卡利博卡青年 vs 马达莱纳联', 'score': '1-1', 'selected_team': '卡利博卡青年', 'settlement': '半红', 'water': 0.92, 'pnl_1u': 0.46, 'roi': 0.46, 'line': '-0.25', 'action': 'V4纸面入选-B', 'source': 'https://m.titan007.com/analy/Analysis/3012150.htm'}, {'date': '2026-10-08', 'match': '卡利竞技 vs 卡达根拿', 'score': '2-2', 'selected_team': '卡利竞技', 'settlement': '红', 'water': 0.75, 'pnl_1u': 0.75, 'roi': 0.75, 'line': '-1', 'action': 'V4ShadowOnly；real_money=false', 'source': 'D:\\codex\\v3_legacy\\outputs\\football_odds_trader\\raw\\titan007\\20261008\\20261008_074021_titan007_odds_snapshot.csv'}]"
V4,2026-10-09,3091907,厄瓜甲降,时间待核,德芬 vs 穆苏克鲁纳,,,1,0,0,0,0,1,0.0,-1.0,-1.0,1,,,list_date < 2026-10-09,"[{'date': '2026-09-20', 'match': '特克尼克 vs 德芬', 'score': '1-1', 'selected_team': '特克尼克', 'settlement': '黑', 'water': 1.04, 'pnl_1u': -1.0, 'roi': -1.0, 'line': '0.5', 'action': 'V4纸面入选-C', 'source': 'https://zq.titan007.com/analysis/3091905cn.htm'}]"
V4,2026-10-09,2962671,阿甲,时间待核,拉普拉塔体操 vs 图库曼竞技,拉普拉塔体操,giving,19,8,1,1,1,8,0.5,-0.175,-0.00921053,19,,,list_date < 2026-10-09,"[{'date': '2026-09-13', 'match': '萨尔米安杜 vs 贝尔格拉诺', 'score': '1-1', 'selected_team': '贝尔格拉诺', 'settlement': '半黑', 'water': 1.04, 'pnl_1u': -0.5, 'roi': -0.5, 'line': '-0.25', 'action': 'V4纸面入选-C', 'source': 'https://m.titan007.com/analy/Analysis/2962635.htm'}, {'date': '2026-09-13', 'match': '阿根廷独立 vs 圣洛伦索', 'score': '1-1', 'selected_team': '阿根廷独立', 'settlement': '黑', 'water': 1.06, 'pnl_1u': -1.0, 'roi': -1.0, 'line': '0.5', 'action': 'V4纸面入选-C', 'source': 'https://m.titan007.com/analy/Analysis/2962631.htm'}, {'date': '2026-09-19', 'match': '河床 vs 飓风队', 'score': '1-2', 'selected_team': '飓风队', 'settlement': '红', 'water': 0.93, 'pnl_1u': 0.93, 'roi': 0.93, 'line': '1', 'action': 'V4纸面入选-C', 'source': 'https://zq.titan007.com/analysis/2962648cn.htm'}, {'date': '2026-09-20', 'match': '圣洛伦索 vs 博卡青年', 'score': '0-2', 'selected_team': '博卡青年', 'settlement': '红', 'water': 1.04, 'pnl_1u': 1.04, 'roi': 1.04, 'line': '-0.5', 'action': 'V4纸面入选-C', 'source': 'https://zq.titan007.com/analysis/2962650cn.htm'}, {'date': '2026-09-20', 'match': '罗萨里奥中央 vs 阿根廷青年人', 'score': '1-0', 'selected_team': '罗萨里奥中央', 'settlement': '红', 'water': 1.03, 'pnl_1u': 1.03, 'roi': 1.03, 'line': '0.5', 'action': 'V4纸面入选-C', 'source': 'https://zq.titan007.com/analysis/2962649cn.htm'}, {'date': '2026-09-20', 'match': '贝尔格拉诺 vs 里奥夸尔托学生队', 'score': '2-1', 'selected_team': '里奥夸尔托学生队', 'settlement': '走', 'water': 1.14, 'pnl_1u': 0.0, 'roi': 0.0, 'line': '1', 'action': 'V4纸面入选-B', 'source': 'https://zq.titan007.com/analysis/2962640cn.htm'}, {'date': '2026-09-21', 'match': '拉努斯 vs 拉普拉塔大学生', 'score': '1-0', 'selected_team': '拉普拉塔大学生', 'settlement': '黑', 'water': 1.05, 'pnl_1u': -1.0, 'roi': -1.0, 'line': '0.25', 'action': 'V4最新页面A/B/C候选', 'source': 'https://www.365scores.com/football/match/liga-profesional-72/estudiantes-de-la-plata-lanus-867-869-72'}, {'date': '2026-10-02', 'match': '阿根廷独立 vs 科尔多瓦学院', 'score': '1-4', 'selected_team': '阿根廷独立', 'settlement': '黑', 'water': 1.03, 'pnl_1u': -1.0, 'roi': -1.0, 'line': '0.25', 'action': 'V4纸面入选-C', 'source': 'https://m.titan007.com/analy/Analysis/2962662.htm'}, {'date': '2026-10-02', 'match': '博卡青年 vs 圣塔菲联', 'score': '3-0', 'selected_team': '博卡青年', 'settlement': '红', 'water': 1.07, 'pnl_1u': 1.07, 'roi': 1.07, 'line': '1', 'action': 'V4纸面入选-A', 'source': 'https://m.titan007.com/analy/Analysis/2962656.htm'}, {'date': '2026-10-02', 'match': '门多萨独立 vs 拉普拉塔体操', 'score': '1-1', 'selected_team': '门多萨独立', 'settlement': '黑', 'water': 0.86, 'pnl_1u': -1.0, 'roi': -1.0, 'line': '0.5', 'action': 'V4纸面入选-A', 'source': 'https://m.titan007.com/analy/Analysis/2962663.htm'}, {'date': '2026-10-03', 'match': '防卫者 vs 圣洛伦索', 'score': '3-0', 'selected_team': '', 'settlement': '红', 'water': 1.06, 'pnl_1u': 1.06, 'roi': 1.06, 'line': '', 'action': 'V4纸面入选-C', 'source': 'https://m.titan007.com/analy/Analysis/2962657.htm'}, {'date': '2026-10-03', 'match': '图库曼竞技 vs 巴拉卡斯中央队', 'score': '2-3', 'selected_team': '图库曼竞技', 'settlement': '黑', 'water': 0.95, 'pnl_1u': -1.0, 'roi': -1.0, 'line': '0.5', 'action': 'V4纸面入选-A', 'source': 'https://m.titan007.com/analy/Analysis/2962654.htm'}, {'date': '2026-10-04', 'match': '飓风队 vs 阿尔多斯维', 'score': '1-0', 'selected_team': '飓风队', 'settlement': '半红', 'water': 0.95, 'pnl_1u': 0.475, 'roi': 0.475, 'line': '0.75', 'action': 'V4纸面入选-A', 'source': 'https://m.titan007.com/analy/Analysis/2962661.htm'}, {'date': '2026-10-04', 'match': '阿根廷青年人 vs 泰格雷', 'score': '2-1', 'selected_team': '阿根廷青年人', 'settlement': '红', 'water': 0.82, 'pnl_1u': 0.82, 'roi': 0.82, 'line': '0.5', 'action': 'V4纸面入选-A', 'source': 'https://m.titan007.com/analy/Analysis/2962653.htm'}, {'date': '2026-10-04', 'match': '里奥夸尔托学生队 vs 竞技俱乐部', 'score': '1-2', 'selected_team': '里奥夸尔托学生队', 'settlement': '黑', 'water': 0.95, 'pnl_1u': -1.0, 'roi': -1.0, 'line': '-0.5', 'action': 'V4纸面入选-A', 'source': 'https://m.titan007.com/analy/Analysis/2962660.htm'}, {'date': '2026-10-05', 'match': '利斯特雷 vs 科尔多瓦中央SDE', 'score': '1-1', 'selected_team': '利斯特雷', 'settlement': '黑', 'water': 0.91, 'pnl_1u': -1.0, 'roi': -1.0, 'line': '0.5', 'action': 'V4纸面入选-A', 'source': 'https://m.titan007.com/analy/Analysis/2962658.htm'}, {'date': '2026-10-05', 'match': '拉普拉塔大学生 vs 甘拿斯亚门多萨', 'score': '3-0', 'selected_team': '拉普拉塔大学生', 'settlement': '红', 'water': 0.96, 'pnl_1u': 0.96, 'roi': 0.96, 'line': '0.75', 'action': 'V4纸面入选-A', 'source': 'https://m.titan007.com/analy/Analysis/2962659.htm'}, {'date': '2026-10-05', 'match': '萨斯菲尔德 vs 普拉腾斯', 'score': '2-2', 'selected_team': '萨斯菲尔德', 'settlement': '黑', 'water': 1, 'pnl_1u': -1.0, 'roi': -1.0, 'line': '0.5', 'action': 'V4纸面入选-A', 'source': 'https://m.titan007.com/analy/Analysis/2962667.htm'}, {'date': '2026-10-05', 'match': '班菲尔德 vs 罗萨里奥中央', 'score': '1-1', 'selected_team': '班菲尔德', 'settlement': '红', 'water': 0.94, 'pnl_1u': 0.94, 'roi': 0.94, 'line': '-0.5', 'action': 'V4纸面入选-A', 'source': 'https://m.titan007.com/analy/Analysis/2962655.htm'}]"
V4,2026-10-09,3083894,洪都甲春,时间待核,帕兰德森 vs 胡蒂卡尔帕,,,0,0,0,0,0,0,,,,0,,,list_date < 2026-10-09,[]
V4,2026-10-09,3098099,国际友谊,时间待核,伯利兹U16 vs 洪都拉斯U16,,,53,24,2,5,2,20,0.54347826,2.355,0.04443396,53,,,list_date < 2026-10-09,"[{'date': '2026-09-21', 'match': '多米尼克 vs 安圭拉', 'score': '1-0', 'selected_team': '多米尼克', 'settlement': '红', 'water': 0.93, 'pnl_1u': 0.93, 'roi': 0.93, 'line': '-2', 'action': 'V4最新页面A/B/C候选', 'source': 'https://www.titan007.com/'}, {'date': '2026-09-23', 'match': '秘鲁U19 vs 阿根廷U19', 'score': '0-1', 'selected_team': '秘鲁U19', 'settlement': '走', 'water': 0.96, 'pnl_1u': 0.0, 'roi': 0.0, 'line': '-1', 'action': 'V4最新页面A/B/C候选', 'source': 'https://simondongxiao.github.io/odds/v4/'}, {'date': '2026-09-24', 'match': '韩国 vs 厄瓜多尔', 'score': '3-0', 'selected_team': '韩国', 'settlement': '红', 'water': 1.05, 'pnl_1u': 1.05, 'roi': 1.05, 'line': '0.25', 'action': 'V4最新页面A/B/C候选', 'source': 'https://simondongxiao.github.io/odds/v4/'}, {'date': '2026-09-25', 'match': '澳大利亚 vs 巴西', 'score': '1-1', 'selected_team': '巴西', 'settlement': '黑', 'water': 0.81, 'pnl_1u': -1.0, 'roi': -1.0, 'line': '-1.5', 'action': 'V4最新页面A/B/C候选', 'source': 'https://simondongxiao.github.io/odds/v4/'}, {'date': '2026-09-26', 'match': '美国 vs 秘鲁', 'score': '4-1', 'selected_team': '秘鲁', 'settlement': '黑', 'water': 0.93, 'pnl_1u': -1.0, 'roi': -1.0, 'line': '1', 'action': 'V4最新页面A/B/C候选', 'source': 'https://simondongxiao.github.io/odds/v4/'}, {'date': '2026-09-27', 'match': '中国 vs 新西兰', 'score': '0-3', 'selected_team': '新西兰', 'settlement': '红', 'water': 1.03, 'pnl_1u': 1.03, 'roi': 1.03, 'line': '-0.25', 'action': 'V4最新页面A/B/C候选', 'source': 'https://simondongxiao.github.io/odds/v4/'}, {'date': '2026-09-27', 'match': '德国U19(中) vs 乌克兰U19', 'score': '0-0', 'selected_team': '乌克兰U19', 'settlement': '红', 'water': 0.95, 'pnl_1u': 0.95, 'roi': 0.95, 'line': '1', 'action': 'V4最新页面A/B/C候选', 'source': 'https://simondongxiao.github.io/odds/v4/'}, {'date': '2026-09-27', 'match': '约旦 vs 叙利亚', 'score': '1-1', 'selected_team': '叙利亚', 'settlement': '红', 'water': 0.94, 'pnl_1u': 0.94, 'roi': 0.94, 'line': '1', 'action': 'V4最新页面A/B/C候选', 'source': 'https://simondongxiao.github.io/odds/v4/'}, {'date': '2026-09-27', 'match': '玻利维亚(中) vs 巴拉圭', 'score': '0-2', 'selected_team': '巴拉圭', 'settlement': '红', 'water': 0.98, 'pnl_1u': 0.98, 'roi': 0.98, 'line': '-1.25', 'action': 'V4最新页面A/B/C候选', 'source': 'https://simondongxiao.github.io/odds/v4/'}, {'date': '2026-09-28', 'match': '哈萨克斯坦U19 vs 瑞士U19', 'score': '1-2', 'selected_team': '哈萨克斯坦U19', 'settlement': '半黑', 'water': 1.07, 'pnl_1u': -0.5, 'roi': -0.5, 'line': '-0.75', 'action': 'V4ff7d4e5版本A/B/C候选', 'source': 'https://simondongxiao.github.io/odds/v4/?v=ff7d4e5'}, {'date': '2026-09-28', 'match': '日本 vs 委内瑞拉', 'score': '2-1', 'selected_team': '日本', 'settlement': '黑', 'water': 0.98, 'pnl_1u': -1.0, 'roi': -1.0, 'line': '1.75', 'action': 'V4ff7d4e5版本A/B/C候选', 'source': 'https://simondongxiao.github.io/odds/v4/?v=ff7d4e5'}, {'date': '2026-09-28', 'match': '吉尔吉斯斯坦 vs 马尔代夫', 'score': '5-0', 'selected_team': '吉尔吉斯斯坦', 'settlement': '红', 'water': 0.97, 'pnl_1u': 0.97, 'roi': 0.97, 'line': '3', 'action': 'V4ff7d4e5版本A/B/C候选', 'source': 'https://simondongxiao.github.io/odds/v4/?v=ff7d4e5'}, {'date': '2026-09-29', 'match': '斐济女足 vs 新喀里多尼亚女足', 'score': '1-0', 'selected_team': '新喀里多尼亚女足', 'settlement': '半红', 'water': 1.19, 'pnl_1u': 0.595, 'roi': 0.595, 'line': '1.25', 'action': 'V4纸面入选-C', 'source': 'https://m.titan007.com/analy/Analysis/3094943.htm'}, {'date': '2026-09-29', 'match': '美国U19(中) vs 威尔士U19', 'score': '2-0', 'selected_team': '美国U19(中)', 'settlement': '红', 'water': 0.78, 'pnl_1u': 0.78, 'roi': 0.78, 'line': '1.5', 'action': 'V4纸面入选-C', 'source': 'https://m.titan007.com/analy/Analysis/3094944.htm'}, {'date': '2026-09-29', 'match': '墨西哥(中) vs 秘鲁', 'score': '1-1', 'selected_team': '秘鲁', 'settlement': '红', 'water': 1.02, 'pnl_1u': 1.02, 'roi': 1.02, 'line': '1', 'action': 'V4纸面入选-C', 'source': 'https://m.titan007.com/analy/Analysis/3094999.htm'}, {'date': '2026-09-30', 'match': '芬兰U19 vs 德国U19', 'score': '1-2', 'selected_team': '', 'settlement': '黑', 'water': 0.82, 'pnl_1u': -1.0, 'roi': -1.0, 'line': '', 'action': 'V4纸面入选-C', 'source': 'https://m.titan007.com/analy/Analysis/3095002.htm'}, {'date': '2026-09-30', 'match': '塞舌尔 vs 斯里兰卡', 'score': '0-2', 'selected_team': '', 'settlement': '黑', 'water': 0.82, 'pnl_1u': -1.0, 'roi': -1.0, 'line': '', 'action': 'V4纸面入选-C', 'source': 'https://m.titan007.com/analy/Analysis/3096174.htm'}, {'date': '2026-09-30', 'match': '立陶宛 vs 安道尔', 'score': '3-0', 'selected_team': '立陶宛', 'settlement': '红', 'water': 0.82, 'pnl_1u': 0.82, 'roi': 0.82, 'line': '0.75', 'action': 'V4纸面入选-C', 'source': 'https://m.titan007.com/analy/Analysis/3096176.htm'}, {'date': '2026-09-30', 'match': '阿根廷 vs 玻利维亚', 'score': '4-0', 'selected_team': '', 'settlement': '红', 'water': 1.04, 'pnl_1u': 1.04, 'roi': 1.04, 'line': '', 'action': 'V4纸面入选-C', 'source': 'https://m.titan007.com/analy/Analysis/3095418.htm'}, {'date': '2026-10-01', 'match': '波兰U19 vs 哈萨克斯坦U19', 'score': '3-0', 'selected_team': '', 'settlement': '红', 'water': 0.92, 'pnl_1u': 0.92, 'roi': 0.92, 'line': '', 'action': 'V4纸面入选-C', 'source': 'https://m.titan007.com/analy/Analysis/3095233.htm'}, {'date': '2026-10-01', 'match': '法国U19 vs 土耳其U19', 'score': '2-1', 'selected_team': '', 'settlement': '红', 'water': 0.84, 'pnl_1u': 0.84, 'roi': 0.84, 'line': '', 'action': 'V4纸面入选-C', 'source': 'https://m.titan007.com/analy/Analysis/3095234.htm'}, {'date': '2026-10-01', 'match': '乌兹别克斯坦 vs 叙利亚', 'score': '4-1', 'selected_team': '乌兹别克斯坦', 'settlement': '红', 'water': 0.95, 'pnl_1u': 0.95, 'roi': 0.95, 'line': '1.5', 'action': 'V4纸面入选-C', 'source': 'https://m.titan007.com/analy/Analysis/3095240.htm'}, {'date': '2026-10-01', 'match': '卡塔尔U19 vs 爱尔兰U19', 'score': '1-1', 'selected_team': '', 'settlement': '走', 'water': 0.67, 'pnl_1u': 0.0, 'roi': 0.0, 'line': '', 'action': 'V4纸面入选-C', 'source': 'https://m.titan007.com/analy/Analysis/3095241.htm'}, {'date': '2026-10-01', 'match': '美国U20 vs 巴西U20', 'score': '0-2', 'selected_team': '巴西U20', 'settlement': '黑', 'water': 0.84, 'pnl_1u': -1.0, 'roi': -1.0, 'line': '-0.5', 'action': 'V4纸面入选-C', 'source': 'https://m.titan007.com/analy/Analysis/3095245.htm'}, {'date': '2026-10-02', 'match': '韩国 vs 委内瑞拉', 'score': '0-0', 'selected_team': '', 'settlement': '走', 'water': 0.93, 'pnl_1u': 0.0, 'roi': 0.0, 'line': '', 'action': 'V4纸面入选-C', 'source': 'https://m.titan007.com/analy/Analysis/3095568.htm'}, {'date': '2026-10-02', 'match': '哥伦比亚(中) vs 巴拉圭', 'score': '0-1', 'selected_team': '', 'settlement': '黑', 'water': 0.9, 'pnl_1u': -1.0, 'roi': -1.0, 'line': '', 'action': 'V4纸面入选-C', 'source': 'https://m.titan007.com/analy/Analysis/3095650.htm'}, {'date': '2026-10-03', 'match': '印度 vs 巴西', 'score': '0-4', 'selected_team': '印度', 'settlement': '半黑', 'water': 1.06, 'pnl_1u': -0.5, 'roi': -0.5, 'line': '-3.75', 'action': 'V4纸面入选-C', 'source': 'https://m.titan007.com/analy/Analysis/3096945.htm'}, {'date': '2026-10-03', 'match': '俄罗斯 vs 纳米比亚', 'score': '6-0', 'selected_team': '俄罗斯', 'settlement': '红', 'water': 0.85, 'pnl_1u': 0.85, 'roi': 0.85, 'line': '2.25', 'action': 'V4纸面入选-C', 'source': 'https://m.titan007.com/analy/Analysis/3096957.htm'}, {'date': '2026-10-03', 'match': '加拿大 vs 秘鲁', 'score': '2-0', 'selected_team': '加拿大', 'settlement': '红', 'water': 1.04, 'pnl_1u': 1.04, 'roi': 1.04, 'line': '1', 'action': 'V4纸面入选-C', 'source': 'https://m.titan007.com/analy/Analysis/3096091.htm'}, {'date': '2026-10-03', 'match': '科特迪瓦 vs 喀麦隆', 'score': '0-1', 'selected_team': '科特迪瓦', 'settlement': '黑', 'water': 1.02, 'pnl_1u': -1.0, 'roi': -1.0, 'line': '0.75', 'action': 'V4纸面入选-C', 'source': 'https://m.titan007.com/analy/Analysis/3096089.htm'}, {'date': '2026-10-04', 'match': '巴西U20 vs 墨西哥U20', 'score': '4-0', 'selected_team': '巴西U20', 'settlement': '红', 'water': 0.98, 'pnl_1u': 0.98, 'roi': 0.98, 'line': '0.5', 'action': 'V4纸面入选-C', 'source': 'https://m.titan007.com/analy/Analysis/3096443.htm'}, {'date': '2026-10-04', 'match': '丹麦U20 vs 美国U20', 'score': '3-3', 'selected_team': '丹麦U20', 'settlement': '半红', 'water': 0.9, 'pnl_1u': 0.45, 'roi': 0.45, 'line': '-0.25', 'action': 'V4纸面入选-C', 'source': 'https://m.titan007.com/analy/Analysis/3096449.htm'}, {'date': '2026-10-04', 'match': '埃及 vs 南非', 'score': '0-1', 'selected_team': '埃及', 'settlement': '黑', 'water': 0.79, 'pnl_1u': -1.0, 'roi': -1.0, 'line': '0.5', 'action': 'V4纸面入选-C', 'source': 'https://m.titan007.com/analy/Analysis/3097227.htm'}, {'date': '2026-10-04', 'match': '摩洛哥 vs 马里', 'score': '1-1', 'selected_team': '摩洛哥', 'settlement': '黑', 'water': 0.9, 'pnl_1u': -1.0, 'roi': -1.0, 'line': '1.25', 'action': 'V4纸面入选-C', 'source': 'https://m.titan007.com/analy/Analysis/3097230.htm'}, {'date': '2026-10-05', 'match': '巴拿马 vs 厄瓜多尔', 'score': '1-1', 'selected_team': '巴拿马', 'settlement': '红', 'water': 0.99, 'pnl_1u': 0.99, 'roi': 0.99, 'line': '-0.75', 'action': 'V4纸面入选-C', 'source': 'https://m.titan007.com/analy/Analysis/3097300.htm'}, {'date': '2026-10-05', 'match': '日本 vs 新西兰', 'score': '2-1', 'selected_team': '日本', 'settlement': '黑', 'water': 1, 'pnl_1u': -1.0, 'roi': -1.0, 'line': '2', 'action': 'V4纸面入选-C', 'source': 'https://m.titan007.com/analy/Analysis/3097301.htm'}, {'date': '2026-10-05', 'match': '英格兰U19 vs 比利时U19', 'score': '0-1', 'selected_team': '英格兰U19', 'settlement': '黑', 'water': 0.85, 'pnl_1u': -1.0, 'roi': -1.0, 'line': '1.25', 'action': 'V4纸面入选-C', 'source': 'https://m.titan007.com/analy/Analysis/3097293.htm'}, {'date': '2026-10-05', 'match': '乌干达 vs 刚果民主共和国', 'score': '1-1', 'selected_team': '乌干达', 'settlement': '红', 'water': 0.95, 'pnl_1u': 0.95, 'roi': 0.95, 'line': '-0.5', 'action': 'V4纸面入选-C', 'source': 'https://m.titan007.com/analy/Analysis/3097741.htm'}, {'date': '2026-10-05', 'match': '黑山U19 vs 以色列U19', 'score': '0-1', 'selected_team': '黑山U19', 'settlement': '黑', 'water': 0.78, 'pnl_1u': -1.0, 'roi': -1.0, 'line': '-0.5', 'action': 'V4纸面入选-C', 'source': 'https://m.titan007.com/analy/Analysis/3097742.htm'}, {'date': '2026-10-05', 'match': '格鲁吉亚U19 vs 拉脱维亚U19', 'score': '1-1', 'selected_team': '', 'settlement': '走', 'water': 0.75, 'pnl_1u': 0.0, 'roi': 0.0, 'line': '', 'action': 'V4纸面入选-C', 'source': 'https://m.titan007.com/analy/Analysis/3097745.htm'}, {'date': '2026-10-05', 'match': '塞尔维亚U21 vs 俄罗斯U21', 'score': '2-1', 'selected_team': '塞尔维亚U21', 'settlement': '红', 'water': 0.8, 'pnl_1u': 0.8, 'roi': 0.8, 'line': '-0.25', 'action': 'V4纸面入选-C', 'source': 'https://m.titan007.com/analy/Analysis/3097747.htm'}, {'date': '2026-10-06', 'match': '沙特阿拉伯U20 vs 亚美尼亚U20', 'score': '0-0', 'selected_team': '沙特阿拉伯U20', 'settlement': '黑', 'water': 1, 'pnl_1u': -1.0, 'roi': -1.0, 'line': '1.25', 'action': 'V4纸面入选-C', 'source': 'https://m.titan007.com/analy/Analysis/3097372.htm'}, {'date': '2026-10-06', 'match': '韩国 vs 乌兹别克斯坦', 'score': '2-0', 'selected_team': '韩国', 'settlement': '红', 'water': 0.94, 'pnl_1u': 0.94, 'roi': 0.94, 'line': '0.75', 'action': 'V4纸面入选-C', 'source': 'https://m.titan007.com/analy/Analysis/3097375.htm'}, {'date': '2026-10-06', 'match': '中国 vs 塔吉克斯坦', 'score': '0-1', 'selected_team': '中国', 'settlement': '黑', 'water': 1, 'pnl_1u': -1.0, 'roi': -1.0, 'line': '0.75', 'action': 'V4纸面入选-C', 'source': 'https://m.titan007.com/analy/Analysis/3091499.htm'}, {'date': '2026-10-06', 'match': '葡萄牙U19 vs 奥地利U19', 'score': '4-0', 'selected_team': '葡萄牙U19', 'settlement': '红', 'water': 0.87, 'pnl_1u': 0.87, 'roi': 0.87, 'line': '0.5', 'action': 'V4纸面入选-C', 'source': 'https://m.titan007.com/analy/Analysis/3097381.htm'}, {'date': '2026-10-06', 'match': '印度(中) vs 乌拉圭', 'score': '1-6', 'selected_team': '印度(中)', 'settlement': '黑', 'water': 0.91, 'pnl_1u': -1.0, 'roi': -1.0, 'line': '-3.5', 'action': 'V4纸面入选-C', 'source': 'https://m.titan007.com/analy/Analysis/3097388.htm'}, {'date': '2026-10-06', 'match': '俄罗斯 vs 尼日利亚', 'score': '3-3', 'selected_team': '俄罗斯', 'settlement': '黑', 'water': 0.91, 'pnl_1u': -1.0, 'roi': -1.0, 'line': '1', 'action': 'V4纸面入选-C', 'source': 'https://m.titan007.com/analy/Analysis/3097390.htm'}, {'date': '2026-10-06', 'match': '约旦 vs 委内瑞拉', 'score': '0-0', 'selected_team': '', 'settlement': '走', 'water': 0.89, 'pnl_1u': 0.0, 'roi': 0.0, 'line': '', 'action': 'V4纸面入选-C', 'source': 'https://m.titan007.com/analy/Analysis/3097384.htm'}, {'date': '2026-10-06', 'match': '阿尔及利亚 vs 尼日尔', 'score': '2-1', 'selected_team': '阿尔及利亚', 'settlement': '黑', 'water': 0.87, 'pnl_1u': -1.0, 'roi': -1.0, 'line': '1.75', 'action': 'V4纸面入选-C', 'source': 'https://m.titan007.com/analy/Analysis/3097385.htm'}, {'date': '2026-10-06', 'match': '阿根廷(中) vs 贝宁', 'score': '0-0', 'selected_team': '贝宁', 'settlement': '红', 'water': 0.87, 'pnl_1u': 0.87, 'roi': 0.87, 'line': '4.5', 'action': 'V4纸面入选-C', 'source': 'https://m.titan007.com/analy/Analysis/3097387.htm'}, {'date': '2026-10-06', 'match': '哥伦比亚(中) vs 秘鲁', 'score': '0-0', 'selected_team': '哥伦比亚(中)', 'settlement': '黑', 'water': 0.9, 'pnl_1u': -1.0, 'roi': -1.0, 'line': '1.25', 'action': 'V4纸面入选-C', 'source': 'https://m.titan007.com/analy/Analysis/3097386.htm'}, {'date': '2026-10-06', 'match': '美国(中) vs 加拿大', 'score': '1-0', 'selected_team': '美国(中)', 'settlement': '红', 'water': 0.8, 'pnl_1u': 0.8, 'roi': 0.8, 'line': '0.5', 'action': 'V4纸面入选-C', 'source': 'https://m.titan007.com/analy/Analysis/3097883.htm'}, {'date': '2026-10-07', 'match': '墨西哥(中) vs 智利', 'score': '0-2', 'selected_team': '墨西哥(中)', 'settlement': '黑', 'water': 1, 'pnl_1u': -1.0, 'roi': -1.0, 'line': '1', 'action': 'V4纸面入选-C', 'source': 'https://m.titan007.com/analy/Analysis/3097882.htm'}]"
V4,2026-10-09,3099129,国际友谊,时间待核,美国女足U23 vs 多米尼加女足U23,,,53,24,2,5,2,20,0.54347826,2.355,0.04443396,53,,,list_date < 2026-10-09,"[{'date': '2026-09-21', 'match': '多米尼克 vs 安圭拉', 'score': '1-0', 'selected_team': '多米尼克', 'settlement': '红', 'water': 0.93, 'pnl_1u': 0.93, 'roi': 0.93, 'line': '-2', 'action': 'V4最新页面A/B/C候选', 'source': 'https://www.titan007.com/'}, {'date': '2026-09-23', 'match': '秘鲁U19 vs 阿根廷U19', 'score': '0-1', 'selected_team': '秘鲁U19', 'settlement': '走', 'water': 0.96, 'pnl_1u': 0.0, 'roi': 0.0, 'line': '-1', 'action': 'V4最新页面A/B/C候选', 'source': 'https://simondongxiao.github.io/odds/v4/'}, {'date': '2026-09-24', 'match': '韩国 vs 厄瓜多尔', 'score': '3-0', 'selected_team': '韩国', 'settlement': '红', 'water': 1.05, 'pnl_1u': 1.05, 'roi': 1.05, 'line': '0.25', 'action': 'V4最新页面A/B/C候选', 'source': 'https://simondongxiao.github.io/odds/v4/'}, {'date': '2026-09-25', 'match': '澳大利亚 vs 巴西', 'score': '1-1', 'selected_team': '巴西', 'settlement': '黑', 'water': 0.81, 'pnl_1u': -1.0, 'roi': -1.0, 'line': '-1.5', 'action': 'V4最新页面A/B/C候选', 'source': 'https://simondongxiao.github.io/odds/v4/'}, {'date': '2026-09-26', 'match': '美国 vs 秘鲁', 'score': '4-1', 'selected_team': '秘鲁', 'settlement': '黑', 'water': 0.93, 'pnl_1u': -1.0, 'roi': -1.0, 'line': '1', 'action': 'V4最新页面A/B/C候选', 'source': 'https://simondongxiao.github.io/odds/v4/'}, {'date': '2026-09-27', 'match': '中国 vs 新西兰', 'score': '0-3', 'selected_team': '新西兰', 'settlement': '红', 'water': 1.03, 'pnl_1u': 1.03, 'roi': 1.03, 'line': '-0.25', 'action': 'V4最新页面A/B/C候选', 'source': 'https://simondongxiao.github.io/odds/v4/'}, {'date': '2026-09-27', 'match': '德国U19(中) vs 乌克兰U19', 'score': '0-0', 'selected_team': '乌克兰U19', 'settlement': '红', 'water': 0.95, 'pnl_1u': 0.95, 'roi': 0.95, 'line': '1', 'action': 'V4最新页面A/B/C候选', 'source': 'https://simondongxiao.github.io/odds/v4/'}, {'date': '2026-09-27', 'match': '约旦 vs 叙利亚', 'score': '1-1', 'selected_team': '叙利亚', 'settlement': '红', 'water': 0.94, 'pnl_1u': 0.94, 'roi': 0.94, 'line': '1', 'action': 'V4最新页面A/B/C候选', 'source': 'https://simondongxiao.github.io/odds/v4/'}, {'date': '2026-09-27', 'match': '玻利维亚(中) vs 巴拉圭', 'score': '0-2', 'selected_team': '巴拉圭', 'settlement': '红', 'water': 0.98, 'pnl_1u': 0.98, 'roi': 0.98, 'line': '-1.25', 'action': 'V4最新页面A/B/C候选', 'source': 'https://simondongxiao.github.io/odds/v4/'}, {'date': '2026-09-28', 'match': '哈萨克斯坦U19 vs 瑞士U19', 'score': '1-2', 'selected_team': '哈萨克斯坦U19', 'settlement': '半黑', 'water': 1.07, 'pnl_1u': -0.5, 'roi': -0.5, 'line': '-0.75', 'action': 'V4ff7d4e5版本A/B/C候选', 'source': 'https://simondongxiao.github.io/odds/v4/?v=ff7d4e5'}, {'date': '2026-09-28', 'match': '日本 vs 委内瑞拉', 'score': '2-1', 'selected_team': '日本', 'settlement': '黑', 'water': 0.98, 'pnl_1u': -1.0, 'roi': -1.0, 'line': '1.75', 'action': 'V4ff7d4e5版本A/B/C候选', 'source': 'https://simondongxiao.github.io/odds/v4/?v=ff7d4e5'}, {'date': '2026-09-28', 'match': '吉尔吉斯斯坦 vs 马尔代夫', 'score': '5-0', 'selected_team': '吉尔吉斯斯坦', 'settlement': '红', 'water': 0.97, 'pnl_1u': 0.97, 'roi': 0.97, 'line': '3', 'action': 'V4ff7d4e5版本A/B/C候选', 'source': 'https://simondongxiao.github.io/odds/v4/?v=ff7d4e5'}, {'date': '2026-09-29', 'match': '斐济女足 vs 新喀里多尼亚女足', 'score': '1-0', 'selected_team': '新喀里多尼亚女足', 'settlement': '半红', 'water': 1.19, 'pnl_1u': 0.595, 'roi': 0.595, 'line': '1.25', 'action': 'V4纸面入选-C', 'source': 'https://m.titan007.com/analy/Analysis/3094943.htm'}, {'date': '2026-09-29', 'match': '美国U19(中) vs 威尔士U19', 'score': '2-0', 'selected_team': '美国U19(中)', 'settlement': '红', 'water': 0.78, 'pnl_1u': 0.78, 'roi': 0.78, 'line': '1.5', 'action': 'V4纸面入选-C', 'source': 'https://m.titan007.com/analy/Analysis/3094944.htm'}, {'date': '2026-09-29', 'match': '墨西哥(中) vs 秘鲁', 'score': '1-1', 'selected_team': '秘鲁', 'settlement': '红', 'water': 1.02, 'pnl_1u': 1.02, 'roi': 1.02, 'line': '1', 'action': 'V4纸面入选-C', 'source': 'https://m.titan007.com/analy/Analysis/3094999.htm'}, {'date': '2026-09-30', 'match': '芬兰U19 vs 德国U19', 'score': '1-2', 'selected_team': '', 'settlement': '黑', 'water': 0.82, 'pnl_1u': -1.0, 'roi': -1.0, 'line': '', 'action': 'V4纸面入选-C', 'source': 'https://m.titan007.com/analy/Analysis/3095002.htm'}, {'date': '2026-09-30', 'match': '塞舌尔 vs 斯里兰卡', 'score': '0-2', 'selected_team': '', 'settlement': '黑', 'water': 0.82, 'pnl_1u': -1.0, 'roi': -1.0, 'line': '', 'action': 'V4纸面入选-C', 'source': 'https://m.titan007.com/analy/Analysis/3096174.htm'}, {'date': '2026-09-30', 'match': '立陶宛 vs 安道尔', 'score': '3-0', 'selected_team': '立陶宛', 'settlement': '红', 'water': 0.82, 'pnl_1u': 0.82, 'roi': 0.82, 'line': '0.75', 'action': 'V4纸面入选-C', 'source': 'https://m.titan007.com/analy/Analysis/3096176.htm'}, {'date': '2026-09-30', 'match': '阿根廷 vs 玻利维亚', 'score': '4-0', 'selected_team': '', 'settlement': '红', 'water': 1.04, 'pnl_1u': 1.04, 'roi': 1.04, 'line': '', 'action': 'V4纸面入选-C', 'source': 'https://m.titan007.com/analy/Analysis/3095418.htm'}, {'date': '2026-10-01', 'match': '波兰U19 vs 哈萨克斯坦U19', 'score': '3-0', 'selected_team': '', 'settlement': '红', 'water': 0.92, 'pnl_1u': 0.92, 'roi': 0.92, 'line': '', 'action': 'V4纸面入选-C', 'source': 'https://m.titan007.com/analy/Analysis/3095233.htm'}, {'date': '2026-10-01', 'match': '法国U19 vs 土耳其U19', 'score': '2-1', 'selected_team': '', 'settlement': '红', 'water': 0.84, 'pnl_1u': 0.84, 'roi': 0.84, 'line': '', 'action': 'V4纸面入选-C', 'source': 'https://m.titan007.com/analy/Analysis/3095234.htm'}, {'date': '2026-10-01', 'match': '乌兹别克斯坦 vs 叙利亚', 'score': '4-1', 'selected_team': '乌兹别克斯坦', 'settlement': '红', 'water': 0.95, 'pnl_1u': 0.95, 'roi': 0.95, 'line': '1.5', 'action': 'V4纸面入选-C', 'source': 'https://m.titan007.com/analy/Analysis/3095240.htm'}, {'date': '2026-10-01', 'match': '卡塔尔U19 vs 爱尔兰U19', 'score': '1-1', 'selected_team': '', 'settlement': '走', 'water': 0.67, 'pnl_1u': 0.0, 'roi': 0.0, 'line': '', 'action': 'V4纸面入选-C', 'source': 'https://m.titan007.com/analy/Analysis/3095241.htm'}, {'date': '2026-10-01', 'match': '美国U20 vs 巴西U20', 'score': '0-2', 'selected_team': '巴西U20', 'settlement': '黑', 'water': 0.84, 'pnl_1u': -1.0, 'roi': -1.0, 'line': '-0.5', 'action': 'V4纸面入选-C', 'source': 'https://m.titan007.com/analy/Analysis/3095245.htm'}, {'date': '2026-10-02', 'match': '韩国 vs 委内瑞拉', 'score': '0-0', 'selected_team': '', 'settlement': '走', 'water': 0.93, 'pnl_1u': 0.0, 'roi': 0.0, 'line': '', 'action': 'V4纸面入选-C', 'source': 'https://m.titan007.com/analy/Analysis/3095568.htm'}, {'date': '2026-10-02', 'match': '哥伦比亚(中) vs 巴拉圭', 'score': '0-1', 'selected_team': '', 'settlement': '黑', 'water': 0.9, 'pnl_1u': -1.0, 'roi': -1.0, 'line': '', 'action': 'V4纸面入选-C', 'source': 'https://m.titan007.com/analy/Analysis/3095650.htm'}, {'date': '2026-10-03', 'match': '印度 vs 巴西', 'score': '0-4', 'selected_team': '印度', 'settlement': '半黑', 'water': 1.06, 'pnl_1u': -0.5, 'roi': -0.5, 'line': '-3.75', 'action': 'V4纸面入选-C', 'source': 'https://m.titan007.com/analy/Analysis/3096945.htm'}, {'date': '2026-10-03', 'match': '俄罗斯 vs 纳米比亚', 'score': '6-0', 'selected_team': '俄罗斯', 'settlement': '红', 'water': 0.85, 'pnl_1u': 0.85, 'roi': 0.85, 'line': '2.25', 'action': 'V4纸面入选-C', 'source': 'https://m.titan007.com/analy/Analysis/3096957.htm'}, {'date': '2026-10-03', 'match': '加拿大 vs 秘鲁', 'score': '2-0', 'selected_team': '加拿大', 'settlement': '红', 'water': 1.04, 'pnl_1u': 1.04, 'roi': 1.04, 'line': '1', 'action': 'V4纸面入选-C', 'source': 'https://m.titan007.com/analy/Analysis/3096091.htm'}, {'date': '2026-10-03', 'match': '科特迪瓦 vs 喀麦隆', 'score': '0-1', 'selected_team': '科特迪瓦', 'settlement': '黑', 'water': 1.02, 'pnl_1u': -1.0, 'roi': -1.0, 'line': '0.75', 'action': 'V4纸面入选-C', 'source': 'https://m.titan007.com/analy/Analysis/3096089.htm'}, {'date': '2026-10-04', 'match': '巴西U20 vs 墨西哥U20', 'score': '4-0', 'selected_team': '巴西U20', 'settlement': '红', 'water': 0.98, 'pnl_1u': 0.98, 'roi': 0.98, 'line': '0.5', 'action': 'V4纸面入选-C', 'source': 'https://m.titan007.com/analy/Analysis/3096443.htm'}, {'date': '2026-10-04', 'match': '丹麦U20 vs 美国U20', 'score': '3-3', 'selected_team': '丹麦U20', 'settlement': '半红', 'water': 0.9, 'pnl_1u': 0.45, 'roi': 0.45, 'line': '-0.25', 'action': 'V4纸面入选-C', 'source': 'https://m.titan007.com/analy/Analysis/3096449.htm'}, {'date': '2026-10-04', 'match': '埃及 vs 南非', 'score': '0-1', 'selected_team': '埃及', 'settlement': '黑', 'water': 0.79, 'pnl_1u': -1.0, 'roi': -1.0, 'line': '0.5', 'action': 'V4纸面入选-C', 'source': 'https://m.titan007.com/analy/Analysis/3097227.htm'}, {'date': '2026-10-04', 'match': '摩洛哥 vs 马里', 'score': '1-1', 'selected_team': '摩洛哥', 'settlement': '黑', 'water': 0.9, 'pnl_1u': -1.0, 'roi': -1.0, 'line': '1.25', 'action': 'V4纸面入选-C', 'source': 'https://m.titan007.com/analy/Analysis/3097230.htm'}, {'date': '2026-10-05', 'match': '巴拿马 vs 厄瓜多尔', 'score': '1-1', 'selected_team': '巴拿马', 'settlement': '红', 'water': 0.99, 'pnl_1u': 0.99, 'roi': 0.99, 'line': '-0.75', 'action': 'V4纸面入选-C', 'source': 'https://m.titan007.com/analy/Analysis/3097300.htm'}, {'date': '2026-10-05', 'match': '日本 vs 新西兰', 'score': '2-1', 'selected_team': '日本', 'settlement': '黑', 'water': 1, 'pnl_1u': -1.0, 'roi': -1.0, 'line': '2', 'action': 'V4纸面入选-C', 'source': 'https://m.titan007.com/analy/Analysis/3097301.htm'}, {'date': '2026-10-05', 'match': '英格兰U19 vs 比利时U19', 'score': '0-1', 'selected_team': '英格兰U19', 'settlement': '黑', 'water': 0.85, 'pnl_1u': -1.0, 'roi': -1.0, 'line': '1.25', 'action': 'V4纸面入选-C', 'source': 'https://m.titan007.com/analy/Analysis/3097293.htm'}, {'date': '2026-10-05', 'match': '乌干达 vs 刚果民主共和国', 'score': '1-1', 'selected_team': '乌干达', 'settlement': '红', 'water': 0.95, 'pnl_1u': 0.95, 'roi': 0.95, 'line': '-0.5', 'action': 'V4纸面入选-C', 'source': 'https://m.titan007.com/analy/Analysis/3097741.htm'}, {'date': '2026-10-05', 'match': '黑山U19 vs 以色列U19', 'score': '0-1', 'selected_team': '黑山U19', 'settlement': '黑', 'water': 0.78, 'pnl_1u': -1.0, 'roi': -1.0, 'line': '-0.5', 'action': 'V4纸面入选-C', 'source': 'https://m.titan007.com/analy/Analysis/3097742.htm'}, {'date': '2026-10-05', 'match': '格鲁吉亚U19 vs 拉脱维亚U19', 'score': '1-1', 'selected_team': '', 'settlement': '走', 'water': 0.75, 'pnl_1u': 0.0, 'roi': 0.0, 'line': '', 'action': 'V4纸面入选-C', 'source': 'https://m.titan007.com/analy/Analysis/3097745.htm'}, {'date': '2026-10-05', 'match': '塞尔维亚U21 vs 俄罗斯U21', 'score': '2-1', 'selected_team': '塞尔维亚U21', 'settlement': '红', 'water': 0.8, 'pnl_1u': 0.8, 'roi': 0.8, 'line': '-0.25', 'action': 'V4纸面入选-C', 'source': 'https://m.titan007.com/analy/Analysis/3097747.htm'}, {'date': '2026-10-06', 'match': '沙特阿拉伯U20 vs 亚美尼亚U20', 'score': '0-0', 'selected_team': '沙特阿拉伯U20', 'settlement': '黑', 'water': 1, 'pnl_1u': -1.0, 'roi': -1.0, 'line': '1.25', 'action': 'V4纸面入选-C', 'source': 'https://m.titan007.com/analy/Analysis/3097372.htm'}, {'date': '2026-10-06', 'match': '韩国 vs 乌兹别克斯坦', 'score': '2-0', 'selected_team': '韩国', 'settlement': '红', 'water': 0.94, 'pnl_1u': 0.94, 'roi': 0.94, 'line': '0.75', 'action': 'V4纸面入选-C', 'source': 'https://m.titan007.com/analy/Analysis/3097375.htm'}, {'date': '2026-10-06', 'match': '中国 vs 塔吉克斯坦', 'score': '0-1', 'selected_team': '中国', 'settlement': '黑', 'water': 1, 'pnl_1u': -1.0, 'roi': -1.0, 'line': '0.75', 'action': 'V4纸面入选-C', 'source': 'https://m.titan007.com/analy/Analysis/3091499.htm'}, {'date': '2026-10-06', 'match': '葡萄牙U19 vs 奥地利U19', 'score': '4-0', 'selected_team': '葡萄牙U19', 'settlement': '红', 'water': 0.87, 'pnl_1u': 0.87, 'roi': 0.87, 'line': '0.5', 'action': 'V4纸面入选-C', 'source': 'https://m.titan007.com/analy/Analysis/3097381.htm'}, {'date': '2026-10-06', 'match': '印度(中) vs 乌拉圭', 'score': '1-6', 'selected_team': '印度(中)', 'settlement': '黑', 'water': 0.91, 'pnl_1u': -1.0, 'roi': -1.0, 'line': '-3.5', 'action': 'V4纸面入选-C', 'source': 'https://m.titan007.com/analy/Analysis/3097388.htm'}, {'date': '2026-10-06', 'match': '俄罗斯 vs 尼日利亚', 'score': '3-3', 'selected_team': '俄罗斯', 'settlement': '黑', 'water': 0.91, 'pnl_1u': -1.0, 'roi': -1.0, 'line': '1', 'action': 'V4纸面入选-C', 'source': 'https://m.titan007.com/analy/Analysis/3097390.htm'}, {'date': '2026-10-06', 'match': '约旦 vs 委内瑞拉', 'score': '0-0', 'selected_team': '', 'settlement': '走', 'water': 0.89, 'pnl_1u': 0.0, 'roi': 0.0, 'line': '', 'action': 'V4纸面入选-C', 'source': 'https://m.titan007.com/analy/Analysis/3097384.htm'}, {'date': '2026-10-06', 'match': '阿尔及利亚 vs 尼日尔', 'score': '2-1', 'selected_team': '阿尔及利亚', 'settlement': '黑', 'water': 0.87, 'pnl_1u': -1.0, 'roi': -1.0, 'line': '1.75', 'action': 'V4纸面入选-C', 'source': 'https://m.titan007.com/analy/Analysis/3097385.htm'}, {'date': '2026-10-06', 'match': '阿根廷(中) vs 贝宁', 'score': '0-0', 'selected_team': '贝宁', 'settlement': '红', 'water': 0.87, 'pnl_1u': 0.87, 'roi': 0.87, 'line': '4.5', 'action': 'V4纸面入选-C', 'source': 'https://m.titan007.com/analy/Analysis/3097387.htm'}, {'date': '2026-10-06', 'match': '哥伦比亚(中) vs 秘鲁', 'score': '0-0', 'selected_team': '哥伦比亚(中)', 'settlement': '黑', 'water': 0.9, 'pnl_1u': -1.0, 'roi': -1.0, 'line': '1.25', 'action': 'V4纸面入选-C', 'source': 'https://m.titan007.com/analy/Analysis/3097386.htm'}, {'date': '2026-10-06', 'match': '美国(中) vs 加拿大', 'score': '1-0', 'selected_team': '美国(中)', 'settlement': '红', 'water': 0.8, 'pnl_1u': 0.8, 'roi': 0.8, 'line': '0.5', 'action': 'V4纸面入选-C', 'source': 'https://m.titan007.com/analy/Analysis/3097883.htm'}, {'date': '2026-10-07', 'match': '墨西哥(中) vs 智利', 'score': '0-2', 'selected_team': '墨西哥(中)', 'settlement': '黑', 'water': 1, 'pnl_1u': -1.0, 'roi': -1.0, 'line': '1', 'action': 'V4纸面入选-C', 'source': 'https://m.titan007.com/analy/Analysis/3097882.htm'}]"
V4,2026-10-09,2962673,阿甲,时间待核,科尔多瓦学院 vs 博卡青年,,,19,8,1,1,1,8,0.5,-0.175,-0.00921053,19,,,list_date < 2026-10-09,"[{'date': '2026-09-13', 'match': '萨尔米安杜 vs 贝尔格拉诺', 'score': '1-1', 'selected_team': '贝尔格拉诺', 'settlement': '半黑', 'water': 1.04, 'pnl_1u': -0.5, 'roi': -0.5, 'line': '-0.25', 'action': 'V4纸面入选-C', 'source': 'https://m.titan007.com/analy/Analysis/2962635.htm'}, {'date': '2026-09-13', 'match': '阿根廷独立 vs 圣洛伦索', 'score': '1-1', 'selected_team': '阿根廷独立', 'settlement': '黑', 'water': 1.06, 'pnl_1u': -1.0, 'roi': -1.0, 'line': '0.5', 'action': 'V4纸面入选-C', 'source': 'https://m.titan007.com/analy/Analysis/2962631.htm'}, {'date': '2026-09-19', 'match': '河床 vs 飓风队', 'score': '1-2', 'selected_team': '飓风队', 'settlement': '红', 'water': 0.93, 'pnl_1u': 0.93, 'roi': 0.93, 'line': '1', 'action': 'V4纸面入选-C', 'source': 'https://zq.titan007.com/analysis/2962648cn.htm'}, {'date': '2026-09-20', 'match': '圣洛伦索 vs 博卡青年', 'score': '0-2', 'selected_team': '博卡青年', 'settlement': '红', 'water': 1.04, 'pnl_1u': 1.04, 'roi': 1.04, 'line': '-0.5', 'action': 'V4纸面入选-C', 'source': 'https://zq.titan007.com/analysis/2962650cn.htm'}, {'date': '2026-09-20', 'match': '罗萨里奥中央 vs 阿根廷青年人', 'score': '1-0', 'selected_team': '罗萨里奥中央', 'settlement': '红', 'water': 1.03, 'pnl_1u': 1.03, 'roi': 1.03, 'line': '0.5', 'action': 'V4纸面入选-C', 'source': 'https://zq.titan007.com/analysis/2962649cn.htm'}, {'date': '2026-09-20', 'match': '贝尔格拉诺 vs 里奥夸尔托学生队', 'score': '2-1', 'selected_team': '里奥夸尔托学生队', 'settlement': '走', 'water': 1.14, 'pnl_1u': 0.0, 'roi': 0.0, 'line': '1', 'action': 'V4纸面入选-B', 'source': 'https://zq.titan007.com/analysis/2962640cn.htm'}, {'date': '2026-09-21', 'match': '拉努斯 vs 拉普拉塔大学生', 'score': '1-0', 'selected_team': '拉普拉塔大学生', 'settlement': '黑', 'water': 1.05, 'pnl_1u': -1.0, 'roi': -1.0, 'line': '0.25', 'action': 'V4最新页面A/B/C候选', 'source': 'https://www.365scores.com/football/match/liga-profesional-72/estudiantes-de-la-plata-lanus-867-869-72'}, {'date': '2026-10-02', 'match': '阿根廷独立 vs 科尔多瓦学院', 'score': '1-4', 'selected_team': '阿根廷独立', 'settlement': '黑', 'water': 1.03, 'pnl_1u': -1.0, 'roi': -1.0, 'line': '0.25', 'action': 'V4纸面入选-C', 'source': 'https://m.titan007.com/analy/Analysis/2962662.htm'}, {'date': '2026-10-02', 'match': '博卡青年 vs 圣塔菲联', 'score': '3-0', 'selected_team': '博卡青年', 'settlement': '红', 'water': 1.07, 'pnl_1u': 1.07, 'roi': 1.07, 'line': '1', 'action': 'V4纸面入选-A', 'source': 'https://m.titan007.com/analy/Analysis/2962656.htm'}, {'date': '2026-10-02', 'match': '门多萨独立 vs 拉普拉塔体操', 'score': '1-1', 'selected_team': '门多萨独立', 'settlement': '黑', 'water': 0.86, 'pnl_1u': -1.0, 'roi': -1.0, 'line': '0.5', 'action': 'V4纸面入选-A', 'source': 'https://m.titan007.com/analy/Analysis/2962663.htm'}, {'date': '2026-10-03', 'match': '防卫者 vs 圣洛伦索', 'score': '3-0', 'selected_team': '', 'settlement': '红', 'water': 1.06, 'pnl_1u': 1.06, 'roi': 1.06, 'line': '', 'action': 'V4纸面入选-C', 'source': 'https://m.titan007.com/analy/Analysis/2962657.htm'}, {'date': '2026-10-03', 'match': '图库曼竞技 vs 巴拉卡斯中央队', 'score': '2-3', 'selected_team': '图库曼竞技', 'settlement': '黑', 'water': 0.95, 'pnl_1u': -1.0, 'roi': -1.0, 'line': '0.5', 'action': 'V4纸面入选-A', 'source': 'https://m.titan007.com/analy/Analysis/2962654.htm'}, {'date': '2026-10-04', 'match': '飓风队 vs 阿尔多斯维', 'score': '1-0', 'selected_team': '飓风队', 'settlement': '半红', 'water': 0.95, 'pnl_1u': 0.475, 'roi': 0.475, 'line': '0.75', 'action': 'V4纸面入选-A', 'source': 'https://m.titan007.com/analy/Analysis/2962661.htm'}, {'date': '2026-10-04', 'match': '阿根廷青年人 vs 泰格雷', 'score': '2-1', 'selected_team': '阿根廷青年人', 'settlement': '红', 'water': 0.82, 'pnl_1u': 0.82, 'roi': 0.82, 'line': '0.5', 'action': 'V4纸面入选-A', 'source': 'https://m.titan007.com/analy/Analysis/2962653.htm'}, {'date': '2026-10-04', 'match': '里奥夸尔托学生队 vs 竞技俱乐部', 'score': '1-2', 'selected_team': '里奥夸尔托学生队', 'settlement': '黑', 'water': 0.95, 'pnl_1u': -1.0, 'roi': -1.0, 'line': '-0.5', 'action': 'V4纸面入选-A', 'source': 'https://m.titan007.com/analy/Analysis/2962660.htm'}, {'date': '2026-10-05', 'match': '利斯特雷 vs 科尔多瓦中央SDE', 'score': '1-1', 'selected_team': '利斯特雷', 'settlement': '黑', 'water': 0.91, 'pnl_1u': -1.0, 'roi': -1.0, 'line': '0.5', 'action': 'V4纸面入选-A', 'source': 'https://m.titan007.com/analy/Analysis/2962658.htm'}, {'date': '2026-10-05', 'match': '拉普拉塔大学生 vs 甘拿斯亚门多萨', 'score': '3-0', 'selected_team': '拉普拉塔大学生', 'settlement': '红', 'water': 0.96, 'pnl_1u': 0.96, 'roi': 0.96, 'line': '0.75', 'action': 'V4纸面入选-A', 'source': 'https://m.titan007.com/analy/Analysis/2962659.htm'}, {'date': '2026-10-05', 'match': '萨斯菲尔德 vs 普拉腾斯', 'score': '2-2', 'selected_team': '萨斯菲尔德', 'settlement': '黑', 'water': 1, 'pnl_1u': -1.0, 'roi': -1.0, 'line': '0.5', 'action': 'V4纸面入选-A', 'source': 'https://m.titan007.com/analy/Analysis/2962667.htm'}, {'date': '2026-10-05', 'match': '班菲尔德 vs 罗萨里奥中央', 'score': '1-1', 'selected_team': '班菲尔德', 'settlement': '红', 'water': 0.94, 'pnl_1u': 0.94, 'roi': 0.94, 'line': '-0.5', 'action': 'V4纸面入选-A', 'source': 'https://m.titan007.com/analy/Analysis/2962655.htm'}]"
V4,2026-10-09,3100118,巴拉乙,时间待核,索尔美洲队 vs 卡拉普瓜,,,3,0,0,1,1,1,0.0,-1.5,-0.5,3,,,list_date < 2026-10-09,"[{'date': '2026-10-05', 'match': '朱尼诺VH vs 索尔美洲队', 'score': '1-1', 'selected_team': '', 'settlement': '走', 'water': 0.98, 'pnl_1u': 0.0, 'roi': 0.0, 'line': '', 'action': 'V4纸面入选-C', 'source': 'https://m.titan007.com/analy/Analysis/3094121.htm'}, {'date': '2026-10-05', 'match': '费纳多 vs 卡巴列罗JLM', 'score': '0-2', 'selected_team': '费纳多', 'settlement': '黑', 'water': 0.8, 'pnl_1u': -1.0, 'roi': -1.0, 'line': '-0.5', 'action': 'V4纸面入选-B', 'source': 'https://m.titan007.com/analy/Analysis/3094122.htm'}, {'date': '2026-10-06', 'match': '桑坦尼体育会 vs 瓜伊利纳', 'score': '1-0', 'selected_team': '桑坦尼体育会', 'settlement': '半黑', 'water': 0.75, 'pnl_1u': -0.5, 'roi': -0.5, 'line': '1.25', 'action': 'V4纸面入选-B', 'source': 'https://m.titan007.com/analy/Analysis/3094124.htm'}]"
V4,2026-10-09,3011887,哥伦甲秋,时间待核,阿利安萨 vs 阿古拉斯多拉达斯,,,18,10,0,0,2,6,0.58823529,2.83,0.15722222,18,,高：历史有效胜率>55%,list_date < 2026-10-09,"[{'date': '2026-09-13', 'match': '佩雷拉 vs 布卡拉曼加竞技', 'score': '1-3', 'selected_team': '布卡拉曼加竞技', 'settlement': '红', 'water': 1.03, 'pnl_1u': 1.03, 'roi': 1.03, 'line': '-0.75', 'action': 'V4纸面入选-C', 'source': 'https://m.titan007.com/analy/Analysis/3011855.htm'}, {'date': '2026-09-13', 'match': '云斯卡尔达斯 vs 卡利体育会', 'score': '1-2', 'selected_team': '云斯卡尔达斯', 'settlement': '黑', 'water': 1.06, 'pnl_1u': -1.0, 'roi': -1.0, 'line': '0.5', 'action': 'V4纸面入选-C', 'source': 'https://m.titan007.com/analy/Analysis/3011854.htm'}, {'date': '2026-09-19', 'match': '百万富翁 vs 茨高', 'score': '3-0', 'selected_team': '百万富翁', 'settlement': '红', 'water': 0.98, 'pnl_1u': 0.98, 'roi': 0.98, 'line': '1.75', 'action': 'V4纸面入选-C', 'source': 'https://zq.titan007.com/analysis/3011866cn.htm'}, {'date': '2026-09-19', 'match': '卡利体育会 vs 侨卡巴', 'score': '3-0', 'selected_team': '侨卡巴', 'settlement': '黑', 'water': 0.89, 'pnl_1u': -1.0, 'roi': -1.0, 'line': '1', 'action': 'V4纸面入选-C', 'source': 'https://m.17500.cn/zq/data-team/course-14891-0-0'}, {'date': '2026-09-22', 'match': '圣塔菲 vs 卡利体育会', 'score': '0-1', 'selected_team': '卡利体育会', 'settlement': '红', 'water': 1.01, 'pnl_1u': 1.01, 'roi': 1.01, 'line': '0.25', 'action': 'V4最新页面A/B/C候选', 'source': 'https://simondongxiao.github.io/odds/v4/'}, {'date': '2026-09-23', 'match': '卡利美洲 vs 阿古拉斯多拉达斯', 'score': '1-0', 'selected_team': '阿古拉斯多拉达斯', 'settlement': '半黑', 'water': 1.07, 'pnl_1u': -0.5, 'roi': -0.5, 'line': '0.75', 'action': 'V4最新页面A/B/C候选', 'source': 'https://simondongxiao.github.io/odds/v4/'}, {'date': '2026-09-24', 'match': '国民竞技 vs 百万富翁', 'score': '1-1', 'selected_team': '百万富翁', 'settlement': '红', 'water': 1.03, 'pnl_1u': 1.03, 'roi': 1.03, 'line': '0.5', 'action': 'V4最新页面A/B/C候选', 'source': 'https://simondongxiao.github.io/odds/v4/'}, {'date': '2026-09-26', 'match': '侨卡巴 vs 拉尼洛斯', 'score': '2-1', 'selected_team': '侨卡巴', 'settlement': '红', 'water': 1.04, 'pnl_1u': 1.04, 'roi': 1.04, 'line': '0.25', 'action': 'V4最新页面A/B/C候选', 'source': 'https://www.ceroacero.es/partido/2026-09-27-cucuta-deportivo-llaneros/12241953'}, {'date': '2026-09-27', 'match': '卡利体育会 vs 阿古拉斯多拉达斯', 'score': '2-0', 'selected_team': '阿古拉斯多拉达斯', 'settlement': '黑', 'water': 1.01, 'pnl_1u': -1.0, 'roi': -1.0, 'line': '0.5', 'action': 'V4最新页面A/B/C候选', 'source': 'https://simondongxiao.github.io/odds/v4/?v=ff7d4e5'}, {'date': '2026-09-30', 'match': '国民竞技 vs 巴兰基亚青年', 'score': '3-1', 'selected_team': '国民竞技', 'settlement': '红', 'water': 0.85, 'pnl_1u': 0.85, 'roi': 0.85, 'line': '1', 'action': 'V4纸面入选-B', 'source': 'https://m.titan007.com/analy/Analysis/3011777.htm'}, {'date': '2026-10-02', 'match': '卡利体育会 vs 阿利安萨', 'score': '3-1', 'selected_team': '卡利体育会', 'settlement': '红', 'water': 1, 'pnl_1u': 1.0, 'roi': 1.0, 'line': '1', 'action': 'V4纸面入选-B', 'source': 'https://m.titan007.com/analy/Analysis/3011880.htm'}, {'date': '2026-10-03', 'match': '阿古拉斯多拉达斯 vs 贾奎斯科尔多巴', 'score': '2-0', 'selected_team': '阿古拉斯多拉达斯', 'settlement': '红', 'water': 0.88, 'pnl_1u': 0.88, 'roi': 0.88, 'line': '1', 'action': 'V4纸面入选-B', 'source': 'https://m.titan007.com/analy/Analysis/3011877.htm'}, {'date': '2026-10-03', 'match': '托利马体育 vs 茨高', 'score': '0-0', 'selected_team': '托利马体育', 'settlement': '黑', 'water': 0.82, 'pnl_1u': -1.0, 'roi': -1.0, 'line': '1.25', 'action': 'V4纸面入选-B', 'source': 'https://m.titan007.com/analy/Analysis/3011881.htm'}, {'date': '2026-10-04', 'match': '帕斯托 vs 福塔雷绍查', 'score': '0-0', 'selected_team': '帕斯托', 'settlement': '半黑', 'water': 0.9, 'pnl_1u': -0.5, 'roi': -0.5, 'line': '0.25', 'action': 'V4纸面入选-B', 'source': 'https://m.titan007.com/analy/Analysis/3011882.htm'}, {'date': '2026-10-04', 'match': '侨卡巴 vs 佩雷拉', 'score': '4-0', 'selected_team': '侨卡巴', 'settlement': '红', 'water': 1.01, 'pnl_1u': 1.01, 'roi': 1.01, 'line': '0.75', 'action': 'V4纸面入选-B', 'source': 'https://m.titan007.com/analy/Analysis/3011879.htm'}, {'date': '2026-10-04', 'match': '布卡拉曼加竞技 vs 巴兰基亚青年', 'score': '3-1', 'selected_team': '布卡拉曼加竞技', 'settlement': '红', 'water': 1, 'pnl_1u': 1.0, 'roi': 1.0, 'line': '0.5', 'action': 'V4纸面入选-B', 'source': 'https://m.titan007.com/analy/Analysis/3011878.htm'}, {'date': '2026-10-04', 'match': '拉尼洛斯 vs 卡利美洲', 'score': '1-2', 'selected_team': '拉尼洛斯', 'settlement': '黑', 'water': 0.99, 'pnl_1u': -1.0, 'roi': -1.0, 'line': '-0.25', 'action': 'V4纸面入选-B', 'source': 'https://m.titan007.com/analy/Analysis/3011885.htm'}, {'date': '2026-10-05', 'match': '麦德林独立 vs 圣塔菲', 'score': '0-1', 'selected_team': '麦德林独立', 'settlement': '黑', 'water': 0.93, 'pnl_1u': -1.0, 'roi': -1.0, 'line': '0.5', 'action': 'V4纸面入选-B', 'source': 'https://m.titan007.com/analy/Analysis/3011883.htm'}]"
V4,2026-10-09,3099094,乌拉甲秋,时间待核,马尔多纳多 vs 利物浦蒙特维多,,,5,1,1,1,0,2,0.42857143,-0.795,-0.159,5,,,list_date < 2026-10-09,"[{'date': '2026-09-19', 'match': '塞路 vs 佩纳罗尔', 'score': '1-2', 'selected_team': '塞路', 'settlement': '走', 'water': 0.86, 'pnl_1u': 0.0, 'roi': 0.0, 'line': '-1', 'action': 'V4纸面入选-C', 'source': 'https://zq.titan007.com/analysis/3091695cn.htm'}, {'date': '2026-10-03', 'match': '利物浦蒙特维多 vs 普罗格雷索俱乐部', 'score': '3-2', 'selected_team': '利物浦蒙特维多', 'settlement': '半红', 'water': 0.85, 'pnl_1u': 0.425, 'roi': 0.425, 'line': '0.75', 'action': 'V4纸面入选-B', 'source': 'https://m.titan007.com/analy/Analysis/3094914.htm'}, {'date': '2026-10-03', 'match': '马尔多纳多 vs 西班牙中心', 'score': '3-0', 'selected_team': '马尔多纳多', 'settlement': '红', 'water': 0.78, 'pnl_1u': 0.78, 'roi': 0.78, 'line': '0.75', 'action': 'V4纸面入选-C', 'source': 'https://m.titan007.com/analy/Analysis/3094916.htm'}, {'date': '2026-10-04', 'match': '塞路 vs 漫游者', 'score': '0-2', 'selected_team': '', 'settlement': '黑', 'water': 1, 'pnl_1u': -1.0, 'roi': -1.0, 'line': '', 'action': 'V4纸面入选-C', 'source': 'https://m.titan007.com/analy/Analysis/3094919.htm'}, {'date': '2026-10-04', 'match': '蒙特维多竞技 vs 佩纳罗尔', 'score': '0-1', 'selected_team': '蒙特维多竞技', 'settlement': '黑', 'water': 0.72, 'pnl_1u': -1.0, 'roi': -1.0, 'line': '-0.5', 'action': 'V4纸面入选-B', 'source': 'https://m.titan007.com/analy/Analysis/3094920.htm'}]"
V4,2026-10-09,3024475,墨西甲春,时间待核,塔巴蒂奥 vs 拉巴斯竞技,,,7,1,1,1,1,3,0.3,-2.14,-0.30571429,7,,,list_date < 2026-10-09,"[{'date': '2026-09-15', 'match': '多拉多斯 vs 坎昆', 'score': '1-1', 'selected_team': '多拉多斯', 'settlement': '半黑', 'water': 1.02, 'pnl_1u': -0.5, 'roi': -0.5, 'line': '0.25', 'action': 'V4纸面入选-C', 'source': 'https://www.noroeste.com.mx/deportes/futbol/dorados-no-puede-mantener-la-ventaja-y-termina-por-empatar-con-cancun-en-el-encanto-BC25727402'}, {'date': '2026-09-24', 'match': '瓦哈卡 vs 拉巴斯竞技', 'score': '1-3', 'selected_team': '瓦哈卡', 'settlement': '黑', 'water': 1, 'pnl_1u': -1.0, 'roi': -1.0, 'line': '-0.25', 'action': 'V4最新页面A/B/C候选', 'source': 'https://simondongxiao.github.io/odds/v4/'}, {'date': '2026-10-02', 'match': '克雷卡米诺斯 vs 海德尔格', 'score': '0-0', 'selected_team': '', 'settlement': '走', 'water': 0.99, 'pnl_1u': 0.0, 'roi': 0.0, 'line': '', 'action': 'V4纸面入选-C', 'source': 'https://m.titan007.com/analy/Analysis/3024470.htm'}, {'date': '2026-10-03', 'match': '拉巴斯竞技 vs FC美利达', 'score': '1-2', 'selected_team': '拉巴斯竞技', 'settlement': '黑', 'water': 0.95, 'pnl_1u': -1.0, 'roi': -1.0, 'line': '1', 'action': 'V4纸面入选-C', 'source': 'https://m.titan007.com/analy/Analysis/3024473.htm'}, {'date': '2026-10-03', 'match': '莫雷利亚 vs 特拉斯卡拉', 'score': '1-1', 'selected_team': '莫雷利亚', 'settlement': '黑', 'water': 0.8, 'pnl_1u': -1.0, 'roi': -1.0, 'line': '1', 'action': 'V4纸面入选-B', 'source': 'https://m.titan007.com/analy/Analysis/3024468.htm'}, {'date': '2026-10-03', 'match': '坎昆 vs 塔巴蒂奥', 'score': '1-0', 'selected_team': '坎昆', 'settlement': '半红', 'water': 0.92, 'pnl_1u': 0.46, 'roi': 0.46, 'line': '0.75', 'action': 'V4纸面入选-A', 'source': 'https://m.titan007.com/analy/Analysis/3024469.htm'}, {'date': '2026-10-03', 'match': '皮拉塔斯 vs 瓦哈卡', 'score': '4-0', 'selected_team': '皮拉塔斯', 'settlement': '红', 'water': 0.9, 'pnl_1u': 0.9, 'roi': 0.9, 'line': '1.5', 'action': 'V4纸面入选-A', 'source': 'https://m.titan007.com/analy/Analysis/3024471.htm'}]"
V4,2026-10-09,2934842,阿乙曼特秋,时间待核,伊希库斯尼斯塔史 vs 维拉圣卡罗斯,伊希库斯尼斯塔史,giving,8,3,1,1,1,2,0.58333333,0.535,0.066875,8,,,list_date < 2026-10-09,"[{'date': '2026-09-19', 'match': '维拉多尔米尼 vs 意杜萨高', 'score': '3-1', 'selected_team': '意杜萨高', 'settlement': '黑', 'water': 0.99, 'pnl_1u': -1.0, 'roi': -1.0, 'line': '1', 'action': 'V4纸面入选-C', 'source': 'https://zq.titan007.com/analysis/2934814cn.htm'}, {'date': '2026-10-03', 'match': '联合防卫队 vs 基尔梅斯阿根廷', 'score': '1-1', 'selected_team': '', 'settlement': '走', 'water': 0.75, 'pnl_1u': 0.0, 'roi': 0.0, 'line': '', 'action': 'V4纸面入选-C', 'source': 'https://m.titan007.com/analy/Analysis/2934828.htm'}, {'date': '2026-10-03', 'match': '卡米尼罗斯 vs 拉费雷尔', 'score': '1-2', 'selected_team': '卡米尼罗斯', 'settlement': '黑', 'water': 0.96, 'pnl_1u': -1.0, 'roi': -1.0, 'line': '0.25', 'action': 'V4纸面入选-B', 'source': 'https://m.titan007.com/analy/Analysis/2934830.htm'}, {'date': '2026-10-03', 'match': '圣马丁布萨科 vs 梅洛小阿根廷', 'score': '2-1', 'selected_team': '圣马丁布萨科', 'settlement': '红', 'water': 0.85, 'pnl_1u': 0.85, 'roi': 0.85, 'line': '0.25', 'action': 'V4纸面入选-B', 'source': 'https://m.titan007.com/analy/Analysis/2934833.htm'}, {'date': '2026-10-03', 'match': '维拉圣卡罗斯 vs 萨兰迪兵工厂', 'score': '1-0', 'selected_team': '萨兰迪兵工厂', 'settlement': '红', 'water': 0.83, 'pnl_1u': 0.83, 'roi': 0.83, 'line': '-0.25', 'action': 'V4纸面入选-B', 'source': 'https://m.titan007.com/analy/Analysis/2934836.htm'}, {'date': '2026-10-03', 'match': '利涅尔斯 vs 伊希库斯尼斯塔史', 'score': '1-0', 'selected_team': '伊希库斯尼斯塔史', 'settlement': '红', 'water': 0.93, 'pnl_1u': 0.93, 'roi': 0.93, 'line': '-0.5', 'action': 'V4纸面入选-B', 'source': 'https://m.titan007.com/analy/Analysis/2934837.htm'}, {'date': '2026-10-04', 'match': 'BsAs交流会 vs 弗朗德里亚', 'score': '1-1', 'selected_team': 'BsAs交流会', 'settlement': '半黑', 'water': 0.82, 'pnl_1u': -0.5, 'roi': -0.5, 'line': '0.25', 'action': 'V4纸面入选-B', 'source': 'https://m.titan007.com/analy/Analysis/2934827.htm'}, {'date': '2026-10-05', 'match': '乌尔基萨大学 vs 意杜萨高', 'score': '3-2', 'selected_team': '乌尔基萨大学', 'settlement': '半红', 'water': 0.85, 'pnl_1u': 0.425, 'roi': 0.425, 'line': '0.75', 'action': 'V4纸面入选-B', 'source': 'https://m.titan007.com/analy/Analysis/2934835.htm'}]"
V4,2026-10-09,2934846,阿乙曼特秋,时间待核,埃斯卡拉达 vs 卡米尼罗斯,埃斯卡拉达,giving,8,3,1,1,1,2,0.58333333,0.535,0.066875,8,,,list_date < 2026-10-09,"[{'date': '2026-09-19', 'match': '维拉多尔米尼 vs 意杜萨高', 'score': '3-1', 'selected_team': '意杜萨高', 'settlement': '黑', 'water': 0.99, 'pnl_1u': -1.0, 'roi': -1.0, 'line': '1', 'action': 'V4纸面入选-C', 'source': 'https://zq.titan007.com/analysis/2934814cn.htm'}, {'date': '2026-10-03', 'match': '联合防卫队 vs 基尔梅斯阿根廷', 'score': '1-1', 'selected_team': '', 'settlement': '走', 'water': 0.75, 'pnl_1u': 0.0, 'roi': 0.0, 'line': '', 'action': 'V4纸面入选-C', 'source': 'https://m.titan007.com/analy/Analysis/2934828.htm'}, {'date': '2026-10-03', 'match': '卡米尼罗斯 vs 拉费雷尔', 'score': '1-2', 'selected_team': '卡米尼罗斯', 'settlement': '黑', 'water': 0.96, 'pnl_1u': -1.0, 'roi': -1.0, 'line': '0.25', 'action': 'V4纸面入选-B', 'source': 'https://m.titan007.com/analy/Analysis/2934830.htm'}, {'date': '2026-10-03', 'match': '圣马丁布萨科 vs 梅洛小阿根廷', 'score': '2-1', 'selected_team': '圣马丁布萨科', 'settlement': '红', 'water': 0.85, 'pnl_1u': 0.85, 'roi': 0.85, 'line': '0.25', 'action': 'V4纸面入选-B', 'source': 'https://m.titan007.com/analy/Analysis/2934833.htm'}, {'date': '2026-10-03', 'match': '维拉圣卡罗斯 vs 萨兰迪兵工厂', 'score': '1-0', 'selected_team': '萨兰迪兵工厂', 'settlement': '红', 'water': 0.83, 'pnl_1u': 0.83, 'roi': 0.83, 'line': '-0.25', 'action': 'V4纸面入选-B', 'source': 'https://m.titan007.com/analy/Analysis/2934836.htm'}, {'date': '2026-10-03', 'match': '利涅尔斯 vs 伊希库斯尼斯塔史', 'score': '1-0', 'selected_team': '伊希库斯尼斯塔史', 'settlement': '红', 'water': 0.93, 'pnl_1u': 0.93, 'roi': 0.93, 'line': '-0.5', 'action': 'V4纸面入选-B', 'source': 'https://m.titan007.com/analy/Analysis/2934837.htm'}, {'date': '2026-10-04', 'match': 'BsAs交流会 vs 弗朗德里亚', 'score': '1-1', 'selected_team': 'BsAs交流会', 'settlement': '半黑', 'water': 0.82, 'pnl_1u': -0.5, 'roi': -0.5, 'line': '0.25', 'action': 'V4纸面入选-B', 'source': 'https://m.titan007.com/analy/Analysis/2934827.htm'}, {'date': '2026-10-05', 'match': '乌尔基萨大学 vs 意杜萨高', 'score': '3-2', 'selected_team': '乌尔基萨大学', 'settlement': '半红', 'water': 0.85, 'pnl_1u': 0.425, 'roi': 0.425, 'line': '0.75', 'action': 'V4纸面入选-B', 'source': 'https://m.titan007.com/analy/Analysis/2934835.htm'}]"
V4,2026-10-09,3100407,美女超,时间待核,运动Jax女足 vs DC电力女足,,,0,0,0,0,0,0,,,,0,,,list_date < 2026-10-09,[]
V4,2026-10-09,3098100,国际友谊,时间待核,加拿大女足 vs 丹麦女足,,,53,24,2,5,2,20,0.54347826,2.355,0.04443396,53,,,list_date < 2026-10-09,"[{'date': '2026-09-21', 'match': '多米尼克 vs 安圭拉', 'score': '1-0', 'selected_team': '多米尼克', 'settlement': '红', 'water': 0.93, 'pnl_1u': 0.93, 'roi': 0.93, 'line': '-2', 'action': 'V4最新页面A/B/C候选', 'source': 'https://www.titan007.com/'}, {'date': '2026-09-23', 'match': '秘鲁U19 vs 阿根廷U19', 'score': '0-1', 'selected_team': '秘鲁U19', 'settlement': '走', 'water': 0.96, 'pnl_1u': 0.0, 'roi': 0.0, 'line': '-1', 'action': 'V4最新页面A/B/C候选', 'source': 'https://simondongxiao.github.io/odds/v4/'}, {'date': '2026-09-24', 'match': '韩国 vs 厄瓜多尔', 'score': '3-0', 'selected_team': '韩国', 'settlement': '红', 'water': 1.05, 'pnl_1u': 1.05, 'roi': 1.05, 'line': '0.25', 'action': 'V4最新页面A/B/C候选', 'source': 'https://simondongxiao.github.io/odds/v4/'}, {'date': '2026-09-25', 'match': '澳大利亚 vs 巴西', 'score': '1-1', 'selected_team': '巴西', 'settlement': '黑', 'water': 0.81, 'pnl_1u': -1.0, 'roi': -1.0, 'line': '-1.5', 'action': 'V4最新页面A/B/C候选', 'source': 'https://simondongxiao.github.io/odds/v4/'}, {'date': '2026-09-26', 'match': '美国 vs 秘鲁', 'score': '4-1', 'selected_team': '秘鲁', 'settlement': '黑', 'water': 0.93, 'pnl_1u': -1.0, 'roi': -1.0, 'line': '1', 'action': 'V4最新页面A/B/C候选', 'source': 'https://simondongxiao.github.io/odds/v4/'}, {'date': '2026-09-27', 'match': '中国 vs 新西兰', 'score': '0-3', 'selected_team': '新西兰', 'settlement': '红', 'water': 1.03, 'pnl_1u': 1.03, 'roi': 1.03, 'line': '-0.25', 'action': 'V4最新页面A/B/C候选', 'source': 'https://simondongxiao.github.io/odds/v4/'}, {'date': '2026-09-27', 'match': '德国U19(中) vs 乌克兰U19', 'score': '0-0', 'selected_team': '乌克兰U19', 'settlement': '红', 'water': 0.95, 'pnl_1u': 0.95, 'roi': 0.95, 'line': '1', 'action': 'V4最新页面A/B/C候选', 'source': 'https://simondongxiao.github.io/odds/v4/'}, {'date': '2026-09-27', 'match': '约旦 vs 叙利亚', 'score': '1-1', 'selected_team': '叙利亚', 'settlement': '红', 'water': 0.94, 'pnl_1u': 0.94, 'roi': 0.94, 'line': '1', 'action': 'V4最新页面A/B/C候选', 'source': 'https://simondongxiao.github.io/odds/v4/'}, {'date': '2026-09-27', 'match': '玻利维亚(中) vs 巴拉圭', 'score': '0-2', 'selected_team': '巴拉圭', 'settlement': '红', 'water': 0.98, 'pnl_1u': 0.98, 'roi': 0.98, 'line': '-1.25', 'action': 'V4最新页面A/B/C候选', 'source': 'https://simondongxiao.github.io/odds/v4/'}, {'date': '2026-09-28', 'match': '哈萨克斯坦U19 vs 瑞士U19', 'score': '1-2', 'selected_team': '哈萨克斯坦U19', 'settlement': '半黑', 'water': 1.07, 'pnl_1u': -0.5, 'roi': -0.5, 'line': '-0.75', 'action': 'V4ff7d4e5版本A/B/C候选', 'source': 'https://simondongxiao.github.io/odds/v4/?v=ff7d4e5'}, {'date': '2026-09-28', 'match': '日本 vs 委内瑞拉', 'score': '2-1', 'selected_team': '日本', 'settlement': '黑', 'water': 0.98, 'pnl_1u': -1.0, 'roi': -1.0, 'line': '1.75', 'action': 'V4ff7d4e5版本A/B/C候选', 'source': 'https://simondongxiao.github.io/odds/v4/?v=ff7d4e5'}, {'date': '2026-09-28', 'match': '吉尔吉斯斯坦 vs 马尔代夫', 'score': '5-0', 'selected_team': '吉尔吉斯斯坦', 'settlement': '红', 'water': 0.97, 'pnl_1u': 0.97, 'roi': 0.97, 'line': '3', 'action': 'V4ff7d4e5版本A/B/C候选', 'source': 'https://simondongxiao.github.io/odds/v4/?v=ff7d4e5'}, {'date': '2026-09-29', 'match': '斐济女足 vs 新喀里多尼亚女足', 'score': '1-0', 'selected_team': '新喀里多尼亚女足', 'settlement': '半红', 'water': 1.19, 'pnl_1u': 0.595, 'roi': 0.595, 'line': '1.25', 'action': 'V4纸面入选-C', 'source': 'https://m.titan007.com/analy/Analysis/3094943.htm'}, {'date': '2026-09-29', 'match': '美国U19(中) vs 威尔士U19', 'score': '2-0', 'selected_team': '美国U19(中)', 'settlement': '红', 'water': 0.78, 'pnl_1u': 0.78, 'roi': 0.78, 'line': '1.5', 'action': 'V4纸面入选-C', 'source': 'https://m.titan007.com/analy/Analysis/3094944.htm'}, {'date': '2026-09-29', 'match': '墨西哥(中) vs 秘鲁', 'score': '1-1', 'selected_team': '秘鲁', 'settlement': '红', 'water': 1.02, 'pnl_1u': 1.02, 'roi': 1.02, 'line': '1', 'action': 'V4纸面入选-C', 'source': 'https://m.titan007.com/analy/Analysis/3094999.htm'}, {'date': '2026-09-30', 'match': '芬兰U19 vs 德国U19', 'score': '1-2', 'selected_team': '', 'settlement': '黑', 'water': 0.82, 'pnl_1u': -1.0, 'roi': -1.0, 'line': '', 'action': 'V4纸面入选-C', 'source': 'https://m.titan007.com/analy/Analysis/3095002.htm'}, {'date': '2026-09-30', 'match': '塞舌尔 vs 斯里兰卡', 'score': '0-2', 'selected_team': '', 'settlement': '黑', 'water': 0.82, 'pnl_1u': -1.0, 'roi': -1.0, 'line': '', 'action': 'V4纸面入选-C', 'source': 'https://m.titan007.com/analy/Analysis/3096174.htm'}, {'date': '2026-09-30', 'match': '立陶宛 vs 安道尔', 'score': '3-0', 'selected_team': '立陶宛', 'settlement': '红', 'water': 0.82, 'pnl_1u': 0.82, 'roi': 0.82, 'line': '0.75', 'action': 'V4纸面入选-C', 'source': 'https://m.titan007.com/analy/Analysis/3096176.htm'}, {'date': '2026-09-30', 'match': '阿根廷 vs 玻利维亚', 'score': '4-0', 'selected_team': '', 'settlement': '红', 'water': 1.04, 'pnl_1u': 1.04, 'roi': 1.04, 'line': '', 'action': 'V4纸面入选-C', 'source': 'https://m.titan007.com/analy/Analysis/3095418.htm'}, {'date': '2026-10-01', 'match': '波兰U19 vs 哈萨克斯坦U19', 'score': '3-0', 'selected_team': '', 'settlement': '红', 'water': 0.92, 'pnl_1u': 0.92, 'roi': 0.92, 'line': '', 'action': 'V4纸面入选-C', 'source': 'https://m.titan007.com/analy/Analysis/3095233.htm'}, {'date': '2026-10-01', 'match': '法国U19 vs 土耳其U19', 'score': '2-1', 'selected_team': '', 'settlement': '红', 'water': 0.84, 'pnl_1u': 0.84, 'roi': 0.84, 'line': '', 'action': 'V4纸面入选-C', 'source': 'https://m.titan007.com/analy/Analysis/3095234.htm'}, {'date': '2026-10-01', 'match': '乌兹别克斯坦 vs 叙利亚', 'score': '4-1', 'selected_team': '乌兹别克斯坦', 'settlement': '红', 'water': 0.95, 'pnl_1u': 0.95, 'roi': 0.95, 'line': '1.5', 'action': 'V4纸面入选-C', 'source': 'https://m.titan007.com/analy/Analysis/3095240.htm'}, {'date': '2026-10-01', 'match': '卡塔尔U19 vs 爱尔兰U19', 'score': '1-1', 'selected_team': '', 'settlement': '走', 'water': 0.67, 'pnl_1u': 0.0, 'roi': 0.0, 'line': '', 'action': 'V4纸面入选-C', 'source': 'https://m.titan007.com/analy/Analysis/3095241.htm'}, {'date': '2026-10-01', 'match': '美国U20 vs 巴西U20', 'score': '0-2', 'selected_team': '巴西U20', 'settlement': '黑', 'water': 0.84, 'pnl_1u': -1.0, 'roi': -1.0, 'line': '-0.5', 'action': 'V4纸面入选-C', 'source': 'https://m.titan007.com/analy/Analysis/3095245.htm'}, {'date': '2026-10-02', 'match': '韩国 vs 委内瑞拉', 'score': '0-0', 'selected_team': '', 'settlement': '走', 'water': 0.93, 'pnl_1u': 0.0, 'roi': 0.0, 'line': '', 'action': 'V4纸面入选-C', 'source': 'https://m.titan007.com/analy/Analysis/3095568.htm'}, {'date': '2026-10-02', 'match': '哥伦比亚(中) vs 巴拉圭', 'score': '0-1', 'selected_team': '', 'settlement': '黑', 'water': 0.9, 'pnl_1u': -1.0, 'roi': -1.0, 'line': '', 'action': 'V4纸面入选-C', 'source': 'https://m.titan007.com/analy/Analysis/3095650.htm'}, {'date': '2026-10-03', 'match': '印度 vs 巴西', 'score': '0-4', 'selected_team': '印度', 'settlement': '半黑', 'water': 1.06, 'pnl_1u': -0.5, 'roi': -0.5, 'line': '-3.75', 'action': 'V4纸面入选-C', 'source': 'https://m.titan007.com/analy/Analysis/3096945.htm'}, {'date': '2026-10-03', 'match': '俄罗斯 vs 纳米比亚', 'score': '6-0', 'selected_team': '俄罗斯', 'settlement': '红', 'water': 0.85, 'pnl_1u': 0.85, 'roi': 0.85, 'line': '2.25', 'action': 'V4纸面入选-C', 'source': 'https://m.titan007.com/analy/Analysis/3096957.htm'}, {'date': '2026-10-03', 'match': '加拿大 vs 秘鲁', 'score': '2-0', 'selected_team': '加拿大', 'settlement': '红', 'water': 1.04, 'pnl_1u': 1.04, 'roi': 1.04, 'line': '1', 'action': 'V4纸面入选-C', 'source': 'https://m.titan007.com/analy/Analysis/3096091.htm'}, {'date': '2026-10-03', 'match': '科特迪瓦 vs 喀麦隆', 'score': '0-1', 'selected_team': '科特迪瓦', 'settlement': '黑', 'water': 1.02, 'pnl_1u': -1.0, 'roi': -1.0, 'line': '0.75', 'action': 'V4纸面入选-C', 'source': 'https://m.titan007.com/analy/Analysis/3096089.htm'}, {'date': '2026-10-04', 'match': '巴西U20 vs 墨西哥U20', 'score': '4-0', 'selected_team': '巴西U20', 'settlement': '红', 'water': 0.98, 'pnl_1u': 0.98, 'roi': 0.98, 'line': '0.5', 'action': 'V4纸面入选-C', 'source': 'https://m.titan007.com/analy/Analysis/3096443.htm'}, {'date': '2026-10-04', 'match': '丹麦U20 vs 美国U20', 'score': '3-3', 'selected_team': '丹麦U20', 'settlement': '半红', 'water': 0.9, 'pnl_1u': 0.45, 'roi': 0.45, 'line': '-0.25', 'action': 'V4纸面入选-C', 'source': 'https://m.titan007.com/analy/Analysis/3096449.htm'}, {'date': '2026-10-04', 'match': '埃及 vs 南非', 'score': '0-1', 'selected_team': '埃及', 'settlement': '黑', 'water': 0.79, 'pnl_1u': -1.0, 'roi': -1.0, 'line': '0.5', 'action': 'V4纸面入选-C', 'source': 'https://m.titan007.com/analy/Analysis/3097227.htm'}, {'date': '2026-10-04', 'match': '摩洛哥 vs 马里', 'score': '1-1', 'selected_team': '摩洛哥', 'settlement': '黑', 'water': 0.9, 'pnl_1u': -1.0, 'roi': -1.0, 'line': '1.25', 'action': 'V4纸面入选-C', 'source': 'https://m.titan007.com/analy/Analysis/3097230.htm'}, {'date': '2026-10-05', 'match': '巴拿马 vs 厄瓜多尔', 'score': '1-1', 'selected_team': '巴拿马', 'settlement': '红', 'water': 0.99, 'pnl_1u': 0.99, 'roi': 0.99, 'line': '-0.75', 'action': 'V4纸面入选-C', 'source': 'https://m.titan007.com/analy/Analysis/3097300.htm'}, {'date': '2026-10-05', 'match': '日本 vs 新西兰', 'score': '2-1', 'selected_team': '日本', 'settlement': '黑', 'water': 1, 'pnl_1u': -1.0, 'roi': -1.0, 'line': '2', 'action': 'V4纸面入选-C', 'source': 'https://m.titan007.com/analy/Analysis/3097301.htm'}, {'date': '2026-10-05', 'match': '英格兰U19 vs 比利时U19', 'score': '0-1', 'selected_team': '英格兰U19', 'settlement': '黑', 'water': 0.85, 'pnl_1u': -1.0, 'roi': -1.0, 'line': '1.25', 'action': 'V4纸面入选-C', 'source': 'https://m.titan007.com/analy/Analysis/3097293.htm'}, {'date': '2026-10-05', 'match': '乌干达 vs 刚果民主共和国', 'score': '1-1', 'selected_team': '乌干达', 'settlement': '红', 'water': 0.95, 'pnl_1u': 0.95, 'roi': 0.95, 'line': '-0.5', 'action': 'V4纸面入选-C', 'source': 'https://m.titan007.com/analy/Analysis/3097741.htm'}, {'date': '2026-10-05', 'match': '黑山U19 vs 以色列U19', 'score': '0-1', 'selected_team': '黑山U19', 'settlement': '黑', 'water': 0.78, 'pnl_1u': -1.0, 'roi': -1.0, 'line': '-0.5', 'action': 'V4纸面入选-C', 'source': 'https://m.titan007.com/analy/Analysis/3097742.htm'}, {'date': '2026-10-05', 'match': '格鲁吉亚U19 vs 拉脱维亚U19', 'score': '1-1', 'selected_team': '', 'settlement': '走', 'water': 0.75, 'pnl_1u': 0.0, 'roi': 0.0, 'line': '', 'action': 'V4纸面入选-C', 'source': 'https://m.titan007.com/analy/Analysis/3097745.htm'}, {'date': '2026-10-05', 'match': '塞尔维亚U21 vs 俄罗斯U21', 'score': '2-1', 'selected_team': '塞尔维亚U21', 'settlement': '红', 'water': 0.8, 'pnl_1u': 0.8, 'roi': 0.8, 'line': '-0.25', 'action': 'V4纸面入选-C', 'source': 'https://m.titan007.com/analy/Analysis/3097747.htm'}, {'date': '2026-10-06', 'match': '沙特阿拉伯U20 vs 亚美尼亚U20', 'score': '0-0', 'selected_team': '沙特阿拉伯U20', 'settlement': '黑', 'water': 1, 'pnl_1u': -1.0, 'roi': -1.0, 'line': '1.25', 'action': 'V4纸面入选-C', 'source': 'https://m.titan007.com/analy/Analysis/3097372.htm'}, {'date': '2026-10-06', 'match': '韩国 vs 乌兹别克斯坦', 'score': '2-0', 'selected_team': '韩国', 'settlement': '红', 'water': 0.94, 'pnl_1u': 0.94, 'roi': 0.94, 'line': '0.75', 'action': 'V4纸面入选-C', 'source': 'https://m.titan007.com/analy/Analysis/3097375.htm'}, {'date': '2026-10-06', 'match': '中国 vs 塔吉克斯坦', 'score': '0-1', 'selected_team': '中国', 'settlement': '黑', 'water': 1, 'pnl_1u': -1.0, 'roi': -1.0, 'line': '0.75', 'action': 'V4纸面入选-C', 'source': 'https://m.titan007.com/analy/Analysis/3091499.htm'}, {'date': '2026-10-06', 'match': '葡萄牙U19 vs 奥地利U19', 'score': '4-0', 'selected_team': '葡萄牙U19', 'settlement': '红', 'water': 0.87, 'pnl_1u': 0.87, 'roi': 0.87, 'line': '0.5', 'action': 'V4纸面入选-C', 'source': 'https://m.titan007.com/analy/Analysis/3097381.htm'}, {'date': '2026-10-06', 'match': '印度(中) vs 乌拉圭', 'score': '1-6', 'selected_team': '印度(中)', 'settlement': '黑', 'water': 0.91, 'pnl_1u': -1.0, 'roi': -1.0, 'line': '-3.5', 'action': 'V4纸面入选-C', 'source': 'https://m.titan007.com/analy/Analysis/3097388.htm'}, {'date': '2026-10-06', 'match': '俄罗斯 vs 尼日利亚', 'score': '3-3', 'selected_team': '俄罗斯', 'settlement': '黑', 'water': 0.91, 'pnl_1u': -1.0, 'roi': -1.0, 'line': '1', 'action': 'V4纸面入选-C', 'source': 'https://m.titan007.com/analy/Analysis/3097390.htm'}, {'date': '2026-10-06', 'match': '约旦 vs 委内瑞拉', 'score': '0-0', 'selected_team': '', 'settlement': '走', 'water': 0.89, 'pnl_1u': 0.0, 'roi': 0.0, 'line': '', 'action': 'V4纸面入选-C', 'source': 'https://m.titan007.com/analy/Analysis/3097384.htm'}, {'date': '2026-10-06', 'match': '阿尔及利亚 vs 尼日尔', 'score': '2-1', 'selected_team': '阿尔及利亚', 'settlement': '黑', 'water': 0.87, 'pnl_1u': -1.0, 'roi': -1.0, 'line': '1.75', 'action': 'V4纸面入选-C', 'source': 'https://m.titan007.com/analy/Analysis/3097385.htm'}, {'date': '2026-10-06', 'match': '阿根廷(中) vs 贝宁', 'score': '0-0', 'selected_team': '贝宁', 'settlement': '红', 'water': 0.87, 'pnl_1u': 0.87, 'roi': 0.87, 'line': '4.5', 'action': 'V4纸面入选-C', 'source': 'https://m.titan007.com/analy/Analysis/3097387.htm'}, {'date': '2026-10-06', 'match': '哥伦比亚(中) vs 秘鲁', 'score': '0-0', 'selected_team': '哥伦比亚(中)', 'settlement': '黑', 'water': 0.9, 'pnl_1u': -1.0, 'roi': -1.0, 'line': '1.25', 'action': 'V4纸面入选-C', 'source': 'https://m.titan007.com/analy/Analysis/3097386.htm'}, {'date': '2026-10-06', 'match': '美国(中) vs 加拿大', 'score': '1-0', 'selected_team': '美国(中)', 'settlement': '红', 'water': 0.8, 'pnl_1u': 0.8, 'roi': 0.8, 'line': '0.5', 'action': 'V4纸面入选-C', 'source': 'https://m.titan007.com/analy/Analysis/3097883.htm'}, {'date': '2026-10-07', 'match': '墨西哥(中) vs 智利', 'score': '0-2', 'selected_team': '墨西哥(中)', 'settlement': '黑', 'water': 1, 'pnl_1u': -1.0, 'roi': -1.0, 'line': '1', 'action': 'V4纸面入选-C', 'source': 'https://m.titan007.com/analy/Analysis/3097882.htm'}]"
V4,2026-10-09,3098025,巴青杯,时间待核,帕尔梅拉斯青年队 vs 山度士青年队,,,0,0,0,0,0,0,,,,0,,,list_date < 2026-10-09,[]
V4,2026-10-09,2942660,美冠联,时间待核,列克星敦 vs 塔尔萨FC,列克星敦,giving,14,3,3,2,0,6,0.42857143,-1.85,-0.13214286,14,严重：历史有效胜率<45%,严重：历史有效胜率<45%,list_date < 2026-10-09,"[{'date': '2026-09-16', 'match': '哈特福德竞技 vs 运动Jax', 'score': '2-0', 'selected_team': '哈特福德竞技', 'settlement': '红', 'water': 0.99, 'pnl_1u': 0.99, 'roi': 0.99, 'line': '1.25', 'action': 'V4纸面入选-C', 'source': 'https://beyondthe90.substack.com/p/hartford-athletic-in-cruise-control'}, {'date': '2026-09-19', 'match': '列克星敦 vs 奥兰治县布鲁斯', 'score': '6-0', 'selected_team': '奥兰治县布鲁斯', 'settlement': '黑', 'water': 0.88, 'pnl_1u': -1.0, 'roi': -1.0, 'line': '1', 'action': 'V4纸面入选-C', 'source': 'https://www.oursportscentral.com/services/releases/lexington-sporting-club-blanked-6-0-by-orange-county-sc/n-6414915'}, {'date': '2026-09-23', 'match': '伯明翰军团 vs 布鲁克林', 'score': '4-0', 'selected_team': '布鲁克林', 'settlement': '黑', 'water': 1.08, 'pnl_1u': -1.0, 'roi': -1.0, 'line': '0.75', 'action': 'V4最新页面A/B/C候选', 'source': 'https://simondongxiao.github.io/odds/v4/'}, {'date': '2026-09-26', 'match': '查尔斯顿电池 vs 罗德岛', 'score': '2-0', 'selected_team': '罗德岛', 'settlement': '黑', 'water': 1.04, 'pnl_1u': -1.0, 'roi': -1.0, 'line': '0.25', 'action': 'V4最新页面A/B/C候选', 'source': 'https://www.charlestonbattery.com/news/2026/09/26/ycazas-brace-lifts-battery-past-rhode-island-in-2-0-victory/'}, {'date': '2026-09-26', 'match': '圣安东尼奥 vs 坦帕湾', 'score': '0-0', 'selected_team': '圣安东尼奥', 'settlement': '半红', 'water': 1.02, 'pnl_1u': 0.51, 'roi': 0.51, 'line': '-0.25', 'action': 'V4最新页面A/B/C候选', 'source': 'https://simondongxiao.github.io/odds/v4/'}, {'date': '2026-09-30', 'match': '布鲁克林 vs 底特律城', 'score': '1-2', 'selected_team': '', 'settlement': '黑', 'water': 0.91, 'pnl_1u': -1.0, 'roi': -1.0, 'line': '', 'action': 'V4纸面入选-C', 'source': 'https://m.titan007.com/analy/Analysis/2942643.htm'}, {'date': '2026-09-30', 'match': '迈阿密FC vs 运动Jax', 'score': '2-1', 'selected_team': '', 'settlement': '红', 'water': 0.8, 'pnl_1u': 0.8, 'roi': 0.8, 'line': '', 'action': 'V4纸面入选-C', 'source': 'https://m.titan007.com/analy/Analysis/2942645.htm'}, {'date': '2026-09-30', 'match': '萨克拉门托 vs 拉斯维加斯之光', 'score': '3-2', 'selected_team': '萨克拉门托', 'settlement': '半红', 'water': 0.85, 'pnl_1u': 0.425, 'roi': 0.425, 'line': '0.75', 'action': 'V4纸面入选-C', 'source': 'https://m.titan007.com/analy/Analysis/2942647.htm'}, {'date': '2026-10-03', 'match': '劳顿联 vs 印地十一', 'score': '1-1', 'selected_team': '', 'settlement': '走', 'water': 0.85, 'pnl_1u': 0.0, 'roi': 0.0, 'line': '', 'action': 'V4纸面入选-C', 'source': 'https://m.titan007.com/analy/Analysis/2942655.htm'}, {'date': '2026-10-03', 'match': '布鲁克林 vs 罗德岛', 'score': '0-3', 'selected_team': '', 'settlement': '黑', 'water': 0.92, 'pnl_1u': -1.0, 'roi': -1.0, 'line': '', 'action': 'V4纸面入选-C', 'source': 'https://m.titan007.com/analy/Analysis/2942648.htm'}, {'date': '2026-10-03', 'match': '底特律城 vs 伯明翰军团', 'score': '1-0', 'selected_team': '底特律城', 'settlement': '半红', 'water': 0.81, 'pnl_1u': 0.405, 'roi': 0.405, 'line': '0.75', 'action': 'V4纸面入选-B', 'source': 'https://m.titan007.com/analy/Analysis/2942650.htm'}, {'date': '2026-10-03', 'match': '坦帕湾 vs 迈阿密FC', 'score': '0-1', 'selected_team': '坦帕湾', 'settlement': '黑', 'water': 0.94, 'pnl_1u': -1.0, 'roi': -1.0, 'line': '1.5', 'action': 'V4纸面入选-B', 'source': 'https://m.titan007.com/analy/Analysis/2942659.htm'}, {'date': '2026-10-03', 'match': '科罗拉多跃泉 vs 奥克兰根', 'score': '0-0', 'selected_team': '', 'settlement': '走', 'water': 1.02, 'pnl_1u': 0.0, 'roi': 0.0, 'line': '', 'action': 'V4纸面入选-C', 'source': 'https://m.titan007.com/analy/Analysis/2942649.htm'}, {'date': '2026-10-04', 'match': '新墨西哥联 vs 凤凰重生', 'score': '2-1', 'selected_team': '新墨西哥联', 'settlement': '红', 'water': 1.02, 'pnl_1u': 1.02, 'roi': 1.02, 'line': '0.25', 'action': 'V4纸面入选-B', 'source': 'https://m.titan007.com/analy/Analysis/2942656.htm'}]"
V4,2026-10-09,3098101,国际友谊,时间待核,波多黎各U16 vs 巴拿马U16,,,53,24,2,5,2,20,0.54347826,2.355,0.04443396,53,,,list_date < 2026-10-09,"[{'date': '2026-09-21', 'match': '多米尼克 vs 安圭拉', 'score': '1-0', 'selected_team': '多米尼克', 'settlement': '红', 'water': 0.93, 'pnl_1u': 0.93, 'roi': 0.93, 'line': '-2', 'action': 'V4最新页面A/B/C候选', 'source': 'https://www.titan007.com/'}, {'date': '2026-09-23', 'match': '秘鲁U19 vs 阿根廷U19', 'score': '0-1', 'selected_team': '秘鲁U19', 'settlement': '走', 'water': 0.96, 'pnl_1u': 0.0, 'roi': 0.0, 'line': '-1', 'action': 'V4最新页面A/B/C候选', 'source': 'https://simondongxiao.github.io/odds/v4/'}, {'date': '2026-09-24', 'match': '韩国 vs 厄瓜多尔', 'score': '3-0', 'selected_team': '韩国', 'settlement': '红', 'water': 1.05, 'pnl_1u': 1.05, 'roi': 1.05, 'line': '0.25', 'action': 'V4最新页面A/B/C候选', 'source': 'https://simondongxiao.github.io/odds/v4/'}, {'date': '2026-09-25', 'match': '澳大利亚 vs 巴西', 'score': '1-1', 'selected_team': '巴西', 'settlement': '黑', 'water': 0.81, 'pnl_1u': -1.0, 'roi': -1.0, 'line': '-1.5', 'action': 'V4最新页面A/B/C候选', 'source': 'https://simondongxiao.github.io/odds/v4/'}, {'date': '2026-09-26', 'match': '美国 vs 秘鲁', 'score': '4-1', 'selected_team': '秘鲁', 'settlement': '黑', 'water': 0.93, 'pnl_1u': -1.0, 'roi': -1.0, 'line': '1', 'action': 'V4最新页面A/B/C候选', 'source': 'https://simondongxiao.github.io/odds/v4/'}, {'date': '2026-09-27', 'match': '中国 vs 新西兰', 'score': '0-3', 'selected_team': '新西兰', 'settlement': '红', 'water': 1.03, 'pnl_1u': 1.03, 'roi': 1.03, 'line': '-0.25', 'action': 'V4最新页面A/B/C候选', 'source': 'https://simondongxiao.github.io/odds/v4/'}, {'date': '2026-09-27', 'match': '德国U19(中) vs 乌克兰U19', 'score': '0-0', 'selected_team': '乌克兰U19', 'settlement': '红', 'water': 0.95, 'pnl_1u': 0.95, 'roi': 0.95, 'line': '1', 'action': 'V4最新页面A/B/C候选', 'source': 'https://simondongxiao.github.io/odds/v4/'}, {'date': '2026-09-27', 'match': '约旦 vs 叙利亚', 'score': '1-1', 'selected_team': '叙利亚', 'settlement': '红', 'water': 0.94, 'pnl_1u': 0.94, 'roi': 0.94, 'line': '1', 'action': 'V4最新页面A/B/C候选', 'source': 'https://simondongxiao.github.io/odds/v4/'}, {'date': '2026-09-27', 'match': '玻利维亚(中) vs 巴拉圭', 'score': '0-2', 'selected_team': '巴拉圭', 'settlement': '红', 'water': 0.98, 'pnl_1u': 0.98, 'roi': 0.98, 'line': '-1.25', 'action': 'V4最新页面A/B/C候选', 'source': 'https://simondongxiao.github.io/odds/v4/'}, {'date': '2026-09-28', 'match': '哈萨克斯坦U19 vs 瑞士U19', 'score': '1-2', 'selected_team': '哈萨克斯坦U19', 'settlement': '半黑', 'water': 1.07, 'pnl_1u': -0.5, 'roi': -0.5, 'line': '-0.75', 'action': 'V4ff7d4e5版本A/B/C候选', 'source': 'https://simondongxiao.github.io/odds/v4/?v=ff7d4e5'}, {'date': '2026-09-28', 'match': '日本 vs 委内瑞拉', 'score': '2-1', 'selected_team': '日本', 'settlement': '黑', 'water': 0.98, 'pnl_1u': -1.0, 'roi': -1.0, 'line': '1.75', 'action': 'V4ff7d4e5版本A/B/C候选', 'source': 'https://simondongxiao.github.io/odds/v4/?v=ff7d4e5'}, {'date': '2026-09-28', 'match': '吉尔吉斯斯坦 vs 马尔代夫', 'score': '5-0', 'selected_team': '吉尔吉斯斯坦', 'settlement': '红', 'water': 0.97, 'pnl_1u': 0.97, 'roi': 0.97, 'line': '3', 'action': 'V4ff7d4e5版本A/B/C候选', 'source': 'https://simondongxiao.github.io/odds/v4/?v=ff7d4e5'}, {'date': '2026-09-29', 'match': '斐济女足 vs 新喀里多尼亚女足', 'score': '1-0', 'selected_team': '新喀里多尼亚女足', 'settlement': '半红', 'water': 1.19, 'pnl_1u': 0.595, 'roi': 0.595, 'line': '1.25', 'action': 'V4纸面入选-C', 'source': 'https://m.titan007.com/analy/Analysis/3094943.htm'}, {'date': '2026-09-29', 'match': '美国U19(中) vs 威尔士U19', 'score': '2-0', 'selected_team': '美国U19(中)', 'settlement': '红', 'water': 0.78, 'pnl_1u': 0.78, 'roi': 0.78, 'line': '1.5', 'action': 'V4纸面入选-C', 'source': 'https://m.titan007.com/analy/Analysis/3094944.htm'}, {'date': '2026-09-29', 'match': '墨西哥(中) vs 秘鲁', 'score': '1-1', 'selected_team': '秘鲁', 'settlement': '红', 'water': 1.02, 'pnl_1u': 1.02, 'roi': 1.02, 'line': '1', 'action': 'V4纸面入选-C', 'source': 'https://m.titan007.com/analy/Analysis/3094999.htm'}, {'date': '2026-09-30', 'match': '芬兰U19 vs 德国U19', 'score': '1-2', 'selected_team': '', 'settlement': '黑', 'water': 0.82, 'pnl_1u': -1.0, 'roi': -1.0, 'line': '', 'action': 'V4纸面入选-C', 'source': 'https://m.titan007.com/analy/Analysis/3095002.htm'}, {'date': '2026-09-30', 'match': '塞舌尔 vs 斯里兰卡', 'score': '0-2', 'selected_team': '', 'settlement': '黑', 'water': 0.82, 'pnl_1u': -1.0, 'roi': -1.0, 'line': '', 'action': 'V4纸面入选-C', 'source': 'https://m.titan007.com/analy/Analysis/3096174.htm'}, {'date': '2026-09-30', 'match': '立陶宛 vs 安道尔', 'score': '3-0', 'selected_team': '立陶宛', 'settlement': '红', 'water': 0.82, 'pnl_1u': 0.82, 'roi': 0.82, 'line': '0.75', 'action': 'V4纸面入选-C', 'source': 'https://m.titan007.com/analy/Analysis/3096176.htm'}, {'date': '2026-09-30', 'match': '阿根廷 vs 玻利维亚', 'score': '4-0', 'selected_team': '', 'settlement': '红', 'water': 1.04, 'pnl_1u': 1.04, 'roi': 1.04, 'line': '', 'action': 'V4纸面入选-C', 'source': 'https://m.titan007.com/analy/Analysis/3095418.htm'}, {'date': '2026-10-01', 'match': '波兰U19 vs 哈萨克斯坦U19', 'score': '3-0', 'selected_team': '', 'settlement': '红', 'water': 0.92, 'pnl_1u': 0.92, 'roi': 0.92, 'line': '', 'action': 'V4纸面入选-C', 'source': 'https://m.titan007.com/analy/Analysis/3095233.htm'}, {'date': '2026-10-01', 'match': '法国U19 vs 土耳其U19', 'score': '2-1', 'selected_team': '', 'settlement': '红', 'water': 0.84, 'pnl_1u': 0.84, 'roi': 0.84, 'line': '', 'action': 'V4纸面入选-C', 'source': 'https://m.titan007.com/analy/Analysis/3095234.htm'}, {'date': '2026-10-01', 'match': '乌兹别克斯坦 vs 叙利亚', 'score': '4-1', 'selected_team': '乌兹别克斯坦', 'settlement': '红', 'water': 0.95, 'pnl_1u': 0.95, 'roi': 0.95, 'line': '1.5', 'action': 'V4纸面入选-C', 'source': 'https://m.titan007.com/analy/Analysis/3095240.htm'}, {'date': '2026-10-01', 'match': '卡塔尔U19 vs 爱尔兰U19', 'score': '1-1', 'selected_team': '', 'settlement': '走', 'water': 0.67, 'pnl_1u': 0.0, 'roi': 0.0, 'line': '', 'action': 'V4纸面入选-C', 'source': 'https://m.titan007.com/analy/Analysis/3095241.htm'}, {'date': '2026-10-01', 'match': '美国U20 vs 巴西U20', 'score': '0-2', 'selected_team': '巴西U20', 'settlement': '黑', 'water': 0.84, 'pnl_1u': -1.0, 'roi': -1.0, 'line': '-0.5', 'action': 'V4纸面入选-C', 'source': 'https://m.titan007.com/analy/Analysis/3095245.htm'}, {'date': '2026-10-02', 'match': '韩国 vs 委内瑞拉', 'score': '0-0', 'selected_team': '', 'settlement': '走', 'water': 0.93, 'pnl_1u': 0.0, 'roi': 0.0, 'line': '', 'action': 'V4纸面入选-C', 'source': 'https://m.titan007.com/analy/Analysis/3095568.htm'}, {'date': '2026-10-02', 'match': '哥伦比亚(中) vs 巴拉圭', 'score': '0-1', 'selected_team': '', 'settlement': '黑', 'water': 0.9, 'pnl_1u': -1.0, 'roi': -1.0, 'line': '', 'action': 'V4纸面入选-C', 'source': 'https://m.titan007.com/analy/Analysis/3095650.htm'}, {'date': '2026-10-03', 'match': '印度 vs 巴西', 'score': '0-4', 'selected_team': '印度', 'settlement': '半黑', 'water': 1.06, 'pnl_1u': -0.5, 'roi': -0.5, 'line': '-3.75', 'action': 'V4纸面入选-C', 'source': 'https://m.titan007.com/analy/Analysis/3096945.htm'}, {'date': '2026-10-03', 'match': '俄罗斯 vs 纳米比亚', 'score': '6-0', 'selected_team': '俄罗斯', 'settlement': '红', 'water': 0.85, 'pnl_1u': 0.85, 'roi': 0.85, 'line': '2.25', 'action': 'V4纸面入选-C', 'source': 'https://m.titan007.com/analy/Analysis/3096957.htm'}, {'date': '2026-10-03', 'match': '加拿大 vs 秘鲁', 'score': '2-0', 'selected_team': '加拿大', 'settlement': '红', 'water': 1.04, 'pnl_1u': 1.04, 'roi': 1.04, 'line': '1', 'action': 'V4纸面入选-C', 'source': 'https://m.titan007.com/analy/Analysis/3096091.htm'}, {'date': '2026-10-03', 'match': '科特迪瓦 vs 喀麦隆', 'score': '0-1', 'selected_team': '科特迪瓦', 'settlement': '黑', 'water': 1.02, 'pnl_1u': -1.0, 'roi': -1.0, 'line': '0.75', 'action': 'V4纸面入选-C', 'source': 'https://m.titan007.com/analy/Analysis/3096089.htm'}, {'date': '2026-10-04', 'match': '巴西U20 vs 墨西哥U20', 'score': '4-0', 'selected_team': '巴西U20', 'settlement': '红', 'water': 0.98, 'pnl_1u': 0.98, 'roi': 0.98, 'line': '0.5', 'action': 'V4纸面入选-C', 'source': 'https://m.titan007.com/analy/Analysis/3096443.htm'}, {'date': '2026-10-04', 'match': '丹麦U20 vs 美国U20', 'score': '3-3', 'selected_team': '丹麦U20', 'settlement': '半红', 'water': 0.9, 'pnl_1u': 0.45, 'roi': 0.45, 'line': '-0.25', 'action': 'V4纸面入选-C', 'source': 'https://m.titan007.com/analy/Analysis/3096449.htm'}, {'date': '2026-10-04', 'match': '埃及 vs 南非', 'score': '0-1', 'selected_team': '埃及', 'settlement': '黑', 'water': 0.79, 'pnl_1u': -1.0, 'roi': -1.0, 'line': '0.5', 'action': 'V4纸面入选-C', 'source': 'https://m.titan007.com/analy/Analysis/3097227.htm'}, {'date': '2026-10-04', 'match': '摩洛哥 vs 马里', 'score': '1-1', 'selected_team': '摩洛哥', 'settlement': '黑', 'water': 0.9, 'pnl_1u': -1.0, 'roi': -1.0, 'line': '1.25', 'action': 'V4纸面入选-C', 'source': 'https://m.titan007.com/analy/Analysis/3097230.htm'}, {'date': '2026-10-05', 'match': '巴拿马 vs 厄瓜多尔', 'score': '1-1', 'selected_team': '巴拿马', 'settlement': '红', 'water': 0.99, 'pnl_1u': 0.99, 'roi': 0.99, 'line': '-0.75', 'action': 'V4纸面入选-C', 'source': 'https://m.titan007.com/analy/Analysis/3097300.htm'}, {'date': '2026-10-05', 'match': '日本 vs 新西兰', 'score': '2-1', 'selected_team': '日本', 'settlement': '黑', 'water': 1, 'pnl_1u': -1.0, 'roi': -1.0, 'line': '2', 'action': 'V4纸面入选-C', 'source': 'https://m.titan007.com/analy/Analysis/3097301.htm'}, {'date': '2026-10-05', 'match': '英格兰U19 vs 比利时U19', 'score': '0-1', 'selected_team': '英格兰U19', 'settlement': '黑', 'water': 0.85, 'pnl_1u': -1.0, 'roi': -1.0, 'line': '1.25', 'action': 'V4纸面入选-C', 'source': 'https://m.titan007.com/analy/Analysis/3097293.htm'}, {'date': '2026-10-05', 'match': '乌干达 vs 刚果民主共和国', 'score': '1-1', 'selected_team': '乌干达', 'settlement': '红', 'water': 0.95, 'pnl_1u': 0.95, 'roi': 0.95, 'line': '-0.5', 'action': 'V4纸面入选-C', 'source': 'https://m.titan007.com/analy/Analysis/3097741.htm'}, {'date': '2026-10-05', 'match': '黑山U19 vs 以色列U19', 'score': '0-1', 'selected_team': '黑山U19', 'settlement': '黑', 'water': 0.78, 'pnl_1u': -1.0, 'roi': -1.0, 'line': '-0.5', 'action': 'V4纸面入选-C', 'source': 'https://m.titan007.com/analy/Analysis/3097742.htm'}, {'date': '2026-10-05', 'match': '格鲁吉亚U19 vs 拉脱维亚U19', 'score': '1-1', 'selected_team': '', 'settlement': '走', 'water': 0.75, 'pnl_1u': 0.0, 'roi': 0.0, 'line': '', 'action': 'V4纸面入选-C', 'source': 'https://m.titan007.com/analy/Analysis/3097745.htm'}, {'date': '2026-10-05', 'match': '塞尔维亚U21 vs 俄罗斯U21', 'score': '2-1', 'selected_team': '塞尔维亚U21', 'settlement': '红', 'water': 0.8, 'pnl_1u': 0.8, 'roi': 0.8, 'line': '-0.25', 'action': 'V4纸面入选-C', 'source': 'https://m.titan007.com/analy/Analysis/3097747.htm'}, {'date': '2026-10-06', 'match': '沙特阿拉伯U20 vs 亚美尼亚U20', 'score': '0-0', 'selected_team': '沙特阿拉伯U20', 'settlement': '黑', 'water': 1, 'pnl_1u': -1.0, 'roi': -1.0, 'line': '1.25', 'action': 'V4纸面入选-C', 'source': 'https://m.titan007.com/analy/Analysis/3097372.htm'}, {'date': '2026-10-06', 'match': '韩国 vs 乌兹别克斯坦', 'score': '2-0', 'selected_team': '韩国', 'settlement': '红', 'water': 0.94, 'pnl_1u': 0.94, 'roi': 0.94, 'line': '0.75', 'action': 'V4纸面入选-C', 'source': 'https://m.titan007.com/analy/Analysis/3097375.htm'}, {'date': '2026-10-06', 'match': '中国 vs 塔吉克斯坦', 'score': '0-1', 'selected_team': '中国', 'settlement': '黑', 'water': 1, 'pnl_1u': -1.0, 'roi': -1.0, 'line': '0.75', 'action': 'V4纸面入选-C', 'source': 'https://m.titan007.com/analy/Analysis/3091499.htm'}, {'date': '2026-10-06', 'match': '葡萄牙U19 vs 奥地利U19', 'score': '4-0', 'selected_team': '葡萄牙U19', 'settlement': '红', 'water': 0.87, 'pnl_1u': 0.87, 'roi': 0.87, 'line': '0.5', 'action': 'V4纸面入选-C', 'source': 'https://m.titan007.com/analy/Analysis/3097381.htm'}, {'date': '2026-10-06', 'match': '印度(中) vs 乌拉圭', 'score': '1-6', 'selected_team': '印度(中)', 'settlement': '黑', 'water': 0.91, 'pnl_1u': -1.0, 'roi': -1.0, 'line': '-3.5', 'action': 'V4纸面入选-C', 'source': 'https://m.titan007.com/analy/Analysis/3097388.htm'}, {'date': '2026-10-06', 'match': '俄罗斯 vs 尼日利亚', 'score': '3-3', 'selected_team': '俄罗斯', 'settlement': '黑', 'water': 0.91, 'pnl_1u': -1.0, 'roi': -1.0, 'line': '1', 'action': 'V4纸面入选-C', 'source': 'https://m.titan007.com/analy/Analysis/3097390.htm'}, {'date': '2026-10-06', 'match': '约旦 vs 委内瑞拉', 'score': '0-0', 'selected_team': '', 'settlement': '走', 'water': 0.89, 'pnl_1u': 0.0, 'roi': 0.0, 'line': '', 'action': 'V4纸面入选-C', 'source': 'https://m.titan007.com/analy/Analysis/3097384.htm'}, {'date': '2026-10-06', 'match': '阿尔及利亚 vs 尼日尔', 'score': '2-1', 'selected_team': '阿尔及利亚', 'settlement': '黑', 'water': 0.87, 'pnl_1u': -1.0, 'roi': -1.0, 'line': '1.75', 'action': 'V4纸面入选-C', 'source': 'https://m.titan007.com/analy/Analysis/3097385.htm'}, {'date': '2026-10-06', 'match': '阿根廷(中) vs 贝宁', 'score': '0-0', 'selected_team': '贝宁', 'settlement': '红', 'water': 0.87, 'pnl_1u': 0.87, 'roi': 0.87, 'line': '4.5', 'action': 'V4纸面入选-C', 'source': 'https://m.titan007.com/analy/Analysis/3097387.htm'}, {'date': '2026-10-06', 'match': '哥伦比亚(中) vs 秘鲁', 'score': '0-0', 'selected_team': '哥伦比亚(中)', 'settlement': '黑', 'water': 0.9, 'pnl_1u': -1.0, 'roi': -1.0, 'line': '1.25', 'action': 'V4纸面入选-C', 'source': 'https://m.titan007.com/analy/Analysis/3097386.htm'}, {'date': '2026-10-06', 'match': '美国(中) vs 加拿大', 'score': '1-0', 'selected_team': '美国(中)', 'settlement': '红', 'water': 0.8, 'pnl_1u': 0.8, 'roi': 0.8, 'line': '0.5', 'action': 'V4纸面入选-C', 'source': 'https://m.titan007.com/analy/Analysis/3097883.htm'}, {'date': '2026-10-07', 'match': '墨西哥(中) vs 智利', 'score': '0-2', 'selected_team': '墨西哥(中)', 'settlement': '黑', 'water': 1, 'pnl_1u': -1.0, 'roi': -1.0, 'line': '1', 'action': 'V4纸面入选-C', 'source': 'https://m.titan007.com/analy/Analysis/3097882.htm'}]"
V4,2026-10-09,3041937,萨尔超春,时间待核,印加阿鲁巴 vs 萨卡特科卢卡,,,8,4,0,1,0,3,0.57142857,0.35,0.04375,8,,,list_date < 2026-10-09,"[{'date': '2026-09-20', 'match': '萨卡特科卢卡 vs 亚古雷', 'score': '0-1', 'selected_team': '萨卡特科卢卡', 'settlement': '黑', 'water': 1.02, 'pnl_1u': -1.0, 'roi': -1.0, 'line': '-0.25', 'action': 'V4纸面入选-C', 'source': 'https://zq.titan007.com/analysis/3041917cn.htm'}, {'date': '2026-09-30', 'match': 'FC阿里安沙 vs 萨卡特科卢卡', 'score': '2-1', 'selected_team': '', 'settlement': '红', 'water': 0.78, 'pnl_1u': 0.78, 'roi': 0.78, 'line': '', 'action': 'V4纸面入选-C', 'source': 'https://m.titan007.com/analy/Analysis/3041927.htm'}, {'date': '2026-09-30', 'match': 'CD法斯 vs 梅塔帕', 'score': '0-0', 'selected_team': '', 'settlement': '走', 'water': 0.69, 'pnl_1u': 0.0, 'roi': 0.0, 'line': '', 'action': 'V4纸面入选-C', 'source': 'https://m.titan007.com/analy/Analysis/3041928.htm'}, {'date': '2026-10-01', 'match': '旧金山富尔特 vs 路斯天使', 'score': '0-3', 'selected_team': '路斯天使', 'settlement': '黑', 'water': 1.05, 'pnl_1u': -1.0, 'roi': -1.0, 'line': '-1', 'action': 'V4纸面入选-B', 'source': 'https://m.titan007.com/analy/Analysis/3041929.htm'}, {'date': '2026-10-01', 'match': '印加阿鲁巴 vs 利梅诺', 'score': '2-1', 'selected_team': '利梅诺', 'settlement': '红', 'water': 0.88, 'pnl_1u': 0.88, 'roi': 0.88, 'line': '-0.5', 'action': 'V4纸面入选-B', 'source': 'https://m.titan007.com/analy/Analysis/3041930.htm'}, {'date': '2026-10-03', 'match': '梅塔帕 vs 巴博亚竞技', 'score': '3-0', 'selected_team': '梅塔帕', 'settlement': '红', 'water': 0.96, 'pnl_1u': 0.96, 'roi': 0.96, 'line': '1', 'action': 'V4纸面入选-B', 'source': 'https://m.titan007.com/analy/Analysis/3041932.htm'}, {'date': '2026-10-04', 'match': '萨卡特科卢卡 vs 利梅诺', 'score': '2-1', 'selected_team': '萨卡特科卢卡', 'settlement': '红', 'water': 0.73, 'pnl_1u': 0.73, 'roi': 0.73, 'line': '-0.25', 'action': 'V4纸面入选-B', 'source': 'https://m.titan007.com/analy/Analysis/3041934.htm'}, {'date': '2026-10-04', 'match': 'CD法斯 vs 印加阿鲁巴', 'score': '1-1', 'selected_team': 'CD法斯', 'settlement': '黑', 'water': 0.9, 'pnl_1u': -1.0, 'roi': -1.0, 'line': '1.5', 'action': 'V4纸面入选-B', 'source': 'https://m.titan007.com/analy/Analysis/3041936.htm'}]"
V4,2026-10-09,3100408,球会友谊,时间待核,中央海岸水手 vs 莱卡特老虎,,,3,1,0,0,0,2,0.33333333,-1.09,-0.36333333,3,,,list_date < 2026-10-09,"[{'date': '2026-09-30', 'match': '阿格斯 vs 切塔泰迪瓦', 'score': '2-1', 'selected_team': '阿格斯', 'settlement': '黑', 'water': 0.82, 'pnl_1u': -1.0, 'roi': -1.0, 'line': '2.25', 'action': 'V4纸面入选-C', 'source': 'https://m.titan007.com/analy/Analysis/3095434.htm'}, {'date': '2026-10-03', 'match': '珀斯光荣(中) vs 阿德莱德联', 'score': '1-3', 'selected_team': '珀斯光荣(中)', 'settlement': '黑', 'water': 0.95, 'pnl_1u': -1.0, 'roi': -1.0, 'line': '0.25', 'action': 'V4纸面入选-C', 'source': 'https://m.titan007.com/analy/Analysis/3096093.htm'}, {'date': '2026-10-06', 'match': '塔拉维亚 vs 阿尔巴塞特', 'score': '1-0', 'selected_team': '塔拉维亚', 'settlement': '红', 'water': 0.91, 'pnl_1u': 0.91, 'roi': 0.91, 'line': '-1.5', 'action': 'V4纸面入选-C', 'source': 'https://m.titan007.com/analy/Analysis/3099875.htm'}]"
V4,2026-10-09,3100360,哥斯女甲,时间待核,波科西女足 vs 卡里略女足,,,0,0,0,0,0,0,,,,0,,,list_date < 2026-10-09,[]
V4,2026-10-09,2962682,阿甲,时间待核,圣塔菲联 vs 防卫者,圣塔菲联,giving,19,8,1,1,1,8,0.5,-0.175,-0.00921053,19,,,list_date < 2026-10-09,"[{'date': '2026-09-13', 'match': '萨尔米安杜 vs 贝尔格拉诺', 'score': '1-1', 'selected_team': '贝尔格拉诺', 'settlement': '半黑', 'water': 1.04, 'pnl_1u': -0.5, 'roi': -0.5, 'line': '-0.25', 'action': 'V4纸面入选-C', 'source': 'https://m.titan007.com/analy/Analysis/2962635.htm'}, {'date': '2026-09-13', 'match': '阿根廷独立 vs 圣洛伦索', 'score': '1-1', 'selected_team': '阿根廷独立', 'settlement': '黑', 'water': 1.06, 'pnl_1u': -1.0, 'roi': -1.0, 'line': '0.5', 'action': 'V4纸面入选-C', 'source': 'https://m.titan007.com/analy/Analysis/2962631.htm'}, {'date': '2026-09-19', 'match': '河床 vs 飓风队', 'score': '1-2', 'selected_team': '飓风队', 'settlement': '红', 'water': 0.93, 'pnl_1u': 0.93, 'roi': 0.93, 'line': '1', 'action': 'V4纸面入选-C', 'source': 'https://zq.titan007.com/analysis/2962648cn.htm'}, {'date': '2026-09-20', 'match': '圣洛伦索 vs 博卡青年', 'score': '0-2', 'selected_team': '博卡青年', 'settlement': '红', 'water': 1.04, 'pnl_1u': 1.04, 'roi': 1.04, 'line': '-0.5', 'action': 'V4纸面入选-C', 'source': 'https://zq.titan007.com/analysis/2962650cn.htm'}, {'date': '2026-09-20', 'match': '罗萨里奥中央 vs 阿根廷青年人', 'score': '1-0', 'selected_team': '罗萨里奥中央', 'settlement': '红', 'water': 1.03, 'pnl_1u': 1.03, 'roi': 1.03, 'line': '0.5', 'action': 'V4纸面入选-C', 'source': 'https://zq.titan007.com/analysis/2962649cn.htm'}, {'date': '2026-09-20', 'match': '贝尔格拉诺 vs 里奥夸尔托学生队', 'score': '2-1', 'selected_team': '里奥夸尔托学生队', 'settlement': '走', 'water': 1.14, 'pnl_1u': 0.0, 'roi': 0.0, 'line': '1', 'action': 'V4纸面入选-B', 'source': 'https://zq.titan007.com/analysis/2962640cn.htm'}, {'date': '2026-09-21', 'match': '拉努斯 vs 拉普拉塔大学生', 'score': '1-0', 'selected_team': '拉普拉塔大学生', 'settlement': '黑', 'water': 1.05, 'pnl_1u': -1.0, 'roi': -1.0, 'line': '0.25', 'action': 'V4最新页面A/B/C候选', 'source': 'https://www.365scores.com/football/match/liga-profesional-72/estudiantes-de-la-plata-lanus-867-869-72'}, {'date': '2026-10-02', 'match': '阿根廷独立 vs 科尔多瓦学院', 'score': '1-4', 'selected_team': '阿根廷独立', 'settlement': '黑', 'water': 1.03, 'pnl_1u': -1.0, 'roi': -1.0, 'line': '0.25', 'action': 'V4纸面入选-C', 'source': 'https://m.titan007.com/analy/Analysis/2962662.htm'}, {'date': '2026-10-02', 'match': '博卡青年 vs 圣塔菲联', 'score': '3-0', 'selected_team': '博卡青年', 'settlement': '红', 'water': 1.07, 'pnl_1u': 1.07, 'roi': 1.07, 'line': '1', 'action': 'V4纸面入选-A', 'source': 'https://m.titan007.com/analy/Analysis/2962656.htm'}, {'date': '2026-10-02', 'match': '门多萨独立 vs 拉普拉塔体操', 'score': '1-1', 'selected_team': '门多萨独立', 'settlement': '黑', 'water': 0.86, 'pnl_1u': -1.0, 'roi': -1.0, 'line': '0.5', 'action': 'V4纸面入选-A', 'source': 'https://m.titan007.com/analy/Analysis/2962663.htm'}, {'date': '2026-10-03', 'match': '防卫者 vs 圣洛伦索', 'score': '3-0', 'selected_team': '', 'settlement': '红', 'water': 1.06, 'pnl_1u': 1.06, 'roi': 1.06, 'line': '', 'action': 'V4纸面入选-C', 'source': 'https://m.titan007.com/analy/Analysis/2962657.htm'}, {'date': '2026-10-03', 'match': '图库曼竞技 vs 巴拉卡斯中央队', 'score': '2-3', 'selected_team': '图库曼竞技', 'settlement': '黑', 'water': 0.95, 'pnl_1u': -1.0, 'roi': -1.0, 'line': '0.5', 'action': 'V4纸面入选-A', 'source': 'https://m.titan007.com/analy/Analysis/2962654.htm'}, {'date': '2026-10-04', 'match': '飓风队 vs 阿尔多斯维', 'score': '1-0', 'selected_team': '飓风队', 'settlement': '半红', 'water': 0.95, 'pnl_1u': 0.475, 'roi': 0.475, 'line': '0.75', 'action': 'V4纸面入选-A', 'source': 'https://m.titan007.com/analy/Analysis/2962661.htm'}, {'date': '2026-10-04', 'match': '阿根廷青年人 vs 泰格雷', 'score': '2-1', 'selected_team': '阿根廷青年人', 'settlement': '红', 'water': 0.82, 'pnl_1u': 0.82, 'roi': 0.82, 'line': '0.5', 'action': 'V4纸面入选-A', 'source': 'https://m.titan007.com/analy/Analysis/2962653.htm'}, {'date': '2026-10-04', 'match': '里奥夸尔托学生队 vs 竞技俱乐部', 'score': '1-2', 'selected_team': '里奥夸尔托学生队', 'settlement': '黑', 'water': 0.95, 'pnl_1u': -1.0, 'roi': -1.0, 'line': '-0.5', 'action': 'V4纸面入选-A', 'source': 'https://m.titan007.com/analy/Analysis/2962660.htm'}, {'date': '2026-10-05', 'match': '利斯特雷 vs 科尔多瓦中央SDE', 'score': '1-1', 'selected_team': '利斯特雷', 'settlement': '黑', 'water': 0.91, 'pnl_1u': -1.0, 'roi': -1.0, 'line': '0.5', 'action': 'V4纸面入选-A', 'source': 'https://m.titan007.com/analy/Analysis/2962658.htm'}, {'date': '2026-10-05', 'match': '拉普拉塔大学生 vs 甘拿斯亚门多萨', 'score': '3-0', 'selected_team': '拉普拉塔大学生', 'settlement': '红', 'water': 0.96, 'pnl_1u': 0.96, 'roi': 0.96, 'line': '0.75', 'action': 'V4纸面入选-A', 'source': 'https://m.titan007.com/analy/Analysis/2962659.htm'}, {'date': '2026-10-05', 'match': '萨斯菲尔德 vs 普拉腾斯', 'score': '2-2', 'selected_team': '萨斯菲尔德', 'settlement': '黑', 'water': 1, 'pnl_1u': -1.0, 'roi': -1.0, 'line': '0.5', 'action': 'V4纸面入选-A', 'source': 'https://m.titan007.com/analy/Analysis/2962667.htm'}, {'date': '2026-10-05', 'match': '班菲尔德 vs 罗萨里奥中央', 'score': '1-1', 'selected_team': '班菲尔德', 'settlement': '红', 'water': 0.94, 'pnl_1u': 0.94, 'roi': 0.94, 'line': '-0.5', 'action': 'V4纸面入选-A', 'source': 'https://m.titan007.com/analy/Analysis/2962655.htm'}]"
V4,2026-10-09,2997429,墨西联秋,时间待核,普埃布拉 vs 莱昂,,,3,1,0,1,0,1,0.5,0.07,0.02333333,3,,,list_date < 2026-10-09,"[{'date': '2026-09-20', 'match': '帕丘卡 vs 蒂华纳', 'score': '2-2', 'selected_team': '帕丘卡', 'settlement': '黑', 'water': 1.08, 'pnl_1u': -1.0, 'roi': -1.0, 'line': '0.75', 'action': 'V4纸面入选-C', 'source': 'https://www.tudn.com/futbol/liga-mx/pachuca-vs-club-tijuana-resumen-del-partido-video-1'}, {'date': '2026-09-27', 'match': '桑托斯拉古纳 vs 帕丘卡', 'score': '1-0', 'selected_team': '桑托斯拉古纳', 'settlement': '红', 'water': 1.07, 'pnl_1u': 1.07, 'roi': 1.07, 'line': '-0.25', 'action': 'V4最新页面A/B/C候选', 'source': 'https://simondongxiao.github.io/odds/v4/'}, {'date': '2026-09-27', 'match': '莱昂 vs 华雷斯', 'score': '2-1', 'selected_team': '华雷斯', 'settlement': '走', 'water': 0.91, 'pnl_1u': 0.0, 'roi': 0.0, 'line': '1', 'action': 'V4最新页面A/B/C候选', 'source': 'https://m.17500.cn/zq/data-team/course-25483-0-0'}]"
V4,2026-10-09,3024480,墨西甲春,时间待核,帕蒂特兰德莫雷洛斯 vs 莫雷利亚,帕蒂特兰德莫雷洛斯,receiving,7,1,1,1,1,3,0.3,-2.14,-0.30571429,7,,,list_date < 2026-10-09,"[{'date': '2026-09-15', 'match': '多拉多斯 vs 坎昆', 'score': '1-1', 'selected_team': '多拉多斯', 'settlement': '半黑', 'water': 1.02, 'pnl_1u': -0.5, 'roi': -0.5, 'line': '0.25', 'action': 'V4纸面入选-C', 'source': 'https://www.noroeste.com.mx/deportes/futbol/dorados-no-puede-mantener-la-ventaja-y-termina-por-empatar-con-cancun-en-el-encanto-BC25727402'}, {'date': '2026-09-24', 'match': '瓦哈卡 vs 拉巴斯竞技', 'score': '1-3', 'selected_team': '瓦哈卡', 'settlement': '黑', 'water': 1, 'pnl_1u': -1.0, 'roi': -1.0, 'line': '-0.25', 'action': 'V4最新页面A/B/C候选', 'source': 'https://simondongxiao.github.io/odds/v4/'}, {'date': '2026-10-02', 'match': '克雷卡米诺斯 vs 海德尔格', 'score': '0-0', 'selected_team': '', 'settlement': '走', 'water': 0.99, 'pnl_1u': 0.0, 'roi': 0.0, 'line': '', 'action': 'V4纸面入选-C', 'source': 'https://m.titan007.com/analy/Analysis/3024470.htm'}, {'date': '2026-10-03', 'match': '拉巴斯竞技 vs FC美利达', 'score': '1-2', 'selected_team': '拉巴斯竞技', 'settlement': '黑', 'water': 0.95, 'pnl_1u': -1.0, 'roi': -1.0, 'line': '1', 'action': 'V4纸面入选-C', 'source': 'https://m.titan007.com/analy/Analysis/3024473.htm'}, {'date': '2026-10-03', 'match': '莫雷利亚 vs 特拉斯卡拉', 'score': '1-1', 'selected_team': '莫雷利亚', 'settlement': '黑', 'water': 0.8, 'pnl_1u': -1.0, 'roi': -1.0, 'line': '1', 'action': 'V4纸面入选-B', 'source': 'https://m.titan007.com/analy/Analysis/3024468.htm'}, {'date': '2026-10-03', 'match': '坎昆 vs 塔巴蒂奥', 'score': '1-0', 'selected_team': '坎昆', 'settlement': '半红', 'water': 0.92, 'pnl_1u': 0.46, 'roi': 0.46, 'line': '0.75', 'action': 'V4纸面入选-A', 'source': 'https://m.titan007.com/analy/Analysis/3024469.htm'}, {'date': '2026-10-03', 'match': '皮拉塔斯 vs 瓦哈卡', 'score': '4-0', 'selected_team': '皮拉塔斯', 'settlement': '红', 'water': 0.9, 'pnl_1u': 0.9, 'roi': 0.9, 'line': '1.5', 'action': 'V4纸面入选-A', 'source': 'https://m.titan007.com/analy/Analysis/3024471.htm'}]"
V4,2026-10-09,3098084,国际友谊,时间待核,墨西哥女足 vs 牙买加女足,,,53,24,2,5,2,20,0.54347826,2.355,0.04443396,53,,,list_date < 2026-10-09,"[{'date': '2026-09-21', 'match': '多米尼克 vs 安圭拉', 'score': '1-0', 'selected_team': '多米尼克', 'settlement': '红', 'water': 0.93, 'pnl_1u': 0.93, 'roi': 0.93, 'line': '-2', 'action': 'V4最新页面A/B/C候选', 'source': 'https://www.titan007.com/'}, {'date': '2026-09-23', 'match': '秘鲁U19 vs 阿根廷U19', 'score': '0-1', 'selected_team': '秘鲁U19', 'settlement': '走', 'water': 0.96, 'pnl_1u': 0.0, 'roi': 0.0, 'line': '-1', 'action': 'V4最新页面A/B/C候选', 'source': 'https://simondongxiao.github.io/odds/v4/'}, {'date': '2026-09-24', 'match': '韩国 vs 厄瓜多尔', 'score': '3-0', 'selected_team': '韩国', 'settlement': '红', 'water': 1.05, 'pnl_1u': 1.05, 'roi': 1.05, 'line': '0.25', 'action': 'V4最新页面A/B/C候选', 'source': 'https://simondongxiao.github.io/odds/v4/'}, {'date': '2026-09-25', 'match': '澳大利亚 vs 巴西', 'score': '1-1', 'selected_team': '巴西', 'settlement': '黑', 'water': 0.81, 'pnl_1u': -1.0, 'roi': -1.0, 'line': '-1.5', 'action': 'V4最新页面A/B/C候选', 'source': 'https://simondongxiao.github.io/odds/v4/'}, {'date': '2026-09-26', 'match': '美国 vs 秘鲁', 'score': '4-1', 'selected_team': '秘鲁', 'settlement': '黑', 'water': 0.93, 'pnl_1u': -1.0, 'roi': -1.0, 'line': '1', 'action': 'V4最新页面A/B/C候选', 'source': 'https://simondongxiao.github.io/odds/v4/'}, {'date': '2026-09-27', 'match': '中国 vs 新西兰', 'score': '0-3', 'selected_team': '新西兰', 'settlement': '红', 'water': 1.03, 'pnl_1u': 1.03, 'roi': 1.03, 'line': '-0.25', 'action': 'V4最新页面A/B/C候选', 'source': 'https://simondongxiao.github.io/odds/v4/'}, {'date': '2026-09-27', 'match': '德国U19(中) vs 乌克兰U19', 'score': '0-0', 'selected_team': '乌克兰U19', 'settlement': '红', 'water': 0.95, 'pnl_1u': 0.95, 'roi': 0.95, 'line': '1', 'action': 'V4最新页面A/B/C候选', 'source': 'https://simondongxiao.github.io/odds/v4/'}, {'date': '2026-09-27', 'match': '约旦 vs 叙利亚', 'score': '1-1', 'selected_team': '叙利亚', 'settlement': '红', 'water': 0.94, 'pnl_1u': 0.94, 'roi': 0.94, 'line': '1', 'action': 'V4最新页面A/B/C候选', 'source': 'https://simondongxiao.github.io/odds/v4/'}, {'date': '2026-09-27', 'match': '玻利维亚(中) vs 巴拉圭', 'score': '0-2', 'selected_team': '巴拉圭', 'settlement': '红', 'water': 0.98, 'pnl_1u': 0.98, 'roi': 0.98, 'line': '-1.25', 'action': 'V4最新页面A/B/C候选', 'source': 'https://simondongxiao.github.io/odds/v4/'}, {'date': '2026-09-28', 'match': '哈萨克斯坦U19 vs 瑞士U19', 'score': '1-2', 'selected_team': '哈萨克斯坦U19', 'settlement': '半黑', 'water': 1.07, 'pnl_1u': -0.5, 'roi': -0.5, 'line': '-0.75', 'action': 'V4ff7d4e5版本A/B/C候选', 'source': 'https://simondongxiao.github.io/odds/v4/?v=ff7d4e5'}, {'date': '2026-09-28', 'match': '日本 vs 委内瑞拉', 'score': '2-1', 'selected_team': '日本', 'settlement': '黑', 'water': 0.98, 'pnl_1u': -1.0, 'roi': -1.0, 'line': '1.75', 'action': 'V4ff7d4e5版本A/B/C候选', 'source': 'https://simondongxiao.github.io/odds/v4/?v=ff7d4e5'}, {'date': '2026-09-28', 'match': '吉尔吉斯斯坦 vs 马尔代夫', 'score': '5-0', 'selected_team': '吉尔吉斯斯坦', 'settlement': '红', 'water': 0.97, 'pnl_1u': 0.97, 'roi': 0.97, 'line': '3', 'action': 'V4ff7d4e5版本A/B/C候选', 'source': 'https://simondongxiao.github.io/odds/v4/?v=ff7d4e5'}, {'date': '2026-09-29', 'match': '斐济女足 vs 新喀里多尼亚女足', 'score': '1-0', 'selected_team': '新喀里多尼亚女足', 'settlement': '半红', 'water': 1.19, 'pnl_1u': 0.595, 'roi': 0.595, 'line': '1.25', 'action': 'V4纸面入选-C', 'source': 'https://m.titan007.com/analy/Analysis/3094943.htm'}, {'date': '2026-09-29', 'match': '美国U19(中) vs 威尔士U19', 'score': '2-0', 'selected_team': '美国U19(中)', 'settlement': '红', 'water': 0.78, 'pnl_1u': 0.78, 'roi': 0.78, 'line': '1.5', 'action': 'V4纸面入选-C', 'source': 'https://m.titan007.com/analy/Analysis/3094944.htm'}, {'date': '2026-09-29', 'match': '墨西哥(中) vs 秘鲁', 'score': '1-1', 'selected_team': '秘鲁', 'settlement': '红', 'water': 1.02, 'pnl_1u': 1.02, 'roi': 1.02, 'line': '1', 'action': 'V4纸面入选-C', 'source': 'https://m.titan007.com/analy/Analysis/3094999.htm'}, {'date': '2026-09-30', 'match': '芬兰U19 vs 德国U19', 'score': '1-2', 'selected_team': '', 'settlement': '黑', 'water': 0.82, 'pnl_1u': -1.0, 'roi': -1.0, 'line': '', 'action': 'V4纸面入选-C', 'source': 'https://m.titan007.com/analy/Analysis/3095002.htm'}, {'date': '2026-09-30', 'match': '塞舌尔 vs 斯里兰卡', 'score': '0-2', 'selected_team': '', 'settlement': '黑', 'water': 0.82, 'pnl_1u': -1.0, 'roi': -1.0, 'line': '', 'action': 'V4纸面入选-C', 'source': 'https://m.titan007.com/analy/Analysis/3096174.htm'}, {'date': '2026-09-30', 'match': '立陶宛 vs 安道尔', 'score': '3-0', 'selected_team': '立陶宛', 'settlement': '红', 'water': 0.82, 'pnl_1u': 0.82, 'roi': 0.82, 'line': '0.75', 'action': 'V4纸面入选-C', 'source': 'https://m.titan007.com/analy/Analysis/3096176.htm'}, {'date': '2026-09-30', 'match': '阿根廷 vs 玻利维亚', 'score': '4-0', 'selected_team': '', 'settlement': '红', 'water': 1.04, 'pnl_1u': 1.04, 'roi': 1.04, 'line': '', 'action': 'V4纸面入选-C', 'source': 'https://m.titan007.com/analy/Analysis/3095418.htm'}, {'date': '2026-10-01', 'match': '波兰U19 vs 哈萨克斯坦U19', 'score': '3-0', 'selected_team': '', 'settlement': '红', 'water': 0.92, 'pnl_1u': 0.92, 'roi': 0.92, 'line': '', 'action': 'V4纸面入选-C', 'source': 'https://m.titan007.com/analy/Analysis/3095233.htm'}, {'date': '2026-10-01', 'match': '法国U19 vs 土耳其U19', 'score': '2-1', 'selected_team': '', 'settlement': '红', 'water': 0.84, 'pnl_1u': 0.84, 'roi': 0.84, 'line': '', 'action': 'V4纸面入选-C', 'source': 'https://m.titan007.com/analy/Analysis/3095234.htm'}, {'date': '2026-10-01', 'match': '乌兹别克斯坦 vs 叙利亚', 'score': '4-1', 'selected_team': '乌兹别克斯坦', 'settlement': '红', 'water': 0.95, 'pnl_1u': 0.95, 'roi': 0.95, 'line': '1.5', 'action': 'V4纸面入选-C', 'source': 'https://m.titan007.com/analy/Analysis/3095240.htm'}, {'date': '2026-10-01', 'match': '卡塔尔U19 vs 爱尔兰U19', 'score': '1-1', 'selected_team': '', 'settlement': '走', 'water': 0.67, 'pnl_1u': 0.0, 'roi': 0.0, 'line': '', 'action': 'V4纸面入选-C', 'source': 'https://m.titan007.com/analy/Analysis/3095241.htm'}, {'date': '2026-10-01', 'match': '美国U20 vs 巴西U20', 'score': '0-2', 'selected_team': '巴西U20', 'settlement': '黑', 'water': 0.84, 'pnl_1u': -1.0, 'roi': -1.0, 'line': '-0.5', 'action': 'V4纸面入选-C', 'source': 'https://m.titan007.com/analy/Analysis/3095245.htm'}, {'date': '2026-10-02', 'match': '韩国 vs 委内瑞拉', 'score': '0-0', 'selected_team': '', 'settlement': '走', 'water': 0.93, 'pnl_1u': 0.0, 'roi': 0.0, 'line': '', 'action': 'V4纸面入选-C', 'source': 'https://m.titan007.com/analy/Analysis/3095568.htm'}, {'date': '2026-10-02', 'match': '哥伦比亚(中) vs 巴拉圭', 'score': '0-1', 'selected_team': '', 'settlement': '黑', 'water': 0.9, 'pnl_1u': -1.0, 'roi': -1.0, 'line': '', 'action': 'V4纸面入选-C', 'source': 'https://m.titan007.com/analy/Analysis/3095650.htm'}, {'date': '2026-10-03', 'match': '印度 vs 巴西', 'score': '0-4', 'selected_team': '印度', 'settlement': '半黑', 'water': 1.06, 'pnl_1u': -0.5, 'roi': -0.5, 'line': '-3.75', 'action': 'V4纸面入选-C', 'source': 'https://m.titan007.com/analy/Analysis/3096945.htm'}, {'date': '2026-10-03', 'match': '俄罗斯 vs 纳米比亚', 'score': '6-0', 'selected_team': '俄罗斯', 'settlement': '红', 'water': 0.85, 'pnl_1u': 0.85, 'roi': 0.85, 'line': '2.25', 'action': 'V4纸面入选-C', 'source': 'https://m.titan007.com/analy/Analysis/3096957.htm'}, {'date': '2026-10-03', 'match': '加拿大 vs 秘鲁', 'score': '2-0', 'selected_team': '加拿大', 'settlement': '红', 'water': 1.04, 'pnl_1u': 1.04, 'roi': 1.04, 'line': '1', 'action': 'V4纸面入选-C', 'source': 'https://m.titan007.com/analy/Analysis/3096091.htm'}, {'date': '2026-10-03', 'match': '科特迪瓦 vs 喀麦隆', 'score': '0-1', 'selected_team': '科特迪瓦', 'settlement': '黑', 'water': 1.02, 'pnl_1u': -1.0, 'roi': -1.0, 'line': '0.75', 'action': 'V4纸面入选-C', 'source': 'https://m.titan007.com/analy/Analysis/3096089.htm'}, {'date': '2026-10-04', 'match': '巴西U20 vs 墨西哥U20', 'score': '4-0', 'selected_team': '巴西U20', 'settlement': '红', 'water': 0.98, 'pnl_1u': 0.98, 'roi': 0.98, 'line': '0.5', 'action': 'V4纸面入选-C', 'source': 'https://m.titan007.com/analy/Analysis/3096443.htm'}, {'date': '2026-10-04', 'match': '丹麦U20 vs 美国U20', 'score': '3-3', 'selected_team': '丹麦U20', 'settlement': '半红', 'water': 0.9, 'pnl_1u': 0.45, 'roi': 0.45, 'line': '-0.25', 'action': 'V4纸面入选-C', 'source': 'https://m.titan007.com/analy/Analysis/3096449.htm'}, {'date': '2026-10-04', 'match': '埃及 vs 南非', 'score': '0-1', 'selected_team': '埃及', 'settlement': '黑', 'water': 0.79, 'pnl_1u': -1.0, 'roi': -1.0, 'line': '0.5', 'action': 'V4纸面入选-C', 'source': 'https://m.titan007.com/analy/Analysis/3097227.htm'}, {'date': '2026-10-04', 'match': '摩洛哥 vs 马里', 'score': '1-1', 'selected_team': '摩洛哥', 'settlement': '黑', 'water': 0.9, 'pnl_1u': -1.0, 'roi': -1.0, 'line': '1.25', 'action': 'V4纸面入选-C', 'source': 'https://m.titan007.com/analy/Analysis/3097230.htm'}, {'date': '2026-10-05', 'match': '巴拿马 vs 厄瓜多尔', 'score': '1-1', 'selected_team': '巴拿马', 'settlement': '红', 'water': 0.99, 'pnl_1u': 0.99, 'roi': 0.99, 'line': '-0.75', 'action': 'V4纸面入选-C', 'source': 'https://m.titan007.com/analy/Analysis/3097300.htm'}, {'date': '2026-10-05', 'match': '日本 vs 新西兰', 'score': '2-1', 'selected_team': '日本', 'settlement': '黑', 'water': 1, 'pnl_1u': -1.0, 'roi': -1.0, 'line': '2', 'action': 'V4纸面入选-C', 'source': 'https://m.titan007.com/analy/Analysis/3097301.htm'}, {'date': '2026-10-05', 'match': '英格兰U19 vs 比利时U19', 'score': '0-1', 'selected_team': '英格兰U19', 'settlement': '黑', 'water': 0.85, 'pnl_1u': -1.0, 'roi': -1.0, 'line': '1.25', 'action': 'V4纸面入选-C', 'source': 'https://m.titan007.com/analy/Analysis/3097293.htm'}, {'date': '2026-10-05', 'match': '乌干达 vs 刚果民主共和国', 'score': '1-1', 'selected_team': '乌干达', 'settlement': '红', 'water': 0.95, 'pnl_1u': 0.95, 'roi': 0.95, 'line': '-0.5', 'action': 'V4纸面入选-C', 'source': 'https://m.titan007.com/analy/Analysis/3097741.htm'}, {'date': '2026-10-05', 'match': '黑山U19 vs 以色列U19', 'score': '0-1', 'selected_team': '黑山U19', 'settlement': '黑', 'water': 0.78, 'pnl_1u': -1.0, 'roi': -1.0, 'line': '-0.5', 'action': 'V4纸面入选-C', 'source': 'https://m.titan007.com/analy/Analysis/3097742.htm'}, {'date': '2026-10-05', 'match': '格鲁吉亚U19 vs 拉脱维亚U19', 'score': '1-1', 'selected_team': '', 'settlement': '走', 'water': 0.75, 'pnl_1u': 0.0, 'roi': 0.0, 'line': '', 'action': 'V4纸面入选-C', 'source': 'https://m.titan007.com/analy/Analysis/3097745.htm'}, {'date': '2026-10-05', 'match': '塞尔维亚U21 vs 俄罗斯U21', 'score': '2-1', 'selected_team': '塞尔维亚U21', 'settlement': '红', 'water': 0.8, 'pnl_1u': 0.8, 'roi': 0.8, 'line': '-0.25', 'action': 'V4纸面入选-C', 'source': 'https://m.titan007.com/analy/Analysis/3097747.htm'}, {'date': '2026-10-06', 'match': '沙特阿拉伯U20 vs 亚美尼亚U20', 'score': '0-0', 'selected_team': '沙特阿拉伯U20', 'settlement': '黑', 'water': 1, 'pnl_1u': -1.0, 'roi': -1.0, 'line': '1.25', 'action': 'V4纸面入选-C', 'source': 'https://m.titan007.com/analy/Analysis/3097372.htm'}, {'date': '2026-10-06', 'match': '韩国 vs 乌兹别克斯坦', 'score': '2-0', 'selected_team': '韩国', 'settlement': '红', 'water': 0.94, 'pnl_1u': 0.94, 'roi': 0.94, 'line': '0.75', 'action': 'V4纸面入选-C', 'source': 'https://m.titan007.com/analy/Analysis/3097375.htm'}, {'date': '2026-10-06', 'match': '中国 vs 塔吉克斯坦', 'score': '0-1', 'selected_team': '中国', 'settlement': '黑', 'water': 1, 'pnl_1u': -1.0, 'roi': -1.0, 'line': '0.75', 'action': 'V4纸面入选-C', 'source': 'https://m.titan007.com/analy/Analysis/3091499.htm'}, {'date': '2026-10-06', 'match': '葡萄牙U19 vs 奥地利U19', 'score': '4-0', 'selected_team': '葡萄牙U19', 'settlement': '红', 'water': 0.87, 'pnl_1u': 0.87, 'roi': 0.87, 'line': '0.5', 'action': 'V4纸面入选-C', 'source': 'https://m.titan007.com/analy/Analysis/3097381.htm'}, {'date': '2026-10-06', 'match': '印度(中) vs 乌拉圭', 'score': '1-6', 'selected_team': '印度(中)', 'settlement': '黑', 'water': 0.91, 'pnl_1u': -1.0, 'roi': -1.0, 'line': '-3.5', 'action': 'V4纸面入选-C', 'source': 'https://m.titan007.com/analy/Analysis/3097388.htm'}, {'date': '2026-10-06', 'match': '俄罗斯 vs 尼日利亚', 'score': '3-3', 'selected_team': '俄罗斯', 'settlement': '黑', 'water': 0.91, 'pnl_1u': -1.0, 'roi': -1.0, 'line': '1', 'action': 'V4纸面入选-C', 'source': 'https://m.titan007.com/analy/Analysis/3097390.htm'}, {'date': '2026-10-06', 'match': '约旦 vs 委内瑞拉', 'score': '0-0', 'selected_team': '', 'settlement': '走', 'water': 0.89, 'pnl_1u': 0.0, 'roi': 0.0, 'line': '', 'action': 'V4纸面入选-C', 'source': 'https://m.titan007.com/analy/Analysis/3097384.htm'}, {'date': '2026-10-06', 'match': '阿尔及利亚 vs 尼日尔', 'score': '2-1', 'selected_team': '阿尔及利亚', 'settlement': '黑', 'water': 0.87, 'pnl_1u': -1.0, 'roi': -1.0, 'line': '1.75', 'action': 'V4纸面入选-C', 'source': 'https://m.titan007.com/analy/Analysis/3097385.htm'}, {'date': '2026-10-06', 'match': '阿根廷(中) vs 贝宁', 'score': '0-0', 'selected_team': '贝宁', 'settlement': '红', 'water': 0.87, 'pnl_1u': 0.87, 'roi': 0.87, 'line': '4.5', 'action': 'V4纸面入选-C', 'source': 'https://m.titan007.com/analy/Analysis/3097387.htm'}, {'date': '2026-10-06', 'match': '哥伦比亚(中) vs 秘鲁', 'score': '0-0', 'selected_team': '哥伦比亚(中)', 'settlement': '黑', 'water': 0.9, 'pnl_1u': -1.0, 'roi': -1.0, 'line': '1.25', 'action': 'V4纸面入选-C', 'source': 'https://m.titan007.com/analy/Analysis/3097386.htm'}, {'date': '2026-10-06', 'match': '美国(中) vs 加拿大', 'score': '1-0', 'selected_team': '美国(中)', 'settlement': '红', 'water': 0.8, 'pnl_1u': 0.8, 'roi': 0.8, 'line': '0.5', 'action': 'V4纸面入选-C', 'source': 'https://m.titan007.com/analy/Analysis/3097883.htm'}, {'date': '2026-10-07', 'match': '墨西哥(中) vs 智利', 'score': '0-2', 'selected_team': '墨西哥(中)', 'settlement': '黑', 'water': 1, 'pnl_1u': -1.0, 'roi': -1.0, 'line': '1', 'action': 'V4纸面入选-C', 'source': 'https://m.titan007.com/analy/Analysis/3097882.htm'}]"
V4,2026-10-09,3099581,阿根业余锦,时间待核,安托尼亚那青年 vs 拉斯禾拉斯飓风,,,0,0,0,0,0,0,,,,0,,,list_date < 2026-10-09,[]
V4,2026-10-09,3011894,哥伦甲秋,时间待核,云斯卡尔达斯 vs 拉尼洛斯,,,18,10,0,0,2,6,0.58823529,2.83,0.15722222,18,,高：历史有效胜率>55%,list_date < 2026-10-09,"[{'date': '2026-09-13', 'match': '佩雷拉 vs 布卡拉曼加竞技', 'score': '1-3', 'selected_team': '布卡拉曼加竞技', 'settlement': '红', 'water': 1.03, 'pnl_1u': 1.03, 'roi': 1.03, 'line': '-0.75', 'action': 'V4纸面入选-C', 'source': 'https://m.titan007.com/analy/Analysis/3011855.htm'}, {'date': '2026-09-13', 'match': '云斯卡尔达斯 vs 卡利体育会', 'score': '1-2', 'selected_team': '云斯卡尔达斯', 'settlement': '黑', 'water': 1.06, 'pnl_1u': -1.0, 'roi': -1.0, 'line': '0.5', 'action': 'V4纸面入选-C', 'source': 'https://m.titan007.com/analy/Analysis/3011854.htm'}, {'date': '2026-09-19', 'match': '百万富翁 vs 茨高', 'score': '3-0', 'selected_team': '百万富翁', 'settlement': '红', 'water': 0.98, 'pnl_1u': 0.98, 'roi': 0.98, 'line': '1.75', 'action': 'V4纸面入选-C', 'source': 'https://zq.titan007.com/analysis/3011866cn.htm'}, {'date': '2026-09-19', 'match': '卡利体育会 vs 侨卡巴', 'score': '3-0', 'selected_team': '侨卡巴', 'settlement': '黑', 'water': 0.89, 'pnl_1u': -1.0, 'roi': -1.0, 'line': '1', 'action': 'V4纸面入选-C', 'source': 'https://m.17500.cn/zq/data-team/course-14891-0-0'}, {'date': '2026-09-22', 'match': '圣塔菲 vs 卡利体育会', 'score': '0-1', 'selected_team': '卡利体育会', 'settlement': '红', 'water': 1.01, 'pnl_1u': 1.01, 'roi': 1.01, 'line': '0.25', 'action': 'V4最新页面A/B/C候选', 'source': 'https://simondongxiao.github.io/odds/v4/'}, {'date': '2026-09-23', 'match': '卡利美洲 vs 阿古拉斯多拉达斯', 'score': '1-0', 'selected_team': '阿古拉斯多拉达斯', 'settlement': '半黑', 'water': 1.07, 'pnl_1u': -0.5, 'roi': -0.5, 'line': '0.75', 'action': 'V4最新页面A/B/C候选', 'source': 'https://simondongxiao.github.io/odds/v4/'}, {'date': '2026-09-24', 'match': '国民竞技 vs 百万富翁', 'score': '1-1', 'selected_team': '百万富翁', 'settlement': '红', 'water': 1.03, 'pnl_1u': 1.03, 'roi': 1.03, 'line': '0.5', 'action': 'V4最新页面A/B/C候选', 'source': 'https://simondongxiao.github.io/odds/v4/'}, {'date': '2026-09-26', 'match': '侨卡巴 vs 拉尼洛斯', 'score': '2-1', 'selected_team': '侨卡巴', 'settlement': '红', 'water': 1.04, 'pnl_1u': 1.04, 'roi': 1.04, 'line': '0.25', 'action': 'V4最新页面A/B/C候选', 'source': 'https://www.ceroacero.es/partido/2026-09-27-cucuta-deportivo-llaneros/12241953'}, {'date': '2026-09-27', 'match': '卡利体育会 vs 阿古拉斯多拉达斯', 'score': '2-0', 'selected_team': '阿古拉斯多拉达斯', 'settlement': '黑', 'water': 1.01, 'pnl_1u': -1.0, 'roi': -1.0, 'line': '0.5', 'action': 'V4最新页面A/B/C候选', 'source': 'https://simondongxiao.github.io/odds/v4/?v=ff7d4e5'}, {'date': '2026-09-30', 'match': '国民竞技 vs 巴兰基亚青年', 'score': '3-1', 'selected_team': '国民竞技', 'settlement': '红', 'water': 0.85, 'pnl_1u': 0.85, 'roi': 0.85, 'line': '1', 'action': 'V4纸面入选-B', 'source': 'https://m.titan007.com/analy/Analysis/3011777.htm'}, {'date': '2026-10-02', 'match': '卡利体育会 vs 阿利安萨', 'score': '3-1', 'selected_team': '卡利体育会', 'settlement': '红', 'water': 1, 'pnl_1u': 1.0, 'roi': 1.0, 'line': '1', 'action': 'V4纸面入选-B', 'source': 'https://m.titan007.com/analy/Analysis/3011880.htm'}, {'date': '2026-10-03', 'match': '阿古拉斯多拉达斯 vs 贾奎斯科尔多巴', 'score': '2-0', 'selected_team': '阿古拉斯多拉达斯', 'settlement': '红', 'water': 0.88, 'pnl_1u': 0.88, 'roi': 0.88, 'line': '1', 'action': 'V4纸面入选-B', 'source': 'https://m.titan007.com/analy/Analysis/3011877.htm'}, {'date': '2026-10-03', 'match': '托利马体育 vs 茨高', 'score': '0-0', 'selected_team': '托利马体育', 'settlement': '黑', 'water': 0.82, 'pnl_1u': -1.0, 'roi': -1.0, 'line': '1.25', 'action': 'V4纸面入选-B', 'source': 'https://m.titan007.com/analy/Analysis/3011881.htm'}, {'date': '2026-10-04', 'match': '帕斯托 vs 福塔雷绍查', 'score': '0-0', 'selected_team': '帕斯托', 'settlement': '半黑', 'water': 0.9, 'pnl_1u': -0.5, 'roi': -0.5, 'line': '0.25', 'action': 'V4纸面入选-B', 'source': 'https://m.titan007.com/analy/Analysis/3011882.htm'}, {'date': '2026-10-04', 'match': '侨卡巴 vs 佩雷拉', 'score': '4-0', 'selected_team': '侨卡巴', 'settlement': '红', 'water': 1.01, 'pnl_1u': 1.01, 'roi': 1.01, 'line': '0.75', 'action': 'V4纸面入选-B', 'source': 'https://m.titan007.com/analy/Analysis/3011879.htm'}, {'date': '2026-10-04', 'match': '布卡拉曼加竞技 vs 巴兰基亚青年', 'score': '3-1', 'selected_team': '布卡拉曼加竞技', 'settlement': '红', 'water': 1, 'pnl_1u': 1.0, 'roi': 1.0, 'line': '0.5', 'action': 'V4纸面入选-B', 'source': 'https://m.titan007.com/analy/Analysis/3011878.htm'}, {'date': '2026-10-04', 'match': '拉尼洛斯 vs 卡利美洲', 'score': '1-2', 'selected_team': '拉尼洛斯', 'settlement': '黑', 'water': 0.99, 'pnl_1u': -1.0, 'roi': -1.0, 'line': '-0.25', 'action': 'V4纸面入选-B', 'source': 'https://m.titan007.com/analy/Analysis/3011885.htm'}, {'date': '2026-10-05', 'match': '麦德林独立 vs 圣塔菲', 'score': '0-1', 'selected_team': '麦德林独立', 'settlement': '黑', 'water': 0.93, 'pnl_1u': -1.0, 'roi': -1.0, 'line': '0.5', 'action': 'V4纸面入选-B', 'source': 'https://m.titan007.com/analy/Analysis/3011883.htm'}]"
V4,2026-10-09,3012159,哥伦乙秋,时间待核,波哥塔 vs 帕特里奥坦斯,,,8,2,1,1,0,4,0.38461538,-1.71,-0.21375,8,,,list_date < 2026-10-09,"[{'date': '2026-09-14', 'match': '奥尔索马尔索 vs 卡利竞技', 'score': '0-2', 'selected_team': '卡利竞技', 'settlement': '红', 'water': 1.08, 'pnl_1u': 1.08, 'roi': 1.08, 'line': '0.75', 'action': 'V4纸面入选-C', 'source': 'https://m.titan007.com/analy/Analysis/3012185.htm'}, {'date': '2026-09-28', 'match': '哥杜雷亚 vs 利昂内斯', 'score': '1-0', 'selected_team': '利昂内斯', 'settlement': '黑', 'water': 1.11, 'pnl_1u': -1.0, 'roi': -1.0, 'line': '0.5', 'action': 'V4ff7d4e5版本A/B/C候选', 'source': 'https://simondongxiao.github.io/odds/v4/?v=ff7d4e5'}, {'date': '2026-10-02', 'match': '卡利竞技 vs 索阿查', 'score': '1-2', 'selected_team': '', 'settlement': '黑', 'water': 0.85, 'pnl_1u': -1.0, 'roi': -1.0, 'line': '', 'action': 'V4纸面入选-C', 'source': 'https://m.titan007.com/analy/Analysis/3012215.htm'}, {'date': '2026-10-03', 'match': '帕特里奥坦斯 vs 尤姆博独立', 'score': '0-1', 'selected_team': '帕特里奥坦斯', 'settlement': '黑', 'water': 0.88, 'pnl_1u': -1.0, 'roi': -1.0, 'line': '0.75', 'action': 'V4纸面入选-C', 'source': 'https://m.titan007.com/analy/Analysis/3012210.htm'}, {'date': '2026-10-03', 'match': '卡达根拿 vs 卡利博卡青年', 'score': '2-3', 'selected_team': '卡达根拿', 'settlement': '黑', 'water': 0.84, 'pnl_1u': -1.0, 'roi': -1.0, 'line': '1.25', 'action': 'V4纸面入选-B', 'source': 'https://m.titan007.com/analy/Analysis/3012208.htm'}, {'date': '2026-10-07', 'match': '利昂内斯 vs 巴瑞库拉', 'score': '1-1', 'selected_team': '', 'settlement': '走', 'water': 0.95, 'pnl_1u': 0.0, 'roi': 0.0, 'line': '', 'action': 'V4纸面入选-C', 'source': 'https://m.titan007.com/analy/Analysis/3012212.htm'}, {'date': '2026-10-07', 'match': '卡利博卡青年 vs 马达莱纳联', 'score': '1-1', 'selected_team': '卡利博卡青年', 'settlement': '半红', 'water': 0.92, 'pnl_1u': 0.46, 'roi': 0.46, 'line': '-0.25', 'action': 'V4纸面入选-B', 'source': 'https://m.titan007.com/analy/Analysis/3012150.htm'}, {'date': '2026-10-08', 'match': '卡利竞技 vs 卡达根拿', 'score': '2-2', 'selected_team': '卡利竞技', 'settlement': '红', 'water': 0.75, 'pnl_1u': 0.75, 'roi': 0.75, 'line': '-1', 'action': 'V4ShadowOnly；real_money=false', 'source': 'D:\\codex\\v3_legacy\\outputs\\football_odds_trader\\raw\\titan007\\20261008\\20261008_074021_titan007_odds_snapshot.csv'}]"
V4,2026-10-09,3100416,巴马全联,时间待核,巴拿马城FC vs CD阿拉比后备队,,,0,0,0,0,0,0,,,,0,,,list_date < 2026-10-09,[]
V4,2026-10-09,3092302,新西兰联,时间待核,威灵顿凤凰后备队 vs 伯肯黑德联,,,2,2,0,0,0,0,1.0,2.05,1.025,2,,,list_date < 2026-10-09,"[{'date': '2026-09-26', 'match': '威灵顿凤凰后备队 vs 奥克兰联', 'score': '1-1', 'selected_team': '威灵顿凤凰后备队', 'settlement': '红', 'water': 1.04, 'pnl_1u': 1.04, 'roi': 1.04, 'line': '-1', 'action': 'V4最新页面A/B/C候选', 'source': 'https://simondongxiao.github.io/odds/v4/'}, {'date': '2026-09-26', 'match': '菲利米德海湾 vs 伊斯特恩沙伯奥克兰', 'score': '0-0', 'selected_team': '菲利米德海湾', 'settlement': '红', 'water': 1.01, 'pnl_1u': 1.01, 'roi': 1.01, 'line': '-0.75', 'action': 'V4最新页面A/B/C候选', 'source': 'https://simondongxiao.github.io/odds/v4/'}]"
V4,2026-10-09,3083895,洪都甲春,时间待核,摩塔瓜 vs 乔洛马,,,0,0,0,0,0,0,,,,0,,,list_date < 2026-10-09,[]
V4,2026-10-09,3036213,巴马甲秋,时间待核,FC旧金山 vs CD尤尼维尔斯塔里奥,,,1,1,0,0,0,0,1.0,0.93,0.93,1,,,list_date < 2026-10-09,"[{'date': '2026-10-05', 'match': '圣米格利托体育 vs 科克莱联', 'score': '3-1', 'selected_team': '圣米格利托体育', 'settlement': '红', 'water': 0.93, 'pnl_1u': 0.93, 'roi': 0.93, 'line': '0.5', 'action': 'V4纸面入选-B', 'source': 'https://m.titan007.com/analy/Analysis/3036212.htm'}]"
V4,2026-10-09,3098336,国际友谊,时间待核,萨尔瓦多女足 vs 巴拉圭女足,,,53,24,2,5,2,20,0.54347826,2.355,0.04443396,53,,,list_date < 2026-10-09,"[{'date': '2026-09-21', 'match': '多米尼克 vs 安圭拉', 'score': '1-0', 'selected_team': '多米尼克', 'settlement': '红', 'water': 0.93, 'pnl_1u': 0.93, 'roi': 0.93, 'line': '-2', 'action': 'V4最新页面A/B/C候选', 'source': 'https://www.titan007.com/'}, {'date': '2026-09-23', 'match': '秘鲁U19 vs 阿根廷U19', 'score': '0-1', 'selected_team': '秘鲁U19', 'settlement': '走', 'water': 0.96, 'pnl_1u': 0.0, 'roi': 0.0, 'line': '-1', 'action': 'V4最新页面A/B/C候选', 'source': 'https://simondongxiao.github.io/odds/v4/'}, {'date': '2026-09-24', 'match': '韩国 vs 厄瓜多尔', 'score': '3-0', 'selected_team': '韩国', 'settlement': '红', 'water': 1.05, 'pnl_1u': 1.05, 'roi': 1.05, 'line': '0.25', 'action': 'V4最新页面A/B/C候选', 'source': 'https://simondongxiao.github.io/odds/v4/'}, {'date': '2026-09-25', 'match': '澳大利亚 vs 巴西', 'score': '1-1', 'selected_team': '巴西', 'settlement': '黑', 'water': 0.81, 'pnl_1u': -1.0, 'roi': -1.0, 'line': '-1.5', 'action': 'V4最新页面A/B/C候选', 'source': 'https://simondongxiao.github.io/odds/v4/'}, {'date': '2026-09-26', 'match': '美国 vs 秘鲁', 'score': '4-1', 'selected_team': '秘鲁', 'settlement': '黑', 'water': 0.93, 'pnl_1u': -1.0, 'roi': -1.0, 'line': '1', 'action': 'V4最新页面A/B/C候选', 'source': 'https://simondongxiao.github.io/odds/v4/'}, {'date': '2026-09-27', 'match': '中国 vs 新西兰', 'score': '0-3', 'selected_team': '新西兰', 'settlement': '红', 'water': 1.03, 'pnl_1u': 1.03, 'roi': 1.03, 'line': '-0.25', 'action': 'V4最新页面A/B/C候选', 'source': 'https://simondongxiao.github.io/odds/v4/'}, {'date': '2026-09-27', 'match': '德国U19(中) vs 乌克兰U19', 'score': '0-0', 'selected_team': '乌克兰U19', 'settlement': '红', 'water': 0.95, 'pnl_1u': 0.95, 'roi': 0.95, 'line': '1', 'action': 'V4最新页面A/B/C候选', 'source': 'https://simondongxiao.github.io/odds/v4/'}, {'date': '2026-09-27', 'match': '约旦 vs 叙利亚', 'score': '1-1', 'selected_team': '叙利亚', 'settlement': '红', 'water': 0.94, 'pnl_1u': 0.94, 'roi': 0.94, 'line': '1', 'action': 'V4最新页面A/B/C候选', 'source': 'https://simondongxiao.github.io/odds/v4/'}, {'date': '2026-09-27', 'match': '玻利维亚(中) vs 巴拉圭', 'score': '0-2', 'selected_team': '巴拉圭', 'settlement': '红', 'water': 0.98, 'pnl_1u': 0.98, 'roi': 0.98, 'line': '-1.25', 'action': 'V4最新页面A/B/C候选', 'source': 'https://simondongxiao.github.io/odds/v4/'}, {'date': '2026-09-28', 'match': '哈萨克斯坦U19 vs 瑞士U19', 'score': '1-2', 'selected_team': '哈萨克斯坦U19', 'settlement': '半黑', 'water': 1.07, 'pnl_1u': -0.5, 'roi': -0.5, 'line': '-0.75', 'action': 'V4ff7d4e5版本A/B/C候选', 'source': 'https://simondongxiao.github.io/odds/v4/?v=ff7d4e5'}, {'date': '2026-09-28', 'match': '日本 vs 委内瑞拉', 'score': '2-1', 'selected_team': '日本', 'settlement': '黑', 'water': 0.98, 'pnl_1u': -1.0, 'roi': -1.0, 'line': '1.75', 'action': 'V4ff7d4e5版本A/B/C候选', 'source': 'https://simondongxiao.github.io/odds/v4/?v=ff7d4e5'}, {'date': '2026-09-28', 'match': '吉尔吉斯斯坦 vs 马尔代夫', 'score': '5-0', 'selected_team': '吉尔吉斯斯坦', 'settlement': '红', 'water': 0.97, 'pnl_1u': 0.97, 'roi': 0.97, 'line': '3', 'action': 'V4ff7d4e5版本A/B/C候选', 'source': 'https://simondongxiao.github.io/odds/v4/?v=ff7d4e5'}, {'date': '2026-09-29', 'match': '斐济女足 vs 新喀里多尼亚女足', 'score': '1-0', 'selected_team': '新喀里多尼亚女足', 'settlement': '半红', 'water': 1.19, 'pnl_1u': 0.595, 'roi': 0.595, 'line': '1.25', 'action': 'V4纸面入选-C', 'source': 'https://m.titan007.com/analy/Analysis/3094943.htm'}, {'date': '2026-09-29', 'match': '美国U19(中) vs 威尔士U19', 'score': '2-0', 'selected_team': '美国U19(中)', 'settlement': '红', 'water': 0.78, 'pnl_1u': 0.78, 'roi': 0.78, 'line': '1.5', 'action': 'V4纸面入选-C', 'source': 'https://m.titan007.com/analy/Analysis/3094944.htm'}, {'date': '2026-09-29', 'match': '墨西哥(中) vs 秘鲁', 'score': '1-1', 'selected_team': '秘鲁', 'settlement': '红', 'water': 1.02, 'pnl_1u': 1.02, 'roi': 1.02, 'line': '1', 'action': 'V4纸面入选-C', 'source': 'https://m.titan007.com/analy/Analysis/3094999.htm'}, {'date': '2026-09-30', 'match': '芬兰U19 vs 德国U19', 'score': '1-2', 'selected_team': '', 'settlement': '黑', 'water': 0.82, 'pnl_1u': -1.0, 'roi': -1.0, 'line': '', 'action': 'V4纸面入选-C', 'source': 'https://m.titan007.com/analy/Analysis/3095002.htm'}, {'date': '2026-09-30', 'match': '塞舌尔 vs 斯里兰卡', 'score': '0-2', 'selected_team': '', 'settlement': '黑', 'water': 0.82, 'pnl_1u': -1.0, 'roi': -1.0, 'line': '', 'action': 'V4纸面入选-C', 'source': 'https://m.titan007.com/analy/Analysis/3096174.htm'}, {'date': '2026-09-30', 'match': '立陶宛 vs 安道尔', 'score': '3-0', 'selected_team': '立陶宛', 'settlement': '红', 'water': 0.82, 'pnl_1u': 0.82, 'roi': 0.82, 'line': '0.75', 'action': 'V4纸面入选-C', 'source': 'https://m.titan007.com/analy/Analysis/3096176.htm'}, {'date': '2026-09-30', 'match': '阿根廷 vs 玻利维亚', 'score': '4-0', 'selected_team': '', 'settlement': '红', 'water': 1.04, 'pnl_1u': 1.04, 'roi': 1.04, 'line': '', 'action': 'V4纸面入选-C', 'source': 'https://m.titan007.com/analy/Analysis/3095418.htm'}, {'date': '2026-10-01', 'match': '波兰U19 vs 哈萨克斯坦U19', 'score': '3-0', 'selected_team': '', 'settlement': '红', 'water': 0.92, 'pnl_1u': 0.92, 'roi': 0.92, 'line': '', 'action': 'V4纸面入选-C', 'source': 'https://m.titan007.com/analy/Analysis/3095233.htm'}, {'date': '2026-10-01', 'match': '法国U19 vs 土耳其U19', 'score': '2-1', 'selected_team': '', 'settlement': '红', 'water': 0.84, 'pnl_1u': 0.84, 'roi': 0.84, 'line': '', 'action': 'V4纸面入选-C', 'source': 'https://m.titan007.com/analy/Analysis/3095234.htm'}, {'date': '2026-10-01', 'match': '乌兹别克斯坦 vs 叙利亚', 'score': '4-1', 'selected_team': '乌兹别克斯坦', 'settlement': '红', 'water': 0.95, 'pnl_1u': 0.95, 'roi': 0.95, 'line': '1.5', 'action': 'V4纸面入选-C', 'source': 'https://m.titan007.com/analy/Analysis/3095240.htm'}, {'date': '2026-10-01', 'match': '卡塔尔U19 vs 爱尔兰U19', 'score': '1-1', 'selected_team': '', 'settlement': '走', 'water': 0.67, 'pnl_1u': 0.0, 'roi': 0.0, 'line': '', 'action': 'V4纸面入选-C', 'source': 'https://m.titan007.com/analy/Analysis/3095241.htm'}, {'date': '2026-10-01', 'match': '美国U20 vs 巴西U20', 'score': '0-2', 'selected_team': '巴西U20', 'settlement': '黑', 'water': 0.84, 'pnl_1u': -1.0, 'roi': -1.0, 'line': '-0.5', 'action': 'V4纸面入选-C', 'source': 'https://m.titan007.com/analy/Analysis/3095245.htm'}, {'date': '2026-10-02', 'match': '韩国 vs 委内瑞拉', 'score': '0-0', 'selected_team': '', 'settlement': '走', 'water': 0.93, 'pnl_1u': 0.0, 'roi': 0.0, 'line': '', 'action': 'V4纸面入选-C', 'source': 'https://m.titan007.com/analy/Analysis/3095568.htm'}, {'date': '2026-10-02', 'match': '哥伦比亚(中) vs 巴拉圭', 'score': '0-1', 'selected_team': '', 'settlement': '黑', 'water': 0.9, 'pnl_1u': -1.0, 'roi': -1.0, 'line': '', 'action': 'V4纸面入选-C', 'source': 'https://m.titan007.com/analy/Analysis/3095650.htm'}, {'date': '2026-10-03', 'match': '印度 vs 巴西', 'score': '0-4', 'selected_team': '印度', 'settlement': '半黑', 'water': 1.06, 'pnl_1u': -0.5, 'roi': -0.5, 'line': '-3.75', 'action': 'V4纸面入选-C', 'source': 'https://m.titan007.com/analy/Analysis/3096945.htm'}, {'date': '2026-10-03', 'match': '俄罗斯 vs 纳米比亚', 'score': '6-0', 'selected_team': '俄罗斯', 'settlement': '红', 'water': 0.85, 'pnl_1u': 0.85, 'roi': 0.85, 'line': '2.25', 'action': 'V4纸面入选-C', 'source': 'https://m.titan007.com/analy/Analysis/3096957.htm'}, {'date': '2026-10-03', 'match': '加拿大 vs 秘鲁', 'score': '2-0', 'selected_team': '加拿大', 'settlement': '红', 'water': 1.04, 'pnl_1u': 1.04, 'roi': 1.04, 'line': '1', 'action': 'V4纸面入选-C', 'source': 'https://m.titan007.com/analy/Analysis/3096091.htm'}, {'date': '2026-10-03', 'match': '科特迪瓦 vs 喀麦隆', 'score': '0-1', 'selected_team': '科特迪瓦', 'settlement': '黑', 'water': 1.02, 'pnl_1u': -1.0, 'roi': -1.0, 'line': '0.75', 'action': 'V4纸面入选-C', 'source': 'https://m.titan007.com/analy/Analysis/3096089.htm'}, {'date': '2026-10-04', 'match': '巴西U20 vs 墨西哥U20', 'score': '4-0', 'selected_team': '巴西U20', 'settlement': '红', 'water': 0.98, 'pnl_1u': 0.98, 'roi': 0.98, 'line': '0.5', 'action': 'V4纸面入选-C', 'source': 'https://m.titan007.com/analy/Analysis/3096443.htm'}, {'date': '2026-10-04', 'match': '丹麦U20 vs 美国U20', 'score': '3-3', 'selected_team': '丹麦U20', 'settlement': '半红', 'water': 0.9, 'pnl_1u': 0.45, 'roi': 0.45, 'line': '-0.25', 'action': 'V4纸面入选-C', 'source': 'https://m.titan007.com/analy/Analysis/3096449.htm'}, {'date': '2026-10-04', 'match': '埃及 vs 南非', 'score': '0-1', 'selected_team': '埃及', 'settlement': '黑', 'water': 0.79, 'pnl_1u': -1.0, 'roi': -1.0, 'line': '0.5', 'action': 'V4纸面入选-C', 'source': 'https://m.titan007.com/analy/Analysis/3097227.htm'}, {'date': '2026-10-04', 'match': '摩洛哥 vs 马里', 'score': '1-1', 'selected_team': '摩洛哥', 'settlement': '黑', 'water': 0.9, 'pnl_1u': -1.0, 'roi': -1.0, 'line': '1.25', 'action': 'V4纸面入选-C', 'source': 'https://m.titan007.com/analy/Analysis/3097230.htm'}, {'date': '2026-10-05', 'match': '巴拿马 vs 厄瓜多尔', 'score': '1-1', 'selected_team': '巴拿马', 'settlement': '红', 'water': 0.99, 'pnl_1u': 0.99, 'roi': 0.99, 'line': '-0.75', 'action': 'V4纸面入选-C', 'source': 'https://m.titan007.com/analy/Analysis/3097300.htm'}, {'date': '2026-10-05', 'match': '日本 vs 新西兰', 'score': '2-1', 'selected_team': '日本', 'settlement': '黑', 'water': 1, 'pnl_1u': -1.0, 'roi': -1.0, 'line': '2', 'action': 'V4纸面入选-C', 'source': 'https://m.titan007.com/analy/Analysis/3097301.htm'}, {'date': '2026-10-05', 'match': '英格兰U19 vs 比利时U19', 'score': '0-1', 'selected_team': '英格兰U19', 'settlement': '黑', 'water': 0.85, 'pnl_1u': -1.0, 'roi': -1.0, 'line': '1.25', 'action': 'V4纸面入选-C', 'source': 'https://m.titan007.com/analy/Analysis/3097293.htm'}, {'date': '2026-10-05', 'match': '乌干达 vs 刚果民主共和国', 'score': '1-1', 'selected_team': '乌干达', 'settlement': '红', 'water': 0.95, 'pnl_1u': 0.95, 'roi': 0.95, 'line': '-0.5', 'action': 'V4纸面入选-C', 'source': 'https://m.titan007.com/analy/Analysis/3097741.htm'}, {'date': '2026-10-05', 'match': '黑山U19 vs 以色列U19', 'score': '0-1', 'selected_team': '黑山U19', 'settlement': '黑', 'water': 0.78, 'pnl_1u': -1.0, 'roi': -1.0, 'line': '-0.5', 'action': 'V4纸面入选-C', 'source': 'https://m.titan007.com/analy/Analysis/3097742.htm'}, {'date': '2026-10-05', 'match': '格鲁吉亚U19 vs 拉脱维亚U19', 'score': '1-1', 'selected_team': '', 'settlement': '走', 'water': 0.75, 'pnl_1u': 0.0, 'roi': 0.0, 'line': '', 'action': 'V4纸面入选-C', 'source': 'https://m.titan007.com/analy/Analysis/3097745.htm'}, {'date': '2026-10-05', 'match': '塞尔维亚U21 vs 俄罗斯U21', 'score': '2-1', 'selected_team': '塞尔维亚U21', 'settlement': '红', 'water': 0.8, 'pnl_1u': 0.8, 'roi': 0.8, 'line': '-0.25', 'action': 'V4纸面入选-C', 'source': 'https://m.titan007.com/analy/Analysis/3097747.htm'}, {'date': '2026-10-06', 'match': '沙特阿拉伯U20 vs 亚美尼亚U20', 'score': '0-0', 'selected_team': '沙特阿拉伯U20', 'settlement': '黑', 'water': 1, 'pnl_1u': -1.0, 'roi': -1.0, 'line': '1.25', 'action': 'V4纸面入选-C', 'source': 'https://m.titan007.com/analy/Analysis/3097372.htm'}, {'date': '2026-10-06', 'match': '韩国 vs 乌兹别克斯坦', 'score': '2-0', 'selected_team': '韩国', 'settlement': '红', 'water': 0.94, 'pnl_1u': 0.94, 'roi': 0.94, 'line': '0.75', 'action': 'V4纸面入选-C', 'source': 'https://m.titan007.com/analy/Analysis/3097375.htm'}, {'date': '2026-10-06', 'match': '中国 vs 塔吉克斯坦', 'score': '0-1', 'selected_team': '中国', 'settlement': '黑', 'water': 1, 'pnl_1u': -1.0, 'roi': -1.0, 'line': '0.75', 'action': 'V4纸面入选-C', 'source': 'https://m.titan007.com/analy/Analysis/3091499.htm'}, {'date': '2026-10-06', 'match': '葡萄牙U19 vs 奥地利U19', 'score': '4-0', 'selected_team': '葡萄牙U19', 'settlement': '红', 'water': 0.87, 'pnl_1u': 0.87, 'roi': 0.87, 'line': '0.5', 'action': 'V4纸面入选-C', 'source': 'https://m.titan007.com/analy/Analysis/3097381.htm'}, {'date': '2026-10-06', 'match': '印度(中) vs 乌拉圭', 'score': '1-6', 'selected_team': '印度(中)', 'settlement': '黑', 'water': 0.91, 'pnl_1u': -1.0, 'roi': -1.0, 'line': '-3.5', 'action': 'V4纸面入选-C', 'source': 'https://m.titan007.com/analy/Analysis/3097388.htm'}, {'date': '2026-10-06', 'match': '俄罗斯 vs 尼日利亚', 'score': '3-3', 'selected_team': '俄罗斯', 'settlement': '黑', 'water': 0.91, 'pnl_1u': -1.0, 'roi': -1.0, 'line': '1', 'action': 'V4纸面入选-C', 'source': 'https://m.titan007.com/analy/Analysis/3097390.htm'}, {'date': '2026-10-06', 'match': '约旦 vs 委内瑞拉', 'score': '0-0', 'selected_team': '', 'settlement': '走', 'water': 0.89, 'pnl_1u': 0.0, 'roi': 0.0, 'line': '', 'action': 'V4纸面入选-C', 'source': 'https://m.titan007.com/analy/Analysis/3097384.htm'}, {'date': '2026-10-06', 'match': '阿尔及利亚 vs 尼日尔', 'score': '2-1', 'selected_team': '阿尔及利亚', 'settlement': '黑', 'water': 0.87, 'pnl_1u': -1.0, 'roi': -1.0, 'line': '1.75', 'action': 'V4纸面入选-C', 'source': 'https://m.titan007.com/analy/Analysis/3097385.htm'}, {'date': '2026-10-06', 'match': '阿根廷(中) vs 贝宁', 'score': '0-0', 'selected_team': '贝宁', 'settlement': '红', 'water': 0.87, 'pnl_1u': 0.87, 'roi': 0.87, 'line': '4.5', 'action': 'V4纸面入选-C', 'source': 'https://m.titan007.com/analy/Analysis/3097387.htm'}, {'date': '2026-10-06', 'match': '哥伦比亚(中) vs 秘鲁', 'score': '0-0', 'selected_team': '哥伦比亚(中)', 'settlement': '黑', 'water': 0.9, 'pnl_1u': -1.0, 'roi': -1.0, 'line': '1.25', 'action': 'V4纸面入选-C', 'source': 'https://m.titan007.com/analy/Analysis/3097386.htm'}, {'date': '2026-10-06', 'match': '美国(中) vs 加拿大', 'score': '1-0', 'selected_team': '美国(中)', 'settlement': '红', 'water': 0.8, 'pnl_1u': 0.8, 'roi': 0.8, 'line': '0.5', 'action': 'V4纸面入选-C', 'source': 'https://m.titan007.com/analy/Analysis/3097883.htm'}, {'date': '2026-10-07', 'match': '墨西哥(中) vs 智利', 'score': '0-2', 'selected_team': '墨西哥(中)', 'settlement': '黑', 'water': 1, 'pnl_1u': -1.0, 'roi': -1.0, 'line': '1', 'action': 'V4纸面入选-C', 'source': 'https://m.titan007.com/analy/Analysis/3097882.htm'}]"
V4,2026-10-09,3098273,墨西乙A,时间待核,阿卡特兰 vs 弗雷斯尼洛,,,0,0,0,0,0,0,,,,0,,,list_date < 2026-10-09,[]
V4,2026-10-09,3100375,墨西丙,时间待核,皇家圣科斯梅 vs 富卡,,,0,0,0,0,0,0,,,,0,,,list_date < 2026-10-09,[]
V4,2026-10-09,3092303,新西兰联,时间待核,奥克兰城 vs 惠灵顿奥运会,,,2,2,0,0,0,0,1.0,2.05,1.025,2,,,list_date < 2026-10-09,"[{'date': '2026-09-26', 'match': '威灵顿凤凰后备队 vs 奥克兰联', 'score': '1-1', 'selected_team': '威灵顿凤凰后备队', 'settlement': '红', 'water': 1.04, 'pnl_1u': 1.04, 'roi': 1.04, 'line': '-1', 'action': 'V4最新页面A/B/C候选', 'source': 'https://simondongxiao.github.io/odds/v4/'}, {'date': '2026-09-26', 'match': '菲利米德海湾 vs 伊斯特恩沙伯奥克兰', 'score': '0-0', 'selected_team': '菲利米德海湾', 'settlement': '红', 'water': 1.01, 'pnl_1u': 1.01, 'roi': 1.01, 'line': '-0.75', 'action': 'V4最新页面A/B/C候选', 'source': 'https://simondongxiao.github.io/odds/v4/'}]"
V4,2026-10-09,3042570,哥斯甲春,时间待核,圣何塞体育 vs 肯塔吉内斯,,,2,0,0,0,1,1,0.0,-1.5,-0.75,2,,,list_date < 2026-10-09,"[{'date': '2026-09-18', 'match': '泽伦顿 vs 圣何塞体育', 'score': '1-2', 'selected_team': '泽伦顿', 'settlement': '黑', 'water': 1.09, 'pnl_1u': -1.0, 'roi': -1.0, 'line': '-0.25', 'action': 'V4纸面入选-C', 'source': 'https://zq.titan007.com/analysis/3042565cn.htm'}, {'date': '2026-09-19', 'match': '普塔雷纳斯 vs 贝伦蝎子', 'score': '1-0', 'selected_team': '贝伦蝎子', 'settlement': '半黑', 'water': 1.06, 'pnl_1u': -0.5, 'roi': -0.5, 'line': '0.75', 'action': 'V4纸面入选-C', 'source': 'https://assets.nacion.com/puro-deporte/futbol/puntarenas-vuelve-a-ganar-en-la-olla-magica-y/QE5E5DSIHNAUZHT2DUDD3YK22E/story/'}]"
V4,2026-10-09,2966522,俄乙B中,时间待核,SKA哈巴罗夫斯克B队 vs 奥布宁斯克,,,0,0,0,0,0,0,,,,0,,,list_date < 2026-10-09,[]
V4,2026-10-09,3099413,哥斯乙,时间待核,肯梅利塔 vs 瓜达卢普,,,1,0,0,0,0,1,0.0,-1.0,-1.0,1,,,list_date < 2026-10-09,"[{'date': '2026-10-04', 'match': 'FC阿塞里 vs 瓜达卢普', 'score': '2-3', 'selected_team': '', 'settlement': '黑', 'water': 0.96, 'pnl_1u': -1.0, 'roi': -1.0, 'line': '', 'action': 'V4纸面入选-C', 'source': 'https://m.titan007.com/analy/Analysis/3096297.htm'}]"
V4,2026-10-09,3098337,国际友谊,时间待核,萨尔瓦多U16 vs 瓜地马拉U16,,,53,24,2,5,2,20,0.54347826,2.355,0.04443396,53,,,list_date < 2026-10-09,"[{'date': '2026-09-21', 'match': '多米尼克 vs 安圭拉', 'score': '1-0', 'selected_team': '多米尼克', 'settlement': '红', 'water': 0.93, 'pnl_1u': 0.93, 'roi': 0.93, 'line': '-2', 'action': 'V4最新页面A/B/C候选', 'source': 'https://www.titan007.com/'}, {'date': '2026-09-23', 'match': '秘鲁U19 vs 阿根廷U19', 'score': '0-1', 'selected_team': '秘鲁U19', 'settlement': '走', 'water': 0.96, 'pnl_1u': 0.0, 'roi': 0.0, 'line': '-1', 'action': 'V4最新页面A/B/C候选', 'source': 'https://simondongxiao.github.io/odds/v4/'}, {'date': '2026-09-24', 'match': '韩国 vs 厄瓜多尔', 'score': '3-0', 'selected_team': '韩国', 'settlement': '红', 'water': 1.05, 'pnl_1u': 1.05, 'roi': 1.05, 'line': '0.25', 'action': 'V4最新页面A/B/C候选', 'source': 'https://simondongxiao.github.io/odds/v4/'}, {'date': '2026-09-25', 'match': '澳大利亚 vs 巴西', 'score': '1-1', 'selected_team': '巴西', 'settlement': '黑', 'water': 0.81, 'pnl_1u': -1.0, 'roi': -1.0, 'line': '-1.5', 'action': 'V4最新页面A/B/C候选', 'source': 'https://simondongxiao.github.io/odds/v4/'}, {'date': '2026-09-26', 'match': '美国 vs 秘鲁', 'score': '4-1', 'selected_team': '秘鲁', 'settlement': '黑', 'water': 0.93, 'pnl_1u': -1.0, 'roi': -1.0, 'line': '1', 'action': 'V4最新页面A/B/C候选', 'source': 'https://simondongxiao.github.io/odds/v4/'}, {'date': '2026-09-27', 'match': '中国 vs 新西兰', 'score': '0-3', 'selected_team': '新西兰', 'settlement': '红', 'water': 1.03, 'pnl_1u': 1.03, 'roi': 1.03, 'line': '-0.25', 'action': 'V4最新页面A/B/C候选', 'source': 'https://simondongxiao.github.io/odds/v4/'}, {'date': '2026-09-27', 'match': '德国U19(中) vs 乌克兰U19', 'score': '0-0', 'selected_team': '乌克兰U19', 'settlement': '红', 'water': 0.95, 'pnl_1u': 0.95, 'roi': 0.95, 'line': '1', 'action': 'V4最新页面A/B/C候选', 'source': 'https://simondongxiao.github.io/odds/v4/'}, {'date': '2026-09-27', 'match': '约旦 vs 叙利亚', 'score': '1-1', 'selected_team': '叙利亚', 'settlement': '红', 'water': 0.94, 'pnl_1u': 0.94, 'roi': 0.94, 'line': '1', 'action': 'V4最新页面A/B/C候选', 'source': 'https://simondongxiao.github.io/odds/v4/'}, {'date': '2026-09-27', 'match': '玻利维亚(中) vs 巴拉圭', 'score': '0-2', 'selected_team': '巴拉圭', 'settlement': '红', 'water': 0.98, 'pnl_1u': 0.98, 'roi': 0.98, 'line': '-1.25', 'action': 'V4最新页面A/B/C候选', 'source': 'https://simondongxiao.github.io/odds/v4/'}, {'date': '2026-09-28', 'match': '哈萨克斯坦U19 vs 瑞士U19', 'score': '1-2', 'selected_team': '哈萨克斯坦U19', 'settlement': '半黑', 'water': 1.07, 'pnl_1u': -0.5, 'roi': -0.5, 'line': '-0.75', 'action': 'V4ff7d4e5版本A/B/C候选', 'source': 'https://simondongxiao.github.io/odds/v4/?v=ff7d4e5'}, {'date': '2026-09-28', 'match': '日本 vs 委内瑞拉', 'score': '2-1', 'selected_team': '日本', 'settlement': '黑', 'water': 0.98, 'pnl_1u': -1.0, 'roi': -1.0, 'line': '1.75', 'action': 'V4ff7d4e5版本A/B/C候选', 'source': 'https://simondongxiao.github.io/odds/v4/?v=ff7d4e5'}, {'date': '2026-09-28', 'match': '吉尔吉斯斯坦 vs 马尔代夫', 'score': '5-0', 'selected_team': '吉尔吉斯斯坦', 'settlement': '红', 'water': 0.97, 'pnl_1u': 0.97, 'roi': 0.97, 'line': '3', 'action': 'V4ff7d4e5版本A/B/C候选', 'source': 'https://simondongxiao.github.io/odds/v4/?v=ff7d4e5'}, {'date': '2026-09-29', 'match': '斐济女足 vs 新喀里多尼亚女足', 'score': '1-0', 'selected_team': '新喀里多尼亚女足', 'settlement': '半红', 'water': 1.19, 'pnl_1u': 0.595, 'roi': 0.595, 'line': '1.25', 'action': 'V4纸面入选-C', 'source': 'https://m.titan007.com/analy/Analysis/3094943.htm'}, {'date': '2026-09-29', 'match': '美国U19(中) vs 威尔士U19', 'score': '2-0', 'selected_team': '美国U19(中)', 'settlement': '红', 'water': 0.78, 'pnl_1u': 0.78, 'roi': 0.78, 'line': '1.5', 'action': 'V4纸面入选-C', 'source': 'https://m.titan007.com/analy/Analysis/3094944.htm'}, {'date': '2026-09-29', 'match': '墨西哥(中) vs 秘鲁', 'score': '1-1', 'selected_team': '秘鲁', 'settlement': '红', 'water': 1.02, 'pnl_1u': 1.02, 'roi': 1.02, 'line': '1', 'action': 'V4纸面入选-C', 'source': 'https://m.titan007.com/analy/Analysis/3094999.htm'}, {'date': '2026-09-30', 'match': '芬兰U19 vs 德国U19', 'score': '1-2', 'selected_team': '', 'settlement': '黑', 'water': 0.82, 'pnl_1u': -1.0, 'roi': -1.0, 'line': '', 'action': 'V4纸面入选-C', 'source': 'https://m.titan007.com/analy/Analysis/3095002.htm'}, {'date': '2026-09-30', 'match': '塞舌尔 vs 斯里兰卡', 'score': '0-2', 'selected_team': '', 'settlement': '黑', 'water': 0.82, 'pnl_1u': -1.0, 'roi': -1.0, 'line': '', 'action': 'V4纸面入选-C', 'source': 'https://m.titan007.com/analy/Analysis/3096174.htm'}, {'date': '2026-09-30', 'match': '立陶宛 vs 安道尔', 'score': '3-0', 'selected_team': '立陶宛', 'settlement': '红', 'water': 0.82, 'pnl_1u': 0.82, 'roi': 0.82, 'line': '0.75', 'action': 'V4纸面入选-C', 'source': 'https://m.titan007.com/analy/Analysis/3096176.htm'}, {'date': '2026-09-30', 'match': '阿根廷 vs 玻利维亚', 'score': '4-0', 'selected_team': '', 'settlement': '红', 'water': 1.04, 'pnl_1u': 1.04, 'roi': 1.04, 'line': '', 'action': 'V4纸面入选-C', 'source': 'https://m.titan007.com/analy/Analysis/3095418.htm'}, {'date': '2026-10-01', 'match': '波兰U19 vs 哈萨克斯坦U19', 'score': '3-0', 'selected_team': '', 'settlement': '红', 'water': 0.92, 'pnl_1u': 0.92, 'roi': 0.92, 'line': '', 'action': 'V4纸面入选-C', 'source': 'https://m.titan007.com/analy/Analysis/3095233.htm'}, {'date': '2026-10-01', 'match': '法国U19 vs 土耳其U19', 'score': '2-1', 'selected_team': '', 'settlement': '红', 'water': 0.84, 'pnl_1u': 0.84, 'roi': 0.84, 'line': '', 'action': 'V4纸面入选-C', 'source': 'https://m.titan007.com/analy/Analysis/3095234.htm'}, {'date': '2026-10-01', 'match': '乌兹别克斯坦 vs 叙利亚', 'score': '4-1', 'selected_team': '乌兹别克斯坦', 'settlement': '红', 'water': 0.95, 'pnl_1u': 0.95, 'roi': 0.95, 'line': '1.5', 'action': 'V4纸面入选-C', 'source': 'https://m.titan007.com/analy/Analysis/3095240.htm'}, {'date': '2026-10-01', 'match': '卡塔尔U19 vs 爱尔兰U19', 'score': '1-1', 'selected_team': '', 'settlement': '走', 'water': 0.67, 'pnl_1u': 0.0, 'roi': 0.0, 'line': '', 'action': 'V4纸面入选-C', 'source': 'https://m.titan007.com/analy/Analysis/3095241.htm'}, {'date': '2026-10-01', 'match': '美国U20 vs 巴西U20', 'score': '0-2', 'selected_team': '巴西U20', 'settlement': '黑', 'water': 0.84, 'pnl_1u': -1.0, 'roi': -1.0, 'line': '-0.5', 'action': 'V4纸面入选-C', 'source': 'https://m.titan007.com/analy/Analysis/3095245.htm'}, {'date': '2026-10-02', 'match': '韩国 vs 委内瑞拉', 'score': '0-0', 'selected_team': '', 'settlement': '走', 'water': 0.93, 'pnl_1u': 0.0, 'roi': 0.0, 'line': '', 'action': 'V4纸面入选-C', 'source': 'https://m.titan007.com/analy/Analysis/3095568.htm'}, {'date': '2026-10-02', 'match': '哥伦比亚(中) vs 巴拉圭', 'score': '0-1', 'selected_team': '', 'settlement': '黑', 'water': 0.9, 'pnl_1u': -1.0, 'roi': -1.0, 'line': '', 'action': 'V4纸面入选-C', 'source': 'https://m.titan007.com/analy/Analysis/3095650.htm'}, {'date': '2026-10-03', 'match': '印度 vs 巴西', 'score': '0-4', 'selected_team': '印度', 'settlement': '半黑', 'water': 1.06, 'pnl_1u': -0.5, 'roi': -0.5, 'line': '-3.75', 'action': 'V4纸面入选-C', 'source': 'https://m.titan007.com/analy/Analysis/3096945.htm'}, {'date': '2026-10-03', 'match': '俄罗斯 vs 纳米比亚', 'score': '6-0', 'selected_team': '俄罗斯', 'settlement': '红', 'water': 0.85, 'pnl_1u': 0.85, 'roi': 0.85, 'line': '2.25', 'action': 'V4纸面入选-C', 'source': 'https://m.titan007.com/analy/Analysis/3096957.htm'}, {'date': '2026-10-03', 'match': '加拿大 vs 秘鲁', 'score': '2-0', 'selected_team': '加拿大', 'settlement': '红', 'water': 1.04, 'pnl_1u': 1.04, 'roi': 1.04, 'line': '1', 'action': 'V4纸面入选-C', 'source': 'https://m.titan007.com/analy/Analysis/3096091.htm'}, {'date': '2026-10-03', 'match': '科特迪瓦 vs 喀麦隆', 'score': '0-1', 'selected_team': '科特迪瓦', 'settlement': '黑', 'water': 1.02, 'pnl_1u': -1.0, 'roi': -1.0, 'line': '0.75', 'action': 'V4纸面入选-C', 'source': 'https://m.titan007.com/analy/Analysis/3096089.htm'}, {'date': '2026-10-04', 'match': '巴西U20 vs 墨西哥U20', 'score': '4-0', 'selected_team': '巴西U20', 'settlement': '红', 'water': 0.98, 'pnl_1u': 0.98, 'roi': 0.98, 'line': '0.5', 'action': 'V4纸面入选-C', 'source': 'https://m.titan007.com/analy/Analysis/3096443.htm'}, {'date': '2026-10-04', 'match': '丹麦U20 vs 美国U20', 'score': '3-3', 'selected_team': '丹麦U20', 'settlement': '半红', 'water': 0.9, 'pnl_1u': 0.45, 'roi': 0.45, 'line': '-0.25', 'action': 'V4纸面入选-C', 'source': 'https://m.titan007.com/analy/Analysis/3096449.htm'}, {'date': '2026-10-04', 'match': '埃及 vs 南非', 'score': '0-1', 'selected_team': '埃及', 'settlement': '黑', 'water': 0.79, 'pnl_1u': -1.0, 'roi': -1.0, 'line': '0.5', 'action': 'V4纸面入选-C', 'source': 'https://m.titan007.com/analy/Analysis/3097227.htm'}, {'date': '2026-10-04', 'match': '摩洛哥 vs 马里', 'score': '1-1', 'selected_team': '摩洛哥', 'settlement': '黑', 'water': 0.9, 'pnl_1u': -1.0, 'roi': -1.0, 'line': '1.25', 'action': 'V4纸面入选-C', 'source': 'https://m.titan007.com/analy/Analysis/3097230.htm'}, {'date': '2026-10-05', 'match': '巴拿马 vs 厄瓜多尔', 'score': '1-1', 'selected_team': '巴拿马', 'settlement': '红', 'water': 0.99, 'pnl_1u': 0.99, 'roi': 0.99, 'line': '-0.75', 'action': 'V4纸面入选-C', 'source': 'https://m.titan007.com/analy/Analysis/3097300.htm'}, {'date': '2026-10-05', 'match': '日本 vs 新西兰', 'score': '2-1', 'selected_team': '日本', 'settlement': '黑', 'water': 1, 'pnl_1u': -1.0, 'roi': -1.0, 'line': '2', 'action': 'V4纸面入选-C', 'source': 'https://m.titan007.com/analy/Analysis/3097301.htm'}, {'date': '2026-10-05', 'match': '英格兰U19 vs 比利时U19', 'score': '0-1', 'selected_team': '英格兰U19', 'settlement': '黑', 'water': 0.85, 'pnl_1u': -1.0, 'roi': -1.0, 'line': '1.25', 'action': 'V4纸面入选-C', 'source': 'https://m.titan007.com/analy/Analysis/3097293.htm'}, {'date': '2026-10-05', 'match': '乌干达 vs 刚果民主共和国', 'score': '1-1', 'selected_team': '乌干达', 'settlement': '红', 'water': 0.95, 'pnl_1u': 0.95, 'roi': 0.95, 'line': '-0.5', 'action': 'V4纸面入选-C', 'source': 'https://m.titan007.com/analy/Analysis/3097741.htm'}, {'date': '2026-10-05', 'match': '黑山U19 vs 以色列U19', 'score': '0-1', 'selected_team': '黑山U19', 'settlement': '黑', 'water': 0.78, 'pnl_1u': -1.0, 'roi': -1.0, 'line': '-0.5', 'action': 'V4纸面入选-C', 'source': 'https://m.titan007.com/analy/Analysis/3097742.htm'}, {'date': '2026-10-05', 'match': '格鲁吉亚U19 vs 拉脱维亚U19', 'score': '1-1', 'selected_team': '', 'settlement': '走', 'water': 0.75, 'pnl_1u': 0.0, 'roi': 0.0, 'line': '', 'action': 'V4纸面入选-C', 'source': 'https://m.titan007.com/analy/Analysis/3097745.htm'}, {'date': '2026-10-05', 'match': '塞尔维亚U21 vs 俄罗斯U21', 'score': '2-1', 'selected_team': '塞尔维亚U21', 'settlement': '红', 'water': 0.8, 'pnl_1u': 0.8, 'roi': 0.8, 'line': '-0.25', 'action': 'V4纸面入选-C', 'source': 'https://m.titan007.com/analy/Analysis/3097747.htm'}, {'date': '2026-10-06', 'match': '沙特阿拉伯U20 vs 亚美尼亚U20', 'score': '0-0', 'selected_team': '沙特阿拉伯U20', 'settlement': '黑', 'water': 1, 'pnl_1u': -1.0, 'roi': -1.0, 'line': '1.25', 'action': 'V4纸面入选-C', 'source': 'https://m.titan007.com/analy/Analysis/3097372.htm'}, {'date': '2026-10-06', 'match': '韩国 vs 乌兹别克斯坦', 'score': '2-0', 'selected_team': '韩国', 'settlement': '红', 'water': 0.94, 'pnl_1u': 0.94, 'roi': 0.94, 'line': '0.75', 'action': 'V4纸面入选-C', 'source': 'https://m.titan007.com/analy/Analysis/3097375.htm'}, {'date': '2026-10-06', 'match': '中国 vs 塔吉克斯坦', 'score': '0-1', 'selected_team': '中国', 'settlement': '黑', 'water': 1, 'pnl_1u': -1.0, 'roi': -1.0, 'line': '0.75', 'action': 'V4纸面入选-C', 'source': 'https://m.titan007.com/analy/Analysis/3091499.htm'}, {'date': '2026-10-06', 'match': '葡萄牙U19 vs 奥地利U19', 'score': '4-0', 'selected_team': '葡萄牙U19', 'settlement': '红', 'water': 0.87, 'pnl_1u': 0.87, 'roi': 0.87, 'line': '0.5', 'action': 'V4纸面入选-C', 'source': 'https://m.titan007.com/analy/Analysis/3097381.htm'}, {'date': '2026-10-06', 'match': '印度(中) vs 乌拉圭', 'score': '1-6', 'selected_team': '印度(中)', 'settlement': '黑', 'water': 0.91, 'pnl_1u': -1.0, 'roi': -1.0, 'line': '-3.5', 'action': 'V4纸面入选-C', 'source': 'https://m.titan007.com/analy/Analysis/3097388.htm'}, {'date': '2026-10-06', 'match': '俄罗斯 vs 尼日利亚', 'score': '3-3', 'selected_team': '俄罗斯', 'settlement': '黑', 'water': 0.91, 'pnl_1u': -1.0, 'roi': -1.0, 'line': '1', 'action': 'V4纸面入选-C', 'source': 'https://m.titan007.com/analy/Analysis/3097390.htm'}, {'date': '2026-10-06', 'match': '约旦 vs 委内瑞拉', 'score': '0-0', 'selected_team': '', 'settlement': '走', 'water': 0.89, 'pnl_1u': 0.0, 'roi': 0.0, 'line': '', 'action': 'V4纸面入选-C', 'source': 'https://m.titan007.com/analy/Analysis/3097384.htm'}, {'date': '2026-10-06', 'match': '阿尔及利亚 vs 尼日尔', 'score': '2-1', 'selected_team': '阿尔及利亚', 'settlement': '黑', 'water': 0.87, 'pnl_1u': -1.0, 'roi': -1.0, 'line': '1.75', 'action': 'V4纸面入选-C', 'source': 'https://m.titan007.com/analy/Analysis/3097385.htm'}, {'date': '2026-10-06', 'match': '阿根廷(中) vs 贝宁', 'score': '0-0', 'selected_team': '贝宁', 'settlement': '红', 'water': 0.87, 'pnl_1u': 0.87, 'roi': 0.87, 'line': '4.5', 'action': 'V4纸面入选-C', 'source': 'https://m.titan007.com/analy/Analysis/3097387.htm'}, {'date': '2026-10-06', 'match': '哥伦比亚(中) vs 秘鲁', 'score': '0-0', 'selected_team': '哥伦比亚(中)', 'settlement': '黑', 'water': 0.9, 'pnl_1u': -1.0, 'roi': -1.0, 'line': '1.25', 'action': 'V4纸面入选-C', 'source': 'https://m.titan007.com/analy/Analysis/3097386.htm'}, {'date': '2026-10-06', 'match': '美国(中) vs 加拿大', 'score': '1-0', 'selected_team': '美国(中)', 'settlement': '红', 'water': 0.8, 'pnl_1u': 0.8, 'roi': 0.8, 'line': '0.5', 'action': 'V4纸面入选-C', 'source': 'https://m.titan007.com/analy/Analysis/3097883.htm'}, {'date': '2026-10-07', 'match': '墨西哥(中) vs 智利', 'score': '0-2', 'selected_team': '墨西哥(中)', 'settlement': '黑', 'water': 1, 'pnl_1u': -1.0, 'roi': -1.0, 'line': '1', 'action': 'V4纸面入选-C', 'source': 'https://m.titan007.com/analy/Analysis/3097882.htm'}]"
V4,2026-10-09,3073304,墨西乙,时间待核,拉佩达德 vs 洛斯卡沃斯联,拉佩达德,giving,1,0,0,0,1,0,0.0,-0.5,-0.5,1,,,list_date < 2026-10-09,"[{'date': '2026-09-28', 'match': '贾奎斯 vs 帕尔梅拉斯港', 'score': '1-1', 'selected_team': '贾奎斯', 'settlement': '半黑', 'water': 1.02, 'pnl_1u': -0.5, 'roi': -0.5, 'line': '-0.25', 'action': 'V4ff7d4e5版本A/B/C候选', 'source': 'https://simondongxiao.github.io/odds/v4/?v=ff7d4e5'}]"
